model_type,weight_bits,integer_bits,test_accuracy,test_loss,roc_auc,model_path
non_quantized,N/A,N/A,0.9345634579658508,0.14219339191913605,0.9865572870620292,Model3_results_20251104_025435/models/Model3_unquantized.h5
quantized,16,0,0.9379079341888428,0.13428257405757904,0.9885676552521849,Model3_results_20251104_025435/models/Model3_quantized_16bit.h5
quantized,8,0,0.9341409206390381,0.14091750979423523,0.9883345802276529,Model3_results_20251104_025435/models/Model3_quantized_8bit.h5
quantized,6,0,0.9294960498809814,0.14936555922031403,0.9875002549835963,Model3_results_20251104_025435/models/Model3_quantized_6bit.h5
quantized,4,0,0.9270387291908264,0.1552170366048813,0.9847716715584076,Model3_results_20251104_025435/models/Model3_quantized_4bit.h5
quantized,3,0,0.9199490547180176,0.17341995239257812,0.9814568797448718,Model3_results_20251104_025435/models/Model3_quantized_3bit.h5
quantized,2,0,0.915770411491394,0.18891529738903046,0.9795885171349933,Model3_results_20251104_025435/models/Model3_quantized_2bit.h5
