{
  "timestamp": "2026-06-17T15:18:04.011183",
  "metric_name": "bkg_rej_@99%",
  "bkg_rej_weights": "N/A",
  "total_models": 39,
  "primary_pareto_models": 8,
  "secondary_pareto_models": 8,
  "primary_metric_range": {
    "min": 0.0,
    "max": 0.693058919214733,
    "mean": 0.4638570315187366
  },
  "parameters_range": {
    "min": 19,
    "max": 595,
    "mean": 181.15384615384616
  },
  "auc_range": {
    "min": 0.5,
    "max": 0.9056834153017189,
    "mean": 0.8174024366925404
  }
}