model_type,weight_bits,integer_bits,test_accuracy,test_loss,roc_auc,model_path
non_quantized,N/A,N/A,0.9157641530036926,0.1841467022895813,0.9779229875491562,Model2_results_20251029_202956/models/Model2_unquantized.h5
quantized,16,0,0.894028902053833,0.2606387138366699,0.9583336093359343,Model2_results_20251029_202956/models/Model2_quantized_16bit.h5
quantized,8,0,0.8949207663536072,0.2413736879825592,0.9615232065865358,Model2_results_20251029_202956/models/Model2_quantized_8bit.h5
quantized,6,0,0.8864901661872864,0.2758321166038513,0.9402658185845563,Model2_results_20251029_202956/models/Model2_quantized_6bit.h5
quantized,4,0,0.8798479437828064,0.28313830494880676,0.9483998594952628,Model2_results_20251029_202956/models/Model2_quantized_4bit.h5
quantized,3,0,0.8496384024620056,0.3363625109195709,0.931403888292326,Model2_results_20251029_202956/models/Model2_quantized_3bit.h5
quantized,2,0,0.8592633605003357,0.3760546147823334,0.9067206917726383,Model2_results_20251029_202956/models/Model2_quantized_2bit.h5
