{
  "timestamp": "2026-02-28T12:56:17.749289",
  "metric_name": "weighted_bkg_rej",
  "bkg_rej_weights": {
    "0.95": 0.1,
    "0.98": 0.7,
    "0.99": 0.2
  },
  "total_models": 105,
  "primary_pareto_models": 12,
  "secondary_pareto_models": 15,
  "primary_metric_range": {
    "min": 0.0,
    "max": 0.8856718701340323,
    "mean": 0.7054418383194675
  },
  "parameters_range": {
    "min": 363,
    "max": 5917,
    "mean": 2280.695238095238
  },
  "auc_range": {
    "min": 0.4354743318739404,
    "max": 0.9672418026757315,
    "mean": 0.8764289226439161
  }
}