{
    "conv_filters": 8,
    "kernel_rows": 3,
    "kernel_cols": 3,
    "scalar_dense_units": 24,
    "merged_dense_1": 104,
    "merged_multiplier_2": 0.6000000000000001,
    "learning_rate": 0.0016389802959487039
}