fpr,tpr,thresholds
0.0,0.0,inf
3.0235138673463526e-06,0.0,-0.921875
3.0235138673463526e-06,3.0235138673463526e-06,-0.9453125
1.8141083204078116e-05,3.0235138673463526e-06,-0.9921875
1.0,1.0,-1.0
