{
    "spatial_units": 64,
    "nmodule_xlocal_units": 12,
    "dense2_ratio": 0.6000000000000001,
    "dense3_ratio": 0.2,
    "learning_rate": 0.001282973471073738
}