{
    "spatial_units": 40,
    "nmodule_xlocal_units": 6,
    "dense2_ratio": 0.30000000000000004,
    "dense3_ratio": 0.6000000000000001,
    "learning_rate": 0.0027376987449035375
}