{
    "spatial_units": 40,
    "nmodule_xlocal_units": 8,
    "dense2_ratio": 0.6000000000000001,
    "dense3_ratio": 0.4,
    "learning_rate": 0.00014268240389777708
}