{
    "loss": [
        0.5151557922363281,
        0.2980838716030121,
        0.26748624444007874,
        0.29684382677078247,
        0.25213462114334106,
        0.27334219217300415,
        0.22343812882900238,
        0.2274966686964035,
        0.2201400250196457,
        0.21455831825733185,
        0.21170730888843536,
        0.20960733294487,
        0.20636345446109772,
        0.20800767838954926,
        0.21896715462207794,
        0.20699675381183624,
        0.2008083313703537,
        0.21179769933223724,
        0.20110785961151123,
        0.201184943318367,
        0.19305388629436493,
        0.19451168179512024,
        0.19654496014118195,
        0.19369608163833618,
        0.19683480262756348,
        0.19783850014209747,
        0.19446904957294464,
        0.19593116641044617,
        0.19337432086467743,
        0.1903095543384552,
        0.1965317279100418,
        0.21937201917171478,
        0.22978129982948303,
        0.1998957097530365,
        0.19622460007667542,
        0.19055190682411194,
        0.23219293355941772,
        0.23516124486923218,
        0.20336003601551056
    ],
    "binary_accuracy": [
        0.7845706343650818,
        0.9003329873085022,
        0.9194051027297974,
        0.8977083563804626,
        0.9224218726158142,
        0.9228411912918091,
        0.9302300810813904,
        0.9283057451248169,
        0.9318960905075073,
        0.935454785823822,
        0.9359702467918396,
        0.9360833764076233,
        0.9368447661399841,
        0.9357017874717712,
        0.9305102229118347,
        0.9365683197975159,
        0.9372339248657227,
        0.9320846199989319,
        0.9373998045921326,
        0.9357820749282837,
        0.9388501644134521,
        0.9375359416007996,
        0.9378014206886292,
        0.9387310147285461,
        0.9379217624664307,
        0.9370525479316711,
        0.9375404715538025,
        0.9371011853218079,
        0.9379779100418091,
        0.9394580125808716,
        0.9369322061538696,
        0.932002067565918,
        0.9241060018539429,
        0.9371916651725769,
        0.9380254149436951,
        0.9391827583312988,
        0.9334045052528381,
        0.9322969317436218,
        0.9355788230895996
    ],
    "val_loss": [
        0.4053216874599457,
        0.24949240684509277,
        0.3931201696395874,
        0.21718205511569977,
        0.26631253957748413,
        0.21212179958820343,
        0.23969385027885437,
        0.20370475947856903,
        0.19950197637081146,
        0.2027084231376648,
        0.2016356885433197,
        0.20320561528205872,
        0.19350206851959229,
        0.1961013227701187,
        0.1978076845407486,
        0.19738495349884033,
        0.1858094036579132,
        0.18891683220863342,
        0.21704773604869843,
        0.18618988990783691,
        0.1819315254688263,
        0.18405716121196747,
        0.1808283030986786,
        0.20564545691013336,
        0.20408307015895844,
        0.18519756197929382,
        0.18475039303302765,
        0.17640481889247894,
        0.17541272938251495,
        0.17991049587726593,
        0.18245479464530945,
        0.18637587130069733,
        0.2012978345155716,
        0.19779272377490997,
        0.17584945261478424,
        0.18304824829101562,
        0.1870509535074234,
        0.19772350788116455,
        0.20329062640666962
    ],
    "val_binary_accuracy": [
        0.8626508116722107,
        0.9239283800125122,
        0.8406940698623657,
        0.9330019354820251,
        0.9175910949707031,
        0.9342703223228455,
        0.9252224564552307,
        0.9368932247161865,
        0.9407406449317932,
        0.9379907250404358,
        0.939528226852417,
        0.9354389309883118,
        0.9414723515510559,
        0.9401117563247681,
        0.9404881596565247,
        0.9368796348571777,
        0.9413060545921326,
        0.9427270889282227,
        0.9318968653678894,
        0.9413226842880249,
        0.942778468132019,
        0.9420573711395264,
        0.9423959851264954,
        0.9396355748176575,
        0.930509090423584,
        0.9398441910743713,
        0.9399696588516235,
        0.943780779838562,
        0.9433832168579102,
        0.9415434002876282,
        0.9430899024009705,
        0.9406499266624451,
        0.9377186298370361,
        0.9403279423713684,
        0.9441103339195251,
        0.9417716860771179,
        0.940804123878479,
        0.9402478337287903,
        0.9331516027450562
    ]
}