{
    "loss": [
        0.9428049921989441,
        0.4097949266433716,
        0.2633354663848877,
        0.252096951007843,
        0.2411104291677475,
        0.24413909018039703,
        0.24560727179050446,
        0.22824415564537048,
        0.23351259529590607,
        0.23239265382289886,
        0.25853869318962097,
        0.23264184594154358,
        0.23261040449142456,
        0.2308194935321808,
        0.21617844700813293,
        0.21796424686908722,
        0.22401808202266693,
        0.2120431512594223,
        0.22321997582912445,
        0.22853180766105652,
        0.20835760235786438,
        0.2110307812690735,
        0.21055738627910614,
        0.2092670202255249,
        0.21462643146514893,
        0.23643457889556885,
        0.21088184416294098,
        0.21283911168575287,
        0.20764893293380737,
        0.21025702357292175,
        0.2073458731174469,
        0.22773754596710205,
        0.2091573029756546,
        0.20946058630943298,
        0.20283490419387817,
        0.2063279151916504,
        0.20648254454135895,
        0.20329345762729645,
        0.22071096301078796,
        0.21534423530101776
    ],
    "binary_accuracy": [
        0.7317245006561279,
        0.8909779191017151,
        0.9136988520622253,
        0.918811559677124,
        0.924896776676178,
        0.9243767261505127,
        0.9231149554252625,
        0.929833710193634,
        0.9281451106071472,
        0.928716778755188,
        0.9238567352294922,
        0.9308643341064453,
        0.9310178160667419,
        0.9315038919448853,
        0.9354464411735535,
        0.9335428476333618,
        0.9321246147155762,
        0.9363835453987122,
        0.9306252598762512,
        0.9321091175079346,
        0.9381054043769836,
        0.9359676241874695,
        0.935437798500061,
        0.9353020191192627,
        0.9337759017944336,
        0.9247851371765137,
        0.9357436299324036,
        0.9342337250709534,
        0.9373217821121216,
        0.936485767364502,
        0.9370419383049011,
        0.9320318698883057,
        0.9365977644920349,
        0.9360207915306091,
        0.9378036856651306,
        0.9366663694381714,
        0.9362478256225586,
        0.9376973509788513,
        0.932459831237793,
        0.9337419867515564
    ],
    "val_loss": [
        0.32266712188720703,
        0.3400435447692871,
        0.2322625368833542,
        0.2350100725889206,
        0.24221886694431305,
        0.4263450801372528,
        0.26026028394699097,
        0.22258684039115906,
        0.21823865175247192,
        0.21322840452194214,
        0.26917991042137146,
        0.258719801902771,
        0.22422374784946442,
        0.2023412436246872,
        0.19862113893032074,
        0.20602242648601532,
        0.2184237837791443,
        0.2151389867067337,
        0.19653484225273132,
        0.20106513798236847,
        0.20813681185245514,
        0.19703473150730133,
        0.20357824862003326,
        0.1930055171251297,
        0.22654476761817932,
        0.20070788264274597,
        0.2086523324251175,
        0.19287918508052826,
        0.19438792765140533,
        0.1938818097114563,
        0.19632500410079956,
        0.22175806760787964,
        0.19968974590301514,
        0.1933862864971161,
        0.23305368423461914,
        0.18971975147724152,
        0.1955474615097046,
        0.19949567317962646,
        0.18938909471035004,
        0.2290250062942505
    ],
    "val_binary_accuracy": [
        0.8771606683731079,
        0.8652888536453247,
        0.9285573959350586,
        0.9264560341835022,
        0.9196773171424866,
        0.8307799696922302,
        0.9238286018371582,
        0.933659553527832,
        0.9368115663528442,
        0.9359287023544312,
        0.9093081951141357,
        0.9312921762466431,
        0.932622492313385,
        0.9392651915550232,
        0.9404140710830688,
        0.9401994347572327,
        0.9400361776351929,
        0.9367435574531555,
        0.9385002255439758,
        0.9433121681213379,
        0.940714955329895,
        0.943531334400177,
        0.9376748204231262,
        0.9403234124183655,
        0.9231891632080078,
        0.9390867948532104,
        0.935603678226471,
        0.9407209753990173,
        0.9402281641960144,
        0.9411412477493286,
        0.9381403923034668,
        0.9345605969429016,
        0.9411125183105469,
        0.9407164454460144,
        0.9211588501930237,
        0.9405607581138611,
        0.941342294216156,
        0.9395236968994141,
        0.9410369396209717,
        0.929496169090271
    ]
}