{
    "loss": [
        0.6241036653518677,
        2.861083745956421,
        0.7375537157058716,
        0.490641713142395,
        0.455526739358902,
        0.4263189435005188,
        0.416563481092453,
        0.4321039021015167,
        0.39851999282836914,
        0.38167038559913635,
        0.3632185459136963,
        0.347967267036438,
        0.3353687822818756,
        0.3237341344356537,
        0.3138572573661804,
        0.30706852674484253,
        0.30086031556129456,
        0.29648518562316895,
        0.29338932037353516,
        0.2910633981227875,
        0.28834328055381775,
        0.2852295935153961,
        0.2828327715396881,
        0.28260713815689087,
        0.2809431254863739,
        0.27577900886535645,
        0.2748431861400604,
        0.2754177749156952,
        0.27119195461273193,
        0.2692791819572449,
        0.26656144857406616,
        0.2637818455696106,
        0.26071828603744507,
        0.2612075209617615,
        0.26360365748405457,
        0.2626986503601074,
        0.2621229290962219,
        0.2647227644920349,
        0.26359817385673523,
        0.26315993070602417
    ],
    "binary_accuracy": [
        0.623727023601532,
        0.6698856949806213,
        0.7487455606460571,
        0.7812747955322266,
        0.8104014992713928,
        0.8237866163253784,
        0.832451581954956,
        0.8045489192008972,
        0.841045618057251,
        0.8524649143218994,
        0.8627136945724487,
        0.8703781962394714,
        0.8773503303527832,
        0.8834710121154785,
        0.8885954022407532,
        0.8919625282287598,
        0.895287036895752,
        0.8965646624565125,
        0.8985342383384705,
        0.9001836180686951,
        0.9025533199310303,
        0.9042947888374329,
        0.905056893825531,
        0.9051888585090637,
        0.9063876867294312,
        0.9099606871604919,
        0.9104169607162476,
        0.9093682765960693,
        0.9112088680267334,
        0.9114279747009277,
        0.9130769968032837,
        0.9141196608543396,
        0.9157257676124573,
        0.9156955480575562,
        0.914873480796814,
        0.9152593016624451,
        0.9156903028488159,
        0.9155228734016418,
        0.9160209894180298,
        0.9161673188209534
    ],
    "val_loss": [
        0.5318557620048523,
        0.4697103798389435,
        0.4881918430328369,
        0.4304012656211853,
        0.41865116357803345,
        0.40970081090927124,
        0.3832451403141022,
        0.3909013569355011,
        0.37342438101768494,
        0.3547566831111908,
        0.36657270789146423,
        0.3420792520046234,
        0.32452988624572754,
        0.31540143489837646,
        0.30501577258110046,
        0.28315359354019165,
        0.28441759943962097,
        0.29651179909706116,
        0.2703145444393158,
        0.28781136870384216,
        0.2670145630836487,
        0.2835308015346527,
        0.27640610933303833,
        0.26593300700187683,
        0.2655673623085022,
        0.2646596133708954,
        0.2720869183540344,
        0.253652960062027,
        0.2779858410358429,
        0.2666204571723938,
        0.25236260890960693,
        0.24845999479293823,
        0.2656952738761902,
        0.2479998767375946,
        0.2612636685371399,
        0.2850426733493805,
        0.2606949508190155,
        0.26161709427833557,
        0.26447007060050964,
        0.25408661365509033
    ],
    "val_binary_accuracy": [
        0.7280742526054382,
        0.7950239181518555,
        0.776179850101471,
        0.8172981142997742,
        0.8260466456413269,
        0.8330143690109253,
        0.8452354073524475,
        0.8507789969444275,
        0.8582924604415894,
        0.8642563223838806,
        0.8609637022018433,
        0.8748582601547241,
        0.8838350772857666,
        0.8860226273536682,
        0.8888753056526184,
        0.9018990397453308,
        0.9053791165351868,
        0.8941316604614258,
        0.910316526889801,
        0.9017328023910522,
        0.9084132313728333,
        0.9079672694206238,
        0.9034470915794373,
        0.9138192534446716,
        0.9114564061164856,
        0.9084238409996033,
        0.9086097478866577,
        0.9190741181373596,
        0.9102152585983276,
        0.9173930883407593,
        0.9157482981681824,
        0.921225368976593,
        0.9121109843254089,
        0.9215473532676697,
        0.9172494411468506,
        0.9060549139976501,
        0.9207658171653748,
        0.9198708534240723,
        0.9084011316299438,
        0.920587420463562
    ]
}