{
    "loss": [
        0.536875307559967,
        0.5060849189758301,
        0.4017605781555176,
        0.37221968173980713,
        0.3259129524230957,
        0.3046788275241852,
        0.2956363260746002,
        0.2778080403804779,
        0.26300543546676636,
        0.2591419517993927,
        0.2544821500778198,
        0.24971000850200653,
        0.24938610196113586,
        0.24847030639648438,
        0.24153782427310944,
        0.23979520797729492,
        0.23762880265712738,
        0.2365526407957077,
        0.2345929741859436,
        0.23225107789039612,
        0.2314462810754776,
        0.23056137561798096,
        0.22773976624011993,
        0.22614404559135437,
        0.22491075098514557,
        0.2241540253162384,
        0.2230011224746704,
        0.2218896895647049,
        0.22147254645824432,
        0.22213169932365417,
        0.22437748312950134,
        0.2228747457265854,
        0.22202716767787933,
        0.21955989301204681,
        0.2190462350845337,
        0.2146158218383789,
        0.2156822383403778,
        0.21533431112766266,
        0.2143731415271759,
        0.21259745955467224
    ],
    "binary_accuracy": [
        0.7304589748382568,
        0.8262166380882263,
        0.8526806235313416,
        0.8642876744270325,
        0.8814644813537598,
        0.8929365873336792,
        0.8979501128196716,
        0.9069363474845886,
        0.9158671498298645,
        0.9178563356399536,
        0.9190672039985657,
        0.9223841428756714,
        0.9232262372970581,
        0.9247825145721436,
        0.9270077347755432,
        0.927442193031311,
        0.928401529788971,
        0.9295396208763123,
        0.9304322004318237,
        0.9313542246818542,
        0.9320352077484131,
        0.9326766729354858,
        0.9335417151451111,
        0.9339599609375,
        0.9341745376586914,
        0.9346903562545776,
        0.9347144961357117,
        0.9350648522377014,
        0.9351070523262024,
        0.935645580291748,
        0.9359857439994812,
        0.9366637468338013,
        0.9364883899688721,
        0.9369929432868958,
        0.9371234178543091,
        0.9385039806365967,
        0.9377886056900024,
        0.9380265474319458,
        0.9381268620491028,
        0.9386921525001526
    ],
    "val_loss": [
        0.4183318614959717,
        0.36971747875213623,
        0.33986467123031616,
        0.3202785551548004,
        0.3188233971595764,
        0.27881374955177307,
        0.26748985052108765,
        0.2595173120498657,
        0.24656955897808075,
        0.24515092372894287,
        0.2609996497631073,
        0.23766909539699554,
        0.24932695925235748,
        0.24174122512340546,
        0.23209768533706665,
        0.22434645891189575,
        0.23008131980895996,
        0.2219940721988678,
        0.22404910624027252,
        0.23019082844257355,
        0.22215870022773743,
        0.22199593484401703,
        0.2238338738679886,
        0.2157098352909088,
        0.21723930537700653,
        0.21871358156204224,
        0.21764613687992096,
        0.22547011077404022,
        0.21225152909755707,
        0.24383175373077393,
        0.21787557005882263,
        0.2117469310760498,
        0.21708905696868896,
        0.21311083436012268,
        0.20829981565475464,
        0.2084093689918518,
        0.2074466198682785,
        0.20801419019699097,
        0.20810635387897491,
        0.20414191484451294
    ],
    "val_binary_accuracy": [
        0.8298139572143555,
        0.8588835597038269,
        0.8746042847633362,
        0.8836098313331604,
        0.8728687763214111,
        0.9037736654281616,
        0.9065189957618713,
        0.9147641062736511,
        0.9186251759529114,
        0.9180945158004761,
        0.912505567073822,
        0.9240493178367615,
        0.9280252456665039,
        0.9266147613525391,
        0.9281340837478638,
        0.9317486882209778,
        0.9276125431060791,
        0.931585431098938,
        0.9336233139038086,
        0.9356913566589355,
        0.9347586035728455,
        0.9333723187446594,
        0.9338772892951965,
        0.9358803629875183,
        0.9378335475921631,
        0.9387632608413696,
        0.9378501772880554,
        0.9310774803161621,
        0.9372802376747131,
        0.9270668029785156,
        0.9342869520187378,
        0.93947833776474,
        0.9356475472450256,
        0.9388071298599243,
        0.9366074800491333,
        0.9388055801391602,
        0.9400497674942017,
        0.939767062664032,
        0.9378637671470642,
        0.9417202472686768
    ]
}