{
    "loss": [
        0.6485469341278076,
        0.3779810070991516,
        0.28605496883392334,
        0.278873085975647,
        0.25681376457214355,
        0.24602079391479492,
        0.24008481204509735,
        0.24096588790416718,
        0.23779010772705078,
        0.26233914494514465,
        0.23511898517608643,
        0.23392216861248016,
        0.2265102118253708,
        0.22513435781002045,
        0.22387294471263885,
        0.22590941190719604,
        0.21829430758953094,
        0.22202415764331818,
        0.22686955332756042,
        0.22601543366909027,
        0.22824087738990784,
        0.22432617843151093,
        0.22165191173553467,
        0.2247956544160843,
        0.2202775776386261,
        0.2189803570508957,
        0.2181193232536316,
        0.2171226143836975,
        0.2160535305738449,
        0.21463283896446228,
        0.2142924666404724,
        0.21326060593128204,
        0.21174663305282593,
        0.21150195598602295,
        0.2103545218706131,
        0.21120193600654602,
        0.2105405330657959,
        0.21310748159885406,
        0.2090470790863037,
        0.2082565575838089
    ],
    "binary_accuracy": [
        0.6840683817863464,
        0.8603447675704956,
        0.9002439975738525,
        0.9073477387428284,
        0.9167220592498779,
        0.9234309792518616,
        0.9262120723724365,
        0.925794243812561,
        0.9293623566627502,
        0.9194778800010681,
        0.9326246380805969,
        0.9320182800292969,
        0.9343540072441101,
        0.9344720244407654,
        0.9343016147613525,
        0.9331329464912415,
        0.9359080195426941,
        0.9345621466636658,
        0.9334256052970886,
        0.9347922205924988,
        0.9347914457321167,
        0.9363763928413391,
        0.9366607069969177,
        0.935573935508728,
        0.9374820590019226,
        0.9373888969421387,
        0.9370872378349304,
        0.9375389814376831,
        0.9380303621292114,
        0.9388738870620728,
        0.9387887120246887,
        0.9386023879051208,
        0.9385537505149841,
        0.9381318092346191,
        0.9392027258872986,
        0.9389968514442444,
        0.9387800097465515,
        0.9389059543609619,
        0.9388320446014404,
        0.9394874572753906
    ],
    "val_loss": [
        0.39410164952278137,
        0.3147923946380615,
        0.2582995891571045,
        0.2607012987136841,
        0.25950169563293457,
        0.2283143848180771,
        0.22613385319709778,
        0.2292611300945282,
        0.22645209729671478,
        0.23659555613994598,
        0.22517512738704681,
        0.21123971045017242,
        0.2326662838459015,
        0.22551827132701874,
        0.2120646834373474,
        0.2204880267381668,
        0.21176312863826752,
        0.21214839816093445,
        0.21051430702209473,
        0.22259442508220673,
        0.21431584656238556,
        0.22317516803741455,
        0.20804302394390106,
        0.21155402064323425,
        0.20892490446567535,
        0.2128715068101883,
        0.20240598917007446,
        0.20255707204341888,
        0.2104301154613495,
        0.22170895338058472,
        0.20551083981990814,
        0.20111453533172607,
        0.2163654863834381,
        0.20980268716812134,
        0.2041207104921341,
        0.20530487596988678,
        0.21119441092014313,
        0.20109815895557404,
        0.2169082760810852,
        0.1954142302274704
    ],
    "val_binary_accuracy": [
        0.8382269144058228,
        0.8821101784706116,
        0.9100005626678467,
        0.9073731303215027,
        0.9199312925338745,
        0.928558886051178,
        0.9266117811203003,
        0.9315219521522522,
        0.931635320186615,
        0.9367042779922485,
        0.9360647797584534,
        0.9365228414535522,
        0.9354963302612305,
        0.9378864169120789,
        0.938714861869812,
        0.9393694996833801,
        0.9406423568725586,
        0.9395221471786499,
        0.9361721277236938,
        0.9401600956916809,
        0.9400255680084229,
        0.939068615436554,
        0.9404261708259583,
        0.9405940175056458,
        0.9409734606742859,
        0.9376627206802368,
        0.9416733980178833,
        0.9404246807098389,
        0.9344774484634399,
        0.9382401704788208,
        0.9390852451324463,
        0.9406816959381104,
        0.9369431138038635,
        0.9427149891853333,
        0.9395599365234375,
        0.9398260116577148,
        0.9408177137374878,
        0.9424458742141724,
        0.9396219253540039,
        0.9437384605407715
    ]
}