{
    "loss": [
        0.7809263467788696,
        0.29660409688949585,
        0.2592713236808777,
        0.25872546434402466,
        0.27555474638938904,
        0.27528661489486694,
        0.2458886355161667,
        0.2501809000968933,
        0.2478485107421875,
        0.2465038299560547,
        0.25895389914512634,
        0.2380789816379547,
        0.24084502458572388,
        0.23877595365047455,
        0.23795758187770844,
        0.23819862306118011,
        0.23426765203475952,
        0.23391497135162354,
        0.23058679699897766,
        0.23268744349479675,
        0.23377391695976257,
        0.2276606410741806,
        0.22205597162246704,
        0.22847262024879456,
        0.23414523899555206,
        0.24307933449745178,
        0.21423767507076263,
        0.22671282291412354,
        0.21504101157188416,
        0.21315278112888336,
        0.21274523437023163,
        0.21004758775234222,
        0.20944397151470184,
        0.21392415463924408,
        0.21333904564380646,
        0.21065208315849304,
        0.21352040767669678,
        0.20603062212467194,
        0.2111688256263733,
        0.2095049023628235
    ],
    "binary_accuracy": [
        0.7956547141075134,
        0.8972600102424622,
        0.9168182015419006,
        0.9182006120681763,
        0.912079930305481,
        0.9152804017066956,
        0.9246399402618408,
        0.9233008623123169,
        0.9255608320236206,
        0.9258938431739807,
        0.9217668771743774,
        0.9307176470756531,
        0.9292409420013428,
        0.9303582906723022,
        0.9301452040672302,
        0.930478572845459,
        0.9325024485588074,
        0.9315853714942932,
        0.9326400756835938,
        0.9316151738166809,
        0.9315770864486694,
        0.9329889416694641,
        0.9344305396080017,
        0.9319450855255127,
        0.9294898509979248,
        0.9294532537460327,
        0.9361923933029175,
        0.9314314723014832,
        0.9354608058929443,
        0.9360935688018799,
        0.9357353448867798,
        0.9367297291755676,
        0.9373443722724915,
        0.936397135257721,
        0.9356961250305176,
        0.9368473887443542,
        0.9350599646568298,
        0.9378715753555298,
        0.9365611672401428,
        0.9363051056861877
    ],
    "val_loss": [
        0.35001352429389954,
        0.26111897826194763,
        0.23863713443279266,
        0.2603476345539093,
        0.25398117303848267,
        0.23276007175445557,
        0.23502285778522491,
        0.2755734920501709,
        0.23067054152488708,
        0.2324763983488083,
        0.23682507872581482,
        0.2262498289346695,
        0.2291308045387268,
        0.2188655585050583,
        0.23173852264881134,
        0.21305899322032928,
        0.22560487687587738,
        0.21880373358726501,
        0.21742723882198334,
        0.2873079180717468,
        0.23744936287403107,
        0.20698973536491394,
        0.20802049338817596,
        0.21135474741458893,
        0.20928895473480225,
        0.21168333292007446,
        0.20150838792324066,
        0.20743761956691742,
        0.19976332783699036,
        0.20256824791431427,
        0.19780421257019043,
        0.2062845528125763,
        0.19599781930446625,
        0.23767372965812683,
        0.1966649740934372,
        0.20453514158725739,
        0.19400694966316223,
        0.30441251397132874,
        0.2207690179347992,
        0.2029287964105606
    ],
    "val_binary_accuracy": [
        0.8704907894134521,
        0.9140672087669373,
        0.9230228662490845,
        0.9187672734260559,
        0.9177967309951782,
        0.9298136830329895,
        0.9290562868118286,
        0.9060171246528625,
        0.9308779239654541,
        0.928066074848175,
        0.9288234710693359,
        0.9314297437667847,
        0.9390398859977722,
        0.9339664578437805,
        0.9292618632316589,
        0.938441276550293,
        0.9313496351242065,
        0.9390701651573181,
        0.9352318048477173,
        0.9067034125328064,
        0.9231060147285461,
        0.9384714961051941,
        0.9416446685791016,
        0.9386347532272339,
        0.9402145743370056,
        0.9364487528800964,
        0.9395236968994141,
        0.9379816651344299,
        0.9419379234313965,
        0.9384896159172058,
        0.9423491358757019,
        0.9381933212280273,
        0.9418548345565796,
        0.9347873330116272,
        0.9414405822753906,
        0.9364699125289917,
        0.9398335814476013,
        0.8970311880111694,
        0.934562087059021,
        0.9387572407722473
    ]
}