trial_id,parameters,auc,primary_metric
098,17739,0.9722561382932382,0.9007047810824784
027,12407,0.9722950632655073,0.8982732712303585
101,15349,0.9716807803499311,0.8975449067397148
000,9175,0.9712237965978183,0.8961172034915539
075,10363,0.9698129652922074,0.8954320752492131
022,5337,0.9706170070219378,0.8953359275082315
006,7729,0.9711336559017976,0.8947034084071827
052,7557,0.9704151701776023,0.8923505099156137
068,4823,0.9695737092036276,0.890030265373812
058,5463,0.9695931943175968,0.8894228414378622
031,4939,0.9681399670976123,0.8870992710308067
039,3225,0.9683458172893185,0.8868836944920647
109,4609,0.9665978990811236,0.8858560021285538
103,3703,0.9672889092111994,0.8845613334905561
003,2905,0.966492560026557,0.8832391508763655
005,3261,0.9654868404621098,0.8814927692665863
069,2667,0.9655222548312857,0.8761069840146821
108,2271,0.9640868936272453,0.8748625057068824
081,1683,0.9646937402789308,0.874379952893654
026,1727,0.9648548761322181,0.8728627536350195
065,1545,0.9565977421586322,0.8632764005672111
079,1523,0.9609946834132979,0.861602885641635
021,1599,0.957248915296542,0.8597476575326313
064,863,0.9574646024691922,0.8534345605776121
070,1489,0.9591467429718037,0.8498541154559005
029,819,0.9525116755911116,0.8494864561696313
110,489,0.9530093835631703,0.8459011734257318
036,419,0.9486566287357221,0.8417417253984236
055,489,0.9419043743378381,0.8140593394831606
096,419,0.9297897580490211,0.8049358863884429
072,363,0.9165440902596145,0.7485113729474121
071,363,0.47757211429301893,0.019617767376890093
