{
    "input_bits": 8,
    "input_int_bits": 0,
    "spatial_units": 32,
    "nmodule_xlocal_units": 8,
    "dense2_ratio": 0.2,
    "dense3_ratio": 0.6000000000000001,
    "dropout_rate": 0.05,
    "learning_rate": 0.005064291429476238
}