trial_id,parameters,auc,primary_metric
008,175903,0.9748297515720967,0.9163928874859785
060,118095,0.9768811158368125,0.9152678379759388
048,52883,0.9754950808854697,0.9108293196186743
036,36445,0.9665110392360267,0.9070623236913475
095,20885,0.9717710737706955,0.9057080918301631
117,20413,0.968959190461265,0.9026207818202158
