{
    "spatial_units": 40,
    "nmodule_xlocal_units": 4,
    "dense2_ratio": 0.6000000000000001,
    "dense3_ratio": 0.2,
    "learning_rate": 0.009966950556844411
}