{
    "spatial_units": 80,
    "nmodule_xlocal_units": 4,
    "dense2_ratio": 0.6000000000000001,
    "dense3_ratio": 0.30000000000000004,
    "learning_rate": 0.0002704984317653216
}