{
    "loss": [
        0.6616092324256897,
        0.48667457699775696,
        0.3610600531101227,
        0.3151843845844269,
        0.29427284002304077,
        0.2813297212123871,
        0.2721647620201111,
        0.26637032628059387,
        0.26002052426338196,
        0.2555173337459564,
        0.2503921091556549,
        0.24629543721675873,
        0.24252787232398987,
        0.2397366464138031,
        0.2371596395969391,
        0.23455682396888733,
        0.2319793999195099,
        0.23036207258701324,
        0.22905561327934265,
        0.22755897045135498,
        0.2262406051158905,
        0.22447331249713898,
        0.2237515151500702,
        0.22302021086215973,
        0.2227925807237625,
        0.22218547761440277,
        0.2216273993253708,
        0.22120457887649536,
        0.22070817649364471,
        0.2203214168548584,
        0.22004389762878418,
        0.2196732610464096,
        0.21921022236347198,
        0.21874558925628662,
        0.21871045231819153,
        0.21786096692085266,
        0.21767756342887878,
        0.21757164597511292,
        0.21720102429389954,
        0.216792032122612
    ],
    "binary_accuracy": [
        0.632890522480011,
        0.7929026484489441,
        0.868134081363678,
        0.8885927796363831,
        0.8986462354660034,
        0.9057590365409851,
        0.9105040431022644,
        0.9138078093528748,
        0.9157872200012207,
        0.917287290096283,
        0.9183118939399719,
        0.9191863536834717,
        0.9198693037033081,
        0.9205785989761353,
        0.9211091995239258,
        0.9216028451919556,
        0.9219214916229248,
        0.922258198261261,
        0.9224494099617004,
        0.9227152466773987,
        0.9227563738822937,
        0.9229799509048462,
        0.9232092499732971,
        0.9233333468437195,
        0.9234558939933777,
        0.9235173463821411,
        0.9237862229347229,
        0.9238725900650024,
        0.9239434599876404,
        0.9240773320198059,
        0.9241727590560913,
        0.9242817163467407,
        0.9243152737617493,
        0.9245404005050659,
        0.9246101975440979,
        0.924677312374115,
        0.9248009920120239,
        0.9248356819152832,
        0.9249484539031982,
        0.9250196814537048
    ],
    "val_loss": [
        0.5629926919937134,
        0.3859580159187317,
        0.3174975514411926,
        0.2945369780063629,
        0.27693524956703186,
        0.2661868929862976,
        0.2601751685142517,
        0.2543833255767822,
        0.2507076561450958,
        0.2447281926870346,
        0.24031108617782593,
        0.236980140209198,
        0.2330419421195984,
        0.2326100468635559,
        0.23069752752780914,
        0.22774317860603333,
        0.22575779259204865,
        0.22427670657634735,
        0.2228318601846695,
        0.22142882645130157,
        0.22084252536296844,
        0.21921411156654358,
        0.21949973702430725,
        0.2188914716243744,
        0.21858295798301697,
        0.21765045821666718,
        0.21760210394859314,
        0.2169157713651657,
        0.21622170507907867,
        0.21644672751426697,
        0.215852290391922,
        0.21550717949867249,
        0.21535079181194305,
        0.21466343104839325,
        0.21558435261249542,
        0.2138713300228119,
        0.21404685080051422,
        0.21366697549819946,
        0.21324892342090607,
        0.2130923867225647
    ],
    "val_binary_accuracy": [
        0.7513431906700134,
        0.8551872968673706,
        0.8872531652450562,
        0.8988574147224426,
        0.9053866863250732,
        0.9106068015098572,
        0.9148306250572205,
        0.9165056347846985,
        0.9193492531776428,
        0.9203893542289734,
        0.9210152626037598,
        0.9215549230575562,
        0.9219026565551758,
        0.9227401614189148,
        0.9229185581207275,
        0.923004686832428,
        0.9237076640129089,
        0.92381352186203,
        0.9239858388900757,
        0.9241445660591125,
        0.9241264462471008,
        0.9243955016136169,
        0.9245527386665344,
        0.9245315790176392,
        0.9248566031455994,
        0.9247266054153442,
        0.9248475432395935,
        0.92485511302948,
        0.9249790906906128,
        0.9251468777656555,
        0.925193727016449,
        0.9253706336021423,
        0.9253766536712646,
        0.925453782081604,
        0.9252889752388,
        0.9254870414733887,
        0.9257410168647766,
        0.9257001876831055,
        0.9256336688995361,
        0.9258014559745789
    ]
}