{
    "loss": [
        0.5675591230392456,
        0.49437832832336426,
        0.46792036294937134,
        0.44354087114334106,
        0.42000287771224976,
        0.40231260657310486,
        0.3879554867744446,
        0.37506452202796936,
        0.3639456629753113,
        0.35309070348739624,
        0.34287044405937195,
        0.3343927264213562,
        0.32609760761260986,
        0.3178609311580658,
        0.30976930260658264,
        0.3021598756313324,
        0.29490402340888977,
        0.28819090127944946,
        0.2824172377586365,
        0.2775841951370239,
        0.27368801832199097,
        0.2696017324924469,
        0.2663162052631378,
        0.2640315592288971,
        0.2620895802974701,
        0.2606947422027588,
        0.25928619503974915,
        0.25767284631729126,
        0.2564420700073242,
        0.25530174374580383,
        0.25417572259902954,
        0.25277531147003174,
        0.2525617778301239,
        0.2516484260559082,
        0.25086408853530884,
        0.25002139806747437,
        0.24925465881824493,
        0.24841508269309998,
        0.2478349804878235,
        0.24721327424049377
    ],
    "binary_accuracy": [
        0.6945105791091919,
        0.7649208307266235,
        0.790664553642273,
        0.8153954148292542,
        0.8318467140197754,
        0.842167854309082,
        0.8507777452468872,
        0.8582812547683716,
        0.864285409450531,
        0.8692065477371216,
        0.8736974000930786,
        0.877714991569519,
        0.8820143342018127,
        0.8861016631126404,
        0.8899348974227905,
        0.8938329219818115,
        0.8974609971046448,
        0.9009680151939392,
        0.9041145443916321,
        0.9070441722869873,
        0.9098886251449585,
        0.9121112823486328,
        0.9139515161514282,
        0.9153245091438293,
        0.9164972901344299,
        0.9174634218215942,
        0.9182285666465759,
        0.918870747089386,
        0.9193760752677917,
        0.9199594259262085,
        0.9202524423599243,
        0.9206344485282898,
        0.9210379123687744,
        0.9212762713432312,
        0.9215100407600403,
        0.9218822717666626,
        0.9221522212028503,
        0.9223445653915405,
        0.9224603176116943,
        0.9226741790771484
    ],
    "val_loss": [
        0.49872085452079773,
        0.47095829248428345,
        0.44799283146858215,
        0.4224086403846741,
        0.40278419852256775,
        0.38790950179100037,
        0.37420761585235596,
        0.3627137541770935,
        0.3522188067436218,
        0.3419496417045593,
        0.33286747336387634,
        0.32452109456062317,
        0.3164314329624176,
        0.3077515661716461,
        0.2996616065502167,
        0.29223859310150146,
        0.2853219509124756,
        0.27875474095344543,
        0.2730015516281128,
        0.2689642906188965,
        0.2658316493034363,
        0.2626893222332001,
        0.25900328159332275,
        0.25749778747558594,
        0.2560781240463257,
        0.254500150680542,
        0.2530844211578369,
        0.2527221143245697,
        0.251007080078125,
        0.24980992078781128,
        0.2488289624452591,
        0.24870602786540985,
        0.2472064197063446,
        0.24696998298168182,
        0.24620327353477478,
        0.2452915459871292,
        0.244551882147789,
        0.2453973889350891,
        0.24394793808460236,
        0.24293158948421478
    ],
    "val_binary_accuracy": [
        0.7655219435691833,
        0.7884371876716614,
        0.8158951997756958,
        0.8340816497802734,
        0.8440471291542053,
        0.8518387675285339,
        0.8587731719017029,
        0.8645375370979309,
        0.8694249987602234,
        0.8736897110939026,
        0.8773284554481506,
        0.881330132484436,
        0.8861299157142639,
        0.8896644115447998,
        0.8937779068946838,
        0.8975784778594971,
        0.9005853533744812,
        0.9037388563156128,
        0.9066852927207947,
        0.9090617895126343,
        0.9127020835876465,
        0.9152206778526306,
        0.916513204574585,
        0.9178889393806458,
        0.9182335734367371,
        0.9190545082092285,
        0.9202487468719482,
        0.9207340478897095,
        0.9209849834442139,
        0.9215624928474426,
        0.9220840334892273,
        0.923054575920105,
        0.9225451350212097,
        0.9233357906341553,
        0.9235474467277527,
        0.9234249591827393,
        0.9234627485275269,
        0.9240266680717468,
        0.9243048429489136,
        0.9244212508201599
    ]
}