{
    "loss": [
        0.4871608018875122,
        0.3348388373851776,
        0.27958443760871887,
        0.26261791586875916,
        0.2577688694000244,
        0.25534650683403015,
        0.25371286273002625,
        0.25187546014785767,
        0.25020939111709595,
        0.24884819984436035,
        0.246755912899971,
        0.24500028789043427,
        0.24335388839244843,
        0.2407228946685791,
        0.23805482685565948,
        0.23612946271896362,
        0.23436711728572845,
        0.23261821269989014,
        0.23048938810825348,
        0.22845155000686646,
        0.22668173909187317,
        0.22502462565898895,
        0.22263693809509277,
        0.22179058194160461,
        0.22006303071975708,
        0.2191406786441803,
        0.21720491349697113,
        0.21620036661624908,
        0.21416915953159332,
        0.2128947228193283,
        0.21175575256347656,
        0.21052955090999603,
        0.20923128724098206,
        0.20759569108486176,
        0.20639076828956604,
        0.20506551861763,
        0.20377705991268158,
        0.20234225690364838,
        0.2009008377790451,
        0.2001716047525406
    ],
    "binary_accuracy": [
        0.7693716883659363,
        0.8824136257171631,
        0.9088346362113953,
        0.9173932671546936,
        0.9202218651771545,
        0.9214312434196472,
        0.9223735928535461,
        0.9230014681816101,
        0.9235358238220215,
        0.9240222573280334,
        0.9245909452438354,
        0.9250065088272095,
        0.925574779510498,
        0.9261713624000549,
        0.9265522360801697,
        0.9273026585578918,
        0.9280108213424683,
        0.9286892414093018,
        0.929328441619873,
        0.9298310875892639,
        0.9304288029670715,
        0.9307923316955566,
        0.9313564300537109,
        0.9317456483840942,
        0.9322509169578552,
        0.9326596856117249,
        0.9328595995903015,
        0.933181643486023,
        0.9337246417999268,
        0.9339539408683777,
        0.9343969821929932,
        0.9345301389694214,
        0.9349181652069092,
        0.9352281093597412,
        0.9354875683784485,
        0.9356583952903748,
        0.9360042214393616,
        0.9361124038696289,
        0.9363937377929688,
        0.9366226196289062
    ],
    "val_loss": [
        0.3777141869068146,
        0.28839927911758423,
        0.26131966710090637,
        0.2547978460788727,
        0.2524326741695404,
        0.2518775761127472,
        0.24964523315429688,
        0.24889492988586426,
        0.24579179286956787,
        0.24639712274074554,
        0.2429935485124588,
        0.24061928689479828,
        0.2384941577911377,
        0.23704469203948975,
        0.23430009186267853,
        0.23272012174129486,
        0.23062707483768463,
        0.2294740080833435,
        0.22723041474819183,
        0.22496755421161652,
        0.22487673163414001,
        0.22188307344913483,
        0.22000418603420258,
        0.21764904260635376,
        0.2160944640636444,
        0.2153317779302597,
        0.21408110857009888,
        0.21308906376361847,
        0.21109120547771454,
        0.21017557382583618,
        0.20813944935798645,
        0.2076118290424347,
        0.20462846755981445,
        0.2048645317554474,
        0.20350605249404907,
        0.20144017040729523,
        0.20225538313388824,
        0.19987288117408752,
        0.19643619656562805,
        0.1983623504638672
    ],
    "val_binary_accuracy": [
        0.8621459007263184,
        0.901286780834198,
        0.9155457019805908,
        0.9197287559509277,
        0.9217650890350342,
        0.9230530858039856,
        0.9229457378387451,
        0.9243381023406982,
        0.9238497614860535,
        0.9251740574836731,
        0.9250591993331909,
        0.9256351590156555,
        0.9264968633651733,
        0.9270456433296204,
        0.9276095032691956,
        0.9281190037727356,
        0.9291832447052002,
        0.9301175475120544,
        0.930298924446106,
        0.9308840036392212,
        0.9318394064903259,
        0.9324773550033569,
        0.9322808384895325,
        0.9327797293663025,
        0.932388186454773,
        0.9335416555404663,
        0.933620274066925,
        0.9342461228370667,
        0.934711754322052,
        0.9351305365562439,
        0.9348070025444031,
        0.9358183741569519,
        0.9358848929405212,
        0.9365333914756775,
        0.9366634488105774,
        0.9366634488105774,
        0.9372650980949402,
        0.9372212886810303,
        0.9373618364334106,
        0.9379650354385376
    ]
}