{
    "loss": [
        0.3320609927177429,
        0.25735485553741455,
        0.25171175599098206,
        0.24565155804157257,
        0.23897907137870789,
        0.23440392315387726,
        0.23191075026988983,
        0.2226971983909607,
        0.21649950742721558,
        0.21264247596263885,
        0.20889534056186676,
        0.20421984791755676,
        0.20067498087882996,
        0.19693027436733246,
        0.1954304426908493,
        0.1931098848581314,
        0.19296395778656006,
        0.19061784446239471,
        0.1878853291273117,
        0.18777038156986237,
        0.18734070658683777,
        0.1867552250623703,
        0.1844581961631775,
        0.18458788096904755,
        0.18362925946712494,
        0.18271388113498688,
        0.18201227486133575,
        0.18230530619621277,
        0.18120712041854858,
        0.18126645684242249,
        0.18067151308059692,
        0.17977716028690338,
        0.17947661876678467,
        0.17859217524528503,
        0.17866726219654083,
        0.17826169729232788,
        0.17791852355003357,
        0.17787812650203705,
        0.1767473816871643,
        0.1760912984609604
    ],
    "binary_accuracy": [
        0.8752058148384094,
        0.9220308065414429,
        0.9238849878311157,
        0.9260088205337524,
        0.9278882741928101,
        0.9296131134033203,
        0.930437445640564,
        0.9325684309005737,
        0.9338230490684509,
        0.9346470236778259,
        0.9352107644081116,
        0.9360637664794922,
        0.9370257258415222,
        0.9375532865524292,
        0.9377667307853699,
        0.9382449388504028,
        0.9380506873130798,
        0.9384628534317017,
        0.9392789006233215,
        0.9394240975379944,
        0.9397189617156982,
        0.9397080540657043,
        0.9401017427444458,
        0.94027179479599,
        0.9404011368751526,
        0.9404991865158081,
        0.9406862258911133,
        0.94077068567276,
        0.9411218166351318,
        0.9411006569862366,
        0.941494345664978,
        0.9414102435112,
        0.9416482448577881,
        0.9420430660247803,
        0.9413235187530518,
        0.9419683814048767,
        0.9419091939926147,
        0.9417753219604492,
        0.9421972632408142,
        0.9423119425773621
    ],
    "val_loss": [
        0.2538677453994751,
        0.2485199123620987,
        0.2466670721769333,
        0.24013422429561615,
        0.23522496223449707,
        0.22744980454444885,
        0.224554181098938,
        0.22418174147605896,
        0.20303188264369965,
        0.20413637161254883,
        0.20066997408866882,
        0.2022571563720703,
        0.1945841908454895,
        0.1921372264623642,
        0.18819452822208405,
        0.18673697113990784,
        0.18565519154071808,
        0.18371517956256866,
        0.18157321214675903,
        0.18404735624790192,
        0.1836274415254593,
        0.17885439097881317,
        0.18543089926242828,
        0.1781662404537201,
        0.18194249272346497,
        0.17593452334403992,
        0.1766975224018097,
        0.18096546828746796,
        0.1738010197877884,
        0.17581094801425934,
        0.1735837757587433,
        0.1787952333688736,
        0.17230752110481262,
        0.17578040063381195,
        0.1685612052679062,
        0.17212633788585663,
        0.17376935482025146,
        0.17214557528495789,
        0.173625648021698,
        0.17175962030887604
    ],
    "val_binary_accuracy": [
        0.9211709499359131,
        0.923917829990387,
        0.9266631603240967,
        0.9263079166412354,
        0.9313284158706665,
        0.932887077331543,
        0.9313919544219971,
        0.9334312677383423,
        0.9362265467643738,
        0.9363973736763,
        0.9381162524223328,
        0.9370413422584534,
        0.9381313323974609,
        0.9380345940589905,
        0.9390731453895569,
        0.93990159034729,
        0.9391593337059021,
        0.9395796060562134,
        0.9411805868148804,
        0.9411442875862122,
        0.941467821598053,
        0.9418382048606873,
        0.940105676651001,
        0.9412350058555603,
        0.9416582584381104,
        0.9420377016067505,
        0.9426968693733215,
        0.9419530630111694,
        0.9425502419471741,
        0.942804217338562,
        0.942683219909668,
        0.9427013993263245,
        0.9436447024345398,
        0.9407376050949097,
        0.9438896179199219,
        0.9434013366699219,
        0.9416990876197815,
        0.9439047574996948,
        0.9430067539215088,
        0.9435540437698364
    ]
}