{
    "loss": [
        0.7136646509170532,
        0.6791223883628845,
        0.6436393857002258,
        0.5851436853408813,
        0.540989875793457,
        0.5147124528884888,
        0.4975704848766327,
        0.4890047609806061,
        0.48328709602355957,
        0.47848960757255554,
        0.47412994503974915,
        0.46994566917419434,
        0.46633830666542053,
        0.46302223205566406,
        0.4595610499382019,
        0.45669159293174744,
        0.45340150594711304,
        0.45024317502975464,
        0.4471578598022461,
        0.4434981644153595,
        0.44039398431777954,
        0.4371577501296997,
        0.43395286798477173,
        0.43089452385902405,
        0.4270688593387604,
        0.42300447821617126,
        0.4183606803417206,
        0.41335609555244446,
        0.4084215760231018,
        0.4036961793899536,
        0.3990737497806549,
        0.395105242729187,
        0.39075183868408203,
        0.38698065280914307,
        0.3836394250392914,
        0.3802027106285095,
        0.3772425353527069,
        0.3744378983974457,
        0.3716830313205719,
        0.3691694140434265
    ],
    "binary_accuracy": [
        0.5139017105102539,
        0.5911129117012024,
        0.6832598447799683,
        0.7304638624191284,
        0.745421826839447,
        0.7498912215232849,
        0.7541248798370361,
        0.7590625882148743,
        0.7636255025863647,
        0.7675846219062805,
        0.7705512642860413,
        0.7738067507743835,
        0.7761779427528381,
        0.7783964276313782,
        0.7806254625320435,
        0.7827078104019165,
        0.7852049469947815,
        0.7875410318374634,
        0.7897301316261292,
        0.7921597361564636,
        0.7947975397109985,
        0.7974497079849243,
        0.8006131649017334,
        0.8043626546859741,
        0.8086555600166321,
        0.813520073890686,
        0.8185200691223145,
        0.8232273459434509,
        0.8273946642875671,
        0.8314356207847595,
        0.8349230289459229,
        0.8383810520172119,
        0.8415143489837646,
        0.8446683883666992,
        0.8470060229301453,
        0.8492697477340698,
        0.8511273264884949,
        0.8529524803161621,
        0.854665994644165,
        0.8561050295829773
    ],
    "val_loss": [
        0.6910401582717896,
        0.6647884845733643,
        0.6117970943450928,
        0.5526443123817444,
        0.5151310563087463,
        0.49112722277641296,
        0.4764731526374817,
        0.4696654975414276,
        0.4640810191631317,
        0.4597306251525879,
        0.45504072308540344,
        0.4506751596927643,
        0.446879118680954,
        0.44328558444976807,
        0.44015049934387207,
        0.4373399317264557,
        0.43410852551460266,
        0.4309456944465637,
        0.4278121292591095,
        0.42451202869415283,
        0.42094072699546814,
        0.4177536070346832,
        0.4142440855503082,
        0.4106847047805786,
        0.40656596422195435,
        0.4016629457473755,
        0.39624691009521484,
        0.39107900857925415,
        0.3856651782989502,
        0.38086098432540894,
        0.3761422038078308,
        0.37203362584114075,
        0.3679971694946289,
        0.3643103241920471,
        0.36091625690460205,
        0.3574334681034088,
        0.35429084300994873,
        0.351452112197876,
        0.3486825227737427,
        0.34628644585609436
    ],
    "val_binary_accuracy": [
        0.5415778756141663,
        0.6579574346542358,
        0.7331688404083252,
        0.7592934966087341,
        0.7661478519439697,
        0.7683640718460083,
        0.7729235291481018,
        0.7772380709648132,
        0.7807635068893433,
        0.7832140326499939,
        0.7869647145271301,
        0.7893775105476379,
        0.7916103601455688,
        0.7935665845870972,
        0.7956875562667847,
        0.7971463799476624,
        0.7993988990783691,
        0.8013263940811157,
        0.8036378622055054,
        0.8060929775238037,
        0.8089547157287598,
        0.812106728553772,
        0.8163880705833435,
        0.821136474609375,
        0.8268025517463684,
        0.8330203890800476,
        0.8380560874938965,
        0.8432988524436951,
        0.8481394648551941,
        0.8519067764282227,
        0.8559885025024414,
        0.8588230609893799,
        0.8621882200241089,
        0.8650650978088379,
        0.8674204349517822,
        0.869074285030365,
        0.8710834383964539,
        0.8724515438079834,
        0.8741039037704468,
        0.875266432762146
    ]
}