{
    "loss": [
        0.5206207036972046,
        0.36412617564201355,
        0.3043348491191864,
        0.2792084515094757,
        0.26509296894073486,
        0.25506389141082764,
        0.24527470767498016,
        0.2361299842596054,
        0.22868484258651733,
        0.22459937632083893,
        0.22000809013843536,
        0.21740391850471497,
        0.2157609611749649,
        0.2133827656507492,
        0.21266695857048035,
        0.21119995415210724,
        0.20954035222530365,
        0.2080666720867157,
        0.20690558850765228,
        0.20523132383823395,
        0.20361225306987762,
        0.20227177441120148,
        0.20149946212768555,
        0.19974114000797272,
        0.19821882247924805,
        0.1973205953836441,
        0.19613978266716003,
        0.19501037895679474,
        0.1939166784286499,
        0.19314450025558472,
        0.19211934506893158,
        0.19152170419692993,
        0.1911349892616272,
        0.1901489794254303,
        0.18932129442691803,
        0.18819840252399445,
        0.18726924061775208,
        0.18737198412418365,
        0.18681731820106506,
        0.18550167977809906
    ],
    "binary_accuracy": [
        0.7409920692443848,
        0.8662523627281189,
        0.8922815322875977,
        0.9058770537376404,
        0.9147660136222839,
        0.9194673299789429,
        0.921771764755249,
        0.9229829907417297,
        0.923807680606842,
        0.9244551658630371,
        0.9250336289405823,
        0.9253968000411987,
        0.9257972836494446,
        0.9261355400085449,
        0.9266359210014343,
        0.9271261692047119,
        0.9274994730949402,
        0.9279376864433289,
        0.9284576773643494,
        0.9290576577186584,
        0.9295893907546997,
        0.9301493763923645,
        0.9306867122650146,
        0.9311886429786682,
        0.931854248046875,
        0.9322226643562317,
        0.9326121807098389,
        0.9330967664718628,
        0.933551549911499,
        0.9339293837547302,
        0.9341594576835632,
        0.9345704913139343,
        0.9349125027656555,
        0.9352564215660095,
        0.9356154203414917,
        0.9357873797416687,
        0.9361504912376404,
        0.9363771677017212,
        0.9366939067840576,
        0.9369586110115051
    ],
    "val_loss": [
        0.4193851351737976,
        0.3142949342727661,
        0.28031349182128906,
        0.26275378465652466,
        0.25370365381240845,
        0.24406705796718597,
        0.2374129444360733,
        0.22714267671108246,
        0.22131898999214172,
        0.21642166376113892,
        0.21353422105312347,
        0.21132749319076538,
        0.20883393287658691,
        0.20847773551940918,
        0.2090776413679123,
        0.20836544036865234,
        0.20432685315608978,
        0.20288273692131042,
        0.20120100677013397,
        0.1995159238576889,
        0.19860832393169403,
        0.196424201130867,
        0.19592183828353882,
        0.19387750327587128,
        0.19353166222572327,
        0.19155248999595642,
        0.1918776035308838,
        0.18902094662189484,
        0.19012753665447235,
        0.18781356513500214,
        0.18777388334274292,
        0.18574100732803345,
        0.1877085119485855,
        0.18586763739585876,
        0.18493567407131195,
        0.18465283513069153,
        0.18741926550865173,
        0.18602237105369568,
        0.182522714138031,
        0.1834673285484314
    ],
    "val_binary_accuracy": [
        0.8365866541862488,
        0.887665867805481,
        0.9017675518989563,
        0.9134383201599121,
        0.9179887175559998,
        0.9220946431159973,
        0.923553466796875,
        0.9246283173561096,
        0.9248868227005005,
        0.9254764318466187,
        0.9260962605476379,
        0.9266072511672974,
        0.9266344308853149,
        0.9271892309188843,
        0.9276049733161926,
        0.9282081723213196,
        0.928508996963501,
        0.929057776927948,
        0.9294493198394775,
        0.92984539270401,
        0.930787205696106,
        0.9312090277671814,
        0.9314901828765869,
        0.932073712348938,
        0.9327993988990784,
        0.9328144788742065,
        0.9336761832237244,
        0.9341750741004944,
        0.9346210360527039,
        0.9351486563682556,
        0.9356505274772644,
        0.9355432391166687,
        0.9358122944831848,
        0.9354011416435242,
        0.9366029500961304,
        0.9372152090072632,
        0.9364215731620789,
        0.9378789067268372,
        0.9376823306083679,
        0.9381147027015686
    ]
}