{
    "loss": [
        0.6886358857154846,
        0.503720760345459,
        0.42853808403015137,
        0.38318026065826416,
        0.3538356125354767,
        0.3321303725242615,
        0.31438082456588745,
        0.2974919080734253,
        0.28281524777412415,
        0.27243873476982117,
        0.2650635540485382,
        0.2593975067138672,
        0.2549298107624054,
        0.25171658396720886,
        0.24928762018680573,
        0.2470000833272934,
        0.24473750591278076,
        0.24300916492938995,
        0.24171385169029236,
        0.24044567346572876,
        0.23896031081676483,
        0.2382836639881134,
        0.23714853823184967,
        0.23606905341148376,
        0.23507806658744812,
        0.234193816781044,
        0.2333955466747284,
        0.23301146924495697,
        0.23209698498249054,
        0.23135235905647278,
        0.23081739246845245,
        0.23005692660808563,
        0.229051873087883,
        0.2286425530910492,
        0.22760902345180511,
        0.22699806094169617,
        0.22630247473716736,
        0.22559364140033722,
        0.22494658827781677,
        0.22415447235107422
    ],
    "binary_accuracy": [
        0.5999671816825867,
        0.7612003684043884,
        0.8226304054260254,
        0.8569029569625854,
        0.8721294403076172,
        0.8816485404968262,
        0.8898134231567383,
        0.8986586332321167,
        0.9056161046028137,
        0.9105493426322937,
        0.9138756990432739,
        0.9161925911903381,
        0.9178159832954407,
        0.9191716909408569,
        0.9200125932693481,
        0.9208184480667114,
        0.9213927984237671,
        0.9218204021453857,
        0.9222559332847595,
        0.9225941896438599,
        0.9229520559310913,
        0.9231764674186707,
        0.9234554767608643,
        0.9236485958099365,
        0.9239181876182556,
        0.9240920543670654,
        0.9242451190948486,
        0.9244702458381653,
        0.9245585203170776,
        0.9246848225593567,
        0.9248552918434143,
        0.9251042008399963,
        0.9250860810279846,
        0.925276517868042,
        0.9254405498504639,
        0.9255016446113586,
        0.9256147742271423,
        0.9257618188858032,
        0.9258979558944702,
        0.9259541630744934
    ],
    "val_loss": [
        0.5667951107025146,
        0.44623228907585144,
        0.3931865394115448,
        0.35775598883628845,
        0.3329209089279175,
        0.31402069330215454,
        0.2962392270565033,
        0.27960291504859924,
        0.2674862742424011,
        0.26030540466308594,
        0.2542109191417694,
        0.24965016543865204,
        0.24700582027435303,
        0.2434059977531433,
        0.24127522110939026,
        0.23977085947990417,
        0.239474818110466,
        0.23733964562416077,
        0.23655322194099426,
        0.23524953424930573,
        0.23427189886569977,
        0.23335494101047516,
        0.23208893835544586,
        0.23117153346538544,
        0.23118875920772552,
        0.2306307554244995,
        0.23002460598945618,
        0.22959059476852417,
        0.22870579361915588,
        0.2277866005897522,
        0.2274606078863144,
        0.22723065316677094,
        0.22619174420833588,
        0.22574825584888458,
        0.22517353296279907,
        0.22465243935585022,
        0.2232736200094223,
        0.2228710800409317,
        0.22224950790405273,
        0.2215309888124466
    ],
    "val_binary_accuracy": [
        0.7227845788002014,
        0.8070801496505737,
        0.8543286323547363,
        0.8735536336898804,
        0.8817881941795349,
        0.8890718221664429,
        0.896645724773407,
        0.9041228890419006,
        0.9099098443984985,
        0.9144632816314697,
        0.9163877367973328,
        0.9189032912254333,
        0.9202623963356018,
        0.9202941060066223,
        0.9210515022277832,
        0.9223077893257141,
        0.9223833680152893,
        0.9228580594062805,
        0.9234990477561951,
        0.9236109256744385,
        0.923957109451294,
        0.9241037368774414,
        0.9241082668304443,
        0.9243395924568176,
        0.9245149493217468,
        0.9247326254844666,
        0.9249594211578369,
        0.9251151084899902,
        0.925128698348999,
        0.9253902435302734,
        0.9253373742103577,
        0.9255066514015198,
        0.9258135557174683,
        0.9259480834007263,
        0.9259632229804993,
        0.926191508769989,
        0.9261929988861084,
        0.9263668656349182,
        0.9263970851898193,
        0.9266208410263062
    ]
}