{
    "loss": [
        0.48366212844848633,
        0.3156207799911499,
        0.27136313915252686,
        0.2592082917690277,
        0.2548083961009979,
        0.2511836588382721,
        0.24860723316669464,
        0.24655787646770477,
        0.24474306404590607,
        0.24213649332523346,
        0.24017183482646942,
        0.23709039390087128,
        0.2344914674758911,
        0.2321413904428482,
        0.22995799779891968,
        0.2272973507642746,
        0.22511622309684753,
        0.22338829934597015,
        0.22116130590438843,
        0.2195165753364563,
        0.21704094111919403,
        0.21411143243312836,
        0.2118922770023346,
        0.20935653150081635,
        0.20590943098068237,
        0.20340394973754883,
        0.20135439932346344,
        0.2000226229429245,
        0.1981530487537384,
        0.19672910869121552,
        0.19584718346595764,
        0.19531893730163574,
        0.19365118443965912,
        0.1929939240217209,
        0.19204950332641602,
        0.1911507546901703,
        0.19070759415626526,
        0.1897379606962204,
        0.18946975469589233,
        0.18890224397182465
    ],
    "binary_accuracy": [
        0.7803747057914734,
        0.8886843919754028,
        0.9128220677375793,
        0.9193319082260132,
        0.9218038320541382,
        0.9230403304100037,
        0.9237217307090759,
        0.924405038356781,
        0.9249382615089417,
        0.9253391027450562,
        0.9257611036300659,
        0.9263655543327332,
        0.926978349685669,
        0.9274817705154419,
        0.9278965592384338,
        0.9284260272979736,
        0.9288879632949829,
        0.9293736815452576,
        0.9298514723777771,
        0.9304212331771851,
        0.9308285117149353,
        0.931219220161438,
        0.931860625743866,
        0.9321634769439697,
        0.9325846433639526,
        0.9330922365188599,
        0.933319628238678,
        0.9337220191955566,
        0.9339969158172607,
        0.9342993497848511,
        0.9345206618309021,
        0.9348664879798889,
        0.935217559337616,
        0.9354596734046936,
        0.9357092976570129,
        0.9359321594238281,
        0.9360743165016174,
        0.9362583756446838,
        0.9364801049232483,
        0.9366893768310547
    ],
    "val_loss": [
        0.3539552688598633,
        0.27544060349464417,
        0.2577577829360962,
        0.2518059313297272,
        0.2498304694890976,
        0.24702556431293488,
        0.24350003898143768,
        0.24323661625385284,
        0.24202051758766174,
        0.23901519179344177,
        0.23598483204841614,
        0.2337377965450287,
        0.2300935685634613,
        0.2300814688205719,
        0.22529371082782745,
        0.22349686920642853,
        0.22155967354774475,
        0.2184544950723648,
        0.21800467371940613,
        0.21541213989257812,
        0.2135256975889206,
        0.21074225008487701,
        0.20913727581501007,
        0.20500484108924866,
        0.20023426413536072,
        0.1982448548078537,
        0.19793348014354706,
        0.19562460482120514,
        0.19249756634235382,
        0.1918550580739975,
        0.19183656573295593,
        0.1889391988515854,
        0.1883028894662857,
        0.18874582648277283,
        0.18653756380081177,
        0.18781998753547668,
        0.18700098991394043,
        0.18549852073192596,
        0.1847170740365982,
        0.18494287133216858
    ],
    "val_binary_accuracy": [
        0.8707901239395142,
        0.9066807627677917,
        0.9195110201835632,
        0.922611653804779,
        0.9240039587020874,
        0.924191415309906,
        0.9243637919425964,
        0.925204336643219,
        0.926091730594635,
        0.9264258146286011,
        0.9268233776092529,
        0.9273918271064758,
        0.9276503324508667,
        0.9283941388130188,
        0.9290351271629333,
        0.929107666015625,
        0.9290971159934998,
        0.9297713041305542,
        0.9307751655578613,
        0.9306783676147461,
        0.931884765625,
        0.9325272440910339,
        0.9326119422912598,
        0.933320939540863,
        0.9341266751289368,
        0.9340541362762451,
        0.934577226638794,
        0.9347586035728455,
        0.934950590133667,
        0.9351894855499268,
        0.9351078271865845,
        0.9359257221221924,
        0.9358652234077454,
        0.9365696907043457,
        0.9364109635353088,
        0.9370655417442322,
        0.9369839429855347,
        0.9363777041435242,
        0.9375160336494446,
        0.9378486275672913
    ]
}