{
    "loss": [
        0.4835260510444641,
        0.2944539785385132,
        0.25417983531951904,
        0.24570734798908234,
        0.24155394732952118,
        0.2370886355638504,
        0.2326006293296814,
        0.22587913274765015,
        0.2224307358264923,
        0.21999219059944153,
        0.2183433473110199,
        0.21685461699962616,
        0.2155720740556717,
        0.21445798873901367,
        0.2135518193244934,
        0.21220487356185913,
        0.21075157821178436,
        0.20986929535865784,
        0.20870377123355865,
        0.2076096087694168,
        0.20628231763839722,
        0.20514988899230957,
        0.20419193804264069,
        0.2032519280910492,
        0.20184826850891113,
        0.2010909467935562,
        0.20031727850437164,
        0.1994486302137375,
        0.19910180568695068,
        0.19879746437072754,
        0.19820868968963623,
        0.1980780065059662,
        0.1975822150707245,
        0.19703775644302368,
        0.19664394855499268,
        0.19642971456050873,
        0.19589011371135712,
        0.19560497999191284,
        0.1954944133758545,
        0.19511006772518158
    ],
    "binary_accuracy": [
        0.7747702598571777,
        0.8891946077346802,
        0.9094791412353516,
        0.9145914316177368,
        0.9170376658439636,
        0.9186143279075623,
        0.9201728701591492,
        0.9213048815727234,
        0.9222567081451416,
        0.9229909181594849,
        0.9236447811126709,
        0.9240988492965698,
        0.9245173931121826,
        0.9249593615531921,
        0.925299882888794,
        0.9257863163948059,
        0.9261687397956848,
        0.9263712167739868,
        0.9268274903297424,
        0.927180826663971,
        0.9274070858955383,
        0.9277265071868896,
        0.9279968738555908,
        0.9284045100212097,
        0.928752601146698,
        0.9290546774864197,
        0.9293299317359924,
        0.9296085834503174,
        0.9297594428062439,
        0.9299502372741699,
        0.9301316738128662,
        0.9303767681121826,
        0.9305819272994995,
        0.9307331442832947,
        0.9309296011924744,
        0.9310928583145142,
        0.9311245679855347,
        0.9314273595809937,
        0.9314265847206116,
        0.9316630363464355
    ],
    "val_loss": [
        0.33556902408599854,
        0.25398850440979004,
        0.24258024990558624,
        0.23820267617702484,
        0.23401139676570892,
        0.22919683158397675,
        0.22424805164337158,
        0.21907642483711243,
        0.21653659641742706,
        0.21557460725307465,
        0.21361130475997925,
        0.21337521076202393,
        0.21188421547412872,
        0.21046596765518188,
        0.2096608281135559,
        0.20818094909191132,
        0.2070232480764389,
        0.20582237839698792,
        0.20420242846012115,
        0.20289896428585052,
        0.20207035541534424,
        0.20075857639312744,
        0.19970597326755524,
        0.19931496679782867,
        0.19748015701770782,
        0.19691699743270874,
        0.19578419625759125,
        0.195737823843956,
        0.19504179060459137,
        0.19394803047180176,
        0.19353145360946655,
        0.19311177730560303,
        0.1929839849472046,
        0.19220401346683502,
        0.192031592130661,
        0.19337069988250732,
        0.19241636991500854,
        0.19124935567378998,
        0.19097913801670074,
        0.19073888659477234
    ],
    "val_binary_accuracy": [
        0.8715943694114685,
        0.905161440372467,
        0.9149606227874756,
        0.9185798168182373,
        0.9193084836006165,
        0.921164870262146,
        0.9227386116981506,
        0.9239238500595093,
        0.924651026725769,
        0.9248006939888,
        0.9256684184074402,
        0.925827145576477,
        0.9258286952972412,
        0.9264771938323975,
        0.9269806146621704,
        0.9271998405456543,
        0.9277743101119995,
        0.9277198910713196,
        0.9283654093742371,
        0.9288068413734436,
        0.9290396571159363,
        0.9292649030685425,
        0.9295082688331604,
        0.9295490980148315,
        0.9298620223999023,
        0.9303231239318848,
        0.9301900863647461,
        0.9309127330780029,
        0.9307766556739807,
        0.930932343006134,
        0.9315491318702698,
        0.9319104552268982,
        0.9319104552268982,
        0.9321916699409485,
        0.9324592351913452,
        0.9325348138809204,
        0.9323156476020813,
        0.9331349730491638,
        0.9326602816581726,
        0.9326678514480591
    ]
}