{
    "loss": [
        0.6251702308654785,
        0.4644736349582672,
        0.39787131547927856,
        0.34740278124809265,
        0.3084540367126465,
        0.28651922941207886,
        0.2736532390117645,
        0.264504611492157,
        0.2557191848754883,
        0.25004148483276367,
        0.24636586010456085,
        0.2432626485824585,
        0.24165229499340057,
        0.23954005539417267,
        0.23728786408901215,
        0.2355319708585739,
        0.23342102766036987,
        0.23201557993888855,
        0.22989067435264587,
        0.22854399681091309,
        0.2274850308895111,
        0.2262367606163025,
        0.22500427067279816,
        0.22379489243030548,
        0.22286270558834076,
        0.22221437096595764,
        0.22123569250106812,
        0.22106486558914185,
        0.22050218284130096,
        0.21968303620815277,
        0.21940626204013824,
        0.21904253959655762,
        0.21870771050453186,
        0.218034029006958,
        0.21749535202980042,
        0.21732079982757568,
        0.21716034412384033,
        0.2169552892446518,
        0.2166614830493927,
        0.2163495570421219
    ],
    "binary_accuracy": [
        0.6302436590194702,
        0.7908470630645752,
        0.841537356376648,
        0.8670865297317505,
        0.8863954544067383,
        0.8988200426101685,
        0.9067187309265137,
        0.9121455550193787,
        0.9152023196220398,
        0.9170475006103516,
        0.9182658791542053,
        0.9190837740898132,
        0.9197501540184021,
        0.9202297925949097,
        0.9207260608673096,
        0.9210447072982788,
        0.9213788509368896,
        0.9217057824134827,
        0.9219497442245483,
        0.9221322536468506,
        0.9224094152450562,
        0.9226756691932678,
        0.9228920936584473,
        0.9230361580848694,
        0.9231659173965454,
        0.9233793020248413,
        0.923492431640625,
        0.9235836863517761,
        0.9237892031669617,
        0.9239166975021362,
        0.92403244972229,
        0.9241131544113159,
        0.9242319464683533,
        0.924386203289032,
        0.9244582056999207,
        0.9245057106018066,
        0.9245977401733398,
        0.9247071146965027,
        0.9247614145278931,
        0.9248225092887878
    ],
    "val_loss": [
        0.5268532633781433,
        0.41399431228637695,
        0.36571261286735535,
        0.3160117268562317,
        0.2864900231361389,
        0.27167055010795593,
        0.2621085047721863,
        0.2541790306568146,
        0.2452889382839203,
        0.24116599559783936,
        0.23794689774513245,
        0.2364436537027359,
        0.23484213650226593,
        0.2327146828174591,
        0.2305789291858673,
        0.22854194045066833,
        0.2282077819108963,
        0.22618307173252106,
        0.2244015336036682,
        0.22330211102962494,
        0.22214452922344208,
        0.22053787112236023,
        0.22020672261714935,
        0.21934480965137482,
        0.2183586210012436,
        0.21784454584121704,
        0.2177991271018982,
        0.21706658601760864,
        0.21659187972545624,
        0.2161726951599121,
        0.2158510386943817,
        0.21589159965515137,
        0.2152111679315567,
        0.21422486007213593,
        0.21423235535621643,
        0.21390140056610107,
        0.21393966674804688,
        0.21365797519683838,
        0.21340739727020264,
        0.21332301199436188
    ],
    "val_binary_accuracy": [
        0.739300549030304,
        0.8336447477340698,
        0.8596182465553284,
        0.8814873099327087,
        0.8960455656051636,
        0.9057480096817017,
        0.9116559624671936,
        0.9155578017234802,
        0.917849600315094,
        0.9193084836006165,
        0.9199902415275574,
        0.9205435514450073,
        0.9210636019706726,
        0.9214536547660828,
        0.9217333197593689,
        0.9222427606582642,
        0.9224211573600769,
        0.9229366779327393,
        0.9230379462242126,
        0.9233675003051758,
        0.923514187335968,
        0.9236169457435608,
        0.923818051815033,
        0.9240402579307556,
        0.924052357673645,
        0.9242624640464783,
        0.9244529604911804,
        0.9244681000709534,
        0.9246782064437866,
        0.9247069358825684,
        0.9247674345970154,
        0.9248157739639282,
        0.9250879287719727,
        0.9250561594963074,
        0.9251967668533325,
        0.9252194166183472,
        0.9252995252609253,
        0.9254567623138428,
        0.925577700138092,
        0.9256941080093384
    ]
}