{
    "loss": [
        0.583789050579071,
        0.46634945273399353,
        0.43629559874534607,
        0.4155014753341675,
        0.4027998447418213,
        0.39128461480140686,
        0.38061875104904175,
        0.33841216564178467,
        0.29609212279319763,
        0.2819890081882477,
        0.27335402369499207,
        0.2670655846595764,
        0.2640169560909271,
        0.2612839639186859,
        0.2588627338409424,
        0.2559692859649658,
        0.2544879615306854,
        0.2539410889148712,
        0.2533341944217682,
        0.2520192861557007,
        0.25188642740249634,
        0.2514611482620239,
        0.25101929903030396,
        0.25038909912109375,
        0.24973711371421814,
        0.2495654672384262,
        0.24913984537124634,
        0.2487204372882843,
        0.2480190396308899,
        0.24737079441547394,
        0.24758751690387726,
        0.24736696481704712,
        0.2468438744544983,
        0.24678131937980652,
        0.24605119228363037,
        0.24588485062122345,
        0.24567461013793945,
        0.24550171196460724,
        0.2451774775981903,
        0.24510619044303894
    ],
    "binary_accuracy": [
        0.6969096660614014,
        0.775428295135498,
        0.799596905708313,
        0.8128390312194824,
        0.8192693591117859,
        0.822872519493103,
        0.8266408443450928,
        0.8610842227935791,
        0.8862162828445435,
        0.8948646783828735,
        0.8996198773384094,
        0.9026612043380737,
        0.9045674204826355,
        0.9059593081474304,
        0.9070351123809814,
        0.9079300165176392,
        0.9086592793464661,
        0.9094293117523193,
        0.909913182258606,
        0.9104584455490112,
        0.9109573364257812,
        0.9112669229507446,
        0.9117251038551331,
        0.9120841026306152,
        0.9125373959541321,
        0.9129295349121094,
        0.9131818413734436,
        0.9133937954902649,
        0.9136732220649719,
        0.9140325784683228,
        0.914207935333252,
        0.9144745469093323,
        0.9146724939346313,
        0.914904773235321,
        0.9151389598846436,
        0.9153162240982056,
        0.9154447913169861,
        0.915602445602417,
        0.9157460927963257,
        0.915948212146759
    ],
    "val_loss": [
        0.47306039929389954,
        0.44366684556007385,
        0.41516488790512085,
        0.4003470540046692,
        0.38695234060287476,
        0.3763846457004547,
        0.357937753200531,
        0.296477347612381,
        0.27468112111091614,
        0.2648523449897766,
        0.25783178210258484,
        0.2536258101463318,
        0.2528916895389557,
        0.250540167093277,
        0.24791519343852997,
        0.2452123612165451,
        0.24479514360427856,
        0.2438507229089737,
        0.24342948198318481,
        0.24257658421993256,
        0.24183538556098938,
        0.2415778636932373,
        0.2409641146659851,
        0.2407051920890808,
        0.24069201946258545,
        0.24045710265636444,
        0.23982731997966766,
        0.23996388912200928,
        0.2389199286699295,
        0.2392892986536026,
        0.23859184980392456,
        0.23818939924240112,
        0.2375936657190323,
        0.23769226670265198,
        0.23697809875011444,
        0.23716577887535095,
        0.23755304515361786,
        0.23643609881401062,
        0.2363726645708084,
        0.23640023171901703
    ],
    "val_binary_accuracy": [
        0.7730051875114441,
        0.7927094101905823,
        0.8127915859222412,
        0.8198015689849854,
        0.8239952325820923,
        0.8268267512321472,
        0.8387212157249451,
        0.8847013115882874,
        0.8941739797592163,
        0.8991793990135193,
        0.9032460451126099,
        0.9048288464546204,
        0.906966507434845,
        0.9080746173858643,
        0.9095773100852966,
        0.9103180170059204,
        0.9110104441642761,
        0.9114428162574768,
        0.9122893810272217,
        0.9125312566757202,
        0.9123709797859192,
        0.9135592579841614,
        0.9139613509178162,
        0.9142470955848694,
        0.9141170978546143,
        0.9146476984024048,
        0.9140551090240479,
        0.9153249859809875,
        0.9158374667167664,
        0.915970504283905,
        0.916573703289032,
        0.9160929322242737,
        0.9163846969604492,
        0.9174172282218933,
        0.9172751307487488,
        0.9174293279647827,
        0.9176062345504761,
        0.9177286624908447,
        0.9174202680587769,
        0.9175926446914673
    ]
}