{
    "loss": [
        0.5288609862327576,
        0.3144429326057434,
        0.27650314569473267,
        0.23901581764221191,
        0.23242685198783875,
        0.22990915179252625,
        0.22872436046600342,
        0.22795160114765167,
        0.2273736149072647,
        0.2270231992006302,
        0.2268919199705124,
        0.22629454731941223,
        0.2249380648136139,
        0.2245721071958542,
        0.2243155688047409,
        0.22412261366844177,
        0.22385098040103912,
        0.22372618317604065,
        0.22351917624473572,
        0.22329631447792053,
        0.2231454998254776,
        0.2228807508945465,
        0.22260355949401855,
        0.22251056134700775,
        0.2223936915397644,
        0.22224891185760498,
        0.22201736271381378,
        0.22195880115032196,
        0.22164882719516754,
        0.22166714072227478,
        0.22142916917800903,
        0.22130592167377472,
        0.22126887738704681,
        0.2213151603937149,
        0.2210463583469391,
        0.2210131138563156,
        0.22086098790168762,
        0.22085586190223694,
        0.2207305133342743,
        0.22076234221458435
    ],
    "binary_accuracy": [
        0.7693660855293274,
        0.8847120404243469,
        0.9006855487823486,
        0.9159542918205261,
        0.9182934165000916,
        0.9193379878997803,
        0.9199289083480835,
        0.9202215075492859,
        0.9204726815223694,
        0.9205910563468933,
        0.9207109808921814,
        0.9209727048873901,
        0.9215707778930664,
        0.9217166900634766,
        0.9218298196792603,
        0.9219331741333008,
        0.9219908714294434,
        0.9221458435058594,
        0.9220296740531921,
        0.9222627282142639,
        0.9222714304924011,
        0.9223430752754211,
        0.9224343299865723,
        0.9225202798843384,
        0.9225105047225952,
        0.9225972294807434,
        0.9226952791213989,
        0.9225980043411255,
        0.9227721691131592,
        0.922791063785553,
        0.9228181838989258,
        0.9229087233543396,
        0.9229170083999634,
        0.9228578209877014,
        0.9229301810264587,
        0.9229249358177185,
        0.923005223274231,
        0.9230116605758667,
        0.9230471253395081,
        0.9230244755744934
    ],
    "val_loss": [
        0.34393805265426636,
        0.2902331054210663,
        0.23633867502212524,
        0.22689445316791534,
        0.22402650117874146,
        0.22263531386852264,
        0.22185289859771729,
        0.2214796394109726,
        0.2209615856409073,
        0.220445454120636,
        0.22040648758411407,
        0.22031021118164062,
        0.2202034592628479,
        0.2217065989971161,
        0.21981264650821686,
        0.21929505467414856,
        0.21921202540397644,
        0.21901503205299377,
        0.21884769201278687,
        0.21852996945381165,
        0.21828749775886536,
        0.21808966994285583,
        0.21828627586364746,
        0.21796289086341858,
        0.21791140735149384,
        0.2185327559709549,
        0.21729028224945068,
        0.21765969693660736,
        0.21732325851917267,
        0.21699610352516174,
        0.21739232540130615,
        0.21696151793003082,
        0.21692533791065216,
        0.21665433049201965,
        0.21717509627342224,
        0.216374933719635,
        0.21657223999500275,
        0.2163425236940384,
        0.2163209319114685,
        0.2162732481956482
    ],
    "val_binary_accuracy": [
        0.8814178109169006,
        0.8944158554077148,
        0.9189214706420898,
        0.920691728591919,
        0.9219933152198792,
        0.9225420951843262,
        0.9227446913719177,
        0.922850489616394,
        0.9234189391136169,
        0.9233115911483765,
        0.9233524203300476,
        0.9234370589256287,
        0.923468828201294,
        0.9234204292297363,
        0.9236396551132202,
        0.9237092137336731,
        0.923863410949707,
        0.9238482713699341,
        0.923963189125061,
        0.9241264462471008,
        0.9241113066673279,
        0.9241611957550049,
        0.9239858388900757,
        0.9242201447486877,
        0.9242488741874695,
        0.9238770008087158,
        0.9244635701179504,
        0.9245421886444092,
        0.9244771599769592,
        0.9245043992996216,
        0.9244348406791687,
        0.9245799779891968,
        0.9246978759765625,
        0.9248082041740417,
        0.9247764945030212,
        0.9247658848762512,
        0.924644947052002,
        0.92484450340271,
        0.9247658848762512,
        0.9247704148292542
    ]
}