{
    "loss": [
        0.4624401032924652,
        0.2910207211971283,
        0.2600414454936981,
        0.253665953874588,
        0.2492128312587738,
        0.24456368386745453,
        0.241371288895607,
        0.23749130964279175,
        0.23360538482666016,
        0.2293332815170288,
        0.22228145599365234,
        0.21526040136814117,
        0.20769692957401276,
        0.20334334671497345,
        0.20014645159244537,
        0.19730457663536072,
        0.19510221481323242,
        0.19279709458351135,
        0.19089825451374054,
        0.18933270871639252,
        0.18731828033924103,
        0.18632714450359344,
        0.1850181519985199,
        0.18352766335010529,
        0.18242652714252472,
        0.1815008521080017,
        0.18069395422935486,
        0.18005938827991486,
        0.17877624928951263,
        0.17816272377967834,
        0.17673447728157043,
        0.17642970383167267,
        0.17561087012290955,
        0.17488442361354828,
        0.17402248084545135,
        0.17411886155605316,
        0.17409484088420868,
        0.17233332991600037,
        0.1720941662788391,
        0.17162810266017914
    ],
    "binary_accuracy": [
        0.7881783246994019,
        0.9029504060745239,
        0.919517457485199,
        0.9223999977111816,
        0.9235735535621643,
        0.924335241317749,
        0.9252516031265259,
        0.9261649250984192,
        0.9271416068077087,
        0.9280527234077454,
        0.9289430379867554,
        0.9299495220184326,
        0.9309107065200806,
        0.9318078756332397,
        0.9325062036514282,
        0.9331763386726379,
        0.9338626265525818,
        0.934417724609375,
        0.9350946545600891,
        0.9357179999351501,
        0.936261773109436,
        0.9367738366127014,
        0.9373576045036316,
        0.9378002882003784,
        0.9384375810623169,
        0.9386529326438904,
        0.9389938116073608,
        0.9394433498382568,
        0.9397114515304565,
        0.9401043653488159,
        0.9404482841491699,
        0.9406470060348511,
        0.9408419728279114,
        0.9411670565605164,
        0.9412993788719177,
        0.9414453506469727,
        0.9415573477745056,
        0.94206303358078,
        0.9420762062072754,
        0.942330002784729
    ],
    "val_loss": [
        0.32535895705223083,
        0.2634882628917694,
        0.25178807973861694,
        0.2475951462984085,
        0.2458612322807312,
        0.24005773663520813,
        0.238967627286911,
        0.2348829060792923,
        0.23151075839996338,
        0.22384493052959442,
        0.21602004766464233,
        0.21150197088718414,
        0.20321409404277802,
        0.19811639189720154,
        0.1945120245218277,
        0.19353654980659485,
        0.18859811127185822,
        0.19200707972049713,
        0.18675781786441803,
        0.18611371517181396,
        0.18852844834327698,
        0.18365487456321716,
        0.18142366409301758,
        0.18141044676303864,
        0.1799304187297821,
        0.17864464223384857,
        0.17583642899990082,
        0.1796697974205017,
        0.17424482107162476,
        0.1759411245584488,
        0.173371359705925,
        0.17346440255641937,
        0.17283019423484802,
        0.17230644822120667,
        0.17102035880088806,
        0.17219018936157227,
        0.17317311465740204,
        0.17109283804893494,
        0.16996194422245026,
        0.1704150140285492
    ],
    "val_binary_accuracy": [
        0.8835508823394775,
        0.9180249571800232,
        0.9221022129058838,
        0.923753023147583,
        0.9247840642929077,
        0.9246706366539001,
        0.9260690212249756,
        0.9271953105926514,
        0.9282429218292236,
        0.9276533722877502,
        0.930094838142395,
        0.9313828349113464,
        0.9322536587715149,
        0.9329490661621094,
        0.9335854649543762,
        0.9341433048248291,
        0.9345394372940063,
        0.936013400554657,
        0.9363656044006348,
        0.9369869232177734,
        0.9373104572296143,
        0.9380300641059875,
        0.9383187890052795,
        0.9388373494148254,
        0.9389038681983948,
        0.9395236968994141,
        0.9398910403251648,
        0.9407073855400085,
        0.9410701990127563,
        0.9414693117141724,
        0.9417111873626709,
        0.9418200254440308,
        0.9422916769981384,
        0.9424156546592712,
        0.9426061511039734,
        0.942489743232727,
        0.9428313970565796,
        0.9430339932441711,
        0.9431730508804321,
        0.9432456493377686
    ]
}