{
    "loss": [
        0.5215310454368591,
        0.37568795680999756,
        0.31427767872810364,
        0.2798160910606384,
        0.2656753659248352,
        0.2603819668292999,
        0.25789308547973633,
        0.25605475902557373,
        0.25534844398498535,
        0.25415605306625366,
        0.2531101107597351,
        0.25294339656829834,
        0.25284212827682495,
        0.2519231140613556,
        0.25113990902900696,
        0.25035932660102844,
        0.24981588125228882,
        0.24902623891830444,
        0.24892045557498932,
        0.24821892380714417,
        0.2471807897090912,
        0.24668121337890625,
        0.24613337218761444,
        0.245340958237648,
        0.24504545331001282,
        0.24398291110992432,
        0.24328897893428802,
        0.24241217970848083,
        0.2411738783121109,
        0.2407698929309845,
        0.24036632478237152,
        0.2400248646736145,
        0.23920339345932007,
        0.23833538591861725,
        0.23781850934028625,
        0.23714420199394226,
        0.23639708757400513,
        0.23628854751586914,
        0.23572014272212982,
        0.23470184206962585
    ],
    "binary_accuracy": [
        0.7458030581474304,
        0.8591991066932678,
        0.8903998136520386,
        0.9090292453765869,
        0.9160839915275574,
        0.9188386797904968,
        0.920513391494751,
        0.9212713241577148,
        0.9219995141029358,
        0.9223197102546692,
        0.9226322770118713,
        0.9230505228042603,
        0.9233831167221069,
        0.9236006736755371,
        0.9237368106842041,
        0.9238541126251221,
        0.9240226745605469,
        0.9242115616798401,
        0.924297571182251,
        0.9244495034217834,
        0.9246640801429749,
        0.9247334599494934,
        0.9250853061676025,
        0.9252433180809021,
        0.9254318475723267,
        0.9255144596099854,
        0.9257633686065674,
        0.925923228263855,
        0.9260209202766418,
        0.9263648390769958,
        0.926517903804779,
        0.9267445206642151,
        0.9269470572471619,
        0.9270861744880676,
        0.9273354411125183,
        0.9274455904960632,
        0.9275982975959778,
        0.9278954267501831,
        0.9280976057052612,
        0.9281590580940247
    ],
    "val_loss": [
        0.4085966646671295,
        0.32807081937789917,
        0.28317904472351074,
        0.26288771629333496,
        0.25678855180740356,
        0.25559428334236145,
        0.25254008173942566,
        0.25239408016204834,
        0.25216203927993774,
        0.24996255338191986,
        0.25080251693725586,
        0.24956154823303223,
        0.24910064041614532,
        0.24843119084835052,
        0.2478666454553604,
        0.2474091500043869,
        0.24704928696155548,
        0.2475879192352295,
        0.24619993567466736,
        0.24569374322891235,
        0.24468690156936646,
        0.24508768320083618,
        0.24390429258346558,
        0.24350528419017792,
        0.24275828897953033,
        0.24119338393211365,
        0.24084173142910004,
        0.24033625423908234,
        0.23910701274871826,
        0.2389381378889084,
        0.23832368850708008,
        0.23757678270339966,
        0.2386617511510849,
        0.23607319593429565,
        0.2351587563753128,
        0.2350020557641983,
        0.23523153364658356,
        0.2344781756401062,
        0.2335241585969925,
        0.23259778320789337
    ],
    "val_binary_accuracy": [
        0.8445127606391907,
        0.8823278546333313,
        0.9053186774253845,
        0.9156197905540466,
        0.919689416885376,
        0.921375036239624,
        0.9222412705421448,
        0.9226418733596802,
        0.9232269525527954,
        0.9234869480133057,
        0.9239888787269592,
        0.9242337942123413,
        0.9243395924568176,
        0.9244998097419739,
        0.9243728518486023,
        0.9247492551803589,
        0.9247477650642395,
        0.9250229001045227,
        0.925193727016449,
        0.9254975914955139,
        0.9254975914955139,
        0.9253751635551453,
        0.9256684184074402,
        0.9262081384658813,
        0.9257152676582336,
        0.9264832735061646,
        0.9266057014465332,
        0.9263184666633606,
        0.9270894527435303,
        0.9273374080657959,
        0.927632212638855,
        0.9276427626609802,
        0.9282761812210083,
        0.9274749755859375,
        0.9280917644500732,
        0.928170382976532,
        0.9288824200630188,
        0.9291031360626221,
        0.929267942905426,
        0.9288007616996765
    ]
}