{
    "loss": [
        0.5783709287643433,
        0.4496860206127167,
        0.3818020522594452,
        0.335124135017395,
        0.3065781891345978,
        0.28647708892822266,
        0.27434593439102173,
        0.26633960008621216,
        0.26180747151374817,
        0.25894948840141296,
        0.25740233063697815,
        0.2559085488319397,
        0.25477689504623413,
        0.2535277307033539,
        0.25318872928619385,
        0.25242453813552856,
        0.2521165907382965,
        0.25091850757598877,
        0.2502172887325287,
        0.24939951300621033,
        0.2484840601682663,
        0.24832139909267426,
        0.24794679880142212,
        0.24760927259922028,
        0.24720916152000427,
        0.24604706466197968,
        0.24572598934173584,
        0.24494408071041107,
        0.24461425840854645,
        0.2444109171628952,
        0.2436590939760208,
        0.24301527440547943,
        0.241891548037529,
        0.24194598197937012,
        0.24111001193523407,
        0.2404438704252243,
        0.2395165115594864,
        0.2390449047088623,
        0.23832164704799652,
        0.237648606300354
    ],
    "binary_accuracy": [
        0.694879412651062,
        0.8134880661964417,
        0.8623045086860657,
        0.8832500576972961,
        0.8953288793563843,
        0.9044806957244873,
        0.9108226895332336,
        0.9145137667655945,
        0.9165938496589661,
        0.9180532097816467,
        0.9191471338272095,
        0.9200789928436279,
        0.9207207560539246,
        0.9212664365768433,
        0.9217510223388672,
        0.9221858382225037,
        0.922631561756134,
        0.9228321313858032,
        0.9231134653091431,
        0.9233683943748474,
        0.9235267639160156,
        0.9239472150802612,
        0.9240565896034241,
        0.924287736415863,
        0.9245113730430603,
        0.9246686100959778,
        0.9247602820396423,
        0.9249333739280701,
        0.9251724481582642,
        0.9253466725349426,
        0.9253074526786804,
        0.9255125522613525,
        0.9255303144454956,
        0.9257177114486694,
        0.9258610010147095,
        0.9260767102241516,
        0.9260702729225159,
        0.9262373447418213,
        0.9264723062515259,
        0.926558256149292
    ],
    "val_loss": [
        0.4739411771297455,
        0.40329036116600037,
        0.3432728946208954,
        0.3093947470188141,
        0.286761075258255,
        0.27203983068466187,
        0.2637489438056946,
        0.25702598690986633,
        0.25378289818763733,
        0.2535920739173889,
        0.251487135887146,
        0.25120362639427185,
        0.25062429904937744,
        0.2507127821445465,
        0.2492128163576126,
        0.2502404749393463,
        0.24861428141593933,
        0.24818088114261627,
        0.247118279337883,
        0.2462822049856186,
        0.247429758310318,
        0.24607481062412262,
        0.24559630453586578,
        0.24574102461338043,
        0.2445887327194214,
        0.24433858692646027,
        0.24401327967643738,
        0.24281522631645203,
        0.24301749467849731,
        0.24214783310890198,
        0.24154861271381378,
        0.2412431538105011,
        0.24012446403503418,
        0.24056611955165863,
        0.23863732814788818,
        0.23851768672466278,
        0.23750141263008118,
        0.23735159635543823,
        0.23640023171901703,
        0.23602524399757385
    ],
    "val_binary_accuracy": [
        0.7939626574516296,
        0.8560444712638855,
        0.8800950050354004,
        0.8926289677619934,
        0.9026851654052734,
        0.9103013873100281,
        0.9150876402854919,
        0.9165646433830261,
        0.9187853932380676,
        0.9203712344169617,
        0.9205843806266785,
        0.9217257499694824,
        0.9221883416175842,
        0.9225814342498779,
        0.9230213165283203,
        0.9234809279441833,
        0.9234672784805298,
        0.924141526222229,
        0.9244877696037292,
        0.9244166612625122,
        0.9249866008758545,
        0.9249533414840698,
        0.9253554940223694,
        0.9253554940223694,
        0.9253917932510376,
        0.9257349371910095,
        0.9259405136108398,
        0.9258936643600464,
        0.9261264801025391,
        0.9260993003845215,
        0.9262443780899048,
        0.926230788230896,
        0.9264379143714905,
        0.9267039895057678,
        0.9265028834342957,
        0.9264545440673828,
        0.9269806146621704,
        0.927272379398346,
        0.9271393418312073,
        0.9274341464042664
    ]
}