{
    "loss": [
        0.6325350999832153,
        0.4417915642261505,
        0.3397609293460846,
        0.31704577803611755,
        0.30743899941444397,
        0.3020192086696625,
        0.298818975687027,
        0.2965090274810791,
        0.2947166860103607,
        0.29329749941825867,
        0.29232317209243774,
        0.2911677062511444,
        0.2902432382106781,
        0.28944751620292664,
        0.2884541153907776,
        0.2875652313232422,
        0.28682056069374084,
        0.2861291170120239,
        0.28532707691192627,
        0.2845263183116913,
        0.28375375270843506,
        0.28277525305747986,
        0.2817648947238922,
        0.28056782484054565,
        0.28533846139907837,
        0.2798205614089966,
        0.2757341265678406,
        0.2726619243621826,
        0.2712683379650116,
        0.2699136734008789,
        0.25705480575561523,
        0.24140681326389313,
        0.23658153414726257,
        0.23449131846427917,
        0.23293541371822357,
        0.2318699210882187,
        0.23085437715053558,
        0.23016583919525146,
        0.22979529201984406,
        0.22899487614631653
    ],
    "binary_accuracy": [
        0.6571149230003357,
        0.8237326741218567,
        0.8720265030860901,
        0.8827477693557739,
        0.8869874477386475,
        0.8894118666648865,
        0.8908327221870422,
        0.891882598400116,
        0.8926216959953308,
        0.893324613571167,
        0.893691897392273,
        0.8941342234611511,
        0.8945954442024231,
        0.8948243260383606,
        0.8951656222343445,
        0.8956158757209778,
        0.8960525393486023,
        0.8963345885276794,
        0.8968278765678406,
        0.8972407579421997,
        0.8977219462394714,
        0.8982298970222473,
        0.8986733555793762,
        0.8990305066108704,
        0.9004072546958923,
        0.9022505283355713,
        0.9034308195114136,
        0.9041888117790222,
        0.9046247601509094,
        0.9050123691558838,
        0.9079322814941406,
        0.9144914746284485,
        0.9167352318763733,
        0.9178088307380676,
        0.9185649156570435,
        0.9189751744270325,
        0.9192780256271362,
        0.9196645617485046,
        0.9196539521217346,
        0.9199503660202026
    ],
    "val_loss": [
        0.5300037264823914,
        0.35583072900772095,
        0.31860557198524475,
        0.30660107731819153,
        0.3010280430316925,
        0.2978198826313019,
        0.29534393548965454,
        0.2936907410621643,
        0.29243767261505127,
        0.29108181595802307,
        0.2900274395942688,
        0.28952619433403015,
        0.2882571816444397,
        0.2872704565525055,
        0.2862231135368347,
        0.28547677397727966,
        0.28464892506599426,
        0.2841021418571472,
        0.2835398018360138,
        0.2827772796154022,
        0.28152498602867126,
        0.28033554553985596,
        0.2793799042701721,
        0.2864088714122772,
        0.27833092212677,
        0.2737456262111664,
        0.2706455588340759,
        0.2685494124889374,
        0.2670842111110687,
        0.26550742983818054,
        0.23866651952266693,
        0.22850938141345978,
        0.22637008130550385,
        0.22516119480133057,
        0.22390669584274292,
        0.22305597364902496,
        0.2231157422065735,
        0.222822904586792,
        0.2214687466621399,
        0.221819669008255
    ],
    "val_binary_accuracy": [
        0.7703429460525513,
        0.8648912310600281,
        0.8815069794654846,
        0.8875570297241211,
        0.889650821685791,
        0.8908753395080566,
        0.8919879794120789,
        0.8927741050720215,
        0.893415093421936,
        0.893957793712616,
        0.8943327069282532,
        0.8945488929748535,
        0.8949615955352783,
        0.8952579498291016,
        0.8957900404930115,
        0.8962209224700928,
        0.8965580463409424,
        0.8969812989234924,
        0.8972746133804321,
        0.8978188633918762,
        0.8985157608985901,
        0.8990645408630371,
        0.8994893431663513,
        0.9009995460510254,
        0.9036330580711365,
        0.9050102829933167,
        0.9054456353187561,
        0.9056739211082458,
        0.9060397744178772,
        0.9064086675643921,
        0.9128774404525757,
        0.9198330640792847,
        0.9218316078186035,
        0.9220462441444397,
        0.9225723743438721,
        0.9231936931610107,
        0.9235973358154297,
        0.92381352186203,
        0.9238497614860535,
        0.9239208102226257
    ]
}