{
    "loss": [
        0.689246654510498,
        0.4765090048313141,
        0.4017970561981201,
        0.3675595819950104,
        0.3470369875431061,
        0.32945775985717773,
        0.30344587564468384,
        0.28266510367393494,
        0.2747010290622711,
        0.27084165811538696,
        0.26867949962615967,
        0.26677069067955017,
        0.2661643326282501,
        0.26552706956863403,
        0.26455965638160706,
        0.2642333209514618,
        0.26376253366470337,
        0.2630963921546936,
        0.2628653347492218,
        0.261993944644928,
        0.262051522731781,
        0.26165613532066345,
        0.26082098484039307,
        0.26013559103012085,
        0.25924402475357056,
        0.25852957367897034,
        0.2581256330013275,
        0.2570163607597351,
        0.2563885748386383,
        0.25538116693496704,
        0.2549308240413666,
        0.253813773393631,
        0.25325021147727966,
        0.2520505487918854,
        0.2514060139656067,
        0.250584214925766,
        0.2504308819770813,
        0.24937264621257782,
        0.2490580976009369,
        0.24864532053470612
    ],
    "binary_accuracy": [
        0.6042566895484924,
        0.7893024682998657,
        0.840499222278595,
        0.8593416810035706,
        0.8700245022773743,
        0.8796408772468567,
        0.8925628662109375,
        0.9053857326507568,
        0.9099474549293518,
        0.9119796752929688,
        0.9125113487243652,
        0.9132364988327026,
        0.9140612483024597,
        0.9153293967247009,
        0.9157366752624512,
        0.9158905148506165,
        0.916237473487854,
        0.9165636301040649,
        0.916843831539154,
        0.9171229004859924,
        0.917180597782135,
        0.9174215793609619,
        0.9176451563835144,
        0.9178910255432129,
        0.9181093573570251,
        0.9182643890380859,
        0.9182590842247009,
        0.9185053110122681,
        0.9184694886207581,
        0.9186795353889465,
        0.9187070727348328,
        0.918825089931488,
        0.9191290736198425,
        0.9194680452346802,
        0.9196113348007202,
        0.9198723435401917,
        0.9201257228851318,
        0.9201532602310181,
        0.920413076877594,
        0.9206140637397766
    ],
    "val_loss": [
        0.5612912774085999,
        0.40853869915008545,
        0.36752134561538696,
        0.3435231149196625,
        0.3260822296142578,
        0.3041142523288727,
        0.2754279375076294,
        0.263064980506897,
        0.25767430663108826,
        0.2568055987358093,
        0.25472694635391235,
        0.25413307547569275,
        0.25451672077178955,
        0.2532244920730591,
        0.25252392888069153,
        0.2523530125617981,
        0.2518322467803955,
        0.25198686122894287,
        0.25209537148475647,
        0.2513046860694885,
        0.2516363561153412,
        0.25100570917129517,
        0.2508513331413269,
        0.25046616792678833,
        0.24991999566555023,
        0.24827884137630463,
        0.2474243938922882,
        0.2473306804895401,
        0.24740809202194214,
        0.24604791402816772,
        0.2453870177268982,
        0.2456902116537094,
        0.24481964111328125,
        0.24419564008712769,
        0.24389444291591644,
        0.24297937750816345,
        0.2431725710630417,
        0.241486594080925,
        0.24275381863117218,
        0.24089942872524261
    ],
    "val_binary_accuracy": [
        0.7554581761360168,
        0.843951940536499,
        0.8683940172195435,
        0.8761054873466492,
        0.8822265863418579,
        0.8899970054626465,
        0.9066157341003418,
        0.9124495983123779,
        0.9156545400619507,
        0.917246401309967,
        0.9184316396713257,
        0.9192162156105042,
        0.9194822907447815,
        0.9200114011764526,
        0.9200870394706726,
        0.9205390214920044,
        0.9205572009086609,
        0.920986533164978,
        0.9211195707321167,
        0.9212843179702759,
        0.9210787415504456,
        0.9213432669639587,
        0.9220265746116638,
        0.9221883416175842,
        0.9219842553138733,
        0.9221293926239014,
        0.9220538139343262,
        0.9222382307052612,
        0.9226872324943542,
        0.9226071238517761,
        0.92231684923172,
        0.9224544167518616,
        0.922705352306366,
        0.9230288863182068,
        0.922676682472229,
        0.9232752919197083,
        0.9232828617095947,
        0.9235262870788574,
        0.9234023094177246,
        0.9235973358154297
    ]
}