{
    "loss": [
        0.5280877947807312,
        0.3321900963783264,
        0.2762921452522278,
        0.26191699504852295,
        0.25696006417274475,
        0.25433459877967834,
        0.2519247531890869,
        0.24922361969947815,
        0.24715764820575714,
        0.24575276672840118,
        0.24384623765945435,
        0.2423742264509201,
        0.2406851053237915,
        0.2391086369752884,
        0.23683300614356995,
        0.23473739624023438,
        0.23269285261631012,
        0.2303081452846527,
        0.22835923731327057,
        0.22668343782424927,
        0.22494055330753326,
        0.22291477024555206,
        0.2211456298828125,
        0.21906115114688873,
        0.21772725880146027,
        0.21521437168121338,
        0.21360217034816742,
        0.21127577126026154,
        0.21036306023597717,
        0.20848742127418518,
        0.2071487009525299,
        0.20576326549053192,
        0.2040807008743286,
        0.20334221422672272,
        0.20280297100543976,
        0.2012520581483841,
        0.1994228959083557,
        0.19901052117347717,
        0.19824738800525665,
        0.19775518774986267
    ],
    "binary_accuracy": [
        0.7356135249137878,
        0.8826293349266052,
        0.91075599193573,
        0.9180026650428772,
        0.9203108549118042,
        0.9215187430381775,
        0.9224550724029541,
        0.9230161905288696,
        0.9235754013061523,
        0.9239766597747803,
        0.9245064854621887,
        0.9249619841575623,
        0.9253775477409363,
        0.9257901310920715,
        0.926255464553833,
        0.9267441630363464,
        0.927119791507721,
        0.9275733828544617,
        0.9280990958213806,
        0.9286394715309143,
        0.929192304611206,
        0.9297975301742554,
        0.9301957488059998,
        0.93067467212677,
        0.9311264157295227,
        0.9312897324562073,
        0.9318934679031372,
        0.9322611093521118,
        0.9325039982795715,
        0.932837724685669,
        0.9331310987472534,
        0.9333230257034302,
        0.9337834715843201,
        0.9339972734451294,
        0.9343374371528625,
        0.9347178936004639,
        0.9350543022155762,
        0.9352458715438843,
        0.9356399178504944,
        0.9358016848564148
    ],
    "val_loss": [
        0.37992069125175476,
        0.2829626500606537,
        0.2605941593647003,
        0.25445932149887085,
        0.2521253228187561,
        0.24983921647071838,
        0.247309610247612,
        0.2462266981601715,
        0.24365036189556122,
        0.24270692467689514,
        0.2388136088848114,
        0.24060951173305511,
        0.2382533848285675,
        0.2353874295949936,
        0.2329324334859848,
        0.23099780082702637,
        0.2290651649236679,
        0.22521273791790009,
        0.22398750483989716,
        0.22304780781269073,
        0.22100339829921722,
        0.21860411763191223,
        0.2171693593263626,
        0.21478267014026642,
        0.2116745263338089,
        0.21155568957328796,
        0.21122482419013977,
        0.20726752281188965,
        0.2054179608821869,
        0.20566749572753906,
        0.20384572446346283,
        0.20209603011608124,
        0.1990150362253189,
        0.19873127341270447,
        0.20162807404994965,
        0.19679218530654907,
        0.19597502052783966,
        0.19725565612316132,
        0.19720855355262756,
        0.19366581737995148
    ],
    "val_binary_accuracy": [
        0.8649532198905945,
        0.9051478505134583,
        0.9176591634750366,
        0.9205556511878967,
        0.9227432012557983,
        0.9231105446815491,
        0.9236245155334473,
        0.9239374399185181,
        0.9251635074615479,
        0.9256805181503296,
        0.9247825145721436,
        0.9265996813774109,
        0.9267644286155701,
        0.9264771938323975,
        0.9272164702415466,
        0.9279436469078064,
        0.9281446933746338,
        0.927855908870697,
        0.9292981624603271,
        0.9300706386566162,
        0.930543839931488,
        0.9310699105262756,
        0.9308612942695618,
        0.9311757683753967,
        0.9314388036727905,
        0.9328160285949707,
        0.9328129887580872,
        0.9331198930740356,
        0.9338213205337524,
        0.9343534708023071,
        0.9333617687225342,
        0.934273362159729,
        0.9343217015266418,
        0.9340707659721375,
        0.9360602498054504,
        0.9357866048812866,
        0.9358727931976318,
        0.9369083642959595,
        0.9370716214179993,
        0.9361993074417114
    ]
}