{
    "loss": [
        0.4184810221195221,
        0.2801821827888489,
        0.25756070017814636,
        0.2500649094581604,
        0.24376696348190308,
        0.23768645524978638,
        0.23115511238574982,
        0.225064218044281,
        0.21944624185562134,
        0.21421881020069122,
        0.2095707654953003,
        0.2054481953382492,
        0.2037680745124817,
        0.19997359812259674,
        0.1978418231010437,
        0.19577504694461823,
        0.19323094189167023,
        0.1921423375606537,
        0.18988704681396484,
        0.187801331281662,
        0.18729089200496674,
        0.18556679785251617,
        0.18470776081085205,
        0.1842745840549469,
        0.18211619555950165,
        0.18141907453536987,
        0.18074190616607666,
        0.1794438511133194,
        0.17973628640174866,
        0.17975330352783203,
        0.1788034290075302,
        0.17790640890598297,
        0.17734740674495697,
        0.17713545262813568,
        0.17737071216106415,
        0.1770729273557663,
        0.17601627111434937,
        0.1759716272354126,
        0.17595769464969635,
        0.17496241629123688
    ],
    "binary_accuracy": [
        0.8221594095230103,
        0.9093678593635559,
        0.9219674468040466,
        0.9248462319374084,
        0.9267513155937195,
        0.9282559752464294,
        0.9300317168235779,
        0.9316185712814331,
        0.9333429932594299,
        0.9347503185272217,
        0.9354242086410522,
        0.9360400438308716,
        0.9366396069526672,
        0.9374186992645264,
        0.9379458427429199,
        0.9383007287979126,
        0.9390172362327576,
        0.9391465783119202,
        0.9394882321357727,
        0.9400157332420349,
        0.9397661089897156,
        0.9404826164245605,
        0.9408552050590515,
        0.9404746890068054,
        0.9408314228057861,
        0.9411749839782715,
        0.9411334991455078,
        0.9416293501853943,
        0.941356360912323,
        0.9414551258087158,
        0.9416482448577881,
        0.9419865012168884,
        0.9420309662818909,
        0.942330002784729,
        0.9422847628593445,
        0.9421818256378174,
        0.942578136920929,
        0.9426177144050598,
        0.94252610206604,
        0.942821741104126
    ],
    "val_loss": [
        0.30654430389404297,
        0.25487056374549866,
        0.24675866961479187,
        0.2424752563238144,
        0.23522911965847015,
        0.2272016406059265,
        0.22255665063858032,
        0.21598751842975616,
        0.21089887619018555,
        0.20738308131694794,
        0.20353388786315918,
        0.2031126767396927,
        0.20264890789985657,
        0.1941620111465454,
        0.1948709785938263,
        0.19170421361923218,
        0.1926153302192688,
        0.1881422996520996,
        0.18625687062740326,
        0.184418186545372,
        0.18236936628818512,
        0.1802246868610382,
        0.18066677451133728,
        0.18221251666545868,
        0.18005798757076263,
        0.1792977899312973,
        0.17807817459106445,
        0.1761259138584137,
        0.17310397326946259,
        0.17635157704353333,
        0.1737891286611557,
        0.17328840494155884,
        0.17175082862377167,
        0.17253826558589935,
        0.1771841049194336,
        0.1724666804075241,
        0.17153339087963104,
        0.17142945528030396,
        0.17087675631046295,
        0.17220817506313324
    ],
    "val_binary_accuracy": [
        0.8913394212722778,
        0.9218950867652893,
        0.9255610704421997,
        0.9277985095977783,
        0.9294432997703552,
        0.9302036762237549,
        0.9323005080223083,
        0.9343050718307495,
        0.9337790012359619,
        0.9369249939918518,
        0.9375463128089905,
        0.9384608864784241,
        0.9382144808769226,
        0.9390671253204346,
        0.9398381114006042,
        0.9401888251304626,
        0.9404911994934082,
        0.940181314945221,
        0.940665066242218,
        0.9416537284851074,
        0.9418487548828125,
        0.9421299695968628,
        0.9425472021102905,
        0.9417625665664673,
        0.9425683617591858,
        0.9420996904373169,
        0.9435071349143982,
        0.9427406787872314,
        0.9429613947868347,
        0.9423007965087891,
        0.9436855316162109,
        0.9432229399681091,
        0.9436129927635193,
        0.9430793523788452,
        0.9428570866584778,
        0.9436734318733215,
        0.944195032119751,
        0.9443023204803467,
        0.9440831542015076,
        0.9443265199661255
    ]
}