{
    "loss": [
        0.678752064704895,
        0.6614097356796265,
        0.642365574836731,
        0.6184569597244263,
        0.5808427333831787,
        0.5449955463409424,
        0.5208633542060852,
        0.5046719312667847,
        0.493222177028656,
        0.4843214452266693,
        0.476704478263855,
        0.4695274233818054,
        0.46275246143341064,
        0.4564085006713867,
        0.4494539201259613,
        0.4431377649307251,
        0.4373941719532013,
        0.43136918544769287,
        0.4259169101715088,
        0.4200247526168823,
        0.41446995735168457,
        0.4088454842567444,
        0.40240469574928284,
        0.3973461389541626,
        0.3915632665157318,
        0.3863926827907562,
        0.3812132775783539,
        0.37695953249931335,
        0.37286508083343506,
        0.36903658509254456,
        0.36563625931739807,
        0.36276042461395264,
        0.36048179864883423,
        0.3574145436286926,
        0.3549420237541199,
        0.35304513573646545,
        0.3512316346168518,
        0.3491114377975464,
        0.3476373553276062,
        0.34623292088508606
    ],
    "binary_accuracy": [
        0.5447924733161926,
        0.581845760345459,
        0.6086996793746948,
        0.6416048407554626,
        0.6817145347595215,
        0.7283894419670105,
        0.755172073841095,
        0.771945059299469,
        0.7828401327133179,
        0.7916880249977112,
        0.7986677289009094,
        0.8041808605194092,
        0.8090481162071228,
        0.8139827847480774,
        0.8187530636787415,
        0.8226616978645325,
        0.8264126777648926,
        0.8295938968658447,
        0.8328505158424377,
        0.8355607390403748,
        0.8385089039802551,
        0.8415399789810181,
        0.8441664576530457,
        0.8466281890869141,
        0.8491977453231812,
        0.8510843515396118,
        0.8532451391220093,
        0.8551400303840637,
        0.8570703864097595,
        0.858810305595398,
        0.8604514598846436,
        0.8617034554481506,
        0.8630813360214233,
        0.8646730780601501,
        0.8659340739250183,
        0.8673976063728333,
        0.8688441514968872,
        0.8702107667922974,
        0.8713858127593994,
        0.8725947737693787
    ],
    "val_loss": [
        0.6691192388534546,
        0.64873868227005,
        0.6265039443969727,
        0.5932997465133667,
        0.545616626739502,
        0.5126756429672241,
        0.49160757660865784,
        0.4775725305080414,
        0.4677056670188904,
        0.45990461111068726,
        0.45293352007865906,
        0.44609498977661133,
        0.43965306878089905,
        0.43303772807121277,
        0.42673322558403015,
        0.4206872880458832,
        0.4147791564464569,
        0.4093862473964691,
        0.40401145815849304,
        0.3984180986881256,
        0.39258578419685364,
        0.38661935925483704,
        0.3806529939174652,
        0.37504252791404724,
        0.36914578080177307,
        0.3637426495552063,
        0.35901105403900146,
        0.3548133969306946,
        0.3504440188407898,
        0.34716278314590454,
        0.3437184989452362,
        0.34056493639945984,
        0.337800532579422,
        0.33559438586235046,
        0.33294305205345154,
        0.330371230840683,
        0.3284900188446045,
        0.32682961225509644,
        0.3252454400062561,
        0.32375985383987427
    ],
    "val_binary_accuracy": [
        0.5718477368354797,
        0.5997079014778137,
        0.6300594806671143,
        0.6653499007225037,
        0.7248980402946472,
        0.7652831077575684,
        0.7853698134422302,
        0.7977813482284546,
        0.8057860732078552,
        0.8122261762619019,
        0.8177078366279602,
        0.8227646350860596,
        0.827738344669342,
        0.8326560854911804,
        0.8372593522071838,
        0.8408724665641785,
        0.8442587852478027,
        0.8477781414985657,
        0.8509498238563538,
        0.8534699082374573,
        0.855748176574707,
        0.8584330081939697,
        0.8608866333961487,
        0.8627989888191223,
        0.8643349409103394,
        0.8662109971046448,
        0.8674355745315552,
        0.8691785931587219,
        0.8701189160346985,
        0.8717758059501648,
        0.8725104928016663,
        0.8734251260757446,
        0.8742808103561401,
        0.8752619028091431,
        0.8756836652755737,
        0.8766481876373291,
        0.8776369094848633,
        0.8786376714706421,
        0.8795628547668457,
        0.8803414106369019
    ]
}