{
    "loss": [
        0.5707826018333435,
        0.3579939901828766,
        0.3007522523403168,
        0.2830723524093628,
        0.2716044783592224,
        0.26243191957473755,
        0.2556125223636627,
        0.25169888138771057,
        0.24890363216400146,
        0.24657413363456726,
        0.24495700001716614,
        0.24388785660266876,
        0.24246129393577576,
        0.24099722504615784,
        0.23983442783355713,
        0.2388916313648224,
        0.23832541704177856,
        0.23742243647575378,
        0.23710930347442627,
        0.23684248328208923,
        0.23631256818771362,
        0.2359064370393753,
        0.23555803298950195,
        0.23504242300987244,
        0.23463329672813416,
        0.23443372547626495,
        0.234053373336792,
        0.23378899693489075,
        0.2334020584821701,
        0.23238344490528107,
        0.23071636259555817,
        0.22941607236862183,
        0.22869247198104858,
        0.22784669697284698,
        0.22751790285110474,
        0.2271714210510254,
        0.22691106796264648,
        0.2265302836894989,
        0.22644977271556854,
        0.22629521787166595
    ],
    "binary_accuracy": [
        0.7147098183631897,
        0.8600867986679077,
        0.8874773383140564,
        0.8970133662223816,
        0.9022497534751892,
        0.9063563942909241,
        0.9098581075668335,
        0.9118725657463074,
        0.9131026268005371,
        0.9140148758888245,
        0.9145699143409729,
        0.9147844910621643,
        0.9152766466140747,
        0.9156820178031921,
        0.9160994291305542,
        0.9164577126502991,
        0.9166907668113708,
        0.9169614911079407,
        0.9170761108398438,
        0.9171854853630066,
        0.9174279570579529,
        0.9175097942352295,
        0.9175957441329956,
        0.9177994132041931,
        0.9178884029388428,
        0.9179378151893616,
        0.9180924296379089,
        0.9181723594665527,
        0.918254554271698,
        0.9186519980430603,
        0.9189974665641785,
        0.9193522930145264,
        0.9197260141372681,
        0.9201856851577759,
        0.9204699993133545,
        0.9206981658935547,
        0.9208554029464722,
        0.9210537672042847,
        0.9211208820343018,
        0.9211978316307068
    ],
    "val_loss": [
        0.41493767499923706,
        0.2975916862487793,
        0.27320539951324463,
        0.2621850073337555,
        0.2517804801464081,
        0.24318386614322662,
        0.23802074790000916,
        0.23566167056560516,
        0.23370300233364105,
        0.23222310841083527,
        0.23142936825752258,
        0.23040524125099182,
        0.22951696813106537,
        0.2289445996284485,
        0.2287248969078064,
        0.22758106887340546,
        0.22746551036834717,
        0.22685961425304413,
        0.2267582267522812,
        0.2260735183954239,
        0.2262738049030304,
        0.22558961808681488,
        0.22516070306301117,
        0.22503888607025146,
        0.22478710114955902,
        0.2251703441143036,
        0.2248312532901764,
        0.22391489148139954,
        0.22389252483844757,
        0.22342954576015472,
        0.22224514186382294,
        0.2219497710466385,
        0.2215164452791214,
        0.2212837040424347,
        0.2213057428598404,
        0.22105306386947632,
        0.2210443913936615,
        0.22061577439308167,
        0.22134020924568176,
        0.22073566913604736
    ],
    "val_binary_accuracy": [
        0.8391172885894775,
        0.8890763521194458,
        0.9011688828468323,
        0.9061455726623535,
        0.912067174911499,
        0.9162486791610718,
        0.9181323051452637,
        0.9191331267356873,
        0.9199041128158569,
        0.9203500747680664,
        0.9203697443008423,
        0.9207098484039307,
        0.92084139585495,
        0.920926034450531,
        0.9215851426124573,
        0.9216395616531372,
        0.9218693971633911,
        0.921579122543335,
        0.92177414894104,
        0.9222019910812378,
        0.9224846363067627,
        0.9219359159469604,
        0.9223757982254028,
        0.9220008850097656,
        0.9219192862510681,
        0.9222533702850342,
        0.9219918251037598,
        0.9223788380622864,
        0.9220916032791138,
        0.9228958487510681,
        0.9230848550796509,
        0.9232345223426819,
        0.9235700964927673,
        0.9231407642364502,
        0.9235716462135315,
        0.9236744046211243,
        0.9238588213920593,
        0.924017608165741,
        0.9233372807502747,
        0.9234854578971863
    ]
}