{
    "loss": [
        0.4232078492641449,
        0.27077820897102356,
        0.24838316440582275,
        0.23958320915699005,
        0.23511193692684174,
        0.23077727854251862,
        0.22721095383167267,
        0.22314538061618805,
        0.219142884016037,
        0.21548131108283997,
        0.21115444600582123,
        0.2079015076160431,
        0.20545710623264313,
        0.20297425985336304,
        0.19847789406776428,
        0.1969650834798813,
        0.19390346109867096,
        0.19318822026252747,
        0.19145359098911285,
        0.1889021247625351,
        0.18882443010807037,
        0.1878887116909027,
        0.18670515716075897,
        0.18622830510139465,
        0.1850612312555313,
        0.18411551415920258,
        0.18297819793224335,
        0.18231254816055298,
        0.18232066929340363,
        0.18176642060279846,
        0.1805218607187271,
        0.18016548454761505,
        0.1792212277650833,
        0.17886444926261902,
        0.17851944267749786,
        0.17802082002162933,
        0.17740030586719513,
        0.1770305037498474,
        0.17654423415660858,
        0.17580340802669525
    ],
    "binary_accuracy": [
        0.8100832104682922,
        0.9064235091209412,
        0.918793797492981,
        0.9220998287200928,
        0.9233231544494629,
        0.9243149161338806,
        0.9251354932785034,
        0.9258006811141968,
        0.9267008304595947,
        0.927478015422821,
        0.9285738468170166,
        0.9294800162315369,
        0.9305589199066162,
        0.9313651323318481,
        0.93288254737854,
        0.9336318969726562,
        0.9346334338188171,
        0.9351006746292114,
        0.9357560873031616,
        0.9365785121917725,
        0.9368089437484741,
        0.9372410774230957,
        0.937584638595581,
        0.9377275109291077,
        0.9382908940315247,
        0.9386276602745056,
        0.9389545917510986,
        0.9391740560531616,
        0.9394376873970032,
        0.9396103620529175,
        0.9399829506874084,
        0.9402397871017456,
        0.940615713596344,
        0.9407824277877808,
        0.9407740831375122,
        0.9410456418991089,
        0.9412967562675476,
        0.941267728805542,
        0.9414909482002258,
        0.9416173100471497
    ],
    "val_loss": [
        0.2881067991256714,
        0.24654661118984222,
        0.23656950891017914,
        0.2330346554517746,
        0.22628816962242126,
        0.22670665383338928,
        0.22282761335372925,
        0.21870282292366028,
        0.21469594538211823,
        0.21219179034233093,
        0.20641058683395386,
        0.20683950185775757,
        0.20361126959323883,
        0.20009993016719818,
        0.1949661821126938,
        0.19177334010601044,
        0.1911403089761734,
        0.18939492106437683,
        0.18778714537620544,
        0.18502938747406006,
        0.1862475574016571,
        0.1846189647912979,
        0.18793030083179474,
        0.18282635509967804,
        0.1852402538061142,
        0.1838577687740326,
        0.18302620947360992,
        0.17900550365447998,
        0.1819429248571396,
        0.18478819727897644,
        0.18040144443511963,
        0.17907877266407013,
        0.1777503788471222,
        0.17826183140277863,
        0.17674610018730164,
        0.17928080260753632,
        0.177395299077034,
        0.17622101306915283,
        0.17338356375694275,
        0.17507526278495789
    ],
    "val_binary_accuracy": [
        0.8976782560348511,
        0.9170211553573608,
        0.9225194454193115,
        0.9239873290061951,
        0.9243849515914917,
        0.9255096912384033,
        0.9265044331550598,
        0.9277183413505554,
        0.9274583458900452,
        0.9290804862976074,
        0.9304168224334717,
        0.9307388663291931,
        0.9318907856941223,
        0.932776689529419,
        0.9344562888145447,
        0.9353315830230713,
        0.935160756111145,
        0.9351924657821655,
        0.9374812841415405,
        0.9381117224693298,
        0.9379030466079712,
        0.9385606646537781,
        0.9388720989227295,
        0.939274251461029,
        0.9391457438468933,
        0.9393422603607178,
        0.9407164454460144,
        0.939702033996582,
        0.9405607581138611,
        0.9410596489906311,
        0.9420664310455322,
        0.9405758380889893,
        0.9419863224029541,
        0.9416537284851074,
        0.9417036175727844,
        0.9425018429756165,
        0.9429750442504883,
        0.9429402351379395,
        0.9424338340759277,
        0.9433711171150208
    ]
}