{
    "loss": [
        0.394663542509079,
        0.2698379158973694,
        0.2621151804924011,
        0.25311529636383057,
        0.2324339747428894,
        0.22766250371932983,
        0.22756940126419067,
        0.22308649122714996,
        0.22084301710128784,
        0.21819990873336792,
        0.21700353920459747,
        0.21553762257099152,
        0.214059978723526,
        0.21007893979549408,
        0.20881007611751556,
        0.20650894939899445,
        0.20629122853279114,
        0.20603661239147186,
        0.20719024538993835,
        0.20602154731750488,
        0.20473958551883698,
        0.2055121809244156,
        0.20602890849113464,
        0.20434068143367767,
        0.20371922850608826,
        0.2025834321975708,
        0.20220527052879333,
        0.20139767229557037,
        0.20278920233249664,
        0.19951550662517548,
        0.19917240738868713,
        0.20023217797279358,
        0.20178094506263733,
        0.19918188452720642,
        0.19883155822753906,
        0.19995875656604767,
        0.19865679740905762,
        0.1990397870540619,
        0.19779101014137268,
        0.1982765942811966
    ],
    "binary_accuracy": [
        0.8444251418113708,
        0.915752112865448,
        0.9198734164237976,
        0.9219920039176941,
        0.922411322593689,
        0.9234973788261414,
        0.9240094423294067,
        0.9244793057441711,
        0.9256600141525269,
        0.9265284538269043,
        0.9267585277557373,
        0.927306056022644,
        0.928242027759552,
        0.9288012385368347,
        0.9295871257781982,
        0.9300882816314697,
        0.93095862865448,
        0.9316102266311646,
        0.9310517907142639,
        0.9316698312759399,
        0.9324862360954285,
        0.9324983358383179,
        0.9331352114677429,
        0.933491587638855,
        0.9338815212249756,
        0.9342065453529358,
        0.9342110753059387,
        0.9345263242721558,
        0.9338969588279724,
        0.9350399374961853,
        0.9352794289588928,
        0.9349464178085327,
        0.9346669912338257,
        0.9350727796554565,
        0.9350795745849609,
        0.9350625872612,
        0.9355931282043457,
        0.935158371925354,
        0.9357930421829224,
        0.9354585409164429
    ],
    "val_loss": [
        0.28644469380378723,
        0.25833094120025635,
        0.2533959150314331,
        0.24087375402450562,
        0.2255779653787613,
        0.22666756808757782,
        0.22112421691417694,
        0.21931877732276917,
        0.21575912833213806,
        0.21336321532726288,
        0.21289567649364471,
        0.20902106165885925,
        0.21531540155410767,
        0.2050592452287674,
        0.20306800305843353,
        0.2004232257604599,
        0.20294784009456635,
        0.205229252576828,
        0.19803021848201752,
        0.20253971219062805,
        0.20074957609176636,
        0.2022474706172943,
        0.2006557583808899,
        0.19907818734645844,
        0.20110425353050232,
        0.20193089544773102,
        0.19945098459720612,
        0.20440880954265594,
        0.19603629410266876,
        0.19368430972099304,
        0.19602063298225403,
        0.200555220246315,
        0.19804899394512177,
        0.2016863226890564,
        0.2012416273355484,
        0.19508549571037292,
        0.19387026131153107,
        0.19450363516807556,
        0.19252166152000427,
        0.1935245543718338
    ],
    "val_binary_accuracy": [
        0.9043586850166321,
        0.9198451638221741,
        0.9215715527534485,
        0.9244136810302734,
        0.9238195419311523,
        0.9246464967727661,
        0.9254961013793945,
        0.9265134930610657,
        0.9274296164512634,
        0.9278196692466736,
        0.9272860288619995,
        0.9298681020736694,
        0.9266646504402161,
        0.9310275912284851,
        0.931695818901062,
        0.9316549897193909,
        0.932787299156189,
        0.9323806166648865,
        0.9336081743240356,
        0.9321976900100708,
        0.9334040880203247,
        0.9335129261016846,
        0.9349597096443176,
        0.9360935091972351,
        0.9357427954673767,
        0.9355009198188782,
        0.9363883137702942,
        0.9349959492683411,
        0.9367768168449402,
        0.9379998445510864,
        0.9369794130325317,
        0.9341433048248291,
        0.9372379183769226,
        0.9359952211380005,
        0.9367223978042603,
        0.9368025064468384,
        0.9376702904701233,
        0.9359257221221924,
        0.9375855922698975,
        0.9377337694168091
    ]
}