{
    "loss": [
        0.6595548391342163,
        0.3856954574584961,
        0.3560361862182617,
        0.29071560502052307,
        0.2841331660747528,
        0.45968350768089294,
        0.2734290063381195,
        0.3681618869304657,
        0.36612120270729065,
        0.26611098647117615,
        0.2548077702522278,
        0.29576852917671204,
        0.8954363465309143,
        0.2427489012479782,
        0.3035639822483063,
        0.26573386788368225,
        0.2888125777244568
    ],
    "binary_accuracy": [
        0.76884526014328,
        0.8646565079689026,
        0.8965657949447632,
        0.9123627543449402,
        0.9148248434066772,
        0.9029315710067749,
        0.9214897155761719,
        0.8948827981948853,
        0.9108657240867615,
        0.9201155304908752,
        0.9262256622314453,
        0.9043324589729309,
        0.8592002391815186,
        0.92449551820755,
        0.9175256490707397,
        0.9195838570594788,
        0.9116500616073608
    ],
    "val_loss": [
        0.49624282121658325,
        0.337178498506546,
        0.2691170275211334,
        0.2854190468788147,
        0.246719628572464,
        0.2678065001964569,
        0.2283535748720169,
        0.24942271411418915,
        0.25203725695610046,
        0.257894903421402,
        0.2464311718940735,
        0.3070613145828247,
        0.24564297497272491,
        0.27532440423965454,
        0.2291581928730011,
        0.2595248222351074,
        0.2592357099056244
    ],
    "val_binary_accuracy": [
        0.7704049348831177,
        0.8875479698181152,
        0.9165570735931396,
        0.9080640077590942,
        0.9249261617660522,
        0.9238830208778381,
        0.935110867023468,
        0.931032121181488,
        0.9310956597328186,
        0.9234809279441833,
        0.9358773231506348,
        0.9245255589485168,
        0.926645040512085,
        0.9286707639694214,
        0.92788165807724,
        0.9144209623336792,
        0.9170907139778137
    ]
}