{
    "loss": [
        0.6968027949333191,
        0.7046106457710266,
        0.3092213571071625,
        0.30448538064956665,
        0.307434618473053,
        0.27685362100601196,
        0.280862420797348,
        0.27822914719581604,
        0.2760106921195984,
        0.2813107669353485,
        0.2677338123321533,
        0.2719624936580658,
        0.2698444426059723,
        0.2618982791900635,
        0.26162734627723694,
        0.2614815831184387,
        0.2648742198944092,
        0.278035432100296,
        0.27104324102401733,
        0.2654040455818176,
        0.2628500163555145,
        0.26311150193214417,
        0.26668015122413635,
        0.2676551938056946,
        0.2666699290275574,
        0.26114150881767273
    ],
    "binary_accuracy": [
        0.7762288451194763,
        0.8410425782203674,
        0.8884887099266052,
        0.8917494416236877,
        0.8969907760620117,
        0.9087908864021301,
        0.9084621071815491,
        0.9083775877952576,
        0.9106266498565674,
        0.9093689918518066,
        0.9143365025520325,
        0.9133191108703613,
        0.9149938225746155,
        0.9185487031936646,
        0.9179558753967285,
        0.9182296991348267,
        0.9195144772529602,
        0.9157781600952148,
        0.9197237491607666,
        0.9228069186210632,
        0.9227616190910339,
        0.9233536720275879,
        0.920988917350769,
        0.922210693359375,
        0.9218422770500183,
        0.9234784841537476
    ],
    "val_loss": [
        7.712184906005859,
        0.3043022155761719,
        0.2816984951496124,
        0.27170825004577637,
        0.2874092757701874,
        0.2723376750946045,
        0.25496530532836914,
        0.25589168071746826,
        0.30672937631607056,
        0.2974756956100464,
        0.3163694441318512,
        0.2566169798374176,
        0.2665107250213623,
        0.28276771306991577,
        0.245453342795372,
        0.23841264843940735,
        0.2920351028442383,
        0.2451305389404297,
        0.24371030926704407,
        0.25129589438438416,
        0.23868867754936218,
        0.25016364455223083,
        0.24903374910354614,
        0.25629961490631104,
        0.2817493677139282,
        0.2633744180202484
    ],
    "val_binary_accuracy": [
        0.5,
        0.88547682762146,
        0.8933334350585938,
        0.9051130414009094,
        0.9114428162574768,
        0.9176545739173889,
        0.9126899838447571,
        0.9131344556808472,
        0.8921663761138916,
        0.9057192802429199,
        0.8847920298576355,
        0.9172101616859436,
        0.9236744046211243,
        0.9131525754928589,
        0.924601137638092,
        0.9248626828193665,
        0.9077087640762329,
        0.930648148059845,
        0.9271544814109802,
        0.9256638884544373,
        0.9284742474555969,
        0.927677571773529,
        0.9264439344406128,
        0.9199857115745544,
        0.9166885614395142,
        0.930648148059845
    ]
}