{
    "loss": [
        0.6914812326431274,
        6.9869232177734375,
        7.7124738693237305,
        7.712473392486572,
        7.712472438812256,
        7.712472438812256,
        7.712475299835205,
        7.712472438812256,
        7.7124738693237305,
        7.712471008300781,
        7.712473392486572
    ],
    "binary_accuracy": [
        0.7845706343650818,
        0.535688579082489,
        0.5,
        0.5,
        0.5,
        0.5,
        0.5,
        0.5,
        0.5,
        0.5,
        0.5
    ],
    "val_loss": [
        0.3656684458255768,
        7.712474346160889,
        7.712474346160889,
        7.712474346160889,
        7.712474346160889,
        7.712474346160889,
        7.712474346160889,
        7.712474346160889,
        7.712474346160889,
        7.712474346160889,
        7.712474346160889
    ],
    "val_binary_accuracy": [
        0.8533973693847656,
        0.5,
        0.5,
        0.5,
        0.5,
        0.5,
        0.5,
        0.5,
        0.5,
        0.5,
        0.5
    ]
}