{
    "loss": [
        5.718533039093018,
        7.712471961975098,
        7.712472438812256,
        7.712472438812256,
        7.712474822998047,
        7.712471961975098,
        7.7124738693237305,
        7.7124738693237305,
        7.712471008300781,
        7.712471008300781,
        7.712473392486572
    ],
    "binary_accuracy": [
        0.536342442035675,
        0.5,
        0.5,
        0.5,
        0.5,
        0.5,
        0.5,
        0.5,
        0.5,
        0.5,
        0.5
    ],
    "val_loss": [
        7.712474346160889,
        7.712474346160889,
        7.712474346160889,
        7.712474346160889,
        7.712474346160889,
        7.712474346160889,
        7.712474346160889,
        7.712474346160889,
        7.712474346160889,
        7.712474346160889,
        7.712474346160889
    ],
    "val_binary_accuracy": [
        0.5,
        0.5,
        0.5,
        0.5,
        0.5,
        0.5,
        0.5,
        0.5,
        0.5,
        0.5,
        0.5
    ]
}