{
    "loss": [
        0.5662912130355835,
        0.46878376603126526,
        0.42338818311691284,
        0.3578794300556183,
        0.3288455009460449,
        0.3397124409675598,
        0.36424219608306885,
        0.3007839024066925,
        0.32766154408454895,
        0.36172202229499817,
        0.27601006627082825,
        0.2848761975765228,
        0.2696216106414795,
        0.276230126619339,
        0.26928773522377014,
        0.2857460677623749,
        0.2622656226158142,
        0.2693963348865509,
        0.2694735825061798,
        0.27600979804992676,
        0.2762126624584198,
        0.2719283998012543,
        0.2764075696468353,
        0.2751462459564209,
        0.2738814055919647,
        0.27251961827278137,
        0.2686145007610321,
        0.27102893590927124,
        0.2659115195274353,
        0.2657003104686737,
        0.26561135053634644,
        0.26243066787719727,
        0.2650599777698517,
        0.2637895345687866,
        0.2628108859062195,
        0.26183953881263733,
        0.2605096101760864,
        0.2585213780403137,
        0.26004910469055176,
        0.25945836305618286
    ],
    "binary_accuracy": [
        0.6980164647102356,
        0.7925477623939514,
        0.8407959938049316,
        0.8687921166419983,
        0.8828296065330505,
        0.8843274116516113,
        0.8822571635246277,
        0.898094892501831,
        0.9010796546936035,
        0.8915187120437622,
        0.9078915119171143,
        0.9080808162689209,
        0.9128507375717163,
        0.9097298979759216,
        0.9123609066009521,
        0.9063755869865417,
        0.9153618216514587,
        0.9131143689155579,
        0.9135317802429199,
        0.9139835238456726,
        0.9149304628372192,
        0.9159531593322754,
        0.9154210686683655,
        0.9172394275665283,
        0.9175196290016174,
        0.9174879193305969,
        0.9198331236839294,
        0.9186810851097107,
        0.9208252429962158,
        0.9211265444755554,
        0.9207977056503296,
        0.9233019948005676,
        0.9221726059913635,
        0.9219946265220642,
        0.9226217269897461,
        0.9239276051521301,
        0.9244344234466553,
        0.9251339435577393,
        0.9246312975883484,
        0.9246384501457214
    ],
    "val_loss": [
        0.4977313280105591,
        0.41303882002830505,
        0.3512900769710541,
        0.3103690445423126,
        0.2979222238063812,
        5.275063991546631,
        0.2883223593235016,
        0.26555007696151733,
        0.26102370023727417,
        0.26603710651397705,
        0.25113633275032043,
        0.2564547657966614,
        0.2594733238220215,
        0.27326053380966187,
        0.25139907002449036,
        0.2546311616897583,
        0.25757455825805664,
        0.2824985384941101,
        0.26290231943130493,
        0.2532658576965332,
        0.2416393905878067,
        0.28282833099365234,
        0.2460034340620041,
        0.25899234414100647,
        0.2557522654533386,
        0.2676055431365967,
        0.3021962344646454,
        0.2623592019081116,
        0.26825517416000366,
        0.2340558022260666,
        0.2375352382659912,
        0.24818171560764313,
        0.2374514788389206,
        0.2560826539993286,
        0.25542858242988586,
        0.2577282786369324,
        0.23274296522140503,
        0.24449919164180756,
        0.27177104353904724,
        0.2401074469089508
    ],
    "val_binary_accuracy": [
        0.7688765525817871,
        0.8440244793891907,
        0.8726344704627991,
        0.8913319110870361,
        0.9015029668807983,
        0.5017944574356079,
        0.8951173424720764,
        0.9078810811042786,
        0.916159451007843,
        0.9064282774925232,
        0.9150105118751526,
        0.9177302122116089,
        0.9116831421852112,
        0.9224634766578674,
        0.9232919216156006,
        0.9176425337791443,
        0.9157664179801941,
        0.9091706275939941,
        0.9176803231239319,
        0.9262081384658813,
        0.9249079823493958,
        0.9087397456169128,
        0.9302520751953125,
        0.9317744374275208,
        0.9223440885543823,
        0.927682101726532,
        0.9121986627578735,
        0.9195926785469055,
        0.9203576445579529,
        0.9315113425254822,
        0.9279375672340393,
        0.9250637292861938,
        0.9286571741104126,
        0.9285951852798462,
        0.9256669282913208,
        0.9283472299575806,
        0.9321085214614868,
        0.9291802644729614,
        0.9202563166618347,
        0.9338939189910889
    ]
}