{
    "loss": [
        0.6289017796516418,
        0.5476284027099609,
        0.4909193515777588,
        0.4373944103717804,
        0.3858134150505066,
        0.4389473497867584,
        0.45620161294937134,
        0.40668854117393494,
        0.36050984263420105,
        0.3513650596141815,
        0.3406742811203003,
        0.33308470249176025,
        0.33629274368286133,
        0.3121349513530731,
        0.3039519190788269,
        0.30083709955215454,
        0.3006862998008728,
        0.3028164803981781,
        0.3028590977191925,
        0.2941502630710602,
        0.29172515869140625,
        0.28098809719085693,
        0.2853906452655792,
        0.28298673033714294,
        0.2787037491798401,
        0.2762693762779236,
        0.2730051279067993,
        0.2710582911968231,
        0.2685564160346985,
        0.2747999131679535,
        0.27221977710723877,
        0.268077552318573,
        0.2668277323246002,
        0.26402777433395386,
        0.26908648014068604,
        0.266700804233551,
        0.26318618655204773,
        0.2620423436164856,
        0.26221027970314026,
        0.2599214017391205
    ],
    "binary_accuracy": [
        0.5000467896461487,
        0.6269629001617432,
        0.8206480145454407,
        0.8356704711914062,
        0.8507193326950073,
        0.8464189171791077,
        0.8217793107032776,
        0.8445001840591431,
        0.8691096305847168,
        0.8733184337615967,
        0.8797140121459961,
        0.8829272389411926,
        0.8833677172660828,
        0.8885271549224854,
        0.8918678760528564,
        0.8925560712814331,
        0.8925741910934448,
        0.8934909105300903,
        0.8943650126457214,
        0.898034930229187,
        0.8996869921684265,
        0.903798520565033,
        0.9032822847366333,
        0.90422123670578,
        0.9066780209541321,
        0.9072606563568115,
        0.9087415337562561,
        0.9095900058746338,
        0.9110474586486816,
        0.9085246920585632,
        0.9102962613105774,
        0.9121610522270203,
        0.9141377806663513,
        0.9150862097740173,
        0.9133903980255127,
        0.9143614172935486,
        0.9163423180580139,
        0.9167706966400146,
        0.9165998697280884,
        0.9172959923744202
    ],
    "val_loss": [
        0.5724241137504578,
        0.4809827506542206,
        0.43156811594963074,
        0.4060550630092621,
        0.33765387535095215,
        0.34462830424308777,
        0.37947386503219604,
        0.33638447523117065,
        0.33424773812294006,
        0.3322584629058838,
        0.3218856155872345,
        0.30245453119277954,
        0.312073677778244,
        0.28773659467697144,
        0.2816910445690155,
        0.30722832679748535,
        0.2810252606868744,
        0.29676389694213867,
        0.3140695095062256,
        0.2707934081554413,
        0.2773185968399048,
        0.26493772864341736,
        0.27985426783561707,
        0.30016589164733887,
        0.2476143091917038,
        0.2507269084453583,
        0.24966877698898315,
        0.2562727928161621,
        0.2727188766002655,
        0.3308534026145935,
        0.2675212323665619,
        0.252214640378952,
        0.24689610302448273,
        0.2523702383041382,
        0.2746432423591614,
        0.26330700516700745,
        0.2529964745044708,
        0.25786495208740234,
        0.2367781102657318,
        0.2552244961261749
    ],
    "val_binary_accuracy": [
        0.5,
        0.8425671458244324,
        0.8454183340072632,
        0.8565554022789001,
        0.8717485666275024,
        0.8784093856811523,
        0.8712406158447266,
        0.8828146457672119,
        0.8791183829307556,
        0.8880211114883423,
        0.8874375820159912,
        0.8925911784172058,
        0.8930749297142029,
        0.8973366022109985,
        0.9021772146224976,
        0.8940757513046265,
        0.9033609628677368,
        0.8911489844322205,
        0.8852803111076355,
        0.9047805070877075,
        0.9094986915588379,
        0.9021923542022705,
        0.9039369225502014,
        0.8978369832038879,
        0.9160234332084656,
        0.9203560948371887,
        0.9163938164710999,
        0.9154670834541321,
        0.8992277979850769,
        0.9009466767311096,
        0.9195563793182373,
        0.9150695204734802,
        0.9183197617530823,
        0.9156651496887207,
        0.9035242199897766,
        0.9250077605247498,
        0.9247779846191406,
        0.9259843826293945,
        0.9202487468719482,
        0.9196168780326843
    ]
}