{
    "loss": [
        0.4024450182914734,
        0.2649240493774414,
        0.24584293365478516,
        0.23764365911483765,
        0.2314622849225998,
        0.22851714491844177,
        0.2262805551290512,
        0.22468681633472443,
        0.2237880676984787,
        0.2221316248178482,
        0.22026552259922028,
        0.21885396540164948,
        0.21762341260910034,
        0.21544042229652405,
        0.21465656161308289,
        0.2132778912782669,
        0.21282337605953217,
        0.21127454936504364,
        0.21012841165065765,
        0.2101927399635315,
        0.21004003286361694,
        0.20809750258922577,
        0.20734301209449768,
        0.20719364285469055,
        0.20685653388500214,
        0.20616856217384338,
        0.20588453114032745,
        0.20459437370300293,
        0.20474548637866974,
        0.20453545451164246,
        0.20394974946975708,
        0.20422044396400452,
        0.2033514678478241,
        0.2031899094581604,
        0.20389996469020844
    ],
    "binary_accuracy": [
        0.8309038877487183,
        0.9140564203262329,
        0.9236475229263306,
        0.9267163276672363,
        0.9284349083900452,
        0.9294753074645996,
        0.9301161766052246,
        0.9308203458786011,
        0.9307558536529541,
        0.9309571981430054,
        0.9317523241043091,
        0.9316632151603699,
        0.9318791031837463,
        0.9322951436042786,
        0.9320554137229919,
        0.9326082468032837,
        0.9327170848846436,
        0.9329295754432678,
        0.9329870343208313,
        0.9330735206604004,
        0.932903528213501,
        0.9333541989326477,
        0.9331883192062378,
        0.9333616495132446,
        0.933185338973999,
        0.9334421753883362,
        0.933631956577301,
        0.9337769746780396,
        0.9337206482887268,
        0.933800458908081,
        0.9340453743934631,
        0.933811604976654,
        0.9339652061462402,
        0.9339476823806763,
        0.9339678287506104
    ],
    "val_loss": [
        0.2777853012084961,
        0.24407963454723358,
        0.23559550940990448,
        0.2278623729944229,
        0.22552277147769928,
        0.22540608048439026,
        0.22080844640731812,
        0.22125162184238434,
        0.21923570334911346,
        0.21970897912979126,
        0.21667440235614777,
        0.21551059186458588,
        0.21463093161582947,
        0.21035964787006378,
        0.2157258689403534,
        0.21164216101169586,
        0.20779526233673096,
        0.21345336735248566,
        0.20835180580615997,
        0.20787565410137177,
        0.2055031657218933,
        0.2061654031276703,
        0.20859269797801971,
        0.2042936384677887,
        0.20501568913459778,
        0.2030772864818573,
        0.20324307680130005,
        0.2038174569606781,
        0.20517198741436005,
        0.19995611906051636,
        0.20411808788776398,
        0.20494025945663452,
        0.20237238705158234,
        0.20164473354816437,
        0.2006826549768448
    ],
    "val_binary_accuracy": [
        0.9045643210411072,
        0.9222820997238159,
        0.9271635413169861,
        0.928569495677948,
        0.9306405782699585,
        0.9305196404457092,
        0.93083256483078,
        0.932373046875,
        0.9326103925704956,
        0.9319921135902405,
        0.9330835938453674,
        0.931969404220581,
        0.9336490035057068,
        0.9336036443710327,
        0.9331848621368408,
        0.9337381720542908,
        0.9330624341964722,
        0.9332922101020813,
        0.9342068433761597,
        0.9344275593757629,
        0.9343005418777466,
        0.9344063997268677,
        0.9344184994697571,
        0.9345953464508057,
        0.9341765642166138,
        0.934572696685791,
        0.9345031380653381,
        0.9352287650108337,
        0.9347374439239502,
        0.9348054528236389,
        0.9344789385795593,
        0.9342809319496155,
        0.9349672198295593,
        0.9351894855499268,
        0.9354223012924194
    ]
}