{
    "loss": [
        0.548214316368103,
        0.41867291927337646,
        0.3568563461303711,
        0.32419124245643616,
        0.30319997668266296,
        0.2887977063655853,
        0.2761595845222473,
        0.26812806725502014,
        0.2607552409172058,
        0.2556827664375305,
        0.2512339949607849,
        0.24808982014656067,
        0.24571818113327026,
        0.2439388930797577,
        0.24117164313793182,
        0.23949116468429565,
        0.2380136400461197,
        0.23673848807811737,
        0.23550322651863098,
        0.23445554077625275,
        0.2332763671875,
        0.23185192048549652,
        0.23087741434574127,
        0.2304682582616806,
        0.22976768016815186,
        0.22871941328048706,
        0.22826677560806274,
        0.22772236168384552,
        0.2272297888994217,
        0.2264835089445114,
        0.22591282427310944,
        0.22529172897338867,
        0.22416357696056366,
        0.22422149777412415,
        0.22367256879806519
    ],
    "binary_accuracy": [
        0.7202771306037903,
        0.8383839130401611,
        0.875603199005127,
        0.8885467648506165,
        0.8965159058570862,
        0.9028063416481018,
        0.9080865383148193,
        0.9117395281791687,
        0.9151885509490967,
        0.9176795482635498,
        0.919966995716095,
        0.9213272929191589,
        0.9224463701248169,
        0.9235185384750366,
        0.9245366454124451,
        0.9251468777656555,
        0.9257712960243225,
        0.926399827003479,
        0.9266682267189026,
        0.9272497892379761,
        0.9274219870567322,
        0.9277262091636658,
        0.9281575083732605,
        0.928283154964447,
        0.9288259148597717,
        0.9288941621780396,
        0.9290428757667542,
        0.9292002320289612,
        0.9294365644454956,
        0.9296665787696838,
        0.9298223853111267,
        0.9299525022506714,
        0.9300885796546936,
        0.9302157163619995,
        0.93023282289505
    ],
    "val_loss": [
        0.4546892046928406,
        0.36844250559806824,
        0.3248857855796814,
        0.3008882403373718,
        0.2829272747039795,
        0.2714952826499939,
        0.2603757381439209,
        0.2547352612018585,
        0.24735622107982635,
        0.2440190464258194,
        0.24183431267738342,
        0.24026359617710114,
        0.23721377551555634,
        0.2356002777814865,
        0.23287077248096466,
        0.2323598563671112,
        0.23218150436878204,
        0.23174607753753662,
        0.22960896790027618,
        0.227990984916687,
        0.22637423872947693,
        0.22547835111618042,
        0.225213423371315,
        0.22521640360355377,
        0.22468045353889465,
        0.22382257878780365,
        0.22302588820457458,
        0.22255589067935944,
        0.22253642976284027,
        0.22247029840946198,
        0.22153016924858093,
        0.22114883363246918,
        0.21968813240528107,
        0.22065041959285736,
        0.21921390295028687
    ],
    "val_binary_accuracy": [
        0.8105088472366333,
        0.873552143573761,
        0.8874572515487671,
        0.8970282077789307,
        0.9019685983657837,
        0.9096044898033142,
        0.9115365147590637,
        0.9171496629714966,
        0.9186297059059143,
        0.9211633801460266,
        0.9219374060630798,
        0.9232118129730225,
        0.9254371523857117,
        0.9264726638793945,
        0.9259995222091675,
        0.9260025024414062,
        0.9283986687660217,
        0.9283835291862488,
        0.9281567931175232,
        0.928016185760498,
        0.9286481142044067,
        0.929472029209137,
        0.9295838475227356,
        0.9300691485404968,
        0.929960310459137,
        0.9302626252174377,
        0.930205225944519,
        0.9303609132766724,
        0.9303972125053406,
        0.9313677549362183,
        0.9308809638023376,
        0.9311667084693909,
        0.9305105805397034,
        0.9305680394172668,
        0.9312256574630737
    ]
}