{
    "loss": [
        0.4168611168861389,
        0.2727852463722229,
        0.2483285814523697,
        0.24014560878276825,
        0.23638519644737244,
        0.23426653444766998,
        0.23348109424114227,
        0.23143930733203888,
        0.22868841886520386,
        0.2278331220149994,
        0.22718584537506104,
        0.22576668858528137,
        0.22526490688323975,
        0.2241467982530594,
        0.2229476124048233,
        0.22268767654895782,
        0.22221535444259644,
        0.22474759817123413,
        0.22046466171741486,
        0.21965958178043365,
        0.21944935619831085,
        0.21888382732868195,
        0.21866007149219513,
        0.21768459677696228,
        0.21677207946777344,
        0.2164659947156906,
        0.21573588252067566,
        0.21522371470928192,
        0.21493110060691833,
        0.21499885618686676,
        0.21314767003059387,
        0.2125689685344696,
        0.2119114100933075,
        0.21181388199329376,
        0.21041198074817657
    ],
    "binary_accuracy": [
        0.8226745128631592,
        0.909614622592926,
        0.9222596287727356,
        0.9255539774894714,
        0.9267874956130981,
        0.9281105399131775,
        0.9283528923988342,
        0.9293623566627502,
        0.9297903180122375,
        0.9302951097488403,
        0.9306313395500183,
        0.9307349920272827,
        0.9309989213943481,
        0.9311621785163879,
        0.9312408566474915,
        0.9313840270042419,
        0.9315021634101868,
        0.9300229549407959,
        0.9321296215057373,
        0.9320550560951233,
        0.9320259690284729,
        0.9322011470794678,
        0.9317877292633057,
        0.932362973690033,
        0.9325187802314758,
        0.9323626160621643,
        0.9325821399688721,
        0.9327417016029358,
        0.9329817891120911,
        0.9326809644699097,
        0.9330295324325562,
        0.9330101013183594,
        0.9331003427505493,
        0.9329766035079956,
        0.9331055879592896
    ],
    "val_loss": [
        0.2902779281139374,
        0.24552413821220398,
        0.23478442430496216,
        0.2332262247800827,
        0.22952920198440552,
        0.22627219557762146,
        0.22819335758686066,
        0.2252635508775711,
        0.22752097249031067,
        0.22197483479976654,
        0.22156290709972382,
        0.2203526794910431,
        0.22522865235805511,
        0.2185763567686081,
        0.22110430896282196,
        0.21915502846240997,
        0.21778418123722076,
        0.2172173410654068,
        0.2168496698141098,
        0.21524758636951447,
        0.21608944237232208,
        0.21549832820892334,
        0.21746687591075897,
        0.21250306069850922,
        0.21163201332092285,
        0.21069413423538208,
        0.21343250572681427,
        0.21272850036621094,
        0.21080127358436584,
        0.21002808213233948,
        0.21009927988052368,
        0.20881366729736328,
        0.2083597481250763,
        0.20629985630512238,
        0.2068231999874115
    ],
    "val_binary_accuracy": [
        0.8971143364906311,
        0.9201792478561401,
        0.925532341003418,
        0.9284787774085999,
        0.9300132393836975,
        0.929945170879364,
        0.9304621815681458,
        0.9315295219421387,
        0.9318137168884277,
        0.9315083622932434,
        0.9323609471321106,
        0.9321689605712891,
        0.932633101940155,
        0.9332377910614014,
        0.9326240420341492,
        0.933470606803894,
        0.9337230920791626,
        0.9338787794113159,
        0.93342524766922,
        0.9335930347442627,
        0.9325786828994751,
        0.9337548017501831,
        0.9332438111305237,
        0.9342884421348572,
        0.9341372847557068,
        0.9341478943824768,
        0.9337472319602966,
        0.9341282248497009,
        0.9343444108963013,
        0.934162974357605,
        0.9345545172691345,
        0.9341176152229309,
        0.9339876174926758,
        0.9349309802055359,
        0.9349294304847717
    ]
}