{
    "loss": [
        0.4151102304458618,
        0.2801499366760254,
        0.2515976130962372,
        0.24227535724639893,
        0.23653647303581238,
        0.23270438611507416,
        0.23036246001720428,
        0.22859683632850647,
        0.22648191452026367,
        0.2254900336265564,
        0.22496309876441956,
        0.223113551735878,
        0.22172509133815765,
        0.22108781337738037,
        0.22050656378269196,
        0.21944007277488708,
        0.2183169424533844,
        0.21798358857631683,
        0.21627582609653473,
        0.21627533435821533,
        0.21572352945804596,
        0.2144320011138916,
        0.2140723317861557,
        0.21390436589717865,
        0.213491290807724,
        0.21267609298229218,
        0.2129170298576355,
        0.21162520349025726,
        0.2108965367078781,
        0.2108355164527893,
        0.2095656841993332,
        0.20882664620876312,
        0.2083788365125656,
        0.2077358514070511,
        0.2078414410352707
    ],
    "binary_accuracy": [
        0.8217172026634216,
        0.9057450294494629,
        0.9194148778915405,
        0.9243091940879822,
        0.9265623688697815,
        0.927899956703186,
        0.9284986257553101,
        0.9293414950370789,
        0.9296624660491943,
        0.9301765561103821,
        0.9305664896965027,
        0.9307748675346375,
        0.9311774969100952,
        0.9314571022987366,
        0.9315696954727173,
        0.9319021701812744,
        0.9323633313179016,
        0.9322086572647095,
        0.9325422644615173,
        0.9328005909919739,
        0.9326481223106384,
        0.9328845143318176,
        0.9329735636711121,
        0.9330675601959229,
        0.9331879615783691,
        0.9332080483436584,
        0.9332442283630371,
        0.9334671497344971,
        0.9335275292396545,
        0.9335581064224243,
        0.9336483478546143,
        0.9337307214736938,
        0.9337896108627319,
        0.9338213205337524,
        0.9338153600692749
    ],
    "val_loss": [
        0.2949993908405304,
        0.25906577706336975,
        0.23710006475448608,
        0.23332935571670532,
        0.23009724915027618,
        0.22649513185024261,
        0.22575743496418,
        0.22274228930473328,
        0.225403293967247,
        0.22046878933906555,
        0.21971257030963898,
        0.22088304162025452,
        0.2174805998802185,
        0.21719317138195038,
        0.2169579118490219,
        0.21670199930667877,
        0.2167479544878006,
        0.21610844135284424,
        0.21559491753578186,
        0.21652573347091675,
        0.2120177000761032,
        0.21216337382793427,
        0.2125813066959381,
        0.21121641993522644,
        0.2095497101545334,
        0.2119290977716446,
        0.20872998237609863,
        0.2084157019853592,
        0.208451509475708,
        0.20866382122039795,
        0.20814916491508484,
        0.20597653090953827,
        0.20646657049655914,
        0.2102012038230896,
        0.20834818482398987
    ],
    "val_binary_accuracy": [
        0.8951868414878845,
        0.9193522930145264,
        0.9243199229240417,
        0.92780601978302,
        0.9280433654785156,
        0.9289882183074951,
        0.93039870262146,
        0.9307947754859924,
        0.9315597414970398,
        0.9315975308418274,
        0.9312831163406372,
        0.9324939846992493,
        0.9313526153564453,
        0.9315083622932434,
        0.9323428273200989,
        0.9331138134002686,
        0.9338394403457642,
        0.9334887266159058,
        0.9336867928504944,
        0.9339966773986816,
        0.9340510964393616,
        0.9338485598564148,
        0.9339800477027893,
        0.9341206550598145,
        0.934373140335083,
        0.9342506527900696,
        0.9345303177833557,
        0.9345424175262451,
        0.9347314238548279,
        0.9341947436332703,
        0.934462308883667,
        0.9346709251403809,
        0.9347828030586243,
        0.9345167279243469,
        0.9347858428955078
    ]
}