{
    "loss": [
        0.31568294763565063,
        0.23293796181678772,
        0.22391673922538757,
        0.21909962594509125,
        0.21455712616443634,
        0.21123553812503815,
        0.2097698301076889,
        0.2081700712442398,
        0.20654943585395813,
        0.2059723436832428,
        0.20487570762634277,
        0.20361454784870148,
        0.20156976580619812,
        0.2007666677236557,
        0.2009383738040924,
        0.1999305635690689,
        0.19980861246585846,
        0.19785496592521667,
        0.19887326657772064,
        0.1972934752702713,
        0.19702038168907166,
        0.1969313621520996,
        0.1961788833141327,
        0.1957615315914154,
        0.1960727572441101,
        0.19516581296920776,
        0.1960562914609909,
        0.19617196917533875,
        0.19542337954044342,
        0.19494369626045227,
        0.19452600181102753,
        0.1948028802871704,
        0.19462084770202637,
        0.1943679004907608,
        0.19423043727874756
    ],
    "binary_accuracy": [
        0.8833541870117188,
        0.9285892248153687,
        0.9306451678276062,
        0.9313929677009583,
        0.9319301247596741,
        0.9325411319732666,
        0.9327383637428284,
        0.9328210949897766,
        0.9332777857780457,
        0.9334298968315125,
        0.9334079027175903,
        0.9337676167488098,
        0.9340460896492004,
        0.9341464042663574,
        0.9341538548469543,
        0.9339666962623596,
        0.9342097640037537,
        0.9343249797821045,
        0.9343864917755127,
        0.934657871723175,
        0.934547483921051,
        0.934630274772644,
        0.934780478477478,
        0.934880793094635,
        0.9348308444023132,
        0.934891939163208,
        0.9347518086433411,
        0.9348106980323792,
        0.9349150657653809,
        0.9349225163459778,
        0.9349545836448669,
        0.9349519610404968,
        0.935152530670166,
        0.935160756111145,
        0.9348569512367249
    ],
    "val_loss": [
        0.23665162920951843,
        0.22111469507217407,
        0.21733972430229187,
        0.21442639827728271,
        0.21006730198860168,
        0.20938459038734436,
        0.2050967961549759,
        0.20452585816383362,
        0.20614005625247955,
        0.1992810219526291,
        0.20231589674949646,
        0.19841299951076508,
        0.20010417699813843,
        0.1984444409608841,
        0.19845081865787506,
        0.19749219715595245,
        0.19828489422798157,
        0.19697138667106628,
        0.19498971104621887,
        0.19404134154319763,
        0.19430601596832275,
        0.1936042159795761,
        0.19287315011024475,
        0.1944279819726944,
        0.1922769695520401,
        0.19471333920955658,
        0.19694890081882477,
        0.1915222406387329,
        0.19290024042129517,
        0.1909576654434204,
        0.19384653866291046,
        0.1917780190706253,
        0.19399359822273254,
        0.1915031522512436,
        0.196337029337883
    ],
    "val_binary_accuracy": [
        0.9232027530670166,
        0.9312846064567566,
        0.9327162504196167,
        0.9333420991897583,
        0.9339861273765564,
        0.9343005418777466,
        0.9344109296798706,
        0.9346905946731567,
        0.9353950619697571,
        0.9339528679847717,
        0.9346542954444885,
        0.9355764985084534,
        0.93497633934021,
        0.93491131067276,
        0.9350156188011169,
        0.9352907538414001,
        0.9345257878303528,
        0.9355734586715698,
        0.9355734586715698,
        0.93546462059021,
        0.9357669353485107,
        0.9358712434768677,
        0.9358833432197571,
        0.9351471662521362,
        0.9360844492912292,
        0.9361554980278015,
        0.9347994327545166,
        0.936087429523468,
        0.9358894228935242,
        0.9358062744140625,
        0.9360013008117676,
        0.9355840086936951,
        0.9357246160507202,
        0.9361206889152527,
        0.9361010789871216
    ]
}