{
    "loss": [
        0.5624141693115234,
        0.41141918301582336,
        0.34860897064208984,
        0.3109893500804901,
        0.28868070244789124,
        0.2751626670360565,
        0.26607969403266907,
        0.2595579922199249,
        0.2548833191394806,
        0.2508904039859772,
        0.24762055277824402,
        0.24512919783592224,
        0.2431344836950302,
        0.2407560646533966,
        0.23914320766925812,
        0.2380286604166031,
        0.23636023700237274,
        0.23521392047405243,
        0.23409686982631683,
        0.23349890112876892,
        0.2330147922039032,
        0.23204809427261353,
        0.23199042677879333,
        0.2313389778137207,
        0.23059500753879547,
        0.23037776350975037,
        0.2304457128047943,
        0.22959890961647034,
        0.22888031601905823,
        0.22892668843269348,
        0.22763270139694214,
        0.22762474417686462,
        0.22743254899978638,
        0.22727228701114655,
        0.22672781348228455
    ],
    "binary_accuracy": [
        0.7046810984611511,
        0.8386921882629395,
        0.8719028830528259,
        0.8901244401931763,
        0.9017636775970459,
        0.9097875952720642,
        0.9145708680152893,
        0.9181011319160461,
        0.9204676151275635,
        0.9222864508628845,
        0.9234969019889832,
        0.9245545268058777,
        0.9252613186836243,
        0.9259580969810486,
        0.9265090227127075,
        0.9268426895141602,
        0.9271595478057861,
        0.9276031851768494,
        0.9278678894042969,
        0.9281452298164368,
        0.9284177422523499,
        0.928637683391571,
        0.9289563894271851,
        0.9292188286781311,
        0.9292829632759094,
        0.9295637011528015,
        0.9297333359718323,
        0.92987459897995,
        0.9300412535667419,
        0.9301109313964844,
        0.9304856061935425,
        0.9303886890411377,
        0.9304978847503662,
        0.9305322170257568,
        0.9306634068489075
    ],
    "val_loss": [
        0.4436052739620209,
        0.3580114543437958,
        0.3131123483181,
        0.2841337025165558,
        0.2666475176811218,
        0.2587659955024719,
        0.2524591088294983,
        0.24807420372962952,
        0.2432425618171692,
        0.24021746218204498,
        0.23827627301216125,
        0.2359611839056015,
        0.23450066149234772,
        0.2335461974143982,
        0.23221608996391296,
        0.23061251640319824,
        0.22948099672794342,
        0.23015734553337097,
        0.22881393134593964,
        0.2290789783000946,
        0.22771121561527252,
        0.22808146476745605,
        0.22678574919700623,
        0.22644805908203125,
        0.22688961029052734,
        0.22446489334106445,
        0.2259269654750824,
        0.22563934326171875,
        0.22453905642032623,
        0.22411879897117615,
        0.22380360960960388,
        0.22725065052509308,
        0.2247156798839569,
        0.22363609075546265,
        0.22226569056510925
    ],
    "val_binary_accuracy": [
        0.8201266527175903,
        0.8652662038803101,
        0.886424720287323,
        0.9026912450790405,
        0.9092159867286682,
        0.9162940382957458,
        0.9197922348976135,
        0.9221308827400208,
        0.923464298248291,
        0.9253569841384888,
        0.9249412417411804,
        0.9263229966163635,
        0.9274311065673828,
        0.9278120994567871,
        0.9283744692802429,
        0.9287886619567871,
        0.9286254048347473,
        0.9289202094078064,
        0.929157555103302,
        0.9300615787506104,
        0.930099368095398,
        0.9303654432296753,
        0.930305004119873,
        0.9306557178497314,
        0.9305211901664734,
        0.9300706386566162,
        0.9310744404792786,
        0.930793285369873,
        0.931036651134491,
        0.9315158724784851,
        0.93181973695755,
        0.9322022199630737,
        0.9317713975906372,
        0.9322823882102966,
        0.9316443800926208
    ]
}