{
    "loss": [
        0.4629683494567871,
        0.31577807664871216,
        0.2746695280075073,
        0.2566145062446594,
        0.25046902894973755,
        0.2452307492494583,
        0.2441774308681488,
        0.2422069013118744,
        0.2414700835943222,
        0.23983542621135712,
        0.2391129434108734,
        0.24008139967918396,
        0.23778747022151947,
        0.23646138608455658,
        0.23669777810573578,
        0.23564337193965912,
        0.23463937640190125,
        0.2337309867143631,
        0.23311766982078552,
        0.23305140435695648,
        0.232539102435112,
        0.23189117014408112,
        0.2321082353591919,
        0.2318863719701767,
        0.22992156445980072,
        0.22955715656280518,
        0.22885216772556305,
        0.22692841291427612,
        0.22691863775253296,
        0.2263539731502533,
        0.22540301084518433,
        0.22439773380756378,
        0.22371059656143188,
        0.2231462150812149,
        0.22258129715919495
    ],
    "binary_accuracy": [
        0.7869065403938293,
        0.8891887068748474,
        0.9069935083389282,
        0.9166737198829651,
        0.9199774265289307,
        0.9222096800804138,
        0.9230819940567017,
        0.924089252948761,
        0.9243908524513245,
        0.9254876375198364,
        0.9258902072906494,
        0.925534188747406,
        0.9264262914657593,
        0.9265534281730652,
        0.9268684387207031,
        0.9271230101585388,
        0.9276020526885986,
        0.927593469619751,
        0.9279353618621826,
        0.9277340173721313,
        0.9280046820640564,
        0.9279099702835083,
        0.9279718995094299,
        0.9277187585830688,
        0.9285795092582703,
        0.9282022714614868,
        0.9283890128135681,
        0.929140567779541,
        0.9290891289710999,
        0.9289866089820862,
        0.9290391802787781,
        0.9291759729385376,
        0.9294268488883972,
        0.9292680621147156,
        0.9296348690986633
    ],
    "val_loss": [
        0.34181278944015503,
        0.27601155638694763,
        0.25373005867004395,
        0.2472551465034485,
        0.2399505078792572,
        0.23620444536209106,
        0.23682166635990143,
        0.23533318936824799,
        0.23276810348033905,
        0.23555777966976166,
        0.2364320009946823,
        0.2319602072238922,
        0.23353713750839233,
        0.2308194488286972,
        0.2300095409154892,
        0.2290133833885193,
        0.22691811621189117,
        0.2293584644794464,
        0.22810742259025574,
        0.2286408394575119,
        0.22432899475097656,
        0.22679726779460907,
        0.23129071295261383,
        0.22757941484451294,
        0.23649686574935913,
        0.22948595881462097,
        0.22393423318862915,
        0.2231525033712387,
        0.22006537020206451,
        0.22228991985321045,
        0.22031328082084656,
        0.21740271151065826,
        0.2215336412191391,
        0.21648061275482178,
        0.21609370410442352
    ],
    "val_binary_accuracy": [
        0.8782899379730225,
        0.9033246636390686,
        0.9158163070678711,
        0.9227537512779236,
        0.924017608165741,
        0.9254794716835022,
        0.9258846044540405,
        0.9278377890586853,
        0.9284515380859375,
        0.9288023114204407,
        0.9274916052818298,
        0.929372251033783,
        0.928419828414917,
        0.9290668368339539,
        0.9301840662956238,
        0.9300767183303833,
        0.929995059967041,
        0.930737316608429,
        0.9303412437438965,
        0.9288431406021118,
        0.9307675957679749,
        0.9303715229034424,
        0.9291409254074097,
        0.9303246140480042,
        0.9253978133201599,
        0.9288506507873535,
        0.9302021861076355,
        0.9311258792877197,
        0.9313874244689941,
        0.930643618106842,
        0.9307766556739807,
        0.930992841720581,
        0.9290456771850586,
        0.9314751029014587,
        0.9312211275100708
    ]
}