{
    "loss": [
        0.5942484736442566,
        0.4739910364151001,
        0.4117235839366913,
        0.3696107566356659,
        0.34134548902511597,
        0.32561546564102173,
        0.31332677602767944,
        0.30324989557266235,
        0.2960941791534424,
        0.28912967443466187,
        0.2840953469276428,
        0.2789060175418854,
        0.2732851803302765,
        0.26919326186180115,
        0.2656712234020233,
        0.2623913884162903,
        0.25895270705223083,
        0.25738561153411865,
        0.25488224625587463,
        0.2534005343914032,
        0.25154128670692444,
        0.2502565383911133,
        0.24852676689624786,
        0.24773924052715302,
        0.24599911272525787,
        0.2455948144197464,
        0.24506238102912903,
        0.2439306676387787,
        0.24371017515659332,
        0.24265849590301514,
        0.24253487586975098,
        0.24168872833251953,
        0.24104182422161102,
        0.24052336812019348,
        0.24029430747032166
    ],
    "binary_accuracy": [
        0.6769936680793762,
        0.7862876653671265,
        0.8402783870697021,
        0.8661007881164551,
        0.8784919381141663,
        0.8858873248100281,
        0.8905907869338989,
        0.8942228555679321,
        0.8973271250724792,
        0.9002941250801086,
        0.9023940563201904,
        0.9045704007148743,
        0.9073745012283325,
        0.9096936583518982,
        0.9113805294036865,
        0.9134084582328796,
        0.9148146510124207,
        0.9158465266227722,
        0.9170222878456116,
        0.9179069399833679,
        0.9187140464782715,
        0.9191628694534302,
        0.919726550579071,
        0.9203017354011536,
        0.9209567308425903,
        0.9211509227752686,
        0.9216333627700806,
        0.9220881462097168,
        0.9226480722427368,
        0.922848641872406,
        0.923240065574646,
        0.9235039949417114,
        0.9236907362937927,
        0.9241004586219788,
        0.9241765141487122
    ],
    "val_loss": [
        0.4995032846927643,
        0.42660850286483765,
        0.37390580773353577,
        0.3366084694862366,
        0.31718695163726807,
        0.3047046661376953,
        0.2940332889556885,
        0.2861112952232361,
        0.27845999598503113,
        0.2728331387042999,
        0.26798906922340393,
        0.2630745768547058,
        0.2590863108634949,
        0.2593271732330322,
        0.2521207332611084,
        0.2499745786190033,
        0.246988907456398,
        0.24572943150997162,
        0.2437664121389389,
        0.24342069029808044,
        0.24242964386940002,
        0.2405814230442047,
        0.23936498165130615,
        0.23876366019248962,
        0.23800429701805115,
        0.23691830039024353,
        0.2386550009250641,
        0.23672890663146973,
        0.23545895516872406,
        0.23556819558143616,
        0.23610612750053406,
        0.23482540249824524,
        0.23402230441570282,
        0.2342786192893982,
        0.23362348973751068
    ],
    "val_binary_accuracy": [
        0.7653738260269165,
        0.8353590965270996,
        0.8683153986930847,
        0.8802915215492249,
        0.888225257396698,
        0.8929978609085083,
        0.8965988755226135,
        0.8961710333824158,
        0.902050256729126,
        0.9038431644439697,
        0.9053700566291809,
        0.9080609679222107,
        0.9118116497993469,
        0.9150679707527161,
        0.9145041108131409,
        0.9167505502700806,
        0.9175276160240173,
        0.9189743399620056,
        0.9207491874694824,
        0.9198859333992004,
        0.9214445948600769,
        0.9223697781562805,
        0.9216426014900208,
        0.9223682284355164,
        0.9225133657455444,
        0.9230636954307556,
        0.9236744046211243,
        0.9241732954978943,
        0.924740195274353,
        0.9251272082328796,
        0.9246207475662231,
        0.9249836206436157,
        0.9254840016365051,
        0.9259178638458252,
        0.9266979098320007
    ]
}