{
    "loss": [
        0.36521005630493164,
        0.2659400999546051,
        0.25373050570487976,
        0.24972206354141235,
        0.24768099188804626,
        0.24741818010807037,
        0.24469250440597534,
        0.2419549971818924,
        0.24066472053527832,
        0.24087423086166382,
        0.23833952844142914,
        0.2369079887866974,
        0.23647502064704895,
        0.23576436936855316,
        0.2362932562828064,
        0.23490874469280243,
        0.23475563526153564,
        0.23447492718696594,
        0.234002485871315,
        0.23296105861663818,
        0.23218323290348053,
        0.23190873861312866,
        0.23111094534397125,
        0.23084911704063416,
        0.2302129715681076,
        0.2294350266456604,
        0.22960665822029114,
        0.22851528227329254,
        0.22921223938465118,
        0.22605553269386292,
        0.22553803026676178,
        0.22390268743038177,
        0.2222880721092224,
        0.220611572265625,
        0.21990559995174408
    ],
    "binary_accuracy": [
        0.8520943522453308,
        0.9140586256980896,
        0.9202316403388977,
        0.9225313663482666,
        0.9238331913948059,
        0.9242790341377258,
        0.9254827499389648,
        0.9264434576034546,
        0.9267595410346985,
        0.9267036318778992,
        0.9273847341537476,
        0.9277799129486084,
        0.9281474351882935,
        0.9282469749450684,
        0.9280807375907898,
        0.9284263253211975,
        0.9287405610084534,
        0.92870032787323,
        0.9289843440055847,
        0.9289512038230896,
        0.9291558265686035,
        0.9289773106575012,
        0.9293563961982727,
        0.9295644164085388,
        0.9296919107437134,
        0.929737389087677,
        0.929680347442627,
        0.9298190474510193,
        0.9295297861099243,
        0.9299383163452148,
        0.9300538897514343,
        0.930091917514801,
        0.9303189516067505,
        0.9304826259613037,
        0.9302332401275635
    ],
    "val_loss": [
        0.2586851418018341,
        0.2458561509847641,
        0.23776797950267792,
        0.23640181124210358,
        0.23981314897537231,
        0.2389756143093109,
        0.23519259691238403,
        0.23194362223148346,
        0.23154327273368835,
        0.2295989841222763,
        0.22959588468074799,
        0.22923272848129272,
        0.22637693583965302,
        0.22699613869190216,
        0.23086990416049957,
        0.22890569269657135,
        0.22850839793682098,
        0.22649025917053223,
        0.2282056361436844,
        0.22580380737781525,
        0.22428546845912933,
        0.22260257601737976,
        0.2228860706090927,
        0.22224745154380798,
        0.22165177762508392,
        0.22045287489891052,
        0.21986860036849976,
        0.22235676646232605,
        0.22059111297130585,
        0.2187877744436264,
        0.2168271392583847,
        0.2147940844297409,
        0.21105945110321045,
        0.21232886612415314,
        0.2086624652147293
    ],
    "val_binary_accuracy": [
        0.9169168472290039,
        0.9249155521392822,
        0.9256442189216614,
        0.9277788400650024,
        0.9288854598999023,
        0.9296262264251709,
        0.9262232184410095,
        0.9295838475227356,
        0.9305740594863892,
        0.9313480854034424,
        0.9305619597434998,
        0.930758535861969,
        0.9302792549133301,
        0.9303503632545471,
        0.931535542011261,
        0.9308658242225647,
        0.9315657615661621,
        0.9321584105491638,
        0.9320601224899292,
        0.9317033290863037,
        0.9317108988761902,
        0.9320783019065857,
        0.931884765625,
        0.9323095679283142,
        0.93288254737854,
        0.932837188243866,
        0.9329671859741211,
        0.9319104552268982,
        0.9327691197395325,
        0.9327857494354248,
        0.9322052597999573,
        0.9326103925704956,
        0.9333541989326477,
        0.9328674077987671,
        0.933459997177124
    ]
}