{
    "loss": [
        0.5533671975135803,
        0.45718327164649963,
        0.40676766633987427,
        0.36659929156303406,
        0.3379061222076416,
        0.3185231685638428,
        0.3047546446323395,
        0.2945636808872223,
        0.28642934560775757,
        0.2780156135559082,
        0.2715938687324524,
        0.2665849030017853,
        0.26200249791145325,
        0.25848066806793213,
        0.2548578679561615,
        0.2519194185733795,
        0.24921080470085144,
        0.24643729627132416,
        0.2450207620859146,
        0.24294468760490417,
        0.2411455512046814,
        0.2401144951581955,
        0.2384585738182068,
        0.23729056119918823,
        0.23629309237003326,
        0.23494361340999603,
        0.2334587723016739,
        0.23260657489299774,
        0.231174036860466,
        0.2307177037000656,
        0.22990499436855316,
        0.22924178838729858,
        0.22874335944652557,
        0.22854988276958466,
        0.22827544808387756
    ],
    "binary_accuracy": [
        0.7169082164764404,
        0.8020204901695251,
        0.8433971405029297,
        0.8681447505950928,
        0.8831696510314941,
        0.8917270302772522,
        0.8967966437339783,
        0.9004223942756653,
        0.903521716594696,
        0.9063422679901123,
        0.9086859822273254,
        0.9104220867156982,
        0.9125499725341797,
        0.9141771793365479,
        0.9156847596168518,
        0.9173410534858704,
        0.918674886226654,
        0.9199401140213013,
        0.9211148023605347,
        0.9221488833427429,
        0.9229682683944702,
        0.9237131476402283,
        0.9242309331893921,
        0.9248952269554138,
        0.9253586530685425,
        0.9258749485015869,
        0.9265004992485046,
        0.9268866777420044,
        0.9273396134376526,
        0.9277724623680115,
        0.9278384447097778,
        0.9280169606208801,
        0.9282477498054504,
        0.9285030961036682,
        0.928803563117981
    ],
    "val_loss": [
        0.48480674624443054,
        0.4198356866836548,
        0.3759227991104126,
        0.3389365077018738,
        0.31457188725471497,
        0.29854729771614075,
        0.2875196039676666,
        0.2818177342414856,
        0.27153006196022034,
        0.2645847797393799,
        0.25948402285575867,
        0.25406327843666077,
        0.2512345612049103,
        0.24736332893371582,
        0.2442023605108261,
        0.24231413006782532,
        0.24050937592983246,
        0.23907622694969177,
        0.234969362616539,
        0.23366563022136688,
        0.23263730108737946,
        0.2315036803483963,
        0.23141469061374664,
        0.22910262644290924,
        0.22874748706817627,
        0.2268751710653305,
        0.22727876901626587,
        0.227031409740448,
        0.22595274448394775,
        0.22520741820335388,
        0.22368822991847992,
        0.22251613438129425,
        0.22186096012592316,
        0.2239014059305191,
        0.2227756232023239
    ],
    "val_binary_accuracy": [
        0.7595505118370056,
        0.832743763923645,
        0.8638572096824646,
        0.8795462250709534,
        0.8913878202438354,
        0.8967319130897522,
        0.9006609320640564,
        0.9059898853302002,
        0.9065779447555542,
        0.9103180170059204,
        0.9110981225967407,
        0.9142123460769653,
        0.9141986966133118,
        0.9164708852767944,
        0.9181262850761414,
        0.9198043346405029,
        0.9190786480903625,
        0.9209350943565369,
        0.922655463218689,
        0.9238240718841553,
        0.9245028495788574,
        0.9241868853569031,
        0.9260191321372986,
        0.9253191947937012,
        0.9271242618560791,
        0.9278453588485718,
        0.9276125431060791,
        0.9276367425918579,
        0.9291394352912903,
        0.9293041825294495,
        0.9288007616996765,
        0.9295143485069275,
        0.9295248985290527,
        0.9293692111968994,
        0.9295808672904968
    ]
}