{
    "loss": [
        0.4885175824165344,
        0.33257925510406494,
        0.28967389464378357,
        0.26945725083351135,
        0.25550851225852966,
        0.2482089102268219,
        0.24426603317260742,
        0.2419581115245819,
        0.23977257311344147,
        0.2379131019115448,
        0.2371237576007843,
        0.235654816031456,
        0.2355545312166214,
        0.23396407067775726,
        0.23307272791862488,
        0.23327603936195374,
        0.23327189683914185,
        0.23152902722358704,
        0.23197013139724731,
        0.22938114404678345,
        0.22735542058944702,
        0.22712688148021698,
        0.22667986154556274,
        0.22529958188533783,
        0.22461125254631042,
        0.2237251102924347,
        0.22298845648765564,
        0.22257940471172333,
        0.22228220105171204,
        0.22270990908145905,
        0.22196242213249207,
        0.22126518189907074,
        0.22095660865306854,
        0.21937964856624603,
        0.2195974439382553
    ],
    "binary_accuracy": [
        0.7717257738113403,
        0.879492461681366,
        0.8984663486480713,
        0.9081469178199768,
        0.9156843423843384,
        0.920211136341095,
        0.9220780730247498,
        0.9228668808937073,
        0.9235185384750366,
        0.9243367910385132,
        0.9246950745582581,
        0.9247792959213257,
        0.9249231815338135,
        0.9254071116447449,
        0.9255282282829285,
        0.9254961609840393,
        0.9253754019737244,
        0.9259729981422424,
        0.9257086515426636,
        0.9262250065803528,
        0.9264658093452454,
        0.9265534281730652,
        0.9265273213386536,
        0.9268155097961426,
        0.9269392490386963,
        0.927143931388855,
        0.927212119102478,
        0.927180826663971,
        0.9272099137306213,
        0.9271618127822876,
        0.9269903302192688,
        0.926940381526947,
        0.9270212650299072,
        0.927406370639801,
        0.9271591901779175
    ],
    "val_loss": [
        0.36155375838279724,
        0.2970249652862549,
        0.2662932276725769,
        0.25448179244995117,
        0.24034003913402557,
        0.2381523847579956,
        0.2333804816007614,
        0.23221023380756378,
        0.2288220375776291,
        0.22969716787338257,
        0.23259003460407257,
        0.22672545909881592,
        0.22945545613765717,
        0.22850997745990753,
        0.22837847471237183,
        0.22381535172462463,
        0.2236640900373459,
        0.22297297418117523,
        0.2245474010705948,
        0.21985077857971191,
        0.21950022876262665,
        0.21753844618797302,
        0.22215218842029572,
        0.21556347608566284,
        0.2152993381023407,
        0.2180825173854828,
        0.21720871329307556,
        0.21484994888305664,
        0.21285930275917053,
        0.21407581865787506,
        0.21301689743995667,
        0.21374519169330597,
        0.21954531967639923,
        0.21521121263504028,
        0.2099023461341858
    ],
    "val_binary_accuracy": [
        0.8692904710769653,
        0.8957160115242004,
        0.9087095260620117,
        0.91676265001297,
        0.9225178956985474,
        0.9254583120346069,
        0.9260010123252869,
        0.9266132712364197,
        0.9270955324172974,
        0.9286571741104126,
        0.9270879626274109,
        0.9286752939224243,
        0.9273253083229065,
        0.9282262921333313,
        0.92830491065979,
        0.9287902116775513,
        0.9300661087036133,
        0.9292784929275513,
        0.9282490015029907,
        0.9298499226570129,
        0.9295476078987122,
        0.9301084280014038,
        0.9295127987861633,
        0.9300827383995056,
        0.9303624033927917,
        0.9299784302711487,
        0.9297078251838684,
        0.9300978779792786,
        0.9305302500724792,
        0.930105447769165,
        0.9301537871360779,
        0.9298665523529053,
        0.9286798238754272,
        0.9297531843185425,
        0.93084317445755
    ]
}