{
    "loss": [
        0.3503119647502899,
        0.25541219115257263,
        0.23992928862571716,
        0.23265734314918518,
        0.2282930314540863,
        0.22635608911514282,
        0.22398412227630615,
        0.22236964106559753,
        0.2206987738609314,
        0.2199605405330658,
        0.21937908232212067,
        0.2173953354358673,
        0.21618273854255676,
        0.2148815393447876,
        0.213983416557312,
        0.21304617822170258,
        0.21245838701725006,
        0.21237272024154663,
        0.21142762899398804,
        0.21118028461933136,
        0.21012094616889954,
        0.20888397097587585,
        0.20867793262004852,
        0.20851121842861176,
        0.20739106833934784,
        0.20692776143550873,
        0.2065240442752838,
        0.20627491176128387,
        0.20540551841259003,
        0.2053409069776535,
        0.20492513477802277,
        0.20364408195018768,
        0.20407214760780334,
        0.20400092005729675,
        0.2030518352985382
    ],
    "binary_accuracy": [
        0.8661664128303528,
        0.9199860095977783,
        0.9265713095664978,
        0.9284512996673584,
        0.9294861555099487,
        0.9302868843078613,
        0.9308531880378723,
        0.9315551519393921,
        0.9315804839134216,
        0.9317799210548401,
        0.9320695996284485,
        0.9324084520339966,
        0.9323506355285645,
        0.9325575828552246,
        0.9326921105384827,
        0.9330958724021912,
        0.9332088232040405,
        0.9333505034446716,
        0.9332870841026306,
        0.9333710074424744,
        0.9334951043128967,
        0.9338086247444153,
        0.9337773323059082,
        0.9337478876113892,
        0.9337255358695984,
        0.9338966012001038,
        0.9338552355766296,
        0.9340144395828247,
        0.934089720249176,
        0.9342843294143677,
        0.9341657757759094,
        0.9343644976615906,
        0.9344151616096497,
        0.9344703555107117,
        0.9346142411231995
    ],
    "val_loss": [
        0.25953638553619385,
        0.23715302348136902,
        0.22883358597755432,
        0.22643816471099854,
        0.2224598526954651,
        0.21969303488731384,
        0.2191515862941742,
        0.21919046342372894,
        0.2165728509426117,
        0.2146901935338974,
        0.21700559556484222,
        0.21145901083946228,
        0.21098029613494873,
        0.21282781660556793,
        0.2107117474079132,
        0.21274468302726746,
        0.2076721340417862,
        0.2084081470966339,
        0.20930115878582,
        0.2080693244934082,
        0.2055305540561676,
        0.2055564671754837,
        0.20442689955234528,
        0.20536865293979645,
        0.20796789228916168,
        0.20561517775058746,
        0.20818853378295898,
        0.2042950689792633,
        0.2012450098991394,
        0.202827587723732,
        0.20425260066986084,
        0.20154492557048798,
        0.20166712999343872,
        0.20256102085113525,
        0.2029942274093628
    ],
    "val_binary_accuracy": [
        0.9127897620201111,
        0.9272799491882324,
        0.9289565086364746,
        0.9292316436767578,
        0.9314146041870117,
        0.9313541650772095,
        0.932134211063385,
        0.9329974055290222,
        0.9326602816581726,
        0.9328734278678894,
        0.9335673451423645,
        0.9334328174591064,
        0.933364748954773,
        0.9337412118911743,
        0.9341372847557068,
        0.9344169497489929,
        0.9343050718307495,
        0.9348447918891907,
        0.9343565106391907,
        0.9341524243354797,
        0.9348871111869812,
        0.9350548982620239,
        0.9351093173027039,
        0.9344396591186523,
        0.9344214797019958,
        0.9347601532936096,
        0.9346300959587097,
        0.9344592690467834,
        0.9343444108963013,
        0.9351350665092468,
        0.9353618025779724,
        0.9352726340293884,
        0.9351879358291626,
        0.9342430830001831,
        0.9352439045906067
    ]
}