{
    "loss": [
        0.43278729915618896,
        0.29931172728538513,
        0.2633732259273529,
        0.24899710714817047,
        0.24188438057899475,
        0.23855802416801453,
        0.2366037219762802,
        0.23575347661972046,
        0.2342710644006729,
        0.23352587223052979,
        0.23205243051052094,
        0.2314576655626297,
        0.2308845967054367,
        0.2294306755065918,
        0.23029248416423798,
        0.2305951714515686,
        0.2290145456790924,
        0.2283775806427002,
        0.22755737602710724,
        0.22730311751365662,
        0.22755791246891022,
        0.22717520594596863,
        0.226149782538414,
        0.22599998116493225,
        0.22478030622005463,
        0.2246820032596588,
        0.2243340164422989,
        0.22344696521759033,
        0.22307874262332916,
        0.22331713140010834,
        0.22197690606117249,
        0.22126442193984985,
        0.22116822004318237,
        0.22144831717014313,
        0.22039712965488434
    ],
    "binary_accuracy": [
        0.8112660646438599,
        0.8951478004455566,
        0.914778470993042,
        0.9216154217720032,
        0.9245831966400146,
        0.9263263940811157,
        0.92726731300354,
        0.9275245070457458,
        0.9282253980636597,
        0.9285914301872253,
        0.9289608597755432,
        0.9292837381362915,
        0.9292997717857361,
        0.9296867251396179,
        0.929596483707428,
        0.929858922958374,
        0.9299137592315674,
        0.9301552772521973,
        0.9301970601081848,
        0.9301896095275879,
        0.9303834438323975,
        0.9305221438407898,
        0.9306529760360718,
        0.9309515953063965,
        0.9308502078056335,
        0.9310835599899292,
        0.9309996962547302,
        0.9309784173965454,
        0.9313023686408997,
        0.93110591173172,
        0.9314671754837036,
        0.931450366973877,
        0.9315942525863647,
        0.9316244721412659,
        0.9318022727966309
    ],
    "val_loss": [
        0.3145672380924225,
        0.25985291600227356,
        0.24351873993873596,
        0.23636272549629211,
        0.23183496296405792,
        0.232660710811615,
        0.229061558842659,
        0.22850489616394043,
        0.22983382642269135,
        0.22762325406074524,
        0.22738097608089447,
        0.225559800863266,
        0.22518861293792725,
        0.22573888301849365,
        0.22373858094215393,
        0.2245469093322754,
        0.22474725544452667,
        0.2226475030183792,
        0.22502325475215912,
        0.2217160165309906,
        0.22113552689552307,
        0.22273333370685577,
        0.22016756236553192,
        0.22042757272720337,
        0.22076645493507385,
        0.22059646248817444,
        0.2183266580104828,
        0.21713422238826752,
        0.22061172127723694,
        0.2198995053768158,
        0.21826986968517303,
        0.21992462873458862,
        0.21600551903247833,
        0.21676105260849,
        0.2177574783563614
    ],
    "val_binary_accuracy": [
        0.879978597164154,
        0.9122017025947571,
        0.9216002821922302,
        0.9269413352012634,
        0.9287433624267578,
        0.9296594858169556,
        0.9300177693367004,
        0.9294160604476929,
        0.9302822947502136,
        0.9311047196388245,
        0.9312452673912048,
        0.9317290782928467,
        0.9315839409828186,
        0.93189537525177,
        0.9319270849227905,
        0.9320797920227051,
        0.9321085214614868,
        0.932583212852478,
        0.9320616722106934,
        0.9329127669334412,
        0.9322748184204102,
        0.9323171377182007,
        0.9328356385231018,
        0.9329082369804382,
        0.932732880115509,
        0.9328311085700989,
        0.9332000017166138,
        0.9324108362197876,
        0.933763861656189,
        0.932986855506897,
        0.9330276846885681,
        0.9332907199859619,
        0.9335975646972656,
        0.9335658550262451,
        0.933364748954773
    ]
}