{
    "loss": [
        0.5236949324607849,
        0.36760273575782776,
        0.30763813853263855,
        0.2779879570007324,
        0.25973883271217346,
        0.24990834295749664,
        0.24380598962306976,
        0.23903577029705048,
        0.23582564294338226,
        0.23402859270572662,
        0.23277267813682556,
        0.23152880370616913,
        0.2302607148885727,
        0.22963622212409973,
        0.22939984500408173,
        0.22835876047611237,
        0.22806605696678162,
        0.22729843854904175,
        0.2271701991558075,
        0.22657808661460876,
        0.2259710431098938,
        0.225036159157753,
        0.2245907485485077,
        0.2245331108570099,
        0.22399041056632996,
        0.22345982491970062,
        0.22390048205852509,
        0.2232099324464798,
        0.22325411438941956,
        0.22219273447990417,
        0.22231948375701904,
        0.22212807834148407,
        0.22225697338581085,
        0.2213561236858368,
        0.22075255215168
    ],
    "binary_accuracy": [
        0.7435622811317444,
        0.8621119260787964,
        0.889575719833374,
        0.9036291241645813,
        0.9133898615837097,
        0.9191453456878662,
        0.9222697019577026,
        0.9242376685142517,
        0.9256669282913208,
        0.9264613389968872,
        0.9271107316017151,
        0.9275264143943787,
        0.928310751914978,
        0.9286466240882874,
        0.9289217591285706,
        0.9293098449707031,
        0.929467499256134,
        0.9297105669975281,
        0.9299752712249756,
        0.9299290180206299,
        0.9300371408462524,
        0.9303096532821655,
        0.930276095867157,
        0.9302988052368164,
        0.930418848991394,
        0.9306321144104004,
        0.9304594993591309,
        0.9306507706642151,
        0.9308815002441406,
        0.9307819604873657,
        0.9308945536613464,
        0.9309161901473999,
        0.9308077096939087,
        0.9309038519859314,
        0.9310622811317444
    ],
    "val_loss": [
        0.41008883714675903,
        0.31716281175613403,
        0.27636098861694336,
        0.2561599016189575,
        0.24615883827209473,
        0.23943683505058289,
        0.23582638800144196,
        0.2326446771621704,
        0.22794082760810852,
        0.23072367906570435,
        0.22644096612930298,
        0.22569434344768524,
        0.22461894154548645,
        0.2244899719953537,
        0.22306492924690247,
        0.22221797704696655,
        0.2224772870540619,
        0.22439385950565338,
        0.22572864592075348,
        0.23077718913555145,
        0.22461961209774017,
        0.2224159687757492,
        0.21975715458393097,
        0.22069543600082397,
        0.22205470502376556,
        0.21995125710964203,
        0.22122247517108917,
        0.21883663535118103,
        0.2179931104183197,
        0.22175326943397522,
        0.22105063498020172,
        0.2177436351776123,
        0.22328808903694153,
        0.2180907130241394,
        0.2170710563659668
    ],
    "val_binary_accuracy": [
        0.8439292311668396,
        0.8850520253181458,
        0.8990871906280518,
        0.9127807021141052,
        0.9207128882408142,
        0.9239283800125122,
        0.9266344308853149,
        0.9278755784034729,
        0.9282943606376648,
        0.9292996525764465,
        0.929446280002594,
        0.9294840693473816,
        0.9301537871360779,
        0.9302747249603271,
        0.9309293627738953,
        0.931196928024292,
        0.9312604069709778,
        0.9315899610519409,
        0.9320979118347168,
        0.9309641122817993,
        0.932049572467804,
        0.9317079186439514,
        0.9319966435432434,
        0.9326028227806091,
        0.9317880272865295,
        0.9322128295898438,
        0.9320102334022522,
        0.9327056407928467,
        0.9325665831565857,
        0.9326179623603821,
        0.9328235983848572,
        0.9327812194824219,
        0.932149350643158,
        0.9320268630981445,
        0.933082103729248
    ]
}