{
    "loss": [
        0.3171501159667969,
        0.2362382411956787,
        0.2308121621608734,
        0.2248488813638687,
        0.21842125058174133,
        0.21510522067546844,
        0.213928684592247,
        0.21039216220378876,
        0.20929944515228271,
        0.20765256881713867,
        0.20689690113067627,
        0.2061948925256729,
        0.20423342287540436,
        0.203256756067276,
        0.20186500251293182,
        0.20221269130706787,
        0.20169036090373993,
        0.20228330790996552,
        0.2005167305469513,
        0.1994224339723587,
        0.19909386336803436,
        0.1988438218832016,
        0.19809886813163757,
        0.1979396641254425,
        0.19833670556545258,
        0.19701829552650452,
        0.19673065841197968,
        0.1967674195766449,
        0.19726356863975525,
        0.19613638520240784,
        0.19675472378730774,
        0.19682839512825012,
        0.19545871019363403,
        0.19680626690387726,
        0.19625812768936157
    ],
    "binary_accuracy": [
        0.8817545771598816,
        0.927937924861908,
        0.9293493628501892,
        0.9308990240097046,
        0.9319416880607605,
        0.9324729442596436,
        0.9325501322746277,
        0.9330489039421082,
        0.9332680702209473,
        0.9334962368011475,
        0.933633029460907,
        0.933353066444397,
        0.9338496327400208,
        0.9339596033096313,
        0.9342250227928162,
        0.9340639710426331,
        0.9342168569564819,
        0.9341277480125427,
        0.9343640804290771,
        0.9345269799232483,
        0.9346951246261597,
        0.9345963597297668,
        0.934927761554718,
        0.9349281191825867,
        0.9346891641616821,
        0.9350481629371643,
        0.9350783824920654,
        0.9350160956382751,
        0.9349982142448425,
        0.9349709749221802,
        0.9351794123649597,
        0.9349314570426941,
        0.935113787651062,
        0.9349236488342285,
        0.9350537657737732
    ],
    "val_loss": [
        0.23737002909183502,
        0.2448996603488922,
        0.22437229752540588,
        0.21713709831237793,
        0.2127564549446106,
        0.21059201657772064,
        0.21076799929141998,
        0.20525260269641876,
        0.20584280788898468,
        0.20586071908473969,
        0.20439700782299042,
        0.20960041880607605,
        0.19943949580192566,
        0.20150135457515717,
        0.19850149750709534,
        0.19769443571567535,
        0.20239368081092834,
        0.19869431853294373,
        0.19757996499538422,
        0.19882723689079285,
        0.19483168423175812,
        0.19652260839939117,
        0.19666799902915955,
        0.19458521902561188,
        0.1931474357843399,
        0.1952446550130844,
        0.19384557008743286,
        0.1934785395860672,
        0.19383250176906586,
        0.1927753984928131,
        0.19560617208480835,
        0.1939733773469925,
        0.19556012749671936,
        0.19341100752353668,
        0.1935967206954956
    ],
    "val_binary_accuracy": [
        0.9276412725448608,
        0.9234552383422852,
        0.9319104552268982,
        0.9325031042098999,
        0.9333406090736389,
        0.9342476725578308,
        0.9339196085929871,
        0.9340420365333557,
        0.9343534708023071,
        0.9348735213279724,
        0.9344653487205505,
        0.9297546744346619,
        0.9352166652679443,
        0.9352862238883972,
        0.9356580972671509,
        0.9349853992462158,
        0.9351864457130432,
        0.9353436827659607,
        0.9351773858070374,
        0.935753345489502,
        0.9357669353485107,
        0.9355416893959045,
        0.9359937310218811,
        0.9358758330345154,
        0.9356369376182556,
        0.9360179305076599,
        0.9354736804962158,
        0.935703456401825,
        0.9359272122383118,
        0.9358108043670654,
        0.9342173933982849,
        0.9359287023544312,
        0.9359801411628723,
        0.9356974363327026,
        0.9358863830566406
    ]
}