{
    "loss": [
        0.38899052143096924,
        0.25411489605903625,
        0.23380884528160095,
        0.2274673581123352,
        0.22532637417316437,
        0.2210506647825241,
        0.21868443489074707,
        0.21788892149925232,
        0.21560697257518768,
        0.21349912881851196,
        0.2126031517982483,
        0.21152548491954803,
        0.21113300323486328,
        0.2099318504333496,
        0.20810090005397797,
        0.20833724737167358,
        0.20707060396671295,
        0.20673422515392303,
        0.20599350333213806,
        0.2056179791688919,
        0.2055029720067978,
        0.20540973544120789,
        0.20472878217697144,
        0.20443712174892426,
        0.20393194258213043,
        0.20372311770915985,
        0.20333173871040344,
        0.20268547534942627,
        0.2026703655719757,
        0.20171718299388885,
        0.20153982937335968,
        0.20216746628284454,
        0.202333003282547,
        0.202226921916008,
        0.20043465495109558
    ],
    "binary_accuracy": [
        0.8366985321044922,
        0.9177857637405396,
        0.9266690015792847,
        0.9284154772758484,
        0.9288508892059326,
        0.9297534227371216,
        0.930156409740448,
        0.9301221370697021,
        0.9306966066360474,
        0.9313281178474426,
        0.9315036535263062,
        0.9315208196640015,
        0.9315226674079895,
        0.9316781759262085,
        0.932112455368042,
        0.932196319103241,
        0.932587742805481,
        0.9325475096702576,
        0.9325381517410278,
        0.9323062896728516,
        0.9324926733970642,
        0.9326831698417664,
        0.9328129291534424,
        0.9328792691230774,
        0.9327864646911621,
        0.9329948425292969,
        0.9331178665161133,
        0.9333187937736511,
        0.9334295392036438,
        0.9335223436355591,
        0.9337508678436279,
        0.9335327744483948,
        0.9335424900054932,
        0.9334380626678467,
        0.9339029788970947
    ],
    "val_loss": [
        0.2647543251514435,
        0.23200078308582306,
        0.2227461189031601,
        0.21894896030426025,
        0.22133415937423706,
        0.2166484147310257,
        0.2135382890701294,
        0.2140703797340393,
        0.21126139163970947,
        0.2100534588098526,
        0.2097265124320984,
        0.2108229398727417,
        0.20651766657829285,
        0.21129019558429718,
        0.21115966141223907,
        0.20426587760448456,
        0.2102331668138504,
        0.20338498055934906,
        0.20535016059875488,
        0.20239697396755219,
        0.202820286154747,
        0.2020757496356964,
        0.20228765904903412,
        0.2088848352432251,
        0.20161378383636475,
        0.20316056907176971,
        0.20311051607131958,
        0.20141659677028656,
        0.1980864703655243,
        0.19998696446418762,
        0.1998811662197113,
        0.19745278358459473,
        0.19824440777301788,
        0.2018757164478302,
        0.20390984416007996
    ],
    "val_binary_accuracy": [
        0.9100096225738525,
        0.9258513450622559,
        0.9304727911949158,
        0.9294946789741516,
        0.9290608167648315,
        0.9301416873931885,
        0.9319618940353394,
        0.9313662648200989,
        0.932487964630127,
        0.9321478009223938,
        0.9326844811439514,
        0.9316625595092773,
        0.9326300621032715,
        0.9328840374946594,
        0.931769847869873,
        0.9335083961486816,
        0.9329702258110046,
        0.9335764050483704,
        0.9335960745811462,
        0.9340148568153381,
        0.934362530708313,
        0.9333406090736389,
        0.9345378875732422,
        0.9334766268730164,
        0.9341917037963867,
        0.9341463446617126,
        0.9335975646972656,
        0.9343715906143188,
        0.9350443482398987,
        0.9343701004981995,
        0.933713972568512,
        0.9350035190582275,
        0.9351063370704651,
        0.9346134662628174,
        0.9336792230606079
    ]
}