{
    "loss": [
        0.3102496862411499,
        0.23702338337898254,
        0.22699744999408722,
        0.22091199457645416,
        0.21875214576721191,
        0.21624763309955597,
        0.2132890522480011,
        0.21211619675159454,
        0.21048350632190704,
        0.20841529965400696,
        0.20709556341171265,
        0.20642466843128204,
        0.20602907240390778,
        0.2062835991382599,
        0.2059483677148819,
        0.20553751289844513,
        0.204618439078331,
        0.20306318998336792,
        0.20303843915462494,
        0.20329470932483673,
        0.20264334976673126,
        0.20245122909545898,
        0.20214688777923584,
        0.20158405601978302,
        0.20082703232765198,
        0.20210954546928406,
        0.20224960148334503,
        0.20113389194011688,
        0.20024466514587402,
        0.20142684876918793,
        0.2003445327281952,
        0.19978784024715424,
        0.19942227005958557,
        0.1994619518518448,
        0.19992981851100922
    ],
    "binary_accuracy": [
        0.8868140578269958,
        0.9254562854766846,
        0.9277366399765015,
        0.9293448328971863,
        0.9297664761543274,
        0.9305396676063538,
        0.9314351081848145,
        0.9317344427108765,
        0.9319416880607605,
        0.9324367642402649,
        0.9326738715171814,
        0.9327189922332764,
        0.9326928853988647,
        0.9325956106185913,
        0.9332714676856995,
        0.9332311749458313,
        0.933287501335144,
        0.9334500432014465,
        0.9333131909370422,
        0.9335924386978149,
        0.9335495233535767,
        0.9335790276527405,
        0.9336528182029724,
        0.9339610934257507,
        0.9339439868927002,
        0.9338518977165222,
        0.9338246583938599,
        0.9339066743850708,
        0.9341579675674438,
        0.9339059591293335,
        0.9341426491737366,
        0.9342373609542847,
        0.9343327879905701,
        0.9342541098594666,
        0.9342492818832397
    ],
    "val_loss": [
        0.2374177873134613,
        0.2227657437324524,
        0.2179371416568756,
        0.21112453937530518,
        0.21564516425132751,
        0.2133086621761322,
        0.20743733644485474,
        0.20864683389663696,
        0.20418937504291534,
        0.20320245623588562,
        0.2030380666255951,
        0.20393645763397217,
        0.20185762643814087,
        0.20400147140026093,
        0.20176656544208527,
        0.19967453181743622,
        0.19996963441371918,
        0.201541930437088,
        0.20103046298027039,
        0.20164421200752258,
        0.2037028968334198,
        0.19784633815288544,
        0.19826644659042358,
        0.19877955317497253,
        0.19757197797298431,
        0.20400966703891754,
        0.19839277863502502,
        0.2020280957221985,
        0.20033344626426697,
        0.1999596208333969,
        0.19845034182071686,
        0.19865058362483978,
        0.1971735954284668,
        0.19958658516407013,
        0.1959870457649231
    ],
    "val_binary_accuracy": [
        0.9248127937316895,
        0.9302173256874084,
        0.9302414655685425,
        0.9317910671234131,
        0.9319724440574646,
        0.9329883456230164,
        0.9334478974342346,
        0.9335552453994751,
        0.9330911636352539,
        0.9337714314460754,
        0.9342173933982849,
        0.9329293966293335,
        0.9336807131767273,
        0.9338288903236389,
        0.9335053563117981,
        0.9342219233512878,
        0.9346104860305786,
        0.9343519806861877,
        0.9347177743911743,
        0.9345923066139221,
        0.9345741868019104,
        0.9347858428955078,
        0.9344955682754517,
        0.9348871111869812,
        0.9349022507667542,
        0.9346558451652527,
        0.9350594282150269,
        0.9350231885910034,
        0.9346059560775757,
        0.9351970553398132,
        0.9353860020637512,
        0.9352318048477173,
        0.9353753924369812,
        0.9354071617126465,
        0.9354373812675476
    ]
}