{
    "loss": [
        0.49451953172683716,
        0.33686187863349915,
        0.288798063993454,
        0.26549798250198364,
        0.25159427523612976,
        0.24359528720378876,
        0.23770232498645782,
        0.23409736156463623,
        0.23105983436107635,
        0.22829169034957886,
        0.22672589123249054,
        0.22446756064891815,
        0.2231752872467041,
        0.22186581790447235,
        0.22107195854187012,
        0.21946971118450165,
        0.21905851364135742,
        0.21773706376552582,
        0.21738046407699585,
        0.21692727506160736,
        0.21560421586036682,
        0.21545253694057465,
        0.21399478614330292,
        0.21360401809215546,
        0.21276822686195374,
        0.21193115413188934,
        0.2117515504360199,
        0.21176894009113312,
        0.21123875677585602,
        0.21031442284584045,
        0.21003730595111847,
        0.20977619290351868,
        0.2090037316083908,
        0.2086608111858368,
        0.20825600624084473
    ],
    "binary_accuracy": [
        0.7660440802574158,
        0.8797541856765747,
        0.9007951617240906,
        0.9116145968437195,
        0.9182510375976562,
        0.922029972076416,
        0.924257755279541,
        0.925692617893219,
        0.9270082116127014,
        0.9279610514640808,
        0.9286443591117859,
        0.9292117953300476,
        0.9296445846557617,
        0.9299584627151489,
        0.9304904341697693,
        0.930696964263916,
        0.9309594035148621,
        0.9311420917510986,
        0.9313911199569702,
        0.9317851662635803,
        0.931954026222229,
        0.9320994019508362,
        0.932214617729187,
        0.9323424696922302,
        0.9323201179504395,
        0.9324602484703064,
        0.9327253103256226,
        0.9327853322029114,
        0.9327894449234009,
        0.9328949451446533,
        0.9328524470329285,
        0.932952344417572,
        0.9331454634666443,
        0.9332308173179626,
        0.9332341551780701
    ],
    "val_loss": [
        0.37321919202804565,
        0.29306307435035706,
        0.2636634409427643,
        0.24961157143115997,
        0.23864015936851501,
        0.2334545999765396,
        0.23085130751132965,
        0.22641512751579285,
        0.2346242517232895,
        0.22273975610733032,
        0.22188420593738556,
        0.22214633226394653,
        0.2177230417728424,
        0.21801304817199707,
        0.21990521252155304,
        0.21648310124874115,
        0.2173430323600769,
        0.21837109327316284,
        0.21530723571777344,
        0.21545524895191193,
        0.21192769706249237,
        0.21502573788166046,
        0.21510255336761475,
        0.21021483838558197,
        0.20883582532405853,
        0.2098284661769867,
        0.21025647222995758,
        0.21145839989185333,
        0.20752675831317902,
        0.20946873724460602,
        0.20798440277576447,
        0.20716741681098938,
        0.20807954668998718,
        0.2068861871957779,
        0.20719431340694427
    ],
    "val_binary_accuracy": [
        0.8617165684700012,
        0.8966532945632935,
        0.9100655913352966,
        0.9182940721511841,
        0.922427237033844,
        0.9249926805496216,
        0.9264878034591675,
        0.928070604801178,
        0.929222583770752,
        0.9296715259552002,
        0.9296201467514038,
        0.9301568269729614,
        0.9306920170783997,
        0.9311742186546326,
        0.9320752620697021,
        0.9315884709358215,
        0.9318666458129883,
        0.9326089024543762,
        0.9326708912849426,
        0.9325454235076904,
        0.9326421618461609,
        0.9330488443374634,
        0.932986855506897,
        0.9330397248268127,
        0.9330443143844604,
        0.9336928129196167,
        0.9341191649436951,
        0.9335885047912598,
        0.9335734248161316,
        0.934123694896698,
        0.9342567324638367,
        0.9339377284049988,
        0.9339150786399841,
        0.9340450763702393,
        0.9341826438903809
    ]
}