{
    "loss": [
        0.32551127672195435,
        0.23642492294311523,
        0.2289489358663559,
        0.2253369837999344,
        0.22054779529571533,
        0.21832501888275146,
        0.21685254573822021,
        0.21483208239078522,
        0.21286717057228088,
        0.21154071390628815,
        0.211552694439888,
        0.20976543426513672,
        0.20905041694641113,
        0.20791003108024597,
        0.20716477930545807,
        0.20631295442581177,
        0.20589789748191833,
        0.20492415130138397,
        0.20442263782024384,
        0.20506127178668976,
        0.20409394800662994,
        0.20319843292236328,
        0.2026912420988083,
        0.20314814150333405,
        0.2032916396856308,
        0.20278514921665192,
        0.20265069603919983,
        0.2013639360666275,
        0.200818732380867,
        0.20102351903915405,
        0.20033404231071472,
        0.20013625919818878,
        0.1990862488746643,
        0.19931916892528534,
        0.1997377723455429
    ],
    "binary_accuracy": [
        0.8747591972351074,
        0.9257634878158569,
        0.9285019636154175,
        0.9292770028114319,
        0.9305989146232605,
        0.9309523105621338,
        0.9313474893569946,
        0.9313150644302368,
        0.9319551587104797,
        0.9322496056556702,
        0.9321568012237549,
        0.9326887726783752,
        0.9328081011772156,
        0.9330891370773315,
        0.9328528046607971,
        0.9331040382385254,
        0.9332445859909058,
        0.9333668947219849,
        0.9335100650787354,
        0.9332650899887085,
        0.9334186911582947,
        0.9336509704589844,
        0.9338515400886536,
        0.9338884353637695,
        0.9338462948799133,
        0.9339245557785034,
        0.9337520003318787,
        0.9341955780982971,
        0.9343447089195251,
        0.9340930581092834,
        0.9342049360275269,
        0.9342679381370544,
        0.9343819618225098,
        0.934246301651001,
        0.9343316555023193
    ],
    "val_loss": [
        0.23694418370723724,
        0.22269074618816376,
        0.21787060797214508,
        0.21670681238174438,
        0.21531245112419128,
        0.2171044498682022,
        0.2118370234966278,
        0.21026773750782013,
        0.20844368636608124,
        0.2062089443206787,
        0.20529215037822723,
        0.20808124542236328,
        0.20525214076042175,
        0.20479066669940948,
        0.20217804610729218,
        0.20195166766643524,
        0.20315828919410706,
        0.20237135887145996,
        0.20361046493053436,
        0.1990141123533249,
        0.19977591931819916,
        0.19965516030788422,
        0.20027373731136322,
        0.1989993453025818,
        0.19750334322452545,
        0.2014758139848709,
        0.19786912202835083,
        0.19658511877059937,
        0.197588250041008,
        0.19753366708755493,
        0.19882841408252716,
        0.19750885665416718,
        0.19504007697105408,
        0.1971101462841034,
        0.19555217027664185
    ],
    "val_binary_accuracy": [
        0.9248036742210388,
        0.9304727911949158,
        0.9310200214385986,
        0.93138587474823,
        0.9331546425819397,
        0.9326013326644897,
        0.933863639831543,
        0.9340193867683411,
        0.9328976273536682,
        0.9328507781028748,
        0.934312641620636,
        0.9343247413635254,
        0.934173583984375,
        0.933809220790863,
        0.9346165060997009,
        0.9345046281814575,
        0.9351441264152527,
        0.9351259469985962,
        0.9348750114440918,
        0.9343867301940918,
        0.9347389936447144,
        0.9352877140045166,
        0.9352801442146301,
        0.9347162842750549,
        0.935110867023468,
        0.9350201487541199,
        0.9354918003082275,
        0.9353209733963013,
        0.9347102642059326,
        0.9352741241455078,
        0.9353028535842896,
        0.9351879358291626,
        0.9356006383895874,
        0.9358304738998413,
        0.9358334541320801
    ]
}