{
    "loss": [
        0.37965628504753113,
        0.25484612584114075,
        0.243743434548378,
        0.2364358752965927,
        0.23189984261989594,
        0.22850118577480316,
        0.22473615407943726,
        0.2348962128162384,
        0.22138908505439758,
        0.216615691781044,
        0.21556523442268372,
        0.21503321826457977,
        0.21414025127887726,
        0.2129717469215393,
        0.21117359399795532,
        0.20880337059497833,
        0.20769311487674713,
        0.20713511109352112,
        0.2059757262468338,
        0.20531246066093445,
        0.20513400435447693,
        0.20553748309612274,
        0.20412519574165344,
        0.20347262918949127,
        0.20247499644756317,
        0.20365284383296967,
        0.2013433277606964,
        0.20107759535312653,
        0.2015695869922638,
        0.20059530436992645,
        0.20035594701766968,
        0.2004368156194687,
        0.200631782412529,
        0.19983205199241638,
        0.1998387724161148
    ],
    "binary_accuracy": [
        0.8497125506401062,
        0.9202600121498108,
        0.9245675802230835,
        0.9266108274459839,
        0.9277019500732422,
        0.9282082319259644,
        0.9291983246803284,
        0.9232754707336426,
        0.9286428689956665,
        0.9296184778213501,
        0.9298223853111267,
        0.9299461841583252,
        0.9298577904701233,
        0.9299342632293701,
        0.9306966066360474,
        0.9310995936393738,
        0.9310142397880554,
        0.9312054514884949,
        0.9311591982841492,
        0.9316251873970032,
        0.93172287940979,
        0.9313042163848877,
        0.9316367506980896,
        0.93183434009552,
        0.9322466254234314,
        0.9318112134933472,
        0.9322265386581421,
        0.9322175979614258,
        0.9324248433113098,
        0.9325460195541382,
        0.9327760338783264,
        0.9326712489128113,
        0.9328934550285339,
        0.9330138564109802,
        0.932811439037323
    ],
    "val_loss": [
        0.25609099864959717,
        0.24101494252681732,
        0.23897720873355865,
        0.23422782123088837,
        0.22616861760616302,
        0.23309990763664246,
        0.2181786298751831,
        0.21709184348583221,
        0.21137042343616486,
        0.21034063398838043,
        0.21595759689807892,
        0.20722489058971405,
        0.2203555405139923,
        0.20265507698059082,
        0.20355908572673798,
        0.21108543872833252,
        0.20519213378429413,
        0.20483796298503876,
        0.20717109739780426,
        0.20119670033454895,
        0.20331528782844543,
        0.1997121125459671,
        0.20407041907310486,
        0.20110845565795898,
        0.19894464313983917,
        0.20200875401496887,
        0.19905368983745575,
        0.19941170513629913,
        0.1990472972393036,
        0.20038597285747528,
        0.19816549122333527,
        0.19897770881652832,
        0.19666306674480438,
        0.19739994406700134,
        0.19614677131175995
    ],
    "val_binary_accuracy": [
        0.9167414903640747,
        0.9244121313095093,
        0.9264590740203857,
        0.9278680086135864,
        0.9296790957450867,
        0.9288930296897888,
        0.931435763835907,
        0.9291741847991943,
        0.9311349391937256,
        0.931685209274292,
        0.9302369356155396,
        0.932233989238739,
        0.9271076321601868,
        0.9327540397644043,
        0.9317925572395325,
        0.9309066534042358,
        0.9322672486305237,
        0.9316489100456238,
        0.9316912889480591,
        0.9330019354820251,
        0.9326119422912598,
        0.9332695603370667,
        0.932123601436615,
        0.9330729842185974,
        0.9331077933311462,
        0.9323276877403259,
        0.9322914481163025,
        0.9330443143844604,
        0.9342718124389648,
        0.9332347512245178,
        0.9340057373046875,
        0.93336021900177,
        0.9340193867683411,
        0.9341433048248291,
        0.9340299367904663
    ]
}