{
    "loss": [
        0.5646516680717468,
        0.4364093542098999,
        0.3715575933456421,
        0.3331654965877533,
        0.3115508556365967,
        0.29454824328422546,
        0.2809358835220337,
        0.27067726850509644,
        0.2637256979942322,
        0.2583284080028534,
        0.25418052077293396,
        0.25028952956199646,
        0.24733752012252808,
        0.24542182683944702,
        0.24358205497264862,
        0.24178873002529144,
        0.23974114656448364,
        0.2390562742948532,
        0.23803772032260895,
        0.2369363009929657,
        0.23571915924549103,
        0.2350546419620514,
        0.23394133150577545,
        0.23355993628501892,
        0.23287077248096466,
        0.23184236884117126,
        0.23103585839271545,
        0.23067264258861542,
        0.230613112449646,
        0.23011624813079834,
        0.22953635454177856,
        0.22859664261341095,
        0.22848345339298248,
        0.22843733429908752,
        0.22820673882961273
    ],
    "binary_accuracy": [
        0.7012029886245728,
        0.8202376365661621,
        0.863991916179657,
        0.8825526833534241,
        0.8916014432907104,
        0.8990240097045898,
        0.9048480987548828,
        0.9100526571273804,
        0.9137026071548462,
        0.9165757298469543,
        0.9186745285987854,
        0.9205939769744873,
        0.9219971895217896,
        0.9231408834457397,
        0.9238853454589844,
        0.9247349500656128,
        0.9252240657806396,
        0.925681471824646,
        0.9261783957481384,
        0.9263662695884705,
        0.926689088344574,
        0.9269012212753296,
        0.9273399710655212,
        0.9274406433105469,
        0.9279666543006897,
        0.9280959963798523,
        0.9282447695732117,
        0.928467333316803,
        0.928653359413147,
        0.928899347782135,
        0.9289817810058594,
        0.9290947318077087,
        0.9294000267982483,
        0.9292240738868713,
        0.9295670390129089
    ],
    "val_loss": [
        0.4653470814228058,
        0.3841266632080078,
        0.3377184271812439,
        0.3054526746273041,
        0.2876984775066376,
        0.27231502532958984,
        0.261059433221817,
        0.2536943852901459,
        0.24805401265621185,
        0.2457418590784073,
        0.24085526168346405,
        0.24231989681720734,
        0.23764435946941376,
        0.23547829687595367,
        0.2335473895072937,
        0.23357972502708435,
        0.23196005821228027,
        0.23116716742515564,
        0.23032963275909424,
        0.23129083216190338,
        0.22862765192985535,
        0.22894451022148132,
        0.22816680371761322,
        0.2269565910100937,
        0.22638964653015137,
        0.22587035596370697,
        0.22535495460033417,
        0.22586983442306519,
        0.225404754281044,
        0.224599689245224,
        0.22518201172351837,
        0.22617171704769135,
        0.22380223870277405,
        0.22438861429691315,
        0.22308507561683655
    ],
    "val_binary_accuracy": [
        0.802534282207489,
        0.8577693700790405,
        0.8815009593963623,
        0.8918821811676025,
        0.8990479111671448,
        0.9035075902938843,
        0.9098992943763733,
        0.9149954319000244,
        0.9174535274505615,
        0.9174293279647827,
        0.9210771918296814,
        0.9260644912719727,
        0.9229729771614075,
        0.9264076948165894,
        0.926131010055542,
        0.927970826625824,
        0.9273661375045776,
        0.9280645847320557,
        0.9269624948501587,
        0.9283397197723389,
        0.9281839728355408,
        0.9293041825294495,
        0.9290048480033875,
        0.9296836256980896,
        0.9290774464607239,
        0.9298211932182312,
        0.9296534061431885,
        0.9301341772079468,
        0.9304773211479187,
        0.9306693077087402,
        0.9308854937553406,
        0.9312891364097595,
        0.9315053224563599,
        0.9310306310653687,
        0.9308854937553406
    ]
}