{
    "loss": [
        0.5563757419586182,
        0.43577155470848083,
        0.3605031371116638,
        0.3146258294582367,
        0.2876253128051758,
        0.27154991030693054,
        0.2628786563873291,
        0.25736773014068604,
        0.25373032689094543,
        0.2503141760826111,
        0.24867908656597137,
        0.24742752313613892,
        0.2461070567369461,
        0.24483679234981537,
        0.24394914507865906,
        0.24444246292114258,
        0.24283240735530853,
        0.2428855299949646,
        0.24221891164779663,
        0.24097847938537598,
        0.24098873138427734,
        0.24085724353790283,
        0.23938578367233276,
        0.23940959572792053,
        0.2389954924583435,
        0.23801307380199432,
        0.23807300627231598,
        0.23803403973579407,
        0.23745615780353546,
        0.23731262981891632,
        0.23727786540985107,
        0.2367156744003296,
        0.2356269210577011,
        0.23497308790683746,
        0.2348528653383255
    ],
    "binary_accuracy": [
        0.7144608497619629,
        0.8189660310745239,
        0.8673872947692871,
        0.8901770114898682,
        0.9030233025550842,
        0.9107229113578796,
        0.9144235849380493,
        0.9174137115478516,
        0.9199259877204895,
        0.9215699434280396,
        0.922578752040863,
        0.9233694076538086,
        0.9239263534545898,
        0.9244859218597412,
        0.9247729778289795,
        0.9247860312461853,
        0.92532879114151,
        0.9255490899085999,
        0.925671398639679,
        0.9258071184158325,
        0.925970733165741,
        0.9262973070144653,
        0.9264710545539856,
        0.9264904260635376,
        0.9266690015792847,
        0.926863968372345,
        0.9270313382148743,
        0.926985502243042,
        0.9267979860305786,
        0.9269645810127258,
        0.9269914627075195,
        0.9270011186599731,
        0.9275674223899841,
        0.9275569915771484,
        0.9275714755058289
    ],
    "val_loss": [
        0.4625636041164398,
        0.37462854385375977,
        0.3138929009437561,
        0.27797001600265503,
        0.2670339345932007,
        0.2524751126766205,
        0.24581661820411682,
        0.2429778128862381,
        0.24197033047676086,
        0.23868048191070557,
        0.23833270370960236,
        0.23729391396045685,
        0.23465508222579956,
        0.23559902608394623,
        0.23398467898368835,
        0.2332841008901596,
        0.23590591549873352,
        0.23362913727760315,
        0.23226404190063477,
        0.23720501363277435,
        0.23333710432052612,
        0.234590545296669,
        0.23010769486427307,
        0.2316005975008011,
        0.22874082624912262,
        0.23347239196300507,
        0.23277130722999573,
        0.23146945238113403,
        0.22889094054698944,
        0.22907163202762604,
        0.22927574813365936,
        0.2270495444536209,
        0.2275674194097519,
        0.23360806703567505,
        0.23049061000347137
    ],
    "val_binary_accuracy": [
        0.8008441925048828,
        0.8563785552978516,
        0.8876537680625916,
        0.9024251699447632,
        0.9144119024276733,
        0.9192767143249512,
        0.9210348725318909,
        0.9241732954978943,
        0.9260100722312927,
        0.9265648722648621,
        0.9284666776657104,
        0.9286556839942932,
        0.9285604357719421,
        0.9288854598999023,
        0.9292300939559937,
        0.9285921454429626,
        0.9301250576972961,
        0.929595947265625,
        0.9286889433860779,
        0.9302369356155396,
        0.9305120706558228,
        0.9299860000610352,
        0.9297683238983154,
        0.9309399127960205,
        0.9298348426818848,
        0.9309988617897034,
        0.9302112460136414,
        0.9309505224227905,
        0.9306043386459351,
        0.9311228394508362,
        0.9310956597328186,
        0.9306768774986267,
        0.931431233882904,
        0.9306451082229614,
        0.9306194186210632
    ]
}