{
    "loss": [
        0.4165383279323578,
        0.2914232909679413,
        0.26329219341278076,
        0.24986350536346436,
        0.24197615683078766,
        0.23476174473762512,
        0.2314302921295166,
        0.22696135938167572,
        0.22520959377288818,
        0.2240195870399475,
        0.22245177626609802,
        0.22138828039169312,
        0.22021664679050446,
        0.21842552721500397,
        0.21739964187145233,
        0.21682210266590118,
        0.21524706482887268,
        0.21471509337425232,
        0.21407708525657654,
        0.21345560252666473,
        0.21373611688613892,
        0.21186809241771698,
        0.21133778989315033,
        0.2105337679386139,
        0.210134819149971,
        0.20983611047267914,
        0.20992811024188995,
        0.20876267552375793,
        0.2087065428495407,
        0.20895183086395264,
        0.20852184295654297,
        0.20822963118553162,
        0.2079322636127472,
        0.2079748660326004,
        0.20781919360160828
    ],
    "binary_accuracy": [
        0.827121913433075,
        0.9016611576080322,
        0.911526620388031,
        0.9177939891815186,
        0.9219871163368225,
        0.9249109029769897,
        0.9270824193954468,
        0.9283636808395386,
        0.9294984340667725,
        0.9299618005752563,
        0.930407702922821,
        0.9307010769844055,
        0.9310969710350037,
        0.9316102862358093,
        0.9317046403884888,
        0.9320088028907776,
        0.9323491454124451,
        0.9324420094490051,
        0.932568371295929,
        0.9326563477516174,
        0.9324960708618164,
        0.9330410957336426,
        0.9330369830131531,
        0.9332091808319092,
        0.9333348274230957,
        0.9335163831710815,
        0.9332665801048279,
        0.9336751699447632,
        0.9338194727897644,
        0.9335998892784119,
        0.9334783554077148,
        0.9338377118110657,
        0.9339622259140015,
        0.9337564706802368,
        0.9337612986564636
    ],
    "val_loss": [
        0.3040843904018402,
        0.26436498761177063,
        0.24697472155094147,
        0.23679010570049286,
        0.23181280493736267,
        0.22790409624576569,
        0.22305478155612946,
        0.22270454466342926,
        0.22048483788967133,
        0.22070644795894623,
        0.21950705349445343,
        0.2165481299161911,
        0.21614545583724976,
        0.21507711708545685,
        0.21313582360744476,
        0.21460594236850739,
        0.21131031215190887,
        0.21468719840049744,
        0.2108205258846283,
        0.2110956460237503,
        0.2116747945547104,
        0.21193304657936096,
        0.20766669511795044,
        0.2071467936038971,
        0.20734378695487976,
        0.20875892043113708,
        0.206123948097229,
        0.20704613626003265,
        0.2051924169063568,
        0.20731155574321747,
        0.20875214040279388,
        0.20656441152095795,
        0.20673516392707825,
        0.20978741347789764,
        0.20620113611221313
    ],
    "val_binary_accuracy": [
        0.89555424451828,
        0.9082545042037964,
        0.916009783744812,
        0.9213024973869324,
        0.9251302480697632,
        0.9274356961250305,
        0.928669273853302,
        0.9307282567024231,
        0.9310532808303833,
        0.9298242330551147,
        0.9316973090171814,
        0.9325575232505798,
        0.9315884709358215,
        0.9324214458465576,
        0.9331622123718262,
        0.933286190032959,
        0.9333057999610901,
        0.9328916072845459,
        0.9332589507102966,
        0.9343610405921936,
        0.9336837530136108,
        0.9341251850128174,
        0.9338001608848572,
        0.9346891045570374,
        0.93391352891922,
        0.934373140335083,
        0.9344411492347717,
        0.9348433017730713,
        0.9344139099121094,
        0.9340843558311462,
        0.9342446327209473,
        0.9347752332687378,
        0.9336157441139221,
        0.9348916411399841,
        0.9349022507667542
    ]
}