{
    "loss": [
        0.4194110929965973,
        0.2710505425930023,
        0.24730899930000305,
        0.23951825499534607,
        0.23590154945850372,
        0.23691675066947937,
        0.2298932820558548,
        0.22889593243598938,
        0.22763259708881378,
        0.2241670787334442,
        0.22201696038246155,
        0.21940496563911438,
        0.21835631132125854,
        0.21795104444026947,
        0.21630270779132843,
        0.21423999965190887,
        0.21361862123012543,
        0.21261250972747803,
        0.21223394572734833,
        0.21061645448207855,
        0.21049204468727112,
        0.20989371836185455,
        0.20975570380687714,
        0.20824146270751953,
        0.20790183544158936,
        0.20748202502727509,
        0.20699144899845123,
        0.2067595273256302,
        0.20649953186511993,
        0.20611926913261414,
        0.20549456775188446,
        0.20497100055217743,
        0.2045416235923767,
        0.20414632558822632,
        0.20396198332309723
    ],
    "binary_accuracy": [
        0.8241593837738037,
        0.9101700782775879,
        0.921591579914093,
        0.9244210720062256,
        0.9263379573822021,
        0.9255204200744629,
        0.9284334182739258,
        0.929215133190155,
        0.9297620058059692,
        0.9301467537879944,
        0.930696964263916,
        0.9310619235038757,
        0.9312978982925415,
        0.9316911697387695,
        0.9316881895065308,
        0.9322865605354309,
        0.932131826877594,
        0.9321877360343933,
        0.9322906136512756,
        0.9325944781303406,
        0.9329139590263367,
        0.9328826069831848,
        0.9324994087219238,
        0.9327849745750427,
        0.9328815340995789,
        0.9330570697784424,
        0.9331961274147034,
        0.9330760836601257,
        0.933175265789032,
        0.9333139657974243,
        0.9330787062644958,
        0.9334112405776978,
        0.9335812330245972,
        0.9334328770637512,
        0.9333090782165527
    ],
    "val_loss": [
        0.2739533483982086,
        0.2401578277349472,
        0.23358312249183655,
        0.22781634330749512,
        0.2267325520515442,
        0.22509871423244476,
        0.22391746938228607,
        0.22113682329654694,
        0.21961604058742523,
        0.22410471737384796,
        0.21865619719028473,
        0.21190500259399414,
        0.21525578200817108,
        0.2234804779291153,
        0.21295440196990967,
        0.20862528681755066,
        0.20959419012069702,
        0.20914797484874725,
        0.20435863733291626,
        0.20342732965946198,
        0.21404501795768738,
        0.20647960901260376,
        0.20322808623313904,
        0.20657473802566528,
        0.2041776329278946,
        0.2051655650138855,
        0.20260845124721527,
        0.20150665938854218,
        0.2012694776058197,
        0.20212891697883606,
        0.20618052780628204,
        0.20063534379005432,
        0.20345132052898407,
        0.19903889298439026,
        0.2018979787826538
    ],
    "val_binary_accuracy": [
        0.9040835499763489,
        0.9221928715705872,
        0.9251861572265625,
        0.9276004433631897,
        0.9284772872924805,
        0.9297940135002136,
        0.9311001896858215,
        0.931884765625,
        0.9326210021972656,
        0.9322158694267273,
        0.9324214458465576,
        0.9333662986755371,
        0.9335613250732422,
        0.9324939846992493,
        0.9327570796012878,
        0.9331561326980591,
        0.9338319301605225,
        0.934208333492279,
        0.9339573979377747,
        0.93441241979599,
        0.9330745339393616,
        0.9334055781364441,
        0.9337336421012878,
        0.934726893901825,
        0.9333164095878601,
        0.9339105486869812,
        0.9338545799255371,
        0.9346739649772644,
        0.9344366192817688,
        0.9344547390937805,
        0.9334343075752258,
        0.9353769421577454,
        0.9348583817481995,
        0.9350942373275757,
        0.933908998966217
    ]
}