{
    "loss": [
        0.3347311317920685,
        0.24565483629703522,
        0.2376912385225296,
        0.2354210913181305,
        0.23126517236232758,
        0.22699584066867828,
        0.22435151040554047,
        0.22335176169872284,
        0.21959015727043152,
        0.21801058948040009,
        0.21467089653015137,
        0.21318012475967407,
        0.21197940409183502,
        0.20918415486812592,
        0.20756641030311584,
        0.20621106028556824,
        0.2055663913488388,
        0.2054070234298706,
        0.2068168967962265,
        0.20484581589698792,
        0.20323418080806732,
        0.2027575969696045,
        0.20279256999492645,
        0.20179684460163116,
        0.20185516774654388,
        0.20250481367111206,
        0.20080222189426422,
        0.20192301273345947,
        0.2005929946899414,
        0.19984780251979828,
        0.19985465705394745,
        0.20038095116615295,
        0.19853048026561737,
        0.1986064910888672,
        0.1990223526954651
    ],
    "binary_accuracy": [
        0.8742287158966064,
        0.9242380261421204,
        0.9276769757270813,
        0.9284572601318359,
        0.9299185872077942,
        0.9303171038627625,
        0.9307331442832947,
        0.930929958820343,
        0.931663990020752,
        0.9315584897994995,
        0.9322123527526855,
        0.932347297668457,
        0.9323834776878357,
        0.9327502846717834,
        0.932709276676178,
        0.9330421686172485,
        0.933249831199646,
        0.9330105185508728,
        0.932012140750885,
        0.9328479766845703,
        0.9330839514732361,
        0.9333318471908569,
        0.9333508610725403,
        0.9332807660102844,
        0.9335719347000122,
        0.9331864714622498,
        0.933418333530426,
        0.9329370856285095,
        0.9335823655128479,
        0.9337788224220276,
        0.9338589906692505,
        0.9338299036026001,
        0.9339573979377747,
        0.9339525103569031,
        0.9338750243186951
    ],
    "val_loss": [
        0.2456226795911789,
        0.2336750328540802,
        0.22881565988063812,
        0.2299986034631729,
        0.2228718250989914,
        0.21879903972148895,
        0.2152792364358902,
        0.21615062654018402,
        0.21190883219242096,
        0.20852522552013397,
        0.20898941159248352,
        0.20695888996124268,
        0.20525036752223969,
        0.20245635509490967,
        0.2012743502855301,
        0.20238898694515228,
        0.20495131611824036,
        0.19857215881347656,
        0.20110727846622467,
        0.19916051626205444,
        0.20121732354164124,
        0.19736935198307037,
        0.19750690460205078,
        0.2005855143070221,
        0.1969524323940277,
        0.1992242932319641,
        0.19935160875320435,
        0.1986134946346283,
        0.1990651935338974,
        0.1990014761686325,
        0.20057111978530884,
        0.19788450002670288,
        0.19484323263168335,
        0.19296328723430634,
        0.19357642531394958
    ],
    "val_binary_accuracy": [
        0.9243486523628235,
        0.9306738376617432,
        0.9307388663291931,
        0.9314992427825928,
        0.9323791265487671,
        0.9326285719871521,
        0.933459997177124,
        0.9333314895629883,
        0.9327933192253113,
        0.9331727623939514,
        0.9340980052947998,
        0.9340677261352539,
        0.9344214797019958,
        0.9346633553504944,
        0.934173583984375,
        0.9339694976806641,
        0.9341282248497009,
        0.9345575571060181,
        0.9343867301940918,
        0.934522807598114,
        0.9341357946395874,
        0.9347556233406067,
        0.9343504309654236,
        0.9339543581008911,
        0.9345575571060181,
        0.9347646832466125,
        0.9340269565582275,
        0.9339785575866699,
        0.9344698786735535,
        0.9352076053619385,
        0.9350836277008057,
        0.9344048500061035,
        0.9346649050712585,
        0.9353451728820801,
        0.9352831840515137
    ]
}