{
    "loss": [
        0.36816561222076416,
        0.25103336572647095,
        0.23363037407398224,
        0.2271495908498764,
        0.22184300422668457,
        0.2201450914144516,
        0.2179764360189438,
        0.2164885401725769,
        0.21492770314216614,
        0.21327292919158936,
        0.21337532997131348,
        0.2124723643064499,
        0.21123214066028595,
        0.21043305099010468,
        0.20888526737689972,
        0.20879162847995758,
        0.20724166929721832,
        0.20660480856895447,
        0.20677432417869568,
        0.2061774730682373,
        0.20548608899116516,
        0.2050328403711319,
        0.20483069121837616,
        0.20460525155067444,
        0.20353853702545166,
        0.20342037081718445,
        0.20266376435756683,
        0.2030811905860901,
        0.20232589542865753,
        0.20232224464416504,
        0.20206791162490845,
        0.20161990821361542,
        0.20141403377056122,
        0.2008567899465561,
        0.20091712474822998
    ],
    "binary_accuracy": [
        0.8543981909751892,
        0.9191699624061584,
        0.9266559481620789,
        0.9289746880531311,
        0.9302783012390137,
        0.9309225082397461,
        0.9315040707588196,
        0.9320360422134399,
        0.9322764873504639,
        0.9324681162834167,
        0.9326194524765015,
        0.9327231049537659,
        0.9328688383102417,
        0.9330489039421082,
        0.9333583116531372,
        0.933353841304779,
        0.9335074424743652,
        0.9335815906524658,
        0.9334887862205505,
        0.9335886836051941,
        0.9337649941444397,
        0.9338350892066956,
        0.9338243007659912,
        0.9338246583938599,
        0.9341046214103699,
        0.9342280030250549,
        0.934220552444458,
        0.9342209696769714,
        0.934340238571167,
        0.9342944025993347,
        0.9345206618309021,
        0.9343723058700562,
        0.934665322303772,
        0.9345702528953552,
        0.9345434308052063
    ],
    "val_loss": [
        0.2616400122642517,
        0.23211336135864258,
        0.22448745369911194,
        0.2213834822177887,
        0.21748937666416168,
        0.21522393822669983,
        0.2125864326953888,
        0.21326686441898346,
        0.21125009655952454,
        0.2088196873664856,
        0.2094905823469162,
        0.21048760414123535,
        0.2083604335784912,
        0.20583097636699677,
        0.21027730405330658,
        0.20794948935508728,
        0.2046908289194107,
        0.2039681077003479,
        0.20362068712711334,
        0.2025246024131775,
        0.2040480524301529,
        0.20750068128108978,
        0.20170608162879944,
        0.20051532983779907,
        0.20527192950248718,
        0.2025148570537567,
        0.20162928104400635,
        0.20161426067352295,
        0.2014012634754181,
        0.19977685809135437,
        0.20131826400756836,
        0.20254217088222504,
        0.19896729290485382,
        0.19870027899742126,
        0.2002604603767395
    ],
    "val_binary_accuracy": [
        0.9111933708190918,
        0.9263789653778076,
        0.9302112460136414,
        0.9300903081893921,
        0.9322249293327332,
        0.9327585697174072,
        0.9325484037399292,
        0.9337775111198425,
        0.9329051971435547,
        0.9339044690132141,
        0.9338818192481995,
        0.9333511590957642,
        0.9345136880874634,
        0.9343202114105225,
        0.9342430830001831,
        0.934497058391571,
        0.9348251223564148,
        0.9345908164978027,
        0.9348704814910889,
        0.9348357319831848,
        0.9345499873161316,
        0.9346936345100403,
        0.9348553419113159,
        0.9348236322402954,
        0.9349702596664429,
        0.9352710843086243,
        0.9351728558540344,
        0.9355295896530151,
        0.9355931282043457,
        0.9353088736534119,
        0.9350292086601257,
        0.9349551200866699,
        0.9355961084365845,
        0.9351350665092468,
        0.9354570508003235
    ]
}