{
    "loss": [
        0.41395920515060425,
        0.2893702983856201,
        0.26060351729393005,
        0.24792852997779846,
        0.2406381368637085,
        0.23497283458709717,
        0.23143398761749268,
        0.22814026474952698,
        0.22558651864528656,
        0.22367112338542938,
        0.22201500833034515,
        0.22105775773525238,
        0.21978873014450073,
        0.2190251648426056,
        0.21762949228286743,
        0.21556973457336426,
        0.21441863477230072,
        0.21417184174060822,
        0.21379750967025757,
        0.21280069649219513,
        0.2121562659740448,
        0.21153783798217773,
        0.21183782815933228,
        0.210213303565979,
        0.2105034738779068,
        0.20987838506698608,
        0.20965035259723663,
        0.20917274057865143,
        0.20837441086769104,
        0.20881430804729462,
        0.20831115543842316,
        0.20741716027259827,
        0.20769831538200378,
        0.20736020803451538,
        0.20669639110565186
    ],
    "binary_accuracy": [
        0.8278149366378784,
        0.9006121158599854,
        0.9153932332992554,
        0.9219785332679749,
        0.9251781702041626,
        0.9273582696914673,
        0.9287099838256836,
        0.9295949935913086,
        0.9300087690353394,
        0.9304859638214111,
        0.9310004115104675,
        0.9311215877532959,
        0.9314969778060913,
        0.9318346977233887,
        0.931916356086731,
        0.932167649269104,
        0.9323241710662842,
        0.9323939085006714,
        0.9328415989875793,
        0.9328475594520569,
        0.9328230023384094,
        0.9328770637512207,
        0.9330824613571167,
        0.9330735206604004,
        0.9332766532897949,
        0.9333113431930542,
        0.9334201812744141,
        0.9334884285926819,
        0.9335353970527649,
        0.9335305094718933,
        0.9336453676223755,
        0.9336912035942078,
        0.9337288737297058,
        0.9338112473487854,
        0.9337620139122009
    ],
    "val_loss": [
        0.3011370301246643,
        0.25821754336357117,
        0.2450098991394043,
        0.23436515033245087,
        0.23045876622200012,
        0.22561796009540558,
        0.2236204296350479,
        0.22080129384994507,
        0.21909447014331818,
        0.21713265776634216,
        0.21948589384555817,
        0.21554911136627197,
        0.21545764803886414,
        0.21504490077495575,
        0.21208615601062775,
        0.21365921199321747,
        0.21225197613239288,
        0.21040412783622742,
        0.2092161327600479,
        0.21050754189491272,
        0.20938870310783386,
        0.2073468118906021,
        0.2128836214542389,
        0.20750980079174042,
        0.20917531847953796,
        0.2077081799507141,
        0.2076190710067749,
        0.20623643696308136,
        0.20466302335262299,
        0.20606230199337006,
        0.20452404022216797,
        0.20412082970142365,
        0.20651771128177643,
        0.2040894776582718,
        0.20503368973731995
    ],
    "val_binary_accuracy": [
        0.8916931748390198,
        0.9127807021141052,
        0.9210197925567627,
        0.9254250526428223,
        0.9280010461807251,
        0.9288612604141235,
        0.9304410219192505,
        0.9308794736862183,
        0.9315128922462463,
        0.9315582513809204,
        0.9317638278007507,
        0.9322037696838379,
        0.9331334829330444,
        0.933036744594574,
        0.9321855902671814,
        0.9335280656814575,
        0.9337351322174072,
        0.9337366819381714,
        0.9337366819381714,
        0.9340677261352539,
        0.9336716532707214,
        0.9339165687561035,
        0.9335219860076904,
        0.9343836903572083,
        0.9330805540084839,
        0.9344260096549988,
        0.9344456791877747,
        0.9344305396080017,
        0.9343202114105225,
        0.9346951246261597,
        0.9347979426383972,
        0.9349521398544312,
        0.9348447918891907,
        0.9347208142280579,
        0.9346875548362732
    ]
}