{
    "loss": [
        0.48244035243988037,
        0.3176768124103546,
        0.2764146327972412,
        0.2574945390224457,
        0.24731920659542084,
        0.24161496758460999,
        0.23818902671337128,
        0.23523853719234467,
        0.23329922556877136,
        0.23253625631332397,
        0.23046205937862396,
        0.2293156385421753,
        0.22823968529701233,
        0.22779032588005066,
        0.22754931449890137,
        0.22637423872947693,
        0.2249295860528946,
        0.22437262535095215,
        0.22311967611312866,
        0.22282207012176514,
        0.22206677496433258,
        0.22166410088539124,
        0.22138947248458862,
        0.2206321656703949,
        0.22035713493824005,
        0.21930591762065887,
        0.21913187205791473,
        0.21844042837619781,
        0.2182205468416214,
        0.2172597050666809,
        0.2169181853532791,
        0.2165713757276535,
        0.21658800542354584,
        0.21576382219791412,
        0.21471872925758362
    ],
    "binary_accuracy": [
        0.769972562789917,
        0.8863040804862976,
        0.9073055386543274,
        0.9170901775360107,
        0.9220344424247742,
        0.9245411157608032,
        0.9261071681976318,
        0.9273164868354797,
        0.9279521107673645,
        0.9287793636322021,
        0.9294030070304871,
        0.9296807646751404,
        0.9301034808158875,
        0.9303513765335083,
        0.9306761026382446,
        0.9307275414466858,
        0.9311655759811401,
        0.931395947933197,
        0.931556224822998,
        0.9316919445991516,
        0.9317728281021118,
        0.9319722652435303,
        0.9320140480995178,
        0.9320796132087708,
        0.9324051141738892,
        0.9324520826339722,
        0.9326596856117249,
        0.932576596736908,
        0.9326313734054565,
        0.9329075813293457,
        0.9327077865600586,
        0.9327775239944458,
        0.9328005909919739,
        0.9328632354736328,
        0.9331901669502258
    ],
    "val_loss": [
        0.3485792279243469,
        0.2794473469257355,
        0.25592344999313354,
        0.2506304085254669,
        0.24005664885044098,
        0.2331421822309494,
        0.23291119933128357,
        0.22947478294372559,
        0.22873347997665405,
        0.2267693728208542,
        0.225554957985878,
        0.22569921612739563,
        0.2233891636133194,
        0.22490261495113373,
        0.2242133915424347,
        0.22131215035915375,
        0.22059692442417145,
        0.21934539079666138,
        0.21927374601364136,
        0.21887467801570892,
        0.22059087455272675,
        0.21757961809635162,
        0.218154177069664,
        0.21872086822986603,
        0.21514840424060822,
        0.21620842814445496,
        0.2146838903427124,
        0.21367807686328888,
        0.21568018198013306,
        0.21550342440605164,
        0.21573308110237122,
        0.2135404348373413,
        0.21437832713127136,
        0.21125231683254242,
        0.21329820156097412
    ],
    "val_binary_accuracy": [
        0.8696245551109314,
        0.9045295119285583,
        0.9163106679916382,
        0.9232103228569031,
        0.9265558123588562,
        0.9257681965827942,
        0.9292663931846619,
        0.9285997152328491,
        0.9292694330215454,
        0.930543839931488,
        0.9313480854034424,
        0.931635320186615,
        0.9317653179168701,
        0.9320903420448303,
        0.9325696229934692,
        0.9325000643730164,
        0.9327555298805237,
        0.9326164722442627,
        0.9330518245697021,
        0.933470606803894,
        0.9336882829666138,
        0.9334962964057922,
        0.933210551738739,
        0.9338530898094177,
        0.9339498281478882,
        0.9334720969200134,
        0.9338122606277466,
        0.9340919256210327,
        0.934373140335083,
        0.9342007637023926,
        0.9338258504867554,
        0.934123694896698,
        0.9340980052947998,
        0.9344063997268677,
        0.933410108089447
    ]
}