{
    "loss": [
        0.4830479621887207,
        0.338358998298645,
        0.284845232963562,
        0.2643360495567322,
        0.2526748776435852,
        0.24686013162136078,
        0.24311791360378265,
        0.24146506190299988,
        0.24037839472293854,
        0.23794734477996826,
        0.2368685007095337,
        0.236292764544487,
        0.23518557846546173,
        0.23466931283473969,
        0.2342449128627777,
        0.2340880036354065,
        0.23319518566131592,
        0.2329266220331192,
        0.23256762325763702,
        0.23176230490207672,
        0.23093080520629883,
        0.22910982370376587,
        0.229177787899971,
        0.22961390018463135,
        0.22865985333919525,
        0.22776225209236145,
        0.2274366170167923,
        0.22653377056121826,
        0.22556954622268677,
        0.22478501498699188,
        0.22459588944911957,
        0.22356054186820984,
        0.22294211387634277,
        0.22286076843738556,
        0.22282589972019196
    ],
    "binary_accuracy": [
        0.7766868472099304,
        0.8767822980880737,
        0.9019142985343933,
        0.9133954644203186,
        0.918941080570221,
        0.9218510389328003,
        0.9237586259841919,
        0.9249258041381836,
        0.9259305000305176,
        0.9264147281646729,
        0.9271278977394104,
        0.9276207089424133,
        0.9277772903442383,
        0.9281001091003418,
        0.9283129572868347,
        0.9286115765571594,
        0.9287018179893494,
        0.9285814166069031,
        0.9287569522857666,
        0.9290544390678406,
        0.9291458129882812,
        0.9295073747634888,
        0.9294529557228088,
        0.9294954538345337,
        0.9295539855957031,
        0.9297672510147095,
        0.9298190474510193,
        0.9298995733261108,
        0.9303842186927795,
        0.930391252040863,
        0.9303376078605652,
        0.9305165410041809,
        0.9305105805397034,
        0.9306544661521912,
        0.9306339621543884
    ],
    "val_loss": [
        0.37254083156585693,
        0.28625285625457764,
        0.25697579979896545,
        0.24517640471458435,
        0.2400251030921936,
        0.2359900325536728,
        0.2353176474571228,
        0.23404952883720398,
        0.22997453808784485,
        0.23044975101947784,
        0.23315319418907166,
        0.23010016977787018,
        0.2275381237268448,
        0.22897998988628387,
        0.22852091491222382,
        0.23076637089252472,
        0.22869089245796204,
        0.22620929777622223,
        0.22746150195598602,
        0.22888940572738647,
        0.22448064386844635,
        0.22266079485416412,
        0.22477853298187256,
        0.22241699695587158,
        0.22086581587791443,
        0.22147774696350098,
        0.22211115062236786,
        0.2218928188085556,
        0.2197849154472351,
        0.21942123770713806,
        0.2199547290802002,
        0.21933157742023468,
        0.21815462410449982,
        0.2170303463935852,
        0.21717569231987
    ],
    "val_binary_accuracy": [
        0.8628534078598022,
        0.9003661274909973,
        0.9116604924201965,
        0.91930091381073,
        0.9227219820022583,
        0.9260070323944092,
        0.927432656288147,
        0.9286828637123108,
        0.9287403225898743,
        0.9299028515815735,
        0.9307161569595337,
        0.9308491945266724,
        0.9306707978248596,
        0.9298136830329895,
        0.9311546087265015,
        0.930294394493103,
        0.9311122894287109,
        0.9316595196723938,
        0.9311727285385132,
        0.9319890737533569,
        0.9325982928276062,
        0.9315295219421387,
        0.9326844811439514,
        0.9319089651107788,
        0.9318243265151978,
        0.9322022199630737,
        0.9324123859405518,
        0.9321901202201843,
        0.9327434301376343,
        0.9332302212715149,
        0.9326859712600708,
        0.9330956935882568,
        0.9330230951309204,
        0.933320939540863,
        0.9324849247932434
    ]
}