trial_id,parameters,auc,primary_metric
501,415,0.9481562188891208,0.8424344124254326
403,265,0.9474443399258974,0.8415022631001297
304,155,0.9477502033418204,0.8398100023885758
504,151,0.942616178426491,0.8359344623134115
406,85,0.9409371870209728,0.8348886288666962
303,65,0.9386913974613986,0.8163599311848243
305,43,0.9264776057016102,0.7927021445783862
404,31,0.8478111893911907,0.6329085296349711
208,19,0.8233473449412263,0.27545299796517514
