{
    "input_bits": 6,
    "input_int_bits": 2,
    "spatial_units": 112,
    "nmodule_xlocal_units": 8,
    "dense2_ratio": 0.6000000000000001,
    "dense3_ratio": 0.4,
    "dropout_rate": 0.05,
    "learning_rate": 0.00087132753175437
}