{
  "timestamp": "2026-03-03T11:24:57.695035",
  "total_models": 130,
  "pareto_optimal_models": 39,
  "primary_metric_range": {
    "min": 0.0,
    "max": 0.9007047810824784,
    "mean": 0.8286032086924628
  },
  "luts_range": {
    "min": 5123,
    "max": 687188,
    "mean": 86789.9076923077
  },
  "luts_plus_ff_range": {
    "min": 10901,
    "max": 1186293,
    "mean": 164985.96923076923
  },
  "registers_range": {
    "min": 5778,
    "max": 499105,
    "mean": 78196.06153846154
  }
}