{
    "spatial_units": 80,
    "nmodule_xlocal_units": 12,
    "dense2_ratio": 0.6000000000000001,
    "dense3_ratio": 0.4,
    "learning_rate": 0.005666324070487912
}