{
    "spatial_units": 8,
    "nmodule_xlocal_units": 6,
    "dense2_ratio": 0.5,
    "dense3_ratio": 0.6000000000000001,
    "learning_rate": 0.0007394897555736332
}