{
    "spatial_units": 96,
    "nmodule_xlocal_units": 8,
    "dense2_ratio": 0.6000000000000001,
    "dense3_ratio": 0.2,
    "learning_rate": 0.0034557203461527738
}