{
    "loss": [
        0.6791539192199707,
        0.5631929636001587,
        0.466758131980896,
        0.4346442222595215,
        0.41019880771636963,
        0.3942253887653351,
        0.3885604441165924,
        0.37731871008872986,
        0.36398014426231384,
        0.3593560755252838,
        0.3586759567260742,
        0.35669392347335815,
        0.3537072539329529,
        0.3510805070400238,
        0.34854140877723694,
        0.3447250723838806,
        0.3419373631477356,
        0.3360767662525177,
        0.33691486716270447,
        0.3339507579803467,
        0.33068034052848816,
        0.32770511507987976,
        0.32308778166770935,
        0.31821417808532715,
        0.3154919743537903,
        0.3122220039367676,
        0.3069278597831726,
        0.30502626299858093,
        0.3061201274394989,
        0.3058125972747803,
        0.3019251525402069,
        0.29937294125556946,
        0.2982464134693146,
        0.2936890423297882,
        0.29388511180877686,
        0.29461145401000977,
        0.2935065031051636,
        0.29020223021507263,
        0.2878655791282654,
        0.28835543990135193
    ],
    "binary_accuracy": [
        0.6048057675361633,
        0.7501499056816101,
        0.7914772033691406,
        0.8192429542541504,
        0.8388950228691101,
        0.8495423793792725,
        0.8529694676399231,
        0.8577653765678406,
        0.8648427724838257,
        0.8676528930664062,
        0.8675096035003662,
        0.8684621453285217,
        0.8706153631210327,
        0.8724119067192078,
        0.8733779788017273,
        0.8776769042015076,
        0.8789556622505188,
        0.8819298148155212,
        0.8812506794929504,
        0.8829981684684753,
        0.8845789432525635,
        0.8842735290527344,
        0.8842946290969849,
        0.884225606918335,
        0.8854191303253174,
        0.8913071155548096,
        0.8945026397705078,
        0.8959333896636963,
        0.8949585556983948,
        0.8946829438209534,
        0.8979482054710388,
        0.899214506149292,
        0.9001674056053162,
        0.9019907116889954,
        0.9017229676246643,
        0.9017323851585388,
        0.9022753834724426,
        0.903972327709198,
        0.9054268002510071,
        0.9054324626922607
    ],
    "val_loss": [
        0.6466962695121765,
        0.4870801866054535,
        0.44075897336006165,
        0.41647234559059143,
        0.3903890550136566,
        0.3825901746749878,
        0.3701263666152954,
        0.364837110042572,
        0.350321501493454,
        0.3458014130592346,
        0.35279253125190735,
        0.3639354109764099,
        0.3410125970840454,
        0.3449815809726715,
        0.33002644777297974,
        0.34225544333457947,
        0.3256475031375885,
        0.3207928240299225,
        0.32394617795944214,
        0.3272206783294678,
        0.3222390115261078,
        0.3113168776035309,
        0.3062872588634491,
        0.33942711353302,
        0.3204405605792999,
        0.3067646622657776,
        0.3097524642944336,
        0.29112479090690613,
        0.29298731684684753,
        0.28886616230010986,
        0.2901977598667145,
        0.2872009873390198,
        0.2838236093521118,
        0.28612375259399414,
        0.28222519159317017,
        0.2852785289287567,
        0.28815123438835144,
        0.27806228399276733,
        0.2808319330215454,
        0.2749392092227936
    ],
    "val_binary_accuracy": [
        0.7289011478424072,
        0.7957465052604675,
        0.8058465719223022,
        0.8347861170768738,
        0.8568335771560669,
        0.8499974012374878,
        0.861152708530426,
        0.8655276894569397,
        0.8796414732933044,
        0.8804578185081482,
        0.8661656975746155,
        0.8558812141418457,
        0.8763337731361389,
        0.8696033954620361,
        0.8868842720985413,
        0.8722943067550659,
        0.88746178150177,
        0.8890914916992188,
        0.8866031169891357,
        0.8789641857147217,
        0.883044421672821,
        0.8895615935325623,
        0.8886848092079163,
        0.8740615844726562,
        0.881169855594635,
        0.8923856019973755,
        0.8945776224136353,
        0.8992111682891846,
        0.9027804136276245,
        0.8991204500198364,
        0.8988377451896667,
        0.9031689167022705,
        0.9019141793251038,
        0.9013442397117615,
        0.9046580195426941,
        0.9015649557113647,
        0.9023934006690979,
        0.9084464907646179,
        0.9041168093681335,
        0.9090723395347595
    ]
}