{
    "loss": [
        0.6486489772796631,
        0.5647610425949097,
        0.5168782472610474,
        0.4731951653957367,
        0.43622612953186035,
        0.4016716778278351,
        0.3727298378944397,
        0.3494264483451843,
        0.33489754796028137,
        0.3284299373626709,
        0.3249610364437103,
        0.3225504159927368,
        0.32095053791999817,
        0.3193454444408417,
        0.3176228404045105,
        0.31567829847335815,
        0.3139100968837738,
        0.3115711510181427,
        0.3096149265766144,
        0.3078806400299072,
        0.306128591299057,
        0.30463433265686035,
        0.3030245006084442,
        0.3018079400062561,
        0.3004530668258667,
        0.2991105020046234,
        0.29811185598373413,
        0.29708096385002136,
        0.2960660755634308,
        0.2951827049255371,
        0.2915855348110199,
        0.2902202010154724,
        0.2892795205116272,
        0.2885902523994446,
        0.2883332371711731,
        0.28783372044563293,
        0.28760814666748047,
        0.28718850016593933,
        0.2869780659675598,
        0.2868259847164154
    ],
    "binary_accuracy": [
        0.6684455871582031,
        0.7852317094802856,
        0.8011840581893921,
        0.8161646723747253,
        0.831039309501648,
        0.8487082719802856,
        0.8579388856887817,
        0.8634516596794128,
        0.8669191002845764,
        0.8696997761726379,
        0.8715219497680664,
        0.8727667331695557,
        0.8734292984008789,
        0.8742807507514954,
        0.875010073184967,
        0.8758348226547241,
        0.8769528865814209,
        0.8784812688827515,
        0.8796660900115967,
        0.8806488513946533,
        0.8815829157829285,
        0.8823638558387756,
        0.8831791877746582,
        0.8834469318389893,
        0.8840257525444031,
        0.8844220638275146,
        0.8845246434211731,
        0.8847165703773499,
        0.8849515318870544,
        0.8851487636566162,
        0.8865270614624023,
        0.8869727849960327,
        0.8871073722839355,
        0.8873468637466431,
        0.8871805667877197,
        0.8874313235282898,
        0.887344241142273,
        0.8876146078109741,
        0.8874551057815552,
        0.8876270055770874
    ],
    "val_loss": [
        0.5879839062690735,
        0.529464602470398,
        0.47723326086997986,
        0.43346813321113586,
        0.3981923758983612,
        0.3648523688316345,
        0.337570458650589,
        0.3189839720726013,
        0.3104780316352844,
        0.30704885721206665,
        0.3036339581012726,
        0.3017539978027344,
        0.3000594675540924,
        0.29833558201789856,
        0.29672154784202576,
        0.2955342233181,
        0.2936330735683441,
        0.2917383313179016,
        0.2902412712574005,
        0.288888543844223,
        0.2870919406414032,
        0.28581419587135315,
        0.28497058153152466,
        0.2837664783000946,
        0.28362414240837097,
        0.28246617317199707,
        0.2816369831562042,
        0.28067243099212646,
        0.28015536069869995,
        0.27942249178886414,
        0.2775409519672394,
        0.27660423517227173,
        0.276448518037796,
        0.2763032615184784,
        0.27716413140296936,
        0.27595067024230957,
        0.2756579518318176,
        0.27540138363838196,
        0.2749878764152527,
        0.2744992673397064
    ],
    "val_binary_accuracy": [
        0.7835995554924011,
        0.809978187084198,
        0.828819215297699,
        0.8446956872940063,
        0.8632827401161194,
        0.8747736215591431,
        0.8786346316337585,
        0.8808645009994507,
        0.8819937705993652,
        0.882655918598175,
        0.8837670683860779,
        0.8843491077423096,
        0.884684681892395,
        0.8853695392608643,
        0.8855161666870117,
        0.8866454362869263,
        0.8865804076194763,
        0.8879198431968689,
        0.8880468606948853,
        0.8883265256881714,
        0.8895812630653381,
        0.8901708722114563,
        0.8906651735305786,
        0.891126275062561,
        0.8913031816482544,
        0.8910083770751953,
        0.8915238976478577,
        0.8910900354385376,
        0.891026496887207,
        0.8911489844322205,
        0.8920302987098694,
        0.892063558101654,
        0.8920167088508606,
        0.892063558101654,
        0.890991747379303,
        0.8919003009796143,
        0.891664445400238,
        0.8917945027351379,
        0.8921391367912292,
        0.8926697969436646
    ]
}