{
    "loss": [
        0.38040849566459656,
        0.2593453526496887,
        0.2504836916923523,
        0.24467214941978455,
        0.2374935895204544,
        0.23117536306381226,
        0.22680115699768066,
        0.22198189795017242,
        0.21755778789520264,
        0.2135961353778839,
        0.20848795771598816,
        0.20612838864326477,
        0.20313894748687744,
        0.20014624297618866,
        0.19839191436767578,
        0.19528675079345703,
        0.19328437745571136,
        0.1909230649471283,
        0.18883384764194489,
        0.18720367550849915,
        0.1855410784482956,
        0.18552684783935547,
        0.18355047702789307,
        0.1825793981552124,
        0.1818525493144989,
        0.1812250018119812,
        0.17981941998004913,
        0.17923858761787415,
        0.17931674420833588,
        0.17818279564380646,
        0.17777377367019653,
        0.17770367860794067,
        0.17609582841396332,
        0.17590011656284332,
        0.17520157992839813,
        0.17503833770751953,
        0.17505428194999695,
        0.1741746962070465,
        0.17430156469345093,
        0.17371010780334473
    ],
    "binary_accuracy": [
        0.8428526520729065,
        0.9182835817337036,
        0.9222050309181213,
        0.9234818816184998,
        0.9242866039276123,
        0.9255657196044922,
        0.9269097447395325,
        0.928112268447876,
        0.9293487668037415,
        0.9304208755493164,
        0.9315216541290283,
        0.9325510859489441,
        0.9335579872131348,
        0.9345433115959167,
        0.93509840965271,
        0.9359616041183472,
        0.9366030097007751,
        0.937062680721283,
        0.9375336766242981,
        0.9379243850708008,
        0.9383010864257812,
        0.9384530782699585,
        0.9389059543609619,
        0.9391571283340454,
        0.9394229650497437,
        0.9397619962692261,
        0.9401213526725769,
        0.9403102993965149,
        0.9403064846992493,
        0.9407763481140137,
        0.9408774375915527,
        0.9407288432121277,
        0.9412496089935303,
        0.9414004683494568,
        0.9416549801826477,
        0.9415732026100159,
        0.941575825214386,
        0.9419419765472412,
        0.9418658018112183,
        0.9420291185379028
    ],
    "val_loss": [
        0.25959017872810364,
        0.2510891556739807,
        0.2461448311805725,
        0.23878763616085052,
        0.2299950122833252,
        0.22347082197666168,
        0.22168448567390442,
        0.21627701818943024,
        0.20944088697433472,
        0.20793330669403076,
        0.20591925084590912,
        0.20074820518493652,
        0.19867166876792908,
        0.1945955455303192,
        0.19108228385448456,
        0.18891721963882446,
        0.18781544268131256,
        0.18753458559513092,
        0.18648092448711395,
        0.18204554915428162,
        0.1840418130159378,
        0.18058840930461884,
        0.17812174558639526,
        0.18391302227973938,
        0.17909784615039825,
        0.17512738704681396,
        0.17502857744693756,
        0.1775723099708557,
        0.1772056370973587,
        0.17264562845230103,
        0.17929911613464355,
        0.17563995718955994,
        0.17339220643043518,
        0.1751061975955963,
        0.17374122142791748,
        0.17143426835536957,
        0.16988970339298248,
        0.17173127830028534,
        0.1697920560836792,
        0.1704847812652588
    ],
    "val_binary_accuracy": [
        0.9135063290596008,
        0.9234415888786316,
        0.9236517548561096,
        0.9252965450286865,
        0.9262111186981201,
        0.9273585677146912,
        0.9281976222991943,
        0.9302399754524231,
        0.931335985660553,
        0.9323987364768982,
        0.9332922101020813,
        0.9337925910949707,
        0.9354585409164429,
        0.9369975328445435,
        0.9372469782829285,
        0.9377247095108032,
        0.9382326602935791,
        0.9389597773551941,
        0.9390036463737488,
        0.9389779567718506,
        0.939024806022644,
        0.9395115971565247,
        0.9394646883010864,
        0.9406665563583374,
        0.9403612017631531,
        0.9417232871055603,
        0.9415826797485352,
        0.9422523975372314,
        0.9413906931877136,
        0.9419304132461548,
        0.9414738416671753,
        0.9426530003547668,
        0.9422871470451355,
        0.9422523975372314,
        0.9425199627876282,
        0.9426348805427551,
        0.9418729543685913,
        0.9425925612449646,
        0.9435873031616211,
        0.9436704516410828
    ]
}