{
    "loss": [
        0.5302478671073914,
        0.37056758999824524,
        0.3201318383216858,
        0.29446515440940857,
        0.2780921459197998,
        0.26672619581222534,
        0.2594913840293884,
        0.2557826042175293,
        0.25342321395874023,
        0.25280818343162537,
        0.25133731961250305,
        0.2506266236305237,
        0.24918176233768463,
        0.24763840436935425,
        0.2460746169090271,
        0.24473711848258972,
        0.24368490278720856,
        0.24346286058425903,
        0.24195986986160278,
        0.24004074931144714,
        0.23950208723545074,
        0.23742321133613586,
        0.23569421470165253,
        0.23468130826950073,
        0.23338687419891357,
        0.23152735829353333,
        0.22911489009857178,
        0.22761553525924683,
        0.2255958914756775,
        0.2243787944316864,
        0.22363954782485962,
        0.22170677781105042,
        0.2204030603170395,
        0.2188139408826828,
        0.21799179911613464,
        0.21661321818828583,
        0.21576076745986938,
        0.2144516259431839,
        0.2129005491733551,
        0.21261084079742432
    ],
    "binary_accuracy": [
        0.7210899591445923,
        0.8620986342430115,
        0.8871839642524719,
        0.8945196270942688,
        0.906078040599823,
        0.9163702130317688,
        0.9195966720581055,
        0.9213954210281372,
        0.9223766326904297,
        0.9229166507720947,
        0.9233853816986084,
        0.9238084554672241,
        0.9239502549171448,
        0.9244065284729004,
        0.9243658185005188,
        0.924741804599762,
        0.9249888062477112,
        0.9252395629882812,
        0.9254990220069885,
        0.9257230162620544,
        0.9260993599891663,
        0.9262219071388245,
        0.9265692234039307,
        0.9268177151679993,
        0.926992654800415,
        0.9274972081184387,
        0.9276047348976135,
        0.9280187487602234,
        0.9283600449562073,
        0.9286556839942932,
        0.9287993311882019,
        0.9290866851806641,
        0.9296033382415771,
        0.9299129247665405,
        0.9301667213439941,
        0.930569052696228,
        0.9307836294174194,
        0.9311041831970215,
        0.9315691590309143,
        0.9316521286964417
    ],
    "val_loss": [
        0.41037479043006897,
        0.32965072989463806,
        0.2984241545200348,
        0.27747175097465515,
        0.2661789059638977,
        0.2564166486263275,
        0.2528371512889862,
        0.2508845329284668,
        0.24793024361133575,
        0.24734391272068024,
        0.24664568901062012,
        0.24634931981563568,
        0.24534012377262115,
        0.24298937618732452,
        0.24323588609695435,
        0.24139569699764252,
        0.2405291199684143,
        0.24215960502624512,
        0.2367173433303833,
        0.23577871918678284,
        0.2349977195262909,
        0.23459647595882416,
        0.2315157651901245,
        0.2305089384317398,
        0.22877781093120575,
        0.23091362416744232,
        0.2257007211446762,
        0.22382374107837677,
        0.2209361493587494,
        0.22031034529209137,
        0.22005043923854828,
        0.21549686789512634,
        0.2150575816631317,
        0.21460303664207458,
        0.21282516419887543,
        0.21149420738220215,
        0.21101060509681702,
        0.20962588489055634,
        0.20943188667297363,
        0.20752158761024475
    ],
    "val_binary_accuracy": [
        0.8375360369682312,
        0.8817095756530762,
        0.8940470218658447,
        0.8982390761375427,
        0.9162940382957458,
        0.9196093082427979,
        0.9214914441108704,
        0.9232284426689148,
        0.9232873916625977,
        0.924202024936676,
        0.924002468585968,
        0.924994170665741,
        0.9254733920097351,
        0.9248566031455994,
        0.9259330034255981,
        0.9261658191680908,
        0.9260705709457397,
        0.9257304072380066,
        0.9265769720077515,
        0.9265890717506409,
        0.926968514919281,
        0.9276835918426514,
        0.9272376298904419,
        0.9278650283813477,
        0.927332878112793,
        0.9278498888015747,
        0.9288415908813477,
        0.9294901490211487,
        0.9289337992668152,
        0.9295944571495056,
        0.930498480796814,
        0.9299966096878052,
        0.9305528998374939,
        0.9313722848892212,
        0.9308658242225647,
        0.9312846064567566,
        0.9311273694038391,
        0.931596040725708,
        0.9324319958686829,
        0.9324516654014587
    ]
}