{
    "loss": [
        0.6502380967140198,
        0.5547147393226624,
        0.48369330167770386,
        0.44795650243759155,
        0.421988308429718,
        0.39646658301353455,
        0.37549498677253723,
        0.3602980077266693,
        0.34731432795524597,
        0.33658137917518616,
        0.32707077264785767,
        0.3182426989078522,
        0.31085506081581116,
        0.3040396273136139,
        0.29822632670402527,
        0.29309725761413574,
        0.28891345858573914,
        0.2850726544857025,
        0.28181231021881104,
        0.2789901793003082,
        0.27671515941619873,
        0.2744084298610687,
        0.2722346782684326,
        0.2707770764827728,
        0.2693922519683838,
        0.268777459859848,
        0.26725804805755615,
        0.26640260219573975,
        0.2656061351299286,
        0.2649628520011902,
        0.26413899660110474,
        0.2638496458530426,
        0.2627342939376831,
        0.26251858472824097,
        0.2619258463382721,
        0.2613235116004944,
        0.2611057460308075,
        0.2606121599674225,
        0.2600388526916504,
        0.25987809896469116
    ],
    "binary_accuracy": [
        0.6070653200149536,
        0.7343811392784119,
        0.7869599461555481,
        0.8114042282104492,
        0.8290097713470459,
        0.8456077575683594,
        0.8574211001396179,
        0.8660068511962891,
        0.8729978799819946,
        0.8789405822753906,
        0.8841181397438049,
        0.8887982964515686,
        0.892778217792511,
        0.8958711624145508,
        0.8984407186508179,
        0.9009525775909424,
        0.903573751449585,
        0.9054731726646423,
        0.9074258208274841,
        0.9090861678123474,
        0.910750687122345,
        0.9121206998825073,
        0.9132116436958313,
        0.9140612483024597,
        0.914821445941925,
        0.9152901768684387,
        0.9158528447151184,
        0.9164101481437683,
        0.9168687462806702,
        0.917358934879303,
        0.9177564382553101,
        0.9180671572685242,
        0.9182402491569519,
        0.9185958504676819,
        0.9188228249549866,
        0.9192014336585999,
        0.9192697405815125,
        0.9196392893791199,
        0.9197987914085388,
        0.9199198484420776
    ],
    "val_loss": [
        0.5862613916397095,
        0.4987979233264923,
        0.4476003348827362,
        0.4204723834991455,
        0.3944554924964905,
        0.3698807954788208,
        0.35303595662117004,
        0.33945557475090027,
        0.32788223028182983,
        0.3176097273826599,
        0.3086690306663513,
        0.3003752827644348,
        0.29358944296836853,
        0.2877000570297241,
        0.28272753953933716,
        0.27830618619918823,
        0.27506962418556213,
        0.2721421718597412,
        0.2689974009990692,
        0.266300767660141,
        0.2646329402923584,
        0.26305583119392395,
        0.26116660237312317,
        0.26059362292289734,
        0.25955265760421753,
        0.2584291696548462,
        0.25708234310150146,
        0.25650185346603394,
        0.25613167881965637,
        0.25571754574775696,
        0.2553859353065491,
        0.2543103098869324,
        0.2542129456996918,
        0.25405287742614746,
        0.2538739740848541,
        0.25339367985725403,
        0.25322747230529785,
        0.2526335120201111,
        0.2519756853580475,
        0.25222399830818176
    ],
    "val_binary_accuracy": [
        0.7216401696205139,
        0.7949211001396179,
        0.8198983669281006,
        0.8348042964935303,
        0.8504781723022461,
        0.8630197048187256,
        0.8714144825935364,
        0.876702606678009,
        0.8826120495796204,
        0.8865955471992493,
        0.8917113542556763,
        0.8948194980621338,
        0.8983222246170044,
        0.9005203247070312,
        0.9029043912887573,
        0.9053292274475098,
        0.908053457736969,
        0.9103754758834839,
        0.9114261865615845,
        0.9131238460540771,
        0.9145751595497131,
        0.9160717725753784,
        0.9168593883514404,
        0.9180128574371338,
        0.9182245135307312,
        0.918458878993988,
        0.9197967648506165,
        0.9193583726882935,
        0.9196456074714661,
        0.9209018349647522,
        0.920327365398407,
        0.9205511212348938,
        0.9211059212684631,
        0.9215111136436462,
        0.9215670228004456,
        0.921678900718689,
        0.9218043684959412,
        0.9217529892921448,
        0.921713650226593,
        0.922017514705658
    ]
}