{
    "loss": [
        0.36576035618782043,
        0.2562418282032013,
        0.23990987241268158,
        0.2275383621454239,
        0.22112897038459778,
        0.21620696783065796,
        0.21322785317897797,
        0.2097029983997345,
        0.2063792198896408,
        0.2040482610464096,
        0.20217114686965942,
        0.20043231546878815,
        0.1987605094909668,
        0.1963626742362976,
        0.1953628957271576,
        0.19442452490329742,
        0.19400811195373535,
        0.19124968349933624,
        0.1907530426979065,
        0.19021740555763245,
        0.1891026496887207,
        0.18794989585876465,
        0.18764053285121918,
        0.18722227215766907,
        0.1868417114019394,
        0.1850982904434204,
        0.18573379516601562,
        0.18591392040252686,
        0.18544511497020721,
        0.1852605938911438,
        0.18428362905979156,
        0.1831379234790802,
        0.18353329598903656,
        0.18316347897052765,
        0.18294695019721985,
        0.18234866857528687,
        0.18165554106235504,
        0.18244968354701996,
        0.18173688650131226,
        0.18236316740512848
    ],
    "binary_accuracy": [
        0.8527994155883789,
        0.921362578868866,
        0.9236376285552979,
        0.9250898361206055,
        0.9260702729225159,
        0.9270681142807007,
        0.9278154969215393,
        0.9286839365959167,
        0.9296033382415771,
        0.9307112693786621,
        0.9315057992935181,
        0.93231201171875,
        0.9329323768615723,
        0.9337502717971802,
        0.9341771602630615,
        0.9347835183143616,
        0.9347251057624817,
        0.9355403780937195,
        0.9356700778007507,
        0.935995876789093,
        0.936313807964325,
        0.9367327690124512,
        0.9368187189102173,
        0.9371211528778076,
        0.9375174641609192,
        0.9377377033233643,
        0.9377347230911255,
        0.9378402829170227,
        0.9381683468818665,
        0.9381924867630005,
        0.9385318756103516,
        0.9388139247894287,
        0.9389561414718628,
        0.9389534592628479,
        0.9390360713005066,
        0.9393717050552368,
        0.9396119117736816,
        0.9396235942840576,
        0.9398166537284851,
        0.9396130442619324
    ],
    "val_loss": [
        0.26140469312667847,
        0.23987169563770294,
        0.228520005941391,
        0.21736988425254822,
        0.212469682097435,
        0.20919571816921234,
        0.21036095917224884,
        0.203934445977211,
        0.19740092754364014,
        0.19839626550674438,
        0.19431860744953156,
        0.19198985397815704,
        0.19196052849292755,
        0.1889135241508484,
        0.18740057945251465,
        0.19012640416622162,
        0.18647797405719757,
        0.1855461597442627,
        0.18823975324630737,
        0.18412382900714874,
        0.1851445436477661,
        0.18166226148605347,
        0.18391135334968567,
        0.18225355446338654,
        0.18010377883911133,
        0.17971490323543549,
        0.17980779707431793,
        0.17755691707134247,
        0.18012264370918274,
        0.18044866621494293,
        0.17926816642284393,
        0.18035706877708435,
        0.17729082703590393,
        0.17571523785591125,
        0.17786429822444916,
        0.17644619941711426,
        0.18095329403877258,
        0.17687632143497467,
        0.18178413808345795,
        0.17480824887752533
    ],
    "val_binary_accuracy": [
        0.921175479888916,
        0.9233826398849487,
        0.9252405762672424,
        0.9268642067909241,
        0.9274492859840393,
        0.9289912581443787,
        0.9274795055389404,
        0.9298211932182312,
        0.9312483072280884,
        0.9331788420677185,
        0.9333420991897583,
        0.9343217015266418,
        0.9334192276000977,
        0.9349808692932129,
        0.9360239505767822,
        0.9353451728820801,
        0.9360042810440063,
        0.9372847676277161,
        0.9352514743804932,
        0.9373013973236084,
        0.937688410282135,
        0.9383777379989624,
        0.9384684562683105,
        0.9369476437568665,
        0.9388101100921631,
        0.9396582245826721,
        0.9394344687461853,
        0.939628005027771,
        0.9403324723243713,
        0.9402795433998108,
        0.9405199289321899,
        0.9386680126190186,
        0.9415857195854187,
        0.9410309195518494,
        0.9404367804527283,
        0.9398184418678284,
        0.9400029182434082,
        0.9416990876197815,
        0.9413408041000366,
        0.9421299695968628
    ]
}