{
    "loss": [
        0.637212872505188,
        0.5283252596855164,
        0.4206503629684448,
        0.3652147650718689,
        0.33363932371139526,
        0.30980271100997925,
        0.293037086725235,
        0.2791547477245331,
        0.2684102952480316,
        0.2597501873970032,
        0.25313279032707214,
        0.24772195518016815,
        0.24330204725265503,
        0.23967953026294708,
        0.23640267550945282,
        0.2334742397069931,
        0.23079630732536316,
        0.2287680059671402,
        0.22686873376369476,
        0.22519521415233612,
        0.22375449538230896,
        0.22289466857910156,
        0.22151385247707367,
        0.2207547277212143,
        0.2199544757604599,
        0.21911658346652985,
        0.2184954136610031,
        0.21802246570587158,
        0.21699365973472595,
        0.21672622859477997,
        0.2160278707742691,
        0.21570804715156555,
        0.21493332087993622,
        0.21464397013187408,
        0.21434655785560608,
        0.2137766182422638,
        0.21342982351779938,
        0.2130960077047348,
        0.21263426542282104,
        0.21244941651821136
    ],
    "binary_accuracy": [
        0.5976182222366333,
        0.7498395442962646,
        0.8227782249450684,
        0.8588929176330566,
        0.8757541179656982,
        0.8837953209877014,
        0.8898270130157471,
        0.8950528502464294,
        0.8998310565948486,
        0.9039319753646851,
        0.9073877334594727,
        0.9103667736053467,
        0.9126810431480408,
        0.9144598245620728,
        0.9161624312400818,
        0.9175199866294861,
        0.9187331199645996,
        0.919683039188385,
        0.9204688668251038,
        0.9211676716804504,
        0.9216594099998474,
        0.9220771789550781,
        0.922667384147644,
        0.9229351282119751,
        0.9231560826301575,
        0.923473596572876,
        0.9238144755363464,
        0.9239242076873779,
        0.9242776036262512,
        0.9243533611297607,
        0.924612820148468,
        0.9247134923934937,
        0.9249201416969299,
        0.925040066242218,
        0.925187885761261,
        0.9252697229385376,
        0.9253764152526855,
        0.9255125522613525,
        0.925650954246521,
        0.9257693886756897
    ],
    "val_loss": [
        0.5747936964035034,
        0.44666147232055664,
        0.38175976276397705,
        0.3393847346305847,
        0.3104073703289032,
        0.29286208748817444,
        0.2765360474586487,
        0.26455754041671753,
        0.2555258572101593,
        0.24794405698776245,
        0.24232789874076843,
        0.23801913857460022,
        0.23505958914756775,
        0.23163843154907227,
        0.22866225242614746,
        0.22614774107933044,
        0.2240625023841858,
        0.22236911952495575,
        0.22073061764240265,
        0.21941980719566345,
        0.21849536895751953,
        0.2178412675857544,
        0.21664629876613617,
        0.21618351340293884,
        0.2155570238828659,
        0.21504531800746918,
        0.2150719165802002,
        0.21460315585136414,
        0.21363544464111328,
        0.21329298615455627,
        0.21320496499538422,
        0.21262486279010773,
        0.21249206364154816,
        0.21189524233341217,
        0.21113695204257965,
        0.21172234416007996,
        0.21080772578716278,
        0.21071584522724152,
        0.21064893901348114,
        0.2103375643491745
    ],
    "val_binary_accuracy": [
        0.7075823545455933,
        0.8125043511390686,
        0.8499279022216797,
        0.8725830912590027,
        0.8806241154670715,
        0.8882963061332703,
        0.8944612145423889,
        0.8994046449661255,
        0.9028816819190979,
        0.9070541858673096,
        0.9108456373214722,
        0.9134458899497986,
        0.9154459238052368,
        0.9175941348075867,
        0.9193719625473022,
        0.9200900197029114,
        0.9210711717605591,
        0.9219041466712952,
        0.9230334162712097,
        0.923353910446167,
        0.9237862825393677,
        0.9237938523292542,
        0.9242443442344666,
        0.9245179891586304,
        0.9246646165847778,
        0.9249367117881775,
        0.9250712990760803,
        0.9250017404556274,
        0.9254749417304993,
        0.9256532788276672,
        0.9254235029220581,
        0.9257530570030212,
        0.9257696866989136,
        0.9258074760437012,
        0.9259405136108398,
        0.9261143803596497,
        0.9262685775756836,
        0.9262670874595642,
        0.9263275265693665,
        0.9263865351676941
    ]
}