{
    "loss": [
        0.5284807682037354,
        0.4113178849220276,
        0.3512221574783325,
        0.31132739782333374,
        0.27832406759262085,
        0.25842633843421936,
        0.2489313781261444,
        0.2438887059688568,
        0.24536649882793427,
        0.24618199467658997,
        0.2430357038974762,
        0.23750367760658264,
        0.23416171967983246,
        0.2334078997373581,
        0.2323480099439621,
        0.23127290606498718,
        0.23060020804405212,
        0.2299453616142273,
        0.22896572947502136,
        0.2283603399991989,
        0.22755055129528046,
        0.22624705731868744,
        0.22564083337783813,
        0.22398506104946136,
        0.2230648547410965,
        0.22183075547218323,
        0.22131378948688507,
        0.22078131139278412,
        0.2198876291513443,
        0.21872523427009583,
        0.21645669639110565,
        0.21476416289806366,
        0.21292680501937866,
        0.21161536872386932,
        0.2102353572845459,
        0.2094985544681549,
        0.20907078683376312,
        0.20824694633483887,
        0.20816165208816528,
        0.2076742798089981
    ],
    "binary_accuracy": [
        0.7291972041130066,
        0.8238974809646606,
        0.8632273077964783,
        0.8804934620857239,
        0.8915926218032837,
        0.9012331366539001,
        0.909244179725647,
        0.9139575362205505,
        0.9169927835464478,
        0.9187108278274536,
        0.9200016856193542,
        0.921380341053009,
        0.9223328828811646,
        0.9228898286819458,
        0.9231387376785278,
        0.923543393611908,
        0.9237104058265686,
        0.9236429333686829,
        0.9240366220474243,
        0.9241633415222168,
        0.9243220686912537,
        0.9243801236152649,
        0.9245302081108093,
        0.9247391223907471,
        0.9248330593109131,
        0.9249895215034485,
        0.9250057339668274,
        0.9251305460929871,
        0.9252617955207825,
        0.9252908229827881,
        0.9255491495132446,
        0.9256645441055298,
        0.9258915781974792,
        0.9260280728340149,
        0.9263176918029785,
        0.9264398813247681,
        0.9264922738075256,
        0.9267336130142212,
        0.9267717003822327,
        0.9269161224365234
    ],
    "val_loss": [
        0.4402305781841278,
        0.366176038980484,
        0.3232326805591583,
        0.28566792607307434,
        0.25954949855804443,
        0.24714256823062897,
        0.24172866344451904,
        0.23771917819976807,
        0.24498866498470306,
        0.23974670469760895,
        0.23658272624015808,
        0.22974009811878204,
        0.2287440150976181,
        0.2293495237827301,
        0.2265130579471588,
        0.225358247756958,
        0.22579382359981537,
        0.22602464258670807,
        0.22532276809215546,
        0.2246609479188919,
        0.22450946271419525,
        0.22187726199626923,
        0.2211645543575287,
        0.2199813723564148,
        0.21976181864738464,
        0.21952567994594574,
        0.21697548031806946,
        0.21647128462791443,
        0.21617737412452698,
        0.21509672701358795,
        0.21187518537044525,
        0.20999234914779663,
        0.20814432203769684,
        0.20710791647434235,
        0.20700548589229584,
        0.2064853012561798,
        0.20483559370040894,
        0.20433402061462402,
        0.20461300015449524,
        0.20531895756721497
    ],
    "val_binary_accuracy": [
        0.801796555519104,
        0.856026291847229,
        0.8773148655891418,
        0.8879787921905518,
        0.8978263735771179,
        0.906766951084137,
        0.9145585298538208,
        0.9177468419075012,
        0.9195760488510132,
        0.9210530519485474,
        0.922023594379425,
        0.9234975576400757,
        0.9240463376045227,
        0.9243501424789429,
        0.9243305325508118,
        0.924605667591095,
        0.9250380396842957,
        0.9249246120452881,
        0.9250123500823975,
        0.9252058267593384,
        0.9253509640693665,
        0.9251680374145508,
        0.9256472587585449,
        0.9253554940223694,
        0.9256457686424255,
        0.9255172610282898,
        0.9263350963592529,
        0.9263895153999329,
        0.9263018369674683,
        0.9261159300804138,
        0.9266253709793091,
        0.9270274639129639,
        0.927083432674408,
        0.9274039268493652,
        0.927233099937439,
        0.9275158047676086,
        0.9277848601341248,
        0.9280040860176086,
        0.9283109903335571,
        0.927417516708374
    ]
}