{
    "loss": [
        0.4040610194206238,
        0.29400402307510376,
        0.25921231508255005,
        0.23846058547496796,
        0.2263360619544983,
        0.2180035561323166,
        0.212043896317482,
        0.20729903876781464,
        0.20409506559371948,
        0.20134001970291138,
        0.19824738800525665,
        0.19792480766773224,
        0.19477221369743347,
        0.19412127137184143,
        0.19312097132205963,
        0.19150596857070923,
        0.18909794092178345,
        0.18865135312080383,
        0.18755996227264404,
        0.18771439790725708,
        0.18713830411434174,
        0.18605059385299683,
        0.1856972724199295,
        0.1846930980682373,
        0.18462985754013062,
        0.18471597135066986,
        0.1846110075712204,
        0.1833590716123581,
        0.18234381079673767,
        0.18276719748973846,
        0.18193063139915466,
        0.18188053369522095,
        0.18237821757793427,
        0.1807207614183426,
        0.18061676621437073,
        0.1809661090373993,
        0.18119017779827118,
        0.18061690032482147,
        0.1788267344236374,
        0.17889167368412018
    ],
    "binary_accuracy": [
        0.8309159874916077,
        0.8977324962615967,
        0.9160907864570618,
        0.92267906665802,
        0.9262233972549438,
        0.9287518262863159,
        0.9308217167854309,
        0.9322184920310974,
        0.933408260345459,
        0.9341768026351929,
        0.9350859522819519,
        0.9351843595504761,
        0.9360109567642212,
        0.9361143112182617,
        0.9366580843925476,
        0.937383234500885,
        0.9378968477249146,
        0.9379907250404358,
        0.9382908940315247,
        0.938300371170044,
        0.9383267164230347,
        0.9388916492462158,
        0.9388026595115662,
        0.9392924904823303,
        0.9391435384750366,
        0.9392777681350708,
        0.9394527673721313,
        0.9396884441375732,
        0.9400082230567932,
        0.9399354457855225,
        0.9403472542762756,
        0.9400270581245422,
        0.940064013004303,
        0.9404324293136597,
        0.940763533115387,
        0.9404516816139221,
        0.9405350089073181,
        0.9407020807266235,
        0.9410859942436218,
        0.9411191344261169
    ],
    "val_loss": [
        0.30470505356788635,
        0.2657584249973297,
        0.23214149475097656,
        0.2237396240234375,
        0.21027463674545288,
        0.20860546827316284,
        0.2048814743757248,
        0.20427240431308746,
        0.19863548874855042,
        0.1917022317647934,
        0.19000616669654846,
        0.18741759657859802,
        0.18897148966789246,
        0.18438567221164703,
        0.18760517239570618,
        0.18368986248970032,
        0.185842826962471,
        0.18095245957374573,
        0.18380458652973175,
        0.18171089887619019,
        0.18091987073421478,
        0.18346987664699554,
        0.1836150735616684,
        0.18119996786117554,
        0.18682244420051575,
        0.17838416993618011,
        0.18103815615177155,
        0.178739994764328,
        0.17795471847057343,
        0.17448526620864868,
        0.17382754385471344,
        0.17597459256649017,
        0.17651711404323578,
        0.1753852218389511,
        0.1783338487148285,
        0.17615628242492676,
        0.18093152344226837,
        0.17482374608516693,
        0.17226245999336243,
        0.17136329412460327
    ],
    "val_binary_accuracy": [
        0.8917249441146851,
        0.907853901386261,
        0.9225919842720032,
        0.9270698428153992,
        0.9290260076522827,
        0.9299572706222534,
        0.931136429309845,
        0.9340964555740356,
        0.9342491626739502,
        0.9359166026115417,
        0.9372726678848267,
        0.9374329447746277,
        0.9365984201431274,
        0.9380255341529846,
        0.9374964237213135,
        0.9389613270759583,
        0.9379620552062988,
        0.940330982208252,
        0.9399424195289612,
        0.9401540756225586,
        0.9404957294464111,
        0.9407663345336914,
        0.9380239844322205,
        0.941368043422699,
        0.9399439692497253,
        0.9412894248962402,
        0.941157877445221,
        0.9417353868484497,
        0.9397685527801514,
        0.9415222406387329,
        0.942095160484314,
        0.9412062764167786,
        0.9408343434333801,
        0.9423355460166931,
        0.9417867660522461,
        0.9408389329910278,
        0.9411972165107727,
        0.9417973756790161,
        0.942105770111084,
        0.9430944323539734
    ]
}