{
    "loss": [
        0.44221508502960205,
        0.2785656154155731,
        0.25829988718032837,
        0.2538169026374817,
        0.2510695457458496,
        0.24923093616962433,
        0.24760855734348297,
        0.24427221715450287,
        0.24313172698020935,
        0.24028484523296356,
        0.2382935732603073,
        0.23415794968605042,
        0.23041397333145142,
        0.22607208788394928,
        0.2219945341348648,
        0.2194708287715912,
        0.21730633080005646,
        0.21588823199272156,
        0.2138625681400299,
        0.21222971379756927,
        0.2109091877937317,
        0.20959243178367615,
        0.20820188522338867,
        0.20678015053272247,
        0.2067321389913559,
        0.2059878259897232,
        0.20489412546157837,
        0.2041403204202652,
        0.2034526914358139,
        0.20386311411857605,
        0.20247893035411835,
        0.20152804255485535,
        0.2006574422121048,
        0.20064806938171387,
        0.1997571736574173,
        0.1990213543176651,
        0.1993505358695984,
        0.1984856277704239,
        0.19841992855072021,
        0.19813011586666107
    ],
    "binary_accuracy": [
        0.8010091185569763,
        0.9089824557304382,
        0.9187561273574829,
        0.9205107688903809,
        0.9215700030326843,
        0.9222842454910278,
        0.9228400588035583,
        0.9229328632354736,
        0.9235053062438965,
        0.9237560629844666,
        0.9241761565208435,
        0.9243586659431458,
        0.9245951175689697,
        0.9250147938728333,
        0.9252957105636597,
        0.9257256388664246,
        0.9260047078132629,
        0.9263373017311096,
        0.9267860054969788,
        0.9270315170288086,
        0.927520215511322,
        0.9278702139854431,
        0.9282853603363037,
        0.9285670518875122,
        0.9288415908813477,
        0.9291353225708008,
        0.9294373989105225,
        0.9297707676887512,
        0.9300698041915894,
        0.9302346110343933,
        0.9303820133209229,
        0.930698037147522,
        0.9308552742004395,
        0.9311505556106567,
        0.9314635396003723,
        0.931676983833313,
        0.931882917881012,
        0.932092547416687,
        0.9323580265045166,
        0.9325258135795593
    ],
    "val_loss": [
        0.2971418499946594,
        0.25386083126068115,
        0.25115612149238586,
        0.24639292061328888,
        0.24554456770420074,
        0.24420231580734253,
        0.24273130297660828,
        0.23957617580890656,
        0.23900900781154633,
        0.23606503009796143,
        0.23336204886436462,
        0.22870449721813202,
        0.2255285233259201,
        0.22170090675354004,
        0.21648479998111725,
        0.2155604511499405,
        0.21233722567558289,
        0.20991730690002441,
        0.20825433731079102,
        0.20767828822135925,
        0.20639117062091827,
        0.20473584532737732,
        0.20251011848449707,
        0.20176564157009125,
        0.20181430876255035,
        0.20246896147727966,
        0.20099687576293945,
        0.2005806714296341,
        0.20117953419685364,
        0.19840964674949646,
        0.1987805813550949,
        0.19755114614963531,
        0.2009633481502533,
        0.19731447100639343,
        0.19528785347938538,
        0.19512967765331268,
        0.19500158727169037,
        0.19716089963912964,
        0.19430901110172272,
        0.19240036606788635
    ],
    "val_binary_accuracy": [
        0.8968679308891296,
        0.9185314178466797,
        0.9216910004615784,
        0.9225466251373291,
        0.9230138063430786,
        0.922655463218689,
        0.9236335754394531,
        0.924256443977356,
        0.9239661693572998,
        0.9244831800460815,
        0.9251257181167603,
        0.9251090884208679,
        0.9252889752388,
        0.9259133338928223,
        0.9260040521621704,
        0.9264227747917175,
        0.9261355400085449,
        0.9272557497024536,
        0.9276533722877502,
        0.9277788400650024,
        0.9279874563217163,
        0.9286239147186279,
        0.9286057949066162,
        0.9290819764137268,
        0.9298862218856812,
        0.9291031360626221,
        0.9294916391372681,
        0.930459201335907,
        0.9305574297904968,
        0.930992841720581,
        0.9312180876731873,
        0.9313662648200989,
        0.9312014579772949,
        0.9315521717071533,
        0.9318091869354248,
        0.9325272440910339,
        0.9326814413070679,
        0.9321009516716003,
        0.9331244230270386,
        0.9335476756095886
    ]
}