{
    "loss": [
        0.42299318313598633,
        0.2912766635417938,
        0.2757721245288849,
        0.27361389994621277,
        0.270877867937088,
        0.265659362077713,
        0.2694883942604065,
        0.2661047875881195,
        0.26526138186454773,
        0.2647645175457001,
        0.2642996311187744,
        0.26753321290016174,
        0.26492947340011597,
        0.2650710940361023,
        0.26376739144325256,
        0.2634809613227844,
        0.2600725591182709,
        0.2585057020187378,
        0.2581081688404083,
        0.25358399748802185,
        0.2543506622314453,
        0.24912096560001373,
        0.24814163148403168,
        0.2462320327758789,
        0.2459820955991745,
        0.24597039818763733,
        0.24724678695201874,
        0.24752628803253174,
        0.2437613606452942,
        0.24674221873283386,
        0.24591977894306183,
        0.2464808225631714,
        0.24314486980438232,
        0.24308621883392334,
        0.24148713052272797,
        0.24191732704639435,
        0.24266013503074646,
        0.24169667065143585,
        0.23758062720298767,
        0.23739488422870636
    ],
    "binary_accuracy": [
        0.8147886395454407,
        0.9047574400901794,
        0.9134273529052734,
        0.9153625965118408,
        0.9160410165786743,
        0.918729305267334,
        0.9169282913208008,
        0.9182835817337036,
        0.9186018705368042,
        0.9180743098258972,
        0.9186117053031921,
        0.9169551134109497,
        0.9170682430267334,
        0.9172190427780151,
        0.9171149730682373,
        0.916523277759552,
        0.9178107380867004,
        0.9190272092819214,
        0.918106734752655,
        0.9199020862579346,
        0.9190129041671753,
        0.9195955395698547,
        0.9197889566421509,
        0.920508861541748,
        0.9208757877349854,
        0.920396089553833,
        0.9204383492469788,
        0.9203810095787048,
        0.9212951064109802,
        0.9195284247398376,
        0.919742226600647,
        0.9205831289291382,
        0.9222167134284973,
        0.9216310977935791,
        0.9216073155403137,
        0.9213071465492249,
        0.9219203591346741,
        0.9220602512359619,
        0.9237006306648254,
        0.9226847290992737
    ],
    "val_loss": [
        0.29000312089920044,
        0.2639269530773163,
        0.262967050075531,
        0.25859037041664124,
        0.26606759428977966,
        0.29508745670318604,
        0.3313005268573761,
        0.25511032342910767,
        0.26936158537864685,
        0.25449201464653015,
        0.25199413299560547,
        0.25761768221855164,
        0.2710910141468048,
        0.25405311584472656,
        0.2562822997570038,
        0.2706966698169708,
        0.24868980050086975,
        0.2548242509365082,
        0.2447744458913803,
        0.2406391054391861,
        0.24318866431713104,
        0.25533178448677063,
        0.24054303765296936,
        0.23847728967666626,
        0.24136671423912048,
        0.2503754496574402,
        0.26036038994789124,
        0.24342383444309235,
        0.23271673917770386,
        0.23173506557941437,
        0.24573707580566406,
        0.25254684686660767,
        0.23429237306118011,
        0.24105854332447052,
        0.23764754831790924,
        0.23224769532680511,
        0.262079656124115,
        0.2345503568649292,
        0.23941516876220703,
        0.24453923106193542
    ],
    "val_binary_accuracy": [
        0.9043753147125244,
        0.9155970811843872,
        0.920876145362854,
        0.9209200143814087,
        0.9152176380157471,
        0.9082529544830322,
        0.8955693244934082,
        0.9225874543190002,
        0.9164844751358032,
        0.9226101636886597,
        0.9224801063537598,
        0.9206947684288025,
        0.9136242270469666,
        0.9227779507637024,
        0.9208927750587463,
        0.9087488651275635,
        0.9188458919525146,
        0.9228867888450623,
        0.9200673699378967,
        0.9229668974876404,
        0.9229200482368469,
        0.9187823534011841,
        0.9223334789276123,
        0.9241098165512085,
        0.9207960367202759,
        0.9215670228004456,
        0.9124269485473633,
        0.9220160245895386,
        0.9213432669639587,
        0.9254764318466187,
        0.9219267964363098,
        0.9198602437973022,
        0.9265527725219727,
        0.9163181781768799,
        0.9230666756629944,
        0.9222004413604736,
        0.9124541282653809,
        0.9197816252708435,
        0.923753023147583,
        0.9247764945030212
    ]
}