{
    "loss": [
        0.5855746865272522,
        0.4397781789302826,
        0.37518277764320374,
        0.33570727705955505,
        0.3141958713531494,
        0.29335689544677734,
        0.2829813063144684,
        0.27441591024398804,
        0.27008017897605896,
        0.2616177499294281,
        0.260884165763855,
        0.2618337869644165,
        0.25882601737976074,
        0.25667476654052734,
        0.2618538737297058,
        0.2640331983566284,
        0.26463568210601807,
        0.2604314386844635,
        0.2605765163898468,
        0.2643778920173645,
        0.2639387249946594,
        0.26161298155784607,
        0.26430848240852356,
        0.26441821455955505
    ],
    "binary_accuracy": [
        0.6357601881027222,
        0.8229520916938782,
        0.8597315549850464,
        0.874036431312561,
        0.883378267288208,
        0.893122136592865,
        0.898662805557251,
        0.9050202965736389,
        0.9080159664154053,
        0.9117597937583923,
        0.9125739336013794,
        0.9122432470321655,
        0.9132071137428284,
        0.9139055013656616,
        0.9115357995033264,
        0.9105270504951477,
        0.9105516076087952,
        0.9118978381156921,
        0.9114871621131897,
        0.909724235534668,
        0.9104403257369995,
        0.9116455316543579,
        0.9115889668464661,
        0.9118981957435608
    ],
    "val_loss": [
        0.487110435962677,
        0.3969701826572418,
        0.3364720642566681,
        0.31502223014831543,
        0.28948694467544556,
        0.2806152403354645,
        0.2705840766429901,
        0.2629088759422302,
        0.25212782621383667,
        0.25579890608787537,
        0.24779894948005676,
        0.2652725875377655,
        0.24705533683300018,
        0.24205438792705536,
        0.25942519307136536,
        0.2735654413700104,
        0.25928255915641785,
        0.26384955644607544,
        0.2929317355155945,
        0.24674159288406372,
        0.27078959345817566,
        0.2651474177837372,
        0.2523552179336548,
        0.24943016469478607
    ],
    "val_binary_accuracy": [
        0.8053809404373169,
        0.8512370586395264,
        0.8749565482139587,
        0.8847466707229614,
        0.8910446763038635,
        0.8998884558677673,
        0.8976948857307434,
        0.910605251789093,
        0.9172192215919495,
        0.9174051880836487,
        0.9181292653083801,
        0.9123649597167969,
        0.9182623028755188,
        0.9200870394706726,
        0.9145116806030273,
        0.9149681925773621,
        0.912306010723114,
        0.9065870046615601,
        0.8992459177970886,
        0.9188836812973022,
        0.9066006541252136,
        0.9105780720710754,
        0.9136771559715271,
        0.9179569482803345
    ]
}