{
    "loss": [
        0.5456522107124329,
        0.36532461643218994,
        0.318422794342041,
        0.2934476435184479,
        0.2790333330631256,
        0.2680487036705017,
        0.25961533188819885,
        0.25392451882362366,
        0.25218936800956726,
        0.25103554129600525,
        0.2540966868400574,
        0.24997365474700928,
        0.25351282954216003,
        0.25311654806137085,
        0.25549614429473877,
        0.2522926330566406,
        0.2502477169036865,
        0.249245285987854,
        0.24900496006011963,
        0.2475515753030777,
        0.24684233963489532,
        0.25174519419670105,
        0.25786006450653076,
        0.2554793953895569,
        0.25232064723968506,
        0.2502571940422058,
        0.2506982386112213,
        0.24966244399547577,
        0.24925221502780914
    ],
    "binary_accuracy": [
        0.7496510148048401,
        0.8628305792808533,
        0.8832500576972961,
        0.8926088809967041,
        0.9010815024375916,
        0.9076924324035645,
        0.9128450751304626,
        0.9162238836288452,
        0.9166903495788574,
        0.9171029329299927,
        0.9154606461524963,
        0.9165331125259399,
        0.9165006875991821,
        0.9168408513069153,
        0.914993405342102,
        0.9160877466201782,
        0.9166654944419861,
        0.9170470833778381,
        0.9170112609863281,
        0.9172096252441406,
        0.9181482195854187,
        0.9149685502052307,
        0.912002682685852,
        0.9116448163986206,
        0.9127704501152039,
        0.9131882786750793,
        0.9134359955787659,
        0.9144971370697021,
        0.9147562384605408
    ],
    "val_loss": [
        0.40974146127700806,
        0.32756850123405457,
        0.2946856617927551,
        0.286138117313385,
        0.2615716755390167,
        0.2612403333187103,
        0.2514956593513489,
        0.2436121702194214,
        0.23901239037513733,
        0.24538500607013702,
        0.24314960837364197,
        0.2374558001756668,
        0.23485764861106873,
        0.24018704891204834,
        0.24126334488391876,
        0.2946544885635376,
        0.23816877603530884,
        0.2410070300102234,
        0.2319442331790924,
        0.2505609095096588,
        0.24713194370269775,
        0.23599258065223694,
        0.2494870126247406,
        0.2449807971715927,
        0.2357940971851349,
        0.24006995558738708,
        0.2530188262462616,
        0.23640745878219604,
        0.2464250773191452
    ],
    "val_binary_accuracy": [
        0.8406078815460205,
        0.8825758099555969,
        0.8930129408836365,
        0.9009754061698914,
        0.9034168720245361,
        0.9157830476760864,
        0.9119688868522644,
        0.9150604009628296,
        0.9170060753822327,
        0.9199947714805603,
        0.9175820350646973,
        0.9198224544525146,
        0.9196712970733643,
        0.9200401306152344,
        0.9180552363395691,
        0.9016284942626953,
        0.9185903668403625,
        0.9193039536476135,
        0.9211241006851196,
        0.9194641709327698,
        0.9225315451622009,
        0.9168503284454346,
        0.9165979027748108,
        0.9155683517456055,
        0.9187581539154053,
        0.9160657525062561,
        0.9071992635726929,
        0.9202079772949219,
        0.917096734046936
    ]
}