{
    "loss": [
        0.3503683805465698,
        0.27698177099227905,
        0.2635442912578583,
        0.2594137489795685,
        0.26037248969078064,
        0.25339630246162415,
        0.2542364001274109,
        0.2508755922317505,
        0.25690752267837524,
        0.2459801286458969,
        0.244370698928833,
        0.25119635462760925,
        0.24294514954090118,
        0.24142642319202423,
        0.23921339213848114,
        0.23910564184188843,
        0.2319452315568924,
        0.23197153210639954,
        0.23069259524345398,
        0.23000159859657288,
        0.2304280400276184,
        0.23351535201072693,
        0.2277764528989792,
        0.22886596620082855,
        0.23162922263145447,
        0.2297903299331665,
        0.23484216630458832
    ],
    "binary_accuracy": [
        0.8636356592178345,
        0.9113257527351379,
        0.9143369197845459,
        0.9152189493179321,
        0.9131037592887878,
        0.9151559472084045,
        0.9178065657615662,
        0.9170783758163452,
        0.9179453253746033,
        0.9201242327690125,
        0.9204036593437195,
        0.917163610458374,
        0.9173951745033264,
        0.9176334738731384,
        0.9180211424827576,
        0.9178661704063416,
        0.9206453561782837,
        0.9208316802978516,
        0.9222567081451416,
        0.9226598143577576,
        0.9225176572799683,
        0.9215722680091858,
        0.924677312374115,
        0.9241079092025757,
        0.9231379628181458,
        0.9241482019424438,
        0.9221601486206055
    ],
    "val_loss": [
        0.26239755749702454,
        0.2556549906730652,
        0.24761879444122314,
        0.2557583153247833,
        0.2632022798061371,
        0.2378447949886322,
        0.2477596402168274,
        0.23656684160232544,
        0.25899314880371094,
        0.2319994419813156,
        0.23657600581645966,
        0.23411992192268372,
        0.27462831139564514,
        0.25811684131622314,
        0.21712322533130646,
        0.24111810326576233,
        0.2145339399576187,
        0.22138574719429016,
        0.2268502563238144,
        0.22208058834075928,
        0.2171867936849594,
        0.21987685561180115,
        0.22064347565174103,
        0.23452173173427582,
        0.21668966114521027,
        0.21455492079257965,
        0.22928683459758759
    ],
    "val_binary_accuracy": [
        0.9158933758735657,
        0.9215503931045532,
        0.9222790598869324,
        0.9131843447685242,
        0.9082832336425781,
        0.920537531375885,
        0.9212132692337036,
        0.9200462102890015,
        0.923518717288971,
        0.9231181144714355,
        0.9215171337127686,
        0.9227340817451477,
        0.8984265923500061,
        0.9038462042808533,
        0.9255263209342957,
        0.9171527028083801,
        0.9256714582443237,
        0.9219903349876404,
        0.9275974035263062,
        0.9259451031684875,
        0.9285014271736145,
        0.9249911308288574,
        0.9281325936317444,
        0.9184406995773315,
        0.9297380447387695,
        0.9297819137573242,
        0.9288854598999023
    ]
}