{
    "loss": [
        0.6946727633476257,
        0.5649634599685669,
        0.4999013841152191,
        0.47919541597366333,
        0.45998796820640564,
        0.4392733871936798,
        0.4224119186401367,
        0.4034039378166199,
        0.39138296246528625,
        0.38118472695350647,
        0.3690451681613922,
        0.3585823178291321,
        0.3504696786403656,
        0.34236687421798706,
        0.33580291271209717,
        0.3323702812194824,
        0.3271409571170807,
        0.32457029819488525,
        0.3233562707901001,
        0.32216715812683105,
        0.320953905582428,
        0.31628119945526123,
        0.3146781921386719,
        0.3143576681613922,
        0.30933141708374023,
        0.309378981590271,
        0.31443026661872864,
        0.3125078082084656,
        0.31393760442733765,
        0.3169000446796417,
        0.3194800019264221,
        0.3139621317386627,
        0.3129541873931885,
        0.3096860349178314,
        0.3117044270038605,
        0.30659982562065125,
        0.304775595664978,
        0.30558449029922485,
        0.3093125522136688,
        0.30827444791793823
    ],
    "binary_accuracy": [
        0.5097411870956421,
        0.6862487196922302,
        0.7626706957817078,
        0.7822956442832947,
        0.7995237112045288,
        0.8153682351112366,
        0.828191876411438,
        0.8419868350028992,
        0.8496298789978027,
        0.8552512526512146,
        0.8620680570602417,
        0.8683739304542542,
        0.8725035190582275,
        0.8758513927459717,
        0.8792015314102173,
        0.8817088603973389,
        0.8841630220413208,
        0.8852897882461548,
        0.8848398923873901,
        0.8857622742652893,
        0.8857185244560242,
        0.8875319957733154,
        0.8878272771835327,
        0.8879287242889404,
        0.8915963768959045,
        0.8928954601287842,
        0.8905302882194519,
        0.8917928338050842,
        0.8914639949798584,
        0.8902670741081238,
        0.8894917964935303,
        0.8913878202438354,
        0.891982913017273,
        0.8927239179611206,
        0.8927159905433655,
        0.8932205438613892,
        0.8933423161506653,
        0.892880380153656,
        0.8902323842048645,
        0.8915492296218872
    ],
    "val_loss": [
        0.6269493699073792,
        0.5004845857620239,
        0.47873497009277344,
        0.4588744342327118,
        0.44144827127456665,
        0.4171586036682129,
        0.3943466246128082,
        0.3861860930919647,
        0.391654372215271,
        0.3660424053668976,
        0.35080814361572266,
        0.33933359384536743,
        0.34210458397865295,
        0.3281268775463104,
        0.323727548122406,
        0.3167033791542053,
        0.31150543689727783,
        0.3096368610858917,
        0.3087606132030487,
        0.3050595223903656,
        0.30236944556236267,
        0.29963451623916626,
        0.29859068989753723,
        0.30943605303764343,
        0.2911362946033478,
        0.32755401730537415,
        0.2938482463359833,
        0.3439134955406189,
        0.3152279853820801,
        0.3167478144168854,
        0.3096213638782501,
        0.2977622151374817,
        0.3141865134239197,
        0.28476789593696594,
        0.30494940280914307,
        0.2829214036464691,
        0.2824725806713104,
        0.3051159083843231,
        0.2938157320022583,
        0.3359561264514923
    ],
    "val_binary_accuracy": [
        0.5536371469497681,
        0.7638378739356995,
        0.7807438373565674,
        0.8026356101036072,
        0.8154416680335999,
        0.833820104598999,
        0.8536952137947083,
        0.8500896692276001,
        0.8369645476341248,
        0.8589817881584167,
        0.8680992126464844,
        0.8779498338699341,
        0.8669744729995728,
        0.8803777098655701,
        0.8792045712471008,
        0.8887603878974915,
        0.8886666893959045,
        0.8931414484977722,
        0.8907437920570374,
        0.8917612433433533,
        0.8946895003318787,
        0.8922102451324463,
        0.8906803131103516,
        0.8878079652786255,
        0.898824155330658,
        0.8798198699951172,
        0.8983464241027832,
        0.87486732006073,
        0.8895344138145447,
        0.8863521814346313,
        0.8882826566696167,
        0.8936388492584229,
        0.8829612731933594,
        0.9039611220359802,
        0.890687882900238,
        0.9030600786209106,
        0.9032309055328369,
        0.8879954218864441,
        0.893020510673523,
        0.8789929151535034
    ]
}