{
    "loss": [
        0.3611783981323242,
        0.3036712408065796,
        0.3005841374397278,
        0.29041269421577454,
        0.2951687276363373,
        0.29284968972206116,
        0.28174644708633423,
        0.2835642993450165,
        0.27132928371429443,
        0.2589554786682129,
        0.25257256627082825,
        0.2554236650466919,
        0.2529112994670868,
        0.25371021032333374,
        0.25557711720466614,
        0.25576359033584595,
        0.25217705965042114,
        0.2464306652545929,
        0.24800583720207214,
        0.24892275035381317,
        0.25062596797943115,
        0.24222004413604736,
        0.2428954541683197,
        0.2458229959011078,
        0.24476827681064606,
        0.24942664802074432,
        0.24715331196784973,
        0.24230413138866425,
        0.24219746887683868,
        0.2430116832256317,
        0.23693397641181946,
        0.24052244424819946,
        0.23601308465003967,
        0.24016599357128143,
        0.2419424206018448,
        0.23913535475730896,
        0.23967446386814117,
        0.2405116707086563,
        0.24161003530025482,
        0.24364490807056427
    ],
    "binary_accuracy": [
        0.8617501854896545,
        0.9017821550369263,
        0.9035058617591858,
        0.9079190492630005,
        0.9054324626922607,
        0.9082667231559753,
        0.9119871854782104,
        0.9086483716964722,
        0.9123952388763428,
        0.9133734107017517,
        0.9159425497055054,
        0.9136520624160767,
        0.9148938655853271,
        0.9150616526603699,
        0.9149896502494812,
        0.9148101210594177,
        0.9149342179298401,
        0.9163373708724976,
        0.9169825911521912,
        0.9171096682548523,
        0.917441189289093,
        0.9196649193763733,
        0.9182798266410828,
        0.9170572757720947,
        0.9175912737846375,
        0.916731059551239,
        0.9156880378723145,
        0.9178164005279541,
        0.9172552824020386,
        0.919078528881073,
        0.9201479554176331,
        0.918983519077301,
        0.9195408225059509,
        0.917803168296814,
        0.9181048274040222,
        0.9191682934761047,
        0.9190177917480469,
        0.9179592728614807,
        0.9184476137161255,
        0.9185803532600403
    ],
    "val_loss": [
        0.2955080568790436,
        0.32487383484840393,
        0.27860838174819946,
        0.287992924451828,
        0.3093832731246948,
        0.302090585231781,
        0.28766340017318726,
        0.2772669494152069,
        0.28310102224349976,
        0.24789097905158997,
        0.24451272189617157,
        0.24115867912769318,
        0.23452849686145782,
        0.264736145734787,
        0.25407230854034424,
        0.2422054260969162,
        0.2715144753456116,
        0.23009862005710602,
        0.24536830186843872,
        0.22982189059257507,
        0.24561335146427155,
        0.22889849543571472,
        0.23577018082141876,
        0.2257745862007141,
        0.23676317930221558,
        0.30308234691619873,
        0.2285679578781128,
        0.23158065974712372,
        0.2586037516593933,
        0.22714535892009735,
        0.23503920435905457,
        0.223207488656044,
        0.23648914694786072,
        0.24181590974330902,
        0.22685058414936066,
        0.2404070943593979,
        0.2375411093235016,
        0.2279074490070343,
        0.24235500395298004,
        0.23328736424446106
    ],
    "val_binary_accuracy": [
        0.8943493366241455,
        0.8840739727020264,
        0.9147883057594299,
        0.909728467464447,
        0.896545946598053,
        0.9073625802993774,
        0.9154050946235657,
        0.908142626285553,
        0.9044811725616455,
        0.9180265069007874,
        0.9149107336997986,
        0.9175124764442444,
        0.9207642674446106,
        0.9133506417274475,
        0.9144889712333679,
        0.9190061092376709,
        0.8998778462409973,
        0.9202653765678406,
        0.9196380376815796,
        0.9233871698379517,
        0.9179388284683228,
        0.924440860748291,
        0.9196984767913818,
        0.9258589148521423,
        0.9179448485374451,
        0.8835024833679199,
        0.9216985702514648,
        0.9244983196258545,
        0.9210106730461121,
        0.9211013913154602,
        0.9206720590591431,
        0.9242987632751465,
        0.9169350266456604,
        0.9194445013999939,
        0.9272618293762207,
        0.916035532951355,
        0.9161912202835083,
        0.9245391488075256,
        0.916059672832489,
        0.9201852679252625
    ]
}