{
    "loss": [
        0.6210654973983765,
        0.4407900869846344,
        0.37179654836654663,
        0.33348631858825684,
        0.30715516209602356,
        0.2927496135234833,
        0.28474146127700806,
        0.28153687715530396,
        0.27806147933006287,
        0.27593618631362915,
        0.27952197194099426,
        0.28229251503944397,
        0.2758309543132782,
        0.27215614914894104,
        0.2713541090488434,
        0.27066653966903687,
        0.2712911069393158,
        0.27152174711227417,
        0.271708607673645,
        0.26955798268318176,
        0.26739034056663513,
        0.2644362449645996,
        0.2660742998123169,
        0.2643353343009949,
        0.2648034393787384,
        0.2646722197532654,
        0.26364871859550476,
        0.2633732855319977,
        0.26326972246170044,
        0.2623427212238312,
        0.2608395516872406,
        0.26011717319488525,
        0.2579245865345001,
        0.2557075321674347,
        0.2548433244228363,
        0.2544141113758087,
        0.2522881031036377,
        0.25220152735710144,
        0.25477561354637146,
        0.2523534595966339
    ],
    "binary_accuracy": [
        0.5986141562461853,
        0.8174185156822205,
        0.8613900542259216,
        0.8818589448928833,
        0.894723653793335,
        0.9026954770088196,
        0.9080514311790466,
        0.9101495742797852,
        0.9116247892379761,
        0.9122372269630432,
        0.9109780788421631,
        0.9098592400550842,
        0.913413405418396,
        0.9145593643188477,
        0.9149225354194641,
        0.9150183200836182,
        0.9145367741584778,
        0.9148120284080505,
        0.9141502380371094,
        0.9149617552757263,
        0.9159930944442749,
        0.9169788360595703,
        0.9160858988761902,
        0.9172903299331665,
        0.9170282483100891,
        0.9172824025154114,
        0.9171066880226135,
        0.9171493053436279,
        0.9165908098220825,
        0.9170188307762146,
        0.9175101518630981,
        0.9174894094467163,
        0.9181459546089172,
        0.9188662171363831,
        0.9187817573547363,
        0.9185072183609009,
        0.9189717769622803,
        0.9188643097877502,
        0.9165942072868347,
        0.9177526235580444
    ],
    "val_loss": [
        0.4837697744369507,
        0.38715609908103943,
        0.3310777544975281,
        0.30700501799583435,
        0.28168419003486633,
        0.2724992334842682,
        0.27477070689201355,
        0.2730848491191864,
        0.26280340552330017,
        0.2672330141067505,
        0.2781514823436737,
        0.26511189341545105,
        0.2731873095035553,
        0.2741204500198364,
        0.2667207419872284,
        0.2599646747112274,
        0.2651330232620239,
        0.2721457779407501,
        0.2653101086616516,
        0.2726525068283081,
        0.2574693262577057,
        0.2677895426750183,
        0.2643870711326599,
        0.25622519850730896,
        0.25277355313301086,
        0.25239020586013794,
        0.2545081675052643,
        0.2651629149913788,
        0.25224989652633667,
        0.2648400366306305,
        0.2941589057445526,
        0.2500801682472229,
        0.2502118945121765,
        0.2508959174156189,
        0.2477113902568817,
        0.24851082265377045,
        0.24651214480400085,
        0.25086769461631775,
        0.2400207817554474,
        0.24143780767917633
    ],
    "val_binary_accuracy": [
        0.7695493102073669,
        0.8585343360900879,
        0.8834511041641235,
        0.8948482275009155,
        0.9075197577476501,
        0.9127368330955505,
        0.9148517847061157,
        0.913058876991272,
        0.9169924259185791,
        0.9127368330955505,
        0.9104344248771667,
        0.9198663234710693,
        0.9148427248001099,
        0.9142047762870789,
        0.9167475700378418,
        0.9176787734031677,
        0.9153582453727722,
        0.9125509262084961,
        0.9177649617195129,
        0.9131283760070801,
        0.9189607501029968,
        0.9162048101425171,
        0.9175049066543579,
        0.920099139213562,
        0.9216169118881226,
        0.9190030694007874,
        0.9209290742874146,
        0.914948582649231,
        0.9213569164276123,
        0.913586437702179,
        0.9030616283416748,
        0.9204150438308716,
        0.9197075366973877,
        0.9202396869659424,
        0.9197559356689453,
        0.9207204580307007,
        0.9215760827064514,
        0.9172978401184082,
        0.9223939776420593,
        0.9209381341934204
    ]
}