{
    "loss": [
        0.634991466999054,
        0.4497032165527344,
        0.39704030752182007,
        0.3931162655353546,
        0.37568408250808716,
        0.37233713269233704,
        0.3655177652835846,
        0.36013370752334595,
        0.36485767364501953,
        0.35998108983039856,
        0.3592853248119354,
        0.35526061058044434,
        0.36869850754737854,
        0.36442190408706665,
        0.3572520613670349,
        0.35562387108802795,
        0.35847994685173035,
        0.35697275400161743,
        0.3569679260253906,
        0.3523120880126953,
        0.35267728567123413,
        0.3514675796031952,
        0.35108307003974915,
        0.34948262572288513,
        0.34801602363586426,
        0.3473846912384033,
        0.3472581207752228,
        0.34745877981185913,
        0.34635603427886963,
        0.3438505232334137,
        0.3439132869243622,
        0.34421277046203613,
        0.3424535095691681,
        0.34450608491897583,
        0.3457877039909363,
        0.34311163425445557,
        0.3432857394218445,
        0.3440611660480499,
        0.3409287631511688,
        0.34389904141426086
    ],
    "binary_accuracy": [
        0.637631356716156,
        0.8233318328857422,
        0.8459610939025879,
        0.8485615849494934,
        0.8622936010360718,
        0.8652836084365845,
        0.8700063824653625,
        0.8742155432701111,
        0.8719118237495422,
        0.8751314878463745,
        0.875413179397583,
        0.8776384592056274,
        0.8714495301246643,
        0.8716260194778442,
        0.8775509595870972,
        0.877956748008728,
        0.8764966130256653,
        0.8762854337692261,
        0.8773918151855469,
        0.8797075748443604,
        0.8793632984161377,
        0.8803811073303223,
        0.8801499605178833,
        0.8805297017097473,
        0.8819392919540405,
        0.881759762763977,
        0.8823812007904053,
        0.8819143772125244,
        0.8818981647491455,
        0.8832990527153015,
        0.8829069137573242,
        0.8834940195083618,
        0.8838635683059692,
        0.8824355006217957,
        0.8816379904747009,
        0.8837282061576843,
        0.8832979202270508,
        0.8828017115592957,
        0.8842471241950989,
        0.8836735486984253
    ],
    "val_loss": [
        0.5076590776443481,
        0.4001762866973877,
        0.37274596095085144,
        0.36515194177627563,
        0.36525413393974304,
        0.36445096135139465,
        0.35310137271881104,
        0.35898828506469727,
        0.3590103089809418,
        0.3576389253139496,
        0.3459005057811737,
        0.35400089621543884,
        0.3735331594944,
        0.40737441182136536,
        0.35112643241882324,
        0.34790679812431335,
        0.35953864455223083,
        0.3415068984031677,
        0.35113587975502014,
        0.34512779116630554,
        0.3392895758152008,
        0.3531803488731384,
        0.3477243185043335,
        0.33840587735176086,
        0.344529390335083,
        0.3481007218360901,
        0.3459005653858185,
        0.33722275495529175,
        0.34584563970565796,
        0.3431796133518219,
        0.3389233946800232,
        0.33585065603256226,
        0.3379078209400177,
        0.34001612663269043,
        0.33543750643730164,
        0.36098533868789673,
        0.3312413692474365,
        0.334150105714798,
        0.3304533064365387,
        0.32858073711395264
    ],
    "val_binary_accuracy": [
        0.7986536026000977,
        0.8385730981826782,
        0.8605782389640808,
        0.8643515706062317,
        0.8648293018341064,
        0.8646796345710754,
        0.8770729899406433,
        0.8739527463912964,
        0.8741644024848938,
        0.8730668425559998,
        0.8806195855140686,
        0.87494295835495,
        0.8602713346481323,
        0.8533308506011963,
        0.8805984258651733,
        0.8793829679489136,
        0.8711060881614685,
        0.8840391635894775,
        0.8780496120452881,
        0.8808659911155701,
        0.8844912052154541,
        0.8775582909584045,
        0.8788372278213501,
        0.8852002024650574,
        0.8813769817352295,
        0.8797094821929932,
        0.8826000094413757,
        0.8853800892829895,
        0.8804547786712646,
        0.8818833827972412,
        0.8843732476234436,
        0.8867709040641785,
        0.8851200938224792,
        0.8834042549133301,
        0.885572075843811,
        0.8732512593269348,
        0.8869961500167847,
        0.8879062533378601,
        0.889340877532959,
        0.8909433484077454
    ]
}