{
    "loss": [
        0.45548102259635925,
        0.362621933221817,
        0.3309936821460724,
        0.33465659618377686,
        0.3292442262172699,
        0.32705962657928467,
        0.3190365731716156,
        0.3114456236362457,
        0.301821231842041,
        0.2973855137825012,
        0.2969488799571991,
        0.2925148010253906,
        0.292661190032959,
        0.28173303604125977,
        0.28751400113105774,
        0.2882094383239746,
        0.2846733331680298,
        0.27768826484680176,
        0.27007803320884705,
        0.26600292325019836,
        0.2683238685131073,
        0.2694389820098877,
        0.27113571763038635,
        0.27049538493156433,
        0.2658357322216034,
        0.26986071467399597,
        0.2660726010799408,
        0.264914870262146,
        0.26640352606773376,
        0.2658398747444153,
        0.27301159501075745,
        0.26208746433258057,
        0.26254788041114807,
        0.26220664381980896,
        0.26430216431617737,
        0.26380181312561035,
        0.2666570544242859,
        0.265537828207016,
        0.2610401213169098,
        0.2608189582824707
    ],
    "binary_accuracy": [
        0.7951414585113525,
        0.8671057224273682,
        0.8845977783203125,
        0.8827821016311646,
        0.8845137357711792,
        0.8874407410621643,
        0.8919048309326172,
        0.895922839641571,
        0.8996896743774414,
        0.9004985094070435,
        0.9005351066589355,
        0.9003491997718811,
        0.8994260430335999,
        0.9025982022285461,
        0.9011463522911072,
        0.9007990956306458,
        0.9016482830047607,
        0.9049215316772461,
        0.9068593978881836,
        0.9078922867774963,
        0.9070438146591187,
        0.9069729447364807,
        0.9064019918441772,
        0.9056248068809509,
        0.907472550868988,
        0.9067070484161377,
        0.9079164266586304,
        0.9077368974685669,
        0.9069891571998596,
        0.9082263708114624,
        0.9043056964874268,
        0.9094723463058472,
        0.9097822904586792,
        0.9088584184646606,
        0.9087513089179993,
        0.9090869426727295,
        0.9078319668769836,
        0.9081860184669495,
        0.9095907211303711,
        0.909500241279602
    ],
    "val_loss": [
        0.3783515989780426,
        0.3339633643627167,
        0.3026293218135834,
        0.37071722745895386,
        0.3117414116859436,
        0.3115982115268707,
        0.30831587314605713,
        0.2979121506214142,
        0.34914645552635193,
        0.30040180683135986,
        0.2762871980667114,
        0.281272828578949,
        0.26036185026168823,
        0.2670907974243164,
        0.27531707286834717,
        0.26849645376205444,
        0.26277053356170654,
        0.2523045241832733,
        0.25255754590034485,
        0.2773834764957428,
        0.24562552571296692,
        0.25669416785240173,
        0.2496688961982727,
        0.2477780282497406,
        0.2568948566913605,
        0.26880553364753723,
        0.2498379796743393,
        0.2435608059167862,
        0.23654566705226898,
        0.26945754885673523,
        0.2454882562160492,
        0.2350969761610031,
        0.2549097537994385,
        0.24511532485485077,
        0.24714624881744385,
        0.25073111057281494,
        0.2575322687625885,
        0.27270808815956116,
        0.2689242959022522,
        0.2667239308357239
    ],
    "val_binary_accuracy": [
        0.8563165664672852,
        0.8801705837249756,
        0.9001318216323853,
        0.8580701947212219,
        0.8896991610527039,
        0.8939200043678284,
        0.8960546255111694,
        0.9025067687034607,
        0.8799558877944946,
        0.9017872214317322,
        0.909379243850708,
        0.9013684391975403,
        0.9137285947799683,
        0.9122394919395447,
        0.9080443382263184,
        0.9065598249435425,
        0.9072657823562622,
        0.9108108878135681,
        0.9121654033660889,
        0.9002180099487305,
        0.9163469076156616,
        0.9133022427558899,
        0.917057454586029,
        0.9120308756828308,
        0.9161579608917236,
        0.9040911197662354,
        0.914230465888977,
        0.9142606854438782,
        0.9215987920761108,
        0.9040805101394653,
        0.9160778522491455,
        0.9165449738502502,
        0.9077420234680176,
        0.9113172888755798,
        0.9117844700813293,
        0.9148895740509033,
        0.9135894775390625,
        0.9010298252105713,
        0.9104253649711609,
        0.9074985980987549
    ]
}