{
    "input_bits": 6,
    "input_int_bits": 0,
    "spatial_units": 72,
    "nmodule_xlocal_units": 12,
    "dense2_ratio": 0.2,
    "dense3_ratio": 0.6000000000000001,
    "dropout_rate": 0.1,
    "learning_rate": 0.0024561798875303597
}