{
    "input_bits": 12,
    "input_int_bits": 2,
    "spatial_units": 88,
    "nmodule_xlocal_units": 8,
    "dense2_ratio": 0.6000000000000001,
    "dense3_ratio": 0.6000000000000001,
    "dropout_rate": 0.05,
    "learning_rate": 0.005666324070487912
}