{
    "input_bits": 16,
    "input_int_bits": 0,
    "spatial_units": 128,
    "nmodule_xlocal_units": 12,
    "dense2_ratio": 0.30000000000000004,
    "dense3_ratio": 0.2,
    "dropout_rate": 0.0,
    "learning_rate": 0.0009553859257850876
}