{
  "timestamp": "2026-04-12T11:09:21.046431",
  "metric_name": "weighted_bkg_rej",
  "bkg_rej_weights": {
    "0.95": 0.1,
    "0.98": 0.7,
    "0.99": 0.2
  },
  "total_models": 39,
  "primary_pareto_models": 14,
  "secondary_pareto_models": 11,
  "primary_metric_range": {
    "min": 0.0,
    "max": 0.8372318521138897,
    "mean": 0.5623105119281886
  },
  "parameters_range": {
    "min": 19,
    "max": 595,
    "mean": 178.69230769230768
  },
  "auc_range": {
    "min": 0.4932803285689073,
    "max": 0.9450773744053581,
    "mean": 0.8227551049335387
  }
}