trial_id,parameters,auc,primary_metric
063,8833,0.9560008525998472,0.857931735103903
102,7051,0.9577483385092124,0.8562077274967421
105,8475,0.9553536601462425,0.8544299013427425
108,5305,0.9529830650670703,0.8525522992311203
093,6271,0.9552455310049158,0.8516645955596676
006,3261,0.9538034419589335,0.8516004970656798
095,6097,0.9543328140856508,0.8513955028254737
079,5407,0.9525084438719114,0.8494761762224823
013,5143,0.9516586719760161,0.8493588638844292
065,5141,0.9528536863388812,0.848762022247015
027,2957,0.9537776969907993,0.8484206675313917
106,3061,0.951545887762747,0.8454763697273697
064,2965,0.9517365526821596,0.8445871542989832
020,1527,0.9467296473087758,0.8431298206149223
081,1563,0.9470725505133409,0.8421958571812989
084,1489,0.9477816233965118,0.8386961398798456
029,1281,0.9377761780878121,0.8346234667005301
052,725,0.9450461359172722,0.8320202212607448
078,1545,0.9460615009590995,0.8254044705676044
103,1401,0.9404901098953585,0.8193913061882258
096,1171,0.9401317830731923,0.8192301528990963
057,711,0.9399214309182362,0.8129475934341373
088,533,0.9395990879800336,0.8015386662070926
066,489,0.9294821258773487,0.7772770838813452
015,405,0.9162317710614107,0.771232777309133
037,1045,0.9219178786014735,0.770266764628516
033,489,0.9346898795002558,0.7672009215670267
031,377,0.8756881225260551,0.7317771307458103
017,391,0.8815278386825228,0.6904671631276437
