{
  "timestamp": "2026-05-08T00:03:46.857133",
  "metric_name": "weighted_bkg_rej",
  "bkg_rej_weights": {
    "0.95": 0.1,
    "0.98": 0.7,
    "0.99": 0.2
  },
  "total_models": 39,
  "primary_pareto_models": 6,
  "secondary_pareto_models": 9,
  "primary_metric_range": {
    "min": 0.0,
    "max": 0.728724893496724,
    "mean": 0.5001393374736868
  },
  "parameters_range": {
    "min": 19,
    "max": 595,
    "mean": 181.15384615384616
  },
  "auc_range": {
    "min": 0.5,
    "max": 0.9056834153017189,
    "mean": 0.8174024366925404
  }
}