{
  "loss": [
    0.4268704652786255,
    0.2957606017589569,
    0.2675676941871643,
    0.25587016344070435,
    0.24878723919391632,
    0.2451581358909607,
    0.2415662705898285,
    0.23928749561309814,
    0.23585480451583862,
    0.2354280799627304,
    0.2324141561985016,
    0.23010581731796265,
    0.22825661301612854,
    0.2256740927696228,
    0.22310255467891693,
    0.2210167497396469,
    0.2208557277917862,
    0.21925972402095795,
    0.21735912561416626,
    0.21575461328029633,
    0.21555034816265106,
    0.2140810489654541,
    0.21208056807518005,
    0.2118903547525406,
    0.21078477799892426,
    0.2099805325269699,
    0.20973031222820282,
    0.20626859366893768,
    0.2069721221923828,
    0.20535603165626526
  ],
  "binary_accuracy": [
    0.8121283054351807,
    0.9006780982017517,
    0.914945125579834,
    0.9201656579971313,
    0.9225362539291382,
    0.9244821667671204,
    0.925683319568634,
    0.9267945885658264,
    0.927396297454834,
    0.9278212785720825,
    0.9287416934967041,
    0.9290879964828491,
    0.929735541343689,
    0.9306060075759888,
    0.9314425587654114,
    0.9315968751907349,
    0.9317314624786377,
    0.932478129863739,
    0.9331316351890564,
    0.9332509636878967,
    0.93243008852005,
    0.9333348274230957,
    0.9337717294692993,
    0.9334574937820435,
    0.933782160282135,
    0.9339346289634705,
    0.9337158203125,
    0.9347212314605713,
    0.9350160956382751,
    0.9353426694869995
  ],
  "val_loss": [
    0.3301358222961426,
    0.26957517862319946,
    0.25340795516967773,
    0.2505474090576172,
    0.24096424877643585,
    0.24005769193172455,
    0.2367362529039383,
    0.2306944876909256,
    0.23027147352695465,
    0.23139287531375885,
    0.22678305208683014,
    0.2286309152841568,
    0.22225646674633026,
    0.21827943623065948,
    0.21673591434955597,
    0.21598435938358307,
    0.2147432565689087,
    0.21533626317977905,
    0.2117389440536499,
    0.21918004751205444,
    0.21263903379440308,
    0.210576593875885,
    0.207681342959404,
    0.20522721111774445,
    0.20631124079227448,
    0.20144033432006836,
    0.21035858988761902,
    0.20561204850673676,
    0.19960199296474457,
    0.20100946724414825
  ],
  "val_binary_accuracy": [
    0.8750638961791992,
    0.9156197905540466,
    0.9207128882408142,
    0.9209018349647522,
    0.9243471622467041,
    0.9268249273300171,
    0.9296927452087402,
    0.9312604069709778,
    0.9302777647972107,
    0.9301175475120544,
    0.9293132424354553,
    0.9307705760002136,
    0.9323624968528748,
    0.9346799850463867,
    0.9342310428619385,
    0.9342280030250549,
    0.9322324991226196,
    0.9337291121482849,
    0.9349082708358765,
    0.935150146484375,
    0.9342506527900696,
    0.9352574944496155,
    0.9363308548927307,
    0.9348493218421936,
    0.9343141317367554,
    0.9354026317596436,
    0.9335582852363586,
    0.9372983574867249,
    0.9376112818717957,
    0.9380723834037781
  ]
}