{
    "input_bits": 4,
    "input_int_bits": 1,
    "spatial_units": 32,
    "nmodule_xlocal_units": 4,
    "dense2_ratio": 0.30000000000000004,
    "dense3_ratio": 0.2,
    "dropout_rate": 0.05,
    "learning_rate": 0.00012470968260895233
}