{
    "spatial_units": 72,
    "nmodule_xlocal_units": 2,
    "dense2_ratio": 0.30000000000000004,
    "dense3_ratio": 0.2,
    "learning_rate": 0.0004747431780433045
}