{
  "auc": 0.9475099797024751,
  "bkg_rej_95": 0.8596515097916497,
  "bkg_rej_98": 0.8295403351867473,
  "bkg_rej_99": 0.8011465164584978,
  "weighted_bkg_rej": 0.8268726889015877,
  "final_val_loss": 0.25990766286849976,
  "final_val_binary_accuracy": 0.9065779447555542,
  "epochs_trained": 30
}