trial_id,parameters,auc,primary_metric
077,8185,0.97645304169985,0.8930371499148881
063,8833,0.9764015364376287,0.8928648096244494
074,8191,0.976550031172517,0.8918216973402149
065,5141,0.9752097482998409,0.8879092703958686
099,5139,0.9753158525276328,0.8864065840037976
102,7051,0.975445708261823,0.8857172228420426
013,5143,0.973721446765831,0.88340725824739
043,3975,0.9737060779477675,0.8814963974832271
049,3111,0.9697417748101734,0.8680568783428725
027,2957,0.9719683136016197,0.8673463525840461
006,3261,0.9718354271179572,0.8670681893082502
087,2637,0.9709529842213148,0.8632132091273836
064,2965,0.96943407061155,0.8630378453230776
075,2271,0.9667477536480951,0.8561049280252524
009,2771,0.9657755136346834,0.8541245264421405
010,1589,0.9629025366111776,0.8540368445399875
089,2107,0.9632853859316189,0.850898437145682
020,1527,0.961968760333356,0.8503511811356923
029,1281,0.9660359776425481,0.8494380799477537
101,1853,0.9628096174199912,0.8465990004263154
078,1545,0.9605574065283918,0.8463843309417338
103,1401,0.9591296358350682,0.8436208392669793
056,1339,0.9605580389284947,0.8427923964673264
088,533,0.957596956187444,0.8422239758602653
022,1311,0.9603732269964488,0.8413562273803369
096,1171,0.9593805857171515,0.8408633946199594
033,489,0.956192880317804,0.8363704530130828
066,489,0.9559858383492817,0.82983361603188
051,391,0.9520147470303766,0.8280830015026864
015,405,0.9103427763670152,0.7798428377491753
031,377,0.912897693290551,0.7265987585452061
017,391,0.890676500263889,0.7171744658206876
