{
  "timestamp": "2026-05-07T11:24:05.149902",
  "metric_name": "weighted_bkg_rej",
  "bkg_rej_weights": {
    "0.95": 0.1,
    "0.98": 0.7,
    "0.99": 0.2
  },
  "total_models": 40,
  "primary_pareto_models": 9,
  "secondary_pareto_models": 13,
  "primary_metric_range": {
    "min": 0.0,
    "max": 0.8389198799060291,
    "mean": 0.6655698189822248
  },
  "parameters_range": {
    "min": 19,
    "max": 595,
    "mean": 182.5
  },
  "auc_range": {
    "min": 0.5,
    "max": 0.9467375435660828,
    "mean": 0.8611208841176288
  }
}