bit_width,slope,intercept,r_squared,r_value,p_value,std_err,n_models
10,28.820467848211575,55394.39261432194,0.9856640566653823,0.9928061526125743,3.229189066424307e-29,0.634583940422785,32
3,30.480040804344508,55036.738924397825,0.9714961632037649,0.9856450492970402,2.841295261004296e-19,1.0886361270458276,25
4,28.28928665877649,58699.83005604698,0.9809435948018784,0.9904259663406844,2.758477162812964e-21,0.8221603907064844,25
6,28.167800860973443,61751.42518958116,0.9794197055864762,0.9896563573213059,1.859256520714093e-23,0.8007697163995937,28
8,29.395624404383028,57652.21314288958,0.9750068127684615,0.9874243326799585,8.720661854170972e-25,0.8739582509791699,31
