bit_width,slope,intercept,r_squared,r_value,p_value,std_err,n_models
10,75.97212427627822,8197.880185925142,0.9669466680020371,0.9833344639551881,4.961001200884417e-20,2.809251542322978,27
3,67.08132884038788,7726.738668593502,0.9920909917069975,0.9960376457278096,4.0690183420794986e-16,1.6007477558613075,16
4,68.05681207514334,8240.13659380819,0.970296291948457,0.9850361881415611,2.0187094447512136e-14,2.88802061715973,19
6,67.28498809732385,8505.029704199029,0.9743933717268933,0.9871136569447783,2.1609168626846672e-17,2.439002357220979,22
8,76.32585178691532,7867.172605038886,0.9705228298927221,0.985151171086307,4.1822938613424173e-19,2.7736250918966823,25
