bit_width,slope,intercept,r_squared,r_value,p_value,std_err,n_models
10,33.97722574782681,48730.68228836107,0.8623389820381143,0.928622087847427,2.4951238722503325e-15,2.399824072852724,34
