{
  "timestamp": "2026-06-16T11:16:42.898203",
  "metric_name": "bkg_rej_@99%",
  "bkg_rej_weights": "N/A",
  "total_models": 114,
  "primary_pareto_models": 16,
  "secondary_pareto_models": 16,
  "primary_metric_range": {
    "min": 0.6347111486026831,
    "max": 0.8912351356499497,
    "mean": 0.8442263642240441
  },
  "parameters_range": {
    "min": 377,
    "max": 14399,
    "mean": 5104.368421052632
  },
  "auc_range": {
    "min": 0.8962041538187366,
    "max": 0.9760756491728376,
    "mean": 0.9621157203258294
  }
}