{
    "input_bits": 12,
    "input_int_bits": 3,
    "spatial_units": 24,
    "nmodule_xlocal_units": 6,
    "dense2_ratio": 0.6000000000000001,
    "dense3_ratio": 0.5,
    "dropout_rate": 0.0,
    "learning_rate": 0.00043809487765148245
}