{
    "input_bits": 8,
    "input_int_bits": 0,
    "spatial_units": 64,
    "nmodule_xlocal_units": 12,
    "dense2_ratio": 0.6000000000000001,
    "dense3_ratio": 0.2,
    "dropout_rate": 0.0,
    "learning_rate": 0.0005292195440206708
}