{
  "timestamp": "2026-07-22T05:25:16.190533",
  "metric_name": "bkg_rej_@99%",
  "bkg_rej_weights": "N/A",
  "total_models": 120,
  "primary_pareto_models": 12,
  "secondary_pareto_models": 16,
  "primary_metric_range": {
    "min": 0.7925264784226933,
    "max": 0.9123332154162925,
    "mean": 0.8881594661683916
  },
  "parameters_range": {
    "min": 1211,
    "max": 81997,
    "mean": 28256.033333333333
  },
  "auc_range": {
    "min": 0.9469311176420657,
    "max": 0.980866404724509,
    "mean": 0.9746439849098967
  }
}