
****** Vitis HLS - High-Level Synthesis from C, C++ and OpenCL v2024.1 (64-bit)
  **** SW Build 5069499 on May 21 2024
  **** IP Build 5075265 on Wed May 22 21:45:21 MDT 2024
  **** SharedData Build 5076995 on Wed May 22 18:29:18 MDT 2024
  **** Start of session at: Tue Aug 11 05:44:57 2026
    ** Copyright 1986-2022 Xilinx, Inc. All Rights Reserved.
    ** Copyright 2022-2024 Advanced Micro Devices, Inc. All Rights Reserved.

source /code/Xilinx_2024.1/Vitis_HLS/2024.1/scripts/vitis_hls/hls.tcl -notrace
INFO: [HLS 200-10] For user 'dabadjiev' on host 'kdplab01' (Linux_x86_64 version 5.14.0-687.17.1.el9_8.x86_64) on Tue Aug 11 05:44:59 CDT 2026
INFO: [HLS 200-10] In directory '/home/dabadjiev/smartpixels_ml_dsabadjiev/Muon_Collider_Smart_Pixels/eric/Results_June2026_99SigEff/model2.5_fin_results/model2_5_10bit_normalised_selected/pareto_primary/hls_outputs_vsynth/hls_model_trial_065'
WARNING: [HLS 200-2053] The vitis_hls executable is deprecated. Consider using vitis-run --mode hls --tcl
Sourcing Tcl script 'build_prj.tcl'
INFO: hls4ml requested max HLS threads: 4
INFO: [HLS 200-1510] Running: open_project -reset myproject_prj 
INFO: [HLS 200-10] Creating and opening project '/home/dabadjiev/smartpixels_ml_dsabadjiev/Muon_Collider_Smart_Pixels/eric/Results_June2026_99SigEff/model2.5_fin_results/model2_5_10bit_normalised_selected/pareto_primary/hls_outputs_vsynth/hls_model_trial_065/myproject_prj'.
INFO: [HLS 200-1510] Running: set_top myproject 
INFO: [HLS 200-1510] Running: add_files firmware/myproject.cpp -cflags -std=c++0x 
INFO: [HLS 200-10] Adding design file 'firmware/myproject.cpp' to the project
INFO: [HLS 200-1510] Running: add_files -tb myproject_test.cpp -cflags -std=c++0x 
INFO: [HLS 200-10] Adding test bench file 'myproject_test.cpp' to the project
INFO: [HLS 200-1510] Running: add_files -tb firmware/weights 
INFO: [HLS 200-10] Adding test bench file 'firmware/weights' to the project
INFO: [HLS 200-1510] Running: add_files -tb tb_data 
INFO: [HLS 200-10] Adding test bench file 'tb_data' to the project
INFO: [HLS 200-1510] Running: open_solution -reset solution1 
INFO: [HLS 200-10] Creating and opening solution '/home/dabadjiev/smartpixels_ml_dsabadjiev/Muon_Collider_Smart_Pixels/eric/Results_June2026_99SigEff/model2.5_fin_results/model2_5_10bit_normalised_selected/pareto_primary/hls_outputs_vsynth/hls_model_trial_065/myproject_prj/solution1'.
INFO: [HLS 200-10] Cleaning up the solution database.
INFO: [HLS 200-1505] Using default flow_target 'vivado'
Resolution: For help on HLS 200-1505 see docs.xilinx.com/access/sources/dita/topic?Doc_Version=2024.1%20English&url=ug1448-hls-guidance&resourceid=200-1505.html
INFO: [HLS 200-1510] Running: config_compile -name_max_length 80 
INFO: [XFORM 203-1161] The maximum of name length is set to 80.
INFO: [HLS 200-1510] Running: set_part xc7z020clg400-1 
INFO: [HLS 200-1611] Setting target device to 'xc7z020-clg400-1'
INFO: [XFORM 203-1161] The maximum of name length is set to 80.
INFO: [HLS 200-1510] Running: config_schedule -enable_dsp_full_reg=false 
INFO: [HLS 200-1510] Running: create_clock -period 20 -name default 
INFO: [SYN 201-201] Setting up clock 'default' with a period of 20ns.
INFO: [HLS 200-1510] Running: set_clock_uncertainty 12.5% default 
INFO: [SYN 201-201] Setting up clock 'default' with an uncertainty of 2.5ns.
***** C/RTL SYNTHESIS *****
INFO: [HLS 200-1510] Running: config_op mul -impl fabric 
INFO: [HLS 200-1445] Configure operator 'mul' with implementation style 'fabric'.
INFO: [HLS 200-1510] Running: config_op add -impl fabric 
INFO: [HLS 200-1445] Configure operator 'add' with implementation style 'fabric'.
INFO: [HLS 200-1510] Running: csynth_design 
INFO: [HLS 200-111] Finished File checks and directory preparation: CPU user time: 0.07 seconds. CPU system time: 0.02 seconds. Elapsed time: 0.08 seconds; current allocated memory: 333.207 MB.
INFO: [HLS 200-10] Analyzing design file 'firmware/myproject.cpp' ... 
WARNING: [HLS 207-5292] unused parameter 'keep' (firmware/nnet_utils/nnet_helpers.h:285:99)
WARNING: [HLS 207-5292] unused parameter 'data' (firmware/nnet_utils/nnet_code_gen.h:11:36)
WARNING: [HLS 207-5292] unused parameter 'buffer' (firmware/nnet_utils/nnet_code_gen.h:12:36)
WARNING: [HLS 207-5292] unused parameter 'partition' (firmware/nnet_utils/nnet_code_gen.h:13:44)
WARNING: [HLS 207-5292] unused parameter 'data' (firmware/nnet_utils/nnet_code_gen.h:21:24)
WARNING: [HLS 207-5292] unused parameter 'buffer' (firmware/nnet_utils/nnet_code_gen.h:22:24)
WARNING: [HLS 207-5292] unused parameter 'partition' (firmware/nnet_utils/nnet_code_gen.h:23:32)
INFO: [HLS 200-111] Finished Source Code Analysis and Preprocessing: CPU user time: 8.3 seconds. CPU system time: 1.23 seconds. Elapsed time: 10.66 seconds; current allocated memory: 340.031 MB.
INFO: [HLS 200-777] Using interface defaults for 'Vivado' flow target.
INFO: [HLS 200-1995] There were 9,877 instructions in the design after the 'Compile/Link' phase of compilation. See the Design Size Report for more details: /home/dabadjiev/smartpixels_ml_dsabadjiev/Muon_Collider_Smart_Pixels/eric/Results_June2026_99SigEff/model2.5_fin_results/model2_5_10bit_normalised_selected/pareto_primary/hls_outputs_vsynth/hls_model_trial_065/myproject_prj/solution1/syn/report/csynth_design_size.rpt
INFO: [HLS 200-1995] There were 49,617 instructions in the design after the 'Unroll/Inline (step 1)' phase of compilation. See the Design Size Report for more details: /home/dabadjiev/smartpixels_ml_dsabadjiev/Muon_Collider_Smart_Pixels/eric/Results_June2026_99SigEff/model2.5_fin_results/model2_5_10bit_normalised_selected/pareto_primary/hls_outputs_vsynth/hls_model_trial_065/myproject_prj/solution1/syn/report/csynth_design_size.rpt
INFO: [HLS 200-1995] There were 20,765 instructions in the design after the 'Unroll/Inline (step 2)' phase of compilation. See the Design Size Report for more details: /home/dabadjiev/smartpixels_ml_dsabadjiev/Muon_Collider_Smart_Pixels/eric/Results_June2026_99SigEff/model2.5_fin_results/model2_5_10bit_normalised_selected/pareto_primary/hls_outputs_vsynth/hls_model_trial_065/myproject_prj/solution1/syn/report/csynth_design_size.rpt
INFO: [HLS 200-1995] There were 16,014 instructions in the design after the 'Unroll/Inline (step 3)' phase of compilation. See the Design Size Report for more details: /home/dabadjiev/smartpixels_ml_dsabadjiev/Muon_Collider_Smart_Pixels/eric/Results_June2026_99SigEff/model2.5_fin_results/model2_5_10bit_normalised_selected/pareto_primary/hls_outputs_vsynth/hls_model_trial_065/myproject_prj/solution1/syn/report/csynth_design_size.rpt
INFO: [HLS 200-1995] There were 13,928 instructions in the design after the 'Unroll/Inline (step 4)' phase of compilation. See the Design Size Report for more details: /home/dabadjiev/smartpixels_ml_dsabadjiev/Muon_Collider_Smart_Pixels/eric/Results_June2026_99SigEff/model2.5_fin_results/model2_5_10bit_normalised_selected/pareto_primary/hls_outputs_vsynth/hls_model_trial_065/myproject_prj/solution1/syn/report/csynth_design_size.rpt
INFO: [HLS 200-1995] There were 11,831 instructions in the design after the 'Array/Struct' phase of compilation. See the Design Size Report for more details: /home/dabadjiev/smartpixels_ml_dsabadjiev/Muon_Collider_Smart_Pixels/eric/Results_June2026_99SigEff/model2.5_fin_results/model2_5_10bit_normalised_selected/pareto_primary/hls_outputs_vsynth/hls_model_trial_065/myproject_prj/solution1/syn/report/csynth_design_size.rpt
INFO: [HLS 200-1995] There were 11,780 instructions in the design after the 'Array/Struct (step 2)' phase of compilation. See the Design Size Report for more details: /home/dabadjiev/smartpixels_ml_dsabadjiev/Muon_Collider_Smart_Pixels/eric/Results_June2026_99SigEff/model2.5_fin_results/model2_5_10bit_normalised_selected/pareto_primary/hls_outputs_vsynth/hls_model_trial_065/myproject_prj/solution1/syn/report/csynth_design_size.rpt
INFO: [HLS 200-1995] There were 11,780 instructions in the design after the 'Array/Struct (step 3)' phase of compilation. See the Design Size Report for more details: /home/dabadjiev/smartpixels_ml_dsabadjiev/Muon_Collider_Smart_Pixels/eric/Results_June2026_99SigEff/model2.5_fin_results/model2_5_10bit_normalised_selected/pareto_primary/hls_outputs_vsynth/hls_model_trial_065/myproject_prj/solution1/syn/report/csynth_design_size.rpt
INFO: [HLS 200-1995] There were 11,851 instructions in the design after the 'Array/Struct (step 4)' phase of compilation. See the Design Size Report for more details: /home/dabadjiev/smartpixels_ml_dsabadjiev/Muon_Collider_Smart_Pixels/eric/Results_June2026_99SigEff/model2.5_fin_results/model2_5_10bit_normalised_selected/pareto_primary/hls_outputs_vsynth/hls_model_trial_065/myproject_prj/solution1/syn/report/csynth_design_size.rpt
INFO: [HLS 200-1995] There were 11,864 instructions in the design after the 'Array/Struct (step 5)' phase of compilation. See the Design Size Report for more details: /home/dabadjiev/smartpixels_ml_dsabadjiev/Muon_Collider_Smart_Pixels/eric/Results_June2026_99SigEff/model2.5_fin_results/model2_5_10bit_normalised_selected/pareto_primary/hls_outputs_vsynth/hls_model_trial_065/myproject_prj/solution1/syn/report/csynth_design_size.rpt
INFO: [HLS 200-1995] There were 11,864 instructions in the design after the 'Performance (step 1)' phase of compilation. See the Design Size Report for more details: /home/dabadjiev/smartpixels_ml_dsabadjiev/Muon_Collider_Smart_Pixels/eric/Results_June2026_99SigEff/model2.5_fin_results/model2_5_10bit_normalised_selected/pareto_primary/hls_outputs_vsynth/hls_model_trial_065/myproject_prj/solution1/syn/report/csynth_design_size.rpt
INFO: [HLS 200-1995] There were 11,743 instructions in the design after the 'Performance (step 2)' phase of compilation. See the Design Size Report for more details: /home/dabadjiev/smartpixels_ml_dsabadjiev/Muon_Collider_Smart_Pixels/eric/Results_June2026_99SigEff/model2.5_fin_results/model2_5_10bit_normalised_selected/pareto_primary/hls_outputs_vsynth/hls_model_trial_065/myproject_prj/solution1/syn/report/csynth_design_size.rpt
INFO: [HLS 200-1995] There were 11,743 instructions in the design after the 'Performance (step 3)' phase of compilation. See the Design Size Report for more details: /home/dabadjiev/smartpixels_ml_dsabadjiev/Muon_Collider_Smart_Pixels/eric/Results_June2026_99SigEff/model2.5_fin_results/model2_5_10bit_normalised_selected/pareto_primary/hls_outputs_vsynth/hls_model_trial_065/myproject_prj/solution1/syn/report/csynth_design_size.rpt
INFO: [HLS 200-1995] There were 11,743 instructions in the design after the 'Performance (step 4)' phase of compilation. See the Design Size Report for more details: /home/dabadjiev/smartpixels_ml_dsabadjiev/Muon_Collider_Smart_Pixels/eric/Results_June2026_99SigEff/model2.5_fin_results/model2_5_10bit_normalised_selected/pareto_primary/hls_outputs_vsynth/hls_model_trial_065/myproject_prj/solution1/syn/report/csynth_design_size.rpt
INFO: [HLS 200-1995] There were 13,387 instructions in the design after the 'HW Transforms (step 1)' phase of compilation. See the Design Size Report for more details: /home/dabadjiev/smartpixels_ml_dsabadjiev/Muon_Collider_Smart_Pixels/eric/Results_June2026_99SigEff/model2.5_fin_results/model2_5_10bit_normalised_selected/pareto_primary/hls_outputs_vsynth/hls_model_trial_065/myproject_prj/solution1/syn/report/csynth_design_size.rpt
INFO: [HLS 200-1995] There were 13,437 instructions in the design after the 'HW Transforms (step 2)' phase of compilation. See the Design Size Report for more details: /home/dabadjiev/smartpixels_ml_dsabadjiev/Muon_Collider_Smart_Pixels/eric/Results_June2026_99SigEff/model2.5_fin_results/model2_5_10bit_normalised_selected/pareto_primary/hls_outputs_vsynth/hls_model_trial_065/myproject_prj/solution1/syn/report/csynth_design_size.rpt
INFO: [HLS 214-415] Performing recursive inline in function 'nnet::dense_resource<ap_fixed<16, 6, (ap_q_mode)5, (ap_o_mode)3, 0>, ap_fixed<16, 6, (ap_q_mode)5, (ap_o_mode)3, 0>, config14>' (firmware/nnet_utils/nnet_dense_resource.h:237:9)
INFO: [HLS 214-415] Performing recursive inline in function 'nnet::dense_resource<ap_fixed<16, 6, (ap_q_mode)5, (ap_o_mode)3, 0>, ap_fixed<16, 6, (ap_q_mode)5, (ap_o_mode)3, 0>, config16>' (firmware/nnet_utils/nnet_dense_resource.h:237:9)
INFO: [HLS 214-415] Performing recursive inline in function 'nnet::dense_resource<ap_fixed<16, 6, (ap_q_mode)5, (ap_o_mode)3, 0>, ap_fixed<16, 6, (ap_q_mode)5, (ap_o_mode)3, 0>, config21>' (firmware/nnet_utils/nnet_dense_resource.h:237:9)
INFO: [HLS 214-415] Performing recursive inline in function 'nnet::dense_resource<ap_ufixed<8, 0, (ap_q_mode)4, (ap_o_mode)0, 0>, ap_fixed<16, 6, (ap_q_mode)5, (ap_o_mode)3, 0>, config24>' (firmware/nnet_utils/nnet_dense_resource.h:237:9)
INFO: [HLS 214-415] Performing recursive inline in function 'nnet::dense_resource<ap_ufixed<8, 0, (ap_q_mode)4, (ap_o_mode)0, 0>, ap_fixed<16, 6, (ap_q_mode)5, (ap_o_mode)3, 0>, config27>' (firmware/nnet_utils/nnet_dense_resource.h:237:9)
WARNING: [HLS 214-273] In function 'void nnet::dense<ap_fixed<16, 6, (ap_q_mode)5, (ap_o_mode)3, 0>, ap_fixed<16, 6, (ap_q_mode)5, (ap_o_mode)3, 0>, config14>(ap_fixed<16, 6, (ap_q_mode)5, (ap_o_mode)3, 0>*, ap_fixed<16, 6, (ap_q_mode)5, (ap_o_mode)3, 0>*, config14::weight_t*, config14::bias_t*)', Pragma conflict happens on 'INLINE' and DATAFLOW pragmas: Inline into dataflow region may break the canonical form (firmware/nnet_utils/nnet_dense.h:38:0)
WARNING: [HLS 214-273] In function 'void nnet::dense<ap_fixed<16, 6, (ap_q_mode)5, (ap_o_mode)3, 0>, ap_fixed<16, 6, (ap_q_mode)5, (ap_o_mode)3, 0>, config16>(ap_fixed<16, 6, (ap_q_mode)5, (ap_o_mode)3, 0>*, ap_fixed<16, 6, (ap_q_mode)5, (ap_o_mode)3, 0>*, config16::weight_t*, config16::bias_t*)', Pragma conflict happens on 'INLINE' and DATAFLOW pragmas: Inline into dataflow region may break the canonical form (firmware/nnet_utils/nnet_dense.h:38:0)
WARNING: [HLS 214-273] In function 'void nnet::dense<ap_fixed<16, 6, (ap_q_mode)5, (ap_o_mode)3, 0>, ap_fixed<16, 6, (ap_q_mode)5, (ap_o_mode)3, 0>, config21>(ap_fixed<16, 6, (ap_q_mode)5, (ap_o_mode)3, 0>*, ap_fixed<16, 6, (ap_q_mode)5, (ap_o_mode)3, 0>*, config21::weight_t*, config21::bias_t*)', Pragma conflict happens on 'INLINE' and DATAFLOW pragmas: Inline into dataflow region may break the canonical form (firmware/nnet_utils/nnet_dense.h:38:0)
WARNING: [HLS 214-273] In function 'void nnet::dense<ap_ufixed<8, 0, (ap_q_mode)4, (ap_o_mode)0, 0>, ap_fixed<16, 6, (ap_q_mode)5, (ap_o_mode)3, 0>, config24>(ap_ufixed<8, 0, (ap_q_mode)4, (ap_o_mode)0, 0>*, ap_fixed<16, 6, (ap_q_mode)5, (ap_o_mode)3, 0>*, config24::weight_t*, config24::bias_t*)', Pragma conflict happens on 'INLINE' and DATAFLOW pragmas: Inline into dataflow region may break the canonical form (firmware/nnet_utils/nnet_dense.h:38:0)
WARNING: [HLS 214-273] In function 'void nnet::dense<ap_ufixed<8, 0, (ap_q_mode)4, (ap_o_mode)0, 0>, ap_fixed<16, 6, (ap_q_mode)5, (ap_o_mode)3, 0>, config27>(ap_ufixed<8, 0, (ap_q_mode)4, (ap_o_mode)0, 0>*, ap_fixed<16, 6, (ap_q_mode)5, (ap_o_mode)3, 0>*, config27::weight_t*, config27::bias_t*)', Pragma conflict happens on 'INLINE' and DATAFLOW pragmas: Inline into dataflow region may break the canonical form (firmware/nnet_utils/nnet_dense.h:38:0)
INFO: [HLS 214-131] Inlining function 'std::enable_if<!(std::is_same<ap_fixed<16, 6, (ap_q_mode)5, (ap_o_mode)3, 0>, ap_uint<1> >::value), ap_fixed<16, 6, (ap_q_mode)5, (ap_o_mode)3, 0> >::type nnet::cast<ap_fixed<16, 6, (ap_q_mode)5, (ap_o_mode)3, 0>, ap_fixed<16, 6, (ap_q_mode)5, (ap_o_mode)3, 0>, config14>(config14::accum_t) (.45)' into 'void nnet::dense_resource_rf_leq_nin<ap_fixed<16, 6, (ap_q_mode)5, (ap_o_mode)3, 0>, ap_fixed<16, 6, (ap_q_mode)5, (ap_o_mode)3, 0>, config14>(ap_fixed<16, 6, (ap_q_mode)5, (ap_o_mode)3, 0>*, ap_fixed<16, 6, (ap_q_mode)5, (ap_o_mode)3, 0>*, config14::weight_t*, config14::bias_t*) (.44)' (firmware/nnet_utils/nnet_dense_resource.h:76:14)
INFO: [HLS 214-131] Inlining function 'nnet::product::mult<ap_fixed<16, 6, (ap_q_mode)5, (ap_o_mode)3, 0>, ap_fixed<10, 1, (ap_q_mode)5, (ap_o_mode)3, 0> >::product(ap_fixed<16, 6, (ap_q_mode)5, (ap_o_mode)3, 0>, ap_fixed<10, 1, (ap_q_mode)5, (ap_o_mode)3, 0>) (.37)' into 'void nnet::dense_resource_rf_leq_nin<ap_fixed<16, 6, (ap_q_mode)5, (ap_o_mode)3, 0>, ap_fixed<16, 6, (ap_q_mode)5, (ap_o_mode)3, 0>, config14>(ap_fixed<16, 6, (ap_q_mode)5, (ap_o_mode)3, 0>*, ap_fixed<16, 6, (ap_q_mode)5, (ap_o_mode)3, 0>*, config14::weight_t*, config14::bias_t*) (.44)' (firmware/nnet_utils/nnet_dense_resource.h:54:17)
INFO: [HLS 214-131] Inlining function 'void nnet::dense_resource_rf_leq_nin<ap_fixed<16, 6, (ap_q_mode)5, (ap_o_mode)3, 0>, ap_fixed<16, 6, (ap_q_mode)5, (ap_o_mode)3, 0>, config14>(ap_fixed<16, 6, (ap_q_mode)5, (ap_o_mode)3, 0>*, ap_fixed<16, 6, (ap_q_mode)5, (ap_o_mode)3, 0>*, config14::weight_t*, config14::bias_t*) (.44)' into 'void nnet::dense_resource<ap_fixed<16, 6, (ap_q_mode)5, (ap_o_mode)3, 0>, ap_fixed<16, 6, (ap_q_mode)5, (ap_o_mode)3, 0>, config14>(ap_fixed<16, 6, (ap_q_mode)5, (ap_o_mode)3, 0>*, ap_fixed<16, 6, (ap_q_mode)5, (ap_o_mode)3, 0>*, config14::weight_t*, config14::bias_t*)' (firmware/nnet_utils/nnet_dense_resource.h:240:9)
INFO: [HLS 214-131] Inlining function 'std::enable_if<!(std::is_same<ap_fixed<16, 6, (ap_q_mode)5, (ap_o_mode)3, 0>, ap_uint<1> >::value), ap_fixed<16, 6, (ap_q_mode)5, (ap_o_mode)3, 0> >::type nnet::cast<ap_fixed<16, 6, (ap_q_mode)5, (ap_o_mode)3, 0>, ap_fixed<16, 6, (ap_q_mode)5, (ap_o_mode)3, 0>, config16>(config16::accum_t) (.43)' into 'void nnet::dense_resource_rf_gt_nin_rem0<ap_fixed<16, 6, (ap_q_mode)5, (ap_o_mode)3, 0>, ap_fixed<16, 6, (ap_q_mode)5, (ap_o_mode)3, 0>, config16>(ap_fixed<16, 6, (ap_q_mode)5, (ap_o_mode)3, 0>*, ap_fixed<16, 6, (ap_q_mode)5, (ap_o_mode)3, 0>*, config16::weight_t*, config16::bias_t*) (.42)' (firmware/nnet_utils/nnet_dense_resource.h:151:14)
INFO: [HLS 214-131] Inlining function 'nnet::product::mult<ap_fixed<16, 6, (ap_q_mode)5, (ap_o_mode)3, 0>, ap_fixed<10, 1, (ap_q_mode)5, (ap_o_mode)3, 0> >::product(ap_fixed<16, 6, (ap_q_mode)5, (ap_o_mode)3, 0>, ap_fixed<10, 1, (ap_q_mode)5, (ap_o_mode)3, 0>) (.37)' into 'void nnet::dense_resource_rf_gt_nin_rem0<ap_fixed<16, 6, (ap_q_mode)5, (ap_o_mode)3, 0>, ap_fixed<16, 6, (ap_q_mode)5, (ap_o_mode)3, 0>, config16>(ap_fixed<16, 6, (ap_q_mode)5, (ap_o_mode)3, 0>*, ap_fixed<16, 6, (ap_q_mode)5, (ap_o_mode)3, 0>*, config16::weight_t*, config16::bias_t*) (.42)' (firmware/nnet_utils/nnet_dense_resource.h:134:17)
INFO: [HLS 214-131] Inlining function 'void nnet::dense_resource_rf_gt_nin_rem0<ap_fixed<16, 6, (ap_q_mode)5, (ap_o_mode)3, 0>, ap_fixed<16, 6, (ap_q_mode)5, (ap_o_mode)3, 0>, config16>(ap_fixed<16, 6, (ap_q_mode)5, (ap_o_mode)3, 0>*, ap_fixed<16, 6, (ap_q_mode)5, (ap_o_mode)3, 0>*, config16::weight_t*, config16::bias_t*) (.42)' into 'void nnet::dense_resource<ap_fixed<16, 6, (ap_q_mode)5, (ap_o_mode)3, 0>, ap_fixed<16, 6, (ap_q_mode)5, (ap_o_mode)3, 0>, config16>(ap_fixed<16, 6, (ap_q_mode)5, (ap_o_mode)3, 0>*, ap_fixed<16, 6, (ap_q_mode)5, (ap_o_mode)3, 0>*, config16::weight_t*, config16::bias_t*)' (firmware/nnet_utils/nnet_dense_resource.h:242:9)
INFO: [HLS 214-131] Inlining function 'std::enable_if<!(std::is_same<ap_fixed<16, 6, (ap_q_mode)5, (ap_o_mode)3, 0>, ap_uint<1> >::value), ap_fixed<16, 6, (ap_q_mode)5, (ap_o_mode)3, 0> >::type nnet::cast<ap_fixed<16, 6, (ap_q_mode)5, (ap_o_mode)3, 0>, ap_fixed<16, 6, (ap_q_mode)5, (ap_o_mode)3, 0>, config21>(config21::accum_t) (.32)' into 'void nnet::dense_resource_rf_leq_nin<ap_fixed<16, 6, (ap_q_mode)5, (ap_o_mode)3, 0>, ap_fixed<16, 6, (ap_q_mode)5, (ap_o_mode)3, 0>, config21>(ap_fixed<16, 6, (ap_q_mode)5, (ap_o_mode)3, 0>*, ap_fixed<16, 6, (ap_q_mode)5, (ap_o_mode)3, 0>*, config21::weight_t*, config21::bias_t*) (.31)' (firmware/nnet_utils/nnet_dense_resource.h:76:14)
INFO: [HLS 214-131] Inlining function 'nnet::product::mult<ap_fixed<16, 6, (ap_q_mode)5, (ap_o_mode)3, 0>, ap_fixed<10, 1, (ap_q_mode)5, (ap_o_mode)3, 0> >::product(ap_fixed<16, 6, (ap_q_mode)5, (ap_o_mode)3, 0>, ap_fixed<10, 1, (ap_q_mode)5, (ap_o_mode)3, 0>) (.37)' into 'void nnet::dense_resource_rf_leq_nin<ap_fixed<16, 6, (ap_q_mode)5, (ap_o_mode)3, 0>, ap_fixed<16, 6, (ap_q_mode)5, (ap_o_mode)3, 0>, config21>(ap_fixed<16, 6, (ap_q_mode)5, (ap_o_mode)3, 0>*, ap_fixed<16, 6, (ap_q_mode)5, (ap_o_mode)3, 0>*, config21::weight_t*, config21::bias_t*) (.31)' (firmware/nnet_utils/nnet_dense_resource.h:54:17)
INFO: [HLS 214-131] Inlining function 'void nnet::dense_resource_rf_leq_nin<ap_fixed<16, 6, (ap_q_mode)5, (ap_o_mode)3, 0>, ap_fixed<16, 6, (ap_q_mode)5, (ap_o_mode)3, 0>, config21>(ap_fixed<16, 6, (ap_q_mode)5, (ap_o_mode)3, 0>*, ap_fixed<16, 6, (ap_q_mode)5, (ap_o_mode)3, 0>*, config21::weight_t*, config21::bias_t*) (.31)' into 'void nnet::dense_resource<ap_fixed<16, 6, (ap_q_mode)5, (ap_o_mode)3, 0>, ap_fixed<16, 6, (ap_q_mode)5, (ap_o_mode)3, 0>, config21>(ap_fixed<16, 6, (ap_q_mode)5, (ap_o_mode)3, 0>*, ap_fixed<16, 6, (ap_q_mode)5, (ap_o_mode)3, 0>*, config21::weight_t*, config21::bias_t*)' (firmware/nnet_utils/nnet_dense_resource.h:240:9)
INFO: [HLS 214-131] Inlining function 'std::enable_if<!(std::is_same<ap_ufixed<8, 0, (ap_q_mode)4, (ap_o_mode)0, 0>, ap_uint<1> >::value), ap_fixed<16, 6, (ap_q_mode)5, (ap_o_mode)3, 0> >::type nnet::cast<ap_ufixed<8, 0, (ap_q_mode)4, (ap_o_mode)0, 0>, ap_fixed<16, 6, (ap_q_mode)5, (ap_o_mode)3, 0>, config24>(config24::accum_t) (.30)' into 'void nnet::dense_resource_rf_leq_nin<ap_ufixed<8, 0, (ap_q_mode)4, (ap_o_mode)0, 0>, ap_fixed<16, 6, (ap_q_mode)5, (ap_o_mode)3, 0>, config24>(ap_ufixed<8, 0, (ap_q_mode)4, (ap_o_mode)0, 0>*, ap_fixed<16, 6, (ap_q_mode)5, (ap_o_mode)3, 0>*, config24::weight_t*, config24::bias_t*) (.29)' (firmware/nnet_utils/nnet_dense_resource.h:76:14)
INFO: [HLS 214-131] Inlining function 'nnet::product::mult<ap_ufixed<8, 0, (ap_q_mode)4, (ap_o_mode)0, 0>, ap_fixed<10, 1, (ap_q_mode)5, (ap_o_mode)3, 0> >::product(ap_ufixed<8, 0, (ap_q_mode)4, (ap_o_mode)0, 0>, ap_fixed<10, 1, (ap_q_mode)5, (ap_o_mode)3, 0>) (.20)' into 'void nnet::dense_resource_rf_leq_nin<ap_ufixed<8, 0, (ap_q_mode)4, (ap_o_mode)0, 0>, ap_fixed<16, 6, (ap_q_mode)5, (ap_o_mode)3, 0>, config24>(ap_ufixed<8, 0, (ap_q_mode)4, (ap_o_mode)0, 0>*, ap_fixed<16, 6, (ap_q_mode)5, (ap_o_mode)3, 0>*, config24::weight_t*, config24::bias_t*) (.29)' (firmware/nnet_utils/nnet_dense_resource.h:54:17)
INFO: [HLS 214-131] Inlining function 'void nnet::dense_resource_rf_leq_nin<ap_ufixed<8, 0, (ap_q_mode)4, (ap_o_mode)0, 0>, ap_fixed<16, 6, (ap_q_mode)5, (ap_o_mode)3, 0>, config24>(ap_ufixed<8, 0, (ap_q_mode)4, (ap_o_mode)0, 0>*, ap_fixed<16, 6, (ap_q_mode)5, (ap_o_mode)3, 0>*, config24::weight_t*, config24::bias_t*) (.29)' into 'void nnet::dense_resource<ap_ufixed<8, 0, (ap_q_mode)4, (ap_o_mode)0, 0>, ap_fixed<16, 6, (ap_q_mode)5, (ap_o_mode)3, 0>, config24>(ap_ufixed<8, 0, (ap_q_mode)4, (ap_o_mode)0, 0>*, ap_fixed<16, 6, (ap_q_mode)5, (ap_o_mode)3, 0>*, config24::weight_t*, config24::bias_t*)' (firmware/nnet_utils/nnet_dense_resource.h:240:9)
INFO: [HLS 214-131] Inlining function 'std::enable_if<!(std::is_same<ap_ufixed<8, 0, (ap_q_mode)4, (ap_o_mode)0, 0>, ap_uint<1> >::value), ap_fixed<16, 6, (ap_q_mode)5, (ap_o_mode)3, 0> >::type nnet::cast<ap_ufixed<8, 0, (ap_q_mode)4, (ap_o_mode)0, 0>, ap_fixed<16, 6, (ap_q_mode)5, (ap_o_mode)3, 0>, config27>(config27::accum_t) (.2)' into 'void nnet::dense_resource_rf_leq_nin<ap_ufixed<8, 0, (ap_q_mode)4, (ap_o_mode)0, 0>, ap_fixed<16, 6, (ap_q_mode)5, (ap_o_mode)3, 0>, config27>(ap_ufixed<8, 0, (ap_q_mode)4, (ap_o_mode)0, 0>*, ap_fixed<16, 6, (ap_q_mode)5, (ap_o_mode)3, 0>*, config27::weight_t*, config27::bias_t*) (.1)' (firmware/nnet_utils/nnet_dense_resource.h:76:14)
INFO: [HLS 214-131] Inlining function 'nnet::product::mult<ap_ufixed<8, 0, (ap_q_mode)4, (ap_o_mode)0, 0>, ap_fixed<10, 1, (ap_q_mode)5, (ap_o_mode)3, 0> >::product(ap_ufixed<8, 0, (ap_q_mode)4, (ap_o_mode)0, 0>, ap_fixed<10, 1, (ap_q_mode)5, (ap_o_mode)3, 0>) (.20)' into 'void nnet::dense_resource_rf_leq_nin<ap_ufixed<8, 0, (ap_q_mode)4, (ap_o_mode)0, 0>, ap_fixed<16, 6, (ap_q_mode)5, (ap_o_mode)3, 0>, config27>(ap_ufixed<8, 0, (ap_q_mode)4, (ap_o_mode)0, 0>*, ap_fixed<16, 6, (ap_q_mode)5, (ap_o_mode)3, 0>*, config27::weight_t*, config27::bias_t*) (.1)' (firmware/nnet_utils/nnet_dense_resource.h:54:17)
INFO: [HLS 214-131] Inlining function 'void nnet::dense_resource_rf_leq_nin<ap_ufixed<8, 0, (ap_q_mode)4, (ap_o_mode)0, 0>, ap_fixed<16, 6, (ap_q_mode)5, (ap_o_mode)3, 0>, config27>(ap_ufixed<8, 0, (ap_q_mode)4, (ap_o_mode)0, 0>*, ap_fixed<16, 6, (ap_q_mode)5, (ap_o_mode)3, 0>*, config27::weight_t*, config27::bias_t*) (.1)' into 'void nnet::dense_resource<ap_ufixed<8, 0, (ap_q_mode)4, (ap_o_mode)0, 0>, ap_fixed<16, 6, (ap_q_mode)5, (ap_o_mode)3, 0>, config27>(ap_ufixed<8, 0, (ap_q_mode)4, (ap_o_mode)0, 0>*, ap_fixed<16, 6, (ap_q_mode)5, (ap_o_mode)3, 0>*, config27::weight_t*, config27::bias_t*)' (firmware/nnet_utils/nnet_dense_resource.h:240:9)
INFO: [HLS 214-131] Inlining function 'void nnet::dense<ap_fixed<16, 6, (ap_q_mode)5, (ap_o_mode)3, 0>, ap_fixed<16, 6, (ap_q_mode)5, (ap_o_mode)3, 0>, config14>(ap_fixed<16, 6, (ap_q_mode)5, (ap_o_mode)3, 0>*, ap_fixed<16, 6, (ap_q_mode)5, (ap_o_mode)3, 0>*, config14::weight_t*, config14::bias_t*)' into 'myproject(ap_fixed<16, 6, (ap_q_mode)5, (ap_o_mode)3, 0>*, ap_fixed<16, 6, (ap_q_mode)5, (ap_o_mode)3, 0>*, ap_fixed<16, 6, (ap_q_mode)5, (ap_o_mode)3, 0>*, ap_fixed<16, 6, (ap_q_mode)5, (ap_o_mode)3, 0>*, ap_fixed<16, 6, (ap_q_mode)5, (ap_o_mode)3, 0>*, ap_ufixed<8, 0, (ap_q_mode)4, (ap_o_mode)0, 0>*, ap_fixed<10, 1, (ap_q_mode)5, (ap_o_mode)3, 0>*, ap_fixed<10, 1, (ap_q_mode)5, (ap_o_mode)3, 0>*, ap_fixed<10, 1, (ap_q_mode)5, (ap_o_mode)3, 0>*, ap_fixed<10, 1, (ap_q_mode)5, (ap_o_mode)3, 0>*, ap_fixed<10, 1, (ap_q_mode)5, (ap_o_mode)3, 0>*, ap_fixed<10, 1, (ap_q_mode)5, (ap_o_mode)3, 0>*, ap_fixed<10, 1, (ap_q_mode)5, (ap_o_mode)3, 0>*, ap_fixed<10, 1, (ap_q_mode)5, (ap_o_mode)3, 0>*, ap_fixed<10, 1, (ap_q_mode)5, (ap_o_mode)3, 0>*, ap_fixed<10, 1, (ap_q_mode)5, (ap_o_mode)3, 0>*)' (firmware/myproject.cpp:89:2)
INFO: [HLS 214-131] Inlining function 'void nnet::dense<ap_fixed<16, 6, (ap_q_mode)5, (ap_o_mode)3, 0>, ap_fixed<16, 6, (ap_q_mode)5, (ap_o_mode)3, 0>, config16>(ap_fixed<16, 6, (ap_q_mode)5, (ap_o_mode)3, 0>*, ap_fixed<16, 6, (ap_q_mode)5, (ap_o_mode)3, 0>*, config16::weight_t*, config16::bias_t*)' into 'myproject(ap_fixed<16, 6, (ap_q_mode)5, (ap_o_mode)3, 0>*, ap_fixed<16, 6, (ap_q_mode)5, (ap_o_mode)3, 0>*, ap_fixed<16, 6, (ap_q_mode)5, (ap_o_mode)3, 0>*, ap_fixed<16, 6, (ap_q_mode)5, (ap_o_mode)3, 0>*, ap_fixed<16, 6, (ap_q_mode)5, (ap_o_mode)3, 0>*, ap_ufixed<8, 0, (ap_q_mode)4, (ap_o_mode)0, 0>*, ap_fixed<10, 1, (ap_q_mode)5, (ap_o_mode)3, 0>*, ap_fixed<10, 1, (ap_q_mode)5, (ap_o_mode)3, 0>*, ap_fixed<10, 1, (ap_q_mode)5, (ap_o_mode)3, 0>*, ap_fixed<10, 1, (ap_q_mode)5, (ap_o_mode)3, 0>*, ap_fixed<10, 1, (ap_q_mode)5, (ap_o_mode)3, 0>*, ap_fixed<10, 1, (ap_q_mode)5, (ap_o_mode)3, 0>*, ap_fixed<10, 1, (ap_q_mode)5, (ap_o_mode)3, 0>*, ap_fixed<10, 1, (ap_q_mode)5, (ap_o_mode)3, 0>*, ap_fixed<10, 1, (ap_q_mode)5, (ap_o_mode)3, 0>*, ap_fixed<10, 1, (ap_q_mode)5, (ap_o_mode)3, 0>*)' (firmware/myproject.cpp:93:2)
INFO: [HLS 214-131] Inlining function 'void nnet::dense<ap_fixed<16, 6, (ap_q_mode)5, (ap_o_mode)3, 0>, ap_fixed<16, 6, (ap_q_mode)5, (ap_o_mode)3, 0>, config21>(ap_fixed<16, 6, (ap_q_mode)5, (ap_o_mode)3, 0>*, ap_fixed<16, 6, (ap_q_mode)5, (ap_o_mode)3, 0>*, config21::weight_t*, config21::bias_t*)' into 'myproject(ap_fixed<16, 6, (ap_q_mode)5, (ap_o_mode)3, 0>*, ap_fixed<16, 6, (ap_q_mode)5, (ap_o_mode)3, 0>*, ap_fixed<16, 6, (ap_q_mode)5, (ap_o_mode)3, 0>*, ap_fixed<16, 6, (ap_q_mode)5, (ap_o_mode)3, 0>*, ap_fixed<16, 6, (ap_q_mode)5, (ap_o_mode)3, 0>*, ap_ufixed<8, 0, (ap_q_mode)4, (ap_o_mode)0, 0>*, ap_fixed<10, 1, (ap_q_mode)5, (ap_o_mode)3, 0>*, ap_fixed<10, 1, (ap_q_mode)5, (ap_o_mode)3, 0>*, ap_fixed<10, 1, (ap_q_mode)5, (ap_o_mode)3, 0>*, ap_fixed<10, 1, (ap_q_mode)5, (ap_o_mode)3, 0>*, ap_fixed<10, 1, (ap_q_mode)5, (ap_o_mode)3, 0>*, ap_fixed<10, 1, (ap_q_mode)5, (ap_o_mode)3, 0>*, ap_fixed<10, 1, (ap_q_mode)5, (ap_o_mode)3, 0>*, ap_fixed<10, 1, (ap_q_mode)5, (ap_o_mode)3, 0>*, ap_fixed<10, 1, (ap_q_mode)5, (ap_o_mode)3, 0>*, ap_fixed<10, 1, (ap_q_mode)5, (ap_o_mode)3, 0>*)' (firmware/myproject.cpp:109:2)
INFO: [HLS 214-131] Inlining function 'void nnet::dense<ap_ufixed<8, 0, (ap_q_mode)4, (ap_o_mode)0, 0>, ap_fixed<16, 6, (ap_q_mode)5, (ap_o_mode)3, 0>, config24>(ap_ufixed<8, 0, (ap_q_mode)4, (ap_o_mode)0, 0>*, ap_fixed<16, 6, (ap_q_mode)5, (ap_o_mode)3, 0>*, config24::weight_t*, config24::bias_t*)' into 'myproject(ap_fixed<16, 6, (ap_q_mode)5, (ap_o_mode)3, 0>*, ap_fixed<16, 6, (ap_q_mode)5, (ap_o_mode)3, 0>*, ap_fixed<16, 6, (ap_q_mode)5, (ap_o_mode)3, 0>*, ap_fixed<16, 6, (ap_q_mode)5, (ap_o_mode)3, 0>*, ap_fixed<16, 6, (ap_q_mode)5, (ap_o_mode)3, 0>*, ap_ufixed<8, 0, (ap_q_mode)4, (ap_o_mode)0, 0>*, ap_fixed<10, 1, (ap_q_mode)5, (ap_o_mode)3, 0>*, ap_fixed<10, 1, (ap_q_mode)5, (ap_o_mode)3, 0>*, ap_fixed<10, 1, (ap_q_mode)5, (ap_o_mode)3, 0>*, ap_fixed<10, 1, (ap_q_mode)5, (ap_o_mode)3, 0>*, ap_fixed<10, 1, (ap_q_mode)5, (ap_o_mode)3, 0>*, ap_fixed<10, 1, (ap_q_mode)5, (ap_o_mode)3, 0>*, ap_fixed<10, 1, (ap_q_mode)5, (ap_o_mode)3, 0>*, ap_fixed<10, 1, (ap_q_mode)5, (ap_o_mode)3, 0>*, ap_fixed<10, 1, (ap_q_mode)5, (ap_o_mode)3, 0>*, ap_fixed<10, 1, (ap_q_mode)5, (ap_o_mode)3, 0>*)' (firmware/myproject.cpp:117:2)
INFO: [HLS 214-131] Inlining function 'void nnet::dense<ap_ufixed<8, 0, (ap_q_mode)4, (ap_o_mode)0, 0>, ap_fixed<16, 6, (ap_q_mode)5, (ap_o_mode)3, 0>, config27>(ap_ufixed<8, 0, (ap_q_mode)4, (ap_o_mode)0, 0>*, ap_fixed<16, 6, (ap_q_mode)5, (ap_o_mode)3, 0>*, config27::weight_t*, config27::bias_t*)' into 'myproject(ap_fixed<16, 6, (ap_q_mode)5, (ap_o_mode)3, 0>*, ap_fixed<16, 6, (ap_q_mode)5, (ap_o_mode)3, 0>*, ap_fixed<16, 6, (ap_q_mode)5, (ap_o_mode)3, 0>*, ap_fixed<16, 6, (ap_q_mode)5, (ap_o_mode)3, 0>*, ap_fixed<16, 6, (ap_q_mode)5, (ap_o_mode)3, 0>*, ap_ufixed<8, 0, (ap_q_mode)4, (ap_o_mode)0, 0>*, ap_fixed<10, 1, (ap_q_mode)5, (ap_o_mode)3, 0>*, ap_fixed<10, 1, (ap_q_mode)5, (ap_o_mode)3, 0>*, ap_fixed<10, 1, (ap_q_mode)5, (ap_o_mode)3, 0>*, ap_fixed<10, 1, (ap_q_mode)5, (ap_o_mode)3, 0>*, ap_fixed<10, 1, (ap_q_mode)5, (ap_o_mode)3, 0>*, ap_fixed<10, 1, (ap_q_mode)5, (ap_o_mode)3, 0>*, ap_fixed<10, 1, (ap_q_mode)5, (ap_o_mode)3, 0>*, ap_fixed<10, 1, (ap_q_mode)5, (ap_o_mode)3, 0>*, ap_fixed<10, 1, (ap_q_mode)5, (ap_o_mode)3, 0>*, ap_fixed<10, 1, (ap_q_mode)5, (ap_o_mode)3, 0>*)' (firmware/myproject.cpp:125:2)
INFO: [HLS 214-291] Loop 'VITIS_LOOP_451_1' is marked as complete unroll implied by the pipeline pragma (firmware/nnet_utils/nnet_activation.h:451:20)
INFO: [HLS 214-291] Loop 'MultLoop' is marked as complete unroll implied by the pipeline pragma (firmware/nnet_utils/nnet_dense_resource.h:50:9)
INFO: [HLS 214-291] Loop 'VITIS_LOOP_43_1' is marked as complete unroll implied by the pipeline pragma (firmware/nnet_utils/nnet_activation.h:43:22)
INFO: [HLS 214-291] Loop 'VITIS_LOOP_122_2' is marked as complete unroll implied by the pipeline pragma (firmware/nnet_utils/nnet_merge.h:122:23)
INFO: [HLS 214-291] Loop 'VITIS_LOOP_119_1' is marked as complete unroll implied by the pipeline pragma (firmware/nnet_utils/nnet_merge.h:119:20)
INFO: [HLS 214-291] Loop 'MultLoop' is marked as complete unroll implied by the pipeline pragma (firmware/nnet_utils/nnet_dense_resource.h:130:9)
INFO: [HLS 214-291] Loop 'VITIS_LOOP_31_1' is marked as complete unroll implied by the pipeline pragma (firmware/nnet_utils/nnet_activation.h:31:19)
INFO: [HLS 214-186] Unrolling loop 'VITIS_LOOP_451_1' (firmware/nnet_utils/nnet_activation.h:451:20) in function 'nnet::hard_sigmoid<ap_fixed<16, 6, (ap_q_mode)5, (ap_o_mode)3, 0>, ap_ufixed<8, 0, (ap_q_mode)4, (ap_o_mode)0, 0>, hard_sigmoid_config29>' completely with a factor of 1 (firmware/nnet_utils/nnet_activation.h:448:0)
INFO: [HLS 214-186] Unrolling loop 'Result' (firmware/nnet_utils/nnet_dense_resource.h:74:5) in function 'nnet::dense_resource<ap_ufixed<8, 0, (ap_q_mode)4, (ap_o_mode)0, 0>, ap_fixed<16, 6, (ap_q_mode)5, (ap_o_mode)3, 0>, config27>' completely with a factor of 1 (firmware/nnet_utils/nnet_dense_resource.h:235:0)
INFO: [HLS 214-186] Unrolling loop 'MultLoop' (firmware/nnet_utils/nnet_dense_resource.h:50:9) in function 'nnet::dense_resource<ap_ufixed<8, 0, (ap_q_mode)4, (ap_o_mode)0, 0>, ap_fixed<16, 6, (ap_q_mode)5, (ap_o_mode)3, 0>, config27>' completely with a factor of 1 (firmware/nnet_utils/nnet_dense_resource.h:235:0)
INFO: [HLS 214-186] Unrolling loop 'InitAccum' (firmware/nnet_utils/nnet_dense_resource.h:36:5) in function 'nnet::dense_resource<ap_ufixed<8, 0, (ap_q_mode)4, (ap_o_mode)0, 0>, ap_fixed<16, 6, (ap_q_mode)5, (ap_o_mode)3, 0>, config27>' completely with a factor of 1 (firmware/nnet_utils/nnet_dense_resource.h:235:0)
INFO: [HLS 214-186] Unrolling loop 'VITIS_LOOP_43_1' (firmware/nnet_utils/nnet_activation.h:43:22) in function 'nnet::relu<ap_fixed<16, 6, (ap_q_mode)5, (ap_o_mode)3, 0>, ap_ufixed<8, 0, (ap_q_mode)4, (ap_o_mode)0, 0>, relu_config26>' completely with a factor of 20 (firmware/nnet_utils/nnet_activation.h:39:0)
INFO: [HLS 214-186] Unrolling loop 'Result' (firmware/nnet_utils/nnet_dense_resource.h:74:5) in function 'nnet::dense_resource<ap_ufixed<8, 0, (ap_q_mode)4, (ap_o_mode)0, 0>, ap_fixed<16, 6, (ap_q_mode)5, (ap_o_mode)3, 0>, config24>' completely with a factor of 20 (firmware/nnet_utils/nnet_dense_resource.h:235:0)
INFO: [HLS 214-186] Unrolling loop 'MultLoop' (firmware/nnet_utils/nnet_dense_resource.h:50:9) in function 'nnet::dense_resource<ap_ufixed<8, 0, (ap_q_mode)4, (ap_o_mode)0, 0>, ap_fixed<16, 6, (ap_q_mode)5, (ap_o_mode)3, 0>, config24>' completely with a factor of 40 (firmware/nnet_utils/nnet_dense_resource.h:235:0)
INFO: [HLS 214-186] Unrolling loop 'InitAccum' (firmware/nnet_utils/nnet_dense_resource.h:36:5) in function 'nnet::dense_resource<ap_ufixed<8, 0, (ap_q_mode)4, (ap_o_mode)0, 0>, ap_fixed<16, 6, (ap_q_mode)5, (ap_o_mode)3, 0>, config24>' completely with a factor of 20 (firmware/nnet_utils/nnet_dense_resource.h:235:0)
INFO: [HLS 214-186] Unrolling loop 'VITIS_LOOP_43_1' (firmware/nnet_utils/nnet_activation.h:43:22) in function 'nnet::relu<ap_fixed<16, 6, (ap_q_mode)5, (ap_o_mode)3, 0>, ap_ufixed<8, 0, (ap_q_mode)4, (ap_o_mode)0, 0>, relu_config23>' completely with a factor of 36 (firmware/nnet_utils/nnet_activation.h:39:0)
INFO: [HLS 214-186] Unrolling loop 'Result' (firmware/nnet_utils/nnet_dense_resource.h:74:5) in function 'nnet::dense_resource<ap_fixed<16, 6, (ap_q_mode)5, (ap_o_mode)3, 0>, ap_fixed<16, 6, (ap_q_mode)5, (ap_o_mode)3, 0>, config21>' completely with a factor of 36 (firmware/nnet_utils/nnet_dense_resource.h:235:0)
INFO: [HLS 214-186] Unrolling loop 'MultLoop' (firmware/nnet_utils/nnet_dense_resource.h:50:9) in function 'nnet::dense_resource<ap_fixed<16, 6, (ap_q_mode)5, (ap_o_mode)3, 0>, ap_fixed<16, 6, (ap_q_mode)5, (ap_o_mode)3, 0>, config21>' completely with a factor of 144 (firmware/nnet_utils/nnet_dense_resource.h:235:0)
INFO: [HLS 214-186] Unrolling loop 'InitAccum' (firmware/nnet_utils/nnet_dense_resource.h:36:5) in function 'nnet::dense_resource<ap_fixed<16, 6, (ap_q_mode)5, (ap_o_mode)3, 0>, ap_fixed<16, 6, (ap_q_mode)5, (ap_o_mode)3, 0>, config21>' completely with a factor of 36 (firmware/nnet_utils/nnet_dense_resource.h:235:0)
INFO: [HLS 214-186] Unrolling loop 'VITIS_LOOP_122_2' (firmware/nnet_utils/nnet_merge.h:122:23) in function 'nnet::concatenate1d<ap_ufixed<8, 0, (ap_q_mode)4, (ap_o_mode)0, 0>, ap_ufixed<8, 0, (ap_q_mode)4, (ap_o_mode)0, 0>, ap_fixed<16, 6, (ap_q_mode)5, (ap_o_mode)3, 0>, config20>' completely with a factor of 8 (firmware/nnet_utils/nnet_merge.h:116:0)
INFO: [HLS 214-186] Unrolling loop 'VITIS_LOOP_119_1' (firmware/nnet_utils/nnet_merge.h:119:20) in function 'nnet::concatenate1d<ap_ufixed<8, 0, (ap_q_mode)4, (ap_o_mode)0, 0>, ap_ufixed<8, 0, (ap_q_mode)4, (ap_o_mode)0, 0>, ap_fixed<16, 6, (ap_q_mode)5, (ap_o_mode)3, 0>, config20>' completely with a factor of 56 (firmware/nnet_utils/nnet_merge.h:116:0)
INFO: [HLS 214-186] Unrolling loop 'VITIS_LOOP_43_1' (firmware/nnet_utils/nnet_activation.h:43:22) in function 'nnet::relu<ap_fixed<16, 6, (ap_q_mode)5, (ap_o_mode)3, 0>, ap_ufixed<8, 0, (ap_q_mode)4, (ap_o_mode)0, 0>, relu_config19>' completely with a factor of 8 (firmware/nnet_utils/nnet_activation.h:39:0)
INFO: [HLS 214-186] Unrolling loop 'VITIS_LOOP_43_1' (firmware/nnet_utils/nnet_activation.h:43:22) in function 'nnet::relu<ap_fixed<16, 6, (ap_q_mode)5, (ap_o_mode)3, 0>, ap_ufixed<8, 0, (ap_q_mode)4, (ap_o_mode)0, 0>, relu_config18>' completely with a factor of 56 (firmware/nnet_utils/nnet_activation.h:39:0)
INFO: [HLS 214-186] Unrolling loop 'Result' (firmware/nnet_utils/nnet_dense_resource.h:149:5) in function 'nnet::dense_resource<ap_fixed<16, 6, (ap_q_mode)5, (ap_o_mode)3, 0>, ap_fixed<16, 6, (ap_q_mode)5, (ap_o_mode)3, 0>, config16>' completely with a factor of 8 (firmware/nnet_utils/nnet_dense_resource.h:235:0)
INFO: [HLS 214-186] Unrolling loop 'MultLoop' (firmware/nnet_utils/nnet_dense_resource.h:130:9) in function 'nnet::dense_resource<ap_fixed<16, 6, (ap_q_mode)5, (ap_o_mode)3, 0>, ap_fixed<16, 6, (ap_q_mode)5, (ap_o_mode)3, 0>, config16>' completely with a factor of 1 (firmware/nnet_utils/nnet_dense_resource.h:235:0)
INFO: [HLS 214-186] Unrolling loop 'InitAccum' (firmware/nnet_utils/nnet_dense_resource.h:104:5) in function 'nnet::dense_resource<ap_fixed<16, 6, (ap_q_mode)5, (ap_o_mode)3, 0>, ap_fixed<16, 6, (ap_q_mode)5, (ap_o_mode)3, 0>, config16>' completely with a factor of 8 (firmware/nnet_utils/nnet_dense_resource.h:235:0)
INFO: [HLS 214-186] Unrolling loop 'Result' (firmware/nnet_utils/nnet_dense_resource.h:74:5) in function 'nnet::dense_resource<ap_fixed<16, 6, (ap_q_mode)5, (ap_o_mode)3, 0>, ap_fixed<16, 6, (ap_q_mode)5, (ap_o_mode)3, 0>, config14>' completely with a factor of 56 (firmware/nnet_utils/nnet_dense_resource.h:235:0)
INFO: [HLS 214-186] Unrolling loop 'MultLoop' (firmware/nnet_utils/nnet_dense_resource.h:50:9) in function 'nnet::dense_resource<ap_fixed<16, 6, (ap_q_mode)5, (ap_o_mode)3, 0>, ap_fixed<16, 6, (ap_q_mode)5, (ap_o_mode)3, 0>, config14>' completely with a factor of 280 (firmware/nnet_utils/nnet_dense_resource.h:235:0)
INFO: [HLS 214-186] Unrolling loop 'InitAccum' (firmware/nnet_utils/nnet_dense_resource.h:36:5) in function 'nnet::dense_resource<ap_fixed<16, 6, (ap_q_mode)5, (ap_o_mode)3, 0>, ap_fixed<16, 6, (ap_q_mode)5, (ap_o_mode)3, 0>, config14>' completely with a factor of 56 (firmware/nnet_utils/nnet_dense_resource.h:235:0)
INFO: [HLS 214-186] Unrolling loop 'VITIS_LOOP_122_2' (firmware/nnet_utils/nnet_merge.h:122:23) in function 'nnet::concatenate1d<ap_fixed<12, 1, (ap_q_mode)4, (ap_o_mode)0, 0>, ap_fixed<12, 1, (ap_q_mode)4, (ap_o_mode)0, 0>, ap_fixed<16, 6, (ap_q_mode)5, (ap_o_mode)3, 0>, config13>' completely with a factor of 1 (firmware/nnet_utils/nnet_merge.h:116:0)
INFO: [HLS 214-186] Unrolling loop 'VITIS_LOOP_119_1' (firmware/nnet_utils/nnet_merge.h:119:20) in function 'nnet::concatenate1d<ap_fixed<12, 1, (ap_q_mode)4, (ap_o_mode)0, 0>, ap_fixed<12, 1, (ap_q_mode)4, (ap_o_mode)0, 0>, ap_fixed<16, 6, (ap_q_mode)5, (ap_o_mode)3, 0>, config13>' completely with a factor of 1 (firmware/nnet_utils/nnet_merge.h:116:0)
INFO: [HLS 214-186] Unrolling loop 'VITIS_LOOP_122_2' (firmware/nnet_utils/nnet_merge.h:122:23) in function 'nnet::concatenate1d<ap_fixed<16, 6, (ap_q_mode)5, (ap_o_mode)3, 0>, ap_fixed<12, 1, (ap_q_mode)4, (ap_o_mode)0, 0>, ap_fixed<16, 6, (ap_q_mode)5, (ap_o_mode)3, 0>, config12>' completely with a factor of 1 (firmware/nnet_utils/nnet_merge.h:116:0)
INFO: [HLS 214-186] Unrolling loop 'VITIS_LOOP_119_1' (firmware/nnet_utils/nnet_merge.h:119:20) in function 'nnet::concatenate1d<ap_fixed<16, 6, (ap_q_mode)5, (ap_o_mode)3, 0>, ap_fixed<12, 1, (ap_q_mode)4, (ap_o_mode)0, 0>, ap_fixed<16, 6, (ap_q_mode)5, (ap_o_mode)3, 0>, config12>' completely with a factor of 34 (firmware/nnet_utils/nnet_merge.h:116:0)
INFO: [HLS 214-186] Unrolling loop 'VITIS_LOOP_31_1' (firmware/nnet_utils/nnet_activation.h:31:19) in function 'nnet::linear<ap_fixed<16, 6, (ap_q_mode)5, (ap_o_mode)3, 0>, ap_fixed<12, 1, (ap_q_mode)4, (ap_o_mode)0, 0>, linear_config11>' completely with a factor of 1 (firmware/nnet_utils/nnet_activation.h:28:0)
INFO: [HLS 214-186] Unrolling loop 'VITIS_LOOP_31_1' (firmware/nnet_utils/nnet_activation.h:31:19) in function 'nnet::linear<ap_fixed<16, 6, (ap_q_mode)5, (ap_o_mode)3, 0>, ap_fixed<12, 1, (ap_q_mode)4, (ap_o_mode)0, 0>, linear_config10>' completely with a factor of 1 (firmware/nnet_utils/nnet_activation.h:28:0)
INFO: [HLS 214-186] Unrolling loop 'VITIS_LOOP_31_1' (firmware/nnet_utils/nnet_activation.h:31:19) in function 'nnet::linear<ap_fixed<16, 6, (ap_q_mode)5, (ap_o_mode)3, 0>, ap_fixed<12, 1, (ap_q_mode)4, (ap_o_mode)0, 0>, linear_config9>' completely with a factor of 1 (firmware/nnet_utils/nnet_activation.h:28:0)
INFO: [HLS 214-186] Unrolling loop 'VITIS_LOOP_122_2' (firmware/nnet_utils/nnet_merge.h:122:23) in function 'nnet::concatenate1d<ap_fixed<12, 1, (ap_q_mode)4, (ap_o_mode)0, 0>, ap_fixed<12, 1, (ap_q_mode)4, (ap_o_mode)0, 0>, ap_fixed<16, 6, (ap_q_mode)5, (ap_o_mode)3, 0>, config8>' completely with a factor of 13 (firmware/nnet_utils/nnet_merge.h:116:0)
INFO: [HLS 214-186] Unrolling loop 'VITIS_LOOP_119_1' (firmware/nnet_utils/nnet_merge.h:119:20) in function 'nnet::concatenate1d<ap_fixed<12, 1, (ap_q_mode)4, (ap_o_mode)0, 0>, ap_fixed<12, 1, (ap_q_mode)4, (ap_o_mode)0, 0>, ap_fixed<16, 6, (ap_q_mode)5, (ap_o_mode)3, 0>, config8>' completely with a factor of 21 (firmware/nnet_utils/nnet_merge.h:116:0)
INFO: [HLS 214-186] Unrolling loop 'VITIS_LOOP_31_1' (firmware/nnet_utils/nnet_activation.h:31:19) in function 'nnet::linear<ap_fixed<16, 6, (ap_q_mode)5, (ap_o_mode)3, 0>, ap_fixed<12, 1, (ap_q_mode)4, (ap_o_mode)0, 0>, linear_config4>' completely with a factor of 13 (firmware/nnet_utils/nnet_activation.h:28:0)
INFO: [HLS 214-186] Unrolling loop 'VITIS_LOOP_31_1' (firmware/nnet_utils/nnet_activation.h:31:19) in function 'nnet::linear<ap_fixed<16, 6, (ap_q_mode)5, (ap_o_mode)3, 0>, ap_fixed<12, 1, (ap_q_mode)4, (ap_o_mode)0, 0>, linear_config3>' completely with a factor of 21 (firmware/nnet_utils/nnet_activation.h:28:0)
WARNING: [HLS 214-167] The program may have out of bound array access on variable 'weights' (firmware/nnet_utils/nnet_mult.h:70:36)
INFO: [HLS 214-248] Applying array_partition to 'acc.i': Complete partitioning on dimension 1. (firmware/nnet_utils/nnet_dense_resource.h:100:29)
INFO: [HLS 214-248] Applying array_partition to 'layer3_out': Complete partitioning on dimension 1. (firmware/myproject.cpp:55:11)
INFO: [HLS 214-248] Applying array_partition to 'layer4_out': Complete partitioning on dimension 1. (firmware/myproject.cpp:59:14)
INFO: [HLS 214-248] Applying array_partition to 'layer8_out': Complete partitioning on dimension 1. (firmware/myproject.cpp:63:14)
INFO: [HLS 214-248] Applying array_partition to 'layer9_out': Complete partitioning on dimension 1. (firmware/myproject.cpp:67:14)
INFO: [HLS 214-248] Applying array_partition to 'layer10_out': Complete partitioning on dimension 1. (firmware/myproject.cpp:71:15)
INFO: [HLS 214-248] Applying array_partition to 'layer11_out': Complete partitioning on dimension 1. (firmware/myproject.cpp:75:15)
INFO: [HLS 214-248] Applying array_partition to 'layer12_out': Complete partitioning on dimension 1. (firmware/myproject.cpp:79:15)
INFO: [HLS 214-248] Applying array_partition to 'layer13_out': Complete partitioning on dimension 1. (firmware/myproject.cpp:83:15)
INFO: [HLS 214-248] Applying array_partition to 'layer14_out': Complete partitioning on dimension 1. (firmware/myproject.cpp:87:15)
INFO: [HLS 214-248] Applying array_partition to 'layer16_out': Complete partitioning on dimension 1. (firmware/myproject.cpp:91:15)
INFO: [HLS 214-248] Applying array_partition to 'layer18_out': Complete partitioning on dimension 1. (firmware/myproject.cpp:95:15)
INFO: [HLS 214-248] Applying array_partition to 'layer19_out': Complete partitioning on dimension 1. (firmware/myproject.cpp:99:15)
INFO: [HLS 214-248] Applying array_partition to 'layer20_out': Complete partitioning on dimension 1. (firmware/myproject.cpp:103:15)
INFO: [HLS 214-248] Applying array_partition to 'layer21_out': Complete partitioning on dimension 1. (firmware/myproject.cpp:107:15)
INFO: [HLS 214-248] Applying array_partition to 'layer23_out': Complete partitioning on dimension 1. (firmware/myproject.cpp:111:15)
INFO: [HLS 214-248] Applying array_partition to 'layer24_out': Complete partitioning on dimension 1. (firmware/myproject.cpp:115:15)
INFO: [HLS 214-248] Applying array_partition to 'layer26_out': Complete partitioning on dimension 1. (firmware/myproject.cpp:119:15)
INFO: [HLS 214-248] Applying array_partition to 'layer27_out': Complete partitioning on dimension 1. (firmware/myproject.cpp:123:15)
INFO: [HLS 214-248] Applying array_partition to 'layer29_out': Complete partitioning on dimension 1. (firmware/myproject.cpp:19:0)
INFO: [HLS 214-248] Applying array_partition to 'b14': Complete partitioning on dimension 1. (firmware/myproject.cpp:19:0)
INFO: [HLS 214-248] Applying array_partition to 'b16': Complete partitioning on dimension 1. (firmware/myproject.cpp:19:0)
INFO: [HLS 214-248] Applying array_partition to 'b21': Complete partitioning on dimension 1. (firmware/myproject.cpp:19:0)
INFO: [HLS 214-248] Applying array_partition to 'b24': Complete partitioning on dimension 1. (firmware/myproject.cpp:19:0)
INFO: [HLS 214-248] Applying array_partition to 'b27': Complete partitioning on dimension 1. (firmware/myproject.cpp:19:0)
INFO: [HLS 214-248] Applying array_reshape to 'x_profile': Complete reshaping on dimension 1. (firmware/myproject.cpp:19:0)
INFO: [HLS 214-248] Applying array_reshape to 'nModule': Complete reshaping on dimension 1. (firmware/myproject.cpp:19:0)
INFO: [HLS 214-248] Applying array_reshape to 'x_local': Complete reshaping on dimension 1. (firmware/myproject.cpp:19:0)
INFO: [HLS 214-248] Applying array_reshape to 'y_profile': Complete reshaping on dimension 1. (firmware/myproject.cpp:19:0)
INFO: [HLS 214-248] Applying array_reshape to 'y_local': Complete reshaping on dimension 1. (firmware/myproject.cpp:19:0)
INFO: [HLS 214-354] Changing the port bit width of top function 'myproject(ap_fixed<16, 6, (ap_q_mode)5, (ap_o_mode)3, 0>*, ap_fixed<16, 6, (ap_q_mode)5, (ap_o_mode)3, 0>*, ap_fixed<16, 6, (ap_q_mode)5, (ap_o_mode)3, 0>*, ap_fixed<16, 6, (ap_q_mode)5, (ap_o_mode)3, 0>*, ap_fixed<16, 6, (ap_q_mode)5, (ap_o_mode)3, 0>*, ap_ufixed<8, 0, (ap_q_mode)4, (ap_o_mode)0, 0>*, ap_fixed<10, 1, (ap_q_mode)5, (ap_o_mode)3, 0>*, ap_fixed<10, 1, (ap_q_mode)5, (ap_o_mode)3, 0>*, ap_fixed<10, 1, (ap_q_mode)5, (ap_o_mode)3, 0>*, ap_fixed<10, 1, (ap_q_mode)5, (ap_o_mode)3, 0>*, ap_fixed<10, 1, (ap_q_mode)5, (ap_o_mode)3, 0>*, ap_fixed<10, 1, (ap_q_mode)5, (ap_o_mode)3, 0>*, ap_fixed<10, 1, (ap_q_mode)5, (ap_o_mode)3, 0>*, ap_fixed<10, 1, (ap_q_mode)5, (ap_o_mode)3, 0>*, ap_fixed<10, 1, (ap_q_mode)5, (ap_o_mode)3, 0>*, ap_fixed<10, 1, (ap_q_mode)5, (ap_o_mode)3, 0>*)' argument 'w14': from '10' to '16' due to access pattern. (firmware/myproject.cpp:19:0)
INFO: [HLS 214-354] Changing the port bit width of top function 'myproject(ap_fixed<16, 6, (ap_q_mode)5, (ap_o_mode)3, 0>*, ap_fixed<16, 6, (ap_q_mode)5, (ap_o_mode)3, 0>*, ap_fixed<16, 6, (ap_q_mode)5, (ap_o_mode)3, 0>*, ap_fixed<16, 6, (ap_q_mode)5, (ap_o_mode)3, 0>*, ap_fixed<16, 6, (ap_q_mode)5, (ap_o_mode)3, 0>*, ap_ufixed<8, 0, (ap_q_mode)4, (ap_o_mode)0, 0>*, ap_fixed<10, 1, (ap_q_mode)5, (ap_o_mode)3, 0>*, ap_fixed<10, 1, (ap_q_mode)5, (ap_o_mode)3, 0>*, ap_fixed<10, 1, (ap_q_mode)5, (ap_o_mode)3, 0>*, ap_fixed<10, 1, (ap_q_mode)5, (ap_o_mode)3, 0>*, ap_fixed<10, 1, (ap_q_mode)5, (ap_o_mode)3, 0>*, ap_fixed<10, 1, (ap_q_mode)5, (ap_o_mode)3, 0>*, ap_fixed<10, 1, (ap_q_mode)5, (ap_o_mode)3, 0>*, ap_fixed<10, 1, (ap_q_mode)5, (ap_o_mode)3, 0>*, ap_fixed<10, 1, (ap_q_mode)5, (ap_o_mode)3, 0>*, ap_fixed<10, 1, (ap_q_mode)5, (ap_o_mode)3, 0>*)' argument 'w21': from '10' to '16' due to access pattern. (firmware/myproject.cpp:19:0)
INFO: [HLS 214-354] Changing the port bit width of top function 'myproject(ap_fixed<16, 6, (ap_q_mode)5, (ap_o_mode)3, 0>*, ap_fixed<16, 6, (ap_q_mode)5, (ap_o_mode)3, 0>*, ap_fixed<16, 6, (ap_q_mode)5, (ap_o_mode)3, 0>*, ap_fixed<16, 6, (ap_q_mode)5, (ap_o_mode)3, 0>*, ap_fixed<16, 6, (ap_q_mode)5, (ap_o_mode)3, 0>*, ap_ufixed<8, 0, (ap_q_mode)4, (ap_o_mode)0, 0>*, ap_fixed<10, 1, (ap_q_mode)5, (ap_o_mode)3, 0>*, ap_fixed<10, 1, (ap_q_mode)5, (ap_o_mode)3, 0>*, ap_fixed<10, 1, (ap_q_mode)5, (ap_o_mode)3, 0>*, ap_fixed<10, 1, (ap_q_mode)5, (ap_o_mode)3, 0>*, ap_fixed<10, 1, (ap_q_mode)5, (ap_o_mode)3, 0>*, ap_fixed<10, 1, (ap_q_mode)5, (ap_o_mode)3, 0>*, ap_fixed<10, 1, (ap_q_mode)5, (ap_o_mode)3, 0>*, ap_fixed<10, 1, (ap_q_mode)5, (ap_o_mode)3, 0>*, ap_fixed<10, 1, (ap_q_mode)5, (ap_o_mode)3, 0>*, ap_fixed<10, 1, (ap_q_mode)5, (ap_o_mode)3, 0>*)' argument 'w24': from '10' to '16' due to access pattern. (firmware/myproject.cpp:19:0)
INFO: [HLS 200-111] Finished Compiling Optimization and Transform: CPU user time: 17.01 seconds. CPU system time: 1.13 seconds. Elapsed time: 18.9 seconds; current allocated memory: 357.863 MB.
INFO: [HLS 200-111] Finished Checking Pragmas: CPU user time: 0 seconds. CPU system time: 0 seconds. Elapsed time: 0 seconds; current allocated memory: 357.863 MB.
INFO: [HLS 200-10] Starting code transformations ...
INFO: [HLS 200-111] Finished Standard Transforms: CPU user time: 0.46 seconds. CPU system time: 0.01 seconds. Elapsed time: 0.47 seconds; current allocated memory: 369.562 MB.
INFO: [HLS 200-10] Checking synthesizability ...
INFO: [HLS 200-111] Finished Checking Synthesizability: CPU user time: 0.63 seconds. CPU system time: 0 seconds. Elapsed time: 0.63 seconds; current allocated memory: 384.527 MB.
INFO: [XFORM 203-712] Applying dataflow to function 'myproject' (firmware/myproject.cpp:43:1), detected/extracted 19 process function(s): 
	 'nnet::linear<ap_fixed<16, 6, (ap_q_mode)5, (ap_o_mode)3, 0>, ap_fixed<12, 1, (ap_q_mode)4, (ap_o_mode)0, 0>, linear_config3>'
	 'nnet::linear<ap_fixed<16, 6, (ap_q_mode)5, (ap_o_mode)3, 0>, ap_fixed<12, 1, (ap_q_mode)4, (ap_o_mode)0, 0>, linear_config4>'
	 'nnet::concatenate1d<ap_fixed<12, 1, (ap_q_mode)4, (ap_o_mode)0, 0>, ap_fixed<12, 1, (ap_q_mode)4, (ap_o_mode)0, 0>, ap_fixed<16, 6, (ap_q_mode)5, (ap_o_mode)3, 0>, config8>'
	 'nnet::linear<ap_fixed<16, 6, (ap_q_mode)5, (ap_o_mode)3, 0>, ap_fixed<12, 1, (ap_q_mode)4, (ap_o_mode)0, 0>, linear_config9>'
	 'nnet::linear<ap_fixed<16, 6, (ap_q_mode)5, (ap_o_mode)3, 0>, ap_fixed<12, 1, (ap_q_mode)4, (ap_o_mode)0, 0>, linear_config10>'
	 'nnet::linear<ap_fixed<16, 6, (ap_q_mode)5, (ap_o_mode)3, 0>, ap_fixed<12, 1, (ap_q_mode)4, (ap_o_mode)0, 0>, linear_config11>'
	 'nnet::concatenate1d<ap_fixed<16, 6, (ap_q_mode)5, (ap_o_mode)3, 0>, ap_fixed<12, 1, (ap_q_mode)4, (ap_o_mode)0, 0>, ap_fixed<16, 6, (ap_q_mode)5, (ap_o_mode)3, 0>, config12>'
	 'nnet::concatenate1d<ap_fixed<12, 1, (ap_q_mode)4, (ap_o_mode)0, 0>, ap_fixed<12, 1, (ap_q_mode)4, (ap_o_mode)0, 0>, ap_fixed<16, 6, (ap_q_mode)5, (ap_o_mode)3, 0>, config13>'
	 'nnet::dense_resource<ap_fixed<16, 6, (ap_q_mode)5, (ap_o_mode)3, 0>, ap_fixed<16, 6, (ap_q_mode)5, (ap_o_mode)3, 0>, config14>'
	 'nnet::dense_resource<ap_fixed<16, 6, (ap_q_mode)5, (ap_o_mode)3, 0>, ap_fixed<16, 6, (ap_q_mode)5, (ap_o_mode)3, 0>, config16>'
	 'nnet::relu<ap_fixed<16, 6, (ap_q_mode)5, (ap_o_mode)3, 0>, ap_ufixed<8, 0, (ap_q_mode)4, (ap_o_mode)0, 0>, relu_config18>'
	 'nnet::relu<ap_fixed<16, 6, (ap_q_mode)5, (ap_o_mode)3, 0>, ap_ufixed<8, 0, (ap_q_mode)4, (ap_o_mode)0, 0>, relu_config19>'
	 'nnet::concatenate1d<ap_ufixed<8, 0, (ap_q_mode)4, (ap_o_mode)0, 0>, ap_ufixed<8, 0, (ap_q_mode)4, (ap_o_mode)0, 0>, ap_fixed<16, 6, (ap_q_mode)5, (ap_o_mode)3, 0>, config20>'
	 'nnet::dense_resource<ap_fixed<16, 6, (ap_q_mode)5, (ap_o_mode)3, 0>, ap_fixed<16, 6, (ap_q_mode)5, (ap_o_mode)3, 0>, config21>'
	 'nnet::relu<ap_fixed<16, 6, (ap_q_mode)5, (ap_o_mode)3, 0>, ap_ufixed<8, 0, (ap_q_mode)4, (ap_o_mode)0, 0>, relu_config23>'
	 'nnet::dense_resource<ap_ufixed<8, 0, (ap_q_mode)4, (ap_o_mode)0, 0>, ap_fixed<16, 6, (ap_q_mode)5, (ap_o_mode)3, 0>, config24>'
	 'nnet::relu<ap_fixed<16, 6, (ap_q_mode)5, (ap_o_mode)3, 0>, ap_ufixed<8, 0, (ap_q_mode)4, (ap_o_mode)0, 0>, relu_config26>'
	 'nnet::dense_resource<ap_ufixed<8, 0, (ap_q_mode)4, (ap_o_mode)0, 0>, ap_fixed<16, 6, (ap_q_mode)5, (ap_o_mode)3, 0>, config27>'
	 'nnet::hard_sigmoid<ap_fixed<16, 6, (ap_q_mode)5, (ap_o_mode)3, 0>, ap_ufixed<8, 0, (ap_q_mode)4, (ap_o_mode)0, 0>, hard_sigmoid_config29>'.
INFO: [XFORM 203-401] Performing if-conversion on hyperblock from (firmware/nnet_utils/nnet_activation.h:40:9) to (firmware/nnet_utils/nnet_activation.h:50:1) in function 'nnet::relu<ap_fixed<16, 6, (ap_q_mode)5, (ap_o_mode)3, 0>, ap_ufixed<8, 0, (ap_q_mode)4, (ap_o_mode)0, 0>, relu_config26>'... converting 81 basic blocks.
INFO: [XFORM 203-401] Performing if-conversion on hyperblock from (firmware/nnet_utils/nnet_activation.h:40:9) to (firmware/nnet_utils/nnet_activation.h:50:1) in function 'nnet::relu<ap_fixed<16, 6, (ap_q_mode)5, (ap_o_mode)3, 0>, ap_ufixed<8, 0, (ap_q_mode)4, (ap_o_mode)0, 0>, relu_config23>'... converting 145 basic blocks.
INFO: [XFORM 203-401] Performing if-conversion on hyperblock from (firmware/nnet_utils/nnet_activation.h:40:9) to (firmware/nnet_utils/nnet_activation.h:50:1) in function 'nnet::relu<ap_fixed<16, 6, (ap_q_mode)5, (ap_o_mode)3, 0>, ap_ufixed<8, 0, (ap_q_mode)4, (ap_o_mode)0, 0>, relu_config19>'... converting 33 basic blocks.
INFO: [XFORM 203-401] Performing if-conversion on hyperblock from (firmware/nnet_utils/nnet_activation.h:40:9) to (firmware/nnet_utils/nnet_activation.h:50:1) in function 'nnet::relu<ap_fixed<16, 6, (ap_q_mode)5, (ap_o_mode)3, 0>, ap_ufixed<8, 0, (ap_q_mode)4, (ap_o_mode)0, 0>, relu_config18>'... converting 225 basic blocks.
INFO: [XFORM 203-401] Performing if-conversion on hyperblock from (firmware/nnet_utils/nnet_activation.h:449:9) to (firmware/nnet_utils/nnet_activation.h:459:1) in function 'nnet::hard_sigmoid<ap_fixed<16, 6, (ap_q_mode)5, (ap_o_mode)3, 0>, ap_ufixed<8, 0, (ap_q_mode)4, (ap_o_mode)0, 0>, hard_sigmoid_config29>'... converting 3 basic blocks.
INFO: [XFORM 203-401] Performing if-conversion on hyperblock from (firmware/nnet_utils/nnet_dense_resource.h:125:9) to (firmware/nnet_utils/nnet_dense_resource.h:124:5) in function 'nnet::dense_resource<ap_fixed<16, 6, (ap_q_mode)5, (ap_o_mode)3, 0>, ap_fixed<16, 6, (ap_q_mode)5, (ap_o_mode)3, 0>, config16>'... converting 18 basic blocks.
INFO: [XFORM 203-11] Balancing expressions in function 'nnet::dense_resource<ap_fixed<16, 6, (ap_q_mode)5, (ap_o_mode)3, 0>, ap_fixed<16, 6, (ap_q_mode)5, (ap_o_mode)3, 0>, config21>' (firmware/nnet_utils/nnet_dense_resource.h:38:20)...144 expression(s) balanced.
INFO: [XFORM 203-11] Balancing expressions in function 'nnet::dense_resource<ap_fixed<16, 6, (ap_q_mode)5, (ap_o_mode)3, 0>, ap_fixed<16, 6, (ap_q_mode)5, (ap_o_mode)3, 0>, config16>' (firmware/nnet_utils/nnet_dense_resource.h:73:5)...13 expression(s) balanced.
INFO: [XFORM 203-11] Balancing expressions in function 'nnet::dense_resource<ap_fixed<16, 6, (ap_q_mode)5, (ap_o_mode)3, 0>, ap_fixed<16, 6, (ap_q_mode)5, (ap_o_mode)3, 0>, config14>' (firmware/nnet_utils/nnet_dense_resource.h:38:17)...280 expression(s) balanced.
INFO: [HLS 200-111] Finished Loop, function and other optimizations: CPU user time: 3.26 seconds. CPU system time: 0.03 seconds. Elapsed time: 3.3 seconds; current allocated memory: 434.625 MB.
INFO: [XFORM 203-531] Rewinding loop 'ReuseLoop' (firmware/nnet_utils/nnet_dense_resource.h:42) in function 'dense_resource<ap_ufixed<8, 0, 4, 0, 0>, ap_fixed<16, 6, 5, 3, 0>, config27>'.
INFO: [XFORM 203-531] Rewinding loop 'ReuseLoop' (firmware/nnet_utils/nnet_dense_resource.h:42) in function 'dense_resource<ap_ufixed<8, 0, 4, 0, 0>, ap_fixed<16, 6, 5, 3, 0>, config24>'.
INFO: [XFORM 203-531] Rewinding loop 'ReuseLoop' (firmware/nnet_utils/nnet_dense_resource.h:42) in function 'dense_resource<ap_fixed<16, 6, 5, 3, 0>, ap_fixed<16, 6, 5, 3, 0>, config21>'.
INFO: [XFORM 203-531] Rewinding loop 'ReuseLoop' (firmware/nnet_utils/nnet_dense_resource.h:124) in function 'dense_resource<ap_fixed<16, 6, 5, 3, 0>, ap_fixed<16, 6, 5, 3, 0>, config16>'.
INFO: [XFORM 203-531] Rewinding loop 'ReuseLoop' (firmware/nnet_utils/nnet_dense_resource.h:42) in function 'dense_resource<ap_fixed<16, 6, 5, 3, 0>, ap_fixed<16, 6, 5, 3, 0>, config14>'.
WARNING: [HLS 200-1449] Process dense_resource<ap_fixed<16, 6, 5, 3, 0>, ap_fixed<16, 6, 5, 3, 0>, config14> has both a predecessor and reads an input from its caller (see the GUI dataflow viewer). This may lead to lower throughput. Consider copying this input via a predecessor process.
WARNING: [HLS 200-1449] Process dense_resource<ap_fixed<16, 6, 5, 3, 0>, ap_fixed<16, 6, 5, 3, 0>, config16> has both a predecessor and reads an input from its caller (see the GUI dataflow viewer). This may lead to lower throughput. Consider copying this input via a predecessor process.
WARNING: [HLS 200-1449] Process dense_resource<ap_fixed<16, 6, 5, 3, 0>, ap_fixed<16, 6, 5, 3, 0>, config21> has both a predecessor and reads an input from its caller (see the GUI dataflow viewer). This may lead to lower throughput. Consider copying this input via a predecessor process.
WARNING: [HLS 200-1449] Process dense_resource<ap_ufixed<8, 0, 4, 0, 0>, ap_fixed<16, 6, 5, 3, 0>, config24> has both a predecessor and reads an input from its caller (see the GUI dataflow viewer). This may lead to lower throughput. Consider copying this input via a predecessor process.
WARNING: [HLS 200-1449] Process dense_resource<ap_ufixed<8, 0, 4, 0, 0>, ap_fixed<16, 6, 5, 3, 0>, config27> has both a predecessor and reads an input from its caller (see the GUI dataflow viewer). This may lead to lower throughput. Consider copying this input via a predecessor process.
INFO: [HLS 200-111] Finished Architecture Synthesis: CPU user time: 2.41 seconds. CPU system time: 0.06 seconds. Elapsed time: 2.48 seconds; current allocated memory: 647.992 MB.
INFO: [HLS 200-10] Starting hardware synthesis ...
INFO: [HLS 200-10] Synthesizing 'myproject' ...
WARNING: [SYN 201-103] Legalizing function name 'linear<ap_fixed<16, 6, 5, 3, 0>, ap_fixed<12, 1, 4, 0, 0>, linear_config3>' to 'linear_ap_fixed_16_6_5_3_0_ap_fixed_12_1_4_0_0_linear_config3_s'.
WARNING: [SYN 201-103] Legalizing function name 'linear<ap_fixed<16, 6, 5, 3, 0>, ap_fixed<12, 1, 4, 0, 0>, linear_config4>' to 'linear_ap_fixed_16_6_5_3_0_ap_fixed_12_1_4_0_0_linear_config4_s'.
WARNING: [SYN 201-103] Legalizing function name 'concatenate1d<ap_fixed,ap_fixed,ap_fixed<16,6,5,3,0>,config8>' to 'concatenate1d_ap_fixed_ap_fixed_ap_fixed_16_6_5_3_0_config8_s'.
WARNING: [SYN 201-103] Legalizing function name 'linear<ap_fixed<16, 6, 5, 3, 0>, ap_fixed<12, 1, 4, 0, 0>, linear_config9>' to 'linear_ap_fixed_16_6_5_3_0_ap_fixed_12_1_4_0_0_linear_config9_s'.
WARNING: [SYN 201-103] Legalizing function name 'linear<ap_fixed<16, 6, 5, 3, 0>, ap_fixed<12, 1, 4, 0, 0>, linear_config10>' to 'linear_ap_fixed_16_6_5_3_0_ap_fixed_12_1_4_0_0_linear_config10_s'.
WARNING: [SYN 201-103] Legalizing function name 'linear<ap_fixed<16, 6, 5, 3, 0>, ap_fixed<12, 1, 4, 0, 0>, linear_config11>' to 'linear_ap_fixed_16_6_5_3_0_ap_fixed_12_1_4_0_0_linear_config11_s'.
WARNING: [SYN 201-103] Legalizing function name 'concatenate1d<ap_fixed,ap_fixed,ap_fixed<16,6,5,3,0>,config12>' to 'concatenate1d_ap_fixed_ap_fixed_ap_fixed_16_6_5_3_0_config12_s'.
WARNING: [SYN 201-103] Legalizing function name 'concatenate1d<ap_fixed,ap_fixed,ap_fixed<16,6,5,3,0>,config13>' to 'concatenate1d_ap_fixed_ap_fixed_ap_fixed_16_6_5_3_0_config13_s'.
WARNING: [SYN 201-103] Legalizing function name 'dense_resource<ap_fixed<16, 6, 5, 3, 0>, ap_fixed<16, 6, 5, 3, 0>, config14>' to 'dense_resource_ap_fixed_16_6_5_3_0_ap_fixed_16_6_5_3_0_config14_s'.
WARNING: [SYN 201-103] Legalizing function name 'dense_resource<ap_fixed<16, 6, 5, 3, 0>, ap_fixed<16, 6, 5, 3, 0>, config16>' to 'dense_resource_ap_fixed_16_6_5_3_0_ap_fixed_16_6_5_3_0_config16_s'.
WARNING: [SYN 201-103] Legalizing function name 'relu<ap_fixed<16, 6, 5, 3, 0>, ap_ufixed<8, 0, 4, 0, 0>, relu_config18>' to 'relu_ap_fixed_16_6_5_3_0_ap_ufixed_8_0_4_0_0_relu_config18_s'.
WARNING: [SYN 201-103] Legalizing function name 'relu<ap_fixed<16, 6, 5, 3, 0>, ap_ufixed<8, 0, 4, 0, 0>, relu_config19>' to 'relu_ap_fixed_16_6_5_3_0_ap_ufixed_8_0_4_0_0_relu_config19_s'.
WARNING: [SYN 201-103] Legalizing function name 'concatenate1d<ap_ufixed,ap_ufixed,ap_fixed<16,6,5,3,0>,config20>' to 'concatenate1d_ap_ufixed_ap_ufixed_ap_fixed_16_6_5_3_0_config20_s'.
WARNING: [SYN 201-103] Legalizing function name 'dense_resource<ap_fixed<16, 6, 5, 3, 0>, ap_fixed<16, 6, 5, 3, 0>, config21>' to 'dense_resource_ap_fixed_16_6_5_3_0_ap_fixed_16_6_5_3_0_config21_s'.
WARNING: [SYN 201-103] Legalizing function name 'relu<ap_fixed<16, 6, 5, 3, 0>, ap_ufixed<8, 0, 4, 0, 0>, relu_config23>' to 'relu_ap_fixed_16_6_5_3_0_ap_ufixed_8_0_4_0_0_relu_config23_s'.
WARNING: [SYN 201-103] Legalizing function name 'dense_resource<ap_ufixed<8, 0, 4, 0, 0>, ap_fixed<16, 6, 5, 3, 0>, config24>' to 'dense_resource_ap_ufixed_8_0_4_0_0_ap_fixed_16_6_5_3_0_config24_s'.
WARNING: [SYN 201-103] Legalizing function name 'relu<ap_fixed<16, 6, 5, 3, 0>, ap_ufixed<8, 0, 4, 0, 0>, relu_config26>' to 'relu_ap_fixed_16_6_5_3_0_ap_ufixed_8_0_4_0_0_relu_config26_s'.
WARNING: [SYN 201-103] Legalizing function name 'dense_resource<ap_ufixed<8, 0, 4, 0, 0>, ap_fixed<16, 6, 5, 3, 0>, config27>' to 'dense_resource_ap_ufixed_8_0_4_0_0_ap_fixed_16_6_5_3_0_config27_s'.
WARNING: [SYN 201-103] Legalizing function name 'hard_sigmoid<ap_fixed,ap_ufixed<8,0,4,0,0>,hard_sigmoid_config29>' to 'hard_sigmoid_ap_fixed_ap_ufixed_8_0_4_0_0_hard_sigmoid_config29_s'.
INFO: [HLS 200-10] ----------------------------------------------------------------
INFO: [HLS 200-42] -- Implementing module 'linear_ap_fixed_16_6_5_3_0_ap_fixed_12_1_4_0_0_linear_config3_s' 
INFO: [HLS 200-10] ----------------------------------------------------------------
INFO: [SCHED 204-11] Starting scheduling ...
INFO: [SCHED 204-61] Pipelining function 'linear<ap_fixed<16, 6, 5, 3, 0>, ap_fixed<12, 1, 4, 0, 0>, linear_config3>'.
INFO: [HLS 200-1470] Pipelining result : Target II = NA, Final II = 1, Depth = 1, function 'linear<ap_fixed<16, 6, 5, 3, 0>, ap_fixed<12, 1, 4, 0, 0>, linear_config3>'
INFO: [SCHED 204-11] Finished scheduling.
INFO: [HLS 200-111] Finished Scheduling: CPU user time: 0.26 seconds. CPU system time: 0.05 seconds. Elapsed time: 0.31 seconds; current allocated memory: 653.582 MB.
INFO: [BIND 205-100] Starting micro-architecture generation ...
INFO: [BIND 205-101] Performing variable lifetime analysis.
INFO: [BIND 205-101] Exploring resource sharing.
INFO: [BIND 205-101] Binding ...
INFO: [BIND 205-100] Finished micro-architecture generation.
INFO: [HLS 200-111] Finished Binding: CPU user time: 0.06 seconds. CPU system time: 0.01 seconds. Elapsed time: 0.07 seconds; current allocated memory: 654.785 MB.
INFO: [HLS 200-10] ----------------------------------------------------------------
INFO: [HLS 200-42] -- Implementing module 'linear_ap_fixed_16_6_5_3_0_ap_fixed_12_1_4_0_0_linear_config4_s' 
INFO: [HLS 200-10] ----------------------------------------------------------------
INFO: [SCHED 204-11] Starting scheduling ...
INFO: [SCHED 204-61] Pipelining function 'linear<ap_fixed<16, 6, 5, 3, 0>, ap_fixed<12, 1, 4, 0, 0>, linear_config4>'.
INFO: [HLS 200-1470] Pipelining result : Target II = NA, Final II = 1, Depth = 1, function 'linear<ap_fixed<16, 6, 5, 3, 0>, ap_fixed<12, 1, 4, 0, 0>, linear_config4>'
INFO: [SCHED 204-11] Finished scheduling.
INFO: [HLS 200-111] Finished Scheduling: CPU user time: 0.09 seconds. CPU system time: 0.02 seconds. Elapsed time: 0.1 seconds; current allocated memory: 656.730 MB.
INFO: [BIND 205-100] Starting micro-architecture generation ...
INFO: [BIND 205-101] Performing variable lifetime analysis.
INFO: [BIND 205-101] Exploring resource sharing.
INFO: [BIND 205-101] Binding ...
INFO: [BIND 205-100] Finished micro-architecture generation.
INFO: [HLS 200-111] Finished Binding: CPU user time: 0.04 seconds. CPU system time: 0 seconds. Elapsed time: 0.05 seconds; current allocated memory: 657.648 MB.
INFO: [HLS 200-10] ----------------------------------------------------------------
INFO: [HLS 200-42] -- Implementing module 'concatenate1d_ap_fixed_ap_fixed_ap_fixed_16_6_5_3_0_config8_s' 
INFO: [HLS 200-10] ----------------------------------------------------------------
INFO: [SCHED 204-11] Starting scheduling ...
INFO: [SCHED 204-61] Pipelining function 'concatenate1d<ap_fixed,ap_fixed,ap_fixed<16,6,5,3,0>,config8>'.
INFO: [HLS 200-1470] Pipelining result : Target II = NA, Final II = 1, Depth = 1, function 'concatenate1d<ap_fixed,ap_fixed,ap_fixed<16,6,5,3,0>,config8>'
INFO: [SCHED 204-11] Finished scheduling.
INFO: [HLS 200-111] Finished Scheduling: CPU user time: 0.07 seconds. CPU system time: 0 seconds. Elapsed time: 0.07 seconds; current allocated memory: 658.383 MB.
INFO: [BIND 205-100] Starting micro-architecture generation ...
INFO: [BIND 205-101] Performing variable lifetime analysis.
INFO: [BIND 205-101] Exploring resource sharing.
INFO: [BIND 205-101] Binding ...
INFO: [BIND 205-100] Finished micro-architecture generation.
INFO: [HLS 200-111] Finished Binding: CPU user time: 0.03 seconds. CPU system time: 0 seconds. Elapsed time: 0.03 seconds; current allocated memory: 658.578 MB.
INFO: [HLS 200-10] ----------------------------------------------------------------
INFO: [HLS 200-42] -- Implementing module 'linear_ap_fixed_16_6_5_3_0_ap_fixed_12_1_4_0_0_linear_config9_s' 
INFO: [HLS 200-10] ----------------------------------------------------------------
INFO: [SCHED 204-11] Starting scheduling ...
INFO: [SCHED 204-61] Pipelining function 'linear<ap_fixed<16, 6, 5, 3, 0>, ap_fixed<12, 1, 4, 0, 0>, linear_config9>'.
INFO: [HLS 200-1470] Pipelining result : Target II = NA, Final II = 1, Depth = 1, function 'linear<ap_fixed<16, 6, 5, 3, 0>, ap_fixed<12, 1, 4, 0, 0>, linear_config9>'
INFO: [SCHED 204-11] Finished scheduling.
INFO: [HLS 200-111] Finished Scheduling: CPU user time: 0.04 seconds. CPU system time: 0 seconds. Elapsed time: 0.04 seconds; current allocated memory: 659.012 MB.
INFO: [BIND 205-100] Starting micro-architecture generation ...
INFO: [BIND 205-101] Performing variable lifetime analysis.
INFO: [BIND 205-101] Exploring resource sharing.
INFO: [BIND 205-101] Binding ...
INFO: [BIND 205-100] Finished micro-architecture generation.
INFO: [HLS 200-111] Finished Binding: CPU user time: 0.02 seconds. CPU system time: 0 seconds. Elapsed time: 0.03 seconds; current allocated memory: 659.012 MB.
INFO: [HLS 200-10] ----------------------------------------------------------------
INFO: [HLS 200-42] -- Implementing module 'linear_ap_fixed_16_6_5_3_0_ap_fixed_12_1_4_0_0_linear_config10_s' 
INFO: [HLS 200-10] ----------------------------------------------------------------
INFO: [SCHED 204-11] Starting scheduling ...
INFO: [SCHED 204-61] Pipelining function 'linear<ap_fixed<16, 6, 5, 3, 0>, ap_fixed<12, 1, 4, 0, 0>, linear_config10>'.
INFO: [HLS 200-1470] Pipelining result : Target II = NA, Final II = 1, Depth = 1, function 'linear<ap_fixed<16, 6, 5, 3, 0>, ap_fixed<12, 1, 4, 0, 0>, linear_config10>'
INFO: [SCHED 204-11] Finished scheduling.
INFO: [HLS 200-111] Finished Scheduling: CPU user time: 0.03 seconds. CPU system time: 0.01 seconds. Elapsed time: 0.03 seconds; current allocated memory: 659.344 MB.
INFO: [BIND 205-100] Starting micro-architecture generation ...
INFO: [BIND 205-101] Performing variable lifetime analysis.
INFO: [BIND 205-101] Exploring resource sharing.
INFO: [BIND 205-101] Binding ...
INFO: [BIND 205-100] Finished micro-architecture generation.
INFO: [HLS 200-111] Finished Binding: CPU user time: 0.02 seconds. CPU system time: 0 seconds. Elapsed time: 0.02 seconds; current allocated memory: 659.395 MB.
INFO: [HLS 200-10] ----------------------------------------------------------------
INFO: [HLS 200-42] -- Implementing module 'linear_ap_fixed_16_6_5_3_0_ap_fixed_12_1_4_0_0_linear_config11_s' 
INFO: [HLS 200-10] ----------------------------------------------------------------
INFO: [SCHED 204-11] Starting scheduling ...
INFO: [SCHED 204-61] Pipelining function 'linear<ap_fixed<16, 6, 5, 3, 0>, ap_fixed<12, 1, 4, 0, 0>, linear_config11>'.
INFO: [HLS 200-1470] Pipelining result : Target II = NA, Final II = 1, Depth = 1, function 'linear<ap_fixed<16, 6, 5, 3, 0>, ap_fixed<12, 1, 4, 0, 0>, linear_config11>'
INFO: [SCHED 204-11] Finished scheduling.
INFO: [HLS 200-111] Finished Scheduling: CPU user time: 0.03 seconds. CPU system time: 0.01 seconds. Elapsed time: 0.04 seconds; current allocated memory: 659.586 MB.
INFO: [BIND 205-100] Starting micro-architecture generation ...
INFO: [BIND 205-101] Performing variable lifetime analysis.
INFO: [BIND 205-101] Exploring resource sharing.
INFO: [BIND 205-101] Binding ...
INFO: [BIND 205-100] Finished micro-architecture generation.
INFO: [HLS 200-111] Finished Binding: CPU user time: 0.02 seconds. CPU system time: 0.01 seconds. Elapsed time: 0.03 seconds; current allocated memory: 659.711 MB.
INFO: [HLS 200-10] ----------------------------------------------------------------
INFO: [HLS 200-42] -- Implementing module 'concatenate1d_ap_fixed_ap_fixed_ap_fixed_16_6_5_3_0_config12_s' 
INFO: [HLS 200-10] ----------------------------------------------------------------
INFO: [SCHED 204-11] Starting scheduling ...
INFO: [SCHED 204-61] Pipelining function 'concatenate1d<ap_fixed,ap_fixed,ap_fixed<16,6,5,3,0>,config12>'.
INFO: [HLS 200-1470] Pipelining result : Target II = NA, Final II = 1, Depth = 1, function 'concatenate1d<ap_fixed,ap_fixed,ap_fixed<16,6,5,3,0>,config12>'
INFO: [SCHED 204-11] Finished scheduling.
INFO: [HLS 200-111] Finished Scheduling: CPU user time: 0.05 seconds. CPU system time: 0.01 seconds. Elapsed time: 0.06 seconds; current allocated memory: 660.230 MB.
INFO: [BIND 205-100] Starting micro-architecture generation ...
INFO: [BIND 205-101] Performing variable lifetime analysis.
INFO: [BIND 205-101] Exploring resource sharing.
INFO: [BIND 205-101] Binding ...
INFO: [BIND 205-100] Finished micro-architecture generation.
INFO: [HLS 200-111] Finished Binding: CPU user time: 0.03 seconds. CPU system time: 0 seconds. Elapsed time: 0.06 seconds; current allocated memory: 660.480 MB.
INFO: [HLS 200-10] ----------------------------------------------------------------
INFO: [HLS 200-42] -- Implementing module 'concatenate1d_ap_fixed_ap_fixed_ap_fixed_16_6_5_3_0_config13_s' 
INFO: [HLS 200-10] ----------------------------------------------------------------
INFO: [SCHED 204-11] Starting scheduling ...
INFO: [SCHED 204-61] Pipelining function 'concatenate1d<ap_fixed,ap_fixed,ap_fixed<16,6,5,3,0>,config13>'.
INFO: [HLS 200-1470] Pipelining result : Target II = NA, Final II = 1, Depth = 1, function 'concatenate1d<ap_fixed,ap_fixed,ap_fixed<16,6,5,3,0>,config13>'
INFO: [SCHED 204-11] Finished scheduling.
INFO: [HLS 200-111] Finished Scheduling: CPU user time: 0.04 seconds. CPU system time: 0 seconds. Elapsed time: 0.04 seconds; current allocated memory: 660.586 MB.
INFO: [BIND 205-100] Starting micro-architecture generation ...
INFO: [BIND 205-101] Performing variable lifetime analysis.
INFO: [BIND 205-101] Exploring resource sharing.
INFO: [BIND 205-101] Binding ...
INFO: [BIND 205-100] Finished micro-architecture generation.
INFO: [HLS 200-111] Finished Binding: CPU user time: 0.03 seconds. CPU system time: 0.01 seconds. Elapsed time: 0.03 seconds; current allocated memory: 660.586 MB.
INFO: [HLS 200-10] ----------------------------------------------------------------
INFO: [HLS 200-42] -- Implementing module 'dense_resource_ap_fixed_16_6_5_3_0_ap_fixed_16_6_5_3_0_config14_s' 
INFO: [HLS 200-10] ----------------------------------------------------------------
INFO: [SCHED 204-11] Starting scheduling ...
INFO: [SCHED 204-61] Pipelining loop 'ReuseLoop'.
WARNING: [HLS 200-885] The II Violation in module 'dense_resource_ap_fixed_16_6_5_3_0_ap_fixed_16_6_5_3_0_config14_s' (loop 'ReuseLoop'): Unable to schedule 'load' operation 16 bit ('w14_load_1', firmware/nnet_utils/nnet_dense_resource.h:55->firmware/nnet_utils/nnet_dense_resource.h:240) on array 'w14' due to limited memory ports (II = 1). Please consider using a memory core with more ports or partitioning the array 'w14'.
Resolution: For help on HLS 200-885 see docs.xilinx.com/access/sources/dita/topic?Doc_Version=2024.1%20English&url=ug1448-hls-guidance&resourceid=200-885.html
WARNING: [HLS 200-885] The II Violation in module 'dense_resource_ap_fixed_16_6_5_3_0_ap_fixed_16_6_5_3_0_config14_s' (loop 'ReuseLoop'): Unable to schedule 'load' operation 16 bit ('w14_load_9', firmware/nnet_utils/nnet_dense_resource.h:55->firmware/nnet_utils/nnet_dense_resource.h:240) on array 'w14' due to limited memory ports (II = 2). Please consider using a memory core with more ports or partitioning the array 'w14'.
Resolution: For help on HLS 200-885 see docs.xilinx.com/access/sources/dita/topic?Doc_Version=2024.1%20English&url=ug1448-hls-guidance&resourceid=200-885.html
WARNING: [HLS 200-885] The II Violation in module 'dense_resource_ap_fixed_16_6_5_3_0_ap_fixed_16_6_5_3_0_config14_s' (loop 'ReuseLoop'): Unable to schedule 'load' operation 16 bit ('w14_load_14', firmware/nnet_utils/nnet_dense_resource.h:55->firmware/nnet_utils/nnet_dense_resource.h:240) on array 'w14' due to limited memory ports (II = 3). Please consider using a memory core with more ports or partitioning the array 'w14'.
Resolution: For help on HLS 200-885 see docs.xilinx.com/access/sources/dita/topic?Doc_Version=2024.1%20English&url=ug1448-hls-guidance&resourceid=200-885.html
WARNING: [HLS 200-885] The II Violation in module 'dense_resource_ap_fixed_16_6_5_3_0_ap_fixed_16_6_5_3_0_config14_s' (loop 'ReuseLoop'): Unable to schedule 'load' operation 16 bit ('w14_load_19', firmware/nnet_utils/nnet_dense_resource.h:55->firmware/nnet_utils/nnet_dense_resource.h:240) on array 'w14' due to limited memory ports (II = 4). Please consider using a memory core with more ports or partitioning the array 'w14'.
Resolution: For help on HLS 200-885 see docs.xilinx.com/access/sources/dita/topic?Doc_Version=2024.1%20English&url=ug1448-hls-guidance&resourceid=200-885.html
WARNING: [HLS 200-885] The II Violation in module 'dense_resource_ap_fixed_16_6_5_3_0_ap_fixed_16_6_5_3_0_config14_s' (loop 'ReuseLoop'): Unable to schedule 'load' operation 16 bit ('w14_load_245', firmware/nnet_utils/nnet_dense_resource.h:55->firmware/nnet_utils/nnet_dense_resource.h:240) on array 'w14' due to limited memory ports (II = 130). Please consider using a memory core with more ports or partitioning the array 'w14'.
Resolution: For help on HLS 200-885 see docs.xilinx.com/access/sources/dita/topic?Doc_Version=2024.1%20English&url=ug1448-hls-guidance&resourceid=200-885.html
WARNING: [HLS 200-885] The II Violation in module 'dense_resource_ap_fixed_16_6_5_3_0_ap_fixed_16_6_5_3_0_config14_s' (loop 'ReuseLoop'): Unable to schedule 'load' operation 16 bit ('w14_load_267', firmware/nnet_utils/nnet_dense_resource.h:55->firmware/nnet_utils/nnet_dense_resource.h:240) on array 'w14' due to limited memory ports (II = 137). Please consider using a memory core with more ports or partitioning the array 'w14'.
Resolution: For help on HLS 200-885 see docs.xilinx.com/access/sources/dita/topic?Doc_Version=2024.1%20English&url=ug1448-hls-guidance&resourceid=200-885.html
WARNING: [HLS 200-885] The II Violation in module 'dense_resource_ap_fixed_16_6_5_3_0_ap_fixed_16_6_5_3_0_config14_s' (loop 'ReuseLoop'): Unable to schedule 'load' operation 16 bit ('w14_load_275', firmware/nnet_utils/nnet_dense_resource.h:55->firmware/nnet_utils/nnet_dense_resource.h:240) on array 'w14' due to limited memory ports (II = 139). Please consider using a memory core with more ports or partitioning the array 'w14'.
Resolution: For help on HLS 200-885 see docs.xilinx.com/access/sources/dita/topic?Doc_Version=2024.1%20English&url=ug1448-hls-guidance&resourceid=200-885.html
INFO: [HLS 200-1470] Pipelining result : Target II = 1, Final II = 140, Depth = 141, loop 'ReuseLoop'
INFO: [SCHED 204-11] Finished scheduling.
INFO: [HLS 200-111] Finished Scheduling: CPU user time: 30.39 seconds. CPU system time: 0.1 seconds. Elapsed time: 30.6 seconds; current allocated memory: 720.617 MB.
INFO: [BIND 205-100] Starting micro-architecture generation ...
INFO: [BIND 205-101] Performing variable lifetime analysis.
INFO: [BIND 205-101] Exploring resource sharing.
INFO: [BIND 205-101] Binding ...
INFO: [BIND 205-100] Finished micro-architecture generation.
INFO: [HLS 200-111] Finished Binding: CPU user time: 1.17 seconds. CPU system time: 0.02 seconds. Elapsed time: 1.2 seconds; current allocated memory: 720.617 MB.
INFO: [HLS 200-10] ----------------------------------------------------------------
INFO: [HLS 200-42] -- Implementing module 'dense_resource_ap_fixed_16_6_5_3_0_ap_fixed_16_6_5_3_0_config16_s' 
INFO: [HLS 200-10] ----------------------------------------------------------------
INFO: [SCHED 204-11] Starting scheduling ...
INFO: [SCHED 204-61] Pipelining loop 'ReuseLoop'.
INFO: [HLS 200-1470] Pipelining result : Target II = 1, Final II = 1, Depth = 2, loop 'ReuseLoop'
INFO: [SCHED 204-11] Finished scheduling.
INFO: [HLS 200-111] Finished Scheduling: CPU user time: 0.37 seconds. CPU system time: 0.01 seconds. Elapsed time: 0.38 seconds; current allocated memory: 720.617 MB.
INFO: [BIND 205-100] Starting micro-architecture generation ...
INFO: [BIND 205-101] Performing variable lifetime analysis.
INFO: [BIND 205-101] Exploring resource sharing.
INFO: [BIND 205-101] Binding ...
INFO: [BIND 205-100] Finished micro-architecture generation.
INFO: [HLS 200-111] Finished Binding: CPU user time: 0.03 seconds. CPU system time: 0.01 seconds. Elapsed time: 0.03 seconds; current allocated memory: 720.617 MB.
INFO: [HLS 200-10] ----------------------------------------------------------------
INFO: [HLS 200-42] -- Implementing module 'relu_ap_fixed_16_6_5_3_0_ap_ufixed_8_0_4_0_0_relu_config18_s' 
INFO: [HLS 200-10] ----------------------------------------------------------------
INFO: [SCHED 204-11] Starting scheduling ...
INFO: [SCHED 204-61] Pipelining function 'relu<ap_fixed<16, 6, 5, 3, 0>, ap_ufixed<8, 0, 4, 0, 0>, relu_config18>'.
INFO: [HLS 200-1470] Pipelining result : Target II = NA, Final II = 1, Depth = 1, function 'relu<ap_fixed<16, 6, 5, 3, 0>, ap_ufixed<8, 0, 4, 0, 0>, relu_config18>'
INFO: [SCHED 204-11] Finished scheduling.
INFO: [HLS 200-111] Finished Scheduling: CPU user time: 0.37 seconds. CPU system time: 0 seconds. Elapsed time: 0.38 seconds; current allocated memory: 720.617 MB.
INFO: [BIND 205-100] Starting micro-architecture generation ...
INFO: [BIND 205-101] Performing variable lifetime analysis.
INFO: [BIND 205-101] Exploring resource sharing.
INFO: [BIND 205-101] Binding ...
INFO: [BIND 205-100] Finished micro-architecture generation.
INFO: [HLS 200-111] Finished Binding: CPU user time: 0.23 seconds. CPU system time: 0.03 seconds. Elapsed time: 0.26 seconds; current allocated memory: 720.617 MB.
INFO: [HLS 200-10] ----------------------------------------------------------------
INFO: [HLS 200-42] -- Implementing module 'relu_ap_fixed_16_6_5_3_0_ap_ufixed_8_0_4_0_0_relu_config19_s' 
INFO: [HLS 200-10] ----------------------------------------------------------------
INFO: [SCHED 204-11] Starting scheduling ...
INFO: [SCHED 204-61] Pipelining function 'relu<ap_fixed<16, 6, 5, 3, 0>, ap_ufixed<8, 0, 4, 0, 0>, relu_config19>'.
INFO: [HLS 200-1470] Pipelining result : Target II = NA, Final II = 1, Depth = 1, function 'relu<ap_fixed<16, 6, 5, 3, 0>, ap_ufixed<8, 0, 4, 0, 0>, relu_config19>'
INFO: [SCHED 204-11] Finished scheduling.
INFO: [HLS 200-111] Finished Scheduling: CPU user time: 0.22 seconds. CPU system time: 0.02 seconds. Elapsed time: 0.25 seconds; current allocated memory: 720.617 MB.
INFO: [BIND 205-100] Starting micro-architecture generation ...
INFO: [BIND 205-101] Performing variable lifetime analysis.
INFO: [BIND 205-101] Exploring resource sharing.
INFO: [BIND 205-101] Binding ...
INFO: [BIND 205-100] Finished micro-architecture generation.
INFO: [HLS 200-111] Finished Binding: CPU user time: 0.04 seconds. CPU system time: 0 seconds. Elapsed time: 0.05 seconds; current allocated memory: 720.617 MB.
INFO: [HLS 200-10] ----------------------------------------------------------------
INFO: [HLS 200-42] -- Implementing module 'concatenate1d_ap_ufixed_ap_ufixed_ap_fixed_16_6_5_3_0_config20_s' 
INFO: [HLS 200-10] ----------------------------------------------------------------
INFO: [SCHED 204-11] Starting scheduling ...
INFO: [SCHED 204-61] Pipelining function 'concatenate1d<ap_ufixed,ap_ufixed,ap_fixed<16,6,5,3,0>,config20>'.
INFO: [HLS 200-1470] Pipelining result : Target II = NA, Final II = 1, Depth = 1, function 'concatenate1d<ap_ufixed,ap_ufixed,ap_fixed<16,6,5,3,0>,config20>'
INFO: [SCHED 204-11] Finished scheduling.
INFO: [HLS 200-111] Finished Scheduling: CPU user time: 0.12 seconds. CPU system time: 0.01 seconds. Elapsed time: 0.12 seconds; current allocated memory: 720.617 MB.
INFO: [BIND 205-100] Starting micro-architecture generation ...
INFO: [BIND 205-101] Performing variable lifetime analysis.
INFO: [BIND 205-101] Exploring resource sharing.
INFO: [BIND 205-101] Binding ...
INFO: [BIND 205-100] Finished micro-architecture generation.
INFO: [HLS 200-111] Finished Binding: CPU user time: 0.06 seconds. CPU system time: 0.01 seconds. Elapsed time: 0.06 seconds; current allocated memory: 720.617 MB.
INFO: [HLS 200-10] ----------------------------------------------------------------
INFO: [HLS 200-42] -- Implementing module 'dense_resource_ap_fixed_16_6_5_3_0_ap_fixed_16_6_5_3_0_config21_s' 
INFO: [HLS 200-10] ----------------------------------------------------------------
INFO: [SCHED 204-11] Starting scheduling ...
INFO: [SCHED 204-61] Pipelining loop 'ReuseLoop'.
WARNING: [HLS 200-885] The II Violation in module 'dense_resource_ap_fixed_16_6_5_3_0_ap_fixed_16_6_5_3_0_config21_s' (loop 'ReuseLoop'): Unable to schedule 'load' operation 16 bit ('w21_load_1', firmware/nnet_utils/nnet_dense_resource.h:42->firmware/nnet_utils/nnet_dense_resource.h:240) on array 'w21' due to limited memory ports (II = 1). Please consider using a memory core with more ports or partitioning the array 'w21'.
Resolution: For help on HLS 200-885 see docs.xilinx.com/access/sources/dita/topic?Doc_Version=2024.1%20English&url=ug1448-hls-guidance&resourceid=200-885.html
WARNING: [HLS 200-885] The II Violation in module 'dense_resource_ap_fixed_16_6_5_3_0_ap_fixed_16_6_5_3_0_config21_s' (loop 'ReuseLoop'): Unable to schedule 'load' operation 16 bit ('w21_load_3', firmware/nnet_utils/nnet_dense_resource.h:42->firmware/nnet_utils/nnet_dense_resource.h:240) on array 'w21' due to limited memory ports (II = 2). Please consider using a memory core with more ports or partitioning the array 'w21'.
Resolution: For help on HLS 200-885 see docs.xilinx.com/access/sources/dita/topic?Doc_Version=2024.1%20English&url=ug1448-hls-guidance&resourceid=200-885.html
WARNING: [HLS 200-885] The II Violation in module 'dense_resource_ap_fixed_16_6_5_3_0_ap_fixed_16_6_5_3_0_config21_s' (loop 'ReuseLoop'): Unable to schedule 'load' operation 16 bit ('w21_load_5', firmware/nnet_utils/nnet_dense_resource.h:42->firmware/nnet_utils/nnet_dense_resource.h:240) on array 'w21' due to limited memory ports (II = 3). Please consider using a memory core with more ports or partitioning the array 'w21'.
Resolution: For help on HLS 200-885 see docs.xilinx.com/access/sources/dita/topic?Doc_Version=2024.1%20English&url=ug1448-hls-guidance&resourceid=200-885.html
WARNING: [HLS 200-885] The II Violation in module 'dense_resource_ap_fixed_16_6_5_3_0_ap_fixed_16_6_5_3_0_config21_s' (loop 'ReuseLoop'): Unable to schedule 'load' operation 16 bit ('w21_load_7', firmware/nnet_utils/nnet_dense_resource.h:42->firmware/nnet_utils/nnet_dense_resource.h:240) on array 'w21' due to limited memory ports (II = 4). Please consider using a memory core with more ports or partitioning the array 'w21'.
Resolution: For help on HLS 200-885 see docs.xilinx.com/access/sources/dita/topic?Doc_Version=2024.1%20English&url=ug1448-hls-guidance&resourceid=200-885.html
WARNING: [HLS 200-885] The II Violation in module 'dense_resource_ap_fixed_16_6_5_3_0_ap_fixed_16_6_5_3_0_config21_s' (loop 'ReuseLoop'): Unable to schedule 'load' operation 16 bit ('w21_load_133', firmware/nnet_utils/nnet_dense_resource.h:42->firmware/nnet_utils/nnet_dense_resource.h:240) on array 'w21' due to limited memory ports (II = 67). Please consider using a memory core with more ports or partitioning the array 'w21'.
Resolution: For help on HLS 200-885 see docs.xilinx.com/access/sources/dita/topic?Doc_Version=2024.1%20English&url=ug1448-hls-guidance&resourceid=200-885.html
WARNING: [HLS 200-885] The II Violation in module 'dense_resource_ap_fixed_16_6_5_3_0_ap_fixed_16_6_5_3_0_config21_s' (loop 'ReuseLoop'): Unable to schedule 'load' operation 16 bit ('w21_load_139', firmware/nnet_utils/nnet_dense_resource.h:42->firmware/nnet_utils/nnet_dense_resource.h:240) on array 'w21' due to limited memory ports (II = 70). Please consider using a memory core with more ports or partitioning the array 'w21'.
Resolution: For help on HLS 200-885 see docs.xilinx.com/access/sources/dita/topic?Doc_Version=2024.1%20English&url=ug1448-hls-guidance&resourceid=200-885.html
WARNING: [HLS 200-885] The II Violation in module 'dense_resource_ap_fixed_16_6_5_3_0_ap_fixed_16_6_5_3_0_config21_s' (loop 'ReuseLoop'): Unable to schedule 'load' operation 16 bit ('w21_load_141', firmware/nnet_utils/nnet_dense_resource.h:42->firmware/nnet_utils/nnet_dense_resource.h:240) on array 'w21' due to limited memory ports (II = 71). Please consider using a memory core with more ports or partitioning the array 'w21'.
Resolution: For help on HLS 200-885 see docs.xilinx.com/access/sources/dita/topic?Doc_Version=2024.1%20English&url=ug1448-hls-guidance&resourceid=200-885.html
INFO: [HLS 200-1470] Pipelining result : Target II = 1, Final II = 72, Depth = 73, loop 'ReuseLoop'
INFO: [SCHED 204-11] Finished scheduling.
INFO: [HLS 200-111] Finished Scheduling: CPU user time: 9.75 seconds. CPU system time: 0.04 seconds. Elapsed time: 9.84 seconds; current allocated memory: 752.129 MB.
INFO: [BIND 205-100] Starting micro-architecture generation ...
INFO: [BIND 205-101] Performing variable lifetime analysis.
INFO: [BIND 205-101] Exploring resource sharing.
INFO: [BIND 205-101] Binding ...
INFO: [BIND 205-100] Finished micro-architecture generation.
INFO: [HLS 200-111] Finished Binding: CPU user time: 0.37 seconds. CPU system time: 0.02 seconds. Elapsed time: 0.39 seconds; current allocated memory: 752.129 MB.
INFO: [HLS 200-10] ----------------------------------------------------------------
INFO: [HLS 200-42] -- Implementing module 'relu_ap_fixed_16_6_5_3_0_ap_ufixed_8_0_4_0_0_relu_config23_s' 
INFO: [HLS 200-10] ----------------------------------------------------------------
INFO: [SCHED 204-11] Starting scheduling ...
INFO: [SCHED 204-61] Pipelining function 'relu<ap_fixed<16, 6, 5, 3, 0>, ap_ufixed<8, 0, 4, 0, 0>, relu_config23>'.
INFO: [HLS 200-1470] Pipelining result : Target II = NA, Final II = 1, Depth = 1, function 'relu<ap_fixed<16, 6, 5, 3, 0>, ap_ufixed<8, 0, 4, 0, 0>, relu_config23>'
INFO: [SCHED 204-11] Finished scheduling.
INFO: [HLS 200-111] Finished Scheduling: CPU user time: 0.39 seconds. CPU system time: 0.02 seconds. Elapsed time: 0.42 seconds; current allocated memory: 752.129 MB.
INFO: [BIND 205-100] Starting micro-architecture generation ...
INFO: [BIND 205-101] Performing variable lifetime analysis.
INFO: [BIND 205-101] Exploring resource sharing.
INFO: [BIND 205-101] Binding ...
INFO: [BIND 205-100] Finished micro-architecture generation.
INFO: [HLS 200-111] Finished Binding: CPU user time: 0.13 seconds. CPU system time: 0.02 seconds. Elapsed time: 0.15 seconds; current allocated memory: 752.129 MB.
INFO: [HLS 200-10] ----------------------------------------------------------------
INFO: [HLS 200-42] -- Implementing module 'dense_resource_ap_ufixed_8_0_4_0_0_ap_fixed_16_6_5_3_0_config24_s' 
INFO: [HLS 200-10] ----------------------------------------------------------------
INFO: [SCHED 204-11] Starting scheduling ...
INFO: [SCHED 204-61] Pipelining loop 'ReuseLoop'.
WARNING: [HLS 200-885] The II Violation in module 'dense_resource_ap_ufixed_8_0_4_0_0_ap_fixed_16_6_5_3_0_config24_s' (loop 'ReuseLoop'): Unable to schedule 'load' operation 16 bit ('w24_load_1', firmware/nnet_utils/nnet_dense_resource.h:55->firmware/nnet_utils/nnet_dense_resource.h:240) on array 'w24' due to limited memory ports (II = 1). Please consider using a memory core with more ports or partitioning the array 'w24'.
Resolution: For help on HLS 200-885 see docs.xilinx.com/access/sources/dita/topic?Doc_Version=2024.1%20English&url=ug1448-hls-guidance&resourceid=200-885.html
WARNING: [HLS 200-885] The II Violation in module 'dense_resource_ap_ufixed_8_0_4_0_0_ap_fixed_16_6_5_3_0_config24_s' (loop 'ReuseLoop'): Unable to schedule 'load' operation 16 bit ('w24_load_3', firmware/nnet_utils/nnet_dense_resource.h:55->firmware/nnet_utils/nnet_dense_resource.h:240) on array 'w24' due to limited memory ports (II = 2). Please consider using a memory core with more ports or partitioning the array 'w24'.
Resolution: For help on HLS 200-885 see docs.xilinx.com/access/sources/dita/topic?Doc_Version=2024.1%20English&url=ug1448-hls-guidance&resourceid=200-885.html
WARNING: [HLS 200-885] The II Violation in module 'dense_resource_ap_ufixed_8_0_4_0_0_ap_fixed_16_6_5_3_0_config24_s' (loop 'ReuseLoop'): Unable to schedule 'load' operation 16 bit ('w24_load_5', firmware/nnet_utils/nnet_dense_resource.h:55->firmware/nnet_utils/nnet_dense_resource.h:240) on array 'w24' due to limited memory ports (II = 3). Please consider using a memory core with more ports or partitioning the array 'w24'.
Resolution: For help on HLS 200-885 see docs.xilinx.com/access/sources/dita/topic?Doc_Version=2024.1%20English&url=ug1448-hls-guidance&resourceid=200-885.html
WARNING: [HLS 200-885] The II Violation in module 'dense_resource_ap_ufixed_8_0_4_0_0_ap_fixed_16_6_5_3_0_config24_s' (loop 'ReuseLoop'): Unable to schedule 'load' operation 16 bit ('w24_load_7', firmware/nnet_utils/nnet_dense_resource.h:55->firmware/nnet_utils/nnet_dense_resource.h:240) on array 'w24' due to limited memory ports (II = 4). Please consider using a memory core with more ports or partitioning the array 'w24'.
Resolution: For help on HLS 200-885 see docs.xilinx.com/access/sources/dita/topic?Doc_Version=2024.1%20English&url=ug1448-hls-guidance&resourceid=200-885.html
WARNING: [HLS 200-885] The II Violation in module 'dense_resource_ap_ufixed_8_0_4_0_0_ap_fixed_16_6_5_3_0_config24_s' (loop 'ReuseLoop'): Unable to schedule 'load' operation 16 bit ('w24_load_37', firmware/nnet_utils/nnet_dense_resource.h:55->firmware/nnet_utils/nnet_dense_resource.h:240) on array 'w24' due to limited memory ports (II = 19). Please consider using a memory core with more ports or partitioning the array 'w24'.
Resolution: For help on HLS 200-885 see docs.xilinx.com/access/sources/dita/topic?Doc_Version=2024.1%20English&url=ug1448-hls-guidance&resourceid=200-885.html
INFO: [HLS 200-1470] Pipelining result : Target II = 1, Final II = 20, Depth = 21, loop 'ReuseLoop'
INFO: [SCHED 204-11] Finished scheduling.
INFO: [HLS 200-111] Finished Scheduling: CPU user time: 1.45 seconds. CPU system time: 0.01 seconds. Elapsed time: 1.46 seconds; current allocated memory: 752.129 MB.
INFO: [BIND 205-100] Starting micro-architecture generation ...
INFO: [BIND 205-101] Performing variable lifetime analysis.
INFO: [BIND 205-101] Exploring resource sharing.
INFO: [BIND 205-101] Binding ...
INFO: [BIND 205-100] Finished micro-architecture generation.
INFO: [HLS 200-111] Finished Binding: CPU user time: 0.11 seconds. CPU system time: 0.01 seconds. Elapsed time: 0.13 seconds; current allocated memory: 752.129 MB.
INFO: [HLS 200-10] ----------------------------------------------------------------
INFO: [HLS 200-42] -- Implementing module 'relu_ap_fixed_16_6_5_3_0_ap_ufixed_8_0_4_0_0_relu_config26_s' 
INFO: [HLS 200-10] ----------------------------------------------------------------
INFO: [SCHED 204-11] Starting scheduling ...
INFO: [SCHED 204-61] Pipelining function 'relu<ap_fixed<16, 6, 5, 3, 0>, ap_ufixed<8, 0, 4, 0, 0>, relu_config26>'.
INFO: [HLS 200-1470] Pipelining result : Target II = NA, Final II = 1, Depth = 1, function 'relu<ap_fixed<16, 6, 5, 3, 0>, ap_ufixed<8, 0, 4, 0, 0>, relu_config26>'
INFO: [SCHED 204-11] Finished scheduling.
INFO: [HLS 200-111] Finished Scheduling: CPU user time: 0.2 seconds. CPU system time: 0.01 seconds. Elapsed time: 0.21 seconds; current allocated memory: 752.129 MB.
INFO: [BIND 205-100] Starting micro-architecture generation ...
INFO: [BIND 205-101] Performing variable lifetime analysis.
INFO: [BIND 205-101] Exploring resource sharing.
INFO: [BIND 205-101] Binding ...
INFO: [BIND 205-100] Finished micro-architecture generation.
INFO: [HLS 200-111] Finished Binding: CPU user time: 0.08 seconds. CPU system time: 0.01 seconds. Elapsed time: 0.1 seconds; current allocated memory: 752.129 MB.
INFO: [HLS 200-10] ----------------------------------------------------------------
INFO: [HLS 200-42] -- Implementing module 'dense_resource_ap_ufixed_8_0_4_0_0_ap_fixed_16_6_5_3_0_config27_s' 
INFO: [HLS 200-10] ----------------------------------------------------------------
INFO: [SCHED 204-11] Starting scheduling ...
INFO: [SCHED 204-61] Pipelining loop 'ReuseLoop'.
INFO: [HLS 200-1470] Pipelining result : Target II = 1, Final II = 1, Depth = 2, loop 'ReuseLoop'
INFO: [SCHED 204-11] Finished scheduling.
INFO: [HLS 200-111] Finished Scheduling: CPU user time: 0.1 seconds. CPU system time: 0.01 seconds. Elapsed time: 0.11 seconds; current allocated memory: 752.129 MB.
INFO: [BIND 205-100] Starting micro-architecture generation ...
INFO: [BIND 205-101] Performing variable lifetime analysis.
INFO: [BIND 205-101] Exploring resource sharing.
INFO: [BIND 205-101] Binding ...
INFO: [BIND 205-100] Finished micro-architecture generation.
INFO: [HLS 200-111] Finished Binding: CPU user time: 0.04 seconds. CPU system time: 0 seconds. Elapsed time: 0.04 seconds; current allocated memory: 752.129 MB.
INFO: [HLS 200-10] ----------------------------------------------------------------
INFO: [HLS 200-42] -- Implementing module 'hard_sigmoid_ap_fixed_ap_ufixed_8_0_4_0_0_hard_sigmoid_config29_s' 
INFO: [HLS 200-10] ----------------------------------------------------------------
INFO: [SCHED 204-11] Starting scheduling ...
INFO: [SCHED 204-61] Pipelining function 'hard_sigmoid<ap_fixed,ap_ufixed<8,0,4,0,0>,hard_sigmoid_config29>'.
INFO: [HLS 200-1470] Pipelining result : Target II = NA, Final II = 1, Depth = 1, function 'hard_sigmoid<ap_fixed,ap_ufixed<8,0,4,0,0>,hard_sigmoid_config29>'
INFO: [SCHED 204-11] Finished scheduling.
INFO: [HLS 200-111] Finished Scheduling: CPU user time: 0.06 seconds. CPU system time: 0.01 seconds. Elapsed time: 0.07 seconds; current allocated memory: 752.129 MB.
INFO: [BIND 205-100] Starting micro-architecture generation ...
INFO: [BIND 205-101] Performing variable lifetime analysis.
INFO: [BIND 205-101] Exploring resource sharing.
INFO: [BIND 205-101] Binding ...
INFO: [BIND 205-100] Finished micro-architecture generation.
INFO: [HLS 200-111] Finished Binding: CPU user time: 0.03 seconds. CPU system time: 0 seconds. Elapsed time: 0.03 seconds; current allocated memory: 752.129 MB.
INFO: [HLS 200-10] ----------------------------------------------------------------
INFO: [HLS 200-42] -- Implementing module 'myproject' 
INFO: [HLS 200-10] ----------------------------------------------------------------
INFO: [SCHED 204-11] Starting scheduling ...
INFO: [SCHED 204-11] Finished scheduling.
WARNING: [HLS 200-1020] Increasing the depth of FIFO layer9_out (from linear_ap_fixed_16_6_5_3_0_ap_fixed_12_1_4_0_0_linear_config9_U0 to concatenate1d_ap_fixed_ap_fixed_ap_fixed_16_6_5_3_0_config12_U0) to 3 to improve performance and/or avoid deadlocks.
WARNING: [HLS 200-1020] Increasing the depth of FIFO layer19_out (from relu_ap_fixed_16_6_5_3_0_ap_ufixed_8_0_4_0_0_relu_config19_U0 to concatenate1d_ap_ufixed_ap_ufixed_ap_fixed_16_6_5_3_0_config20_U0) to 3 to improve performance and/or avoid deadlocks.
WARNING: [HLS 200-1020] Increasing the depth of FIFO layer19_out_1 (from relu_ap_fixed_16_6_5_3_0_ap_ufixed_8_0_4_0_0_relu_config19_U0 to concatenate1d_ap_ufixed_ap_ufixed_ap_fixed_16_6_5_3_0_config20_U0) to 3 to improve performance and/or avoid deadlocks.
WARNING: [HLS 200-1020] Increasing the depth of FIFO layer19_out_2 (from relu_ap_fixed_16_6_5_3_0_ap_ufixed_8_0_4_0_0_relu_config19_U0 to concatenate1d_ap_ufixed_ap_ufixed_ap_fixed_16_6_5_3_0_config20_U0) to 3 to improve performance and/or avoid deadlocks.
WARNING: [HLS 200-1020] Increasing the depth of FIFO layer19_out_3 (from relu_ap_fixed_16_6_5_3_0_ap_ufixed_8_0_4_0_0_relu_config19_U0 to concatenate1d_ap_ufixed_ap_ufixed_ap_fixed_16_6_5_3_0_config20_U0) to 3 to improve performance and/or avoid deadlocks.
WARNING: [HLS 200-1020] Increasing the depth of FIFO layer19_out_4 (from relu_ap_fixed_16_6_5_3_0_ap_ufixed_8_0_4_0_0_relu_config19_U0 to concatenate1d_ap_ufixed_ap_ufixed_ap_fixed_16_6_5_3_0_config20_U0) to 3 to improve performance and/or avoid deadlocks.
WARNING: [HLS 200-1020] Increasing the depth of FIFO layer19_out_5 (from relu_ap_fixed_16_6_5_3_0_ap_ufixed_8_0_4_0_0_relu_config19_U0 to concatenate1d_ap_ufixed_ap_ufixed_ap_fixed_16_6_5_3_0_config20_U0) to 3 to improve performance and/or avoid deadlocks.
WARNING: [HLS 200-1020] Increasing the depth of FIFO layer19_out_6 (from relu_ap_fixed_16_6_5_3_0_ap_ufixed_8_0_4_0_0_relu_config19_U0 to concatenate1d_ap_ufixed_ap_ufixed_ap_fixed_16_6_5_3_0_config20_U0) to 3 to improve performance and/or avoid deadlocks.
WARNING: [HLS 200-1020] Increasing the depth of FIFO layer19_out_7 (from relu_ap_fixed_16_6_5_3_0_ap_ufixed_8_0_4_0_0_relu_config19_U0 to concatenate1d_ap_ufixed_ap_ufixed_ap_fixed_16_6_5_3_0_config20_U0) to 3 to improve performance and/or avoid deadlocks.
INFO: [HLS 200-111] Finished Scheduling: CPU user time: 0.19 seconds. CPU system time: 0.02 seconds. Elapsed time: 0.21 seconds; current allocated memory: 752.129 MB.
INFO: [BIND 205-100] Starting micro-architecture generation ...
INFO: [BIND 205-101] Performing variable lifetime analysis.
INFO: [BIND 205-101] Exploring resource sharing.
INFO: [BIND 205-101] Binding ...
INFO: [BIND 205-100] Finished micro-architecture generation.
INFO: [HLS 200-111] Finished Binding: CPU user time: 0.13 seconds. CPU system time: 0.02 seconds. Elapsed time: 0.15 seconds; current allocated memory: 752.809 MB.
INFO: [HLS 200-10] ----------------------------------------------------------------
INFO: [HLS 200-10] -- Generating RTL for module 'linear_ap_fixed_16_6_5_3_0_ap_fixed_12_1_4_0_0_linear_config3_s' 
INFO: [HLS 200-10] ----------------------------------------------------------------
INFO: [RTGEN 206-100] Finished creating RTL model for 'linear_ap_fixed_16_6_5_3_0_ap_fixed_12_1_4_0_0_linear_config3_s'.
INFO: [HLS 200-111] Finished Creating RTL model: CPU user time: 0.24 seconds. CPU system time: 0.01 seconds. Elapsed time: 0.25 seconds; current allocated memory: 756.664 MB.
INFO: [HLS 200-10] ----------------------------------------------------------------
INFO: [HLS 200-10] -- Generating RTL for module 'linear_ap_fixed_16_6_5_3_0_ap_fixed_12_1_4_0_0_linear_config4_s' 
INFO: [HLS 200-10] ----------------------------------------------------------------
INFO: [RTGEN 206-100] Finished creating RTL model for 'linear_ap_fixed_16_6_5_3_0_ap_fixed_12_1_4_0_0_linear_config4_s'.
INFO: [HLS 200-111] Finished Creating RTL model: CPU user time: 0.22 seconds. CPU system time: 0.02 seconds. Elapsed time: 0.25 seconds; current allocated memory: 765.152 MB.
INFO: [HLS 200-10] ----------------------------------------------------------------
INFO: [HLS 200-10] -- Generating RTL for module 'concatenate1d_ap_fixed_ap_fixed_ap_fixed_16_6_5_3_0_config8_s' 
INFO: [HLS 200-10] ----------------------------------------------------------------
INFO: [RTGEN 206-100] Finished creating RTL model for 'concatenate1d_ap_fixed_ap_fixed_ap_fixed_16_6_5_3_0_config8_s'.
INFO: [HLS 200-111] Finished Creating RTL model: CPU user time: 0.18 seconds. CPU system time: 0.03 seconds. Elapsed time: 0.2 seconds; current allocated memory: 772.719 MB.
INFO: [HLS 200-10] ----------------------------------------------------------------
INFO: [HLS 200-10] -- Generating RTL for module 'linear_ap_fixed_16_6_5_3_0_ap_fixed_12_1_4_0_0_linear_config9_s' 
INFO: [HLS 200-10] ----------------------------------------------------------------
INFO: [RTGEN 206-100] Finished creating RTL model for 'linear_ap_fixed_16_6_5_3_0_ap_fixed_12_1_4_0_0_linear_config9_s'.
INFO: [HLS 200-111] Finished Creating RTL model: CPU user time: 0.11 seconds. CPU system time: 0 seconds. Elapsed time: 0.11 seconds; current allocated memory: 774.730 MB.
INFO: [HLS 200-10] ----------------------------------------------------------------
INFO: [HLS 200-10] -- Generating RTL for module 'linear_ap_fixed_16_6_5_3_0_ap_fixed_12_1_4_0_0_linear_config10_s' 
INFO: [HLS 200-10] ----------------------------------------------------------------
INFO: [RTGEN 206-100] Finished creating RTL model for 'linear_ap_fixed_16_6_5_3_0_ap_fixed_12_1_4_0_0_linear_config10_s'.
INFO: [HLS 200-111] Finished Creating RTL model: CPU user time: 0.07 seconds. CPU system time: 0.01 seconds. Elapsed time: 0.08 seconds; current allocated memory: 776.105 MB.
INFO: [HLS 200-10] ----------------------------------------------------------------
INFO: [HLS 200-10] -- Generating RTL for module 'linear_ap_fixed_16_6_5_3_0_ap_fixed_12_1_4_0_0_linear_config11_s' 
INFO: [HLS 200-10] ----------------------------------------------------------------
INFO: [RTGEN 206-100] Finished creating RTL model for 'linear_ap_fixed_16_6_5_3_0_ap_fixed_12_1_4_0_0_linear_config11_s'.
INFO: [HLS 200-111] Finished Creating RTL model: CPU user time: 0.07 seconds. CPU system time: 0.01 seconds. Elapsed time: 0.08 seconds; current allocated memory: 776.793 MB.
INFO: [HLS 200-10] ----------------------------------------------------------------
INFO: [HLS 200-10] -- Generating RTL for module 'concatenate1d_ap_fixed_ap_fixed_ap_fixed_16_6_5_3_0_config12_s' 
INFO: [HLS 200-10] ----------------------------------------------------------------
INFO: [RTGEN 206-100] Finished creating RTL model for 'concatenate1d_ap_fixed_ap_fixed_ap_fixed_16_6_5_3_0_config12_s'.
INFO: [HLS 200-111] Finished Creating RTL model: CPU user time: 0.1 seconds. CPU system time: 0.01 seconds. Elapsed time: 0.1 seconds; current allocated memory: 779.930 MB.
INFO: [HLS 200-10] ----------------------------------------------------------------
INFO: [HLS 200-10] -- Generating RTL for module 'concatenate1d_ap_fixed_ap_fixed_ap_fixed_16_6_5_3_0_config13_s' 
INFO: [HLS 200-10] ----------------------------------------------------------------
INFO: [RTGEN 206-100] Finished creating RTL model for 'concatenate1d_ap_fixed_ap_fixed_ap_fixed_16_6_5_3_0_config13_s'.
INFO: [HLS 200-111] Finished Creating RTL model: CPU user time: 0.09 seconds. CPU system time: 0.02 seconds. Elapsed time: 0.11 seconds; current allocated memory: 781.621 MB.
INFO: [HLS 200-10] ----------------------------------------------------------------
INFO: [HLS 200-10] -- Generating RTL for module 'dense_resource_ap_fixed_16_6_5_3_0_ap_fixed_16_6_5_3_0_config14_s' 
INFO: [HLS 200-10] ----------------------------------------------------------------
INFO: [RTGEN 206-100] Generating core module 'mul_11s_10s_21_1_1': 280 instance(s).
INFO: [RTGEN 206-100] Generating core module 'sparsemux_15_3_11_1_1': 5 instance(s).
INFO: [RTGEN 206-100] Finished creating RTL model for 'dense_resource_ap_fixed_16_6_5_3_0_ap_fixed_16_6_5_3_0_config14_s'.
INFO: [HLS 200-111] Finished Creating RTL model: CPU user time: 0.77 seconds. CPU system time: 0.03 seconds. Elapsed time: 0.81 seconds; current allocated memory: 823.223 MB.
INFO: [HLS 200-10] ----------------------------------------------------------------
INFO: [HLS 200-10] -- Generating RTL for module 'dense_resource_ap_fixed_16_6_5_3_0_ap_fixed_16_6_5_3_0_config16_s' 
INFO: [HLS 200-10] ----------------------------------------------------------------
INFO: [SYN 201-210] Renamed object name 'dense_resource_ap_fixed_16_6_5_3_0_ap_fixed_16_6_5_3_0_config16_s_outidx_i_ROM_AUTO_1R' to 'dense_resource_ap_fixed_16_6_5_3_0_ap_fixed_16_6_5_3_0_config16_s_outidx_i_RObkb' due to the length limit 80
INFO: [RTGEN 206-100] Generating core module 'mul_11s_10s_21_1_1': 1 instance(s).
INFO: [RTGEN 206-100] Generating core module 'sparsemux_17_3_16_1_1': 1 instance(s).
INFO: [RTGEN 206-100] Finished creating RTL model for 'dense_resource_ap_fixed_16_6_5_3_0_ap_fixed_16_6_5_3_0_config16_s'.
INFO: [RTMG 210-279] Implementing memory 'myproject_dense_resource_ap_fixed_16_6_5_3_0_ap_fixed_16_6_5_3_0_config16_s_outidx_i_RObkb' using auto ROMs.
INFO: [HLS 200-111] Finished Creating RTL model: CPU user time: 1.46 seconds. CPU system time: 0.18 seconds. Elapsed time: 1.68 seconds; current allocated memory: 890.688 MB.
INFO: [HLS 200-10] ----------------------------------------------------------------
INFO: [HLS 200-10] -- Generating RTL for module 'relu_ap_fixed_16_6_5_3_0_ap_ufixed_8_0_4_0_0_relu_config18_s' 
INFO: [HLS 200-10] ----------------------------------------------------------------
INFO: [RTGEN 206-100] Finished creating RTL model for 'relu_ap_fixed_16_6_5_3_0_ap_ufixed_8_0_4_0_0_relu_config18_s'.
INFO: [HLS 200-111] Finished Creating RTL model: CPU user time: 0.49 seconds. CPU system time: 0.04 seconds. Elapsed time: 0.53 seconds; current allocated memory: 897.496 MB.
INFO: [HLS 200-10] ----------------------------------------------------------------
INFO: [HLS 200-10] -- Generating RTL for module 'relu_ap_fixed_16_6_5_3_0_ap_ufixed_8_0_4_0_0_relu_config19_s' 
INFO: [HLS 200-10] ----------------------------------------------------------------
INFO: [RTGEN 206-100] Finished creating RTL model for 'relu_ap_fixed_16_6_5_3_0_ap_ufixed_8_0_4_0_0_relu_config19_s'.
INFO: [HLS 200-111] Finished Creating RTL model: CPU user time: 0.78 seconds. CPU system time: 0.1 seconds. Elapsed time: 0.89 seconds; current allocated memory: 926.121 MB.
INFO: [HLS 200-10] ----------------------------------------------------------------
INFO: [HLS 200-10] -- Generating RTL for module 'concatenate1d_ap_ufixed_ap_ufixed_ap_fixed_16_6_5_3_0_config20_s' 
INFO: [HLS 200-10] ----------------------------------------------------------------
INFO: [RTGEN 206-100] Finished creating RTL model for 'concatenate1d_ap_ufixed_ap_ufixed_ap_fixed_16_6_5_3_0_config20_s'.
INFO: [HLS 200-111] Finished Creating RTL model: CPU user time: 0.36 seconds. CPU system time: 0.03 seconds. Elapsed time: 0.39 seconds; current allocated memory: 937.516 MB.
INFO: [HLS 200-10] ----------------------------------------------------------------
INFO: [HLS 200-10] -- Generating RTL for module 'dense_resource_ap_fixed_16_6_5_3_0_ap_fixed_16_6_5_3_0_config21_s' 
INFO: [HLS 200-10] ----------------------------------------------------------------
INFO: [RTGEN 206-100] Generating core module 'mul_10s_10ns_20_1_1': 144 instance(s).
INFO: [RTGEN 206-100] Generating core module 'sparsemux_33_4_10_1_1': 4 instance(s).
INFO: [RTGEN 206-100] Finished creating RTL model for 'dense_resource_ap_fixed_16_6_5_3_0_ap_fixed_16_6_5_3_0_config21_s'.
INFO: [HLS 200-111] Finished Creating RTL model: CPU user time: 0.66 seconds. CPU system time: 0.04 seconds. Elapsed time: 0.71 seconds; current allocated memory: 958.242 MB.
INFO: [HLS 200-10] ----------------------------------------------------------------
INFO: [HLS 200-10] -- Generating RTL for module 'relu_ap_fixed_16_6_5_3_0_ap_ufixed_8_0_4_0_0_relu_config23_s' 
INFO: [HLS 200-10] ----------------------------------------------------------------
INFO: [RTGEN 206-100] Finished creating RTL model for 'relu_ap_fixed_16_6_5_3_0_ap_ufixed_8_0_4_0_0_relu_config23_s'.
INFO: [HLS 200-111] Finished Creating RTL model: CPU user time: 1 seconds. CPU system time: 0.15 seconds. Elapsed time: 1.17 seconds; current allocated memory: 1003.039 MB.
INFO: [HLS 200-10] ----------------------------------------------------------------
INFO: [HLS 200-10] -- Generating RTL for module 'dense_resource_ap_ufixed_8_0_4_0_0_ap_fixed_16_6_5_3_0_config24_s' 
INFO: [HLS 200-10] ----------------------------------------------------------------
INFO: [RTGEN 206-100] Generating core module 'mul_10s_8ns_18_1_1': 40 instance(s).
INFO: [RTGEN 206-100] Generating core module 'sparsemux_37_5_8_1_1': 2 instance(s).
INFO: [RTGEN 206-100] Finished creating RTL model for 'dense_resource_ap_ufixed_8_0_4_0_0_ap_fixed_16_6_5_3_0_config24_s'.
INFO: [HLS 200-111] Finished Creating RTL model: CPU user time: 0.57 seconds. CPU system time: 0.07 seconds. Elapsed time: 0.65 seconds; current allocated memory: 1019.273 MB.
INFO: [HLS 200-10] ----------------------------------------------------------------
INFO: [HLS 200-10] -- Generating RTL for module 'relu_ap_fixed_16_6_5_3_0_ap_ufixed_8_0_4_0_0_relu_config26_s' 
INFO: [HLS 200-10] ----------------------------------------------------------------
INFO: [RTGEN 206-100] Finished creating RTL model for 'relu_ap_fixed_16_6_5_3_0_ap_ufixed_8_0_4_0_0_relu_config26_s'.
INFO: [HLS 200-111] Finished Creating RTL model: CPU user time: 0.48 seconds. CPU system time: 0.05 seconds. Elapsed time: 0.54 seconds; current allocated memory: 1.018 GB.
INFO: [HLS 200-10] ----------------------------------------------------------------
INFO: [HLS 200-10] -- Generating RTL for module 'dense_resource_ap_ufixed_8_0_4_0_0_ap_fixed_16_6_5_3_0_config27_s' 
INFO: [HLS 200-10] ----------------------------------------------------------------
INFO: [RTGEN 206-100] Generating core module 'mul_10s_8ns_18_1_1': 1 instance(s).
INFO: [RTGEN 206-100] Generating core module 'sparsemux_41_5_8_1_1': 1 instance(s).
INFO: [RTGEN 206-100] Finished creating RTL model for 'dense_resource_ap_ufixed_8_0_4_0_0_ap_fixed_16_6_5_3_0_config27_s'.
INFO: [HLS 200-111] Finished Creating RTL model: CPU user time: 0.37 seconds. CPU system time: 0.05 seconds. Elapsed time: 0.42 seconds; current allocated memory: 1.035 GB.
INFO: [HLS 200-10] ----------------------------------------------------------------
INFO: [HLS 200-10] -- Generating RTL for module 'hard_sigmoid_ap_fixed_ap_ufixed_8_0_4_0_0_hard_sigmoid_config29_s' 
INFO: [HLS 200-10] ----------------------------------------------------------------
INFO: [RTGEN 206-100] Finished creating RTL model for 'hard_sigmoid_ap_fixed_ap_ufixed_8_0_4_0_0_hard_sigmoid_config29_s'.
INFO: [HLS 200-111] Finished Creating RTL model: CPU user time: 0.17 seconds. CPU system time: 0.02 seconds. Elapsed time: 0.19 seconds; current allocated memory: 1.046 GB.
INFO: [HLS 200-10] ----------------------------------------------------------------
INFO: [HLS 200-10] -- Generating RTL for module 'myproject' 
INFO: [HLS 200-10] ----------------------------------------------------------------
INFO: [RTGEN 206-500] Setting interface mode on port 'myproject/x_profile' to 'ap_vld'.
INFO: [RTGEN 206-500] Setting interface mode on port 'myproject/nModule' to 'ap_vld'.
INFO: [RTGEN 206-500] Setting interface mode on port 'myproject/x_local' to 'ap_vld'.
INFO: [RTGEN 206-500] Setting interface mode on port 'myproject/y_profile' to 'ap_vld'.
INFO: [RTGEN 206-500] Setting interface mode on port 'myproject/y_local' to 'ap_vld'.
INFO: [RTGEN 206-500] Setting interface mode on port 'myproject/layer29_out' to 'ap_vld'.
INFO: [RTGEN 206-500] Setting interface mode on port 'myproject/w14' to 'ap_memory'.
INFO: [RTGEN 206-500] Setting interface mode on port 'myproject/b14_0' to 'ap_none'.
INFO: [RTGEN 206-500] Setting interface mode on port 'myproject/b14_1' to 'ap_none'.
INFO: [RTGEN 206-500] Setting interface mode on port 'myproject/b14_2' to 'ap_none'.
INFO: [RTGEN 206-500] Setting interface mode on port 'myproject/b14_3' to 'ap_none'.
INFO: [RTGEN 206-500] Setting interface mode on port 'myproject/b14_4' to 'ap_none'.
INFO: [RTGEN 206-500] Setting interface mode on port 'myproject/b14_5' to 'ap_none'.
INFO: [RTGEN 206-500] Setting interface mode on port 'myproject/b14_6' to 'ap_none'.
INFO: [RTGEN 206-500] Setting interface mode on port 'myproject/b14_7' to 'ap_none'.
INFO: [RTGEN 206-500] Setting interface mode on port 'myproject/b14_8' to 'ap_none'.
INFO: [RTGEN 206-500] Setting interface mode on port 'myproject/b14_9' to 'ap_none'.
INFO: [RTGEN 206-500] Setting interface mode on port 'myproject/b14_10' to 'ap_none'.
INFO: [RTGEN 206-500] Setting interface mode on port 'myproject/b14_11' to 'ap_none'.
INFO: [RTGEN 206-500] Setting interface mode on port 'myproject/b14_12' to 'ap_none'.
INFO: [RTGEN 206-500] Setting interface mode on port 'myproject/b14_13' to 'ap_none'.
INFO: [RTGEN 206-500] Setting interface mode on port 'myproject/b14_14' to 'ap_none'.
INFO: [RTGEN 206-500] Setting interface mode on port 'myproject/b14_15' to 'ap_none'.
INFO: [RTGEN 206-500] Setting interface mode on port 'myproject/b14_16' to 'ap_none'.
INFO: [RTGEN 206-500] Setting interface mode on port 'myproject/b14_17' to 'ap_none'.
INFO: [RTGEN 206-500] Setting interface mode on port 'myproject/b14_18' to 'ap_none'.
INFO: [RTGEN 206-500] Setting interface mode on port 'myproject/b14_19' to 'ap_none'.
INFO: [RTGEN 206-500] Setting interface mode on port 'myproject/b14_20' to 'ap_none'.
INFO: [RTGEN 206-500] Setting interface mode on port 'myproject/b14_21' to 'ap_none'.
INFO: [RTGEN 206-500] Setting interface mode on port 'myproject/b14_22' to 'ap_none'.
INFO: [RTGEN 206-500] Setting interface mode on port 'myproject/b14_23' to 'ap_none'.
INFO: [RTGEN 206-500] Setting interface mode on port 'myproject/b14_24' to 'ap_none'.
INFO: [RTGEN 206-500] Setting interface mode on port 'myproject/b14_25' to 'ap_none'.
INFO: [RTGEN 206-500] Setting interface mode on port 'myproject/b14_26' to 'ap_none'.
INFO: [RTGEN 206-500] Setting interface mode on port 'myproject/b14_27' to 'ap_none'.
INFO: [RTGEN 206-500] Setting interface mode on port 'myproject/b14_28' to 'ap_none'.
INFO: [RTGEN 206-500] Setting interface mode on port 'myproject/b14_29' to 'ap_none'.
INFO: [RTGEN 206-500] Setting interface mode on port 'myproject/b14_30' to 'ap_none'.
INFO: [RTGEN 206-500] Setting interface mode on port 'myproject/b14_31' to 'ap_none'.
INFO: [RTGEN 206-500] Setting interface mode on port 'myproject/b14_32' to 'ap_none'.
INFO: [RTGEN 206-500] Setting interface mode on port 'myproject/b14_33' to 'ap_none'.
INFO: [RTGEN 206-500] Setting interface mode on port 'myproject/b14_34' to 'ap_none'.
INFO: [RTGEN 206-500] Setting interface mode on port 'myproject/b14_35' to 'ap_none'.
INFO: [RTGEN 206-500] Setting interface mode on port 'myproject/b14_36' to 'ap_none'.
INFO: [RTGEN 206-500] Setting interface mode on port 'myproject/b14_37' to 'ap_none'.
INFO: [RTGEN 206-500] Setting interface mode on port 'myproject/b14_38' to 'ap_none'.
INFO: [RTGEN 206-500] Setting interface mode on port 'myproject/b14_39' to 'ap_none'.
INFO: [RTGEN 206-500] Setting interface mode on port 'myproject/b14_40' to 'ap_none'.
INFO: [RTGEN 206-500] Setting interface mode on port 'myproject/b14_41' to 'ap_none'.
INFO: [RTGEN 206-500] Setting interface mode on port 'myproject/b14_42' to 'ap_none'.
INFO: [RTGEN 206-500] Setting interface mode on port 'myproject/b14_43' to 'ap_none'.
INFO: [RTGEN 206-500] Setting interface mode on port 'myproject/b14_44' to 'ap_none'.
INFO: [RTGEN 206-500] Setting interface mode on port 'myproject/b14_45' to 'ap_none'.
INFO: [RTGEN 206-500] Setting interface mode on port 'myproject/b14_46' to 'ap_none'.
INFO: [RTGEN 206-500] Setting interface mode on port 'myproject/b14_47' to 'ap_none'.
INFO: [RTGEN 206-500] Setting interface mode on port 'myproject/b14_48' to 'ap_none'.
INFO: [RTGEN 206-500] Setting interface mode on port 'myproject/b14_49' to 'ap_none'.
INFO: [RTGEN 206-500] Setting interface mode on port 'myproject/b14_50' to 'ap_none'.
INFO: [RTGEN 206-500] Setting interface mode on port 'myproject/b14_51' to 'ap_none'.
INFO: [RTGEN 206-500] Setting interface mode on port 'myproject/b14_52' to 'ap_none'.
INFO: [RTGEN 206-500] Setting interface mode on port 'myproject/b14_53' to 'ap_none'.
INFO: [RTGEN 206-500] Setting interface mode on port 'myproject/b14_54' to 'ap_none'.
INFO: [RTGEN 206-500] Setting interface mode on port 'myproject/b14_55' to 'ap_none'.
INFO: [RTGEN 206-500] Setting interface mode on port 'myproject/w16' to 'ap_memory'.
INFO: [RTGEN 206-500] Setting interface mode on port 'myproject/b16_0' to 'ap_none'.
INFO: [RTGEN 206-500] Setting interface mode on port 'myproject/b16_1' to 'ap_none'.
INFO: [RTGEN 206-500] Setting interface mode on port 'myproject/b16_2' to 'ap_none'.
INFO: [RTGEN 206-500] Setting interface mode on port 'myproject/b16_3' to 'ap_none'.
INFO: [RTGEN 206-500] Setting interface mode on port 'myproject/b16_4' to 'ap_none'.
INFO: [RTGEN 206-500] Setting interface mode on port 'myproject/b16_5' to 'ap_none'.
INFO: [RTGEN 206-500] Setting interface mode on port 'myproject/b16_6' to 'ap_none'.
INFO: [RTGEN 206-500] Setting interface mode on port 'myproject/b16_7' to 'ap_none'.
INFO: [RTGEN 206-500] Setting interface mode on port 'myproject/w21' to 'ap_memory'.
INFO: [RTGEN 206-500] Setting interface mode on port 'myproject/b21_0' to 'ap_none'.
INFO: [RTGEN 206-500] Setting interface mode on port 'myproject/b21_1' to 'ap_none'.
INFO: [RTGEN 206-500] Setting interface mode on port 'myproject/b21_2' to 'ap_none'.
INFO: [RTGEN 206-500] Setting interface mode on port 'myproject/b21_3' to 'ap_none'.
INFO: [RTGEN 206-500] Setting interface mode on port 'myproject/b21_4' to 'ap_none'.
INFO: [RTGEN 206-500] Setting interface mode on port 'myproject/b21_5' to 'ap_none'.
INFO: [RTGEN 206-500] Setting interface mode on port 'myproject/b21_6' to 'ap_none'.
INFO: [RTGEN 206-500] Setting interface mode on port 'myproject/b21_7' to 'ap_none'.
INFO: [RTGEN 206-500] Setting interface mode on port 'myproject/b21_8' to 'ap_none'.
INFO: [RTGEN 206-500] Setting interface mode on port 'myproject/b21_9' to 'ap_none'.
INFO: [RTGEN 206-500] Setting interface mode on port 'myproject/b21_10' to 'ap_none'.
INFO: [RTGEN 206-500] Setting interface mode on port 'myproject/b21_11' to 'ap_none'.
INFO: [RTGEN 206-500] Setting interface mode on port 'myproject/b21_12' to 'ap_none'.
INFO: [RTGEN 206-500] Setting interface mode on port 'myproject/b21_13' to 'ap_none'.
INFO: [RTGEN 206-500] Setting interface mode on port 'myproject/b21_14' to 'ap_none'.
INFO: [RTGEN 206-500] Setting interface mode on port 'myproject/b21_15' to 'ap_none'.
INFO: [RTGEN 206-500] Setting interface mode on port 'myproject/b21_16' to 'ap_none'.
INFO: [RTGEN 206-500] Setting interface mode on port 'myproject/b21_17' to 'ap_none'.
INFO: [RTGEN 206-500] Setting interface mode on port 'myproject/b21_18' to 'ap_none'.
INFO: [RTGEN 206-500] Setting interface mode on port 'myproject/b21_19' to 'ap_none'.
INFO: [RTGEN 206-500] Setting interface mode on port 'myproject/b21_20' to 'ap_none'.
INFO: [RTGEN 206-500] Setting interface mode on port 'myproject/b21_21' to 'ap_none'.
INFO: [RTGEN 206-500] Setting interface mode on port 'myproject/b21_22' to 'ap_none'.
INFO: [RTGEN 206-500] Setting interface mode on port 'myproject/b21_23' to 'ap_none'.
INFO: [RTGEN 206-500] Setting interface mode on port 'myproject/b21_24' to 'ap_none'.
INFO: [RTGEN 206-500] Setting interface mode on port 'myproject/b21_25' to 'ap_none'.
INFO: [RTGEN 206-500] Setting interface mode on port 'myproject/b21_26' to 'ap_none'.
INFO: [RTGEN 206-500] Setting interface mode on port 'myproject/b21_27' to 'ap_none'.
INFO: [RTGEN 206-500] Setting interface mode on port 'myproject/b21_28' to 'ap_none'.
INFO: [RTGEN 206-500] Setting interface mode on port 'myproject/b21_29' to 'ap_none'.
INFO: [RTGEN 206-500] Setting interface mode on port 'myproject/b21_30' to 'ap_none'.
INFO: [RTGEN 206-500] Setting interface mode on port 'myproject/b21_31' to 'ap_none'.
INFO: [RTGEN 206-500] Setting interface mode on port 'myproject/b21_32' to 'ap_none'.
INFO: [RTGEN 206-500] Setting interface mode on port 'myproject/b21_33' to 'ap_none'.
INFO: [RTGEN 206-500] Setting interface mode on port 'myproject/b21_34' to 'ap_none'.
INFO: [RTGEN 206-500] Setting interface mode on port 'myproject/b21_35' to 'ap_none'.
INFO: [RTGEN 206-500] Setting interface mode on port 'myproject/w24' to 'ap_memory'.
INFO: [RTGEN 206-500] Setting interface mode on port 'myproject/b24_0' to 'ap_none'.
INFO: [RTGEN 206-500] Setting interface mode on port 'myproject/b24_1' to 'ap_none'.
INFO: [RTGEN 206-500] Setting interface mode on port 'myproject/b24_2' to 'ap_none'.
INFO: [RTGEN 206-500] Setting interface mode on port 'myproject/b24_3' to 'ap_none'.
INFO: [RTGEN 206-500] Setting interface mode on port 'myproject/b24_4' to 'ap_none'.
INFO: [RTGEN 206-500] Setting interface mode on port 'myproject/b24_5' to 'ap_none'.
INFO: [RTGEN 206-500] Setting interface mode on port 'myproject/b24_6' to 'ap_none'.
INFO: [RTGEN 206-500] Setting interface mode on port 'myproject/b24_7' to 'ap_none'.
INFO: [RTGEN 206-500] Setting interface mode on port 'myproject/b24_8' to 'ap_none'.
INFO: [RTGEN 206-500] Setting interface mode on port 'myproject/b24_9' to 'ap_none'.
INFO: [RTGEN 206-500] Setting interface mode on port 'myproject/b24_10' to 'ap_none'.
INFO: [RTGEN 206-500] Setting interface mode on port 'myproject/b24_11' to 'ap_none'.
INFO: [RTGEN 206-500] Setting interface mode on port 'myproject/b24_12' to 'ap_none'.
INFO: [RTGEN 206-500] Setting interface mode on port 'myproject/b24_13' to 'ap_none'.
INFO: [RTGEN 206-500] Setting interface mode on port 'myproject/b24_14' to 'ap_none'.
INFO: [RTGEN 206-500] Setting interface mode on port 'myproject/b24_15' to 'ap_none'.
INFO: [RTGEN 206-500] Setting interface mode on port 'myproject/b24_16' to 'ap_none'.
INFO: [RTGEN 206-500] Setting interface mode on port 'myproject/b24_17' to 'ap_none'.
INFO: [RTGEN 206-500] Setting interface mode on port 'myproject/b24_18' to 'ap_none'.
INFO: [RTGEN 206-500] Setting interface mode on port 'myproject/b24_19' to 'ap_none'.
INFO: [RTGEN 206-500] Setting interface mode on port 'myproject/w27' to 'ap_memory'.
INFO: [RTGEN 206-500] Setting interface mode on port 'myproject/b27' to 'ap_none'.
INFO: [RTGEN 206-500] Setting interface mode on function 'myproject' to 'ap_ctrl_hs'.
INFO: [RTGEN 206-100] Finished creating RTL model for 'myproject'.
INFO: [RTMG 210-285] Implementing FIFO 'layer3_out_U(myproject_fifo_w12_d2_S)' using Shift Registers.
INFO: [RTMG 210-285] Implementing FIFO 'layer3_out_1_U(myproject_fifo_w12_d2_S)' using Shift Registers.
INFO: [RTMG 210-285] Implementing FIFO 'layer3_out_2_U(myproject_fifo_w12_d2_S)' using Shift Registers.
INFO: [RTMG 210-285] Implementing FIFO 'layer3_out_3_U(myproject_fifo_w12_d2_S)' using Shift Registers.
INFO: [RTMG 210-285] Implementing FIFO 'layer3_out_4_U(myproject_fifo_w12_d2_S)' using Shift Registers.
INFO: [RTMG 210-285] Implementing FIFO 'layer3_out_5_U(myproject_fifo_w12_d2_S)' using Shift Registers.
INFO: [RTMG 210-285] Implementing FIFO 'layer3_out_6_U(myproject_fifo_w12_d2_S)' using Shift Registers.
INFO: [RTMG 210-285] Implementing FIFO 'layer3_out_7_U(myproject_fifo_w12_d2_S)' using Shift Registers.
INFO: [RTMG 210-285] Implementing FIFO 'layer3_out_8_U(myproject_fifo_w12_d2_S)' using Shift Registers.
INFO: [RTMG 210-285] Implementing FIFO 'layer3_out_9_U(myproject_fifo_w12_d2_S)' using Shift Registers.
INFO: [RTMG 210-285] Implementing FIFO 'layer3_out_10_U(myproject_fifo_w12_d2_S)' using Shift Registers.
INFO: [RTMG 210-285] Implementing FIFO 'layer3_out_11_U(myproject_fifo_w12_d2_S)' using Shift Registers.
INFO: [RTMG 210-285] Implementing FIFO 'layer3_out_12_U(myproject_fifo_w12_d2_S)' using Shift Registers.
INFO: [RTMG 210-285] Implementing FIFO 'layer3_out_13_U(myproject_fifo_w12_d2_S)' using Shift Registers.
INFO: [RTMG 210-285] Implementing FIFO 'layer3_out_14_U(myproject_fifo_w12_d2_S)' using Shift Registers.
INFO: [RTMG 210-285] Implementing FIFO 'layer3_out_15_U(myproject_fifo_w12_d2_S)' using Shift Registers.
INFO: [RTMG 210-285] Implementing FIFO 'layer3_out_16_U(myproject_fifo_w12_d2_S)' using Shift Registers.
INFO: [RTMG 210-285] Implementing FIFO 'layer3_out_17_U(myproject_fifo_w12_d2_S)' using Shift Registers.
INFO: [RTMG 210-285] Implementing FIFO 'layer3_out_18_U(myproject_fifo_w12_d2_S)' using Shift Registers.
INFO: [RTMG 210-285] Implementing FIFO 'layer3_out_19_U(myproject_fifo_w12_d2_S)' using Shift Registers.
INFO: [RTMG 210-285] Implementing FIFO 'layer3_out_20_U(myproject_fifo_w12_d2_S)' using Shift Registers.
INFO: [RTMG 210-285] Implementing FIFO 'layer4_out_U(myproject_fifo_w12_d2_S)' using Shift Registers.
INFO: [RTMG 210-285] Implementing FIFO 'layer4_out_1_U(myproject_fifo_w12_d2_S)' using Shift Registers.
INFO: [RTMG 210-285] Implementing FIFO 'layer4_out_2_U(myproject_fifo_w12_d2_S)' using Shift Registers.
INFO: [RTMG 210-285] Implementing FIFO 'layer4_out_3_U(myproject_fifo_w12_d2_S)' using Shift Registers.
INFO: [RTMG 210-285] Implementing FIFO 'layer4_out_4_U(myproject_fifo_w12_d2_S)' using Shift Registers.
INFO: [RTMG 210-285] Implementing FIFO 'layer4_out_5_U(myproject_fifo_w12_d2_S)' using Shift Registers.
INFO: [RTMG 210-285] Implementing FIFO 'layer4_out_6_U(myproject_fifo_w12_d2_S)' using Shift Registers.
INFO: [RTMG 210-285] Implementing FIFO 'layer4_out_7_U(myproject_fifo_w12_d2_S)' using Shift Registers.
INFO: [RTMG 210-285] Implementing FIFO 'layer4_out_8_U(myproject_fifo_w12_d2_S)' using Shift Registers.
INFO: [RTMG 210-285] Implementing FIFO 'layer4_out_9_U(myproject_fifo_w12_d2_S)' using Shift Registers.
INFO: [RTMG 210-285] Implementing FIFO 'layer4_out_10_U(myproject_fifo_w12_d2_S)' using Shift Registers.
INFO: [RTMG 210-285] Implementing FIFO 'layer4_out_11_U(myproject_fifo_w12_d2_S)' using Shift Registers.
INFO: [RTMG 210-285] Implementing FIFO 'layer4_out_12_U(myproject_fifo_w12_d2_S)' using Shift Registers.
INFO: [RTMG 210-285] Implementing FIFO 'layer8_out_U(myproject_fifo_w11_d2_S)' using Shift Registers.
INFO: [RTMG 210-285] Implementing FIFO 'layer8_out_1_U(myproject_fifo_w11_d2_S)' using Shift Registers.
INFO: [RTMG 210-285] Implementing FIFO 'layer8_out_2_U(myproject_fifo_w11_d2_S)' using Shift Registers.
INFO: [RTMG 210-285] Implementing FIFO 'layer8_out_3_U(myproject_fifo_w11_d2_S)' using Shift Registers.
INFO: [RTMG 210-285] Implementing FIFO 'layer8_out_4_U(myproject_fifo_w11_d2_S)' using Shift Registers.
INFO: [RTMG 210-285] Implementing FIFO 'layer8_out_5_U(myproject_fifo_w11_d2_S)' using Shift Registers.
INFO: [RTMG 210-285] Implementing FIFO 'layer8_out_6_U(myproject_fifo_w11_d2_S)' using Shift Registers.
INFO: [RTMG 210-285] Implementing FIFO 'layer8_out_7_U(myproject_fifo_w11_d2_S)' using Shift Registers.
INFO: [RTMG 210-285] Implementing FIFO 'layer8_out_8_U(myproject_fifo_w11_d2_S)' using Shift Registers.
INFO: [RTMG 210-285] Implementing FIFO 'layer8_out_9_U(myproject_fifo_w11_d2_S)' using Shift Registers.
INFO: [RTMG 210-285] Implementing FIFO 'layer8_out_10_U(myproject_fifo_w11_d2_S)' using Shift Registers.
INFO: [RTMG 210-285] Implementing FIFO 'layer8_out_11_U(myproject_fifo_w11_d2_S)' using Shift Registers.
INFO: [RTMG 210-285] Implementing FIFO 'layer8_out_12_U(myproject_fifo_w11_d2_S)' using Shift Registers.
INFO: [RTMG 210-285] Implementing FIFO 'layer8_out_13_U(myproject_fifo_w11_d2_S)' using Shift Registers.
INFO: [RTMG 210-285] Implementing FIFO 'layer8_out_14_U(myproject_fifo_w11_d2_S)' using Shift Registers.
INFO: [RTMG 210-285] Implementing FIFO 'layer8_out_15_U(myproject_fifo_w11_d2_S)' using Shift Registers.
INFO: [RTMG 210-285] Implementing FIFO 'layer8_out_16_U(myproject_fifo_w11_d2_S)' using Shift Registers.
INFO: [RTMG 210-285] Implementing FIFO 'layer8_out_17_U(myproject_fifo_w11_d2_S)' using Shift Registers.
INFO: [RTMG 210-285] Implementing FIFO 'layer8_out_18_U(myproject_fifo_w11_d2_S)' using Shift Registers.
INFO: [RTMG 210-285] Implementing FIFO 'layer8_out_19_U(myproject_fifo_w11_d2_S)' using Shift Registers.
INFO: [RTMG 210-285] Implementing FIFO 'layer8_out_20_U(myproject_fifo_w11_d2_S)' using Shift Registers.
INFO: [RTMG 210-285] Implementing FIFO 'layer8_out_21_U(myproject_fifo_w11_d2_S)' using Shift Registers.
INFO: [RTMG 210-285] Implementing FIFO 'layer8_out_22_U(myproject_fifo_w11_d2_S)' using Shift Registers.
INFO: [RTMG 210-285] Implementing FIFO 'layer8_out_23_U(myproject_fifo_w11_d2_S)' using Shift Registers.
INFO: [RTMG 210-285] Implementing FIFO 'layer8_out_24_U(myproject_fifo_w11_d2_S)' using Shift Registers.
INFO: [RTMG 210-285] Implementing FIFO 'layer8_out_25_U(myproject_fifo_w11_d2_S)' using Shift Registers.
INFO: [RTMG 210-285] Implementing FIFO 'layer8_out_26_U(myproject_fifo_w11_d2_S)' using Shift Registers.
INFO: [RTMG 210-285] Implementing FIFO 'layer8_out_27_U(myproject_fifo_w11_d2_S)' using Shift Registers.
INFO: [RTMG 210-285] Implementing FIFO 'layer8_out_28_U(myproject_fifo_w11_d2_S)' using Shift Registers.
INFO: [RTMG 210-285] Implementing FIFO 'layer8_out_29_U(myproject_fifo_w11_d2_S)' using Shift Registers.
INFO: [RTMG 210-285] Implementing FIFO 'layer8_out_30_U(myproject_fifo_w11_d2_S)' using Shift Registers.
INFO: [RTMG 210-285] Implementing FIFO 'layer8_out_31_U(myproject_fifo_w11_d2_S)' using Shift Registers.
INFO: [RTMG 210-285] Implementing FIFO 'layer8_out_32_U(myproject_fifo_w11_d2_S)' using Shift Registers.
INFO: [RTMG 210-285] Implementing FIFO 'layer8_out_33_U(myproject_fifo_w11_d2_S)' using Shift Registers.
INFO: [RTMG 210-285] Implementing FIFO 'layer9_out_U(myproject_fifo_w12_d3_S)' using Shift Registers.
INFO: [RTMG 210-285] Implementing FIFO 'layer10_out_U(myproject_fifo_w12_d2_S)' using Shift Registers.
INFO: [RTMG 210-285] Implementing FIFO 'layer11_out_U(myproject_fifo_w12_d2_S)' using Shift Registers.
INFO: [RTMG 210-285] Implementing FIFO 'layer12_out_U(myproject_fifo_w11_d2_S)' using Shift Registers.
INFO: [RTMG 210-285] Implementing FIFO 'layer12_out_1_U(myproject_fifo_w11_d2_S)' using Shift Registers.
INFO: [RTMG 210-285] Implementing FIFO 'layer12_out_2_U(myproject_fifo_w11_d2_S)' using Shift Registers.
INFO: [RTMG 210-285] Implementing FIFO 'layer12_out_3_U(myproject_fifo_w11_d2_S)' using Shift Registers.
INFO: [RTMG 210-285] Implementing FIFO 'layer12_out_4_U(myproject_fifo_w11_d2_S)' using Shift Registers.
INFO: [RTMG 210-285] Implementing FIFO 'layer12_out_5_U(myproject_fifo_w11_d2_S)' using Shift Registers.
INFO: [RTMG 210-285] Implementing FIFO 'layer12_out_6_U(myproject_fifo_w11_d2_S)' using Shift Registers.
INFO: [RTMG 210-285] Implementing FIFO 'layer12_out_7_U(myproject_fifo_w11_d2_S)' using Shift Registers.
INFO: [RTMG 210-285] Implementing FIFO 'layer12_out_8_U(myproject_fifo_w11_d2_S)' using Shift Registers.
INFO: [RTMG 210-285] Implementing FIFO 'layer12_out_9_U(myproject_fifo_w11_d2_S)' using Shift Registers.
INFO: [RTMG 210-285] Implementing FIFO 'layer12_out_10_U(myproject_fifo_w11_d2_S)' using Shift Registers.
INFO: [RTMG 210-285] Implementing FIFO 'layer12_out_11_U(myproject_fifo_w11_d2_S)' using Shift Registers.
INFO: [RTMG 210-285] Implementing FIFO 'layer12_out_12_U(myproject_fifo_w11_d2_S)' using Shift Registers.
INFO: [RTMG 210-285] Implementing FIFO 'layer12_out_13_U(myproject_fifo_w11_d2_S)' using Shift Registers.
INFO: [RTMG 210-285] Implementing FIFO 'layer12_out_14_U(myproject_fifo_w11_d2_S)' using Shift Registers.
INFO: [RTMG 210-285] Implementing FIFO 'layer12_out_15_U(myproject_fifo_w11_d2_S)' using Shift Registers.
INFO: [RTMG 210-285] Implementing FIFO 'layer12_out_16_U(myproject_fifo_w11_d2_S)' using Shift Registers.
INFO: [RTMG 210-285] Implementing FIFO 'layer12_out_17_U(myproject_fifo_w11_d2_S)' using Shift Registers.
INFO: [RTMG 210-285] Implementing FIFO 'layer12_out_18_U(myproject_fifo_w11_d2_S)' using Shift Registers.
INFO: [RTMG 210-285] Implementing FIFO 'layer12_out_19_U(myproject_fifo_w11_d2_S)' using Shift Registers.
INFO: [RTMG 210-285] Implementing FIFO 'layer12_out_20_U(myproject_fifo_w11_d2_S)' using Shift Registers.
INFO: [RTMG 210-285] Implementing FIFO 'layer12_out_21_U(myproject_fifo_w11_d2_S)' using Shift Registers.
INFO: [RTMG 210-285] Implementing FIFO 'layer12_out_22_U(myproject_fifo_w11_d2_S)' using Shift Registers.
INFO: [RTMG 210-285] Implementing FIFO 'layer12_out_23_U(myproject_fifo_w11_d2_S)' using Shift Registers.
INFO: [RTMG 210-285] Implementing FIFO 'layer12_out_24_U(myproject_fifo_w11_d2_S)' using Shift Registers.
INFO: [RTMG 210-285] Implementing FIFO 'layer12_out_25_U(myproject_fifo_w11_d2_S)' using Shift Registers.
INFO: [RTMG 210-285] Implementing FIFO 'layer12_out_26_U(myproject_fifo_w11_d2_S)' using Shift Registers.
INFO: [RTMG 210-285] Implementing FIFO 'layer12_out_27_U(myproject_fifo_w11_d2_S)' using Shift Registers.
INFO: [RTMG 210-285] Implementing FIFO 'layer12_out_28_U(myproject_fifo_w11_d2_S)' using Shift Registers.
INFO: [RTMG 210-285] Implementing FIFO 'layer12_out_29_U(myproject_fifo_w11_d2_S)' using Shift Registers.
INFO: [RTMG 210-285] Implementing FIFO 'layer12_out_30_U(myproject_fifo_w11_d2_S)' using Shift Registers.
INFO: [RTMG 210-285] Implementing FIFO 'layer12_out_31_U(myproject_fifo_w11_d2_S)' using Shift Registers.
INFO: [RTMG 210-285] Implementing FIFO 'layer12_out_32_U(myproject_fifo_w11_d2_S)' using Shift Registers.
INFO: [RTMG 210-285] Implementing FIFO 'layer12_out_33_U(myproject_fifo_w11_d2_S)' using Shift Registers.
INFO: [RTMG 210-285] Implementing FIFO 'layer12_out_34_U(myproject_fifo_w11_d2_S)' using Shift Registers.
INFO: [RTMG 210-285] Implementing FIFO 'layer13_out_U(myproject_fifo_w11_d2_S)' using Shift Registers.
INFO: [RTMG 210-285] Implementing FIFO 'layer13_out_1_U(myproject_fifo_w11_d2_S)' using Shift Registers.
INFO: [RTMG 210-285] Implementing FIFO 'layer14_out_U(myproject_fifo_w16_d2_S)' using Shift Registers.
INFO: [RTMG 210-285] Implementing FIFO 'layer14_out_1_U(myproject_fifo_w16_d2_S)' using Shift Registers.
INFO: [RTMG 210-285] Implementing FIFO 'layer14_out_2_U(myproject_fifo_w16_d2_S)' using Shift Registers.
INFO: [RTMG 210-285] Implementing FIFO 'layer14_out_3_U(myproject_fifo_w16_d2_S)' using Shift Registers.
INFO: [RTMG 210-285] Implementing FIFO 'layer14_out_4_U(myproject_fifo_w16_d2_S)' using Shift Registers.
INFO: [RTMG 210-285] Implementing FIFO 'layer14_out_5_U(myproject_fifo_w16_d2_S)' using Shift Registers.
INFO: [RTMG 210-285] Implementing FIFO 'layer14_out_6_U(myproject_fifo_w16_d2_S)' using Shift Registers.
INFO: [RTMG 210-285] Implementing FIFO 'layer14_out_7_U(myproject_fifo_w16_d2_S)' using Shift Registers.
INFO: [RTMG 210-285] Implementing FIFO 'layer14_out_8_U(myproject_fifo_w16_d2_S)' using Shift Registers.
INFO: [RTMG 210-285] Implementing FIFO 'layer14_out_9_U(myproject_fifo_w16_d2_S)' using Shift Registers.
INFO: [RTMG 210-285] Implementing FIFO 'layer14_out_10_U(myproject_fifo_w16_d2_S)' using Shift Registers.
INFO: [RTMG 210-285] Implementing FIFO 'layer14_out_11_U(myproject_fifo_w16_d2_S)' using Shift Registers.
INFO: [RTMG 210-285] Implementing FIFO 'layer14_out_12_U(myproject_fifo_w16_d2_S)' using Shift Registers.
INFO: [RTMG 210-285] Implementing FIFO 'layer14_out_13_U(myproject_fifo_w16_d2_S)' using Shift Registers.
INFO: [RTMG 210-285] Implementing FIFO 'layer14_out_14_U(myproject_fifo_w16_d2_S)' using Shift Registers.
INFO: [RTMG 210-285] Implementing FIFO 'layer14_out_15_U(myproject_fifo_w16_d2_S)' using Shift Registers.
INFO: [RTMG 210-285] Implementing FIFO 'layer14_out_16_U(myproject_fifo_w16_d2_S)' using Shift Registers.
INFO: [RTMG 210-285] Implementing FIFO 'layer14_out_17_U(myproject_fifo_w16_d2_S)' using Shift Registers.
INFO: [RTMG 210-285] Implementing FIFO 'layer14_out_18_U(myproject_fifo_w16_d2_S)' using Shift Registers.
INFO: [RTMG 210-285] Implementing FIFO 'layer14_out_19_U(myproject_fifo_w16_d2_S)' using Shift Registers.
INFO: [RTMG 210-285] Implementing FIFO 'layer14_out_20_U(myproject_fifo_w16_d2_S)' using Shift Registers.
INFO: [RTMG 210-285] Implementing FIFO 'layer14_out_21_U(myproject_fifo_w16_d2_S)' using Shift Registers.
INFO: [RTMG 210-285] Implementing FIFO 'layer14_out_22_U(myproject_fifo_w16_d2_S)' using Shift Registers.
INFO: [RTMG 210-285] Implementing FIFO 'layer14_out_23_U(myproject_fifo_w16_d2_S)' using Shift Registers.
INFO: [RTMG 210-285] Implementing FIFO 'layer14_out_24_U(myproject_fifo_w16_d2_S)' using Shift Registers.
INFO: [RTMG 210-285] Implementing FIFO 'layer14_out_25_U(myproject_fifo_w16_d2_S)' using Shift Registers.
INFO: [RTMG 210-285] Implementing FIFO 'layer14_out_26_U(myproject_fifo_w16_d2_S)' using Shift Registers.
INFO: [RTMG 210-285] Implementing FIFO 'layer14_out_27_U(myproject_fifo_w16_d2_S)' using Shift Registers.
INFO: [RTMG 210-285] Implementing FIFO 'layer14_out_28_U(myproject_fifo_w16_d2_S)' using Shift Registers.
INFO: [RTMG 210-285] Implementing FIFO 'layer14_out_29_U(myproject_fifo_w16_d2_S)' using Shift Registers.
INFO: [RTMG 210-285] Implementing FIFO 'layer14_out_30_U(myproject_fifo_w16_d2_S)' using Shift Registers.
INFO: [RTMG 210-285] Implementing FIFO 'layer14_out_31_U(myproject_fifo_w16_d2_S)' using Shift Registers.
INFO: [RTMG 210-285] Implementing FIFO 'layer14_out_32_U(myproject_fifo_w16_d2_S)' using Shift Registers.
INFO: [RTMG 210-285] Implementing FIFO 'layer14_out_33_U(myproject_fifo_w16_d2_S)' using Shift Registers.
INFO: [RTMG 210-285] Implementing FIFO 'layer14_out_34_U(myproject_fifo_w16_d2_S)' using Shift Registers.
INFO: [RTMG 210-285] Implementing FIFO 'layer14_out_35_U(myproject_fifo_w16_d2_S)' using Shift Registers.
INFO: [RTMG 210-285] Implementing FIFO 'layer14_out_36_U(myproject_fifo_w16_d2_S)' using Shift Registers.
INFO: [RTMG 210-285] Implementing FIFO 'layer14_out_37_U(myproject_fifo_w16_d2_S)' using Shift Registers.
INFO: [RTMG 210-285] Implementing FIFO 'layer14_out_38_U(myproject_fifo_w16_d2_S)' using Shift Registers.
INFO: [RTMG 210-285] Implementing FIFO 'layer14_out_39_U(myproject_fifo_w16_d2_S)' using Shift Registers.
INFO: [RTMG 210-285] Implementing FIFO 'layer14_out_40_U(myproject_fifo_w16_d2_S)' using Shift Registers.
INFO: [RTMG 210-285] Implementing FIFO 'layer14_out_41_U(myproject_fifo_w16_d2_S)' using Shift Registers.
INFO: [RTMG 210-285] Implementing FIFO 'layer14_out_42_U(myproject_fifo_w16_d2_S)' using Shift Registers.
INFO: [RTMG 210-285] Implementing FIFO 'layer14_out_43_U(myproject_fifo_w16_d2_S)' using Shift Registers.
INFO: [RTMG 210-285] Implementing FIFO 'layer14_out_44_U(myproject_fifo_w16_d2_S)' using Shift Registers.
INFO: [RTMG 210-285] Implementing FIFO 'layer14_out_45_U(myproject_fifo_w16_d2_S)' using Shift Registers.
INFO: [RTMG 210-285] Implementing FIFO 'layer14_out_46_U(myproject_fifo_w16_d2_S)' using Shift Registers.
INFO: [RTMG 210-285] Implementing FIFO 'layer14_out_47_U(myproject_fifo_w16_d2_S)' using Shift Registers.
INFO: [RTMG 210-285] Implementing FIFO 'layer14_out_48_U(myproject_fifo_w16_d2_S)' using Shift Registers.
INFO: [RTMG 210-285] Implementing FIFO 'layer14_out_49_U(myproject_fifo_w16_d2_S)' using Shift Registers.
INFO: [RTMG 210-285] Implementing FIFO 'layer14_out_50_U(myproject_fifo_w16_d2_S)' using Shift Registers.
INFO: [RTMG 210-285] Implementing FIFO 'layer14_out_51_U(myproject_fifo_w16_d2_S)' using Shift Registers.
INFO: [RTMG 210-285] Implementing FIFO 'layer14_out_52_U(myproject_fifo_w16_d2_S)' using Shift Registers.
INFO: [RTMG 210-285] Implementing FIFO 'layer14_out_53_U(myproject_fifo_w16_d2_S)' using Shift Registers.
INFO: [RTMG 210-285] Implementing FIFO 'layer14_out_54_U(myproject_fifo_w16_d2_S)' using Shift Registers.
INFO: [RTMG 210-285] Implementing FIFO 'layer14_out_55_U(myproject_fifo_w16_d2_S)' using Shift Registers.
INFO: [RTMG 210-285] Implementing FIFO 'layer16_out_U(myproject_fifo_w16_d2_S)' using Shift Registers.
INFO: [RTMG 210-285] Implementing FIFO 'layer16_out_1_U(myproject_fifo_w16_d2_S)' using Shift Registers.
INFO: [RTMG 210-285] Implementing FIFO 'layer16_out_2_U(myproject_fifo_w16_d2_S)' using Shift Registers.
INFO: [RTMG 210-285] Implementing FIFO 'layer16_out_3_U(myproject_fifo_w16_d2_S)' using Shift Registers.
INFO: [RTMG 210-285] Implementing FIFO 'layer16_out_4_U(myproject_fifo_w16_d2_S)' using Shift Registers.
INFO: [RTMG 210-285] Implementing FIFO 'layer16_out_5_U(myproject_fifo_w16_d2_S)' using Shift Registers.
INFO: [RTMG 210-285] Implementing FIFO 'layer16_out_6_U(myproject_fifo_w16_d2_S)' using Shift Registers.
INFO: [RTMG 210-285] Implementing FIFO 'layer16_out_7_U(myproject_fifo_w16_d2_S)' using Shift Registers.
INFO: [RTMG 210-285] Implementing FIFO 'layer18_out_U(myproject_fifo_w8_d2_S)' using Shift Registers.
INFO: [RTMG 210-285] Implementing FIFO 'layer18_out_1_U(myproject_fifo_w8_d2_S)' using Shift Registers.
INFO: [RTMG 210-285] Implementing FIFO 'layer18_out_2_U(myproject_fifo_w8_d2_S)' using Shift Registers.
INFO: [RTMG 210-285] Implementing FIFO 'layer18_out_3_U(myproject_fifo_w8_d2_S)' using Shift Registers.
INFO: [RTMG 210-285] Implementing FIFO 'layer18_out_4_U(myproject_fifo_w8_d2_S)' using Shift Registers.
INFO: [RTMG 210-285] Implementing FIFO 'layer18_out_5_U(myproject_fifo_w8_d2_S)' using Shift Registers.
INFO: [RTMG 210-285] Implementing FIFO 'layer18_out_6_U(myproject_fifo_w8_d2_S)' using Shift Registers.
INFO: [RTMG 210-285] Implementing FIFO 'layer18_out_7_U(myproject_fifo_w8_d2_S)' using Shift Registers.
INFO: [RTMG 210-285] Implementing FIFO 'layer18_out_8_U(myproject_fifo_w8_d2_S)' using Shift Registers.
INFO: [RTMG 210-285] Implementing FIFO 'layer18_out_9_U(myproject_fifo_w8_d2_S)' using Shift Registers.
INFO: [RTMG 210-285] Implementing FIFO 'layer18_out_10_U(myproject_fifo_w8_d2_S)' using Shift Registers.
INFO: [RTMG 210-285] Implementing FIFO 'layer18_out_11_U(myproject_fifo_w8_d2_S)' using Shift Registers.
INFO: [RTMG 210-285] Implementing FIFO 'layer18_out_12_U(myproject_fifo_w8_d2_S)' using Shift Registers.
INFO: [RTMG 210-285] Implementing FIFO 'layer18_out_13_U(myproject_fifo_w8_d2_S)' using Shift Registers.
INFO: [RTMG 210-285] Implementing FIFO 'layer18_out_14_U(myproject_fifo_w8_d2_S)' using Shift Registers.
INFO: [RTMG 210-285] Implementing FIFO 'layer18_out_15_U(myproject_fifo_w8_d2_S)' using Shift Registers.
INFO: [RTMG 210-285] Implementing FIFO 'layer18_out_16_U(myproject_fifo_w8_d2_S)' using Shift Registers.
INFO: [RTMG 210-285] Implementing FIFO 'layer18_out_17_U(myproject_fifo_w8_d2_S)' using Shift Registers.
INFO: [RTMG 210-285] Implementing FIFO 'layer18_out_18_U(myproject_fifo_w8_d2_S)' using Shift Registers.
INFO: [RTMG 210-285] Implementing FIFO 'layer18_out_19_U(myproject_fifo_w8_d2_S)' using Shift Registers.
INFO: [RTMG 210-285] Implementing FIFO 'layer18_out_20_U(myproject_fifo_w8_d2_S)' using Shift Registers.
INFO: [RTMG 210-285] Implementing FIFO 'layer18_out_21_U(myproject_fifo_w8_d2_S)' using Shift Registers.
INFO: [RTMG 210-285] Implementing FIFO 'layer18_out_22_U(myproject_fifo_w8_d2_S)' using Shift Registers.
INFO: [RTMG 210-285] Implementing FIFO 'layer18_out_23_U(myproject_fifo_w8_d2_S)' using Shift Registers.
INFO: [RTMG 210-285] Implementing FIFO 'layer18_out_24_U(myproject_fifo_w8_d2_S)' using Shift Registers.
INFO: [RTMG 210-285] Implementing FIFO 'layer18_out_25_U(myproject_fifo_w8_d2_S)' using Shift Registers.
INFO: [RTMG 210-285] Implementing FIFO 'layer18_out_26_U(myproject_fifo_w8_d2_S)' using Shift Registers.
INFO: [RTMG 210-285] Implementing FIFO 'layer18_out_27_U(myproject_fifo_w8_d2_S)' using Shift Registers.
INFO: [RTMG 210-285] Implementing FIFO 'layer18_out_28_U(myproject_fifo_w8_d2_S)' using Shift Registers.
INFO: [RTMG 210-285] Implementing FIFO 'layer18_out_29_U(myproject_fifo_w8_d2_S)' using Shift Registers.
INFO: [RTMG 210-285] Implementing FIFO 'layer18_out_30_U(myproject_fifo_w8_d2_S)' using Shift Registers.
INFO: [RTMG 210-285] Implementing FIFO 'layer18_out_31_U(myproject_fifo_w8_d2_S)' using Shift Registers.
INFO: [RTMG 210-285] Implementing FIFO 'layer18_out_32_U(myproject_fifo_w8_d2_S)' using Shift Registers.
INFO: [RTMG 210-285] Implementing FIFO 'layer18_out_33_U(myproject_fifo_w8_d2_S)' using Shift Registers.
INFO: [RTMG 210-285] Implementing FIFO 'layer18_out_34_U(myproject_fifo_w8_d2_S)' using Shift Registers.
INFO: [RTMG 210-285] Implementing FIFO 'layer18_out_35_U(myproject_fifo_w8_d2_S)' using Shift Registers.
INFO: [RTMG 210-285] Implementing FIFO 'layer18_out_36_U(myproject_fifo_w8_d2_S)' using Shift Registers.
INFO: [RTMG 210-285] Implementing FIFO 'layer18_out_37_U(myproject_fifo_w8_d2_S)' using Shift Registers.
INFO: [RTMG 210-285] Implementing FIFO 'layer18_out_38_U(myproject_fifo_w8_d2_S)' using Shift Registers.
INFO: [RTMG 210-285] Implementing FIFO 'layer18_out_39_U(myproject_fifo_w8_d2_S)' using Shift Registers.
INFO: [RTMG 210-285] Implementing FIFO 'layer18_out_40_U(myproject_fifo_w8_d2_S)' using Shift Registers.
INFO: [RTMG 210-285] Implementing FIFO 'layer18_out_41_U(myproject_fifo_w8_d2_S)' using Shift Registers.
INFO: [RTMG 210-285] Implementing FIFO 'layer18_out_42_U(myproject_fifo_w8_d2_S)' using Shift Registers.
INFO: [RTMG 210-285] Implementing FIFO 'layer18_out_43_U(myproject_fifo_w8_d2_S)' using Shift Registers.
INFO: [RTMG 210-285] Implementing FIFO 'layer18_out_44_U(myproject_fifo_w8_d2_S)' using Shift Registers.
INFO: [RTMG 210-285] Implementing FIFO 'layer18_out_45_U(myproject_fifo_w8_d2_S)' using Shift Registers.
INFO: [RTMG 210-285] Implementing FIFO 'layer18_out_46_U(myproject_fifo_w8_d2_S)' using Shift Registers.
INFO: [RTMG 210-285] Implementing FIFO 'layer18_out_47_U(myproject_fifo_w8_d2_S)' using Shift Registers.
INFO: [RTMG 210-285] Implementing FIFO 'layer18_out_48_U(myproject_fifo_w8_d2_S)' using Shift Registers.
INFO: [RTMG 210-285] Implementing FIFO 'layer18_out_49_U(myproject_fifo_w8_d2_S)' using Shift Registers.
INFO: [RTMG 210-285] Implementing FIFO 'layer18_out_50_U(myproject_fifo_w8_d2_S)' using Shift Registers.
INFO: [RTMG 210-285] Implementing FIFO 'layer18_out_51_U(myproject_fifo_w8_d2_S)' using Shift Registers.
INFO: [RTMG 210-285] Implementing FIFO 'layer18_out_52_U(myproject_fifo_w8_d2_S)' using Shift Registers.
INFO: [RTMG 210-285] Implementing FIFO 'layer18_out_53_U(myproject_fifo_w8_d2_S)' using Shift Registers.
INFO: [RTMG 210-285] Implementing FIFO 'layer18_out_54_U(myproject_fifo_w8_d2_S)' using Shift Registers.
INFO: [RTMG 210-285] Implementing FIFO 'layer18_out_55_U(myproject_fifo_w8_d2_S)' using Shift Registers.
INFO: [RTMG 210-285] Implementing FIFO 'layer19_out_U(myproject_fifo_w8_d3_S)' using Shift Registers.
INFO: [RTMG 210-285] Implementing FIFO 'layer19_out_1_U(myproject_fifo_w8_d3_S)' using Shift Registers.
INFO: [RTMG 210-285] Implementing FIFO 'layer19_out_2_U(myproject_fifo_w8_d3_S)' using Shift Registers.
INFO: [RTMG 210-285] Implementing FIFO 'layer19_out_3_U(myproject_fifo_w8_d3_S)' using Shift Registers.
INFO: [RTMG 210-285] Implementing FIFO 'layer19_out_4_U(myproject_fifo_w8_d3_S)' using Shift Registers.
INFO: [RTMG 210-285] Implementing FIFO 'layer19_out_5_U(myproject_fifo_w8_d3_S)' using Shift Registers.
INFO: [RTMG 210-285] Implementing FIFO 'layer19_out_6_U(myproject_fifo_w8_d3_S)' using Shift Registers.
INFO: [RTMG 210-285] Implementing FIFO 'layer19_out_7_U(myproject_fifo_w8_d3_S)' using Shift Registers.
INFO: [RTMG 210-285] Implementing FIFO 'layer20_out_U(myproject_fifo_w10_d2_S)' using Shift Registers.
INFO: [RTMG 210-285] Implementing FIFO 'layer20_out_1_U(myproject_fifo_w10_d2_S)' using Shift Registers.
INFO: [RTMG 210-285] Implementing FIFO 'layer20_out_2_U(myproject_fifo_w10_d2_S)' using Shift Registers.
INFO: [RTMG 210-285] Implementing FIFO 'layer20_out_3_U(myproject_fifo_w10_d2_S)' using Shift Registers.
INFO: [RTMG 210-285] Implementing FIFO 'layer20_out_4_U(myproject_fifo_w10_d2_S)' using Shift Registers.
INFO: [RTMG 210-285] Implementing FIFO 'layer20_out_5_U(myproject_fifo_w10_d2_S)' using Shift Registers.
INFO: [RTMG 210-285] Implementing FIFO 'layer20_out_6_U(myproject_fifo_w10_d2_S)' using Shift Registers.
INFO: [RTMG 210-285] Implementing FIFO 'layer20_out_7_U(myproject_fifo_w10_d2_S)' using Shift Registers.
INFO: [RTMG 210-285] Implementing FIFO 'layer20_out_8_U(myproject_fifo_w10_d2_S)' using Shift Registers.
INFO: [RTMG 210-285] Implementing FIFO 'layer20_out_9_U(myproject_fifo_w10_d2_S)' using Shift Registers.
INFO: [RTMG 210-285] Implementing FIFO 'layer20_out_10_U(myproject_fifo_w10_d2_S)' using Shift Registers.
INFO: [RTMG 210-285] Implementing FIFO 'layer20_out_11_U(myproject_fifo_w10_d2_S)' using Shift Registers.
INFO: [RTMG 210-285] Implementing FIFO 'layer20_out_12_U(myproject_fifo_w10_d2_S)' using Shift Registers.
INFO: [RTMG 210-285] Implementing FIFO 'layer20_out_13_U(myproject_fifo_w10_d2_S)' using Shift Registers.
INFO: [RTMG 210-285] Implementing FIFO 'layer20_out_14_U(myproject_fifo_w10_d2_S)' using Shift Registers.
INFO: [RTMG 210-285] Implementing FIFO 'layer20_out_15_U(myproject_fifo_w10_d2_S)' using Shift Registers.
INFO: [RTMG 210-285] Implementing FIFO 'layer20_out_16_U(myproject_fifo_w10_d2_S)' using Shift Registers.
INFO: [RTMG 210-285] Implementing FIFO 'layer20_out_17_U(myproject_fifo_w10_d2_S)' using Shift Registers.
INFO: [RTMG 210-285] Implementing FIFO 'layer20_out_18_U(myproject_fifo_w10_d2_S)' using Shift Registers.
INFO: [RTMG 210-285] Implementing FIFO 'layer20_out_19_U(myproject_fifo_w10_d2_S)' using Shift Registers.
INFO: [RTMG 210-285] Implementing FIFO 'layer20_out_20_U(myproject_fifo_w10_d2_S)' using Shift Registers.
INFO: [RTMG 210-285] Implementing FIFO 'layer20_out_21_U(myproject_fifo_w10_d2_S)' using Shift Registers.
INFO: [RTMG 210-285] Implementing FIFO 'layer20_out_22_U(myproject_fifo_w10_d2_S)' using Shift Registers.
INFO: [RTMG 210-285] Implementing FIFO 'layer20_out_23_U(myproject_fifo_w10_d2_S)' using Shift Registers.
INFO: [RTMG 210-285] Implementing FIFO 'layer20_out_24_U(myproject_fifo_w10_d2_S)' using Shift Registers.
INFO: [RTMG 210-285] Implementing FIFO 'layer20_out_25_U(myproject_fifo_w10_d2_S)' using Shift Registers.
INFO: [RTMG 210-285] Implementing FIFO 'layer20_out_26_U(myproject_fifo_w10_d2_S)' using Shift Registers.
INFO: [RTMG 210-285] Implementing FIFO 'layer20_out_27_U(myproject_fifo_w10_d2_S)' using Shift Registers.
INFO: [RTMG 210-285] Implementing FIFO 'layer20_out_28_U(myproject_fifo_w10_d2_S)' using Shift Registers.
INFO: [RTMG 210-285] Implementing FIFO 'layer20_out_29_U(myproject_fifo_w10_d2_S)' using Shift Registers.
INFO: [RTMG 210-285] Implementing FIFO 'layer20_out_30_U(myproject_fifo_w10_d2_S)' using Shift Registers.
INFO: [RTMG 210-285] Implementing FIFO 'layer20_out_31_U(myproject_fifo_w10_d2_S)' using Shift Registers.
INFO: [RTMG 210-285] Implementing FIFO 'layer20_out_32_U(myproject_fifo_w10_d2_S)' using Shift Registers.
INFO: [RTMG 210-285] Implementing FIFO 'layer20_out_33_U(myproject_fifo_w10_d2_S)' using Shift Registers.
INFO: [RTMG 210-285] Implementing FIFO 'layer20_out_34_U(myproject_fifo_w10_d2_S)' using Shift Registers.
INFO: [RTMG 210-285] Implementing FIFO 'layer20_out_35_U(myproject_fifo_w10_d2_S)' using Shift Registers.
INFO: [RTMG 210-285] Implementing FIFO 'layer20_out_36_U(myproject_fifo_w10_d2_S)' using Shift Registers.
INFO: [RTMG 210-285] Implementing FIFO 'layer20_out_37_U(myproject_fifo_w10_d2_S)' using Shift Registers.
INFO: [RTMG 210-285] Implementing FIFO 'layer20_out_38_U(myproject_fifo_w10_d2_S)' using Shift Registers.
INFO: [RTMG 210-285] Implementing FIFO 'layer20_out_39_U(myproject_fifo_w10_d2_S)' using Shift Registers.
INFO: [RTMG 210-285] Implementing FIFO 'layer20_out_40_U(myproject_fifo_w10_d2_S)' using Shift Registers.
INFO: [RTMG 210-285] Implementing FIFO 'layer20_out_41_U(myproject_fifo_w10_d2_S)' using Shift Registers.
INFO: [RTMG 210-285] Implementing FIFO 'layer20_out_42_U(myproject_fifo_w10_d2_S)' using Shift Registers.
INFO: [RTMG 210-285] Implementing FIFO 'layer20_out_43_U(myproject_fifo_w10_d2_S)' using Shift Registers.
INFO: [RTMG 210-285] Implementing FIFO 'layer20_out_44_U(myproject_fifo_w10_d2_S)' using Shift Registers.
INFO: [RTMG 210-285] Implementing FIFO 'layer20_out_45_U(myproject_fifo_w10_d2_S)' using Shift Registers.
INFO: [RTMG 210-285] Implementing FIFO 'layer20_out_46_U(myproject_fifo_w10_d2_S)' using Shift Registers.
INFO: [RTMG 210-285] Implementing FIFO 'layer20_out_47_U(myproject_fifo_w10_d2_S)' using Shift Registers.
INFO: [RTMG 210-285] Implementing FIFO 'layer20_out_48_U(myproject_fifo_w10_d2_S)' using Shift Registers.
INFO: [RTMG 210-285] Implementing FIFO 'layer20_out_49_U(myproject_fifo_w10_d2_S)' using Shift Registers.
INFO: [RTMG 210-285] Implementing FIFO 'layer20_out_50_U(myproject_fifo_w10_d2_S)' using Shift Registers.
INFO: [RTMG 210-285] Implementing FIFO 'layer20_out_51_U(myproject_fifo_w10_d2_S)' using Shift Registers.
INFO: [RTMG 210-285] Implementing FIFO 'layer20_out_52_U(myproject_fifo_w10_d2_S)' using Shift Registers.
INFO: [RTMG 210-285] Implementing FIFO 'layer20_out_53_U(myproject_fifo_w10_d2_S)' using Shift Registers.
INFO: [RTMG 210-285] Implementing FIFO 'layer20_out_54_U(myproject_fifo_w10_d2_S)' using Shift Registers.
INFO: [RTMG 210-285] Implementing FIFO 'layer20_out_55_U(myproject_fifo_w10_d2_S)' using Shift Registers.
INFO: [RTMG 210-285] Implementing FIFO 'layer20_out_56_U(myproject_fifo_w10_d2_S)' using Shift Registers.
INFO: [RTMG 210-285] Implementing FIFO 'layer20_out_57_U(myproject_fifo_w10_d2_S)' using Shift Registers.
INFO: [RTMG 210-285] Implementing FIFO 'layer20_out_58_U(myproject_fifo_w10_d2_S)' using Shift Registers.
INFO: [RTMG 210-285] Implementing FIFO 'layer20_out_59_U(myproject_fifo_w10_d2_S)' using Shift Registers.
INFO: [RTMG 210-285] Implementing FIFO 'layer20_out_60_U(myproject_fifo_w10_d2_S)' using Shift Registers.
INFO: [RTMG 210-285] Implementing FIFO 'layer20_out_61_U(myproject_fifo_w10_d2_S)' using Shift Registers.
INFO: [RTMG 210-285] Implementing FIFO 'layer20_out_62_U(myproject_fifo_w10_d2_S)' using Shift Registers.
INFO: [RTMG 210-285] Implementing FIFO 'layer20_out_63_U(myproject_fifo_w10_d2_S)' using Shift Registers.
INFO: [RTMG 210-285] Implementing FIFO 'layer21_out_U(myproject_fifo_w16_d2_S)' using Shift Registers.
INFO: [RTMG 210-285] Implementing FIFO 'layer21_out_1_U(myproject_fifo_w16_d2_S)' using Shift Registers.
INFO: [RTMG 210-285] Implementing FIFO 'layer21_out_2_U(myproject_fifo_w16_d2_S)' using Shift Registers.
INFO: [RTMG 210-285] Implementing FIFO 'layer21_out_3_U(myproject_fifo_w16_d2_S)' using Shift Registers.
INFO: [RTMG 210-285] Implementing FIFO 'layer21_out_4_U(myproject_fifo_w16_d2_S)' using Shift Registers.
INFO: [RTMG 210-285] Implementing FIFO 'layer21_out_5_U(myproject_fifo_w16_d2_S)' using Shift Registers.
INFO: [RTMG 210-285] Implementing FIFO 'layer21_out_6_U(myproject_fifo_w16_d2_S)' using Shift Registers.
INFO: [RTMG 210-285] Implementing FIFO 'layer21_out_7_U(myproject_fifo_w16_d2_S)' using Shift Registers.
INFO: [RTMG 210-285] Implementing FIFO 'layer21_out_8_U(myproject_fifo_w16_d2_S)' using Shift Registers.
INFO: [RTMG 210-285] Implementing FIFO 'layer21_out_9_U(myproject_fifo_w16_d2_S)' using Shift Registers.
INFO: [RTMG 210-285] Implementing FIFO 'layer21_out_10_U(myproject_fifo_w16_d2_S)' using Shift Registers.
INFO: [RTMG 210-285] Implementing FIFO 'layer21_out_11_U(myproject_fifo_w16_d2_S)' using Shift Registers.
INFO: [RTMG 210-285] Implementing FIFO 'layer21_out_12_U(myproject_fifo_w16_d2_S)' using Shift Registers.
INFO: [RTMG 210-285] Implementing FIFO 'layer21_out_13_U(myproject_fifo_w16_d2_S)' using Shift Registers.
INFO: [RTMG 210-285] Implementing FIFO 'layer21_out_14_U(myproject_fifo_w16_d2_S)' using Shift Registers.
INFO: [RTMG 210-285] Implementing FIFO 'layer21_out_15_U(myproject_fifo_w16_d2_S)' using Shift Registers.
INFO: [RTMG 210-285] Implementing FIFO 'layer21_out_16_U(myproject_fifo_w16_d2_S)' using Shift Registers.
INFO: [RTMG 210-285] Implementing FIFO 'layer21_out_17_U(myproject_fifo_w16_d2_S)' using Shift Registers.
INFO: [RTMG 210-285] Implementing FIFO 'layer21_out_18_U(myproject_fifo_w16_d2_S)' using Shift Registers.
INFO: [RTMG 210-285] Implementing FIFO 'layer21_out_19_U(myproject_fifo_w16_d2_S)' using Shift Registers.
INFO: [RTMG 210-285] Implementing FIFO 'layer21_out_20_U(myproject_fifo_w16_d2_S)' using Shift Registers.
INFO: [RTMG 210-285] Implementing FIFO 'layer21_out_21_U(myproject_fifo_w16_d2_S)' using Shift Registers.
INFO: [RTMG 210-285] Implementing FIFO 'layer21_out_22_U(myproject_fifo_w16_d2_S)' using Shift Registers.
INFO: [RTMG 210-285] Implementing FIFO 'layer21_out_23_U(myproject_fifo_w16_d2_S)' using Shift Registers.
INFO: [RTMG 210-285] Implementing FIFO 'layer21_out_24_U(myproject_fifo_w16_d2_S)' using Shift Registers.
INFO: [RTMG 210-285] Implementing FIFO 'layer21_out_25_U(myproject_fifo_w16_d2_S)' using Shift Registers.
INFO: [RTMG 210-285] Implementing FIFO 'layer21_out_26_U(myproject_fifo_w16_d2_S)' using Shift Registers.
INFO: [RTMG 210-285] Implementing FIFO 'layer21_out_27_U(myproject_fifo_w16_d2_S)' using Shift Registers.
INFO: [RTMG 210-285] Implementing FIFO 'layer21_out_28_U(myproject_fifo_w16_d2_S)' using Shift Registers.
INFO: [RTMG 210-285] Implementing FIFO 'layer21_out_29_U(myproject_fifo_w16_d2_S)' using Shift Registers.
INFO: [RTMG 210-285] Implementing FIFO 'layer21_out_30_U(myproject_fifo_w16_d2_S)' using Shift Registers.
INFO: [RTMG 210-285] Implementing FIFO 'layer21_out_31_U(myproject_fifo_w16_d2_S)' using Shift Registers.
INFO: [RTMG 210-285] Implementing FIFO 'layer21_out_32_U(myproject_fifo_w16_d2_S)' using Shift Registers.
INFO: [RTMG 210-285] Implementing FIFO 'layer21_out_33_U(myproject_fifo_w16_d2_S)' using Shift Registers.
INFO: [RTMG 210-285] Implementing FIFO 'layer21_out_34_U(myproject_fifo_w16_d2_S)' using Shift Registers.
INFO: [RTMG 210-285] Implementing FIFO 'layer21_out_35_U(myproject_fifo_w16_d2_S)' using Shift Registers.
INFO: [RTMG 210-285] Implementing FIFO 'layer23_out_U(myproject_fifo_w8_d2_S)' using Shift Registers.
INFO: [RTMG 210-285] Implementing FIFO 'layer23_out_1_U(myproject_fifo_w8_d2_S)' using Shift Registers.
INFO: [RTMG 210-285] Implementing FIFO 'layer23_out_2_U(myproject_fifo_w8_d2_S)' using Shift Registers.
INFO: [RTMG 210-285] Implementing FIFO 'layer23_out_3_U(myproject_fifo_w8_d2_S)' using Shift Registers.
INFO: [RTMG 210-285] Implementing FIFO 'layer23_out_4_U(myproject_fifo_w8_d2_S)' using Shift Registers.
INFO: [RTMG 210-285] Implementing FIFO 'layer23_out_5_U(myproject_fifo_w8_d2_S)' using Shift Registers.
INFO: [RTMG 210-285] Implementing FIFO 'layer23_out_6_U(myproject_fifo_w8_d2_S)' using Shift Registers.
INFO: [RTMG 210-285] Implementing FIFO 'layer23_out_7_U(myproject_fifo_w8_d2_S)' using Shift Registers.
INFO: [RTMG 210-285] Implementing FIFO 'layer23_out_8_U(myproject_fifo_w8_d2_S)' using Shift Registers.
INFO: [RTMG 210-285] Implementing FIFO 'layer23_out_9_U(myproject_fifo_w8_d2_S)' using Shift Registers.
INFO: [RTMG 210-285] Implementing FIFO 'layer23_out_10_U(myproject_fifo_w8_d2_S)' using Shift Registers.
INFO: [RTMG 210-285] Implementing FIFO 'layer23_out_11_U(myproject_fifo_w8_d2_S)' using Shift Registers.
INFO: [RTMG 210-285] Implementing FIFO 'layer23_out_12_U(myproject_fifo_w8_d2_S)' using Shift Registers.
INFO: [RTMG 210-285] Implementing FIFO 'layer23_out_13_U(myproject_fifo_w8_d2_S)' using Shift Registers.
INFO: [RTMG 210-285] Implementing FIFO 'layer23_out_14_U(myproject_fifo_w8_d2_S)' using Shift Registers.
INFO: [RTMG 210-285] Implementing FIFO 'layer23_out_15_U(myproject_fifo_w8_d2_S)' using Shift Registers.
INFO: [RTMG 210-285] Implementing FIFO 'layer23_out_16_U(myproject_fifo_w8_d2_S)' using Shift Registers.
INFO: [RTMG 210-285] Implementing FIFO 'layer23_out_17_U(myproject_fifo_w8_d2_S)' using Shift Registers.
INFO: [RTMG 210-285] Implementing FIFO 'layer23_out_18_U(myproject_fifo_w8_d2_S)' using Shift Registers.
INFO: [RTMG 210-285] Implementing FIFO 'layer23_out_19_U(myproject_fifo_w8_d2_S)' using Shift Registers.
INFO: [RTMG 210-285] Implementing FIFO 'layer23_out_20_U(myproject_fifo_w8_d2_S)' using Shift Registers.
INFO: [RTMG 210-285] Implementing FIFO 'layer23_out_21_U(myproject_fifo_w8_d2_S)' using Shift Registers.
INFO: [RTMG 210-285] Implementing FIFO 'layer23_out_22_U(myproject_fifo_w8_d2_S)' using Shift Registers.
INFO: [RTMG 210-285] Implementing FIFO 'layer23_out_23_U(myproject_fifo_w8_d2_S)' using Shift Registers.
INFO: [RTMG 210-285] Implementing FIFO 'layer23_out_24_U(myproject_fifo_w8_d2_S)' using Shift Registers.
INFO: [RTMG 210-285] Implementing FIFO 'layer23_out_25_U(myproject_fifo_w8_d2_S)' using Shift Registers.
INFO: [RTMG 210-285] Implementing FIFO 'layer23_out_26_U(myproject_fifo_w8_d2_S)' using Shift Registers.
INFO: [RTMG 210-285] Implementing FIFO 'layer23_out_27_U(myproject_fifo_w8_d2_S)' using Shift Registers.
INFO: [RTMG 210-285] Implementing FIFO 'layer23_out_28_U(myproject_fifo_w8_d2_S)' using Shift Registers.
INFO: [RTMG 210-285] Implementing FIFO 'layer23_out_29_U(myproject_fifo_w8_d2_S)' using Shift Registers.
INFO: [RTMG 210-285] Implementing FIFO 'layer23_out_30_U(myproject_fifo_w8_d2_S)' using Shift Registers.
INFO: [RTMG 210-285] Implementing FIFO 'layer23_out_31_U(myproject_fifo_w8_d2_S)' using Shift Registers.
INFO: [RTMG 210-285] Implementing FIFO 'layer23_out_32_U(myproject_fifo_w8_d2_S)' using Shift Registers.
INFO: [RTMG 210-285] Implementing FIFO 'layer23_out_33_U(myproject_fifo_w8_d2_S)' using Shift Registers.
INFO: [RTMG 210-285] Implementing FIFO 'layer23_out_34_U(myproject_fifo_w8_d2_S)' using Shift Registers.
INFO: [RTMG 210-285] Implementing FIFO 'layer23_out_35_U(myproject_fifo_w8_d2_S)' using Shift Registers.
INFO: [RTMG 210-285] Implementing FIFO 'layer24_out_U(myproject_fifo_w16_d2_S)' using Shift Registers.
INFO: [RTMG 210-285] Implementing FIFO 'layer24_out_1_U(myproject_fifo_w16_d2_S)' using Shift Registers.
INFO: [RTMG 210-285] Implementing FIFO 'layer24_out_2_U(myproject_fifo_w16_d2_S)' using Shift Registers.
INFO: [RTMG 210-285] Implementing FIFO 'layer24_out_3_U(myproject_fifo_w16_d2_S)' using Shift Registers.
INFO: [RTMG 210-285] Implementing FIFO 'layer24_out_4_U(myproject_fifo_w16_d2_S)' using Shift Registers.
INFO: [RTMG 210-285] Implementing FIFO 'layer24_out_5_U(myproject_fifo_w16_d2_S)' using Shift Registers.
INFO: [RTMG 210-285] Implementing FIFO 'layer24_out_6_U(myproject_fifo_w16_d2_S)' using Shift Registers.
INFO: [RTMG 210-285] Implementing FIFO 'layer24_out_7_U(myproject_fifo_w16_d2_S)' using Shift Registers.
INFO: [RTMG 210-285] Implementing FIFO 'layer24_out_8_U(myproject_fifo_w16_d2_S)' using Shift Registers.
INFO: [RTMG 210-285] Implementing FIFO 'layer24_out_9_U(myproject_fifo_w16_d2_S)' using Shift Registers.
INFO: [RTMG 210-285] Implementing FIFO 'layer24_out_10_U(myproject_fifo_w16_d2_S)' using Shift Registers.
INFO: [RTMG 210-285] Implementing FIFO 'layer24_out_11_U(myproject_fifo_w16_d2_S)' using Shift Registers.
INFO: [RTMG 210-285] Implementing FIFO 'layer24_out_12_U(myproject_fifo_w16_d2_S)' using Shift Registers.
INFO: [RTMG 210-285] Implementing FIFO 'layer24_out_13_U(myproject_fifo_w16_d2_S)' using Shift Registers.
INFO: [RTMG 210-285] Implementing FIFO 'layer24_out_14_U(myproject_fifo_w16_d2_S)' using Shift Registers.
INFO: [RTMG 210-285] Implementing FIFO 'layer24_out_15_U(myproject_fifo_w16_d2_S)' using Shift Registers.
INFO: [RTMG 210-285] Implementing FIFO 'layer24_out_16_U(myproject_fifo_w16_d2_S)' using Shift Registers.
INFO: [RTMG 210-285] Implementing FIFO 'layer24_out_17_U(myproject_fifo_w16_d2_S)' using Shift Registers.
INFO: [RTMG 210-285] Implementing FIFO 'layer24_out_18_U(myproject_fifo_w16_d2_S)' using Shift Registers.
INFO: [RTMG 210-285] Implementing FIFO 'layer24_out_19_U(myproject_fifo_w16_d2_S)' using Shift Registers.
INFO: [RTMG 210-285] Implementing FIFO 'layer26_out_U(myproject_fifo_w8_d2_S)' using Shift Registers.
INFO: [RTMG 210-285] Implementing FIFO 'layer26_out_1_U(myproject_fifo_w8_d2_S)' using Shift Registers.
INFO: [RTMG 210-285] Implementing FIFO 'layer26_out_2_U(myproject_fifo_w8_d2_S)' using Shift Registers.
INFO: [RTMG 210-285] Implementing FIFO 'layer26_out_3_U(myproject_fifo_w8_d2_S)' using Shift Registers.
INFO: [RTMG 210-285] Implementing FIFO 'layer26_out_4_U(myproject_fifo_w8_d2_S)' using Shift Registers.
INFO: [RTMG 210-285] Implementing FIFO 'layer26_out_5_U(myproject_fifo_w8_d2_S)' using Shift Registers.
INFO: [RTMG 210-285] Implementing FIFO 'layer26_out_6_U(myproject_fifo_w8_d2_S)' using Shift Registers.
INFO: [RTMG 210-285] Implementing FIFO 'layer26_out_7_U(myproject_fifo_w8_d2_S)' using Shift Registers.
INFO: [RTMG 210-285] Implementing FIFO 'layer26_out_8_U(myproject_fifo_w8_d2_S)' using Shift Registers.
INFO: [RTMG 210-285] Implementing FIFO 'layer26_out_9_U(myproject_fifo_w8_d2_S)' using Shift Registers.
INFO: [RTMG 210-285] Implementing FIFO 'layer26_out_10_U(myproject_fifo_w8_d2_S)' using Shift Registers.
INFO: [RTMG 210-285] Implementing FIFO 'layer26_out_11_U(myproject_fifo_w8_d2_S)' using Shift Registers.
INFO: [RTMG 210-285] Implementing FIFO 'layer26_out_12_U(myproject_fifo_w8_d2_S)' using Shift Registers.
INFO: [RTMG 210-285] Implementing FIFO 'layer26_out_13_U(myproject_fifo_w8_d2_S)' using Shift Registers.
INFO: [RTMG 210-285] Implementing FIFO 'layer26_out_14_U(myproject_fifo_w8_d2_S)' using Shift Registers.
INFO: [RTMG 210-285] Implementing FIFO 'layer26_out_15_U(myproject_fifo_w8_d2_S)' using Shift Registers.
INFO: [RTMG 210-285] Implementing FIFO 'layer26_out_16_U(myproject_fifo_w8_d2_S)' using Shift Registers.
INFO: [RTMG 210-285] Implementing FIFO 'layer26_out_17_U(myproject_fifo_w8_d2_S)' using Shift Registers.
INFO: [RTMG 210-285] Implementing FIFO 'layer26_out_18_U(myproject_fifo_w8_d2_S)' using Shift Registers.
INFO: [RTMG 210-285] Implementing FIFO 'layer26_out_19_U(myproject_fifo_w8_d2_S)' using Shift Registers.
INFO: [RTMG 210-285] Implementing FIFO 'layer27_out_U(myproject_fifo_w16_d2_S)' using Shift Registers.
INFO: [HLS 200-111] Finished Creating RTL model: CPU user time: 3.97 seconds. CPU system time: 0.59 seconds. Elapsed time: 4.62 seconds; current allocated memory: 1.049 GB.
INFO: [HLS 200-111] Finished Generating all RTL models: CPU user time: 1.29 seconds. CPU system time: 0.19 seconds. Elapsed time: 1.48 seconds; current allocated memory: 1.074 GB.
INFO: [HLS 200-111] Finished Updating report files: CPU user time: 8.52 seconds. CPU system time: 0.09 seconds. Elapsed time: 8.64 seconds; current allocated memory: 1.146 GB.
INFO: [VHDL 208-304] Generating VHDL RTL for myproject.
INFO: [VLOG 209-307] Generating Verilog RTL for myproject.
INFO: [HLS 200-790] **** Loop Constraint Status: All loop constraints were NOT satisfied.
INFO: [HLS 200-789] **** Estimated Fmax: 61.29 MHz
INFO: [HLS 200-2161] Finished Command csynth_design Elapsed time: 00:01:48; Allocated memory: 840.191 MB.
***** C/RTL SYNTHESIS COMPLETED IN 0h1m48s *****
***** VIVADO SYNTHESIS *****

****** Vivado v2024.1 (64-bit)
  **** SW Build 5076996 on Wed May 22 18:36:09 MDT 2024
  **** IP Build 5075265 on Wed May 22 21:45:21 MDT 2024
  **** SharedData Build 5076995 on Wed May 22 18:29:18 MDT 2024
  **** Start of session at: Tue Aug 11 05:46:51 2026
    ** Copyright 1986-2022 Xilinx, Inc. All Rights Reserved.
    ** Copyright 2022-2024 Advanced Micro Devices, Inc. All Rights Reserved.

source vivado_synth.tcl
# set tcldir [file dirname [info script]]
# source [file join $tcldir project.tcl]
## variable project_name
## set project_name "myproject"
## variable backend
## set backend "vivado"
## variable part
## set part "xc7z020clg400-1"
## variable clock_period
## set clock_period 20
## variable clock_uncertainty
## set clock_uncertainty 12.5%
## variable version
## set version "1.0.0"
# add_files ${project_name}_prj/solution1/syn/vhdl
add_files: Time (s): cpu = 00:00:06 ; elapsed = 00:00:06 . Memory (MB): peak = 1674.070 ; gain = 42.836 ; free physical = 65267 ; free virtual = 194556
# synth_design -top ${project_name} -part $part
Command: synth_design -top myproject -part xc7z020clg400-1
Starting synth_design
Attempting to get a license for feature 'Synthesis' and/or device 'xc7z020'
INFO: [Common 17-349] Got license for feature 'Synthesis' and/or device 'xc7z020'
INFO: [Synth 8-7079] Multithreading enabled for synth_design using a maximum of 4 processes.
INFO: [Synth 8-7078] Launching helper process for spawning children vivado processes
INFO: [Synth 8-7075] Helper process launched with PID 3524077
---------------------------------------------------------------------------------
Starting Synthesize : Time (s): cpu = 00:00:04 ; elapsed = 00:00:04 . Memory (MB): peak = 2107.660 ; gain = 427.508 ; free physical = 64610 ; free virtual = 193972
---------------------------------------------------------------------------------
INFO: [Synth 8-638] synthesizing module 'myproject' [/home/dabadjiev/smartpixels_ml_dsabadjiev/Muon_Collider_Smart_Pixels/eric/Results_June2026_99SigEff/model2.5_fin_results/model2_5_10bit_normalised_selected/pareto_primary/hls_outputs_vsynth/hls_model_trial_065/myproject_prj/solution1/syn/vhdl/myproject.vhd:205]
INFO: [Synth 8-3491] module 'myproject_linear_ap_fixed_16_6_5_3_0_ap_fixed_12_1_4_0_0_linear_config3_s' declared at '/home/dabadjiev/smartpixels_ml_dsabadjiev/Muon_Collider_Smart_Pixels/eric/Results_June2026_99SigEff/model2.5_fin_results/model2_5_10bit_normalised_selected/pareto_primary/hls_outputs_vsynth/hls_model_trial_065/myproject_prj/solution1/syn/vhdl/myproject_linear_ap_fixed_16_6_5_3_0_ap_fixed_12_1_4_0_0_linear_config3_s.vhd:11' bound to instance 'linear_ap_fixed_16_6_5_3_0_ap_fixed_12_1_4_0_0_linear_config3_U0' of component 'myproject_linear_ap_fixed_16_6_5_3_0_ap_fixed_12_1_4_0_0_linear_config3_s' [/home/dabadjiev/smartpixels_ml_dsabadjiev/Muon_Collider_Smart_Pixels/eric/Results_June2026_99SigEff/model2.5_fin_results/model2_5_10bit_normalised_selected/pareto_primary/hls_outputs_vsynth/hls_model_trial_065/myproject_prj/solution1/syn/vhdl/myproject.vhd:5403]
INFO: [Synth 8-638] synthesizing module 'myproject_linear_ap_fixed_16_6_5_3_0_ap_fixed_12_1_4_0_0_linear_config3_s' [/home/dabadjiev/smartpixels_ml_dsabadjiev/Muon_Collider_Smart_Pixels/eric/Results_June2026_99SigEff/model2.5_fin_results/model2_5_10bit_normalised_selected/pareto_primary/hls_outputs_vsynth/hls_model_trial_065/myproject_prj/solution1/syn/vhdl/myproject_linear_ap_fixed_16_6_5_3_0_ap_fixed_12_1_4_0_0_linear_config3_s.vhd:47]
INFO: [Synth 8-256] done synthesizing module 'myproject_linear_ap_fixed_16_6_5_3_0_ap_fixed_12_1_4_0_0_linear_config3_s' (0#1) [/home/dabadjiev/smartpixels_ml_dsabadjiev/Muon_Collider_Smart_Pixels/eric/Results_June2026_99SigEff/model2.5_fin_results/model2_5_10bit_normalised_selected/pareto_primary/hls_outputs_vsynth/hls_model_trial_065/myproject_prj/solution1/syn/vhdl/myproject_linear_ap_fixed_16_6_5_3_0_ap_fixed_12_1_4_0_0_linear_config3_s.vhd:47]
INFO: [Synth 8-3491] module 'myproject_linear_ap_fixed_16_6_5_3_0_ap_fixed_12_1_4_0_0_linear_config4_s' declared at '/home/dabadjiev/smartpixels_ml_dsabadjiev/Muon_Collider_Smart_Pixels/eric/Results_June2026_99SigEff/model2.5_fin_results/model2_5_10bit_normalised_selected/pareto_primary/hls_outputs_vsynth/hls_model_trial_065/myproject_prj/solution1/syn/vhdl/myproject_linear_ap_fixed_16_6_5_3_0_ap_fixed_12_1_4_0_0_linear_config4_s.vhd:11' bound to instance 'linear_ap_fixed_16_6_5_3_0_ap_fixed_12_1_4_0_0_linear_config4_U0' of component 'myproject_linear_ap_fixed_16_6_5_3_0_ap_fixed_12_1_4_0_0_linear_config4_s' [/home/dabadjiev/smartpixels_ml_dsabadjiev/Muon_Collider_Smart_Pixels/eric/Results_June2026_99SigEff/model2.5_fin_results/model2_5_10bit_normalised_selected/pareto_primary/hls_outputs_vsynth/hls_model_trial_065/myproject_prj/solution1/syn/vhdl/myproject.vhd:5437]
INFO: [Synth 8-638] synthesizing module 'myproject_linear_ap_fixed_16_6_5_3_0_ap_fixed_12_1_4_0_0_linear_config4_s' [/home/dabadjiev/smartpixels_ml_dsabadjiev/Muon_Collider_Smart_Pixels/eric/Results_June2026_99SigEff/model2.5_fin_results/model2_5_10bit_normalised_selected/pareto_primary/hls_outputs_vsynth/hls_model_trial_065/myproject_prj/solution1/syn/vhdl/myproject_linear_ap_fixed_16_6_5_3_0_ap_fixed_12_1_4_0_0_linear_config4_s.vhd:39]
INFO: [Synth 8-256] done synthesizing module 'myproject_linear_ap_fixed_16_6_5_3_0_ap_fixed_12_1_4_0_0_linear_config4_s' (0#1) [/home/dabadjiev/smartpixels_ml_dsabadjiev/Muon_Collider_Smart_Pixels/eric/Results_June2026_99SigEff/model2.5_fin_results/model2_5_10bit_normalised_selected/pareto_primary/hls_outputs_vsynth/hls_model_trial_065/myproject_prj/solution1/syn/vhdl/myproject_linear_ap_fixed_16_6_5_3_0_ap_fixed_12_1_4_0_0_linear_config4_s.vhd:39]
INFO: [Synth 8-3491] module 'myproject_concatenate1d_ap_fixed_ap_fixed_ap_fixed_16_6_5_3_0_config8_s' declared at '/home/dabadjiev/smartpixels_ml_dsabadjiev/Muon_Collider_Smart_Pixels/eric/Results_June2026_99SigEff/model2.5_fin_results/model2_5_10bit_normalised_selected/pareto_primary/hls_outputs_vsynth/hls_model_trial_065/myproject_prj/solution1/syn/vhdl/myproject_concatenate1d_ap_fixed_ap_fixed_ap_fixed_16_6_5_3_0_config8_s.vhd:11' bound to instance 'concatenate1d_ap_fixed_ap_fixed_ap_fixed_16_6_5_3_0_config8_U0' of component 'myproject_concatenate1d_ap_fixed_ap_fixed_ap_fixed_16_6_5_3_0_config8_s' [/home/dabadjiev/smartpixels_ml_dsabadjiev/Muon_Collider_Smart_Pixels/eric/Results_June2026_99SigEff/model2.5_fin_results/model2_5_10bit_normalised_selected/pareto_primary/hls_outputs_vsynth/hls_model_trial_065/myproject_prj/solution1/syn/vhdl/myproject.vhd:5463]
INFO: [Synth 8-638] synthesizing module 'myproject_concatenate1d_ap_fixed_ap_fixed_ap_fixed_16_6_5_3_0_config8_s' [/home/dabadjiev/smartpixels_ml_dsabadjiev/Muon_Collider_Smart_Pixels/eric/Results_June2026_99SigEff/model2.5_fin_results/model2_5_10bit_normalised_selected/pareto_primary/hls_outputs_vsynth/hls_model_trial_065/myproject_prj/solution1/syn/vhdl/myproject_concatenate1d_ap_fixed_ap_fixed_ap_fixed_16_6_5_3_0_config8_s.vhd:92]
INFO: [Synth 8-256] done synthesizing module 'myproject_concatenate1d_ap_fixed_ap_fixed_ap_fixed_16_6_5_3_0_config8_s' (0#1) [/home/dabadjiev/smartpixels_ml_dsabadjiev/Muon_Collider_Smart_Pixels/eric/Results_June2026_99SigEff/model2.5_fin_results/model2_5_10bit_normalised_selected/pareto_primary/hls_outputs_vsynth/hls_model_trial_065/myproject_prj/solution1/syn/vhdl/myproject_concatenate1d_ap_fixed_ap_fixed_ap_fixed_16_6_5_3_0_config8_s.vhd:92]
INFO: [Synth 8-3491] module 'myproject_linear_ap_fixed_16_6_5_3_0_ap_fixed_12_1_4_0_0_linear_config9_s' declared at '/home/dabadjiev/smartpixels_ml_dsabadjiev/Muon_Collider_Smart_Pixels/eric/Results_June2026_99SigEff/model2.5_fin_results/model2_5_10bit_normalised_selected/pareto_primary/hls_outputs_vsynth/hls_model_trial_065/myproject_prj/solution1/syn/vhdl/myproject_linear_ap_fixed_16_6_5_3_0_ap_fixed_12_1_4_0_0_linear_config9_s.vhd:11' bound to instance 'linear_ap_fixed_16_6_5_3_0_ap_fixed_12_1_4_0_0_linear_config9_U0' of component 'myproject_linear_ap_fixed_16_6_5_3_0_ap_fixed_12_1_4_0_0_linear_config9_s' [/home/dabadjiev/smartpixels_ml_dsabadjiev/Muon_Collider_Smart_Pixels/eric/Results_June2026_99SigEff/model2.5_fin_results/model2_5_10bit_normalised_selected/pareto_primary/hls_outputs_vsynth/hls_model_trial_065/myproject_prj/solution1/syn/vhdl/myproject.vhd:5542]
INFO: [Synth 8-638] synthesizing module 'myproject_linear_ap_fixed_16_6_5_3_0_ap_fixed_12_1_4_0_0_linear_config9_s' [/home/dabadjiev/smartpixels_ml_dsabadjiev/Muon_Collider_Smart_Pixels/eric/Results_June2026_99SigEff/model2.5_fin_results/model2_5_10bit_normalised_selected/pareto_primary/hls_outputs_vsynth/hls_model_trial_065/myproject_prj/solution1/syn/vhdl/myproject_linear_ap_fixed_16_6_5_3_0_ap_fixed_12_1_4_0_0_linear_config9_s.vhd:27]
INFO: [Synth 8-256] done synthesizing module 'myproject_linear_ap_fixed_16_6_5_3_0_ap_fixed_12_1_4_0_0_linear_config9_s' (0#1) [/home/dabadjiev/smartpixels_ml_dsabadjiev/Muon_Collider_Smart_Pixels/eric/Results_June2026_99SigEff/model2.5_fin_results/model2_5_10bit_normalised_selected/pareto_primary/hls_outputs_vsynth/hls_model_trial_065/myproject_prj/solution1/syn/vhdl/myproject_linear_ap_fixed_16_6_5_3_0_ap_fixed_12_1_4_0_0_linear_config9_s.vhd:27]
INFO: [Synth 8-3491] module 'myproject_linear_ap_fixed_16_6_5_3_0_ap_fixed_12_1_4_0_0_linear_config10_s' declared at '/home/dabadjiev/smartpixels_ml_dsabadjiev/Muon_Collider_Smart_Pixels/eric/Results_June2026_99SigEff/model2.5_fin_results/model2_5_10bit_normalised_selected/pareto_primary/hls_outputs_vsynth/hls_model_trial_065/myproject_prj/solution1/syn/vhdl/myproject_linear_ap_fixed_16_6_5_3_0_ap_fixed_12_1_4_0_0_linear_config10_s.vhd:11' bound to instance 'linear_ap_fixed_16_6_5_3_0_ap_fixed_12_1_4_0_0_linear_config10_U0' of component 'myproject_linear_ap_fixed_16_6_5_3_0_ap_fixed_12_1_4_0_0_linear_config10_s' [/home/dabadjiev/smartpixels_ml_dsabadjiev/Muon_Collider_Smart_Pixels/eric/Results_June2026_99SigEff/model2.5_fin_results/model2_5_10bit_normalised_selected/pareto_primary/hls_outputs_vsynth/hls_model_trial_065/myproject_prj/solution1/syn/vhdl/myproject.vhd:5556]
INFO: [Synth 8-638] synthesizing module 'myproject_linear_ap_fixed_16_6_5_3_0_ap_fixed_12_1_4_0_0_linear_config10_s' [/home/dabadjiev/smartpixels_ml_dsabadjiev/Muon_Collider_Smart_Pixels/eric/Results_June2026_99SigEff/model2.5_fin_results/model2_5_10bit_normalised_selected/pareto_primary/hls_outputs_vsynth/hls_model_trial_065/myproject_prj/solution1/syn/vhdl/myproject_linear_ap_fixed_16_6_5_3_0_ap_fixed_12_1_4_0_0_linear_config10_s.vhd:27]
INFO: [Synth 8-256] done synthesizing module 'myproject_linear_ap_fixed_16_6_5_3_0_ap_fixed_12_1_4_0_0_linear_config10_s' (0#1) [/home/dabadjiev/smartpixels_ml_dsabadjiev/Muon_Collider_Smart_Pixels/eric/Results_June2026_99SigEff/model2.5_fin_results/model2_5_10bit_normalised_selected/pareto_primary/hls_outputs_vsynth/hls_model_trial_065/myproject_prj/solution1/syn/vhdl/myproject_linear_ap_fixed_16_6_5_3_0_ap_fixed_12_1_4_0_0_linear_config10_s.vhd:27]
INFO: [Synth 8-3491] module 'myproject_linear_ap_fixed_16_6_5_3_0_ap_fixed_12_1_4_0_0_linear_config11_s' declared at '/home/dabadjiev/smartpixels_ml_dsabadjiev/Muon_Collider_Smart_Pixels/eric/Results_June2026_99SigEff/model2.5_fin_results/model2_5_10bit_normalised_selected/pareto_primary/hls_outputs_vsynth/hls_model_trial_065/myproject_prj/solution1/syn/vhdl/myproject_linear_ap_fixed_16_6_5_3_0_ap_fixed_12_1_4_0_0_linear_config11_s.vhd:11' bound to instance 'linear_ap_fixed_16_6_5_3_0_ap_fixed_12_1_4_0_0_linear_config11_U0' of component 'myproject_linear_ap_fixed_16_6_5_3_0_ap_fixed_12_1_4_0_0_linear_config11_s' [/home/dabadjiev/smartpixels_ml_dsabadjiev/Muon_Collider_Smart_Pixels/eric/Results_June2026_99SigEff/model2.5_fin_results/model2_5_10bit_normalised_selected/pareto_primary/hls_outputs_vsynth/hls_model_trial_065/myproject_prj/solution1/syn/vhdl/myproject.vhd:5570]
INFO: [Synth 8-638] synthesizing module 'myproject_linear_ap_fixed_16_6_5_3_0_ap_fixed_12_1_4_0_0_linear_config11_s' [/home/dabadjiev/smartpixels_ml_dsabadjiev/Muon_Collider_Smart_Pixels/eric/Results_June2026_99SigEff/model2.5_fin_results/model2_5_10bit_normalised_selected/pareto_primary/hls_outputs_vsynth/hls_model_trial_065/myproject_prj/solution1/syn/vhdl/myproject_linear_ap_fixed_16_6_5_3_0_ap_fixed_12_1_4_0_0_linear_config11_s.vhd:27]
INFO: [Synth 8-256] done synthesizing module 'myproject_linear_ap_fixed_16_6_5_3_0_ap_fixed_12_1_4_0_0_linear_config11_s' (0#1) [/home/dabadjiev/smartpixels_ml_dsabadjiev/Muon_Collider_Smart_Pixels/eric/Results_June2026_99SigEff/model2.5_fin_results/model2_5_10bit_normalised_selected/pareto_primary/hls_outputs_vsynth/hls_model_trial_065/myproject_prj/solution1/syn/vhdl/myproject_linear_ap_fixed_16_6_5_3_0_ap_fixed_12_1_4_0_0_linear_config11_s.vhd:27]
INFO: [Synth 8-3491] module 'myproject_concatenate1d_ap_fixed_ap_fixed_ap_fixed_16_6_5_3_0_config12_s' declared at '/home/dabadjiev/smartpixels_ml_dsabadjiev/Muon_Collider_Smart_Pixels/eric/Results_June2026_99SigEff/model2.5_fin_results/model2_5_10bit_normalised_selected/pareto_primary/hls_outputs_vsynth/hls_model_trial_065/myproject_prj/solution1/syn/vhdl/myproject_concatenate1d_ap_fixed_ap_fixed_ap_fixed_16_6_5_3_0_config12_s.vhd:11' bound to instance 'concatenate1d_ap_fixed_ap_fixed_ap_fixed_16_6_5_3_0_config12_U0' of component 'myproject_concatenate1d_ap_fixed_ap_fixed_ap_fixed_16_6_5_3_0_config12_s' [/home/dabadjiev/smartpixels_ml_dsabadjiev/Muon_Collider_Smart_Pixels/eric/Results_June2026_99SigEff/model2.5_fin_results/model2_5_10bit_normalised_selected/pareto_primary/hls_outputs_vsynth/hls_model_trial_065/myproject_prj/solution1/syn/vhdl/myproject.vhd:5584]
INFO: [Synth 8-638] synthesizing module 'myproject_concatenate1d_ap_fixed_ap_fixed_ap_fixed_16_6_5_3_0_config12_s' [/home/dabadjiev/smartpixels_ml_dsabadjiev/Muon_Collider_Smart_Pixels/eric/Results_June2026_99SigEff/model2.5_fin_results/model2_5_10bit_normalised_selected/pareto_primary/hls_outputs_vsynth/hls_model_trial_065/myproject_prj/solution1/syn/vhdl/myproject_concatenate1d_ap_fixed_ap_fixed_ap_fixed_16_6_5_3_0_config12_s.vhd:94]
INFO: [Synth 8-256] done synthesizing module 'myproject_concatenate1d_ap_fixed_ap_fixed_ap_fixed_16_6_5_3_0_config12_s' (0#1) [/home/dabadjiev/smartpixels_ml_dsabadjiev/Muon_Collider_Smart_Pixels/eric/Results_June2026_99SigEff/model2.5_fin_results/model2_5_10bit_normalised_selected/pareto_primary/hls_outputs_vsynth/hls_model_trial_065/myproject_prj/solution1/syn/vhdl/myproject_concatenate1d_ap_fixed_ap_fixed_ap_fixed_16_6_5_3_0_config12_s.vhd:94]
INFO: [Synth 8-3491] module 'myproject_concatenate1d_ap_fixed_ap_fixed_ap_fixed_16_6_5_3_0_config13_s' declared at '/home/dabadjiev/smartpixels_ml_dsabadjiev/Muon_Collider_Smart_Pixels/eric/Results_June2026_99SigEff/model2.5_fin_results/model2_5_10bit_normalised_selected/pareto_primary/hls_outputs_vsynth/hls_model_trial_065/myproject_prj/solution1/syn/vhdl/myproject_concatenate1d_ap_fixed_ap_fixed_ap_fixed_16_6_5_3_0_config13_s.vhd:11' bound to instance 'concatenate1d_ap_fixed_ap_fixed_ap_fixed_16_6_5_3_0_config13_U0' of component 'myproject_concatenate1d_ap_fixed_ap_fixed_ap_fixed_16_6_5_3_0_config13_s' [/home/dabadjiev/smartpixels_ml_dsabadjiev/Muon_Collider_Smart_Pixels/eric/Results_June2026_99SigEff/model2.5_fin_results/model2_5_10bit_normalised_selected/pareto_primary/hls_outputs_vsynth/hls_model_trial_065/myproject_prj/solution1/syn/vhdl/myproject.vhd:5665]
INFO: [Synth 8-638] synthesizing module 'myproject_concatenate1d_ap_fixed_ap_fixed_ap_fixed_16_6_5_3_0_config13_s' [/home/dabadjiev/smartpixels_ml_dsabadjiev/Muon_Collider_Smart_Pixels/eric/Results_June2026_99SigEff/model2.5_fin_results/model2_5_10bit_normalised_selected/pareto_primary/hls_outputs_vsynth/hls_model_trial_065/myproject_prj/solution1/syn/vhdl/myproject_concatenate1d_ap_fixed_ap_fixed_ap_fixed_16_6_5_3_0_config13_s.vhd:28]
INFO: [Synth 8-256] done synthesizing module 'myproject_concatenate1d_ap_fixed_ap_fixed_ap_fixed_16_6_5_3_0_config13_s' (0#1) [/home/dabadjiev/smartpixels_ml_dsabadjiev/Muon_Collider_Smart_Pixels/eric/Results_June2026_99SigEff/model2.5_fin_results/model2_5_10bit_normalised_selected/pareto_primary/hls_outputs_vsynth/hls_model_trial_065/myproject_prj/solution1/syn/vhdl/myproject_concatenate1d_ap_fixed_ap_fixed_ap_fixed_16_6_5_3_0_config13_s.vhd:28]
INFO: [Synth 8-3491] module 'myproject_dense_resource_ap_fixed_16_6_5_3_0_ap_fixed_16_6_5_3_0_config14_s' declared at '/home/dabadjiev/smartpixels_ml_dsabadjiev/Muon_Collider_Smart_Pixels/eric/Results_June2026_99SigEff/model2.5_fin_results/model2_5_10bit_normalised_selected/pareto_primary/hls_outputs_vsynth/hls_model_trial_065/myproject_prj/solution1/syn/vhdl/myproject_dense_resource_ap_fixed_16_6_5_3_0_ap_fixed_16_6_5_3_0_config14_s.vhd:11' bound to instance 'dense_resource_ap_fixed_16_6_5_3_0_ap_fixed_16_6_5_3_0_config14_U0' of component 'myproject_dense_resource_ap_fixed_16_6_5_3_0_ap_fixed_16_6_5_3_0_config14_s' [/home/dabadjiev/smartpixels_ml_dsabadjiev/Muon_Collider_Smart_Pixels/eric/Results_June2026_99SigEff/model2.5_fin_results/model2_5_10bit_normalised_selected/pareto_primary/hls_outputs_vsynth/hls_model_trial_065/myproject_prj/solution1/syn/vhdl/myproject.vhd:5680]
INFO: [Synth 8-638] synthesizing module 'myproject_dense_resource_ap_fixed_16_6_5_3_0_ap_fixed_16_6_5_3_0_config14_s' [/home/dabadjiev/smartpixels_ml_dsabadjiev/Muon_Collider_Smart_Pixels/eric/Results_June2026_99SigEff/model2.5_fin_results/model2_5_10bit_normalised_selected/pareto_primary/hls_outputs_vsynth/hls_model_trial_065/myproject_prj/solution1/syn/vhdl/myproject_dense_resource_ap_fixed_16_6_5_3_0_ap_fixed_16_6_5_3_0_config14_s.vhd:176]
	Parameter ID bound to: 1 - type: integer 
	Parameter NUM_STAGE bound to: 1 - type: integer 
	Parameter CASE0 bound to: 3'b000 
	Parameter din0_WIDTH bound to: 11 - type: integer 
	Parameter CASE1 bound to: 3'b001 
	Parameter din1_WIDTH bound to: 11 - type: integer 
	Parameter CASE2 bound to: 3'b010 
	Parameter din2_WIDTH bound to: 11 - type: integer 
	Parameter CASE3 bound to: 3'b011 
	Parameter din3_WIDTH bound to: 11 - type: integer 
	Parameter CASE4 bound to: 3'b100 
	Parameter din4_WIDTH bound to: 11 - type: integer 
	Parameter CASE5 bound to: 3'b101 
	Parameter din5_WIDTH bound to: 11 - type: integer 
	Parameter CASE6 bound to: 3'b110 
	Parameter din6_WIDTH bound to: 11 - type: integer 
	Parameter def_WIDTH bound to: 11 - type: integer 
	Parameter sel_WIDTH bound to: 3 - type: integer 
	Parameter dout_WIDTH bound to: 11 - type: integer 
INFO: [Synth 8-3491] module 'myproject_sparsemux_15_3_11_1_1' declared at '/home/dabadjiev/smartpixels_ml_dsabadjiev/Muon_Collider_Smart_Pixels/eric/Results_June2026_99SigEff/model2.5_fin_results/model2_5_10bit_normalised_selected/pareto_primary/hls_outputs_vsynth/hls_model_trial_065/myproject_prj/solution1/syn/vhdl/myproject_sparsemux_15_3_11_1_1.vhd:12' bound to instance 'sparsemux_15_3_11_1_1_U77' of component 'myproject_sparsemux_15_3_11_1_1' [/home/dabadjiev/smartpixels_ml_dsabadjiev/Muon_Collider_Smart_Pixels/eric/Results_June2026_99SigEff/model2.5_fin_results/model2_5_10bit_normalised_selected/pareto_primary/hls_outputs_vsynth/hls_model_trial_065/myproject_prj/solution1/syn/vhdl/myproject_dense_resource_ap_fixed_16_6_5_3_0_ap_fixed_16_6_5_3_0_config14_s.vhd:4935]
INFO: [Synth 8-638] synthesizing module 'myproject_sparsemux_15_3_11_1_1' [/home/dabadjiev/smartpixels_ml_dsabadjiev/Muon_Collider_Smart_Pixels/eric/Results_June2026_99SigEff/model2.5_fin_results/model2_5_10bit_normalised_selected/pareto_primary/hls_outputs_vsynth/hls_model_trial_065/myproject_prj/solution1/syn/vhdl/myproject_sparsemux_15_3_11_1_1.vhd:73]
	Parameter din0_WIDTH bound to: 11 - type: integer 
	Parameter din1_WIDTH bound to: 11 - type: integer 
	Parameter din2_WIDTH bound to: 11 - type: integer 
	Parameter din3_WIDTH bound to: 11 - type: integer 
	Parameter din4_WIDTH bound to: 11 - type: integer 
	Parameter din5_WIDTH bound to: 11 - type: integer 
	Parameter din6_WIDTH bound to: 11 - type: integer 
	Parameter def_WIDTH bound to: 11 - type: integer 
	Parameter sel_WIDTH bound to: 3 - type: integer 
	Parameter dout_WIDTH bound to: 11 - type: integer 
	Parameter CASE0 bound to: 3'b000 
	Parameter CASE1 bound to: 3'b001 
	Parameter CASE2 bound to: 3'b010 
	Parameter CASE3 bound to: 3'b011 
	Parameter CASE4 bound to: 3'b100 
	Parameter CASE5 bound to: 3'b101 
	Parameter CASE6 bound to: 3'b110 
	Parameter ID bound to: 1 - type: integer 
	Parameter NUM_STAGE bound to: 1 - type: integer 
WARNING: [Synth 8-614] signal 'def' is read in the process but is not in the sensitivity list [/home/dabadjiev/smartpixels_ml_dsabadjiev/Muon_Collider_Smart_Pixels/eric/Results_June2026_99SigEff/model2.5_fin_results/model2_5_10bit_normalised_selected/pareto_primary/hls_outputs_vsynth/hls_model_trial_065/myproject_prj/solution1/syn/vhdl/myproject_sparsemux_15_3_11_1_1.vhd:79]
INFO: [Synth 8-256] done synthesizing module 'myproject_sparsemux_15_3_11_1_1' (0#1) [/home/dabadjiev/smartpixels_ml_dsabadjiev/Muon_Collider_Smart_Pixels/eric/Results_June2026_99SigEff/model2.5_fin_results/model2_5_10bit_normalised_selected/pareto_primary/hls_outputs_vsynth/hls_model_trial_065/myproject_prj/solution1/syn/vhdl/myproject_sparsemux_15_3_11_1_1.vhd:73]
	Parameter ID bound to: 1 - type: integer 
	Parameter NUM_STAGE bound to: 1 - type: integer 
	Parameter din0_WIDTH bound to: 11 - type: integer 
	Parameter din1_WIDTH bound to: 10 - type: integer 
	Parameter dout_WIDTH bound to: 21 - type: integer 
INFO: [Synth 8-3491] module 'myproject_mul_11s_10s_21_1_1' declared at '/home/dabadjiev/smartpixels_ml_dsabadjiev/Muon_Collider_Smart_Pixels/eric/Results_June2026_99SigEff/model2.5_fin_results/model2_5_10bit_normalised_selected/pareto_primary/hls_outputs_vsynth/hls_model_trial_065/myproject_prj/solution1/syn/vhdl/myproject_mul_11s_10s_21_1_1.vhd:7' bound to instance 'mul_11s_10s_21_1_1_U78' of component 'myproject_mul_11s_10s_21_1_1' [/home/dabadjiev/smartpixels_ml_dsabadjiev/Muon_Collider_Smart_Pixels/eric/Results_June2026_99SigEff/model2.5_fin_results/model2_5_10bit_normalised_selected/pareto_primary/hls_outputs_vsynth/hls_model_trial_065/myproject_prj/solution1/syn/vhdl/myproject_dense_resource_ap_fixed_16_6_5_3_0_ap_fixed_16_6_5_3_0_config14_s.vhd:4968]
INFO: [Synth 8-638] synthesizing module 'myproject_mul_11s_10s_21_1_1' [/home/dabadjiev/smartpixels_ml_dsabadjiev/Muon_Collider_Smart_Pixels/eric/Results_June2026_99SigEff/model2.5_fin_results/model2_5_10bit_normalised_selected/pareto_primary/hls_outputs_vsynth/hls_model_trial_065/myproject_prj/solution1/syn/vhdl/myproject_mul_11s_10s_21_1_1.vhd:26]
	Parameter ID bound to: 1 - type: integer 
	Parameter NUM_STAGE bound to: 1 - type: integer 
	Parameter din0_WIDTH bound to: 11 - type: integer 
	Parameter din1_WIDTH bound to: 10 - type: integer 
	Parameter dout_WIDTH bound to: 21 - type: integer 
INFO: [Synth 8-256] done synthesizing module 'myproject_mul_11s_10s_21_1_1' (0#1) [/home/dabadjiev/smartpixels_ml_dsabadjiev/Muon_Collider_Smart_Pixels/eric/Results_June2026_99SigEff/model2.5_fin_results/model2_5_10bit_normalised_selected/pareto_primary/hls_outputs_vsynth/hls_model_trial_065/myproject_prj/solution1/syn/vhdl/myproject_mul_11s_10s_21_1_1.vhd:26]
	Parameter ID bound to: 1 - type: integer 
	Parameter NUM_STAGE bound to: 1 - type: integer 
	Parameter CASE0 bound to: 3'b000 
	Parameter din0_WIDTH bound to: 11 - type: integer 
	Parameter CASE1 bound to: 3'b001 
	Parameter din1_WIDTH bound to: 11 - type: integer 
	Parameter CASE2 bound to: 3'b010 
	Parameter din2_WIDTH bound to: 11 - type: integer 
	Parameter CASE3 bound to: 3'b011 
	Parameter din3_WIDTH bound to: 11 - type: integer 
	Parameter CASE4 bound to: 3'b100 
	Parameter din4_WIDTH bound to: 11 - type: integer 
	Parameter CASE5 bound to: 3'b101 
	Parameter din5_WIDTH bound to: 11 - type: integer 
	Parameter CASE6 bound to: 3'b110 
	Parameter din6_WIDTH bound to: 11 - type: integer 
	Parameter def_WIDTH bound to: 11 - type: integer 
	Parameter sel_WIDTH bound to: 3 - type: integer 
	Parameter dout_WIDTH bound to: 11 - type: integer 
INFO: [Synth 8-3491] module 'myproject_sparsemux_15_3_11_1_1' declared at '/home/dabadjiev/smartpixels_ml_dsabadjiev/Muon_Collider_Smart_Pixels/eric/Results_June2026_99SigEff/model2.5_fin_results/model2_5_10bit_normalised_selected/pareto_primary/hls_outputs_vsynth/hls_model_trial_065/myproject_prj/solution1/syn/vhdl/myproject_sparsemux_15_3_11_1_1.vhd:12' bound to instance 'sparsemux_15_3_11_1_1_U79' of component 'myproject_sparsemux_15_3_11_1_1' [/home/dabadjiev/smartpixels_ml_dsabadjiev/Muon_Collider_Smart_Pixels/eric/Results_June2026_99SigEff/model2.5_fin_results/model2_5_10bit_normalised_selected/pareto_primary/hls_outputs_vsynth/hls_model_trial_065/myproject_prj/solution1/syn/vhdl/myproject_dense_resource_ap_fixed_16_6_5_3_0_ap_fixed_16_6_5_3_0_config14_s.vhd:4980]
	Parameter ID bound to: 1 - type: integer 
	Parameter NUM_STAGE bound to: 1 - type: integer 
	Parameter din0_WIDTH bound to: 11 - type: integer 
	Parameter din1_WIDTH bound to: 10 - type: integer 
	Parameter dout_WIDTH bound to: 21 - type: integer 
INFO: [Synth 8-3491] module 'myproject_mul_11s_10s_21_1_1' declared at '/home/dabadjiev/smartpixels_ml_dsabadjiev/Muon_Collider_Smart_Pixels/eric/Results_June2026_99SigEff/model2.5_fin_results/model2_5_10bit_normalised_selected/pareto_primary/hls_outputs_vsynth/hls_model_trial_065/myproject_prj/solution1/syn/vhdl/myproject_mul_11s_10s_21_1_1.vhd:7' bound to instance 'mul_11s_10s_21_1_1_U80' of component 'myproject_mul_11s_10s_21_1_1' [/home/dabadjiev/smartpixels_ml_dsabadjiev/Muon_Collider_Smart_Pixels/eric/Results_June2026_99SigEff/model2.5_fin_results/model2_5_10bit_normalised_selected/pareto_primary/hls_outputs_vsynth/hls_model_trial_065/myproject_prj/solution1/syn/vhdl/myproject_dense_resource_ap_fixed_16_6_5_3_0_ap_fixed_16_6_5_3_0_config14_s.vhd:5013]
	Parameter ID bound to: 1 - type: integer 
	Parameter NUM_STAGE bound to: 1 - type: integer 
	Parameter CASE0 bound to: 3'b000 
	Parameter din0_WIDTH bound to: 11 - type: integer 
	Parameter CASE1 bound to: 3'b001 
	Parameter din1_WIDTH bound to: 11 - type: integer 
	Parameter CASE2 bound to: 3'b010 
	Parameter din2_WIDTH bound to: 11 - type: integer 
	Parameter CASE3 bound to: 3'b011 
	Parameter din3_WIDTH bound to: 11 - type: integer 
	Parameter CASE4 bound to: 3'b100 
	Parameter din4_WIDTH bound to: 11 - type: integer 
	Parameter CASE5 bound to: 3'b101 
	Parameter din5_WIDTH bound to: 11 - type: integer 
	Parameter CASE6 bound to: 3'b110 
	Parameter din6_WIDTH bound to: 11 - type: integer 
	Parameter def_WIDTH bound to: 11 - type: integer 
	Parameter sel_WIDTH bound to: 3 - type: integer 
	Parameter dout_WIDTH bound to: 11 - type: integer 
INFO: [Synth 8-3491] module 'myproject_sparsemux_15_3_11_1_1' declared at '/home/dabadjiev/smartpixels_ml_dsabadjiev/Muon_Collider_Smart_Pixels/eric/Results_June2026_99SigEff/model2.5_fin_results/model2_5_10bit_normalised_selected/pareto_primary/hls_outputs_vsynth/hls_model_trial_065/myproject_prj/solution1/syn/vhdl/myproject_sparsemux_15_3_11_1_1.vhd:12' bound to instance 'sparsemux_15_3_11_1_1_U81' of component 'myproject_sparsemux_15_3_11_1_1' [/home/dabadjiev/smartpixels_ml_dsabadjiev/Muon_Collider_Smart_Pixels/eric/Results_June2026_99SigEff/model2.5_fin_results/model2_5_10bit_normalised_selected/pareto_primary/hls_outputs_vsynth/hls_model_trial_065/myproject_prj/solution1/syn/vhdl/myproject_dense_resource_ap_fixed_16_6_5_3_0_ap_fixed_16_6_5_3_0_config14_s.vhd:5025]
	Parameter ID bound to: 1 - type: integer 
	Parameter NUM_STAGE bound to: 1 - type: integer 
	Parameter CASE0 bound to: 3'b000 
	Parameter din0_WIDTH bound to: 11 - type: integer 
	Parameter CASE1 bound to: 3'b001 
	Parameter din1_WIDTH bound to: 11 - type: integer 
	Parameter CASE2 bound to: 3'b010 
	Parameter din2_WIDTH bound to: 11 - type: integer 
	Parameter CASE3 bound to: 3'b011 
	Parameter din3_WIDTH bound to: 11 - type: integer 
	Parameter CASE4 bound to: 3'b100 
	Parameter din4_WIDTH bound to: 11 - type: integer 
	Parameter CASE5 bound to: 3'b101 
	Parameter din5_WIDTH bound to: 11 - type: integer 
	Parameter CASE6 bound to: 3'b110 
	Parameter din6_WIDTH bound to: 11 - type: integer 
	Parameter def_WIDTH bound to: 11 - type: integer 
	Parameter sel_WIDTH bound to: 3 - type: integer 
	Parameter dout_WIDTH bound to: 11 - type: integer 
INFO: [Synth 8-3491] module 'myproject_sparsemux_15_3_11_1_1' declared at '/home/dabadjiev/smartpixels_ml_dsabadjiev/Muon_Collider_Smart_Pixels/eric/Results_June2026_99SigEff/model2.5_fin_results/model2_5_10bit_normalised_selected/pareto_primary/hls_outputs_vsynth/hls_model_trial_065/myproject_prj/solution1/syn/vhdl/myproject_sparsemux_15_3_11_1_1.vhd:12' bound to instance 'sparsemux_15_3_11_1_1_U82' of component 'myproject_sparsemux_15_3_11_1_1' [/home/dabadjiev/smartpixels_ml_dsabadjiev/Muon_Collider_Smart_Pixels/eric/Results_June2026_99SigEff/model2.5_fin_results/model2_5_10bit_normalised_selected/pareto_primary/hls_outputs_vsynth/hls_model_trial_065/myproject_prj/solution1/syn/vhdl/myproject_dense_resource_ap_fixed_16_6_5_3_0_ap_fixed_16_6_5_3_0_config14_s.vhd:5058]
	Parameter ID bound to: 1 - type: integer 
	Parameter NUM_STAGE bound to: 1 - type: integer 
	Parameter CASE0 bound to: 3'b000 
	Parameter din0_WIDTH bound to: 11 - type: integer 
	Parameter CASE1 bound to: 3'b001 
	Parameter din1_WIDTH bound to: 11 - type: integer 
	Parameter CASE2 bound to: 3'b010 
	Parameter din2_WIDTH bound to: 11 - type: integer 
	Parameter CASE3 bound to: 3'b011 
	Parameter din3_WIDTH bound to: 11 - type: integer 
	Parameter CASE4 bound to: 3'b100 
	Parameter din4_WIDTH bound to: 11 - type: integer 
	Parameter CASE5 bound to: 3'b101 
	Parameter din5_WIDTH bound to: 11 - type: integer 
	Parameter CASE6 bound to: 3'b110 
	Parameter din6_WIDTH bound to: 11 - type: integer 
	Parameter def_WIDTH bound to: 11 - type: integer 
	Parameter sel_WIDTH bound to: 3 - type: integer 
	Parameter dout_WIDTH bound to: 11 - type: integer 
INFO: [Synth 8-3491] module 'myproject_sparsemux_15_3_11_1_1' declared at '/home/dabadjiev/smartpixels_ml_dsabadjiev/Muon_Collider_Smart_Pixels/eric/Results_June2026_99SigEff/model2.5_fin_results/model2_5_10bit_normalised_selected/pareto_primary/hls_outputs_vsynth/hls_model_trial_065/myproject_prj/solution1/syn/vhdl/myproject_sparsemux_15_3_11_1_1.vhd:12' bound to instance 'sparsemux_15_3_11_1_1_U83' of component 'myproject_sparsemux_15_3_11_1_1' [/home/dabadjiev/smartpixels_ml_dsabadjiev/Muon_Collider_Smart_Pixels/eric/Results_June2026_99SigEff/model2.5_fin_results/model2_5_10bit_normalised_selected/pareto_primary/hls_outputs_vsynth/hls_model_trial_065/myproject_prj/solution1/syn/vhdl/myproject_dense_resource_ap_fixed_16_6_5_3_0_ap_fixed_16_6_5_3_0_config14_s.vhd:5091]
	Parameter ID bound to: 1 - type: integer 
	Parameter NUM_STAGE bound to: 1 - type: integer 
	Parameter din0_WIDTH bound to: 11 - type: integer 
	Parameter din1_WIDTH bound to: 10 - type: integer 
	Parameter dout_WIDTH bound to: 21 - type: integer 
INFO: [Synth 8-3491] module 'myproject_mul_11s_10s_21_1_1' declared at '/home/dabadjiev/smartpixels_ml_dsabadjiev/Muon_Collider_Smart_Pixels/eric/Results_June2026_99SigEff/model2.5_fin_results/model2_5_10bit_normalised_selected/pareto_primary/hls_outputs_vsynth/hls_model_trial_065/myproject_prj/solution1/syn/vhdl/myproject_mul_11s_10s_21_1_1.vhd:7' bound to instance 'mul_11s_10s_21_1_1_U84' of component 'myproject_mul_11s_10s_21_1_1' [/home/dabadjiev/smartpixels_ml_dsabadjiev/Muon_Collider_Smart_Pixels/eric/Results_June2026_99SigEff/model2.5_fin_results/model2_5_10bit_normalised_selected/pareto_primary/hls_outputs_vsynth/hls_model_trial_065/myproject_prj/solution1/syn/vhdl/myproject_dense_resource_ap_fixed_16_6_5_3_0_ap_fixed_16_6_5_3_0_config14_s.vhd:5124]
	Parameter ID bound to: 1 - type: integer 
	Parameter NUM_STAGE bound to: 1 - type: integer 
	Parameter din0_WIDTH bound to: 11 - type: integer 
	Parameter din1_WIDTH bound to: 10 - type: integer 
	Parameter dout_WIDTH bound to: 21 - type: integer 
INFO: [Synth 8-3491] module 'myproject_mul_11s_10s_21_1_1' declared at '/home/dabadjiev/smartpixels_ml_dsabadjiev/Muon_Collider_Smart_Pixels/eric/Results_June2026_99SigEff/model2.5_fin_results/model2_5_10bit_normalised_selected/pareto_primary/hls_outputs_vsynth/hls_model_trial_065/myproject_prj/solution1/syn/vhdl/myproject_mul_11s_10s_21_1_1.vhd:7' bound to instance 'mul_11s_10s_21_1_1_U85' of component 'myproject_mul_11s_10s_21_1_1' [/home/dabadjiev/smartpixels_ml_dsabadjiev/Muon_Collider_Smart_Pixels/eric/Results_June2026_99SigEff/model2.5_fin_results/model2_5_10bit_normalised_selected/pareto_primary/hls_outputs_vsynth/hls_model_trial_065/myproject_prj/solution1/syn/vhdl/myproject_dense_resource_ap_fixed_16_6_5_3_0_ap_fixed_16_6_5_3_0_config14_s.vhd:5136]
	Parameter ID bound to: 1 - type: integer 
	Parameter NUM_STAGE bound to: 1 - type: integer 
	Parameter din0_WIDTH bound to: 11 - type: integer 
	Parameter din1_WIDTH bound to: 10 - type: integer 
	Parameter dout_WIDTH bound to: 21 - type: integer 
INFO: [Synth 8-3491] module 'myproject_mul_11s_10s_21_1_1' declared at '/home/dabadjiev/smartpixels_ml_dsabadjiev/Muon_Collider_Smart_Pixels/eric/Results_June2026_99SigEff/model2.5_fin_results/model2_5_10bit_normalised_selected/pareto_primary/hls_outputs_vsynth/hls_model_trial_065/myproject_prj/solution1/syn/vhdl/myproject_mul_11s_10s_21_1_1.vhd:7' bound to instance 'mul_11s_10s_21_1_1_U86' of component 'myproject_mul_11s_10s_21_1_1' [/home/dabadjiev/smartpixels_ml_dsabadjiev/Muon_Collider_Smart_Pixels/eric/Results_June2026_99SigEff/model2.5_fin_results/model2_5_10bit_normalised_selected/pareto_primary/hls_outputs_vsynth/hls_model_trial_065/myproject_prj/solution1/syn/vhdl/myproject_dense_resource_ap_fixed_16_6_5_3_0_ap_fixed_16_6_5_3_0_config14_s.vhd:5148]
	Parameter ID bound to: 1 - type: integer 
	Parameter NUM_STAGE bound to: 1 - type: integer 
	Parameter din0_WIDTH bound to: 11 - type: integer 
	Parameter din1_WIDTH bound to: 10 - type: integer 
	Parameter dout_WIDTH bound to: 21 - type: integer 
INFO: [Synth 8-3491] module 'myproject_mul_11s_10s_21_1_1' declared at '/home/dabadjiev/smartpixels_ml_dsabadjiev/Muon_Collider_Smart_Pixels/eric/Results_June2026_99SigEff/model2.5_fin_results/model2_5_10bit_normalised_selected/pareto_primary/hls_outputs_vsynth/hls_model_trial_065/myproject_prj/solution1/syn/vhdl/myproject_mul_11s_10s_21_1_1.vhd:7' bound to instance 'mul_11s_10s_21_1_1_U87' of component 'myproject_mul_11s_10s_21_1_1' [/home/dabadjiev/smartpixels_ml_dsabadjiev/Muon_Collider_Smart_Pixels/eric/Results_June2026_99SigEff/model2.5_fin_results/model2_5_10bit_normalised_selected/pareto_primary/hls_outputs_vsynth/hls_model_trial_065/myproject_prj/solution1/syn/vhdl/myproject_dense_resource_ap_fixed_16_6_5_3_0_ap_fixed_16_6_5_3_0_config14_s.vhd:5160]
	Parameter ID bound to: 1 - type: integer 
	Parameter NUM_STAGE bound to: 1 - type: integer 
	Parameter din0_WIDTH bound to: 11 - type: integer 
	Parameter din1_WIDTH bound to: 10 - type: integer 
	Parameter dout_WIDTH bound to: 21 - type: integer 
INFO: [Synth 8-3491] module 'myproject_mul_11s_10s_21_1_1' declared at '/home/dabadjiev/smartpixels_ml_dsabadjiev/Muon_Collider_Smart_Pixels/eric/Results_June2026_99SigEff/model2.5_fin_results/model2_5_10bit_normalised_selected/pareto_primary/hls_outputs_vsynth/hls_model_trial_065/myproject_prj/solution1/syn/vhdl/myproject_mul_11s_10s_21_1_1.vhd:7' bound to instance 'mul_11s_10s_21_1_1_U88' of component 'myproject_mul_11s_10s_21_1_1' [/home/dabadjiev/smartpixels_ml_dsabadjiev/Muon_Collider_Smart_Pixels/eric/Results_June2026_99SigEff/model2.5_fin_results/model2_5_10bit_normalised_selected/pareto_primary/hls_outputs_vsynth/hls_model_trial_065/myproject_prj/solution1/syn/vhdl/myproject_dense_resource_ap_fixed_16_6_5_3_0_ap_fixed_16_6_5_3_0_config14_s.vhd:5172]
	Parameter ID bound to: 1 - type: integer 
	Parameter NUM_STAGE bound to: 1 - type: integer 
	Parameter din0_WIDTH bound to: 11 - type: integer 
	Parameter din1_WIDTH bound to: 10 - type: integer 
	Parameter dout_WIDTH bound to: 21 - type: integer 
INFO: [Synth 8-3491] module 'myproject_mul_11s_10s_21_1_1' declared at '/home/dabadjiev/smartpixels_ml_dsabadjiev/Muon_Collider_Smart_Pixels/eric/Results_June2026_99SigEff/model2.5_fin_results/model2_5_10bit_normalised_selected/pareto_primary/hls_outputs_vsynth/hls_model_trial_065/myproject_prj/solution1/syn/vhdl/myproject_mul_11s_10s_21_1_1.vhd:7' bound to instance 'mul_11s_10s_21_1_1_U89' of component 'myproject_mul_11s_10s_21_1_1' [/home/dabadjiev/smartpixels_ml_dsabadjiev/Muon_Collider_Smart_Pixels/eric/Results_June2026_99SigEff/model2.5_fin_results/model2_5_10bit_normalised_selected/pareto_primary/hls_outputs_vsynth/hls_model_trial_065/myproject_prj/solution1/syn/vhdl/myproject_dense_resource_ap_fixed_16_6_5_3_0_ap_fixed_16_6_5_3_0_config14_s.vhd:5184]
	Parameter ID bound to: 1 - type: integer 
	Parameter NUM_STAGE bound to: 1 - type: integer 
	Parameter din0_WIDTH bound to: 11 - type: integer 
	Parameter din1_WIDTH bound to: 10 - type: integer 
	Parameter dout_WIDTH bound to: 21 - type: integer 
INFO: [Synth 8-3491] module 'myproject_mul_11s_10s_21_1_1' declared at '/home/dabadjiev/smartpixels_ml_dsabadjiev/Muon_Collider_Smart_Pixels/eric/Results_June2026_99SigEff/model2.5_fin_results/model2_5_10bit_normalised_selected/pareto_primary/hls_outputs_vsynth/hls_model_trial_065/myproject_prj/solution1/syn/vhdl/myproject_mul_11s_10s_21_1_1.vhd:7' bound to instance 'mul_11s_10s_21_1_1_U90' of component 'myproject_mul_11s_10s_21_1_1' [/home/dabadjiev/smartpixels_ml_dsabadjiev/Muon_Collider_Smart_Pixels/eric/Results_June2026_99SigEff/model2.5_fin_results/model2_5_10bit_normalised_selected/pareto_primary/hls_outputs_vsynth/hls_model_trial_065/myproject_prj/solution1/syn/vhdl/myproject_dense_resource_ap_fixed_16_6_5_3_0_ap_fixed_16_6_5_3_0_config14_s.vhd:5196]
	Parameter ID bound to: 1 - type: integer 
	Parameter NUM_STAGE bound to: 1 - type: integer 
	Parameter din0_WIDTH bound to: 11 - type: integer 
	Parameter din1_WIDTH bound to: 10 - type: integer 
	Parameter dout_WIDTH bound to: 21 - type: integer 
INFO: [Synth 8-3491] module 'myproject_mul_11s_10s_21_1_1' declared at '/home/dabadjiev/smartpixels_ml_dsabadjiev/Muon_Collider_Smart_Pixels/eric/Results_June2026_99SigEff/model2.5_fin_results/model2_5_10bit_normalised_selected/pareto_primary/hls_outputs_vsynth/hls_model_trial_065/myproject_prj/solution1/syn/vhdl/myproject_mul_11s_10s_21_1_1.vhd:7' bound to instance 'mul_11s_10s_21_1_1_U91' of component 'myproject_mul_11s_10s_21_1_1' [/home/dabadjiev/smartpixels_ml_dsabadjiev/Muon_Collider_Smart_Pixels/eric/Results_June2026_99SigEff/model2.5_fin_results/model2_5_10bit_normalised_selected/pareto_primary/hls_outputs_vsynth/hls_model_trial_065/myproject_prj/solution1/syn/vhdl/myproject_dense_resource_ap_fixed_16_6_5_3_0_ap_fixed_16_6_5_3_0_config14_s.vhd:5208]
	Parameter ID bound to: 1 - type: integer 
	Parameter NUM_STAGE bound to: 1 - type: integer 
	Parameter din0_WIDTH bound to: 11 - type: integer 
	Parameter din1_WIDTH bound to: 10 - type: integer 
	Parameter dout_WIDTH bound to: 21 - type: integer 
INFO: [Synth 8-3491] module 'myproject_mul_11s_10s_21_1_1' declared at '/home/dabadjiev/smartpixels_ml_dsabadjiev/Muon_Collider_Smart_Pixels/eric/Results_June2026_99SigEff/model2.5_fin_results/model2_5_10bit_normalised_selected/pareto_primary/hls_outputs_vsynth/hls_model_trial_065/myproject_prj/solution1/syn/vhdl/myproject_mul_11s_10s_21_1_1.vhd:7' bound to instance 'mul_11s_10s_21_1_1_U92' of component 'myproject_mul_11s_10s_21_1_1' [/home/dabadjiev/smartpixels_ml_dsabadjiev/Muon_Collider_Smart_Pixels/eric/Results_June2026_99SigEff/model2.5_fin_results/model2_5_10bit_normalised_selected/pareto_primary/hls_outputs_vsynth/hls_model_trial_065/myproject_prj/solution1/syn/vhdl/myproject_dense_resource_ap_fixed_16_6_5_3_0_ap_fixed_16_6_5_3_0_config14_s.vhd:5220]
	Parameter ID bound to: 1 - type: integer 
	Parameter NUM_STAGE bound to: 1 - type: integer 
	Parameter din0_WIDTH bound to: 11 - type: integer 
	Parameter din1_WIDTH bound to: 10 - type: integer 
	Parameter dout_WIDTH bound to: 21 - type: integer 
INFO: [Synth 8-3491] module 'myproject_mul_11s_10s_21_1_1' declared at '/home/dabadjiev/smartpixels_ml_dsabadjiev/Muon_Collider_Smart_Pixels/eric/Results_June2026_99SigEff/model2.5_fin_results/model2_5_10bit_normalised_selected/pareto_primary/hls_outputs_vsynth/hls_model_trial_065/myproject_prj/solution1/syn/vhdl/myproject_mul_11s_10s_21_1_1.vhd:7' bound to instance 'mul_11s_10s_21_1_1_U93' of component 'myproject_mul_11s_10s_21_1_1' [/home/dabadjiev/smartpixels_ml_dsabadjiev/Muon_Collider_Smart_Pixels/eric/Results_June2026_99SigEff/model2.5_fin_results/model2_5_10bit_normalised_selected/pareto_primary/hls_outputs_vsynth/hls_model_trial_065/myproject_prj/solution1/syn/vhdl/myproject_dense_resource_ap_fixed_16_6_5_3_0_ap_fixed_16_6_5_3_0_config14_s.vhd:5232]
	Parameter ID bound to: 1 - type: integer 
	Parameter NUM_STAGE bound to: 1 - type: integer 
	Parameter din0_WIDTH bound to: 11 - type: integer 
	Parameter din1_WIDTH bound to: 10 - type: integer 
	Parameter dout_WIDTH bound to: 21 - type: integer 
INFO: [Synth 8-3491] module 'myproject_mul_11s_10s_21_1_1' declared at '/home/dabadjiev/smartpixels_ml_dsabadjiev/Muon_Collider_Smart_Pixels/eric/Results_June2026_99SigEff/model2.5_fin_results/model2_5_10bit_normalised_selected/pareto_primary/hls_outputs_vsynth/hls_model_trial_065/myproject_prj/solution1/syn/vhdl/myproject_mul_11s_10s_21_1_1.vhd:7' bound to instance 'mul_11s_10s_21_1_1_U94' of component 'myproject_mul_11s_10s_21_1_1' [/home/dabadjiev/smartpixels_ml_dsabadjiev/Muon_Collider_Smart_Pixels/eric/Results_June2026_99SigEff/model2.5_fin_results/model2_5_10bit_normalised_selected/pareto_primary/hls_outputs_vsynth/hls_model_trial_065/myproject_prj/solution1/syn/vhdl/myproject_dense_resource_ap_fixed_16_6_5_3_0_ap_fixed_16_6_5_3_0_config14_s.vhd:5244]
	Parameter ID bound to: 1 - type: integer 
	Parameter NUM_STAGE bound to: 1 - type: integer 
	Parameter din0_WIDTH bound to: 11 - type: integer 
	Parameter din1_WIDTH bound to: 10 - type: integer 
	Parameter dout_WIDTH bound to: 21 - type: integer 
INFO: [Synth 8-3491] module 'myproject_mul_11s_10s_21_1_1' declared at '/home/dabadjiev/smartpixels_ml_dsabadjiev/Muon_Collider_Smart_Pixels/eric/Results_June2026_99SigEff/model2.5_fin_results/model2_5_10bit_normalised_selected/pareto_primary/hls_outputs_vsynth/hls_model_trial_065/myproject_prj/solution1/syn/vhdl/myproject_mul_11s_10s_21_1_1.vhd:7' bound to instance 'mul_11s_10s_21_1_1_U95' of component 'myproject_mul_11s_10s_21_1_1' [/home/dabadjiev/smartpixels_ml_dsabadjiev/Muon_Collider_Smart_Pixels/eric/Results_June2026_99SigEff/model2.5_fin_results/model2_5_10bit_normalised_selected/pareto_primary/hls_outputs_vsynth/hls_model_trial_065/myproject_prj/solution1/syn/vhdl/myproject_dense_resource_ap_fixed_16_6_5_3_0_ap_fixed_16_6_5_3_0_config14_s.vhd:5256]
	Parameter ID bound to: 1 - type: integer 
	Parameter NUM_STAGE bound to: 1 - type: integer 
	Parameter din0_WIDTH bound to: 11 - type: integer 
	Parameter din1_WIDTH bound to: 10 - type: integer 
	Parameter dout_WIDTH bound to: 21 - type: integer 
INFO: [Synth 8-3491] module 'myproject_mul_11s_10s_21_1_1' declared at '/home/dabadjiev/smartpixels_ml_dsabadjiev/Muon_Collider_Smart_Pixels/eric/Results_June2026_99SigEff/model2.5_fin_results/model2_5_10bit_normalised_selected/pareto_primary/hls_outputs_vsynth/hls_model_trial_065/myproject_prj/solution1/syn/vhdl/myproject_mul_11s_10s_21_1_1.vhd:7' bound to instance 'mul_11s_10s_21_1_1_U96' of component 'myproject_mul_11s_10s_21_1_1' [/home/dabadjiev/smartpixels_ml_dsabadjiev/Muon_Collider_Smart_Pixels/eric/Results_June2026_99SigEff/model2.5_fin_results/model2_5_10bit_normalised_selected/pareto_primary/hls_outputs_vsynth/hls_model_trial_065/myproject_prj/solution1/syn/vhdl/myproject_dense_resource_ap_fixed_16_6_5_3_0_ap_fixed_16_6_5_3_0_config14_s.vhd:5268]
	Parameter ID bound to: 1 - type: integer 
	Parameter NUM_STAGE bound to: 1 - type: integer 
	Parameter din0_WIDTH bound to: 11 - type: integer 
	Parameter din1_WIDTH bound to: 10 - type: integer 
	Parameter dout_WIDTH bound to: 21 - type: integer 
INFO: [Synth 8-3491] module 'myproject_mul_11s_10s_21_1_1' declared at '/home/dabadjiev/smartpixels_ml_dsabadjiev/Muon_Collider_Smart_Pixels/eric/Results_June2026_99SigEff/model2.5_fin_results/model2_5_10bit_normalised_selected/pareto_primary/hls_outputs_vsynth/hls_model_trial_065/myproject_prj/solution1/syn/vhdl/myproject_mul_11s_10s_21_1_1.vhd:7' bound to instance 'mul_11s_10s_21_1_1_U97' of component 'myproject_mul_11s_10s_21_1_1' [/home/dabadjiev/smartpixels_ml_dsabadjiev/Muon_Collider_Smart_Pixels/eric/Results_June2026_99SigEff/model2.5_fin_results/model2_5_10bit_normalised_selected/pareto_primary/hls_outputs_vsynth/hls_model_trial_065/myproject_prj/solution1/syn/vhdl/myproject_dense_resource_ap_fixed_16_6_5_3_0_ap_fixed_16_6_5_3_0_config14_s.vhd:5280]
	Parameter ID bound to: 1 - type: integer 
	Parameter NUM_STAGE bound to: 1 - type: integer 
	Parameter din0_WIDTH bound to: 11 - type: integer 
	Parameter din1_WIDTH bound to: 10 - type: integer 
	Parameter dout_WIDTH bound to: 21 - type: integer 
INFO: [Synth 8-3491] module 'myproject_mul_11s_10s_21_1_1' declared at '/home/dabadjiev/smartpixels_ml_dsabadjiev/Muon_Collider_Smart_Pixels/eric/Results_June2026_99SigEff/model2.5_fin_results/model2_5_10bit_normalised_selected/pareto_primary/hls_outputs_vsynth/hls_model_trial_065/myproject_prj/solution1/syn/vhdl/myproject_mul_11s_10s_21_1_1.vhd:7' bound to instance 'mul_11s_10s_21_1_1_U98' of component 'myproject_mul_11s_10s_21_1_1' [/home/dabadjiev/smartpixels_ml_dsabadjiev/Muon_Collider_Smart_Pixels/eric/Results_June2026_99SigEff/model2.5_fin_results/model2_5_10bit_normalised_selected/pareto_primary/hls_outputs_vsynth/hls_model_trial_065/myproject_prj/solution1/syn/vhdl/myproject_dense_resource_ap_fixed_16_6_5_3_0_ap_fixed_16_6_5_3_0_config14_s.vhd:5292]
	Parameter ID bound to: 1 - type: integer 
	Parameter NUM_STAGE bound to: 1 - type: integer 
	Parameter din0_WIDTH bound to: 11 - type: integer 
	Parameter din1_WIDTH bound to: 10 - type: integer 
	Parameter dout_WIDTH bound to: 21 - type: integer 
INFO: [Synth 8-3491] module 'myproject_mul_11s_10s_21_1_1' declared at '/home/dabadjiev/smartpixels_ml_dsabadjiev/Muon_Collider_Smart_Pixels/eric/Results_June2026_99SigEff/model2.5_fin_results/model2_5_10bit_normalised_selected/pareto_primary/hls_outputs_vsynth/hls_model_trial_065/myproject_prj/solution1/syn/vhdl/myproject_mul_11s_10s_21_1_1.vhd:7' bound to instance 'mul_11s_10s_21_1_1_U99' of component 'myproject_mul_11s_10s_21_1_1' [/home/dabadjiev/smartpixels_ml_dsabadjiev/Muon_Collider_Smart_Pixels/eric/Results_June2026_99SigEff/model2.5_fin_results/model2_5_10bit_normalised_selected/pareto_primary/hls_outputs_vsynth/hls_model_trial_065/myproject_prj/solution1/syn/vhdl/myproject_dense_resource_ap_fixed_16_6_5_3_0_ap_fixed_16_6_5_3_0_config14_s.vhd:5304]
	Parameter ID bound to: 1 - type: integer 
	Parameter NUM_STAGE bound to: 1 - type: integer 
	Parameter din0_WIDTH bound to: 11 - type: integer 
	Parameter din1_WIDTH bound to: 10 - type: integer 
	Parameter dout_WIDTH bound to: 21 - type: integer 
INFO: [Synth 8-3491] module 'myproject_mul_11s_10s_21_1_1' declared at '/home/dabadjiev/smartpixels_ml_dsabadjiev/Muon_Collider_Smart_Pixels/eric/Results_June2026_99SigEff/model2.5_fin_results/model2_5_10bit_normalised_selected/pareto_primary/hls_outputs_vsynth/hls_model_trial_065/myproject_prj/solution1/syn/vhdl/myproject_mul_11s_10s_21_1_1.vhd:7' bound to instance 'mul_11s_10s_21_1_1_U100' of component 'myproject_mul_11s_10s_21_1_1' [/home/dabadjiev/smartpixels_ml_dsabadjiev/Muon_Collider_Smart_Pixels/eric/Results_June2026_99SigEff/model2.5_fin_results/model2_5_10bit_normalised_selected/pareto_primary/hls_outputs_vsynth/hls_model_trial_065/myproject_prj/solution1/syn/vhdl/myproject_dense_resource_ap_fixed_16_6_5_3_0_ap_fixed_16_6_5_3_0_config14_s.vhd:5316]
	Parameter ID bound to: 1 - type: integer 
	Parameter NUM_STAGE bound to: 1 - type: integer 
	Parameter din0_WIDTH bound to: 11 - type: integer 
	Parameter din1_WIDTH bound to: 10 - type: integer 
	Parameter dout_WIDTH bound to: 21 - type: integer 
INFO: [Synth 8-3491] module 'myproject_mul_11s_10s_21_1_1' declared at '/home/dabadjiev/smartpixels_ml_dsabadjiev/Muon_Collider_Smart_Pixels/eric/Results_June2026_99SigEff/model2.5_fin_results/model2_5_10bit_normalised_selected/pareto_primary/hls_outputs_vsynth/hls_model_trial_065/myproject_prj/solution1/syn/vhdl/myproject_mul_11s_10s_21_1_1.vhd:7' bound to instance 'mul_11s_10s_21_1_1_U101' of component 'myproject_mul_11s_10s_21_1_1' [/home/dabadjiev/smartpixels_ml_dsabadjiev/Muon_Collider_Smart_Pixels/eric/Results_June2026_99SigEff/model2.5_fin_results/model2_5_10bit_normalised_selected/pareto_primary/hls_outputs_vsynth/hls_model_trial_065/myproject_prj/solution1/syn/vhdl/myproject_dense_resource_ap_fixed_16_6_5_3_0_ap_fixed_16_6_5_3_0_config14_s.vhd:5328]
	Parameter ID bound to: 1 - type: integer 
	Parameter NUM_STAGE bound to: 1 - type: integer 
	Parameter din0_WIDTH bound to: 11 - type: integer 
	Parameter din1_WIDTH bound to: 10 - type: integer 
	Parameter dout_WIDTH bound to: 21 - type: integer 
INFO: [Synth 8-3491] module 'myproject_mul_11s_10s_21_1_1' declared at '/home/dabadjiev/smartpixels_ml_dsabadjiev/Muon_Collider_Smart_Pixels/eric/Results_June2026_99SigEff/model2.5_fin_results/model2_5_10bit_normalised_selected/pareto_primary/hls_outputs_vsynth/hls_model_trial_065/myproject_prj/solution1/syn/vhdl/myproject_mul_11s_10s_21_1_1.vhd:7' bound to instance 'mul_11s_10s_21_1_1_U102' of component 'myproject_mul_11s_10s_21_1_1' [/home/dabadjiev/smartpixels_ml_dsabadjiev/Muon_Collider_Smart_Pixels/eric/Results_June2026_99SigEff/model2.5_fin_results/model2_5_10bit_normalised_selected/pareto_primary/hls_outputs_vsynth/hls_model_trial_065/myproject_prj/solution1/syn/vhdl/myproject_dense_resource_ap_fixed_16_6_5_3_0_ap_fixed_16_6_5_3_0_config14_s.vhd:5340]
	Parameter ID bound to: 1 - type: integer 
	Parameter NUM_STAGE bound to: 1 - type: integer 
	Parameter din0_WIDTH bound to: 11 - type: integer 
	Parameter din1_WIDTH bound to: 10 - type: integer 
	Parameter dout_WIDTH bound to: 21 - type: integer 
INFO: [Synth 8-3491] module 'myproject_mul_11s_10s_21_1_1' declared at '/home/dabadjiev/smartpixels_ml_dsabadjiev/Muon_Collider_Smart_Pixels/eric/Results_June2026_99SigEff/model2.5_fin_results/model2_5_10bit_normalised_selected/pareto_primary/hls_outputs_vsynth/hls_model_trial_065/myproject_prj/solution1/syn/vhdl/myproject_mul_11s_10s_21_1_1.vhd:7' bound to instance 'mul_11s_10s_21_1_1_U103' of component 'myproject_mul_11s_10s_21_1_1' [/home/dabadjiev/smartpixels_ml_dsabadjiev/Muon_Collider_Smart_Pixels/eric/Results_June2026_99SigEff/model2.5_fin_results/model2_5_10bit_normalised_selected/pareto_primary/hls_outputs_vsynth/hls_model_trial_065/myproject_prj/solution1/syn/vhdl/myproject_dense_resource_ap_fixed_16_6_5_3_0_ap_fixed_16_6_5_3_0_config14_s.vhd:5352]
	Parameter ID bound to: 1 - type: integer 
	Parameter NUM_STAGE bound to: 1 - type: integer 
	Parameter din0_WIDTH bound to: 11 - type: integer 
	Parameter din1_WIDTH bound to: 10 - type: integer 
	Parameter dout_WIDTH bound to: 21 - type: integer 
INFO: [Synth 8-3491] module 'myproject_mul_11s_10s_21_1_1' declared at '/home/dabadjiev/smartpixels_ml_dsabadjiev/Muon_Collider_Smart_Pixels/eric/Results_June2026_99SigEff/model2.5_fin_results/model2_5_10bit_normalised_selected/pareto_primary/hls_outputs_vsynth/hls_model_trial_065/myproject_prj/solution1/syn/vhdl/myproject_mul_11s_10s_21_1_1.vhd:7' bound to instance 'mul_11s_10s_21_1_1_U104' of component 'myproject_mul_11s_10s_21_1_1' [/home/dabadjiev/smartpixels_ml_dsabadjiev/Muon_Collider_Smart_Pixels/eric/Results_June2026_99SigEff/model2.5_fin_results/model2_5_10bit_normalised_selected/pareto_primary/hls_outputs_vsynth/hls_model_trial_065/myproject_prj/solution1/syn/vhdl/myproject_dense_resource_ap_fixed_16_6_5_3_0_ap_fixed_16_6_5_3_0_config14_s.vhd:5364]
	Parameter ID bound to: 1 - type: integer 
	Parameter NUM_STAGE bound to: 1 - type: integer 
	Parameter din0_WIDTH bound to: 11 - type: integer 
	Parameter din1_WIDTH bound to: 10 - type: integer 
	Parameter dout_WIDTH bound to: 21 - type: integer 
INFO: [Synth 8-3491] module 'myproject_mul_11s_10s_21_1_1' declared at '/home/dabadjiev/smartpixels_ml_dsabadjiev/Muon_Collider_Smart_Pixels/eric/Results_June2026_99SigEff/model2.5_fin_results/model2_5_10bit_normalised_selected/pareto_primary/hls_outputs_vsynth/hls_model_trial_065/myproject_prj/solution1/syn/vhdl/myproject_mul_11s_10s_21_1_1.vhd:7' bound to instance 'mul_11s_10s_21_1_1_U105' of component 'myproject_mul_11s_10s_21_1_1' [/home/dabadjiev/smartpixels_ml_dsabadjiev/Muon_Collider_Smart_Pixels/eric/Results_June2026_99SigEff/model2.5_fin_results/model2_5_10bit_normalised_selected/pareto_primary/hls_outputs_vsynth/hls_model_trial_065/myproject_prj/solution1/syn/vhdl/myproject_dense_resource_ap_fixed_16_6_5_3_0_ap_fixed_16_6_5_3_0_config14_s.vhd:5376]
	Parameter ID bound to: 1 - type: integer 
	Parameter NUM_STAGE bound to: 1 - type: integer 
	Parameter din0_WIDTH bound to: 11 - type: integer 
	Parameter din1_WIDTH bound to: 10 - type: integer 
	Parameter dout_WIDTH bound to: 21 - type: integer 
INFO: [Synth 8-3491] module 'myproject_mul_11s_10s_21_1_1' declared at '/home/dabadjiev/smartpixels_ml_dsabadjiev/Muon_Collider_Smart_Pixels/eric/Results_June2026_99SigEff/model2.5_fin_results/model2_5_10bit_normalised_selected/pareto_primary/hls_outputs_vsynth/hls_model_trial_065/myproject_prj/solution1/syn/vhdl/myproject_mul_11s_10s_21_1_1.vhd:7' bound to instance 'mul_11s_10s_21_1_1_U106' of component 'myproject_mul_11s_10s_21_1_1' [/home/dabadjiev/smartpixels_ml_dsabadjiev/Muon_Collider_Smart_Pixels/eric/Results_June2026_99SigEff/model2.5_fin_results/model2_5_10bit_normalised_selected/pareto_primary/hls_outputs_vsynth/hls_model_trial_065/myproject_prj/solution1/syn/vhdl/myproject_dense_resource_ap_fixed_16_6_5_3_0_ap_fixed_16_6_5_3_0_config14_s.vhd:5388]
	Parameter ID bound to: 1 - type: integer 
	Parameter NUM_STAGE bound to: 1 - type: integer 
	Parameter din0_WIDTH bound to: 11 - type: integer 
	Parameter din1_WIDTH bound to: 10 - type: integer 
	Parameter dout_WIDTH bound to: 21 - type: integer 
INFO: [Synth 8-3491] module 'myproject_mul_11s_10s_21_1_1' declared at '/home/dabadjiev/smartpixels_ml_dsabadjiev/Muon_Collider_Smart_Pixels/eric/Results_June2026_99SigEff/model2.5_fin_results/model2_5_10bit_normalised_selected/pareto_primary/hls_outputs_vsynth/hls_model_trial_065/myproject_prj/solution1/syn/vhdl/myproject_mul_11s_10s_21_1_1.vhd:7' bound to instance 'mul_11s_10s_21_1_1_U107' of component 'myproject_mul_11s_10s_21_1_1' [/home/dabadjiev/smartpixels_ml_dsabadjiev/Muon_Collider_Smart_Pixels/eric/Results_June2026_99SigEff/model2.5_fin_results/model2_5_10bit_normalised_selected/pareto_primary/hls_outputs_vsynth/hls_model_trial_065/myproject_prj/solution1/syn/vhdl/myproject_dense_resource_ap_fixed_16_6_5_3_0_ap_fixed_16_6_5_3_0_config14_s.vhd:5400]
	Parameter ID bound to: 1 - type: integer 
	Parameter NUM_STAGE bound to: 1 - type: integer 
	Parameter din0_WIDTH bound to: 11 - type: integer 
	Parameter din1_WIDTH bound to: 10 - type: integer 
	Parameter dout_WIDTH bound to: 21 - type: integer 
INFO: [Synth 8-3491] module 'myproject_mul_11s_10s_21_1_1' declared at '/home/dabadjiev/smartpixels_ml_dsabadjiev/Muon_Collider_Smart_Pixels/eric/Results_June2026_99SigEff/model2.5_fin_results/model2_5_10bit_normalised_selected/pareto_primary/hls_outputs_vsynth/hls_model_trial_065/myproject_prj/solution1/syn/vhdl/myproject_mul_11s_10s_21_1_1.vhd:7' bound to instance 'mul_11s_10s_21_1_1_U108' of component 'myproject_mul_11s_10s_21_1_1' [/home/dabadjiev/smartpixels_ml_dsabadjiev/Muon_Collider_Smart_Pixels/eric/Results_June2026_99SigEff/model2.5_fin_results/model2_5_10bit_normalised_selected/pareto_primary/hls_outputs_vsynth/hls_model_trial_065/myproject_prj/solution1/syn/vhdl/myproject_dense_resource_ap_fixed_16_6_5_3_0_ap_fixed_16_6_5_3_0_config14_s.vhd:5412]
	Parameter ID bound to: 1 - type: integer 
	Parameter NUM_STAGE bound to: 1 - type: integer 
	Parameter din0_WIDTH bound to: 11 - type: integer 
	Parameter din1_WIDTH bound to: 10 - type: integer 
	Parameter dout_WIDTH bound to: 21 - type: integer 
INFO: [Synth 8-3491] module 'myproject_mul_11s_10s_21_1_1' declared at '/home/dabadjiev/smartpixels_ml_dsabadjiev/Muon_Collider_Smart_Pixels/eric/Results_June2026_99SigEff/model2.5_fin_results/model2_5_10bit_normalised_selected/pareto_primary/hls_outputs_vsynth/hls_model_trial_065/myproject_prj/solution1/syn/vhdl/myproject_mul_11s_10s_21_1_1.vhd:7' bound to instance 'mul_11s_10s_21_1_1_U109' of component 'myproject_mul_11s_10s_21_1_1' [/home/dabadjiev/smartpixels_ml_dsabadjiev/Muon_Collider_Smart_Pixels/eric/Results_June2026_99SigEff/model2.5_fin_results/model2_5_10bit_normalised_selected/pareto_primary/hls_outputs_vsynth/hls_model_trial_065/myproject_prj/solution1/syn/vhdl/myproject_dense_resource_ap_fixed_16_6_5_3_0_ap_fixed_16_6_5_3_0_config14_s.vhd:5424]
	Parameter ID bound to: 1 - type: integer 
	Parameter NUM_STAGE bound to: 1 - type: integer 
	Parameter din0_WIDTH bound to: 11 - type: integer 
	Parameter din1_WIDTH bound to: 10 - type: integer 
	Parameter dout_WIDTH bound to: 21 - type: integer 
INFO: [Synth 8-3491] module 'myproject_mul_11s_10s_21_1_1' declared at '/home/dabadjiev/smartpixels_ml_dsabadjiev/Muon_Collider_Smart_Pixels/eric/Results_June2026_99SigEff/model2.5_fin_results/model2_5_10bit_normalised_selected/pareto_primary/hls_outputs_vsynth/hls_model_trial_065/myproject_prj/solution1/syn/vhdl/myproject_mul_11s_10s_21_1_1.vhd:7' bound to instance 'mul_11s_10s_21_1_1_U110' of component 'myproject_mul_11s_10s_21_1_1' [/home/dabadjiev/smartpixels_ml_dsabadjiev/Muon_Collider_Smart_Pixels/eric/Results_June2026_99SigEff/model2.5_fin_results/model2_5_10bit_normalised_selected/pareto_primary/hls_outputs_vsynth/hls_model_trial_065/myproject_prj/solution1/syn/vhdl/myproject_dense_resource_ap_fixed_16_6_5_3_0_ap_fixed_16_6_5_3_0_config14_s.vhd:5436]
	Parameter ID bound to: 1 - type: integer 
	Parameter NUM_STAGE bound to: 1 - type: integer 
	Parameter din0_WIDTH bound to: 11 - type: integer 
	Parameter din1_WIDTH bound to: 10 - type: integer 
	Parameter dout_WIDTH bound to: 21 - type: integer 
INFO: [Synth 8-3491] module 'myproject_mul_11s_10s_21_1_1' declared at '/home/dabadjiev/smartpixels_ml_dsabadjiev/Muon_Collider_Smart_Pixels/eric/Results_June2026_99SigEff/model2.5_fin_results/model2_5_10bit_normalised_selected/pareto_primary/hls_outputs_vsynth/hls_model_trial_065/myproject_prj/solution1/syn/vhdl/myproject_mul_11s_10s_21_1_1.vhd:7' bound to instance 'mul_11s_10s_21_1_1_U111' of component 'myproject_mul_11s_10s_21_1_1' [/home/dabadjiev/smartpixels_ml_dsabadjiev/Muon_Collider_Smart_Pixels/eric/Results_June2026_99SigEff/model2.5_fin_results/model2_5_10bit_normalised_selected/pareto_primary/hls_outputs_vsynth/hls_model_trial_065/myproject_prj/solution1/syn/vhdl/myproject_dense_resource_ap_fixed_16_6_5_3_0_ap_fixed_16_6_5_3_0_config14_s.vhd:5448]
	Parameter ID bound to: 1 - type: integer 
	Parameter NUM_STAGE bound to: 1 - type: integer 
	Parameter din0_WIDTH bound to: 11 - type: integer 
	Parameter din1_WIDTH bound to: 10 - type: integer 
	Parameter dout_WIDTH bound to: 21 - type: integer 
INFO: [Synth 8-3491] module 'myproject_mul_11s_10s_21_1_1' declared at '/home/dabadjiev/smartpixels_ml_dsabadjiev/Muon_Collider_Smart_Pixels/eric/Results_June2026_99SigEff/model2.5_fin_results/model2_5_10bit_normalised_selected/pareto_primary/hls_outputs_vsynth/hls_model_trial_065/myproject_prj/solution1/syn/vhdl/myproject_mul_11s_10s_21_1_1.vhd:7' bound to instance 'mul_11s_10s_21_1_1_U112' of component 'myproject_mul_11s_10s_21_1_1' [/home/dabadjiev/smartpixels_ml_dsabadjiev/Muon_Collider_Smart_Pixels/eric/Results_June2026_99SigEff/model2.5_fin_results/model2_5_10bit_normalised_selected/pareto_primary/hls_outputs_vsynth/hls_model_trial_065/myproject_prj/solution1/syn/vhdl/myproject_dense_resource_ap_fixed_16_6_5_3_0_ap_fixed_16_6_5_3_0_config14_s.vhd:5460]
	Parameter ID bound to: 1 - type: integer 
	Parameter NUM_STAGE bound to: 1 - type: integer 
	Parameter din0_WIDTH bound to: 11 - type: integer 
	Parameter din1_WIDTH bound to: 10 - type: integer 
	Parameter dout_WIDTH bound to: 21 - type: integer 
INFO: [Synth 8-3491] module 'myproject_mul_11s_10s_21_1_1' declared at '/home/dabadjiev/smartpixels_ml_dsabadjiev/Muon_Collider_Smart_Pixels/eric/Results_June2026_99SigEff/model2.5_fin_results/model2_5_10bit_normalised_selected/pareto_primary/hls_outputs_vsynth/hls_model_trial_065/myproject_prj/solution1/syn/vhdl/myproject_mul_11s_10s_21_1_1.vhd:7' bound to instance 'mul_11s_10s_21_1_1_U113' of component 'myproject_mul_11s_10s_21_1_1' [/home/dabadjiev/smartpixels_ml_dsabadjiev/Muon_Collider_Smart_Pixels/eric/Results_June2026_99SigEff/model2.5_fin_results/model2_5_10bit_normalised_selected/pareto_primary/hls_outputs_vsynth/hls_model_trial_065/myproject_prj/solution1/syn/vhdl/myproject_dense_resource_ap_fixed_16_6_5_3_0_ap_fixed_16_6_5_3_0_config14_s.vhd:5472]
	Parameter ID bound to: 1 - type: integer 
	Parameter NUM_STAGE bound to: 1 - type: integer 
	Parameter din0_WIDTH bound to: 11 - type: integer 
	Parameter din1_WIDTH bound to: 10 - type: integer 
	Parameter dout_WIDTH bound to: 21 - type: integer 
INFO: [Synth 8-3491] module 'myproject_mul_11s_10s_21_1_1' declared at '/home/dabadjiev/smartpixels_ml_dsabadjiev/Muon_Collider_Smart_Pixels/eric/Results_June2026_99SigEff/model2.5_fin_results/model2_5_10bit_normalised_selected/pareto_primary/hls_outputs_vsynth/hls_model_trial_065/myproject_prj/solution1/syn/vhdl/myproject_mul_11s_10s_21_1_1.vhd:7' bound to instance 'mul_11s_10s_21_1_1_U114' of component 'myproject_mul_11s_10s_21_1_1' [/home/dabadjiev/smartpixels_ml_dsabadjiev/Muon_Collider_Smart_Pixels/eric/Results_June2026_99SigEff/model2.5_fin_results/model2_5_10bit_normalised_selected/pareto_primary/hls_outputs_vsynth/hls_model_trial_065/myproject_prj/solution1/syn/vhdl/myproject_dense_resource_ap_fixed_16_6_5_3_0_ap_fixed_16_6_5_3_0_config14_s.vhd:5484]
	Parameter ID bound to: 1 - type: integer 
	Parameter NUM_STAGE bound to: 1 - type: integer 
	Parameter din0_WIDTH bound to: 11 - type: integer 
	Parameter din1_WIDTH bound to: 10 - type: integer 
	Parameter dout_WIDTH bound to: 21 - type: integer 
INFO: [Synth 8-3491] module 'myproject_mul_11s_10s_21_1_1' declared at '/home/dabadjiev/smartpixels_ml_dsabadjiev/Muon_Collider_Smart_Pixels/eric/Results_June2026_99SigEff/model2.5_fin_results/model2_5_10bit_normalised_selected/pareto_primary/hls_outputs_vsynth/hls_model_trial_065/myproject_prj/solution1/syn/vhdl/myproject_mul_11s_10s_21_1_1.vhd:7' bound to instance 'mul_11s_10s_21_1_1_U115' of component 'myproject_mul_11s_10s_21_1_1' [/home/dabadjiev/smartpixels_ml_dsabadjiev/Muon_Collider_Smart_Pixels/eric/Results_June2026_99SigEff/model2.5_fin_results/model2_5_10bit_normalised_selected/pareto_primary/hls_outputs_vsynth/hls_model_trial_065/myproject_prj/solution1/syn/vhdl/myproject_dense_resource_ap_fixed_16_6_5_3_0_ap_fixed_16_6_5_3_0_config14_s.vhd:5496]
	Parameter ID bound to: 1 - type: integer 
	Parameter NUM_STAGE bound to: 1 - type: integer 
	Parameter din0_WIDTH bound to: 11 - type: integer 
	Parameter din1_WIDTH bound to: 10 - type: integer 
	Parameter dout_WIDTH bound to: 21 - type: integer 
INFO: [Synth 8-3491] module 'myproject_mul_11s_10s_21_1_1' declared at '/home/dabadjiev/smartpixels_ml_dsabadjiev/Muon_Collider_Smart_Pixels/eric/Results_June2026_99SigEff/model2.5_fin_results/model2_5_10bit_normalised_selected/pareto_primary/hls_outputs_vsynth/hls_model_trial_065/myproject_prj/solution1/syn/vhdl/myproject_mul_11s_10s_21_1_1.vhd:7' bound to instance 'mul_11s_10s_21_1_1_U116' of component 'myproject_mul_11s_10s_21_1_1' [/home/dabadjiev/smartpixels_ml_dsabadjiev/Muon_Collider_Smart_Pixels/eric/Results_June2026_99SigEff/model2.5_fin_results/model2_5_10bit_normalised_selected/pareto_primary/hls_outputs_vsynth/hls_model_trial_065/myproject_prj/solution1/syn/vhdl/myproject_dense_resource_ap_fixed_16_6_5_3_0_ap_fixed_16_6_5_3_0_config14_s.vhd:5508]
	Parameter ID bound to: 1 - type: integer 
	Parameter NUM_STAGE bound to: 1 - type: integer 
	Parameter din0_WIDTH bound to: 11 - type: integer 
	Parameter din1_WIDTH bound to: 10 - type: integer 
	Parameter dout_WIDTH bound to: 21 - type: integer 
INFO: [Synth 8-3491] module 'myproject_mul_11s_10s_21_1_1' declared at '/home/dabadjiev/smartpixels_ml_dsabadjiev/Muon_Collider_Smart_Pixels/eric/Results_June2026_99SigEff/model2.5_fin_results/model2_5_10bit_normalised_selected/pareto_primary/hls_outputs_vsynth/hls_model_trial_065/myproject_prj/solution1/syn/vhdl/myproject_mul_11s_10s_21_1_1.vhd:7' bound to instance 'mul_11s_10s_21_1_1_U117' of component 'myproject_mul_11s_10s_21_1_1' [/home/dabadjiev/smartpixels_ml_dsabadjiev/Muon_Collider_Smart_Pixels/eric/Results_June2026_99SigEff/model2.5_fin_results/model2_5_10bit_normalised_selected/pareto_primary/hls_outputs_vsynth/hls_model_trial_065/myproject_prj/solution1/syn/vhdl/myproject_dense_resource_ap_fixed_16_6_5_3_0_ap_fixed_16_6_5_3_0_config14_s.vhd:5520]
	Parameter ID bound to: 1 - type: integer 
	Parameter NUM_STAGE bound to: 1 - type: integer 
	Parameter din0_WIDTH bound to: 11 - type: integer 
	Parameter din1_WIDTH bound to: 10 - type: integer 
	Parameter dout_WIDTH bound to: 21 - type: integer 
INFO: [Synth 8-3491] module 'myproject_mul_11s_10s_21_1_1' declared at '/home/dabadjiev/smartpixels_ml_dsabadjiev/Muon_Collider_Smart_Pixels/eric/Results_June2026_99SigEff/model2.5_fin_results/model2_5_10bit_normalised_selected/pareto_primary/hls_outputs_vsynth/hls_model_trial_065/myproject_prj/solution1/syn/vhdl/myproject_mul_11s_10s_21_1_1.vhd:7' bound to instance 'mul_11s_10s_21_1_1_U118' of component 'myproject_mul_11s_10s_21_1_1' [/home/dabadjiev/smartpixels_ml_dsabadjiev/Muon_Collider_Smart_Pixels/eric/Results_June2026_99SigEff/model2.5_fin_results/model2_5_10bit_normalised_selected/pareto_primary/hls_outputs_vsynth/hls_model_trial_065/myproject_prj/solution1/syn/vhdl/myproject_dense_resource_ap_fixed_16_6_5_3_0_ap_fixed_16_6_5_3_0_config14_s.vhd:5532]
	Parameter ID bound to: 1 - type: integer 
	Parameter NUM_STAGE bound to: 1 - type: integer 
	Parameter din0_WIDTH bound to: 11 - type: integer 
	Parameter din1_WIDTH bound to: 10 - type: integer 
	Parameter dout_WIDTH bound to: 21 - type: integer 
INFO: [Synth 8-3491] module 'myproject_mul_11s_10s_21_1_1' declared at '/home/dabadjiev/smartpixels_ml_dsabadjiev/Muon_Collider_Smart_Pixels/eric/Results_June2026_99SigEff/model2.5_fin_results/model2_5_10bit_normalised_selected/pareto_primary/hls_outputs_vsynth/hls_model_trial_065/myproject_prj/solution1/syn/vhdl/myproject_mul_11s_10s_21_1_1.vhd:7' bound to instance 'mul_11s_10s_21_1_1_U119' of component 'myproject_mul_11s_10s_21_1_1' [/home/dabadjiev/smartpixels_ml_dsabadjiev/Muon_Collider_Smart_Pixels/eric/Results_June2026_99SigEff/model2.5_fin_results/model2_5_10bit_normalised_selected/pareto_primary/hls_outputs_vsynth/hls_model_trial_065/myproject_prj/solution1/syn/vhdl/myproject_dense_resource_ap_fixed_16_6_5_3_0_ap_fixed_16_6_5_3_0_config14_s.vhd:5544]
	Parameter ID bound to: 1 - type: integer 
	Parameter NUM_STAGE bound to: 1 - type: integer 
	Parameter din0_WIDTH bound to: 11 - type: integer 
	Parameter din1_WIDTH bound to: 10 - type: integer 
	Parameter dout_WIDTH bound to: 21 - type: integer 
INFO: [Synth 8-3491] module 'myproject_mul_11s_10s_21_1_1' declared at '/home/dabadjiev/smartpixels_ml_dsabadjiev/Muon_Collider_Smart_Pixels/eric/Results_June2026_99SigEff/model2.5_fin_results/model2_5_10bit_normalised_selected/pareto_primary/hls_outputs_vsynth/hls_model_trial_065/myproject_prj/solution1/syn/vhdl/myproject_mul_11s_10s_21_1_1.vhd:7' bound to instance 'mul_11s_10s_21_1_1_U120' of component 'myproject_mul_11s_10s_21_1_1' [/home/dabadjiev/smartpixels_ml_dsabadjiev/Muon_Collider_Smart_Pixels/eric/Results_June2026_99SigEff/model2.5_fin_results/model2_5_10bit_normalised_selected/pareto_primary/hls_outputs_vsynth/hls_model_trial_065/myproject_prj/solution1/syn/vhdl/myproject_dense_resource_ap_fixed_16_6_5_3_0_ap_fixed_16_6_5_3_0_config14_s.vhd:5556]
	Parameter ID bound to: 1 - type: integer 
	Parameter NUM_STAGE bound to: 1 - type: integer 
	Parameter din0_WIDTH bound to: 11 - type: integer 
	Parameter din1_WIDTH bound to: 10 - type: integer 
	Parameter dout_WIDTH bound to: 21 - type: integer 
INFO: [Synth 8-3491] module 'myproject_mul_11s_10s_21_1_1' declared at '/home/dabadjiev/smartpixels_ml_dsabadjiev/Muon_Collider_Smart_Pixels/eric/Results_June2026_99SigEff/model2.5_fin_results/model2_5_10bit_normalised_selected/pareto_primary/hls_outputs_vsynth/hls_model_trial_065/myproject_prj/solution1/syn/vhdl/myproject_mul_11s_10s_21_1_1.vhd:7' bound to instance 'mul_11s_10s_21_1_1_U121' of component 'myproject_mul_11s_10s_21_1_1' [/home/dabadjiev/smartpixels_ml_dsabadjiev/Muon_Collider_Smart_Pixels/eric/Results_June2026_99SigEff/model2.5_fin_results/model2_5_10bit_normalised_selected/pareto_primary/hls_outputs_vsynth/hls_model_trial_065/myproject_prj/solution1/syn/vhdl/myproject_dense_resource_ap_fixed_16_6_5_3_0_ap_fixed_16_6_5_3_0_config14_s.vhd:5568]
	Parameter ID bound to: 1 - type: integer 
	Parameter NUM_STAGE bound to: 1 - type: integer 
	Parameter din0_WIDTH bound to: 11 - type: integer 
	Parameter din1_WIDTH bound to: 10 - type: integer 
	Parameter dout_WIDTH bound to: 21 - type: integer 
INFO: [Synth 8-3491] module 'myproject_mul_11s_10s_21_1_1' declared at '/home/dabadjiev/smartpixels_ml_dsabadjiev/Muon_Collider_Smart_Pixels/eric/Results_June2026_99SigEff/model2.5_fin_results/model2_5_10bit_normalised_selected/pareto_primary/hls_outputs_vsynth/hls_model_trial_065/myproject_prj/solution1/syn/vhdl/myproject_mul_11s_10s_21_1_1.vhd:7' bound to instance 'mul_11s_10s_21_1_1_U122' of component 'myproject_mul_11s_10s_21_1_1' [/home/dabadjiev/smartpixels_ml_dsabadjiev/Muon_Collider_Smart_Pixels/eric/Results_June2026_99SigEff/model2.5_fin_results/model2_5_10bit_normalised_selected/pareto_primary/hls_outputs_vsynth/hls_model_trial_065/myproject_prj/solution1/syn/vhdl/myproject_dense_resource_ap_fixed_16_6_5_3_0_ap_fixed_16_6_5_3_0_config14_s.vhd:5580]
	Parameter ID bound to: 1 - type: integer 
	Parameter NUM_STAGE bound to: 1 - type: integer 
	Parameter din0_WIDTH bound to: 11 - type: integer 
	Parameter din1_WIDTH bound to: 10 - type: integer 
	Parameter dout_WIDTH bound to: 21 - type: integer 
INFO: [Synth 8-3491] module 'myproject_mul_11s_10s_21_1_1' declared at '/home/dabadjiev/smartpixels_ml_dsabadjiev/Muon_Collider_Smart_Pixels/eric/Results_June2026_99SigEff/model2.5_fin_results/model2_5_10bit_normalised_selected/pareto_primary/hls_outputs_vsynth/hls_model_trial_065/myproject_prj/solution1/syn/vhdl/myproject_mul_11s_10s_21_1_1.vhd:7' bound to instance 'mul_11s_10s_21_1_1_U123' of component 'myproject_mul_11s_10s_21_1_1' [/home/dabadjiev/smartpixels_ml_dsabadjiev/Muon_Collider_Smart_Pixels/eric/Results_June2026_99SigEff/model2.5_fin_results/model2_5_10bit_normalised_selected/pareto_primary/hls_outputs_vsynth/hls_model_trial_065/myproject_prj/solution1/syn/vhdl/myproject_dense_resource_ap_fixed_16_6_5_3_0_ap_fixed_16_6_5_3_0_config14_s.vhd:5592]
	Parameter ID bound to: 1 - type: integer 
	Parameter NUM_STAGE bound to: 1 - type: integer 
	Parameter din0_WIDTH bound to: 11 - type: integer 
	Parameter din1_WIDTH bound to: 10 - type: integer 
	Parameter dout_WIDTH bound to: 21 - type: integer 
INFO: [Synth 8-3491] module 'myproject_mul_11s_10s_21_1_1' declared at '/home/dabadjiev/smartpixels_ml_dsabadjiev/Muon_Collider_Smart_Pixels/eric/Results_June2026_99SigEff/model2.5_fin_results/model2_5_10bit_normalised_selected/pareto_primary/hls_outputs_vsynth/hls_model_trial_065/myproject_prj/solution1/syn/vhdl/myproject_mul_11s_10s_21_1_1.vhd:7' bound to instance 'mul_11s_10s_21_1_1_U124' of component 'myproject_mul_11s_10s_21_1_1' [/home/dabadjiev/smartpixels_ml_dsabadjiev/Muon_Collider_Smart_Pixels/eric/Results_June2026_99SigEff/model2.5_fin_results/model2_5_10bit_normalised_selected/pareto_primary/hls_outputs_vsynth/hls_model_trial_065/myproject_prj/solution1/syn/vhdl/myproject_dense_resource_ap_fixed_16_6_5_3_0_ap_fixed_16_6_5_3_0_config14_s.vhd:5604]
	Parameter ID bound to: 1 - type: integer 
	Parameter NUM_STAGE bound to: 1 - type: integer 
	Parameter din0_WIDTH bound to: 11 - type: integer 
	Parameter din1_WIDTH bound to: 10 - type: integer 
	Parameter dout_WIDTH bound to: 21 - type: integer 
INFO: [Synth 8-3491] module 'myproject_mul_11s_10s_21_1_1' declared at '/home/dabadjiev/smartpixels_ml_dsabadjiev/Muon_Collider_Smart_Pixels/eric/Results_June2026_99SigEff/model2.5_fin_results/model2_5_10bit_normalised_selected/pareto_primary/hls_outputs_vsynth/hls_model_trial_065/myproject_prj/solution1/syn/vhdl/myproject_mul_11s_10s_21_1_1.vhd:7' bound to instance 'mul_11s_10s_21_1_1_U125' of component 'myproject_mul_11s_10s_21_1_1' [/home/dabadjiev/smartpixels_ml_dsabadjiev/Muon_Collider_Smart_Pixels/eric/Results_June2026_99SigEff/model2.5_fin_results/model2_5_10bit_normalised_selected/pareto_primary/hls_outputs_vsynth/hls_model_trial_065/myproject_prj/solution1/syn/vhdl/myproject_dense_resource_ap_fixed_16_6_5_3_0_ap_fixed_16_6_5_3_0_config14_s.vhd:5616]
	Parameter ID bound to: 1 - type: integer 
	Parameter NUM_STAGE bound to: 1 - type: integer 
	Parameter din0_WIDTH bound to: 11 - type: integer 
	Parameter din1_WIDTH bound to: 10 - type: integer 
	Parameter dout_WIDTH bound to: 21 - type: integer 
INFO: [Synth 8-3491] module 'myproject_mul_11s_10s_21_1_1' declared at '/home/dabadjiev/smartpixels_ml_dsabadjiev/Muon_Collider_Smart_Pixels/eric/Results_June2026_99SigEff/model2.5_fin_results/model2_5_10bit_normalised_selected/pareto_primary/hls_outputs_vsynth/hls_model_trial_065/myproject_prj/solution1/syn/vhdl/myproject_mul_11s_10s_21_1_1.vhd:7' bound to instance 'mul_11s_10s_21_1_1_U126' of component 'myproject_mul_11s_10s_21_1_1' [/home/dabadjiev/smartpixels_ml_dsabadjiev/Muon_Collider_Smart_Pixels/eric/Results_June2026_99SigEff/model2.5_fin_results/model2_5_10bit_normalised_selected/pareto_primary/hls_outputs_vsynth/hls_model_trial_065/myproject_prj/solution1/syn/vhdl/myproject_dense_resource_ap_fixed_16_6_5_3_0_ap_fixed_16_6_5_3_0_config14_s.vhd:5628]
	Parameter ID bound to: 1 - type: integer 
	Parameter NUM_STAGE bound to: 1 - type: integer 
	Parameter din0_WIDTH bound to: 11 - type: integer 
	Parameter din1_WIDTH bound to: 10 - type: integer 
	Parameter dout_WIDTH bound to: 21 - type: integer 
INFO: [Synth 8-3491] module 'myproject_mul_11s_10s_21_1_1' declared at '/home/dabadjiev/smartpixels_ml_dsabadjiev/Muon_Collider_Smart_Pixels/eric/Results_June2026_99SigEff/model2.5_fin_results/model2_5_10bit_normalised_selected/pareto_primary/hls_outputs_vsynth/hls_model_trial_065/myproject_prj/solution1/syn/vhdl/myproject_mul_11s_10s_21_1_1.vhd:7' bound to instance 'mul_11s_10s_21_1_1_U127' of component 'myproject_mul_11s_10s_21_1_1' [/home/dabadjiev/smartpixels_ml_dsabadjiev/Muon_Collider_Smart_Pixels/eric/Results_June2026_99SigEff/model2.5_fin_results/model2_5_10bit_normalised_selected/pareto_primary/hls_outputs_vsynth/hls_model_trial_065/myproject_prj/solution1/syn/vhdl/myproject_dense_resource_ap_fixed_16_6_5_3_0_ap_fixed_16_6_5_3_0_config14_s.vhd:5640]
	Parameter ID bound to: 1 - type: integer 
	Parameter NUM_STAGE bound to: 1 - type: integer 
	Parameter din0_WIDTH bound to: 11 - type: integer 
	Parameter din1_WIDTH bound to: 10 - type: integer 
	Parameter dout_WIDTH bound to: 21 - type: integer 
INFO: [Synth 8-3491] module 'myproject_mul_11s_10s_21_1_1' declared at '/home/dabadjiev/smartpixels_ml_dsabadjiev/Muon_Collider_Smart_Pixels/eric/Results_June2026_99SigEff/model2.5_fin_results/model2_5_10bit_normalised_selected/pareto_primary/hls_outputs_vsynth/hls_model_trial_065/myproject_prj/solution1/syn/vhdl/myproject_mul_11s_10s_21_1_1.vhd:7' bound to instance 'mul_11s_10s_21_1_1_U128' of component 'myproject_mul_11s_10s_21_1_1' [/home/dabadjiev/smartpixels_ml_dsabadjiev/Muon_Collider_Smart_Pixels/eric/Results_June2026_99SigEff/model2.5_fin_results/model2_5_10bit_normalised_selected/pareto_primary/hls_outputs_vsynth/hls_model_trial_065/myproject_prj/solution1/syn/vhdl/myproject_dense_resource_ap_fixed_16_6_5_3_0_ap_fixed_16_6_5_3_0_config14_s.vhd:5652]
	Parameter ID bound to: 1 - type: integer 
	Parameter NUM_STAGE bound to: 1 - type: integer 
	Parameter din0_WIDTH bound to: 11 - type: integer 
	Parameter din1_WIDTH bound to: 10 - type: integer 
	Parameter dout_WIDTH bound to: 21 - type: integer 
INFO: [Synth 8-3491] module 'myproject_mul_11s_10s_21_1_1' declared at '/home/dabadjiev/smartpixels_ml_dsabadjiev/Muon_Collider_Smart_Pixels/eric/Results_June2026_99SigEff/model2.5_fin_results/model2_5_10bit_normalised_selected/pareto_primary/hls_outputs_vsynth/hls_model_trial_065/myproject_prj/solution1/syn/vhdl/myproject_mul_11s_10s_21_1_1.vhd:7' bound to instance 'mul_11s_10s_21_1_1_U129' of component 'myproject_mul_11s_10s_21_1_1' [/home/dabadjiev/smartpixels_ml_dsabadjiev/Muon_Collider_Smart_Pixels/eric/Results_June2026_99SigEff/model2.5_fin_results/model2_5_10bit_normalised_selected/pareto_primary/hls_outputs_vsynth/hls_model_trial_065/myproject_prj/solution1/syn/vhdl/myproject_dense_resource_ap_fixed_16_6_5_3_0_ap_fixed_16_6_5_3_0_config14_s.vhd:5664]
	Parameter ID bound to: 1 - type: integer 
	Parameter NUM_STAGE bound to: 1 - type: integer 
	Parameter din0_WIDTH bound to: 11 - type: integer 
	Parameter din1_WIDTH bound to: 10 - type: integer 
	Parameter dout_WIDTH bound to: 21 - type: integer 
INFO: [Synth 8-3491] module 'myproject_mul_11s_10s_21_1_1' declared at '/home/dabadjiev/smartpixels_ml_dsabadjiev/Muon_Collider_Smart_Pixels/eric/Results_June2026_99SigEff/model2.5_fin_results/model2_5_10bit_normalised_selected/pareto_primary/hls_outputs_vsynth/hls_model_trial_065/myproject_prj/solution1/syn/vhdl/myproject_mul_11s_10s_21_1_1.vhd:7' bound to instance 'mul_11s_10s_21_1_1_U130' of component 'myproject_mul_11s_10s_21_1_1' [/home/dabadjiev/smartpixels_ml_dsabadjiev/Muon_Collider_Smart_Pixels/eric/Results_June2026_99SigEff/model2.5_fin_results/model2_5_10bit_normalised_selected/pareto_primary/hls_outputs_vsynth/hls_model_trial_065/myproject_prj/solution1/syn/vhdl/myproject_dense_resource_ap_fixed_16_6_5_3_0_ap_fixed_16_6_5_3_0_config14_s.vhd:5676]
	Parameter ID bound to: 1 - type: integer 
	Parameter NUM_STAGE bound to: 1 - type: integer 
	Parameter din0_WIDTH bound to: 11 - type: integer 
	Parameter din1_WIDTH bound to: 10 - type: integer 
	Parameter dout_WIDTH bound to: 21 - type: integer 
INFO: [Synth 8-3491] module 'myproject_mul_11s_10s_21_1_1' declared at '/home/dabadjiev/smartpixels_ml_dsabadjiev/Muon_Collider_Smart_Pixels/eric/Results_June2026_99SigEff/model2.5_fin_results/model2_5_10bit_normalised_selected/pareto_primary/hls_outputs_vsynth/hls_model_trial_065/myproject_prj/solution1/syn/vhdl/myproject_mul_11s_10s_21_1_1.vhd:7' bound to instance 'mul_11s_10s_21_1_1_U131' of component 'myproject_mul_11s_10s_21_1_1' [/home/dabadjiev/smartpixels_ml_dsabadjiev/Muon_Collider_Smart_Pixels/eric/Results_June2026_99SigEff/model2.5_fin_results/model2_5_10bit_normalised_selected/pareto_primary/hls_outputs_vsynth/hls_model_trial_065/myproject_prj/solution1/syn/vhdl/myproject_dense_resource_ap_fixed_16_6_5_3_0_ap_fixed_16_6_5_3_0_config14_s.vhd:5688]
	Parameter ID bound to: 1 - type: integer 
	Parameter NUM_STAGE bound to: 1 - type: integer 
	Parameter din0_WIDTH bound to: 11 - type: integer 
	Parameter din1_WIDTH bound to: 10 - type: integer 
	Parameter dout_WIDTH bound to: 21 - type: integer 
INFO: [Synth 8-3491] module 'myproject_mul_11s_10s_21_1_1' declared at '/home/dabadjiev/smartpixels_ml_dsabadjiev/Muon_Collider_Smart_Pixels/eric/Results_June2026_99SigEff/model2.5_fin_results/model2_5_10bit_normalised_selected/pareto_primary/hls_outputs_vsynth/hls_model_trial_065/myproject_prj/solution1/syn/vhdl/myproject_mul_11s_10s_21_1_1.vhd:7' bound to instance 'mul_11s_10s_21_1_1_U132' of component 'myproject_mul_11s_10s_21_1_1' [/home/dabadjiev/smartpixels_ml_dsabadjiev/Muon_Collider_Smart_Pixels/eric/Results_June2026_99SigEff/model2.5_fin_results/model2_5_10bit_normalised_selected/pareto_primary/hls_outputs_vsynth/hls_model_trial_065/myproject_prj/solution1/syn/vhdl/myproject_dense_resource_ap_fixed_16_6_5_3_0_ap_fixed_16_6_5_3_0_config14_s.vhd:5700]
	Parameter ID bound to: 1 - type: integer 
	Parameter NUM_STAGE bound to: 1 - type: integer 
	Parameter din0_WIDTH bound to: 11 - type: integer 
	Parameter din1_WIDTH bound to: 10 - type: integer 
	Parameter dout_WIDTH bound to: 21 - type: integer 
INFO: [Synth 8-3491] module 'myproject_mul_11s_10s_21_1_1' declared at '/home/dabadjiev/smartpixels_ml_dsabadjiev/Muon_Collider_Smart_Pixels/eric/Results_June2026_99SigEff/model2.5_fin_results/model2_5_10bit_normalised_selected/pareto_primary/hls_outputs_vsynth/hls_model_trial_065/myproject_prj/solution1/syn/vhdl/myproject_mul_11s_10s_21_1_1.vhd:7' bound to instance 'mul_11s_10s_21_1_1_U133' of component 'myproject_mul_11s_10s_21_1_1' [/home/dabadjiev/smartpixels_ml_dsabadjiev/Muon_Collider_Smart_Pixels/eric/Results_June2026_99SigEff/model2.5_fin_results/model2_5_10bit_normalised_selected/pareto_primary/hls_outputs_vsynth/hls_model_trial_065/myproject_prj/solution1/syn/vhdl/myproject_dense_resource_ap_fixed_16_6_5_3_0_ap_fixed_16_6_5_3_0_config14_s.vhd:5712]
	Parameter ID bound to: 1 - type: integer 
	Parameter NUM_STAGE bound to: 1 - type: integer 
	Parameter din0_WIDTH bound to: 11 - type: integer 
	Parameter din1_WIDTH bound to: 10 - type: integer 
	Parameter dout_WIDTH bound to: 21 - type: integer 
INFO: [Synth 8-3491] module 'myproject_mul_11s_10s_21_1_1' declared at '/home/dabadjiev/smartpixels_ml_dsabadjiev/Muon_Collider_Smart_Pixels/eric/Results_June2026_99SigEff/model2.5_fin_results/model2_5_10bit_normalised_selected/pareto_primary/hls_outputs_vsynth/hls_model_trial_065/myproject_prj/solution1/syn/vhdl/myproject_mul_11s_10s_21_1_1.vhd:7' bound to instance 'mul_11s_10s_21_1_1_U134' of component 'myproject_mul_11s_10s_21_1_1' [/home/dabadjiev/smartpixels_ml_dsabadjiev/Muon_Collider_Smart_Pixels/eric/Results_June2026_99SigEff/model2.5_fin_results/model2_5_10bit_normalised_selected/pareto_primary/hls_outputs_vsynth/hls_model_trial_065/myproject_prj/solution1/syn/vhdl/myproject_dense_resource_ap_fixed_16_6_5_3_0_ap_fixed_16_6_5_3_0_config14_s.vhd:5724]
	Parameter ID bound to: 1 - type: integer 
	Parameter NUM_STAGE bound to: 1 - type: integer 
	Parameter din0_WIDTH bound to: 11 - type: integer 
	Parameter din1_WIDTH bound to: 10 - type: integer 
	Parameter dout_WIDTH bound to: 21 - type: integer 
INFO: [Synth 8-3491] module 'myproject_mul_11s_10s_21_1_1' declared at '/home/dabadjiev/smartpixels_ml_dsabadjiev/Muon_Collider_Smart_Pixels/eric/Results_June2026_99SigEff/model2.5_fin_results/model2_5_10bit_normalised_selected/pareto_primary/hls_outputs_vsynth/hls_model_trial_065/myproject_prj/solution1/syn/vhdl/myproject_mul_11s_10s_21_1_1.vhd:7' bound to instance 'mul_11s_10s_21_1_1_U135' of component 'myproject_mul_11s_10s_21_1_1' [/home/dabadjiev/smartpixels_ml_dsabadjiev/Muon_Collider_Smart_Pixels/eric/Results_June2026_99SigEff/model2.5_fin_results/model2_5_10bit_normalised_selected/pareto_primary/hls_outputs_vsynth/hls_model_trial_065/myproject_prj/solution1/syn/vhdl/myproject_dense_resource_ap_fixed_16_6_5_3_0_ap_fixed_16_6_5_3_0_config14_s.vhd:5736]
	Parameter ID bound to: 1 - type: integer 
	Parameter NUM_STAGE bound to: 1 - type: integer 
	Parameter din0_WIDTH bound to: 11 - type: integer 
	Parameter din1_WIDTH bound to: 10 - type: integer 
	Parameter dout_WIDTH bound to: 21 - type: integer 
INFO: [Synth 8-3491] module 'myproject_mul_11s_10s_21_1_1' declared at '/home/dabadjiev/smartpixels_ml_dsabadjiev/Muon_Collider_Smart_Pixels/eric/Results_June2026_99SigEff/model2.5_fin_results/model2_5_10bit_normalised_selected/pareto_primary/hls_outputs_vsynth/hls_model_trial_065/myproject_prj/solution1/syn/vhdl/myproject_mul_11s_10s_21_1_1.vhd:7' bound to instance 'mul_11s_10s_21_1_1_U136' of component 'myproject_mul_11s_10s_21_1_1' [/home/dabadjiev/smartpixels_ml_dsabadjiev/Muon_Collider_Smart_Pixels/eric/Results_June2026_99SigEff/model2.5_fin_results/model2_5_10bit_normalised_selected/pareto_primary/hls_outputs_vsynth/hls_model_trial_065/myproject_prj/solution1/syn/vhdl/myproject_dense_resource_ap_fixed_16_6_5_3_0_ap_fixed_16_6_5_3_0_config14_s.vhd:5748]
	Parameter ID bound to: 1 - type: integer 
	Parameter NUM_STAGE bound to: 1 - type: integer 
	Parameter din0_WIDTH bound to: 11 - type: integer 
	Parameter din1_WIDTH bound to: 10 - type: integer 
	Parameter dout_WIDTH bound to: 21 - type: integer 
INFO: [Synth 8-3491] module 'myproject_mul_11s_10s_21_1_1' declared at '/home/dabadjiev/smartpixels_ml_dsabadjiev/Muon_Collider_Smart_Pixels/eric/Results_June2026_99SigEff/model2.5_fin_results/model2_5_10bit_normalised_selected/pareto_primary/hls_outputs_vsynth/hls_model_trial_065/myproject_prj/solution1/syn/vhdl/myproject_mul_11s_10s_21_1_1.vhd:7' bound to instance 'mul_11s_10s_21_1_1_U137' of component 'myproject_mul_11s_10s_21_1_1' [/home/dabadjiev/smartpixels_ml_dsabadjiev/Muon_Collider_Smart_Pixels/eric/Results_June2026_99SigEff/model2.5_fin_results/model2_5_10bit_normalised_selected/pareto_primary/hls_outputs_vsynth/hls_model_trial_065/myproject_prj/solution1/syn/vhdl/myproject_dense_resource_ap_fixed_16_6_5_3_0_ap_fixed_16_6_5_3_0_config14_s.vhd:5760]
	Parameter ID bound to: 1 - type: integer 
	Parameter NUM_STAGE bound to: 1 - type: integer 
	Parameter din0_WIDTH bound to: 11 - type: integer 
	Parameter din1_WIDTH bound to: 10 - type: integer 
	Parameter dout_WIDTH bound to: 21 - type: integer 
INFO: [Synth 8-3491] module 'myproject_mul_11s_10s_21_1_1' declared at '/home/dabadjiev/smartpixels_ml_dsabadjiev/Muon_Collider_Smart_Pixels/eric/Results_June2026_99SigEff/model2.5_fin_results/model2_5_10bit_normalised_selected/pareto_primary/hls_outputs_vsynth/hls_model_trial_065/myproject_prj/solution1/syn/vhdl/myproject_mul_11s_10s_21_1_1.vhd:7' bound to instance 'mul_11s_10s_21_1_1_U138' of component 'myproject_mul_11s_10s_21_1_1' [/home/dabadjiev/smartpixels_ml_dsabadjiev/Muon_Collider_Smart_Pixels/eric/Results_June2026_99SigEff/model2.5_fin_results/model2_5_10bit_normalised_selected/pareto_primary/hls_outputs_vsynth/hls_model_trial_065/myproject_prj/solution1/syn/vhdl/myproject_dense_resource_ap_fixed_16_6_5_3_0_ap_fixed_16_6_5_3_0_config14_s.vhd:5772]
	Parameter ID bound to: 1 - type: integer 
	Parameter NUM_STAGE bound to: 1 - type: integer 
	Parameter din0_WIDTH bound to: 11 - type: integer 
	Parameter din1_WIDTH bound to: 10 - type: integer 
	Parameter dout_WIDTH bound to: 21 - type: integer 
INFO: [Synth 8-3491] module 'myproject_mul_11s_10s_21_1_1' declared at '/home/dabadjiev/smartpixels_ml_dsabadjiev/Muon_Collider_Smart_Pixels/eric/Results_June2026_99SigEff/model2.5_fin_results/model2_5_10bit_normalised_selected/pareto_primary/hls_outputs_vsynth/hls_model_trial_065/myproject_prj/solution1/syn/vhdl/myproject_mul_11s_10s_21_1_1.vhd:7' bound to instance 'mul_11s_10s_21_1_1_U139' of component 'myproject_mul_11s_10s_21_1_1' [/home/dabadjiev/smartpixels_ml_dsabadjiev/Muon_Collider_Smart_Pixels/eric/Results_June2026_99SigEff/model2.5_fin_results/model2_5_10bit_normalised_selected/pareto_primary/hls_outputs_vsynth/hls_model_trial_065/myproject_prj/solution1/syn/vhdl/myproject_dense_resource_ap_fixed_16_6_5_3_0_ap_fixed_16_6_5_3_0_config14_s.vhd:5784]
	Parameter ID bound to: 1 - type: integer 
	Parameter NUM_STAGE bound to: 1 - type: integer 
	Parameter din0_WIDTH bound to: 11 - type: integer 
	Parameter din1_WIDTH bound to: 10 - type: integer 
	Parameter dout_WIDTH bound to: 21 - type: integer 
INFO: [Synth 8-3491] module 'myproject_mul_11s_10s_21_1_1' declared at '/home/dabadjiev/smartpixels_ml_dsabadjiev/Muon_Collider_Smart_Pixels/eric/Results_June2026_99SigEff/model2.5_fin_results/model2_5_10bit_normalised_selected/pareto_primary/hls_outputs_vsynth/hls_model_trial_065/myproject_prj/solution1/syn/vhdl/myproject_mul_11s_10s_21_1_1.vhd:7' bound to instance 'mul_11s_10s_21_1_1_U140' of component 'myproject_mul_11s_10s_21_1_1' [/home/dabadjiev/smartpixels_ml_dsabadjiev/Muon_Collider_Smart_Pixels/eric/Results_June2026_99SigEff/model2.5_fin_results/model2_5_10bit_normalised_selected/pareto_primary/hls_outputs_vsynth/hls_model_trial_065/myproject_prj/solution1/syn/vhdl/myproject_dense_resource_ap_fixed_16_6_5_3_0_ap_fixed_16_6_5_3_0_config14_s.vhd:5796]
	Parameter ID bound to: 1 - type: integer 
	Parameter NUM_STAGE bound to: 1 - type: integer 
	Parameter din0_WIDTH bound to: 11 - type: integer 
	Parameter din1_WIDTH bound to: 10 - type: integer 
	Parameter dout_WIDTH bound to: 21 - type: integer 
INFO: [Synth 8-3491] module 'myproject_mul_11s_10s_21_1_1' declared at '/home/dabadjiev/smartpixels_ml_dsabadjiev/Muon_Collider_Smart_Pixels/eric/Results_June2026_99SigEff/model2.5_fin_results/model2_5_10bit_normalised_selected/pareto_primary/hls_outputs_vsynth/hls_model_trial_065/myproject_prj/solution1/syn/vhdl/myproject_mul_11s_10s_21_1_1.vhd:7' bound to instance 'mul_11s_10s_21_1_1_U141' of component 'myproject_mul_11s_10s_21_1_1' [/home/dabadjiev/smartpixels_ml_dsabadjiev/Muon_Collider_Smart_Pixels/eric/Results_June2026_99SigEff/model2.5_fin_results/model2_5_10bit_normalised_selected/pareto_primary/hls_outputs_vsynth/hls_model_trial_065/myproject_prj/solution1/syn/vhdl/myproject_dense_resource_ap_fixed_16_6_5_3_0_ap_fixed_16_6_5_3_0_config14_s.vhd:5808]
	Parameter ID bound to: 1 - type: integer 
	Parameter NUM_STAGE bound to: 1 - type: integer 
	Parameter din0_WIDTH bound to: 11 - type: integer 
	Parameter din1_WIDTH bound to: 10 - type: integer 
	Parameter dout_WIDTH bound to: 21 - type: integer 
INFO: [Synth 8-3491] module 'myproject_mul_11s_10s_21_1_1' declared at '/home/dabadjiev/smartpixels_ml_dsabadjiev/Muon_Collider_Smart_Pixels/eric/Results_June2026_99SigEff/model2.5_fin_results/model2_5_10bit_normalised_selected/pareto_primary/hls_outputs_vsynth/hls_model_trial_065/myproject_prj/solution1/syn/vhdl/myproject_mul_11s_10s_21_1_1.vhd:7' bound to instance 'mul_11s_10s_21_1_1_U142' of component 'myproject_mul_11s_10s_21_1_1' [/home/dabadjiev/smartpixels_ml_dsabadjiev/Muon_Collider_Smart_Pixels/eric/Results_June2026_99SigEff/model2.5_fin_results/model2_5_10bit_normalised_selected/pareto_primary/hls_outputs_vsynth/hls_model_trial_065/myproject_prj/solution1/syn/vhdl/myproject_dense_resource_ap_fixed_16_6_5_3_0_ap_fixed_16_6_5_3_0_config14_s.vhd:5820]
	Parameter ID bound to: 1 - type: integer 
	Parameter NUM_STAGE bound to: 1 - type: integer 
	Parameter din0_WIDTH bound to: 11 - type: integer 
	Parameter din1_WIDTH bound to: 10 - type: integer 
	Parameter dout_WIDTH bound to: 21 - type: integer 
INFO: [Synth 8-3491] module 'myproject_mul_11s_10s_21_1_1' declared at '/home/dabadjiev/smartpixels_ml_dsabadjiev/Muon_Collider_Smart_Pixels/eric/Results_June2026_99SigEff/model2.5_fin_results/model2_5_10bit_normalised_selected/pareto_primary/hls_outputs_vsynth/hls_model_trial_065/myproject_prj/solution1/syn/vhdl/myproject_mul_11s_10s_21_1_1.vhd:7' bound to instance 'mul_11s_10s_21_1_1_U143' of component 'myproject_mul_11s_10s_21_1_1' [/home/dabadjiev/smartpixels_ml_dsabadjiev/Muon_Collider_Smart_Pixels/eric/Results_June2026_99SigEff/model2.5_fin_results/model2_5_10bit_normalised_selected/pareto_primary/hls_outputs_vsynth/hls_model_trial_065/myproject_prj/solution1/syn/vhdl/myproject_dense_resource_ap_fixed_16_6_5_3_0_ap_fixed_16_6_5_3_0_config14_s.vhd:5832]
	Parameter ID bound to: 1 - type: integer 
	Parameter NUM_STAGE bound to: 1 - type: integer 
	Parameter din0_WIDTH bound to: 11 - type: integer 
	Parameter din1_WIDTH bound to: 10 - type: integer 
	Parameter dout_WIDTH bound to: 21 - type: integer 
INFO: [Synth 8-3491] module 'myproject_mul_11s_10s_21_1_1' declared at '/home/dabadjiev/smartpixels_ml_dsabadjiev/Muon_Collider_Smart_Pixels/eric/Results_June2026_99SigEff/model2.5_fin_results/model2_5_10bit_normalised_selected/pareto_primary/hls_outputs_vsynth/hls_model_trial_065/myproject_prj/solution1/syn/vhdl/myproject_mul_11s_10s_21_1_1.vhd:7' bound to instance 'mul_11s_10s_21_1_1_U144' of component 'myproject_mul_11s_10s_21_1_1' [/home/dabadjiev/smartpixels_ml_dsabadjiev/Muon_Collider_Smart_Pixels/eric/Results_June2026_99SigEff/model2.5_fin_results/model2_5_10bit_normalised_selected/pareto_primary/hls_outputs_vsynth/hls_model_trial_065/myproject_prj/solution1/syn/vhdl/myproject_dense_resource_ap_fixed_16_6_5_3_0_ap_fixed_16_6_5_3_0_config14_s.vhd:5844]
	Parameter ID bound to: 1 - type: integer 
	Parameter NUM_STAGE bound to: 1 - type: integer 
	Parameter din0_WIDTH bound to: 11 - type: integer 
	Parameter din1_WIDTH bound to: 10 - type: integer 
	Parameter dout_WIDTH bound to: 21 - type: integer 
INFO: [Synth 8-3491] module 'myproject_mul_11s_10s_21_1_1' declared at '/home/dabadjiev/smartpixels_ml_dsabadjiev/Muon_Collider_Smart_Pixels/eric/Results_June2026_99SigEff/model2.5_fin_results/model2_5_10bit_normalised_selected/pareto_primary/hls_outputs_vsynth/hls_model_trial_065/myproject_prj/solution1/syn/vhdl/myproject_mul_11s_10s_21_1_1.vhd:7' bound to instance 'mul_11s_10s_21_1_1_U145' of component 'myproject_mul_11s_10s_21_1_1' [/home/dabadjiev/smartpixels_ml_dsabadjiev/Muon_Collider_Smart_Pixels/eric/Results_June2026_99SigEff/model2.5_fin_results/model2_5_10bit_normalised_selected/pareto_primary/hls_outputs_vsynth/hls_model_trial_065/myproject_prj/solution1/syn/vhdl/myproject_dense_resource_ap_fixed_16_6_5_3_0_ap_fixed_16_6_5_3_0_config14_s.vhd:5856]
	Parameter ID bound to: 1 - type: integer 
	Parameter NUM_STAGE bound to: 1 - type: integer 
	Parameter din0_WIDTH bound to: 11 - type: integer 
	Parameter din1_WIDTH bound to: 10 - type: integer 
	Parameter dout_WIDTH bound to: 21 - type: integer 
INFO: [Synth 8-3491] module 'myproject_mul_11s_10s_21_1_1' declared at '/home/dabadjiev/smartpixels_ml_dsabadjiev/Muon_Collider_Smart_Pixels/eric/Results_June2026_99SigEff/model2.5_fin_results/model2_5_10bit_normalised_selected/pareto_primary/hls_outputs_vsynth/hls_model_trial_065/myproject_prj/solution1/syn/vhdl/myproject_mul_11s_10s_21_1_1.vhd:7' bound to instance 'mul_11s_10s_21_1_1_U146' of component 'myproject_mul_11s_10s_21_1_1' [/home/dabadjiev/smartpixels_ml_dsabadjiev/Muon_Collider_Smart_Pixels/eric/Results_June2026_99SigEff/model2.5_fin_results/model2_5_10bit_normalised_selected/pareto_primary/hls_outputs_vsynth/hls_model_trial_065/myproject_prj/solution1/syn/vhdl/myproject_dense_resource_ap_fixed_16_6_5_3_0_ap_fixed_16_6_5_3_0_config14_s.vhd:5868]
	Parameter ID bound to: 1 - type: integer 
	Parameter NUM_STAGE bound to: 1 - type: integer 
	Parameter din0_WIDTH bound to: 11 - type: integer 
	Parameter din1_WIDTH bound to: 10 - type: integer 
	Parameter dout_WIDTH bound to: 21 - type: integer 
INFO: [Synth 8-3491] module 'myproject_mul_11s_10s_21_1_1' declared at '/home/dabadjiev/smartpixels_ml_dsabadjiev/Muon_Collider_Smart_Pixels/eric/Results_June2026_99SigEff/model2.5_fin_results/model2_5_10bit_normalised_selected/pareto_primary/hls_outputs_vsynth/hls_model_trial_065/myproject_prj/solution1/syn/vhdl/myproject_mul_11s_10s_21_1_1.vhd:7' bound to instance 'mul_11s_10s_21_1_1_U147' of component 'myproject_mul_11s_10s_21_1_1' [/home/dabadjiev/smartpixels_ml_dsabadjiev/Muon_Collider_Smart_Pixels/eric/Results_June2026_99SigEff/model2.5_fin_results/model2_5_10bit_normalised_selected/pareto_primary/hls_outputs_vsynth/hls_model_trial_065/myproject_prj/solution1/syn/vhdl/myproject_dense_resource_ap_fixed_16_6_5_3_0_ap_fixed_16_6_5_3_0_config14_s.vhd:5880]
	Parameter ID bound to: 1 - type: integer 
	Parameter NUM_STAGE bound to: 1 - type: integer 
	Parameter din0_WIDTH bound to: 11 - type: integer 
	Parameter din1_WIDTH bound to: 10 - type: integer 
	Parameter dout_WIDTH bound to: 21 - type: integer 
INFO: [Synth 8-3491] module 'myproject_mul_11s_10s_21_1_1' declared at '/home/dabadjiev/smartpixels_ml_dsabadjiev/Muon_Collider_Smart_Pixels/eric/Results_June2026_99SigEff/model2.5_fin_results/model2_5_10bit_normalised_selected/pareto_primary/hls_outputs_vsynth/hls_model_trial_065/myproject_prj/solution1/syn/vhdl/myproject_mul_11s_10s_21_1_1.vhd:7' bound to instance 'mul_11s_10s_21_1_1_U148' of component 'myproject_mul_11s_10s_21_1_1' [/home/dabadjiev/smartpixels_ml_dsabadjiev/Muon_Collider_Smart_Pixels/eric/Results_June2026_99SigEff/model2.5_fin_results/model2_5_10bit_normalised_selected/pareto_primary/hls_outputs_vsynth/hls_model_trial_065/myproject_prj/solution1/syn/vhdl/myproject_dense_resource_ap_fixed_16_6_5_3_0_ap_fixed_16_6_5_3_0_config14_s.vhd:5892]
	Parameter ID bound to: 1 - type: integer 
	Parameter NUM_STAGE bound to: 1 - type: integer 
	Parameter din0_WIDTH bound to: 11 - type: integer 
	Parameter din1_WIDTH bound to: 10 - type: integer 
	Parameter dout_WIDTH bound to: 21 - type: integer 
INFO: [Synth 8-3491] module 'myproject_mul_11s_10s_21_1_1' declared at '/home/dabadjiev/smartpixels_ml_dsabadjiev/Muon_Collider_Smart_Pixels/eric/Results_June2026_99SigEff/model2.5_fin_results/model2_5_10bit_normalised_selected/pareto_primary/hls_outputs_vsynth/hls_model_trial_065/myproject_prj/solution1/syn/vhdl/myproject_mul_11s_10s_21_1_1.vhd:7' bound to instance 'mul_11s_10s_21_1_1_U149' of component 'myproject_mul_11s_10s_21_1_1' [/home/dabadjiev/smartpixels_ml_dsabadjiev/Muon_Collider_Smart_Pixels/eric/Results_June2026_99SigEff/model2.5_fin_results/model2_5_10bit_normalised_selected/pareto_primary/hls_outputs_vsynth/hls_model_trial_065/myproject_prj/solution1/syn/vhdl/myproject_dense_resource_ap_fixed_16_6_5_3_0_ap_fixed_16_6_5_3_0_config14_s.vhd:5904]
	Parameter ID bound to: 1 - type: integer 
	Parameter NUM_STAGE bound to: 1 - type: integer 
	Parameter din0_WIDTH bound to: 11 - type: integer 
	Parameter din1_WIDTH bound to: 10 - type: integer 
	Parameter dout_WIDTH bound to: 21 - type: integer 
INFO: [Synth 8-3491] module 'myproject_mul_11s_10s_21_1_1' declared at '/home/dabadjiev/smartpixels_ml_dsabadjiev/Muon_Collider_Smart_Pixels/eric/Results_June2026_99SigEff/model2.5_fin_results/model2_5_10bit_normalised_selected/pareto_primary/hls_outputs_vsynth/hls_model_trial_065/myproject_prj/solution1/syn/vhdl/myproject_mul_11s_10s_21_1_1.vhd:7' bound to instance 'mul_11s_10s_21_1_1_U150' of component 'myproject_mul_11s_10s_21_1_1' [/home/dabadjiev/smartpixels_ml_dsabadjiev/Muon_Collider_Smart_Pixels/eric/Results_June2026_99SigEff/model2.5_fin_results/model2_5_10bit_normalised_selected/pareto_primary/hls_outputs_vsynth/hls_model_trial_065/myproject_prj/solution1/syn/vhdl/myproject_dense_resource_ap_fixed_16_6_5_3_0_ap_fixed_16_6_5_3_0_config14_s.vhd:5916]
	Parameter ID bound to: 1 - type: integer 
	Parameter NUM_STAGE bound to: 1 - type: integer 
	Parameter din0_WIDTH bound to: 11 - type: integer 
	Parameter din1_WIDTH bound to: 10 - type: integer 
	Parameter dout_WIDTH bound to: 21 - type: integer 
INFO: [Synth 8-3491] module 'myproject_mul_11s_10s_21_1_1' declared at '/home/dabadjiev/smartpixels_ml_dsabadjiev/Muon_Collider_Smart_Pixels/eric/Results_June2026_99SigEff/model2.5_fin_results/model2_5_10bit_normalised_selected/pareto_primary/hls_outputs_vsynth/hls_model_trial_065/myproject_prj/solution1/syn/vhdl/myproject_mul_11s_10s_21_1_1.vhd:7' bound to instance 'mul_11s_10s_21_1_1_U151' of component 'myproject_mul_11s_10s_21_1_1' [/home/dabadjiev/smartpixels_ml_dsabadjiev/Muon_Collider_Smart_Pixels/eric/Results_June2026_99SigEff/model2.5_fin_results/model2_5_10bit_normalised_selected/pareto_primary/hls_outputs_vsynth/hls_model_trial_065/myproject_prj/solution1/syn/vhdl/myproject_dense_resource_ap_fixed_16_6_5_3_0_ap_fixed_16_6_5_3_0_config14_s.vhd:5928]
	Parameter ID bound to: 1 - type: integer 
	Parameter NUM_STAGE bound to: 1 - type: integer 
	Parameter din0_WIDTH bound to: 11 - type: integer 
	Parameter din1_WIDTH bound to: 10 - type: integer 
	Parameter dout_WIDTH bound to: 21 - type: integer 
INFO: [Synth 8-3491] module 'myproject_mul_11s_10s_21_1_1' declared at '/home/dabadjiev/smartpixels_ml_dsabadjiev/Muon_Collider_Smart_Pixels/eric/Results_June2026_99SigEff/model2.5_fin_results/model2_5_10bit_normalised_selected/pareto_primary/hls_outputs_vsynth/hls_model_trial_065/myproject_prj/solution1/syn/vhdl/myproject_mul_11s_10s_21_1_1.vhd:7' bound to instance 'mul_11s_10s_21_1_1_U152' of component 'myproject_mul_11s_10s_21_1_1' [/home/dabadjiev/smartpixels_ml_dsabadjiev/Muon_Collider_Smart_Pixels/eric/Results_June2026_99SigEff/model2.5_fin_results/model2_5_10bit_normalised_selected/pareto_primary/hls_outputs_vsynth/hls_model_trial_065/myproject_prj/solution1/syn/vhdl/myproject_dense_resource_ap_fixed_16_6_5_3_0_ap_fixed_16_6_5_3_0_config14_s.vhd:5940]
	Parameter ID bound to: 1 - type: integer 
	Parameter NUM_STAGE bound to: 1 - type: integer 
	Parameter din0_WIDTH bound to: 11 - type: integer 
	Parameter din1_WIDTH bound to: 10 - type: integer 
	Parameter dout_WIDTH bound to: 21 - type: integer 
INFO: [Synth 8-3491] module 'myproject_mul_11s_10s_21_1_1' declared at '/home/dabadjiev/smartpixels_ml_dsabadjiev/Muon_Collider_Smart_Pixels/eric/Results_June2026_99SigEff/model2.5_fin_results/model2_5_10bit_normalised_selected/pareto_primary/hls_outputs_vsynth/hls_model_trial_065/myproject_prj/solution1/syn/vhdl/myproject_mul_11s_10s_21_1_1.vhd:7' bound to instance 'mul_11s_10s_21_1_1_U153' of component 'myproject_mul_11s_10s_21_1_1' [/home/dabadjiev/smartpixels_ml_dsabadjiev/Muon_Collider_Smart_Pixels/eric/Results_June2026_99SigEff/model2.5_fin_results/model2_5_10bit_normalised_selected/pareto_primary/hls_outputs_vsynth/hls_model_trial_065/myproject_prj/solution1/syn/vhdl/myproject_dense_resource_ap_fixed_16_6_5_3_0_ap_fixed_16_6_5_3_0_config14_s.vhd:5952]
	Parameter ID bound to: 1 - type: integer 
	Parameter NUM_STAGE bound to: 1 - type: integer 
	Parameter din0_WIDTH bound to: 11 - type: integer 
	Parameter din1_WIDTH bound to: 10 - type: integer 
	Parameter dout_WIDTH bound to: 21 - type: integer 
INFO: [Synth 8-3491] module 'myproject_mul_11s_10s_21_1_1' declared at '/home/dabadjiev/smartpixels_ml_dsabadjiev/Muon_Collider_Smart_Pixels/eric/Results_June2026_99SigEff/model2.5_fin_results/model2_5_10bit_normalised_selected/pareto_primary/hls_outputs_vsynth/hls_model_trial_065/myproject_prj/solution1/syn/vhdl/myproject_mul_11s_10s_21_1_1.vhd:7' bound to instance 'mul_11s_10s_21_1_1_U154' of component 'myproject_mul_11s_10s_21_1_1' [/home/dabadjiev/smartpixels_ml_dsabadjiev/Muon_Collider_Smart_Pixels/eric/Results_June2026_99SigEff/model2.5_fin_results/model2_5_10bit_normalised_selected/pareto_primary/hls_outputs_vsynth/hls_model_trial_065/myproject_prj/solution1/syn/vhdl/myproject_dense_resource_ap_fixed_16_6_5_3_0_ap_fixed_16_6_5_3_0_config14_s.vhd:5964]
	Parameter ID bound to: 1 - type: integer 
	Parameter NUM_STAGE bound to: 1 - type: integer 
	Parameter din0_WIDTH bound to: 11 - type: integer 
	Parameter din1_WIDTH bound to: 10 - type: integer 
	Parameter dout_WIDTH bound to: 21 - type: integer 
INFO: [Synth 8-3491] module 'myproject_mul_11s_10s_21_1_1' declared at '/home/dabadjiev/smartpixels_ml_dsabadjiev/Muon_Collider_Smart_Pixels/eric/Results_June2026_99SigEff/model2.5_fin_results/model2_5_10bit_normalised_selected/pareto_primary/hls_outputs_vsynth/hls_model_trial_065/myproject_prj/solution1/syn/vhdl/myproject_mul_11s_10s_21_1_1.vhd:7' bound to instance 'mul_11s_10s_21_1_1_U155' of component 'myproject_mul_11s_10s_21_1_1' [/home/dabadjiev/smartpixels_ml_dsabadjiev/Muon_Collider_Smart_Pixels/eric/Results_June2026_99SigEff/model2.5_fin_results/model2_5_10bit_normalised_selected/pareto_primary/hls_outputs_vsynth/hls_model_trial_065/myproject_prj/solution1/syn/vhdl/myproject_dense_resource_ap_fixed_16_6_5_3_0_ap_fixed_16_6_5_3_0_config14_s.vhd:5976]
	Parameter ID bound to: 1 - type: integer 
	Parameter NUM_STAGE bound to: 1 - type: integer 
	Parameter din0_WIDTH bound to: 11 - type: integer 
	Parameter din1_WIDTH bound to: 10 - type: integer 
	Parameter dout_WIDTH bound to: 21 - type: integer 
INFO: [Synth 8-3491] module 'myproject_mul_11s_10s_21_1_1' declared at '/home/dabadjiev/smartpixels_ml_dsabadjiev/Muon_Collider_Smart_Pixels/eric/Results_June2026_99SigEff/model2.5_fin_results/model2_5_10bit_normalised_selected/pareto_primary/hls_outputs_vsynth/hls_model_trial_065/myproject_prj/solution1/syn/vhdl/myproject_mul_11s_10s_21_1_1.vhd:7' bound to instance 'mul_11s_10s_21_1_1_U156' of component 'myproject_mul_11s_10s_21_1_1' [/home/dabadjiev/smartpixels_ml_dsabadjiev/Muon_Collider_Smart_Pixels/eric/Results_June2026_99SigEff/model2.5_fin_results/model2_5_10bit_normalised_selected/pareto_primary/hls_outputs_vsynth/hls_model_trial_065/myproject_prj/solution1/syn/vhdl/myproject_dense_resource_ap_fixed_16_6_5_3_0_ap_fixed_16_6_5_3_0_config14_s.vhd:5988]
	Parameter ID bound to: 1 - type: integer 
	Parameter NUM_STAGE bound to: 1 - type: integer 
	Parameter din0_WIDTH bound to: 11 - type: integer 
	Parameter din1_WIDTH bound to: 10 - type: integer 
	Parameter dout_WIDTH bound to: 21 - type: integer 
INFO: [Synth 8-3491] module 'myproject_mul_11s_10s_21_1_1' declared at '/home/dabadjiev/smartpixels_ml_dsabadjiev/Muon_Collider_Smart_Pixels/eric/Results_June2026_99SigEff/model2.5_fin_results/model2_5_10bit_normalised_selected/pareto_primary/hls_outputs_vsynth/hls_model_trial_065/myproject_prj/solution1/syn/vhdl/myproject_mul_11s_10s_21_1_1.vhd:7' bound to instance 'mul_11s_10s_21_1_1_U157' of component 'myproject_mul_11s_10s_21_1_1' [/home/dabadjiev/smartpixels_ml_dsabadjiev/Muon_Collider_Smart_Pixels/eric/Results_June2026_99SigEff/model2.5_fin_results/model2_5_10bit_normalised_selected/pareto_primary/hls_outputs_vsynth/hls_model_trial_065/myproject_prj/solution1/syn/vhdl/myproject_dense_resource_ap_fixed_16_6_5_3_0_ap_fixed_16_6_5_3_0_config14_s.vhd:6000]
	Parameter ID bound to: 1 - type: integer 
	Parameter NUM_STAGE bound to: 1 - type: integer 
	Parameter din0_WIDTH bound to: 11 - type: integer 
	Parameter din1_WIDTH bound to: 10 - type: integer 
	Parameter dout_WIDTH bound to: 21 - type: integer 
INFO: [Synth 8-3491] module 'myproject_mul_11s_10s_21_1_1' declared at '/home/dabadjiev/smartpixels_ml_dsabadjiev/Muon_Collider_Smart_Pixels/eric/Results_June2026_99SigEff/model2.5_fin_results/model2_5_10bit_normalised_selected/pareto_primary/hls_outputs_vsynth/hls_model_trial_065/myproject_prj/solution1/syn/vhdl/myproject_mul_11s_10s_21_1_1.vhd:7' bound to instance 'mul_11s_10s_21_1_1_U158' of component 'myproject_mul_11s_10s_21_1_1' [/home/dabadjiev/smartpixels_ml_dsabadjiev/Muon_Collider_Smart_Pixels/eric/Results_June2026_99SigEff/model2.5_fin_results/model2_5_10bit_normalised_selected/pareto_primary/hls_outputs_vsynth/hls_model_trial_065/myproject_prj/solution1/syn/vhdl/myproject_dense_resource_ap_fixed_16_6_5_3_0_ap_fixed_16_6_5_3_0_config14_s.vhd:6012]
	Parameter ID bound to: 1 - type: integer 
	Parameter NUM_STAGE bound to: 1 - type: integer 
	Parameter din0_WIDTH bound to: 11 - type: integer 
	Parameter din1_WIDTH bound to: 10 - type: integer 
	Parameter dout_WIDTH bound to: 21 - type: integer 
INFO: [Synth 8-3491] module 'myproject_mul_11s_10s_21_1_1' declared at '/home/dabadjiev/smartpixels_ml_dsabadjiev/Muon_Collider_Smart_Pixels/eric/Results_June2026_99SigEff/model2.5_fin_results/model2_5_10bit_normalised_selected/pareto_primary/hls_outputs_vsynth/hls_model_trial_065/myproject_prj/solution1/syn/vhdl/myproject_mul_11s_10s_21_1_1.vhd:7' bound to instance 'mul_11s_10s_21_1_1_U159' of component 'myproject_mul_11s_10s_21_1_1' [/home/dabadjiev/smartpixels_ml_dsabadjiev/Muon_Collider_Smart_Pixels/eric/Results_June2026_99SigEff/model2.5_fin_results/model2_5_10bit_normalised_selected/pareto_primary/hls_outputs_vsynth/hls_model_trial_065/myproject_prj/solution1/syn/vhdl/myproject_dense_resource_ap_fixed_16_6_5_3_0_ap_fixed_16_6_5_3_0_config14_s.vhd:6024]
	Parameter ID bound to: 1 - type: integer 
	Parameter NUM_STAGE bound to: 1 - type: integer 
	Parameter din0_WIDTH bound to: 11 - type: integer 
	Parameter din1_WIDTH bound to: 10 - type: integer 
	Parameter dout_WIDTH bound to: 21 - type: integer 
INFO: [Synth 8-3491] module 'myproject_mul_11s_10s_21_1_1' declared at '/home/dabadjiev/smartpixels_ml_dsabadjiev/Muon_Collider_Smart_Pixels/eric/Results_June2026_99SigEff/model2.5_fin_results/model2_5_10bit_normalised_selected/pareto_primary/hls_outputs_vsynth/hls_model_trial_065/myproject_prj/solution1/syn/vhdl/myproject_mul_11s_10s_21_1_1.vhd:7' bound to instance 'mul_11s_10s_21_1_1_U160' of component 'myproject_mul_11s_10s_21_1_1' [/home/dabadjiev/smartpixels_ml_dsabadjiev/Muon_Collider_Smart_Pixels/eric/Results_June2026_99SigEff/model2.5_fin_results/model2_5_10bit_normalised_selected/pareto_primary/hls_outputs_vsynth/hls_model_trial_065/myproject_prj/solution1/syn/vhdl/myproject_dense_resource_ap_fixed_16_6_5_3_0_ap_fixed_16_6_5_3_0_config14_s.vhd:6036]
	Parameter ID bound to: 1 - type: integer 
	Parameter NUM_STAGE bound to: 1 - type: integer 
	Parameter din0_WIDTH bound to: 11 - type: integer 
	Parameter din1_WIDTH bound to: 10 - type: integer 
	Parameter dout_WIDTH bound to: 21 - type: integer 
INFO: [Synth 8-3491] module 'myproject_mul_11s_10s_21_1_1' declared at '/home/dabadjiev/smartpixels_ml_dsabadjiev/Muon_Collider_Smart_Pixels/eric/Results_June2026_99SigEff/model2.5_fin_results/model2_5_10bit_normalised_selected/pareto_primary/hls_outputs_vsynth/hls_model_trial_065/myproject_prj/solution1/syn/vhdl/myproject_mul_11s_10s_21_1_1.vhd:7' bound to instance 'mul_11s_10s_21_1_1_U161' of component 'myproject_mul_11s_10s_21_1_1' [/home/dabadjiev/smartpixels_ml_dsabadjiev/Muon_Collider_Smart_Pixels/eric/Results_June2026_99SigEff/model2.5_fin_results/model2_5_10bit_normalised_selected/pareto_primary/hls_outputs_vsynth/hls_model_trial_065/myproject_prj/solution1/syn/vhdl/myproject_dense_resource_ap_fixed_16_6_5_3_0_ap_fixed_16_6_5_3_0_config14_s.vhd:6048]
	Parameter ID bound to: 1 - type: integer 
	Parameter NUM_STAGE bound to: 1 - type: integer 
	Parameter din0_WIDTH bound to: 11 - type: integer 
	Parameter din1_WIDTH bound to: 10 - type: integer 
	Parameter dout_WIDTH bound to: 21 - type: integer 
INFO: [Synth 8-3491] module 'myproject_mul_11s_10s_21_1_1' declared at '/home/dabadjiev/smartpixels_ml_dsabadjiev/Muon_Collider_Smart_Pixels/eric/Results_June2026_99SigEff/model2.5_fin_results/model2_5_10bit_normalised_selected/pareto_primary/hls_outputs_vsynth/hls_model_trial_065/myproject_prj/solution1/syn/vhdl/myproject_mul_11s_10s_21_1_1.vhd:7' bound to instance 'mul_11s_10s_21_1_1_U162' of component 'myproject_mul_11s_10s_21_1_1' [/home/dabadjiev/smartpixels_ml_dsabadjiev/Muon_Collider_Smart_Pixels/eric/Results_June2026_99SigEff/model2.5_fin_results/model2_5_10bit_normalised_selected/pareto_primary/hls_outputs_vsynth/hls_model_trial_065/myproject_prj/solution1/syn/vhdl/myproject_dense_resource_ap_fixed_16_6_5_3_0_ap_fixed_16_6_5_3_0_config14_s.vhd:6060]
	Parameter ID bound to: 1 - type: integer 
	Parameter NUM_STAGE bound to: 1 - type: integer 
	Parameter din0_WIDTH bound to: 11 - type: integer 
	Parameter din1_WIDTH bound to: 10 - type: integer 
	Parameter dout_WIDTH bound to: 21 - type: integer 
INFO: [Synth 8-3491] module 'myproject_mul_11s_10s_21_1_1' declared at '/home/dabadjiev/smartpixels_ml_dsabadjiev/Muon_Collider_Smart_Pixels/eric/Results_June2026_99SigEff/model2.5_fin_results/model2_5_10bit_normalised_selected/pareto_primary/hls_outputs_vsynth/hls_model_trial_065/myproject_prj/solution1/syn/vhdl/myproject_mul_11s_10s_21_1_1.vhd:7' bound to instance 'mul_11s_10s_21_1_1_U163' of component 'myproject_mul_11s_10s_21_1_1' [/home/dabadjiev/smartpixels_ml_dsabadjiev/Muon_Collider_Smart_Pixels/eric/Results_June2026_99SigEff/model2.5_fin_results/model2_5_10bit_normalised_selected/pareto_primary/hls_outputs_vsynth/hls_model_trial_065/myproject_prj/solution1/syn/vhdl/myproject_dense_resource_ap_fixed_16_6_5_3_0_ap_fixed_16_6_5_3_0_config14_s.vhd:6072]
	Parameter ID bound to: 1 - type: integer 
	Parameter NUM_STAGE bound to: 1 - type: integer 
	Parameter din0_WIDTH bound to: 11 - type: integer 
	Parameter din1_WIDTH bound to: 10 - type: integer 
	Parameter dout_WIDTH bound to: 21 - type: integer 
INFO: [Synth 8-3491] module 'myproject_mul_11s_10s_21_1_1' declared at '/home/dabadjiev/smartpixels_ml_dsabadjiev/Muon_Collider_Smart_Pixels/eric/Results_June2026_99SigEff/model2.5_fin_results/model2_5_10bit_normalised_selected/pareto_primary/hls_outputs_vsynth/hls_model_trial_065/myproject_prj/solution1/syn/vhdl/myproject_mul_11s_10s_21_1_1.vhd:7' bound to instance 'mul_11s_10s_21_1_1_U164' of component 'myproject_mul_11s_10s_21_1_1' [/home/dabadjiev/smartpixels_ml_dsabadjiev/Muon_Collider_Smart_Pixels/eric/Results_June2026_99SigEff/model2.5_fin_results/model2_5_10bit_normalised_selected/pareto_primary/hls_outputs_vsynth/hls_model_trial_065/myproject_prj/solution1/syn/vhdl/myproject_dense_resource_ap_fixed_16_6_5_3_0_ap_fixed_16_6_5_3_0_config14_s.vhd:6084]
	Parameter ID bound to: 1 - type: integer 
	Parameter NUM_STAGE bound to: 1 - type: integer 
	Parameter din0_WIDTH bound to: 11 - type: integer 
	Parameter din1_WIDTH bound to: 10 - type: integer 
	Parameter dout_WIDTH bound to: 21 - type: integer 
INFO: [Synth 8-3491] module 'myproject_mul_11s_10s_21_1_1' declared at '/home/dabadjiev/smartpixels_ml_dsabadjiev/Muon_Collider_Smart_Pixels/eric/Results_June2026_99SigEff/model2.5_fin_results/model2_5_10bit_normalised_selected/pareto_primary/hls_outputs_vsynth/hls_model_trial_065/myproject_prj/solution1/syn/vhdl/myproject_mul_11s_10s_21_1_1.vhd:7' bound to instance 'mul_11s_10s_21_1_1_U165' of component 'myproject_mul_11s_10s_21_1_1' [/home/dabadjiev/smartpixels_ml_dsabadjiev/Muon_Collider_Smart_Pixels/eric/Results_June2026_99SigEff/model2.5_fin_results/model2_5_10bit_normalised_selected/pareto_primary/hls_outputs_vsynth/hls_model_trial_065/myproject_prj/solution1/syn/vhdl/myproject_dense_resource_ap_fixed_16_6_5_3_0_ap_fixed_16_6_5_3_0_config14_s.vhd:6096]
	Parameter ID bound to: 1 - type: integer 
	Parameter NUM_STAGE bound to: 1 - type: integer 
	Parameter din0_WIDTH bound to: 11 - type: integer 
	Parameter din1_WIDTH bound to: 10 - type: integer 
	Parameter dout_WIDTH bound to: 21 - type: integer 
INFO: [Synth 8-3491] module 'myproject_mul_11s_10s_21_1_1' declared at '/home/dabadjiev/smartpixels_ml_dsabadjiev/Muon_Collider_Smart_Pixels/eric/Results_June2026_99SigEff/model2.5_fin_results/model2_5_10bit_normalised_selected/pareto_primary/hls_outputs_vsynth/hls_model_trial_065/myproject_prj/solution1/syn/vhdl/myproject_mul_11s_10s_21_1_1.vhd:7' bound to instance 'mul_11s_10s_21_1_1_U166' of component 'myproject_mul_11s_10s_21_1_1' [/home/dabadjiev/smartpixels_ml_dsabadjiev/Muon_Collider_Smart_Pixels/eric/Results_June2026_99SigEff/model2.5_fin_results/model2_5_10bit_normalised_selected/pareto_primary/hls_outputs_vsynth/hls_model_trial_065/myproject_prj/solution1/syn/vhdl/myproject_dense_resource_ap_fixed_16_6_5_3_0_ap_fixed_16_6_5_3_0_config14_s.vhd:6108]
	Parameter ID bound to: 1 - type: integer 
	Parameter NUM_STAGE bound to: 1 - type: integer 
	Parameter din0_WIDTH bound to: 11 - type: integer 
	Parameter din1_WIDTH bound to: 10 - type: integer 
	Parameter dout_WIDTH bound to: 21 - type: integer 
INFO: [Synth 8-3491] module 'myproject_mul_11s_10s_21_1_1' declared at '/home/dabadjiev/smartpixels_ml_dsabadjiev/Muon_Collider_Smart_Pixels/eric/Results_June2026_99SigEff/model2.5_fin_results/model2_5_10bit_normalised_selected/pareto_primary/hls_outputs_vsynth/hls_model_trial_065/myproject_prj/solution1/syn/vhdl/myproject_mul_11s_10s_21_1_1.vhd:7' bound to instance 'mul_11s_10s_21_1_1_U167' of component 'myproject_mul_11s_10s_21_1_1' [/home/dabadjiev/smartpixels_ml_dsabadjiev/Muon_Collider_Smart_Pixels/eric/Results_June2026_99SigEff/model2.5_fin_results/model2_5_10bit_normalised_selected/pareto_primary/hls_outputs_vsynth/hls_model_trial_065/myproject_prj/solution1/syn/vhdl/myproject_dense_resource_ap_fixed_16_6_5_3_0_ap_fixed_16_6_5_3_0_config14_s.vhd:6120]
INFO: [Common 17-14] Message 'Synth 8-3491' appears 100 times and further instances of the messages will be disabled. Use the Tcl command set_msg_config to change the current settings.
	Parameter ID bound to: 1 - type: integer 
	Parameter NUM_STAGE bound to: 1 - type: integer 
	Parameter din0_WIDTH bound to: 11 - type: integer 
	Parameter din1_WIDTH bound to: 10 - type: integer 
	Parameter dout_WIDTH bound to: 21 - type: integer 
	Parameter ID bound to: 1 - type: integer 
	Parameter NUM_STAGE bound to: 1 - type: integer 
	Parameter din0_WIDTH bound to: 11 - type: integer 
	Parameter din1_WIDTH bound to: 10 - type: integer 
	Parameter dout_WIDTH bound to: 21 - type: integer 
	Parameter ID bound to: 1 - type: integer 
	Parameter NUM_STAGE bound to: 1 - type: integer 
	Parameter din0_WIDTH bound to: 11 - type: integer 
	Parameter din1_WIDTH bound to: 10 - type: integer 
	Parameter dout_WIDTH bound to: 21 - type: integer 
	Parameter ID bound to: 1 - type: integer 
	Parameter NUM_STAGE bound to: 1 - type: integer 
	Parameter din0_WIDTH bound to: 11 - type: integer 
	Parameter din1_WIDTH bound to: 10 - type: integer 
	Parameter dout_WIDTH bound to: 21 - type: integer 
	Parameter ID bound to: 1 - type: integer 
	Parameter NUM_STAGE bound to: 1 - type: integer 
	Parameter din0_WIDTH bound to: 11 - type: integer 
	Parameter din1_WIDTH bound to: 10 - type: integer 
	Parameter dout_WIDTH bound to: 21 - type: integer 
	Parameter ID bound to: 1 - type: integer 
	Parameter NUM_STAGE bound to: 1 - type: integer 
	Parameter din0_WIDTH bound to: 11 - type: integer 
	Parameter din1_WIDTH bound to: 10 - type: integer 
	Parameter dout_WIDTH bound to: 21 - type: integer 
	Parameter ID bound to: 1 - type: integer 
	Parameter NUM_STAGE bound to: 1 - type: integer 
	Parameter din0_WIDTH bound to: 11 - type: integer 
	Parameter din1_WIDTH bound to: 10 - type: integer 
	Parameter dout_WIDTH bound to: 21 - type: integer 
	Parameter ID bound to: 1 - type: integer 
	Parameter NUM_STAGE bound to: 1 - type: integer 
	Parameter din0_WIDTH bound to: 11 - type: integer 
	Parameter din1_WIDTH bound to: 10 - type: integer 
	Parameter dout_WIDTH bound to: 21 - type: integer 
	Parameter ID bound to: 1 - type: integer 
	Parameter NUM_STAGE bound to: 1 - type: integer 
	Parameter din0_WIDTH bound to: 11 - type: integer 
	Parameter din1_WIDTH bound to: 10 - type: integer 
	Parameter dout_WIDTH bound to: 21 - type: integer 
	Parameter ID bound to: 1 - type: integer 
	Parameter NUM_STAGE bound to: 1 - type: integer 
	Parameter din0_WIDTH bound to: 11 - type: integer 
	Parameter din1_WIDTH bound to: 10 - type: integer 
	Parameter dout_WIDTH bound to: 21 - type: integer 
	Parameter ID bound to: 1 - type: integer 
	Parameter NUM_STAGE bound to: 1 - type: integer 
	Parameter din0_WIDTH bound to: 11 - type: integer 
	Parameter din1_WIDTH bound to: 10 - type: integer 
	Parameter dout_WIDTH bound to: 21 - type: integer 
	Parameter ID bound to: 1 - type: integer 
	Parameter NUM_STAGE bound to: 1 - type: integer 
	Parameter din0_WIDTH bound to: 11 - type: integer 
	Parameter din1_WIDTH bound to: 10 - type: integer 
	Parameter dout_WIDTH bound to: 21 - type: integer 
	Parameter ID bound to: 1 - type: integer 
	Parameter NUM_STAGE bound to: 1 - type: integer 
	Parameter din0_WIDTH bound to: 11 - type: integer 
	Parameter din1_WIDTH bound to: 10 - type: integer 
	Parameter dout_WIDTH bound to: 21 - type: integer 
	Parameter ID bound to: 1 - type: integer 
	Parameter NUM_STAGE bound to: 1 - type: integer 
	Parameter din0_WIDTH bound to: 11 - type: integer 
	Parameter din1_WIDTH bound to: 10 - type: integer 
	Parameter dout_WIDTH bound to: 21 - type: integer 
	Parameter ID bound to: 1 - type: integer 
	Parameter NUM_STAGE bound to: 1 - type: integer 
	Parameter din0_WIDTH bound to: 11 - type: integer 
	Parameter din1_WIDTH bound to: 10 - type: integer 
	Parameter dout_WIDTH bound to: 21 - type: integer 
	Parameter ID bound to: 1 - type: integer 
	Parameter NUM_STAGE bound to: 1 - type: integer 
	Parameter din0_WIDTH bound to: 11 - type: integer 
	Parameter din1_WIDTH bound to: 10 - type: integer 
	Parameter dout_WIDTH bound to: 21 - type: integer 
	Parameter ID bound to: 1 - type: integer 
	Parameter NUM_STAGE bound to: 1 - type: integer 
	Parameter din0_WIDTH bound to: 11 - type: integer 
	Parameter din1_WIDTH bound to: 10 - type: integer 
	Parameter dout_WIDTH bound to: 21 - type: integer 
	Parameter ID bound to: 1 - type: integer 
	Parameter NUM_STAGE bound to: 1 - type: integer 
	Parameter din0_WIDTH bound to: 11 - type: integer 
	Parameter din1_WIDTH bound to: 10 - type: integer 
	Parameter dout_WIDTH bound to: 21 - type: integer 
	Parameter ID bound to: 1 - type: integer 
	Parameter NUM_STAGE bound to: 1 - type: integer 
	Parameter din0_WIDTH bound to: 11 - type: integer 
	Parameter din1_WIDTH bound to: 10 - type: integer 
	Parameter dout_WIDTH bound to: 21 - type: integer 
	Parameter ID bound to: 1 - type: integer 
	Parameter NUM_STAGE bound to: 1 - type: integer 
	Parameter din0_WIDTH bound to: 11 - type: integer 
	Parameter din1_WIDTH bound to: 10 - type: integer 
	Parameter dout_WIDTH bound to: 21 - type: integer 
	Parameter ID bound to: 1 - type: integer 
	Parameter NUM_STAGE bound to: 1 - type: integer 
	Parameter din0_WIDTH bound to: 11 - type: integer 
	Parameter din1_WIDTH bound to: 10 - type: integer 
	Parameter dout_WIDTH bound to: 21 - type: integer 
	Parameter ID bound to: 1 - type: integer 
	Parameter NUM_STAGE bound to: 1 - type: integer 
	Parameter din0_WIDTH bound to: 11 - type: integer 
	Parameter din1_WIDTH bound to: 10 - type: integer 
	Parameter dout_WIDTH bound to: 21 - type: integer 
	Parameter ID bound to: 1 - type: integer 
	Parameter NUM_STAGE bound to: 1 - type: integer 
	Parameter din0_WIDTH bound to: 11 - type: integer 
	Parameter din1_WIDTH bound to: 10 - type: integer 
	Parameter dout_WIDTH bound to: 21 - type: integer 
	Parameter ID bound to: 1 - type: integer 
	Parameter NUM_STAGE bound to: 1 - type: integer 
	Parameter din0_WIDTH bound to: 11 - type: integer 
	Parameter din1_WIDTH bound to: 10 - type: integer 
	Parameter dout_WIDTH bound to: 21 - type: integer 
	Parameter ID bound to: 1 - type: integer 
	Parameter NUM_STAGE bound to: 1 - type: integer 
	Parameter din0_WIDTH bound to: 11 - type: integer 
	Parameter din1_WIDTH bound to: 10 - type: integer 
	Parameter dout_WIDTH bound to: 21 - type: integer 
	Parameter ID bound to: 1 - type: integer 
	Parameter NUM_STAGE bound to: 1 - type: integer 
	Parameter din0_WIDTH bound to: 11 - type: integer 
	Parameter din1_WIDTH bound to: 10 - type: integer 
	Parameter dout_WIDTH bound to: 21 - type: integer 
	Parameter ID bound to: 1 - type: integer 
	Parameter NUM_STAGE bound to: 1 - type: integer 
	Parameter din0_WIDTH bound to: 11 - type: integer 
	Parameter din1_WIDTH bound to: 10 - type: integer 
	Parameter dout_WIDTH bound to: 21 - type: integer 
	Parameter ID bound to: 1 - type: integer 
	Parameter NUM_STAGE bound to: 1 - type: integer 
	Parameter din0_WIDTH bound to: 11 - type: integer 
	Parameter din1_WIDTH bound to: 10 - type: integer 
	Parameter dout_WIDTH bound to: 21 - type: integer 
	Parameter ID bound to: 1 - type: integer 
	Parameter NUM_STAGE bound to: 1 - type: integer 
	Parameter din0_WIDTH bound to: 11 - type: integer 
	Parameter din1_WIDTH bound to: 10 - type: integer 
	Parameter dout_WIDTH bound to: 21 - type: integer 
	Parameter ID bound to: 1 - type: integer 
	Parameter NUM_STAGE bound to: 1 - type: integer 
	Parameter din0_WIDTH bound to: 11 - type: integer 
	Parameter din1_WIDTH bound to: 10 - type: integer 
	Parameter dout_WIDTH bound to: 21 - type: integer 
	Parameter ID bound to: 1 - type: integer 
	Parameter NUM_STAGE bound to: 1 - type: integer 
	Parameter din0_WIDTH bound to: 11 - type: integer 
	Parameter din1_WIDTH bound to: 10 - type: integer 
	Parameter dout_WIDTH bound to: 21 - type: integer 
	Parameter ID bound to: 1 - type: integer 
	Parameter NUM_STAGE bound to: 1 - type: integer 
	Parameter din0_WIDTH bound to: 11 - type: integer 
	Parameter din1_WIDTH bound to: 10 - type: integer 
	Parameter dout_WIDTH bound to: 21 - type: integer 
	Parameter ID bound to: 1 - type: integer 
	Parameter NUM_STAGE bound to: 1 - type: integer 
	Parameter din0_WIDTH bound to: 11 - type: integer 
	Parameter din1_WIDTH bound to: 10 - type: integer 
	Parameter dout_WIDTH bound to: 21 - type: integer 
	Parameter ID bound to: 1 - type: integer 
	Parameter NUM_STAGE bound to: 1 - type: integer 
	Parameter din0_WIDTH bound to: 11 - type: integer 
	Parameter din1_WIDTH bound to: 10 - type: integer 
	Parameter dout_WIDTH bound to: 21 - type: integer 
	Parameter ID bound to: 1 - type: integer 
	Parameter NUM_STAGE bound to: 1 - type: integer 
	Parameter din0_WIDTH bound to: 11 - type: integer 
	Parameter din1_WIDTH bound to: 10 - type: integer 
	Parameter dout_WIDTH bound to: 21 - type: integer 
	Parameter ID bound to: 1 - type: integer 
	Parameter NUM_STAGE bound to: 1 - type: integer 
	Parameter din0_WIDTH bound to: 11 - type: integer 
	Parameter din1_WIDTH bound to: 10 - type: integer 
	Parameter dout_WIDTH bound to: 21 - type: integer 
	Parameter ID bound to: 1 - type: integer 
	Parameter NUM_STAGE bound to: 1 - type: integer 
	Parameter din0_WIDTH bound to: 11 - type: integer 
	Parameter din1_WIDTH bound to: 10 - type: integer 
	Parameter dout_WIDTH bound to: 21 - type: integer 
	Parameter ID bound to: 1 - type: integer 
	Parameter NUM_STAGE bound to: 1 - type: integer 
	Parameter din0_WIDTH bound to: 11 - type: integer 
	Parameter din1_WIDTH bound to: 10 - type: integer 
	Parameter dout_WIDTH bound to: 21 - type: integer 
	Parameter ID bound to: 1 - type: integer 
	Parameter NUM_STAGE bound to: 1 - type: integer 
	Parameter din0_WIDTH bound to: 11 - type: integer 
	Parameter din1_WIDTH bound to: 10 - type: integer 
	Parameter dout_WIDTH bound to: 21 - type: integer 
	Parameter ID bound to: 1 - type: integer 
	Parameter NUM_STAGE bound to: 1 - type: integer 
	Parameter din0_WIDTH bound to: 11 - type: integer 
	Parameter din1_WIDTH bound to: 10 - type: integer 
	Parameter dout_WIDTH bound to: 21 - type: integer 
	Parameter ID bound to: 1 - type: integer 
	Parameter NUM_STAGE bound to: 1 - type: integer 
	Parameter din0_WIDTH bound to: 11 - type: integer 
	Parameter din1_WIDTH bound to: 10 - type: integer 
	Parameter dout_WIDTH bound to: 21 - type: integer 
	Parameter ID bound to: 1 - type: integer 
	Parameter NUM_STAGE bound to: 1 - type: integer 
	Parameter din0_WIDTH bound to: 11 - type: integer 
	Parameter din1_WIDTH bound to: 10 - type: integer 
	Parameter dout_WIDTH bound to: 21 - type: integer 
	Parameter ID bound to: 1 - type: integer 
	Parameter NUM_STAGE bound to: 1 - type: integer 
	Parameter din0_WIDTH bound to: 11 - type: integer 
	Parameter din1_WIDTH bound to: 10 - type: integer 
	Parameter dout_WIDTH bound to: 21 - type: integer 
	Parameter ID bound to: 1 - type: integer 
	Parameter NUM_STAGE bound to: 1 - type: integer 
	Parameter din0_WIDTH bound to: 11 - type: integer 
	Parameter din1_WIDTH bound to: 10 - type: integer 
	Parameter dout_WIDTH bound to: 21 - type: integer 
	Parameter ID bound to: 1 - type: integer 
	Parameter NUM_STAGE bound to: 1 - type: integer 
	Parameter din0_WIDTH bound to: 11 - type: integer 
	Parameter din1_WIDTH bound to: 10 - type: integer 
	Parameter dout_WIDTH bound to: 21 - type: integer 
	Parameter ID bound to: 1 - type: integer 
	Parameter NUM_STAGE bound to: 1 - type: integer 
	Parameter din0_WIDTH bound to: 11 - type: integer 
	Parameter din1_WIDTH bound to: 10 - type: integer 
	Parameter dout_WIDTH bound to: 21 - type: integer 
	Parameter ID bound to: 1 - type: integer 
	Parameter NUM_STAGE bound to: 1 - type: integer 
	Parameter din0_WIDTH bound to: 11 - type: integer 
	Parameter din1_WIDTH bound to: 10 - type: integer 
	Parameter dout_WIDTH bound to: 21 - type: integer 
	Parameter ID bound to: 1 - type: integer 
	Parameter NUM_STAGE bound to: 1 - type: integer 
	Parameter din0_WIDTH bound to: 11 - type: integer 
	Parameter din1_WIDTH bound to: 10 - type: integer 
	Parameter dout_WIDTH bound to: 21 - type: integer 
	Parameter ID bound to: 1 - type: integer 
	Parameter NUM_STAGE bound to: 1 - type: integer 
	Parameter din0_WIDTH bound to: 11 - type: integer 
	Parameter din1_WIDTH bound to: 10 - type: integer 
	Parameter dout_WIDTH bound to: 21 - type: integer 
	Parameter ID bound to: 1 - type: integer 
	Parameter NUM_STAGE bound to: 1 - type: integer 
	Parameter din0_WIDTH bound to: 11 - type: integer 
	Parameter din1_WIDTH bound to: 10 - type: integer 
	Parameter dout_WIDTH bound to: 21 - type: integer 
	Parameter ID bound to: 1 - type: integer 
	Parameter NUM_STAGE bound to: 1 - type: integer 
	Parameter din0_WIDTH bound to: 11 - type: integer 
	Parameter din1_WIDTH bound to: 10 - type: integer 
	Parameter dout_WIDTH bound to: 21 - type: integer 
	Parameter ID bound to: 1 - type: integer 
	Parameter NUM_STAGE bound to: 1 - type: integer 
	Parameter din0_WIDTH bound to: 11 - type: integer 
	Parameter din1_WIDTH bound to: 10 - type: integer 
	Parameter dout_WIDTH bound to: 21 - type: integer 
	Parameter ID bound to: 1 - type: integer 
	Parameter NUM_STAGE bound to: 1 - type: integer 
	Parameter din0_WIDTH bound to: 11 - type: integer 
	Parameter din1_WIDTH bound to: 10 - type: integer 
	Parameter dout_WIDTH bound to: 21 - type: integer 
	Parameter ID bound to: 1 - type: integer 
	Parameter NUM_STAGE bound to: 1 - type: integer 
	Parameter din0_WIDTH bound to: 11 - type: integer 
	Parameter din1_WIDTH bound to: 10 - type: integer 
	Parameter dout_WIDTH bound to: 21 - type: integer 
	Parameter ID bound to: 1 - type: integer 
	Parameter NUM_STAGE bound to: 1 - type: integer 
	Parameter din0_WIDTH bound to: 11 - type: integer 
	Parameter din1_WIDTH bound to: 10 - type: integer 
	Parameter dout_WIDTH bound to: 21 - type: integer 
	Parameter ID bound to: 1 - type: integer 
	Parameter NUM_STAGE bound to: 1 - type: integer 
	Parameter din0_WIDTH bound to: 11 - type: integer 
	Parameter din1_WIDTH bound to: 10 - type: integer 
	Parameter dout_WIDTH bound to: 21 - type: integer 
	Parameter ID bound to: 1 - type: integer 
	Parameter NUM_STAGE bound to: 1 - type: integer 
	Parameter din0_WIDTH bound to: 11 - type: integer 
	Parameter din1_WIDTH bound to: 10 - type: integer 
	Parameter dout_WIDTH bound to: 21 - type: integer 
	Parameter ID bound to: 1 - type: integer 
	Parameter NUM_STAGE bound to: 1 - type: integer 
	Parameter din0_WIDTH bound to: 11 - type: integer 
	Parameter din1_WIDTH bound to: 10 - type: integer 
	Parameter dout_WIDTH bound to: 21 - type: integer 
	Parameter ID bound to: 1 - type: integer 
	Parameter NUM_STAGE bound to: 1 - type: integer 
	Parameter din0_WIDTH bound to: 11 - type: integer 
	Parameter din1_WIDTH bound to: 10 - type: integer 
	Parameter dout_WIDTH bound to: 21 - type: integer 
	Parameter ID bound to: 1 - type: integer 
	Parameter NUM_STAGE bound to: 1 - type: integer 
	Parameter din0_WIDTH bound to: 11 - type: integer 
	Parameter din1_WIDTH bound to: 10 - type: integer 
	Parameter dout_WIDTH bound to: 21 - type: integer 
	Parameter ID bound to: 1 - type: integer 
	Parameter NUM_STAGE bound to: 1 - type: integer 
	Parameter din0_WIDTH bound to: 11 - type: integer 
	Parameter din1_WIDTH bound to: 10 - type: integer 
	Parameter dout_WIDTH bound to: 21 - type: integer 
	Parameter ID bound to: 1 - type: integer 
	Parameter NUM_STAGE bound to: 1 - type: integer 
	Parameter din0_WIDTH bound to: 11 - type: integer 
	Parameter din1_WIDTH bound to: 10 - type: integer 
	Parameter dout_WIDTH bound to: 21 - type: integer 
	Parameter ID bound to: 1 - type: integer 
	Parameter NUM_STAGE bound to: 1 - type: integer 
	Parameter din0_WIDTH bound to: 11 - type: integer 
	Parameter din1_WIDTH bound to: 10 - type: integer 
	Parameter dout_WIDTH bound to: 21 - type: integer 
	Parameter ID bound to: 1 - type: integer 
	Parameter NUM_STAGE bound to: 1 - type: integer 
	Parameter din0_WIDTH bound to: 11 - type: integer 
	Parameter din1_WIDTH bound to: 10 - type: integer 
	Parameter dout_WIDTH bound to: 21 - type: integer 
	Parameter ID bound to: 1 - type: integer 
	Parameter NUM_STAGE bound to: 1 - type: integer 
	Parameter din0_WIDTH bound to: 11 - type: integer 
	Parameter din1_WIDTH bound to: 10 - type: integer 
	Parameter dout_WIDTH bound to: 21 - type: integer 
	Parameter ID bound to: 1 - type: integer 
	Parameter NUM_STAGE bound to: 1 - type: integer 
	Parameter din0_WIDTH bound to: 11 - type: integer 
	Parameter din1_WIDTH bound to: 10 - type: integer 
	Parameter dout_WIDTH bound to: 21 - type: integer 
	Parameter ID bound to: 1 - type: integer 
	Parameter NUM_STAGE bound to: 1 - type: integer 
	Parameter din0_WIDTH bound to: 11 - type: integer 
	Parameter din1_WIDTH bound to: 10 - type: integer 
	Parameter dout_WIDTH bound to: 21 - type: integer 
	Parameter ID bound to: 1 - type: integer 
	Parameter NUM_STAGE bound to: 1 - type: integer 
	Parameter din0_WIDTH bound to: 11 - type: integer 
	Parameter din1_WIDTH bound to: 10 - type: integer 
	Parameter dout_WIDTH bound to: 21 - type: integer 
	Parameter ID bound to: 1 - type: integer 
	Parameter NUM_STAGE bound to: 1 - type: integer 
	Parameter din0_WIDTH bound to: 11 - type: integer 
	Parameter din1_WIDTH bound to: 10 - type: integer 
	Parameter dout_WIDTH bound to: 21 - type: integer 
	Parameter ID bound to: 1 - type: integer 
	Parameter NUM_STAGE bound to: 1 - type: integer 
	Parameter din0_WIDTH bound to: 11 - type: integer 
	Parameter din1_WIDTH bound to: 10 - type: integer 
	Parameter dout_WIDTH bound to: 21 - type: integer 
	Parameter ID bound to: 1 - type: integer 
	Parameter NUM_STAGE bound to: 1 - type: integer 
	Parameter din0_WIDTH bound to: 11 - type: integer 
	Parameter din1_WIDTH bound to: 10 - type: integer 
	Parameter dout_WIDTH bound to: 21 - type: integer 
	Parameter ID bound to: 1 - type: integer 
	Parameter NUM_STAGE bound to: 1 - type: integer 
	Parameter din0_WIDTH bound to: 11 - type: integer 
	Parameter din1_WIDTH bound to: 10 - type: integer 
	Parameter dout_WIDTH bound to: 21 - type: integer 
	Parameter ID bound to: 1 - type: integer 
	Parameter NUM_STAGE bound to: 1 - type: integer 
	Parameter din0_WIDTH bound to: 11 - type: integer 
	Parameter din1_WIDTH bound to: 10 - type: integer 
	Parameter dout_WIDTH bound to: 21 - type: integer 
	Parameter ID bound to: 1 - type: integer 
	Parameter NUM_STAGE bound to: 1 - type: integer 
	Parameter din0_WIDTH bound to: 11 - type: integer 
	Parameter din1_WIDTH bound to: 10 - type: integer 
	Parameter dout_WIDTH bound to: 21 - type: integer 
	Parameter ID bound to: 1 - type: integer 
	Parameter NUM_STAGE bound to: 1 - type: integer 
	Parameter din0_WIDTH bound to: 11 - type: integer 
	Parameter din1_WIDTH bound to: 10 - type: integer 
	Parameter dout_WIDTH bound to: 21 - type: integer 
	Parameter ID bound to: 1 - type: integer 
	Parameter NUM_STAGE bound to: 1 - type: integer 
	Parameter din0_WIDTH bound to: 11 - type: integer 
	Parameter din1_WIDTH bound to: 10 - type: integer 
	Parameter dout_WIDTH bound to: 21 - type: integer 
	Parameter ID bound to: 1 - type: integer 
	Parameter NUM_STAGE bound to: 1 - type: integer 
	Parameter din0_WIDTH bound to: 11 - type: integer 
	Parameter din1_WIDTH bound to: 10 - type: integer 
	Parameter dout_WIDTH bound to: 21 - type: integer 
	Parameter ID bound to: 1 - type: integer 
	Parameter NUM_STAGE bound to: 1 - type: integer 
	Parameter din0_WIDTH bound to: 11 - type: integer 
	Parameter din1_WIDTH bound to: 10 - type: integer 
	Parameter dout_WIDTH bound to: 21 - type: integer 
	Parameter ID bound to: 1 - type: integer 
	Parameter NUM_STAGE bound to: 1 - type: integer 
	Parameter din0_WIDTH bound to: 11 - type: integer 
	Parameter din1_WIDTH bound to: 10 - type: integer 
	Parameter dout_WIDTH bound to: 21 - type: integer 
	Parameter ID bound to: 1 - type: integer 
	Parameter NUM_STAGE bound to: 1 - type: integer 
	Parameter din0_WIDTH bound to: 11 - type: integer 
	Parameter din1_WIDTH bound to: 10 - type: integer 
	Parameter dout_WIDTH bound to: 21 - type: integer 
	Parameter ID bound to: 1 - type: integer 
	Parameter NUM_STAGE bound to: 1 - type: integer 
	Parameter din0_WIDTH bound to: 11 - type: integer 
	Parameter din1_WIDTH bound to: 10 - type: integer 
	Parameter dout_WIDTH bound to: 21 - type: integer 
	Parameter ID bound to: 1 - type: integer 
	Parameter NUM_STAGE bound to: 1 - type: integer 
	Parameter din0_WIDTH bound to: 11 - type: integer 
	Parameter din1_WIDTH bound to: 10 - type: integer 
	Parameter dout_WIDTH bound to: 21 - type: integer 
	Parameter ID bound to: 1 - type: integer 
	Parameter NUM_STAGE bound to: 1 - type: integer 
	Parameter din0_WIDTH bound to: 11 - type: integer 
	Parameter din1_WIDTH bound to: 10 - type: integer 
	Parameter dout_WIDTH bound to: 21 - type: integer 
	Parameter ID bound to: 1 - type: integer 
	Parameter NUM_STAGE bound to: 1 - type: integer 
	Parameter din0_WIDTH bound to: 11 - type: integer 
	Parameter din1_WIDTH bound to: 10 - type: integer 
	Parameter dout_WIDTH bound to: 21 - type: integer 
	Parameter ID bound to: 1 - type: integer 
	Parameter NUM_STAGE bound to: 1 - type: integer 
	Parameter din0_WIDTH bound to: 11 - type: integer 
	Parameter din1_WIDTH bound to: 10 - type: integer 
	Parameter dout_WIDTH bound to: 21 - type: integer 
	Parameter ID bound to: 1 - type: integer 
	Parameter NUM_STAGE bound to: 1 - type: integer 
	Parameter din0_WIDTH bound to: 11 - type: integer 
	Parameter din1_WIDTH bound to: 10 - type: integer 
	Parameter dout_WIDTH bound to: 21 - type: integer 
	Parameter ID bound to: 1 - type: integer 
	Parameter NUM_STAGE bound to: 1 - type: integer 
	Parameter din0_WIDTH bound to: 11 - type: integer 
	Parameter din1_WIDTH bound to: 10 - type: integer 
	Parameter dout_WIDTH bound to: 21 - type: integer 
	Parameter ID bound to: 1 - type: integer 
	Parameter NUM_STAGE bound to: 1 - type: integer 
	Parameter din0_WIDTH bound to: 11 - type: integer 
	Parameter din1_WIDTH bound to: 10 - type: integer 
	Parameter dout_WIDTH bound to: 21 - type: integer 
	Parameter ID bound to: 1 - type: integer 
	Parameter NUM_STAGE bound to: 1 - type: integer 
	Parameter din0_WIDTH bound to: 11 - type: integer 
	Parameter din1_WIDTH bound to: 10 - type: integer 
	Parameter dout_WIDTH bound to: 21 - type: integer 
	Parameter ID bound to: 1 - type: integer 
	Parameter NUM_STAGE bound to: 1 - type: integer 
	Parameter din0_WIDTH bound to: 11 - type: integer 
	Parameter din1_WIDTH bound to: 10 - type: integer 
	Parameter dout_WIDTH bound to: 21 - type: integer 
	Parameter ID bound to: 1 - type: integer 
	Parameter NUM_STAGE bound to: 1 - type: integer 
	Parameter din0_WIDTH bound to: 11 - type: integer 
	Parameter din1_WIDTH bound to: 10 - type: integer 
	Parameter dout_WIDTH bound to: 21 - type: integer 
	Parameter ID bound to: 1 - type: integer 
	Parameter NUM_STAGE bound to: 1 - type: integer 
	Parameter din0_WIDTH bound to: 11 - type: integer 
	Parameter din1_WIDTH bound to: 10 - type: integer 
	Parameter dout_WIDTH bound to: 21 - type: integer 
	Parameter ID bound to: 1 - type: integer 
	Parameter NUM_STAGE bound to: 1 - type: integer 
	Parameter din0_WIDTH bound to: 11 - type: integer 
	Parameter din1_WIDTH bound to: 10 - type: integer 
	Parameter dout_WIDTH bound to: 21 - type: integer 
	Parameter ID bound to: 1 - type: integer 
	Parameter NUM_STAGE bound to: 1 - type: integer 
	Parameter din0_WIDTH bound to: 11 - type: integer 
	Parameter din1_WIDTH bound to: 10 - type: integer 
	Parameter dout_WIDTH bound to: 21 - type: integer 
	Parameter ID bound to: 1 - type: integer 
	Parameter NUM_STAGE bound to: 1 - type: integer 
	Parameter din0_WIDTH bound to: 11 - type: integer 
	Parameter din1_WIDTH bound to: 10 - type: integer 
	Parameter dout_WIDTH bound to: 21 - type: integer 
	Parameter ID bound to: 1 - type: integer 
	Parameter NUM_STAGE bound to: 1 - type: integer 
	Parameter din0_WIDTH bound to: 11 - type: integer 
	Parameter din1_WIDTH bound to: 10 - type: integer 
	Parameter dout_WIDTH bound to: 21 - type: integer 
	Parameter ID bound to: 1 - type: integer 
	Parameter NUM_STAGE bound to: 1 - type: integer 
	Parameter din0_WIDTH bound to: 11 - type: integer 
	Parameter din1_WIDTH bound to: 10 - type: integer 
	Parameter dout_WIDTH bound to: 21 - type: integer 
	Parameter ID bound to: 1 - type: integer 
	Parameter NUM_STAGE bound to: 1 - type: integer 
	Parameter din0_WIDTH bound to: 11 - type: integer 
	Parameter din1_WIDTH bound to: 10 - type: integer 
	Parameter dout_WIDTH bound to: 21 - type: integer 
	Parameter ID bound to: 1 - type: integer 
	Parameter NUM_STAGE bound to: 1 - type: integer 
	Parameter din0_WIDTH bound to: 11 - type: integer 
	Parameter din1_WIDTH bound to: 10 - type: integer 
	Parameter dout_WIDTH bound to: 21 - type: integer 
	Parameter ID bound to: 1 - type: integer 
	Parameter NUM_STAGE bound to: 1 - type: integer 
	Parameter din0_WIDTH bound to: 11 - type: integer 
	Parameter din1_WIDTH bound to: 10 - type: integer 
	Parameter dout_WIDTH bound to: 21 - type: integer 
	Parameter ID bound to: 1 - type: integer 
	Parameter NUM_STAGE bound to: 1 - type: integer 
	Parameter din0_WIDTH bound to: 11 - type: integer 
	Parameter din1_WIDTH bound to: 10 - type: integer 
	Parameter dout_WIDTH bound to: 21 - type: integer 
	Parameter ID bound to: 1 - type: integer 
	Parameter NUM_STAGE bound to: 1 - type: integer 
	Parameter din0_WIDTH bound to: 11 - type: integer 
	Parameter din1_WIDTH bound to: 10 - type: integer 
	Parameter dout_WIDTH bound to: 21 - type: integer 
	Parameter ID bound to: 1 - type: integer 
	Parameter NUM_STAGE bound to: 1 - type: integer 
	Parameter din0_WIDTH bound to: 11 - type: integer 
	Parameter din1_WIDTH bound to: 10 - type: integer 
	Parameter dout_WIDTH bound to: 21 - type: integer 
	Parameter ID bound to: 1 - type: integer 
	Parameter NUM_STAGE bound to: 1 - type: integer 
	Parameter din0_WIDTH bound to: 11 - type: integer 
	Parameter din1_WIDTH bound to: 10 - type: integer 
	Parameter dout_WIDTH bound to: 21 - type: integer 
	Parameter ID bound to: 1 - type: integer 
	Parameter NUM_STAGE bound to: 1 - type: integer 
	Parameter din0_WIDTH bound to: 11 - type: integer 
	Parameter din1_WIDTH bound to: 10 - type: integer 
	Parameter dout_WIDTH bound to: 21 - type: integer 
	Parameter ID bound to: 1 - type: integer 
	Parameter NUM_STAGE bound to: 1 - type: integer 
	Parameter din0_WIDTH bound to: 11 - type: integer 
	Parameter din1_WIDTH bound to: 10 - type: integer 
	Parameter dout_WIDTH bound to: 21 - type: integer 
	Parameter ID bound to: 1 - type: integer 
	Parameter NUM_STAGE bound to: 1 - type: integer 
	Parameter din0_WIDTH bound to: 11 - type: integer 
	Parameter din1_WIDTH bound to: 10 - type: integer 
	Parameter dout_WIDTH bound to: 21 - type: integer 
	Parameter ID bound to: 1 - type: integer 
	Parameter NUM_STAGE bound to: 1 - type: integer 
	Parameter din0_WIDTH bound to: 11 - type: integer 
	Parameter din1_WIDTH bound to: 10 - type: integer 
	Parameter dout_WIDTH bound to: 21 - type: integer 
	Parameter ID bound to: 1 - type: integer 
	Parameter NUM_STAGE bound to: 1 - type: integer 
	Parameter din0_WIDTH bound to: 11 - type: integer 
	Parameter din1_WIDTH bound to: 10 - type: integer 
	Parameter dout_WIDTH bound to: 21 - type: integer 
	Parameter ID bound to: 1 - type: integer 
	Parameter NUM_STAGE bound to: 1 - type: integer 
	Parameter din0_WIDTH bound to: 11 - type: integer 
	Parameter din1_WIDTH bound to: 10 - type: integer 
	Parameter dout_WIDTH bound to: 21 - type: integer 
	Parameter ID bound to: 1 - type: integer 
	Parameter NUM_STAGE bound to: 1 - type: integer 
	Parameter din0_WIDTH bound to: 11 - type: integer 
	Parameter din1_WIDTH bound to: 10 - type: integer 
	Parameter dout_WIDTH bound to: 21 - type: integer 
	Parameter ID bound to: 1 - type: integer 
	Parameter NUM_STAGE bound to: 1 - type: integer 
	Parameter din0_WIDTH bound to: 11 - type: integer 
	Parameter din1_WIDTH bound to: 10 - type: integer 
	Parameter dout_WIDTH bound to: 21 - type: integer 
	Parameter ID bound to: 1 - type: integer 
	Parameter NUM_STAGE bound to: 1 - type: integer 
	Parameter din0_WIDTH bound to: 11 - type: integer 
	Parameter din1_WIDTH bound to: 10 - type: integer 
	Parameter dout_WIDTH bound to: 21 - type: integer 
	Parameter ID bound to: 1 - type: integer 
	Parameter NUM_STAGE bound to: 1 - type: integer 
	Parameter din0_WIDTH bound to: 11 - type: integer 
	Parameter din1_WIDTH bound to: 10 - type: integer 
	Parameter dout_WIDTH bound to: 21 - type: integer 
	Parameter ID bound to: 1 - type: integer 
	Parameter NUM_STAGE bound to: 1 - type: integer 
	Parameter din0_WIDTH bound to: 11 - type: integer 
	Parameter din1_WIDTH bound to: 10 - type: integer 
	Parameter dout_WIDTH bound to: 21 - type: integer 
	Parameter ID bound to: 1 - type: integer 
	Parameter NUM_STAGE bound to: 1 - type: integer 
	Parameter din0_WIDTH bound to: 11 - type: integer 
	Parameter din1_WIDTH bound to: 10 - type: integer 
	Parameter dout_WIDTH bound to: 21 - type: integer 
	Parameter ID bound to: 1 - type: integer 
	Parameter NUM_STAGE bound to: 1 - type: integer 
	Parameter din0_WIDTH bound to: 11 - type: integer 
	Parameter din1_WIDTH bound to: 10 - type: integer 
	Parameter dout_WIDTH bound to: 21 - type: integer 
	Parameter ID bound to: 1 - type: integer 
	Parameter NUM_STAGE bound to: 1 - type: integer 
	Parameter din0_WIDTH bound to: 11 - type: integer 
	Parameter din1_WIDTH bound to: 10 - type: integer 
	Parameter dout_WIDTH bound to: 21 - type: integer 
	Parameter ID bound to: 1 - type: integer 
	Parameter NUM_STAGE bound to: 1 - type: integer 
	Parameter din0_WIDTH bound to: 11 - type: integer 
	Parameter din1_WIDTH bound to: 10 - type: integer 
	Parameter dout_WIDTH bound to: 21 - type: integer 
	Parameter ID bound to: 1 - type: integer 
	Parameter NUM_STAGE bound to: 1 - type: integer 
	Parameter din0_WIDTH bound to: 11 - type: integer 
	Parameter din1_WIDTH bound to: 10 - type: integer 
	Parameter dout_WIDTH bound to: 21 - type: integer 
	Parameter ID bound to: 1 - type: integer 
	Parameter NUM_STAGE bound to: 1 - type: integer 
	Parameter din0_WIDTH bound to: 11 - type: integer 
	Parameter din1_WIDTH bound to: 10 - type: integer 
	Parameter dout_WIDTH bound to: 21 - type: integer 
	Parameter ID bound to: 1 - type: integer 
	Parameter NUM_STAGE bound to: 1 - type: integer 
	Parameter din0_WIDTH bound to: 11 - type: integer 
	Parameter din1_WIDTH bound to: 10 - type: integer 
	Parameter dout_WIDTH bound to: 21 - type: integer 
	Parameter ID bound to: 1 - type: integer 
	Parameter NUM_STAGE bound to: 1 - type: integer 
	Parameter din0_WIDTH bound to: 11 - type: integer 
	Parameter din1_WIDTH bound to: 10 - type: integer 
	Parameter dout_WIDTH bound to: 21 - type: integer 
	Parameter ID bound to: 1 - type: integer 
	Parameter NUM_STAGE bound to: 1 - type: integer 
	Parameter din0_WIDTH bound to: 11 - type: integer 
	Parameter din1_WIDTH bound to: 10 - type: integer 
	Parameter dout_WIDTH bound to: 21 - type: integer 
	Parameter ID bound to: 1 - type: integer 
	Parameter NUM_STAGE bound to: 1 - type: integer 
	Parameter din0_WIDTH bound to: 11 - type: integer 
	Parameter din1_WIDTH bound to: 10 - type: integer 
	Parameter dout_WIDTH bound to: 21 - type: integer 
	Parameter ID bound to: 1 - type: integer 
	Parameter NUM_STAGE bound to: 1 - type: integer 
	Parameter din0_WIDTH bound to: 11 - type: integer 
	Parameter din1_WIDTH bound to: 10 - type: integer 
	Parameter dout_WIDTH bound to: 21 - type: integer 
	Parameter ID bound to: 1 - type: integer 
	Parameter NUM_STAGE bound to: 1 - type: integer 
	Parameter din0_WIDTH bound to: 11 - type: integer 
	Parameter din1_WIDTH bound to: 10 - type: integer 
	Parameter dout_WIDTH bound to: 21 - type: integer 
	Parameter ID bound to: 1 - type: integer 
	Parameter NUM_STAGE bound to: 1 - type: integer 
	Parameter din0_WIDTH bound to: 11 - type: integer 
	Parameter din1_WIDTH bound to: 10 - type: integer 
	Parameter dout_WIDTH bound to: 21 - type: integer 
	Parameter ID bound to: 1 - type: integer 
	Parameter NUM_STAGE bound to: 1 - type: integer 
	Parameter din0_WIDTH bound to: 11 - type: integer 
	Parameter din1_WIDTH bound to: 10 - type: integer 
	Parameter dout_WIDTH bound to: 21 - type: integer 
	Parameter ID bound to: 1 - type: integer 
	Parameter NUM_STAGE bound to: 1 - type: integer 
	Parameter din0_WIDTH bound to: 11 - type: integer 
	Parameter din1_WIDTH bound to: 10 - type: integer 
	Parameter dout_WIDTH bound to: 21 - type: integer 
	Parameter ID bound to: 1 - type: integer 
	Parameter NUM_STAGE bound to: 1 - type: integer 
	Parameter din0_WIDTH bound to: 11 - type: integer 
	Parameter din1_WIDTH bound to: 10 - type: integer 
	Parameter dout_WIDTH bound to: 21 - type: integer 
	Parameter ID bound to: 1 - type: integer 
	Parameter NUM_STAGE bound to: 1 - type: integer 
	Parameter din0_WIDTH bound to: 11 - type: integer 
	Parameter din1_WIDTH bound to: 10 - type: integer 
	Parameter dout_WIDTH bound to: 21 - type: integer 
	Parameter ID bound to: 1 - type: integer 
	Parameter NUM_STAGE bound to: 1 - type: integer 
	Parameter din0_WIDTH bound to: 11 - type: integer 
	Parameter din1_WIDTH bound to: 10 - type: integer 
	Parameter dout_WIDTH bound to: 21 - type: integer 
	Parameter ID bound to: 1 - type: integer 
	Parameter NUM_STAGE bound to: 1 - type: integer 
	Parameter din0_WIDTH bound to: 11 - type: integer 
	Parameter din1_WIDTH bound to: 10 - type: integer 
	Parameter dout_WIDTH bound to: 21 - type: integer 
	Parameter ID bound to: 1 - type: integer 
	Parameter NUM_STAGE bound to: 1 - type: integer 
	Parameter din0_WIDTH bound to: 11 - type: integer 
	Parameter din1_WIDTH bound to: 10 - type: integer 
	Parameter dout_WIDTH bound to: 21 - type: integer 
	Parameter ID bound to: 1 - type: integer 
	Parameter NUM_STAGE bound to: 1 - type: integer 
	Parameter din0_WIDTH bound to: 11 - type: integer 
	Parameter din1_WIDTH bound to: 10 - type: integer 
	Parameter dout_WIDTH bound to: 21 - type: integer 
	Parameter ID bound to: 1 - type: integer 
	Parameter NUM_STAGE bound to: 1 - type: integer 
	Parameter din0_WIDTH bound to: 11 - type: integer 
	Parameter din1_WIDTH bound to: 10 - type: integer 
	Parameter dout_WIDTH bound to: 21 - type: integer 
	Parameter ID bound to: 1 - type: integer 
	Parameter NUM_STAGE bound to: 1 - type: integer 
	Parameter din0_WIDTH bound to: 11 - type: integer 
	Parameter din1_WIDTH bound to: 10 - type: integer 
	Parameter dout_WIDTH bound to: 21 - type: integer 
	Parameter ID bound to: 1 - type: integer 
	Parameter NUM_STAGE bound to: 1 - type: integer 
	Parameter din0_WIDTH bound to: 11 - type: integer 
	Parameter din1_WIDTH bound to: 10 - type: integer 
	Parameter dout_WIDTH bound to: 21 - type: integer 
	Parameter ID bound to: 1 - type: integer 
	Parameter NUM_STAGE bound to: 1 - type: integer 
	Parameter din0_WIDTH bound to: 11 - type: integer 
	Parameter din1_WIDTH bound to: 10 - type: integer 
	Parameter dout_WIDTH bound to: 21 - type: integer 
	Parameter ID bound to: 1 - type: integer 
	Parameter NUM_STAGE bound to: 1 - type: integer 
	Parameter din0_WIDTH bound to: 11 - type: integer 
	Parameter din1_WIDTH bound to: 10 - type: integer 
	Parameter dout_WIDTH bound to: 21 - type: integer 
	Parameter ID bound to: 1 - type: integer 
	Parameter NUM_STAGE bound to: 1 - type: integer 
	Parameter din0_WIDTH bound to: 11 - type: integer 
	Parameter din1_WIDTH bound to: 10 - type: integer 
	Parameter dout_WIDTH bound to: 21 - type: integer 
	Parameter ID bound to: 1 - type: integer 
	Parameter NUM_STAGE bound to: 1 - type: integer 
	Parameter din0_WIDTH bound to: 11 - type: integer 
	Parameter din1_WIDTH bound to: 10 - type: integer 
	Parameter dout_WIDTH bound to: 21 - type: integer 
	Parameter ID bound to: 1 - type: integer 
	Parameter NUM_STAGE bound to: 1 - type: integer 
	Parameter din0_WIDTH bound to: 11 - type: integer 
	Parameter din1_WIDTH bound to: 10 - type: integer 
	Parameter dout_WIDTH bound to: 21 - type: integer 
	Parameter ID bound to: 1 - type: integer 
	Parameter NUM_STAGE bound to: 1 - type: integer 
	Parameter din0_WIDTH bound to: 11 - type: integer 
	Parameter din1_WIDTH bound to: 10 - type: integer 
	Parameter dout_WIDTH bound to: 21 - type: integer 
	Parameter ID bound to: 1 - type: integer 
	Parameter NUM_STAGE bound to: 1 - type: integer 
	Parameter din0_WIDTH bound to: 11 - type: integer 
	Parameter din1_WIDTH bound to: 10 - type: integer 
	Parameter dout_WIDTH bound to: 21 - type: integer 
	Parameter ID bound to: 1 - type: integer 
	Parameter NUM_STAGE bound to: 1 - type: integer 
	Parameter din0_WIDTH bound to: 11 - type: integer 
	Parameter din1_WIDTH bound to: 10 - type: integer 
	Parameter dout_WIDTH bound to: 21 - type: integer 
	Parameter ID bound to: 1 - type: integer 
	Parameter NUM_STAGE bound to: 1 - type: integer 
	Parameter din0_WIDTH bound to: 11 - type: integer 
	Parameter din1_WIDTH bound to: 10 - type: integer 
	Parameter dout_WIDTH bound to: 21 - type: integer 
	Parameter ID bound to: 1 - type: integer 
	Parameter NUM_STAGE bound to: 1 - type: integer 
	Parameter din0_WIDTH bound to: 11 - type: integer 
	Parameter din1_WIDTH bound to: 10 - type: integer 
	Parameter dout_WIDTH bound to: 21 - type: integer 
	Parameter ID bound to: 1 - type: integer 
	Parameter NUM_STAGE bound to: 1 - type: integer 
	Parameter din0_WIDTH bound to: 11 - type: integer 
	Parameter din1_WIDTH bound to: 10 - type: integer 
	Parameter dout_WIDTH bound to: 21 - type: integer 
	Parameter ID bound to: 1 - type: integer 
	Parameter NUM_STAGE bound to: 1 - type: integer 
	Parameter din0_WIDTH bound to: 11 - type: integer 
	Parameter din1_WIDTH bound to: 10 - type: integer 
	Parameter dout_WIDTH bound to: 21 - type: integer 
	Parameter ID bound to: 1 - type: integer 
	Parameter NUM_STAGE bound to: 1 - type: integer 
	Parameter din0_WIDTH bound to: 11 - type: integer 
	Parameter din1_WIDTH bound to: 10 - type: integer 
	Parameter dout_WIDTH bound to: 21 - type: integer 
	Parameter ID bound to: 1 - type: integer 
	Parameter NUM_STAGE bound to: 1 - type: integer 
	Parameter din0_WIDTH bound to: 11 - type: integer 
	Parameter din1_WIDTH bound to: 10 - type: integer 
	Parameter dout_WIDTH bound to: 21 - type: integer 
	Parameter ID bound to: 1 - type: integer 
	Parameter NUM_STAGE bound to: 1 - type: integer 
	Parameter din0_WIDTH bound to: 11 - type: integer 
	Parameter din1_WIDTH bound to: 10 - type: integer 
	Parameter dout_WIDTH bound to: 21 - type: integer 
	Parameter ID bound to: 1 - type: integer 
	Parameter NUM_STAGE bound to: 1 - type: integer 
	Parameter din0_WIDTH bound to: 11 - type: integer 
	Parameter din1_WIDTH bound to: 10 - type: integer 
	Parameter dout_WIDTH bound to: 21 - type: integer 
	Parameter ID bound to: 1 - type: integer 
	Parameter NUM_STAGE bound to: 1 - type: integer 
	Parameter din0_WIDTH bound to: 11 - type: integer 
	Parameter din1_WIDTH bound to: 10 - type: integer 
	Parameter dout_WIDTH bound to: 21 - type: integer 
	Parameter ID bound to: 1 - type: integer 
	Parameter NUM_STAGE bound to: 1 - type: integer 
	Parameter din0_WIDTH bound to: 11 - type: integer 
	Parameter din1_WIDTH bound to: 10 - type: integer 
	Parameter dout_WIDTH bound to: 21 - type: integer 
	Parameter ID bound to: 1 - type: integer 
	Parameter NUM_STAGE bound to: 1 - type: integer 
	Parameter din0_WIDTH bound to: 11 - type: integer 
	Parameter din1_WIDTH bound to: 10 - type: integer 
	Parameter dout_WIDTH bound to: 21 - type: integer 
	Parameter ID bound to: 1 - type: integer 
	Parameter NUM_STAGE bound to: 1 - type: integer 
	Parameter din0_WIDTH bound to: 11 - type: integer 
	Parameter din1_WIDTH bound to: 10 - type: integer 
	Parameter dout_WIDTH bound to: 21 - type: integer 
	Parameter ID bound to: 1 - type: integer 
	Parameter NUM_STAGE bound to: 1 - type: integer 
	Parameter din0_WIDTH bound to: 11 - type: integer 
	Parameter din1_WIDTH bound to: 10 - type: integer 
	Parameter dout_WIDTH bound to: 21 - type: integer 
	Parameter ID bound to: 1 - type: integer 
	Parameter NUM_STAGE bound to: 1 - type: integer 
	Parameter din0_WIDTH bound to: 11 - type: integer 
	Parameter din1_WIDTH bound to: 10 - type: integer 
	Parameter dout_WIDTH bound to: 21 - type: integer 
	Parameter ID bound to: 1 - type: integer 
	Parameter NUM_STAGE bound to: 1 - type: integer 
	Parameter din0_WIDTH bound to: 11 - type: integer 
	Parameter din1_WIDTH bound to: 10 - type: integer 
	Parameter dout_WIDTH bound to: 21 - type: integer 
	Parameter ID bound to: 1 - type: integer 
	Parameter NUM_STAGE bound to: 1 - type: integer 
	Parameter din0_WIDTH bound to: 11 - type: integer 
	Parameter din1_WIDTH bound to: 10 - type: integer 
	Parameter dout_WIDTH bound to: 21 - type: integer 
	Parameter ID bound to: 1 - type: integer 
	Parameter NUM_STAGE bound to: 1 - type: integer 
	Parameter din0_WIDTH bound to: 11 - type: integer 
	Parameter din1_WIDTH bound to: 10 - type: integer 
	Parameter dout_WIDTH bound to: 21 - type: integer 
	Parameter ID bound to: 1 - type: integer 
	Parameter NUM_STAGE bound to: 1 - type: integer 
	Parameter din0_WIDTH bound to: 11 - type: integer 
	Parameter din1_WIDTH bound to: 10 - type: integer 
	Parameter dout_WIDTH bound to: 21 - type: integer 
	Parameter ID bound to: 1 - type: integer 
	Parameter NUM_STAGE bound to: 1 - type: integer 
	Parameter din0_WIDTH bound to: 11 - type: integer 
	Parameter din1_WIDTH bound to: 10 - type: integer 
	Parameter dout_WIDTH bound to: 21 - type: integer 
	Parameter ID bound to: 1 - type: integer 
	Parameter NUM_STAGE bound to: 1 - type: integer 
	Parameter din0_WIDTH bound to: 11 - type: integer 
	Parameter din1_WIDTH bound to: 10 - type: integer 
	Parameter dout_WIDTH bound to: 21 - type: integer 
	Parameter ID bound to: 1 - type: integer 
	Parameter NUM_STAGE bound to: 1 - type: integer 
	Parameter din0_WIDTH bound to: 11 - type: integer 
	Parameter din1_WIDTH bound to: 10 - type: integer 
	Parameter dout_WIDTH bound to: 21 - type: integer 
	Parameter ID bound to: 1 - type: integer 
	Parameter NUM_STAGE bound to: 1 - type: integer 
	Parameter din0_WIDTH bound to: 11 - type: integer 
	Parameter din1_WIDTH bound to: 10 - type: integer 
	Parameter dout_WIDTH bound to: 21 - type: integer 
	Parameter ID bound to: 1 - type: integer 
	Parameter NUM_STAGE bound to: 1 - type: integer 
	Parameter din0_WIDTH bound to: 11 - type: integer 
	Parameter din1_WIDTH bound to: 10 - type: integer 
	Parameter dout_WIDTH bound to: 21 - type: integer 
	Parameter ID bound to: 1 - type: integer 
	Parameter NUM_STAGE bound to: 1 - type: integer 
	Parameter din0_WIDTH bound to: 11 - type: integer 
	Parameter din1_WIDTH bound to: 10 - type: integer 
	Parameter dout_WIDTH bound to: 21 - type: integer 
	Parameter ID bound to: 1 - type: integer 
	Parameter NUM_STAGE bound to: 1 - type: integer 
	Parameter din0_WIDTH bound to: 11 - type: integer 
	Parameter din1_WIDTH bound to: 10 - type: integer 
	Parameter dout_WIDTH bound to: 21 - type: integer 
	Parameter ID bound to: 1 - type: integer 
	Parameter NUM_STAGE bound to: 1 - type: integer 
	Parameter din0_WIDTH bound to: 11 - type: integer 
	Parameter din1_WIDTH bound to: 10 - type: integer 
	Parameter dout_WIDTH bound to: 21 - type: integer 
	Parameter ID bound to: 1 - type: integer 
	Parameter NUM_STAGE bound to: 1 - type: integer 
	Parameter din0_WIDTH bound to: 11 - type: integer 
	Parameter din1_WIDTH bound to: 10 - type: integer 
	Parameter dout_WIDTH bound to: 21 - type: integer 
	Parameter ID bound to: 1 - type: integer 
	Parameter NUM_STAGE bound to: 1 - type: integer 
	Parameter din0_WIDTH bound to: 11 - type: integer 
	Parameter din1_WIDTH bound to: 10 - type: integer 
	Parameter dout_WIDTH bound to: 21 - type: integer 
	Parameter ID bound to: 1 - type: integer 
	Parameter NUM_STAGE bound to: 1 - type: integer 
	Parameter din0_WIDTH bound to: 11 - type: integer 
	Parameter din1_WIDTH bound to: 10 - type: integer 
	Parameter dout_WIDTH bound to: 21 - type: integer 
	Parameter ID bound to: 1 - type: integer 
	Parameter NUM_STAGE bound to: 1 - type: integer 
	Parameter din0_WIDTH bound to: 11 - type: integer 
	Parameter din1_WIDTH bound to: 10 - type: integer 
	Parameter dout_WIDTH bound to: 21 - type: integer 
	Parameter ID bound to: 1 - type: integer 
	Parameter NUM_STAGE bound to: 1 - type: integer 
	Parameter din0_WIDTH bound to: 11 - type: integer 
	Parameter din1_WIDTH bound to: 10 - type: integer 
	Parameter dout_WIDTH bound to: 21 - type: integer 
	Parameter ID bound to: 1 - type: integer 
	Parameter NUM_STAGE bound to: 1 - type: integer 
	Parameter din0_WIDTH bound to: 11 - type: integer 
	Parameter din1_WIDTH bound to: 10 - type: integer 
	Parameter dout_WIDTH bound to: 21 - type: integer 
	Parameter ID bound to: 1 - type: integer 
	Parameter NUM_STAGE bound to: 1 - type: integer 
	Parameter din0_WIDTH bound to: 11 - type: integer 
	Parameter din1_WIDTH bound to: 10 - type: integer 
	Parameter dout_WIDTH bound to: 21 - type: integer 
	Parameter ID bound to: 1 - type: integer 
	Parameter NUM_STAGE bound to: 1 - type: integer 
	Parameter din0_WIDTH bound to: 11 - type: integer 
	Parameter din1_WIDTH bound to: 10 - type: integer 
	Parameter dout_WIDTH bound to: 21 - type: integer 
	Parameter ID bound to: 1 - type: integer 
	Parameter NUM_STAGE bound to: 1 - type: integer 
	Parameter din0_WIDTH bound to: 11 - type: integer 
	Parameter din1_WIDTH bound to: 10 - type: integer 
	Parameter dout_WIDTH bound to: 21 - type: integer 
	Parameter ID bound to: 1 - type: integer 
	Parameter NUM_STAGE bound to: 1 - type: integer 
	Parameter din0_WIDTH bound to: 11 - type: integer 
	Parameter din1_WIDTH bound to: 10 - type: integer 
	Parameter dout_WIDTH bound to: 21 - type: integer 
	Parameter ID bound to: 1 - type: integer 
	Parameter NUM_STAGE bound to: 1 - type: integer 
	Parameter din0_WIDTH bound to: 11 - type: integer 
	Parameter din1_WIDTH bound to: 10 - type: integer 
	Parameter dout_WIDTH bound to: 21 - type: integer 
	Parameter ID bound to: 1 - type: integer 
	Parameter NUM_STAGE bound to: 1 - type: integer 
	Parameter din0_WIDTH bound to: 11 - type: integer 
	Parameter din1_WIDTH bound to: 10 - type: integer 
	Parameter dout_WIDTH bound to: 21 - type: integer 
	Parameter ID bound to: 1 - type: integer 
	Parameter NUM_STAGE bound to: 1 - type: integer 
	Parameter din0_WIDTH bound to: 11 - type: integer 
	Parameter din1_WIDTH bound to: 10 - type: integer 
	Parameter dout_WIDTH bound to: 21 - type: integer 
	Parameter ID bound to: 1 - type: integer 
	Parameter NUM_STAGE bound to: 1 - type: integer 
	Parameter din0_WIDTH bound to: 11 - type: integer 
	Parameter din1_WIDTH bound to: 10 - type: integer 
	Parameter dout_WIDTH bound to: 21 - type: integer 
	Parameter ID bound to: 1 - type: integer 
	Parameter NUM_STAGE bound to: 1 - type: integer 
	Parameter din0_WIDTH bound to: 11 - type: integer 
	Parameter din1_WIDTH bound to: 10 - type: integer 
	Parameter dout_WIDTH bound to: 21 - type: integer 
	Parameter ID bound to: 1 - type: integer 
	Parameter NUM_STAGE bound to: 1 - type: integer 
	Parameter din0_WIDTH bound to: 11 - type: integer 
	Parameter din1_WIDTH bound to: 10 - type: integer 
	Parameter dout_WIDTH bound to: 21 - type: integer 
	Parameter ID bound to: 1 - type: integer 
	Parameter NUM_STAGE bound to: 1 - type: integer 
	Parameter din0_WIDTH bound to: 11 - type: integer 
	Parameter din1_WIDTH bound to: 10 - type: integer 
	Parameter dout_WIDTH bound to: 21 - type: integer 
	Parameter ID bound to: 1 - type: integer 
	Parameter NUM_STAGE bound to: 1 - type: integer 
	Parameter din0_WIDTH bound to: 11 - type: integer 
	Parameter din1_WIDTH bound to: 10 - type: integer 
	Parameter dout_WIDTH bound to: 21 - type: integer 
	Parameter ID bound to: 1 - type: integer 
	Parameter NUM_STAGE bound to: 1 - type: integer 
	Parameter din0_WIDTH bound to: 11 - type: integer 
	Parameter din1_WIDTH bound to: 10 - type: integer 
	Parameter dout_WIDTH bound to: 21 - type: integer 
	Parameter ID bound to: 1 - type: integer 
	Parameter NUM_STAGE bound to: 1 - type: integer 
	Parameter din0_WIDTH bound to: 11 - type: integer 
	Parameter din1_WIDTH bound to: 10 - type: integer 
	Parameter dout_WIDTH bound to: 21 - type: integer 
	Parameter ID bound to: 1 - type: integer 
	Parameter NUM_STAGE bound to: 1 - type: integer 
	Parameter din0_WIDTH bound to: 11 - type: integer 
	Parameter din1_WIDTH bound to: 10 - type: integer 
	Parameter dout_WIDTH bound to: 21 - type: integer 
INFO: [Synth 8-256] done synthesizing module 'myproject_dense_resource_ap_fixed_16_6_5_3_0_ap_fixed_16_6_5_3_0_config14_s' (0#1) [/home/dabadjiev/smartpixels_ml_dsabadjiev/Muon_Collider_Smart_Pixels/eric/Results_June2026_99SigEff/model2.5_fin_results/model2_5_10bit_normalised_selected/pareto_primary/hls_outputs_vsynth/hls_model_trial_065/myproject_prj/solution1/syn/vhdl/myproject_dense_resource_ap_fixed_16_6_5_3_0_ap_fixed_16_6_5_3_0_config14_s.vhd:176]
INFO: [Synth 8-638] synthesizing module 'myproject_dense_resource_ap_fixed_16_6_5_3_0_ap_fixed_16_6_5_3_0_config16_s' [/home/dabadjiev/smartpixels_ml_dsabadjiev/Muon_Collider_Smart_Pixels/eric/Results_June2026_99SigEff/model2.5_fin_results/model2_5_10bit_normalised_selected/pareto_primary/hls_outputs_vsynth/hls_model_trial_065/myproject_prj/solution1/syn/vhdl/myproject_dense_resource_ap_fixed_16_6_5_3_0_ap_fixed_16_6_5_3_0_config16_s.vhd:44]
	Parameter DataWidth bound to: 3 - type: integer 
	Parameter AddressRange bound to: 16 - type: integer 
	Parameter AddressWidth bound to: 4 - type: integer 
INFO: [Synth 8-638] synthesizing module 'myproject_dense_resource_ap_fixed_16_6_5_3_0_ap_fixed_16_6_5_3_0_config16_s_outidx_i_RObkb' [/home/dabadjiev/smartpixels_ml_dsabadjiev/Muon_Collider_Smart_Pixels/eric/Results_June2026_99SigEff/model2.5_fin_results/model2_5_10bit_normalised_selected/pareto_primary/hls_outputs_vsynth/hls_model_trial_065/myproject_prj/solution1/syn/vhdl/myproject_dense_resource_ap_fixed_16_6_5_3_0_ap_fixed_16_6_5_3_0_config16_s_outidx_i_RObkb.vhd:28]
	Parameter DataWidth bound to: 3 - type: integer 
	Parameter AddressWidth bound to: 4 - type: integer 
	Parameter AddressRange bound to: 16 - type: integer 
INFO: [Synth 8-256] done synthesizing module 'myproject_dense_resource_ap_fixed_16_6_5_3_0_ap_fixed_16_6_5_3_0_config16_s_outidx_i_RObkb' (0#1) [/home/dabadjiev/smartpixels_ml_dsabadjiev/Muon_Collider_Smart_Pixels/eric/Results_June2026_99SigEff/model2.5_fin_results/model2_5_10bit_normalised_selected/pareto_primary/hls_outputs_vsynth/hls_model_trial_065/myproject_prj/solution1/syn/vhdl/myproject_dense_resource_ap_fixed_16_6_5_3_0_ap_fixed_16_6_5_3_0_config16_s_outidx_i_RObkb.vhd:28]
	Parameter ID bound to: 1 - type: integer 
	Parameter NUM_STAGE bound to: 1 - type: integer 
	Parameter din0_WIDTH bound to: 11 - type: integer 
	Parameter din1_WIDTH bound to: 10 - type: integer 
	Parameter dout_WIDTH bound to: 21 - type: integer 
	Parameter ID bound to: 1 - type: integer 
	Parameter NUM_STAGE bound to: 1 - type: integer 
	Parameter CASE0 bound to: 3'b000 
	Parameter din0_WIDTH bound to: 16 - type: integer 
	Parameter CASE1 bound to: 3'b001 
	Parameter din1_WIDTH bound to: 16 - type: integer 
	Parameter CASE2 bound to: 3'b010 
	Parameter din2_WIDTH bound to: 16 - type: integer 
	Parameter CASE3 bound to: 3'b011 
	Parameter din3_WIDTH bound to: 16 - type: integer 
	Parameter CASE4 bound to: 3'b100 
	Parameter din4_WIDTH bound to: 16 - type: integer 
	Parameter CASE5 bound to: 3'b101 
	Parameter din5_WIDTH bound to: 16 - type: integer 
	Parameter CASE6 bound to: 3'b110 
	Parameter din6_WIDTH bound to: 16 - type: integer 
	Parameter CASE7 bound to: 3'b111 
	Parameter din7_WIDTH bound to: 16 - type: integer 
	Parameter def_WIDTH bound to: 16 - type: integer 
	Parameter sel_WIDTH bound to: 3 - type: integer 
	Parameter dout_WIDTH bound to: 16 - type: integer 
INFO: [Synth 8-638] synthesizing module 'myproject_sparsemux_17_3_16_1_1' [/home/dabadjiev/smartpixels_ml_dsabadjiev/Muon_Collider_Smart_Pixels/eric/Results_June2026_99SigEff/model2.5_fin_results/model2_5_10bit_normalised_selected/pareto_primary/hls_outputs_vsynth/hls_model_trial_065/myproject_prj/solution1/syn/vhdl/myproject_sparsemux_17_3_16_1_1.vhd:79]
	Parameter din0_WIDTH bound to: 16 - type: integer 
	Parameter din1_WIDTH bound to: 16 - type: integer 
	Parameter din2_WIDTH bound to: 16 - type: integer 
	Parameter din3_WIDTH bound to: 16 - type: integer 
	Parameter din4_WIDTH bound to: 16 - type: integer 
	Parameter din5_WIDTH bound to: 16 - type: integer 
	Parameter din6_WIDTH bound to: 16 - type: integer 
	Parameter din7_WIDTH bound to: 16 - type: integer 
	Parameter def_WIDTH bound to: 16 - type: integer 
	Parameter sel_WIDTH bound to: 3 - type: integer 
	Parameter dout_WIDTH bound to: 16 - type: integer 
	Parameter CASE0 bound to: 3'b000 
	Parameter CASE1 bound to: 3'b001 
	Parameter CASE2 bound to: 3'b010 
	Parameter CASE3 bound to: 3'b011 
	Parameter CASE4 bound to: 3'b100 
	Parameter CASE5 bound to: 3'b101 
	Parameter CASE6 bound to: 3'b110 
	Parameter CASE7 bound to: 3'b111 
	Parameter ID bound to: 1 - type: integer 
	Parameter NUM_STAGE bound to: 1 - type: integer 
INFO: [Synth 8-226] default block is never used [/home/dabadjiev/smartpixels_ml_dsabadjiev/Muon_Collider_Smart_Pixels/eric/Results_June2026_99SigEff/model2.5_fin_results/model2_5_10bit_normalised_selected/pareto_primary/hls_outputs_vsynth/hls_model_trial_065/myproject_prj/solution1/syn/vhdl/myproject_sparsemux_17_3_16_1_1.vhd:87]
INFO: [Synth 8-256] done synthesizing module 'myproject_sparsemux_17_3_16_1_1' (0#1) [/home/dabadjiev/smartpixels_ml_dsabadjiev/Muon_Collider_Smart_Pixels/eric/Results_June2026_99SigEff/model2.5_fin_results/model2_5_10bit_normalised_selected/pareto_primary/hls_outputs_vsynth/hls_model_trial_065/myproject_prj/solution1/syn/vhdl/myproject_sparsemux_17_3_16_1_1.vhd:79]
INFO: [Synth 8-256] done synthesizing module 'myproject_dense_resource_ap_fixed_16_6_5_3_0_ap_fixed_16_6_5_3_0_config16_s' (0#1) [/home/dabadjiev/smartpixels_ml_dsabadjiev/Muon_Collider_Smart_Pixels/eric/Results_June2026_99SigEff/model2.5_fin_results/model2_5_10bit_normalised_selected/pareto_primary/hls_outputs_vsynth/hls_model_trial_065/myproject_prj/solution1/syn/vhdl/myproject_dense_resource_ap_fixed_16_6_5_3_0_ap_fixed_16_6_5_3_0_config16_s.vhd:44]
INFO: [Synth 8-638] synthesizing module 'myproject_relu_ap_fixed_16_6_5_3_0_ap_ufixed_8_0_4_0_0_relu_config18_s' [/home/dabadjiev/smartpixels_ml_dsabadjiev/Muon_Collider_Smart_Pixels/eric/Results_June2026_99SigEff/model2.5_fin_results/model2_5_10bit_normalised_selected/pareto_primary/hls_outputs_vsynth/hls_model_trial_065/myproject_prj/solution1/syn/vhdl/myproject_relu_ap_fixed_16_6_5_3_0_ap_ufixed_8_0_4_0_0_relu_config18_s.vhd:136]
INFO: [Synth 8-256] done synthesizing module 'myproject_relu_ap_fixed_16_6_5_3_0_ap_ufixed_8_0_4_0_0_relu_config18_s' (0#1) [/home/dabadjiev/smartpixels_ml_dsabadjiev/Muon_Collider_Smart_Pixels/eric/Results_June2026_99SigEff/model2.5_fin_results/model2_5_10bit_normalised_selected/pareto_primary/hls_outputs_vsynth/hls_model_trial_065/myproject_prj/solution1/syn/vhdl/myproject_relu_ap_fixed_16_6_5_3_0_ap_ufixed_8_0_4_0_0_relu_config18_s.vhd:136]
INFO: [Synth 8-638] synthesizing module 'myproject_relu_ap_fixed_16_6_5_3_0_ap_ufixed_8_0_4_0_0_relu_config19_s' [/home/dabadjiev/smartpixels_ml_dsabadjiev/Muon_Collider_Smart_Pixels/eric/Results_June2026_99SigEff/model2.5_fin_results/model2_5_10bit_normalised_selected/pareto_primary/hls_outputs_vsynth/hls_model_trial_065/myproject_prj/solution1/syn/vhdl/myproject_relu_ap_fixed_16_6_5_3_0_ap_ufixed_8_0_4_0_0_relu_config19_s.vhd:40]
INFO: [Synth 8-256] done synthesizing module 'myproject_relu_ap_fixed_16_6_5_3_0_ap_ufixed_8_0_4_0_0_relu_config19_s' (0#1) [/home/dabadjiev/smartpixels_ml_dsabadjiev/Muon_Collider_Smart_Pixels/eric/Results_June2026_99SigEff/model2.5_fin_results/model2_5_10bit_normalised_selected/pareto_primary/hls_outputs_vsynth/hls_model_trial_065/myproject_prj/solution1/syn/vhdl/myproject_relu_ap_fixed_16_6_5_3_0_ap_ufixed_8_0_4_0_0_relu_config19_s.vhd:40]
INFO: [Synth 8-638] synthesizing module 'myproject_concatenate1d_ap_ufixed_ap_ufixed_ap_fixed_16_6_5_3_0_config20_s' [/home/dabadjiev/smartpixels_ml_dsabadjiev/Muon_Collider_Smart_Pixels/eric/Results_June2026_99SigEff/model2.5_fin_results/model2_5_10bit_normalised_selected/pareto_primary/hls_outputs_vsynth/hls_model_trial_065/myproject_prj/solution1/syn/vhdl/myproject_concatenate1d_ap_ufixed_ap_ufixed_ap_fixed_16_6_5_3_0_config20_s.vhd:152]
INFO: [Synth 8-256] done synthesizing module 'myproject_concatenate1d_ap_ufixed_ap_ufixed_ap_fixed_16_6_5_3_0_config20_s' (0#1) [/home/dabadjiev/smartpixels_ml_dsabadjiev/Muon_Collider_Smart_Pixels/eric/Results_June2026_99SigEff/model2.5_fin_results/model2_5_10bit_normalised_selected/pareto_primary/hls_outputs_vsynth/hls_model_trial_065/myproject_prj/solution1/syn/vhdl/myproject_concatenate1d_ap_ufixed_ap_ufixed_ap_fixed_16_6_5_3_0_config20_s.vhd:152]
INFO: [Synth 8-638] synthesizing module 'myproject_dense_resource_ap_fixed_16_6_5_3_0_ap_fixed_16_6_5_3_0_config21_s' [/home/dabadjiev/smartpixels_ml_dsabadjiev/Muon_Collider_Smart_Pixels/eric/Results_June2026_99SigEff/model2.5_fin_results/model2_5_10bit_normalised_selected/pareto_primary/hls_outputs_vsynth/hls_model_trial_065/myproject_prj/solution1/syn/vhdl/myproject_dense_resource_ap_fixed_16_6_5_3_0_ap_fixed_16_6_5_3_0_config21_s.vhd:165]
	Parameter ID bound to: 1 - type: integer 
	Parameter NUM_STAGE bound to: 1 - type: integer 
	Parameter CASE0 bound to: 4'b0000 
	Parameter din0_WIDTH bound to: 10 - type: integer 
	Parameter CASE1 bound to: 4'b0001 
	Parameter din1_WIDTH bound to: 10 - type: integer 
	Parameter CASE2 bound to: 4'b0010 
	Parameter din2_WIDTH bound to: 10 - type: integer 
	Parameter CASE3 bound to: 4'b0011 
	Parameter din3_WIDTH bound to: 10 - type: integer 
	Parameter CASE4 bound to: 4'b0100 
	Parameter din4_WIDTH bound to: 10 - type: integer 
	Parameter CASE5 bound to: 4'b0101 
	Parameter din5_WIDTH bound to: 10 - type: integer 
	Parameter CASE6 bound to: 4'b0110 
	Parameter din6_WIDTH bound to: 10 - type: integer 
	Parameter CASE7 bound to: 4'b0111 
	Parameter din7_WIDTH bound to: 10 - type: integer 
	Parameter CASE8 bound to: 4'b1000 
	Parameter din8_WIDTH bound to: 10 - type: integer 
	Parameter CASE9 bound to: 4'b1001 
	Parameter din9_WIDTH bound to: 10 - type: integer 
	Parameter CASE10 bound to: 4'b1010 
	Parameter din10_WIDTH bound to: 10 - type: integer 
	Parameter CASE11 bound to: 4'b1011 
	Parameter din11_WIDTH bound to: 10 - type: integer 
	Parameter CASE12 bound to: 4'b1100 
	Parameter din12_WIDTH bound to: 10 - type: integer 
	Parameter CASE13 bound to: 4'b1101 
	Parameter din13_WIDTH bound to: 10 - type: integer 
	Parameter CASE14 bound to: 4'b1110 
	Parameter din14_WIDTH bound to: 10 - type: integer 
	Parameter CASE15 bound to: 4'b1111 
	Parameter din15_WIDTH bound to: 10 - type: integer 
	Parameter def_WIDTH bound to: 10 - type: integer 
	Parameter sel_WIDTH bound to: 4 - type: integer 
	Parameter dout_WIDTH bound to: 10 - type: integer 
INFO: [Synth 8-638] synthesizing module 'myproject_sparsemux_33_4_10_1_1' [/home/dabadjiev/smartpixels_ml_dsabadjiev/Muon_Collider_Smart_Pixels/eric/Results_June2026_99SigEff/model2.5_fin_results/model2_5_10bit_normalised_selected/pareto_primary/hls_outputs_vsynth/hls_model_trial_065/myproject_prj/solution1/syn/vhdl/myproject_sparsemux_33_4_10_1_1.vhd:127]
	Parameter din0_WIDTH bound to: 10 - type: integer 
	Parameter din1_WIDTH bound to: 10 - type: integer 
	Parameter din2_WIDTH bound to: 10 - type: integer 
	Parameter din3_WIDTH bound to: 10 - type: integer 
	Parameter din4_WIDTH bound to: 10 - type: integer 
	Parameter din5_WIDTH bound to: 10 - type: integer 
	Parameter din6_WIDTH bound to: 10 - type: integer 
	Parameter din7_WIDTH bound to: 10 - type: integer 
	Parameter din8_WIDTH bound to: 10 - type: integer 
	Parameter din9_WIDTH bound to: 10 - type: integer 
	Parameter din10_WIDTH bound to: 10 - type: integer 
	Parameter din11_WIDTH bound to: 10 - type: integer 
	Parameter din12_WIDTH bound to: 10 - type: integer 
	Parameter din13_WIDTH bound to: 10 - type: integer 
	Parameter din14_WIDTH bound to: 10 - type: integer 
	Parameter din15_WIDTH bound to: 10 - type: integer 
	Parameter def_WIDTH bound to: 10 - type: integer 
	Parameter sel_WIDTH bound to: 4 - type: integer 
	Parameter dout_WIDTH bound to: 10 - type: integer 
	Parameter CASE0 bound to: 4'b0000 
	Parameter CASE1 bound to: 4'b0001 
	Parameter CASE2 bound to: 4'b0010 
	Parameter CASE3 bound to: 4'b0011 
	Parameter CASE4 bound to: 4'b0100 
	Parameter CASE5 bound to: 4'b0101 
	Parameter CASE6 bound to: 4'b0110 
	Parameter CASE7 bound to: 4'b0111 
	Parameter CASE8 bound to: 4'b1000 
	Parameter CASE9 bound to: 4'b1001 
	Parameter CASE10 bound to: 4'b1010 
	Parameter CASE11 bound to: 4'b1011 
	Parameter CASE12 bound to: 4'b1100 
	Parameter CASE13 bound to: 4'b1101 
	Parameter CASE14 bound to: 4'b1110 
	Parameter CASE15 bound to: 4'b1111 
	Parameter ID bound to: 1 - type: integer 
	Parameter NUM_STAGE bound to: 1 - type: integer 
INFO: [Synth 8-226] default block is never used [/home/dabadjiev/smartpixels_ml_dsabadjiev/Muon_Collider_Smart_Pixels/eric/Results_June2026_99SigEff/model2.5_fin_results/model2_5_10bit_normalised_selected/pareto_primary/hls_outputs_vsynth/hls_model_trial_065/myproject_prj/solution1/syn/vhdl/myproject_sparsemux_33_4_10_1_1.vhd:135]
INFO: [Synth 8-256] done synthesizing module 'myproject_sparsemux_33_4_10_1_1' (0#1) [/home/dabadjiev/smartpixels_ml_dsabadjiev/Muon_Collider_Smart_Pixels/eric/Results_June2026_99SigEff/model2.5_fin_results/model2_5_10bit_normalised_selected/pareto_primary/hls_outputs_vsynth/hls_model_trial_065/myproject_prj/solution1/syn/vhdl/myproject_sparsemux_33_4_10_1_1.vhd:127]
	Parameter ID bound to: 1 - type: integer 
	Parameter NUM_STAGE bound to: 1 - type: integer 
	Parameter din0_WIDTH bound to: 10 - type: integer 
	Parameter din1_WIDTH bound to: 10 - type: integer 
	Parameter dout_WIDTH bound to: 20 - type: integer 
INFO: [Synth 8-638] synthesizing module 'myproject_mul_10s_10ns_20_1_1' [/home/dabadjiev/smartpixels_ml_dsabadjiev/Muon_Collider_Smart_Pixels/eric/Results_June2026_99SigEff/model2.5_fin_results/model2_5_10bit_normalised_selected/pareto_primary/hls_outputs_vsynth/hls_model_trial_065/myproject_prj/solution1/syn/vhdl/myproject_mul_10s_10ns_20_1_1.vhd:26]
	Parameter ID bound to: 1 - type: integer 
	Parameter NUM_STAGE bound to: 1 - type: integer 
	Parameter din0_WIDTH bound to: 10 - type: integer 
	Parameter din1_WIDTH bound to: 10 - type: integer 
	Parameter dout_WIDTH bound to: 20 - type: integer 
INFO: [Synth 8-256] done synthesizing module 'myproject_mul_10s_10ns_20_1_1' (0#1) [/home/dabadjiev/smartpixels_ml_dsabadjiev/Muon_Collider_Smart_Pixels/eric/Results_June2026_99SigEff/model2.5_fin_results/model2_5_10bit_normalised_selected/pareto_primary/hls_outputs_vsynth/hls_model_trial_065/myproject_prj/solution1/syn/vhdl/myproject_mul_10s_10ns_20_1_1.vhd:26]
	Parameter ID bound to: 1 - type: integer 
	Parameter NUM_STAGE bound to: 1 - type: integer 
	Parameter CASE0 bound to: 4'b0000 
	Parameter din0_WIDTH bound to: 10 - type: integer 
	Parameter CASE1 bound to: 4'b0001 
	Parameter din1_WIDTH bound to: 10 - type: integer 
	Parameter CASE2 bound to: 4'b0010 
	Parameter din2_WIDTH bound to: 10 - type: integer 
	Parameter CASE3 bound to: 4'b0011 
	Parameter din3_WIDTH bound to: 10 - type: integer 
	Parameter CASE4 bound to: 4'b0100 
	Parameter din4_WIDTH bound to: 10 - type: integer 
	Parameter CASE5 bound to: 4'b0101 
	Parameter din5_WIDTH bound to: 10 - type: integer 
	Parameter CASE6 bound to: 4'b0110 
	Parameter din6_WIDTH bound to: 10 - type: integer 
	Parameter CASE7 bound to: 4'b0111 
	Parameter din7_WIDTH bound to: 10 - type: integer 
	Parameter CASE8 bound to: 4'b1000 
	Parameter din8_WIDTH bound to: 10 - type: integer 
	Parameter CASE9 bound to: 4'b1001 
	Parameter din9_WIDTH bound to: 10 - type: integer 
	Parameter CASE10 bound to: 4'b1010 
	Parameter din10_WIDTH bound to: 10 - type: integer 
	Parameter CASE11 bound to: 4'b1011 
	Parameter din11_WIDTH bound to: 10 - type: integer 
	Parameter CASE12 bound to: 4'b1100 
	Parameter din12_WIDTH bound to: 10 - type: integer 
	Parameter CASE13 bound to: 4'b1101 
	Parameter din13_WIDTH bound to: 10 - type: integer 
	Parameter CASE14 bound to: 4'b1110 
	Parameter din14_WIDTH bound to: 10 - type: integer 
	Parameter CASE15 bound to: 4'b1111 
	Parameter din15_WIDTH bound to: 10 - type: integer 
	Parameter def_WIDTH bound to: 10 - type: integer 
	Parameter sel_WIDTH bound to: 4 - type: integer 
	Parameter dout_WIDTH bound to: 10 - type: integer 
	Parameter ID bound to: 1 - type: integer 
	Parameter NUM_STAGE bound to: 1 - type: integer 
	Parameter din0_WIDTH bound to: 10 - type: integer 
	Parameter din1_WIDTH bound to: 10 - type: integer 
	Parameter dout_WIDTH bound to: 20 - type: integer 
	Parameter ID bound to: 1 - type: integer 
	Parameter NUM_STAGE bound to: 1 - type: integer 
	Parameter CASE0 bound to: 4'b0000 
	Parameter din0_WIDTH bound to: 10 - type: integer 
	Parameter CASE1 bound to: 4'b0001 
	Parameter din1_WIDTH bound to: 10 - type: integer 
	Parameter CASE2 bound to: 4'b0010 
	Parameter din2_WIDTH bound to: 10 - type: integer 
	Parameter CASE3 bound to: 4'b0011 
	Parameter din3_WIDTH bound to: 10 - type: integer 
	Parameter CASE4 bound to: 4'b0100 
	Parameter din4_WIDTH bound to: 10 - type: integer 
	Parameter CASE5 bound to: 4'b0101 
	Parameter din5_WIDTH bound to: 10 - type: integer 
	Parameter CASE6 bound to: 4'b0110 
	Parameter din6_WIDTH bound to: 10 - type: integer 
	Parameter CASE7 bound to: 4'b0111 
	Parameter din7_WIDTH bound to: 10 - type: integer 
	Parameter CASE8 bound to: 4'b1000 
	Parameter din8_WIDTH bound to: 10 - type: integer 
	Parameter CASE9 bound to: 4'b1001 
	Parameter din9_WIDTH bound to: 10 - type: integer 
	Parameter CASE10 bound to: 4'b1010 
	Parameter din10_WIDTH bound to: 10 - type: integer 
	Parameter CASE11 bound to: 4'b1011 
	Parameter din11_WIDTH bound to: 10 - type: integer 
	Parameter CASE12 bound to: 4'b1100 
	Parameter din12_WIDTH bound to: 10 - type: integer 
	Parameter CASE13 bound to: 4'b1101 
	Parameter din13_WIDTH bound to: 10 - type: integer 
	Parameter CASE14 bound to: 4'b1110 
	Parameter din14_WIDTH bound to: 10 - type: integer 
	Parameter CASE15 bound to: 4'b1111 
	Parameter din15_WIDTH bound to: 10 - type: integer 
	Parameter def_WIDTH bound to: 10 - type: integer 
	Parameter sel_WIDTH bound to: 4 - type: integer 
	Parameter dout_WIDTH bound to: 10 - type: integer 
	Parameter ID bound to: 1 - type: integer 
	Parameter NUM_STAGE bound to: 1 - type: integer 
	Parameter din0_WIDTH bound to: 10 - type: integer 
	Parameter din1_WIDTH bound to: 10 - type: integer 
	Parameter dout_WIDTH bound to: 20 - type: integer 
	Parameter ID bound to: 1 - type: integer 
	Parameter NUM_STAGE bound to: 1 - type: integer 
	Parameter CASE0 bound to: 4'b0000 
	Parameter din0_WIDTH bound to: 10 - type: integer 
	Parameter CASE1 bound to: 4'b0001 
	Parameter din1_WIDTH bound to: 10 - type: integer 
	Parameter CASE2 bound to: 4'b0010 
	Parameter din2_WIDTH bound to: 10 - type: integer 
	Parameter CASE3 bound to: 4'b0011 
	Parameter din3_WIDTH bound to: 10 - type: integer 
	Parameter CASE4 bound to: 4'b0100 
	Parameter din4_WIDTH bound to: 10 - type: integer 
	Parameter CASE5 bound to: 4'b0101 
	Parameter din5_WIDTH bound to: 10 - type: integer 
	Parameter CASE6 bound to: 4'b0110 
	Parameter din6_WIDTH bound to: 10 - type: integer 
	Parameter CASE7 bound to: 4'b0111 
	Parameter din7_WIDTH bound to: 10 - type: integer 
	Parameter CASE8 bound to: 4'b1000 
	Parameter din8_WIDTH bound to: 10 - type: integer 
	Parameter CASE9 bound to: 4'b1001 
	Parameter din9_WIDTH bound to: 10 - type: integer 
	Parameter CASE10 bound to: 4'b1010 
	Parameter din10_WIDTH bound to: 10 - type: integer 
	Parameter CASE11 bound to: 4'b1011 
	Parameter din11_WIDTH bound to: 10 - type: integer 
	Parameter CASE12 bound to: 4'b1100 
	Parameter din12_WIDTH bound to: 10 - type: integer 
	Parameter CASE13 bound to: 4'b1101 
	Parameter din13_WIDTH bound to: 10 - type: integer 
	Parameter CASE14 bound to: 4'b1110 
	Parameter din14_WIDTH bound to: 10 - type: integer 
	Parameter CASE15 bound to: 4'b1111 
	Parameter din15_WIDTH bound to: 10 - type: integer 
	Parameter def_WIDTH bound to: 10 - type: integer 
	Parameter sel_WIDTH bound to: 4 - type: integer 
	Parameter dout_WIDTH bound to: 10 - type: integer 
	Parameter ID bound to: 1 - type: integer 
	Parameter NUM_STAGE bound to: 1 - type: integer 
	Parameter din0_WIDTH bound to: 10 - type: integer 
	Parameter din1_WIDTH bound to: 10 - type: integer 
	Parameter dout_WIDTH bound to: 20 - type: integer 
	Parameter ID bound to: 1 - type: integer 
	Parameter NUM_STAGE bound to: 1 - type: integer 
	Parameter din0_WIDTH bound to: 10 - type: integer 
	Parameter din1_WIDTH bound to: 10 - type: integer 
	Parameter dout_WIDTH bound to: 20 - type: integer 
	Parameter ID bound to: 1 - type: integer 
	Parameter NUM_STAGE bound to: 1 - type: integer 
	Parameter din0_WIDTH bound to: 10 - type: integer 
	Parameter din1_WIDTH bound to: 10 - type: integer 
	Parameter dout_WIDTH bound to: 20 - type: integer 
	Parameter ID bound to: 1 - type: integer 
	Parameter NUM_STAGE bound to: 1 - type: integer 
	Parameter din0_WIDTH bound to: 10 - type: integer 
	Parameter din1_WIDTH bound to: 10 - type: integer 
	Parameter dout_WIDTH bound to: 20 - type: integer 
	Parameter ID bound to: 1 - type: integer 
	Parameter NUM_STAGE bound to: 1 - type: integer 
	Parameter din0_WIDTH bound to: 10 - type: integer 
	Parameter din1_WIDTH bound to: 10 - type: integer 
	Parameter dout_WIDTH bound to: 20 - type: integer 
	Parameter ID bound to: 1 - type: integer 
	Parameter NUM_STAGE bound to: 1 - type: integer 
	Parameter din0_WIDTH bound to: 10 - type: integer 
	Parameter din1_WIDTH bound to: 10 - type: integer 
	Parameter dout_WIDTH bound to: 20 - type: integer 
	Parameter ID bound to: 1 - type: integer 
	Parameter NUM_STAGE bound to: 1 - type: integer 
	Parameter din0_WIDTH bound to: 10 - type: integer 
	Parameter din1_WIDTH bound to: 10 - type: integer 
	Parameter dout_WIDTH bound to: 20 - type: integer 
	Parameter ID bound to: 1 - type: integer 
	Parameter NUM_STAGE bound to: 1 - type: integer 
	Parameter din0_WIDTH bound to: 10 - type: integer 
	Parameter din1_WIDTH bound to: 10 - type: integer 
	Parameter dout_WIDTH bound to: 20 - type: integer 
	Parameter ID bound to: 1 - type: integer 
	Parameter NUM_STAGE bound to: 1 - type: integer 
	Parameter din0_WIDTH bound to: 10 - type: integer 
	Parameter din1_WIDTH bound to: 10 - type: integer 
	Parameter dout_WIDTH bound to: 20 - type: integer 
	Parameter ID bound to: 1 - type: integer 
	Parameter NUM_STAGE bound to: 1 - type: integer 
	Parameter din0_WIDTH bound to: 10 - type: integer 
	Parameter din1_WIDTH bound to: 10 - type: integer 
	Parameter dout_WIDTH bound to: 20 - type: integer 
	Parameter ID bound to: 1 - type: integer 
	Parameter NUM_STAGE bound to: 1 - type: integer 
	Parameter din0_WIDTH bound to: 10 - type: integer 
	Parameter din1_WIDTH bound to: 10 - type: integer 
	Parameter dout_WIDTH bound to: 20 - type: integer 
	Parameter ID bound to: 1 - type: integer 
	Parameter NUM_STAGE bound to: 1 - type: integer 
	Parameter din0_WIDTH bound to: 10 - type: integer 
	Parameter din1_WIDTH bound to: 10 - type: integer 
	Parameter dout_WIDTH bound to: 20 - type: integer 
	Parameter ID bound to: 1 - type: integer 
	Parameter NUM_STAGE bound to: 1 - type: integer 
	Parameter din0_WIDTH bound to: 10 - type: integer 
	Parameter din1_WIDTH bound to: 10 - type: integer 
	Parameter dout_WIDTH bound to: 20 - type: integer 
	Parameter ID bound to: 1 - type: integer 
	Parameter NUM_STAGE bound to: 1 - type: integer 
	Parameter din0_WIDTH bound to: 10 - type: integer 
	Parameter din1_WIDTH bound to: 10 - type: integer 
	Parameter dout_WIDTH bound to: 20 - type: integer 
	Parameter ID bound to: 1 - type: integer 
	Parameter NUM_STAGE bound to: 1 - type: integer 
	Parameter din0_WIDTH bound to: 10 - type: integer 
	Parameter din1_WIDTH bound to: 10 - type: integer 
	Parameter dout_WIDTH bound to: 20 - type: integer 
	Parameter ID bound to: 1 - type: integer 
	Parameter NUM_STAGE bound to: 1 - type: integer 
	Parameter din0_WIDTH bound to: 10 - type: integer 
	Parameter din1_WIDTH bound to: 10 - type: integer 
	Parameter dout_WIDTH bound to: 20 - type: integer 
	Parameter ID bound to: 1 - type: integer 
	Parameter NUM_STAGE bound to: 1 - type: integer 
	Parameter din0_WIDTH bound to: 10 - type: integer 
	Parameter din1_WIDTH bound to: 10 - type: integer 
	Parameter dout_WIDTH bound to: 20 - type: integer 
	Parameter ID bound to: 1 - type: integer 
	Parameter NUM_STAGE bound to: 1 - type: integer 
	Parameter din0_WIDTH bound to: 10 - type: integer 
	Parameter din1_WIDTH bound to: 10 - type: integer 
	Parameter dout_WIDTH bound to: 20 - type: integer 
	Parameter ID bound to: 1 - type: integer 
	Parameter NUM_STAGE bound to: 1 - type: integer 
	Parameter din0_WIDTH bound to: 10 - type: integer 
	Parameter din1_WIDTH bound to: 10 - type: integer 
	Parameter dout_WIDTH bound to: 20 - type: integer 
	Parameter ID bound to: 1 - type: integer 
	Parameter NUM_STAGE bound to: 1 - type: integer 
	Parameter din0_WIDTH bound to: 10 - type: integer 
	Parameter din1_WIDTH bound to: 10 - type: integer 
	Parameter dout_WIDTH bound to: 20 - type: integer 
	Parameter ID bound to: 1 - type: integer 
	Parameter NUM_STAGE bound to: 1 - type: integer 
	Parameter din0_WIDTH bound to: 10 - type: integer 
	Parameter din1_WIDTH bound to: 10 - type: integer 
	Parameter dout_WIDTH bound to: 20 - type: integer 
	Parameter ID bound to: 1 - type: integer 
	Parameter NUM_STAGE bound to: 1 - type: integer 
	Parameter din0_WIDTH bound to: 10 - type: integer 
	Parameter din1_WIDTH bound to: 10 - type: integer 
	Parameter dout_WIDTH bound to: 20 - type: integer 
	Parameter ID bound to: 1 - type: integer 
	Parameter NUM_STAGE bound to: 1 - type: integer 
	Parameter din0_WIDTH bound to: 10 - type: integer 
	Parameter din1_WIDTH bound to: 10 - type: integer 
	Parameter dout_WIDTH bound to: 20 - type: integer 
	Parameter ID bound to: 1 - type: integer 
	Parameter NUM_STAGE bound to: 1 - type: integer 
	Parameter din0_WIDTH bound to: 10 - type: integer 
	Parameter din1_WIDTH bound to: 10 - type: integer 
	Parameter dout_WIDTH bound to: 20 - type: integer 
	Parameter ID bound to: 1 - type: integer 
	Parameter NUM_STAGE bound to: 1 - type: integer 
	Parameter din0_WIDTH bound to: 10 - type: integer 
	Parameter din1_WIDTH bound to: 10 - type: integer 
	Parameter dout_WIDTH bound to: 20 - type: integer 
	Parameter ID bound to: 1 - type: integer 
	Parameter NUM_STAGE bound to: 1 - type: integer 
	Parameter din0_WIDTH bound to: 10 - type: integer 
	Parameter din1_WIDTH bound to: 10 - type: integer 
	Parameter dout_WIDTH bound to: 20 - type: integer 
	Parameter ID bound to: 1 - type: integer 
	Parameter NUM_STAGE bound to: 1 - type: integer 
	Parameter din0_WIDTH bound to: 10 - type: integer 
	Parameter din1_WIDTH bound to: 10 - type: integer 
	Parameter dout_WIDTH bound to: 20 - type: integer 
	Parameter ID bound to: 1 - type: integer 
	Parameter NUM_STAGE bound to: 1 - type: integer 
	Parameter din0_WIDTH bound to: 10 - type: integer 
	Parameter din1_WIDTH bound to: 10 - type: integer 
	Parameter dout_WIDTH bound to: 20 - type: integer 
	Parameter ID bound to: 1 - type: integer 
	Parameter NUM_STAGE bound to: 1 - type: integer 
	Parameter din0_WIDTH bound to: 10 - type: integer 
	Parameter din1_WIDTH bound to: 10 - type: integer 
	Parameter dout_WIDTH bound to: 20 - type: integer 
	Parameter ID bound to: 1 - type: integer 
	Parameter NUM_STAGE bound to: 1 - type: integer 
	Parameter din0_WIDTH bound to: 10 - type: integer 
	Parameter din1_WIDTH bound to: 10 - type: integer 
	Parameter dout_WIDTH bound to: 20 - type: integer 
	Parameter ID bound to: 1 - type: integer 
	Parameter NUM_STAGE bound to: 1 - type: integer 
	Parameter din0_WIDTH bound to: 10 - type: integer 
	Parameter din1_WIDTH bound to: 10 - type: integer 
	Parameter dout_WIDTH bound to: 20 - type: integer 
	Parameter ID bound to: 1 - type: integer 
	Parameter NUM_STAGE bound to: 1 - type: integer 
	Parameter din0_WIDTH bound to: 10 - type: integer 
	Parameter din1_WIDTH bound to: 10 - type: integer 
	Parameter dout_WIDTH bound to: 20 - type: integer 
	Parameter ID bound to: 1 - type: integer 
	Parameter NUM_STAGE bound to: 1 - type: integer 
	Parameter din0_WIDTH bound to: 10 - type: integer 
	Parameter din1_WIDTH bound to: 10 - type: integer 
	Parameter dout_WIDTH bound to: 20 - type: integer 
	Parameter ID bound to: 1 - type: integer 
	Parameter NUM_STAGE bound to: 1 - type: integer 
	Parameter din0_WIDTH bound to: 10 - type: integer 
	Parameter din1_WIDTH bound to: 10 - type: integer 
	Parameter dout_WIDTH bound to: 20 - type: integer 
	Parameter ID bound to: 1 - type: integer 
	Parameter NUM_STAGE bound to: 1 - type: integer 
	Parameter din0_WIDTH bound to: 10 - type: integer 
	Parameter din1_WIDTH bound to: 10 - type: integer 
	Parameter dout_WIDTH bound to: 20 - type: integer 
	Parameter ID bound to: 1 - type: integer 
	Parameter NUM_STAGE bound to: 1 - type: integer 
	Parameter din0_WIDTH bound to: 10 - type: integer 
	Parameter din1_WIDTH bound to: 10 - type: integer 
	Parameter dout_WIDTH bound to: 20 - type: integer 
	Parameter ID bound to: 1 - type: integer 
	Parameter NUM_STAGE bound to: 1 - type: integer 
	Parameter din0_WIDTH bound to: 10 - type: integer 
	Parameter din1_WIDTH bound to: 10 - type: integer 
	Parameter dout_WIDTH bound to: 20 - type: integer 
	Parameter ID bound to: 1 - type: integer 
	Parameter NUM_STAGE bound to: 1 - type: integer 
	Parameter din0_WIDTH bound to: 10 - type: integer 
	Parameter din1_WIDTH bound to: 10 - type: integer 
	Parameter dout_WIDTH bound to: 20 - type: integer 
	Parameter ID bound to: 1 - type: integer 
	Parameter NUM_STAGE bound to: 1 - type: integer 
	Parameter din0_WIDTH bound to: 10 - type: integer 
	Parameter din1_WIDTH bound to: 10 - type: integer 
	Parameter dout_WIDTH bound to: 20 - type: integer 
	Parameter ID bound to: 1 - type: integer 
	Parameter NUM_STAGE bound to: 1 - type: integer 
	Parameter din0_WIDTH bound to: 10 - type: integer 
	Parameter din1_WIDTH bound to: 10 - type: integer 
	Parameter dout_WIDTH bound to: 20 - type: integer 
	Parameter ID bound to: 1 - type: integer 
	Parameter NUM_STAGE bound to: 1 - type: integer 
	Parameter din0_WIDTH bound to: 10 - type: integer 
	Parameter din1_WIDTH bound to: 10 - type: integer 
	Parameter dout_WIDTH bound to: 20 - type: integer 
	Parameter ID bound to: 1 - type: integer 
	Parameter NUM_STAGE bound to: 1 - type: integer 
	Parameter din0_WIDTH bound to: 10 - type: integer 
	Parameter din1_WIDTH bound to: 10 - type: integer 
	Parameter dout_WIDTH bound to: 20 - type: integer 
	Parameter ID bound to: 1 - type: integer 
	Parameter NUM_STAGE bound to: 1 - type: integer 
	Parameter din0_WIDTH bound to: 10 - type: integer 
	Parameter din1_WIDTH bound to: 10 - type: integer 
	Parameter dout_WIDTH bound to: 20 - type: integer 
	Parameter ID bound to: 1 - type: integer 
	Parameter NUM_STAGE bound to: 1 - type: integer 
	Parameter din0_WIDTH bound to: 10 - type: integer 
	Parameter din1_WIDTH bound to: 10 - type: integer 
	Parameter dout_WIDTH bound to: 20 - type: integer 
	Parameter ID bound to: 1 - type: integer 
	Parameter NUM_STAGE bound to: 1 - type: integer 
	Parameter din0_WIDTH bound to: 10 - type: integer 
	Parameter din1_WIDTH bound to: 10 - type: integer 
	Parameter dout_WIDTH bound to: 20 - type: integer 
	Parameter ID bound to: 1 - type: integer 
	Parameter NUM_STAGE bound to: 1 - type: integer 
	Parameter din0_WIDTH bound to: 10 - type: integer 
	Parameter din1_WIDTH bound to: 10 - type: integer 
	Parameter dout_WIDTH bound to: 20 - type: integer 
	Parameter ID bound to: 1 - type: integer 
	Parameter NUM_STAGE bound to: 1 - type: integer 
	Parameter din0_WIDTH bound to: 10 - type: integer 
	Parameter din1_WIDTH bound to: 10 - type: integer 
	Parameter dout_WIDTH bound to: 20 - type: integer 
	Parameter ID bound to: 1 - type: integer 
	Parameter NUM_STAGE bound to: 1 - type: integer 
	Parameter din0_WIDTH bound to: 10 - type: integer 
	Parameter din1_WIDTH bound to: 10 - type: integer 
	Parameter dout_WIDTH bound to: 20 - type: integer 
	Parameter ID bound to: 1 - type: integer 
	Parameter NUM_STAGE bound to: 1 - type: integer 
	Parameter din0_WIDTH bound to: 10 - type: integer 
	Parameter din1_WIDTH bound to: 10 - type: integer 
	Parameter dout_WIDTH bound to: 20 - type: integer 
	Parameter ID bound to: 1 - type: integer 
	Parameter NUM_STAGE bound to: 1 - type: integer 
	Parameter din0_WIDTH bound to: 10 - type: integer 
	Parameter din1_WIDTH bound to: 10 - type: integer 
	Parameter dout_WIDTH bound to: 20 - type: integer 
	Parameter ID bound to: 1 - type: integer 
	Parameter NUM_STAGE bound to: 1 - type: integer 
	Parameter din0_WIDTH bound to: 10 - type: integer 
	Parameter din1_WIDTH bound to: 10 - type: integer 
	Parameter dout_WIDTH bound to: 20 - type: integer 
	Parameter ID bound to: 1 - type: integer 
	Parameter NUM_STAGE bound to: 1 - type: integer 
	Parameter din0_WIDTH bound to: 10 - type: integer 
	Parameter din1_WIDTH bound to: 10 - type: integer 
	Parameter dout_WIDTH bound to: 20 - type: integer 
	Parameter ID bound to: 1 - type: integer 
	Parameter NUM_STAGE bound to: 1 - type: integer 
	Parameter din0_WIDTH bound to: 10 - type: integer 
	Parameter din1_WIDTH bound to: 10 - type: integer 
	Parameter dout_WIDTH bound to: 20 - type: integer 
	Parameter ID bound to: 1 - type: integer 
	Parameter NUM_STAGE bound to: 1 - type: integer 
	Parameter din0_WIDTH bound to: 10 - type: integer 
	Parameter din1_WIDTH bound to: 10 - type: integer 
	Parameter dout_WIDTH bound to: 20 - type: integer 
	Parameter ID bound to: 1 - type: integer 
	Parameter NUM_STAGE bound to: 1 - type: integer 
	Parameter din0_WIDTH bound to: 10 - type: integer 
	Parameter din1_WIDTH bound to: 10 - type: integer 
	Parameter dout_WIDTH bound to: 20 - type: integer 
	Parameter ID bound to: 1 - type: integer 
	Parameter NUM_STAGE bound to: 1 - type: integer 
	Parameter din0_WIDTH bound to: 10 - type: integer 
	Parameter din1_WIDTH bound to: 10 - type: integer 
	Parameter dout_WIDTH bound to: 20 - type: integer 
	Parameter ID bound to: 1 - type: integer 
	Parameter NUM_STAGE bound to: 1 - type: integer 
	Parameter din0_WIDTH bound to: 10 - type: integer 
	Parameter din1_WIDTH bound to: 10 - type: integer 
	Parameter dout_WIDTH bound to: 20 - type: integer 
	Parameter ID bound to: 1 - type: integer 
	Parameter NUM_STAGE bound to: 1 - type: integer 
	Parameter din0_WIDTH bound to: 10 - type: integer 
	Parameter din1_WIDTH bound to: 10 - type: integer 
	Parameter dout_WIDTH bound to: 20 - type: integer 
	Parameter ID bound to: 1 - type: integer 
	Parameter NUM_STAGE bound to: 1 - type: integer 
	Parameter din0_WIDTH bound to: 10 - type: integer 
	Parameter din1_WIDTH bound to: 10 - type: integer 
	Parameter dout_WIDTH bound to: 20 - type: integer 
	Parameter ID bound to: 1 - type: integer 
	Parameter NUM_STAGE bound to: 1 - type: integer 
	Parameter din0_WIDTH bound to: 10 - type: integer 
	Parameter din1_WIDTH bound to: 10 - type: integer 
	Parameter dout_WIDTH bound to: 20 - type: integer 
	Parameter ID bound to: 1 - type: integer 
	Parameter NUM_STAGE bound to: 1 - type: integer 
	Parameter din0_WIDTH bound to: 10 - type: integer 
	Parameter din1_WIDTH bound to: 10 - type: integer 
	Parameter dout_WIDTH bound to: 20 - type: integer 
	Parameter ID bound to: 1 - type: integer 
	Parameter NUM_STAGE bound to: 1 - type: integer 
	Parameter din0_WIDTH bound to: 10 - type: integer 
	Parameter din1_WIDTH bound to: 10 - type: integer 
	Parameter dout_WIDTH bound to: 20 - type: integer 
	Parameter ID bound to: 1 - type: integer 
	Parameter NUM_STAGE bound to: 1 - type: integer 
	Parameter din0_WIDTH bound to: 10 - type: integer 
	Parameter din1_WIDTH bound to: 10 - type: integer 
	Parameter dout_WIDTH bound to: 20 - type: integer 
	Parameter ID bound to: 1 - type: integer 
	Parameter NUM_STAGE bound to: 1 - type: integer 
	Parameter din0_WIDTH bound to: 10 - type: integer 
	Parameter din1_WIDTH bound to: 10 - type: integer 
	Parameter dout_WIDTH bound to: 20 - type: integer 
	Parameter ID bound to: 1 - type: integer 
	Parameter NUM_STAGE bound to: 1 - type: integer 
	Parameter din0_WIDTH bound to: 10 - type: integer 
	Parameter din1_WIDTH bound to: 10 - type: integer 
	Parameter dout_WIDTH bound to: 20 - type: integer 
	Parameter ID bound to: 1 - type: integer 
	Parameter NUM_STAGE bound to: 1 - type: integer 
	Parameter din0_WIDTH bound to: 10 - type: integer 
	Parameter din1_WIDTH bound to: 10 - type: integer 
	Parameter dout_WIDTH bound to: 20 - type: integer 
	Parameter ID bound to: 1 - type: integer 
	Parameter NUM_STAGE bound to: 1 - type: integer 
	Parameter din0_WIDTH bound to: 10 - type: integer 
	Parameter din1_WIDTH bound to: 10 - type: integer 
	Parameter dout_WIDTH bound to: 20 - type: integer 
	Parameter ID bound to: 1 - type: integer 
	Parameter NUM_STAGE bound to: 1 - type: integer 
	Parameter din0_WIDTH bound to: 10 - type: integer 
	Parameter din1_WIDTH bound to: 10 - type: integer 
	Parameter dout_WIDTH bound to: 20 - type: integer 
	Parameter ID bound to: 1 - type: integer 
	Parameter NUM_STAGE bound to: 1 - type: integer 
	Parameter din0_WIDTH bound to: 10 - type: integer 
	Parameter din1_WIDTH bound to: 10 - type: integer 
	Parameter dout_WIDTH bound to: 20 - type: integer 
	Parameter ID bound to: 1 - type: integer 
	Parameter NUM_STAGE bound to: 1 - type: integer 
	Parameter din0_WIDTH bound to: 10 - type: integer 
	Parameter din1_WIDTH bound to: 10 - type: integer 
	Parameter dout_WIDTH bound to: 20 - type: integer 
	Parameter ID bound to: 1 - type: integer 
	Parameter NUM_STAGE bound to: 1 - type: integer 
	Parameter din0_WIDTH bound to: 10 - type: integer 
	Parameter din1_WIDTH bound to: 10 - type: integer 
	Parameter dout_WIDTH bound to: 20 - type: integer 
	Parameter ID bound to: 1 - type: integer 
	Parameter NUM_STAGE bound to: 1 - type: integer 
	Parameter din0_WIDTH bound to: 10 - type: integer 
	Parameter din1_WIDTH bound to: 10 - type: integer 
	Parameter dout_WIDTH bound to: 20 - type: integer 
	Parameter ID bound to: 1 - type: integer 
	Parameter NUM_STAGE bound to: 1 - type: integer 
	Parameter din0_WIDTH bound to: 10 - type: integer 
	Parameter din1_WIDTH bound to: 10 - type: integer 
	Parameter dout_WIDTH bound to: 20 - type: integer 
	Parameter ID bound to: 1 - type: integer 
	Parameter NUM_STAGE bound to: 1 - type: integer 
	Parameter din0_WIDTH bound to: 10 - type: integer 
	Parameter din1_WIDTH bound to: 10 - type: integer 
	Parameter dout_WIDTH bound to: 20 - type: integer 
	Parameter ID bound to: 1 - type: integer 
	Parameter NUM_STAGE bound to: 1 - type: integer 
	Parameter din0_WIDTH bound to: 10 - type: integer 
	Parameter din1_WIDTH bound to: 10 - type: integer 
	Parameter dout_WIDTH bound to: 20 - type: integer 
	Parameter ID bound to: 1 - type: integer 
	Parameter NUM_STAGE bound to: 1 - type: integer 
	Parameter din0_WIDTH bound to: 10 - type: integer 
	Parameter din1_WIDTH bound to: 10 - type: integer 
	Parameter dout_WIDTH bound to: 20 - type: integer 
	Parameter ID bound to: 1 - type: integer 
	Parameter NUM_STAGE bound to: 1 - type: integer 
	Parameter din0_WIDTH bound to: 10 - type: integer 
	Parameter din1_WIDTH bound to: 10 - type: integer 
	Parameter dout_WIDTH bound to: 20 - type: integer 
	Parameter ID bound to: 1 - type: integer 
	Parameter NUM_STAGE bound to: 1 - type: integer 
	Parameter din0_WIDTH bound to: 10 - type: integer 
	Parameter din1_WIDTH bound to: 10 - type: integer 
	Parameter dout_WIDTH bound to: 20 - type: integer 
	Parameter ID bound to: 1 - type: integer 
	Parameter NUM_STAGE bound to: 1 - type: integer 
	Parameter din0_WIDTH bound to: 10 - type: integer 
	Parameter din1_WIDTH bound to: 10 - type: integer 
	Parameter dout_WIDTH bound to: 20 - type: integer 
	Parameter ID bound to: 1 - type: integer 
	Parameter NUM_STAGE bound to: 1 - type: integer 
	Parameter din0_WIDTH bound to: 10 - type: integer 
	Parameter din1_WIDTH bound to: 10 - type: integer 
	Parameter dout_WIDTH bound to: 20 - type: integer 
	Parameter ID bound to: 1 - type: integer 
	Parameter NUM_STAGE bound to: 1 - type: integer 
	Parameter din0_WIDTH bound to: 10 - type: integer 
	Parameter din1_WIDTH bound to: 10 - type: integer 
	Parameter dout_WIDTH bound to: 20 - type: integer 
	Parameter ID bound to: 1 - type: integer 
	Parameter NUM_STAGE bound to: 1 - type: integer 
	Parameter din0_WIDTH bound to: 10 - type: integer 
	Parameter din1_WIDTH bound to: 10 - type: integer 
	Parameter dout_WIDTH bound to: 20 - type: integer 
	Parameter ID bound to: 1 - type: integer 
	Parameter NUM_STAGE bound to: 1 - type: integer 
	Parameter din0_WIDTH bound to: 10 - type: integer 
	Parameter din1_WIDTH bound to: 10 - type: integer 
	Parameter dout_WIDTH bound to: 20 - type: integer 
	Parameter ID bound to: 1 - type: integer 
	Parameter NUM_STAGE bound to: 1 - type: integer 
	Parameter din0_WIDTH bound to: 10 - type: integer 
	Parameter din1_WIDTH bound to: 10 - type: integer 
	Parameter dout_WIDTH bound to: 20 - type: integer 
	Parameter ID bound to: 1 - type: integer 
	Parameter NUM_STAGE bound to: 1 - type: integer 
	Parameter din0_WIDTH bound to: 10 - type: integer 
	Parameter din1_WIDTH bound to: 10 - type: integer 
	Parameter dout_WIDTH bound to: 20 - type: integer 
	Parameter ID bound to: 1 - type: integer 
	Parameter NUM_STAGE bound to: 1 - type: integer 
	Parameter din0_WIDTH bound to: 10 - type: integer 
	Parameter din1_WIDTH bound to: 10 - type: integer 
	Parameter dout_WIDTH bound to: 20 - type: integer 
	Parameter ID bound to: 1 - type: integer 
	Parameter NUM_STAGE bound to: 1 - type: integer 
	Parameter din0_WIDTH bound to: 10 - type: integer 
	Parameter din1_WIDTH bound to: 10 - type: integer 
	Parameter dout_WIDTH bound to: 20 - type: integer 
	Parameter ID bound to: 1 - type: integer 
	Parameter NUM_STAGE bound to: 1 - type: integer 
	Parameter din0_WIDTH bound to: 10 - type: integer 
	Parameter din1_WIDTH bound to: 10 - type: integer 
	Parameter dout_WIDTH bound to: 20 - type: integer 
	Parameter ID bound to: 1 - type: integer 
	Parameter NUM_STAGE bound to: 1 - type: integer 
	Parameter din0_WIDTH bound to: 10 - type: integer 
	Parameter din1_WIDTH bound to: 10 - type: integer 
	Parameter dout_WIDTH bound to: 20 - type: integer 
	Parameter ID bound to: 1 - type: integer 
	Parameter NUM_STAGE bound to: 1 - type: integer 
	Parameter din0_WIDTH bound to: 10 - type: integer 
	Parameter din1_WIDTH bound to: 10 - type: integer 
	Parameter dout_WIDTH bound to: 20 - type: integer 
	Parameter ID bound to: 1 - type: integer 
	Parameter NUM_STAGE bound to: 1 - type: integer 
	Parameter din0_WIDTH bound to: 10 - type: integer 
	Parameter din1_WIDTH bound to: 10 - type: integer 
	Parameter dout_WIDTH bound to: 20 - type: integer 
	Parameter ID bound to: 1 - type: integer 
	Parameter NUM_STAGE bound to: 1 - type: integer 
	Parameter din0_WIDTH bound to: 10 - type: integer 
	Parameter din1_WIDTH bound to: 10 - type: integer 
	Parameter dout_WIDTH bound to: 20 - type: integer 
	Parameter ID bound to: 1 - type: integer 
	Parameter NUM_STAGE bound to: 1 - type: integer 
	Parameter din0_WIDTH bound to: 10 - type: integer 
	Parameter din1_WIDTH bound to: 10 - type: integer 
	Parameter dout_WIDTH bound to: 20 - type: integer 
	Parameter ID bound to: 1 - type: integer 
	Parameter NUM_STAGE bound to: 1 - type: integer 
	Parameter din0_WIDTH bound to: 10 - type: integer 
	Parameter din1_WIDTH bound to: 10 - type: integer 
	Parameter dout_WIDTH bound to: 20 - type: integer 
	Parameter ID bound to: 1 - type: integer 
	Parameter NUM_STAGE bound to: 1 - type: integer 
	Parameter din0_WIDTH bound to: 10 - type: integer 
	Parameter din1_WIDTH bound to: 10 - type: integer 
	Parameter dout_WIDTH bound to: 20 - type: integer 
	Parameter ID bound to: 1 - type: integer 
	Parameter NUM_STAGE bound to: 1 - type: integer 
	Parameter din0_WIDTH bound to: 10 - type: integer 
	Parameter din1_WIDTH bound to: 10 - type: integer 
	Parameter dout_WIDTH bound to: 20 - type: integer 
	Parameter ID bound to: 1 - type: integer 
	Parameter NUM_STAGE bound to: 1 - type: integer 
	Parameter din0_WIDTH bound to: 10 - type: integer 
	Parameter din1_WIDTH bound to: 10 - type: integer 
	Parameter dout_WIDTH bound to: 20 - type: integer 
	Parameter ID bound to: 1 - type: integer 
	Parameter NUM_STAGE bound to: 1 - type: integer 
	Parameter din0_WIDTH bound to: 10 - type: integer 
	Parameter din1_WIDTH bound to: 10 - type: integer 
	Parameter dout_WIDTH bound to: 20 - type: integer 
	Parameter ID bound to: 1 - type: integer 
	Parameter NUM_STAGE bound to: 1 - type: integer 
	Parameter din0_WIDTH bound to: 10 - type: integer 
	Parameter din1_WIDTH bound to: 10 - type: integer 
	Parameter dout_WIDTH bound to: 20 - type: integer 
	Parameter ID bound to: 1 - type: integer 
	Parameter NUM_STAGE bound to: 1 - type: integer 
	Parameter din0_WIDTH bound to: 10 - type: integer 
	Parameter din1_WIDTH bound to: 10 - type: integer 
	Parameter dout_WIDTH bound to: 20 - type: integer 
	Parameter ID bound to: 1 - type: integer 
	Parameter NUM_STAGE bound to: 1 - type: integer 
	Parameter din0_WIDTH bound to: 10 - type: integer 
	Parameter din1_WIDTH bound to: 10 - type: integer 
	Parameter dout_WIDTH bound to: 20 - type: integer 
	Parameter ID bound to: 1 - type: integer 
	Parameter NUM_STAGE bound to: 1 - type: integer 
	Parameter din0_WIDTH bound to: 10 - type: integer 
	Parameter din1_WIDTH bound to: 10 - type: integer 
	Parameter dout_WIDTH bound to: 20 - type: integer 
	Parameter ID bound to: 1 - type: integer 
	Parameter NUM_STAGE bound to: 1 - type: integer 
	Parameter din0_WIDTH bound to: 10 - type: integer 
	Parameter din1_WIDTH bound to: 10 - type: integer 
	Parameter dout_WIDTH bound to: 20 - type: integer 
	Parameter ID bound to: 1 - type: integer 
	Parameter NUM_STAGE bound to: 1 - type: integer 
	Parameter din0_WIDTH bound to: 10 - type: integer 
	Parameter din1_WIDTH bound to: 10 - type: integer 
	Parameter dout_WIDTH bound to: 20 - type: integer 
	Parameter ID bound to: 1 - type: integer 
	Parameter NUM_STAGE bound to: 1 - type: integer 
	Parameter din0_WIDTH bound to: 10 - type: integer 
	Parameter din1_WIDTH bound to: 10 - type: integer 
	Parameter dout_WIDTH bound to: 20 - type: integer 
	Parameter ID bound to: 1 - type: integer 
	Parameter NUM_STAGE bound to: 1 - type: integer 
	Parameter din0_WIDTH bound to: 10 - type: integer 
	Parameter din1_WIDTH bound to: 10 - type: integer 
	Parameter dout_WIDTH bound to: 20 - type: integer 
	Parameter ID bound to: 1 - type: integer 
	Parameter NUM_STAGE bound to: 1 - type: integer 
	Parameter din0_WIDTH bound to: 10 - type: integer 
	Parameter din1_WIDTH bound to: 10 - type: integer 
	Parameter dout_WIDTH bound to: 20 - type: integer 
	Parameter ID bound to: 1 - type: integer 
	Parameter NUM_STAGE bound to: 1 - type: integer 
	Parameter din0_WIDTH bound to: 10 - type: integer 
	Parameter din1_WIDTH bound to: 10 - type: integer 
	Parameter dout_WIDTH bound to: 20 - type: integer 
	Parameter ID bound to: 1 - type: integer 
	Parameter NUM_STAGE bound to: 1 - type: integer 
	Parameter din0_WIDTH bound to: 10 - type: integer 
	Parameter din1_WIDTH bound to: 10 - type: integer 
	Parameter dout_WIDTH bound to: 20 - type: integer 
	Parameter ID bound to: 1 - type: integer 
	Parameter NUM_STAGE bound to: 1 - type: integer 
	Parameter din0_WIDTH bound to: 10 - type: integer 
	Parameter din1_WIDTH bound to: 10 - type: integer 
	Parameter dout_WIDTH bound to: 20 - type: integer 
	Parameter ID bound to: 1 - type: integer 
	Parameter NUM_STAGE bound to: 1 - type: integer 
	Parameter din0_WIDTH bound to: 10 - type: integer 
	Parameter din1_WIDTH bound to: 10 - type: integer 
	Parameter dout_WIDTH bound to: 20 - type: integer 
	Parameter ID bound to: 1 - type: integer 
	Parameter NUM_STAGE bound to: 1 - type: integer 
	Parameter din0_WIDTH bound to: 10 - type: integer 
	Parameter din1_WIDTH bound to: 10 - type: integer 
	Parameter dout_WIDTH bound to: 20 - type: integer 
	Parameter ID bound to: 1 - type: integer 
	Parameter NUM_STAGE bound to: 1 - type: integer 
	Parameter din0_WIDTH bound to: 10 - type: integer 
	Parameter din1_WIDTH bound to: 10 - type: integer 
	Parameter dout_WIDTH bound to: 20 - type: integer 
	Parameter ID bound to: 1 - type: integer 
	Parameter NUM_STAGE bound to: 1 - type: integer 
	Parameter din0_WIDTH bound to: 10 - type: integer 
	Parameter din1_WIDTH bound to: 10 - type: integer 
	Parameter dout_WIDTH bound to: 20 - type: integer 
	Parameter ID bound to: 1 - type: integer 
	Parameter NUM_STAGE bound to: 1 - type: integer 
	Parameter din0_WIDTH bound to: 10 - type: integer 
	Parameter din1_WIDTH bound to: 10 - type: integer 
	Parameter dout_WIDTH bound to: 20 - type: integer 
	Parameter ID bound to: 1 - type: integer 
	Parameter NUM_STAGE bound to: 1 - type: integer 
	Parameter din0_WIDTH bound to: 10 - type: integer 
	Parameter din1_WIDTH bound to: 10 - type: integer 
	Parameter dout_WIDTH bound to: 20 - type: integer 
	Parameter ID bound to: 1 - type: integer 
	Parameter NUM_STAGE bound to: 1 - type: integer 
	Parameter din0_WIDTH bound to: 10 - type: integer 
	Parameter din1_WIDTH bound to: 10 - type: integer 
	Parameter dout_WIDTH bound to: 20 - type: integer 
	Parameter ID bound to: 1 - type: integer 
	Parameter NUM_STAGE bound to: 1 - type: integer 
	Parameter din0_WIDTH bound to: 10 - type: integer 
	Parameter din1_WIDTH bound to: 10 - type: integer 
	Parameter dout_WIDTH bound to: 20 - type: integer 
	Parameter ID bound to: 1 - type: integer 
	Parameter NUM_STAGE bound to: 1 - type: integer 
	Parameter din0_WIDTH bound to: 10 - type: integer 
	Parameter din1_WIDTH bound to: 10 - type: integer 
	Parameter dout_WIDTH bound to: 20 - type: integer 
	Parameter ID bound to: 1 - type: integer 
	Parameter NUM_STAGE bound to: 1 - type: integer 
	Parameter din0_WIDTH bound to: 10 - type: integer 
	Parameter din1_WIDTH bound to: 10 - type: integer 
	Parameter dout_WIDTH bound to: 20 - type: integer 
	Parameter ID bound to: 1 - type: integer 
	Parameter NUM_STAGE bound to: 1 - type: integer 
	Parameter din0_WIDTH bound to: 10 - type: integer 
	Parameter din1_WIDTH bound to: 10 - type: integer 
	Parameter dout_WIDTH bound to: 20 - type: integer 
	Parameter ID bound to: 1 - type: integer 
	Parameter NUM_STAGE bound to: 1 - type: integer 
	Parameter din0_WIDTH bound to: 10 - type: integer 
	Parameter din1_WIDTH bound to: 10 - type: integer 
	Parameter dout_WIDTH bound to: 20 - type: integer 
	Parameter ID bound to: 1 - type: integer 
	Parameter NUM_STAGE bound to: 1 - type: integer 
	Parameter din0_WIDTH bound to: 10 - type: integer 
	Parameter din1_WIDTH bound to: 10 - type: integer 
	Parameter dout_WIDTH bound to: 20 - type: integer 
	Parameter ID bound to: 1 - type: integer 
	Parameter NUM_STAGE bound to: 1 - type: integer 
	Parameter din0_WIDTH bound to: 10 - type: integer 
	Parameter din1_WIDTH bound to: 10 - type: integer 
	Parameter dout_WIDTH bound to: 20 - type: integer 
	Parameter ID bound to: 1 - type: integer 
	Parameter NUM_STAGE bound to: 1 - type: integer 
	Parameter din0_WIDTH bound to: 10 - type: integer 
	Parameter din1_WIDTH bound to: 10 - type: integer 
	Parameter dout_WIDTH bound to: 20 - type: integer 
	Parameter ID bound to: 1 - type: integer 
	Parameter NUM_STAGE bound to: 1 - type: integer 
	Parameter din0_WIDTH bound to: 10 - type: integer 
	Parameter din1_WIDTH bound to: 10 - type: integer 
	Parameter dout_WIDTH bound to: 20 - type: integer 
	Parameter ID bound to: 1 - type: integer 
	Parameter NUM_STAGE bound to: 1 - type: integer 
	Parameter din0_WIDTH bound to: 10 - type: integer 
	Parameter din1_WIDTH bound to: 10 - type: integer 
	Parameter dout_WIDTH bound to: 20 - type: integer 
	Parameter ID bound to: 1 - type: integer 
	Parameter NUM_STAGE bound to: 1 - type: integer 
	Parameter din0_WIDTH bound to: 10 - type: integer 
	Parameter din1_WIDTH bound to: 10 - type: integer 
	Parameter dout_WIDTH bound to: 20 - type: integer 
	Parameter ID bound to: 1 - type: integer 
	Parameter NUM_STAGE bound to: 1 - type: integer 
	Parameter din0_WIDTH bound to: 10 - type: integer 
	Parameter din1_WIDTH bound to: 10 - type: integer 
	Parameter dout_WIDTH bound to: 20 - type: integer 
	Parameter ID bound to: 1 - type: integer 
	Parameter NUM_STAGE bound to: 1 - type: integer 
	Parameter din0_WIDTH bound to: 10 - type: integer 
	Parameter din1_WIDTH bound to: 10 - type: integer 
	Parameter dout_WIDTH bound to: 20 - type: integer 
	Parameter ID bound to: 1 - type: integer 
	Parameter NUM_STAGE bound to: 1 - type: integer 
	Parameter din0_WIDTH bound to: 10 - type: integer 
	Parameter din1_WIDTH bound to: 10 - type: integer 
	Parameter dout_WIDTH bound to: 20 - type: integer 
	Parameter ID bound to: 1 - type: integer 
	Parameter NUM_STAGE bound to: 1 - type: integer 
	Parameter din0_WIDTH bound to: 10 - type: integer 
	Parameter din1_WIDTH bound to: 10 - type: integer 
	Parameter dout_WIDTH bound to: 20 - type: integer 
	Parameter ID bound to: 1 - type: integer 
	Parameter NUM_STAGE bound to: 1 - type: integer 
	Parameter din0_WIDTH bound to: 10 - type: integer 
	Parameter din1_WIDTH bound to: 10 - type: integer 
	Parameter dout_WIDTH bound to: 20 - type: integer 
	Parameter ID bound to: 1 - type: integer 
	Parameter NUM_STAGE bound to: 1 - type: integer 
	Parameter din0_WIDTH bound to: 10 - type: integer 
	Parameter din1_WIDTH bound to: 10 - type: integer 
	Parameter dout_WIDTH bound to: 20 - type: integer 
	Parameter ID bound to: 1 - type: integer 
	Parameter NUM_STAGE bound to: 1 - type: integer 
	Parameter din0_WIDTH bound to: 10 - type: integer 
	Parameter din1_WIDTH bound to: 10 - type: integer 
	Parameter dout_WIDTH bound to: 20 - type: integer 
	Parameter ID bound to: 1 - type: integer 
	Parameter NUM_STAGE bound to: 1 - type: integer 
	Parameter din0_WIDTH bound to: 10 - type: integer 
	Parameter din1_WIDTH bound to: 10 - type: integer 
	Parameter dout_WIDTH bound to: 20 - type: integer 
	Parameter ID bound to: 1 - type: integer 
	Parameter NUM_STAGE bound to: 1 - type: integer 
	Parameter din0_WIDTH bound to: 10 - type: integer 
	Parameter din1_WIDTH bound to: 10 - type: integer 
	Parameter dout_WIDTH bound to: 20 - type: integer 
	Parameter ID bound to: 1 - type: integer 
	Parameter NUM_STAGE bound to: 1 - type: integer 
	Parameter din0_WIDTH bound to: 10 - type: integer 
	Parameter din1_WIDTH bound to: 10 - type: integer 
	Parameter dout_WIDTH bound to: 20 - type: integer 
	Parameter ID bound to: 1 - type: integer 
	Parameter NUM_STAGE bound to: 1 - type: integer 
	Parameter din0_WIDTH bound to: 10 - type: integer 
	Parameter din1_WIDTH bound to: 10 - type: integer 
	Parameter dout_WIDTH bound to: 20 - type: integer 
	Parameter ID bound to: 1 - type: integer 
	Parameter NUM_STAGE bound to: 1 - type: integer 
	Parameter din0_WIDTH bound to: 10 - type: integer 
	Parameter din1_WIDTH bound to: 10 - type: integer 
	Parameter dout_WIDTH bound to: 20 - type: integer 
	Parameter ID bound to: 1 - type: integer 
	Parameter NUM_STAGE bound to: 1 - type: integer 
	Parameter din0_WIDTH bound to: 10 - type: integer 
	Parameter din1_WIDTH bound to: 10 - type: integer 
	Parameter dout_WIDTH bound to: 20 - type: integer 
INFO: [Synth 8-256] done synthesizing module 'myproject_dense_resource_ap_fixed_16_6_5_3_0_ap_fixed_16_6_5_3_0_config21_s' (0#1) [/home/dabadjiev/smartpixels_ml_dsabadjiev/Muon_Collider_Smart_Pixels/eric/Results_June2026_99SigEff/model2.5_fin_results/model2_5_10bit_normalised_selected/pareto_primary/hls_outputs_vsynth/hls_model_trial_065/myproject_prj/solution1/syn/vhdl/myproject_dense_resource_ap_fixed_16_6_5_3_0_ap_fixed_16_6_5_3_0_config21_s.vhd:165]
INFO: [Synth 8-638] synthesizing module 'myproject_relu_ap_fixed_16_6_5_3_0_ap_ufixed_8_0_4_0_0_relu_config23_s' [/home/dabadjiev/smartpixels_ml_dsabadjiev/Muon_Collider_Smart_Pixels/eric/Results_June2026_99SigEff/model2.5_fin_results/model2_5_10bit_normalised_selected/pareto_primary/hls_outputs_vsynth/hls_model_trial_065/myproject_prj/solution1/syn/vhdl/myproject_relu_ap_fixed_16_6_5_3_0_ap_ufixed_8_0_4_0_0_relu_config23_s.vhd:96]
INFO: [Synth 8-256] done synthesizing module 'myproject_relu_ap_fixed_16_6_5_3_0_ap_ufixed_8_0_4_0_0_relu_config23_s' (0#1) [/home/dabadjiev/smartpixels_ml_dsabadjiev/Muon_Collider_Smart_Pixels/eric/Results_June2026_99SigEff/model2.5_fin_results/model2_5_10bit_normalised_selected/pareto_primary/hls_outputs_vsynth/hls_model_trial_065/myproject_prj/solution1/syn/vhdl/myproject_relu_ap_fixed_16_6_5_3_0_ap_ufixed_8_0_4_0_0_relu_config23_s.vhd:96]
INFO: [Synth 8-638] synthesizing module 'myproject_dense_resource_ap_ufixed_8_0_4_0_0_ap_fixed_16_6_5_3_0_config24_s' [/home/dabadjiev/smartpixels_ml_dsabadjiev/Muon_Collider_Smart_Pixels/eric/Results_June2026_99SigEff/model2.5_fin_results/model2_5_10bit_normalised_selected/pareto_primary/hls_outputs_vsynth/hls_model_trial_065/myproject_prj/solution1/syn/vhdl/myproject_dense_resource_ap_ufixed_8_0_4_0_0_ap_fixed_16_6_5_3_0_config24_s.vhd:105]
	Parameter ID bound to: 1 - type: integer 
	Parameter NUM_STAGE bound to: 1 - type: integer 
	Parameter CASE0 bound to: 5'b00000 
	Parameter din0_WIDTH bound to: 8 - type: integer 
	Parameter CASE1 bound to: 5'b00001 
	Parameter din1_WIDTH bound to: 8 - type: integer 
	Parameter CASE2 bound to: 5'b00010 
	Parameter din2_WIDTH bound to: 8 - type: integer 
	Parameter CASE3 bound to: 5'b00011 
	Parameter din3_WIDTH bound to: 8 - type: integer 
	Parameter CASE4 bound to: 5'b00100 
	Parameter din4_WIDTH bound to: 8 - type: integer 
	Parameter CASE5 bound to: 5'b00101 
	Parameter din5_WIDTH bound to: 8 - type: integer 
	Parameter CASE6 bound to: 5'b00110 
	Parameter din6_WIDTH bound to: 8 - type: integer 
	Parameter CASE7 bound to: 5'b00111 
	Parameter din7_WIDTH bound to: 8 - type: integer 
	Parameter CASE8 bound to: 5'b01000 
	Parameter din8_WIDTH bound to: 8 - type: integer 
	Parameter CASE9 bound to: 5'b01001 
	Parameter din9_WIDTH bound to: 8 - type: integer 
	Parameter CASE10 bound to: 5'b01010 
	Parameter din10_WIDTH bound to: 8 - type: integer 
	Parameter CASE11 bound to: 5'b01011 
	Parameter din11_WIDTH bound to: 8 - type: integer 
	Parameter CASE12 bound to: 5'b01100 
	Parameter din12_WIDTH bound to: 8 - type: integer 
	Parameter CASE13 bound to: 5'b01101 
	Parameter din13_WIDTH bound to: 8 - type: integer 
	Parameter CASE14 bound to: 5'b01110 
	Parameter din14_WIDTH bound to: 8 - type: integer 
	Parameter CASE15 bound to: 5'b01111 
	Parameter din15_WIDTH bound to: 8 - type: integer 
	Parameter CASE16 bound to: 5'b10000 
	Parameter din16_WIDTH bound to: 8 - type: integer 
	Parameter CASE17 bound to: 5'b10001 
	Parameter din17_WIDTH bound to: 8 - type: integer 
	Parameter def_WIDTH bound to: 8 - type: integer 
	Parameter sel_WIDTH bound to: 5 - type: integer 
	Parameter dout_WIDTH bound to: 8 - type: integer 
INFO: [Synth 8-638] synthesizing module 'myproject_sparsemux_37_5_8_1_1' [/home/dabadjiev/smartpixels_ml_dsabadjiev/Muon_Collider_Smart_Pixels/eric/Results_June2026_99SigEff/model2.5_fin_results/model2_5_10bit_normalised_selected/pareto_primary/hls_outputs_vsynth/hls_model_trial_065/myproject_prj/solution1/syn/vhdl/myproject_sparsemux_37_5_8_1_1.vhd:139]
	Parameter din0_WIDTH bound to: 8 - type: integer 
	Parameter din1_WIDTH bound to: 8 - type: integer 
	Parameter din2_WIDTH bound to: 8 - type: integer 
	Parameter din3_WIDTH bound to: 8 - type: integer 
	Parameter din4_WIDTH bound to: 8 - type: integer 
	Parameter din5_WIDTH bound to: 8 - type: integer 
	Parameter din6_WIDTH bound to: 8 - type: integer 
	Parameter din7_WIDTH bound to: 8 - type: integer 
	Parameter din8_WIDTH bound to: 8 - type: integer 
	Parameter din9_WIDTH bound to: 8 - type: integer 
	Parameter din10_WIDTH bound to: 8 - type: integer 
	Parameter din11_WIDTH bound to: 8 - type: integer 
	Parameter din12_WIDTH bound to: 8 - type: integer 
	Parameter din13_WIDTH bound to: 8 - type: integer 
	Parameter din14_WIDTH bound to: 8 - type: integer 
	Parameter din15_WIDTH bound to: 8 - type: integer 
	Parameter din16_WIDTH bound to: 8 - type: integer 
	Parameter din17_WIDTH bound to: 8 - type: integer 
	Parameter def_WIDTH bound to: 8 - type: integer 
	Parameter sel_WIDTH bound to: 5 - type: integer 
	Parameter dout_WIDTH bound to: 8 - type: integer 
	Parameter CASE0 bound to: 5'b00000 
	Parameter CASE1 bound to: 5'b00001 
	Parameter CASE2 bound to: 5'b00010 
	Parameter CASE3 bound to: 5'b00011 
	Parameter CASE4 bound to: 5'b00100 
	Parameter CASE5 bound to: 5'b00101 
	Parameter CASE6 bound to: 5'b00110 
	Parameter CASE7 bound to: 5'b00111 
	Parameter CASE8 bound to: 5'b01000 
	Parameter CASE9 bound to: 5'b01001 
	Parameter CASE10 bound to: 5'b01010 
	Parameter CASE11 bound to: 5'b01011 
	Parameter CASE12 bound to: 5'b01100 
	Parameter CASE13 bound to: 5'b01101 
	Parameter CASE14 bound to: 5'b01110 
	Parameter CASE15 bound to: 5'b01111 
	Parameter CASE16 bound to: 5'b10000 
	Parameter CASE17 bound to: 5'b10001 
	Parameter ID bound to: 1 - type: integer 
	Parameter NUM_STAGE bound to: 1 - type: integer 
WARNING: [Synth 8-614] signal 'def' is read in the process but is not in the sensitivity list [/home/dabadjiev/smartpixels_ml_dsabadjiev/Muon_Collider_Smart_Pixels/eric/Results_June2026_99SigEff/model2.5_fin_results/model2_5_10bit_normalised_selected/pareto_primary/hls_outputs_vsynth/hls_model_trial_065/myproject_prj/solution1/syn/vhdl/myproject_sparsemux_37_5_8_1_1.vhd:145]
INFO: [Synth 8-256] done synthesizing module 'myproject_sparsemux_37_5_8_1_1' (0#1) [/home/dabadjiev/smartpixels_ml_dsabadjiev/Muon_Collider_Smart_Pixels/eric/Results_June2026_99SigEff/model2.5_fin_results/model2_5_10bit_normalised_selected/pareto_primary/hls_outputs_vsynth/hls_model_trial_065/myproject_prj/solution1/syn/vhdl/myproject_sparsemux_37_5_8_1_1.vhd:139]
	Parameter ID bound to: 1 - type: integer 
	Parameter NUM_STAGE bound to: 1 - type: integer 
	Parameter din0_WIDTH bound to: 10 - type: integer 
	Parameter din1_WIDTH bound to: 8 - type: integer 
	Parameter dout_WIDTH bound to: 18 - type: integer 
INFO: [Synth 8-638] synthesizing module 'myproject_mul_10s_8ns_18_1_1' [/home/dabadjiev/smartpixels_ml_dsabadjiev/Muon_Collider_Smart_Pixels/eric/Results_June2026_99SigEff/model2.5_fin_results/model2_5_10bit_normalised_selected/pareto_primary/hls_outputs_vsynth/hls_model_trial_065/myproject_prj/solution1/syn/vhdl/myproject_mul_10s_8ns_18_1_1.vhd:26]
	Parameter ID bound to: 1 - type: integer 
	Parameter NUM_STAGE bound to: 1 - type: integer 
	Parameter din0_WIDTH bound to: 10 - type: integer 
	Parameter din1_WIDTH bound to: 8 - type: integer 
	Parameter dout_WIDTH bound to: 18 - type: integer 
INFO: [Synth 8-256] done synthesizing module 'myproject_mul_10s_8ns_18_1_1' (0#1) [/home/dabadjiev/smartpixels_ml_dsabadjiev/Muon_Collider_Smart_Pixels/eric/Results_June2026_99SigEff/model2.5_fin_results/model2_5_10bit_normalised_selected/pareto_primary/hls_outputs_vsynth/hls_model_trial_065/myproject_prj/solution1/syn/vhdl/myproject_mul_10s_8ns_18_1_1.vhd:26]
	Parameter ID bound to: 1 - type: integer 
	Parameter NUM_STAGE bound to: 1 - type: integer 
	Parameter CASE0 bound to: 5'b00000 
	Parameter din0_WIDTH bound to: 8 - type: integer 
	Parameter CASE1 bound to: 5'b00001 
	Parameter din1_WIDTH bound to: 8 - type: integer 
	Parameter CASE2 bound to: 5'b00010 
	Parameter din2_WIDTH bound to: 8 - type: integer 
	Parameter CASE3 bound to: 5'b00011 
	Parameter din3_WIDTH bound to: 8 - type: integer 
	Parameter CASE4 bound to: 5'b00100 
	Parameter din4_WIDTH bound to: 8 - type: integer 
	Parameter CASE5 bound to: 5'b00101 
	Parameter din5_WIDTH bound to: 8 - type: integer 
	Parameter CASE6 bound to: 5'b00110 
	Parameter din6_WIDTH bound to: 8 - type: integer 
	Parameter CASE7 bound to: 5'b00111 
	Parameter din7_WIDTH bound to: 8 - type: integer 
	Parameter CASE8 bound to: 5'b01000 
	Parameter din8_WIDTH bound to: 8 - type: integer 
	Parameter CASE9 bound to: 5'b01001 
	Parameter din9_WIDTH bound to: 8 - type: integer 
	Parameter CASE10 bound to: 5'b01010 
	Parameter din10_WIDTH bound to: 8 - type: integer 
	Parameter CASE11 bound to: 5'b01011 
	Parameter din11_WIDTH bound to: 8 - type: integer 
	Parameter CASE12 bound to: 5'b01100 
	Parameter din12_WIDTH bound to: 8 - type: integer 
	Parameter CASE13 bound to: 5'b01101 
	Parameter din13_WIDTH bound to: 8 - type: integer 
	Parameter CASE14 bound to: 5'b01110 
	Parameter din14_WIDTH bound to: 8 - type: integer 
	Parameter CASE15 bound to: 5'b01111 
	Parameter din15_WIDTH bound to: 8 - type: integer 
	Parameter CASE16 bound to: 5'b10000 
	Parameter din16_WIDTH bound to: 8 - type: integer 
	Parameter CASE17 bound to: 5'b10001 
	Parameter din17_WIDTH bound to: 8 - type: integer 
	Parameter def_WIDTH bound to: 8 - type: integer 
	Parameter sel_WIDTH bound to: 5 - type: integer 
	Parameter dout_WIDTH bound to: 8 - type: integer 
	Parameter ID bound to: 1 - type: integer 
	Parameter NUM_STAGE bound to: 1 - type: integer 
	Parameter din0_WIDTH bound to: 10 - type: integer 
	Parameter din1_WIDTH bound to: 8 - type: integer 
	Parameter dout_WIDTH bound to: 18 - type: integer 
	Parameter ID bound to: 1 - type: integer 
	Parameter NUM_STAGE bound to: 1 - type: integer 
	Parameter din0_WIDTH bound to: 10 - type: integer 
	Parameter din1_WIDTH bound to: 8 - type: integer 
	Parameter dout_WIDTH bound to: 18 - type: integer 
	Parameter ID bound to: 1 - type: integer 
	Parameter NUM_STAGE bound to: 1 - type: integer 
	Parameter din0_WIDTH bound to: 10 - type: integer 
	Parameter din1_WIDTH bound to: 8 - type: integer 
	Parameter dout_WIDTH bound to: 18 - type: integer 
	Parameter ID bound to: 1 - type: integer 
	Parameter NUM_STAGE bound to: 1 - type: integer 
	Parameter din0_WIDTH bound to: 10 - type: integer 
	Parameter din1_WIDTH bound to: 8 - type: integer 
	Parameter dout_WIDTH bound to: 18 - type: integer 
	Parameter ID bound to: 1 - type: integer 
	Parameter NUM_STAGE bound to: 1 - type: integer 
	Parameter din0_WIDTH bound to: 10 - type: integer 
	Parameter din1_WIDTH bound to: 8 - type: integer 
	Parameter dout_WIDTH bound to: 18 - type: integer 
	Parameter ID bound to: 1 - type: integer 
	Parameter NUM_STAGE bound to: 1 - type: integer 
	Parameter din0_WIDTH bound to: 10 - type: integer 
	Parameter din1_WIDTH bound to: 8 - type: integer 
	Parameter dout_WIDTH bound to: 18 - type: integer 
	Parameter ID bound to: 1 - type: integer 
	Parameter NUM_STAGE bound to: 1 - type: integer 
	Parameter din0_WIDTH bound to: 10 - type: integer 
	Parameter din1_WIDTH bound to: 8 - type: integer 
	Parameter dout_WIDTH bound to: 18 - type: integer 
	Parameter ID bound to: 1 - type: integer 
	Parameter NUM_STAGE bound to: 1 - type: integer 
	Parameter din0_WIDTH bound to: 10 - type: integer 
	Parameter din1_WIDTH bound to: 8 - type: integer 
	Parameter dout_WIDTH bound to: 18 - type: integer 
	Parameter ID bound to: 1 - type: integer 
	Parameter NUM_STAGE bound to: 1 - type: integer 
	Parameter din0_WIDTH bound to: 10 - type: integer 
	Parameter din1_WIDTH bound to: 8 - type: integer 
	Parameter dout_WIDTH bound to: 18 - type: integer 
	Parameter ID bound to: 1 - type: integer 
	Parameter NUM_STAGE bound to: 1 - type: integer 
	Parameter din0_WIDTH bound to: 10 - type: integer 
	Parameter din1_WIDTH bound to: 8 - type: integer 
	Parameter dout_WIDTH bound to: 18 - type: integer 
	Parameter ID bound to: 1 - type: integer 
	Parameter NUM_STAGE bound to: 1 - type: integer 
	Parameter din0_WIDTH bound to: 10 - type: integer 
	Parameter din1_WIDTH bound to: 8 - type: integer 
	Parameter dout_WIDTH bound to: 18 - type: integer 
	Parameter ID bound to: 1 - type: integer 
	Parameter NUM_STAGE bound to: 1 - type: integer 
	Parameter din0_WIDTH bound to: 10 - type: integer 
	Parameter din1_WIDTH bound to: 8 - type: integer 
	Parameter dout_WIDTH bound to: 18 - type: integer 
	Parameter ID bound to: 1 - type: integer 
	Parameter NUM_STAGE bound to: 1 - type: integer 
	Parameter din0_WIDTH bound to: 10 - type: integer 
	Parameter din1_WIDTH bound to: 8 - type: integer 
	Parameter dout_WIDTH bound to: 18 - type: integer 
	Parameter ID bound to: 1 - type: integer 
	Parameter NUM_STAGE bound to: 1 - type: integer 
	Parameter din0_WIDTH bound to: 10 - type: integer 
	Parameter din1_WIDTH bound to: 8 - type: integer 
	Parameter dout_WIDTH bound to: 18 - type: integer 
	Parameter ID bound to: 1 - type: integer 
	Parameter NUM_STAGE bound to: 1 - type: integer 
	Parameter din0_WIDTH bound to: 10 - type: integer 
	Parameter din1_WIDTH bound to: 8 - type: integer 
	Parameter dout_WIDTH bound to: 18 - type: integer 
	Parameter ID bound to: 1 - type: integer 
	Parameter NUM_STAGE bound to: 1 - type: integer 
	Parameter din0_WIDTH bound to: 10 - type: integer 
	Parameter din1_WIDTH bound to: 8 - type: integer 
	Parameter dout_WIDTH bound to: 18 - type: integer 
	Parameter ID bound to: 1 - type: integer 
	Parameter NUM_STAGE bound to: 1 - type: integer 
	Parameter din0_WIDTH bound to: 10 - type: integer 
	Parameter din1_WIDTH bound to: 8 - type: integer 
	Parameter dout_WIDTH bound to: 18 - type: integer 
	Parameter ID bound to: 1 - type: integer 
	Parameter NUM_STAGE bound to: 1 - type: integer 
	Parameter din0_WIDTH bound to: 10 - type: integer 
	Parameter din1_WIDTH bound to: 8 - type: integer 
	Parameter dout_WIDTH bound to: 18 - type: integer 
	Parameter ID bound to: 1 - type: integer 
	Parameter NUM_STAGE bound to: 1 - type: integer 
	Parameter din0_WIDTH bound to: 10 - type: integer 
	Parameter din1_WIDTH bound to: 8 - type: integer 
	Parameter dout_WIDTH bound to: 18 - type: integer 
	Parameter ID bound to: 1 - type: integer 
	Parameter NUM_STAGE bound to: 1 - type: integer 
	Parameter din0_WIDTH bound to: 10 - type: integer 
	Parameter din1_WIDTH bound to: 8 - type: integer 
	Parameter dout_WIDTH bound to: 18 - type: integer 
	Parameter ID bound to: 1 - type: integer 
	Parameter NUM_STAGE bound to: 1 - type: integer 
	Parameter din0_WIDTH bound to: 10 - type: integer 
	Parameter din1_WIDTH bound to: 8 - type: integer 
	Parameter dout_WIDTH bound to: 18 - type: integer 
	Parameter ID bound to: 1 - type: integer 
	Parameter NUM_STAGE bound to: 1 - type: integer 
	Parameter din0_WIDTH bound to: 10 - type: integer 
	Parameter din1_WIDTH bound to: 8 - type: integer 
	Parameter dout_WIDTH bound to: 18 - type: integer 
	Parameter ID bound to: 1 - type: integer 
	Parameter NUM_STAGE bound to: 1 - type: integer 
	Parameter din0_WIDTH bound to: 10 - type: integer 
	Parameter din1_WIDTH bound to: 8 - type: integer 
	Parameter dout_WIDTH bound to: 18 - type: integer 
	Parameter ID bound to: 1 - type: integer 
	Parameter NUM_STAGE bound to: 1 - type: integer 
	Parameter din0_WIDTH bound to: 10 - type: integer 
	Parameter din1_WIDTH bound to: 8 - type: integer 
	Parameter dout_WIDTH bound to: 18 - type: integer 
	Parameter ID bound to: 1 - type: integer 
	Parameter NUM_STAGE bound to: 1 - type: integer 
	Parameter din0_WIDTH bound to: 10 - type: integer 
	Parameter din1_WIDTH bound to: 8 - type: integer 
	Parameter dout_WIDTH bound to: 18 - type: integer 
	Parameter ID bound to: 1 - type: integer 
	Parameter NUM_STAGE bound to: 1 - type: integer 
	Parameter din0_WIDTH bound to: 10 - type: integer 
	Parameter din1_WIDTH bound to: 8 - type: integer 
	Parameter dout_WIDTH bound to: 18 - type: integer 
	Parameter ID bound to: 1 - type: integer 
	Parameter NUM_STAGE bound to: 1 - type: integer 
	Parameter din0_WIDTH bound to: 10 - type: integer 
	Parameter din1_WIDTH bound to: 8 - type: integer 
	Parameter dout_WIDTH bound to: 18 - type: integer 
	Parameter ID bound to: 1 - type: integer 
	Parameter NUM_STAGE bound to: 1 - type: integer 
	Parameter din0_WIDTH bound to: 10 - type: integer 
	Parameter din1_WIDTH bound to: 8 - type: integer 
	Parameter dout_WIDTH bound to: 18 - type: integer 
	Parameter ID bound to: 1 - type: integer 
	Parameter NUM_STAGE bound to: 1 - type: integer 
	Parameter din0_WIDTH bound to: 10 - type: integer 
	Parameter din1_WIDTH bound to: 8 - type: integer 
	Parameter dout_WIDTH bound to: 18 - type: integer 
	Parameter ID bound to: 1 - type: integer 
	Parameter NUM_STAGE bound to: 1 - type: integer 
	Parameter din0_WIDTH bound to: 10 - type: integer 
	Parameter din1_WIDTH bound to: 8 - type: integer 
	Parameter dout_WIDTH bound to: 18 - type: integer 
	Parameter ID bound to: 1 - type: integer 
	Parameter NUM_STAGE bound to: 1 - type: integer 
	Parameter din0_WIDTH bound to: 10 - type: integer 
	Parameter din1_WIDTH bound to: 8 - type: integer 
	Parameter dout_WIDTH bound to: 18 - type: integer 
	Parameter ID bound to: 1 - type: integer 
	Parameter NUM_STAGE bound to: 1 - type: integer 
	Parameter din0_WIDTH bound to: 10 - type: integer 
	Parameter din1_WIDTH bound to: 8 - type: integer 
	Parameter dout_WIDTH bound to: 18 - type: integer 
	Parameter ID bound to: 1 - type: integer 
	Parameter NUM_STAGE bound to: 1 - type: integer 
	Parameter din0_WIDTH bound to: 10 - type: integer 
	Parameter din1_WIDTH bound to: 8 - type: integer 
	Parameter dout_WIDTH bound to: 18 - type: integer 
	Parameter ID bound to: 1 - type: integer 
	Parameter NUM_STAGE bound to: 1 - type: integer 
	Parameter din0_WIDTH bound to: 10 - type: integer 
	Parameter din1_WIDTH bound to: 8 - type: integer 
	Parameter dout_WIDTH bound to: 18 - type: integer 
	Parameter ID bound to: 1 - type: integer 
	Parameter NUM_STAGE bound to: 1 - type: integer 
	Parameter din0_WIDTH bound to: 10 - type: integer 
	Parameter din1_WIDTH bound to: 8 - type: integer 
	Parameter dout_WIDTH bound to: 18 - type: integer 
	Parameter ID bound to: 1 - type: integer 
	Parameter NUM_STAGE bound to: 1 - type: integer 
	Parameter din0_WIDTH bound to: 10 - type: integer 
	Parameter din1_WIDTH bound to: 8 - type: integer 
	Parameter dout_WIDTH bound to: 18 - type: integer 
	Parameter ID bound to: 1 - type: integer 
	Parameter NUM_STAGE bound to: 1 - type: integer 
	Parameter din0_WIDTH bound to: 10 - type: integer 
	Parameter din1_WIDTH bound to: 8 - type: integer 
	Parameter dout_WIDTH bound to: 18 - type: integer 
	Parameter ID bound to: 1 - type: integer 
	Parameter NUM_STAGE bound to: 1 - type: integer 
	Parameter din0_WIDTH bound to: 10 - type: integer 
	Parameter din1_WIDTH bound to: 8 - type: integer 
	Parameter dout_WIDTH bound to: 18 - type: integer 
	Parameter ID bound to: 1 - type: integer 
	Parameter NUM_STAGE bound to: 1 - type: integer 
	Parameter din0_WIDTH bound to: 10 - type: integer 
	Parameter din1_WIDTH bound to: 8 - type: integer 
	Parameter dout_WIDTH bound to: 18 - type: integer 
INFO: [Synth 8-256] done synthesizing module 'myproject_dense_resource_ap_ufixed_8_0_4_0_0_ap_fixed_16_6_5_3_0_config24_s' (0#1) [/home/dabadjiev/smartpixels_ml_dsabadjiev/Muon_Collider_Smart_Pixels/eric/Results_June2026_99SigEff/model2.5_fin_results/model2_5_10bit_normalised_selected/pareto_primary/hls_outputs_vsynth/hls_model_trial_065/myproject_prj/solution1/syn/vhdl/myproject_dense_resource_ap_ufixed_8_0_4_0_0_ap_fixed_16_6_5_3_0_config24_s.vhd:105]
INFO: [Synth 8-638] synthesizing module 'myproject_relu_ap_fixed_16_6_5_3_0_ap_ufixed_8_0_4_0_0_relu_config26_s' [/home/dabadjiev/smartpixels_ml_dsabadjiev/Muon_Collider_Smart_Pixels/eric/Results_June2026_99SigEff/model2.5_fin_results/model2_5_10bit_normalised_selected/pareto_primary/hls_outputs_vsynth/hls_model_trial_065/myproject_prj/solution1/syn/vhdl/myproject_relu_ap_fixed_16_6_5_3_0_ap_ufixed_8_0_4_0_0_relu_config26_s.vhd:64]
INFO: [Synth 8-256] done synthesizing module 'myproject_relu_ap_fixed_16_6_5_3_0_ap_ufixed_8_0_4_0_0_relu_config26_s' (0#1) [/home/dabadjiev/smartpixels_ml_dsabadjiev/Muon_Collider_Smart_Pixels/eric/Results_June2026_99SigEff/model2.5_fin_results/model2_5_10bit_normalised_selected/pareto_primary/hls_outputs_vsynth/hls_model_trial_065/myproject_prj/solution1/syn/vhdl/myproject_relu_ap_fixed_16_6_5_3_0_ap_ufixed_8_0_4_0_0_relu_config26_s.vhd:64]
INFO: [Synth 8-638] synthesizing module 'myproject_dense_resource_ap_ufixed_8_0_4_0_0_ap_fixed_16_6_5_3_0_config27_s' [/home/dabadjiev/smartpixels_ml_dsabadjiev/Muon_Collider_Smart_Pixels/eric/Results_June2026_99SigEff/model2.5_fin_results/model2_5_10bit_normalised_selected/pareto_primary/hls_outputs_vsynth/hls_model_trial_065/myproject_prj/solution1/syn/vhdl/myproject_dense_resource_ap_ufixed_8_0_4_0_0_ap_fixed_16_6_5_3_0_config27_s.vhd:48]
	Parameter ID bound to: 1 - type: integer 
	Parameter NUM_STAGE bound to: 1 - type: integer 
	Parameter CASE0 bound to: 5'b00000 
	Parameter din0_WIDTH bound to: 8 - type: integer 
	Parameter CASE1 bound to: 5'b00001 
	Parameter din1_WIDTH bound to: 8 - type: integer 
	Parameter CASE2 bound to: 5'b00010 
	Parameter din2_WIDTH bound to: 8 - type: integer 
	Parameter CASE3 bound to: 5'b00011 
	Parameter din3_WIDTH bound to: 8 - type: integer 
	Parameter CASE4 bound to: 5'b00100 
	Parameter din4_WIDTH bound to: 8 - type: integer 
	Parameter CASE5 bound to: 5'b00101 
	Parameter din5_WIDTH bound to: 8 - type: integer 
	Parameter CASE6 bound to: 5'b00110 
	Parameter din6_WIDTH bound to: 8 - type: integer 
	Parameter CASE7 bound to: 5'b00111 
	Parameter din7_WIDTH bound to: 8 - type: integer 
	Parameter CASE8 bound to: 5'b01000 
	Parameter din8_WIDTH bound to: 8 - type: integer 
	Parameter CASE9 bound to: 5'b01001 
	Parameter din9_WIDTH bound to: 8 - type: integer 
	Parameter CASE10 bound to: 5'b01010 
	Parameter din10_WIDTH bound to: 8 - type: integer 
	Parameter CASE11 bound to: 5'b01011 
	Parameter din11_WIDTH bound to: 8 - type: integer 
	Parameter CASE12 bound to: 5'b01100 
	Parameter din12_WIDTH bound to: 8 - type: integer 
	Parameter CASE13 bound to: 5'b01101 
	Parameter din13_WIDTH bound to: 8 - type: integer 
	Parameter CASE14 bound to: 5'b01110 
	Parameter din14_WIDTH bound to: 8 - type: integer 
	Parameter CASE15 bound to: 5'b01111 
	Parameter din15_WIDTH bound to: 8 - type: integer 
	Parameter CASE16 bound to: 5'b10000 
	Parameter din16_WIDTH bound to: 8 - type: integer 
	Parameter CASE17 bound to: 5'b10001 
	Parameter din17_WIDTH bound to: 8 - type: integer 
	Parameter CASE18 bound to: 5'b10010 
	Parameter din18_WIDTH bound to: 8 - type: integer 
	Parameter CASE19 bound to: 5'b10011 
	Parameter din19_WIDTH bound to: 8 - type: integer 
	Parameter def_WIDTH bound to: 8 - type: integer 
	Parameter sel_WIDTH bound to: 5 - type: integer 
	Parameter dout_WIDTH bound to: 8 - type: integer 
INFO: [Synth 8-638] synthesizing module 'myproject_sparsemux_41_5_8_1_1' [/home/dabadjiev/smartpixels_ml_dsabadjiev/Muon_Collider_Smart_Pixels/eric/Results_June2026_99SigEff/model2.5_fin_results/model2_5_10bit_normalised_selected/pareto_primary/hls_outputs_vsynth/hls_model_trial_065/myproject_prj/solution1/syn/vhdl/myproject_sparsemux_41_5_8_1_1.vhd:151]
	Parameter din0_WIDTH bound to: 8 - type: integer 
	Parameter din1_WIDTH bound to: 8 - type: integer 
	Parameter din2_WIDTH bound to: 8 - type: integer 
	Parameter din3_WIDTH bound to: 8 - type: integer 
	Parameter din4_WIDTH bound to: 8 - type: integer 
	Parameter din5_WIDTH bound to: 8 - type: integer 
	Parameter din6_WIDTH bound to: 8 - type: integer 
	Parameter din7_WIDTH bound to: 8 - type: integer 
	Parameter din8_WIDTH bound to: 8 - type: integer 
	Parameter din9_WIDTH bound to: 8 - type: integer 
	Parameter din10_WIDTH bound to: 8 - type: integer 
	Parameter din11_WIDTH bound to: 8 - type: integer 
	Parameter din12_WIDTH bound to: 8 - type: integer 
	Parameter din13_WIDTH bound to: 8 - type: integer 
	Parameter din14_WIDTH bound to: 8 - type: integer 
	Parameter din15_WIDTH bound to: 8 - type: integer 
	Parameter din16_WIDTH bound to: 8 - type: integer 
	Parameter din17_WIDTH bound to: 8 - type: integer 
	Parameter din18_WIDTH bound to: 8 - type: integer 
	Parameter din19_WIDTH bound to: 8 - type: integer 
	Parameter def_WIDTH bound to: 8 - type: integer 
	Parameter sel_WIDTH bound to: 5 - type: integer 
	Parameter dout_WIDTH bound to: 8 - type: integer 
	Parameter CASE0 bound to: 5'b00000 
	Parameter CASE1 bound to: 5'b00001 
	Parameter CASE2 bound to: 5'b00010 
	Parameter CASE3 bound to: 5'b00011 
	Parameter CASE4 bound to: 5'b00100 
	Parameter CASE5 bound to: 5'b00101 
	Parameter CASE6 bound to: 5'b00110 
	Parameter CASE7 bound to: 5'b00111 
	Parameter CASE8 bound to: 5'b01000 
	Parameter CASE9 bound to: 5'b01001 
	Parameter CASE10 bound to: 5'b01010 
	Parameter CASE11 bound to: 5'b01011 
	Parameter CASE12 bound to: 5'b01100 
	Parameter CASE13 bound to: 5'b01101 
	Parameter CASE14 bound to: 5'b01110 
	Parameter CASE15 bound to: 5'b01111 
	Parameter CASE16 bound to: 5'b10000 
	Parameter CASE17 bound to: 5'b10001 
	Parameter CASE18 bound to: 5'b10010 
	Parameter CASE19 bound to: 5'b10011 
	Parameter ID bound to: 1 - type: integer 
	Parameter NUM_STAGE bound to: 1 - type: integer 
WARNING: [Synth 8-614] signal 'def' is read in the process but is not in the sensitivity list [/home/dabadjiev/smartpixels_ml_dsabadjiev/Muon_Collider_Smart_Pixels/eric/Results_June2026_99SigEff/model2.5_fin_results/model2_5_10bit_normalised_selected/pareto_primary/hls_outputs_vsynth/hls_model_trial_065/myproject_prj/solution1/syn/vhdl/myproject_sparsemux_41_5_8_1_1.vhd:157]
INFO: [Synth 8-256] done synthesizing module 'myproject_sparsemux_41_5_8_1_1' (0#1) [/home/dabadjiev/smartpixels_ml_dsabadjiev/Muon_Collider_Smart_Pixels/eric/Results_June2026_99SigEff/model2.5_fin_results/model2_5_10bit_normalised_selected/pareto_primary/hls_outputs_vsynth/hls_model_trial_065/myproject_prj/solution1/syn/vhdl/myproject_sparsemux_41_5_8_1_1.vhd:151]
	Parameter ID bound to: 1 - type: integer 
	Parameter NUM_STAGE bound to: 1 - type: integer 
	Parameter din0_WIDTH bound to: 10 - type: integer 
	Parameter din1_WIDTH bound to: 8 - type: integer 
	Parameter dout_WIDTH bound to: 18 - type: integer 
INFO: [Synth 8-256] done synthesizing module 'myproject_dense_resource_ap_ufixed_8_0_4_0_0_ap_fixed_16_6_5_3_0_config27_s' (0#1) [/home/dabadjiev/smartpixels_ml_dsabadjiev/Muon_Collider_Smart_Pixels/eric/Results_June2026_99SigEff/model2.5_fin_results/model2_5_10bit_normalised_selected/pareto_primary/hls_outputs_vsynth/hls_model_trial_065/myproject_prj/solution1/syn/vhdl/myproject_dense_resource_ap_ufixed_8_0_4_0_0_ap_fixed_16_6_5_3_0_config27_s.vhd:48]
INFO: [Synth 8-638] synthesizing module 'myproject_hard_sigmoid_ap_fixed_ap_ufixed_8_0_4_0_0_hard_sigmoid_config29_s' [/home/dabadjiev/smartpixels_ml_dsabadjiev/Muon_Collider_Smart_Pixels/eric/Results_June2026_99SigEff/model2.5_fin_results/model2_5_10bit_normalised_selected/pareto_primary/hls_outputs_vsynth/hls_model_trial_065/myproject_prj/solution1/syn/vhdl/myproject_hard_sigmoid_ap_fixed_ap_ufixed_8_0_4_0_0_hard_sigmoid_config29_s.vhd:26]
INFO: [Synth 8-256] done synthesizing module 'myproject_hard_sigmoid_ap_fixed_ap_ufixed_8_0_4_0_0_hard_sigmoid_config29_s' (0#1) [/home/dabadjiev/smartpixels_ml_dsabadjiev/Muon_Collider_Smart_Pixels/eric/Results_June2026_99SigEff/model2.5_fin_results/model2_5_10bit_normalised_selected/pareto_primary/hls_outputs_vsynth/hls_model_trial_065/myproject_prj/solution1/syn/vhdl/myproject_hard_sigmoid_ap_fixed_ap_ufixed_8_0_4_0_0_hard_sigmoid_config29_s.vhd:26]
INFO: [Synth 8-638] synthesizing module 'myproject_fifo_w12_d2_S' [/home/dabadjiev/smartpixels_ml_dsabadjiev/Muon_Collider_Smart_Pixels/eric/Results_June2026_99SigEff/model2.5_fin_results/model2_5_10bit_normalised_selected/pareto_primary/hls_outputs_vsynth/hls_model_trial_065/myproject_prj/solution1/syn/vhdl/myproject_fifo_w12_d2_S.vhd:40]
	Parameter DATA_WIDTH bound to: 12 - type: integer 
	Parameter ADDR_WIDTH bound to: 2 - type: integer 
	Parameter DEPTH bound to: 2 - type: integer 
INFO: [Synth 8-638] synthesizing module 'myproject_fifo_w12_d2_S_ShiftReg' [/home/dabadjiev/smartpixels_ml_dsabadjiev/Muon_Collider_Smart_Pixels/eric/Results_June2026_99SigEff/model2.5_fin_results/model2_5_10bit_normalised_selected/pareto_primary/hls_outputs_vsynth/hls_model_trial_065/myproject_prj/solution1/syn/vhdl/myproject_fifo_w12_d2_S.vhd:179]
	Parameter DATA_WIDTH bound to: 12 - type: integer 
	Parameter ADDR_WIDTH bound to: 2 - type: integer 
	Parameter DEPTH bound to: 2 - type: integer 
INFO: [Synth 8-256] done synthesizing module 'myproject_fifo_w12_d2_S_ShiftReg' (0#1) [/home/dabadjiev/smartpixels_ml_dsabadjiev/Muon_Collider_Smart_Pixels/eric/Results_June2026_99SigEff/model2.5_fin_results/model2_5_10bit_normalised_selected/pareto_primary/hls_outputs_vsynth/hls_model_trial_065/myproject_prj/solution1/syn/vhdl/myproject_fifo_w12_d2_S.vhd:179]
INFO: [Synth 8-256] done synthesizing module 'myproject_fifo_w12_d2_S' (0#1) [/home/dabadjiev/smartpixels_ml_dsabadjiev/Muon_Collider_Smart_Pixels/eric/Results_June2026_99SigEff/model2.5_fin_results/model2_5_10bit_normalised_selected/pareto_primary/hls_outputs_vsynth/hls_model_trial_065/myproject_prj/solution1/syn/vhdl/myproject_fifo_w12_d2_S.vhd:40]
INFO: [Synth 8-638] synthesizing module 'myproject_fifo_w11_d2_S' [/home/dabadjiev/smartpixels_ml_dsabadjiev/Muon_Collider_Smart_Pixels/eric/Results_June2026_99SigEff/model2.5_fin_results/model2_5_10bit_normalised_selected/pareto_primary/hls_outputs_vsynth/hls_model_trial_065/myproject_prj/solution1/syn/vhdl/myproject_fifo_w11_d2_S.vhd:40]
	Parameter DATA_WIDTH bound to: 11 - type: integer 
	Parameter ADDR_WIDTH bound to: 2 - type: integer 
	Parameter DEPTH bound to: 2 - type: integer 
INFO: [Synth 8-638] synthesizing module 'myproject_fifo_w11_d2_S_ShiftReg' [/home/dabadjiev/smartpixels_ml_dsabadjiev/Muon_Collider_Smart_Pixels/eric/Results_June2026_99SigEff/model2.5_fin_results/model2_5_10bit_normalised_selected/pareto_primary/hls_outputs_vsynth/hls_model_trial_065/myproject_prj/solution1/syn/vhdl/myproject_fifo_w11_d2_S.vhd:179]
	Parameter DATA_WIDTH bound to: 11 - type: integer 
	Parameter ADDR_WIDTH bound to: 2 - type: integer 
	Parameter DEPTH bound to: 2 - type: integer 
INFO: [Synth 8-256] done synthesizing module 'myproject_fifo_w11_d2_S_ShiftReg' (0#1) [/home/dabadjiev/smartpixels_ml_dsabadjiev/Muon_Collider_Smart_Pixels/eric/Results_June2026_99SigEff/model2.5_fin_results/model2_5_10bit_normalised_selected/pareto_primary/hls_outputs_vsynth/hls_model_trial_065/myproject_prj/solution1/syn/vhdl/myproject_fifo_w11_d2_S.vhd:179]
INFO: [Synth 8-256] done synthesizing module 'myproject_fifo_w11_d2_S' (0#1) [/home/dabadjiev/smartpixels_ml_dsabadjiev/Muon_Collider_Smart_Pixels/eric/Results_June2026_99SigEff/model2.5_fin_results/model2_5_10bit_normalised_selected/pareto_primary/hls_outputs_vsynth/hls_model_trial_065/myproject_prj/solution1/syn/vhdl/myproject_fifo_w11_d2_S.vhd:40]
INFO: [Synth 8-638] synthesizing module 'myproject_fifo_w12_d3_S' [/home/dabadjiev/smartpixels_ml_dsabadjiev/Muon_Collider_Smart_Pixels/eric/Results_June2026_99SigEff/model2.5_fin_results/model2_5_10bit_normalised_selected/pareto_primary/hls_outputs_vsynth/hls_model_trial_065/myproject_prj/solution1/syn/vhdl/myproject_fifo_w12_d3_S.vhd:40]
	Parameter DATA_WIDTH bound to: 12 - type: integer 
	Parameter ADDR_WIDTH bound to: 2 - type: integer 
	Parameter DEPTH bound to: 3 - type: integer 
INFO: [Synth 8-638] synthesizing module 'myproject_fifo_w12_d3_S_ShiftReg' [/home/dabadjiev/smartpixels_ml_dsabadjiev/Muon_Collider_Smart_Pixels/eric/Results_June2026_99SigEff/model2.5_fin_results/model2_5_10bit_normalised_selected/pareto_primary/hls_outputs_vsynth/hls_model_trial_065/myproject_prj/solution1/syn/vhdl/myproject_fifo_w12_d3_S.vhd:179]
	Parameter DATA_WIDTH bound to: 12 - type: integer 
	Parameter ADDR_WIDTH bound to: 2 - type: integer 
	Parameter DEPTH bound to: 3 - type: integer 
INFO: [Synth 8-256] done synthesizing module 'myproject_fifo_w12_d3_S_ShiftReg' (0#1) [/home/dabadjiev/smartpixels_ml_dsabadjiev/Muon_Collider_Smart_Pixels/eric/Results_June2026_99SigEff/model2.5_fin_results/model2_5_10bit_normalised_selected/pareto_primary/hls_outputs_vsynth/hls_model_trial_065/myproject_prj/solution1/syn/vhdl/myproject_fifo_w12_d3_S.vhd:179]
INFO: [Synth 8-256] done synthesizing module 'myproject_fifo_w12_d3_S' (0#1) [/home/dabadjiev/smartpixels_ml_dsabadjiev/Muon_Collider_Smart_Pixels/eric/Results_June2026_99SigEff/model2.5_fin_results/model2_5_10bit_normalised_selected/pareto_primary/hls_outputs_vsynth/hls_model_trial_065/myproject_prj/solution1/syn/vhdl/myproject_fifo_w12_d3_S.vhd:40]
INFO: [Synth 8-638] synthesizing module 'myproject_fifo_w16_d2_S' [/home/dabadjiev/smartpixels_ml_dsabadjiev/Muon_Collider_Smart_Pixels/eric/Results_June2026_99SigEff/model2.5_fin_results/model2_5_10bit_normalised_selected/pareto_primary/hls_outputs_vsynth/hls_model_trial_065/myproject_prj/solution1/syn/vhdl/myproject_fifo_w16_d2_S.vhd:40]
	Parameter DATA_WIDTH bound to: 16 - type: integer 
	Parameter ADDR_WIDTH bound to: 2 - type: integer 
	Parameter DEPTH bound to: 2 - type: integer 
INFO: [Synth 8-638] synthesizing module 'myproject_fifo_w16_d2_S_ShiftReg' [/home/dabadjiev/smartpixels_ml_dsabadjiev/Muon_Collider_Smart_Pixels/eric/Results_June2026_99SigEff/model2.5_fin_results/model2_5_10bit_normalised_selected/pareto_primary/hls_outputs_vsynth/hls_model_trial_065/myproject_prj/solution1/syn/vhdl/myproject_fifo_w16_d2_S.vhd:179]
	Parameter DATA_WIDTH bound to: 16 - type: integer 
	Parameter ADDR_WIDTH bound to: 2 - type: integer 
	Parameter DEPTH bound to: 2 - type: integer 
INFO: [Synth 8-256] done synthesizing module 'myproject_fifo_w16_d2_S_ShiftReg' (0#1) [/home/dabadjiev/smartpixels_ml_dsabadjiev/Muon_Collider_Smart_Pixels/eric/Results_June2026_99SigEff/model2.5_fin_results/model2_5_10bit_normalised_selected/pareto_primary/hls_outputs_vsynth/hls_model_trial_065/myproject_prj/solution1/syn/vhdl/myproject_fifo_w16_d2_S.vhd:179]
INFO: [Synth 8-256] done synthesizing module 'myproject_fifo_w16_d2_S' (0#1) [/home/dabadjiev/smartpixels_ml_dsabadjiev/Muon_Collider_Smart_Pixels/eric/Results_June2026_99SigEff/model2.5_fin_results/model2_5_10bit_normalised_selected/pareto_primary/hls_outputs_vsynth/hls_model_trial_065/myproject_prj/solution1/syn/vhdl/myproject_fifo_w16_d2_S.vhd:40]
INFO: [Synth 8-638] synthesizing module 'myproject_fifo_w8_d2_S' [/home/dabadjiev/smartpixels_ml_dsabadjiev/Muon_Collider_Smart_Pixels/eric/Results_June2026_99SigEff/model2.5_fin_results/model2_5_10bit_normalised_selected/pareto_primary/hls_outputs_vsynth/hls_model_trial_065/myproject_prj/solution1/syn/vhdl/myproject_fifo_w8_d2_S.vhd:40]
	Parameter DATA_WIDTH bound to: 8 - type: integer 
	Parameter ADDR_WIDTH bound to: 2 - type: integer 
	Parameter DEPTH bound to: 2 - type: integer 
INFO: [Synth 8-638] synthesizing module 'myproject_fifo_w8_d2_S_ShiftReg' [/home/dabadjiev/smartpixels_ml_dsabadjiev/Muon_Collider_Smart_Pixels/eric/Results_June2026_99SigEff/model2.5_fin_results/model2_5_10bit_normalised_selected/pareto_primary/hls_outputs_vsynth/hls_model_trial_065/myproject_prj/solution1/syn/vhdl/myproject_fifo_w8_d2_S.vhd:179]
	Parameter DATA_WIDTH bound to: 8 - type: integer 
	Parameter ADDR_WIDTH bound to: 2 - type: integer 
	Parameter DEPTH bound to: 2 - type: integer 
INFO: [Synth 8-256] done synthesizing module 'myproject_fifo_w8_d2_S_ShiftReg' (0#1) [/home/dabadjiev/smartpixels_ml_dsabadjiev/Muon_Collider_Smart_Pixels/eric/Results_June2026_99SigEff/model2.5_fin_results/model2_5_10bit_normalised_selected/pareto_primary/hls_outputs_vsynth/hls_model_trial_065/myproject_prj/solution1/syn/vhdl/myproject_fifo_w8_d2_S.vhd:179]
INFO: [Synth 8-256] done synthesizing module 'myproject_fifo_w8_d2_S' (0#1) [/home/dabadjiev/smartpixels_ml_dsabadjiev/Muon_Collider_Smart_Pixels/eric/Results_June2026_99SigEff/model2.5_fin_results/model2_5_10bit_normalised_selected/pareto_primary/hls_outputs_vsynth/hls_model_trial_065/myproject_prj/solution1/syn/vhdl/myproject_fifo_w8_d2_S.vhd:40]
INFO: [Synth 8-638] synthesizing module 'myproject_fifo_w8_d3_S' [/home/dabadjiev/smartpixels_ml_dsabadjiev/Muon_Collider_Smart_Pixels/eric/Results_June2026_99SigEff/model2.5_fin_results/model2_5_10bit_normalised_selected/pareto_primary/hls_outputs_vsynth/hls_model_trial_065/myproject_prj/solution1/syn/vhdl/myproject_fifo_w8_d3_S.vhd:40]
	Parameter DATA_WIDTH bound to: 8 - type: integer 
	Parameter ADDR_WIDTH bound to: 2 - type: integer 
	Parameter DEPTH bound to: 3 - type: integer 
INFO: [Synth 8-638] synthesizing module 'myproject_fifo_w8_d3_S_ShiftReg' [/home/dabadjiev/smartpixels_ml_dsabadjiev/Muon_Collider_Smart_Pixels/eric/Results_June2026_99SigEff/model2.5_fin_results/model2_5_10bit_normalised_selected/pareto_primary/hls_outputs_vsynth/hls_model_trial_065/myproject_prj/solution1/syn/vhdl/myproject_fifo_w8_d3_S.vhd:179]
	Parameter DATA_WIDTH bound to: 8 - type: integer 
	Parameter ADDR_WIDTH bound to: 2 - type: integer 
	Parameter DEPTH bound to: 3 - type: integer 
INFO: [Synth 8-256] done synthesizing module 'myproject_fifo_w8_d3_S_ShiftReg' (0#1) [/home/dabadjiev/smartpixels_ml_dsabadjiev/Muon_Collider_Smart_Pixels/eric/Results_June2026_99SigEff/model2.5_fin_results/model2_5_10bit_normalised_selected/pareto_primary/hls_outputs_vsynth/hls_model_trial_065/myproject_prj/solution1/syn/vhdl/myproject_fifo_w8_d3_S.vhd:179]
INFO: [Synth 8-256] done synthesizing module 'myproject_fifo_w8_d3_S' (0#1) [/home/dabadjiev/smartpixels_ml_dsabadjiev/Muon_Collider_Smart_Pixels/eric/Results_June2026_99SigEff/model2.5_fin_results/model2_5_10bit_normalised_selected/pareto_primary/hls_outputs_vsynth/hls_model_trial_065/myproject_prj/solution1/syn/vhdl/myproject_fifo_w8_d3_S.vhd:40]
INFO: [Synth 8-638] synthesizing module 'myproject_fifo_w10_d2_S' [/home/dabadjiev/smartpixels_ml_dsabadjiev/Muon_Collider_Smart_Pixels/eric/Results_June2026_99SigEff/model2.5_fin_results/model2_5_10bit_normalised_selected/pareto_primary/hls_outputs_vsynth/hls_model_trial_065/myproject_prj/solution1/syn/vhdl/myproject_fifo_w10_d2_S.vhd:40]
	Parameter DATA_WIDTH bound to: 10 - type: integer 
	Parameter ADDR_WIDTH bound to: 2 - type: integer 
	Parameter DEPTH bound to: 2 - type: integer 
INFO: [Synth 8-638] synthesizing module 'myproject_fifo_w10_d2_S_ShiftReg' [/home/dabadjiev/smartpixels_ml_dsabadjiev/Muon_Collider_Smart_Pixels/eric/Results_June2026_99SigEff/model2.5_fin_results/model2_5_10bit_normalised_selected/pareto_primary/hls_outputs_vsynth/hls_model_trial_065/myproject_prj/solution1/syn/vhdl/myproject_fifo_w10_d2_S.vhd:179]
	Parameter DATA_WIDTH bound to: 10 - type: integer 
	Parameter ADDR_WIDTH bound to: 2 - type: integer 
	Parameter DEPTH bound to: 2 - type: integer 
INFO: [Synth 8-256] done synthesizing module 'myproject_fifo_w10_d2_S_ShiftReg' (0#1) [/home/dabadjiev/smartpixels_ml_dsabadjiev/Muon_Collider_Smart_Pixels/eric/Results_June2026_99SigEff/model2.5_fin_results/model2_5_10bit_normalised_selected/pareto_primary/hls_outputs_vsynth/hls_model_trial_065/myproject_prj/solution1/syn/vhdl/myproject_fifo_w10_d2_S.vhd:179]
INFO: [Synth 8-256] done synthesizing module 'myproject_fifo_w10_d2_S' (0#1) [/home/dabadjiev/smartpixels_ml_dsabadjiev/Muon_Collider_Smart_Pixels/eric/Results_June2026_99SigEff/model2.5_fin_results/model2_5_10bit_normalised_selected/pareto_primary/hls_outputs_vsynth/hls_model_trial_065/myproject_prj/solution1/syn/vhdl/myproject_fifo_w10_d2_S.vhd:40]
INFO: [Synth 8-256] done synthesizing module 'myproject' (0#1) [/home/dabadjiev/smartpixels_ml_dsabadjiev/Muon_Collider_Smart_Pixels/eric/Results_June2026_99SigEff/model2.5_fin_results/model2_5_10bit_normalised_selected/pareto_primary/hls_outputs_vsynth/hls_model_trial_065/myproject_prj/solution1/syn/vhdl/myproject.vhd:205]
WARNING: [Synth 8-3917] design myproject has port w14_d0[15] driven by constant 0
WARNING: [Synth 8-3917] design myproject has port w14_d0[14] driven by constant 0
WARNING: [Synth 8-3917] design myproject has port w14_d0[13] driven by constant 0
WARNING: [Synth 8-3917] design myproject has port w14_d0[12] driven by constant 0
WARNING: [Synth 8-3917] design myproject has port w14_d0[11] driven by constant 0
WARNING: [Synth 8-3917] design myproject has port w14_d0[10] driven by constant 0
WARNING: [Synth 8-3917] design myproject has port w14_d0[9] driven by constant 0
WARNING: [Synth 8-3917] design myproject has port w14_d0[8] driven by constant 0
WARNING: [Synth 8-3917] design myproject has port w14_d0[7] driven by constant 0
WARNING: [Synth 8-3917] design myproject has port w14_d0[6] driven by constant 0
WARNING: [Synth 8-3917] design myproject has port w14_d0[5] driven by constant 0
WARNING: [Synth 8-3917] design myproject has port w14_d0[4] driven by constant 0
WARNING: [Synth 8-3917] design myproject has port w14_d0[3] driven by constant 0
WARNING: [Synth 8-3917] design myproject has port w14_d0[2] driven by constant 0
WARNING: [Synth 8-3917] design myproject has port w14_d0[1] driven by constant 0
WARNING: [Synth 8-3917] design myproject has port w14_d0[0] driven by constant 0
WARNING: [Synth 8-3917] design myproject has port w14_we0 driven by constant 0
WARNING: [Synth 8-3917] design myproject has port w14_d1[15] driven by constant 0
WARNING: [Synth 8-3917] design myproject has port w14_d1[14] driven by constant 0
WARNING: [Synth 8-3917] design myproject has port w14_d1[13] driven by constant 0
WARNING: [Synth 8-3917] design myproject has port w14_d1[12] driven by constant 0
WARNING: [Synth 8-3917] design myproject has port w14_d1[11] driven by constant 0
WARNING: [Synth 8-3917] design myproject has port w14_d1[10] driven by constant 0
WARNING: [Synth 8-3917] design myproject has port w14_d1[9] driven by constant 0
WARNING: [Synth 8-3917] design myproject has port w14_d1[8] driven by constant 0
WARNING: [Synth 8-3917] design myproject has port w14_d1[7] driven by constant 0
WARNING: [Synth 8-3917] design myproject has port w14_d1[6] driven by constant 0
WARNING: [Synth 8-3917] design myproject has port w14_d1[5] driven by constant 0
WARNING: [Synth 8-3917] design myproject has port w14_d1[4] driven by constant 0
WARNING: [Synth 8-3917] design myproject has port w14_d1[3] driven by constant 0
WARNING: [Synth 8-3917] design myproject has port w14_d1[2] driven by constant 0
WARNING: [Synth 8-3917] design myproject has port w14_d1[1] driven by constant 0
WARNING: [Synth 8-3917] design myproject has port w14_d1[0] driven by constant 0
WARNING: [Synth 8-3917] design myproject has port w14_we1 driven by constant 0
WARNING: [Synth 8-3917] design myproject has port w16_d0[9] driven by constant 0
WARNING: [Synth 8-3917] design myproject has port w16_d0[8] driven by constant 0
WARNING: [Synth 8-3917] design myproject has port w16_d0[7] driven by constant 0
WARNING: [Synth 8-3917] design myproject has port w16_d0[6] driven by constant 0
WARNING: [Synth 8-3917] design myproject has port w16_d0[5] driven by constant 0
WARNING: [Synth 8-3917] design myproject has port w16_d0[4] driven by constant 0
WARNING: [Synth 8-3917] design myproject has port w16_d0[3] driven by constant 0
WARNING: [Synth 8-3917] design myproject has port w16_d0[2] driven by constant 0
WARNING: [Synth 8-3917] design myproject has port w16_d0[1] driven by constant 0
WARNING: [Synth 8-3917] design myproject has port w16_d0[0] driven by constant 0
WARNING: [Synth 8-3917] design myproject has port w16_we0 driven by constant 0
WARNING: [Synth 8-3917] design myproject has port w16_address1[3] driven by constant 0
WARNING: [Synth 8-3917] design myproject has port w16_address1[2] driven by constant 0
WARNING: [Synth 8-3917] design myproject has port w16_address1[1] driven by constant 0
WARNING: [Synth 8-3917] design myproject has port w16_address1[0] driven by constant 0
WARNING: [Synth 8-3917] design myproject has port w16_ce1 driven by constant 0
WARNING: [Synth 8-3917] design myproject has port w16_d1[9] driven by constant 0
WARNING: [Synth 8-3917] design myproject has port w16_d1[8] driven by constant 0
WARNING: [Synth 8-3917] design myproject has port w16_d1[7] driven by constant 0
WARNING: [Synth 8-3917] design myproject has port w16_d1[6] driven by constant 0
WARNING: [Synth 8-3917] design myproject has port w16_d1[5] driven by constant 0
WARNING: [Synth 8-3917] design myproject has port w16_d1[4] driven by constant 0
WARNING: [Synth 8-3917] design myproject has port w16_d1[3] driven by constant 0
WARNING: [Synth 8-3917] design myproject has port w16_d1[2] driven by constant 0
WARNING: [Synth 8-3917] design myproject has port w16_d1[1] driven by constant 0
WARNING: [Synth 8-3917] design myproject has port w16_d1[0] driven by constant 0
WARNING: [Synth 8-3917] design myproject has port w16_we1 driven by constant 0
WARNING: [Synth 8-3917] design myproject has port w21_d0[15] driven by constant 0
WARNING: [Synth 8-3917] design myproject has port w21_d0[14] driven by constant 0
WARNING: [Synth 8-3917] design myproject has port w21_d0[13] driven by constant 0
WARNING: [Synth 8-3917] design myproject has port w21_d0[12] driven by constant 0
WARNING: [Synth 8-3917] design myproject has port w21_d0[11] driven by constant 0
WARNING: [Synth 8-3917] design myproject has port w21_d0[10] driven by constant 0
WARNING: [Synth 8-3917] design myproject has port w21_d0[9] driven by constant 0
WARNING: [Synth 8-3917] design myproject has port w21_d0[8] driven by constant 0
WARNING: [Synth 8-3917] design myproject has port w21_d0[7] driven by constant 0
WARNING: [Synth 8-3917] design myproject has port w21_d0[6] driven by constant 0
WARNING: [Synth 8-3917] design myproject has port w21_d0[5] driven by constant 0
WARNING: [Synth 8-3917] design myproject has port w21_d0[4] driven by constant 0
WARNING: [Synth 8-3917] design myproject has port w21_d0[3] driven by constant 0
WARNING: [Synth 8-3917] design myproject has port w21_d0[2] driven by constant 0
WARNING: [Synth 8-3917] design myproject has port w21_d0[1] driven by constant 0
WARNING: [Synth 8-3917] design myproject has port w21_d0[0] driven by constant 0
WARNING: [Synth 8-3917] design myproject has port w21_we0 driven by constant 0
WARNING: [Synth 8-3917] design myproject has port w21_d1[15] driven by constant 0
WARNING: [Synth 8-3917] design myproject has port w21_d1[14] driven by constant 0
WARNING: [Synth 8-3917] design myproject has port w21_d1[13] driven by constant 0
WARNING: [Synth 8-3917] design myproject has port w21_d1[12] driven by constant 0
WARNING: [Synth 8-3917] design myproject has port w21_d1[11] driven by constant 0
WARNING: [Synth 8-3917] design myproject has port w21_d1[10] driven by constant 0
WARNING: [Synth 8-3917] design myproject has port w21_d1[9] driven by constant 0
WARNING: [Synth 8-3917] design myproject has port w21_d1[8] driven by constant 0
WARNING: [Synth 8-3917] design myproject has port w21_d1[7] driven by constant 0
WARNING: [Synth 8-3917] design myproject has port w21_d1[6] driven by constant 0
WARNING: [Synth 8-3917] design myproject has port w21_d1[5] driven by constant 0
WARNING: [Synth 8-3917] design myproject has port w21_d1[4] driven by constant 0
WARNING: [Synth 8-3917] design myproject has port w21_d1[3] driven by constant 0
WARNING: [Synth 8-3917] design myproject has port w21_d1[2] driven by constant 0
WARNING: [Synth 8-3917] design myproject has port w21_d1[1] driven by constant 0
WARNING: [Synth 8-3917] design myproject has port w21_d1[0] driven by constant 0
WARNING: [Synth 8-3917] design myproject has port w21_we1 driven by constant 0
WARNING: [Synth 8-3917] design myproject has port w24_d0[15] driven by constant 0
WARNING: [Synth 8-3917] design myproject has port w24_d0[14] driven by constant 0
WARNING: [Synth 8-3917] design myproject has port w24_d0[13] driven by constant 0
WARNING: [Synth 8-3917] design myproject has port w24_d0[12] driven by constant 0
WARNING: [Synth 8-3917] design myproject has port w24_d0[11] driven by constant 0
INFO: [Common 17-14] Message 'Synth 8-3917' appears 100 times and further instances of the messages will be disabled. Use the Tcl command set_msg_config to change the current settings.
WARNING: [Synth 8-7129] Port addr[1] in module myproject_fifo_w16_d2_S_ShiftReg is either unconnected or has no load
WARNING: [Synth 8-7129] Port addr[1] in module myproject_fifo_w8_d2_S_ShiftReg is either unconnected or has no load
WARNING: [Synth 8-7129] Port addr[1] in module myproject_fifo_w10_d2_S_ShiftReg is either unconnected or has no load
WARNING: [Synth 8-7129] Port addr[1] in module myproject_fifo_w11_d2_S_ShiftReg is either unconnected or has no load
WARNING: [Synth 8-7129] Port addr[1] in module myproject_fifo_w12_d2_S_ShiftReg is either unconnected or has no load
WARNING: [Synth 8-7129] Port w24_q0[15] in module myproject_dense_resource_ap_ufixed_8_0_4_0_0_ap_fixed_16_6_5_3_0_config24_s is either unconnected or has no load
WARNING: [Synth 8-7129] Port w24_q0[14] in module myproject_dense_resource_ap_ufixed_8_0_4_0_0_ap_fixed_16_6_5_3_0_config24_s is either unconnected or has no load
WARNING: [Synth 8-7129] Port w24_q0[13] in module myproject_dense_resource_ap_ufixed_8_0_4_0_0_ap_fixed_16_6_5_3_0_config24_s is either unconnected or has no load
WARNING: [Synth 8-7129] Port w24_q0[12] in module myproject_dense_resource_ap_ufixed_8_0_4_0_0_ap_fixed_16_6_5_3_0_config24_s is either unconnected or has no load
WARNING: [Synth 8-7129] Port w24_q0[11] in module myproject_dense_resource_ap_ufixed_8_0_4_0_0_ap_fixed_16_6_5_3_0_config24_s is either unconnected or has no load
WARNING: [Synth 8-7129] Port w24_q0[10] in module myproject_dense_resource_ap_ufixed_8_0_4_0_0_ap_fixed_16_6_5_3_0_config24_s is either unconnected or has no load
WARNING: [Synth 8-7129] Port w24_q1[15] in module myproject_dense_resource_ap_ufixed_8_0_4_0_0_ap_fixed_16_6_5_3_0_config24_s is either unconnected or has no load
WARNING: [Synth 8-7129] Port w24_q1[14] in module myproject_dense_resource_ap_ufixed_8_0_4_0_0_ap_fixed_16_6_5_3_0_config24_s is either unconnected or has no load
WARNING: [Synth 8-7129] Port w24_q1[13] in module myproject_dense_resource_ap_ufixed_8_0_4_0_0_ap_fixed_16_6_5_3_0_config24_s is either unconnected or has no load
WARNING: [Synth 8-7129] Port w24_q1[12] in module myproject_dense_resource_ap_ufixed_8_0_4_0_0_ap_fixed_16_6_5_3_0_config24_s is either unconnected or has no load
WARNING: [Synth 8-7129] Port w24_q1[11] in module myproject_dense_resource_ap_ufixed_8_0_4_0_0_ap_fixed_16_6_5_3_0_config24_s is either unconnected or has no load
WARNING: [Synth 8-7129] Port w24_q1[10] in module myproject_dense_resource_ap_ufixed_8_0_4_0_0_ap_fixed_16_6_5_3_0_config24_s is either unconnected or has no load
WARNING: [Synth 8-7129] Port def[9] in module myproject_sparsemux_33_4_10_1_1 is either unconnected or has no load
WARNING: [Synth 8-7129] Port def[8] in module myproject_sparsemux_33_4_10_1_1 is either unconnected or has no load
WARNING: [Synth 8-7129] Port def[7] in module myproject_sparsemux_33_4_10_1_1 is either unconnected or has no load
WARNING: [Synth 8-7129] Port def[6] in module myproject_sparsemux_33_4_10_1_1 is either unconnected or has no load
WARNING: [Synth 8-7129] Port def[5] in module myproject_sparsemux_33_4_10_1_1 is either unconnected or has no load
WARNING: [Synth 8-7129] Port def[4] in module myproject_sparsemux_33_4_10_1_1 is either unconnected or has no load
WARNING: [Synth 8-7129] Port def[3] in module myproject_sparsemux_33_4_10_1_1 is either unconnected or has no load
WARNING: [Synth 8-7129] Port def[2] in module myproject_sparsemux_33_4_10_1_1 is either unconnected or has no load
WARNING: [Synth 8-7129] Port def[1] in module myproject_sparsemux_33_4_10_1_1 is either unconnected or has no load
WARNING: [Synth 8-7129] Port def[0] in module myproject_sparsemux_33_4_10_1_1 is either unconnected or has no load
WARNING: [Synth 8-7129] Port w21_q0[15] in module myproject_dense_resource_ap_fixed_16_6_5_3_0_ap_fixed_16_6_5_3_0_config21_s is either unconnected or has no load
WARNING: [Synth 8-7129] Port w21_q0[14] in module myproject_dense_resource_ap_fixed_16_6_5_3_0_ap_fixed_16_6_5_3_0_config21_s is either unconnected or has no load
WARNING: [Synth 8-7129] Port w21_q0[13] in module myproject_dense_resource_ap_fixed_16_6_5_3_0_ap_fixed_16_6_5_3_0_config21_s is either unconnected or has no load
WARNING: [Synth 8-7129] Port w21_q0[12] in module myproject_dense_resource_ap_fixed_16_6_5_3_0_ap_fixed_16_6_5_3_0_config21_s is either unconnected or has no load
WARNING: [Synth 8-7129] Port w21_q0[11] in module myproject_dense_resource_ap_fixed_16_6_5_3_0_ap_fixed_16_6_5_3_0_config21_s is either unconnected or has no load
WARNING: [Synth 8-7129] Port w21_q0[10] in module myproject_dense_resource_ap_fixed_16_6_5_3_0_ap_fixed_16_6_5_3_0_config21_s is either unconnected or has no load
WARNING: [Synth 8-7129] Port w21_q1[15] in module myproject_dense_resource_ap_fixed_16_6_5_3_0_ap_fixed_16_6_5_3_0_config21_s is either unconnected or has no load
WARNING: [Synth 8-7129] Port w21_q1[14] in module myproject_dense_resource_ap_fixed_16_6_5_3_0_ap_fixed_16_6_5_3_0_config21_s is either unconnected or has no load
WARNING: [Synth 8-7129] Port w21_q1[13] in module myproject_dense_resource_ap_fixed_16_6_5_3_0_ap_fixed_16_6_5_3_0_config21_s is either unconnected or has no load
WARNING: [Synth 8-7129] Port w21_q1[12] in module myproject_dense_resource_ap_fixed_16_6_5_3_0_ap_fixed_16_6_5_3_0_config21_s is either unconnected or has no load
WARNING: [Synth 8-7129] Port w21_q1[11] in module myproject_dense_resource_ap_fixed_16_6_5_3_0_ap_fixed_16_6_5_3_0_config21_s is either unconnected or has no load
WARNING: [Synth 8-7129] Port w21_q1[10] in module myproject_dense_resource_ap_fixed_16_6_5_3_0_ap_fixed_16_6_5_3_0_config21_s is either unconnected or has no load
WARNING: [Synth 8-7129] Port def[15] in module myproject_sparsemux_17_3_16_1_1 is either unconnected or has no load
WARNING: [Synth 8-7129] Port def[14] in module myproject_sparsemux_17_3_16_1_1 is either unconnected or has no load
WARNING: [Synth 8-7129] Port def[13] in module myproject_sparsemux_17_3_16_1_1 is either unconnected or has no load
WARNING: [Synth 8-7129] Port def[12] in module myproject_sparsemux_17_3_16_1_1 is either unconnected or has no load
WARNING: [Synth 8-7129] Port def[11] in module myproject_sparsemux_17_3_16_1_1 is either unconnected or has no load
WARNING: [Synth 8-7129] Port def[10] in module myproject_sparsemux_17_3_16_1_1 is either unconnected or has no load
WARNING: [Synth 8-7129] Port def[9] in module myproject_sparsemux_17_3_16_1_1 is either unconnected or has no load
WARNING: [Synth 8-7129] Port def[8] in module myproject_sparsemux_17_3_16_1_1 is either unconnected or has no load
WARNING: [Synth 8-7129] Port def[7] in module myproject_sparsemux_17_3_16_1_1 is either unconnected or has no load
WARNING: [Synth 8-7129] Port def[6] in module myproject_sparsemux_17_3_16_1_1 is either unconnected or has no load
WARNING: [Synth 8-7129] Port def[5] in module myproject_sparsemux_17_3_16_1_1 is either unconnected or has no load
WARNING: [Synth 8-7129] Port def[4] in module myproject_sparsemux_17_3_16_1_1 is either unconnected or has no load
WARNING: [Synth 8-7129] Port def[3] in module myproject_sparsemux_17_3_16_1_1 is either unconnected or has no load
WARNING: [Synth 8-7129] Port def[2] in module myproject_sparsemux_17_3_16_1_1 is either unconnected or has no load
WARNING: [Synth 8-7129] Port def[1] in module myproject_sparsemux_17_3_16_1_1 is either unconnected or has no load
WARNING: [Synth 8-7129] Port def[0] in module myproject_sparsemux_17_3_16_1_1 is either unconnected or has no load
WARNING: [Synth 8-7129] Port reset in module myproject_dense_resource_ap_fixed_16_6_5_3_0_ap_fixed_16_6_5_3_0_config16_s_outidx_i_RObkb is either unconnected or has no load
WARNING: [Synth 8-7129] Port w14_q0[15] in module myproject_dense_resource_ap_fixed_16_6_5_3_0_ap_fixed_16_6_5_3_0_config14_s is either unconnected or has no load
WARNING: [Synth 8-7129] Port w14_q0[14] in module myproject_dense_resource_ap_fixed_16_6_5_3_0_ap_fixed_16_6_5_3_0_config14_s is either unconnected or has no load
WARNING: [Synth 8-7129] Port w14_q0[13] in module myproject_dense_resource_ap_fixed_16_6_5_3_0_ap_fixed_16_6_5_3_0_config14_s is either unconnected or has no load
WARNING: [Synth 8-7129] Port w14_q0[12] in module myproject_dense_resource_ap_fixed_16_6_5_3_0_ap_fixed_16_6_5_3_0_config14_s is either unconnected or has no load
WARNING: [Synth 8-7129] Port w14_q0[11] in module myproject_dense_resource_ap_fixed_16_6_5_3_0_ap_fixed_16_6_5_3_0_config14_s is either unconnected or has no load
WARNING: [Synth 8-7129] Port w14_q0[10] in module myproject_dense_resource_ap_fixed_16_6_5_3_0_ap_fixed_16_6_5_3_0_config14_s is either unconnected or has no load
WARNING: [Synth 8-7129] Port w14_q1[15] in module myproject_dense_resource_ap_fixed_16_6_5_3_0_ap_fixed_16_6_5_3_0_config14_s is either unconnected or has no load
WARNING: [Synth 8-7129] Port w14_q1[14] in module myproject_dense_resource_ap_fixed_16_6_5_3_0_ap_fixed_16_6_5_3_0_config14_s is either unconnected or has no load
WARNING: [Synth 8-7129] Port w14_q1[13] in module myproject_dense_resource_ap_fixed_16_6_5_3_0_ap_fixed_16_6_5_3_0_config14_s is either unconnected or has no load
WARNING: [Synth 8-7129] Port w14_q1[12] in module myproject_dense_resource_ap_fixed_16_6_5_3_0_ap_fixed_16_6_5_3_0_config14_s is either unconnected or has no load
WARNING: [Synth 8-7129] Port w14_q1[11] in module myproject_dense_resource_ap_fixed_16_6_5_3_0_ap_fixed_16_6_5_3_0_config14_s is either unconnected or has no load
WARNING: [Synth 8-7129] Port w14_q1[10] in module myproject_dense_resource_ap_fixed_16_6_5_3_0_ap_fixed_16_6_5_3_0_config14_s is either unconnected or has no load
WARNING: [Synth 8-7129] Port p_read[0] in module myproject_concatenate1d_ap_fixed_ap_fixed_ap_fixed_16_6_5_3_0_config13_s is either unconnected or has no load
WARNING: [Synth 8-7129] Port p_read1[0] in module myproject_concatenate1d_ap_fixed_ap_fixed_ap_fixed_16_6_5_3_0_config13_s is either unconnected or has no load
WARNING: [Synth 8-7129] Port p_read34[0] in module myproject_concatenate1d_ap_fixed_ap_fixed_ap_fixed_16_6_5_3_0_config12_s is either unconnected or has no load
WARNING: [Synth 8-7129] Port p_read[0] in module myproject_concatenate1d_ap_fixed_ap_fixed_ap_fixed_16_6_5_3_0_config8_s is either unconnected or has no load
WARNING: [Synth 8-7129] Port p_read1[0] in module myproject_concatenate1d_ap_fixed_ap_fixed_ap_fixed_16_6_5_3_0_config8_s is either unconnected or has no load
WARNING: [Synth 8-7129] Port p_read2[0] in module myproject_concatenate1d_ap_fixed_ap_fixed_ap_fixed_16_6_5_3_0_config8_s is either unconnected or has no load
WARNING: [Synth 8-7129] Port p_read3[0] in module myproject_concatenate1d_ap_fixed_ap_fixed_ap_fixed_16_6_5_3_0_config8_s is either unconnected or has no load
WARNING: [Synth 8-7129] Port p_read4[0] in module myproject_concatenate1d_ap_fixed_ap_fixed_ap_fixed_16_6_5_3_0_config8_s is either unconnected or has no load
WARNING: [Synth 8-7129] Port p_read5[0] in module myproject_concatenate1d_ap_fixed_ap_fixed_ap_fixed_16_6_5_3_0_config8_s is either unconnected or has no load
WARNING: [Synth 8-7129] Port p_read6[0] in module myproject_concatenate1d_ap_fixed_ap_fixed_ap_fixed_16_6_5_3_0_config8_s is either unconnected or has no load
WARNING: [Synth 8-7129] Port p_read7[0] in module myproject_concatenate1d_ap_fixed_ap_fixed_ap_fixed_16_6_5_3_0_config8_s is either unconnected or has no load
WARNING: [Synth 8-7129] Port p_read8[0] in module myproject_concatenate1d_ap_fixed_ap_fixed_ap_fixed_16_6_5_3_0_config8_s is either unconnected or has no load
WARNING: [Synth 8-7129] Port p_read9[0] in module myproject_concatenate1d_ap_fixed_ap_fixed_ap_fixed_16_6_5_3_0_config8_s is either unconnected or has no load
WARNING: [Synth 8-7129] Port p_read10[0] in module myproject_concatenate1d_ap_fixed_ap_fixed_ap_fixed_16_6_5_3_0_config8_s is either unconnected or has no load
WARNING: [Synth 8-7129] Port p_read11[0] in module myproject_concatenate1d_ap_fixed_ap_fixed_ap_fixed_16_6_5_3_0_config8_s is either unconnected or has no load
WARNING: [Synth 8-7129] Port p_read12[0] in module myproject_concatenate1d_ap_fixed_ap_fixed_ap_fixed_16_6_5_3_0_config8_s is either unconnected or has no load
WARNING: [Synth 8-7129] Port p_read13[0] in module myproject_concatenate1d_ap_fixed_ap_fixed_ap_fixed_16_6_5_3_0_config8_s is either unconnected or has no load
WARNING: [Synth 8-7129] Port p_read14[0] in module myproject_concatenate1d_ap_fixed_ap_fixed_ap_fixed_16_6_5_3_0_config8_s is either unconnected or has no load
WARNING: [Synth 8-7129] Port p_read15[0] in module myproject_concatenate1d_ap_fixed_ap_fixed_ap_fixed_16_6_5_3_0_config8_s is either unconnected or has no load
WARNING: [Synth 8-7129] Port p_read16[0] in module myproject_concatenate1d_ap_fixed_ap_fixed_ap_fixed_16_6_5_3_0_config8_s is either unconnected or has no load
WARNING: [Synth 8-7129] Port p_read17[0] in module myproject_concatenate1d_ap_fixed_ap_fixed_ap_fixed_16_6_5_3_0_config8_s is either unconnected or has no load
WARNING: [Synth 8-7129] Port p_read18[0] in module myproject_concatenate1d_ap_fixed_ap_fixed_ap_fixed_16_6_5_3_0_config8_s is either unconnected or has no load
WARNING: [Synth 8-7129] Port p_read19[0] in module myproject_concatenate1d_ap_fixed_ap_fixed_ap_fixed_16_6_5_3_0_config8_s is either unconnected or has no load
WARNING: [Synth 8-7129] Port p_read20[0] in module myproject_concatenate1d_ap_fixed_ap_fixed_ap_fixed_16_6_5_3_0_config8_s is either unconnected or has no load
WARNING: [Synth 8-7129] Port p_read21[0] in module myproject_concatenate1d_ap_fixed_ap_fixed_ap_fixed_16_6_5_3_0_config8_s is either unconnected or has no load
WARNING: [Synth 8-7129] Port p_read22[0] in module myproject_concatenate1d_ap_fixed_ap_fixed_ap_fixed_16_6_5_3_0_config8_s is either unconnected or has no load
WARNING: [Synth 8-7129] Port p_read23[0] in module myproject_concatenate1d_ap_fixed_ap_fixed_ap_fixed_16_6_5_3_0_config8_s is either unconnected or has no load
WARNING: [Synth 8-7129] Port p_read24[0] in module myproject_concatenate1d_ap_fixed_ap_fixed_ap_fixed_16_6_5_3_0_config8_s is either unconnected or has no load
WARNING: [Synth 8-7129] Port p_read25[0] in module myproject_concatenate1d_ap_fixed_ap_fixed_ap_fixed_16_6_5_3_0_config8_s is either unconnected or has no load
WARNING: [Synth 8-7129] Port p_read26[0] in module myproject_concatenate1d_ap_fixed_ap_fixed_ap_fixed_16_6_5_3_0_config8_s is either unconnected or has no load
WARNING: [Synth 8-7129] Port p_read27[0] in module myproject_concatenate1d_ap_fixed_ap_fixed_ap_fixed_16_6_5_3_0_config8_s is either unconnected or has no load
WARNING: [Synth 8-7129] Port p_read28[0] in module myproject_concatenate1d_ap_fixed_ap_fixed_ap_fixed_16_6_5_3_0_config8_s is either unconnected or has no load
INFO: [Common 17-14] Message 'Synth 8-7129' appears 100 times and further instances of the messages will be disabled. Use the Tcl command set_msg_config to change the current settings.
---------------------------------------------------------------------------------
Finished Synthesize : Time (s): cpu = 00:00:14 ; elapsed = 00:00:14 . Memory (MB): peak = 2462.168 ; gain = 782.016 ; free physical = 63354 ; free virtual = 192765
---------------------------------------------------------------------------------
---------------------------------------------------------------------------------
Finished Constraint Validation : Time (s): cpu = 00:00:15 ; elapsed = 00:00:16 . Memory (MB): peak = 2462.168 ; gain = 782.016 ; free physical = 65266 ; free virtual = 194672
---------------------------------------------------------------------------------
---------------------------------------------------------------------------------
Start Loading Part and Timing Information
---------------------------------------------------------------------------------
Loading part: xc7z020clg400-1
---------------------------------------------------------------------------------
Finished Loading Part and Timing Information : Time (s): cpu = 00:00:15 ; elapsed = 00:00:16 . Memory (MB): peak = 2470.172 ; gain = 790.020 ; free physical = 65264 ; free virtual = 194659
INFO: [Device 21-403] Loading part xc7z020clg400-1
---------------------------------------------------------------------------------
WARNING: [Synth 8-3936] Found unconnected internal register 'sext_ln73_184_reg_24628_reg' and it is trimmed from '21' to '11' bits. [/home/dabadjiev/smartpixels_ml_dsabadjiev/Muon_Collider_Smart_Pixels/eric/Results_June2026_99SigEff/model2.5_fin_results/model2_5_10bit_normalised_selected/pareto_primary/hls_outputs_vsynth/hls_model_trial_065/myproject_prj/solution1/syn/vhdl/myproject_dense_resource_ap_fixed_16_6_5_3_0_ap_fixed_16_6_5_3_0_config14_s.vhd:11649]
WARNING: [Synth 8-3936] Found unconnected internal register 'sext_ln73_reg_24569_reg' and it is trimmed from '21' to '11' bits. [/home/dabadjiev/smartpixels_ml_dsabadjiev/Muon_Collider_Smart_Pixels/eric/Results_June2026_99SigEff/model2.5_fin_results/model2_5_10bit_normalised_selected/pareto_primary/hls_outputs_vsynth/hls_model_trial_065/myproject_prj/solution1/syn/vhdl/myproject_dense_resource_ap_fixed_16_6_5_3_0_ap_fixed_16_6_5_3_0_config14_s.vhd:11650]
WARNING: [Synth 8-3936] Found unconnected internal register 'sext_ln73_186_reg_24702_reg' and it is trimmed from '21' to '11' bits. [/home/dabadjiev/smartpixels_ml_dsabadjiev/Muon_Collider_Smart_Pixels/eric/Results_June2026_99SigEff/model2.5_fin_results/model2_5_10bit_normalised_selected/pareto_primary/hls_outputs_vsynth/hls_model_trial_065/myproject_prj/solution1/syn/vhdl/myproject_dense_resource_ap_fixed_16_6_5_3_0_ap_fixed_16_6_5_3_0_config14_s.vhd:11690]
WARNING: [Synth 8-3936] Found unconnected internal register 'sext_ln73_188_reg_23300_reg' and it is trimmed from '21' to '11' bits. [/home/dabadjiev/smartpixels_ml_dsabadjiev/Muon_Collider_Smart_Pixels/eric/Results_June2026_99SigEff/model2.5_fin_results/model2_5_10bit_normalised_selected/pareto_primary/hls_outputs_vsynth/hls_model_trial_065/myproject_prj/solution1/syn/vhdl/myproject_dense_resource_ap_fixed_16_6_5_3_0_ap_fixed_16_6_5_3_0_config14_s.vhd:10528]
WARNING: [Synth 8-3936] Found unconnected internal register 'sext_ln73_190_reg_23359_reg' and it is trimmed from '21' to '11' bits. [/home/dabadjiev/smartpixels_ml_dsabadjiev/Muon_Collider_Smart_Pixels/eric/Results_June2026_99SigEff/model2.5_fin_results/model2_5_10bit_normalised_selected/pareto_primary/hls_outputs_vsynth/hls_model_trial_065/myproject_prj/solution1/syn/vhdl/myproject_dense_resource_ap_fixed_16_6_5_3_0_ap_fixed_16_6_5_3_0_config14_s.vhd:10529]
INFO: [Synth 8-4490] FSM extraction disabled for register 'ap_CS_fsm_reg' through user attribute
INFO: [Synth 8-4490] FSM extraction disabled for register 'ap_CS_fsm_reg' through user attribute
INFO: [Device 21-9227] Part: xc7z020clg400-1 does not have CEAM library.
INFO: [Synth 8-4490] FSM extraction disabled for register 'ap_CS_fsm_reg' through user attribute
INFO: [Synth 8-4490] FSM extraction disabled for register 'ap_CS_fsm_reg' through user attribute
INFO: [Synth 8-4490] FSM extraction disabled for register 'ap_CS_fsm_reg' through user attribute
INFO: [Synth 8-4490] FSM extraction disabled for register 'ap_CS_fsm_reg' through user attribute
INFO: [Synth 8-4490] FSM extraction disabled for register 'ap_CS_fsm_reg' through user attribute
INFO: [Synth 8-4490] FSM extraction disabled for register 'ap_CS_fsm_reg' through user attribute
INFO: [Synth 8-4490] FSM extraction disabled for register 'ap_CS_fsm_reg' through user attribute
INFO: [Synth 8-4490] FSM extraction disabled for register 'ap_CS_fsm_reg' through user attribute
---------------------------------------------------------------------------------
Finished RTL Optimization Phase 2 : Time (s): cpu = 00:00:29 ; elapsed = 00:00:26 . Memory (MB): peak = 2505.203 ; gain = 825.051 ; free physical = 65424 ; free virtual = 195055
---------------------------------------------------------------------------------
INFO: [Synth 8-223] decloning instance 'dense_resource_ap_fixed_16_6_5_3_0_ap_fixed_16_6_5_3_0_config14_U0/mul_11s_10s_21_1_1_U84' (myproject_mul_11s_10s_21_1_1) to 'dense_resource_ap_fixed_16_6_5_3_0_ap_fixed_16_6_5_3_0_config14_U0/mul_11s_10s_21_1_1_U86'
INFO: [Synth 8-223] decloning instance 'dense_resource_ap_fixed_16_6_5_3_0_ap_fixed_16_6_5_3_0_config14_U0/mul_11s_10s_21_1_1_U84' (myproject_mul_11s_10s_21_1_1) to 'dense_resource_ap_fixed_16_6_5_3_0_ap_fixed_16_6_5_3_0_config14_U0/mul_11s_10s_21_1_1_U88'
INFO: [Synth 8-223] decloning instance 'dense_resource_ap_fixed_16_6_5_3_0_ap_fixed_16_6_5_3_0_config14_U0/mul_11s_10s_21_1_1_U84' (myproject_mul_11s_10s_21_1_1) to 'dense_resource_ap_fixed_16_6_5_3_0_ap_fixed_16_6_5_3_0_config14_U0/mul_11s_10s_21_1_1_U90'
INFO: [Synth 8-223] decloning instance 'dense_resource_ap_fixed_16_6_5_3_0_ap_fixed_16_6_5_3_0_config14_U0/mul_11s_10s_21_1_1_U84' (myproject_mul_11s_10s_21_1_1) to 'dense_resource_ap_fixed_16_6_5_3_0_ap_fixed_16_6_5_3_0_config14_U0/mul_11s_10s_21_1_1_U92'
INFO: [Synth 8-223] decloning instance 'dense_resource_ap_fixed_16_6_5_3_0_ap_fixed_16_6_5_3_0_config14_U0/mul_11s_10s_21_1_1_U84' (myproject_mul_11s_10s_21_1_1) to 'dense_resource_ap_fixed_16_6_5_3_0_ap_fixed_16_6_5_3_0_config14_U0/mul_11s_10s_21_1_1_U94'
INFO: [Synth 8-223] decloning instance 'dense_resource_ap_fixed_16_6_5_3_0_ap_fixed_16_6_5_3_0_config14_U0/mul_11s_10s_21_1_1_U84' (myproject_mul_11s_10s_21_1_1) to 'dense_resource_ap_fixed_16_6_5_3_0_ap_fixed_16_6_5_3_0_config14_U0/mul_11s_10s_21_1_1_U96'
INFO: [Synth 8-223] decloning instance 'dense_resource_ap_fixed_16_6_5_3_0_ap_fixed_16_6_5_3_0_config14_U0/mul_11s_10s_21_1_1_U84' (myproject_mul_11s_10s_21_1_1) to 'dense_resource_ap_fixed_16_6_5_3_0_ap_fixed_16_6_5_3_0_config14_U0/mul_11s_10s_21_1_1_U98'
INFO: [Synth 8-223] decloning instance 'dense_resource_ap_fixed_16_6_5_3_0_ap_fixed_16_6_5_3_0_config14_U0/mul_11s_10s_21_1_1_U84' (myproject_mul_11s_10s_21_1_1) to 'dense_resource_ap_fixed_16_6_5_3_0_ap_fixed_16_6_5_3_0_config14_U0/mul_11s_10s_21_1_1_U100'
INFO: [Synth 8-223] decloning instance 'dense_resource_ap_fixed_16_6_5_3_0_ap_fixed_16_6_5_3_0_config14_U0/mul_11s_10s_21_1_1_U84' (myproject_mul_11s_10s_21_1_1) to 'dense_resource_ap_fixed_16_6_5_3_0_ap_fixed_16_6_5_3_0_config14_U0/mul_11s_10s_21_1_1_U102'
INFO: [Synth 8-223] decloning instance 'dense_resource_ap_fixed_16_6_5_3_0_ap_fixed_16_6_5_3_0_config14_U0/mul_11s_10s_21_1_1_U84' (myproject_mul_11s_10s_21_1_1) to 'dense_resource_ap_fixed_16_6_5_3_0_ap_fixed_16_6_5_3_0_config14_U0/mul_11s_10s_21_1_1_U104'
INFO: [Synth 8-223] decloning instance 'dense_resource_ap_fixed_16_6_5_3_0_ap_fixed_16_6_5_3_0_config14_U0/mul_11s_10s_21_1_1_U84' (myproject_mul_11s_10s_21_1_1) to 'dense_resource_ap_fixed_16_6_5_3_0_ap_fixed_16_6_5_3_0_config14_U0/mul_11s_10s_21_1_1_U106'
INFO: [Synth 8-223] decloning instance 'dense_resource_ap_fixed_16_6_5_3_0_ap_fixed_16_6_5_3_0_config14_U0/mul_11s_10s_21_1_1_U84' (myproject_mul_11s_10s_21_1_1) to 'dense_resource_ap_fixed_16_6_5_3_0_ap_fixed_16_6_5_3_0_config14_U0/mul_11s_10s_21_1_1_U108'
INFO: [Synth 8-223] decloning instance 'dense_resource_ap_fixed_16_6_5_3_0_ap_fixed_16_6_5_3_0_config14_U0/mul_11s_10s_21_1_1_U84' (myproject_mul_11s_10s_21_1_1) to 'dense_resource_ap_fixed_16_6_5_3_0_ap_fixed_16_6_5_3_0_config14_U0/mul_11s_10s_21_1_1_U110'
INFO: [Synth 8-223] decloning instance 'dense_resource_ap_fixed_16_6_5_3_0_ap_fixed_16_6_5_3_0_config14_U0/mul_11s_10s_21_1_1_U84' (myproject_mul_11s_10s_21_1_1) to 'dense_resource_ap_fixed_16_6_5_3_0_ap_fixed_16_6_5_3_0_config14_U0/mul_11s_10s_21_1_1_U112'
INFO: [Synth 8-223] decloning instance 'dense_resource_ap_fixed_16_6_5_3_0_ap_fixed_16_6_5_3_0_config14_U0/mul_11s_10s_21_1_1_U84' (myproject_mul_11s_10s_21_1_1) to 'dense_resource_ap_fixed_16_6_5_3_0_ap_fixed_16_6_5_3_0_config14_U0/mul_11s_10s_21_1_1_U114'
INFO: [Synth 8-223] decloning instance 'dense_resource_ap_fixed_16_6_5_3_0_ap_fixed_16_6_5_3_0_config14_U0/mul_11s_10s_21_1_1_U84' (myproject_mul_11s_10s_21_1_1) to 'dense_resource_ap_fixed_16_6_5_3_0_ap_fixed_16_6_5_3_0_config14_U0/mul_11s_10s_21_1_1_U116'
INFO: [Synth 8-223] decloning instance 'dense_resource_ap_fixed_16_6_5_3_0_ap_fixed_16_6_5_3_0_config14_U0/mul_11s_10s_21_1_1_U84' (myproject_mul_11s_10s_21_1_1) to 'dense_resource_ap_fixed_16_6_5_3_0_ap_fixed_16_6_5_3_0_config14_U0/mul_11s_10s_21_1_1_U118'
INFO: [Synth 8-223] decloning instance 'dense_resource_ap_fixed_16_6_5_3_0_ap_fixed_16_6_5_3_0_config14_U0/mul_11s_10s_21_1_1_U84' (myproject_mul_11s_10s_21_1_1) to 'dense_resource_ap_fixed_16_6_5_3_0_ap_fixed_16_6_5_3_0_config14_U0/mul_11s_10s_21_1_1_U120'
INFO: [Synth 8-223] decloning instance 'dense_resource_ap_fixed_16_6_5_3_0_ap_fixed_16_6_5_3_0_config14_U0/mul_11s_10s_21_1_1_U84' (myproject_mul_11s_10s_21_1_1) to 'dense_resource_ap_fixed_16_6_5_3_0_ap_fixed_16_6_5_3_0_config14_U0/mul_11s_10s_21_1_1_U122'
INFO: [Synth 8-223] decloning instance 'dense_resource_ap_fixed_16_6_5_3_0_ap_fixed_16_6_5_3_0_config14_U0/mul_11s_10s_21_1_1_U84' (myproject_mul_11s_10s_21_1_1) to 'dense_resource_ap_fixed_16_6_5_3_0_ap_fixed_16_6_5_3_0_config14_U0/mul_11s_10s_21_1_1_U124'
INFO: [Synth 8-223] decloning instance 'dense_resource_ap_fixed_16_6_5_3_0_ap_fixed_16_6_5_3_0_config14_U0/mul_11s_10s_21_1_1_U84' (myproject_mul_11s_10s_21_1_1) to 'dense_resource_ap_fixed_16_6_5_3_0_ap_fixed_16_6_5_3_0_config14_U0/mul_11s_10s_21_1_1_U126'
INFO: [Synth 8-223] decloning instance 'dense_resource_ap_fixed_16_6_5_3_0_ap_fixed_16_6_5_3_0_config14_U0/mul_11s_10s_21_1_1_U84' (myproject_mul_11s_10s_21_1_1) to 'dense_resource_ap_fixed_16_6_5_3_0_ap_fixed_16_6_5_3_0_config14_U0/mul_11s_10s_21_1_1_U128'
INFO: [Synth 8-223] decloning instance 'dense_resource_ap_fixed_16_6_5_3_0_ap_fixed_16_6_5_3_0_config14_U0/mul_11s_10s_21_1_1_U84' (myproject_mul_11s_10s_21_1_1) to 'dense_resource_ap_fixed_16_6_5_3_0_ap_fixed_16_6_5_3_0_config14_U0/mul_11s_10s_21_1_1_U130'
INFO: [Synth 8-223] decloning instance 'dense_resource_ap_fixed_16_6_5_3_0_ap_fixed_16_6_5_3_0_config14_U0/mul_11s_10s_21_1_1_U84' (myproject_mul_11s_10s_21_1_1) to 'dense_resource_ap_fixed_16_6_5_3_0_ap_fixed_16_6_5_3_0_config14_U0/mul_11s_10s_21_1_1_U132'
INFO: [Synth 8-223] decloning instance 'dense_resource_ap_fixed_16_6_5_3_0_ap_fixed_16_6_5_3_0_config14_U0/mul_11s_10s_21_1_1_U84' (myproject_mul_11s_10s_21_1_1) to 'dense_resource_ap_fixed_16_6_5_3_0_ap_fixed_16_6_5_3_0_config14_U0/mul_11s_10s_21_1_1_U134'
INFO: [Synth 8-223] decloning instance 'dense_resource_ap_fixed_16_6_5_3_0_ap_fixed_16_6_5_3_0_config14_U0/mul_11s_10s_21_1_1_U84' (myproject_mul_11s_10s_21_1_1) to 'dense_resource_ap_fixed_16_6_5_3_0_ap_fixed_16_6_5_3_0_config14_U0/mul_11s_10s_21_1_1_U136'
INFO: [Synth 8-223] decloning instance 'dense_resource_ap_fixed_16_6_5_3_0_ap_fixed_16_6_5_3_0_config14_U0/mul_11s_10s_21_1_1_U84' (myproject_mul_11s_10s_21_1_1) to 'dense_resource_ap_fixed_16_6_5_3_0_ap_fixed_16_6_5_3_0_config14_U0/mul_11s_10s_21_1_1_U138'
INFO: [Synth 8-223] decloning instance 'dense_resource_ap_fixed_16_6_5_3_0_ap_fixed_16_6_5_3_0_config14_U0/mul_11s_10s_21_1_1_U84' (myproject_mul_11s_10s_21_1_1) to 'dense_resource_ap_fixed_16_6_5_3_0_ap_fixed_16_6_5_3_0_config14_U0/mul_11s_10s_21_1_1_U140'
INFO: [Synth 8-223] decloning instance 'dense_resource_ap_fixed_16_6_5_3_0_ap_fixed_16_6_5_3_0_config14_U0/mul_11s_10s_21_1_1_U84' (myproject_mul_11s_10s_21_1_1) to 'dense_resource_ap_fixed_16_6_5_3_0_ap_fixed_16_6_5_3_0_config14_U0/mul_11s_10s_21_1_1_U142'
INFO: [Synth 8-223] decloning instance 'dense_resource_ap_fixed_16_6_5_3_0_ap_fixed_16_6_5_3_0_config14_U0/mul_11s_10s_21_1_1_U84' (myproject_mul_11s_10s_21_1_1) to 'dense_resource_ap_fixed_16_6_5_3_0_ap_fixed_16_6_5_3_0_config14_U0/mul_11s_10s_21_1_1_U144'
INFO: [Synth 8-223] decloning instance 'dense_resource_ap_fixed_16_6_5_3_0_ap_fixed_16_6_5_3_0_config14_U0/mul_11s_10s_21_1_1_U84' (myproject_mul_11s_10s_21_1_1) to 'dense_resource_ap_fixed_16_6_5_3_0_ap_fixed_16_6_5_3_0_config14_U0/mul_11s_10s_21_1_1_U146'
INFO: [Synth 8-223] decloning instance 'dense_resource_ap_fixed_16_6_5_3_0_ap_fixed_16_6_5_3_0_config14_U0/mul_11s_10s_21_1_1_U84' (myproject_mul_11s_10s_21_1_1) to 'dense_resource_ap_fixed_16_6_5_3_0_ap_fixed_16_6_5_3_0_config14_U0/mul_11s_10s_21_1_1_U148'
INFO: [Synth 8-223] decloning instance 'dense_resource_ap_fixed_16_6_5_3_0_ap_fixed_16_6_5_3_0_config14_U0/mul_11s_10s_21_1_1_U84' (myproject_mul_11s_10s_21_1_1) to 'dense_resource_ap_fixed_16_6_5_3_0_ap_fixed_16_6_5_3_0_config14_U0/mul_11s_10s_21_1_1_U150'
INFO: [Synth 8-223] decloning instance 'dense_resource_ap_fixed_16_6_5_3_0_ap_fixed_16_6_5_3_0_config14_U0/mul_11s_10s_21_1_1_U84' (myproject_mul_11s_10s_21_1_1) to 'dense_resource_ap_fixed_16_6_5_3_0_ap_fixed_16_6_5_3_0_config14_U0/mul_11s_10s_21_1_1_U152'
INFO: [Synth 8-223] decloning instance 'dense_resource_ap_fixed_16_6_5_3_0_ap_fixed_16_6_5_3_0_config14_U0/mul_11s_10s_21_1_1_U84' (myproject_mul_11s_10s_21_1_1) to 'dense_resource_ap_fixed_16_6_5_3_0_ap_fixed_16_6_5_3_0_config14_U0/mul_11s_10s_21_1_1_U154'
INFO: [Synth 8-223] decloning instance 'dense_resource_ap_fixed_16_6_5_3_0_ap_fixed_16_6_5_3_0_config14_U0/mul_11s_10s_21_1_1_U84' (myproject_mul_11s_10s_21_1_1) to 'dense_resource_ap_fixed_16_6_5_3_0_ap_fixed_16_6_5_3_0_config14_U0/mul_11s_10s_21_1_1_U156'
INFO: [Synth 8-223] decloning instance 'dense_resource_ap_fixed_16_6_5_3_0_ap_fixed_16_6_5_3_0_config14_U0/mul_11s_10s_21_1_1_U84' (myproject_mul_11s_10s_21_1_1) to 'dense_resource_ap_fixed_16_6_5_3_0_ap_fixed_16_6_5_3_0_config14_U0/mul_11s_10s_21_1_1_U158'
INFO: [Synth 8-223] decloning instance 'dense_resource_ap_fixed_16_6_5_3_0_ap_fixed_16_6_5_3_0_config14_U0/mul_11s_10s_21_1_1_U84' (myproject_mul_11s_10s_21_1_1) to 'dense_resource_ap_fixed_16_6_5_3_0_ap_fixed_16_6_5_3_0_config14_U0/mul_11s_10s_21_1_1_U160'
INFO: [Synth 8-223] decloning instance 'dense_resource_ap_fixed_16_6_5_3_0_ap_fixed_16_6_5_3_0_config14_U0/mul_11s_10s_21_1_1_U84' (myproject_mul_11s_10s_21_1_1) to 'dense_resource_ap_fixed_16_6_5_3_0_ap_fixed_16_6_5_3_0_config14_U0/mul_11s_10s_21_1_1_U162'
INFO: [Synth 8-223] decloning instance 'dense_resource_ap_fixed_16_6_5_3_0_ap_fixed_16_6_5_3_0_config14_U0/mul_11s_10s_21_1_1_U84' (myproject_mul_11s_10s_21_1_1) to 'dense_resource_ap_fixed_16_6_5_3_0_ap_fixed_16_6_5_3_0_config14_U0/mul_11s_10s_21_1_1_U164'
INFO: [Synth 8-223] decloning instance 'dense_resource_ap_fixed_16_6_5_3_0_ap_fixed_16_6_5_3_0_config14_U0/mul_11s_10s_21_1_1_U84' (myproject_mul_11s_10s_21_1_1) to 'dense_resource_ap_fixed_16_6_5_3_0_ap_fixed_16_6_5_3_0_config14_U0/mul_11s_10s_21_1_1_U166'
INFO: [Synth 8-223] decloning instance 'dense_resource_ap_fixed_16_6_5_3_0_ap_fixed_16_6_5_3_0_config14_U0/mul_11s_10s_21_1_1_U84' (myproject_mul_11s_10s_21_1_1) to 'dense_resource_ap_fixed_16_6_5_3_0_ap_fixed_16_6_5_3_0_config14_U0/mul_11s_10s_21_1_1_U168'
INFO: [Synth 8-223] decloning instance 'dense_resource_ap_fixed_16_6_5_3_0_ap_fixed_16_6_5_3_0_config14_U0/mul_11s_10s_21_1_1_U84' (myproject_mul_11s_10s_21_1_1) to 'dense_resource_ap_fixed_16_6_5_3_0_ap_fixed_16_6_5_3_0_config14_U0/mul_11s_10s_21_1_1_U170'
INFO: [Synth 8-223] decloning instance 'dense_resource_ap_fixed_16_6_5_3_0_ap_fixed_16_6_5_3_0_config14_U0/mul_11s_10s_21_1_1_U84' (myproject_mul_11s_10s_21_1_1) to 'dense_resource_ap_fixed_16_6_5_3_0_ap_fixed_16_6_5_3_0_config14_U0/mul_11s_10s_21_1_1_U172'
INFO: [Synth 8-223] decloning instance 'dense_resource_ap_fixed_16_6_5_3_0_ap_fixed_16_6_5_3_0_config14_U0/mul_11s_10s_21_1_1_U84' (myproject_mul_11s_10s_21_1_1) to 'dense_resource_ap_fixed_16_6_5_3_0_ap_fixed_16_6_5_3_0_config14_U0/mul_11s_10s_21_1_1_U174'
INFO: [Synth 8-223] decloning instance 'dense_resource_ap_fixed_16_6_5_3_0_ap_fixed_16_6_5_3_0_config14_U0/mul_11s_10s_21_1_1_U84' (myproject_mul_11s_10s_21_1_1) to 'dense_resource_ap_fixed_16_6_5_3_0_ap_fixed_16_6_5_3_0_config14_U0/mul_11s_10s_21_1_1_U176'
INFO: [Synth 8-223] decloning instance 'dense_resource_ap_fixed_16_6_5_3_0_ap_fixed_16_6_5_3_0_config14_U0/mul_11s_10s_21_1_1_U84' (myproject_mul_11s_10s_21_1_1) to 'dense_resource_ap_fixed_16_6_5_3_0_ap_fixed_16_6_5_3_0_config14_U0/mul_11s_10s_21_1_1_U178'
INFO: [Synth 8-223] decloning instance 'dense_resource_ap_fixed_16_6_5_3_0_ap_fixed_16_6_5_3_0_config14_U0/mul_11s_10s_21_1_1_U84' (myproject_mul_11s_10s_21_1_1) to 'dense_resource_ap_fixed_16_6_5_3_0_ap_fixed_16_6_5_3_0_config14_U0/mul_11s_10s_21_1_1_U180'
INFO: [Synth 8-223] decloning instance 'dense_resource_ap_fixed_16_6_5_3_0_ap_fixed_16_6_5_3_0_config14_U0/mul_11s_10s_21_1_1_U84' (myproject_mul_11s_10s_21_1_1) to 'dense_resource_ap_fixed_16_6_5_3_0_ap_fixed_16_6_5_3_0_config14_U0/mul_11s_10s_21_1_1_U182'
INFO: [Synth 8-223] decloning instance 'dense_resource_ap_fixed_16_6_5_3_0_ap_fixed_16_6_5_3_0_config14_U0/mul_11s_10s_21_1_1_U84' (myproject_mul_11s_10s_21_1_1) to 'dense_resource_ap_fixed_16_6_5_3_0_ap_fixed_16_6_5_3_0_config14_U0/mul_11s_10s_21_1_1_U184'
INFO: [Synth 8-223] decloning instance 'dense_resource_ap_fixed_16_6_5_3_0_ap_fixed_16_6_5_3_0_config14_U0/mul_11s_10s_21_1_1_U84' (myproject_mul_11s_10s_21_1_1) to 'dense_resource_ap_fixed_16_6_5_3_0_ap_fixed_16_6_5_3_0_config14_U0/mul_11s_10s_21_1_1_U186'
INFO: [Synth 8-223] decloning instance 'dense_resource_ap_fixed_16_6_5_3_0_ap_fixed_16_6_5_3_0_config14_U0/mul_11s_10s_21_1_1_U84' (myproject_mul_11s_10s_21_1_1) to 'dense_resource_ap_fixed_16_6_5_3_0_ap_fixed_16_6_5_3_0_config14_U0/mul_11s_10s_21_1_1_U188'
INFO: [Synth 8-223] decloning instance 'dense_resource_ap_fixed_16_6_5_3_0_ap_fixed_16_6_5_3_0_config14_U0/mul_11s_10s_21_1_1_U84' (myproject_mul_11s_10s_21_1_1) to 'dense_resource_ap_fixed_16_6_5_3_0_ap_fixed_16_6_5_3_0_config14_U0/mul_11s_10s_21_1_1_U190'
INFO: [Synth 8-223] decloning instance 'dense_resource_ap_fixed_16_6_5_3_0_ap_fixed_16_6_5_3_0_config14_U0/mul_11s_10s_21_1_1_U84' (myproject_mul_11s_10s_21_1_1) to 'dense_resource_ap_fixed_16_6_5_3_0_ap_fixed_16_6_5_3_0_config14_U0/mul_11s_10s_21_1_1_U192'
INFO: [Synth 8-223] decloning instance 'dense_resource_ap_fixed_16_6_5_3_0_ap_fixed_16_6_5_3_0_config14_U0/mul_11s_10s_21_1_1_U85' (myproject_mul_11s_10s_21_1_1) to 'dense_resource_ap_fixed_16_6_5_3_0_ap_fixed_16_6_5_3_0_config14_U0/mul_11s_10s_21_1_1_U87'
INFO: [Synth 8-223] decloning instance 'dense_resource_ap_fixed_16_6_5_3_0_ap_fixed_16_6_5_3_0_config14_U0/mul_11s_10s_21_1_1_U85' (myproject_mul_11s_10s_21_1_1) to 'dense_resource_ap_fixed_16_6_5_3_0_ap_fixed_16_6_5_3_0_config14_U0/mul_11s_10s_21_1_1_U89'
INFO: [Synth 8-223] decloning instance 'dense_resource_ap_fixed_16_6_5_3_0_ap_fixed_16_6_5_3_0_config14_U0/mul_11s_10s_21_1_1_U85' (myproject_mul_11s_10s_21_1_1) to 'dense_resource_ap_fixed_16_6_5_3_0_ap_fixed_16_6_5_3_0_config14_U0/mul_11s_10s_21_1_1_U91'
INFO: [Synth 8-223] decloning instance 'dense_resource_ap_fixed_16_6_5_3_0_ap_fixed_16_6_5_3_0_config14_U0/mul_11s_10s_21_1_1_U85' (myproject_mul_11s_10s_21_1_1) to 'dense_resource_ap_fixed_16_6_5_3_0_ap_fixed_16_6_5_3_0_config14_U0/mul_11s_10s_21_1_1_U93'
INFO: [Synth 8-223] decloning instance 'dense_resource_ap_fixed_16_6_5_3_0_ap_fixed_16_6_5_3_0_config14_U0/mul_11s_10s_21_1_1_U85' (myproject_mul_11s_10s_21_1_1) to 'dense_resource_ap_fixed_16_6_5_3_0_ap_fixed_16_6_5_3_0_config14_U0/mul_11s_10s_21_1_1_U95'
INFO: [Synth 8-223] decloning instance 'dense_resource_ap_fixed_16_6_5_3_0_ap_fixed_16_6_5_3_0_config14_U0/mul_11s_10s_21_1_1_U85' (myproject_mul_11s_10s_21_1_1) to 'dense_resource_ap_fixed_16_6_5_3_0_ap_fixed_16_6_5_3_0_config14_U0/mul_11s_10s_21_1_1_U97'
INFO: [Synth 8-223] decloning instance 'dense_resource_ap_fixed_16_6_5_3_0_ap_fixed_16_6_5_3_0_config14_U0/mul_11s_10s_21_1_1_U85' (myproject_mul_11s_10s_21_1_1) to 'dense_resource_ap_fixed_16_6_5_3_0_ap_fixed_16_6_5_3_0_config14_U0/mul_11s_10s_21_1_1_U99'
INFO: [Synth 8-223] decloning instance 'dense_resource_ap_fixed_16_6_5_3_0_ap_fixed_16_6_5_3_0_config14_U0/mul_11s_10s_21_1_1_U85' (myproject_mul_11s_10s_21_1_1) to 'dense_resource_ap_fixed_16_6_5_3_0_ap_fixed_16_6_5_3_0_config14_U0/mul_11s_10s_21_1_1_U101'
INFO: [Synth 8-223] decloning instance 'dense_resource_ap_fixed_16_6_5_3_0_ap_fixed_16_6_5_3_0_config14_U0/mul_11s_10s_21_1_1_U85' (myproject_mul_11s_10s_21_1_1) to 'dense_resource_ap_fixed_16_6_5_3_0_ap_fixed_16_6_5_3_0_config14_U0/mul_11s_10s_21_1_1_U103'
INFO: [Synth 8-223] decloning instance 'dense_resource_ap_fixed_16_6_5_3_0_ap_fixed_16_6_5_3_0_config14_U0/mul_11s_10s_21_1_1_U85' (myproject_mul_11s_10s_21_1_1) to 'dense_resource_ap_fixed_16_6_5_3_0_ap_fixed_16_6_5_3_0_config14_U0/mul_11s_10s_21_1_1_U105'
INFO: [Synth 8-223] decloning instance 'dense_resource_ap_fixed_16_6_5_3_0_ap_fixed_16_6_5_3_0_config14_U0/mul_11s_10s_21_1_1_U85' (myproject_mul_11s_10s_21_1_1) to 'dense_resource_ap_fixed_16_6_5_3_0_ap_fixed_16_6_5_3_0_config14_U0/mul_11s_10s_21_1_1_U107'
INFO: [Synth 8-223] decloning instance 'dense_resource_ap_fixed_16_6_5_3_0_ap_fixed_16_6_5_3_0_config14_U0/mul_11s_10s_21_1_1_U85' (myproject_mul_11s_10s_21_1_1) to 'dense_resource_ap_fixed_16_6_5_3_0_ap_fixed_16_6_5_3_0_config14_U0/mul_11s_10s_21_1_1_U109'
INFO: [Synth 8-223] decloning instance 'dense_resource_ap_fixed_16_6_5_3_0_ap_fixed_16_6_5_3_0_config14_U0/mul_11s_10s_21_1_1_U85' (myproject_mul_11s_10s_21_1_1) to 'dense_resource_ap_fixed_16_6_5_3_0_ap_fixed_16_6_5_3_0_config14_U0/mul_11s_10s_21_1_1_U111'
INFO: [Synth 8-223] decloning instance 'dense_resource_ap_fixed_16_6_5_3_0_ap_fixed_16_6_5_3_0_config14_U0/mul_11s_10s_21_1_1_U85' (myproject_mul_11s_10s_21_1_1) to 'dense_resource_ap_fixed_16_6_5_3_0_ap_fixed_16_6_5_3_0_config14_U0/mul_11s_10s_21_1_1_U113'
INFO: [Synth 8-223] decloning instance 'dense_resource_ap_fixed_16_6_5_3_0_ap_fixed_16_6_5_3_0_config14_U0/mul_11s_10s_21_1_1_U85' (myproject_mul_11s_10s_21_1_1) to 'dense_resource_ap_fixed_16_6_5_3_0_ap_fixed_16_6_5_3_0_config14_U0/mul_11s_10s_21_1_1_U115'
INFO: [Synth 8-223] decloning instance 'dense_resource_ap_fixed_16_6_5_3_0_ap_fixed_16_6_5_3_0_config14_U0/mul_11s_10s_21_1_1_U85' (myproject_mul_11s_10s_21_1_1) to 'dense_resource_ap_fixed_16_6_5_3_0_ap_fixed_16_6_5_3_0_config14_U0/mul_11s_10s_21_1_1_U117'
INFO: [Synth 8-223] decloning instance 'dense_resource_ap_fixed_16_6_5_3_0_ap_fixed_16_6_5_3_0_config14_U0/mul_11s_10s_21_1_1_U85' (myproject_mul_11s_10s_21_1_1) to 'dense_resource_ap_fixed_16_6_5_3_0_ap_fixed_16_6_5_3_0_config14_U0/mul_11s_10s_21_1_1_U119'
INFO: [Synth 8-223] decloning instance 'dense_resource_ap_fixed_16_6_5_3_0_ap_fixed_16_6_5_3_0_config14_U0/mul_11s_10s_21_1_1_U85' (myproject_mul_11s_10s_21_1_1) to 'dense_resource_ap_fixed_16_6_5_3_0_ap_fixed_16_6_5_3_0_config14_U0/mul_11s_10s_21_1_1_U121'
INFO: [Synth 8-223] decloning instance 'dense_resource_ap_fixed_16_6_5_3_0_ap_fixed_16_6_5_3_0_config14_U0/mul_11s_10s_21_1_1_U85' (myproject_mul_11s_10s_21_1_1) to 'dense_resource_ap_fixed_16_6_5_3_0_ap_fixed_16_6_5_3_0_config14_U0/mul_11s_10s_21_1_1_U123'
INFO: [Synth 8-223] decloning instance 'dense_resource_ap_fixed_16_6_5_3_0_ap_fixed_16_6_5_3_0_config14_U0/mul_11s_10s_21_1_1_U85' (myproject_mul_11s_10s_21_1_1) to 'dense_resource_ap_fixed_16_6_5_3_0_ap_fixed_16_6_5_3_0_config14_U0/mul_11s_10s_21_1_1_U125'
INFO: [Synth 8-223] decloning instance 'dense_resource_ap_fixed_16_6_5_3_0_ap_fixed_16_6_5_3_0_config14_U0/mul_11s_10s_21_1_1_U85' (myproject_mul_11s_10s_21_1_1) to 'dense_resource_ap_fixed_16_6_5_3_0_ap_fixed_16_6_5_3_0_config14_U0/mul_11s_10s_21_1_1_U127'
INFO: [Synth 8-223] decloning instance 'dense_resource_ap_fixed_16_6_5_3_0_ap_fixed_16_6_5_3_0_config14_U0/mul_11s_10s_21_1_1_U85' (myproject_mul_11s_10s_21_1_1) to 'dense_resource_ap_fixed_16_6_5_3_0_ap_fixed_16_6_5_3_0_config14_U0/mul_11s_10s_21_1_1_U129'
INFO: [Synth 8-223] decloning instance 'dense_resource_ap_fixed_16_6_5_3_0_ap_fixed_16_6_5_3_0_config14_U0/mul_11s_10s_21_1_1_U85' (myproject_mul_11s_10s_21_1_1) to 'dense_resource_ap_fixed_16_6_5_3_0_ap_fixed_16_6_5_3_0_config14_U0/mul_11s_10s_21_1_1_U131'
INFO: [Synth 8-223] decloning instance 'dense_resource_ap_fixed_16_6_5_3_0_ap_fixed_16_6_5_3_0_config14_U0/mul_11s_10s_21_1_1_U85' (myproject_mul_11s_10s_21_1_1) to 'dense_resource_ap_fixed_16_6_5_3_0_ap_fixed_16_6_5_3_0_config14_U0/mul_11s_10s_21_1_1_U133'
INFO: [Synth 8-223] decloning instance 'dense_resource_ap_fixed_16_6_5_3_0_ap_fixed_16_6_5_3_0_config14_U0/mul_11s_10s_21_1_1_U85' (myproject_mul_11s_10s_21_1_1) to 'dense_resource_ap_fixed_16_6_5_3_0_ap_fixed_16_6_5_3_0_config14_U0/mul_11s_10s_21_1_1_U135'
INFO: [Synth 8-223] decloning instance 'dense_resource_ap_fixed_16_6_5_3_0_ap_fixed_16_6_5_3_0_config14_U0/mul_11s_10s_21_1_1_U85' (myproject_mul_11s_10s_21_1_1) to 'dense_resource_ap_fixed_16_6_5_3_0_ap_fixed_16_6_5_3_0_config14_U0/mul_11s_10s_21_1_1_U137'
INFO: [Synth 8-223] decloning instance 'dense_resource_ap_fixed_16_6_5_3_0_ap_fixed_16_6_5_3_0_config14_U0/mul_11s_10s_21_1_1_U85' (myproject_mul_11s_10s_21_1_1) to 'dense_resource_ap_fixed_16_6_5_3_0_ap_fixed_16_6_5_3_0_config14_U0/mul_11s_10s_21_1_1_U139'
INFO: [Synth 8-223] decloning instance 'dense_resource_ap_fixed_16_6_5_3_0_ap_fixed_16_6_5_3_0_config14_U0/mul_11s_10s_21_1_1_U85' (myproject_mul_11s_10s_21_1_1) to 'dense_resource_ap_fixed_16_6_5_3_0_ap_fixed_16_6_5_3_0_config14_U0/mul_11s_10s_21_1_1_U141'
INFO: [Synth 8-223] decloning instance 'dense_resource_ap_fixed_16_6_5_3_0_ap_fixed_16_6_5_3_0_config14_U0/mul_11s_10s_21_1_1_U85' (myproject_mul_11s_10s_21_1_1) to 'dense_resource_ap_fixed_16_6_5_3_0_ap_fixed_16_6_5_3_0_config14_U0/mul_11s_10s_21_1_1_U143'
INFO: [Synth 8-223] decloning instance 'dense_resource_ap_fixed_16_6_5_3_0_ap_fixed_16_6_5_3_0_config14_U0/mul_11s_10s_21_1_1_U85' (myproject_mul_11s_10s_21_1_1) to 'dense_resource_ap_fixed_16_6_5_3_0_ap_fixed_16_6_5_3_0_config14_U0/mul_11s_10s_21_1_1_U145'
INFO: [Synth 8-223] decloning instance 'dense_resource_ap_fixed_16_6_5_3_0_ap_fixed_16_6_5_3_0_config14_U0/mul_11s_10s_21_1_1_U85' (myproject_mul_11s_10s_21_1_1) to 'dense_resource_ap_fixed_16_6_5_3_0_ap_fixed_16_6_5_3_0_config14_U0/mul_11s_10s_21_1_1_U147'
INFO: [Synth 8-223] decloning instance 'dense_resource_ap_fixed_16_6_5_3_0_ap_fixed_16_6_5_3_0_config14_U0/mul_11s_10s_21_1_1_U85' (myproject_mul_11s_10s_21_1_1) to 'dense_resource_ap_fixed_16_6_5_3_0_ap_fixed_16_6_5_3_0_config14_U0/mul_11s_10s_21_1_1_U149'
INFO: [Synth 8-223] decloning instance 'dense_resource_ap_fixed_16_6_5_3_0_ap_fixed_16_6_5_3_0_config14_U0/mul_11s_10s_21_1_1_U85' (myproject_mul_11s_10s_21_1_1) to 'dense_resource_ap_fixed_16_6_5_3_0_ap_fixed_16_6_5_3_0_config14_U0/mul_11s_10s_21_1_1_U151'
INFO: [Synth 8-223] decloning instance 'dense_resource_ap_fixed_16_6_5_3_0_ap_fixed_16_6_5_3_0_config14_U0/mul_11s_10s_21_1_1_U85' (myproject_mul_11s_10s_21_1_1) to 'dense_resource_ap_fixed_16_6_5_3_0_ap_fixed_16_6_5_3_0_config14_U0/mul_11s_10s_21_1_1_U153'
INFO: [Synth 8-223] decloning instance 'dense_resource_ap_fixed_16_6_5_3_0_ap_fixed_16_6_5_3_0_config14_U0/mul_11s_10s_21_1_1_U85' (myproject_mul_11s_10s_21_1_1) to 'dense_resource_ap_fixed_16_6_5_3_0_ap_fixed_16_6_5_3_0_config14_U0/mul_11s_10s_21_1_1_U155'
INFO: [Synth 8-223] decloning instance 'dense_resource_ap_fixed_16_6_5_3_0_ap_fixed_16_6_5_3_0_config14_U0/mul_11s_10s_21_1_1_U85' (myproject_mul_11s_10s_21_1_1) to 'dense_resource_ap_fixed_16_6_5_3_0_ap_fixed_16_6_5_3_0_config14_U0/mul_11s_10s_21_1_1_U157'
INFO: [Synth 8-223] decloning instance 'dense_resource_ap_fixed_16_6_5_3_0_ap_fixed_16_6_5_3_0_config14_U0/mul_11s_10s_21_1_1_U85' (myproject_mul_11s_10s_21_1_1) to 'dense_resource_ap_fixed_16_6_5_3_0_ap_fixed_16_6_5_3_0_config14_U0/mul_11s_10s_21_1_1_U159'
INFO: [Synth 8-223] decloning instance 'dense_resource_ap_fixed_16_6_5_3_0_ap_fixed_16_6_5_3_0_config14_U0/mul_11s_10s_21_1_1_U85' (myproject_mul_11s_10s_21_1_1) to 'dense_resource_ap_fixed_16_6_5_3_0_ap_fixed_16_6_5_3_0_config14_U0/mul_11s_10s_21_1_1_U161'
INFO: [Synth 8-223] decloning instance 'dense_resource_ap_fixed_16_6_5_3_0_ap_fixed_16_6_5_3_0_config14_U0/mul_11s_10s_21_1_1_U85' (myproject_mul_11s_10s_21_1_1) to 'dense_resource_ap_fixed_16_6_5_3_0_ap_fixed_16_6_5_3_0_config14_U0/mul_11s_10s_21_1_1_U163'
INFO: [Synth 8-223] decloning instance 'dense_resource_ap_fixed_16_6_5_3_0_ap_fixed_16_6_5_3_0_config14_U0/mul_11s_10s_21_1_1_U85' (myproject_mul_11s_10s_21_1_1) to 'dense_resource_ap_fixed_16_6_5_3_0_ap_fixed_16_6_5_3_0_config14_U0/mul_11s_10s_21_1_1_U165'
INFO: [Synth 8-223] decloning instance 'dense_resource_ap_fixed_16_6_5_3_0_ap_fixed_16_6_5_3_0_config14_U0/mul_11s_10s_21_1_1_U85' (myproject_mul_11s_10s_21_1_1) to 'dense_resource_ap_fixed_16_6_5_3_0_ap_fixed_16_6_5_3_0_config14_U0/mul_11s_10s_21_1_1_U167'
INFO: [Synth 8-223] decloning instance 'dense_resource_ap_fixed_16_6_5_3_0_ap_fixed_16_6_5_3_0_config14_U0/mul_11s_10s_21_1_1_U85' (myproject_mul_11s_10s_21_1_1) to 'dense_resource_ap_fixed_16_6_5_3_0_ap_fixed_16_6_5_3_0_config14_U0/mul_11s_10s_21_1_1_U169'
INFO: [Synth 8-223] decloning instance 'dense_resource_ap_fixed_16_6_5_3_0_ap_fixed_16_6_5_3_0_config14_U0/mul_11s_10s_21_1_1_U85' (myproject_mul_11s_10s_21_1_1) to 'dense_resource_ap_fixed_16_6_5_3_0_ap_fixed_16_6_5_3_0_config14_U0/mul_11s_10s_21_1_1_U171'
INFO: [Synth 8-223] decloning instance 'dense_resource_ap_fixed_16_6_5_3_0_ap_fixed_16_6_5_3_0_config14_U0/mul_11s_10s_21_1_1_U85' (myproject_mul_11s_10s_21_1_1) to 'dense_resource_ap_fixed_16_6_5_3_0_ap_fixed_16_6_5_3_0_config14_U0/mul_11s_10s_21_1_1_U173'
INFO: [Synth 8-223] decloning instance 'dense_resource_ap_fixed_16_6_5_3_0_ap_fixed_16_6_5_3_0_config14_U0/mul_11s_10s_21_1_1_U85' (myproject_mul_11s_10s_21_1_1) to 'dense_resource_ap_fixed_16_6_5_3_0_ap_fixed_16_6_5_3_0_config14_U0/mul_11s_10s_21_1_1_U175'
INFO: [Synth 8-223] decloning instance 'dense_resource_ap_fixed_16_6_5_3_0_ap_fixed_16_6_5_3_0_config14_U0/mul_11s_10s_21_1_1_U85' (myproject_mul_11s_10s_21_1_1) to 'dense_resource_ap_fixed_16_6_5_3_0_ap_fixed_16_6_5_3_0_config14_U0/mul_11s_10s_21_1_1_U177'
INFO: [Common 17-14] Message 'Synth 8-223' appears 100 times and further instances of the messages will be disabled. Use the Tcl command set_msg_config to change the current settings.
No constraint files found.
---------------------------------------------------------------------------------
Start RTL Component Statistics 
---------------------------------------------------------------------------------
Detailed RTL Component Info : 
+---Adders : 
	   2 Input   18 Bit       Adders := 1     
	   2 Input   17 Bit       Adders := 1     
	   2 Input   16 Bit       Adders := 113   
	   2 Input   15 Bit       Adders := 56    
	   2 Input   14 Bit       Adders := 56    
	   2 Input   13 Bit       Adders := 148   
	   2 Input   12 Bit       Adders := 157   
	   2 Input   11 Bit       Adders := 76    
	   2 Input   10 Bit       Adders := 56    
	   2 Input    9 Bit       Adders := 32    
	   2 Input    8 Bit       Adders := 141   
	   2 Input    7 Bit       Adders := 12    
	   2 Input    6 Bit       Adders := 4     
	   2 Input    5 Bit       Adders := 3     
	   2 Input    4 Bit       Adders := 2     
	   2 Input    3 Bit       Adders := 414   
	   2 Input    2 Bit       Adders := 413   
+---XORs : 
	   2 Input      1 Bit         XORs := 1149  
+---Registers : 
	               73 Bit    Registers := 1     
	               21 Bit    Registers := 1     
	               20 Bit    Registers := 4     
	               18 Bit    Registers := 2     
	               16 Bit    Registers := 716   
	               13 Bit    Registers := 84    
	               12 Bit    Registers := 175   
	               11 Bit    Registers := 333   
	               10 Bit    Registers := 402   
	                9 Bit    Registers := 10    
	                8 Bit    Registers := 507   
	                7 Bit    Registers := 10    
	                6 Bit    Registers := 10    
	                5 Bit    Registers := 11    
	                4 Bit    Registers := 7     
	                3 Bit    Registers := 416   
	                2 Bit    Registers := 415   
	                1 Bit    Registers := 1297  
+---Multipliers : 
	              10x11  Multipliers := 22    
	               9x10  Multipliers := 5     
+---Muxes : 
	   2 Input   16 Bit        Muxes := 502   
	   3 Input   13 Bit        Muxes := 1     
	   2 Input   12 Bit        Muxes := 110   
	   3 Input   12 Bit        Muxes := 74    
	   2 Input   11 Bit        Muxes := 267   
	   2 Input   10 Bit        Muxes := 224   
	   2 Input    8 Bit        Muxes := 1428  
	   2 Input    5 Bit        Muxes := 4     
	   2 Input    4 Bit        Muxes := 7     
	   2 Input    3 Bit        Muxes := 5     
	  17 Input    3 Bit        Muxes := 1     
	   2 Input    2 Bit        Muxes := 830   
	   5 Input    2 Bit        Muxes := 1     
	   6 Input    2 Bit        Muxes := 1     
	   2 Input    1 Bit        Muxes := 1943  
---------------------------------------------------------------------------------
Finished RTL Component Statistics 
---------------------------------------------------------------------------------
---------------------------------------------------------------------------------
Start Part Resource Summary
---------------------------------------------------------------------------------
Part Resources:
DSPs: 220 (col length:60)
BRAMs: 280 (col length: RAMB18 60 RAMB36 30)
---------------------------------------------------------------------------------
Finished Part Resource Summary
---------------------------------------------------------------------------------
---------------------------------------------------------------------------------
Start Cross Boundary and Area Optimization
---------------------------------------------------------------------------------
INFO: [Synth 8-3886] merging instance 'p_cast8_reg_24777_reg[0]' (FDE) to 'p_cast23_reg_24787_reg[0]'
INFO: [Synth 8-3886] merging instance 'p_cast124_reg_25463_reg[3]' (FDE) to 'p_cast124_reg_25463_reg[4]'
INFO: [Synth 8-3886] merging instance 'tmp_190_reg_23458_reg[3]' (FDE) to 'tmp_190_reg_23458_reg[4]'
INFO: [Synth 8-3886] merging instance 'tmp_197_reg_23530_reg[4]' (FDE) to 'tmp_197_reg_23530_reg[6]'
INFO: [Synth 8-3333] propagating constant 0 across sequential element (\tmp_183_reg_23732_reg[4] )
INFO: [Synth 8-3886] merging instance 'p_cast124_reg_25463_reg[4]' (FDE) to 'p_cast124_reg_25463_reg[5]'
INFO: [Synth 8-3886] merging instance 'tmp_193_reg_23515_reg[4]' (FDE) to 'tmp_193_reg_23515_reg[6]'
INFO: [Synth 8-3886] merging instance 'tmp_195_reg_24866_reg[4]' (FDE) to 'tmp_194_reg_24856_reg[7]'
INFO: [Synth 8-3886] merging instance 'tmp_197_reg_23530_reg[5]' (FDE) to 'tmp_197_reg_23530_reg[7]'
INFO: [Synth 8-3333] propagating constant 1 across sequential element (\tmp_183_reg_23732_reg[5] )
INFO: [Synth 8-3886] merging instance 'tmp_188_reg_24019_reg[5]' (FDE) to 'tmp_187_reg_24014_reg[4]'
INFO: [Synth 8-3886] merging instance 'tmp_336_reg_25884_reg[5]' (FDE) to 'tmp_336_reg_25884_reg[10]'
INFO: [Synth 8-3886] merging instance 'tmp_193_reg_23515_reg[5]' (FDE) to 'tmp_193_reg_23515_reg[6]'
INFO: [Synth 8-3886] merging instance 'tmp_195_reg_24866_reg[5]' (FDE) to 'tmp_194_reg_24856_reg[5]'
INFO: [Synth 8-3333] propagating constant 0 across sequential element (\tmp_197_reg_23530_reg[6] )
INFO: [Synth 8-3886] merging instance 'tmp_188_reg_24019_reg[6]' (FDE) to 'tmp_187_reg_24014_reg[6]'
INFO: [Synth 8-3886] merging instance 'p_cast22_reg_24045_reg[5]' (FDE) to 'tmp_184_reg_24039_reg[5]'
INFO: [Synth 8-3886] merging instance 'tmp_336_reg_25884_reg[6]' (FDE) to 'tmp_336_reg_25884_reg[10]'
INFO: [Synth 8-3333] propagating constant 0 across sequential element (\tmp_193_reg_23515_reg[6] )
INFO: [Synth 8-3886] merging instance 'tmp_195_reg_24866_reg[6]' (FDE) to 'tmp_194_reg_24856_reg[5]'
INFO: [Synth 8-3333] propagating constant 1 across sequential element (\tmp_181_reg_23269_reg[4] )
INFO: [Synth 8-3886] merging instance 'tmp_336_reg_25884_reg[7]' (FDE) to 'tmp_336_reg_25884_reg[10]'
INFO: [Synth 8-3886] merging instance 'p_cast8_reg_24777_reg[4]' (FDE) to 'p_cast23_reg_24787_reg[4]'
INFO: [Synth 8-3886] merging instance 'tmp_336_reg_25884_reg[8]' (FDE) to 'tmp_336_reg_25884_reg[10]'
INFO: [Synth 8-3333] propagating constant 1 across sequential element (\p_cast124_reg_25463_reg[7] )
INFO: [Synth 8-3886] merging instance 'tmp_190_reg_23458_reg[6]' (FDE) to 'p_cast21_reg_23468_reg[5]'
INFO: [Synth 8-3333] propagating constant 1 across sequential element (\p_cast23_reg_24787_reg[4] )
INFO: [Synth 8-3333] propagating constant 0 across sequential element (\tmp_336_reg_25884_reg[9] )
INFO: [Synth 8-3333] propagating constant 1 across sequential element (\tmp_197_reg_23530_reg[7] )
INFO: [Synth 8-3333] propagating constant 1 across sequential element (\tmp_336_reg_25884_reg[10] )
INFO: [Synth 8-3333] propagating constant 1 across sequential element (\tmp_193_reg_23515_reg[7] )
INFO: [Synth 8-3886] merging instance 'tmp_195_reg_24866_reg[7]' (FDE) to 'tmp_194_reg_24856_reg[7]'
INFO: [Synth 8-3886] merging instance 'zext_ln55_8_reg_23252_reg[1]' (FDE) to 'shl_ln2_reg_23242_reg[1]'
INFO: [Synth 8-3886] merging instance 'tmp_194_reg_24856_reg[2]' (FDE) to 'tmp_194_reg_24856_reg[3]'
INFO: [Synth 8-3886] merging instance 'tmp_196_reg_24534_reg[3]' (FDE) to 'tmp_196_reg_24534_reg[4]'
INFO: [Synth 8-3886] merging instance 'zext_ln55_9_reg_23259_reg[3]' (FDE) to 'shl_ln2_reg_23242_reg[3]'
INFO: [Synth 8-3886] merging instance 'zext_ln55_9_reg_23259_reg[2]' (FDE) to 'shl_ln2_reg_23242_reg[2]'
INFO: [Synth 8-3886] merging instance 'zext_ln55_9_reg_23259_reg[1]' (FDE) to 'shl_ln2_reg_23242_reg[1]'
INFO: [Synth 8-3886] merging instance 'zext_ln55_8_reg_23252_reg[2]' (FDE) to 'shl_ln2_reg_23242_reg[2]'
INFO: [Synth 8-3886] merging instance 'zext_ln55_8_reg_23252_reg[3]' (FDE) to 'shl_ln2_reg_23242_reg[3]'
INFO: [Synth 8-3886] merging instance 'tmp_187_reg_24014_reg[4]' (FDE) to 'tmp_187_reg_24014_reg[5]'
INFO: [Synth 8-3886] merging instance 'tmp_189_reg_24809_reg[4]' (FDE) to 'tmp_189_reg_24809_reg[6]'
INFO: [Synth 8-3333] propagating constant 0 across sequential element (\p_cast21_reg_23468_reg[4] )
INFO: [Synth 8-3333] propagating constant 0 across sequential element (\tmp_187_reg_24014_reg[5] )
INFO: [Synth 8-3333] propagating constant 0 across sequential element (\tmp_189_reg_24809_reg[5] )
INFO: [Synth 8-3886] merging instance 'tmp_194_reg_24856_reg[5]' (FDE) to 'tmp_194_reg_24856_reg[6]'
INFO: [Synth 8-3333] propagating constant 1 across sequential element (\tmp_187_reg_24014_reg[6] )
INFO: [Synth 8-3333] propagating constant 0 across sequential element (\tmp_196_reg_24534_reg[6] )
INFO: [Synth 8-3333] propagating constant 0 across sequential element (\tmp_194_reg_24856_reg[6] )
INFO: [Synth 8-3333] propagating constant 1 across sequential element (\tmp_196_reg_24534_reg[7] )
INFO: [Synth 8-3333] propagating constant 1 across sequential element (\tmp_184_reg_24039_reg[5] )
INFO: [Synth 8-3333] propagating constant 1 across sequential element (\tmp_189_reg_24809_reg[6] )
INFO: [Synth 8-3333] propagating constant 1 across sequential element (\p_cast21_reg_23468_reg[5] )
INFO: [Synth 8-3333] propagating constant 1 across sequential element (\tmp_194_reg_24856_reg[7] )
INFO: [Synth 8-3886] merging instance 'dense_resource_ap_fixed_16_6_5_3_0_ap_fixed_16_6_5_3_0_config21_U0/in_index861_cast937_reg_13315_reg[0]' (FDE) to 'dense_resource_ap_fixed_16_6_5_3_0_ap_fixed_16_6_5_3_0_config21_U0/p_cast23_cast_reg_13320_reg[0]'
INFO: [Synth 8-3886] merging instance 'dense_resource_ap_fixed_16_6_5_3_0_ap_fixed_16_6_5_3_0_config21_U0/p_cast39_cast_reg_13492_reg[0]' (FDE) to 'dense_resource_ap_fixed_16_6_5_3_0_ap_fixed_16_6_5_3_0_config21_U0/p_cast40_cast_reg_13502_reg[0]'
INFO: [Synth 8-3886] merging instance 'dense_resource_ap_fixed_16_6_5_3_0_ap_fixed_16_6_5_3_0_config21_U0/p_cast23_cast_reg_13320_reg[0]' (FDE) to 'dense_resource_ap_fixed_16_6_5_3_0_ap_fixed_16_6_5_3_0_config21_U0/p_cast24_cast_reg_13331_reg[0]'
INFO: [Synth 8-3886] merging instance 'dense_resource_ap_fixed_16_6_5_3_0_ap_fixed_16_6_5_3_0_config21_U0/p_cast15_cast_reg_13225_reg[0]' (FDE) to 'dense_resource_ap_fixed_16_6_5_3_0_ap_fixed_16_6_5_3_0_config21_U0/in_index861_cast936_reg_13217_reg[0]'
INFO: [Synth 8-3886] merging instance 'dense_resource_ap_fixed_16_6_5_3_0_ap_fixed_16_6_5_3_0_config21_U0/p_cast11_cast_reg_13170_reg[0]' (FDE) to 'dense_resource_ap_fixed_16_6_5_3_0_ap_fixed_16_6_5_3_0_config21_U0/in_index861_cast935_reg_13157_reg[0]'
INFO: [Synth 8-3886] merging instance 'dense_resource_ap_fixed_16_6_5_3_0_ap_fixed_16_6_5_3_0_config21_U0/p_cast9_cast_reg_13049_reg[0]' (FDE) to 'dense_resource_ap_fixed_16_6_5_3_0_ap_fixed_16_6_5_3_0_config21_U0/zext_ln42_1_reg_12948_reg[0]'
INFO: [Synth 8-3886] merging instance 'dense_resource_ap_fixed_16_6_5_3_0_ap_fixed_16_6_5_3_0_config21_U0/in_index861_cast936_reg_13217_reg[0]' (FDE) to 'dense_resource_ap_fixed_16_6_5_3_0_ap_fixed_16_6_5_3_0_config21_U0/p_cast16_cast_reg_13237_reg[0]'
INFO: [Synth 8-3886] merging instance 'dense_resource_ap_fixed_16_6_5_3_0_ap_fixed_16_6_5_3_0_config21_U0/in_index861_cast935_reg_13157_reg[0]' (FDE) to 'dense_resource_ap_fixed_16_6_5_3_0_ap_fixed_16_6_5_3_0_config21_U0/p_cast12_cast_reg_13183_reg[0]'
INFO: [Synth 8-3886] merging instance 'dense_resource_ap_fixed_16_6_5_3_0_ap_fixed_16_6_5_3_0_config21_U0/in_index861_cast937_reg_13315_reg[1]' (FDE) to 'dense_resource_ap_fixed_16_6_5_3_0_ap_fixed_16_6_5_3_0_config21_U0/p_cast23_cast_reg_13320_reg[1]'
INFO: [Synth 8-3886] merging instance 'dense_resource_ap_fixed_16_6_5_3_0_ap_fixed_16_6_5_3_0_config21_U0/p_cast39_cast_reg_13492_reg[1]' (FDE) to 'dense_resource_ap_fixed_16_6_5_3_0_ap_fixed_16_6_5_3_0_config21_U0/p_cast40_cast_reg_13502_reg[1]'
INFO: [Synth 8-3886] merging instance 'dense_resource_ap_fixed_16_6_5_3_0_ap_fixed_16_6_5_3_0_config21_U0/p_cast23_cast_reg_13320_reg[1]' (FDE) to 'dense_resource_ap_fixed_16_6_5_3_0_ap_fixed_16_6_5_3_0_config21_U0/p_cast24_cast_reg_13331_reg[1]'
INFO: [Synth 8-3886] merging instance 'dense_resource_ap_fixed_16_6_5_3_0_ap_fixed_16_6_5_3_0_config21_U0/p_cast15_cast_reg_13225_reg[1]' (FDE) to 'dense_resource_ap_fixed_16_6_5_3_0_ap_fixed_16_6_5_3_0_config21_U0/in_index861_cast936_reg_13217_reg[1]'
INFO: [Synth 8-3886] merging instance 'dense_resource_ap_fixed_16_6_5_3_0_ap_fixed_16_6_5_3_0_config21_U0/p_cast11_cast_reg_13170_reg[1]' (FDE) to 'dense_resource_ap_fixed_16_6_5_3_0_ap_fixed_16_6_5_3_0_config21_U0/in_index861_cast935_reg_13157_reg[1]'
INFO: [Synth 8-3886] merging instance 'dense_resource_ap_fixed_16_6_5_3_0_ap_fixed_16_6_5_3_0_config21_U0/p_cast9_cast_reg_13049_reg[1]' (FDE) to 'dense_resource_ap_fixed_16_6_5_3_0_ap_fixed_16_6_5_3_0_config21_U0/zext_ln42_1_reg_12948_reg[1]'
INFO: [Synth 8-3886] merging instance 'dense_resource_ap_fixed_16_6_5_3_0_ap_fixed_16_6_5_3_0_config21_U0/in_index861_cast936_reg_13217_reg[1]' (FDE) to 'dense_resource_ap_fixed_16_6_5_3_0_ap_fixed_16_6_5_3_0_config21_U0/p_cast16_cast_reg_13237_reg[1]'
INFO: [Synth 8-3886] merging instance 'dense_resource_ap_fixed_16_6_5_3_0_ap_fixed_16_6_5_3_0_config21_U0/in_index861_cast935_reg_13157_reg[1]' (FDE) to 'dense_resource_ap_fixed_16_6_5_3_0_ap_fixed_16_6_5_3_0_config21_U0/p_cast12_cast_reg_13183_reg[1]'
INFO: [Synth 8-3886] merging instance 'dense_resource_ap_fixed_16_6_5_3_0_ap_fixed_16_6_5_3_0_config21_U0/in_index861_cast937_reg_13315_reg[2]' (FDE) to 'dense_resource_ap_fixed_16_6_5_3_0_ap_fixed_16_6_5_3_0_config21_U0/p_cast23_cast_reg_13320_reg[2]'
INFO: [Synth 8-3886] merging instance 'dense_resource_ap_fixed_16_6_5_3_0_ap_fixed_16_6_5_3_0_config21_U0/p_cast39_cast_reg_13492_reg[2]' (FDE) to 'dense_resource_ap_fixed_16_6_5_3_0_ap_fixed_16_6_5_3_0_config21_U0/p_cast40_cast_reg_13502_reg[2]'
INFO: [Synth 8-3886] merging instance 'dense_resource_ap_fixed_16_6_5_3_0_ap_fixed_16_6_5_3_0_config21_U0/p_cast23_cast_reg_13320_reg[2]' (FDE) to 'dense_resource_ap_fixed_16_6_5_3_0_ap_fixed_16_6_5_3_0_config21_U0/p_cast24_cast_reg_13331_reg[2]'
INFO: [Synth 8-3886] merging instance 'dense_resource_ap_fixed_16_6_5_3_0_ap_fixed_16_6_5_3_0_config21_U0/p_cast15_cast_reg_13225_reg[2]' (FDE) to 'dense_resource_ap_fixed_16_6_5_3_0_ap_fixed_16_6_5_3_0_config21_U0/in_index861_cast936_reg_13217_reg[2]'
INFO: [Synth 8-3886] merging instance 'dense_resource_ap_fixed_16_6_5_3_0_ap_fixed_16_6_5_3_0_config21_U0/p_cast11_cast_reg_13170_reg[2]' (FDE) to 'dense_resource_ap_fixed_16_6_5_3_0_ap_fixed_16_6_5_3_0_config21_U0/in_index861_cast935_reg_13157_reg[2]'
INFO: [Synth 8-3886] merging instance 'dense_resource_ap_fixed_16_6_5_3_0_ap_fixed_16_6_5_3_0_config21_U0/p_cast9_cast_reg_13049_reg[2]' (FDE) to 'dense_resource_ap_fixed_16_6_5_3_0_ap_fixed_16_6_5_3_0_config21_U0/zext_ln42_1_reg_12948_reg[2]'
INFO: [Synth 8-3886] merging instance 'dense_resource_ap_fixed_16_6_5_3_0_ap_fixed_16_6_5_3_0_config21_U0/in_index861_cast936_reg_13217_reg[2]' (FDE) to 'dense_resource_ap_fixed_16_6_5_3_0_ap_fixed_16_6_5_3_0_config21_U0/p_cast16_cast_reg_13237_reg[2]'
INFO: [Synth 8-3886] merging instance 'dense_resource_ap_fixed_16_6_5_3_0_ap_fixed_16_6_5_3_0_config21_U0/in_index861_cast935_reg_13157_reg[2]' (FDE) to 'dense_resource_ap_fixed_16_6_5_3_0_ap_fixed_16_6_5_3_0_config21_U0/p_cast12_cast_reg_13183_reg[2]'
INFO: [Synth 8-3886] merging instance 'dense_resource_ap_fixed_16_6_5_3_0_ap_fixed_16_6_5_3_0_config21_U0/in_index861_cast937_reg_13315_reg[3]' (FDE) to 'dense_resource_ap_fixed_16_6_5_3_0_ap_fixed_16_6_5_3_0_config21_U0/p_cast23_cast_reg_13320_reg[3]'
INFO: [Synth 8-3886] merging instance 'dense_resource_ap_fixed_16_6_5_3_0_ap_fixed_16_6_5_3_0_config21_U0/p_cast39_cast_reg_13492_reg[3]' (FDE) to 'dense_resource_ap_fixed_16_6_5_3_0_ap_fixed_16_6_5_3_0_config21_U0/p_cast40_cast_reg_13502_reg[3]'
INFO: [Synth 8-3886] merging instance 'dense_resource_ap_fixed_16_6_5_3_0_ap_fixed_16_6_5_3_0_config21_U0/p_cast23_cast_reg_13320_reg[3]' (FDE) to 'dense_resource_ap_fixed_16_6_5_3_0_ap_fixed_16_6_5_3_0_config21_U0/p_cast24_cast_reg_13331_reg[3]'
INFO: [Synth 8-3886] merging instance 'dense_resource_ap_fixed_16_6_5_3_0_ap_fixed_16_6_5_3_0_config21_U0/p_cast15_cast_reg_13225_reg[3]' (FDE) to 'dense_resource_ap_fixed_16_6_5_3_0_ap_fixed_16_6_5_3_0_config21_U0/in_index861_cast936_reg_13217_reg[3]'
INFO: [Synth 8-3886] merging instance 'dense_resource_ap_fixed_16_6_5_3_0_ap_fixed_16_6_5_3_0_config21_U0/p_cast11_cast_reg_13170_reg[3]' (FDE) to 'dense_resource_ap_fixed_16_6_5_3_0_ap_fixed_16_6_5_3_0_config21_U0/in_index861_cast935_reg_13157_reg[3]'
INFO: [Synth 8-3886] merging instance 'dense_resource_ap_fixed_16_6_5_3_0_ap_fixed_16_6_5_3_0_config21_U0/p_cast9_cast_reg_13049_reg[3]' (FDE) to 'dense_resource_ap_fixed_16_6_5_3_0_ap_fixed_16_6_5_3_0_config21_U0/zext_ln42_1_reg_12948_reg[3]'
INFO: [Synth 8-3886] merging instance 'dense_resource_ap_fixed_16_6_5_3_0_ap_fixed_16_6_5_3_0_config21_U0/in_index861_cast936_reg_13217_reg[3]' (FDE) to 'dense_resource_ap_fixed_16_6_5_3_0_ap_fixed_16_6_5_3_0_config21_U0/p_cast16_cast_reg_13237_reg[3]'
INFO: [Synth 8-3886] merging instance 'dense_resource_ap_fixed_16_6_5_3_0_ap_fixed_16_6_5_3_0_config21_U0/in_index861_cast935_reg_13157_reg[3]' (FDE) to 'dense_resource_ap_fixed_16_6_5_3_0_ap_fixed_16_6_5_3_0_config21_U0/p_cast12_cast_reg_13183_reg[3]'
INFO: [Synth 8-3886] merging instance 'layer20_out_63_U/U_myproject_fifo_w10_d2_S_ShiftReg/SRL_SIG_reg[0][0]' (FDE) to 'layer20_out_63_U/U_myproject_fifo_w10_d2_S_ShiftReg/SRL_SIG_reg[0][1]'
INFO: [Synth 8-3886] merging instance 'layer20_out_63_U/U_myproject_fifo_w10_d2_S_ShiftReg/SRL_SIG_reg[1][0]' (FDE) to 'layer20_out_63_U/U_myproject_fifo_w10_d2_S_ShiftReg/SRL_SIG_reg[1][1]'
INFO: [Synth 8-3333] propagating constant 0 across sequential element (layer20_out_63_U/\U_myproject_fifo_w10_d2_S_ShiftReg/SRL_SIG_reg[0][1] )
INFO: [Synth 8-3886] merging instance 'layer20_out_63_U/U_myproject_fifo_w10_d2_S_ShiftReg/SRL_SIG_reg[1][1]' (FDE) to 'layer20_out_63_U/U_myproject_fifo_w10_d2_S_ShiftReg/SRL_SIG_reg[0][1]'
INFO: [Synth 8-3886] merging instance 'layer20_out_62_U/U_myproject_fifo_w10_d2_S_ShiftReg/SRL_SIG_reg[0][0]' (FDE) to 'layer20_out_62_U/U_myproject_fifo_w10_d2_S_ShiftReg/SRL_SIG_reg[0][1]'
INFO: [Synth 8-3886] merging instance 'layer20_out_62_U/U_myproject_fifo_w10_d2_S_ShiftReg/SRL_SIG_reg[1][0]' (FDE) to 'layer20_out_62_U/U_myproject_fifo_w10_d2_S_ShiftReg/SRL_SIG_reg[1][1]'
INFO: [Synth 8-3333] propagating constant 0 across sequential element (layer20_out_62_U/\U_myproject_fifo_w10_d2_S_ShiftReg/SRL_SIG_reg[0][1] )
INFO: [Synth 8-3886] merging instance 'layer20_out_62_U/U_myproject_fifo_w10_d2_S_ShiftReg/SRL_SIG_reg[1][1]' (FDE) to 'layer20_out_62_U/U_myproject_fifo_w10_d2_S_ShiftReg/SRL_SIG_reg[0][1]'
INFO: [Synth 8-3886] merging instance 'layer20_out_61_U/U_myproject_fifo_w10_d2_S_ShiftReg/SRL_SIG_reg[0][0]' (FDE) to 'layer20_out_61_U/U_myproject_fifo_w10_d2_S_ShiftReg/SRL_SIG_reg[0][1]'
INFO: [Synth 8-3886] merging instance 'layer20_out_61_U/U_myproject_fifo_w10_d2_S_ShiftReg/SRL_SIG_reg[1][0]' (FDE) to 'layer20_out_61_U/U_myproject_fifo_w10_d2_S_ShiftReg/SRL_SIG_reg[1][1]'
INFO: [Synth 8-3333] propagating constant 0 across sequential element (layer20_out_61_U/\U_myproject_fifo_w10_d2_S_ShiftReg/SRL_SIG_reg[0][1] )
INFO: [Synth 8-3886] merging instance 'layer20_out_61_U/U_myproject_fifo_w10_d2_S_ShiftReg/SRL_SIG_reg[1][1]' (FDE) to 'layer20_out_61_U/U_myproject_fifo_w10_d2_S_ShiftReg/SRL_SIG_reg[0][1]'
INFO: [Synth 8-3886] merging instance 'layer20_out_60_U/U_myproject_fifo_w10_d2_S_ShiftReg/SRL_SIG_reg[0][0]' (FDE) to 'layer20_out_60_U/U_myproject_fifo_w10_d2_S_ShiftReg/SRL_SIG_reg[0][1]'
INFO: [Synth 8-3886] merging instance 'layer20_out_60_U/U_myproject_fifo_w10_d2_S_ShiftReg/SRL_SIG_reg[1][0]' (FDE) to 'layer20_out_60_U/U_myproject_fifo_w10_d2_S_ShiftReg/SRL_SIG_reg[1][1]'
INFO: [Synth 8-3333] propagating constant 0 across sequential element (layer20_out_60_U/\U_myproject_fifo_w10_d2_S_ShiftReg/SRL_SIG_reg[0][1] )
INFO: [Synth 8-3886] merging instance 'layer20_out_60_U/U_myproject_fifo_w10_d2_S_ShiftReg/SRL_SIG_reg[1][1]' (FDE) to 'layer20_out_60_U/U_myproject_fifo_w10_d2_S_ShiftReg/SRL_SIG_reg[0][1]'
INFO: [Synth 8-3886] merging instance 'layer20_out_59_U/U_myproject_fifo_w10_d2_S_ShiftReg/SRL_SIG_reg[0][0]' (FDE) to 'layer20_out_59_U/U_myproject_fifo_w10_d2_S_ShiftReg/SRL_SIG_reg[0][1]'
INFO: [Synth 8-3886] merging instance 'layer20_out_59_U/U_myproject_fifo_w10_d2_S_ShiftReg/SRL_SIG_reg[1][0]' (FDE) to 'layer20_out_59_U/U_myproject_fifo_w10_d2_S_ShiftReg/SRL_SIG_reg[1][1]'
INFO: [Synth 8-3333] propagating constant 0 across sequential element (layer20_out_59_U/\U_myproject_fifo_w10_d2_S_ShiftReg/SRL_SIG_reg[0][1] )
INFO: [Synth 8-3886] merging instance 'layer20_out_59_U/U_myproject_fifo_w10_d2_S_ShiftReg/SRL_SIG_reg[1][1]' (FDE) to 'layer20_out_59_U/U_myproject_fifo_w10_d2_S_ShiftReg/SRL_SIG_reg[0][1]'
INFO: [Synth 8-3886] merging instance 'layer20_out_58_U/U_myproject_fifo_w10_d2_S_ShiftReg/SRL_SIG_reg[0][0]' (FDE) to 'layer20_out_58_U/U_myproject_fifo_w10_d2_S_ShiftReg/SRL_SIG_reg[0][1]'
INFO: [Synth 8-3886] merging instance 'layer20_out_58_U/U_myproject_fifo_w10_d2_S_ShiftReg/SRL_SIG_reg[1][0]' (FDE) to 'layer20_out_58_U/U_myproject_fifo_w10_d2_S_ShiftReg/SRL_SIG_reg[1][1]'
INFO: [Synth 8-3333] propagating constant 0 across sequential element (layer20_out_58_U/\U_myproject_fifo_w10_d2_S_ShiftReg/SRL_SIG_reg[0][1] )
INFO: [Synth 8-3886] merging instance 'layer20_out_58_U/U_myproject_fifo_w10_d2_S_ShiftReg/SRL_SIG_reg[1][1]' (FDE) to 'layer20_out_58_U/U_myproject_fifo_w10_d2_S_ShiftReg/SRL_SIG_reg[0][1]'
INFO: [Synth 8-3886] merging instance 'layer20_out_57_U/U_myproject_fifo_w10_d2_S_ShiftReg/SRL_SIG_reg[0][0]' (FDE) to 'layer20_out_57_U/U_myproject_fifo_w10_d2_S_ShiftReg/SRL_SIG_reg[0][1]'
INFO: [Synth 8-3886] merging instance 'layer20_out_57_U/U_myproject_fifo_w10_d2_S_ShiftReg/SRL_SIG_reg[1][0]' (FDE) to 'layer20_out_57_U/U_myproject_fifo_w10_d2_S_ShiftReg/SRL_SIG_reg[1][1]'
INFO: [Synth 8-3333] propagating constant 0 across sequential element (layer20_out_57_U/\U_myproject_fifo_w10_d2_S_ShiftReg/SRL_SIG_reg[0][1] )
INFO: [Synth 8-3886] merging instance 'layer20_out_57_U/U_myproject_fifo_w10_d2_S_ShiftReg/SRL_SIG_reg[1][1]' (FDE) to 'layer20_out_57_U/U_myproject_fifo_w10_d2_S_ShiftReg/SRL_SIG_reg[0][1]'
INFO: [Synth 8-3886] merging instance 'layer20_out_56_U/U_myproject_fifo_w10_d2_S_ShiftReg/SRL_SIG_reg[0][0]' (FDE) to 'layer20_out_56_U/U_myproject_fifo_w10_d2_S_ShiftReg/SRL_SIG_reg[0][1]'
INFO: [Synth 8-3886] merging instance 'layer20_out_56_U/U_myproject_fifo_w10_d2_S_ShiftReg/SRL_SIG_reg[1][0]' (FDE) to 'layer20_out_56_U/U_myproject_fifo_w10_d2_S_ShiftReg/SRL_SIG_reg[1][1]'
INFO: [Synth 8-3333] propagating constant 0 across sequential element (layer20_out_56_U/\U_myproject_fifo_w10_d2_S_ShiftReg/SRL_SIG_reg[0][1] )
INFO: [Synth 8-3886] merging instance 'layer20_out_56_U/U_myproject_fifo_w10_d2_S_ShiftReg/SRL_SIG_reg[1][1]' (FDE) to 'layer20_out_56_U/U_myproject_fifo_w10_d2_S_ShiftReg/SRL_SIG_reg[0][1]'
INFO: [Synth 8-3886] merging instance 'layer20_out_55_U/U_myproject_fifo_w10_d2_S_ShiftReg/SRL_SIG_reg[0][0]' (FDE) to 'layer20_out_55_U/U_myproject_fifo_w10_d2_S_ShiftReg/SRL_SIG_reg[0][1]'
INFO: [Synth 8-3886] merging instance 'layer20_out_55_U/U_myproject_fifo_w10_d2_S_ShiftReg/SRL_SIG_reg[1][0]' (FDE) to 'layer20_out_55_U/U_myproject_fifo_w10_d2_S_ShiftReg/SRL_SIG_reg[1][1]'
INFO: [Synth 8-3333] propagating constant 0 across sequential element (layer20_out_55_U/\U_myproject_fifo_w10_d2_S_ShiftReg/SRL_SIG_reg[0][1] )
INFO: [Synth 8-3886] merging instance 'layer20_out_55_U/U_myproject_fifo_w10_d2_S_ShiftReg/SRL_SIG_reg[1][1]' (FDE) to 'layer20_out_55_U/U_myproject_fifo_w10_d2_S_ShiftReg/SRL_SIG_reg[0][1]'
INFO: [Synth 8-3886] merging instance 'layer20_out_54_U/U_myproject_fifo_w10_d2_S_ShiftReg/SRL_SIG_reg[0][0]' (FDE) to 'layer20_out_54_U/U_myproject_fifo_w10_d2_S_ShiftReg/SRL_SIG_reg[0][1]'
INFO: [Synth 8-3886] merging instance 'layer20_out_54_U/U_myproject_fifo_w10_d2_S_ShiftReg/SRL_SIG_reg[1][0]' (FDE) to 'layer20_out_54_U/U_myproject_fifo_w10_d2_S_ShiftReg/SRL_SIG_reg[1][1]'
INFO: [Synth 8-3333] propagating constant 0 across sequential element (layer20_out_54_U/\U_myproject_fifo_w10_d2_S_ShiftReg/SRL_SIG_reg[0][1] )
INFO: [Synth 8-3886] merging instance 'layer20_out_54_U/U_myproject_fifo_w10_d2_S_ShiftReg/SRL_SIG_reg[1][1]' (FDE) to 'layer20_out_54_U/U_myproject_fifo_w10_d2_S_ShiftReg/SRL_SIG_reg[0][1]'
INFO: [Synth 8-3886] merging instance 'layer20_out_53_U/U_myproject_fifo_w10_d2_S_ShiftReg/SRL_SIG_reg[0][0]' (FDE) to 'layer20_out_53_U/U_myproject_fifo_w10_d2_S_ShiftReg/SRL_SIG_reg[0][1]'
INFO: [Synth 8-3886] merging instance 'layer20_out_53_U/U_myproject_fifo_w10_d2_S_ShiftReg/SRL_SIG_reg[1][0]' (FDE) to 'layer20_out_53_U/U_myproject_fifo_w10_d2_S_ShiftReg/SRL_SIG_reg[1][1]'
INFO: [Synth 8-3333] propagating constant 0 across sequential element (layer20_out_53_U/\U_myproject_fifo_w10_d2_S_ShiftReg/SRL_SIG_reg[0][1] )
INFO: [Synth 8-3886] merging instance 'layer20_out_53_U/U_myproject_fifo_w10_d2_S_ShiftReg/SRL_SIG_reg[1][1]' (FDE) to 'layer20_out_53_U/U_myproject_fifo_w10_d2_S_ShiftReg/SRL_SIG_reg[0][1]'
INFO: [Synth 8-3886] merging instance 'layer20_out_52_U/U_myproject_fifo_w10_d2_S_ShiftReg/SRL_SIG_reg[0][0]' (FDE) to 'layer20_out_52_U/U_myproject_fifo_w10_d2_S_ShiftReg/SRL_SIG_reg[0][1]'
INFO: [Synth 8-3886] merging instance 'layer20_out_52_U/U_myproject_fifo_w10_d2_S_ShiftReg/SRL_SIG_reg[1][0]' (FDE) to 'layer20_out_52_U/U_myproject_fifo_w10_d2_S_ShiftReg/SRL_SIG_reg[1][1]'
INFO: [Synth 8-3333] propagating constant 0 across sequential element (layer20_out_52_U/\U_myproject_fifo_w10_d2_S_ShiftReg/SRL_SIG_reg[0][1] )
INFO: [Synth 8-3886] merging instance 'layer20_out_52_U/U_myproject_fifo_w10_d2_S_ShiftReg/SRL_SIG_reg[1][1]' (FDE) to 'layer20_out_52_U/U_myproject_fifo_w10_d2_S_ShiftReg/SRL_SIG_reg[0][1]'
INFO: [Common 17-14] Message 'Synth 8-3886' appears 100 times and further instances of the messages will be disabled. Use the Tcl command set_msg_config to change the current settings.
INFO: [Synth 8-3333] propagating constant 0 across sequential element (layer20_out_51_U/\U_myproject_fifo_w10_d2_S_ShiftReg/SRL_SIG_reg[0][1] )
INFO: [Synth 8-3333] propagating constant 0 across sequential element (layer20_out_50_U/\U_myproject_fifo_w10_d2_S_ShiftReg/SRL_SIG_reg[0][1] )
INFO: [Synth 8-3333] propagating constant 0 across sequential element (layer20_out_49_U/\U_myproject_fifo_w10_d2_S_ShiftReg/SRL_SIG_reg[0][1] )
INFO: [Synth 8-3333] propagating constant 0 across sequential element (layer20_out_48_U/\U_myproject_fifo_w10_d2_S_ShiftReg/SRL_SIG_reg[0][1] )
INFO: [Synth 8-3333] propagating constant 0 across sequential element (layer20_out_47_U/\U_myproject_fifo_w10_d2_S_ShiftReg/SRL_SIG_reg[0][1] )
INFO: [Synth 8-3333] propagating constant 0 across sequential element (layer20_out_46_U/\U_myproject_fifo_w10_d2_S_ShiftReg/SRL_SIG_reg[0][1] )
INFO: [Synth 8-3333] propagating constant 0 across sequential element (layer20_out_45_U/\U_myproject_fifo_w10_d2_S_ShiftReg/SRL_SIG_reg[0][1] )
INFO: [Synth 8-3333] propagating constant 0 across sequential element (layer20_out_44_U/\U_myproject_fifo_w10_d2_S_ShiftReg/SRL_SIG_reg[0][1] )
INFO: [Synth 8-3333] propagating constant 0 across sequential element (layer20_out_43_U/\U_myproject_fifo_w10_d2_S_ShiftReg/SRL_SIG_reg[0][1] )
INFO: [Synth 8-3333] propagating constant 0 across sequential element (layer20_out_42_U/\U_myproject_fifo_w10_d2_S_ShiftReg/SRL_SIG_reg[0][1] )
INFO: [Synth 8-3333] propagating constant 0 across sequential element (layer20_out_41_U/\U_myproject_fifo_w10_d2_S_ShiftReg/SRL_SIG_reg[0][1] )
INFO: [Synth 8-3333] propagating constant 0 across sequential element (layer20_out_40_U/\U_myproject_fifo_w10_d2_S_ShiftReg/SRL_SIG_reg[0][1] )
INFO: [Synth 8-3333] propagating constant 0 across sequential element (layer20_out_39_U/\U_myproject_fifo_w10_d2_S_ShiftReg/SRL_SIG_reg[0][1] )
INFO: [Synth 8-3333] propagating constant 0 across sequential element (layer20_out_38_U/\U_myproject_fifo_w10_d2_S_ShiftReg/SRL_SIG_reg[0][1] )
INFO: [Synth 8-3333] propagating constant 0 across sequential element (layer20_out_37_U/\U_myproject_fifo_w10_d2_S_ShiftReg/SRL_SIG_reg[0][1] )
INFO: [Synth 8-3333] propagating constant 0 across sequential element (layer20_out_36_U/\U_myproject_fifo_w10_d2_S_ShiftReg/SRL_SIG_reg[0][1] )
INFO: [Synth 8-3333] propagating constant 0 across sequential element (layer20_out_35_U/\U_myproject_fifo_w10_d2_S_ShiftReg/SRL_SIG_reg[0][1] )
INFO: [Synth 8-3333] propagating constant 0 across sequential element (layer20_out_34_U/\U_myproject_fifo_w10_d2_S_ShiftReg/SRL_SIG_reg[0][1] )
INFO: [Synth 8-3333] propagating constant 0 across sequential element (layer20_out_33_U/\U_myproject_fifo_w10_d2_S_ShiftReg/SRL_SIG_reg[0][1] )
INFO: [Synth 8-3333] propagating constant 0 across sequential element (layer20_out_32_U/\U_myproject_fifo_w10_d2_S_ShiftReg/SRL_SIG_reg[0][1] )
INFO: [Common 17-14] Message 'Synth 8-3886' appears 100 times and further instances of the messages will be disabled. Use the Tcl command set_msg_config to change the current settings.
INFO: [Synth 8-3333] propagating constant 0 across sequential element (layer20_out_31_U/\U_myproject_fifo_w10_d2_S_ShiftReg/SRL_SIG_reg[0][1] )
INFO: [Synth 8-3333] propagating constant 0 across sequential element (layer20_out_30_U/\U_myproject_fifo_w10_d2_S_ShiftReg/SRL_SIG_reg[0][1] )
INFO: [Synth 8-3333] propagating constant 0 across sequential element (layer20_out_29_U/\U_myproject_fifo_w10_d2_S_ShiftReg/SRL_SIG_reg[0][1] )
INFO: [Synth 8-3333] propagating constant 0 across sequential element (layer20_out_28_U/\U_myproject_fifo_w10_d2_S_ShiftReg/SRL_SIG_reg[0][1] )
INFO: [Synth 8-3333] propagating constant 0 across sequential element (layer20_out_27_U/\U_myproject_fifo_w10_d2_S_ShiftReg/SRL_SIG_reg[0][1] )
INFO: [Synth 8-3333] propagating constant 0 across sequential element (layer20_out_26_U/\U_myproject_fifo_w10_d2_S_ShiftReg/SRL_SIG_reg[0][1] )
INFO: [Synth 8-3333] propagating constant 0 across sequential element (layer20_out_25_U/\U_myproject_fifo_w10_d2_S_ShiftReg/SRL_SIG_reg[0][1] )
INFO: [Synth 8-3333] propagating constant 0 across sequential element (layer20_out_24_U/\U_myproject_fifo_w10_d2_S_ShiftReg/SRL_SIG_reg[0][1] )
INFO: [Synth 8-3333] propagating constant 0 across sequential element (layer20_out_23_U/\U_myproject_fifo_w10_d2_S_ShiftReg/SRL_SIG_reg[0][1] )
INFO: [Synth 8-3333] propagating constant 0 across sequential element (layer20_out_22_U/\U_myproject_fifo_w10_d2_S_ShiftReg/SRL_SIG_reg[0][1] )
INFO: [Synth 8-3333] propagating constant 0 across sequential element (layer20_out_21_U/\U_myproject_fifo_w10_d2_S_ShiftReg/SRL_SIG_reg[0][1] )
INFO: [Synth 8-3333] propagating constant 0 across sequential element (layer20_out_20_U/\U_myproject_fifo_w10_d2_S_ShiftReg/SRL_SIG_reg[0][1] )
INFO: [Synth 8-3333] propagating constant 0 across sequential element (layer20_out_19_U/\U_myproject_fifo_w10_d2_S_ShiftReg/SRL_SIG_reg[0][1] )
INFO: [Synth 8-3333] propagating constant 0 across sequential element (layer20_out_18_U/\U_myproject_fifo_w10_d2_S_ShiftReg/SRL_SIG_reg[0][1] )
INFO: [Synth 8-3333] propagating constant 0 across sequential element (layer20_out_17_U/\U_myproject_fifo_w10_d2_S_ShiftReg/SRL_SIG_reg[0][1] )
INFO: [Synth 8-3333] propagating constant 0 across sequential element (layer20_out_16_U/\U_myproject_fifo_w10_d2_S_ShiftReg/SRL_SIG_reg[0][1] )
INFO: [Synth 8-3333] propagating constant 0 across sequential element (layer20_out_15_U/\U_myproject_fifo_w10_d2_S_ShiftReg/SRL_SIG_reg[0][1] )
INFO: [Synth 8-3333] propagating constant 0 across sequential element (layer20_out_14_U/\U_myproject_fifo_w10_d2_S_ShiftReg/SRL_SIG_reg[0][1] )
INFO: [Synth 8-3333] propagating constant 0 across sequential element (layer20_out_13_U/\U_myproject_fifo_w10_d2_S_ShiftReg/SRL_SIG_reg[0][1] )
INFO: [Synth 8-3333] propagating constant 0 across sequential element (layer20_out_12_U/\U_myproject_fifo_w10_d2_S_ShiftReg/SRL_SIG_reg[0][1] )
INFO: [Synth 8-3333] propagating constant 0 across sequential element (layer20_out_11_U/\U_myproject_fifo_w10_d2_S_ShiftReg/SRL_SIG_reg[0][1] )
INFO: [Synth 8-3333] propagating constant 0 across sequential element (layer20_out_10_U/\U_myproject_fifo_w10_d2_S_ShiftReg/SRL_SIG_reg[0][1] )
INFO: [Synth 8-3333] propagating constant 0 across sequential element (layer20_out_9_U/\U_myproject_fifo_w10_d2_S_ShiftReg/SRL_SIG_reg[0][1] )
INFO: [Synth 8-3333] propagating constant 0 across sequential element (layer20_out_8_U/\U_myproject_fifo_w10_d2_S_ShiftReg/SRL_SIG_reg[0][1] )
INFO: [Synth 8-3333] propagating constant 0 across sequential element (layer20_out_7_U/\U_myproject_fifo_w10_d2_S_ShiftReg/SRL_SIG_reg[0][1] )
INFO: [Synth 8-3333] propagating constant 0 across sequential element (layer20_out_6_U/\U_myproject_fifo_w10_d2_S_ShiftReg/SRL_SIG_reg[0][1] )
INFO: [Synth 8-3333] propagating constant 0 across sequential element (layer20_out_5_U/\U_myproject_fifo_w10_d2_S_ShiftReg/SRL_SIG_reg[0][1] )
INFO: [Synth 8-3333] propagating constant 0 across sequential element (layer20_out_4_U/\U_myproject_fifo_w10_d2_S_ShiftReg/SRL_SIG_reg[0][1] )
INFO: [Synth 8-3333] propagating constant 0 across sequential element (layer20_out_3_U/\U_myproject_fifo_w10_d2_S_ShiftReg/SRL_SIG_reg[0][1] )
INFO: [Synth 8-3333] propagating constant 0 across sequential element (layer20_out_2_U/\U_myproject_fifo_w10_d2_S_ShiftReg/SRL_SIG_reg[0][1] )
INFO: [Synth 8-3333] propagating constant 0 across sequential element (layer20_out_1_U/\U_myproject_fifo_w10_d2_S_ShiftReg/SRL_SIG_reg[0][1] )
INFO: [Synth 8-3333] propagating constant 0 across sequential element (layer20_out_U/\U_myproject_fifo_w10_d2_S_ShiftReg/SRL_SIG_reg[0][1] )
INFO: [Synth 8-3333] propagating constant 1 across sequential element (concatenate1d_ap_ufixed_ap_ufixed_ap_fixed_16_6_5_3_0_config20_U0/\ap_CS_fsm_reg[0] )
INFO: [Synth 8-3333] propagating constant 0 across sequential element (layer20_out_63_U/\U_myproject_fifo_w10_d2_S_ShiftReg/SRL_SIG_reg[0][1] )
INFO: [Synth 8-3333] propagating constant 0 across sequential element (layer20_out_62_U/\U_myproject_fifo_w10_d2_S_ShiftReg/SRL_SIG_reg[0][1] )
INFO: [Synth 8-3333] propagating constant 0 across sequential element (layer20_out_61_U/\U_myproject_fifo_w10_d2_S_ShiftReg/SRL_SIG_reg[0][1] )
INFO: [Synth 8-3333] propagating constant 0 across sequential element (layer20_out_60_U/\U_myproject_fifo_w10_d2_S_ShiftReg/SRL_SIG_reg[0][1] )
INFO: [Synth 8-3333] propagating constant 0 across sequential element (layer20_out_59_U/\U_myproject_fifo_w10_d2_S_ShiftReg/SRL_SIG_reg[0][1] )
INFO: [Synth 8-3333] propagating constant 0 across sequential element (layer20_out_58_U/\U_myproject_fifo_w10_d2_S_ShiftReg/SRL_SIG_reg[0][1] )
INFO: [Synth 8-3333] propagating constant 0 across sequential element (layer20_out_57_U/\U_myproject_fifo_w10_d2_S_ShiftReg/SRL_SIG_reg[0][1] )
INFO: [Synth 8-3333] propagating constant 0 across sequential element (layer20_out_56_U/\U_myproject_fifo_w10_d2_S_ShiftReg/SRL_SIG_reg[0][1] )
INFO: [Synth 8-3333] propagating constant 0 across sequential element (layer20_out_55_U/\U_myproject_fifo_w10_d2_S_ShiftReg/SRL_SIG_reg[0][1] )
INFO: [Synth 8-3333] propagating constant 0 across sequential element (layer20_out_54_U/\U_myproject_fifo_w10_d2_S_ShiftReg/SRL_SIG_reg[0][1] )
INFO: [Synth 8-3333] propagating constant 0 across sequential element (layer20_out_53_U/\U_myproject_fifo_w10_d2_S_ShiftReg/SRL_SIG_reg[0][1] )
INFO: [Synth 8-3333] propagating constant 0 across sequential element (layer20_out_52_U/\U_myproject_fifo_w10_d2_S_ShiftReg/SRL_SIG_reg[0][1] )
INFO: [Synth 8-3333] propagating constant 0 across sequential element (layer20_out_51_U/\U_myproject_fifo_w10_d2_S_ShiftReg/SRL_SIG_reg[0][1] )
INFO: [Common 17-14] Message 'Synth 8-3333' appears 100 times and further instances of the messages will be disabled. Use the Tcl command set_msg_config to change the current settings.
INFO: [Common 17-14] Message 'Synth 8-3333' appears 100 times and further instances of the messages will be disabled. Use the Tcl command set_msg_config to change the current settings.
---------------------------------------------------------------------------------
Finished Cross Boundary and Area Optimization : Time (s): cpu = 00:00:58 ; elapsed = 00:01:26 . Memory (MB): peak = 2586.707 ; gain = 906.555 ; free physical = 72172 ; free virtual = 202173
---------------------------------------------------------------------------------
No constraint files found.
---------------------------------------------------------------------------------
Start Timing Optimization
---------------------------------------------------------------------------------
---------------------------------------------------------------------------------
Finished Timing Optimization : Time (s): cpu = 00:01:00 ; elapsed = 00:01:29 . Memory (MB): peak = 2600.629 ; gain = 920.477 ; free physical = 76813 ; free virtual = 205997
---------------------------------------------------------------------------------
---------------------------------------------------------------------------------
Start Technology Mapping
---------------------------------------------------------------------------------
---------------------------------------------------------------------------------
Finished Technology Mapping : Time (s): cpu = 00:01:04 ; elapsed = 00:01:32 . Memory (MB): peak = 2620.562 ; gain = 940.410 ; free physical = 75757 ; free virtual = 204975
---------------------------------------------------------------------------------
---------------------------------------------------------------------------------
Start IO Insertion
---------------------------------------------------------------------------------
---------------------------------------------------------------------------------
Start Flattening Before IO Insertion
---------------------------------------------------------------------------------
---------------------------------------------------------------------------------
Finished Flattening Before IO Insertion
---------------------------------------------------------------------------------
---------------------------------------------------------------------------------
Start Final Netlist Cleanup
---------------------------------------------------------------------------------
---------------------------------------------------------------------------------
Finished Final Netlist Cleanup
---------------------------------------------------------------------------------
---------------------------------------------------------------------------------
Finished IO Insertion : Time (s): cpu = 00:01:12 ; elapsed = 00:01:40 . Memory (MB): peak = 2634.742 ; gain = 954.590 ; free physical = 73726 ; free virtual = 202931
---------------------------------------------------------------------------------
---------------------------------------------------------------------------------
Start Renaming Generated Instances
---------------------------------------------------------------------------------
---------------------------------------------------------------------------------
Finished Renaming Generated Instances : Time (s): cpu = 00:01:12 ; elapsed = 00:01:40 . Memory (MB): peak = 2634.742 ; gain = 954.590 ; free physical = 73697 ; free virtual = 202906
---------------------------------------------------------------------------------
---------------------------------------------------------------------------------
Start Rebuilding User Hierarchy
---------------------------------------------------------------------------------
---------------------------------------------------------------------------------
Finished Rebuilding User Hierarchy : Time (s): cpu = 00:01:15 ; elapsed = 00:01:43 . Memory (MB): peak = 2634.742 ; gain = 954.590 ; free physical = 75386 ; free virtual = 204435
---------------------------------------------------------------------------------
---------------------------------------------------------------------------------
Start Renaming Generated Ports
---------------------------------------------------------------------------------
---------------------------------------------------------------------------------
Finished Renaming Generated Ports : Time (s): cpu = 00:01:15 ; elapsed = 00:01:43 . Memory (MB): peak = 2634.742 ; gain = 954.590 ; free physical = 75332 ; free virtual = 204383
---------------------------------------------------------------------------------
---------------------------------------------------------------------------------
Start Handling Custom Attributes
---------------------------------------------------------------------------------
---------------------------------------------------------------------------------
Finished Handling Custom Attributes : Time (s): cpu = 00:01:16 ; elapsed = 00:01:45 . Memory (MB): peak = 2634.742 ; gain = 954.590 ; free physical = 74655 ; free virtual = 203709
---------------------------------------------------------------------------------
---------------------------------------------------------------------------------
Start Renaming Generated Nets
---------------------------------------------------------------------------------
---------------------------------------------------------------------------------
Finished Renaming Generated Nets : Time (s): cpu = 00:01:17 ; elapsed = 00:01:45 . Memory (MB): peak = 2634.742 ; gain = 954.590 ; free physical = 74583 ; free virtual = 203637
---------------------------------------------------------------------------------
---------------------------------------------------------------------------------
Start ROM, RAM, DSP, Shift Register and Retiming Reporting
---------------------------------------------------------------------------------

Dynamic Shift Register Report:
+------------+----------------+--------+------------+--------+---------+--------+--------+--------+
|Module Name | RTL Name       | Length | Data Width | SRL16E | SRLC32E | Mux F7 | Mux F8 | Mux F9 | 
+------------+----------------+--------+------------+--------+---------+--------+--------+--------+
|dsrl        | SRL_SIG_reg[2] | 12     | 12         | 12     | 0       | 0      | 0      | 0      | 
|dsrl__1     | SRL_SIG_reg[2] | 8      | 8          | 8      | 0       | 0      | 0      | 0      | 
+------------+----------------+--------+------------+--------+---------+--------+--------+--------+

---------------------------------------------------------------------------------
Finished ROM, RAM, DSP, Shift Register and Retiming Reporting
---------------------------------------------------------------------------------
---------------------------------------------------------------------------------
Start Writing Synthesis Report
---------------------------------------------------------------------------------

Report BlackBoxes: 
+-+--------------+----------+
| |BlackBox name |Instances |
+-+--------------+----------+
+-+--------------+----------+

Report Cell Usage: 
+------+-------+------+
|      |Cell   |Count |
+------+-------+------+
|1     |BUFG   |     1|
|2     |CARRY4 |  1982|
|3     |LUT1   |   116|
|4     |LUT2   |  6699|
|5     |LUT3   |  8789|
|6     |LUT4   |  3014|
|7     |LUT5   |  5823|
|8     |LUT6   |  8124|
|9     |MUXF7  |   281|
|10    |MUXF8  |    72|
|11    |SRL16E |    75|
|12    |FDRE   | 28628|
|13    |FDSE   |   418|
|14    |IBUF   |  1890|
|15    |OBUF   |   252|
+------+-------+------+

Report Instance Areas: 
+------+---------------------------------------------------------------------+-------------------------------------------------------------------------------------------+------+
|      |Instance                                                             |Module                                                                                     |Cells |
+------+---------------------------------------------------------------------+-------------------------------------------------------------------------------------------+------+
|1     |top                                                                  |                                                                                           | 66164|
|2     |  hard_sigmoid_ap_fixed_ap_ufixed_8_0_4_0_0_hard_sigmoid_config29_U0 |myproject_hard_sigmoid_ap_fixed_ap_ufixed_8_0_4_0_0_hard_sigmoid_config29_s                |     8|
|3     |  layer26_out_U                                                      |myproject_fifo_w8_d2_S_336                                                                 |    38|
|4     |    U_myproject_fifo_w8_d2_S_ShiftReg                                |myproject_fifo_w8_d2_S_ShiftReg                                                            |    24|
|5     |  layer26_out_1_U                                                    |myproject_fifo_w8_d2_S_327                                                                 |    38|
|6     |    U_myproject_fifo_w8_d2_S_ShiftReg                                |myproject_fifo_w8_d2_S_ShiftReg_480                                                        |    24|
|7     |  layer26_out_4_U                                                    |myproject_fifo_w8_d2_S_330                                                                 |    38|
|8     |    U_myproject_fifo_w8_d2_S_ShiftReg                                |myproject_fifo_w8_d2_S_ShiftReg_477                                                        |    24|
|9     |  layer26_out_5_U                                                    |myproject_fifo_w8_d2_S_331                                                                 |    38|
|10    |    U_myproject_fifo_w8_d2_S_ShiftReg                                |myproject_fifo_w8_d2_S_ShiftReg_476                                                        |    24|
|11    |  layer26_out_6_U                                                    |myproject_fifo_w8_d2_S_332                                                                 |    38|
|12    |    U_myproject_fifo_w8_d2_S_ShiftReg                                |myproject_fifo_w8_d2_S_ShiftReg_475                                                        |    24|
|13    |  layer26_out_7_U                                                    |myproject_fifo_w8_d2_S_333                                                                 |    38|
|14    |    U_myproject_fifo_w8_d2_S_ShiftReg                                |myproject_fifo_w8_d2_S_ShiftReg_474                                                        |    24|
|15    |  layer26_out_10_U                                                   |myproject_fifo_w8_d2_S_317                                                                 |    38|
|16    |    U_myproject_fifo_w8_d2_S_ShiftReg                                |myproject_fifo_w8_d2_S_ShiftReg_490                                                        |    24|
|17    |  layer26_out_11_U                                                   |myproject_fifo_w8_d2_S_318                                                                 |    38|
|18    |    U_myproject_fifo_w8_d2_S_ShiftReg                                |myproject_fifo_w8_d2_S_ShiftReg_489                                                        |    24|
|19    |  layer26_out_12_U                                                   |myproject_fifo_w8_d2_S_319                                                                 |    38|
|20    |    U_myproject_fifo_w8_d2_S_ShiftReg                                |myproject_fifo_w8_d2_S_ShiftReg_488                                                        |    24|
|21    |  layer26_out_13_U                                                   |myproject_fifo_w8_d2_S_320                                                                 |    38|
|22    |    U_myproject_fifo_w8_d2_S_ShiftReg                                |myproject_fifo_w8_d2_S_ShiftReg_487                                                        |    24|
|23    |  layer26_out_16_U                                                   |myproject_fifo_w8_d2_S_323                                                                 |    38|
|24    |    U_myproject_fifo_w8_d2_S_ShiftReg                                |myproject_fifo_w8_d2_S_ShiftReg_484                                                        |    24|
|25    |  layer26_out_17_U                                                   |myproject_fifo_w8_d2_S_324                                                                 |    38|
|26    |    U_myproject_fifo_w8_d2_S_ShiftReg                                |myproject_fifo_w8_d2_S_ShiftReg_483                                                        |    24|
|27    |  concatenate1d_ap_fixed_ap_fixed_ap_fixed_16_6_5_3_0_config12_U0    |myproject_concatenate1d_ap_fixed_ap_fixed_ap_fixed_16_6_5_3_0_config12_s                   |   484|
|28    |  concatenate1d_ap_fixed_ap_fixed_ap_fixed_16_6_5_3_0_config13_U0    |myproject_concatenate1d_ap_fixed_ap_fixed_ap_fixed_16_6_5_3_0_config13_s                   |    24|
|29    |  concatenate1d_ap_fixed_ap_fixed_ap_fixed_16_6_5_3_0_config8_U0     |myproject_concatenate1d_ap_fixed_ap_fixed_ap_fixed_16_6_5_3_0_config8_s                    |   470|
|30    |  concatenate1d_ap_ufixed_ap_ufixed_ap_fixed_16_6_5_3_0_config20_U0  |myproject_concatenate1d_ap_ufixed_ap_ufixed_ap_fixed_16_6_5_3_0_config20_s                 |   666|
|31    |  dense_resource_ap_fixed_16_6_5_3_0_ap_fixed_16_6_5_3_0_config14_U0 |myproject_dense_resource_ap_fixed_16_6_5_3_0_ap_fixed_16_6_5_3_0_config14_s                | 15312|
|32    |    mul_11s_10s_21_1_1_U194                                          |myproject_mul_11s_10s_21_1_1_827                                                           |   137|
|33    |    mul_11s_10s_21_1_1_U195                                          |myproject_mul_11s_10s_21_1_1_828                                                           |   120|
|34    |    mul_11s_10s_21_1_1_U196                                          |myproject_mul_11s_10s_21_1_1_829                                                           |   124|
|35    |    mul_11s_10s_21_1_1_U197                                          |myproject_mul_11s_10s_21_1_1_830                                                           |   120|
|36    |    mul_11s_10s_21_1_1_U198                                          |myproject_mul_11s_10s_21_1_1_831                                                           |   120|
|37    |    mul_11s_10s_21_1_1_U199                                          |myproject_mul_11s_10s_21_1_1_832                                                           |   232|
|38    |    mul_11s_10s_21_1_1_U200                                          |myproject_mul_11s_10s_21_1_1_833                                                           |   154|
|39    |    mul_11s_10s_21_1_1_U201                                          |myproject_mul_11s_10s_21_1_1_834                                                           |   120|
|40    |    mul_11s_10s_21_1_1_U202                                          |myproject_mul_11s_10s_21_1_1_835                                                           |   228|
|41    |    mul_11s_10s_21_1_1_U78                                           |myproject_mul_11s_10s_21_1_1_836                                                           |   148|
|42    |    mul_11s_10s_21_1_1_U80                                           |myproject_mul_11s_10s_21_1_1_837                                                           |   131|
|43    |    mul_11s_10s_21_1_1_U84                                           |myproject_mul_11s_10s_21_1_1_838                                                           |   154|
|44    |    mul_11s_10s_21_1_1_U85                                           |myproject_mul_11s_10s_21_1_1_839                                                           |   120|
|45    |    sparsemux_15_3_11_1_1_U77                                        |myproject_sparsemux_15_3_11_1_1                                                            |    55|
|46    |    sparsemux_15_3_11_1_1_U79                                        |myproject_sparsemux_15_3_11_1_1_840                                                        |    55|
|47    |    sparsemux_15_3_11_1_1_U83                                        |myproject_sparsemux_15_3_11_1_1_841                                                        |    33|
|48    |  dense_resource_ap_fixed_16_6_5_3_0_ap_fixed_16_6_5_3_0_config16_U0 |myproject_dense_resource_ap_fixed_16_6_5_3_0_ap_fixed_16_6_5_3_0_config16_s                |  1249|
|49    |    mul_11s_10s_21_1_1_U456                                          |myproject_mul_11s_10s_21_1_1                                                               |   195|
|50    |    outidx_i_U                                                       |myproject_dense_resource_ap_fixed_16_6_5_3_0_ap_fixed_16_6_5_3_0_config16_s_outidx_i_RObkb |   470|
|51    |  dense_resource_ap_fixed_16_6_5_3_0_ap_fixed_16_6_5_3_0_config21_U0 |myproject_dense_resource_ap_fixed_16_6_5_3_0_ap_fixed_16_6_5_3_0_config21_s                |  9829|
|52    |    mul_10s_10ns_20_1_1_U600                                         |myproject_mul_10s_10ns_20_1_1                                                              |   191|
|53    |    mul_10s_10ns_20_1_1_U602                                         |myproject_mul_10s_10ns_20_1_1_817                                                          |   190|
|54    |    mul_10s_10ns_20_1_1_U604                                         |myproject_mul_10s_10ns_20_1_1_818                                                          |   199|
|55    |    mul_10s_10ns_20_1_1_U606                                         |myproject_mul_10s_10ns_20_1_1_819                                                          |   150|
|56    |    mul_10s_10ns_20_1_1_U607                                         |myproject_mul_10s_10ns_20_1_1_820                                                          |   154|
|57    |    mul_10s_10ns_20_1_1_U608                                         |myproject_mul_10s_10ns_20_1_1_821                                                          |   153|
|58    |    mul_10s_10ns_20_1_1_U609                                         |myproject_mul_10s_10ns_20_1_1_822                                                          |  1409|
|59    |    mul_10s_10ns_20_1_1_U610                                         |myproject_mul_10s_10ns_20_1_1_823                                                          |   153|
|60    |    sparsemux_33_4_10_1_1_U599                                       |myproject_sparsemux_33_4_10_1_1                                                            |   126|
|61    |    sparsemux_33_4_10_1_1_U601                                       |myproject_sparsemux_33_4_10_1_1_824                                                        |   126|
|62    |    sparsemux_33_4_10_1_1_U603                                       |myproject_sparsemux_33_4_10_1_1_825                                                        |    70|
|63    |    sparsemux_33_4_10_1_1_U605                                       |myproject_sparsemux_33_4_10_1_1_826                                                        |    70|
|64    |  dense_resource_ap_ufixed_8_0_4_0_0_ap_fixed_16_6_5_3_0_config24_U0 |myproject_dense_resource_ap_ufixed_8_0_4_0_0_ap_fixed_16_6_5_3_0_config24_s                |  4781|
|65    |    mul_10s_8ns_18_1_1_U887                                          |myproject_mul_10s_8ns_18_1_1_812                                                           |   152|
|66    |    mul_10s_8ns_18_1_1_U889                                          |myproject_mul_10s_8ns_18_1_1_813                                                           |   151|
|67    |    mul_10s_8ns_18_1_1_U890                                          |myproject_mul_10s_8ns_18_1_1_814                                                           |   126|
|68    |    mul_10s_8ns_18_1_1_U891                                          |myproject_mul_10s_8ns_18_1_1_815                                                           |   515|
|69    |    sparsemux_37_5_8_1_1_U886                                        |myproject_sparsemux_37_5_8_1_1                                                             |   128|
|70    |    sparsemux_37_5_8_1_1_U888                                        |myproject_sparsemux_37_5_8_1_1_816                                                         |   128|
|71    |  dense_resource_ap_ufixed_8_0_4_0_0_ap_fixed_16_6_5_3_0_config27_U0 |myproject_dense_resource_ap_ufixed_8_0_4_0_0_ap_fixed_16_6_5_3_0_config27_s                |   963|
|72    |    mul_10s_8ns_18_1_1_U1008                                         |myproject_mul_10s_8ns_18_1_1                                                               |   365|
|73    |  layer10_out_U                                                      |myproject_fifo_w12_d2_S                                                                    |    60|
|74    |    U_myproject_fifo_w12_d2_S_ShiftReg                               |myproject_fifo_w12_d2_S_ShiftReg_811                                                       |    47|
|75    |  layer11_out_U                                                      |myproject_fifo_w12_d2_S_0                                                                  |    64|
|76    |    U_myproject_fifo_w12_d2_S_ShiftReg                               |myproject_fifo_w12_d2_S_ShiftReg_810                                                       |    47|
|77    |  layer12_out_10_U                                                   |myproject_fifo_w11_d2_S                                                                    |    49|
|78    |    U_myproject_fifo_w11_d2_S_ShiftReg                               |myproject_fifo_w11_d2_S_ShiftReg_809                                                       |    34|
|79    |  layer12_out_11_U                                                   |myproject_fifo_w11_d2_S_1                                                                  |    48|
|80    |    U_myproject_fifo_w11_d2_S_ShiftReg                               |myproject_fifo_w11_d2_S_ShiftReg_808                                                       |    34|
|81    |  layer12_out_12_U                                                   |myproject_fifo_w11_d2_S_2                                                                  |    48|
|82    |    U_myproject_fifo_w11_d2_S_ShiftReg                               |myproject_fifo_w11_d2_S_ShiftReg_807                                                       |    34|
|83    |  layer12_out_13_U                                                   |myproject_fifo_w11_d2_S_3                                                                  |    51|
|84    |    U_myproject_fifo_w11_d2_S_ShiftReg                               |myproject_fifo_w11_d2_S_ShiftReg_806                                                       |    34|
|85    |  layer12_out_14_U                                                   |myproject_fifo_w11_d2_S_4                                                                  |    49|
|86    |    U_myproject_fifo_w11_d2_S_ShiftReg                               |myproject_fifo_w11_d2_S_ShiftReg_805                                                       |    34|
|87    |  layer12_out_15_U                                                   |myproject_fifo_w11_d2_S_5                                                                  |    51|
|88    |    U_myproject_fifo_w11_d2_S_ShiftReg                               |myproject_fifo_w11_d2_S_ShiftReg_804                                                       |    34|
|89    |  layer12_out_16_U                                                   |myproject_fifo_w11_d2_S_6                                                                  |    48|
|90    |    U_myproject_fifo_w11_d2_S_ShiftReg                               |myproject_fifo_w11_d2_S_ShiftReg_803                                                       |    34|
|91    |  layer12_out_17_U                                                   |myproject_fifo_w11_d2_S_7                                                                  |    48|
|92    |    U_myproject_fifo_w11_d2_S_ShiftReg                               |myproject_fifo_w11_d2_S_ShiftReg_802                                                       |    34|
|93    |  layer12_out_18_U                                                   |myproject_fifo_w11_d2_S_8                                                                  |    49|
|94    |    U_myproject_fifo_w11_d2_S_ShiftReg                               |myproject_fifo_w11_d2_S_ShiftReg_801                                                       |    34|
|95    |  layer12_out_19_U                                                   |myproject_fifo_w11_d2_S_9                                                                  |    49|
|96    |    U_myproject_fifo_w11_d2_S_ShiftReg                               |myproject_fifo_w11_d2_S_ShiftReg_800                                                       |    34|
|97    |  layer12_out_1_U                                                    |myproject_fifo_w11_d2_S_10                                                                 |    49|
|98    |    U_myproject_fifo_w11_d2_S_ShiftReg                               |myproject_fifo_w11_d2_S_ShiftReg_799                                                       |    34|
|99    |  layer12_out_20_U                                                   |myproject_fifo_w11_d2_S_11                                                                 |    48|
|100   |    U_myproject_fifo_w11_d2_S_ShiftReg                               |myproject_fifo_w11_d2_S_ShiftReg_798                                                       |    34|
|101   |  layer12_out_21_U                                                   |myproject_fifo_w11_d2_S_12                                                                 |    50|
|102   |    U_myproject_fifo_w11_d2_S_ShiftReg                               |myproject_fifo_w11_d2_S_ShiftReg_797                                                       |    34|
|103   |  layer12_out_22_U                                                   |myproject_fifo_w11_d2_S_13                                                                 |    48|
|104   |    U_myproject_fifo_w11_d2_S_ShiftReg                               |myproject_fifo_w11_d2_S_ShiftReg_796                                                       |    34|
|105   |  layer12_out_23_U                                                   |myproject_fifo_w11_d2_S_14                                                                 |    48|
|106   |    U_myproject_fifo_w11_d2_S_ShiftReg                               |myproject_fifo_w11_d2_S_ShiftReg_795                                                       |    34|
|107   |  layer12_out_24_U                                                   |myproject_fifo_w11_d2_S_15                                                                 |    49|
|108   |    U_myproject_fifo_w11_d2_S_ShiftReg                               |myproject_fifo_w11_d2_S_ShiftReg_794                                                       |    34|
|109   |  layer12_out_25_U                                                   |myproject_fifo_w11_d2_S_16                                                                 |    49|
|110   |    U_myproject_fifo_w11_d2_S_ShiftReg                               |myproject_fifo_w11_d2_S_ShiftReg_793                                                       |    34|
|111   |  layer12_out_26_U                                                   |myproject_fifo_w11_d2_S_17                                                                 |    48|
|112   |    U_myproject_fifo_w11_d2_S_ShiftReg                               |myproject_fifo_w11_d2_S_ShiftReg_792                                                       |    34|
|113   |  layer12_out_27_U                                                   |myproject_fifo_w11_d2_S_18                                                                 |    50|
|114   |    U_myproject_fifo_w11_d2_S_ShiftReg                               |myproject_fifo_w11_d2_S_ShiftReg_791                                                       |    34|
|115   |  layer12_out_28_U                                                   |myproject_fifo_w11_d2_S_19                                                                 |    48|
|116   |    U_myproject_fifo_w11_d2_S_ShiftReg                               |myproject_fifo_w11_d2_S_ShiftReg_790                                                       |    34|
|117   |  layer12_out_29_U                                                   |myproject_fifo_w11_d2_S_20                                                                 |    49|
|118   |    U_myproject_fifo_w11_d2_S_ShiftReg                               |myproject_fifo_w11_d2_S_ShiftReg_789                                                       |    34|
|119   |  layer12_out_2_U                                                    |myproject_fifo_w11_d2_S_21                                                                 |    50|
|120   |    U_myproject_fifo_w11_d2_S_ShiftReg                               |myproject_fifo_w11_d2_S_ShiftReg_788                                                       |    34|
|121   |  layer12_out_30_U                                                   |myproject_fifo_w11_d2_S_22                                                                 |    48|
|122   |    U_myproject_fifo_w11_d2_S_ShiftReg                               |myproject_fifo_w11_d2_S_ShiftReg_787                                                       |    34|
|123   |  layer12_out_31_U                                                   |myproject_fifo_w11_d2_S_23                                                                 |    49|
|124   |    U_myproject_fifo_w11_d2_S_ShiftReg                               |myproject_fifo_w11_d2_S_ShiftReg_786                                                       |    34|
|125   |  layer12_out_32_U                                                   |myproject_fifo_w11_d2_S_24                                                                 |    49|
|126   |    U_myproject_fifo_w11_d2_S_ShiftReg                               |myproject_fifo_w11_d2_S_ShiftReg_785                                                       |    34|
|127   |  layer12_out_33_U                                                   |myproject_fifo_w11_d2_S_25                                                                 |    49|
|128   |    U_myproject_fifo_w11_d2_S_ShiftReg                               |myproject_fifo_w11_d2_S_ShiftReg_784                                                       |    34|
|129   |  layer12_out_34_U                                                   |myproject_fifo_w11_d2_S_26                                                                 |    48|
|130   |    U_myproject_fifo_w11_d2_S_ShiftReg                               |myproject_fifo_w11_d2_S_ShiftReg_783                                                       |    34|
|131   |  layer12_out_3_U                                                    |myproject_fifo_w11_d2_S_27                                                                 |    48|
|132   |    U_myproject_fifo_w11_d2_S_ShiftReg                               |myproject_fifo_w11_d2_S_ShiftReg_782                                                       |    34|
|133   |  layer12_out_4_U                                                    |myproject_fifo_w11_d2_S_28                                                                 |    48|
|134   |    U_myproject_fifo_w11_d2_S_ShiftReg                               |myproject_fifo_w11_d2_S_ShiftReg_781                                                       |    34|
|135   |  layer12_out_5_U                                                    |myproject_fifo_w11_d2_S_29                                                                 |    49|
|136   |    U_myproject_fifo_w11_d2_S_ShiftReg                               |myproject_fifo_w11_d2_S_ShiftReg_780                                                       |    34|
|137   |  layer12_out_6_U                                                    |myproject_fifo_w11_d2_S_30                                                                 |    48|
|138   |    U_myproject_fifo_w11_d2_S_ShiftReg                               |myproject_fifo_w11_d2_S_ShiftReg_779                                                       |    34|
|139   |  layer12_out_7_U                                                    |myproject_fifo_w11_d2_S_31                                                                 |    49|
|140   |    U_myproject_fifo_w11_d2_S_ShiftReg                               |myproject_fifo_w11_d2_S_ShiftReg_778                                                       |    34|
|141   |  layer12_out_8_U                                                    |myproject_fifo_w11_d2_S_32                                                                 |    48|
|142   |    U_myproject_fifo_w11_d2_S_ShiftReg                               |myproject_fifo_w11_d2_S_ShiftReg_777                                                       |    33|
|143   |  layer12_out_9_U                                                    |myproject_fifo_w11_d2_S_33                                                                 |    49|
|144   |    U_myproject_fifo_w11_d2_S_ShiftReg                               |myproject_fifo_w11_d2_S_ShiftReg_776                                                       |    34|
|145   |  layer12_out_U                                                      |myproject_fifo_w11_d2_S_34                                                                 |    50|
|146   |    U_myproject_fifo_w11_d2_S_ShiftReg                               |myproject_fifo_w11_d2_S_ShiftReg_775                                                       |    34|
|147   |  layer13_out_1_U                                                    |myproject_fifo_w11_d2_S_35                                                                 |    49|
|148   |    U_myproject_fifo_w11_d2_S_ShiftReg                               |myproject_fifo_w11_d2_S_ShiftReg_774                                                       |    34|
|149   |  layer13_out_U                                                      |myproject_fifo_w11_d2_S_36                                                                 |    49|
|150   |    U_myproject_fifo_w11_d2_S_ShiftReg                               |myproject_fifo_w11_d2_S_ShiftReg_773                                                       |    34|
|151   |  layer14_out_10_U                                                   |myproject_fifo_w16_d2_S                                                                    |   103|
|152   |    U_myproject_fifo_w16_d2_S_ShiftReg                               |myproject_fifo_w16_d2_S_ShiftReg_772                                                       |    86|
|153   |  layer14_out_11_U                                                   |myproject_fifo_w16_d2_S_37                                                                 |   101|
|154   |    U_myproject_fifo_w16_d2_S_ShiftReg                               |myproject_fifo_w16_d2_S_ShiftReg_771                                                       |    86|
|155   |  layer14_out_12_U                                                   |myproject_fifo_w16_d2_S_38                                                                 |   100|
|156   |    U_myproject_fifo_w16_d2_S_ShiftReg                               |myproject_fifo_w16_d2_S_ShiftReg_770                                                       |    86|
|157   |  layer14_out_13_U                                                   |myproject_fifo_w16_d2_S_39                                                                 |   101|
|158   |    U_myproject_fifo_w16_d2_S_ShiftReg                               |myproject_fifo_w16_d2_S_ShiftReg_769                                                       |    86|
|159   |  layer14_out_14_U                                                   |myproject_fifo_w16_d2_S_40                                                                 |   100|
|160   |    U_myproject_fifo_w16_d2_S_ShiftReg                               |myproject_fifo_w16_d2_S_ShiftReg_768                                                       |    86|
|161   |  layer14_out_15_U                                                   |myproject_fifo_w16_d2_S_41                                                                 |   100|
|162   |    U_myproject_fifo_w16_d2_S_ShiftReg                               |myproject_fifo_w16_d2_S_ShiftReg_767                                                       |    86|
|163   |  layer14_out_16_U                                                   |myproject_fifo_w16_d2_S_42                                                                 |   103|
|164   |    U_myproject_fifo_w16_d2_S_ShiftReg                               |myproject_fifo_w16_d2_S_ShiftReg_766                                                       |    86|
|165   |  layer14_out_17_U                                                   |myproject_fifo_w16_d2_S_43                                                                 |   102|
|166   |    U_myproject_fifo_w16_d2_S_ShiftReg                               |myproject_fifo_w16_d2_S_ShiftReg_765                                                       |    86|
|167   |  layer14_out_18_U                                                   |myproject_fifo_w16_d2_S_44                                                                 |   100|
|168   |    U_myproject_fifo_w16_d2_S_ShiftReg                               |myproject_fifo_w16_d2_S_ShiftReg_764                                                       |    86|
|169   |  layer14_out_19_U                                                   |myproject_fifo_w16_d2_S_45                                                                 |   100|
|170   |    U_myproject_fifo_w16_d2_S_ShiftReg                               |myproject_fifo_w16_d2_S_ShiftReg_763                                                       |    86|
|171   |  layer14_out_1_U                                                    |myproject_fifo_w16_d2_S_46                                                                 |   108|
|172   |    U_myproject_fifo_w16_d2_S_ShiftReg                               |myproject_fifo_w16_d2_S_ShiftReg_762                                                       |    94|
|173   |  layer14_out_20_U                                                   |myproject_fifo_w16_d2_S_47                                                                 |   100|
|174   |    U_myproject_fifo_w16_d2_S_ShiftReg                               |myproject_fifo_w16_d2_S_ShiftReg_761                                                       |    86|
|175   |  layer14_out_21_U                                                   |myproject_fifo_w16_d2_S_48                                                                 |   101|
|176   |    U_myproject_fifo_w16_d2_S_ShiftReg                               |myproject_fifo_w16_d2_S_ShiftReg_760                                                       |    86|
|177   |  layer14_out_22_U                                                   |myproject_fifo_w16_d2_S_49                                                                 |   104|
|178   |    U_myproject_fifo_w16_d2_S_ShiftReg                               |myproject_fifo_w16_d2_S_ShiftReg_759                                                       |    86|
|179   |  layer14_out_23_U                                                   |myproject_fifo_w16_d2_S_50                                                                 |   101|
|180   |    U_myproject_fifo_w16_d2_S_ShiftReg                               |myproject_fifo_w16_d2_S_ShiftReg_758                                                       |    86|
|181   |  layer14_out_24_U                                                   |myproject_fifo_w16_d2_S_51                                                                 |   101|
|182   |    U_myproject_fifo_w16_d2_S_ShiftReg                               |myproject_fifo_w16_d2_S_ShiftReg_757                                                       |    86|
|183   |  layer14_out_25_U                                                   |myproject_fifo_w16_d2_S_52                                                                 |   100|
|184   |    U_myproject_fifo_w16_d2_S_ShiftReg                               |myproject_fifo_w16_d2_S_ShiftReg_756                                                       |    86|
|185   |  layer14_out_26_U                                                   |myproject_fifo_w16_d2_S_53                                                                 |   100|
|186   |    U_myproject_fifo_w16_d2_S_ShiftReg                               |myproject_fifo_w16_d2_S_ShiftReg_755                                                       |    86|
|187   |  layer14_out_27_U                                                   |myproject_fifo_w16_d2_S_54                                                                 |   100|
|188   |    U_myproject_fifo_w16_d2_S_ShiftReg                               |myproject_fifo_w16_d2_S_ShiftReg_754                                                       |    86|
|189   |  layer14_out_28_U                                                   |myproject_fifo_w16_d2_S_55                                                                 |   102|
|190   |    U_myproject_fifo_w16_d2_S_ShiftReg                               |myproject_fifo_w16_d2_S_ShiftReg_753                                                       |    86|
|191   |  layer14_out_29_U                                                   |myproject_fifo_w16_d2_S_56                                                                 |   101|
|192   |    U_myproject_fifo_w16_d2_S_ShiftReg                               |myproject_fifo_w16_d2_S_ShiftReg_752                                                       |    86|
|193   |  layer14_out_2_U                                                    |myproject_fifo_w16_d2_S_57                                                                 |   108|
|194   |    U_myproject_fifo_w16_d2_S_ShiftReg                               |myproject_fifo_w16_d2_S_ShiftReg_751                                                       |    94|
|195   |  layer14_out_30_U                                                   |myproject_fifo_w16_d2_S_58                                                                 |   100|
|196   |    U_myproject_fifo_w16_d2_S_ShiftReg                               |myproject_fifo_w16_d2_S_ShiftReg_750                                                       |    86|
|197   |  layer14_out_31_U                                                   |myproject_fifo_w16_d2_S_59                                                                 |   101|
|198   |    U_myproject_fifo_w16_d2_S_ShiftReg                               |myproject_fifo_w16_d2_S_ShiftReg_749                                                       |    86|
|199   |  layer14_out_32_U                                                   |myproject_fifo_w16_d2_S_60                                                                 |   100|
|200   |    U_myproject_fifo_w16_d2_S_ShiftReg                               |myproject_fifo_w16_d2_S_ShiftReg_748                                                       |    86|
|201   |  layer14_out_33_U                                                   |myproject_fifo_w16_d2_S_61                                                                 |   100|
|202   |    U_myproject_fifo_w16_d2_S_ShiftReg                               |myproject_fifo_w16_d2_S_ShiftReg_747                                                       |    86|
|203   |  layer14_out_34_U                                                   |myproject_fifo_w16_d2_S_62                                                                 |   108|
|204   |    U_myproject_fifo_w16_d2_S_ShiftReg                               |myproject_fifo_w16_d2_S_ShiftReg_746                                                       |    86|
|205   |  layer14_out_35_U                                                   |myproject_fifo_w16_d2_S_63                                                                 |   100|
|206   |    U_myproject_fifo_w16_d2_S_ShiftReg                               |myproject_fifo_w16_d2_S_ShiftReg_745                                                       |    86|
|207   |  layer14_out_36_U                                                   |myproject_fifo_w16_d2_S_64                                                                 |   100|
|208   |    U_myproject_fifo_w16_d2_S_ShiftReg                               |myproject_fifo_w16_d2_S_ShiftReg_744                                                       |    86|
|209   |  layer14_out_37_U                                                   |myproject_fifo_w16_d2_S_65                                                                 |   101|
|210   |    U_myproject_fifo_w16_d2_S_ShiftReg                               |myproject_fifo_w16_d2_S_ShiftReg_743                                                       |    86|
|211   |  layer14_out_38_U                                                   |myproject_fifo_w16_d2_S_66                                                                 |   100|
|212   |    U_myproject_fifo_w16_d2_S_ShiftReg                               |myproject_fifo_w16_d2_S_ShiftReg_742                                                       |    86|
|213   |  layer14_out_39_U                                                   |myproject_fifo_w16_d2_S_67                                                                 |   101|
|214   |    U_myproject_fifo_w16_d2_S_ShiftReg                               |myproject_fifo_w16_d2_S_ShiftReg_741                                                       |    86|
|215   |  layer14_out_3_U                                                    |myproject_fifo_w16_d2_S_68                                                                 |   108|
|216   |    U_myproject_fifo_w16_d2_S_ShiftReg                               |myproject_fifo_w16_d2_S_ShiftReg_740                                                       |    94|
|217   |  layer14_out_40_U                                                   |myproject_fifo_w16_d2_S_69                                                                 |   103|
|218   |    U_myproject_fifo_w16_d2_S_ShiftReg                               |myproject_fifo_w16_d2_S_ShiftReg_739                                                       |    86|
|219   |  layer14_out_41_U                                                   |myproject_fifo_w16_d2_S_70                                                                 |   100|
|220   |    U_myproject_fifo_w16_d2_S_ShiftReg                               |myproject_fifo_w16_d2_S_ShiftReg_738                                                       |    86|
|221   |  layer14_out_42_U                                                   |myproject_fifo_w16_d2_S_71                                                                 |   101|
|222   |    U_myproject_fifo_w16_d2_S_ShiftReg                               |myproject_fifo_w16_d2_S_ShiftReg_737                                                       |    86|
|223   |  layer14_out_43_U                                                   |myproject_fifo_w16_d2_S_72                                                                 |   101|
|224   |    U_myproject_fifo_w16_d2_S_ShiftReg                               |myproject_fifo_w16_d2_S_ShiftReg_736                                                       |    86|
|225   |  layer14_out_44_U                                                   |myproject_fifo_w16_d2_S_73                                                                 |   101|
|226   |    U_myproject_fifo_w16_d2_S_ShiftReg                               |myproject_fifo_w16_d2_S_ShiftReg_735                                                       |    86|
|227   |  layer14_out_45_U                                                   |myproject_fifo_w16_d2_S_74                                                                 |   100|
|228   |    U_myproject_fifo_w16_d2_S_ShiftReg                               |myproject_fifo_w16_d2_S_ShiftReg_734                                                       |    86|
|229   |  layer14_out_46_U                                                   |myproject_fifo_w16_d2_S_75                                                                 |   103|
|230   |    U_myproject_fifo_w16_d2_S_ShiftReg                               |myproject_fifo_w16_d2_S_ShiftReg_733                                                       |    86|
|231   |  layer14_out_47_U                                                   |myproject_fifo_w16_d2_S_76                                                                 |   101|
|232   |    U_myproject_fifo_w16_d2_S_ShiftReg                               |myproject_fifo_w16_d2_S_ShiftReg_732                                                       |    86|
|233   |  layer14_out_48_U                                                   |myproject_fifo_w16_d2_S_77                                                                 |   101|
|234   |    U_myproject_fifo_w16_d2_S_ShiftReg                               |myproject_fifo_w16_d2_S_ShiftReg_731                                                       |    86|
|235   |  layer14_out_49_U                                                   |myproject_fifo_w16_d2_S_78                                                                 |   100|
|236   |    U_myproject_fifo_w16_d2_S_ShiftReg                               |myproject_fifo_w16_d2_S_ShiftReg_730                                                       |    86|
|237   |  layer14_out_4_U                                                    |myproject_fifo_w16_d2_S_79                                                                 |   110|
|238   |    U_myproject_fifo_w16_d2_S_ShiftReg                               |myproject_fifo_w16_d2_S_ShiftReg_729                                                       |    94|
|239   |  layer14_out_50_U                                                   |myproject_fifo_w16_d2_S_80                                                                 |   100|
|240   |    U_myproject_fifo_w16_d2_S_ShiftReg                               |myproject_fifo_w16_d2_S_ShiftReg_728                                                       |    86|
|241   |  layer14_out_51_U                                                   |myproject_fifo_w16_d2_S_81                                                                 |   100|
|242   |    U_myproject_fifo_w16_d2_S_ShiftReg                               |myproject_fifo_w16_d2_S_ShiftReg_727                                                       |    86|
|243   |  layer14_out_52_U                                                   |myproject_fifo_w16_d2_S_82                                                                 |   103|
|244   |    U_myproject_fifo_w16_d2_S_ShiftReg                               |myproject_fifo_w16_d2_S_ShiftReg_726                                                       |    86|
|245   |  layer14_out_53_U                                                   |myproject_fifo_w16_d2_S_83                                                                 |   100|
|246   |    U_myproject_fifo_w16_d2_S_ShiftReg                               |myproject_fifo_w16_d2_S_ShiftReg_725                                                       |    86|
|247   |  layer14_out_54_U                                                   |myproject_fifo_w16_d2_S_84                                                                 |   100|
|248   |    U_myproject_fifo_w16_d2_S_ShiftReg                               |myproject_fifo_w16_d2_S_ShiftReg_724                                                       |    86|
|249   |  layer14_out_55_U                                                   |myproject_fifo_w16_d2_S_85                                                                 |   100|
|250   |    U_myproject_fifo_w16_d2_S_ShiftReg                               |myproject_fifo_w16_d2_S_ShiftReg_723                                                       |    86|
|251   |  layer14_out_5_U                                                    |myproject_fifo_w16_d2_S_86                                                                 |   101|
|252   |    U_myproject_fifo_w16_d2_S_ShiftReg                               |myproject_fifo_w16_d2_S_ShiftReg_722                                                       |    86|
|253   |  layer14_out_6_U                                                    |myproject_fifo_w16_d2_S_87                                                                 |   101|
|254   |    U_myproject_fifo_w16_d2_S_ShiftReg                               |myproject_fifo_w16_d2_S_ShiftReg_721                                                       |    86|
|255   |  layer14_out_7_U                                                    |myproject_fifo_w16_d2_S_88                                                                 |   103|
|256   |    U_myproject_fifo_w16_d2_S_ShiftReg                               |myproject_fifo_w16_d2_S_ShiftReg_720                                                       |    86|
|257   |  layer14_out_8_U                                                    |myproject_fifo_w16_d2_S_89                                                                 |   101|
|258   |    U_myproject_fifo_w16_d2_S_ShiftReg                               |myproject_fifo_w16_d2_S_ShiftReg_719                                                       |    86|
|259   |  layer14_out_9_U                                                    |myproject_fifo_w16_d2_S_90                                                                 |   101|
|260   |    U_myproject_fifo_w16_d2_S_ShiftReg                               |myproject_fifo_w16_d2_S_ShiftReg_718                                                       |    86|
|261   |  layer14_out_U                                                      |myproject_fifo_w16_d2_S_91                                                                 |   108|
|262   |    U_myproject_fifo_w16_d2_S_ShiftReg                               |myproject_fifo_w16_d2_S_ShiftReg_717                                                       |    94|
|263   |  layer16_out_1_U                                                    |myproject_fifo_w16_d2_S_92                                                                 |   107|
|264   |    U_myproject_fifo_w16_d2_S_ShiftReg                               |myproject_fifo_w16_d2_S_ShiftReg_716                                                       |    93|
|265   |  layer16_out_2_U                                                    |myproject_fifo_w16_d2_S_93                                                                 |   107|
|266   |    U_myproject_fifo_w16_d2_S_ShiftReg                               |myproject_fifo_w16_d2_S_ShiftReg_715                                                       |    93|
|267   |  layer16_out_3_U                                                    |myproject_fifo_w16_d2_S_94                                                                 |   107|
|268   |    U_myproject_fifo_w16_d2_S_ShiftReg                               |myproject_fifo_w16_d2_S_ShiftReg_714                                                       |    93|
|269   |  layer16_out_4_U                                                    |myproject_fifo_w16_d2_S_95                                                                 |   109|
|270   |    U_myproject_fifo_w16_d2_S_ShiftReg                               |myproject_fifo_w16_d2_S_ShiftReg_713                                                       |    93|
|271   |  layer16_out_5_U                                                    |myproject_fifo_w16_d2_S_96                                                                 |   109|
|272   |    U_myproject_fifo_w16_d2_S_ShiftReg                               |myproject_fifo_w16_d2_S_ShiftReg_712                                                       |    93|
|273   |  layer16_out_6_U                                                    |myproject_fifo_w16_d2_S_97                                                                 |   107|
|274   |    U_myproject_fifo_w16_d2_S_ShiftReg                               |myproject_fifo_w16_d2_S_ShiftReg_711                                                       |    93|
|275   |  layer16_out_7_U                                                    |myproject_fifo_w16_d2_S_98                                                                 |   107|
|276   |    U_myproject_fifo_w16_d2_S_ShiftReg                               |myproject_fifo_w16_d2_S_ShiftReg_710                                                       |    93|
|277   |  layer16_out_U                                                      |myproject_fifo_w16_d2_S_99                                                                 |   108|
|278   |    U_myproject_fifo_w16_d2_S_ShiftReg                               |myproject_fifo_w16_d2_S_ShiftReg_709                                                       |    93|
|279   |  layer18_out_10_U                                                   |myproject_fifo_w8_d2_S                                                                     |    46|
|280   |    U_myproject_fifo_w8_d2_S_ShiftReg                                |myproject_fifo_w8_d2_S_ShiftReg_708                                                        |    32|
|281   |  layer18_out_11_U                                                   |myproject_fifo_w8_d2_S_100                                                                 |    45|
|282   |    U_myproject_fifo_w8_d2_S_ShiftReg                                |myproject_fifo_w8_d2_S_ShiftReg_707                                                        |    32|
|283   |  layer18_out_12_U                                                   |myproject_fifo_w8_d2_S_101                                                                 |    45|
|284   |    U_myproject_fifo_w8_d2_S_ShiftReg                                |myproject_fifo_w8_d2_S_ShiftReg_706                                                        |    32|
|285   |  layer18_out_13_U                                                   |myproject_fifo_w8_d2_S_102                                                                 |    45|
|286   |    U_myproject_fifo_w8_d2_S_ShiftReg                                |myproject_fifo_w8_d2_S_ShiftReg_705                                                        |    32|
|287   |  layer18_out_14_U                                                   |myproject_fifo_w8_d2_S_103                                                                 |    46|
|288   |    U_myproject_fifo_w8_d2_S_ShiftReg                                |myproject_fifo_w8_d2_S_ShiftReg_704                                                        |    32|
|289   |  layer18_out_15_U                                                   |myproject_fifo_w8_d2_S_104                                                                 |    45|
|290   |    U_myproject_fifo_w8_d2_S_ShiftReg                                |myproject_fifo_w8_d2_S_ShiftReg_703                                                        |    32|
|291   |  layer18_out_16_U                                                   |myproject_fifo_w8_d2_S_105                                                                 |    46|
|292   |    U_myproject_fifo_w8_d2_S_ShiftReg                                |myproject_fifo_w8_d2_S_ShiftReg_702                                                        |    32|
|293   |  layer18_out_17_U                                                   |myproject_fifo_w8_d2_S_106                                                                 |    45|
|294   |    U_myproject_fifo_w8_d2_S_ShiftReg                                |myproject_fifo_w8_d2_S_ShiftReg_701                                                        |    32|
|295   |  layer18_out_18_U                                                   |myproject_fifo_w8_d2_S_107                                                                 |    45|
|296   |    U_myproject_fifo_w8_d2_S_ShiftReg                                |myproject_fifo_w8_d2_S_ShiftReg_700                                                        |    32|
|297   |  layer18_out_19_U                                                   |myproject_fifo_w8_d2_S_108                                                                 |    45|
|298   |    U_myproject_fifo_w8_d2_S_ShiftReg                                |myproject_fifo_w8_d2_S_ShiftReg_699                                                        |    32|
|299   |  layer18_out_1_U                                                    |myproject_fifo_w8_d2_S_109                                                                 |    45|
|300   |    U_myproject_fifo_w8_d2_S_ShiftReg                                |myproject_fifo_w8_d2_S_ShiftReg_698                                                        |    32|
|301   |  layer18_out_20_U                                                   |myproject_fifo_w8_d2_S_110                                                                 |    46|
|302   |    U_myproject_fifo_w8_d2_S_ShiftReg                                |myproject_fifo_w8_d2_S_ShiftReg_697                                                        |    32|
|303   |  layer18_out_21_U                                                   |myproject_fifo_w8_d2_S_111                                                                 |    45|
|304   |    U_myproject_fifo_w8_d2_S_ShiftReg                                |myproject_fifo_w8_d2_S_ShiftReg_696                                                        |    32|
|305   |  layer18_out_22_U                                                   |myproject_fifo_w8_d2_S_112                                                                 |    46|
|306   |    U_myproject_fifo_w8_d2_S_ShiftReg                                |myproject_fifo_w8_d2_S_ShiftReg_695                                                        |    32|
|307   |  layer18_out_23_U                                                   |myproject_fifo_w8_d2_S_113                                                                 |    45|
|308   |    U_myproject_fifo_w8_d2_S_ShiftReg                                |myproject_fifo_w8_d2_S_ShiftReg_694                                                        |    32|
|309   |  layer18_out_24_U                                                   |myproject_fifo_w8_d2_S_114                                                                 |    45|
|310   |    U_myproject_fifo_w8_d2_S_ShiftReg                                |myproject_fifo_w8_d2_S_ShiftReg_693                                                        |    32|
|311   |  layer18_out_25_U                                                   |myproject_fifo_w8_d2_S_115                                                                 |    45|
|312   |    U_myproject_fifo_w8_d2_S_ShiftReg                                |myproject_fifo_w8_d2_S_ShiftReg_692                                                        |    32|
|313   |  layer18_out_26_U                                                   |myproject_fifo_w8_d2_S_116                                                                 |    46|
|314   |    U_myproject_fifo_w8_d2_S_ShiftReg                                |myproject_fifo_w8_d2_S_ShiftReg_691                                                        |    32|
|315   |  layer18_out_27_U                                                   |myproject_fifo_w8_d2_S_117                                                                 |    45|
|316   |    U_myproject_fifo_w8_d2_S_ShiftReg                                |myproject_fifo_w8_d2_S_ShiftReg_690                                                        |    32|
|317   |  layer18_out_28_U                                                   |myproject_fifo_w8_d2_S_118                                                                 |    47|
|318   |    U_myproject_fifo_w8_d2_S_ShiftReg                                |myproject_fifo_w8_d2_S_ShiftReg_689                                                        |    32|
|319   |  layer18_out_29_U                                                   |myproject_fifo_w8_d2_S_119                                                                 |    45|
|320   |    U_myproject_fifo_w8_d2_S_ShiftReg                                |myproject_fifo_w8_d2_S_ShiftReg_688                                                        |    32|
|321   |  layer18_out_2_U                                                    |myproject_fifo_w8_d2_S_120                                                                 |    46|
|322   |    U_myproject_fifo_w8_d2_S_ShiftReg                                |myproject_fifo_w8_d2_S_ShiftReg_687                                                        |    32|
|323   |  layer18_out_30_U                                                   |myproject_fifo_w8_d2_S_121                                                                 |    45|
|324   |    U_myproject_fifo_w8_d2_S_ShiftReg                                |myproject_fifo_w8_d2_S_ShiftReg_686                                                        |    32|
|325   |  layer18_out_31_U                                                   |myproject_fifo_w8_d2_S_122                                                                 |    45|
|326   |    U_myproject_fifo_w8_d2_S_ShiftReg                                |myproject_fifo_w8_d2_S_ShiftReg_685                                                        |    32|
|327   |  layer18_out_32_U                                                   |myproject_fifo_w8_d2_S_123                                                                 |    47|
|328   |    U_myproject_fifo_w8_d2_S_ShiftReg                                |myproject_fifo_w8_d2_S_ShiftReg_684                                                        |    32|
|329   |  layer18_out_33_U                                                   |myproject_fifo_w8_d2_S_124                                                                 |    45|
|330   |    U_myproject_fifo_w8_d2_S_ShiftReg                                |myproject_fifo_w8_d2_S_ShiftReg_683                                                        |    32|
|331   |  layer18_out_34_U                                                   |myproject_fifo_w8_d2_S_125                                                                 |    46|
|332   |    U_myproject_fifo_w8_d2_S_ShiftReg                                |myproject_fifo_w8_d2_S_ShiftReg_682                                                        |    32|
|333   |  layer18_out_35_U                                                   |myproject_fifo_w8_d2_S_126                                                                 |    45|
|334   |    U_myproject_fifo_w8_d2_S_ShiftReg                                |myproject_fifo_w8_d2_S_ShiftReg_681                                                        |    32|
|335   |  layer18_out_36_U                                                   |myproject_fifo_w8_d2_S_127                                                                 |    45|
|336   |    U_myproject_fifo_w8_d2_S_ShiftReg                                |myproject_fifo_w8_d2_S_ShiftReg_680                                                        |    32|
|337   |  layer18_out_37_U                                                   |myproject_fifo_w8_d2_S_128                                                                 |    45|
|338   |    U_myproject_fifo_w8_d2_S_ShiftReg                                |myproject_fifo_w8_d2_S_ShiftReg_679                                                        |    32|
|339   |  layer18_out_38_U                                                   |myproject_fifo_w8_d2_S_129                                                                 |    46|
|340   |    U_myproject_fifo_w8_d2_S_ShiftReg                                |myproject_fifo_w8_d2_S_ShiftReg_678                                                        |    32|
|341   |  layer18_out_39_U                                                   |myproject_fifo_w8_d2_S_130                                                                 |    45|
|342   |    U_myproject_fifo_w8_d2_S_ShiftReg                                |myproject_fifo_w8_d2_S_ShiftReg_677                                                        |    32|
|343   |  layer18_out_3_U                                                    |myproject_fifo_w8_d2_S_131                                                                 |    45|
|344   |    U_myproject_fifo_w8_d2_S_ShiftReg                                |myproject_fifo_w8_d2_S_ShiftReg_676                                                        |    32|
|345   |  layer18_out_40_U                                                   |myproject_fifo_w8_d2_S_132                                                                 |    46|
|346   |    U_myproject_fifo_w8_d2_S_ShiftReg                                |myproject_fifo_w8_d2_S_ShiftReg_675                                                        |    32|
|347   |  layer18_out_41_U                                                   |myproject_fifo_w8_d2_S_133                                                                 |    45|
|348   |    U_myproject_fifo_w8_d2_S_ShiftReg                                |myproject_fifo_w8_d2_S_ShiftReg_674                                                        |    32|
|349   |  layer18_out_42_U                                                   |myproject_fifo_w8_d2_S_134                                                                 |    45|
|350   |    U_myproject_fifo_w8_d2_S_ShiftReg                                |myproject_fifo_w8_d2_S_ShiftReg_673                                                        |    32|
|351   |  layer18_out_43_U                                                   |myproject_fifo_w8_d2_S_135                                                                 |    45|
|352   |    U_myproject_fifo_w8_d2_S_ShiftReg                                |myproject_fifo_w8_d2_S_ShiftReg_672                                                        |    32|
|353   |  layer18_out_44_U                                                   |myproject_fifo_w8_d2_S_136                                                                 |    46|
|354   |    U_myproject_fifo_w8_d2_S_ShiftReg                                |myproject_fifo_w8_d2_S_ShiftReg_671                                                        |    32|
|355   |  layer18_out_45_U                                                   |myproject_fifo_w8_d2_S_137                                                                 |    45|
|356   |    U_myproject_fifo_w8_d2_S_ShiftReg                                |myproject_fifo_w8_d2_S_ShiftReg_670                                                        |    32|
|357   |  layer18_out_46_U                                                   |myproject_fifo_w8_d2_S_138                                                                 |    46|
|358   |    U_myproject_fifo_w8_d2_S_ShiftReg                                |myproject_fifo_w8_d2_S_ShiftReg_669                                                        |    32|
|359   |  layer18_out_47_U                                                   |myproject_fifo_w8_d2_S_139                                                                 |    48|
|360   |    U_myproject_fifo_w8_d2_S_ShiftReg                                |myproject_fifo_w8_d2_S_ShiftReg_668                                                        |    33|
|361   |  layer18_out_48_U                                                   |myproject_fifo_w8_d2_S_140                                                                 |    48|
|362   |    U_myproject_fifo_w8_d2_S_ShiftReg                                |myproject_fifo_w8_d2_S_ShiftReg_667                                                        |    33|
|363   |  layer18_out_49_U                                                   |myproject_fifo_w8_d2_S_141                                                                 |    48|
|364   |    U_myproject_fifo_w8_d2_S_ShiftReg                                |myproject_fifo_w8_d2_S_ShiftReg_666                                                        |    33|
|365   |  layer18_out_4_U                                                    |myproject_fifo_w8_d2_S_142                                                                 |    46|
|366   |    U_myproject_fifo_w8_d2_S_ShiftReg                                |myproject_fifo_w8_d2_S_ShiftReg_665                                                        |    32|
|367   |  layer18_out_50_U                                                   |myproject_fifo_w8_d2_S_143                                                                 |    49|
|368   |    U_myproject_fifo_w8_d2_S_ShiftReg                                |myproject_fifo_w8_d2_S_ShiftReg_664                                                        |    33|
|369   |  layer18_out_51_U                                                   |myproject_fifo_w8_d2_S_144                                                                 |    48|
|370   |    U_myproject_fifo_w8_d2_S_ShiftReg                                |myproject_fifo_w8_d2_S_ShiftReg_663                                                        |    33|
|371   |  layer18_out_52_U                                                   |myproject_fifo_w8_d2_S_145                                                                 |    48|
|372   |    U_myproject_fifo_w8_d2_S_ShiftReg                                |myproject_fifo_w8_d2_S_ShiftReg_662                                                        |    33|
|373   |  layer18_out_53_U                                                   |myproject_fifo_w8_d2_S_146                                                                 |    48|
|374   |    U_myproject_fifo_w8_d2_S_ShiftReg                                |myproject_fifo_w8_d2_S_ShiftReg_661                                                        |    33|
|375   |  layer18_out_54_U                                                   |myproject_fifo_w8_d2_S_147                                                                 |    48|
|376   |    U_myproject_fifo_w8_d2_S_ShiftReg                                |myproject_fifo_w8_d2_S_ShiftReg_660                                                        |    33|
|377   |  layer18_out_55_U                                                   |myproject_fifo_w8_d2_S_148                                                                 |    49|
|378   |    U_myproject_fifo_w8_d2_S_ShiftReg                                |myproject_fifo_w8_d2_S_ShiftReg_659                                                        |    33|
|379   |  layer18_out_5_U                                                    |myproject_fifo_w8_d2_S_149                                                                 |    45|
|380   |    U_myproject_fifo_w8_d2_S_ShiftReg                                |myproject_fifo_w8_d2_S_ShiftReg_658                                                        |    32|
|381   |  layer18_out_6_U                                                    |myproject_fifo_w8_d2_S_150                                                                 |    45|
|382   |    U_myproject_fifo_w8_d2_S_ShiftReg                                |myproject_fifo_w8_d2_S_ShiftReg_657                                                        |    32|
|383   |  layer18_out_7_U                                                    |myproject_fifo_w8_d2_S_151                                                                 |    45|
|384   |    U_myproject_fifo_w8_d2_S_ShiftReg                                |myproject_fifo_w8_d2_S_ShiftReg_656                                                        |    32|
|385   |  layer18_out_8_U                                                    |myproject_fifo_w8_d2_S_152                                                                 |    46|
|386   |    U_myproject_fifo_w8_d2_S_ShiftReg                                |myproject_fifo_w8_d2_S_ShiftReg_655                                                        |    32|
|387   |  layer18_out_9_U                                                    |myproject_fifo_w8_d2_S_153                                                                 |    45|
|388   |    U_myproject_fifo_w8_d2_S_ShiftReg                                |myproject_fifo_w8_d2_S_ShiftReg_654                                                        |    32|
|389   |  layer18_out_U                                                      |myproject_fifo_w8_d2_S_154                                                                 |    45|
|390   |    U_myproject_fifo_w8_d2_S_ShiftReg                                |myproject_fifo_w8_d2_S_ShiftReg_653                                                        |    32|
|391   |  layer19_out_1_U                                                    |myproject_fifo_w8_d3_S                                                                     |    27|
|392   |    U_myproject_fifo_w8_d3_S_ShiftReg                                |myproject_fifo_w8_d3_S_ShiftReg_652                                                        |     8|
|393   |  layer19_out_2_U                                                    |myproject_fifo_w8_d3_S_155                                                                 |    26|
|394   |    U_myproject_fifo_w8_d3_S_ShiftReg                                |myproject_fifo_w8_d3_S_ShiftReg_651                                                        |     8|
|395   |  layer19_out_3_U                                                    |myproject_fifo_w8_d3_S_156                                                                 |    28|
|396   |    U_myproject_fifo_w8_d3_S_ShiftReg                                |myproject_fifo_w8_d3_S_ShiftReg_650                                                        |     8|
|397   |  layer19_out_4_U                                                    |myproject_fifo_w8_d3_S_157                                                                 |    24|
|398   |    U_myproject_fifo_w8_d3_S_ShiftReg                                |myproject_fifo_w8_d3_S_ShiftReg_649                                                        |     9|
|399   |  layer19_out_5_U                                                    |myproject_fifo_w8_d3_S_158                                                                 |    25|
|400   |    U_myproject_fifo_w8_d3_S_ShiftReg                                |myproject_fifo_w8_d3_S_ShiftReg_648                                                        |     9|
|401   |  layer19_out_6_U                                                    |myproject_fifo_w8_d3_S_159                                                                 |    27|
|402   |    U_myproject_fifo_w8_d3_S_ShiftReg                                |myproject_fifo_w8_d3_S_ShiftReg_647                                                        |     9|
|403   |  layer19_out_7_U                                                    |myproject_fifo_w8_d3_S_160                                                                 |    24|
|404   |    U_myproject_fifo_w8_d3_S_ShiftReg                                |myproject_fifo_w8_d3_S_ShiftReg_646                                                        |     9|
|405   |  layer19_out_U                                                      |myproject_fifo_w8_d3_S_161                                                                 |    26|
|406   |    U_myproject_fifo_w8_d3_S_ShiftReg                                |myproject_fifo_w8_d3_S_ShiftReg                                                            |     8|
|407   |  layer20_out_10_U                                                   |myproject_fifo_w10_d2_S                                                                    |    42|
|408   |    U_myproject_fifo_w10_d2_S_ShiftReg                               |myproject_fifo_w10_d2_S_ShiftReg_645                                                       |    25|
|409   |  layer20_out_11_U                                                   |myproject_fifo_w10_d2_S_162                                                                |    40|
|410   |    U_myproject_fifo_w10_d2_S_ShiftReg                               |myproject_fifo_w10_d2_S_ShiftReg_644                                                       |    25|
|411   |  layer20_out_12_U                                                   |myproject_fifo_w10_d2_S_163                                                                |    41|
|412   |    U_myproject_fifo_w10_d2_S_ShiftReg                               |myproject_fifo_w10_d2_S_ShiftReg_643                                                       |    25|
|413   |  layer20_out_13_U                                                   |myproject_fifo_w10_d2_S_164                                                                |    40|
|414   |    U_myproject_fifo_w10_d2_S_ShiftReg                               |myproject_fifo_w10_d2_S_ShiftReg_642                                                       |    25|
|415   |  layer20_out_14_U                                                   |myproject_fifo_w10_d2_S_165                                                                |    41|
|416   |    U_myproject_fifo_w10_d2_S_ShiftReg                               |myproject_fifo_w10_d2_S_ShiftReg_641                                                       |    25|
|417   |  layer20_out_15_U                                                   |myproject_fifo_w10_d2_S_166                                                                |    40|
|418   |    U_myproject_fifo_w10_d2_S_ShiftReg                               |myproject_fifo_w10_d2_S_ShiftReg_640                                                       |    25|
|419   |  layer20_out_16_U                                                   |myproject_fifo_w10_d2_S_167                                                                |    43|
|420   |    U_myproject_fifo_w10_d2_S_ShiftReg                               |myproject_fifo_w10_d2_S_ShiftReg_639                                                       |    25|
|421   |  layer20_out_17_U                                                   |myproject_fifo_w10_d2_S_168                                                                |    40|
|422   |    U_myproject_fifo_w10_d2_S_ShiftReg                               |myproject_fifo_w10_d2_S_ShiftReg_638                                                       |    25|
|423   |  layer20_out_18_U                                                   |myproject_fifo_w10_d2_S_169                                                                |    43|
|424   |    U_myproject_fifo_w10_d2_S_ShiftReg                               |myproject_fifo_w10_d2_S_ShiftReg_637                                                       |    25|
|425   |  layer20_out_19_U                                                   |myproject_fifo_w10_d2_S_170                                                                |    40|
|426   |    U_myproject_fifo_w10_d2_S_ShiftReg                               |myproject_fifo_w10_d2_S_ShiftReg_636                                                       |    25|
|427   |  layer20_out_1_U                                                    |myproject_fifo_w10_d2_S_171                                                                |    40|
|428   |    U_myproject_fifo_w10_d2_S_ShiftReg                               |myproject_fifo_w10_d2_S_ShiftReg_635                                                       |    25|
|429   |  layer20_out_20_U                                                   |myproject_fifo_w10_d2_S_172                                                                |    40|
|430   |    U_myproject_fifo_w10_d2_S_ShiftReg                               |myproject_fifo_w10_d2_S_ShiftReg_634                                                       |    25|
|431   |  layer20_out_21_U                                                   |myproject_fifo_w10_d2_S_173                                                                |    41|
|432   |    U_myproject_fifo_w10_d2_S_ShiftReg                               |myproject_fifo_w10_d2_S_ShiftReg_633                                                       |    25|
|433   |  layer20_out_22_U                                                   |myproject_fifo_w10_d2_S_174                                                                |    41|
|434   |    U_myproject_fifo_w10_d2_S_ShiftReg                               |myproject_fifo_w10_d2_S_ShiftReg_632                                                       |    25|
|435   |  layer20_out_23_U                                                   |myproject_fifo_w10_d2_S_175                                                                |    41|
|436   |    U_myproject_fifo_w10_d2_S_ShiftReg                               |myproject_fifo_w10_d2_S_ShiftReg_631                                                       |    25|
|437   |  layer20_out_24_U                                                   |myproject_fifo_w10_d2_S_176                                                                |    41|
|438   |    U_myproject_fifo_w10_d2_S_ShiftReg                               |myproject_fifo_w10_d2_S_ShiftReg_630                                                       |    25|
|439   |  layer20_out_25_U                                                   |myproject_fifo_w10_d2_S_177                                                                |    41|
|440   |    U_myproject_fifo_w10_d2_S_ShiftReg                               |myproject_fifo_w10_d2_S_ShiftReg_629                                                       |    25|
|441   |  layer20_out_26_U                                                   |myproject_fifo_w10_d2_S_178                                                                |    40|
|442   |    U_myproject_fifo_w10_d2_S_ShiftReg                               |myproject_fifo_w10_d2_S_ShiftReg_628                                                       |    25|
|443   |  layer20_out_27_U                                                   |myproject_fifo_w10_d2_S_179                                                                |    41|
|444   |    U_myproject_fifo_w10_d2_S_ShiftReg                               |myproject_fifo_w10_d2_S_ShiftReg_627                                                       |    25|
|445   |  layer20_out_28_U                                                   |myproject_fifo_w10_d2_S_180                                                                |    41|
|446   |    U_myproject_fifo_w10_d2_S_ShiftReg                               |myproject_fifo_w10_d2_S_ShiftReg_626                                                       |    25|
|447   |  layer20_out_29_U                                                   |myproject_fifo_w10_d2_S_181                                                                |    40|
|448   |    U_myproject_fifo_w10_d2_S_ShiftReg                               |myproject_fifo_w10_d2_S_ShiftReg_625                                                       |    25|
|449   |  layer20_out_2_U                                                    |myproject_fifo_w10_d2_S_182                                                                |    40|
|450   |    U_myproject_fifo_w10_d2_S_ShiftReg                               |myproject_fifo_w10_d2_S_ShiftReg_624                                                       |    25|
|451   |  layer20_out_30_U                                                   |myproject_fifo_w10_d2_S_183                                                                |    42|
|452   |    U_myproject_fifo_w10_d2_S_ShiftReg                               |myproject_fifo_w10_d2_S_ShiftReg_623                                                       |    25|
|453   |  layer20_out_31_U                                                   |myproject_fifo_w10_d2_S_184                                                                |    40|
|454   |    U_myproject_fifo_w10_d2_S_ShiftReg                               |myproject_fifo_w10_d2_S_ShiftReg_622                                                       |    25|
|455   |  layer20_out_32_U                                                   |myproject_fifo_w10_d2_S_185                                                                |    40|
|456   |    U_myproject_fifo_w10_d2_S_ShiftReg                               |myproject_fifo_w10_d2_S_ShiftReg_621                                                       |    25|
|457   |  layer20_out_33_U                                                   |myproject_fifo_w10_d2_S_186                                                                |    40|
|458   |    U_myproject_fifo_w10_d2_S_ShiftReg                               |myproject_fifo_w10_d2_S_ShiftReg_620                                                       |    25|
|459   |  layer20_out_34_U                                                   |myproject_fifo_w10_d2_S_187                                                                |    42|
|460   |    U_myproject_fifo_w10_d2_S_ShiftReg                               |myproject_fifo_w10_d2_S_ShiftReg_619                                                       |    25|
|461   |  layer20_out_35_U                                                   |myproject_fifo_w10_d2_S_188                                                                |    40|
|462   |    U_myproject_fifo_w10_d2_S_ShiftReg                               |myproject_fifo_w10_d2_S_ShiftReg_618                                                       |    25|
|463   |  layer20_out_36_U                                                   |myproject_fifo_w10_d2_S_189                                                                |    41|
|464   |    U_myproject_fifo_w10_d2_S_ShiftReg                               |myproject_fifo_w10_d2_S_ShiftReg_617                                                       |    25|
|465   |  layer20_out_37_U                                                   |myproject_fifo_w10_d2_S_190                                                                |    40|
|466   |    U_myproject_fifo_w10_d2_S_ShiftReg                               |myproject_fifo_w10_d2_S_ShiftReg_616                                                       |    25|
|467   |  layer20_out_38_U                                                   |myproject_fifo_w10_d2_S_191                                                                |    41|
|468   |    U_myproject_fifo_w10_d2_S_ShiftReg                               |myproject_fifo_w10_d2_S_ShiftReg_615                                                       |    25|
|469   |  layer20_out_39_U                                                   |myproject_fifo_w10_d2_S_192                                                                |    40|
|470   |    U_myproject_fifo_w10_d2_S_ShiftReg                               |myproject_fifo_w10_d2_S_ShiftReg_614                                                       |    25|
|471   |  layer20_out_3_U                                                    |myproject_fifo_w10_d2_S_193                                                                |    40|
|472   |    U_myproject_fifo_w10_d2_S_ShiftReg                               |myproject_fifo_w10_d2_S_ShiftReg_613                                                       |    25|
|473   |  layer20_out_40_U                                                   |myproject_fifo_w10_d2_S_194                                                                |    41|
|474   |    U_myproject_fifo_w10_d2_S_ShiftReg                               |myproject_fifo_w10_d2_S_ShiftReg_612                                                       |    25|
|475   |  layer20_out_41_U                                                   |myproject_fifo_w10_d2_S_195                                                                |    40|
|476   |    U_myproject_fifo_w10_d2_S_ShiftReg                               |myproject_fifo_w10_d2_S_ShiftReg_611                                                       |    25|
|477   |  layer20_out_42_U                                                   |myproject_fifo_w10_d2_S_196                                                                |    41|
|478   |    U_myproject_fifo_w10_d2_S_ShiftReg                               |myproject_fifo_w10_d2_S_ShiftReg_610                                                       |    25|
|479   |  layer20_out_43_U                                                   |myproject_fifo_w10_d2_S_197                                                                |    41|
|480   |    U_myproject_fifo_w10_d2_S_ShiftReg                               |myproject_fifo_w10_d2_S_ShiftReg_609                                                       |    25|
|481   |  layer20_out_44_U                                                   |myproject_fifo_w10_d2_S_198                                                                |    40|
|482   |    U_myproject_fifo_w10_d2_S_ShiftReg                               |myproject_fifo_w10_d2_S_ShiftReg_608                                                       |    25|
|483   |  layer20_out_45_U                                                   |myproject_fifo_w10_d2_S_199                                                                |    40|
|484   |    U_myproject_fifo_w10_d2_S_ShiftReg                               |myproject_fifo_w10_d2_S_ShiftReg_607                                                       |    25|
|485   |  layer20_out_46_U                                                   |myproject_fifo_w10_d2_S_200                                                                |    41|
|486   |    U_myproject_fifo_w10_d2_S_ShiftReg                               |myproject_fifo_w10_d2_S_ShiftReg_606                                                       |    25|
|487   |  layer20_out_47_U                                                   |myproject_fifo_w10_d2_S_201                                                                |    41|
|488   |    U_myproject_fifo_w10_d2_S_ShiftReg                               |myproject_fifo_w10_d2_S_ShiftReg_605                                                       |    25|
|489   |  layer20_out_48_U                                                   |myproject_fifo_w10_d2_S_202                                                                |    42|
|490   |    U_myproject_fifo_w10_d2_S_ShiftReg                               |myproject_fifo_w10_d2_S_ShiftReg_604                                                       |    25|
|491   |  layer20_out_49_U                                                   |myproject_fifo_w10_d2_S_203                                                                |    40|
|492   |    U_myproject_fifo_w10_d2_S_ShiftReg                               |myproject_fifo_w10_d2_S_ShiftReg_603                                                       |    25|
|493   |  layer20_out_4_U                                                    |myproject_fifo_w10_d2_S_204                                                                |    42|
|494   |    U_myproject_fifo_w10_d2_S_ShiftReg                               |myproject_fifo_w10_d2_S_ShiftReg_602                                                       |    25|
|495   |  layer20_out_50_U                                                   |myproject_fifo_w10_d2_S_205                                                                |    41|
|496   |    U_myproject_fifo_w10_d2_S_ShiftReg                               |myproject_fifo_w10_d2_S_ShiftReg_601                                                       |    25|
|497   |  layer20_out_51_U                                                   |myproject_fifo_w10_d2_S_206                                                                |    40|
|498   |    U_myproject_fifo_w10_d2_S_ShiftReg                               |myproject_fifo_w10_d2_S_ShiftReg_600                                                       |    25|
|499   |  layer20_out_52_U                                                   |myproject_fifo_w10_d2_S_207                                                                |    42|
|500   |    U_myproject_fifo_w10_d2_S_ShiftReg                               |myproject_fifo_w10_d2_S_ShiftReg_599                                                       |    25|
|501   |  layer20_out_53_U                                                   |myproject_fifo_w10_d2_S_208                                                                |    41|
|502   |    U_myproject_fifo_w10_d2_S_ShiftReg                               |myproject_fifo_w10_d2_S_ShiftReg_598                                                       |    25|
|503   |  layer20_out_54_U                                                   |myproject_fifo_w10_d2_S_209                                                                |    41|
|504   |    U_myproject_fifo_w10_d2_S_ShiftReg                               |myproject_fifo_w10_d2_S_ShiftReg_597                                                       |    25|
|505   |  layer20_out_55_U                                                   |myproject_fifo_w10_d2_S_210                                                                |    40|
|506   |    U_myproject_fifo_w10_d2_S_ShiftReg                               |myproject_fifo_w10_d2_S_ShiftReg_596                                                       |    25|
|507   |  layer20_out_56_U                                                   |myproject_fifo_w10_d2_S_211                                                                |    40|
|508   |    U_myproject_fifo_w10_d2_S_ShiftReg                               |myproject_fifo_w10_d2_S_ShiftReg_595                                                       |    25|
|509   |  layer20_out_57_U                                                   |myproject_fifo_w10_d2_S_212                                                                |    41|
|510   |    U_myproject_fifo_w10_d2_S_ShiftReg                               |myproject_fifo_w10_d2_S_ShiftReg_594                                                       |    25|
|511   |  layer20_out_58_U                                                   |myproject_fifo_w10_d2_S_213                                                                |    41|
|512   |    U_myproject_fifo_w10_d2_S_ShiftReg                               |myproject_fifo_w10_d2_S_ShiftReg_593                                                       |    25|
|513   |  layer20_out_59_U                                                   |myproject_fifo_w10_d2_S_214                                                                |    40|
|514   |    U_myproject_fifo_w10_d2_S_ShiftReg                               |myproject_fifo_w10_d2_S_ShiftReg_592                                                       |    25|
|515   |  layer20_out_5_U                                                    |myproject_fifo_w10_d2_S_215                                                                |    40|
|516   |    U_myproject_fifo_w10_d2_S_ShiftReg                               |myproject_fifo_w10_d2_S_ShiftReg_591                                                       |    25|
|517   |  layer20_out_60_U                                                   |myproject_fifo_w10_d2_S_216                                                                |    42|
|518   |    U_myproject_fifo_w10_d2_S_ShiftReg                               |myproject_fifo_w10_d2_S_ShiftReg_590                                                       |    25|
|519   |  layer20_out_61_U                                                   |myproject_fifo_w10_d2_S_217                                                                |    40|
|520   |    U_myproject_fifo_w10_d2_S_ShiftReg                               |myproject_fifo_w10_d2_S_ShiftReg_589                                                       |    25|
|521   |  layer20_out_62_U                                                   |myproject_fifo_w10_d2_S_218                                                                |    41|
|522   |    U_myproject_fifo_w10_d2_S_ShiftReg                               |myproject_fifo_w10_d2_S_ShiftReg_588                                                       |    25|
|523   |  layer20_out_63_U                                                   |myproject_fifo_w10_d2_S_219                                                                |    40|
|524   |    U_myproject_fifo_w10_d2_S_ShiftReg                               |myproject_fifo_w10_d2_S_ShiftReg_587                                                       |    25|
|525   |  layer20_out_6_U                                                    |myproject_fifo_w10_d2_S_220                                                                |    41|
|526   |    U_myproject_fifo_w10_d2_S_ShiftReg                               |myproject_fifo_w10_d2_S_ShiftReg_586                                                       |    25|
|527   |  layer20_out_7_U                                                    |myproject_fifo_w10_d2_S_221                                                                |    40|
|528   |    U_myproject_fifo_w10_d2_S_ShiftReg                               |myproject_fifo_w10_d2_S_ShiftReg_585                                                       |    25|
|529   |  layer20_out_8_U                                                    |myproject_fifo_w10_d2_S_222                                                                |    40|
|530   |    U_myproject_fifo_w10_d2_S_ShiftReg                               |myproject_fifo_w10_d2_S_ShiftReg_584                                                       |    25|
|531   |  layer20_out_9_U                                                    |myproject_fifo_w10_d2_S_223                                                                |    40|
|532   |    U_myproject_fifo_w10_d2_S_ShiftReg                               |myproject_fifo_w10_d2_S_ShiftReg_583                                                       |    25|
|533   |  layer20_out_U                                                      |myproject_fifo_w10_d2_S_224                                                                |    42|
|534   |    U_myproject_fifo_w10_d2_S_ShiftReg                               |myproject_fifo_w10_d2_S_ShiftReg                                                           |    25|
|535   |  layer21_out_10_U                                                   |myproject_fifo_w16_d2_S_225                                                                |   113|
|536   |    U_myproject_fifo_w16_d2_S_ShiftReg                               |myproject_fifo_w16_d2_S_ShiftReg_582                                                       |    97|
|537   |  layer21_out_11_U                                                   |myproject_fifo_w16_d2_S_226                                                                |   111|
|538   |    U_myproject_fifo_w16_d2_S_ShiftReg                               |myproject_fifo_w16_d2_S_ShiftReg_581                                                       |    97|
|539   |  layer21_out_12_U                                                   |myproject_fifo_w16_d2_S_227                                                                |   113|
|540   |    U_myproject_fifo_w16_d2_S_ShiftReg                               |myproject_fifo_w16_d2_S_ShiftReg_580                                                       |    97|
|541   |  layer21_out_13_U                                                   |myproject_fifo_w16_d2_S_228                                                                |   111|
|542   |    U_myproject_fifo_w16_d2_S_ShiftReg                               |myproject_fifo_w16_d2_S_ShiftReg_579                                                       |    97|
|543   |  layer21_out_14_U                                                   |myproject_fifo_w16_d2_S_229                                                                |   113|
|544   |    U_myproject_fifo_w16_d2_S_ShiftReg                               |myproject_fifo_w16_d2_S_ShiftReg_578                                                       |    97|
|545   |  layer21_out_15_U                                                   |myproject_fifo_w16_d2_S_230                                                                |   111|
|546   |    U_myproject_fifo_w16_d2_S_ShiftReg                               |myproject_fifo_w16_d2_S_ShiftReg_577                                                       |    97|
|547   |  layer21_out_16_U                                                   |myproject_fifo_w16_d2_S_231                                                                |   111|
|548   |    U_myproject_fifo_w16_d2_S_ShiftReg                               |myproject_fifo_w16_d2_S_ShiftReg_576                                                       |    97|
|549   |  layer21_out_17_U                                                   |myproject_fifo_w16_d2_S_232                                                                |   111|
|550   |    U_myproject_fifo_w16_d2_S_ShiftReg                               |myproject_fifo_w16_d2_S_ShiftReg_575                                                       |    97|
|551   |  layer21_out_18_U                                                   |myproject_fifo_w16_d2_S_233                                                                |   113|
|552   |    U_myproject_fifo_w16_d2_S_ShiftReg                               |myproject_fifo_w16_d2_S_ShiftReg_574                                                       |    97|
|553   |  layer21_out_19_U                                                   |myproject_fifo_w16_d2_S_234                                                                |   111|
|554   |    U_myproject_fifo_w16_d2_S_ShiftReg                               |myproject_fifo_w16_d2_S_ShiftReg_573                                                       |    97|
|555   |  layer21_out_1_U                                                    |myproject_fifo_w16_d2_S_235                                                                |   112|
|556   |    U_myproject_fifo_w16_d2_S_ShiftReg                               |myproject_fifo_w16_d2_S_ShiftReg_572                                                       |    97|
|557   |  layer21_out_20_U                                                   |myproject_fifo_w16_d2_S_236                                                                |   112|
|558   |    U_myproject_fifo_w16_d2_S_ShiftReg                               |myproject_fifo_w16_d2_S_ShiftReg_571                                                       |    97|
|559   |  layer21_out_21_U                                                   |myproject_fifo_w16_d2_S_237                                                                |   112|
|560   |    U_myproject_fifo_w16_d2_S_ShiftReg                               |myproject_fifo_w16_d2_S_ShiftReg_570                                                       |    97|
|561   |  layer21_out_22_U                                                   |myproject_fifo_w16_d2_S_238                                                                |   111|
|562   |    U_myproject_fifo_w16_d2_S_ShiftReg                               |myproject_fifo_w16_d2_S_ShiftReg_569                                                       |    97|
|563   |  layer21_out_23_U                                                   |myproject_fifo_w16_d2_S_239                                                                |   111|
|564   |    U_myproject_fifo_w16_d2_S_ShiftReg                               |myproject_fifo_w16_d2_S_ShiftReg_568                                                       |    97|
|565   |  layer21_out_24_U                                                   |myproject_fifo_w16_d2_S_240                                                                |   113|
|566   |    U_myproject_fifo_w16_d2_S_ShiftReg                               |myproject_fifo_w16_d2_S_ShiftReg_567                                                       |    97|
|567   |  layer21_out_25_U                                                   |myproject_fifo_w16_d2_S_241                                                                |   112|
|568   |    U_myproject_fifo_w16_d2_S_ShiftReg                               |myproject_fifo_w16_d2_S_ShiftReg_566                                                       |    97|
|569   |  layer21_out_26_U                                                   |myproject_fifo_w16_d2_S_242                                                                |   112|
|570   |    U_myproject_fifo_w16_d2_S_ShiftReg                               |myproject_fifo_w16_d2_S_ShiftReg_565                                                       |    97|
|571   |  layer21_out_27_U                                                   |myproject_fifo_w16_d2_S_243                                                                |   111|
|572   |    U_myproject_fifo_w16_d2_S_ShiftReg                               |myproject_fifo_w16_d2_S_ShiftReg_564                                                       |    97|
|573   |  layer21_out_28_U                                                   |myproject_fifo_w16_d2_S_244                                                                |   112|
|574   |    U_myproject_fifo_w16_d2_S_ShiftReg                               |myproject_fifo_w16_d2_S_ShiftReg_563                                                       |    97|
|575   |  layer21_out_29_U                                                   |myproject_fifo_w16_d2_S_245                                                                |   111|
|576   |    U_myproject_fifo_w16_d2_S_ShiftReg                               |myproject_fifo_w16_d2_S_ShiftReg_562                                                       |    97|
|577   |  layer21_out_2_U                                                    |myproject_fifo_w16_d2_S_246                                                                |   112|
|578   |    U_myproject_fifo_w16_d2_S_ShiftReg                               |myproject_fifo_w16_d2_S_ShiftReg_561                                                       |    97|
|579   |  layer21_out_30_U                                                   |myproject_fifo_w16_d2_S_247                                                                |   112|
|580   |    U_myproject_fifo_w16_d2_S_ShiftReg                               |myproject_fifo_w16_d2_S_ShiftReg_560                                                       |    97|
|581   |  layer21_out_31_U                                                   |myproject_fifo_w16_d2_S_248                                                                |   112|
|582   |    U_myproject_fifo_w16_d2_S_ShiftReg                               |myproject_fifo_w16_d2_S_ShiftReg_559                                                       |    97|
|583   |  layer21_out_32_U                                                   |myproject_fifo_w16_d2_S_249                                                                |   114|
|584   |    U_myproject_fifo_w16_d2_S_ShiftReg                               |myproject_fifo_w16_d2_S_ShiftReg_558                                                       |    97|
|585   |  layer21_out_33_U                                                   |myproject_fifo_w16_d2_S_250                                                                |   111|
|586   |    U_myproject_fifo_w16_d2_S_ShiftReg                               |myproject_fifo_w16_d2_S_ShiftReg_557                                                       |    97|
|587   |  layer21_out_34_U                                                   |myproject_fifo_w16_d2_S_251                                                                |   111|
|588   |    U_myproject_fifo_w16_d2_S_ShiftReg                               |myproject_fifo_w16_d2_S_ShiftReg_556                                                       |    97|
|589   |  layer21_out_35_U                                                   |myproject_fifo_w16_d2_S_252                                                                |   112|
|590   |    U_myproject_fifo_w16_d2_S_ShiftReg                               |myproject_fifo_w16_d2_S_ShiftReg_555                                                       |    97|
|591   |  layer21_out_3_U                                                    |myproject_fifo_w16_d2_S_253                                                                |   111|
|592   |    U_myproject_fifo_w16_d2_S_ShiftReg                               |myproject_fifo_w16_d2_S_ShiftReg_554                                                       |    97|
|593   |  layer21_out_4_U                                                    |myproject_fifo_w16_d2_S_254                                                                |   111|
|594   |    U_myproject_fifo_w16_d2_S_ShiftReg                               |myproject_fifo_w16_d2_S_ShiftReg_553                                                       |    97|
|595   |  layer21_out_5_U                                                    |myproject_fifo_w16_d2_S_255                                                                |   112|
|596   |    U_myproject_fifo_w16_d2_S_ShiftReg                               |myproject_fifo_w16_d2_S_ShiftReg_552                                                       |    97|
|597   |  layer21_out_6_U                                                    |myproject_fifo_w16_d2_S_256                                                                |   112|
|598   |    U_myproject_fifo_w16_d2_S_ShiftReg                               |myproject_fifo_w16_d2_S_ShiftReg_551                                                       |    97|
|599   |  layer21_out_7_U                                                    |myproject_fifo_w16_d2_S_257                                                                |   111|
|600   |    U_myproject_fifo_w16_d2_S_ShiftReg                               |myproject_fifo_w16_d2_S_ShiftReg_550                                                       |    97|
|601   |  layer21_out_8_U                                                    |myproject_fifo_w16_d2_S_258                                                                |   112|
|602   |    U_myproject_fifo_w16_d2_S_ShiftReg                               |myproject_fifo_w16_d2_S_ShiftReg_549                                                       |    97|
|603   |  layer21_out_9_U                                                    |myproject_fifo_w16_d2_S_259                                                                |   112|
|604   |    U_myproject_fifo_w16_d2_S_ShiftReg                               |myproject_fifo_w16_d2_S_ShiftReg_548                                                       |    97|
|605   |  layer21_out_U                                                      |myproject_fifo_w16_d2_S_260                                                                |   113|
|606   |    U_myproject_fifo_w16_d2_S_ShiftReg                               |myproject_fifo_w16_d2_S_ShiftReg_547                                                       |    97|
|607   |  layer23_out_10_U                                                   |myproject_fifo_w8_d2_S_261                                                                 |    38|
|608   |    U_myproject_fifo_w8_d2_S_ShiftReg                                |myproject_fifo_w8_d2_S_ShiftReg_546                                                        |    24|
|609   |  layer23_out_11_U                                                   |myproject_fifo_w8_d2_S_262                                                                 |    38|
|610   |    U_myproject_fifo_w8_d2_S_ShiftReg                                |myproject_fifo_w8_d2_S_ShiftReg_545                                                        |    24|
|611   |  layer23_out_12_U                                                   |myproject_fifo_w8_d2_S_263                                                                 |    39|
|612   |    U_myproject_fifo_w8_d2_S_ShiftReg                                |myproject_fifo_w8_d2_S_ShiftReg_544                                                        |    24|
|613   |  layer23_out_13_U                                                   |myproject_fifo_w8_d2_S_264                                                                 |    38|
|614   |    U_myproject_fifo_w8_d2_S_ShiftReg                                |myproject_fifo_w8_d2_S_ShiftReg_543                                                        |    24|
|615   |  layer23_out_14_U                                                   |myproject_fifo_w8_d2_S_265                                                                 |    39|
|616   |    U_myproject_fifo_w8_d2_S_ShiftReg                                |myproject_fifo_w8_d2_S_ShiftReg_542                                                        |    24|
|617   |  layer23_out_15_U                                                   |myproject_fifo_w8_d2_S_266                                                                 |    38|
|618   |    U_myproject_fifo_w8_d2_S_ShiftReg                                |myproject_fifo_w8_d2_S_ShiftReg_541                                                        |    24|
|619   |  layer23_out_16_U                                                   |myproject_fifo_w8_d2_S_267                                                                 |    38|
|620   |    U_myproject_fifo_w8_d2_S_ShiftReg                                |myproject_fifo_w8_d2_S_ShiftReg_540                                                        |    24|
|621   |  layer23_out_17_U                                                   |myproject_fifo_w8_d2_S_268                                                                 |    38|
|622   |    U_myproject_fifo_w8_d2_S_ShiftReg                                |myproject_fifo_w8_d2_S_ShiftReg_539                                                        |    24|
|623   |  layer23_out_18_U                                                   |myproject_fifo_w8_d2_S_269                                                                 |    39|
|624   |    U_myproject_fifo_w8_d2_S_ShiftReg                                |myproject_fifo_w8_d2_S_ShiftReg_538                                                        |    24|
|625   |  layer23_out_19_U                                                   |myproject_fifo_w8_d2_S_270                                                                 |    38|
|626   |    U_myproject_fifo_w8_d2_S_ShiftReg                                |myproject_fifo_w8_d2_S_ShiftReg_537                                                        |    24|
|627   |  layer23_out_1_U                                                    |myproject_fifo_w8_d2_S_271                                                                 |    38|
|628   |    U_myproject_fifo_w8_d2_S_ShiftReg                                |myproject_fifo_w8_d2_S_ShiftReg_536                                                        |    24|
|629   |  layer23_out_20_U                                                   |myproject_fifo_w8_d2_S_272                                                                 |    40|
|630   |    U_myproject_fifo_w8_d2_S_ShiftReg                                |myproject_fifo_w8_d2_S_ShiftReg_535                                                        |    24|
|631   |  layer23_out_21_U                                                   |myproject_fifo_w8_d2_S_273                                                                 |    38|
|632   |    U_myproject_fifo_w8_d2_S_ShiftReg                                |myproject_fifo_w8_d2_S_ShiftReg_534                                                        |    24|
|633   |  layer23_out_22_U                                                   |myproject_fifo_w8_d2_S_274                                                                 |    38|
|634   |    U_myproject_fifo_w8_d2_S_ShiftReg                                |myproject_fifo_w8_d2_S_ShiftReg_533                                                        |    24|
|635   |  layer23_out_23_U                                                   |myproject_fifo_w8_d2_S_275                                                                 |    38|
|636   |    U_myproject_fifo_w8_d2_S_ShiftReg                                |myproject_fifo_w8_d2_S_ShiftReg_532                                                        |    24|
|637   |  layer23_out_24_U                                                   |myproject_fifo_w8_d2_S_276                                                                 |    40|
|638   |    U_myproject_fifo_w8_d2_S_ShiftReg                                |myproject_fifo_w8_d2_S_ShiftReg_531                                                        |    24|
|639   |  layer23_out_25_U                                                   |myproject_fifo_w8_d2_S_277                                                                 |    38|
|640   |    U_myproject_fifo_w8_d2_S_ShiftReg                                |myproject_fifo_w8_d2_S_ShiftReg_530                                                        |    24|
|641   |  layer23_out_26_U                                                   |myproject_fifo_w8_d2_S_278                                                                 |    41|
|642   |    U_myproject_fifo_w8_d2_S_ShiftReg                                |myproject_fifo_w8_d2_S_ShiftReg_529                                                        |    25|
|643   |  layer23_out_27_U                                                   |myproject_fifo_w8_d2_S_279                                                                 |    40|
|644   |    U_myproject_fifo_w8_d2_S_ShiftReg                                |myproject_fifo_w8_d2_S_ShiftReg_528                                                        |    25|
|645   |  layer23_out_28_U                                                   |myproject_fifo_w8_d2_S_280                                                                 |    40|
|646   |    U_myproject_fifo_w8_d2_S_ShiftReg                                |myproject_fifo_w8_d2_S_ShiftReg_527                                                        |    25|
|647   |  layer23_out_29_U                                                   |myproject_fifo_w8_d2_S_281                                                                 |    40|
|648   |    U_myproject_fifo_w8_d2_S_ShiftReg                                |myproject_fifo_w8_d2_S_ShiftReg_526                                                        |    25|
|649   |  layer23_out_2_U                                                    |myproject_fifo_w8_d2_S_282                                                                 |    39|
|650   |    U_myproject_fifo_w8_d2_S_ShiftReg                                |myproject_fifo_w8_d2_S_ShiftReg_525                                                        |    24|
|651   |  layer23_out_30_U                                                   |myproject_fifo_w8_d2_S_283                                                                 |    41|
|652   |    U_myproject_fifo_w8_d2_S_ShiftReg                                |myproject_fifo_w8_d2_S_ShiftReg_524                                                        |    25|
|653   |  layer23_out_31_U                                                   |myproject_fifo_w8_d2_S_284                                                                 |    40|
|654   |    U_myproject_fifo_w8_d2_S_ShiftReg                                |myproject_fifo_w8_d2_S_ShiftReg_523                                                        |    25|
|655   |  layer23_out_32_U                                                   |myproject_fifo_w8_d2_S_285                                                                 |    41|
|656   |    U_myproject_fifo_w8_d2_S_ShiftReg                                |myproject_fifo_w8_d2_S_ShiftReg_522                                                        |    25|
|657   |  layer23_out_33_U                                                   |myproject_fifo_w8_d2_S_286                                                                 |    40|
|658   |    U_myproject_fifo_w8_d2_S_ShiftReg                                |myproject_fifo_w8_d2_S_ShiftReg_521                                                        |    25|
|659   |  layer23_out_34_U                                                   |myproject_fifo_w8_d2_S_287                                                                 |    40|
|660   |    U_myproject_fifo_w8_d2_S_ShiftReg                                |myproject_fifo_w8_d2_S_ShiftReg_520                                                        |    25|
|661   |  layer23_out_35_U                                                   |myproject_fifo_w8_d2_S_288                                                                 |    40|
|662   |    U_myproject_fifo_w8_d2_S_ShiftReg                                |myproject_fifo_w8_d2_S_ShiftReg_519                                                        |    25|
|663   |  layer23_out_3_U                                                    |myproject_fifo_w8_d2_S_289                                                                 |    38|
|664   |    U_myproject_fifo_w8_d2_S_ShiftReg                                |myproject_fifo_w8_d2_S_ShiftReg_518                                                        |    24|
|665   |  layer23_out_4_U                                                    |myproject_fifo_w8_d2_S_290                                                                 |    38|
|666   |    U_myproject_fifo_w8_d2_S_ShiftReg                                |myproject_fifo_w8_d2_S_ShiftReg_517                                                        |    24|
|667   |  layer23_out_5_U                                                    |myproject_fifo_w8_d2_S_291                                                                 |    38|
|668   |    U_myproject_fifo_w8_d2_S_ShiftReg                                |myproject_fifo_w8_d2_S_ShiftReg_516                                                        |    24|
|669   |  layer23_out_6_U                                                    |myproject_fifo_w8_d2_S_292                                                                 |    39|
|670   |    U_myproject_fifo_w8_d2_S_ShiftReg                                |myproject_fifo_w8_d2_S_ShiftReg_515                                                        |    24|
|671   |  layer23_out_7_U                                                    |myproject_fifo_w8_d2_S_293                                                                 |    38|
|672   |    U_myproject_fifo_w8_d2_S_ShiftReg                                |myproject_fifo_w8_d2_S_ShiftReg_514                                                        |    24|
|673   |  layer23_out_8_U                                                    |myproject_fifo_w8_d2_S_294                                                                 |    39|
|674   |    U_myproject_fifo_w8_d2_S_ShiftReg                                |myproject_fifo_w8_d2_S_ShiftReg_513                                                        |    24|
|675   |  layer23_out_9_U                                                    |myproject_fifo_w8_d2_S_295                                                                 |    38|
|676   |    U_myproject_fifo_w8_d2_S_ShiftReg                                |myproject_fifo_w8_d2_S_ShiftReg_512                                                        |    24|
|677   |  layer23_out_U                                                      |myproject_fifo_w8_d2_S_296                                                                 |    39|
|678   |    U_myproject_fifo_w8_d2_S_ShiftReg                                |myproject_fifo_w8_d2_S_ShiftReg_511                                                        |    24|
|679   |  layer24_out_10_U                                                   |myproject_fifo_w16_d2_S_297                                                                |   108|
|680   |    U_myproject_fifo_w16_d2_S_ShiftReg                               |myproject_fifo_w16_d2_S_ShiftReg_510                                                       |    93|
|681   |  layer24_out_11_U                                                   |myproject_fifo_w16_d2_S_298                                                                |   107|
|682   |    U_myproject_fifo_w16_d2_S_ShiftReg                               |myproject_fifo_w16_d2_S_ShiftReg_509                                                       |    93|
|683   |  layer24_out_12_U                                                   |myproject_fifo_w16_d2_S_299                                                                |   109|
|684   |    U_myproject_fifo_w16_d2_S_ShiftReg                               |myproject_fifo_w16_d2_S_ShiftReg_508                                                       |    93|
|685   |  layer24_out_13_U                                                   |myproject_fifo_w16_d2_S_300                                                                |   107|
|686   |    U_myproject_fifo_w16_d2_S_ShiftReg                               |myproject_fifo_w16_d2_S_ShiftReg_507                                                       |    93|
|687   |  layer24_out_14_U                                                   |myproject_fifo_w16_d2_S_301                                                                |   107|
|688   |    U_myproject_fifo_w16_d2_S_ShiftReg                               |myproject_fifo_w16_d2_S_ShiftReg_506                                                       |    93|
|689   |  layer24_out_15_U                                                   |myproject_fifo_w16_d2_S_302                                                                |   107|
|690   |    U_myproject_fifo_w16_d2_S_ShiftReg                               |myproject_fifo_w16_d2_S_ShiftReg_505                                                       |    93|
|691   |  layer24_out_16_U                                                   |myproject_fifo_w16_d2_S_303                                                                |   108|
|692   |    U_myproject_fifo_w16_d2_S_ShiftReg                               |myproject_fifo_w16_d2_S_ShiftReg_504                                                       |    93|
|693   |  layer24_out_17_U                                                   |myproject_fifo_w16_d2_S_304                                                                |   107|
|694   |    U_myproject_fifo_w16_d2_S_ShiftReg                               |myproject_fifo_w16_d2_S_ShiftReg_503                                                       |    93|
|695   |  layer24_out_18_U                                                   |myproject_fifo_w16_d2_S_305                                                                |   108|
|696   |    U_myproject_fifo_w16_d2_S_ShiftReg                               |myproject_fifo_w16_d2_S_ShiftReg_502                                                       |    93|
|697   |  layer24_out_19_U                                                   |myproject_fifo_w16_d2_S_306                                                                |   107|
|698   |    U_myproject_fifo_w16_d2_S_ShiftReg                               |myproject_fifo_w16_d2_S_ShiftReg_501                                                       |    93|
|699   |  layer24_out_1_U                                                    |myproject_fifo_w16_d2_S_307                                                                |   107|
|700   |    U_myproject_fifo_w16_d2_S_ShiftReg                               |myproject_fifo_w16_d2_S_ShiftReg_500                                                       |    93|
|701   |  layer24_out_2_U                                                    |myproject_fifo_w16_d2_S_308                                                                |   107|
|702   |    U_myproject_fifo_w16_d2_S_ShiftReg                               |myproject_fifo_w16_d2_S_ShiftReg_499                                                       |    93|
|703   |  layer24_out_3_U                                                    |myproject_fifo_w16_d2_S_309                                                                |   107|
|704   |    U_myproject_fifo_w16_d2_S_ShiftReg                               |myproject_fifo_w16_d2_S_ShiftReg_498                                                       |    93|
|705   |  layer24_out_4_U                                                    |myproject_fifo_w16_d2_S_310                                                                |   108|
|706   |    U_myproject_fifo_w16_d2_S_ShiftReg                               |myproject_fifo_w16_d2_S_ShiftReg_497                                                       |    93|
|707   |  layer24_out_5_U                                                    |myproject_fifo_w16_d2_S_311                                                                |   107|
|708   |    U_myproject_fifo_w16_d2_S_ShiftReg                               |myproject_fifo_w16_d2_S_ShiftReg_496                                                       |    93|
|709   |  layer24_out_6_U                                                    |myproject_fifo_w16_d2_S_312                                                                |   110|
|710   |    U_myproject_fifo_w16_d2_S_ShiftReg                               |myproject_fifo_w16_d2_S_ShiftReg_495                                                       |    93|
|711   |  layer24_out_7_U                                                    |myproject_fifo_w16_d2_S_313                                                                |   107|
|712   |    U_myproject_fifo_w16_d2_S_ShiftReg                               |myproject_fifo_w16_d2_S_ShiftReg_494                                                       |    93|
|713   |  layer24_out_8_U                                                    |myproject_fifo_w16_d2_S_314                                                                |   107|
|714   |    U_myproject_fifo_w16_d2_S_ShiftReg                               |myproject_fifo_w16_d2_S_ShiftReg_493                                                       |    93|
|715   |  layer24_out_9_U                                                    |myproject_fifo_w16_d2_S_315                                                                |   107|
|716   |    U_myproject_fifo_w16_d2_S_ShiftReg                               |myproject_fifo_w16_d2_S_ShiftReg_492                                                       |    93|
|717   |  layer24_out_U                                                      |myproject_fifo_w16_d2_S_316                                                                |   108|
|718   |    U_myproject_fifo_w16_d2_S_ShiftReg                               |myproject_fifo_w16_d2_S_ShiftReg_491                                                       |    93|
|719   |  layer26_out_14_U                                                   |myproject_fifo_w8_d2_S_321                                                                 |    39|
|720   |    U_myproject_fifo_w8_d2_S_ShiftReg                                |myproject_fifo_w8_d2_S_ShiftReg_486                                                        |    24|
|721   |  layer26_out_15_U                                                   |myproject_fifo_w8_d2_S_322                                                                 |    39|
|722   |    U_myproject_fifo_w8_d2_S_ShiftReg                                |myproject_fifo_w8_d2_S_ShiftReg_485                                                        |    24|
|723   |  layer26_out_18_U                                                   |myproject_fifo_w8_d2_S_325                                                                 |    39|
|724   |    U_myproject_fifo_w8_d2_S_ShiftReg                                |myproject_fifo_w8_d2_S_ShiftReg_482                                                        |    24|
|725   |  layer26_out_19_U                                                   |myproject_fifo_w8_d2_S_326                                                                 |    39|
|726   |    U_myproject_fifo_w8_d2_S_ShiftReg                                |myproject_fifo_w8_d2_S_ShiftReg_481                                                        |    24|
|727   |  layer26_out_2_U                                                    |myproject_fifo_w8_d2_S_328                                                                 |    39|
|728   |    U_myproject_fifo_w8_d2_S_ShiftReg                                |myproject_fifo_w8_d2_S_ShiftReg_479                                                        |    24|
|729   |  layer26_out_3_U                                                    |myproject_fifo_w8_d2_S_329                                                                 |    39|
|730   |    U_myproject_fifo_w8_d2_S_ShiftReg                                |myproject_fifo_w8_d2_S_ShiftReg_478                                                        |    24|
|731   |  layer26_out_8_U                                                    |myproject_fifo_w8_d2_S_334                                                                 |    40|
|732   |    U_myproject_fifo_w8_d2_S_ShiftReg                                |myproject_fifo_w8_d2_S_ShiftReg_473                                                        |    24|
|733   |  layer26_out_9_U                                                    |myproject_fifo_w8_d2_S_335                                                                 |    40|
|734   |    U_myproject_fifo_w8_d2_S_ShiftReg                                |myproject_fifo_w8_d2_S_ShiftReg_472                                                        |    24|
|735   |  layer27_out_U                                                      |myproject_fifo_w16_d2_S_337                                                                |   105|
|736   |    U_myproject_fifo_w16_d2_S_ShiftReg                               |myproject_fifo_w16_d2_S_ShiftReg                                                           |    93|
|737   |  layer3_out_10_U                                                    |myproject_fifo_w12_d2_S_338                                                                |    60|
|738   |    U_myproject_fifo_w12_d2_S_ShiftReg                               |myproject_fifo_w12_d2_S_ShiftReg_471                                                       |    46|
|739   |  layer3_out_11_U                                                    |myproject_fifo_w12_d2_S_339                                                                |    60|
|740   |    U_myproject_fifo_w12_d2_S_ShiftReg                               |myproject_fifo_w12_d2_S_ShiftReg_470                                                       |    46|
|741   |  layer3_out_12_U                                                    |myproject_fifo_w12_d2_S_340                                                                |    60|
|742   |    U_myproject_fifo_w12_d2_S_ShiftReg                               |myproject_fifo_w12_d2_S_ShiftReg_469                                                       |    46|
|743   |  layer3_out_13_U                                                    |myproject_fifo_w12_d2_S_341                                                                |    61|
|744   |    U_myproject_fifo_w12_d2_S_ShiftReg                               |myproject_fifo_w12_d2_S_ShiftReg_468                                                       |    46|
|745   |  layer3_out_14_U                                                    |myproject_fifo_w12_d2_S_342                                                                |    60|
|746   |    U_myproject_fifo_w12_d2_S_ShiftReg                               |myproject_fifo_w12_d2_S_ShiftReg_467                                                       |    46|
|747   |  layer3_out_15_U                                                    |myproject_fifo_w12_d2_S_343                                                                |    62|
|748   |    U_myproject_fifo_w12_d2_S_ShiftReg                               |myproject_fifo_w12_d2_S_ShiftReg_466                                                       |    46|
|749   |  layer3_out_16_U                                                    |myproject_fifo_w12_d2_S_344                                                                |    60|
|750   |    U_myproject_fifo_w12_d2_S_ShiftReg                               |myproject_fifo_w12_d2_S_ShiftReg_465                                                       |    46|
|751   |  layer3_out_17_U                                                    |myproject_fifo_w12_d2_S_345                                                                |    60|
|752   |    U_myproject_fifo_w12_d2_S_ShiftReg                               |myproject_fifo_w12_d2_S_ShiftReg_464                                                       |    46|
|753   |  layer3_out_18_U                                                    |myproject_fifo_w12_d2_S_346                                                                |    60|
|754   |    U_myproject_fifo_w12_d2_S_ShiftReg                               |myproject_fifo_w12_d2_S_ShiftReg_463                                                       |    46|
|755   |  layer3_out_19_U                                                    |myproject_fifo_w12_d2_S_347                                                                |    61|
|756   |    U_myproject_fifo_w12_d2_S_ShiftReg                               |myproject_fifo_w12_d2_S_ShiftReg_462                                                       |    46|
|757   |  layer3_out_1_U                                                     |myproject_fifo_w12_d2_S_348                                                                |    61|
|758   |    U_myproject_fifo_w12_d2_S_ShiftReg                               |myproject_fifo_w12_d2_S_ShiftReg_461                                                       |    46|
|759   |  layer3_out_20_U                                                    |myproject_fifo_w12_d2_S_349                                                                |    60|
|760   |    U_myproject_fifo_w12_d2_S_ShiftReg                               |myproject_fifo_w12_d2_S_ShiftReg_460                                                       |    46|
|761   |  layer3_out_2_U                                                     |myproject_fifo_w12_d2_S_350                                                                |    60|
|762   |    U_myproject_fifo_w12_d2_S_ShiftReg                               |myproject_fifo_w12_d2_S_ShiftReg_459                                                       |    46|
|763   |  layer3_out_3_U                                                     |myproject_fifo_w12_d2_S_351                                                                |    61|
|764   |    U_myproject_fifo_w12_d2_S_ShiftReg                               |myproject_fifo_w12_d2_S_ShiftReg_458                                                       |    46|
|765   |  layer3_out_4_U                                                     |myproject_fifo_w12_d2_S_352                                                                |    60|
|766   |    U_myproject_fifo_w12_d2_S_ShiftReg                               |myproject_fifo_w12_d2_S_ShiftReg_457                                                       |    46|
|767   |  layer3_out_5_U                                                     |myproject_fifo_w12_d2_S_353                                                                |    60|
|768   |    U_myproject_fifo_w12_d2_S_ShiftReg                               |myproject_fifo_w12_d2_S_ShiftReg_456                                                       |    46|
|769   |  layer3_out_6_U                                                     |myproject_fifo_w12_d2_S_354                                                                |    60|
|770   |    U_myproject_fifo_w12_d2_S_ShiftReg                               |myproject_fifo_w12_d2_S_ShiftReg_455                                                       |    46|
|771   |  layer3_out_7_U                                                     |myproject_fifo_w12_d2_S_355                                                                |    60|
|772   |    U_myproject_fifo_w12_d2_S_ShiftReg                               |myproject_fifo_w12_d2_S_ShiftReg_454                                                       |    46|
|773   |  layer3_out_8_U                                                     |myproject_fifo_w12_d2_S_356                                                                |    61|
|774   |    U_myproject_fifo_w12_d2_S_ShiftReg                               |myproject_fifo_w12_d2_S_ShiftReg_453                                                       |    46|
|775   |  layer3_out_9_U                                                     |myproject_fifo_w12_d2_S_357                                                                |    61|
|776   |    U_myproject_fifo_w12_d2_S_ShiftReg                               |myproject_fifo_w12_d2_S_ShiftReg_452                                                       |    46|
|777   |  layer3_out_U                                                       |myproject_fifo_w12_d2_S_358                                                                |    60|
|778   |    U_myproject_fifo_w12_d2_S_ShiftReg                               |myproject_fifo_w12_d2_S_ShiftReg_451                                                       |    46|
|779   |  layer4_out_10_U                                                    |myproject_fifo_w12_d2_S_359                                                                |    64|
|780   |    U_myproject_fifo_w12_d2_S_ShiftReg                               |myproject_fifo_w12_d2_S_ShiftReg_450                                                       |    46|
|781   |  layer4_out_11_U                                                    |myproject_fifo_w12_d2_S_360                                                                |    60|
|782   |    U_myproject_fifo_w12_d2_S_ShiftReg                               |myproject_fifo_w12_d2_S_ShiftReg_449                                                       |    46|
|783   |  layer4_out_12_U                                                    |myproject_fifo_w12_d2_S_361                                                                |    61|
|784   |    U_myproject_fifo_w12_d2_S_ShiftReg                               |myproject_fifo_w12_d2_S_ShiftReg_448                                                       |    46|
|785   |  layer4_out_1_U                                                     |myproject_fifo_w12_d2_S_362                                                                |    60|
|786   |    U_myproject_fifo_w12_d2_S_ShiftReg                               |myproject_fifo_w12_d2_S_ShiftReg_447                                                       |    46|
|787   |  layer4_out_2_U                                                     |myproject_fifo_w12_d2_S_363                                                                |    60|
|788   |    U_myproject_fifo_w12_d2_S_ShiftReg                               |myproject_fifo_w12_d2_S_ShiftReg_446                                                       |    46|
|789   |  layer4_out_3_U                                                     |myproject_fifo_w12_d2_S_364                                                                |    60|
|790   |    U_myproject_fifo_w12_d2_S_ShiftReg                               |myproject_fifo_w12_d2_S_ShiftReg_445                                                       |    46|
|791   |  layer4_out_4_U                                                     |myproject_fifo_w12_d2_S_365                                                                |    61|
|792   |    U_myproject_fifo_w12_d2_S_ShiftReg                               |myproject_fifo_w12_d2_S_ShiftReg_444                                                       |    46|
|793   |  layer4_out_5_U                                                     |myproject_fifo_w12_d2_S_366                                                                |    60|
|794   |    U_myproject_fifo_w12_d2_S_ShiftReg                               |myproject_fifo_w12_d2_S_ShiftReg_443                                                       |    46|
|795   |  layer4_out_6_U                                                     |myproject_fifo_w12_d2_S_367                                                                |    61|
|796   |    U_myproject_fifo_w12_d2_S_ShiftReg                               |myproject_fifo_w12_d2_S_ShiftReg_442                                                       |    46|
|797   |  layer4_out_7_U                                                     |myproject_fifo_w12_d2_S_368                                                                |    60|
|798   |    U_myproject_fifo_w12_d2_S_ShiftReg                               |myproject_fifo_w12_d2_S_ShiftReg_441                                                       |    46|
|799   |  layer4_out_8_U                                                     |myproject_fifo_w12_d2_S_369                                                                |    60|
|800   |    U_myproject_fifo_w12_d2_S_ShiftReg                               |myproject_fifo_w12_d2_S_ShiftReg_440                                                       |    46|
|801   |  layer4_out_9_U                                                     |myproject_fifo_w12_d2_S_370                                                                |    60|
|802   |    U_myproject_fifo_w12_d2_S_ShiftReg                               |myproject_fifo_w12_d2_S_ShiftReg_439                                                       |    46|
|803   |  layer4_out_U                                                       |myproject_fifo_w12_d2_S_371                                                                |    61|
|804   |    U_myproject_fifo_w12_d2_S_ShiftReg                               |myproject_fifo_w12_d2_S_ShiftReg                                                           |    46|
|805   |  layer8_out_10_U                                                    |myproject_fifo_w11_d2_S_372                                                                |    58|
|806   |    U_myproject_fifo_w11_d2_S_ShiftReg                               |myproject_fifo_w11_d2_S_ShiftReg_438                                                       |    44|
|807   |  layer8_out_11_U                                                    |myproject_fifo_w11_d2_S_373                                                                |    58|
|808   |    U_myproject_fifo_w11_d2_S_ShiftReg                               |myproject_fifo_w11_d2_S_ShiftReg_437                                                       |    44|
|809   |  layer8_out_12_U                                                    |myproject_fifo_w11_d2_S_374                                                                |    61|
|810   |    U_myproject_fifo_w11_d2_S_ShiftReg                               |myproject_fifo_w11_d2_S_ShiftReg_436                                                       |    45|
|811   |  layer8_out_13_U                                                    |myproject_fifo_w11_d2_S_375                                                                |    58|
|812   |    U_myproject_fifo_w11_d2_S_ShiftReg                               |myproject_fifo_w11_d2_S_ShiftReg_435                                                       |    44|
|813   |  layer8_out_14_U                                                    |myproject_fifo_w11_d2_S_376                                                                |    58|
|814   |    U_myproject_fifo_w11_d2_S_ShiftReg                               |myproject_fifo_w11_d2_S_ShiftReg_434                                                       |    44|
|815   |  layer8_out_15_U                                                    |myproject_fifo_w11_d2_S_377                                                                |    58|
|816   |    U_myproject_fifo_w11_d2_S_ShiftReg                               |myproject_fifo_w11_d2_S_ShiftReg_433                                                       |    44|
|817   |  layer8_out_16_U                                                    |myproject_fifo_w11_d2_S_378                                                                |    58|
|818   |    U_myproject_fifo_w11_d2_S_ShiftReg                               |myproject_fifo_w11_d2_S_ShiftReg_432                                                       |    44|
|819   |  layer8_out_17_U                                                    |myproject_fifo_w11_d2_S_379                                                                |    58|
|820   |    U_myproject_fifo_w11_d2_S_ShiftReg                               |myproject_fifo_w11_d2_S_ShiftReg_431                                                       |    44|
|821   |  layer8_out_18_U                                                    |myproject_fifo_w11_d2_S_380                                                                |    61|
|822   |    U_myproject_fifo_w11_d2_S_ShiftReg                               |myproject_fifo_w11_d2_S_ShiftReg_430                                                       |    46|
|823   |  layer8_out_19_U                                                    |myproject_fifo_w11_d2_S_381                                                                |    58|
|824   |    U_myproject_fifo_w11_d2_S_ShiftReg                               |myproject_fifo_w11_d2_S_ShiftReg_429                                                       |    44|
|825   |  layer8_out_1_U                                                     |myproject_fifo_w11_d2_S_382                                                                |    58|
|826   |    U_myproject_fifo_w11_d2_S_ShiftReg                               |myproject_fifo_w11_d2_S_ShiftReg_428                                                       |    44|
|827   |  layer8_out_20_U                                                    |myproject_fifo_w11_d2_S_383                                                                |    58|
|828   |    U_myproject_fifo_w11_d2_S_ShiftReg                               |myproject_fifo_w11_d2_S_ShiftReg_427                                                       |    44|
|829   |  layer8_out_21_U                                                    |myproject_fifo_w11_d2_S_384                                                                |    58|
|830   |    U_myproject_fifo_w11_d2_S_ShiftReg                               |myproject_fifo_w11_d2_S_ShiftReg_426                                                       |    44|
|831   |  layer8_out_22_U                                                    |myproject_fifo_w11_d2_S_385                                                                |    58|
|832   |    U_myproject_fifo_w11_d2_S_ShiftReg                               |myproject_fifo_w11_d2_S_ShiftReg_425                                                       |    44|
|833   |  layer8_out_23_U                                                    |myproject_fifo_w11_d2_S_386                                                                |    58|
|834   |    U_myproject_fifo_w11_d2_S_ShiftReg                               |myproject_fifo_w11_d2_S_ShiftReg_424                                                       |    44|
|835   |  layer8_out_24_U                                                    |myproject_fifo_w11_d2_S_387                                                                |    60|
|836   |    U_myproject_fifo_w11_d2_S_ShiftReg                               |myproject_fifo_w11_d2_S_ShiftReg_423                                                       |    45|
|837   |  layer8_out_25_U                                                    |myproject_fifo_w11_d2_S_388                                                                |    58|
|838   |    U_myproject_fifo_w11_d2_S_ShiftReg                               |myproject_fifo_w11_d2_S_ShiftReg_422                                                       |    44|
|839   |  layer8_out_26_U                                                    |myproject_fifo_w11_d2_S_389                                                                |    58|
|840   |    U_myproject_fifo_w11_d2_S_ShiftReg                               |myproject_fifo_w11_d2_S_ShiftReg_421                                                       |    44|
|841   |  layer8_out_27_U                                                    |myproject_fifo_w11_d2_S_390                                                                |    58|
|842   |    U_myproject_fifo_w11_d2_S_ShiftReg                               |myproject_fifo_w11_d2_S_ShiftReg_420                                                       |    44|
|843   |  layer8_out_28_U                                                    |myproject_fifo_w11_d2_S_391                                                                |    58|
|844   |    U_myproject_fifo_w11_d2_S_ShiftReg                               |myproject_fifo_w11_d2_S_ShiftReg_419                                                       |    44|
|845   |  layer8_out_29_U                                                    |myproject_fifo_w11_d2_S_392                                                                |    58|
|846   |    U_myproject_fifo_w11_d2_S_ShiftReg                               |myproject_fifo_w11_d2_S_ShiftReg_418                                                       |    44|
|847   |  layer8_out_2_U                                                     |myproject_fifo_w11_d2_S_393                                                                |    58|
|848   |    U_myproject_fifo_w11_d2_S_ShiftReg                               |myproject_fifo_w11_d2_S_ShiftReg_417                                                       |    44|
|849   |  layer8_out_30_U                                                    |myproject_fifo_w11_d2_S_394                                                                |    60|
|850   |    U_myproject_fifo_w11_d2_S_ShiftReg                               |myproject_fifo_w11_d2_S_ShiftReg_416                                                       |    45|
|851   |  layer8_out_31_U                                                    |myproject_fifo_w11_d2_S_395                                                                |    58|
|852   |    U_myproject_fifo_w11_d2_S_ShiftReg                               |myproject_fifo_w11_d2_S_ShiftReg_415                                                       |    44|
|853   |  layer8_out_32_U                                                    |myproject_fifo_w11_d2_S_396                                                                |    58|
|854   |    U_myproject_fifo_w11_d2_S_ShiftReg                               |myproject_fifo_w11_d2_S_ShiftReg_414                                                       |    44|
|855   |  layer8_out_33_U                                                    |myproject_fifo_w11_d2_S_397                                                                |    58|
|856   |    U_myproject_fifo_w11_d2_S_ShiftReg                               |myproject_fifo_w11_d2_S_ShiftReg_413                                                       |    44|
|857   |  layer8_out_3_U                                                     |myproject_fifo_w11_d2_S_398                                                                |    58|
|858   |    U_myproject_fifo_w11_d2_S_ShiftReg                               |myproject_fifo_w11_d2_S_ShiftReg_412                                                       |    44|
|859   |  layer8_out_4_U                                                     |myproject_fifo_w11_d2_S_399                                                                |    58|
|860   |    U_myproject_fifo_w11_d2_S_ShiftReg                               |myproject_fifo_w11_d2_S_ShiftReg_411                                                       |    44|
|861   |  layer8_out_5_U                                                     |myproject_fifo_w11_d2_S_400                                                                |    58|
|862   |    U_myproject_fifo_w11_d2_S_ShiftReg                               |myproject_fifo_w11_d2_S_ShiftReg_410                                                       |    44|
|863   |  layer8_out_6_U                                                     |myproject_fifo_w11_d2_S_401                                                                |    60|
|864   |    U_myproject_fifo_w11_d2_S_ShiftReg                               |myproject_fifo_w11_d2_S_ShiftReg_409                                                       |    45|
|865   |  layer8_out_7_U                                                     |myproject_fifo_w11_d2_S_402                                                                |    58|
|866   |    U_myproject_fifo_w11_d2_S_ShiftReg                               |myproject_fifo_w11_d2_S_ShiftReg_408                                                       |    44|
|867   |  layer8_out_8_U                                                     |myproject_fifo_w11_d2_S_403                                                                |    58|
|868   |    U_myproject_fifo_w11_d2_S_ShiftReg                               |myproject_fifo_w11_d2_S_ShiftReg_407                                                       |    44|
|869   |  layer8_out_9_U                                                     |myproject_fifo_w11_d2_S_404                                                                |    58|
|870   |    U_myproject_fifo_w11_d2_S_ShiftReg                               |myproject_fifo_w11_d2_S_ShiftReg_406                                                       |    44|
|871   |  layer8_out_U                                                       |myproject_fifo_w11_d2_S_405                                                                |    59|
|872   |    U_myproject_fifo_w11_d2_S_ShiftReg                               |myproject_fifo_w11_d2_S_ShiftReg                                                           |    44|
|873   |  layer9_out_U                                                       |myproject_fifo_w12_d3_S                                                                    |    33|
|874   |    U_myproject_fifo_w12_d3_S_ShiftReg                               |myproject_fifo_w12_d3_S_ShiftReg                                                           |    14|
|875   |  linear_ap_fixed_16_6_5_3_0_ap_fixed_12_1_4_0_0_linear_config10_U0  |myproject_linear_ap_fixed_16_6_5_3_0_ap_fixed_12_1_4_0_0_linear_config10_s                 |    37|
|876   |  linear_ap_fixed_16_6_5_3_0_ap_fixed_12_1_4_0_0_linear_config11_U0  |myproject_linear_ap_fixed_16_6_5_3_0_ap_fixed_12_1_4_0_0_linear_config11_s                 |    38|
|877   |  linear_ap_fixed_16_6_5_3_0_ap_fixed_12_1_4_0_0_linear_config3_U0   |myproject_linear_ap_fixed_16_6_5_3_0_ap_fixed_12_1_4_0_0_linear_config3_s                  |   732|
|878   |  linear_ap_fixed_16_6_5_3_0_ap_fixed_12_1_4_0_0_linear_config4_U0   |myproject_linear_ap_fixed_16_6_5_3_0_ap_fixed_12_1_4_0_0_linear_config4_s                  |   456|
|879   |  linear_ap_fixed_16_6_5_3_0_ap_fixed_12_1_4_0_0_linear_config9_U0   |myproject_linear_ap_fixed_16_6_5_3_0_ap_fixed_12_1_4_0_0_linear_config9_s                  |    37|
|880   |  relu_ap_fixed_16_6_5_3_0_ap_ufixed_8_0_4_0_0_relu_config18_U0      |myproject_relu_ap_fixed_16_6_5_3_0_ap_ufixed_8_0_4_0_0_relu_config18_s                     |   792|
|881   |  relu_ap_fixed_16_6_5_3_0_ap_ufixed_8_0_4_0_0_relu_config19_U0      |myproject_relu_ap_fixed_16_6_5_3_0_ap_ufixed_8_0_4_0_0_relu_config19_s                     |    92|
|882   |  relu_ap_fixed_16_6_5_3_0_ap_ufixed_8_0_4_0_0_relu_config23_U0      |myproject_relu_ap_fixed_16_6_5_3_0_ap_ufixed_8_0_4_0_0_relu_config23_s                     |   412|
|883   |  relu_ap_fixed_16_6_5_3_0_ap_ufixed_8_0_4_0_0_relu_config26_U0      |myproject_relu_ap_fixed_16_6_5_3_0_ap_ufixed_8_0_4_0_0_relu_config26_s                     |   219|
+------+---------------------------------------------------------------------+-------------------------------------------------------------------------------------------+------+
---------------------------------------------------------------------------------
Finished Writing Synthesis Report : Time (s): cpu = 00:01:17 ; elapsed = 00:01:45 . Memory (MB): peak = 2634.742 ; gain = 954.590 ; free physical = 74563 ; free virtual = 203618
---------------------------------------------------------------------------------
Synthesis finished with 0 errors, 0 critical warnings and 580 warnings.
Synthesis Optimization Runtime : Time (s): cpu = 00:01:20 ; elapsed = 00:01:47 . Memory (MB): peak = 2638.652 ; gain = 958.500 ; free physical = 80535 ; free virtual = 209590
Synthesis Optimization Complete : Time (s): cpu = 00:01:20 ; elapsed = 00:01:47 . Memory (MB): peak = 2638.652 ; gain = 958.500 ; free physical = 80544 ; free virtual = 209590
INFO: [Project 1-571] Translating synthesized netlist
Netlist sorting complete. Time (s): cpu = 00:00:00.43 ; elapsed = 00:00:00.43 . Memory (MB): peak = 2638.652 ; gain = 0.000 ; free physical = 80121 ; free virtual = 209171
INFO: [Netlist 29-17] Analyzing 2335 Unisim elements for replacement
INFO: [Netlist 29-28] Unisim Transformation completed in 0 CPU seconds
INFO: [Project 1-570] Preparing netlist for logic optimization
INFO: [Opt 31-138] Pushed 0 inverter(s) to 0 load pin(s).
Netlist sorting complete. Time (s): cpu = 00:00:00 ; elapsed = 00:00:00 . Memory (MB): peak = 2771.578 ; gain = 0.000 ; free physical = 78931 ; free virtual = 207992
INFO: [Project 1-111] Unisim Transformation Summary:
No Unisim elements were transformed.

Synth Design complete | Checksum: 421e844c
INFO: [Common 17-83] Releasing license: Synthesis
519 Infos, 208 Warnings, 0 Critical Warnings and 0 Errors encountered.
synth_design completed successfully
synth_design: Time (s): cpu = 00:01:32 ; elapsed = 00:01:59 . Memory (MB): peak = 2771.578 ; gain = 1097.508 ; free physical = 78840 ; free virtual = 207901
INFO: [Common 17-2834] synth_design peak Physical Memory [PSS] (MB): overall = 7897.198; main = 1579.852; forked = 6437.612
INFO: [Common 17-2834] synth_design peak Virtual Memory [VSS] (MB): overall = 16712.051; main = 2771.582; forked = 14077.305
# report_utilization -file vivado_synth.rpt
INFO: [Common 17-206] Exiting Vivado at Tue Aug 11 05:49:00 2026...
***** VIVADO SYNTHESIS COMPLETED IN 0h2m20s *****
INFO: [HLS 200-112] Total CPU user time: 209.26 seconds. Total CPU system time: 10.29 seconds. Total elapsed time: 254.25 seconds; peak allocated memory: 1.146 GB.
