trial_id,parameters,auc,primary_metric
08,10781,0.9482724534575304,0.8459465261337421
21,10021,0.9497207828951342,0.845488463782839
07,8351,0.9497561033568531,0.8440465500195016
17,6865,0.945611875364738,0.8419306950151327
00,2137,0.9415486517621117,0.8415367311582175
09,1127,0.878974844976391,0.6600291466736812
22,841,0.5772258135390602,0.006818326122252771
