trial_id,parameters,auc,primary_metric
20,12407,0.955630466711824,0.8476118775718766
28,1785,0.9492669003379415,0.8462630880356533
06,1589,0.9385452102582963,0.8437293834148171
18,1545,0.9432162865359495,0.8329052037697171
25,819,0.9417656217714151,0.8282574582528324
19,683,0.8646175372924678,0.6463595381280215
