trial_id,parameters,auc,primary_metric
1052,337,0.9484628475742566,0.8426744794264999
1053,267,0.946192296362065,0.8416676493086734
1030,235,0.9450846418917919,0.8317792472055173
1029,199,0.9448325796462859,0.8267221179109938
1050,151,0.9367825873353347,0.8244287826426115
1045,121,0.9335349256562719,0.8112432386671142
1025,99,0.9050811717472034,0.7324271862272895
1026,79,0.9044368431625038,0.730858889584297
1056,67,0.8578372973937148,0.7185311164929657
1024,61,0.8907346645635281,0.7105638551011214
1057,37,0.812378659139346,0.5690764072189417
1027,31,0.8368847299720428,0.42920956276965955
