trial_id,parameters,auc,primary_metric
1047,391,0.9480106694019825,0.8440894839164179
1046,265,0.9483342619652743,0.843450313084861
1052,337,0.9484628475742566,0.8426744794264999
1053,267,0.946192296362065,0.8416676493086734
1042,211,0.9452101569303348,0.838253497449666
1051,205,0.9393380025374589,0.8368844503705315
1048,163,0.9452931797976465,0.8346839369778769
1030,235,0.9450846418917919,0.8317792472055173
1036,155,0.9449033654783686,0.8277622066813608
1031,121,0.9418471349615151,0.8272188812393988
1029,199,0.9448325796462859,0.8267221179109938
1050,151,0.9367825873353347,0.8244287826426115
1045,121,0.9335349256562719,0.8112432386671142
1034,91,0.9343880440263257,0.8098379094215715
1032,65,0.9241991303501219,0.738190910712612
1025,99,0.9050811717472034,0.7324271862272895
1026,79,0.9044368431625038,0.730858889584297
1040,55,0.9047597470040729,0.724652825020182
1056,67,0.8578372973937148,0.7185311164929657
1024,61,0.8907346645635281,0.7105638551011214
1022,45,0.8617684506870918,0.5988308071874971
1039,43,0.8587095367983674,0.5911525937213711
1035,25,0.82340753744996,0.5835499681019287
1057,37,0.812378659139346,0.5690764072189417
1028,19,0.8116697974599648,0.5621670733292817
1027,31,0.8368847299720428,0.42920956276965955
