{
    "input_bits": 14,
    "input_int_bits": 2,
    "spatial_units": 32,
    "nmodule_xlocal_units": 8,
    "dense2_ratio": 0.30000000000000004,
    "dense3_ratio": 0.5,
    "dropout_rate": 0.05,
    "learning_rate": 0.003175740716422326
}