{
    "loss": [
        0.4365936815738678,
        0.2882377803325653,
        0.2604384422302246,
        0.25019583106040955,
        0.2440321147441864,
        0.23985561728477478,
        0.23882444202899933,
        0.23643381893634796,
        0.2360069304704666,
        0.2353958636522293,
        0.23508183658123016,
        0.23418964445590973,
        0.23326078057289124,
        0.23248723149299622,
        0.23301944136619568,
        0.2324971854686737,
        0.23275505006313324,
        0.23166225850582123,
        0.2308836430311203,
        0.23013779520988464,
        0.23018191754817963,
        0.2303091138601303
    ],
    "binary_accuracy": [
        0.8009781837463379,
        0.8968037366867065,
        0.9163106083869934,
        0.9191527962684631,
        0.9203237295150757,
        0.9207592606544495,
        0.9211887717247009,
        0.9214625358581543,
        0.921960711479187,
        0.922055721282959,
        0.922193706035614,
        0.9223449230194092,
        0.9225813746452332,
        0.9228570461273193,
        0.9228875637054443,
        0.9231017827987671,
        0.9228781461715698,
        0.9230259656906128,
        0.9231406450271606,
        0.9233604669570923,
        0.9235494136810303,
        0.9236844182014465
    ],
    "val_loss": [
        0.3038345277309418,
        0.257294625043869,
        0.24777445197105408,
        0.24154852330684662,
        0.2376539558172226,
        0.234038308262825,
        0.23144781589508057,
        0.23115871846675873,
        0.23498716950416565,
        0.23177936673164368,
        0.23187173902988434,
        0.22903351485729218,
        0.23213765025138855,
        0.23626717925071716,
        0.233438178896904,
        0.2359984666109085,
        0.23405301570892334,
        0.2323753535747528,
        0.23438024520874023,
        0.2291169911623001,
        0.23281890153884888,
        0.2334066927433014
    ],
    "val_binary_accuracy": [
        0.8871473670005798,
        0.9158933758735657,
        0.9221475124359131,
        0.9228882789611816,
        0.9231634140014648,
        0.9233629703521729,
        0.9240311980247498,
        0.9236895442008972,
        0.9240992069244385,
        0.9242246747016907,
        0.9240689873695374,
        0.9242972731590271,
        0.9243683218955994,
        0.9234023094177246,
        0.9247069358825684,
        0.9247326254844666,
        0.9244303107261658,
        0.9249140620231628,
        0.9243153929710388,
        0.9242246747016907,
        0.9253101348876953,
        0.9251060485839844
    ]
}