{
    "loss": [
        0.36880436539649963,
        0.25885340571403503,
        0.2525777816772461,
        0.24977612495422363,
        0.24617686867713928,
        0.24167737364768982,
        0.237966850399971,
        0.232121080160141,
        0.22637362778186798,
        0.2202174812555313,
        0.21551655232906342,
        0.21153338253498077,
        0.20899301767349243,
        0.20658424496650696,
        0.2033519297838211,
        0.19994789361953735,
        0.19941231608390808,
        0.195985808968544,
        0.1934562474489212,
        0.193060502409935,
        0.19172105193138123,
        0.19014497101306915,
        0.18971885740756989,
        0.18813227117061615,
        0.18752729892730713,
        0.18753185868263245,
        0.18594765663146973,
        0.1850861757993698,
        0.184344083070755,
        0.18461205065250397,
        0.18338891863822937,
        0.18366514146327972,
        0.1822744756937027,
        0.1822078377008438,
        0.18116000294685364,
        0.18050841987133026,
        0.1809590607881546,
        0.1803085207939148,
        0.17925110459327698,
        0.18016687035560608
    ],
    "binary_accuracy": [
        0.853443443775177,
        0.9199873208999634,
        0.9231873750686646,
        0.9241727590560913,
        0.9250506162643433,
        0.9260212779045105,
        0.9270918369293213,
        0.9282574653625488,
        0.9294034838676453,
        0.9305155277252197,
        0.9316555261611938,
        0.9326627254486084,
        0.933504045009613,
        0.934234082698822,
        0.9352481365203857,
        0.9362474083900452,
        0.9364483952522278,
        0.9371509552001953,
        0.9380265474319458,
        0.9383474588394165,
        0.9386378526687622,
        0.9391484260559082,
        0.9390794038772583,
        0.9395594596862793,
        0.940111517906189,
        0.9401009678840637,
        0.9403630495071411,
        0.9407420754432678,
        0.9408627152442932,
        0.9409615397453308,
        0.9411545991897583,
        0.941041111946106,
        0.9415294528007507,
        0.9415475130081177,
        0.9417809844017029,
        0.9420958161354065,
        0.9418884515762329,
        0.9417383670806885,
        0.9422609806060791,
        0.942067563533783
    ],
    "val_loss": [
        0.26348280906677246,
        0.25060683488845825,
        0.24976444244384766,
        0.24602243304252625,
        0.24094192683696747,
        0.23890268802642822,
        0.23326218128204346,
        0.22433169186115265,
        0.21826671063899994,
        0.21682888269424438,
        0.20878256857395172,
        0.2058553695678711,
        0.20215067267417908,
        0.20152436196804047,
        0.19606688618659973,
        0.19647635519504547,
        0.19656915962696075,
        0.1894967406988144,
        0.18833006918430328,
        0.18987032771110535,
        0.18870647251605988,
        0.18443268537521362,
        0.18549732863903046,
        0.1828458160161972,
        0.1836659461259842,
        0.18134041130542755,
        0.1794324815273285,
        0.17967864871025085,
        0.18000078201293945,
        0.18157251179218292,
        0.17966899275779724,
        0.1775793731212616,
        0.17987841367721558,
        0.17804324626922607,
        0.1758725643157959,
        0.17643386125564575,
        0.17692694067955017,
        0.17330895364284515,
        0.1743166297674179,
        0.17489829659461975
    ],
    "val_binary_accuracy": [
        0.9148638844490051,
        0.9233675003051758,
        0.9244303107261658,
        0.9260433316230774,
        0.9259465932846069,
        0.926580011844635,
        0.9284001588821411,
        0.9286949634552002,
        0.9306889772415161,
        0.9317275285720825,
        0.9324078559875488,
        0.9328704476356506,
        0.9339604377746582,
        0.935803234577179,
        0.9370685815811157,
        0.9377126097679138,
        0.9375160336494446,
        0.9394299387931824,
        0.9395040273666382,
        0.9396597146987915,
        0.9404503703117371,
        0.940380871295929,
        0.9409628510475159,
        0.9408872723579407,
        0.9418684244155884,
        0.9415297508239746,
        0.9427694082260132,
        0.9421979784965515,
        0.9420226216316223,
        0.942643940448761,
        0.9428843259811401,
        0.9424217343330383,
        0.9432108402252197,
        0.9427648782730103,
        0.943392276763916,
        0.9433680772781372,
        0.9432093501091003,
        0.9437112212181091,
        0.9431458711624146,
        0.9429417848587036
    ]
}