{
    "loss": [
        0.5398586392402649,
        0.37521499395370483,
        0.3055884838104248,
        0.28037190437316895,
        0.2709451913833618,
        0.263675332069397,
        0.2517598271369934,
        0.23978766798973083,
        0.23243260383605957,
        0.22894687950611115,
        0.2273940145969391,
        0.22727371752262115,
        0.22643950581550598,
        0.2257416844367981,
        0.2252049595117569,
        0.22518211603164673,
        0.224528506398201,
        0.22402836382389069,
        0.22387801110744476,
        0.2236311286687851,
        0.2233833372592926,
        0.22316855192184448,
        0.22289018332958221,
        0.22248025238513947,
        0.22175773978233337,
        0.22206299006938934,
        0.22148822247982025,
        0.22098378837108612,
        0.22129496932029724,
        0.22069716453552246,
        0.22012543678283691,
        0.21974827349185944,
        0.21922118961811066,
        0.21888501942157745,
        0.2191556841135025,
        0.21841052174568176,
        0.2177722156047821,
        0.2179584503173828,
        0.2179560661315918,
        0.2171618789434433
    ],
    "binary_accuracy": [
        0.7261743545532227,
        0.8429017066955566,
        0.8914111852645874,
        0.9077290296554565,
        0.9124947786331177,
        0.9143040776252747,
        0.9156503081321716,
        0.9168235063552856,
        0.9190321564674377,
        0.9204156994819641,
        0.9210703372955322,
        0.9214451909065247,
        0.9217921495437622,
        0.9221677184104919,
        0.9224335551261902,
        0.9225278496742249,
        0.922697901725769,
        0.9228249788284302,
        0.9229366183280945,
        0.9230448603630066,
        0.9231429100036621,
        0.9233589768409729,
        0.9232469797134399,
        0.9233348369598389,
        0.923437774181366,
        0.9235343337059021,
        0.9236146211624146,
        0.9236941933631897,
        0.9237368106842041,
        0.9239197373390198,
        0.9241045117378235,
        0.9241810441017151,
        0.9240924119949341,
        0.9242462515830994,
        0.9242817163467407,
        0.9242700338363647,
        0.924397885799408,
        0.924507200717926,
        0.9246259927749634,
        0.9247753620147705
    ],
    "val_loss": [
        0.41135504841804504,
        0.3207322955131531,
        0.2741958498954773,
        0.2638802230358124,
        0.2591303884983063,
        0.2513054609298706,
        0.23476219177246094,
        0.2275875359773636,
        0.22391851246356964,
        0.2219192534685135,
        0.22165058553218842,
        0.22004321217536926,
        0.21920713782310486,
        0.21847641468048096,
        0.21909402310848236,
        0.21893753111362457,
        0.21874350309371948,
        0.2177058756351471,
        0.2175305038690567,
        0.21749559044837952,
        0.21675986051559448,
        0.21709908545017242,
        0.21714720129966736,
        0.21620741486549377,
        0.21575313806533813,
        0.21545977890491486,
        0.21505309641361237,
        0.2149507850408554,
        0.2146235853433609,
        0.21390920877456665,
        0.21428923308849335,
        0.21294774115085602,
        0.2128741294145584,
        0.2128109484910965,
        0.2124680131673813,
        0.21172115206718445,
        0.2120295763015747,
        0.21176639199256897,
        0.21207526326179504,
        0.21247656643390656
    ],
    "val_binary_accuracy": [
        0.8120719790458679,
        0.8875706195831299,
        0.9073474407196045,
        0.9131420254707336,
        0.9156454801559448,
        0.916059672832489,
        0.9197468757629395,
        0.9219555258750916,
        0.9219101667404175,
        0.922073483467102,
        0.9223350286483765,
        0.9238724708557129,
        0.923913300037384,
        0.9240810871124268,
        0.9237802624702454,
        0.9243713617324829,
        0.924013078212738,
        0.9247326254844666,
        0.9245693683624268,
        0.9247643947601318,
        0.9249140620231628,
        0.9247432351112366,
        0.9244166612625122,
        0.9251151084899902,
        0.9252118468284607,
        0.9252859354019165,
        0.9252587556838989,
        0.9252572059631348,
        0.9255731701850891,
        0.9254854917526245,
        0.9252239465713501,
        0.9255792498588562,
        0.9254945516586304,
        0.9254628419876099,
        0.9256125092506409,
        0.9258936643600464,
        0.9253373742103577,
        0.9260705709457397,
        0.926694929599762,
        0.925781786441803
    ]
}