{
    "loss": [
        0.6346689462661743,
        0.5288711190223694,
        0.4820919334888458,
        0.4592628479003906,
        0.4327714145183563,
        0.3991772532463074,
        0.3676918148994446,
        0.34270113706588745,
        0.32373180985450745,
        0.30895692110061646,
        0.29743626713752747,
        0.2874763011932373,
        0.2794916331768036,
        0.2722851037979126,
        0.2666357159614563,
        0.26149997115135193,
        0.2573748826980591,
        0.2537471354007721,
        0.2503257393836975,
        0.2470979541540146,
        0.2444762885570526,
        0.24219848215579987,
        0.24098843336105347,
        0.2397354543209076,
        0.23808754980564117,
        0.23704154789447784,
        0.23543168604373932,
        0.23448754847049713,
        0.23329676687717438,
        0.23253510892391205,
        0.2316139042377472,
        0.2308952510356903,
        0.23031121492385864,
        0.22944660484790802,
        0.228908970952034,
        0.228107288479805,
        0.22766101360321045,
        0.22719013690948486,
        0.22687728703022003,
        0.22617550194263458
    ],
    "binary_accuracy": [
        0.604588508605957,
        0.738404393196106,
        0.765357494354248,
        0.781449019908905,
        0.8032072186470032,
        0.8318395018577576,
        0.852185070514679,
        0.8660577535629272,
        0.8753837943077087,
        0.8820701241493225,
        0.8866314888000488,
        0.8896347284317017,
        0.8923060894012451,
        0.8939641714096069,
        0.8956509232521057,
        0.8973139524459839,
        0.8990316390991211,
        0.9013160467147827,
        0.9054909348487854,
        0.9099686145782471,
        0.9121372699737549,
        0.9132418036460876,
        0.9138768315315247,
        0.9146095514297485,
        0.9151718020439148,
        0.9156985878944397,
        0.9161831736564636,
        0.9165278077125549,
        0.9168928861618042,
        0.9173800945281982,
        0.9178446531295776,
        0.918194591999054,
        0.918426513671875,
        0.918842077255249,
        0.9189163446426392,
        0.9191490411758423,
        0.9194017052650452,
        0.9195046424865723,
        0.9197056293487549,
        0.9199333786964417
    ],
    "val_loss": [
        0.5699847340583801,
        0.4860577881336212,
        0.4597153067588806,
        0.4360402524471283,
        0.4044276177883148,
        0.36879196763038635,
        0.33970019221305847,
        0.31784695386886597,
        0.30220216512680054,
        0.28978273272514343,
        0.27938228845596313,
        0.2713180482387543,
        0.264370858669281,
        0.2588506042957306,
        0.2536143660545349,
        0.25066155195236206,
        0.24666307866573334,
        0.24402126669883728,
        0.24065154790878296,
        0.23843130469322205,
        0.2356640100479126,
        0.2344180792570114,
        0.23337844014167786,
        0.2323116660118103,
        0.23135967552661896,
        0.23010165989398956,
        0.22960391640663147,
        0.22837358713150024,
        0.22737735509872437,
        0.22631970047950745,
        0.22575189173221588,
        0.22550955414772034,
        0.22526633739471436,
        0.2239554226398468,
        0.22371408343315125,
        0.22260193526744843,
        0.22263972461223602,
        0.22189588844776154,
        0.22237911820411682,
        0.22104644775390625
    ],
    "val_binary_accuracy": [
        0.7193876504898071,
        0.7699196934700012,
        0.7842889428138733,
        0.8028185367584229,
        0.8299001455307007,
        0.8565055727958679,
        0.8697803020477295,
        0.8784381151199341,
        0.8850852847099304,
        0.8892486691474915,
        0.8918957710266113,
        0.8937476873397827,
        0.8950961828231812,
        0.8974091410636902,
        0.8974484801292419,
        0.9002981185913086,
        0.9013412594795227,
        0.9049180746078491,
        0.910127580165863,
        0.9122757911682129,
        0.9154701232910156,
        0.9159840941429138,
        0.9169773459434509,
        0.9169017672538757,
        0.9184890985488892,
        0.9179251790046692,
        0.9182744026184082,
        0.9194959402084351,
        0.9193326234817505,
        0.9200053811073303,
        0.9200960993766785,
        0.9201217889785767,
        0.9209653735160828,
        0.9212450385093689,
        0.9210802316665649,
        0.9214007258415222,
        0.9213629364967346,
        0.9220417141914368,
        0.921190619468689,
        0.9218981266021729
    ]
}