{
    "loss": [
        0.42717504501342773,
        0.2728014290332794,
        0.2565130889415741,
        0.25272127985954285,
        0.25009220838546753,
        0.24784024059772491,
        0.24271665513515472,
        0.23499104380607605,
        0.23013301193714142,
        0.22476010024547577,
        0.22041615843772888,
        0.2176712602376938,
        0.21394312381744385,
        0.2108450084924698,
        0.20808488130569458,
        0.20539240539073944,
        0.2034243792295456,
        0.20173054933547974,
        0.20102356374263763,
        0.20007310807704926,
        0.19925138354301453,
        0.19886282086372375,
        0.19868960976600647,
        0.1973346769809723,
        0.19680246710777283,
        0.1964038461446762,
        0.19669698178768158,
        0.19549839198589325,
        0.19487683475017548,
        0.19432568550109863,
        0.19434386491775513,
        0.19371819496154785,
        0.19351591169834137,
        0.19275563955307007,
        0.19254006445407867,
        0.19232647120952606,
        0.19180427491664886,
        0.19154386222362518,
        0.19070182740688324,
        0.19068844616413116
    ],
    "binary_accuracy": [
        0.8133963942527771,
        0.911980390548706,
        0.9214949607849121,
        0.9230542778968811,
        0.9237334132194519,
        0.9249703288078308,
        0.9255861043930054,
        0.926155149936676,
        0.926914632320404,
        0.9278275966644287,
        0.9287405014038086,
        0.9295260310173035,
        0.9304057955741882,
        0.9309235215187073,
        0.931522011756897,
        0.9322226643562317,
        0.9326087832450867,
        0.933313250541687,
        0.933362603187561,
        0.9337317943572998,
        0.9342186450958252,
        0.9343679547309875,
        0.9346293210983276,
        0.9349995851516724,
        0.935217559337616,
        0.935425341129303,
        0.935413658618927,
        0.9357247352600098,
        0.9359208345413208,
        0.9360758662223816,
        0.9360736012458801,
        0.9361765384674072,
        0.9364175200462341,
        0.9365664720535278,
        0.9365419149398804,
        0.9365905523300171,
        0.9368100762367249,
        0.9368462562561035,
        0.9369292259216309,
        0.937049150466919
    ],
    "val_loss": [
        0.2885545790195465,
        0.25126761198043823,
        0.249159038066864,
        0.24735015630722046,
        0.24582934379577637,
        0.24153803288936615,
        0.23385287821292877,
        0.2262139469385147,
        0.22236314415931702,
        0.21562281250953674,
        0.2143651247024536,
        0.20877526700496674,
        0.20460481941699982,
        0.2027270495891571,
        0.19892078638076782,
        0.19960787892341614,
        0.19386065006256104,
        0.1943623572587967,
        0.19328747689723969,
        0.19492672383785248,
        0.19401811063289642,
        0.19084812700748444,
        0.19215326011180878,
        0.1894671767950058,
        0.19165372848510742,
        0.18732628226280212,
        0.1887892186641693,
        0.18737663328647614,
        0.18907541036605835,
        0.18723851442337036,
        0.18640726804733276,
        0.18745160102844238,
        0.1867847442626953,
        0.18685096502304077,
        0.18484002351760864,
        0.18576467037200928,
        0.1847333014011383,
        0.18330267071723938,
        0.1842658668756485,
        0.1826654076576233
    ],
    "val_binary_accuracy": [
        0.8965731263160706,
        0.9210953712463379,
        0.9232873916625977,
        0.9245300889015198,
        0.925727367401123,
        0.9266223311424255,
        0.9269352555274963,
        0.9283109903335571,
        0.9289066195487976,
        0.9292134642601013,
        0.9304001927375793,
        0.9311833381652832,
        0.9318757057189941,
        0.9329187870025635,
        0.9338319301605225,
        0.9340783357620239,
        0.9351047873497009,
        0.9357790350914001,
        0.9352529644966125,
        0.9360859394073486,
        0.9362824559211731,
        0.9363535046577454,
        0.9363580346107483,
        0.9371532201766968,
        0.9373059272766113,
        0.9374208450317383,
        0.9371169805526733,
        0.9378970265388489,
        0.9378108382225037,
        0.9380013346672058,
        0.9381645917892456,
        0.9375841021537781,
        0.937423825263977,
        0.9373482465744019,
        0.9376052618026733,
        0.9385984539985657,
        0.9389461874961853,
        0.9385622143745422,
        0.9395085573196411,
        0.9387481212615967
    ]
}