{
    "loss": [
        0.34638968110084534,
        0.24675947427749634,
        0.23577673733234406,
        0.22790400683879852,
        0.22128354012966156,
        0.21249613165855408,
        0.2060466706752777,
        0.2003723829984665,
        0.1959161013364792,
        0.1920616775751114,
        0.1908285915851593,
        0.1895206719636917,
        0.18740637600421906,
        0.1859406977891922,
        0.1837320774793625,
        0.18332959711551666,
        0.18075548112392426,
        0.18052345514297485,
        0.17922481894493103,
        0.17794916033744812,
        0.1766754537820816,
        0.17665933072566986,
        0.17578627169132233,
        0.1752888262271881,
        0.1752064973115921,
        0.17415077984333038,
        0.17358891665935516,
        0.17319391667842865,
        0.1724894493818283,
        0.17194417119026184,
        0.17184500396251678,
        0.17038345336914062,
        0.16989922523498535,
        0.17074428498744965,
        0.17050723731517792,
        0.16982607543468475,
        0.17085354030132294,
        0.1708526313304901,
        0.1701057404279709,
        0.1689540594816208
    ],
    "binary_accuracy": [
        0.8660479784011841,
        0.9229939579963684,
        0.9246097803115845,
        0.9260431528091431,
        0.9276899099349976,
        0.929915189743042,
        0.9319998025894165,
        0.9340071082115173,
        0.9355392456054688,
        0.9367519617080688,
        0.9375710487365723,
        0.9378798604011536,
        0.9385994076728821,
        0.9389451742172241,
        0.9394735097885132,
        0.9398521184921265,
        0.9403166770935059,
        0.9407028555870056,
        0.9410018920898438,
        0.9411873817443848,
        0.9418458342552185,
        0.9418277144432068,
        0.9419329166412354,
        0.9422681927680969,
        0.9422187805175781,
        0.9426931738853455,
        0.942786693572998,
        0.9429367780685425,
        0.943077802658081,
        0.9430551528930664,
        0.9432350397109985,
        0.9436486959457397,
        0.943724513053894,
        0.9437878727912903,
        0.9437512755393982,
        0.9437727928161621,
        0.9435948133468628,
        0.9436656832695007,
        0.9441325664520264,
        0.9443075060844421
    ],
    "val_loss": [
        0.2510279417037964,
        0.23950906097888947,
        0.22637255489826202,
        0.220453143119812,
        0.21152235567569733,
        0.2044593095779419,
        0.20054753124713898,
        0.19473202526569366,
        0.18879364430904388,
        0.18937234580516815,
        0.18585580587387085,
        0.18349771201610565,
        0.1792398989200592,
        0.1884157955646515,
        0.17602628469467163,
        0.17422327399253845,
        0.17702992260456085,
        0.1734112948179245,
        0.17337173223495483,
        0.17515747249126434,
        0.17451004683971405,
        0.16959558427333832,
        0.16978439688682556,
        0.17160946130752563,
        0.16899347305297852,
        0.17075620591640472,
        0.1705114245414734,
        0.16618530452251434,
        0.16836358606815338,
        0.16711129248142242,
        0.16441112756729126,
        0.1685457080602646,
        0.16671299934387207,
        0.16757790744304657,
        0.16782546043395996,
        0.18211856484413147,
        0.1674731820821762,
        0.16332098841667175,
        0.1641806960105896,
        0.16792885959148407
    ],
    "val_binary_accuracy": [
        0.9235051274299622,
        0.9243925213813782,
        0.9263865351676941,
        0.928115963935852,
        0.9297622442245483,
        0.9320964217185974,
        0.9333889484405518,
        0.9353119134902954,
        0.937200129032135,
        0.9379317760467529,
        0.9395796060562134,
        0.9401949048042297,
        0.9406211972236633,
        0.9397640228271484,
        0.9410309195518494,
        0.9414738416671753,
        0.9422417879104614,
        0.9426771998405457,
        0.9414284825325012,
        0.9427180290222168,
        0.9435222744941711,
        0.9434194564819336,
        0.9429508447647095,
        0.9429069757461548,
        0.9440181255340576,
        0.9437082409858704,
        0.94404536485672,
        0.9449931979179382,
        0.9441632628440857,
        0.9436628818511963,
        0.9451428651809692,
        0.9431307315826416,
        0.9443658590316772,
        0.9450703263282776,
        0.9450370669364929,
        0.9411624073982239,
        0.9445003867149353,
        0.94552081823349,
        0.945371150970459,
        0.9455692172050476
    ]
}