{
  "timestamp": "2026-04-22T16:49:59.109504",
  "metric_name": "weighted_bkg_rej",
  "bkg_rej_weights": {
    "0.95": 0.1,
    "0.98": 0.7,
    "0.99": 0.2
  },
  "total_models": 148,
  "primary_pareto_models": 7,
  "secondary_pareto_models": 7,
  "primary_metric_range": {
    "min": 0.0,
    "max": 0.8497467807136098,
    "mean": 0.7353662664269754
  },
  "parameters_range": {
    "min": 363,
    "max": 17865,
    "mean": 5610.851351351352
  },
  "auc_range": {
    "min": 0.36735655210856566,
    "max": 0.9559019122608982,
    "mean": 0.9036978958582859
  }
}