{
    "input_bits": 4,
    "input_int_bits": 3,
    "spatial_units": 64,
    "nmodule_xlocal_units": 12,
    "dense2_ratio": 0.6000000000000001,
    "dense3_ratio": 0.4,
    "dropout_rate": 0.05,
    "learning_rate": 0.0003781383962816197
}