{
    "input_bits": 10,
    "input_int_bits": 3,
    "spatial_units": 24,
    "nmodule_xlocal_units": 2,
    "dense2_ratio": 0.6000000000000001,
    "dense3_ratio": 0.2,
    "dropout_rate": 0.0,
    "learning_rate": 0.007962196754828312
}