{"test_loss": 0.15705418586730957, "test_accuracy": 0.9504491686820984, "roc_auc": 0.9782706134114947, "fpr": [0.0, 2.425087530503054e-05, 3.637631295754581e-05, 5.15331100231899e-05, 7.881534474134926e-05, 0.00017885020537460023, 0.000782090728587235, 0.0019825090561862465, 0.0036255058581020658, 0.005501917334828804, 0.007378328811555542, 0.009297179320066084, 0.011140245843248405, 0.013062127711172076, 0.015011291813813905, 0.016805856586386166, 0.01877017748609364, 0.020643557603407248, 0.022456310532458282, 0.02420237355442048, 0.02593934249814329, 0.02748836715825212, 0.029116207163102294, 0.030595510556709157, 0.03185352471315762, 0.033217636449065585, 0.03442108613607772, 0.03553056368128287, 0.03660063355411734, 0.037576731285144827, 0.038434605999060276, 0.03928338663473635, 0.0402776725222426, 0.04110523364202677, 0.04203282962244419, 0.04282401442927081, 0.04356063476666111, 0.04420025160283129, 0.04496415417493975, 0.04571289994998257, 0.046364642223805264, 0.047049729451172376, 0.04771662852206072, 0.04831077496703397, 0.0488927959743547, 0.04948997377874108, 0.05002349303545175, 0.05056307501098868, 0.05108750018945996, 0.05163920760264941, 0.05218182093759947, 0.05275777922609394, 0.05325189081043394, 0.05381269230186277, 0.054367431074465344, 0.054825166345847796, 0.05526168210133835, 0.05571638601330767, 0.05622565439471331, 0.056647013353138216, 0.057150219015717596, 0.05760189156827379, 0.0580444700425906, 0.058496142595146794, 0.058953877866529246, 0.05934795459023599, 0.059784470345726544, 0.060181578428846416, 0.06058474923079255, 0.06093941828212862, 0.06137593403761917, 0.06178213619897843, 0.06222471467329524, 0.06263091683465451, 0.06300377404246935, 0.06339481940676296, 0.06385255467814542, 0.0642405686830259, 0.0646619276414508, 0.06502872213043939, 0.06541673613531988, 0.06580475014020037, 0.06622004637979902, 0.06657168407172197, 0.0669324158418843, 0.06729921033087288, 0.06763872258514331, 0.06794488988586932, 0.06830865301544478, 0.06871182381739091, 0.0691210573381633, 0.0695211967806963, 0.06984858359731422, 0.07020931536747654, 0.07056398441881262, 0.07090349667308304, 0.07132182427209482, 0.07169165012049654, 0.07206450732831138, 0.07238886278551616, 0.07269199872682905, 0.07309516952877518, 0.07344377586128499, 0.07380147627203419, 0.0741713021204359, 0.07453203389059825, 0.07483820119132426, 0.07516861936735529, 0.07549903754338633, 0.07581429892235172, 0.0761477484577959, 0.0764842293526532, 0.07687224335753369, 0.07715415978295466, 0.07744820164602816, 0.07775133758734104, 0.07810600663867712, 0.07846673840883944, 0.07884868969489367, 0.07926701729390545, 0.07956409051639207, 0.07994604180244631, 0.08027645997847735, 0.0806402231080528, 0.08093123361171317, 0.08125255770950483, 0.08156781908847023, 0.08192551949921943, 0.08223471815935857, 0.08257119905421587, 0.08295011898085697, 0.08330478803219303, 0.08369886475589979, 0.08403837701017021, 0.08443851645270321, 0.08479924822286554, 0.08513572911772284, 0.08544795913727511, 0.0857723145944799, 0.08618457947466542, 0.08654531124482774, 0.08694848204677387, 0.08731224517634933, 0.08776391772890553, 0.08806402231080528, 0.08846113039392516, 0.08883095624232687, 0.08912499810540037, 0.08950088667262834, 0.0898646498022038, 0.09030419691710748, 0.09066189732785668, 0.09105597405156342, 0.09144095669703078, 0.09180775118601937, 0.09222607878503114, 0.09268078269700047, 0.09305970262364158, 0.09350531245737151, 0.0939357654940358, 0.09430862270185064, 0.0947663579732331, 0.09522106188520242, 0.09567273443775862, 0.09609712475559665, 0.09650332691695591, 0.09691559179714143, 0.09737029570911075, 0.09773709019809934, 0.09825242129833124, 0.0987010624914743, 0.09921336223229307, 0.0996680661442624, 0.1001318641344711, 0.10059869348409294, 0.1011200873031511, 0.101635418403383, 0.10217500037891993, 0.1027721781833063, 0.1032966033617776, 0.10379980902435697, 0.10430604604634948, 0.10479409491186323, 0.10533367688740015, 0.10592479197296027, 0.10657350288736984, 0.10718280612940874, 0.10782848568440517, 0.10847719659881473, 0.10914409566970308, 0.1098200888188308, 0.11046576837382724, 0.1111023538505843, 0.11177834699971202, 0.1125119359776892, 0.11319096048623005, 0.11387907907301029, 0.11458235445685618, 0.11522500265243948, 0.11596768570865605, 0.11679221546902709, 0.11753792988465678, 0.11829880109735211, 0.11914758173302818, 0.11990845294572351, 0.12069963775255013, 0.12157570062294436, 0.12245176349333858, 0.12334298316079846, 0.12419479515588766, 0.12510117162041318, 0.12605908119496187, 0.12691089319005108, 0.12791730451520986, 0.1289540294344999, 0.12992709580611425, 0.13099110296012248, 0.13201873380117313, 0.13304333328281068, 0.13416493626566833, 0.13521681798202403, 0.13612622580596268, 0.1373084559770829, 0.13851796838292132, 0.13969110447580219, 0.14075208027039726, 0.1417978992679267, 0.14293769040726315, 0.1440289797959895, 0.14527486851478547, 0.14650560043651575, 0.14766357973233096, 0.14880640223108052, 0.15011291813813904, 0.15133758734104308, 0.15259560149749155, 0.1539566818739864, 0.15521469603043486, 0.15659699592282159, 0.15791866862694576, 0.1593343134728769, 0.16080149142883127, 0.16228079482243812, 0.1638480076390257, 0.16536671870500325, 0.16700971550691907, 0.16851326977583098, 0.17017142337481245, 0.1719447686314928, 0.17376964699819633, 0.1754490201130697, 0.1773527138245146, 0.1792139685041757, 0.1809600315261379, 0.18275156493929703, 0.18468557224487323, 1.0],