
****** Vitis HLS - High-Level Synthesis from C, C++ and OpenCL v2024.1 (64-bit)
  **** SW Build 5069499 on May 21 2024
  **** IP Build 5075265 on Wed May 22 21:45:21 MDT 2024
  **** SharedData Build 5076995 on Wed May 22 18:29:18 MDT 2024
  **** Start of session at: Tue Aug 11 06:37:43 2026
    ** Copyright 1986-2022 Xilinx, Inc. All Rights Reserved.
    ** Copyright 2022-2024 Advanced Micro Devices, Inc. All Rights Reserved.

source /code/Xilinx_2024.1/Vitis_HLS/2024.1/scripts/vitis_hls/hls.tcl -notrace
INFO: [HLS 200-10] For user 'dabadjiev' on host 'kdplab01' (Linux_x86_64 version 5.14.0-687.17.1.el9_8.x86_64) on Tue Aug 11 06:37:45 CDT 2026
INFO: [HLS 200-10] In directory '/home/dabadjiev/smartpixels_ml_dsabadjiev/Muon_Collider_Smart_Pixels/eric/Results_June2026_99SigEff/model2.5_fin_results/model2_5_6bit_normalised_selected/pareto_secondary/hls_outputs_vsynth/hls_model_trial_022'
WARNING: [HLS 200-2053] The vitis_hls executable is deprecated. Consider using vitis-run --mode hls --tcl
Sourcing Tcl script 'build_prj.tcl'
INFO: hls4ml requested max HLS threads: 4
INFO: [HLS 200-1510] Running: open_project -reset myproject_prj 
INFO: [HLS 200-10] Creating and opening project '/home/dabadjiev/smartpixels_ml_dsabadjiev/Muon_Collider_Smart_Pixels/eric/Results_June2026_99SigEff/model2.5_fin_results/model2_5_6bit_normalised_selected/pareto_secondary/hls_outputs_vsynth/hls_model_trial_022/myproject_prj'.
INFO: [HLS 200-1510] Running: set_top myproject 
INFO: [HLS 200-1510] Running: add_files firmware/myproject.cpp -cflags -std=c++0x 
INFO: [HLS 200-10] Adding design file 'firmware/myproject.cpp' to the project
INFO: [HLS 200-1510] Running: add_files -tb myproject_test.cpp -cflags -std=c++0x 
INFO: [HLS 200-10] Adding test bench file 'myproject_test.cpp' to the project
INFO: [HLS 200-1510] Running: add_files -tb firmware/weights 
INFO: [HLS 200-10] Adding test bench file 'firmware/weights' to the project
INFO: [HLS 200-1510] Running: add_files -tb tb_data 
INFO: [HLS 200-10] Adding test bench file 'tb_data' to the project
INFO: [HLS 200-1510] Running: open_solution -reset solution1 
INFO: [HLS 200-10] Creating and opening solution '/home/dabadjiev/smartpixels_ml_dsabadjiev/Muon_Collider_Smart_Pixels/eric/Results_June2026_99SigEff/model2.5_fin_results/model2_5_6bit_normalised_selected/pareto_secondary/hls_outputs_vsynth/hls_model_trial_022/myproject_prj/solution1'.
INFO: [HLS 200-10] Cleaning up the solution database.
INFO: [HLS 200-1505] Using default flow_target 'vivado'
Resolution: For help on HLS 200-1505 see docs.xilinx.com/access/sources/dita/topic?Doc_Version=2024.1%20English&url=ug1448-hls-guidance&resourceid=200-1505.html
INFO: [HLS 200-1510] Running: config_compile -name_max_length 80 
INFO: [XFORM 203-1161] The maximum of name length is set to 80.
INFO: [HLS 200-1510] Running: set_part xc7z020clg400-1 
INFO: [HLS 200-1611] Setting target device to 'xc7z020-clg400-1'
INFO: [XFORM 203-1161] The maximum of name length is set to 80.
INFO: [HLS 200-1510] Running: config_schedule -enable_dsp_full_reg=false 
INFO: [HLS 200-1510] Running: create_clock -period 20 -name default 
INFO: [SYN 201-201] Setting up clock 'default' with a period of 20ns.
INFO: [HLS 200-1510] Running: set_clock_uncertainty 12.5% default 
INFO: [SYN 201-201] Setting up clock 'default' with an uncertainty of 2.5ns.
***** C/RTL SYNTHESIS *****
INFO: [HLS 200-1510] Running: config_op mul -impl fabric 
INFO: [HLS 200-1445] Configure operator 'mul' with implementation style 'fabric'.
INFO: [HLS 200-1510] Running: config_op add -impl fabric 
INFO: [HLS 200-1445] Configure operator 'add' with implementation style 'fabric'.
INFO: [HLS 200-1510] Running: csynth_design 
INFO: [HLS 200-111] Finished File checks and directory preparation: CPU user time: 0.07 seconds. CPU system time: 0.01 seconds. Elapsed time: 0.09 seconds; current allocated memory: 333.207 MB.
INFO: [HLS 200-10] Analyzing design file 'firmware/myproject.cpp' ... 
WARNING: [HLS 207-5292] unused parameter 'keep' (firmware/nnet_utils/nnet_helpers.h:285:99)
WARNING: [HLS 207-5292] unused parameter 'data' (firmware/nnet_utils/nnet_code_gen.h:11:36)
WARNING: [HLS 207-5292] unused parameter 'buffer' (firmware/nnet_utils/nnet_code_gen.h:12:36)
WARNING: [HLS 207-5292] unused parameter 'partition' (firmware/nnet_utils/nnet_code_gen.h:13:44)
WARNING: [HLS 207-5292] unused parameter 'data' (firmware/nnet_utils/nnet_code_gen.h:21:24)
WARNING: [HLS 207-5292] unused parameter 'buffer' (firmware/nnet_utils/nnet_code_gen.h:22:24)
WARNING: [HLS 207-5292] unused parameter 'partition' (firmware/nnet_utils/nnet_code_gen.h:23:32)
INFO: [HLS 200-111] Finished Source Code Analysis and Preprocessing: CPU user time: 8.6 seconds. CPU system time: 1.28 seconds. Elapsed time: 10.73 seconds; current allocated memory: 340.031 MB.
INFO: [HLS 200-777] Using interface defaults for 'Vivado' flow target.
INFO: [HLS 200-1995] There were 10,157 instructions in the design after the 'Compile/Link' phase of compilation. See the Design Size Report for more details: /home/dabadjiev/smartpixels_ml_dsabadjiev/Muon_Collider_Smart_Pixels/eric/Results_June2026_99SigEff/model2.5_fin_results/model2_5_6bit_normalised_selected/pareto_secondary/hls_outputs_vsynth/hls_model_trial_022/myproject_prj/solution1/syn/report/csynth_design_size.rpt
INFO: [HLS 200-1995] There were 20,193 instructions in the design after the 'Unroll/Inline (step 1)' phase of compilation. See the Design Size Report for more details: /home/dabadjiev/smartpixels_ml_dsabadjiev/Muon_Collider_Smart_Pixels/eric/Results_June2026_99SigEff/model2.5_fin_results/model2_5_6bit_normalised_selected/pareto_secondary/hls_outputs_vsynth/hls_model_trial_022/myproject_prj/solution1/syn/report/csynth_design_size.rpt
INFO: [HLS 200-1995] There were 9,102 instructions in the design after the 'Unroll/Inline (step 2)' phase of compilation. See the Design Size Report for more details: /home/dabadjiev/smartpixels_ml_dsabadjiev/Muon_Collider_Smart_Pixels/eric/Results_June2026_99SigEff/model2.5_fin_results/model2_5_6bit_normalised_selected/pareto_secondary/hls_outputs_vsynth/hls_model_trial_022/myproject_prj/solution1/syn/report/csynth_design_size.rpt
INFO: [HLS 200-1995] There were 7,038 instructions in the design after the 'Unroll/Inline (step 3)' phase of compilation. See the Design Size Report for more details: /home/dabadjiev/smartpixels_ml_dsabadjiev/Muon_Collider_Smart_Pixels/eric/Results_June2026_99SigEff/model2.5_fin_results/model2_5_6bit_normalised_selected/pareto_secondary/hls_outputs_vsynth/hls_model_trial_022/myproject_prj/solution1/syn/report/csynth_design_size.rpt
INFO: [HLS 200-1995] There were 6,182 instructions in the design after the 'Unroll/Inline (step 4)' phase of compilation. See the Design Size Report for more details: /home/dabadjiev/smartpixels_ml_dsabadjiev/Muon_Collider_Smart_Pixels/eric/Results_June2026_99SigEff/model2.5_fin_results/model2_5_6bit_normalised_selected/pareto_secondary/hls_outputs_vsynth/hls_model_trial_022/myproject_prj/solution1/syn/report/csynth_design_size.rpt
INFO: [HLS 200-1995] There were 6,064 instructions in the design after the 'Array/Struct (step 1)' phase of compilation. See the Design Size Report for more details: /home/dabadjiev/smartpixels_ml_dsabadjiev/Muon_Collider_Smart_Pixels/eric/Results_June2026_99SigEff/model2.5_fin_results/model2_5_6bit_normalised_selected/pareto_secondary/hls_outputs_vsynth/hls_model_trial_022/myproject_prj/solution1/syn/report/csynth_design_size.rpt
INFO: [HLS 200-1995] There were 6,027 instructions in the design after the 'Array/Struct (step 2)' phase of compilation. See the Design Size Report for more details: /home/dabadjiev/smartpixels_ml_dsabadjiev/Muon_Collider_Smart_Pixels/eric/Results_June2026_99SigEff/model2.5_fin_results/model2_5_6bit_normalised_selected/pareto_secondary/hls_outputs_vsynth/hls_model_trial_022/myproject_prj/solution1/syn/report/csynth_design_size.rpt
INFO: [HLS 200-1995] There were 6,027 instructions in the design after the 'Array/Struct (step 3)' phase of compilation. See the Design Size Report for more details: /home/dabadjiev/smartpixels_ml_dsabadjiev/Muon_Collider_Smart_Pixels/eric/Results_June2026_99SigEff/model2.5_fin_results/model2_5_6bit_normalised_selected/pareto_secondary/hls_outputs_vsynth/hls_model_trial_022/myproject_prj/solution1/syn/report/csynth_design_size.rpt
INFO: [HLS 200-1995] There were 6,098 instructions in the design after the 'Array/Struct (step 4)' phase of compilation. See the Design Size Report for more details: /home/dabadjiev/smartpixels_ml_dsabadjiev/Muon_Collider_Smart_Pixels/eric/Results_June2026_99SigEff/model2.5_fin_results/model2_5_6bit_normalised_selected/pareto_secondary/hls_outputs_vsynth/hls_model_trial_022/myproject_prj/solution1/syn/report/csynth_design_size.rpt
INFO: [HLS 200-1995] There were 6,037 instructions in the design after the 'Array/Struct (step 5)' phase of compilation. See the Design Size Report for more details: /home/dabadjiev/smartpixels_ml_dsabadjiev/Muon_Collider_Smart_Pixels/eric/Results_June2026_99SigEff/model2.5_fin_results/model2_5_6bit_normalised_selected/pareto_secondary/hls_outputs_vsynth/hls_model_trial_022/myproject_prj/solution1/syn/report/csynth_design_size.rpt
INFO: [HLS 200-1995] There were 6,037 instructions in the design after the 'Performance (step 1)' phase of compilation. See the Design Size Report for more details: /home/dabadjiev/smartpixels_ml_dsabadjiev/Muon_Collider_Smart_Pixels/eric/Results_June2026_99SigEff/model2.5_fin_results/model2_5_6bit_normalised_selected/pareto_secondary/hls_outputs_vsynth/hls_model_trial_022/myproject_prj/solution1/syn/report/csynth_design_size.rpt
INFO: [HLS 200-1995] There were 5,990 instructions in the design after the 'Performance (step 2)' phase of compilation. See the Design Size Report for more details: /home/dabadjiev/smartpixels_ml_dsabadjiev/Muon_Collider_Smart_Pixels/eric/Results_June2026_99SigEff/model2.5_fin_results/model2_5_6bit_normalised_selected/pareto_secondary/hls_outputs_vsynth/hls_model_trial_022/myproject_prj/solution1/syn/report/csynth_design_size.rpt
INFO: [HLS 200-1995] There were 5,990 instructions in the design after the 'Performance (step 3)' phase of compilation. See the Design Size Report for more details: /home/dabadjiev/smartpixels_ml_dsabadjiev/Muon_Collider_Smart_Pixels/eric/Results_June2026_99SigEff/model2.5_fin_results/model2_5_6bit_normalised_selected/pareto_secondary/hls_outputs_vsynth/hls_model_trial_022/myproject_prj/solution1/syn/report/csynth_design_size.rpt
INFO: [HLS 200-1995] There were 5,990 instructions in the design after the 'Performance (step 4)' phase of compilation. See the Design Size Report for more details: /home/dabadjiev/smartpixels_ml_dsabadjiev/Muon_Collider_Smart_Pixels/eric/Results_June2026_99SigEff/model2.5_fin_results/model2_5_6bit_normalised_selected/pareto_secondary/hls_outputs_vsynth/hls_model_trial_022/myproject_prj/solution1/syn/report/csynth_design_size.rpt
INFO: [HLS 200-1995] There were 6,390 instructions in the design after the 'HW Transforms (step 1)' phase of compilation. See the Design Size Report for more details: /home/dabadjiev/smartpixels_ml_dsabadjiev/Muon_Collider_Smart_Pixels/eric/Results_June2026_99SigEff/model2.5_fin_results/model2_5_6bit_normalised_selected/pareto_secondary/hls_outputs_vsynth/hls_model_trial_022/myproject_prj/solution1/syn/report/csynth_design_size.rpt
INFO: [HLS 200-1995] There were 6,438 instructions in the design after the 'HW Transforms (step 2)' phase of compilation. See the Design Size Report for more details: /home/dabadjiev/smartpixels_ml_dsabadjiev/Muon_Collider_Smart_Pixels/eric/Results_June2026_99SigEff/model2.5_fin_results/model2_5_6bit_normalised_selected/pareto_secondary/hls_outputs_vsynth/hls_model_trial_022/myproject_prj/solution1/syn/report/csynth_design_size.rpt
INFO: [HLS 214-415] Performing recursive inline in function 'nnet::dense_resource<ap_fixed<16, 6, (ap_q_mode)5, (ap_o_mode)3, 0>, ap_fixed<16, 6, (ap_q_mode)5, (ap_o_mode)3, 0>, config14>' (firmware/nnet_utils/nnet_dense_resource.h:237:9)
INFO: [HLS 214-415] Performing recursive inline in function 'nnet::dense_resource<ap_fixed<16, 6, (ap_q_mode)5, (ap_o_mode)3, 0>, ap_fixed<16, 6, (ap_q_mode)5, (ap_o_mode)3, 0>, config16>' (firmware/nnet_utils/nnet_dense_resource.h:237:9)
INFO: [HLS 214-415] Performing recursive inline in function 'nnet::dense_resource<ap_fixed<16, 6, (ap_q_mode)5, (ap_o_mode)3, 0>, ap_fixed<16, 6, (ap_q_mode)5, (ap_o_mode)3, 0>, config21>' (firmware/nnet_utils/nnet_dense_resource.h:237:9)
INFO: [HLS 214-415] Performing recursive inline in function 'nnet::dense_resource<ap_ufixed<8, 0, (ap_q_mode)4, (ap_o_mode)0, 0>, ap_fixed<16, 6, (ap_q_mode)5, (ap_o_mode)3, 0>, config24>' (firmware/nnet_utils/nnet_dense_resource.h:237:9)
INFO: [HLS 214-415] Performing recursive inline in function 'nnet::dense_resource<ap_ufixed<8, 0, (ap_q_mode)4, (ap_o_mode)0, 0>, ap_fixed<16, 6, (ap_q_mode)5, (ap_o_mode)3, 0>, config27>' (firmware/nnet_utils/nnet_dense_resource.h:237:9)
WARNING: [HLS 214-273] In function 'void nnet::dense<ap_fixed<16, 6, (ap_q_mode)5, (ap_o_mode)3, 0>, ap_fixed<16, 6, (ap_q_mode)5, (ap_o_mode)3, 0>, config14>(ap_fixed<16, 6, (ap_q_mode)5, (ap_o_mode)3, 0>*, ap_fixed<16, 6, (ap_q_mode)5, (ap_o_mode)3, 0>*, config14::weight_t*, config14::bias_t*)', Pragma conflict happens on 'INLINE' and DATAFLOW pragmas: Inline into dataflow region may break the canonical form (firmware/nnet_utils/nnet_dense.h:38:0)
WARNING: [HLS 214-273] In function 'void nnet::dense<ap_fixed<16, 6, (ap_q_mode)5, (ap_o_mode)3, 0>, ap_fixed<16, 6, (ap_q_mode)5, (ap_o_mode)3, 0>, config16>(ap_fixed<16, 6, (ap_q_mode)5, (ap_o_mode)3, 0>*, ap_fixed<16, 6, (ap_q_mode)5, (ap_o_mode)3, 0>*, config16::weight_t*, config16::bias_t*)', Pragma conflict happens on 'INLINE' and DATAFLOW pragmas: Inline into dataflow region may break the canonical form (firmware/nnet_utils/nnet_dense.h:38:0)
WARNING: [HLS 214-273] In function 'void nnet::dense<ap_fixed<16, 6, (ap_q_mode)5, (ap_o_mode)3, 0>, ap_fixed<16, 6, (ap_q_mode)5, (ap_o_mode)3, 0>, config21>(ap_fixed<16, 6, (ap_q_mode)5, (ap_o_mode)3, 0>*, ap_fixed<16, 6, (ap_q_mode)5, (ap_o_mode)3, 0>*, config21::weight_t*, config21::bias_t*)', Pragma conflict happens on 'INLINE' and DATAFLOW pragmas: Inline into dataflow region may break the canonical form (firmware/nnet_utils/nnet_dense.h:38:0)
WARNING: [HLS 214-273] In function 'void nnet::dense<ap_ufixed<8, 0, (ap_q_mode)4, (ap_o_mode)0, 0>, ap_fixed<16, 6, (ap_q_mode)5, (ap_o_mode)3, 0>, config24>(ap_ufixed<8, 0, (ap_q_mode)4, (ap_o_mode)0, 0>*, ap_fixed<16, 6, (ap_q_mode)5, (ap_o_mode)3, 0>*, config24::weight_t*, config24::bias_t*)', Pragma conflict happens on 'INLINE' and DATAFLOW pragmas: Inline into dataflow region may break the canonical form (firmware/nnet_utils/nnet_dense.h:38:0)
WARNING: [HLS 214-273] In function 'void nnet::dense<ap_ufixed<8, 0, (ap_q_mode)4, (ap_o_mode)0, 0>, ap_fixed<16, 6, (ap_q_mode)5, (ap_o_mode)3, 0>, config27>(ap_ufixed<8, 0, (ap_q_mode)4, (ap_o_mode)0, 0>*, ap_fixed<16, 6, (ap_q_mode)5, (ap_o_mode)3, 0>*, config27::weight_t*, config27::bias_t*)', Pragma conflict happens on 'INLINE' and DATAFLOW pragmas: Inline into dataflow region may break the canonical form (firmware/nnet_utils/nnet_dense.h:38:0)
INFO: [HLS 214-131] Inlining function 'std::enable_if<!(std::is_same<ap_fixed<16, 6, (ap_q_mode)5, (ap_o_mode)3, 0>, ap_uint<1> >::value), ap_fixed<16, 6, (ap_q_mode)5, (ap_o_mode)3, 0> >::type nnet::cast<ap_fixed<16, 6, (ap_q_mode)5, (ap_o_mode)3, 0>, ap_fixed<16, 6, (ap_q_mode)5, (ap_o_mode)3, 0>, config14>(config14::accum_t) (.45)' into 'void nnet::dense_resource_rf_leq_nin<ap_fixed<16, 6, (ap_q_mode)5, (ap_o_mode)3, 0>, ap_fixed<16, 6, (ap_q_mode)5, (ap_o_mode)3, 0>, config14>(ap_fixed<16, 6, (ap_q_mode)5, (ap_o_mode)3, 0>*, ap_fixed<16, 6, (ap_q_mode)5, (ap_o_mode)3, 0>*, config14::weight_t*, config14::bias_t*) (.44)' (firmware/nnet_utils/nnet_dense_resource.h:76:14)
INFO: [HLS 214-131] Inlining function 'nnet::product::mult<ap_fixed<16, 6, (ap_q_mode)5, (ap_o_mode)3, 0>, ap_fixed<6, 1, (ap_q_mode)5, (ap_o_mode)3, 0> >::product(ap_fixed<16, 6, (ap_q_mode)5, (ap_o_mode)3, 0>, ap_fixed<6, 1, (ap_q_mode)5, (ap_o_mode)3, 0>) (.37)' into 'void nnet::dense_resource_rf_leq_nin<ap_fixed<16, 6, (ap_q_mode)5, (ap_o_mode)3, 0>, ap_fixed<16, 6, (ap_q_mode)5, (ap_o_mode)3, 0>, config14>(ap_fixed<16, 6, (ap_q_mode)5, (ap_o_mode)3, 0>*, ap_fixed<16, 6, (ap_q_mode)5, (ap_o_mode)3, 0>*, config14::weight_t*, config14::bias_t*) (.44)' (firmware/nnet_utils/nnet_dense_resource.h:54:17)
INFO: [HLS 214-131] Inlining function 'void nnet::dense_resource_rf_leq_nin<ap_fixed<16, 6, (ap_q_mode)5, (ap_o_mode)3, 0>, ap_fixed<16, 6, (ap_q_mode)5, (ap_o_mode)3, 0>, config14>(ap_fixed<16, 6, (ap_q_mode)5, (ap_o_mode)3, 0>*, ap_fixed<16, 6, (ap_q_mode)5, (ap_o_mode)3, 0>*, config14::weight_t*, config14::bias_t*) (.44)' into 'void nnet::dense_resource<ap_fixed<16, 6, (ap_q_mode)5, (ap_o_mode)3, 0>, ap_fixed<16, 6, (ap_q_mode)5, (ap_o_mode)3, 0>, config14>(ap_fixed<16, 6, (ap_q_mode)5, (ap_o_mode)3, 0>*, ap_fixed<16, 6, (ap_q_mode)5, (ap_o_mode)3, 0>*, config14::weight_t*, config14::bias_t*)' (firmware/nnet_utils/nnet_dense_resource.h:240:9)
INFO: [HLS 214-131] Inlining function 'std::enable_if<!(std::is_same<ap_fixed<16, 6, (ap_q_mode)5, (ap_o_mode)3, 0>, ap_uint<1> >::value), ap_fixed<16, 6, (ap_q_mode)5, (ap_o_mode)3, 0> >::type nnet::cast<ap_fixed<16, 6, (ap_q_mode)5, (ap_o_mode)3, 0>, ap_fixed<16, 6, (ap_q_mode)5, (ap_o_mode)3, 0>, config16>(config16::accum_t) (.43)' into 'void nnet::dense_resource_rf_gt_nin_rem0<ap_fixed<16, 6, (ap_q_mode)5, (ap_o_mode)3, 0>, ap_fixed<16, 6, (ap_q_mode)5, (ap_o_mode)3, 0>, config16>(ap_fixed<16, 6, (ap_q_mode)5, (ap_o_mode)3, 0>*, ap_fixed<16, 6, (ap_q_mode)5, (ap_o_mode)3, 0>*, config16::weight_t*, config16::bias_t*) (.42)' (firmware/nnet_utils/nnet_dense_resource.h:151:14)
INFO: [HLS 214-131] Inlining function 'nnet::product::mult<ap_fixed<16, 6, (ap_q_mode)5, (ap_o_mode)3, 0>, ap_fixed<6, 1, (ap_q_mode)5, (ap_o_mode)3, 0> >::product(ap_fixed<16, 6, (ap_q_mode)5, (ap_o_mode)3, 0>, ap_fixed<6, 1, (ap_q_mode)5, (ap_o_mode)3, 0>) (.37)' into 'void nnet::dense_resource_rf_gt_nin_rem0<ap_fixed<16, 6, (ap_q_mode)5, (ap_o_mode)3, 0>, ap_fixed<16, 6, (ap_q_mode)5, (ap_o_mode)3, 0>, config16>(ap_fixed<16, 6, (ap_q_mode)5, (ap_o_mode)3, 0>*, ap_fixed<16, 6, (ap_q_mode)5, (ap_o_mode)3, 0>*, config16::weight_t*, config16::bias_t*) (.42)' (firmware/nnet_utils/nnet_dense_resource.h:134:17)
INFO: [HLS 214-131] Inlining function 'void nnet::dense_resource_rf_gt_nin_rem0<ap_fixed<16, 6, (ap_q_mode)5, (ap_o_mode)3, 0>, ap_fixed<16, 6, (ap_q_mode)5, (ap_o_mode)3, 0>, config16>(ap_fixed<16, 6, (ap_q_mode)5, (ap_o_mode)3, 0>*, ap_fixed<16, 6, (ap_q_mode)5, (ap_o_mode)3, 0>*, config16::weight_t*, config16::bias_t*) (.42)' into 'void nnet::dense_resource<ap_fixed<16, 6, (ap_q_mode)5, (ap_o_mode)3, 0>, ap_fixed<16, 6, (ap_q_mode)5, (ap_o_mode)3, 0>, config16>(ap_fixed<16, 6, (ap_q_mode)5, (ap_o_mode)3, 0>*, ap_fixed<16, 6, (ap_q_mode)5, (ap_o_mode)3, 0>*, config16::weight_t*, config16::bias_t*)' (firmware/nnet_utils/nnet_dense_resource.h:242:9)
INFO: [HLS 214-131] Inlining function 'std::enable_if<!(std::is_same<ap_fixed<16, 6, (ap_q_mode)5, (ap_o_mode)3, 0>, ap_uint<1> >::value), ap_fixed<16, 6, (ap_q_mode)5, (ap_o_mode)3, 0> >::type nnet::cast<ap_fixed<16, 6, (ap_q_mode)5, (ap_o_mode)3, 0>, ap_fixed<16, 6, (ap_q_mode)5, (ap_o_mode)3, 0>, config21>(config21::accum_t) (.32)' into 'void nnet::dense_resource_rf_leq_nin<ap_fixed<16, 6, (ap_q_mode)5, (ap_o_mode)3, 0>, ap_fixed<16, 6, (ap_q_mode)5, (ap_o_mode)3, 0>, config21>(ap_fixed<16, 6, (ap_q_mode)5, (ap_o_mode)3, 0>*, ap_fixed<16, 6, (ap_q_mode)5, (ap_o_mode)3, 0>*, config21::weight_t*, config21::bias_t*) (.31)' (firmware/nnet_utils/nnet_dense_resource.h:76:14)
INFO: [HLS 214-131] Inlining function 'nnet::product::mult<ap_fixed<16, 6, (ap_q_mode)5, (ap_o_mode)3, 0>, ap_fixed<6, 1, (ap_q_mode)5, (ap_o_mode)3, 0> >::product(ap_fixed<16, 6, (ap_q_mode)5, (ap_o_mode)3, 0>, ap_fixed<6, 1, (ap_q_mode)5, (ap_o_mode)3, 0>) (.37)' into 'void nnet::dense_resource_rf_leq_nin<ap_fixed<16, 6, (ap_q_mode)5, (ap_o_mode)3, 0>, ap_fixed<16, 6, (ap_q_mode)5, (ap_o_mode)3, 0>, config21>(ap_fixed<16, 6, (ap_q_mode)5, (ap_o_mode)3, 0>*, ap_fixed<16, 6, (ap_q_mode)5, (ap_o_mode)3, 0>*, config21::weight_t*, config21::bias_t*) (.31)' (firmware/nnet_utils/nnet_dense_resource.h:54:17)
INFO: [HLS 214-131] Inlining function 'void nnet::dense_resource_rf_leq_nin<ap_fixed<16, 6, (ap_q_mode)5, (ap_o_mode)3, 0>, ap_fixed<16, 6, (ap_q_mode)5, (ap_o_mode)3, 0>, config21>(ap_fixed<16, 6, (ap_q_mode)5, (ap_o_mode)3, 0>*, ap_fixed<16, 6, (ap_q_mode)5, (ap_o_mode)3, 0>*, config21::weight_t*, config21::bias_t*) (.31)' into 'void nnet::dense_resource<ap_fixed<16, 6, (ap_q_mode)5, (ap_o_mode)3, 0>, ap_fixed<16, 6, (ap_q_mode)5, (ap_o_mode)3, 0>, config21>(ap_fixed<16, 6, (ap_q_mode)5, (ap_o_mode)3, 0>*, ap_fixed<16, 6, (ap_q_mode)5, (ap_o_mode)3, 0>*, config21::weight_t*, config21::bias_t*)' (firmware/nnet_utils/nnet_dense_resource.h:240:9)
INFO: [HLS 214-131] Inlining function 'std::enable_if<!(std::is_same<ap_ufixed<8, 0, (ap_q_mode)4, (ap_o_mode)0, 0>, ap_uint<1> >::value), ap_fixed<16, 6, (ap_q_mode)5, (ap_o_mode)3, 0> >::type nnet::cast<ap_ufixed<8, 0, (ap_q_mode)4, (ap_o_mode)0, 0>, ap_fixed<16, 6, (ap_q_mode)5, (ap_o_mode)3, 0>, config24>(config24::accum_t) (.30)' into 'void nnet::dense_resource_rf_leq_nin<ap_ufixed<8, 0, (ap_q_mode)4, (ap_o_mode)0, 0>, ap_fixed<16, 6, (ap_q_mode)5, (ap_o_mode)3, 0>, config24>(ap_ufixed<8, 0, (ap_q_mode)4, (ap_o_mode)0, 0>*, ap_fixed<16, 6, (ap_q_mode)5, (ap_o_mode)3, 0>*, config24::weight_t*, config24::bias_t*) (.29)' (firmware/nnet_utils/nnet_dense_resource.h:76:14)
INFO: [HLS 214-131] Inlining function 'nnet::product::mult<ap_ufixed<8, 0, (ap_q_mode)4, (ap_o_mode)0, 0>, ap_fixed<6, 1, (ap_q_mode)5, (ap_o_mode)3, 0> >::product(ap_ufixed<8, 0, (ap_q_mode)4, (ap_o_mode)0, 0>, ap_fixed<6, 1, (ap_q_mode)5, (ap_o_mode)3, 0>) (.20)' into 'void nnet::dense_resource_rf_leq_nin<ap_ufixed<8, 0, (ap_q_mode)4, (ap_o_mode)0, 0>, ap_fixed<16, 6, (ap_q_mode)5, (ap_o_mode)3, 0>, config24>(ap_ufixed<8, 0, (ap_q_mode)4, (ap_o_mode)0, 0>*, ap_fixed<16, 6, (ap_q_mode)5, (ap_o_mode)3, 0>*, config24::weight_t*, config24::bias_t*) (.29)' (firmware/nnet_utils/nnet_dense_resource.h:54:17)
INFO: [HLS 214-131] Inlining function 'void nnet::dense_resource_rf_leq_nin<ap_ufixed<8, 0, (ap_q_mode)4, (ap_o_mode)0, 0>, ap_fixed<16, 6, (ap_q_mode)5, (ap_o_mode)3, 0>, config24>(ap_ufixed<8, 0, (ap_q_mode)4, (ap_o_mode)0, 0>*, ap_fixed<16, 6, (ap_q_mode)5, (ap_o_mode)3, 0>*, config24::weight_t*, config24::bias_t*) (.29)' into 'void nnet::dense_resource<ap_ufixed<8, 0, (ap_q_mode)4, (ap_o_mode)0, 0>, ap_fixed<16, 6, (ap_q_mode)5, (ap_o_mode)3, 0>, config24>(ap_ufixed<8, 0, (ap_q_mode)4, (ap_o_mode)0, 0>*, ap_fixed<16, 6, (ap_q_mode)5, (ap_o_mode)3, 0>*, config24::weight_t*, config24::bias_t*)' (firmware/nnet_utils/nnet_dense_resource.h:240:9)
INFO: [HLS 214-131] Inlining function 'std::enable_if<!(std::is_same<ap_ufixed<8, 0, (ap_q_mode)4, (ap_o_mode)0, 0>, ap_uint<1> >::value), ap_fixed<16, 6, (ap_q_mode)5, (ap_o_mode)3, 0> >::type nnet::cast<ap_ufixed<8, 0, (ap_q_mode)4, (ap_o_mode)0, 0>, ap_fixed<16, 6, (ap_q_mode)5, (ap_o_mode)3, 0>, config27>(config27::accum_t) (.2)' into 'void nnet::dense_resource_rf_leq_nin<ap_ufixed<8, 0, (ap_q_mode)4, (ap_o_mode)0, 0>, ap_fixed<16, 6, (ap_q_mode)5, (ap_o_mode)3, 0>, config27>(ap_ufixed<8, 0, (ap_q_mode)4, (ap_o_mode)0, 0>*, ap_fixed<16, 6, (ap_q_mode)5, (ap_o_mode)3, 0>*, config27::weight_t*, config27::bias_t*) (.1)' (firmware/nnet_utils/nnet_dense_resource.h:76:14)
INFO: [HLS 214-131] Inlining function 'nnet::product::mult<ap_ufixed<8, 0, (ap_q_mode)4, (ap_o_mode)0, 0>, ap_fixed<6, 1, (ap_q_mode)5, (ap_o_mode)3, 0> >::product(ap_ufixed<8, 0, (ap_q_mode)4, (ap_o_mode)0, 0>, ap_fixed<6, 1, (ap_q_mode)5, (ap_o_mode)3, 0>) (.20)' into 'void nnet::dense_resource_rf_leq_nin<ap_ufixed<8, 0, (ap_q_mode)4, (ap_o_mode)0, 0>, ap_fixed<16, 6, (ap_q_mode)5, (ap_o_mode)3, 0>, config27>(ap_ufixed<8, 0, (ap_q_mode)4, (ap_o_mode)0, 0>*, ap_fixed<16, 6, (ap_q_mode)5, (ap_o_mode)3, 0>*, config27::weight_t*, config27::bias_t*) (.1)' (firmware/nnet_utils/nnet_dense_resource.h:54:17)
INFO: [HLS 214-131] Inlining function 'void nnet::dense_resource_rf_leq_nin<ap_ufixed<8, 0, (ap_q_mode)4, (ap_o_mode)0, 0>, ap_fixed<16, 6, (ap_q_mode)5, (ap_o_mode)3, 0>, config27>(ap_ufixed<8, 0, (ap_q_mode)4, (ap_o_mode)0, 0>*, ap_fixed<16, 6, (ap_q_mode)5, (ap_o_mode)3, 0>*, config27::weight_t*, config27::bias_t*) (.1)' into 'void nnet::dense_resource<ap_ufixed<8, 0, (ap_q_mode)4, (ap_o_mode)0, 0>, ap_fixed<16, 6, (ap_q_mode)5, (ap_o_mode)3, 0>, config27>(ap_ufixed<8, 0, (ap_q_mode)4, (ap_o_mode)0, 0>*, ap_fixed<16, 6, (ap_q_mode)5, (ap_o_mode)3, 0>*, config27::weight_t*, config27::bias_t*)' (firmware/nnet_utils/nnet_dense_resource.h:240:9)
INFO: [HLS 214-131] Inlining function 'void nnet::dense<ap_fixed<16, 6, (ap_q_mode)5, (ap_o_mode)3, 0>, ap_fixed<16, 6, (ap_q_mode)5, (ap_o_mode)3, 0>, config14>(ap_fixed<16, 6, (ap_q_mode)5, (ap_o_mode)3, 0>*, ap_fixed<16, 6, (ap_q_mode)5, (ap_o_mode)3, 0>*, config14::weight_t*, config14::bias_t*)' into 'myproject(ap_fixed<16, 6, (ap_q_mode)5, (ap_o_mode)3, 0>*, ap_fixed<16, 6, (ap_q_mode)5, (ap_o_mode)3, 0>*, ap_fixed<16, 6, (ap_q_mode)5, (ap_o_mode)3, 0>*, ap_fixed<16, 6, (ap_q_mode)5, (ap_o_mode)3, 0>*, ap_fixed<16, 6, (ap_q_mode)5, (ap_o_mode)3, 0>*, ap_ufixed<8, 0, (ap_q_mode)4, (ap_o_mode)0, 0>*, ap_fixed<6, 1, (ap_q_mode)5, (ap_o_mode)3, 0>*, ap_fixed<6, 1, (ap_q_mode)5, (ap_o_mode)3, 0>*, ap_fixed<6, 1, (ap_q_mode)5, (ap_o_mode)3, 0>*, ap_fixed<6, 1, (ap_q_mode)5, (ap_o_mode)3, 0>*, ap_fixed<6, 1, (ap_q_mode)5, (ap_o_mode)3, 0>*, ap_fixed<6, 1, (ap_q_mode)5, (ap_o_mode)3, 0>*, ap_fixed<6, 1, (ap_q_mode)5, (ap_o_mode)3, 0>*, ap_fixed<6, 1, (ap_q_mode)5, (ap_o_mode)3, 0>*, ap_fixed<6, 1, (ap_q_mode)5, (ap_o_mode)3, 0>*, ap_fixed<6, 1, (ap_q_mode)5, (ap_o_mode)3, 0>*)' (firmware/myproject.cpp:89:2)
INFO: [HLS 214-131] Inlining function 'void nnet::dense<ap_fixed<16, 6, (ap_q_mode)5, (ap_o_mode)3, 0>, ap_fixed<16, 6, (ap_q_mode)5, (ap_o_mode)3, 0>, config16>(ap_fixed<16, 6, (ap_q_mode)5, (ap_o_mode)3, 0>*, ap_fixed<16, 6, (ap_q_mode)5, (ap_o_mode)3, 0>*, config16::weight_t*, config16::bias_t*)' into 'myproject(ap_fixed<16, 6, (ap_q_mode)5, (ap_o_mode)3, 0>*, ap_fixed<16, 6, (ap_q_mode)5, (ap_o_mode)3, 0>*, ap_fixed<16, 6, (ap_q_mode)5, (ap_o_mode)3, 0>*, ap_fixed<16, 6, (ap_q_mode)5, (ap_o_mode)3, 0>*, ap_fixed<16, 6, (ap_q_mode)5, (ap_o_mode)3, 0>*, ap_ufixed<8, 0, (ap_q_mode)4, (ap_o_mode)0, 0>*, ap_fixed<6, 1, (ap_q_mode)5, (ap_o_mode)3, 0>*, ap_fixed<6, 1, (ap_q_mode)5, (ap_o_mode)3, 0>*, ap_fixed<6, 1, (ap_q_mode)5, (ap_o_mode)3, 0>*, ap_fixed<6, 1, (ap_q_mode)5, (ap_o_mode)3, 0>*, ap_fixed<6, 1, (ap_q_mode)5, (ap_o_mode)3, 0>*, ap_fixed<6, 1, (ap_q_mode)5, (ap_o_mode)3, 0>*, ap_fixed<6, 1, (ap_q_mode)5, (ap_o_mode)3, 0>*, ap_fixed<6, 1, (ap_q_mode)5, (ap_o_mode)3, 0>*, ap_fixed<6, 1, (ap_q_mode)5, (ap_o_mode)3, 0>*, ap_fixed<6, 1, (ap_q_mode)5, (ap_o_mode)3, 0>*)' (firmware/myproject.cpp:93:2)
INFO: [HLS 214-131] Inlining function 'void nnet::dense<ap_fixed<16, 6, (ap_q_mode)5, (ap_o_mode)3, 0>, ap_fixed<16, 6, (ap_q_mode)5, (ap_o_mode)3, 0>, config21>(ap_fixed<16, 6, (ap_q_mode)5, (ap_o_mode)3, 0>*, ap_fixed<16, 6, (ap_q_mode)5, (ap_o_mode)3, 0>*, config21::weight_t*, config21::bias_t*)' into 'myproject(ap_fixed<16, 6, (ap_q_mode)5, (ap_o_mode)3, 0>*, ap_fixed<16, 6, (ap_q_mode)5, (ap_o_mode)3, 0>*, ap_fixed<16, 6, (ap_q_mode)5, (ap_o_mode)3, 0>*, ap_fixed<16, 6, (ap_q_mode)5, (ap_o_mode)3, 0>*, ap_fixed<16, 6, (ap_q_mode)5, (ap_o_mode)3, 0>*, ap_ufixed<8, 0, (ap_q_mode)4, (ap_o_mode)0, 0>*, ap_fixed<6, 1, (ap_q_mode)5, (ap_o_mode)3, 0>*, ap_fixed<6, 1, (ap_q_mode)5, (ap_o_mode)3, 0>*, ap_fixed<6, 1, (ap_q_mode)5, (ap_o_mode)3, 0>*, ap_fixed<6, 1, (ap_q_mode)5, (ap_o_mode)3, 0>*, ap_fixed<6, 1, (ap_q_mode)5, (ap_o_mode)3, 0>*, ap_fixed<6, 1, (ap_q_mode)5, (ap_o_mode)3, 0>*, ap_fixed<6, 1, (ap_q_mode)5, (ap_o_mode)3, 0>*, ap_fixed<6, 1, (ap_q_mode)5, (ap_o_mode)3, 0>*, ap_fixed<6, 1, (ap_q_mode)5, (ap_o_mode)3, 0>*, ap_fixed<6, 1, (ap_q_mode)5, (ap_o_mode)3, 0>*)' (firmware/myproject.cpp:109:2)
INFO: [HLS 214-131] Inlining function 'void nnet::dense<ap_ufixed<8, 0, (ap_q_mode)4, (ap_o_mode)0, 0>, ap_fixed<16, 6, (ap_q_mode)5, (ap_o_mode)3, 0>, config24>(ap_ufixed<8, 0, (ap_q_mode)4, (ap_o_mode)0, 0>*, ap_fixed<16, 6, (ap_q_mode)5, (ap_o_mode)3, 0>*, config24::weight_t*, config24::bias_t*)' into 'myproject(ap_fixed<16, 6, (ap_q_mode)5, (ap_o_mode)3, 0>*, ap_fixed<16, 6, (ap_q_mode)5, (ap_o_mode)3, 0>*, ap_fixed<16, 6, (ap_q_mode)5, (ap_o_mode)3, 0>*, ap_fixed<16, 6, (ap_q_mode)5, (ap_o_mode)3, 0>*, ap_fixed<16, 6, (ap_q_mode)5, (ap_o_mode)3, 0>*, ap_ufixed<8, 0, (ap_q_mode)4, (ap_o_mode)0, 0>*, ap_fixed<6, 1, (ap_q_mode)5, (ap_o_mode)3, 0>*, ap_fixed<6, 1, (ap_q_mode)5, (ap_o_mode)3, 0>*, ap_fixed<6, 1, (ap_q_mode)5, (ap_o_mode)3, 0>*, ap_fixed<6, 1, (ap_q_mode)5, (ap_o_mode)3, 0>*, ap_fixed<6, 1, (ap_q_mode)5, (ap_o_mode)3, 0>*, ap_fixed<6, 1, (ap_q_mode)5, (ap_o_mode)3, 0>*, ap_fixed<6, 1, (ap_q_mode)5, (ap_o_mode)3, 0>*, ap_fixed<6, 1, (ap_q_mode)5, (ap_o_mode)3, 0>*, ap_fixed<6, 1, (ap_q_mode)5, (ap_o_mode)3, 0>*, ap_fixed<6, 1, (ap_q_mode)5, (ap_o_mode)3, 0>*)' (firmware/myproject.cpp:117:2)
INFO: [HLS 214-131] Inlining function 'void nnet::dense<ap_ufixed<8, 0, (ap_q_mode)4, (ap_o_mode)0, 0>, ap_fixed<16, 6, (ap_q_mode)5, (ap_o_mode)3, 0>, config27>(ap_ufixed<8, 0, (ap_q_mode)4, (ap_o_mode)0, 0>*, ap_fixed<16, 6, (ap_q_mode)5, (ap_o_mode)3, 0>*, config27::weight_t*, config27::bias_t*)' into 'myproject(ap_fixed<16, 6, (ap_q_mode)5, (ap_o_mode)3, 0>*, ap_fixed<16, 6, (ap_q_mode)5, (ap_o_mode)3, 0>*, ap_fixed<16, 6, (ap_q_mode)5, (ap_o_mode)3, 0>*, ap_fixed<16, 6, (ap_q_mode)5, (ap_o_mode)3, 0>*, ap_fixed<16, 6, (ap_q_mode)5, (ap_o_mode)3, 0>*, ap_ufixed<8, 0, (ap_q_mode)4, (ap_o_mode)0, 0>*, ap_fixed<6, 1, (ap_q_mode)5, (ap_o_mode)3, 0>*, ap_fixed<6, 1, (ap_q_mode)5, (ap_o_mode)3, 0>*, ap_fixed<6, 1, (ap_q_mode)5, (ap_o_mode)3, 0>*, ap_fixed<6, 1, (ap_q_mode)5, (ap_o_mode)3, 0>*, ap_fixed<6, 1, (ap_q_mode)5, (ap_o_mode)3, 0>*, ap_fixed<6, 1, (ap_q_mode)5, (ap_o_mode)3, 0>*, ap_fixed<6, 1, (ap_q_mode)5, (ap_o_mode)3, 0>*, ap_fixed<6, 1, (ap_q_mode)5, (ap_o_mode)3, 0>*, ap_fixed<6, 1, (ap_q_mode)5, (ap_o_mode)3, 0>*, ap_fixed<6, 1, (ap_q_mode)5, (ap_o_mode)3, 0>*)' (firmware/myproject.cpp:125:2)
INFO: [HLS 214-291] Loop 'VITIS_LOOP_451_1' is marked as complete unroll implied by the pipeline pragma (firmware/nnet_utils/nnet_activation.h:451:20)
INFO: [HLS 214-291] Loop 'MultLoop' is marked as complete unroll implied by the pipeline pragma (firmware/nnet_utils/nnet_dense_resource.h:50:9)
INFO: [HLS 214-291] Loop 'VITIS_LOOP_43_1' is marked as complete unroll implied by the pipeline pragma (firmware/nnet_utils/nnet_activation.h:43:22)
INFO: [HLS 214-291] Loop 'VITIS_LOOP_122_2' is marked as complete unroll implied by the pipeline pragma (firmware/nnet_utils/nnet_merge.h:122:23)
INFO: [HLS 214-291] Loop 'VITIS_LOOP_119_1' is marked as complete unroll implied by the pipeline pragma (firmware/nnet_utils/nnet_merge.h:119:20)
INFO: [HLS 214-291] Loop 'MultLoop' is marked as complete unroll implied by the pipeline pragma (firmware/nnet_utils/nnet_dense_resource.h:130:9)
INFO: [HLS 214-291] Loop 'VITIS_LOOP_31_1' is marked as complete unroll implied by the pipeline pragma (firmware/nnet_utils/nnet_activation.h:31:19)
INFO: [HLS 214-186] Unrolling loop 'VITIS_LOOP_451_1' (firmware/nnet_utils/nnet_activation.h:451:20) in function 'nnet::hard_sigmoid<ap_fixed<16, 6, (ap_q_mode)5, (ap_o_mode)3, 0>, ap_ufixed<8, 0, (ap_q_mode)4, (ap_o_mode)0, 0>, hard_sigmoid_config29>' completely with a factor of 1 (firmware/nnet_utils/nnet_activation.h:448:0)
INFO: [HLS 214-186] Unrolling loop 'Result' (firmware/nnet_utils/nnet_dense_resource.h:74:5) in function 'nnet::dense_resource<ap_ufixed<8, 0, (ap_q_mode)4, (ap_o_mode)0, 0>, ap_fixed<16, 6, (ap_q_mode)5, (ap_o_mode)3, 0>, config27>' completely with a factor of 1 (firmware/nnet_utils/nnet_dense_resource.h:235:0)
INFO: [HLS 214-186] Unrolling loop 'MultLoop' (firmware/nnet_utils/nnet_dense_resource.h:50:9) in function 'nnet::dense_resource<ap_ufixed<8, 0, (ap_q_mode)4, (ap_o_mode)0, 0>, ap_fixed<16, 6, (ap_q_mode)5, (ap_o_mode)3, 0>, config27>' completely with a factor of 1 (firmware/nnet_utils/nnet_dense_resource.h:235:0)
INFO: [HLS 214-186] Unrolling loop 'InitAccum' (firmware/nnet_utils/nnet_dense_resource.h:36:5) in function 'nnet::dense_resource<ap_ufixed<8, 0, (ap_q_mode)4, (ap_o_mode)0, 0>, ap_fixed<16, 6, (ap_q_mode)5, (ap_o_mode)3, 0>, config27>' completely with a factor of 1 (firmware/nnet_utils/nnet_dense_resource.h:235:0)
INFO: [HLS 214-186] Unrolling loop 'VITIS_LOOP_43_1' (firmware/nnet_utils/nnet_activation.h:43:22) in function 'nnet::relu<ap_fixed<16, 6, (ap_q_mode)5, (ap_o_mode)3, 0>, ap_ufixed<8, 0, (ap_q_mode)4, (ap_o_mode)0, 0>, relu_config26>' completely with a factor of 4 (firmware/nnet_utils/nnet_activation.h:39:0)
INFO: [HLS 214-186] Unrolling loop 'Result' (firmware/nnet_utils/nnet_dense_resource.h:74:5) in function 'nnet::dense_resource<ap_ufixed<8, 0, (ap_q_mode)4, (ap_o_mode)0, 0>, ap_fixed<16, 6, (ap_q_mode)5, (ap_o_mode)3, 0>, config24>' completely with a factor of 4 (firmware/nnet_utils/nnet_dense_resource.h:235:0)
INFO: [HLS 214-186] Unrolling loop 'MultLoop' (firmware/nnet_utils/nnet_dense_resource.h:50:9) in function 'nnet::dense_resource<ap_ufixed<8, 0, (ap_q_mode)4, (ap_o_mode)0, 0>, ap_fixed<16, 6, (ap_q_mode)5, (ap_o_mode)3, 0>, config24>' completely with a factor of 4 (firmware/nnet_utils/nnet_dense_resource.h:235:0)
INFO: [HLS 214-186] Unrolling loop 'InitAccum' (firmware/nnet_utils/nnet_dense_resource.h:36:5) in function 'nnet::dense_resource<ap_ufixed<8, 0, (ap_q_mode)4, (ap_o_mode)0, 0>, ap_fixed<16, 6, (ap_q_mode)5, (ap_o_mode)3, 0>, config24>' completely with a factor of 4 (firmware/nnet_utils/nnet_dense_resource.h:235:0)
INFO: [HLS 214-186] Unrolling loop 'VITIS_LOOP_43_1' (firmware/nnet_utils/nnet_activation.h:43:22) in function 'nnet::relu<ap_fixed<16, 6, (ap_q_mode)5, (ap_o_mode)3, 0>, ap_ufixed<8, 0, (ap_q_mode)4, (ap_o_mode)0, 0>, relu_config23>' completely with a factor of 12 (firmware/nnet_utils/nnet_activation.h:39:0)
INFO: [HLS 214-186] Unrolling loop 'Result' (firmware/nnet_utils/nnet_dense_resource.h:74:5) in function 'nnet::dense_resource<ap_fixed<16, 6, (ap_q_mode)5, (ap_o_mode)3, 0>, ap_fixed<16, 6, (ap_q_mode)5, (ap_o_mode)3, 0>, config21>' completely with a factor of 12 (firmware/nnet_utils/nnet_dense_resource.h:235:0)
INFO: [HLS 214-186] Unrolling loop 'MultLoop' (firmware/nnet_utils/nnet_dense_resource.h:50:9) in function 'nnet::dense_resource<ap_fixed<16, 6, (ap_q_mode)5, (ap_o_mode)3, 0>, ap_fixed<16, 6, (ap_q_mode)5, (ap_o_mode)3, 0>, config21>' completely with a factor of 24 (firmware/nnet_utils/nnet_dense_resource.h:235:0)
INFO: [HLS 214-186] Unrolling loop 'InitAccum' (firmware/nnet_utils/nnet_dense_resource.h:36:5) in function 'nnet::dense_resource<ap_fixed<16, 6, (ap_q_mode)5, (ap_o_mode)3, 0>, ap_fixed<16, 6, (ap_q_mode)5, (ap_o_mode)3, 0>, config21>' completely with a factor of 12 (firmware/nnet_utils/nnet_dense_resource.h:235:0)
INFO: [HLS 214-186] Unrolling loop 'VITIS_LOOP_122_2' (firmware/nnet_utils/nnet_merge.h:122:23) in function 'nnet::concatenate1d<ap_ufixed<8, 0, (ap_q_mode)4, (ap_o_mode)0, 0>, ap_ufixed<8, 0, (ap_q_mode)4, (ap_o_mode)0, 0>, ap_fixed<16, 6, (ap_q_mode)5, (ap_o_mode)3, 0>, config20>' completely with a factor of 6 (firmware/nnet_utils/nnet_merge.h:116:0)
INFO: [HLS 214-186] Unrolling loop 'VITIS_LOOP_119_1' (firmware/nnet_utils/nnet_merge.h:119:20) in function 'nnet::concatenate1d<ap_ufixed<8, 0, (ap_q_mode)4, (ap_o_mode)0, 0>, ap_ufixed<8, 0, (ap_q_mode)4, (ap_o_mode)0, 0>, ap_fixed<16, 6, (ap_q_mode)5, (ap_o_mode)3, 0>, config20>' completely with a factor of 24 (firmware/nnet_utils/nnet_merge.h:116:0)
INFO: [HLS 214-186] Unrolling loop 'VITIS_LOOP_43_1' (firmware/nnet_utils/nnet_activation.h:43:22) in function 'nnet::relu<ap_fixed<16, 6, (ap_q_mode)5, (ap_o_mode)3, 0>, ap_ufixed<8, 0, (ap_q_mode)4, (ap_o_mode)0, 0>, relu_config19>' completely with a factor of 6 (firmware/nnet_utils/nnet_activation.h:39:0)
INFO: [HLS 214-186] Unrolling loop 'VITIS_LOOP_43_1' (firmware/nnet_utils/nnet_activation.h:43:22) in function 'nnet::relu<ap_fixed<16, 6, (ap_q_mode)5, (ap_o_mode)3, 0>, ap_ufixed<8, 0, (ap_q_mode)4, (ap_o_mode)0, 0>, relu_config18>' completely with a factor of 24 (firmware/nnet_utils/nnet_activation.h:39:0)
INFO: [HLS 214-186] Unrolling loop 'Result' (firmware/nnet_utils/nnet_dense_resource.h:149:5) in function 'nnet::dense_resource<ap_fixed<16, 6, (ap_q_mode)5, (ap_o_mode)3, 0>, ap_fixed<16, 6, (ap_q_mode)5, (ap_o_mode)3, 0>, config16>' completely with a factor of 6 (firmware/nnet_utils/nnet_dense_resource.h:235:0)
INFO: [HLS 214-186] Unrolling loop 'MultLoop' (firmware/nnet_utils/nnet_dense_resource.h:130:9) in function 'nnet::dense_resource<ap_fixed<16, 6, (ap_q_mode)5, (ap_o_mode)3, 0>, ap_fixed<16, 6, (ap_q_mode)5, (ap_o_mode)3, 0>, config16>' completely with a factor of 1 (firmware/nnet_utils/nnet_dense_resource.h:235:0)
INFO: [HLS 214-186] Unrolling loop 'InitAccum' (firmware/nnet_utils/nnet_dense_resource.h:104:5) in function 'nnet::dense_resource<ap_fixed<16, 6, (ap_q_mode)5, (ap_o_mode)3, 0>, ap_fixed<16, 6, (ap_q_mode)5, (ap_o_mode)3, 0>, config16>' completely with a factor of 6 (firmware/nnet_utils/nnet_dense_resource.h:235:0)
INFO: [HLS 214-186] Unrolling loop 'Result' (firmware/nnet_utils/nnet_dense_resource.h:74:5) in function 'nnet::dense_resource<ap_fixed<16, 6, (ap_q_mode)5, (ap_o_mode)3, 0>, ap_fixed<16, 6, (ap_q_mode)5, (ap_o_mode)3, 0>, config14>' completely with a factor of 24 (firmware/nnet_utils/nnet_dense_resource.h:235:0)
INFO: [HLS 214-186] Unrolling loop 'MultLoop' (firmware/nnet_utils/nnet_dense_resource.h:50:9) in function 'nnet::dense_resource<ap_fixed<16, 6, (ap_q_mode)5, (ap_o_mode)3, 0>, ap_fixed<16, 6, (ap_q_mode)5, (ap_o_mode)3, 0>, config14>' completely with a factor of 120 (firmware/nnet_utils/nnet_dense_resource.h:235:0)
INFO: [HLS 214-186] Unrolling loop 'InitAccum' (firmware/nnet_utils/nnet_dense_resource.h:36:5) in function 'nnet::dense_resource<ap_fixed<16, 6, (ap_q_mode)5, (ap_o_mode)3, 0>, ap_fixed<16, 6, (ap_q_mode)5, (ap_o_mode)3, 0>, config14>' completely with a factor of 24 (firmware/nnet_utils/nnet_dense_resource.h:235:0)
INFO: [HLS 214-186] Unrolling loop 'VITIS_LOOP_122_2' (firmware/nnet_utils/nnet_merge.h:122:23) in function 'nnet::concatenate1d<ap_fixed<8, 1, (ap_q_mode)4, (ap_o_mode)0, 0>, ap_fixed<8, 1, (ap_q_mode)4, (ap_o_mode)0, 0>, ap_fixed<16, 6, (ap_q_mode)5, (ap_o_mode)3, 0>, config13>' completely with a factor of 1 (firmware/nnet_utils/nnet_merge.h:116:0)
INFO: [HLS 214-186] Unrolling loop 'VITIS_LOOP_119_1' (firmware/nnet_utils/nnet_merge.h:119:20) in function 'nnet::concatenate1d<ap_fixed<8, 1, (ap_q_mode)4, (ap_o_mode)0, 0>, ap_fixed<8, 1, (ap_q_mode)4, (ap_o_mode)0, 0>, ap_fixed<16, 6, (ap_q_mode)5, (ap_o_mode)3, 0>, config13>' completely with a factor of 1 (firmware/nnet_utils/nnet_merge.h:116:0)
INFO: [HLS 214-186] Unrolling loop 'VITIS_LOOP_122_2' (firmware/nnet_utils/nnet_merge.h:122:23) in function 'nnet::concatenate1d<ap_fixed<16, 6, (ap_q_mode)5, (ap_o_mode)3, 0>, ap_fixed<8, 1, (ap_q_mode)4, (ap_o_mode)0, 0>, ap_fixed<16, 6, (ap_q_mode)5, (ap_o_mode)3, 0>, config12>' completely with a factor of 1 (firmware/nnet_utils/nnet_merge.h:116:0)
INFO: [HLS 214-186] Unrolling loop 'VITIS_LOOP_119_1' (firmware/nnet_utils/nnet_merge.h:119:20) in function 'nnet::concatenate1d<ap_fixed<16, 6, (ap_q_mode)5, (ap_o_mode)3, 0>, ap_fixed<8, 1, (ap_q_mode)4, (ap_o_mode)0, 0>, ap_fixed<16, 6, (ap_q_mode)5, (ap_o_mode)3, 0>, config12>' completely with a factor of 34 (firmware/nnet_utils/nnet_merge.h:116:0)
INFO: [HLS 214-186] Unrolling loop 'VITIS_LOOP_31_1' (firmware/nnet_utils/nnet_activation.h:31:19) in function 'nnet::linear<ap_fixed<16, 6, (ap_q_mode)5, (ap_o_mode)3, 0>, ap_fixed<8, 1, (ap_q_mode)4, (ap_o_mode)0, 0>, linear_config11>' completely with a factor of 1 (firmware/nnet_utils/nnet_activation.h:28:0)
INFO: [HLS 214-186] Unrolling loop 'VITIS_LOOP_31_1' (firmware/nnet_utils/nnet_activation.h:31:19) in function 'nnet::linear<ap_fixed<16, 6, (ap_q_mode)5, (ap_o_mode)3, 0>, ap_fixed<8, 1, (ap_q_mode)4, (ap_o_mode)0, 0>, linear_config10>' completely with a factor of 1 (firmware/nnet_utils/nnet_activation.h:28:0)
INFO: [HLS 214-186] Unrolling loop 'VITIS_LOOP_31_1' (firmware/nnet_utils/nnet_activation.h:31:19) in function 'nnet::linear<ap_fixed<16, 6, (ap_q_mode)5, (ap_o_mode)3, 0>, ap_fixed<8, 1, (ap_q_mode)4, (ap_o_mode)0, 0>, linear_config9>' completely with a factor of 1 (firmware/nnet_utils/nnet_activation.h:28:0)
INFO: [HLS 214-186] Unrolling loop 'VITIS_LOOP_122_2' (firmware/nnet_utils/nnet_merge.h:122:23) in function 'nnet::concatenate1d<ap_fixed<8, 1, (ap_q_mode)4, (ap_o_mode)0, 0>, ap_fixed<8, 1, (ap_q_mode)4, (ap_o_mode)0, 0>, ap_fixed<16, 6, (ap_q_mode)5, (ap_o_mode)3, 0>, config8>' completely with a factor of 13 (firmware/nnet_utils/nnet_merge.h:116:0)
INFO: [HLS 214-186] Unrolling loop 'VITIS_LOOP_119_1' (firmware/nnet_utils/nnet_merge.h:119:20) in function 'nnet::concatenate1d<ap_fixed<8, 1, (ap_q_mode)4, (ap_o_mode)0, 0>, ap_fixed<8, 1, (ap_q_mode)4, (ap_o_mode)0, 0>, ap_fixed<16, 6, (ap_q_mode)5, (ap_o_mode)3, 0>, config8>' completely with a factor of 21 (firmware/nnet_utils/nnet_merge.h:116:0)
INFO: [HLS 214-186] Unrolling loop 'VITIS_LOOP_31_1' (firmware/nnet_utils/nnet_activation.h:31:19) in function 'nnet::linear<ap_fixed<16, 6, (ap_q_mode)5, (ap_o_mode)3, 0>, ap_fixed<8, 1, (ap_q_mode)4, (ap_o_mode)0, 0>, linear_config4>' completely with a factor of 13 (firmware/nnet_utils/nnet_activation.h:28:0)
INFO: [HLS 214-186] Unrolling loop 'VITIS_LOOP_31_1' (firmware/nnet_utils/nnet_activation.h:31:19) in function 'nnet::linear<ap_fixed<16, 6, (ap_q_mode)5, (ap_o_mode)3, 0>, ap_fixed<8, 1, (ap_q_mode)4, (ap_o_mode)0, 0>, linear_config3>' completely with a factor of 21 (firmware/nnet_utils/nnet_activation.h:28:0)
WARNING: [HLS 214-167] The program may have out of bound array access on variable 'weights' (firmware/nnet_utils/nnet_mult.h:70:36)
INFO: [HLS 214-248] Applying array_partition to 'acc.i': Complete partitioning on dimension 1. (firmware/nnet_utils/nnet_dense_resource.h:100:29)
INFO: [HLS 214-248] Applying array_partition to 'layer3_out': Complete partitioning on dimension 1. (firmware/myproject.cpp:55:11)
INFO: [HLS 214-248] Applying array_partition to 'layer4_out': Complete partitioning on dimension 1. (firmware/myproject.cpp:59:14)
INFO: [HLS 214-248] Applying array_partition to 'layer8_out': Complete partitioning on dimension 1. (firmware/myproject.cpp:63:14)
INFO: [HLS 214-248] Applying array_partition to 'layer9_out': Complete partitioning on dimension 1. (firmware/myproject.cpp:67:14)
INFO: [HLS 214-248] Applying array_partition to 'layer10_out': Complete partitioning on dimension 1. (firmware/myproject.cpp:71:15)
INFO: [HLS 214-248] Applying array_partition to 'layer11_out': Complete partitioning on dimension 1. (firmware/myproject.cpp:75:15)
INFO: [HLS 214-248] Applying array_partition to 'layer12_out': Complete partitioning on dimension 1. (firmware/myproject.cpp:79:15)
INFO: [HLS 214-248] Applying array_partition to 'layer13_out': Complete partitioning on dimension 1. (firmware/myproject.cpp:83:15)
INFO: [HLS 214-248] Applying array_partition to 'layer14_out': Complete partitioning on dimension 1. (firmware/myproject.cpp:87:15)
INFO: [HLS 214-248] Applying array_partition to 'layer16_out': Complete partitioning on dimension 1. (firmware/myproject.cpp:91:15)
INFO: [HLS 214-248] Applying array_partition to 'layer18_out': Complete partitioning on dimension 1. (firmware/myproject.cpp:95:15)
INFO: [HLS 214-248] Applying array_partition to 'layer19_out': Complete partitioning on dimension 1. (firmware/myproject.cpp:99:15)
INFO: [HLS 214-248] Applying array_partition to 'layer20_out': Complete partitioning on dimension 1. (firmware/myproject.cpp:103:15)
INFO: [HLS 214-248] Applying array_partition to 'layer21_out': Complete partitioning on dimension 1. (firmware/myproject.cpp:107:15)
INFO: [HLS 214-248] Applying array_partition to 'layer23_out': Complete partitioning on dimension 1. (firmware/myproject.cpp:111:15)
INFO: [HLS 214-248] Applying array_partition to 'layer24_out': Complete partitioning on dimension 1. (firmware/myproject.cpp:115:15)
INFO: [HLS 214-248] Applying array_partition to 'layer26_out': Complete partitioning on dimension 1. (firmware/myproject.cpp:119:15)
INFO: [HLS 214-248] Applying array_partition to 'layer27_out': Complete partitioning on dimension 1. (firmware/myproject.cpp:123:15)
INFO: [HLS 214-248] Applying array_partition to 'layer29_out': Complete partitioning on dimension 1. (firmware/myproject.cpp:19:0)
INFO: [HLS 214-248] Applying array_partition to 'b14': Complete partitioning on dimension 1. (firmware/myproject.cpp:19:0)
INFO: [HLS 214-248] Applying array_partition to 'b16': Complete partitioning on dimension 1. (firmware/myproject.cpp:19:0)
INFO: [HLS 214-248] Applying array_partition to 'b21': Complete partitioning on dimension 1. (firmware/myproject.cpp:19:0)
INFO: [HLS 214-248] Applying array_partition to 'b24': Complete partitioning on dimension 1. (firmware/myproject.cpp:19:0)
INFO: [HLS 214-248] Applying array_partition to 'b27': Complete partitioning on dimension 1. (firmware/myproject.cpp:19:0)
INFO: [HLS 214-248] Applying array_reshape to 'x_profile': Complete reshaping on dimension 1. (firmware/myproject.cpp:19:0)
INFO: [HLS 214-248] Applying array_reshape to 'nModule': Complete reshaping on dimension 1. (firmware/myproject.cpp:19:0)
INFO: [HLS 214-248] Applying array_reshape to 'x_local': Complete reshaping on dimension 1. (firmware/myproject.cpp:19:0)
INFO: [HLS 214-248] Applying array_reshape to 'y_profile': Complete reshaping on dimension 1. (firmware/myproject.cpp:19:0)
INFO: [HLS 214-248] Applying array_reshape to 'y_local': Complete reshaping on dimension 1. (firmware/myproject.cpp:19:0)
INFO: [HLS 214-354] Changing the port bit width of top function 'myproject(ap_fixed<16, 6, (ap_q_mode)5, (ap_o_mode)3, 0>*, ap_fixed<16, 6, (ap_q_mode)5, (ap_o_mode)3, 0>*, ap_fixed<16, 6, (ap_q_mode)5, (ap_o_mode)3, 0>*, ap_fixed<16, 6, (ap_q_mode)5, (ap_o_mode)3, 0>*, ap_fixed<16, 6, (ap_q_mode)5, (ap_o_mode)3, 0>*, ap_ufixed<8, 0, (ap_q_mode)4, (ap_o_mode)0, 0>*, ap_fixed<6, 1, (ap_q_mode)5, (ap_o_mode)3, 0>*, ap_fixed<6, 1, (ap_q_mode)5, (ap_o_mode)3, 0>*, ap_fixed<6, 1, (ap_q_mode)5, (ap_o_mode)3, 0>*, ap_fixed<6, 1, (ap_q_mode)5, (ap_o_mode)3, 0>*, ap_fixed<6, 1, (ap_q_mode)5, (ap_o_mode)3, 0>*, ap_fixed<6, 1, (ap_q_mode)5, (ap_o_mode)3, 0>*, ap_fixed<6, 1, (ap_q_mode)5, (ap_o_mode)3, 0>*, ap_fixed<6, 1, (ap_q_mode)5, (ap_o_mode)3, 0>*, ap_fixed<6, 1, (ap_q_mode)5, (ap_o_mode)3, 0>*, ap_fixed<6, 1, (ap_q_mode)5, (ap_o_mode)3, 0>*)' argument 'w14': from '6' to '8' due to access pattern. (firmware/myproject.cpp:19:0)
INFO: [HLS 214-354] Changing the port bit width of top function 'myproject(ap_fixed<16, 6, (ap_q_mode)5, (ap_o_mode)3, 0>*, ap_fixed<16, 6, (ap_q_mode)5, (ap_o_mode)3, 0>*, ap_fixed<16, 6, (ap_q_mode)5, (ap_o_mode)3, 0>*, ap_fixed<16, 6, (ap_q_mode)5, (ap_o_mode)3, 0>*, ap_fixed<16, 6, (ap_q_mode)5, (ap_o_mode)3, 0>*, ap_ufixed<8, 0, (ap_q_mode)4, (ap_o_mode)0, 0>*, ap_fixed<6, 1, (ap_q_mode)5, (ap_o_mode)3, 0>*, ap_fixed<6, 1, (ap_q_mode)5, (ap_o_mode)3, 0>*, ap_fixed<6, 1, (ap_q_mode)5, (ap_o_mode)3, 0>*, ap_fixed<6, 1, (ap_q_mode)5, (ap_o_mode)3, 0>*, ap_fixed<6, 1, (ap_q_mode)5, (ap_o_mode)3, 0>*, ap_fixed<6, 1, (ap_q_mode)5, (ap_o_mode)3, 0>*, ap_fixed<6, 1, (ap_q_mode)5, (ap_o_mode)3, 0>*, ap_fixed<6, 1, (ap_q_mode)5, (ap_o_mode)3, 0>*, ap_fixed<6, 1, (ap_q_mode)5, (ap_o_mode)3, 0>*, ap_fixed<6, 1, (ap_q_mode)5, (ap_o_mode)3, 0>*)' argument 'w21': from '6' to '8' due to access pattern. (firmware/myproject.cpp:19:0)
INFO: [HLS 214-354] Changing the port bit width of top function 'myproject(ap_fixed<16, 6, (ap_q_mode)5, (ap_o_mode)3, 0>*, ap_fixed<16, 6, (ap_q_mode)5, (ap_o_mode)3, 0>*, ap_fixed<16, 6, (ap_q_mode)5, (ap_o_mode)3, 0>*, ap_fixed<16, 6, (ap_q_mode)5, (ap_o_mode)3, 0>*, ap_fixed<16, 6, (ap_q_mode)5, (ap_o_mode)3, 0>*, ap_ufixed<8, 0, (ap_q_mode)4, (ap_o_mode)0, 0>*, ap_fixed<6, 1, (ap_q_mode)5, (ap_o_mode)3, 0>*, ap_fixed<6, 1, (ap_q_mode)5, (ap_o_mode)3, 0>*, ap_fixed<6, 1, (ap_q_mode)5, (ap_o_mode)3, 0>*, ap_fixed<6, 1, (ap_q_mode)5, (ap_o_mode)3, 0>*, ap_fixed<6, 1, (ap_q_mode)5, (ap_o_mode)3, 0>*, ap_fixed<6, 1, (ap_q_mode)5, (ap_o_mode)3, 0>*, ap_fixed<6, 1, (ap_q_mode)5, (ap_o_mode)3, 0>*, ap_fixed<6, 1, (ap_q_mode)5, (ap_o_mode)3, 0>*, ap_fixed<6, 1, (ap_q_mode)5, (ap_o_mode)3, 0>*, ap_fixed<6, 1, (ap_q_mode)5, (ap_o_mode)3, 0>*)' argument 'w24': from '6' to '8' due to access pattern. (firmware/myproject.cpp:19:0)
INFO: [HLS 200-111] Finished Compiling Optimization and Transform: CPU user time: 9.23 seconds. CPU system time: 1.13 seconds. Elapsed time: 11.05 seconds; current allocated memory: 352.500 MB.
INFO: [HLS 200-111] Finished Checking Pragmas: CPU user time: 0 seconds. CPU system time: 0 seconds. Elapsed time: 0 seconds; current allocated memory: 352.500 MB.
INFO: [HLS 200-10] Starting code transformations ...
INFO: [HLS 200-111] Finished Standard Transforms: CPU user time: 0.18 seconds. CPU system time: 0 seconds. Elapsed time: 0.18 seconds; current allocated memory: 358.902 MB.
INFO: [HLS 200-10] Checking synthesizability ...
INFO: [HLS 200-111] Finished Checking Synthesizability: CPU user time: 0.26 seconds. CPU system time: 0.01 seconds. Elapsed time: 0.27 seconds; current allocated memory: 368.820 MB.
INFO: [XFORM 203-712] Applying dataflow to function 'myproject' (firmware/myproject.cpp:43:1), detected/extracted 19 process function(s): 
	 'nnet::linear<ap_fixed<16, 6, (ap_q_mode)5, (ap_o_mode)3, 0>, ap_fixed<8, 1, (ap_q_mode)4, (ap_o_mode)0, 0>, linear_config3>'
	 'nnet::linear<ap_fixed<16, 6, (ap_q_mode)5, (ap_o_mode)3, 0>, ap_fixed<8, 1, (ap_q_mode)4, (ap_o_mode)0, 0>, linear_config4>'
	 'nnet::concatenate1d<ap_fixed<8, 1, (ap_q_mode)4, (ap_o_mode)0, 0>, ap_fixed<8, 1, (ap_q_mode)4, (ap_o_mode)0, 0>, ap_fixed<16, 6, (ap_q_mode)5, (ap_o_mode)3, 0>, config8>'
	 'nnet::linear<ap_fixed<16, 6, (ap_q_mode)5, (ap_o_mode)3, 0>, ap_fixed<8, 1, (ap_q_mode)4, (ap_o_mode)0, 0>, linear_config9>'
	 'nnet::linear<ap_fixed<16, 6, (ap_q_mode)5, (ap_o_mode)3, 0>, ap_fixed<8, 1, (ap_q_mode)4, (ap_o_mode)0, 0>, linear_config10>'
	 'nnet::linear<ap_fixed<16, 6, (ap_q_mode)5, (ap_o_mode)3, 0>, ap_fixed<8, 1, (ap_q_mode)4, (ap_o_mode)0, 0>, linear_config11>'
	 'nnet::concatenate1d<ap_fixed<16, 6, (ap_q_mode)5, (ap_o_mode)3, 0>, ap_fixed<8, 1, (ap_q_mode)4, (ap_o_mode)0, 0>, ap_fixed<16, 6, (ap_q_mode)5, (ap_o_mode)3, 0>, config12>'
	 'nnet::concatenate1d<ap_fixed<8, 1, (ap_q_mode)4, (ap_o_mode)0, 0>, ap_fixed<8, 1, (ap_q_mode)4, (ap_o_mode)0, 0>, ap_fixed<16, 6, (ap_q_mode)5, (ap_o_mode)3, 0>, config13>'
	 'nnet::dense_resource<ap_fixed<16, 6, (ap_q_mode)5, (ap_o_mode)3, 0>, ap_fixed<16, 6, (ap_q_mode)5, (ap_o_mode)3, 0>, config14>'
	 'nnet::dense_resource<ap_fixed<16, 6, (ap_q_mode)5, (ap_o_mode)3, 0>, ap_fixed<16, 6, (ap_q_mode)5, (ap_o_mode)3, 0>, config16>'
	 'nnet::relu<ap_fixed<16, 6, (ap_q_mode)5, (ap_o_mode)3, 0>, ap_ufixed<8, 0, (ap_q_mode)4, (ap_o_mode)0, 0>, relu_config18>'
	 'nnet::relu<ap_fixed<16, 6, (ap_q_mode)5, (ap_o_mode)3, 0>, ap_ufixed<8, 0, (ap_q_mode)4, (ap_o_mode)0, 0>, relu_config19>'
	 'nnet::concatenate1d<ap_ufixed<8, 0, (ap_q_mode)4, (ap_o_mode)0, 0>, ap_ufixed<8, 0, (ap_q_mode)4, (ap_o_mode)0, 0>, ap_fixed<16, 6, (ap_q_mode)5, (ap_o_mode)3, 0>, config20>'
	 'nnet::dense_resource<ap_fixed<16, 6, (ap_q_mode)5, (ap_o_mode)3, 0>, ap_fixed<16, 6, (ap_q_mode)5, (ap_o_mode)3, 0>, config21>'
	 'nnet::relu<ap_fixed<16, 6, (ap_q_mode)5, (ap_o_mode)3, 0>, ap_ufixed<8, 0, (ap_q_mode)4, (ap_o_mode)0, 0>, relu_config23>'
	 'nnet::dense_resource<ap_ufixed<8, 0, (ap_q_mode)4, (ap_o_mode)0, 0>, ap_fixed<16, 6, (ap_q_mode)5, (ap_o_mode)3, 0>, config24>'
	 'nnet::relu<ap_fixed<16, 6, (ap_q_mode)5, (ap_o_mode)3, 0>, ap_ufixed<8, 0, (ap_q_mode)4, (ap_o_mode)0, 0>, relu_config26>'
	 'nnet::dense_resource<ap_ufixed<8, 0, (ap_q_mode)4, (ap_o_mode)0, 0>, ap_fixed<16, 6, (ap_q_mode)5, (ap_o_mode)3, 0>, config27>'
	 'nnet::hard_sigmoid<ap_fixed<16, 6, (ap_q_mode)5, (ap_o_mode)3, 0>, ap_ufixed<8, 0, (ap_q_mode)4, (ap_o_mode)0, 0>, hard_sigmoid_config29>'.
INFO: [XFORM 203-401] Performing if-conversion on hyperblock from (firmware/nnet_utils/nnet_activation.h:40:9) to (firmware/nnet_utils/nnet_activation.h:50:1) in function 'nnet::relu<ap_fixed<16, 6, (ap_q_mode)5, (ap_o_mode)3, 0>, ap_ufixed<8, 0, (ap_q_mode)4, (ap_o_mode)0, 0>, relu_config26>'... converting 17 basic blocks.
INFO: [XFORM 203-401] Performing if-conversion on hyperblock from (firmware/nnet_utils/nnet_activation.h:40:9) to (firmware/nnet_utils/nnet_activation.h:50:1) in function 'nnet::relu<ap_fixed<16, 6, (ap_q_mode)5, (ap_o_mode)3, 0>, ap_ufixed<8, 0, (ap_q_mode)4, (ap_o_mode)0, 0>, relu_config23>'... converting 49 basic blocks.
INFO: [XFORM 203-401] Performing if-conversion on hyperblock from (firmware/nnet_utils/nnet_activation.h:40:9) to (firmware/nnet_utils/nnet_activation.h:50:1) in function 'nnet::relu<ap_fixed<16, 6, (ap_q_mode)5, (ap_o_mode)3, 0>, ap_ufixed<8, 0, (ap_q_mode)4, (ap_o_mode)0, 0>, relu_config19>'... converting 25 basic blocks.
INFO: [XFORM 203-401] Performing if-conversion on hyperblock from (firmware/nnet_utils/nnet_activation.h:40:9) to (firmware/nnet_utils/nnet_activation.h:50:1) in function 'nnet::relu<ap_fixed<16, 6, (ap_q_mode)5, (ap_o_mode)3, 0>, ap_ufixed<8, 0, (ap_q_mode)4, (ap_o_mode)0, 0>, relu_config18>'... converting 97 basic blocks.
INFO: [XFORM 203-401] Performing if-conversion on hyperblock from (firmware/nnet_utils/nnet_activation.h:32:19) to (firmware/nnet_utils/nnet_activation.h:34:1) in function 'nnet::linear<ap_fixed<16, 6, (ap_q_mode)5, (ap_o_mode)3, 0>, ap_fixed<8, 1, (ap_q_mode)4, (ap_o_mode)0, 0>, linear_config9>'... converting 3 basic blocks.
INFO: [XFORM 203-401] Performing if-conversion on hyperblock from (firmware/nnet_utils/nnet_activation.h:32:19) to (firmware/nnet_utils/nnet_activation.h:34:1) in function 'nnet::linear<ap_fixed<16, 6, (ap_q_mode)5, (ap_o_mode)3, 0>, ap_fixed<8, 1, (ap_q_mode)4, (ap_o_mode)0, 0>, linear_config4>'... converting 27 basic blocks.
INFO: [XFORM 203-401] Performing if-conversion on hyperblock from (firmware/nnet_utils/nnet_activation.h:32:19) to (firmware/nnet_utils/nnet_activation.h:34:1) in function 'nnet::linear<ap_fixed<16, 6, (ap_q_mode)5, (ap_o_mode)3, 0>, ap_fixed<8, 1, (ap_q_mode)4, (ap_o_mode)0, 0>, linear_config3>'... converting 43 basic blocks.
INFO: [XFORM 203-401] Performing if-conversion on hyperblock from (firmware/nnet_utils/nnet_activation.h:32:19) to (firmware/nnet_utils/nnet_activation.h:34:1) in function 'nnet::linear<ap_fixed<16, 6, (ap_q_mode)5, (ap_o_mode)3, 0>, ap_fixed<8, 1, (ap_q_mode)4, (ap_o_mode)0, 0>, linear_config11>'... converting 3 basic blocks.
INFO: [XFORM 203-401] Performing if-conversion on hyperblock from (firmware/nnet_utils/nnet_activation.h:32:19) to (firmware/nnet_utils/nnet_activation.h:34:1) in function 'nnet::linear<ap_fixed<16, 6, (ap_q_mode)5, (ap_o_mode)3, 0>, ap_fixed<8, 1, (ap_q_mode)4, (ap_o_mode)0, 0>, linear_config10>'... converting 3 basic blocks.
INFO: [XFORM 203-401] Performing if-conversion on hyperblock from (firmware/nnet_utils/nnet_activation.h:449:9) to (firmware/nnet_utils/nnet_activation.h:459:1) in function 'nnet::hard_sigmoid<ap_fixed<16, 6, (ap_q_mode)5, (ap_o_mode)3, 0>, ap_ufixed<8, 0, (ap_q_mode)4, (ap_o_mode)0, 0>, hard_sigmoid_config29>'... converting 3 basic blocks.
INFO: [XFORM 203-401] Performing if-conversion on hyperblock from (firmware/nnet_utils/nnet_dense_resource.h:125:9) to (firmware/nnet_utils/nnet_dense_resource.h:124:5) in function 'nnet::dense_resource<ap_fixed<16, 6, (ap_q_mode)5, (ap_o_mode)3, 0>, ap_fixed<16, 6, (ap_q_mode)5, (ap_o_mode)3, 0>, config16>'... converting 14 basic blocks.
INFO: [XFORM 203-11] Balancing expressions in function 'nnet::dense_resource<ap_fixed<16, 6, (ap_q_mode)5, (ap_o_mode)3, 0>, ap_fixed<16, 6, (ap_q_mode)5, (ap_o_mode)3, 0>, config16>' (firmware/nnet_utils/nnet_dense_resource.h:73:5)...9 expression(s) balanced.
INFO: [XFORM 203-11] Balancing expressions in function 'nnet::dense_resource<ap_fixed<16, 6, (ap_q_mode)5, (ap_o_mode)3, 0>, ap_fixed<16, 6, (ap_q_mode)5, (ap_o_mode)3, 0>, config14>' (firmware/nnet_utils/nnet_dense_resource.h:38:17)...120 expression(s) balanced.
INFO: [HLS 200-111] Finished Loop, function and other optimizations: CPU user time: 1.46 seconds. CPU system time: 0.03 seconds. Elapsed time: 1.5 seconds; current allocated memory: 411.684 MB.
INFO: [XFORM 203-531] Rewinding loop 'ReuseLoop' (firmware/nnet_utils/nnet_dense_resource.h:42) in function 'dense_resource<ap_ufixed<8, 0, 4, 0, 0>, ap_fixed<16, 6, 5, 3, 0>, config27>'.
INFO: [XFORM 203-531] Rewinding loop 'ReuseLoop' (firmware/nnet_utils/nnet_dense_resource.h:42) in function 'dense_resource<ap_ufixed<8, 0, 4, 0, 0>, ap_fixed<16, 6, 5, 3, 0>, config24>'.
INFO: [XFORM 203-531] Rewinding loop 'ReuseLoop' (firmware/nnet_utils/nnet_dense_resource.h:42) in function 'dense_resource<ap_fixed<16, 6, 5, 3, 0>, ap_fixed<16, 6, 5, 3, 0>, config21>'.
INFO: [XFORM 203-531] Rewinding loop 'ReuseLoop' (firmware/nnet_utils/nnet_dense_resource.h:124) in function 'dense_resource<ap_fixed<16, 6, 5, 3, 0>, ap_fixed<16, 6, 5, 3, 0>, config16>'.
INFO: [XFORM 203-531] Rewinding loop 'ReuseLoop' (firmware/nnet_utils/nnet_dense_resource.h:42) in function 'dense_resource<ap_fixed<16, 6, 5, 3, 0>, ap_fixed<16, 6, 5, 3, 0>, config14>'.
WARNING: [HLS 200-1449] Process dense_resource<ap_fixed<16, 6, 5, 3, 0>, ap_fixed<16, 6, 5, 3, 0>, config14> has both a predecessor and reads an input from its caller (see the GUI dataflow viewer). This may lead to lower throughput. Consider copying this input via a predecessor process.
WARNING: [HLS 200-1449] Process dense_resource<ap_fixed<16, 6, 5, 3, 0>, ap_fixed<16, 6, 5, 3, 0>, config16> has both a predecessor and reads an input from its caller (see the GUI dataflow viewer). This may lead to lower throughput. Consider copying this input via a predecessor process.
WARNING: [HLS 200-1449] Process dense_resource<ap_fixed<16, 6, 5, 3, 0>, ap_fixed<16, 6, 5, 3, 0>, config21> has both a predecessor and reads an input from its caller (see the GUI dataflow viewer). This may lead to lower throughput. Consider copying this input via a predecessor process.
WARNING: [HLS 200-1449] Process dense_resource<ap_ufixed<8, 0, 4, 0, 0>, ap_fixed<16, 6, 5, 3, 0>, config24> has both a predecessor and reads an input from its caller (see the GUI dataflow viewer). This may lead to lower throughput. Consider copying this input via a predecessor process.
WARNING: [HLS 200-1449] Process dense_resource<ap_ufixed<8, 0, 4, 0, 0>, ap_fixed<16, 6, 5, 3, 0>, config27> has both a predecessor and reads an input from its caller (see the GUI dataflow viewer). This may lead to lower throughput. Consider copying this input via a predecessor process.
INFO: [HLS 200-111] Finished Architecture Synthesis: CPU user time: 0.95 seconds. CPU system time: 0.04 seconds. Elapsed time: 1.01 seconds; current allocated memory: 604.859 MB.
INFO: [HLS 200-10] Starting hardware synthesis ...
INFO: [HLS 200-10] Synthesizing 'myproject' ...
WARNING: [SYN 201-103] Legalizing function name 'linear<ap_fixed<16, 6, 5, 3, 0>, ap_fixed<8, 1, 4, 0, 0>, linear_config3>' to 'linear_ap_fixed_16_6_5_3_0_ap_fixed_8_1_4_0_0_linear_config3_s'.
WARNING: [SYN 201-103] Legalizing function name 'linear<ap_fixed<16, 6, 5, 3, 0>, ap_fixed<8, 1, 4, 0, 0>, linear_config4>' to 'linear_ap_fixed_16_6_5_3_0_ap_fixed_8_1_4_0_0_linear_config4_s'.
WARNING: [SYN 201-103] Legalizing function name 'concatenate1d<ap_fixed,ap_fixed,ap_fixed<16,6,5,3,0>,config8>' to 'concatenate1d_ap_fixed_ap_fixed_ap_fixed_16_6_5_3_0_config8_s'.
WARNING: [SYN 201-103] Legalizing function name 'linear<ap_fixed<16, 6, 5, 3, 0>, ap_fixed<8, 1, 4, 0, 0>, linear_config9>' to 'linear_ap_fixed_16_6_5_3_0_ap_fixed_8_1_4_0_0_linear_config9_s'.
WARNING: [SYN 201-103] Legalizing function name 'linear<ap_fixed<16, 6, 5, 3, 0>, ap_fixed<8, 1, 4, 0, 0>, linear_config10>' to 'linear_ap_fixed_16_6_5_3_0_ap_fixed_8_1_4_0_0_linear_config10_s'.
WARNING: [SYN 201-103] Legalizing function name 'linear<ap_fixed<16, 6, 5, 3, 0>, ap_fixed<8, 1, 4, 0, 0>, linear_config11>' to 'linear_ap_fixed_16_6_5_3_0_ap_fixed_8_1_4_0_0_linear_config11_s'.
WARNING: [SYN 201-103] Legalizing function name 'concatenate1d<ap_fixed,ap_fixed,ap_fixed<16,6,5,3,0>,config12>' to 'concatenate1d_ap_fixed_ap_fixed_ap_fixed_16_6_5_3_0_config12_s'.
WARNING: [SYN 201-103] Legalizing function name 'concatenate1d<ap_fixed,ap_fixed,ap_fixed<16,6,5,3,0>,config13>' to 'concatenate1d_ap_fixed_ap_fixed_ap_fixed_16_6_5_3_0_config13_s'.
WARNING: [SYN 201-103] Legalizing function name 'dense_resource<ap_fixed<16, 6, 5, 3, 0>, ap_fixed<16, 6, 5, 3, 0>, config14>' to 'dense_resource_ap_fixed_16_6_5_3_0_ap_fixed_16_6_5_3_0_config14_s'.
WARNING: [SYN 201-103] Legalizing function name 'dense_resource<ap_fixed<16, 6, 5, 3, 0>, ap_fixed<16, 6, 5, 3, 0>, config16>' to 'dense_resource_ap_fixed_16_6_5_3_0_ap_fixed_16_6_5_3_0_config16_s'.
WARNING: [SYN 201-103] Legalizing function name 'relu<ap_fixed<16, 6, 5, 3, 0>, ap_ufixed<8, 0, 4, 0, 0>, relu_config18>' to 'relu_ap_fixed_16_6_5_3_0_ap_ufixed_8_0_4_0_0_relu_config18_s'.
WARNING: [SYN 201-103] Legalizing function name 'relu<ap_fixed<16, 6, 5, 3, 0>, ap_ufixed<8, 0, 4, 0, 0>, relu_config19>' to 'relu_ap_fixed_16_6_5_3_0_ap_ufixed_8_0_4_0_0_relu_config19_s'.
WARNING: [SYN 201-103] Legalizing function name 'concatenate1d<ap_ufixed,ap_ufixed,ap_fixed<16,6,5,3,0>,config20>' to 'concatenate1d_ap_ufixed_ap_ufixed_ap_fixed_16_6_5_3_0_config20_s'.
WARNING: [SYN 201-103] Legalizing function name 'dense_resource<ap_fixed<16, 6, 5, 3, 0>, ap_fixed<16, 6, 5, 3, 0>, config21>' to 'dense_resource_ap_fixed_16_6_5_3_0_ap_fixed_16_6_5_3_0_config21_s'.
WARNING: [SYN 201-103] Legalizing function name 'relu<ap_fixed<16, 6, 5, 3, 0>, ap_ufixed<8, 0, 4, 0, 0>, relu_config23>' to 'relu_ap_fixed_16_6_5_3_0_ap_ufixed_8_0_4_0_0_relu_config23_s'.
WARNING: [SYN 201-103] Legalizing function name 'dense_resource<ap_ufixed<8, 0, 4, 0, 0>, ap_fixed<16, 6, 5, 3, 0>, config24>' to 'dense_resource_ap_ufixed_8_0_4_0_0_ap_fixed_16_6_5_3_0_config24_s'.
WARNING: [SYN 201-103] Legalizing function name 'relu<ap_fixed<16, 6, 5, 3, 0>, ap_ufixed<8, 0, 4, 0, 0>, relu_config26>' to 'relu_ap_fixed_16_6_5_3_0_ap_ufixed_8_0_4_0_0_relu_config26_s'.
WARNING: [SYN 201-103] Legalizing function name 'dense_resource<ap_ufixed<8, 0, 4, 0, 0>, ap_fixed<16, 6, 5, 3, 0>, config27>' to 'dense_resource_ap_ufixed_8_0_4_0_0_ap_fixed_16_6_5_3_0_config27_s'.
WARNING: [SYN 201-103] Legalizing function name 'hard_sigmoid<ap_fixed,ap_ufixed<8,0,4,0,0>,hard_sigmoid_config29>' to 'hard_sigmoid_ap_fixed_ap_ufixed_8_0_4_0_0_hard_sigmoid_config29_s'.
INFO: [HLS 200-10] ----------------------------------------------------------------
INFO: [HLS 200-42] -- Implementing module 'linear_ap_fixed_16_6_5_3_0_ap_fixed_8_1_4_0_0_linear_config3_s' 
INFO: [HLS 200-10] ----------------------------------------------------------------
INFO: [SCHED 204-11] Starting scheduling ...
INFO: [SCHED 204-61] Pipelining function 'linear<ap_fixed<16, 6, 5, 3, 0>, ap_fixed<8, 1, 4, 0, 0>, linear_config3>'.
INFO: [HLS 200-1470] Pipelining result : Target II = NA, Final II = 1, Depth = 1, function 'linear<ap_fixed<16, 6, 5, 3, 0>, ap_fixed<8, 1, 4, 0, 0>, linear_config3>'
INFO: [SCHED 204-11] Finished scheduling.
INFO: [HLS 200-111] Finished Scheduling: CPU user time: 0.31 seconds. CPU system time: 0.06 seconds. Elapsed time: 0.37 seconds; current allocated memory: 614.242 MB.
INFO: [BIND 205-100] Starting micro-architecture generation ...
INFO: [BIND 205-101] Performing variable lifetime analysis.
INFO: [BIND 205-101] Exploring resource sharing.
INFO: [BIND 205-101] Binding ...
INFO: [BIND 205-100] Finished micro-architecture generation.
INFO: [HLS 200-111] Finished Binding: CPU user time: 0.12 seconds. CPU system time: 0.02 seconds. Elapsed time: 0.13 seconds; current allocated memory: 615.328 MB.
INFO: [HLS 200-10] ----------------------------------------------------------------
INFO: [HLS 200-42] -- Implementing module 'linear_ap_fixed_16_6_5_3_0_ap_fixed_8_1_4_0_0_linear_config4_s' 
INFO: [HLS 200-10] ----------------------------------------------------------------
INFO: [SCHED 204-11] Starting scheduling ...
INFO: [SCHED 204-61] Pipelining function 'linear<ap_fixed<16, 6, 5, 3, 0>, ap_fixed<8, 1, 4, 0, 0>, linear_config4>'.
INFO: [HLS 200-1470] Pipelining result : Target II = NA, Final II = 1, Depth = 1, function 'linear<ap_fixed<16, 6, 5, 3, 0>, ap_fixed<8, 1, 4, 0, 0>, linear_config4>'
INFO: [SCHED 204-11] Finished scheduling.
INFO: [HLS 200-111] Finished Scheduling: CPU user time: 0.18 seconds. CPU system time: 0.01 seconds. Elapsed time: 0.19 seconds; current allocated memory: 620.027 MB.
INFO: [BIND 205-100] Starting micro-architecture generation ...
INFO: [BIND 205-101] Performing variable lifetime analysis.
INFO: [BIND 205-101] Exploring resource sharing.
INFO: [BIND 205-101] Binding ...
INFO: [BIND 205-100] Finished micro-architecture generation.
INFO: [HLS 200-111] Finished Binding: CPU user time: 0.06 seconds. CPU system time: 0.01 seconds. Elapsed time: 0.07 seconds; current allocated memory: 621.043 MB.
INFO: [HLS 200-10] ----------------------------------------------------------------
INFO: [HLS 200-42] -- Implementing module 'concatenate1d_ap_fixed_ap_fixed_ap_fixed_16_6_5_3_0_config8_s' 
INFO: [HLS 200-10] ----------------------------------------------------------------
INFO: [SCHED 204-11] Starting scheduling ...
INFO: [SCHED 204-61] Pipelining function 'concatenate1d<ap_fixed,ap_fixed,ap_fixed<16,6,5,3,0>,config8>'.
INFO: [HLS 200-1470] Pipelining result : Target II = NA, Final II = 1, Depth = 1, function 'concatenate1d<ap_fixed,ap_fixed,ap_fixed<16,6,5,3,0>,config8>'
INFO: [SCHED 204-11] Finished scheduling.
INFO: [HLS 200-111] Finished Scheduling: CPU user time: 0.08 seconds. CPU system time: 0.01 seconds. Elapsed time: 0.09 seconds; current allocated memory: 621.848 MB.
INFO: [BIND 205-100] Starting micro-architecture generation ...
INFO: [BIND 205-101] Performing variable lifetime analysis.
INFO: [BIND 205-101] Exploring resource sharing.
INFO: [BIND 205-101] Binding ...
INFO: [BIND 205-100] Finished micro-architecture generation.
INFO: [HLS 200-111] Finished Binding: CPU user time: 0.02 seconds. CPU system time: 0 seconds. Elapsed time: 0.03 seconds; current allocated memory: 622.027 MB.
INFO: [HLS 200-10] ----------------------------------------------------------------
INFO: [HLS 200-42] -- Implementing module 'linear_ap_fixed_16_6_5_3_0_ap_fixed_8_1_4_0_0_linear_config9_s' 
INFO: [HLS 200-10] ----------------------------------------------------------------
INFO: [SCHED 204-11] Starting scheduling ...
INFO: [SCHED 204-61] Pipelining function 'linear<ap_fixed<16, 6, 5, 3, 0>, ap_fixed<8, 1, 4, 0, 0>, linear_config9>'.
INFO: [HLS 200-1470] Pipelining result : Target II = NA, Final II = 1, Depth = 1, function 'linear<ap_fixed<16, 6, 5, 3, 0>, ap_fixed<8, 1, 4, 0, 0>, linear_config9>'
INFO: [SCHED 204-11] Finished scheduling.
INFO: [HLS 200-111] Finished Scheduling: CPU user time: 0.03 seconds. CPU system time: 0.01 seconds. Elapsed time: 0.04 seconds; current allocated memory: 622.477 MB.
INFO: [BIND 205-100] Starting micro-architecture generation ...
INFO: [BIND 205-101] Performing variable lifetime analysis.
INFO: [BIND 205-101] Exploring resource sharing.
INFO: [BIND 205-101] Binding ...
INFO: [BIND 205-100] Finished micro-architecture generation.
INFO: [HLS 200-111] Finished Binding: CPU user time: 0.02 seconds. CPU system time: 0 seconds. Elapsed time: 0.02 seconds; current allocated memory: 622.664 MB.
INFO: [HLS 200-10] ----------------------------------------------------------------
INFO: [HLS 200-42] -- Implementing module 'linear_ap_fixed_16_6_5_3_0_ap_fixed_8_1_4_0_0_linear_config10_s' 
INFO: [HLS 200-10] ----------------------------------------------------------------
INFO: [SCHED 204-11] Starting scheduling ...
INFO: [SCHED 204-61] Pipelining function 'linear<ap_fixed<16, 6, 5, 3, 0>, ap_fixed<8, 1, 4, 0, 0>, linear_config10>'.
INFO: [HLS 200-1470] Pipelining result : Target II = NA, Final II = 1, Depth = 1, function 'linear<ap_fixed<16, 6, 5, 3, 0>, ap_fixed<8, 1, 4, 0, 0>, linear_config10>'
INFO: [SCHED 204-11] Finished scheduling.
INFO: [HLS 200-111] Finished Scheduling: CPU user time: 0.04 seconds. CPU system time: 0 seconds. Elapsed time: 0.04 seconds; current allocated memory: 623.059 MB.
INFO: [BIND 205-100] Starting micro-architecture generation ...
INFO: [BIND 205-101] Performing variable lifetime analysis.
INFO: [BIND 205-101] Exploring resource sharing.
INFO: [BIND 205-101] Binding ...
INFO: [BIND 205-100] Finished micro-architecture generation.
INFO: [HLS 200-111] Finished Binding: CPU user time: 0.02 seconds. CPU system time: 0 seconds. Elapsed time: 0.03 seconds; current allocated memory: 623.246 MB.
INFO: [HLS 200-10] ----------------------------------------------------------------
INFO: [HLS 200-42] -- Implementing module 'linear_ap_fixed_16_6_5_3_0_ap_fixed_8_1_4_0_0_linear_config11_s' 
INFO: [HLS 200-10] ----------------------------------------------------------------
INFO: [SCHED 204-11] Starting scheduling ...
INFO: [SCHED 204-61] Pipelining function 'linear<ap_fixed<16, 6, 5, 3, 0>, ap_fixed<8, 1, 4, 0, 0>, linear_config11>'.
INFO: [HLS 200-1470] Pipelining result : Target II = NA, Final II = 1, Depth = 1, function 'linear<ap_fixed<16, 6, 5, 3, 0>, ap_fixed<8, 1, 4, 0, 0>, linear_config11>'
INFO: [SCHED 204-11] Finished scheduling.
INFO: [HLS 200-111] Finished Scheduling: CPU user time: 0.03 seconds. CPU system time: 0.02 seconds. Elapsed time: 0.06 seconds; current allocated memory: 623.613 MB.
INFO: [BIND 205-100] Starting micro-architecture generation ...
INFO: [BIND 205-101] Performing variable lifetime analysis.
INFO: [BIND 205-101] Exploring resource sharing.
INFO: [BIND 205-101] Binding ...
INFO: [BIND 205-100] Finished micro-architecture generation.
INFO: [HLS 200-111] Finished Binding: CPU user time: 0.02 seconds. CPU system time: 0.01 seconds. Elapsed time: 0.03 seconds; current allocated memory: 623.801 MB.
INFO: [HLS 200-10] ----------------------------------------------------------------
INFO: [HLS 200-42] -- Implementing module 'concatenate1d_ap_fixed_ap_fixed_ap_fixed_16_6_5_3_0_config12_s' 
INFO: [HLS 200-10] ----------------------------------------------------------------
INFO: [SCHED 204-11] Starting scheduling ...
INFO: [SCHED 204-61] Pipelining function 'concatenate1d<ap_fixed,ap_fixed,ap_fixed<16,6,5,3,0>,config12>'.
INFO: [HLS 200-1470] Pipelining result : Target II = NA, Final II = 1, Depth = 1, function 'concatenate1d<ap_fixed,ap_fixed,ap_fixed<16,6,5,3,0>,config12>'
INFO: [SCHED 204-11] Finished scheduling.
INFO: [HLS 200-111] Finished Scheduling: CPU user time: 0.05 seconds. CPU system time: 0 seconds. Elapsed time: 0.06 seconds; current allocated memory: 624.309 MB.
INFO: [BIND 205-100] Starting micro-architecture generation ...
INFO: [BIND 205-101] Performing variable lifetime analysis.
INFO: [BIND 205-101] Exploring resource sharing.
INFO: [BIND 205-101] Binding ...
INFO: [BIND 205-100] Finished micro-architecture generation.
INFO: [HLS 200-111] Finished Binding: CPU user time: 0.04 seconds. CPU system time: 0 seconds. Elapsed time: 0.03 seconds; current allocated memory: 624.434 MB.
INFO: [HLS 200-10] ----------------------------------------------------------------
INFO: [HLS 200-42] -- Implementing module 'concatenate1d_ap_fixed_ap_fixed_ap_fixed_16_6_5_3_0_config13_s' 
INFO: [HLS 200-10] ----------------------------------------------------------------
INFO: [SCHED 204-11] Starting scheduling ...
INFO: [SCHED 204-61] Pipelining function 'concatenate1d<ap_fixed,ap_fixed,ap_fixed<16,6,5,3,0>,config13>'.
INFO: [HLS 200-1470] Pipelining result : Target II = NA, Final II = 1, Depth = 1, function 'concatenate1d<ap_fixed,ap_fixed,ap_fixed<16,6,5,3,0>,config13>'
INFO: [SCHED 204-11] Finished scheduling.
INFO: [HLS 200-111] Finished Scheduling: CPU user time: 0.04 seconds. CPU system time: 0.01 seconds. Elapsed time: 0.05 seconds; current allocated memory: 624.605 MB.
INFO: [BIND 205-100] Starting micro-architecture generation ...
INFO: [BIND 205-101] Performing variable lifetime analysis.
INFO: [BIND 205-101] Exploring resource sharing.
INFO: [BIND 205-101] Binding ...
INFO: [BIND 205-100] Finished micro-architecture generation.
INFO: [HLS 200-111] Finished Binding: CPU user time: 0.02 seconds. CPU system time: 0 seconds. Elapsed time: 0.03 seconds; current allocated memory: 624.676 MB.
INFO: [HLS 200-10] ----------------------------------------------------------------
INFO: [HLS 200-42] -- Implementing module 'dense_resource_ap_fixed_16_6_5_3_0_ap_fixed_16_6_5_3_0_config14_s' 
INFO: [HLS 200-10] ----------------------------------------------------------------
INFO: [SCHED 204-11] Starting scheduling ...
INFO: [SCHED 204-61] Pipelining loop 'ReuseLoop'.
WARNING: [HLS 200-885] The II Violation in module 'dense_resource_ap_fixed_16_6_5_3_0_ap_fixed_16_6_5_3_0_config14_s' (loop 'ReuseLoop'): Unable to schedule 'load' operation 8 bit ('w14_load_1', firmware/nnet_utils/nnet_dense_resource.h:55->firmware/nnet_utils/nnet_dense_resource.h:240) on array 'w14' due to limited memory ports (II = 1). Please consider using a memory core with more ports or partitioning the array 'w14'.
Resolution: For help on HLS 200-885 see docs.xilinx.com/access/sources/dita/topic?Doc_Version=2024.1%20English&url=ug1448-hls-guidance&resourceid=200-885.html
WARNING: [HLS 200-885] The II Violation in module 'dense_resource_ap_fixed_16_6_5_3_0_ap_fixed_16_6_5_3_0_config14_s' (loop 'ReuseLoop'): Unable to schedule 'load' operation 8 bit ('w14_load_9', firmware/nnet_utils/nnet_dense_resource.h:55->firmware/nnet_utils/nnet_dense_resource.h:240) on array 'w14' due to limited memory ports (II = 2). Please consider using a memory core with more ports or partitioning the array 'w14'.
Resolution: For help on HLS 200-885 see docs.xilinx.com/access/sources/dita/topic?Doc_Version=2024.1%20English&url=ug1448-hls-guidance&resourceid=200-885.html
WARNING: [HLS 200-885] The II Violation in module 'dense_resource_ap_fixed_16_6_5_3_0_ap_fixed_16_6_5_3_0_config14_s' (loop 'ReuseLoop'): Unable to schedule 'load' operation 8 bit ('w14_load_14', firmware/nnet_utils/nnet_dense_resource.h:55->firmware/nnet_utils/nnet_dense_resource.h:240) on array 'w14' due to limited memory ports (II = 3). Please consider using a memory core with more ports or partitioning the array 'w14'.
Resolution: For help on HLS 200-885 see docs.xilinx.com/access/sources/dita/topic?Doc_Version=2024.1%20English&url=ug1448-hls-guidance&resourceid=200-885.html
WARNING: [HLS 200-885] The II Violation in module 'dense_resource_ap_fixed_16_6_5_3_0_ap_fixed_16_6_5_3_0_config14_s' (loop 'ReuseLoop'): Unable to schedule 'load' operation 8 bit ('w14_load_19', firmware/nnet_utils/nnet_dense_resource.h:55->firmware/nnet_utils/nnet_dense_resource.h:240) on array 'w14' due to limited memory ports (II = 4). Please consider using a memory core with more ports or partitioning the array 'w14'.
Resolution: For help on HLS 200-885 see docs.xilinx.com/access/sources/dita/topic?Doc_Version=2024.1%20English&url=ug1448-hls-guidance&resourceid=200-885.html
WARNING: [HLS 200-885] The II Violation in module 'dense_resource_ap_fixed_16_6_5_3_0_ap_fixed_16_6_5_3_0_config14_s' (loop 'ReuseLoop'): Unable to schedule 'load' operation 8 bit ('w14_load_35', firmware/nnet_utils/nnet_dense_resource.h:55->firmware/nnet_utils/nnet_dense_resource.h:240) on array 'w14' due to limited memory ports (II = 35). Please consider using a memory core with more ports or partitioning the array 'w14'.
Resolution: For help on HLS 200-885 see docs.xilinx.com/access/sources/dita/topic?Doc_Version=2024.1%20English&url=ug1448-hls-guidance&resourceid=200-885.html
WARNING: [HLS 200-885] The II Violation in module 'dense_resource_ap_fixed_16_6_5_3_0_ap_fixed_16_6_5_3_0_config14_s' (loop 'ReuseLoop'): Unable to schedule 'load' operation 8 bit ('w14_load_87', firmware/nnet_utils/nnet_dense_resource.h:55->firmware/nnet_utils/nnet_dense_resource.h:240) on array 'w14' due to limited memory ports (II = 51). Please consider using a memory core with more ports or partitioning the array 'w14'.
Resolution: For help on HLS 200-885 see docs.xilinx.com/access/sources/dita/topic?Doc_Version=2024.1%20English&url=ug1448-hls-guidance&resourceid=200-885.html
WARNING: [HLS 200-885] The II Violation in module 'dense_resource_ap_fixed_16_6_5_3_0_ap_fixed_16_6_5_3_0_config14_s' (loop 'ReuseLoop'): Unable to schedule 'load' operation 8 bit ('w14_load_115', firmware/nnet_utils/nnet_dense_resource.h:55->firmware/nnet_utils/nnet_dense_resource.h:240) on array 'w14' due to limited memory ports (II = 59). Please consider using a memory core with more ports or partitioning the array 'w14'.
Resolution: For help on HLS 200-885 see docs.xilinx.com/access/sources/dita/topic?Doc_Version=2024.1%20English&url=ug1448-hls-guidance&resourceid=200-885.html
INFO: [HLS 200-1470] Pipelining result : Target II = 1, Final II = 60, Depth = 61, loop 'ReuseLoop'
INFO: [SCHED 204-11] Finished scheduling.
INFO: [HLS 200-111] Finished Scheduling: CPU user time: 5.27 seconds. CPU system time: 0.03 seconds. Elapsed time: 5.32 seconds; current allocated memory: 652.414 MB.
INFO: [BIND 205-100] Starting micro-architecture generation ...
INFO: [BIND 205-101] Performing variable lifetime analysis.
INFO: [BIND 205-101] Exploring resource sharing.
INFO: [BIND 205-101] Binding ...
INFO: [BIND 205-100] Finished micro-architecture generation.
INFO: [HLS 200-111] Finished Binding: CPU user time: 0.31 seconds. CPU system time: 0.01 seconds. Elapsed time: 0.32 seconds; current allocated memory: 652.414 MB.
INFO: [HLS 200-10] ----------------------------------------------------------------
INFO: [HLS 200-42] -- Implementing module 'dense_resource_ap_fixed_16_6_5_3_0_ap_fixed_16_6_5_3_0_config16_s' 
INFO: [HLS 200-10] ----------------------------------------------------------------
INFO: [SCHED 204-11] Starting scheduling ...
INFO: [SCHED 204-61] Pipelining loop 'ReuseLoop'.
INFO: [HLS 200-1470] Pipelining result : Target II = 1, Final II = 1, Depth = 2, loop 'ReuseLoop'
INFO: [SCHED 204-11] Finished scheduling.
INFO: [HLS 200-111] Finished Scheduling: CPU user time: 0.2 seconds. CPU system time: 0.02 seconds. Elapsed time: 0.23 seconds; current allocated memory: 652.414 MB.
INFO: [BIND 205-100] Starting micro-architecture generation ...
INFO: [BIND 205-101] Performing variable lifetime analysis.
INFO: [BIND 205-101] Exploring resource sharing.
INFO: [BIND 205-101] Binding ...
INFO: [BIND 205-100] Finished micro-architecture generation.
INFO: [HLS 200-111] Finished Binding: CPU user time: 0.03 seconds. CPU system time: 0.01 seconds. Elapsed time: 0.04 seconds; current allocated memory: 652.414 MB.
INFO: [HLS 200-10] ----------------------------------------------------------------
INFO: [HLS 200-42] -- Implementing module 'relu_ap_fixed_16_6_5_3_0_ap_ufixed_8_0_4_0_0_relu_config18_s' 
INFO: [HLS 200-10] ----------------------------------------------------------------
INFO: [SCHED 204-11] Starting scheduling ...
INFO: [SCHED 204-61] Pipelining function 'relu<ap_fixed<16, 6, 5, 3, 0>, ap_ufixed<8, 0, 4, 0, 0>, relu_config18>'.
INFO: [HLS 200-1470] Pipelining result : Target II = NA, Final II = 1, Depth = 1, function 'relu<ap_fixed<16, 6, 5, 3, 0>, ap_ufixed<8, 0, 4, 0, 0>, relu_config18>'
INFO: [SCHED 204-11] Finished scheduling.
INFO: [HLS 200-111] Finished Scheduling: CPU user time: 0.17 seconds. CPU system time: 0 seconds. Elapsed time: 0.18 seconds; current allocated memory: 652.414 MB.
INFO: [BIND 205-100] Starting micro-architecture generation ...
INFO: [BIND 205-101] Performing variable lifetime analysis.
INFO: [BIND 205-101] Exploring resource sharing.
INFO: [BIND 205-101] Binding ...
INFO: [BIND 205-100] Finished micro-architecture generation.
INFO: [HLS 200-111] Finished Binding: CPU user time: 0.09 seconds. CPU system time: 0 seconds. Elapsed time: 0.1 seconds; current allocated memory: 652.414 MB.
INFO: [HLS 200-10] ----------------------------------------------------------------
INFO: [HLS 200-42] -- Implementing module 'relu_ap_fixed_16_6_5_3_0_ap_ufixed_8_0_4_0_0_relu_config19_s' 
INFO: [HLS 200-10] ----------------------------------------------------------------
INFO: [SCHED 204-11] Starting scheduling ...
INFO: [SCHED 204-61] Pipelining function 'relu<ap_fixed<16, 6, 5, 3, 0>, ap_ufixed<8, 0, 4, 0, 0>, relu_config19>'.
INFO: [HLS 200-1470] Pipelining result : Target II = NA, Final II = 1, Depth = 1, function 'relu<ap_fixed<16, 6, 5, 3, 0>, ap_ufixed<8, 0, 4, 0, 0>, relu_config19>'
INFO: [SCHED 204-11] Finished scheduling.
INFO: [HLS 200-111] Finished Scheduling: CPU user time: 0.11 seconds. CPU system time: 0.01 seconds. Elapsed time: 0.12 seconds; current allocated memory: 652.414 MB.
INFO: [BIND 205-100] Starting micro-architecture generation ...
INFO: [BIND 205-101] Performing variable lifetime analysis.
INFO: [BIND 205-101] Exploring resource sharing.
INFO: [BIND 205-101] Binding ...
INFO: [BIND 205-100] Finished micro-architecture generation.
INFO: [HLS 200-111] Finished Binding: CPU user time: 0.04 seconds. CPU system time: 0 seconds. Elapsed time: 0.04 seconds; current allocated memory: 652.414 MB.
INFO: [HLS 200-10] ----------------------------------------------------------------
INFO: [HLS 200-42] -- Implementing module 'concatenate1d_ap_ufixed_ap_ufixed_ap_fixed_16_6_5_3_0_config20_s' 
INFO: [HLS 200-10] ----------------------------------------------------------------
INFO: [SCHED 204-11] Starting scheduling ...
INFO: [SCHED 204-61] Pipelining function 'concatenate1d<ap_ufixed,ap_ufixed,ap_fixed<16,6,5,3,0>,config20>'.
INFO: [HLS 200-1470] Pipelining result : Target II = NA, Final II = 1, Depth = 1, function 'concatenate1d<ap_ufixed,ap_ufixed,ap_fixed<16,6,5,3,0>,config20>'
INFO: [SCHED 204-11] Finished scheduling.
INFO: [HLS 200-111] Finished Scheduling: CPU user time: 0.08 seconds. CPU system time: 0.01 seconds. Elapsed time: 0.08 seconds; current allocated memory: 652.414 MB.
INFO: [BIND 205-100] Starting micro-architecture generation ...
INFO: [BIND 205-101] Performing variable lifetime analysis.
INFO: [BIND 205-101] Exploring resource sharing.
INFO: [BIND 205-101] Binding ...
INFO: [BIND 205-100] Finished micro-architecture generation.
INFO: [HLS 200-111] Finished Binding: CPU user time: 0.04 seconds. CPU system time: 0 seconds. Elapsed time: 0.04 seconds; current allocated memory: 652.414 MB.
INFO: [HLS 200-10] ----------------------------------------------------------------
INFO: [HLS 200-42] -- Implementing module 'dense_resource_ap_fixed_16_6_5_3_0_ap_fixed_16_6_5_3_0_config21_s' 
INFO: [HLS 200-10] ----------------------------------------------------------------
INFO: [SCHED 204-11] Starting scheduling ...
INFO: [SCHED 204-61] Pipelining loop 'ReuseLoop'.
WARNING: [HLS 200-885] The II Violation in module 'dense_resource_ap_fixed_16_6_5_3_0_ap_fixed_16_6_5_3_0_config21_s' (loop 'ReuseLoop'): Unable to schedule 'load' operation 8 bit ('w21_load_1', firmware/nnet_utils/nnet_dense_resource.h:55->firmware/nnet_utils/nnet_dense_resource.h:240) on array 'w21' due to limited memory ports (II = 1). Please consider using a memory core with more ports or partitioning the array 'w21'.
Resolution: For help on HLS 200-885 see docs.xilinx.com/access/sources/dita/topic?Doc_Version=2024.1%20English&url=ug1448-hls-guidance&resourceid=200-885.html
WARNING: [HLS 200-885] The II Violation in module 'dense_resource_ap_fixed_16_6_5_3_0_ap_fixed_16_6_5_3_0_config21_s' (loop 'ReuseLoop'): Unable to schedule 'load' operation 8 bit ('w21_load_3', firmware/nnet_utils/nnet_dense_resource.h:55->firmware/nnet_utils/nnet_dense_resource.h:240) on array 'w21' due to limited memory ports (II = 2). Please consider using a memory core with more ports or partitioning the array 'w21'.
Resolution: For help on HLS 200-885 see docs.xilinx.com/access/sources/dita/topic?Doc_Version=2024.1%20English&url=ug1448-hls-guidance&resourceid=200-885.html
WARNING: [HLS 200-885] The II Violation in module 'dense_resource_ap_fixed_16_6_5_3_0_ap_fixed_16_6_5_3_0_config21_s' (loop 'ReuseLoop'): Unable to schedule 'load' operation 8 bit ('w21_load_5', firmware/nnet_utils/nnet_dense_resource.h:55->firmware/nnet_utils/nnet_dense_resource.h:240) on array 'w21' due to limited memory ports (II = 3). Please consider using a memory core with more ports or partitioning the array 'w21'.
Resolution: For help on HLS 200-885 see docs.xilinx.com/access/sources/dita/topic?Doc_Version=2024.1%20English&url=ug1448-hls-guidance&resourceid=200-885.html
WARNING: [HLS 200-885] The II Violation in module 'dense_resource_ap_fixed_16_6_5_3_0_ap_fixed_16_6_5_3_0_config21_s' (loop 'ReuseLoop'): Unable to schedule 'load' operation 8 bit ('w21_load_7', firmware/nnet_utils/nnet_dense_resource.h:55->firmware/nnet_utils/nnet_dense_resource.h:240) on array 'w21' due to limited memory ports (II = 4). Please consider using a memory core with more ports or partitioning the array 'w21'.
Resolution: For help on HLS 200-885 see docs.xilinx.com/access/sources/dita/topic?Doc_Version=2024.1%20English&url=ug1448-hls-guidance&resourceid=200-885.html
WARNING: [HLS 200-885] The II Violation in module 'dense_resource_ap_fixed_16_6_5_3_0_ap_fixed_16_6_5_3_0_config21_s' (loop 'ReuseLoop'): Unable to schedule 'load' operation 8 bit ('w21_load_21', firmware/nnet_utils/nnet_dense_resource.h:55->firmware/nnet_utils/nnet_dense_resource.h:240) on array 'w21' due to limited memory ports (II = 11). Please consider using a memory core with more ports or partitioning the array 'w21'.
Resolution: For help on HLS 200-885 see docs.xilinx.com/access/sources/dita/topic?Doc_Version=2024.1%20English&url=ug1448-hls-guidance&resourceid=200-885.html
INFO: [HLS 200-1470] Pipelining result : Target II = 1, Final II = 12, Depth = 13, loop 'ReuseLoop'
INFO: [SCHED 204-11] Finished scheduling.
INFO: [HLS 200-111] Finished Scheduling: CPU user time: 0.73 seconds. CPU system time: 0.01 seconds. Elapsed time: 0.75 seconds; current allocated memory: 654.891 MB.
INFO: [BIND 205-100] Starting micro-architecture generation ...
INFO: [BIND 205-101] Performing variable lifetime analysis.
INFO: [BIND 205-101] Exploring resource sharing.
INFO: [BIND 205-101] Binding ...
INFO: [BIND 205-100] Finished micro-architecture generation.
INFO: [HLS 200-111] Finished Binding: CPU user time: 0.07 seconds. CPU system time: 0.01 seconds. Elapsed time: 0.07 seconds; current allocated memory: 654.891 MB.
INFO: [HLS 200-10] ----------------------------------------------------------------
INFO: [HLS 200-42] -- Implementing module 'relu_ap_fixed_16_6_5_3_0_ap_ufixed_8_0_4_0_0_relu_config23_s' 
INFO: [HLS 200-10] ----------------------------------------------------------------
INFO: [SCHED 204-11] Starting scheduling ...
INFO: [SCHED 204-61] Pipelining function 'relu<ap_fixed<16, 6, 5, 3, 0>, ap_ufixed<8, 0, 4, 0, 0>, relu_config23>'.
INFO: [HLS 200-1470] Pipelining result : Target II = NA, Final II = 1, Depth = 1, function 'relu<ap_fixed<16, 6, 5, 3, 0>, ap_ufixed<8, 0, 4, 0, 0>, relu_config23>'
INFO: [SCHED 204-11] Finished scheduling.
INFO: [HLS 200-111] Finished Scheduling: CPU user time: 0.13 seconds. CPU system time: 0 seconds. Elapsed time: 0.14 seconds; current allocated memory: 654.891 MB.
INFO: [BIND 205-100] Starting micro-architecture generation ...
INFO: [BIND 205-101] Performing variable lifetime analysis.
INFO: [BIND 205-101] Exploring resource sharing.
INFO: [BIND 205-101] Binding ...
INFO: [BIND 205-100] Finished micro-architecture generation.
INFO: [HLS 200-111] Finished Binding: CPU user time: 0.06 seconds. CPU system time: 0.01 seconds. Elapsed time: 0.06 seconds; current allocated memory: 654.891 MB.
INFO: [HLS 200-10] ----------------------------------------------------------------
INFO: [HLS 200-42] -- Implementing module 'dense_resource_ap_ufixed_8_0_4_0_0_ap_fixed_16_6_5_3_0_config24_s' 
INFO: [HLS 200-10] ----------------------------------------------------------------
INFO: [SCHED 204-11] Starting scheduling ...
INFO: [SCHED 204-61] Pipelining loop 'ReuseLoop'.
WARNING: [HLS 200-885] The II Violation in module 'dense_resource_ap_ufixed_8_0_4_0_0_ap_fixed_16_6_5_3_0_config24_s' (loop 'ReuseLoop'): Unable to schedule 'load' operation 8 bit ('w24_load_1', firmware/nnet_utils/nnet_dense_resource.h:55->firmware/nnet_utils/nnet_dense_resource.h:240) on array 'w24' due to limited memory ports (II = 1). Please consider using a memory core with more ports or partitioning the array 'w24'.
Resolution: For help on HLS 200-885 see docs.xilinx.com/access/sources/dita/topic?Doc_Version=2024.1%20English&url=ug1448-hls-guidance&resourceid=200-885.html
INFO: [HLS 200-1470] Pipelining result : Target II = 1, Final II = 2, Depth = 3, loop 'ReuseLoop'
INFO: [SCHED 204-11] Finished scheduling.
INFO: [HLS 200-111] Finished Scheduling: CPU user time: 0.12 seconds. CPU system time: 0 seconds. Elapsed time: 0.12 seconds; current allocated memory: 657.008 MB.
INFO: [BIND 205-100] Starting micro-architecture generation ...
INFO: [BIND 205-101] Performing variable lifetime analysis.
INFO: [BIND 205-101] Exploring resource sharing.
INFO: [BIND 205-101] Binding ...
INFO: [BIND 205-100] Finished micro-architecture generation.
INFO: [HLS 200-111] Finished Binding: CPU user time: 0.04 seconds. CPU system time: 0.01 seconds. Elapsed time: 0.04 seconds; current allocated memory: 657.008 MB.
INFO: [HLS 200-10] ----------------------------------------------------------------
INFO: [HLS 200-42] -- Implementing module 'relu_ap_fixed_16_6_5_3_0_ap_ufixed_8_0_4_0_0_relu_config26_s' 
INFO: [HLS 200-10] ----------------------------------------------------------------
INFO: [SCHED 204-11] Starting scheduling ...
INFO: [SCHED 204-61] Pipelining function 'relu<ap_fixed<16, 6, 5, 3, 0>, ap_ufixed<8, 0, 4, 0, 0>, relu_config26>'.
INFO: [HLS 200-1470] Pipelining result : Target II = NA, Final II = 1, Depth = 1, function 'relu<ap_fixed<16, 6, 5, 3, 0>, ap_ufixed<8, 0, 4, 0, 0>, relu_config26>'
INFO: [SCHED 204-11] Finished scheduling.
INFO: [HLS 200-111] Finished Scheduling: CPU user time: 0.06 seconds. CPU system time: 0.01 seconds. Elapsed time: 0.08 seconds; current allocated memory: 657.262 MB.
INFO: [BIND 205-100] Starting micro-architecture generation ...
INFO: [BIND 205-101] Performing variable lifetime analysis.
INFO: [BIND 205-101] Exploring resource sharing.
INFO: [BIND 205-101] Binding ...
INFO: [BIND 205-100] Finished micro-architecture generation.
INFO: [HLS 200-111] Finished Binding: CPU user time: 0.03 seconds. CPU system time: 0 seconds. Elapsed time: 0.04 seconds; current allocated memory: 657.387 MB.
INFO: [HLS 200-10] ----------------------------------------------------------------
INFO: [HLS 200-42] -- Implementing module 'dense_resource_ap_ufixed_8_0_4_0_0_ap_fixed_16_6_5_3_0_config27_s' 
INFO: [HLS 200-10] ----------------------------------------------------------------
INFO: [SCHED 204-11] Starting scheduling ...
INFO: [SCHED 204-61] Pipelining loop 'ReuseLoop'.
INFO: [HLS 200-1470] Pipelining result : Target II = 1, Final II = 1, Depth = 2, loop 'ReuseLoop'
INFO: [SCHED 204-11] Finished scheduling.
INFO: [HLS 200-111] Finished Scheduling: CPU user time: 0.05 seconds. CPU system time: 0 seconds. Elapsed time: 0.07 seconds; current allocated memory: 658.289 MB.
INFO: [BIND 205-100] Starting micro-architecture generation ...
INFO: [BIND 205-101] Performing variable lifetime analysis.
INFO: [BIND 205-101] Exploring resource sharing.
INFO: [BIND 205-101] Binding ...
INFO: [BIND 205-100] Finished micro-architecture generation.
INFO: [HLS 200-111] Finished Binding: CPU user time: 0.03 seconds. CPU system time: 0.01 seconds. Elapsed time: 0.03 seconds; current allocated memory: 658.289 MB.
INFO: [HLS 200-10] ----------------------------------------------------------------
INFO: [HLS 200-42] -- Implementing module 'hard_sigmoid_ap_fixed_ap_ufixed_8_0_4_0_0_hard_sigmoid_config29_s' 
INFO: [HLS 200-10] ----------------------------------------------------------------
INFO: [SCHED 204-11] Starting scheduling ...
INFO: [SCHED 204-61] Pipelining function 'hard_sigmoid<ap_fixed,ap_ufixed<8,0,4,0,0>,hard_sigmoid_config29>'.
INFO: [HLS 200-1470] Pipelining result : Target II = NA, Final II = 1, Depth = 1, function 'hard_sigmoid<ap_fixed,ap_ufixed<8,0,4,0,0>,hard_sigmoid_config29>'
INFO: [SCHED 204-11] Finished scheduling.
INFO: [HLS 200-111] Finished Scheduling: CPU user time: 0.05 seconds. CPU system time: 0 seconds. Elapsed time: 0.05 seconds; current allocated memory: 658.391 MB.
INFO: [BIND 205-100] Starting micro-architecture generation ...
INFO: [BIND 205-101] Performing variable lifetime analysis.
INFO: [BIND 205-101] Exploring resource sharing.
INFO: [BIND 205-101] Binding ...
INFO: [BIND 205-100] Finished micro-architecture generation.
INFO: [HLS 200-111] Finished Binding: CPU user time: 0.03 seconds. CPU system time: 0 seconds. Elapsed time: 0.04 seconds; current allocated memory: 658.391 MB.
INFO: [HLS 200-10] ----------------------------------------------------------------
INFO: [HLS 200-42] -- Implementing module 'myproject' 
INFO: [HLS 200-10] ----------------------------------------------------------------
INFO: [SCHED 204-11] Starting scheduling ...
INFO: [SCHED 204-11] Finished scheduling.
WARNING: [HLS 200-1020] Increasing the depth of FIFO layer9_out (from linear_ap_fixed_16_6_5_3_0_ap_fixed_8_1_4_0_0_linear_config9_U0 to concatenate1d_ap_fixed_ap_fixed_ap_fixed_16_6_5_3_0_config12_U0) to 3 to improve performance and/or avoid deadlocks.
WARNING: [HLS 200-1020] Increasing the depth of FIFO layer19_out (from relu_ap_fixed_16_6_5_3_0_ap_ufixed_8_0_4_0_0_relu_config19_U0 to concatenate1d_ap_ufixed_ap_ufixed_ap_fixed_16_6_5_3_0_config20_U0) to 3 to improve performance and/or avoid deadlocks.
WARNING: [HLS 200-1020] Increasing the depth of FIFO layer19_out_1 (from relu_ap_fixed_16_6_5_3_0_ap_ufixed_8_0_4_0_0_relu_config19_U0 to concatenate1d_ap_ufixed_ap_ufixed_ap_fixed_16_6_5_3_0_config20_U0) to 3 to improve performance and/or avoid deadlocks.
WARNING: [HLS 200-1020] Increasing the depth of FIFO layer19_out_2 (from relu_ap_fixed_16_6_5_3_0_ap_ufixed_8_0_4_0_0_relu_config19_U0 to concatenate1d_ap_ufixed_ap_ufixed_ap_fixed_16_6_5_3_0_config20_U0) to 3 to improve performance and/or avoid deadlocks.
WARNING: [HLS 200-1020] Increasing the depth of FIFO layer19_out_3 (from relu_ap_fixed_16_6_5_3_0_ap_ufixed_8_0_4_0_0_relu_config19_U0 to concatenate1d_ap_ufixed_ap_ufixed_ap_fixed_16_6_5_3_0_config20_U0) to 3 to improve performance and/or avoid deadlocks.
WARNING: [HLS 200-1020] Increasing the depth of FIFO layer19_out_4 (from relu_ap_fixed_16_6_5_3_0_ap_ufixed_8_0_4_0_0_relu_config19_U0 to concatenate1d_ap_ufixed_ap_ufixed_ap_fixed_16_6_5_3_0_config20_U0) to 3 to improve performance and/or avoid deadlocks.
WARNING: [HLS 200-1020] Increasing the depth of FIFO layer19_out_5 (from relu_ap_fixed_16_6_5_3_0_ap_ufixed_8_0_4_0_0_relu_config19_U0 to concatenate1d_ap_ufixed_ap_ufixed_ap_fixed_16_6_5_3_0_config20_U0) to 3 to improve performance and/or avoid deadlocks.
INFO: [HLS 200-111] Finished Scheduling: CPU user time: 0.14 seconds. CPU system time: 0.01 seconds. Elapsed time: 0.14 seconds; current allocated memory: 660.457 MB.
INFO: [BIND 205-100] Starting micro-architecture generation ...
INFO: [BIND 205-101] Performing variable lifetime analysis.
INFO: [BIND 205-101] Exploring resource sharing.
INFO: [BIND 205-101] Binding ...
INFO: [BIND 205-100] Finished micro-architecture generation.
INFO: [HLS 200-111] Finished Binding: CPU user time: 0.08 seconds. CPU system time: 0.01 seconds. Elapsed time: 0.09 seconds; current allocated memory: 661.000 MB.
INFO: [HLS 200-10] ----------------------------------------------------------------
INFO: [HLS 200-10] -- Generating RTL for module 'linear_ap_fixed_16_6_5_3_0_ap_fixed_8_1_4_0_0_linear_config3_s' 
INFO: [HLS 200-10] ----------------------------------------------------------------
INFO: [RTGEN 206-100] Finished creating RTL model for 'linear_ap_fixed_16_6_5_3_0_ap_fixed_8_1_4_0_0_linear_config3_s'.
INFO: [HLS 200-111] Finished Creating RTL model: CPU user time: 0.23 seconds. CPU system time: 0.01 seconds. Elapsed time: 0.23 seconds; current allocated memory: 667.867 MB.
INFO: [HLS 200-10] ----------------------------------------------------------------
INFO: [HLS 200-10] -- Generating RTL for module 'linear_ap_fixed_16_6_5_3_0_ap_fixed_8_1_4_0_0_linear_config4_s' 
INFO: [HLS 200-10] ----------------------------------------------------------------
INFO: [RTGEN 206-100] Finished creating RTL model for 'linear_ap_fixed_16_6_5_3_0_ap_fixed_8_1_4_0_0_linear_config4_s'.
INFO: [HLS 200-111] Finished Creating RTL model: CPU user time: 0.43 seconds. CPU system time: 0.05 seconds. Elapsed time: 0.47 seconds; current allocated memory: 685.836 MB.
INFO: [HLS 200-10] ----------------------------------------------------------------
INFO: [HLS 200-10] -- Generating RTL for module 'concatenate1d_ap_fixed_ap_fixed_ap_fixed_16_6_5_3_0_config8_s' 
INFO: [HLS 200-10] ----------------------------------------------------------------
INFO: [RTGEN 206-100] Finished creating RTL model for 'concatenate1d_ap_fixed_ap_fixed_ap_fixed_16_6_5_3_0_config8_s'.
INFO: [HLS 200-111] Finished Creating RTL model: CPU user time: 0.31 seconds. CPU system time: 0.02 seconds. Elapsed time: 0.32 seconds; current allocated memory: 698.145 MB.
INFO: [HLS 200-10] ----------------------------------------------------------------
INFO: [HLS 200-10] -- Generating RTL for module 'linear_ap_fixed_16_6_5_3_0_ap_fixed_8_1_4_0_0_linear_config9_s' 
INFO: [HLS 200-10] ----------------------------------------------------------------
INFO: [RTGEN 206-100] Finished creating RTL model for 'linear_ap_fixed_16_6_5_3_0_ap_fixed_8_1_4_0_0_linear_config9_s'.
INFO: [HLS 200-111] Finished Creating RTL model: CPU user time: 0.11 seconds. CPU system time: 0.01 seconds. Elapsed time: 0.11 seconds; current allocated memory: 703.590 MB.
INFO: [HLS 200-10] ----------------------------------------------------------------
INFO: [HLS 200-10] -- Generating RTL for module 'linear_ap_fixed_16_6_5_3_0_ap_fixed_8_1_4_0_0_linear_config10_s' 
INFO: [HLS 200-10] ----------------------------------------------------------------
INFO: [RTGEN 206-100] Finished creating RTL model for 'linear_ap_fixed_16_6_5_3_0_ap_fixed_8_1_4_0_0_linear_config10_s'.
INFO: [HLS 200-111] Finished Creating RTL model: CPU user time: 0.09 seconds. CPU system time: 0.01 seconds. Elapsed time: 0.09 seconds; current allocated memory: 705.586 MB.
INFO: [HLS 200-10] ----------------------------------------------------------------
INFO: [HLS 200-10] -- Generating RTL for module 'linear_ap_fixed_16_6_5_3_0_ap_fixed_8_1_4_0_0_linear_config11_s' 
INFO: [HLS 200-10] ----------------------------------------------------------------
INFO: [RTGEN 206-100] Finished creating RTL model for 'linear_ap_fixed_16_6_5_3_0_ap_fixed_8_1_4_0_0_linear_config11_s'.
INFO: [HLS 200-111] Finished Creating RTL model: CPU user time: 0.08 seconds. CPU system time: 0.01 seconds. Elapsed time: 0.1 seconds; current allocated memory: 707.012 MB.
INFO: [HLS 200-10] ----------------------------------------------------------------
INFO: [HLS 200-10] -- Generating RTL for module 'concatenate1d_ap_fixed_ap_fixed_ap_fixed_16_6_5_3_0_config12_s' 
INFO: [HLS 200-10] ----------------------------------------------------------------
INFO: [RTGEN 206-100] Finished creating RTL model for 'concatenate1d_ap_fixed_ap_fixed_ap_fixed_16_6_5_3_0_config12_s'.
INFO: [HLS 200-111] Finished Creating RTL model: CPU user time: 0.11 seconds. CPU system time: 0 seconds. Elapsed time: 0.12 seconds; current allocated memory: 708.355 MB.
INFO: [HLS 200-10] ----------------------------------------------------------------
INFO: [HLS 200-10] -- Generating RTL for module 'concatenate1d_ap_fixed_ap_fixed_ap_fixed_16_6_5_3_0_config13_s' 
INFO: [HLS 200-10] ----------------------------------------------------------------
INFO: [RTGEN 206-100] Finished creating RTL model for 'concatenate1d_ap_fixed_ap_fixed_ap_fixed_16_6_5_3_0_config13_s'.
INFO: [HLS 200-111] Finished Creating RTL model: CPU user time: 0.09 seconds. CPU system time: 0.01 seconds. Elapsed time: 0.1 seconds; current allocated memory: 712.980 MB.
INFO: [HLS 200-10] ----------------------------------------------------------------
INFO: [HLS 200-10] -- Generating RTL for module 'dense_resource_ap_fixed_16_6_5_3_0_ap_fixed_16_6_5_3_0_config14_s' 
INFO: [HLS 200-10] ----------------------------------------------------------------
INFO: [RTGEN 206-100] Generating core module 'mul_11s_6s_17_1_1': 120 instance(s).
INFO: [RTGEN 206-100] Generating core module 'sparsemux_15_3_11_1_1': 5 instance(s).
INFO: [RTGEN 206-100] Finished creating RTL model for 'dense_resource_ap_fixed_16_6_5_3_0_ap_fixed_16_6_5_3_0_config14_s'.
INFO: [HLS 200-111] Finished Creating RTL model: CPU user time: 0.37 seconds. CPU system time: 0.02 seconds. Elapsed time: 0.4 seconds; current allocated memory: 721.824 MB.
INFO: [HLS 200-10] ----------------------------------------------------------------
INFO: [HLS 200-10] -- Generating RTL for module 'dense_resource_ap_fixed_16_6_5_3_0_ap_fixed_16_6_5_3_0_config16_s' 
INFO: [HLS 200-10] ----------------------------------------------------------------
INFO: [SYN 201-210] Renamed object name 'dense_resource_ap_fixed_16_6_5_3_0_ap_fixed_16_6_5_3_0_config16_s_outidx_i_ROM_AUTO_1R' to 'dense_resource_ap_fixed_16_6_5_3_0_ap_fixed_16_6_5_3_0_config16_s_outidx_i_RObkb' due to the length limit 80
INFO: [RTGEN 206-100] Generating core module 'mul_11s_6s_17_1_1': 1 instance(s).
INFO: [RTGEN 206-100] Generating core module 'sparsemux_13_3_16_1_1': 1 instance(s).
INFO: [RTGEN 206-100] Finished creating RTL model for 'dense_resource_ap_fixed_16_6_5_3_0_ap_fixed_16_6_5_3_0_config16_s'.
INFO: [RTMG 210-279] Implementing memory 'myproject_dense_resource_ap_fixed_16_6_5_3_0_ap_fixed_16_6_5_3_0_config16_s_outidx_i_RObkb' using auto ROMs.
INFO: [HLS 200-111] Finished Creating RTL model: CPU user time: 0.65 seconds. CPU system time: 0.09 seconds. Elapsed time: 0.75 seconds; current allocated memory: 754.246 MB.
INFO: [HLS 200-10] ----------------------------------------------------------------
INFO: [HLS 200-10] -- Generating RTL for module 'relu_ap_fixed_16_6_5_3_0_ap_ufixed_8_0_4_0_0_relu_config18_s' 
INFO: [HLS 200-10] ----------------------------------------------------------------
INFO: [RTGEN 206-100] Finished creating RTL model for 'relu_ap_fixed_16_6_5_3_0_ap_ufixed_8_0_4_0_0_relu_config18_s'.
INFO: [HLS 200-111] Finished Creating RTL model: CPU user time: 0.19 seconds. CPU system time: 0 seconds. Elapsed time: 0.2 seconds; current allocated memory: 756.848 MB.
INFO: [HLS 200-10] ----------------------------------------------------------------
INFO: [HLS 200-10] -- Generating RTL for module 'relu_ap_fixed_16_6_5_3_0_ap_ufixed_8_0_4_0_0_relu_config19_s' 
INFO: [HLS 200-10] ----------------------------------------------------------------
INFO: [RTGEN 206-100] Finished creating RTL model for 'relu_ap_fixed_16_6_5_3_0_ap_ufixed_8_0_4_0_0_relu_config19_s'.
INFO: [HLS 200-111] Finished Creating RTL model: CPU user time: 0.3 seconds. CPU system time: 0.05 seconds. Elapsed time: 0.34 seconds; current allocated memory: 768.891 MB.
INFO: [HLS 200-10] ----------------------------------------------------------------
INFO: [HLS 200-10] -- Generating RTL for module 'concatenate1d_ap_ufixed_ap_ufixed_ap_fixed_16_6_5_3_0_config20_s' 
INFO: [HLS 200-10] ----------------------------------------------------------------
INFO: [RTGEN 206-100] Finished creating RTL model for 'concatenate1d_ap_ufixed_ap_ufixed_ap_fixed_16_6_5_3_0_config20_s'.
INFO: [HLS 200-111] Finished Creating RTL model: CPU user time: 0.16 seconds. CPU system time: 0.01 seconds. Elapsed time: 0.18 seconds; current allocated memory: 779.590 MB.
INFO: [HLS 200-10] ----------------------------------------------------------------
INFO: [HLS 200-10] -- Generating RTL for module 'dense_resource_ap_fixed_16_6_5_3_0_ap_fixed_16_6_5_3_0_config21_s' 
INFO: [HLS 200-10] ----------------------------------------------------------------
INFO: [RTGEN 206-100] Generating core module 'mul_10ns_6s_16_1_1': 24 instance(s).
INFO: [RTGEN 206-100] Generating core module 'sparsemux_31_4_10_1_1': 2 instance(s).
INFO: [RTGEN 206-100] Finished creating RTL model for 'dense_resource_ap_fixed_16_6_5_3_0_ap_fixed_16_6_5_3_0_config21_s'.
INFO: [HLS 200-111] Finished Creating RTL model: CPU user time: 0.18 seconds. CPU system time: 0.01 seconds. Elapsed time: 0.2 seconds; current allocated memory: 785.691 MB.
INFO: [HLS 200-10] ----------------------------------------------------------------
INFO: [HLS 200-10] -- Generating RTL for module 'relu_ap_fixed_16_6_5_3_0_ap_ufixed_8_0_4_0_0_relu_config23_s' 
INFO: [HLS 200-10] ----------------------------------------------------------------
INFO: [RTGEN 206-100] Finished creating RTL model for 'relu_ap_fixed_16_6_5_3_0_ap_ufixed_8_0_4_0_0_relu_config23_s'.
INFO: [HLS 200-111] Finished Creating RTL model: CPU user time: 0.27 seconds. CPU system time: 0.04 seconds. Elapsed time: 0.32 seconds; current allocated memory: 791.141 MB.
INFO: [HLS 200-10] ----------------------------------------------------------------
INFO: [HLS 200-10] -- Generating RTL for module 'dense_resource_ap_ufixed_8_0_4_0_0_ap_fixed_16_6_5_3_0_config24_s' 
INFO: [HLS 200-10] ----------------------------------------------------------------
INFO: [RTGEN 206-100] Generating core module 'mul_8ns_6s_14_1_1': 4 instance(s).
INFO: [RTGEN 206-100] Generating core module 'sparsemux_25_4_8_1_1': 1 instance(s).
INFO: [RTGEN 206-100] Finished creating RTL model for 'dense_resource_ap_ufixed_8_0_4_0_0_ap_fixed_16_6_5_3_0_config24_s'.
INFO: [HLS 200-111] Finished Creating RTL model: CPU user time: 0.22 seconds. CPU system time: 0.02 seconds. Elapsed time: 0.26 seconds; current allocated memory: 802.348 MB.
INFO: [HLS 200-10] ----------------------------------------------------------------
INFO: [HLS 200-10] -- Generating RTL for module 'relu_ap_fixed_16_6_5_3_0_ap_ufixed_8_0_4_0_0_relu_config26_s' 
INFO: [HLS 200-10] ----------------------------------------------------------------
INFO: [RTGEN 206-100] Finished creating RTL model for 'relu_ap_fixed_16_6_5_3_0_ap_ufixed_8_0_4_0_0_relu_config26_s'.
INFO: [HLS 200-111] Finished Creating RTL model: CPU user time: 0.15 seconds. CPU system time: 0.01 seconds. Elapsed time: 0.16 seconds; current allocated memory: 809.812 MB.
INFO: [HLS 200-10] ----------------------------------------------------------------
INFO: [HLS 200-10] -- Generating RTL for module 'dense_resource_ap_ufixed_8_0_4_0_0_ap_fixed_16_6_5_3_0_config27_s' 
INFO: [HLS 200-10] ----------------------------------------------------------------
INFO: [RTGEN 206-100] Generating core module 'mul_8ns_6s_14_1_1': 1 instance(s).
INFO: [RTGEN 206-100] Generating core module 'sparsemux_9_2_8_1_1': 1 instance(s).
INFO: [RTGEN 206-100] Finished creating RTL model for 'dense_resource_ap_ufixed_8_0_4_0_0_ap_fixed_16_6_5_3_0_config27_s'.
INFO: [HLS 200-111] Finished Creating RTL model: CPU user time: 0.13 seconds. CPU system time: 0.02 seconds. Elapsed time: 0.15 seconds; current allocated memory: 813.191 MB.
INFO: [HLS 200-10] ----------------------------------------------------------------
INFO: [HLS 200-10] -- Generating RTL for module 'hard_sigmoid_ap_fixed_ap_ufixed_8_0_4_0_0_hard_sigmoid_config29_s' 
INFO: [HLS 200-10] ----------------------------------------------------------------
INFO: [RTGEN 206-100] Finished creating RTL model for 'hard_sigmoid_ap_fixed_ap_ufixed_8_0_4_0_0_hard_sigmoid_config29_s'.
INFO: [HLS 200-111] Finished Creating RTL model: CPU user time: 0.1 seconds. CPU system time: 0.01 seconds. Elapsed time: 0.12 seconds; current allocated memory: 815.906 MB.
INFO: [HLS 200-10] ----------------------------------------------------------------
INFO: [HLS 200-10] -- Generating RTL for module 'myproject' 
INFO: [HLS 200-10] ----------------------------------------------------------------
INFO: [RTGEN 206-500] Setting interface mode on port 'myproject/x_profile' to 'ap_vld'.
INFO: [RTGEN 206-500] Setting interface mode on port 'myproject/nModule' to 'ap_vld'.
INFO: [RTGEN 206-500] Setting interface mode on port 'myproject/x_local' to 'ap_vld'.
INFO: [RTGEN 206-500] Setting interface mode on port 'myproject/y_profile' to 'ap_vld'.
INFO: [RTGEN 206-500] Setting interface mode on port 'myproject/y_local' to 'ap_vld'.
INFO: [RTGEN 206-500] Setting interface mode on port 'myproject/layer29_out' to 'ap_vld'.
INFO: [RTGEN 206-500] Setting interface mode on port 'myproject/w14' to 'ap_memory'.
INFO: [RTGEN 206-500] Setting interface mode on port 'myproject/b14_0' to 'ap_none'.
INFO: [RTGEN 206-500] Setting interface mode on port 'myproject/b14_1' to 'ap_none'.
INFO: [RTGEN 206-500] Setting interface mode on port 'myproject/b14_2' to 'ap_none'.
INFO: [RTGEN 206-500] Setting interface mode on port 'myproject/b14_3' to 'ap_none'.
INFO: [RTGEN 206-500] Setting interface mode on port 'myproject/b14_4' to 'ap_none'.
INFO: [RTGEN 206-500] Setting interface mode on port 'myproject/b14_5' to 'ap_none'.
INFO: [RTGEN 206-500] Setting interface mode on port 'myproject/b14_6' to 'ap_none'.
INFO: [RTGEN 206-500] Setting interface mode on port 'myproject/b14_7' to 'ap_none'.
INFO: [RTGEN 206-500] Setting interface mode on port 'myproject/b14_8' to 'ap_none'.
INFO: [RTGEN 206-500] Setting interface mode on port 'myproject/b14_9' to 'ap_none'.
INFO: [RTGEN 206-500] Setting interface mode on port 'myproject/b14_10' to 'ap_none'.
INFO: [RTGEN 206-500] Setting interface mode on port 'myproject/b14_11' to 'ap_none'.
INFO: [RTGEN 206-500] Setting interface mode on port 'myproject/b14_12' to 'ap_none'.
INFO: [RTGEN 206-500] Setting interface mode on port 'myproject/b14_13' to 'ap_none'.
INFO: [RTGEN 206-500] Setting interface mode on port 'myproject/b14_14' to 'ap_none'.
INFO: [RTGEN 206-500] Setting interface mode on port 'myproject/b14_15' to 'ap_none'.
INFO: [RTGEN 206-500] Setting interface mode on port 'myproject/b14_16' to 'ap_none'.
INFO: [RTGEN 206-500] Setting interface mode on port 'myproject/b14_17' to 'ap_none'.
INFO: [RTGEN 206-500] Setting interface mode on port 'myproject/b14_18' to 'ap_none'.
INFO: [RTGEN 206-500] Setting interface mode on port 'myproject/b14_19' to 'ap_none'.
INFO: [RTGEN 206-500] Setting interface mode on port 'myproject/b14_20' to 'ap_none'.
INFO: [RTGEN 206-500] Setting interface mode on port 'myproject/b14_21' to 'ap_none'.
INFO: [RTGEN 206-500] Setting interface mode on port 'myproject/b14_22' to 'ap_none'.
INFO: [RTGEN 206-500] Setting interface mode on port 'myproject/b14_23' to 'ap_none'.
INFO: [RTGEN 206-500] Setting interface mode on port 'myproject/w16' to 'ap_memory'.
INFO: [RTGEN 206-500] Setting interface mode on port 'myproject/b16_0' to 'ap_none'.
INFO: [RTGEN 206-500] Setting interface mode on port 'myproject/b16_1' to 'ap_none'.
INFO: [RTGEN 206-500] Setting interface mode on port 'myproject/b16_2' to 'ap_none'.
INFO: [RTGEN 206-500] Setting interface mode on port 'myproject/b16_3' to 'ap_none'.
INFO: [RTGEN 206-500] Setting interface mode on port 'myproject/b16_4' to 'ap_none'.
INFO: [RTGEN 206-500] Setting interface mode on port 'myproject/b16_5' to 'ap_none'.
INFO: [RTGEN 206-500] Setting interface mode on port 'myproject/w21' to 'ap_memory'.
INFO: [RTGEN 206-500] Setting interface mode on port 'myproject/b21_0' to 'ap_none'.
INFO: [RTGEN 206-500] Setting interface mode on port 'myproject/b21_1' to 'ap_none'.
INFO: [RTGEN 206-500] Setting interface mode on port 'myproject/b21_2' to 'ap_none'.
INFO: [RTGEN 206-500] Setting interface mode on port 'myproject/b21_3' to 'ap_none'.
INFO: [RTGEN 206-500] Setting interface mode on port 'myproject/b21_4' to 'ap_none'.
INFO: [RTGEN 206-500] Setting interface mode on port 'myproject/b21_5' to 'ap_none'.
INFO: [RTGEN 206-500] Setting interface mode on port 'myproject/b21_6' to 'ap_none'.
INFO: [RTGEN 206-500] Setting interface mode on port 'myproject/b21_7' to 'ap_none'.
INFO: [RTGEN 206-500] Setting interface mode on port 'myproject/b21_8' to 'ap_none'.
INFO: [RTGEN 206-500] Setting interface mode on port 'myproject/b21_9' to 'ap_none'.
INFO: [RTGEN 206-500] Setting interface mode on port 'myproject/b21_10' to 'ap_none'.
INFO: [RTGEN 206-500] Setting interface mode on port 'myproject/b21_11' to 'ap_none'.
INFO: [RTGEN 206-500] Setting interface mode on port 'myproject/w24' to 'ap_memory'.
INFO: [RTGEN 206-500] Setting interface mode on port 'myproject/b24_0' to 'ap_none'.
INFO: [RTGEN 206-500] Setting interface mode on port 'myproject/b24_1' to 'ap_none'.
INFO: [RTGEN 206-500] Setting interface mode on port 'myproject/b24_2' to 'ap_none'.
INFO: [RTGEN 206-500] Setting interface mode on port 'myproject/b24_3' to 'ap_none'.
INFO: [RTGEN 206-500] Setting interface mode on port 'myproject/w27' to 'ap_memory'.
INFO: [RTGEN 206-500] Setting interface mode on port 'myproject/b27' to 'ap_none'.
INFO: [RTGEN 206-500] Setting interface mode on function 'myproject' to 'ap_ctrl_hs'.
INFO: [RTGEN 206-100] Finished creating RTL model for 'myproject'.
INFO: [RTMG 210-285] Implementing FIFO 'layer3_out_U(myproject_fifo_w8_d2_S)' using Shift Registers.
INFO: [RTMG 210-285] Implementing FIFO 'layer3_out_1_U(myproject_fifo_w8_d2_S)' using Shift Registers.
INFO: [RTMG 210-285] Implementing FIFO 'layer3_out_2_U(myproject_fifo_w8_d2_S)' using Shift Registers.
INFO: [RTMG 210-285] Implementing FIFO 'layer3_out_3_U(myproject_fifo_w8_d2_S)' using Shift Registers.
INFO: [RTMG 210-285] Implementing FIFO 'layer3_out_4_U(myproject_fifo_w8_d2_S)' using Shift Registers.
INFO: [RTMG 210-285] Implementing FIFO 'layer3_out_5_U(myproject_fifo_w8_d2_S)' using Shift Registers.
INFO: [RTMG 210-285] Implementing FIFO 'layer3_out_6_U(myproject_fifo_w8_d2_S)' using Shift Registers.
INFO: [RTMG 210-285] Implementing FIFO 'layer3_out_7_U(myproject_fifo_w8_d2_S)' using Shift Registers.
INFO: [RTMG 210-285] Implementing FIFO 'layer3_out_8_U(myproject_fifo_w8_d2_S)' using Shift Registers.
INFO: [RTMG 210-285] Implementing FIFO 'layer3_out_9_U(myproject_fifo_w8_d2_S)' using Shift Registers.
INFO: [RTMG 210-285] Implementing FIFO 'layer3_out_10_U(myproject_fifo_w8_d2_S)' using Shift Registers.
INFO: [RTMG 210-285] Implementing FIFO 'layer3_out_11_U(myproject_fifo_w8_d2_S)' using Shift Registers.
INFO: [RTMG 210-285] Implementing FIFO 'layer3_out_12_U(myproject_fifo_w8_d2_S)' using Shift Registers.
INFO: [RTMG 210-285] Implementing FIFO 'layer3_out_13_U(myproject_fifo_w8_d2_S)' using Shift Registers.
INFO: [RTMG 210-285] Implementing FIFO 'layer3_out_14_U(myproject_fifo_w8_d2_S)' using Shift Registers.
INFO: [RTMG 210-285] Implementing FIFO 'layer3_out_15_U(myproject_fifo_w8_d2_S)' using Shift Registers.
INFO: [RTMG 210-285] Implementing FIFO 'layer3_out_16_U(myproject_fifo_w8_d2_S)' using Shift Registers.
INFO: [RTMG 210-285] Implementing FIFO 'layer3_out_17_U(myproject_fifo_w8_d2_S)' using Shift Registers.
INFO: [RTMG 210-285] Implementing FIFO 'layer3_out_18_U(myproject_fifo_w8_d2_S)' using Shift Registers.
INFO: [RTMG 210-285] Implementing FIFO 'layer3_out_19_U(myproject_fifo_w8_d2_S)' using Shift Registers.
INFO: [RTMG 210-285] Implementing FIFO 'layer3_out_20_U(myproject_fifo_w8_d2_S)' using Shift Registers.
INFO: [RTMG 210-285] Implementing FIFO 'layer4_out_U(myproject_fifo_w8_d2_S)' using Shift Registers.
INFO: [RTMG 210-285] Implementing FIFO 'layer4_out_1_U(myproject_fifo_w8_d2_S)' using Shift Registers.
INFO: [RTMG 210-285] Implementing FIFO 'layer4_out_2_U(myproject_fifo_w8_d2_S)' using Shift Registers.
INFO: [RTMG 210-285] Implementing FIFO 'layer4_out_3_U(myproject_fifo_w8_d2_S)' using Shift Registers.
INFO: [RTMG 210-285] Implementing FIFO 'layer4_out_4_U(myproject_fifo_w8_d2_S)' using Shift Registers.
INFO: [RTMG 210-285] Implementing FIFO 'layer4_out_5_U(myproject_fifo_w8_d2_S)' using Shift Registers.
INFO: [RTMG 210-285] Implementing FIFO 'layer4_out_6_U(myproject_fifo_w8_d2_S)' using Shift Registers.
INFO: [RTMG 210-285] Implementing FIFO 'layer4_out_7_U(myproject_fifo_w8_d2_S)' using Shift Registers.
INFO: [RTMG 210-285] Implementing FIFO 'layer4_out_8_U(myproject_fifo_w8_d2_S)' using Shift Registers.
INFO: [RTMG 210-285] Implementing FIFO 'layer4_out_9_U(myproject_fifo_w8_d2_S)' using Shift Registers.
INFO: [RTMG 210-285] Implementing FIFO 'layer4_out_10_U(myproject_fifo_w8_d2_S)' using Shift Registers.
INFO: [RTMG 210-285] Implementing FIFO 'layer4_out_11_U(myproject_fifo_w8_d2_S)' using Shift Registers.
INFO: [RTMG 210-285] Implementing FIFO 'layer4_out_12_U(myproject_fifo_w8_d2_S)' using Shift Registers.
INFO: [RTMG 210-285] Implementing FIFO 'layer8_out_U(myproject_fifo_w11_d2_S)' using Shift Registers.
INFO: [RTMG 210-285] Implementing FIFO 'layer8_out_1_U(myproject_fifo_w11_d2_S)' using Shift Registers.
INFO: [RTMG 210-285] Implementing FIFO 'layer8_out_2_U(myproject_fifo_w11_d2_S)' using Shift Registers.
INFO: [RTMG 210-285] Implementing FIFO 'layer8_out_3_U(myproject_fifo_w11_d2_S)' using Shift Registers.
INFO: [RTMG 210-285] Implementing FIFO 'layer8_out_4_U(myproject_fifo_w11_d2_S)' using Shift Registers.
INFO: [RTMG 210-285] Implementing FIFO 'layer8_out_5_U(myproject_fifo_w11_d2_S)' using Shift Registers.
INFO: [RTMG 210-285] Implementing FIFO 'layer8_out_6_U(myproject_fifo_w11_d2_S)' using Shift Registers.
INFO: [RTMG 210-285] Implementing FIFO 'layer8_out_7_U(myproject_fifo_w11_d2_S)' using Shift Registers.
INFO: [RTMG 210-285] Implementing FIFO 'layer8_out_8_U(myproject_fifo_w11_d2_S)' using Shift Registers.
INFO: [RTMG 210-285] Implementing FIFO 'layer8_out_9_U(myproject_fifo_w11_d2_S)' using Shift Registers.
INFO: [RTMG 210-285] Implementing FIFO 'layer8_out_10_U(myproject_fifo_w11_d2_S)' using Shift Registers.
INFO: [RTMG 210-285] Implementing FIFO 'layer8_out_11_U(myproject_fifo_w11_d2_S)' using Shift Registers.
INFO: [RTMG 210-285] Implementing FIFO 'layer8_out_12_U(myproject_fifo_w11_d2_S)' using Shift Registers.
INFO: [RTMG 210-285] Implementing FIFO 'layer8_out_13_U(myproject_fifo_w11_d2_S)' using Shift Registers.
INFO: [RTMG 210-285] Implementing FIFO 'layer8_out_14_U(myproject_fifo_w11_d2_S)' using Shift Registers.
INFO: [RTMG 210-285] Implementing FIFO 'layer8_out_15_U(myproject_fifo_w11_d2_S)' using Shift Registers.
INFO: [RTMG 210-285] Implementing FIFO 'layer8_out_16_U(myproject_fifo_w11_d2_S)' using Shift Registers.
INFO: [RTMG 210-285] Implementing FIFO 'layer8_out_17_U(myproject_fifo_w11_d2_S)' using Shift Registers.
INFO: [RTMG 210-285] Implementing FIFO 'layer8_out_18_U(myproject_fifo_w11_d2_S)' using Shift Registers.
INFO: [RTMG 210-285] Implementing FIFO 'layer8_out_19_U(myproject_fifo_w11_d2_S)' using Shift Registers.
INFO: [RTMG 210-285] Implementing FIFO 'layer8_out_20_U(myproject_fifo_w11_d2_S)' using Shift Registers.
INFO: [RTMG 210-285] Implementing FIFO 'layer8_out_21_U(myproject_fifo_w11_d2_S)' using Shift Registers.
INFO: [RTMG 210-285] Implementing FIFO 'layer8_out_22_U(myproject_fifo_w11_d2_S)' using Shift Registers.
INFO: [RTMG 210-285] Implementing FIFO 'layer8_out_23_U(myproject_fifo_w11_d2_S)' using Shift Registers.
INFO: [RTMG 210-285] Implementing FIFO 'layer8_out_24_U(myproject_fifo_w11_d2_S)' using Shift Registers.
INFO: [RTMG 210-285] Implementing FIFO 'layer8_out_25_U(myproject_fifo_w11_d2_S)' using Shift Registers.
INFO: [RTMG 210-285] Implementing FIFO 'layer8_out_26_U(myproject_fifo_w11_d2_S)' using Shift Registers.
INFO: [RTMG 210-285] Implementing FIFO 'layer8_out_27_U(myproject_fifo_w11_d2_S)' using Shift Registers.
INFO: [RTMG 210-285] Implementing FIFO 'layer8_out_28_U(myproject_fifo_w11_d2_S)' using Shift Registers.
INFO: [RTMG 210-285] Implementing FIFO 'layer8_out_29_U(myproject_fifo_w11_d2_S)' using Shift Registers.
INFO: [RTMG 210-285] Implementing FIFO 'layer8_out_30_U(myproject_fifo_w11_d2_S)' using Shift Registers.
INFO: [RTMG 210-285] Implementing FIFO 'layer8_out_31_U(myproject_fifo_w11_d2_S)' using Shift Registers.
INFO: [RTMG 210-285] Implementing FIFO 'layer8_out_32_U(myproject_fifo_w11_d2_S)' using Shift Registers.
INFO: [RTMG 210-285] Implementing FIFO 'layer8_out_33_U(myproject_fifo_w11_d2_S)' using Shift Registers.
INFO: [RTMG 210-285] Implementing FIFO 'layer9_out_U(myproject_fifo_w8_d3_S)' using Shift Registers.
INFO: [RTMG 210-285] Implementing FIFO 'layer10_out_U(myproject_fifo_w8_d2_S)' using Shift Registers.
INFO: [RTMG 210-285] Implementing FIFO 'layer11_out_U(myproject_fifo_w8_d2_S)' using Shift Registers.
INFO: [RTMG 210-285] Implementing FIFO 'layer12_out_U(myproject_fifo_w11_d2_S)' using Shift Registers.
INFO: [RTMG 210-285] Implementing FIFO 'layer12_out_1_U(myproject_fifo_w11_d2_S)' using Shift Registers.
INFO: [RTMG 210-285] Implementing FIFO 'layer12_out_2_U(myproject_fifo_w11_d2_S)' using Shift Registers.
INFO: [RTMG 210-285] Implementing FIFO 'layer12_out_3_U(myproject_fifo_w11_d2_S)' using Shift Registers.
INFO: [RTMG 210-285] Implementing FIFO 'layer12_out_4_U(myproject_fifo_w11_d2_S)' using Shift Registers.
INFO: [RTMG 210-285] Implementing FIFO 'layer12_out_5_U(myproject_fifo_w11_d2_S)' using Shift Registers.
INFO: [RTMG 210-285] Implementing FIFO 'layer12_out_6_U(myproject_fifo_w11_d2_S)' using Shift Registers.
INFO: [RTMG 210-285] Implementing FIFO 'layer12_out_7_U(myproject_fifo_w11_d2_S)' using Shift Registers.
INFO: [RTMG 210-285] Implementing FIFO 'layer12_out_8_U(myproject_fifo_w11_d2_S)' using Shift Registers.
INFO: [RTMG 210-285] Implementing FIFO 'layer12_out_9_U(myproject_fifo_w11_d2_S)' using Shift Registers.
INFO: [RTMG 210-285] Implementing FIFO 'layer12_out_10_U(myproject_fifo_w11_d2_S)' using Shift Registers.
INFO: [RTMG 210-285] Implementing FIFO 'layer12_out_11_U(myproject_fifo_w11_d2_S)' using Shift Registers.
INFO: [RTMG 210-285] Implementing FIFO 'layer12_out_12_U(myproject_fifo_w11_d2_S)' using Shift Registers.
INFO: [RTMG 210-285] Implementing FIFO 'layer12_out_13_U(myproject_fifo_w11_d2_S)' using Shift Registers.
INFO: [RTMG 210-285] Implementing FIFO 'layer12_out_14_U(myproject_fifo_w11_d2_S)' using Shift Registers.
INFO: [RTMG 210-285] Implementing FIFO 'layer12_out_15_U(myproject_fifo_w11_d2_S)' using Shift Registers.
INFO: [RTMG 210-285] Implementing FIFO 'layer12_out_16_U(myproject_fifo_w11_d2_S)' using Shift Registers.
INFO: [RTMG 210-285] Implementing FIFO 'layer12_out_17_U(myproject_fifo_w11_d2_S)' using Shift Registers.
INFO: [RTMG 210-285] Implementing FIFO 'layer12_out_18_U(myproject_fifo_w11_d2_S)' using Shift Registers.
INFO: [RTMG 210-285] Implementing FIFO 'layer12_out_19_U(myproject_fifo_w11_d2_S)' using Shift Registers.
INFO: [RTMG 210-285] Implementing FIFO 'layer12_out_20_U(myproject_fifo_w11_d2_S)' using Shift Registers.
INFO: [RTMG 210-285] Implementing FIFO 'layer12_out_21_U(myproject_fifo_w11_d2_S)' using Shift Registers.
INFO: [RTMG 210-285] Implementing FIFO 'layer12_out_22_U(myproject_fifo_w11_d2_S)' using Shift Registers.
INFO: [RTMG 210-285] Implementing FIFO 'layer12_out_23_U(myproject_fifo_w11_d2_S)' using Shift Registers.
INFO: [RTMG 210-285] Implementing FIFO 'layer12_out_24_U(myproject_fifo_w11_d2_S)' using Shift Registers.
INFO: [RTMG 210-285] Implementing FIFO 'layer12_out_25_U(myproject_fifo_w11_d2_S)' using Shift Registers.
INFO: [RTMG 210-285] Implementing FIFO 'layer12_out_26_U(myproject_fifo_w11_d2_S)' using Shift Registers.
INFO: [RTMG 210-285] Implementing FIFO 'layer12_out_27_U(myproject_fifo_w11_d2_S)' using Shift Registers.
INFO: [RTMG 210-285] Implementing FIFO 'layer12_out_28_U(myproject_fifo_w11_d2_S)' using Shift Registers.
INFO: [RTMG 210-285] Implementing FIFO 'layer12_out_29_U(myproject_fifo_w11_d2_S)' using Shift Registers.
INFO: [RTMG 210-285] Implementing FIFO 'layer12_out_30_U(myproject_fifo_w11_d2_S)' using Shift Registers.
INFO: [RTMG 210-285] Implementing FIFO 'layer12_out_31_U(myproject_fifo_w11_d2_S)' using Shift Registers.
INFO: [RTMG 210-285] Implementing FIFO 'layer12_out_32_U(myproject_fifo_w11_d2_S)' using Shift Registers.
INFO: [RTMG 210-285] Implementing FIFO 'layer12_out_33_U(myproject_fifo_w11_d2_S)' using Shift Registers.
INFO: [RTMG 210-285] Implementing FIFO 'layer12_out_34_U(myproject_fifo_w11_d2_S)' using Shift Registers.
INFO: [RTMG 210-285] Implementing FIFO 'layer13_out_U(myproject_fifo_w11_d2_S)' using Shift Registers.
INFO: [RTMG 210-285] Implementing FIFO 'layer13_out_1_U(myproject_fifo_w11_d2_S)' using Shift Registers.
INFO: [RTMG 210-285] Implementing FIFO 'layer14_out_U(myproject_fifo_w16_d2_S)' using Shift Registers.
INFO: [RTMG 210-285] Implementing FIFO 'layer14_out_1_U(myproject_fifo_w16_d2_S)' using Shift Registers.
INFO: [RTMG 210-285] Implementing FIFO 'layer14_out_2_U(myproject_fifo_w16_d2_S)' using Shift Registers.
INFO: [RTMG 210-285] Implementing FIFO 'layer14_out_3_U(myproject_fifo_w16_d2_S)' using Shift Registers.
INFO: [RTMG 210-285] Implementing FIFO 'layer14_out_4_U(myproject_fifo_w16_d2_S)' using Shift Registers.
INFO: [RTMG 210-285] Implementing FIFO 'layer14_out_5_U(myproject_fifo_w16_d2_S)' using Shift Registers.
INFO: [RTMG 210-285] Implementing FIFO 'layer14_out_6_U(myproject_fifo_w16_d2_S)' using Shift Registers.
INFO: [RTMG 210-285] Implementing FIFO 'layer14_out_7_U(myproject_fifo_w16_d2_S)' using Shift Registers.
INFO: [RTMG 210-285] Implementing FIFO 'layer14_out_8_U(myproject_fifo_w16_d2_S)' using Shift Registers.
INFO: [RTMG 210-285] Implementing FIFO 'layer14_out_9_U(myproject_fifo_w16_d2_S)' using Shift Registers.
INFO: [RTMG 210-285] Implementing FIFO 'layer14_out_10_U(myproject_fifo_w16_d2_S)' using Shift Registers.
INFO: [RTMG 210-285] Implementing FIFO 'layer14_out_11_U(myproject_fifo_w16_d2_S)' using Shift Registers.
INFO: [RTMG 210-285] Implementing FIFO 'layer14_out_12_U(myproject_fifo_w16_d2_S)' using Shift Registers.
INFO: [RTMG 210-285] Implementing FIFO 'layer14_out_13_U(myproject_fifo_w16_d2_S)' using Shift Registers.
INFO: [RTMG 210-285] Implementing FIFO 'layer14_out_14_U(myproject_fifo_w16_d2_S)' using Shift Registers.
INFO: [RTMG 210-285] Implementing FIFO 'layer14_out_15_U(myproject_fifo_w16_d2_S)' using Shift Registers.
INFO: [RTMG 210-285] Implementing FIFO 'layer14_out_16_U(myproject_fifo_w16_d2_S)' using Shift Registers.
INFO: [RTMG 210-285] Implementing FIFO 'layer14_out_17_U(myproject_fifo_w16_d2_S)' using Shift Registers.
INFO: [RTMG 210-285] Implementing FIFO 'layer14_out_18_U(myproject_fifo_w16_d2_S)' using Shift Registers.
INFO: [RTMG 210-285] Implementing FIFO 'layer14_out_19_U(myproject_fifo_w16_d2_S)' using Shift Registers.
INFO: [RTMG 210-285] Implementing FIFO 'layer14_out_20_U(myproject_fifo_w16_d2_S)' using Shift Registers.
INFO: [RTMG 210-285] Implementing FIFO 'layer14_out_21_U(myproject_fifo_w16_d2_S)' using Shift Registers.
INFO: [RTMG 210-285] Implementing FIFO 'layer14_out_22_U(myproject_fifo_w16_d2_S)' using Shift Registers.
INFO: [RTMG 210-285] Implementing FIFO 'layer14_out_23_U(myproject_fifo_w16_d2_S)' using Shift Registers.
INFO: [RTMG 210-285] Implementing FIFO 'layer16_out_U(myproject_fifo_w16_d2_S)' using Shift Registers.
INFO: [RTMG 210-285] Implementing FIFO 'layer16_out_1_U(myproject_fifo_w16_d2_S)' using Shift Registers.
INFO: [RTMG 210-285] Implementing FIFO 'layer16_out_2_U(myproject_fifo_w16_d2_S)' using Shift Registers.
INFO: [RTMG 210-285] Implementing FIFO 'layer16_out_3_U(myproject_fifo_w16_d2_S)' using Shift Registers.
INFO: [RTMG 210-285] Implementing FIFO 'layer16_out_4_U(myproject_fifo_w16_d2_S)' using Shift Registers.
INFO: [RTMG 210-285] Implementing FIFO 'layer16_out_5_U(myproject_fifo_w16_d2_S)' using Shift Registers.
INFO: [RTMG 210-285] Implementing FIFO 'layer18_out_U(myproject_fifo_w8_d2_S)' using Shift Registers.
INFO: [RTMG 210-285] Implementing FIFO 'layer18_out_1_U(myproject_fifo_w8_d2_S)' using Shift Registers.
INFO: [RTMG 210-285] Implementing FIFO 'layer18_out_2_U(myproject_fifo_w8_d2_S)' using Shift Registers.
INFO: [RTMG 210-285] Implementing FIFO 'layer18_out_3_U(myproject_fifo_w8_d2_S)' using Shift Registers.
INFO: [RTMG 210-285] Implementing FIFO 'layer18_out_4_U(myproject_fifo_w8_d2_S)' using Shift Registers.
INFO: [RTMG 210-285] Implementing FIFO 'layer18_out_5_U(myproject_fifo_w8_d2_S)' using Shift Registers.
INFO: [RTMG 210-285] Implementing FIFO 'layer18_out_6_U(myproject_fifo_w8_d2_S)' using Shift Registers.
INFO: [RTMG 210-285] Implementing FIFO 'layer18_out_7_U(myproject_fifo_w8_d2_S)' using Shift Registers.
INFO: [RTMG 210-285] Implementing FIFO 'layer18_out_8_U(myproject_fifo_w8_d2_S)' using Shift Registers.
INFO: [RTMG 210-285] Implementing FIFO 'layer18_out_9_U(myproject_fifo_w8_d2_S)' using Shift Registers.
INFO: [RTMG 210-285] Implementing FIFO 'layer18_out_10_U(myproject_fifo_w8_d2_S)' using Shift Registers.
INFO: [RTMG 210-285] Implementing FIFO 'layer18_out_11_U(myproject_fifo_w8_d2_S)' using Shift Registers.
INFO: [RTMG 210-285] Implementing FIFO 'layer18_out_12_U(myproject_fifo_w8_d2_S)' using Shift Registers.
INFO: [RTMG 210-285] Implementing FIFO 'layer18_out_13_U(myproject_fifo_w8_d2_S)' using Shift Registers.
INFO: [RTMG 210-285] Implementing FIFO 'layer18_out_14_U(myproject_fifo_w8_d2_S)' using Shift Registers.
INFO: [RTMG 210-285] Implementing FIFO 'layer18_out_15_U(myproject_fifo_w8_d2_S)' using Shift Registers.
INFO: [RTMG 210-285] Implementing FIFO 'layer18_out_16_U(myproject_fifo_w8_d2_S)' using Shift Registers.
INFO: [RTMG 210-285] Implementing FIFO 'layer18_out_17_U(myproject_fifo_w8_d2_S)' using Shift Registers.
INFO: [RTMG 210-285] Implementing FIFO 'layer18_out_18_U(myproject_fifo_w8_d2_S)' using Shift Registers.
INFO: [RTMG 210-285] Implementing FIFO 'layer18_out_19_U(myproject_fifo_w8_d2_S)' using Shift Registers.
INFO: [RTMG 210-285] Implementing FIFO 'layer18_out_20_U(myproject_fifo_w8_d2_S)' using Shift Registers.
INFO: [RTMG 210-285] Implementing FIFO 'layer18_out_21_U(myproject_fifo_w8_d2_S)' using Shift Registers.
INFO: [RTMG 210-285] Implementing FIFO 'layer18_out_22_U(myproject_fifo_w8_d2_S)' using Shift Registers.
INFO: [RTMG 210-285] Implementing FIFO 'layer18_out_23_U(myproject_fifo_w8_d2_S)' using Shift Registers.
INFO: [RTMG 210-285] Implementing FIFO 'layer19_out_U(myproject_fifo_w8_d3_S)' using Shift Registers.
INFO: [RTMG 210-285] Implementing FIFO 'layer19_out_1_U(myproject_fifo_w8_d3_S)' using Shift Registers.
INFO: [RTMG 210-285] Implementing FIFO 'layer19_out_2_U(myproject_fifo_w8_d3_S)' using Shift Registers.
INFO: [RTMG 210-285] Implementing FIFO 'layer19_out_3_U(myproject_fifo_w8_d3_S)' using Shift Registers.
INFO: [RTMG 210-285] Implementing FIFO 'layer19_out_4_U(myproject_fifo_w8_d3_S)' using Shift Registers.
INFO: [RTMG 210-285] Implementing FIFO 'layer19_out_5_U(myproject_fifo_w8_d3_S)' using Shift Registers.
INFO: [RTMG 210-285] Implementing FIFO 'layer20_out_U(myproject_fifo_w10_d2_S)' using Shift Registers.
INFO: [RTMG 210-285] Implementing FIFO 'layer20_out_1_U(myproject_fifo_w10_d2_S)' using Shift Registers.
INFO: [RTMG 210-285] Implementing FIFO 'layer20_out_2_U(myproject_fifo_w10_d2_S)' using Shift Registers.
INFO: [RTMG 210-285] Implementing FIFO 'layer20_out_3_U(myproject_fifo_w10_d2_S)' using Shift Registers.
INFO: [RTMG 210-285] Implementing FIFO 'layer20_out_4_U(myproject_fifo_w10_d2_S)' using Shift Registers.
INFO: [RTMG 210-285] Implementing FIFO 'layer20_out_5_U(myproject_fifo_w10_d2_S)' using Shift Registers.
INFO: [RTMG 210-285] Implementing FIFO 'layer20_out_6_U(myproject_fifo_w10_d2_S)' using Shift Registers.
INFO: [RTMG 210-285] Implementing FIFO 'layer20_out_7_U(myproject_fifo_w10_d2_S)' using Shift Registers.
INFO: [RTMG 210-285] Implementing FIFO 'layer20_out_8_U(myproject_fifo_w10_d2_S)' using Shift Registers.
INFO: [RTMG 210-285] Implementing FIFO 'layer20_out_9_U(myproject_fifo_w10_d2_S)' using Shift Registers.
INFO: [RTMG 210-285] Implementing FIFO 'layer20_out_10_U(myproject_fifo_w10_d2_S)' using Shift Registers.
INFO: [RTMG 210-285] Implementing FIFO 'layer20_out_11_U(myproject_fifo_w10_d2_S)' using Shift Registers.
INFO: [RTMG 210-285] Implementing FIFO 'layer20_out_12_U(myproject_fifo_w10_d2_S)' using Shift Registers.
INFO: [RTMG 210-285] Implementing FIFO 'layer20_out_13_U(myproject_fifo_w10_d2_S)' using Shift Registers.
INFO: [RTMG 210-285] Implementing FIFO 'layer20_out_14_U(myproject_fifo_w10_d2_S)' using Shift Registers.
INFO: [RTMG 210-285] Implementing FIFO 'layer20_out_15_U(myproject_fifo_w10_d2_S)' using Shift Registers.
INFO: [RTMG 210-285] Implementing FIFO 'layer20_out_16_U(myproject_fifo_w10_d2_S)' using Shift Registers.
INFO: [RTMG 210-285] Implementing FIFO 'layer20_out_17_U(myproject_fifo_w10_d2_S)' using Shift Registers.
INFO: [RTMG 210-285] Implementing FIFO 'layer20_out_18_U(myproject_fifo_w10_d2_S)' using Shift Registers.
INFO: [RTMG 210-285] Implementing FIFO 'layer20_out_19_U(myproject_fifo_w10_d2_S)' using Shift Registers.
INFO: [RTMG 210-285] Implementing FIFO 'layer20_out_20_U(myproject_fifo_w10_d2_S)' using Shift Registers.
INFO: [RTMG 210-285] Implementing FIFO 'layer20_out_21_U(myproject_fifo_w10_d2_S)' using Shift Registers.
INFO: [RTMG 210-285] Implementing FIFO 'layer20_out_22_U(myproject_fifo_w10_d2_S)' using Shift Registers.
INFO: [RTMG 210-285] Implementing FIFO 'layer20_out_23_U(myproject_fifo_w10_d2_S)' using Shift Registers.
INFO: [RTMG 210-285] Implementing FIFO 'layer20_out_24_U(myproject_fifo_w10_d2_S)' using Shift Registers.
INFO: [RTMG 210-285] Implementing FIFO 'layer20_out_25_U(myproject_fifo_w10_d2_S)' using Shift Registers.
INFO: [RTMG 210-285] Implementing FIFO 'layer20_out_26_U(myproject_fifo_w10_d2_S)' using Shift Registers.
INFO: [RTMG 210-285] Implementing FIFO 'layer20_out_27_U(myproject_fifo_w10_d2_S)' using Shift Registers.
INFO: [RTMG 210-285] Implementing FIFO 'layer20_out_28_U(myproject_fifo_w10_d2_S)' using Shift Registers.
INFO: [RTMG 210-285] Implementing FIFO 'layer20_out_29_U(myproject_fifo_w10_d2_S)' using Shift Registers.
INFO: [RTMG 210-285] Implementing FIFO 'layer21_out_U(myproject_fifo_w16_d2_S)' using Shift Registers.
INFO: [RTMG 210-285] Implementing FIFO 'layer21_out_1_U(myproject_fifo_w16_d2_S)' using Shift Registers.
INFO: [RTMG 210-285] Implementing FIFO 'layer21_out_2_U(myproject_fifo_w16_d2_S)' using Shift Registers.
INFO: [RTMG 210-285] Implementing FIFO 'layer21_out_3_U(myproject_fifo_w16_d2_S)' using Shift Registers.
INFO: [RTMG 210-285] Implementing FIFO 'layer21_out_4_U(myproject_fifo_w16_d2_S)' using Shift Registers.
INFO: [RTMG 210-285] Implementing FIFO 'layer21_out_5_U(myproject_fifo_w16_d2_S)' using Shift Registers.
INFO: [RTMG 210-285] Implementing FIFO 'layer21_out_6_U(myproject_fifo_w16_d2_S)' using Shift Registers.
INFO: [RTMG 210-285] Implementing FIFO 'layer21_out_7_U(myproject_fifo_w16_d2_S)' using Shift Registers.
INFO: [RTMG 210-285] Implementing FIFO 'layer21_out_8_U(myproject_fifo_w16_d2_S)' using Shift Registers.
INFO: [RTMG 210-285] Implementing FIFO 'layer21_out_9_U(myproject_fifo_w16_d2_S)' using Shift Registers.
INFO: [RTMG 210-285] Implementing FIFO 'layer21_out_10_U(myproject_fifo_w16_d2_S)' using Shift Registers.
INFO: [RTMG 210-285] Implementing FIFO 'layer21_out_11_U(myproject_fifo_w16_d2_S)' using Shift Registers.
INFO: [RTMG 210-285] Implementing FIFO 'layer23_out_U(myproject_fifo_w8_d2_S)' using Shift Registers.
INFO: [RTMG 210-285] Implementing FIFO 'layer23_out_1_U(myproject_fifo_w8_d2_S)' using Shift Registers.
INFO: [RTMG 210-285] Implementing FIFO 'layer23_out_2_U(myproject_fifo_w8_d2_S)' using Shift Registers.
INFO: [RTMG 210-285] Implementing FIFO 'layer23_out_3_U(myproject_fifo_w8_d2_S)' using Shift Registers.
INFO: [RTMG 210-285] Implementing FIFO 'layer23_out_4_U(myproject_fifo_w8_d2_S)' using Shift Registers.
INFO: [RTMG 210-285] Implementing FIFO 'layer23_out_5_U(myproject_fifo_w8_d2_S)' using Shift Registers.
INFO: [RTMG 210-285] Implementing FIFO 'layer23_out_6_U(myproject_fifo_w8_d2_S)' using Shift Registers.
INFO: [RTMG 210-285] Implementing FIFO 'layer23_out_7_U(myproject_fifo_w8_d2_S)' using Shift Registers.
INFO: [RTMG 210-285] Implementing FIFO 'layer23_out_8_U(myproject_fifo_w8_d2_S)' using Shift Registers.
INFO: [RTMG 210-285] Implementing FIFO 'layer23_out_9_U(myproject_fifo_w8_d2_S)' using Shift Registers.
INFO: [RTMG 210-285] Implementing FIFO 'layer23_out_10_U(myproject_fifo_w8_d2_S)' using Shift Registers.
INFO: [RTMG 210-285] Implementing FIFO 'layer23_out_11_U(myproject_fifo_w8_d2_S)' using Shift Registers.
INFO: [RTMG 210-285] Implementing FIFO 'layer24_out_U(myproject_fifo_w15_d2_S)' using Shift Registers.
INFO: [RTMG 210-285] Implementing FIFO 'layer24_out_1_U(myproject_fifo_w15_d2_S)' using Shift Registers.
INFO: [RTMG 210-285] Implementing FIFO 'layer24_out_2_U(myproject_fifo_w15_d2_S)' using Shift Registers.
INFO: [RTMG 210-285] Implementing FIFO 'layer24_out_3_U(myproject_fifo_w15_d2_S)' using Shift Registers.
INFO: [RTMG 210-285] Implementing FIFO 'layer26_out_U(myproject_fifo_w8_d2_S)' using Shift Registers.
INFO: [RTMG 210-285] Implementing FIFO 'layer26_out_1_U(myproject_fifo_w8_d2_S)' using Shift Registers.
INFO: [RTMG 210-285] Implementing FIFO 'layer26_out_2_U(myproject_fifo_w8_d2_S)' using Shift Registers.
INFO: [RTMG 210-285] Implementing FIFO 'layer26_out_3_U(myproject_fifo_w8_d2_S)' using Shift Registers.
INFO: [RTMG 210-285] Implementing FIFO 'layer27_out_U(myproject_fifo_w14_d2_S)' using Shift Registers.
INFO: [HLS 200-111] Finished Creating RTL model: CPU user time: 1.68 seconds. CPU system time: 0.27 seconds. Elapsed time: 1.97 seconds; current allocated memory: 817.141 MB.
INFO: [HLS 200-111] Finished Generating all RTL models: CPU user time: 0.83 seconds. CPU system time: 0.12 seconds. Elapsed time: 0.95 seconds; current allocated memory: 830.957 MB.
INFO: [HLS 200-111] Finished Updating report files: CPU user time: 3.9 seconds. CPU system time: 0.07 seconds. Elapsed time: 3.99 seconds; current allocated memory: 878.211 MB.
INFO: [VHDL 208-304] Generating VHDL RTL for myproject.
INFO: [VLOG 209-307] Generating Verilog RTL for myproject.
INFO: [HLS 200-790] **** Loop Constraint Status: All loop constraints were NOT satisfied.
INFO: [HLS 200-789] **** Estimated Fmax: 61.29 MHz
INFO: [HLS 200-2161] Finished Command csynth_design Elapsed time: 00:00:46; Allocated memory: 545.004 MB.
***** C/RTL SYNTHESIS COMPLETED IN 0h0m46s *****
***** VIVADO SYNTHESIS *****

****** Vivado v2024.1 (64-bit)
  **** SW Build 5076996 on Wed May 22 18:36:09 MDT 2024
  **** IP Build 5075265 on Wed May 22 21:45:21 MDT 2024
  **** SharedData Build 5076995 on Wed May 22 18:29:18 MDT 2024
  **** Start of session at: Tue Aug 11 06:38:35 2026
    ** Copyright 1986-2022 Xilinx, Inc. All Rights Reserved.
    ** Copyright 2022-2024 Advanced Micro Devices, Inc. All Rights Reserved.

source vivado_synth.tcl
# set tcldir [file dirname [info script]]
# source [file join $tcldir project.tcl]
## variable project_name
## set project_name "myproject"
## variable backend
## set backend "vivado"
## variable part
## set part "xc7z020clg400-1"
## variable clock_period
## set clock_period 20
## variable clock_uncertainty
## set clock_uncertainty 12.5%
## variable version
## set version "1.0.0"
# add_files ${project_name}_prj/solution1/syn/vhdl
add_files: Time (s): cpu = 00:00:06 ; elapsed = 00:00:06 . Memory (MB): peak = 1673.164 ; gain = 48.836 ; free physical = 78136 ; free virtual = 206579
# synth_design -top ${project_name} -part $part
Command: synth_design -top myproject -part xc7z020clg400-1
Starting synth_design
Attempting to get a license for feature 'Synthesis' and/or device 'xc7z020'
INFO: [Common 17-349] Got license for feature 'Synthesis' and/or device 'xc7z020'
INFO: [Synth 8-7079] Multithreading enabled for synth_design using a maximum of 4 processes.
INFO: [Synth 8-7078] Launching helper process for spawning children vivado processes
INFO: [Synth 8-7075] Helper process launched with PID 3538275
---------------------------------------------------------------------------------
Starting Synthesize : Time (s): cpu = 00:00:04 ; elapsed = 00:00:05 . Memory (MB): peak = 2106.754 ; gain = 426.559 ; free physical = 74353 ; free virtual = 202972
---------------------------------------------------------------------------------
INFO: [Synth 8-638] synthesizing module 'myproject' [/home/dabadjiev/smartpixels_ml_dsabadjiev/Muon_Collider_Smart_Pixels/eric/Results_June2026_99SigEff/model2.5_fin_results/model2_5_6bit_normalised_selected/pareto_secondary/hls_outputs_vsynth/hls_model_trial_022/myproject_prj/solution1/syn/vhdl/myproject.vhd:131]
INFO: [Synth 8-3491] module 'myproject_linear_ap_fixed_16_6_5_3_0_ap_fixed_8_1_4_0_0_linear_config3_s' declared at '/home/dabadjiev/smartpixels_ml_dsabadjiev/Muon_Collider_Smart_Pixels/eric/Results_June2026_99SigEff/model2.5_fin_results/model2_5_6bit_normalised_selected/pareto_secondary/hls_outputs_vsynth/hls_model_trial_022/myproject_prj/solution1/syn/vhdl/myproject_linear_ap_fixed_16_6_5_3_0_ap_fixed_8_1_4_0_0_linear_config3_s.vhd:11' bound to instance 'linear_ap_fixed_16_6_5_3_0_ap_fixed_8_1_4_0_0_linear_config3_U0' of component 'myproject_linear_ap_fixed_16_6_5_3_0_ap_fixed_8_1_4_0_0_linear_config3_s' [/home/dabadjiev/smartpixels_ml_dsabadjiev/Muon_Collider_Smart_Pixels/eric/Results_June2026_99SigEff/model2.5_fin_results/model2_5_6bit_normalised_selected/pareto_secondary/hls_outputs_vsynth/hls_model_trial_022/myproject_prj/solution1/syn/vhdl/myproject.vhd:3251]
INFO: [Synth 8-638] synthesizing module 'myproject_linear_ap_fixed_16_6_5_3_0_ap_fixed_8_1_4_0_0_linear_config3_s' [/home/dabadjiev/smartpixels_ml_dsabadjiev/Muon_Collider_Smart_Pixels/eric/Results_June2026_99SigEff/model2.5_fin_results/model2_5_6bit_normalised_selected/pareto_secondary/hls_outputs_vsynth/hls_model_trial_022/myproject_prj/solution1/syn/vhdl/myproject_linear_ap_fixed_16_6_5_3_0_ap_fixed_8_1_4_0_0_linear_config3_s.vhd:46]
INFO: [Synth 8-256] done synthesizing module 'myproject_linear_ap_fixed_16_6_5_3_0_ap_fixed_8_1_4_0_0_linear_config3_s' (0#1) [/home/dabadjiev/smartpixels_ml_dsabadjiev/Muon_Collider_Smart_Pixels/eric/Results_June2026_99SigEff/model2.5_fin_results/model2_5_6bit_normalised_selected/pareto_secondary/hls_outputs_vsynth/hls_model_trial_022/myproject_prj/solution1/syn/vhdl/myproject_linear_ap_fixed_16_6_5_3_0_ap_fixed_8_1_4_0_0_linear_config3_s.vhd:46]
INFO: [Synth 8-3491] module 'myproject_linear_ap_fixed_16_6_5_3_0_ap_fixed_8_1_4_0_0_linear_config4_s' declared at '/home/dabadjiev/smartpixels_ml_dsabadjiev/Muon_Collider_Smart_Pixels/eric/Results_June2026_99SigEff/model2.5_fin_results/model2_5_6bit_normalised_selected/pareto_secondary/hls_outputs_vsynth/hls_model_trial_022/myproject_prj/solution1/syn/vhdl/myproject_linear_ap_fixed_16_6_5_3_0_ap_fixed_8_1_4_0_0_linear_config4_s.vhd:11' bound to instance 'linear_ap_fixed_16_6_5_3_0_ap_fixed_8_1_4_0_0_linear_config4_U0' of component 'myproject_linear_ap_fixed_16_6_5_3_0_ap_fixed_8_1_4_0_0_linear_config4_s' [/home/dabadjiev/smartpixels_ml_dsabadjiev/Muon_Collider_Smart_Pixels/eric/Results_June2026_99SigEff/model2.5_fin_results/model2_5_6bit_normalised_selected/pareto_secondary/hls_outputs_vsynth/hls_model_trial_022/myproject_prj/solution1/syn/vhdl/myproject.vhd:3284]
INFO: [Synth 8-638] synthesizing module 'myproject_linear_ap_fixed_16_6_5_3_0_ap_fixed_8_1_4_0_0_linear_config4_s' [/home/dabadjiev/smartpixels_ml_dsabadjiev/Muon_Collider_Smart_Pixels/eric/Results_June2026_99SigEff/model2.5_fin_results/model2_5_6bit_normalised_selected/pareto_secondary/hls_outputs_vsynth/hls_model_trial_022/myproject_prj/solution1/syn/vhdl/myproject_linear_ap_fixed_16_6_5_3_0_ap_fixed_8_1_4_0_0_linear_config4_s.vhd:38]
INFO: [Synth 8-256] done synthesizing module 'myproject_linear_ap_fixed_16_6_5_3_0_ap_fixed_8_1_4_0_0_linear_config4_s' (0#1) [/home/dabadjiev/smartpixels_ml_dsabadjiev/Muon_Collider_Smart_Pixels/eric/Results_June2026_99SigEff/model2.5_fin_results/model2_5_6bit_normalised_selected/pareto_secondary/hls_outputs_vsynth/hls_model_trial_022/myproject_prj/solution1/syn/vhdl/myproject_linear_ap_fixed_16_6_5_3_0_ap_fixed_8_1_4_0_0_linear_config4_s.vhd:38]
INFO: [Synth 8-3491] module 'myproject_concatenate1d_ap_fixed_ap_fixed_ap_fixed_16_6_5_3_0_config8_s' declared at '/home/dabadjiev/smartpixels_ml_dsabadjiev/Muon_Collider_Smart_Pixels/eric/Results_June2026_99SigEff/model2.5_fin_results/model2_5_6bit_normalised_selected/pareto_secondary/hls_outputs_vsynth/hls_model_trial_022/myproject_prj/solution1/syn/vhdl/myproject_concatenate1d_ap_fixed_ap_fixed_ap_fixed_16_6_5_3_0_config8_s.vhd:11' bound to instance 'concatenate1d_ap_fixed_ap_fixed_ap_fixed_16_6_5_3_0_config8_U0' of component 'myproject_concatenate1d_ap_fixed_ap_fixed_ap_fixed_16_6_5_3_0_config8_s' [/home/dabadjiev/smartpixels_ml_dsabadjiev/Muon_Collider_Smart_Pixels/eric/Results_June2026_99SigEff/model2.5_fin_results/model2_5_6bit_normalised_selected/pareto_secondary/hls_outputs_vsynth/hls_model_trial_022/myproject_prj/solution1/syn/vhdl/myproject.vhd:3309]
INFO: [Synth 8-638] synthesizing module 'myproject_concatenate1d_ap_fixed_ap_fixed_ap_fixed_16_6_5_3_0_config8_s' [/home/dabadjiev/smartpixels_ml_dsabadjiev/Muon_Collider_Smart_Pixels/eric/Results_June2026_99SigEff/model2.5_fin_results/model2_5_6bit_normalised_selected/pareto_secondary/hls_outputs_vsynth/hls_model_trial_022/myproject_prj/solution1/syn/vhdl/myproject_concatenate1d_ap_fixed_ap_fixed_ap_fixed_16_6_5_3_0_config8_s.vhd:92]
INFO: [Synth 8-256] done synthesizing module 'myproject_concatenate1d_ap_fixed_ap_fixed_ap_fixed_16_6_5_3_0_config8_s' (0#1) [/home/dabadjiev/smartpixels_ml_dsabadjiev/Muon_Collider_Smart_Pixels/eric/Results_June2026_99SigEff/model2.5_fin_results/model2_5_6bit_normalised_selected/pareto_secondary/hls_outputs_vsynth/hls_model_trial_022/myproject_prj/solution1/syn/vhdl/myproject_concatenate1d_ap_fixed_ap_fixed_ap_fixed_16_6_5_3_0_config8_s.vhd:92]
INFO: [Synth 8-3491] module 'myproject_linear_ap_fixed_16_6_5_3_0_ap_fixed_8_1_4_0_0_linear_config9_s' declared at '/home/dabadjiev/smartpixels_ml_dsabadjiev/Muon_Collider_Smart_Pixels/eric/Results_June2026_99SigEff/model2.5_fin_results/model2_5_6bit_normalised_selected/pareto_secondary/hls_outputs_vsynth/hls_model_trial_022/myproject_prj/solution1/syn/vhdl/myproject_linear_ap_fixed_16_6_5_3_0_ap_fixed_8_1_4_0_0_linear_config9_s.vhd:11' bound to instance 'linear_ap_fixed_16_6_5_3_0_ap_fixed_8_1_4_0_0_linear_config9_U0' of component 'myproject_linear_ap_fixed_16_6_5_3_0_ap_fixed_8_1_4_0_0_linear_config9_s' [/home/dabadjiev/smartpixels_ml_dsabadjiev/Muon_Collider_Smart_Pixels/eric/Results_June2026_99SigEff/model2.5_fin_results/model2_5_6bit_normalised_selected/pareto_secondary/hls_outputs_vsynth/hls_model_trial_022/myproject_prj/solution1/syn/vhdl/myproject.vhd:3388]
INFO: [Synth 8-638] synthesizing module 'myproject_linear_ap_fixed_16_6_5_3_0_ap_fixed_8_1_4_0_0_linear_config9_s' [/home/dabadjiev/smartpixels_ml_dsabadjiev/Muon_Collider_Smart_Pixels/eric/Results_June2026_99SigEff/model2.5_fin_results/model2_5_6bit_normalised_selected/pareto_secondary/hls_outputs_vsynth/hls_model_trial_022/myproject_prj/solution1/syn/vhdl/myproject_linear_ap_fixed_16_6_5_3_0_ap_fixed_8_1_4_0_0_linear_config9_s.vhd:27]
INFO: [Synth 8-256] done synthesizing module 'myproject_linear_ap_fixed_16_6_5_3_0_ap_fixed_8_1_4_0_0_linear_config9_s' (0#1) [/home/dabadjiev/smartpixels_ml_dsabadjiev/Muon_Collider_Smart_Pixels/eric/Results_June2026_99SigEff/model2.5_fin_results/model2_5_6bit_normalised_selected/pareto_secondary/hls_outputs_vsynth/hls_model_trial_022/myproject_prj/solution1/syn/vhdl/myproject_linear_ap_fixed_16_6_5_3_0_ap_fixed_8_1_4_0_0_linear_config9_s.vhd:27]
INFO: [Synth 8-3491] module 'myproject_linear_ap_fixed_16_6_5_3_0_ap_fixed_8_1_4_0_0_linear_config10_s' declared at '/home/dabadjiev/smartpixels_ml_dsabadjiev/Muon_Collider_Smart_Pixels/eric/Results_June2026_99SigEff/model2.5_fin_results/model2_5_6bit_normalised_selected/pareto_secondary/hls_outputs_vsynth/hls_model_trial_022/myproject_prj/solution1/syn/vhdl/myproject_linear_ap_fixed_16_6_5_3_0_ap_fixed_8_1_4_0_0_linear_config10_s.vhd:11' bound to instance 'linear_ap_fixed_16_6_5_3_0_ap_fixed_8_1_4_0_0_linear_config10_U0' of component 'myproject_linear_ap_fixed_16_6_5_3_0_ap_fixed_8_1_4_0_0_linear_config10_s' [/home/dabadjiev/smartpixels_ml_dsabadjiev/Muon_Collider_Smart_Pixels/eric/Results_June2026_99SigEff/model2.5_fin_results/model2_5_6bit_normalised_selected/pareto_secondary/hls_outputs_vsynth/hls_model_trial_022/myproject_prj/solution1/syn/vhdl/myproject.vhd:3402]
INFO: [Synth 8-638] synthesizing module 'myproject_linear_ap_fixed_16_6_5_3_0_ap_fixed_8_1_4_0_0_linear_config10_s' [/home/dabadjiev/smartpixels_ml_dsabadjiev/Muon_Collider_Smart_Pixels/eric/Results_June2026_99SigEff/model2.5_fin_results/model2_5_6bit_normalised_selected/pareto_secondary/hls_outputs_vsynth/hls_model_trial_022/myproject_prj/solution1/syn/vhdl/myproject_linear_ap_fixed_16_6_5_3_0_ap_fixed_8_1_4_0_0_linear_config10_s.vhd:27]
INFO: [Synth 8-256] done synthesizing module 'myproject_linear_ap_fixed_16_6_5_3_0_ap_fixed_8_1_4_0_0_linear_config10_s' (0#1) [/home/dabadjiev/smartpixels_ml_dsabadjiev/Muon_Collider_Smart_Pixels/eric/Results_June2026_99SigEff/model2.5_fin_results/model2_5_6bit_normalised_selected/pareto_secondary/hls_outputs_vsynth/hls_model_trial_022/myproject_prj/solution1/syn/vhdl/myproject_linear_ap_fixed_16_6_5_3_0_ap_fixed_8_1_4_0_0_linear_config10_s.vhd:27]
INFO: [Synth 8-3491] module 'myproject_linear_ap_fixed_16_6_5_3_0_ap_fixed_8_1_4_0_0_linear_config11_s' declared at '/home/dabadjiev/smartpixels_ml_dsabadjiev/Muon_Collider_Smart_Pixels/eric/Results_June2026_99SigEff/model2.5_fin_results/model2_5_6bit_normalised_selected/pareto_secondary/hls_outputs_vsynth/hls_model_trial_022/myproject_prj/solution1/syn/vhdl/myproject_linear_ap_fixed_16_6_5_3_0_ap_fixed_8_1_4_0_0_linear_config11_s.vhd:11' bound to instance 'linear_ap_fixed_16_6_5_3_0_ap_fixed_8_1_4_0_0_linear_config11_U0' of component 'myproject_linear_ap_fixed_16_6_5_3_0_ap_fixed_8_1_4_0_0_linear_config11_s' [/home/dabadjiev/smartpixels_ml_dsabadjiev/Muon_Collider_Smart_Pixels/eric/Results_June2026_99SigEff/model2.5_fin_results/model2_5_6bit_normalised_selected/pareto_secondary/hls_outputs_vsynth/hls_model_trial_022/myproject_prj/solution1/syn/vhdl/myproject.vhd:3416]
INFO: [Synth 8-638] synthesizing module 'myproject_linear_ap_fixed_16_6_5_3_0_ap_fixed_8_1_4_0_0_linear_config11_s' [/home/dabadjiev/smartpixels_ml_dsabadjiev/Muon_Collider_Smart_Pixels/eric/Results_June2026_99SigEff/model2.5_fin_results/model2_5_6bit_normalised_selected/pareto_secondary/hls_outputs_vsynth/hls_model_trial_022/myproject_prj/solution1/syn/vhdl/myproject_linear_ap_fixed_16_6_5_3_0_ap_fixed_8_1_4_0_0_linear_config11_s.vhd:27]
INFO: [Synth 8-256] done synthesizing module 'myproject_linear_ap_fixed_16_6_5_3_0_ap_fixed_8_1_4_0_0_linear_config11_s' (0#1) [/home/dabadjiev/smartpixels_ml_dsabadjiev/Muon_Collider_Smart_Pixels/eric/Results_June2026_99SigEff/model2.5_fin_results/model2_5_6bit_normalised_selected/pareto_secondary/hls_outputs_vsynth/hls_model_trial_022/myproject_prj/solution1/syn/vhdl/myproject_linear_ap_fixed_16_6_5_3_0_ap_fixed_8_1_4_0_0_linear_config11_s.vhd:27]
INFO: [Synth 8-3491] module 'myproject_concatenate1d_ap_fixed_ap_fixed_ap_fixed_16_6_5_3_0_config12_s' declared at '/home/dabadjiev/smartpixels_ml_dsabadjiev/Muon_Collider_Smart_Pixels/eric/Results_June2026_99SigEff/model2.5_fin_results/model2_5_6bit_normalised_selected/pareto_secondary/hls_outputs_vsynth/hls_model_trial_022/myproject_prj/solution1/syn/vhdl/myproject_concatenate1d_ap_fixed_ap_fixed_ap_fixed_16_6_5_3_0_config12_s.vhd:11' bound to instance 'concatenate1d_ap_fixed_ap_fixed_ap_fixed_16_6_5_3_0_config12_U0' of component 'myproject_concatenate1d_ap_fixed_ap_fixed_ap_fixed_16_6_5_3_0_config12_s' [/home/dabadjiev/smartpixels_ml_dsabadjiev/Muon_Collider_Smart_Pixels/eric/Results_June2026_99SigEff/model2.5_fin_results/model2_5_6bit_normalised_selected/pareto_secondary/hls_outputs_vsynth/hls_model_trial_022/myproject_prj/solution1/syn/vhdl/myproject.vhd:3430]
INFO: [Synth 8-638] synthesizing module 'myproject_concatenate1d_ap_fixed_ap_fixed_ap_fixed_16_6_5_3_0_config12_s' [/home/dabadjiev/smartpixels_ml_dsabadjiev/Muon_Collider_Smart_Pixels/eric/Results_June2026_99SigEff/model2.5_fin_results/model2_5_6bit_normalised_selected/pareto_secondary/hls_outputs_vsynth/hls_model_trial_022/myproject_prj/solution1/syn/vhdl/myproject_concatenate1d_ap_fixed_ap_fixed_ap_fixed_16_6_5_3_0_config12_s.vhd:94]
INFO: [Synth 8-256] done synthesizing module 'myproject_concatenate1d_ap_fixed_ap_fixed_ap_fixed_16_6_5_3_0_config12_s' (0#1) [/home/dabadjiev/smartpixels_ml_dsabadjiev/Muon_Collider_Smart_Pixels/eric/Results_June2026_99SigEff/model2.5_fin_results/model2_5_6bit_normalised_selected/pareto_secondary/hls_outputs_vsynth/hls_model_trial_022/myproject_prj/solution1/syn/vhdl/myproject_concatenate1d_ap_fixed_ap_fixed_ap_fixed_16_6_5_3_0_config12_s.vhd:94]
INFO: [Synth 8-3491] module 'myproject_concatenate1d_ap_fixed_ap_fixed_ap_fixed_16_6_5_3_0_config13_s' declared at '/home/dabadjiev/smartpixels_ml_dsabadjiev/Muon_Collider_Smart_Pixels/eric/Results_June2026_99SigEff/model2.5_fin_results/model2_5_6bit_normalised_selected/pareto_secondary/hls_outputs_vsynth/hls_model_trial_022/myproject_prj/solution1/syn/vhdl/myproject_concatenate1d_ap_fixed_ap_fixed_ap_fixed_16_6_5_3_0_config13_s.vhd:11' bound to instance 'concatenate1d_ap_fixed_ap_fixed_ap_fixed_16_6_5_3_0_config13_U0' of component 'myproject_concatenate1d_ap_fixed_ap_fixed_ap_fixed_16_6_5_3_0_config13_s' [/home/dabadjiev/smartpixels_ml_dsabadjiev/Muon_Collider_Smart_Pixels/eric/Results_June2026_99SigEff/model2.5_fin_results/model2_5_6bit_normalised_selected/pareto_secondary/hls_outputs_vsynth/hls_model_trial_022/myproject_prj/solution1/syn/vhdl/myproject.vhd:3511]
INFO: [Synth 8-638] synthesizing module 'myproject_concatenate1d_ap_fixed_ap_fixed_ap_fixed_16_6_5_3_0_config13_s' [/home/dabadjiev/smartpixels_ml_dsabadjiev/Muon_Collider_Smart_Pixels/eric/Results_June2026_99SigEff/model2.5_fin_results/model2_5_6bit_normalised_selected/pareto_secondary/hls_outputs_vsynth/hls_model_trial_022/myproject_prj/solution1/syn/vhdl/myproject_concatenate1d_ap_fixed_ap_fixed_ap_fixed_16_6_5_3_0_config13_s.vhd:28]
INFO: [Synth 8-256] done synthesizing module 'myproject_concatenate1d_ap_fixed_ap_fixed_ap_fixed_16_6_5_3_0_config13_s' (0#1) [/home/dabadjiev/smartpixels_ml_dsabadjiev/Muon_Collider_Smart_Pixels/eric/Results_June2026_99SigEff/model2.5_fin_results/model2_5_6bit_normalised_selected/pareto_secondary/hls_outputs_vsynth/hls_model_trial_022/myproject_prj/solution1/syn/vhdl/myproject_concatenate1d_ap_fixed_ap_fixed_ap_fixed_16_6_5_3_0_config13_s.vhd:28]
INFO: [Synth 8-3491] module 'myproject_dense_resource_ap_fixed_16_6_5_3_0_ap_fixed_16_6_5_3_0_config14_s' declared at '/home/dabadjiev/smartpixels_ml_dsabadjiev/Muon_Collider_Smart_Pixels/eric/Results_June2026_99SigEff/model2.5_fin_results/model2_5_6bit_normalised_selected/pareto_secondary/hls_outputs_vsynth/hls_model_trial_022/myproject_prj/solution1/syn/vhdl/myproject_dense_resource_ap_fixed_16_6_5_3_0_ap_fixed_16_6_5_3_0_config14_s.vhd:11' bound to instance 'dense_resource_ap_fixed_16_6_5_3_0_ap_fixed_16_6_5_3_0_config14_U0' of component 'myproject_dense_resource_ap_fixed_16_6_5_3_0_ap_fixed_16_6_5_3_0_config14_s' [/home/dabadjiev/smartpixels_ml_dsabadjiev/Muon_Collider_Smart_Pixels/eric/Results_June2026_99SigEff/model2.5_fin_results/model2_5_6bit_normalised_selected/pareto_secondary/hls_outputs_vsynth/hls_model_trial_022/myproject_prj/solution1/syn/vhdl/myproject.vhd:3526]
INFO: [Synth 8-638] synthesizing module 'myproject_dense_resource_ap_fixed_16_6_5_3_0_ap_fixed_16_6_5_3_0_config14_s' [/home/dabadjiev/smartpixels_ml_dsabadjiev/Muon_Collider_Smart_Pixels/eric/Results_June2026_99SigEff/model2.5_fin_results/model2_5_6bit_normalised_selected/pareto_secondary/hls_outputs_vsynth/hls_model_trial_022/myproject_prj/solution1/syn/vhdl/myproject_dense_resource_ap_fixed_16_6_5_3_0_ap_fixed_16_6_5_3_0_config14_s.vhd:112]
	Parameter ID bound to: 1 - type: integer 
	Parameter NUM_STAGE bound to: 1 - type: integer 
	Parameter CASE0 bound to: 3'b000 
	Parameter din0_WIDTH bound to: 11 - type: integer 
	Parameter CASE1 bound to: 3'b001 
	Parameter din1_WIDTH bound to: 11 - type: integer 
	Parameter CASE2 bound to: 3'b010 
	Parameter din2_WIDTH bound to: 11 - type: integer 
	Parameter CASE3 bound to: 3'b011 
	Parameter din3_WIDTH bound to: 11 - type: integer 
	Parameter CASE4 bound to: 3'b100 
	Parameter din4_WIDTH bound to: 11 - type: integer 
	Parameter CASE5 bound to: 3'b101 
	Parameter din5_WIDTH bound to: 11 - type: integer 
	Parameter CASE6 bound to: 3'b110 
	Parameter din6_WIDTH bound to: 11 - type: integer 
	Parameter def_WIDTH bound to: 11 - type: integer 
	Parameter sel_WIDTH bound to: 3 - type: integer 
	Parameter dout_WIDTH bound to: 11 - type: integer 
INFO: [Synth 8-3491] module 'myproject_sparsemux_15_3_11_1_1' declared at '/home/dabadjiev/smartpixels_ml_dsabadjiev/Muon_Collider_Smart_Pixels/eric/Results_June2026_99SigEff/model2.5_fin_results/model2_5_6bit_normalised_selected/pareto_secondary/hls_outputs_vsynth/hls_model_trial_022/myproject_prj/solution1/syn/vhdl/myproject_sparsemux_15_3_11_1_1.vhd:12' bound to instance 'sparsemux_15_3_11_1_1_U77' of component 'myproject_sparsemux_15_3_11_1_1' [/home/dabadjiev/smartpixels_ml_dsabadjiev/Muon_Collider_Smart_Pixels/eric/Results_June2026_99SigEff/model2.5_fin_results/model2_5_6bit_normalised_selected/pareto_secondary/hls_outputs_vsynth/hls_model_trial_022/myproject_prj/solution1/syn/vhdl/myproject_dense_resource_ap_fixed_16_6_5_3_0_ap_fixed_16_6_5_3_0_config14_s.vhd:2197]
INFO: [Synth 8-638] synthesizing module 'myproject_sparsemux_15_3_11_1_1' [/home/dabadjiev/smartpixels_ml_dsabadjiev/Muon_Collider_Smart_Pixels/eric/Results_June2026_99SigEff/model2.5_fin_results/model2_5_6bit_normalised_selected/pareto_secondary/hls_outputs_vsynth/hls_model_trial_022/myproject_prj/solution1/syn/vhdl/myproject_sparsemux_15_3_11_1_1.vhd:73]
	Parameter din0_WIDTH bound to: 11 - type: integer 
	Parameter din1_WIDTH bound to: 11 - type: integer 
	Parameter din2_WIDTH bound to: 11 - type: integer 
	Parameter din3_WIDTH bound to: 11 - type: integer 
	Parameter din4_WIDTH bound to: 11 - type: integer 
	Parameter din5_WIDTH bound to: 11 - type: integer 
	Parameter din6_WIDTH bound to: 11 - type: integer 
	Parameter def_WIDTH bound to: 11 - type: integer 
	Parameter sel_WIDTH bound to: 3 - type: integer 
	Parameter dout_WIDTH bound to: 11 - type: integer 
	Parameter CASE0 bound to: 3'b000 
	Parameter CASE1 bound to: 3'b001 
	Parameter CASE2 bound to: 3'b010 
	Parameter CASE3 bound to: 3'b011 
	Parameter CASE4 bound to: 3'b100 
	Parameter CASE5 bound to: 3'b101 
	Parameter CASE6 bound to: 3'b110 
	Parameter ID bound to: 1 - type: integer 
	Parameter NUM_STAGE bound to: 1 - type: integer 
WARNING: [Synth 8-614] signal 'def' is read in the process but is not in the sensitivity list [/home/dabadjiev/smartpixels_ml_dsabadjiev/Muon_Collider_Smart_Pixels/eric/Results_June2026_99SigEff/model2.5_fin_results/model2_5_6bit_normalised_selected/pareto_secondary/hls_outputs_vsynth/hls_model_trial_022/myproject_prj/solution1/syn/vhdl/myproject_sparsemux_15_3_11_1_1.vhd:79]
INFO: [Synth 8-256] done synthesizing module 'myproject_sparsemux_15_3_11_1_1' (0#1) [/home/dabadjiev/smartpixels_ml_dsabadjiev/Muon_Collider_Smart_Pixels/eric/Results_June2026_99SigEff/model2.5_fin_results/model2_5_6bit_normalised_selected/pareto_secondary/hls_outputs_vsynth/hls_model_trial_022/myproject_prj/solution1/syn/vhdl/myproject_sparsemux_15_3_11_1_1.vhd:73]
	Parameter ID bound to: 1 - type: integer 
	Parameter NUM_STAGE bound to: 1 - type: integer 
	Parameter din0_WIDTH bound to: 11 - type: integer 
	Parameter din1_WIDTH bound to: 6 - type: integer 
	Parameter dout_WIDTH bound to: 17 - type: integer 
INFO: [Synth 8-3491] module 'myproject_mul_11s_6s_17_1_1' declared at '/home/dabadjiev/smartpixels_ml_dsabadjiev/Muon_Collider_Smart_Pixels/eric/Results_June2026_99SigEff/model2.5_fin_results/model2_5_6bit_normalised_selected/pareto_secondary/hls_outputs_vsynth/hls_model_trial_022/myproject_prj/solution1/syn/vhdl/myproject_mul_11s_6s_17_1_1.vhd:7' bound to instance 'mul_11s_6s_17_1_1_U78' of component 'myproject_mul_11s_6s_17_1_1' [/home/dabadjiev/smartpixels_ml_dsabadjiev/Muon_Collider_Smart_Pixels/eric/Results_June2026_99SigEff/model2.5_fin_results/model2_5_6bit_normalised_selected/pareto_secondary/hls_outputs_vsynth/hls_model_trial_022/myproject_prj/solution1/syn/vhdl/myproject_dense_resource_ap_fixed_16_6_5_3_0_ap_fixed_16_6_5_3_0_config14_s.vhd:2230]
INFO: [Synth 8-638] synthesizing module 'myproject_mul_11s_6s_17_1_1' [/home/dabadjiev/smartpixels_ml_dsabadjiev/Muon_Collider_Smart_Pixels/eric/Results_June2026_99SigEff/model2.5_fin_results/model2_5_6bit_normalised_selected/pareto_secondary/hls_outputs_vsynth/hls_model_trial_022/myproject_prj/solution1/syn/vhdl/myproject_mul_11s_6s_17_1_1.vhd:26]
	Parameter ID bound to: 1 - type: integer 
	Parameter NUM_STAGE bound to: 1 - type: integer 
	Parameter din0_WIDTH bound to: 11 - type: integer 
	Parameter din1_WIDTH bound to: 6 - type: integer 
	Parameter dout_WIDTH bound to: 17 - type: integer 
INFO: [Synth 8-256] done synthesizing module 'myproject_mul_11s_6s_17_1_1' (0#1) [/home/dabadjiev/smartpixels_ml_dsabadjiev/Muon_Collider_Smart_Pixels/eric/Results_June2026_99SigEff/model2.5_fin_results/model2_5_6bit_normalised_selected/pareto_secondary/hls_outputs_vsynth/hls_model_trial_022/myproject_prj/solution1/syn/vhdl/myproject_mul_11s_6s_17_1_1.vhd:26]
	Parameter ID bound to: 1 - type: integer 
	Parameter NUM_STAGE bound to: 1 - type: integer 
	Parameter CASE0 bound to: 3'b000 
	Parameter din0_WIDTH bound to: 11 - type: integer 
	Parameter CASE1 bound to: 3'b001 
	Parameter din1_WIDTH bound to: 11 - type: integer 
	Parameter CASE2 bound to: 3'b010 
	Parameter din2_WIDTH bound to: 11 - type: integer 
	Parameter CASE3 bound to: 3'b011 
	Parameter din3_WIDTH bound to: 11 - type: integer 
	Parameter CASE4 bound to: 3'b100 
	Parameter din4_WIDTH bound to: 11 - type: integer 
	Parameter CASE5 bound to: 3'b101 
	Parameter din5_WIDTH bound to: 11 - type: integer 
	Parameter CASE6 bound to: 3'b110 
	Parameter din6_WIDTH bound to: 11 - type: integer 
	Parameter def_WIDTH bound to: 11 - type: integer 
	Parameter sel_WIDTH bound to: 3 - type: integer 
	Parameter dout_WIDTH bound to: 11 - type: integer 
INFO: [Synth 8-3491] module 'myproject_sparsemux_15_3_11_1_1' declared at '/home/dabadjiev/smartpixels_ml_dsabadjiev/Muon_Collider_Smart_Pixels/eric/Results_June2026_99SigEff/model2.5_fin_results/model2_5_6bit_normalised_selected/pareto_secondary/hls_outputs_vsynth/hls_model_trial_022/myproject_prj/solution1/syn/vhdl/myproject_sparsemux_15_3_11_1_1.vhd:12' bound to instance 'sparsemux_15_3_11_1_1_U79' of component 'myproject_sparsemux_15_3_11_1_1' [/home/dabadjiev/smartpixels_ml_dsabadjiev/Muon_Collider_Smart_Pixels/eric/Results_June2026_99SigEff/model2.5_fin_results/model2_5_6bit_normalised_selected/pareto_secondary/hls_outputs_vsynth/hls_model_trial_022/myproject_prj/solution1/syn/vhdl/myproject_dense_resource_ap_fixed_16_6_5_3_0_ap_fixed_16_6_5_3_0_config14_s.vhd:2242]
	Parameter ID bound to: 1 - type: integer 
	Parameter NUM_STAGE bound to: 1 - type: integer 
	Parameter din0_WIDTH bound to: 11 - type: integer 
	Parameter din1_WIDTH bound to: 6 - type: integer 
	Parameter dout_WIDTH bound to: 17 - type: integer 
INFO: [Synth 8-3491] module 'myproject_mul_11s_6s_17_1_1' declared at '/home/dabadjiev/smartpixels_ml_dsabadjiev/Muon_Collider_Smart_Pixels/eric/Results_June2026_99SigEff/model2.5_fin_results/model2_5_6bit_normalised_selected/pareto_secondary/hls_outputs_vsynth/hls_model_trial_022/myproject_prj/solution1/syn/vhdl/myproject_mul_11s_6s_17_1_1.vhd:7' bound to instance 'mul_11s_6s_17_1_1_U80' of component 'myproject_mul_11s_6s_17_1_1' [/home/dabadjiev/smartpixels_ml_dsabadjiev/Muon_Collider_Smart_Pixels/eric/Results_June2026_99SigEff/model2.5_fin_results/model2_5_6bit_normalised_selected/pareto_secondary/hls_outputs_vsynth/hls_model_trial_022/myproject_prj/solution1/syn/vhdl/myproject_dense_resource_ap_fixed_16_6_5_3_0_ap_fixed_16_6_5_3_0_config14_s.vhd:2275]
	Parameter ID bound to: 1 - type: integer 
	Parameter NUM_STAGE bound to: 1 - type: integer 
	Parameter CASE0 bound to: 3'b000 
	Parameter din0_WIDTH bound to: 11 - type: integer 
	Parameter CASE1 bound to: 3'b001 
	Parameter din1_WIDTH bound to: 11 - type: integer 
	Parameter CASE2 bound to: 3'b010 
	Parameter din2_WIDTH bound to: 11 - type: integer 
	Parameter CASE3 bound to: 3'b011 
	Parameter din3_WIDTH bound to: 11 - type: integer 
	Parameter CASE4 bound to: 3'b100 
	Parameter din4_WIDTH bound to: 11 - type: integer 
	Parameter CASE5 bound to: 3'b101 
	Parameter din5_WIDTH bound to: 11 - type: integer 
	Parameter CASE6 bound to: 3'b110 
	Parameter din6_WIDTH bound to: 11 - type: integer 
	Parameter def_WIDTH bound to: 11 - type: integer 
	Parameter sel_WIDTH bound to: 3 - type: integer 
	Parameter dout_WIDTH bound to: 11 - type: integer 
INFO: [Synth 8-3491] module 'myproject_sparsemux_15_3_11_1_1' declared at '/home/dabadjiev/smartpixels_ml_dsabadjiev/Muon_Collider_Smart_Pixels/eric/Results_June2026_99SigEff/model2.5_fin_results/model2_5_6bit_normalised_selected/pareto_secondary/hls_outputs_vsynth/hls_model_trial_022/myproject_prj/solution1/syn/vhdl/myproject_sparsemux_15_3_11_1_1.vhd:12' bound to instance 'sparsemux_15_3_11_1_1_U81' of component 'myproject_sparsemux_15_3_11_1_1' [/home/dabadjiev/smartpixels_ml_dsabadjiev/Muon_Collider_Smart_Pixels/eric/Results_June2026_99SigEff/model2.5_fin_results/model2_5_6bit_normalised_selected/pareto_secondary/hls_outputs_vsynth/hls_model_trial_022/myproject_prj/solution1/syn/vhdl/myproject_dense_resource_ap_fixed_16_6_5_3_0_ap_fixed_16_6_5_3_0_config14_s.vhd:2287]
	Parameter ID bound to: 1 - type: integer 
	Parameter NUM_STAGE bound to: 1 - type: integer 
	Parameter CASE0 bound to: 3'b000 
	Parameter din0_WIDTH bound to: 11 - type: integer 
	Parameter CASE1 bound to: 3'b001 
	Parameter din1_WIDTH bound to: 11 - type: integer 
	Parameter CASE2 bound to: 3'b010 
	Parameter din2_WIDTH bound to: 11 - type: integer 
	Parameter CASE3 bound to: 3'b011 
	Parameter din3_WIDTH bound to: 11 - type: integer 
	Parameter CASE4 bound to: 3'b100 
	Parameter din4_WIDTH bound to: 11 - type: integer 
	Parameter CASE5 bound to: 3'b101 
	Parameter din5_WIDTH bound to: 11 - type: integer 
	Parameter CASE6 bound to: 3'b110 
	Parameter din6_WIDTH bound to: 11 - type: integer 
	Parameter def_WIDTH bound to: 11 - type: integer 
	Parameter sel_WIDTH bound to: 3 - type: integer 
	Parameter dout_WIDTH bound to: 11 - type: integer 
INFO: [Synth 8-3491] module 'myproject_sparsemux_15_3_11_1_1' declared at '/home/dabadjiev/smartpixels_ml_dsabadjiev/Muon_Collider_Smart_Pixels/eric/Results_June2026_99SigEff/model2.5_fin_results/model2_5_6bit_normalised_selected/pareto_secondary/hls_outputs_vsynth/hls_model_trial_022/myproject_prj/solution1/syn/vhdl/myproject_sparsemux_15_3_11_1_1.vhd:12' bound to instance 'sparsemux_15_3_11_1_1_U82' of component 'myproject_sparsemux_15_3_11_1_1' [/home/dabadjiev/smartpixels_ml_dsabadjiev/Muon_Collider_Smart_Pixels/eric/Results_June2026_99SigEff/model2.5_fin_results/model2_5_6bit_normalised_selected/pareto_secondary/hls_outputs_vsynth/hls_model_trial_022/myproject_prj/solution1/syn/vhdl/myproject_dense_resource_ap_fixed_16_6_5_3_0_ap_fixed_16_6_5_3_0_config14_s.vhd:2320]
	Parameter ID bound to: 1 - type: integer 
	Parameter NUM_STAGE bound to: 1 - type: integer 
	Parameter CASE0 bound to: 3'b000 
	Parameter din0_WIDTH bound to: 11 - type: integer 
	Parameter CASE1 bound to: 3'b001 
	Parameter din1_WIDTH bound to: 11 - type: integer 
	Parameter CASE2 bound to: 3'b010 
	Parameter din2_WIDTH bound to: 11 - type: integer 
	Parameter CASE3 bound to: 3'b011 
	Parameter din3_WIDTH bound to: 11 - type: integer 
	Parameter CASE4 bound to: 3'b100 
	Parameter din4_WIDTH bound to: 11 - type: integer 
	Parameter CASE5 bound to: 3'b101 
	Parameter din5_WIDTH bound to: 11 - type: integer 
	Parameter CASE6 bound to: 3'b110 
	Parameter din6_WIDTH bound to: 11 - type: integer 
	Parameter def_WIDTH bound to: 11 - type: integer 
	Parameter sel_WIDTH bound to: 3 - type: integer 
	Parameter dout_WIDTH bound to: 11 - type: integer 
INFO: [Synth 8-3491] module 'myproject_sparsemux_15_3_11_1_1' declared at '/home/dabadjiev/smartpixels_ml_dsabadjiev/Muon_Collider_Smart_Pixels/eric/Results_June2026_99SigEff/model2.5_fin_results/model2_5_6bit_normalised_selected/pareto_secondary/hls_outputs_vsynth/hls_model_trial_022/myproject_prj/solution1/syn/vhdl/myproject_sparsemux_15_3_11_1_1.vhd:12' bound to instance 'sparsemux_15_3_11_1_1_U83' of component 'myproject_sparsemux_15_3_11_1_1' [/home/dabadjiev/smartpixels_ml_dsabadjiev/Muon_Collider_Smart_Pixels/eric/Results_June2026_99SigEff/model2.5_fin_results/model2_5_6bit_normalised_selected/pareto_secondary/hls_outputs_vsynth/hls_model_trial_022/myproject_prj/solution1/syn/vhdl/myproject_dense_resource_ap_fixed_16_6_5_3_0_ap_fixed_16_6_5_3_0_config14_s.vhd:2353]
	Parameter ID bound to: 1 - type: integer 
	Parameter NUM_STAGE bound to: 1 - type: integer 
	Parameter din0_WIDTH bound to: 11 - type: integer 
	Parameter din1_WIDTH bound to: 6 - type: integer 
	Parameter dout_WIDTH bound to: 17 - type: integer 
INFO: [Synth 8-3491] module 'myproject_mul_11s_6s_17_1_1' declared at '/home/dabadjiev/smartpixels_ml_dsabadjiev/Muon_Collider_Smart_Pixels/eric/Results_June2026_99SigEff/model2.5_fin_results/model2_5_6bit_normalised_selected/pareto_secondary/hls_outputs_vsynth/hls_model_trial_022/myproject_prj/solution1/syn/vhdl/myproject_mul_11s_6s_17_1_1.vhd:7' bound to instance 'mul_11s_6s_17_1_1_U84' of component 'myproject_mul_11s_6s_17_1_1' [/home/dabadjiev/smartpixels_ml_dsabadjiev/Muon_Collider_Smart_Pixels/eric/Results_June2026_99SigEff/model2.5_fin_results/model2_5_6bit_normalised_selected/pareto_secondary/hls_outputs_vsynth/hls_model_trial_022/myproject_prj/solution1/syn/vhdl/myproject_dense_resource_ap_fixed_16_6_5_3_0_ap_fixed_16_6_5_3_0_config14_s.vhd:2386]
	Parameter ID bound to: 1 - type: integer 
	Parameter NUM_STAGE bound to: 1 - type: integer 
	Parameter din0_WIDTH bound to: 11 - type: integer 
	Parameter din1_WIDTH bound to: 6 - type: integer 
	Parameter dout_WIDTH bound to: 17 - type: integer 
INFO: [Synth 8-3491] module 'myproject_mul_11s_6s_17_1_1' declared at '/home/dabadjiev/smartpixels_ml_dsabadjiev/Muon_Collider_Smart_Pixels/eric/Results_June2026_99SigEff/model2.5_fin_results/model2_5_6bit_normalised_selected/pareto_secondary/hls_outputs_vsynth/hls_model_trial_022/myproject_prj/solution1/syn/vhdl/myproject_mul_11s_6s_17_1_1.vhd:7' bound to instance 'mul_11s_6s_17_1_1_U85' of component 'myproject_mul_11s_6s_17_1_1' [/home/dabadjiev/smartpixels_ml_dsabadjiev/Muon_Collider_Smart_Pixels/eric/Results_June2026_99SigEff/model2.5_fin_results/model2_5_6bit_normalised_selected/pareto_secondary/hls_outputs_vsynth/hls_model_trial_022/myproject_prj/solution1/syn/vhdl/myproject_dense_resource_ap_fixed_16_6_5_3_0_ap_fixed_16_6_5_3_0_config14_s.vhd:2398]
	Parameter ID bound to: 1 - type: integer 
	Parameter NUM_STAGE bound to: 1 - type: integer 
	Parameter din0_WIDTH bound to: 11 - type: integer 
	Parameter din1_WIDTH bound to: 6 - type: integer 
	Parameter dout_WIDTH bound to: 17 - type: integer 
INFO: [Synth 8-3491] module 'myproject_mul_11s_6s_17_1_1' declared at '/home/dabadjiev/smartpixels_ml_dsabadjiev/Muon_Collider_Smart_Pixels/eric/Results_June2026_99SigEff/model2.5_fin_results/model2_5_6bit_normalised_selected/pareto_secondary/hls_outputs_vsynth/hls_model_trial_022/myproject_prj/solution1/syn/vhdl/myproject_mul_11s_6s_17_1_1.vhd:7' bound to instance 'mul_11s_6s_17_1_1_U86' of component 'myproject_mul_11s_6s_17_1_1' [/home/dabadjiev/smartpixels_ml_dsabadjiev/Muon_Collider_Smart_Pixels/eric/Results_June2026_99SigEff/model2.5_fin_results/model2_5_6bit_normalised_selected/pareto_secondary/hls_outputs_vsynth/hls_model_trial_022/myproject_prj/solution1/syn/vhdl/myproject_dense_resource_ap_fixed_16_6_5_3_0_ap_fixed_16_6_5_3_0_config14_s.vhd:2410]
	Parameter ID bound to: 1 - type: integer 
	Parameter NUM_STAGE bound to: 1 - type: integer 
	Parameter din0_WIDTH bound to: 11 - type: integer 
	Parameter din1_WIDTH bound to: 6 - type: integer 
	Parameter dout_WIDTH bound to: 17 - type: integer 
INFO: [Synth 8-3491] module 'myproject_mul_11s_6s_17_1_1' declared at '/home/dabadjiev/smartpixels_ml_dsabadjiev/Muon_Collider_Smart_Pixels/eric/Results_June2026_99SigEff/model2.5_fin_results/model2_5_6bit_normalised_selected/pareto_secondary/hls_outputs_vsynth/hls_model_trial_022/myproject_prj/solution1/syn/vhdl/myproject_mul_11s_6s_17_1_1.vhd:7' bound to instance 'mul_11s_6s_17_1_1_U87' of component 'myproject_mul_11s_6s_17_1_1' [/home/dabadjiev/smartpixels_ml_dsabadjiev/Muon_Collider_Smart_Pixels/eric/Results_June2026_99SigEff/model2.5_fin_results/model2_5_6bit_normalised_selected/pareto_secondary/hls_outputs_vsynth/hls_model_trial_022/myproject_prj/solution1/syn/vhdl/myproject_dense_resource_ap_fixed_16_6_5_3_0_ap_fixed_16_6_5_3_0_config14_s.vhd:2422]
	Parameter ID bound to: 1 - type: integer 
	Parameter NUM_STAGE bound to: 1 - type: integer 
	Parameter din0_WIDTH bound to: 11 - type: integer 
	Parameter din1_WIDTH bound to: 6 - type: integer 
	Parameter dout_WIDTH bound to: 17 - type: integer 
INFO: [Synth 8-3491] module 'myproject_mul_11s_6s_17_1_1' declared at '/home/dabadjiev/smartpixels_ml_dsabadjiev/Muon_Collider_Smart_Pixels/eric/Results_June2026_99SigEff/model2.5_fin_results/model2_5_6bit_normalised_selected/pareto_secondary/hls_outputs_vsynth/hls_model_trial_022/myproject_prj/solution1/syn/vhdl/myproject_mul_11s_6s_17_1_1.vhd:7' bound to instance 'mul_11s_6s_17_1_1_U88' of component 'myproject_mul_11s_6s_17_1_1' [/home/dabadjiev/smartpixels_ml_dsabadjiev/Muon_Collider_Smart_Pixels/eric/Results_June2026_99SigEff/model2.5_fin_results/model2_5_6bit_normalised_selected/pareto_secondary/hls_outputs_vsynth/hls_model_trial_022/myproject_prj/solution1/syn/vhdl/myproject_dense_resource_ap_fixed_16_6_5_3_0_ap_fixed_16_6_5_3_0_config14_s.vhd:2434]
	Parameter ID bound to: 1 - type: integer 
	Parameter NUM_STAGE bound to: 1 - type: integer 
	Parameter din0_WIDTH bound to: 11 - type: integer 
	Parameter din1_WIDTH bound to: 6 - type: integer 
	Parameter dout_WIDTH bound to: 17 - type: integer 
INFO: [Synth 8-3491] module 'myproject_mul_11s_6s_17_1_1' declared at '/home/dabadjiev/smartpixels_ml_dsabadjiev/Muon_Collider_Smart_Pixels/eric/Results_June2026_99SigEff/model2.5_fin_results/model2_5_6bit_normalised_selected/pareto_secondary/hls_outputs_vsynth/hls_model_trial_022/myproject_prj/solution1/syn/vhdl/myproject_mul_11s_6s_17_1_1.vhd:7' bound to instance 'mul_11s_6s_17_1_1_U89' of component 'myproject_mul_11s_6s_17_1_1' [/home/dabadjiev/smartpixels_ml_dsabadjiev/Muon_Collider_Smart_Pixels/eric/Results_June2026_99SigEff/model2.5_fin_results/model2_5_6bit_normalised_selected/pareto_secondary/hls_outputs_vsynth/hls_model_trial_022/myproject_prj/solution1/syn/vhdl/myproject_dense_resource_ap_fixed_16_6_5_3_0_ap_fixed_16_6_5_3_0_config14_s.vhd:2446]
	Parameter ID bound to: 1 - type: integer 
	Parameter NUM_STAGE bound to: 1 - type: integer 
	Parameter din0_WIDTH bound to: 11 - type: integer 
	Parameter din1_WIDTH bound to: 6 - type: integer 
	Parameter dout_WIDTH bound to: 17 - type: integer 
INFO: [Synth 8-3491] module 'myproject_mul_11s_6s_17_1_1' declared at '/home/dabadjiev/smartpixels_ml_dsabadjiev/Muon_Collider_Smart_Pixels/eric/Results_June2026_99SigEff/model2.5_fin_results/model2_5_6bit_normalised_selected/pareto_secondary/hls_outputs_vsynth/hls_model_trial_022/myproject_prj/solution1/syn/vhdl/myproject_mul_11s_6s_17_1_1.vhd:7' bound to instance 'mul_11s_6s_17_1_1_U90' of component 'myproject_mul_11s_6s_17_1_1' [/home/dabadjiev/smartpixels_ml_dsabadjiev/Muon_Collider_Smart_Pixels/eric/Results_June2026_99SigEff/model2.5_fin_results/model2_5_6bit_normalised_selected/pareto_secondary/hls_outputs_vsynth/hls_model_trial_022/myproject_prj/solution1/syn/vhdl/myproject_dense_resource_ap_fixed_16_6_5_3_0_ap_fixed_16_6_5_3_0_config14_s.vhd:2458]
	Parameter ID bound to: 1 - type: integer 
	Parameter NUM_STAGE bound to: 1 - type: integer 
	Parameter din0_WIDTH bound to: 11 - type: integer 
	Parameter din1_WIDTH bound to: 6 - type: integer 
	Parameter dout_WIDTH bound to: 17 - type: integer 
INFO: [Synth 8-3491] module 'myproject_mul_11s_6s_17_1_1' declared at '/home/dabadjiev/smartpixels_ml_dsabadjiev/Muon_Collider_Smart_Pixels/eric/Results_June2026_99SigEff/model2.5_fin_results/model2_5_6bit_normalised_selected/pareto_secondary/hls_outputs_vsynth/hls_model_trial_022/myproject_prj/solution1/syn/vhdl/myproject_mul_11s_6s_17_1_1.vhd:7' bound to instance 'mul_11s_6s_17_1_1_U91' of component 'myproject_mul_11s_6s_17_1_1' [/home/dabadjiev/smartpixels_ml_dsabadjiev/Muon_Collider_Smart_Pixels/eric/Results_June2026_99SigEff/model2.5_fin_results/model2_5_6bit_normalised_selected/pareto_secondary/hls_outputs_vsynth/hls_model_trial_022/myproject_prj/solution1/syn/vhdl/myproject_dense_resource_ap_fixed_16_6_5_3_0_ap_fixed_16_6_5_3_0_config14_s.vhd:2470]
	Parameter ID bound to: 1 - type: integer 
	Parameter NUM_STAGE bound to: 1 - type: integer 
	Parameter din0_WIDTH bound to: 11 - type: integer 
	Parameter din1_WIDTH bound to: 6 - type: integer 
	Parameter dout_WIDTH bound to: 17 - type: integer 
INFO: [Synth 8-3491] module 'myproject_mul_11s_6s_17_1_1' declared at '/home/dabadjiev/smartpixels_ml_dsabadjiev/Muon_Collider_Smart_Pixels/eric/Results_June2026_99SigEff/model2.5_fin_results/model2_5_6bit_normalised_selected/pareto_secondary/hls_outputs_vsynth/hls_model_trial_022/myproject_prj/solution1/syn/vhdl/myproject_mul_11s_6s_17_1_1.vhd:7' bound to instance 'mul_11s_6s_17_1_1_U92' of component 'myproject_mul_11s_6s_17_1_1' [/home/dabadjiev/smartpixels_ml_dsabadjiev/Muon_Collider_Smart_Pixels/eric/Results_June2026_99SigEff/model2.5_fin_results/model2_5_6bit_normalised_selected/pareto_secondary/hls_outputs_vsynth/hls_model_trial_022/myproject_prj/solution1/syn/vhdl/myproject_dense_resource_ap_fixed_16_6_5_3_0_ap_fixed_16_6_5_3_0_config14_s.vhd:2482]
	Parameter ID bound to: 1 - type: integer 
	Parameter NUM_STAGE bound to: 1 - type: integer 
	Parameter din0_WIDTH bound to: 11 - type: integer 
	Parameter din1_WIDTH bound to: 6 - type: integer 
	Parameter dout_WIDTH bound to: 17 - type: integer 
INFO: [Synth 8-3491] module 'myproject_mul_11s_6s_17_1_1' declared at '/home/dabadjiev/smartpixels_ml_dsabadjiev/Muon_Collider_Smart_Pixels/eric/Results_June2026_99SigEff/model2.5_fin_results/model2_5_6bit_normalised_selected/pareto_secondary/hls_outputs_vsynth/hls_model_trial_022/myproject_prj/solution1/syn/vhdl/myproject_mul_11s_6s_17_1_1.vhd:7' bound to instance 'mul_11s_6s_17_1_1_U93' of component 'myproject_mul_11s_6s_17_1_1' [/home/dabadjiev/smartpixels_ml_dsabadjiev/Muon_Collider_Smart_Pixels/eric/Results_June2026_99SigEff/model2.5_fin_results/model2_5_6bit_normalised_selected/pareto_secondary/hls_outputs_vsynth/hls_model_trial_022/myproject_prj/solution1/syn/vhdl/myproject_dense_resource_ap_fixed_16_6_5_3_0_ap_fixed_16_6_5_3_0_config14_s.vhd:2494]
	Parameter ID bound to: 1 - type: integer 
	Parameter NUM_STAGE bound to: 1 - type: integer 
	Parameter din0_WIDTH bound to: 11 - type: integer 
	Parameter din1_WIDTH bound to: 6 - type: integer 
	Parameter dout_WIDTH bound to: 17 - type: integer 
INFO: [Synth 8-3491] module 'myproject_mul_11s_6s_17_1_1' declared at '/home/dabadjiev/smartpixels_ml_dsabadjiev/Muon_Collider_Smart_Pixels/eric/Results_June2026_99SigEff/model2.5_fin_results/model2_5_6bit_normalised_selected/pareto_secondary/hls_outputs_vsynth/hls_model_trial_022/myproject_prj/solution1/syn/vhdl/myproject_mul_11s_6s_17_1_1.vhd:7' bound to instance 'mul_11s_6s_17_1_1_U94' of component 'myproject_mul_11s_6s_17_1_1' [/home/dabadjiev/smartpixels_ml_dsabadjiev/Muon_Collider_Smart_Pixels/eric/Results_June2026_99SigEff/model2.5_fin_results/model2_5_6bit_normalised_selected/pareto_secondary/hls_outputs_vsynth/hls_model_trial_022/myproject_prj/solution1/syn/vhdl/myproject_dense_resource_ap_fixed_16_6_5_3_0_ap_fixed_16_6_5_3_0_config14_s.vhd:2506]
	Parameter ID bound to: 1 - type: integer 
	Parameter NUM_STAGE bound to: 1 - type: integer 
	Parameter din0_WIDTH bound to: 11 - type: integer 
	Parameter din1_WIDTH bound to: 6 - type: integer 
	Parameter dout_WIDTH bound to: 17 - type: integer 
INFO: [Synth 8-3491] module 'myproject_mul_11s_6s_17_1_1' declared at '/home/dabadjiev/smartpixels_ml_dsabadjiev/Muon_Collider_Smart_Pixels/eric/Results_June2026_99SigEff/model2.5_fin_results/model2_5_6bit_normalised_selected/pareto_secondary/hls_outputs_vsynth/hls_model_trial_022/myproject_prj/solution1/syn/vhdl/myproject_mul_11s_6s_17_1_1.vhd:7' bound to instance 'mul_11s_6s_17_1_1_U95' of component 'myproject_mul_11s_6s_17_1_1' [/home/dabadjiev/smartpixels_ml_dsabadjiev/Muon_Collider_Smart_Pixels/eric/Results_June2026_99SigEff/model2.5_fin_results/model2_5_6bit_normalised_selected/pareto_secondary/hls_outputs_vsynth/hls_model_trial_022/myproject_prj/solution1/syn/vhdl/myproject_dense_resource_ap_fixed_16_6_5_3_0_ap_fixed_16_6_5_3_0_config14_s.vhd:2518]
	Parameter ID bound to: 1 - type: integer 
	Parameter NUM_STAGE bound to: 1 - type: integer 
	Parameter din0_WIDTH bound to: 11 - type: integer 
	Parameter din1_WIDTH bound to: 6 - type: integer 
	Parameter dout_WIDTH bound to: 17 - type: integer 
INFO: [Synth 8-3491] module 'myproject_mul_11s_6s_17_1_1' declared at '/home/dabadjiev/smartpixels_ml_dsabadjiev/Muon_Collider_Smart_Pixels/eric/Results_June2026_99SigEff/model2.5_fin_results/model2_5_6bit_normalised_selected/pareto_secondary/hls_outputs_vsynth/hls_model_trial_022/myproject_prj/solution1/syn/vhdl/myproject_mul_11s_6s_17_1_1.vhd:7' bound to instance 'mul_11s_6s_17_1_1_U96' of component 'myproject_mul_11s_6s_17_1_1' [/home/dabadjiev/smartpixels_ml_dsabadjiev/Muon_Collider_Smart_Pixels/eric/Results_June2026_99SigEff/model2.5_fin_results/model2_5_6bit_normalised_selected/pareto_secondary/hls_outputs_vsynth/hls_model_trial_022/myproject_prj/solution1/syn/vhdl/myproject_dense_resource_ap_fixed_16_6_5_3_0_ap_fixed_16_6_5_3_0_config14_s.vhd:2530]
	Parameter ID bound to: 1 - type: integer 
	Parameter NUM_STAGE bound to: 1 - type: integer 
	Parameter din0_WIDTH bound to: 11 - type: integer 
	Parameter din1_WIDTH bound to: 6 - type: integer 
	Parameter dout_WIDTH bound to: 17 - type: integer 
INFO: [Synth 8-3491] module 'myproject_mul_11s_6s_17_1_1' declared at '/home/dabadjiev/smartpixels_ml_dsabadjiev/Muon_Collider_Smart_Pixels/eric/Results_June2026_99SigEff/model2.5_fin_results/model2_5_6bit_normalised_selected/pareto_secondary/hls_outputs_vsynth/hls_model_trial_022/myproject_prj/solution1/syn/vhdl/myproject_mul_11s_6s_17_1_1.vhd:7' bound to instance 'mul_11s_6s_17_1_1_U97' of component 'myproject_mul_11s_6s_17_1_1' [/home/dabadjiev/smartpixels_ml_dsabadjiev/Muon_Collider_Smart_Pixels/eric/Results_June2026_99SigEff/model2.5_fin_results/model2_5_6bit_normalised_selected/pareto_secondary/hls_outputs_vsynth/hls_model_trial_022/myproject_prj/solution1/syn/vhdl/myproject_dense_resource_ap_fixed_16_6_5_3_0_ap_fixed_16_6_5_3_0_config14_s.vhd:2542]
	Parameter ID bound to: 1 - type: integer 
	Parameter NUM_STAGE bound to: 1 - type: integer 
	Parameter din0_WIDTH bound to: 11 - type: integer 
	Parameter din1_WIDTH bound to: 6 - type: integer 
	Parameter dout_WIDTH bound to: 17 - type: integer 
INFO: [Synth 8-3491] module 'myproject_mul_11s_6s_17_1_1' declared at '/home/dabadjiev/smartpixels_ml_dsabadjiev/Muon_Collider_Smart_Pixels/eric/Results_June2026_99SigEff/model2.5_fin_results/model2_5_6bit_normalised_selected/pareto_secondary/hls_outputs_vsynth/hls_model_trial_022/myproject_prj/solution1/syn/vhdl/myproject_mul_11s_6s_17_1_1.vhd:7' bound to instance 'mul_11s_6s_17_1_1_U98' of component 'myproject_mul_11s_6s_17_1_1' [/home/dabadjiev/smartpixels_ml_dsabadjiev/Muon_Collider_Smart_Pixels/eric/Results_June2026_99SigEff/model2.5_fin_results/model2_5_6bit_normalised_selected/pareto_secondary/hls_outputs_vsynth/hls_model_trial_022/myproject_prj/solution1/syn/vhdl/myproject_dense_resource_ap_fixed_16_6_5_3_0_ap_fixed_16_6_5_3_0_config14_s.vhd:2554]
	Parameter ID bound to: 1 - type: integer 
	Parameter NUM_STAGE bound to: 1 - type: integer 
	Parameter din0_WIDTH bound to: 11 - type: integer 
	Parameter din1_WIDTH bound to: 6 - type: integer 
	Parameter dout_WIDTH bound to: 17 - type: integer 
INFO: [Synth 8-3491] module 'myproject_mul_11s_6s_17_1_1' declared at '/home/dabadjiev/smartpixels_ml_dsabadjiev/Muon_Collider_Smart_Pixels/eric/Results_June2026_99SigEff/model2.5_fin_results/model2_5_6bit_normalised_selected/pareto_secondary/hls_outputs_vsynth/hls_model_trial_022/myproject_prj/solution1/syn/vhdl/myproject_mul_11s_6s_17_1_1.vhd:7' bound to instance 'mul_11s_6s_17_1_1_U99' of component 'myproject_mul_11s_6s_17_1_1' [/home/dabadjiev/smartpixels_ml_dsabadjiev/Muon_Collider_Smart_Pixels/eric/Results_June2026_99SigEff/model2.5_fin_results/model2_5_6bit_normalised_selected/pareto_secondary/hls_outputs_vsynth/hls_model_trial_022/myproject_prj/solution1/syn/vhdl/myproject_dense_resource_ap_fixed_16_6_5_3_0_ap_fixed_16_6_5_3_0_config14_s.vhd:2566]
	Parameter ID bound to: 1 - type: integer 
	Parameter NUM_STAGE bound to: 1 - type: integer 
	Parameter din0_WIDTH bound to: 11 - type: integer 
	Parameter din1_WIDTH bound to: 6 - type: integer 
	Parameter dout_WIDTH bound to: 17 - type: integer 
INFO: [Synth 8-3491] module 'myproject_mul_11s_6s_17_1_1' declared at '/home/dabadjiev/smartpixels_ml_dsabadjiev/Muon_Collider_Smart_Pixels/eric/Results_June2026_99SigEff/model2.5_fin_results/model2_5_6bit_normalised_selected/pareto_secondary/hls_outputs_vsynth/hls_model_trial_022/myproject_prj/solution1/syn/vhdl/myproject_mul_11s_6s_17_1_1.vhd:7' bound to instance 'mul_11s_6s_17_1_1_U100' of component 'myproject_mul_11s_6s_17_1_1' [/home/dabadjiev/smartpixels_ml_dsabadjiev/Muon_Collider_Smart_Pixels/eric/Results_June2026_99SigEff/model2.5_fin_results/model2_5_6bit_normalised_selected/pareto_secondary/hls_outputs_vsynth/hls_model_trial_022/myproject_prj/solution1/syn/vhdl/myproject_dense_resource_ap_fixed_16_6_5_3_0_ap_fixed_16_6_5_3_0_config14_s.vhd:2578]
	Parameter ID bound to: 1 - type: integer 
	Parameter NUM_STAGE bound to: 1 - type: integer 
	Parameter din0_WIDTH bound to: 11 - type: integer 
	Parameter din1_WIDTH bound to: 6 - type: integer 
	Parameter dout_WIDTH bound to: 17 - type: integer 
INFO: [Synth 8-3491] module 'myproject_mul_11s_6s_17_1_1' declared at '/home/dabadjiev/smartpixels_ml_dsabadjiev/Muon_Collider_Smart_Pixels/eric/Results_June2026_99SigEff/model2.5_fin_results/model2_5_6bit_normalised_selected/pareto_secondary/hls_outputs_vsynth/hls_model_trial_022/myproject_prj/solution1/syn/vhdl/myproject_mul_11s_6s_17_1_1.vhd:7' bound to instance 'mul_11s_6s_17_1_1_U101' of component 'myproject_mul_11s_6s_17_1_1' [/home/dabadjiev/smartpixels_ml_dsabadjiev/Muon_Collider_Smart_Pixels/eric/Results_June2026_99SigEff/model2.5_fin_results/model2_5_6bit_normalised_selected/pareto_secondary/hls_outputs_vsynth/hls_model_trial_022/myproject_prj/solution1/syn/vhdl/myproject_dense_resource_ap_fixed_16_6_5_3_0_ap_fixed_16_6_5_3_0_config14_s.vhd:2590]
	Parameter ID bound to: 1 - type: integer 
	Parameter NUM_STAGE bound to: 1 - type: integer 
	Parameter din0_WIDTH bound to: 11 - type: integer 
	Parameter din1_WIDTH bound to: 6 - type: integer 
	Parameter dout_WIDTH bound to: 17 - type: integer 
INFO: [Synth 8-3491] module 'myproject_mul_11s_6s_17_1_1' declared at '/home/dabadjiev/smartpixels_ml_dsabadjiev/Muon_Collider_Smart_Pixels/eric/Results_June2026_99SigEff/model2.5_fin_results/model2_5_6bit_normalised_selected/pareto_secondary/hls_outputs_vsynth/hls_model_trial_022/myproject_prj/solution1/syn/vhdl/myproject_mul_11s_6s_17_1_1.vhd:7' bound to instance 'mul_11s_6s_17_1_1_U102' of component 'myproject_mul_11s_6s_17_1_1' [/home/dabadjiev/smartpixels_ml_dsabadjiev/Muon_Collider_Smart_Pixels/eric/Results_June2026_99SigEff/model2.5_fin_results/model2_5_6bit_normalised_selected/pareto_secondary/hls_outputs_vsynth/hls_model_trial_022/myproject_prj/solution1/syn/vhdl/myproject_dense_resource_ap_fixed_16_6_5_3_0_ap_fixed_16_6_5_3_0_config14_s.vhd:2602]
	Parameter ID bound to: 1 - type: integer 
	Parameter NUM_STAGE bound to: 1 - type: integer 
	Parameter din0_WIDTH bound to: 11 - type: integer 
	Parameter din1_WIDTH bound to: 6 - type: integer 
	Parameter dout_WIDTH bound to: 17 - type: integer 
INFO: [Synth 8-3491] module 'myproject_mul_11s_6s_17_1_1' declared at '/home/dabadjiev/smartpixels_ml_dsabadjiev/Muon_Collider_Smart_Pixels/eric/Results_June2026_99SigEff/model2.5_fin_results/model2_5_6bit_normalised_selected/pareto_secondary/hls_outputs_vsynth/hls_model_trial_022/myproject_prj/solution1/syn/vhdl/myproject_mul_11s_6s_17_1_1.vhd:7' bound to instance 'mul_11s_6s_17_1_1_U103' of component 'myproject_mul_11s_6s_17_1_1' [/home/dabadjiev/smartpixels_ml_dsabadjiev/Muon_Collider_Smart_Pixels/eric/Results_June2026_99SigEff/model2.5_fin_results/model2_5_6bit_normalised_selected/pareto_secondary/hls_outputs_vsynth/hls_model_trial_022/myproject_prj/solution1/syn/vhdl/myproject_dense_resource_ap_fixed_16_6_5_3_0_ap_fixed_16_6_5_3_0_config14_s.vhd:2614]
	Parameter ID bound to: 1 - type: integer 
	Parameter NUM_STAGE bound to: 1 - type: integer 
	Parameter din0_WIDTH bound to: 11 - type: integer 
	Parameter din1_WIDTH bound to: 6 - type: integer 
	Parameter dout_WIDTH bound to: 17 - type: integer 
INFO: [Synth 8-3491] module 'myproject_mul_11s_6s_17_1_1' declared at '/home/dabadjiev/smartpixels_ml_dsabadjiev/Muon_Collider_Smart_Pixels/eric/Results_June2026_99SigEff/model2.5_fin_results/model2_5_6bit_normalised_selected/pareto_secondary/hls_outputs_vsynth/hls_model_trial_022/myproject_prj/solution1/syn/vhdl/myproject_mul_11s_6s_17_1_1.vhd:7' bound to instance 'mul_11s_6s_17_1_1_U104' of component 'myproject_mul_11s_6s_17_1_1' [/home/dabadjiev/smartpixels_ml_dsabadjiev/Muon_Collider_Smart_Pixels/eric/Results_June2026_99SigEff/model2.5_fin_results/model2_5_6bit_normalised_selected/pareto_secondary/hls_outputs_vsynth/hls_model_trial_022/myproject_prj/solution1/syn/vhdl/myproject_dense_resource_ap_fixed_16_6_5_3_0_ap_fixed_16_6_5_3_0_config14_s.vhd:2626]
	Parameter ID bound to: 1 - type: integer 
	Parameter NUM_STAGE bound to: 1 - type: integer 
	Parameter din0_WIDTH bound to: 11 - type: integer 
	Parameter din1_WIDTH bound to: 6 - type: integer 
	Parameter dout_WIDTH bound to: 17 - type: integer 
INFO: [Synth 8-3491] module 'myproject_mul_11s_6s_17_1_1' declared at '/home/dabadjiev/smartpixels_ml_dsabadjiev/Muon_Collider_Smart_Pixels/eric/Results_June2026_99SigEff/model2.5_fin_results/model2_5_6bit_normalised_selected/pareto_secondary/hls_outputs_vsynth/hls_model_trial_022/myproject_prj/solution1/syn/vhdl/myproject_mul_11s_6s_17_1_1.vhd:7' bound to instance 'mul_11s_6s_17_1_1_U105' of component 'myproject_mul_11s_6s_17_1_1' [/home/dabadjiev/smartpixels_ml_dsabadjiev/Muon_Collider_Smart_Pixels/eric/Results_June2026_99SigEff/model2.5_fin_results/model2_5_6bit_normalised_selected/pareto_secondary/hls_outputs_vsynth/hls_model_trial_022/myproject_prj/solution1/syn/vhdl/myproject_dense_resource_ap_fixed_16_6_5_3_0_ap_fixed_16_6_5_3_0_config14_s.vhd:2638]
	Parameter ID bound to: 1 - type: integer 
	Parameter NUM_STAGE bound to: 1 - type: integer 
	Parameter din0_WIDTH bound to: 11 - type: integer 
	Parameter din1_WIDTH bound to: 6 - type: integer 
	Parameter dout_WIDTH bound to: 17 - type: integer 
INFO: [Synth 8-3491] module 'myproject_mul_11s_6s_17_1_1' declared at '/home/dabadjiev/smartpixels_ml_dsabadjiev/Muon_Collider_Smart_Pixels/eric/Results_June2026_99SigEff/model2.5_fin_results/model2_5_6bit_normalised_selected/pareto_secondary/hls_outputs_vsynth/hls_model_trial_022/myproject_prj/solution1/syn/vhdl/myproject_mul_11s_6s_17_1_1.vhd:7' bound to instance 'mul_11s_6s_17_1_1_U106' of component 'myproject_mul_11s_6s_17_1_1' [/home/dabadjiev/smartpixels_ml_dsabadjiev/Muon_Collider_Smart_Pixels/eric/Results_June2026_99SigEff/model2.5_fin_results/model2_5_6bit_normalised_selected/pareto_secondary/hls_outputs_vsynth/hls_model_trial_022/myproject_prj/solution1/syn/vhdl/myproject_dense_resource_ap_fixed_16_6_5_3_0_ap_fixed_16_6_5_3_0_config14_s.vhd:2650]
	Parameter ID bound to: 1 - type: integer 
	Parameter NUM_STAGE bound to: 1 - type: integer 
	Parameter din0_WIDTH bound to: 11 - type: integer 
	Parameter din1_WIDTH bound to: 6 - type: integer 
	Parameter dout_WIDTH bound to: 17 - type: integer 
INFO: [Synth 8-3491] module 'myproject_mul_11s_6s_17_1_1' declared at '/home/dabadjiev/smartpixels_ml_dsabadjiev/Muon_Collider_Smart_Pixels/eric/Results_June2026_99SigEff/model2.5_fin_results/model2_5_6bit_normalised_selected/pareto_secondary/hls_outputs_vsynth/hls_model_trial_022/myproject_prj/solution1/syn/vhdl/myproject_mul_11s_6s_17_1_1.vhd:7' bound to instance 'mul_11s_6s_17_1_1_U107' of component 'myproject_mul_11s_6s_17_1_1' [/home/dabadjiev/smartpixels_ml_dsabadjiev/Muon_Collider_Smart_Pixels/eric/Results_June2026_99SigEff/model2.5_fin_results/model2_5_6bit_normalised_selected/pareto_secondary/hls_outputs_vsynth/hls_model_trial_022/myproject_prj/solution1/syn/vhdl/myproject_dense_resource_ap_fixed_16_6_5_3_0_ap_fixed_16_6_5_3_0_config14_s.vhd:2662]
	Parameter ID bound to: 1 - type: integer 
	Parameter NUM_STAGE bound to: 1 - type: integer 
	Parameter din0_WIDTH bound to: 11 - type: integer 
	Parameter din1_WIDTH bound to: 6 - type: integer 
	Parameter dout_WIDTH bound to: 17 - type: integer 
INFO: [Synth 8-3491] module 'myproject_mul_11s_6s_17_1_1' declared at '/home/dabadjiev/smartpixels_ml_dsabadjiev/Muon_Collider_Smart_Pixels/eric/Results_June2026_99SigEff/model2.5_fin_results/model2_5_6bit_normalised_selected/pareto_secondary/hls_outputs_vsynth/hls_model_trial_022/myproject_prj/solution1/syn/vhdl/myproject_mul_11s_6s_17_1_1.vhd:7' bound to instance 'mul_11s_6s_17_1_1_U108' of component 'myproject_mul_11s_6s_17_1_1' [/home/dabadjiev/smartpixels_ml_dsabadjiev/Muon_Collider_Smart_Pixels/eric/Results_June2026_99SigEff/model2.5_fin_results/model2_5_6bit_normalised_selected/pareto_secondary/hls_outputs_vsynth/hls_model_trial_022/myproject_prj/solution1/syn/vhdl/myproject_dense_resource_ap_fixed_16_6_5_3_0_ap_fixed_16_6_5_3_0_config14_s.vhd:2674]
	Parameter ID bound to: 1 - type: integer 
	Parameter NUM_STAGE bound to: 1 - type: integer 
	Parameter din0_WIDTH bound to: 11 - type: integer 
	Parameter din1_WIDTH bound to: 6 - type: integer 
	Parameter dout_WIDTH bound to: 17 - type: integer 
INFO: [Synth 8-3491] module 'myproject_mul_11s_6s_17_1_1' declared at '/home/dabadjiev/smartpixels_ml_dsabadjiev/Muon_Collider_Smart_Pixels/eric/Results_June2026_99SigEff/model2.5_fin_results/model2_5_6bit_normalised_selected/pareto_secondary/hls_outputs_vsynth/hls_model_trial_022/myproject_prj/solution1/syn/vhdl/myproject_mul_11s_6s_17_1_1.vhd:7' bound to instance 'mul_11s_6s_17_1_1_U109' of component 'myproject_mul_11s_6s_17_1_1' [/home/dabadjiev/smartpixels_ml_dsabadjiev/Muon_Collider_Smart_Pixels/eric/Results_June2026_99SigEff/model2.5_fin_results/model2_5_6bit_normalised_selected/pareto_secondary/hls_outputs_vsynth/hls_model_trial_022/myproject_prj/solution1/syn/vhdl/myproject_dense_resource_ap_fixed_16_6_5_3_0_ap_fixed_16_6_5_3_0_config14_s.vhd:2686]
	Parameter ID bound to: 1 - type: integer 
	Parameter NUM_STAGE bound to: 1 - type: integer 
	Parameter din0_WIDTH bound to: 11 - type: integer 
	Parameter din1_WIDTH bound to: 6 - type: integer 
	Parameter dout_WIDTH bound to: 17 - type: integer 
INFO: [Synth 8-3491] module 'myproject_mul_11s_6s_17_1_1' declared at '/home/dabadjiev/smartpixels_ml_dsabadjiev/Muon_Collider_Smart_Pixels/eric/Results_June2026_99SigEff/model2.5_fin_results/model2_5_6bit_normalised_selected/pareto_secondary/hls_outputs_vsynth/hls_model_trial_022/myproject_prj/solution1/syn/vhdl/myproject_mul_11s_6s_17_1_1.vhd:7' bound to instance 'mul_11s_6s_17_1_1_U110' of component 'myproject_mul_11s_6s_17_1_1' [/home/dabadjiev/smartpixels_ml_dsabadjiev/Muon_Collider_Smart_Pixels/eric/Results_June2026_99SigEff/model2.5_fin_results/model2_5_6bit_normalised_selected/pareto_secondary/hls_outputs_vsynth/hls_model_trial_022/myproject_prj/solution1/syn/vhdl/myproject_dense_resource_ap_fixed_16_6_5_3_0_ap_fixed_16_6_5_3_0_config14_s.vhd:2698]
	Parameter ID bound to: 1 - type: integer 
	Parameter NUM_STAGE bound to: 1 - type: integer 
	Parameter din0_WIDTH bound to: 11 - type: integer 
	Parameter din1_WIDTH bound to: 6 - type: integer 
	Parameter dout_WIDTH bound to: 17 - type: integer 
INFO: [Synth 8-3491] module 'myproject_mul_11s_6s_17_1_1' declared at '/home/dabadjiev/smartpixels_ml_dsabadjiev/Muon_Collider_Smart_Pixels/eric/Results_June2026_99SigEff/model2.5_fin_results/model2_5_6bit_normalised_selected/pareto_secondary/hls_outputs_vsynth/hls_model_trial_022/myproject_prj/solution1/syn/vhdl/myproject_mul_11s_6s_17_1_1.vhd:7' bound to instance 'mul_11s_6s_17_1_1_U111' of component 'myproject_mul_11s_6s_17_1_1' [/home/dabadjiev/smartpixels_ml_dsabadjiev/Muon_Collider_Smart_Pixels/eric/Results_June2026_99SigEff/model2.5_fin_results/model2_5_6bit_normalised_selected/pareto_secondary/hls_outputs_vsynth/hls_model_trial_022/myproject_prj/solution1/syn/vhdl/myproject_dense_resource_ap_fixed_16_6_5_3_0_ap_fixed_16_6_5_3_0_config14_s.vhd:2710]
	Parameter ID bound to: 1 - type: integer 
	Parameter NUM_STAGE bound to: 1 - type: integer 
	Parameter din0_WIDTH bound to: 11 - type: integer 
	Parameter din1_WIDTH bound to: 6 - type: integer 
	Parameter dout_WIDTH bound to: 17 - type: integer 
INFO: [Synth 8-3491] module 'myproject_mul_11s_6s_17_1_1' declared at '/home/dabadjiev/smartpixels_ml_dsabadjiev/Muon_Collider_Smart_Pixels/eric/Results_June2026_99SigEff/model2.5_fin_results/model2_5_6bit_normalised_selected/pareto_secondary/hls_outputs_vsynth/hls_model_trial_022/myproject_prj/solution1/syn/vhdl/myproject_mul_11s_6s_17_1_1.vhd:7' bound to instance 'mul_11s_6s_17_1_1_U112' of component 'myproject_mul_11s_6s_17_1_1' [/home/dabadjiev/smartpixels_ml_dsabadjiev/Muon_Collider_Smart_Pixels/eric/Results_June2026_99SigEff/model2.5_fin_results/model2_5_6bit_normalised_selected/pareto_secondary/hls_outputs_vsynth/hls_model_trial_022/myproject_prj/solution1/syn/vhdl/myproject_dense_resource_ap_fixed_16_6_5_3_0_ap_fixed_16_6_5_3_0_config14_s.vhd:2722]
	Parameter ID bound to: 1 - type: integer 
	Parameter NUM_STAGE bound to: 1 - type: integer 
	Parameter din0_WIDTH bound to: 11 - type: integer 
	Parameter din1_WIDTH bound to: 6 - type: integer 
	Parameter dout_WIDTH bound to: 17 - type: integer 
INFO: [Synth 8-3491] module 'myproject_mul_11s_6s_17_1_1' declared at '/home/dabadjiev/smartpixels_ml_dsabadjiev/Muon_Collider_Smart_Pixels/eric/Results_June2026_99SigEff/model2.5_fin_results/model2_5_6bit_normalised_selected/pareto_secondary/hls_outputs_vsynth/hls_model_trial_022/myproject_prj/solution1/syn/vhdl/myproject_mul_11s_6s_17_1_1.vhd:7' bound to instance 'mul_11s_6s_17_1_1_U113' of component 'myproject_mul_11s_6s_17_1_1' [/home/dabadjiev/smartpixels_ml_dsabadjiev/Muon_Collider_Smart_Pixels/eric/Results_June2026_99SigEff/model2.5_fin_results/model2_5_6bit_normalised_selected/pareto_secondary/hls_outputs_vsynth/hls_model_trial_022/myproject_prj/solution1/syn/vhdl/myproject_dense_resource_ap_fixed_16_6_5_3_0_ap_fixed_16_6_5_3_0_config14_s.vhd:2734]
	Parameter ID bound to: 1 - type: integer 
	Parameter NUM_STAGE bound to: 1 - type: integer 
	Parameter din0_WIDTH bound to: 11 - type: integer 
	Parameter din1_WIDTH bound to: 6 - type: integer 
	Parameter dout_WIDTH bound to: 17 - type: integer 
INFO: [Synth 8-3491] module 'myproject_mul_11s_6s_17_1_1' declared at '/home/dabadjiev/smartpixels_ml_dsabadjiev/Muon_Collider_Smart_Pixels/eric/Results_June2026_99SigEff/model2.5_fin_results/model2_5_6bit_normalised_selected/pareto_secondary/hls_outputs_vsynth/hls_model_trial_022/myproject_prj/solution1/syn/vhdl/myproject_mul_11s_6s_17_1_1.vhd:7' bound to instance 'mul_11s_6s_17_1_1_U114' of component 'myproject_mul_11s_6s_17_1_1' [/home/dabadjiev/smartpixels_ml_dsabadjiev/Muon_Collider_Smart_Pixels/eric/Results_June2026_99SigEff/model2.5_fin_results/model2_5_6bit_normalised_selected/pareto_secondary/hls_outputs_vsynth/hls_model_trial_022/myproject_prj/solution1/syn/vhdl/myproject_dense_resource_ap_fixed_16_6_5_3_0_ap_fixed_16_6_5_3_0_config14_s.vhd:2746]
	Parameter ID bound to: 1 - type: integer 
	Parameter NUM_STAGE bound to: 1 - type: integer 
	Parameter din0_WIDTH bound to: 11 - type: integer 
	Parameter din1_WIDTH bound to: 6 - type: integer 
	Parameter dout_WIDTH bound to: 17 - type: integer 
INFO: [Synth 8-3491] module 'myproject_mul_11s_6s_17_1_1' declared at '/home/dabadjiev/smartpixels_ml_dsabadjiev/Muon_Collider_Smart_Pixels/eric/Results_June2026_99SigEff/model2.5_fin_results/model2_5_6bit_normalised_selected/pareto_secondary/hls_outputs_vsynth/hls_model_trial_022/myproject_prj/solution1/syn/vhdl/myproject_mul_11s_6s_17_1_1.vhd:7' bound to instance 'mul_11s_6s_17_1_1_U115' of component 'myproject_mul_11s_6s_17_1_1' [/home/dabadjiev/smartpixels_ml_dsabadjiev/Muon_Collider_Smart_Pixels/eric/Results_June2026_99SigEff/model2.5_fin_results/model2_5_6bit_normalised_selected/pareto_secondary/hls_outputs_vsynth/hls_model_trial_022/myproject_prj/solution1/syn/vhdl/myproject_dense_resource_ap_fixed_16_6_5_3_0_ap_fixed_16_6_5_3_0_config14_s.vhd:2758]
	Parameter ID bound to: 1 - type: integer 
	Parameter NUM_STAGE bound to: 1 - type: integer 
	Parameter din0_WIDTH bound to: 11 - type: integer 
	Parameter din1_WIDTH bound to: 6 - type: integer 
	Parameter dout_WIDTH bound to: 17 - type: integer 
INFO: [Synth 8-3491] module 'myproject_mul_11s_6s_17_1_1' declared at '/home/dabadjiev/smartpixels_ml_dsabadjiev/Muon_Collider_Smart_Pixels/eric/Results_June2026_99SigEff/model2.5_fin_results/model2_5_6bit_normalised_selected/pareto_secondary/hls_outputs_vsynth/hls_model_trial_022/myproject_prj/solution1/syn/vhdl/myproject_mul_11s_6s_17_1_1.vhd:7' bound to instance 'mul_11s_6s_17_1_1_U116' of component 'myproject_mul_11s_6s_17_1_1' [/home/dabadjiev/smartpixels_ml_dsabadjiev/Muon_Collider_Smart_Pixels/eric/Results_June2026_99SigEff/model2.5_fin_results/model2_5_6bit_normalised_selected/pareto_secondary/hls_outputs_vsynth/hls_model_trial_022/myproject_prj/solution1/syn/vhdl/myproject_dense_resource_ap_fixed_16_6_5_3_0_ap_fixed_16_6_5_3_0_config14_s.vhd:2770]
	Parameter ID bound to: 1 - type: integer 
	Parameter NUM_STAGE bound to: 1 - type: integer 
	Parameter din0_WIDTH bound to: 11 - type: integer 
	Parameter din1_WIDTH bound to: 6 - type: integer 
	Parameter dout_WIDTH bound to: 17 - type: integer 
INFO: [Synth 8-3491] module 'myproject_mul_11s_6s_17_1_1' declared at '/home/dabadjiev/smartpixels_ml_dsabadjiev/Muon_Collider_Smart_Pixels/eric/Results_June2026_99SigEff/model2.5_fin_results/model2_5_6bit_normalised_selected/pareto_secondary/hls_outputs_vsynth/hls_model_trial_022/myproject_prj/solution1/syn/vhdl/myproject_mul_11s_6s_17_1_1.vhd:7' bound to instance 'mul_11s_6s_17_1_1_U117' of component 'myproject_mul_11s_6s_17_1_1' [/home/dabadjiev/smartpixels_ml_dsabadjiev/Muon_Collider_Smart_Pixels/eric/Results_June2026_99SigEff/model2.5_fin_results/model2_5_6bit_normalised_selected/pareto_secondary/hls_outputs_vsynth/hls_model_trial_022/myproject_prj/solution1/syn/vhdl/myproject_dense_resource_ap_fixed_16_6_5_3_0_ap_fixed_16_6_5_3_0_config14_s.vhd:2782]
	Parameter ID bound to: 1 - type: integer 
	Parameter NUM_STAGE bound to: 1 - type: integer 
	Parameter din0_WIDTH bound to: 11 - type: integer 
	Parameter din1_WIDTH bound to: 6 - type: integer 
	Parameter dout_WIDTH bound to: 17 - type: integer 
INFO: [Synth 8-3491] module 'myproject_mul_11s_6s_17_1_1' declared at '/home/dabadjiev/smartpixels_ml_dsabadjiev/Muon_Collider_Smart_Pixels/eric/Results_June2026_99SigEff/model2.5_fin_results/model2_5_6bit_normalised_selected/pareto_secondary/hls_outputs_vsynth/hls_model_trial_022/myproject_prj/solution1/syn/vhdl/myproject_mul_11s_6s_17_1_1.vhd:7' bound to instance 'mul_11s_6s_17_1_1_U118' of component 'myproject_mul_11s_6s_17_1_1' [/home/dabadjiev/smartpixels_ml_dsabadjiev/Muon_Collider_Smart_Pixels/eric/Results_June2026_99SigEff/model2.5_fin_results/model2_5_6bit_normalised_selected/pareto_secondary/hls_outputs_vsynth/hls_model_trial_022/myproject_prj/solution1/syn/vhdl/myproject_dense_resource_ap_fixed_16_6_5_3_0_ap_fixed_16_6_5_3_0_config14_s.vhd:2794]
	Parameter ID bound to: 1 - type: integer 
	Parameter NUM_STAGE bound to: 1 - type: integer 
	Parameter din0_WIDTH bound to: 11 - type: integer 
	Parameter din1_WIDTH bound to: 6 - type: integer 
	Parameter dout_WIDTH bound to: 17 - type: integer 
INFO: [Synth 8-3491] module 'myproject_mul_11s_6s_17_1_1' declared at '/home/dabadjiev/smartpixels_ml_dsabadjiev/Muon_Collider_Smart_Pixels/eric/Results_June2026_99SigEff/model2.5_fin_results/model2_5_6bit_normalised_selected/pareto_secondary/hls_outputs_vsynth/hls_model_trial_022/myproject_prj/solution1/syn/vhdl/myproject_mul_11s_6s_17_1_1.vhd:7' bound to instance 'mul_11s_6s_17_1_1_U119' of component 'myproject_mul_11s_6s_17_1_1' [/home/dabadjiev/smartpixels_ml_dsabadjiev/Muon_Collider_Smart_Pixels/eric/Results_June2026_99SigEff/model2.5_fin_results/model2_5_6bit_normalised_selected/pareto_secondary/hls_outputs_vsynth/hls_model_trial_022/myproject_prj/solution1/syn/vhdl/myproject_dense_resource_ap_fixed_16_6_5_3_0_ap_fixed_16_6_5_3_0_config14_s.vhd:2806]
	Parameter ID bound to: 1 - type: integer 
	Parameter NUM_STAGE bound to: 1 - type: integer 
	Parameter din0_WIDTH bound to: 11 - type: integer 
	Parameter din1_WIDTH bound to: 6 - type: integer 
	Parameter dout_WIDTH bound to: 17 - type: integer 
INFO: [Synth 8-3491] module 'myproject_mul_11s_6s_17_1_1' declared at '/home/dabadjiev/smartpixels_ml_dsabadjiev/Muon_Collider_Smart_Pixels/eric/Results_June2026_99SigEff/model2.5_fin_results/model2_5_6bit_normalised_selected/pareto_secondary/hls_outputs_vsynth/hls_model_trial_022/myproject_prj/solution1/syn/vhdl/myproject_mul_11s_6s_17_1_1.vhd:7' bound to instance 'mul_11s_6s_17_1_1_U120' of component 'myproject_mul_11s_6s_17_1_1' [/home/dabadjiev/smartpixels_ml_dsabadjiev/Muon_Collider_Smart_Pixels/eric/Results_June2026_99SigEff/model2.5_fin_results/model2_5_6bit_normalised_selected/pareto_secondary/hls_outputs_vsynth/hls_model_trial_022/myproject_prj/solution1/syn/vhdl/myproject_dense_resource_ap_fixed_16_6_5_3_0_ap_fixed_16_6_5_3_0_config14_s.vhd:2818]
	Parameter ID bound to: 1 - type: integer 
	Parameter NUM_STAGE bound to: 1 - type: integer 
	Parameter din0_WIDTH bound to: 11 - type: integer 
	Parameter din1_WIDTH bound to: 6 - type: integer 
	Parameter dout_WIDTH bound to: 17 - type: integer 
INFO: [Synth 8-3491] module 'myproject_mul_11s_6s_17_1_1' declared at '/home/dabadjiev/smartpixels_ml_dsabadjiev/Muon_Collider_Smart_Pixels/eric/Results_June2026_99SigEff/model2.5_fin_results/model2_5_6bit_normalised_selected/pareto_secondary/hls_outputs_vsynth/hls_model_trial_022/myproject_prj/solution1/syn/vhdl/myproject_mul_11s_6s_17_1_1.vhd:7' bound to instance 'mul_11s_6s_17_1_1_U121' of component 'myproject_mul_11s_6s_17_1_1' [/home/dabadjiev/smartpixels_ml_dsabadjiev/Muon_Collider_Smart_Pixels/eric/Results_June2026_99SigEff/model2.5_fin_results/model2_5_6bit_normalised_selected/pareto_secondary/hls_outputs_vsynth/hls_model_trial_022/myproject_prj/solution1/syn/vhdl/myproject_dense_resource_ap_fixed_16_6_5_3_0_ap_fixed_16_6_5_3_0_config14_s.vhd:2830]
	Parameter ID bound to: 1 - type: integer 
	Parameter NUM_STAGE bound to: 1 - type: integer 
	Parameter din0_WIDTH bound to: 11 - type: integer 
	Parameter din1_WIDTH bound to: 6 - type: integer 
	Parameter dout_WIDTH bound to: 17 - type: integer 
INFO: [Synth 8-3491] module 'myproject_mul_11s_6s_17_1_1' declared at '/home/dabadjiev/smartpixels_ml_dsabadjiev/Muon_Collider_Smart_Pixels/eric/Results_June2026_99SigEff/model2.5_fin_results/model2_5_6bit_normalised_selected/pareto_secondary/hls_outputs_vsynth/hls_model_trial_022/myproject_prj/solution1/syn/vhdl/myproject_mul_11s_6s_17_1_1.vhd:7' bound to instance 'mul_11s_6s_17_1_1_U122' of component 'myproject_mul_11s_6s_17_1_1' [/home/dabadjiev/smartpixels_ml_dsabadjiev/Muon_Collider_Smart_Pixels/eric/Results_June2026_99SigEff/model2.5_fin_results/model2_5_6bit_normalised_selected/pareto_secondary/hls_outputs_vsynth/hls_model_trial_022/myproject_prj/solution1/syn/vhdl/myproject_dense_resource_ap_fixed_16_6_5_3_0_ap_fixed_16_6_5_3_0_config14_s.vhd:2842]
	Parameter ID bound to: 1 - type: integer 
	Parameter NUM_STAGE bound to: 1 - type: integer 
	Parameter din0_WIDTH bound to: 11 - type: integer 
	Parameter din1_WIDTH bound to: 6 - type: integer 
	Parameter dout_WIDTH bound to: 17 - type: integer 
INFO: [Synth 8-3491] module 'myproject_mul_11s_6s_17_1_1' declared at '/home/dabadjiev/smartpixels_ml_dsabadjiev/Muon_Collider_Smart_Pixels/eric/Results_June2026_99SigEff/model2.5_fin_results/model2_5_6bit_normalised_selected/pareto_secondary/hls_outputs_vsynth/hls_model_trial_022/myproject_prj/solution1/syn/vhdl/myproject_mul_11s_6s_17_1_1.vhd:7' bound to instance 'mul_11s_6s_17_1_1_U123' of component 'myproject_mul_11s_6s_17_1_1' [/home/dabadjiev/smartpixels_ml_dsabadjiev/Muon_Collider_Smart_Pixels/eric/Results_June2026_99SigEff/model2.5_fin_results/model2_5_6bit_normalised_selected/pareto_secondary/hls_outputs_vsynth/hls_model_trial_022/myproject_prj/solution1/syn/vhdl/myproject_dense_resource_ap_fixed_16_6_5_3_0_ap_fixed_16_6_5_3_0_config14_s.vhd:2854]
	Parameter ID bound to: 1 - type: integer 
	Parameter NUM_STAGE bound to: 1 - type: integer 
	Parameter din0_WIDTH bound to: 11 - type: integer 
	Parameter din1_WIDTH bound to: 6 - type: integer 
	Parameter dout_WIDTH bound to: 17 - type: integer 
INFO: [Synth 8-3491] module 'myproject_mul_11s_6s_17_1_1' declared at '/home/dabadjiev/smartpixels_ml_dsabadjiev/Muon_Collider_Smart_Pixels/eric/Results_June2026_99SigEff/model2.5_fin_results/model2_5_6bit_normalised_selected/pareto_secondary/hls_outputs_vsynth/hls_model_trial_022/myproject_prj/solution1/syn/vhdl/myproject_mul_11s_6s_17_1_1.vhd:7' bound to instance 'mul_11s_6s_17_1_1_U124' of component 'myproject_mul_11s_6s_17_1_1' [/home/dabadjiev/smartpixels_ml_dsabadjiev/Muon_Collider_Smart_Pixels/eric/Results_June2026_99SigEff/model2.5_fin_results/model2_5_6bit_normalised_selected/pareto_secondary/hls_outputs_vsynth/hls_model_trial_022/myproject_prj/solution1/syn/vhdl/myproject_dense_resource_ap_fixed_16_6_5_3_0_ap_fixed_16_6_5_3_0_config14_s.vhd:2866]
	Parameter ID bound to: 1 - type: integer 
	Parameter NUM_STAGE bound to: 1 - type: integer 
	Parameter din0_WIDTH bound to: 11 - type: integer 
	Parameter din1_WIDTH bound to: 6 - type: integer 
	Parameter dout_WIDTH bound to: 17 - type: integer 
INFO: [Synth 8-3491] module 'myproject_mul_11s_6s_17_1_1' declared at '/home/dabadjiev/smartpixels_ml_dsabadjiev/Muon_Collider_Smart_Pixels/eric/Results_June2026_99SigEff/model2.5_fin_results/model2_5_6bit_normalised_selected/pareto_secondary/hls_outputs_vsynth/hls_model_trial_022/myproject_prj/solution1/syn/vhdl/myproject_mul_11s_6s_17_1_1.vhd:7' bound to instance 'mul_11s_6s_17_1_1_U125' of component 'myproject_mul_11s_6s_17_1_1' [/home/dabadjiev/smartpixels_ml_dsabadjiev/Muon_Collider_Smart_Pixels/eric/Results_June2026_99SigEff/model2.5_fin_results/model2_5_6bit_normalised_selected/pareto_secondary/hls_outputs_vsynth/hls_model_trial_022/myproject_prj/solution1/syn/vhdl/myproject_dense_resource_ap_fixed_16_6_5_3_0_ap_fixed_16_6_5_3_0_config14_s.vhd:2878]
	Parameter ID bound to: 1 - type: integer 
	Parameter NUM_STAGE bound to: 1 - type: integer 
	Parameter din0_WIDTH bound to: 11 - type: integer 
	Parameter din1_WIDTH bound to: 6 - type: integer 
	Parameter dout_WIDTH bound to: 17 - type: integer 
INFO: [Synth 8-3491] module 'myproject_mul_11s_6s_17_1_1' declared at '/home/dabadjiev/smartpixels_ml_dsabadjiev/Muon_Collider_Smart_Pixels/eric/Results_June2026_99SigEff/model2.5_fin_results/model2_5_6bit_normalised_selected/pareto_secondary/hls_outputs_vsynth/hls_model_trial_022/myproject_prj/solution1/syn/vhdl/myproject_mul_11s_6s_17_1_1.vhd:7' bound to instance 'mul_11s_6s_17_1_1_U126' of component 'myproject_mul_11s_6s_17_1_1' [/home/dabadjiev/smartpixels_ml_dsabadjiev/Muon_Collider_Smart_Pixels/eric/Results_June2026_99SigEff/model2.5_fin_results/model2_5_6bit_normalised_selected/pareto_secondary/hls_outputs_vsynth/hls_model_trial_022/myproject_prj/solution1/syn/vhdl/myproject_dense_resource_ap_fixed_16_6_5_3_0_ap_fixed_16_6_5_3_0_config14_s.vhd:2890]
	Parameter ID bound to: 1 - type: integer 
	Parameter NUM_STAGE bound to: 1 - type: integer 
	Parameter din0_WIDTH bound to: 11 - type: integer 
	Parameter din1_WIDTH bound to: 6 - type: integer 
	Parameter dout_WIDTH bound to: 17 - type: integer 
INFO: [Synth 8-3491] module 'myproject_mul_11s_6s_17_1_1' declared at '/home/dabadjiev/smartpixels_ml_dsabadjiev/Muon_Collider_Smart_Pixels/eric/Results_June2026_99SigEff/model2.5_fin_results/model2_5_6bit_normalised_selected/pareto_secondary/hls_outputs_vsynth/hls_model_trial_022/myproject_prj/solution1/syn/vhdl/myproject_mul_11s_6s_17_1_1.vhd:7' bound to instance 'mul_11s_6s_17_1_1_U127' of component 'myproject_mul_11s_6s_17_1_1' [/home/dabadjiev/smartpixels_ml_dsabadjiev/Muon_Collider_Smart_Pixels/eric/Results_June2026_99SigEff/model2.5_fin_results/model2_5_6bit_normalised_selected/pareto_secondary/hls_outputs_vsynth/hls_model_trial_022/myproject_prj/solution1/syn/vhdl/myproject_dense_resource_ap_fixed_16_6_5_3_0_ap_fixed_16_6_5_3_0_config14_s.vhd:2902]
	Parameter ID bound to: 1 - type: integer 
	Parameter NUM_STAGE bound to: 1 - type: integer 
	Parameter din0_WIDTH bound to: 11 - type: integer 
	Parameter din1_WIDTH bound to: 6 - type: integer 
	Parameter dout_WIDTH bound to: 17 - type: integer 
INFO: [Synth 8-3491] module 'myproject_mul_11s_6s_17_1_1' declared at '/home/dabadjiev/smartpixels_ml_dsabadjiev/Muon_Collider_Smart_Pixels/eric/Results_June2026_99SigEff/model2.5_fin_results/model2_5_6bit_normalised_selected/pareto_secondary/hls_outputs_vsynth/hls_model_trial_022/myproject_prj/solution1/syn/vhdl/myproject_mul_11s_6s_17_1_1.vhd:7' bound to instance 'mul_11s_6s_17_1_1_U128' of component 'myproject_mul_11s_6s_17_1_1' [/home/dabadjiev/smartpixels_ml_dsabadjiev/Muon_Collider_Smart_Pixels/eric/Results_June2026_99SigEff/model2.5_fin_results/model2_5_6bit_normalised_selected/pareto_secondary/hls_outputs_vsynth/hls_model_trial_022/myproject_prj/solution1/syn/vhdl/myproject_dense_resource_ap_fixed_16_6_5_3_0_ap_fixed_16_6_5_3_0_config14_s.vhd:2914]
	Parameter ID bound to: 1 - type: integer 
	Parameter NUM_STAGE bound to: 1 - type: integer 
	Parameter din0_WIDTH bound to: 11 - type: integer 
	Parameter din1_WIDTH bound to: 6 - type: integer 
	Parameter dout_WIDTH bound to: 17 - type: integer 
INFO: [Synth 8-3491] module 'myproject_mul_11s_6s_17_1_1' declared at '/home/dabadjiev/smartpixels_ml_dsabadjiev/Muon_Collider_Smart_Pixels/eric/Results_June2026_99SigEff/model2.5_fin_results/model2_5_6bit_normalised_selected/pareto_secondary/hls_outputs_vsynth/hls_model_trial_022/myproject_prj/solution1/syn/vhdl/myproject_mul_11s_6s_17_1_1.vhd:7' bound to instance 'mul_11s_6s_17_1_1_U129' of component 'myproject_mul_11s_6s_17_1_1' [/home/dabadjiev/smartpixels_ml_dsabadjiev/Muon_Collider_Smart_Pixels/eric/Results_June2026_99SigEff/model2.5_fin_results/model2_5_6bit_normalised_selected/pareto_secondary/hls_outputs_vsynth/hls_model_trial_022/myproject_prj/solution1/syn/vhdl/myproject_dense_resource_ap_fixed_16_6_5_3_0_ap_fixed_16_6_5_3_0_config14_s.vhd:2926]
	Parameter ID bound to: 1 - type: integer 
	Parameter NUM_STAGE bound to: 1 - type: integer 
	Parameter din0_WIDTH bound to: 11 - type: integer 
	Parameter din1_WIDTH bound to: 6 - type: integer 
	Parameter dout_WIDTH bound to: 17 - type: integer 
INFO: [Synth 8-3491] module 'myproject_mul_11s_6s_17_1_1' declared at '/home/dabadjiev/smartpixels_ml_dsabadjiev/Muon_Collider_Smart_Pixels/eric/Results_June2026_99SigEff/model2.5_fin_results/model2_5_6bit_normalised_selected/pareto_secondary/hls_outputs_vsynth/hls_model_trial_022/myproject_prj/solution1/syn/vhdl/myproject_mul_11s_6s_17_1_1.vhd:7' bound to instance 'mul_11s_6s_17_1_1_U130' of component 'myproject_mul_11s_6s_17_1_1' [/home/dabadjiev/smartpixels_ml_dsabadjiev/Muon_Collider_Smart_Pixels/eric/Results_June2026_99SigEff/model2.5_fin_results/model2_5_6bit_normalised_selected/pareto_secondary/hls_outputs_vsynth/hls_model_trial_022/myproject_prj/solution1/syn/vhdl/myproject_dense_resource_ap_fixed_16_6_5_3_0_ap_fixed_16_6_5_3_0_config14_s.vhd:2938]
	Parameter ID bound to: 1 - type: integer 
	Parameter NUM_STAGE bound to: 1 - type: integer 
	Parameter din0_WIDTH bound to: 11 - type: integer 
	Parameter din1_WIDTH bound to: 6 - type: integer 
	Parameter dout_WIDTH bound to: 17 - type: integer 
INFO: [Synth 8-3491] module 'myproject_mul_11s_6s_17_1_1' declared at '/home/dabadjiev/smartpixels_ml_dsabadjiev/Muon_Collider_Smart_Pixels/eric/Results_June2026_99SigEff/model2.5_fin_results/model2_5_6bit_normalised_selected/pareto_secondary/hls_outputs_vsynth/hls_model_trial_022/myproject_prj/solution1/syn/vhdl/myproject_mul_11s_6s_17_1_1.vhd:7' bound to instance 'mul_11s_6s_17_1_1_U131' of component 'myproject_mul_11s_6s_17_1_1' [/home/dabadjiev/smartpixels_ml_dsabadjiev/Muon_Collider_Smart_Pixels/eric/Results_June2026_99SigEff/model2.5_fin_results/model2_5_6bit_normalised_selected/pareto_secondary/hls_outputs_vsynth/hls_model_trial_022/myproject_prj/solution1/syn/vhdl/myproject_dense_resource_ap_fixed_16_6_5_3_0_ap_fixed_16_6_5_3_0_config14_s.vhd:2950]
	Parameter ID bound to: 1 - type: integer 
	Parameter NUM_STAGE bound to: 1 - type: integer 
	Parameter din0_WIDTH bound to: 11 - type: integer 
	Parameter din1_WIDTH bound to: 6 - type: integer 
	Parameter dout_WIDTH bound to: 17 - type: integer 
INFO: [Synth 8-3491] module 'myproject_mul_11s_6s_17_1_1' declared at '/home/dabadjiev/smartpixels_ml_dsabadjiev/Muon_Collider_Smart_Pixels/eric/Results_June2026_99SigEff/model2.5_fin_results/model2_5_6bit_normalised_selected/pareto_secondary/hls_outputs_vsynth/hls_model_trial_022/myproject_prj/solution1/syn/vhdl/myproject_mul_11s_6s_17_1_1.vhd:7' bound to instance 'mul_11s_6s_17_1_1_U132' of component 'myproject_mul_11s_6s_17_1_1' [/home/dabadjiev/smartpixels_ml_dsabadjiev/Muon_Collider_Smart_Pixels/eric/Results_June2026_99SigEff/model2.5_fin_results/model2_5_6bit_normalised_selected/pareto_secondary/hls_outputs_vsynth/hls_model_trial_022/myproject_prj/solution1/syn/vhdl/myproject_dense_resource_ap_fixed_16_6_5_3_0_ap_fixed_16_6_5_3_0_config14_s.vhd:2962]
	Parameter ID bound to: 1 - type: integer 
	Parameter NUM_STAGE bound to: 1 - type: integer 
	Parameter din0_WIDTH bound to: 11 - type: integer 
	Parameter din1_WIDTH bound to: 6 - type: integer 
	Parameter dout_WIDTH bound to: 17 - type: integer 
INFO: [Synth 8-3491] module 'myproject_mul_11s_6s_17_1_1' declared at '/home/dabadjiev/smartpixels_ml_dsabadjiev/Muon_Collider_Smart_Pixels/eric/Results_June2026_99SigEff/model2.5_fin_results/model2_5_6bit_normalised_selected/pareto_secondary/hls_outputs_vsynth/hls_model_trial_022/myproject_prj/solution1/syn/vhdl/myproject_mul_11s_6s_17_1_1.vhd:7' bound to instance 'mul_11s_6s_17_1_1_U133' of component 'myproject_mul_11s_6s_17_1_1' [/home/dabadjiev/smartpixels_ml_dsabadjiev/Muon_Collider_Smart_Pixels/eric/Results_June2026_99SigEff/model2.5_fin_results/model2_5_6bit_normalised_selected/pareto_secondary/hls_outputs_vsynth/hls_model_trial_022/myproject_prj/solution1/syn/vhdl/myproject_dense_resource_ap_fixed_16_6_5_3_0_ap_fixed_16_6_5_3_0_config14_s.vhd:2974]
	Parameter ID bound to: 1 - type: integer 
	Parameter NUM_STAGE bound to: 1 - type: integer 
	Parameter din0_WIDTH bound to: 11 - type: integer 
	Parameter din1_WIDTH bound to: 6 - type: integer 
	Parameter dout_WIDTH bound to: 17 - type: integer 
INFO: [Synth 8-3491] module 'myproject_mul_11s_6s_17_1_1' declared at '/home/dabadjiev/smartpixels_ml_dsabadjiev/Muon_Collider_Smart_Pixels/eric/Results_June2026_99SigEff/model2.5_fin_results/model2_5_6bit_normalised_selected/pareto_secondary/hls_outputs_vsynth/hls_model_trial_022/myproject_prj/solution1/syn/vhdl/myproject_mul_11s_6s_17_1_1.vhd:7' bound to instance 'mul_11s_6s_17_1_1_U134' of component 'myproject_mul_11s_6s_17_1_1' [/home/dabadjiev/smartpixels_ml_dsabadjiev/Muon_Collider_Smart_Pixels/eric/Results_June2026_99SigEff/model2.5_fin_results/model2_5_6bit_normalised_selected/pareto_secondary/hls_outputs_vsynth/hls_model_trial_022/myproject_prj/solution1/syn/vhdl/myproject_dense_resource_ap_fixed_16_6_5_3_0_ap_fixed_16_6_5_3_0_config14_s.vhd:2986]
	Parameter ID bound to: 1 - type: integer 
	Parameter NUM_STAGE bound to: 1 - type: integer 
	Parameter din0_WIDTH bound to: 11 - type: integer 
	Parameter din1_WIDTH bound to: 6 - type: integer 
	Parameter dout_WIDTH bound to: 17 - type: integer 
INFO: [Synth 8-3491] module 'myproject_mul_11s_6s_17_1_1' declared at '/home/dabadjiev/smartpixels_ml_dsabadjiev/Muon_Collider_Smart_Pixels/eric/Results_June2026_99SigEff/model2.5_fin_results/model2_5_6bit_normalised_selected/pareto_secondary/hls_outputs_vsynth/hls_model_trial_022/myproject_prj/solution1/syn/vhdl/myproject_mul_11s_6s_17_1_1.vhd:7' bound to instance 'mul_11s_6s_17_1_1_U135' of component 'myproject_mul_11s_6s_17_1_1' [/home/dabadjiev/smartpixels_ml_dsabadjiev/Muon_Collider_Smart_Pixels/eric/Results_June2026_99SigEff/model2.5_fin_results/model2_5_6bit_normalised_selected/pareto_secondary/hls_outputs_vsynth/hls_model_trial_022/myproject_prj/solution1/syn/vhdl/myproject_dense_resource_ap_fixed_16_6_5_3_0_ap_fixed_16_6_5_3_0_config14_s.vhd:2998]
	Parameter ID bound to: 1 - type: integer 
	Parameter NUM_STAGE bound to: 1 - type: integer 
	Parameter din0_WIDTH bound to: 11 - type: integer 
	Parameter din1_WIDTH bound to: 6 - type: integer 
	Parameter dout_WIDTH bound to: 17 - type: integer 
INFO: [Synth 8-3491] module 'myproject_mul_11s_6s_17_1_1' declared at '/home/dabadjiev/smartpixels_ml_dsabadjiev/Muon_Collider_Smart_Pixels/eric/Results_June2026_99SigEff/model2.5_fin_results/model2_5_6bit_normalised_selected/pareto_secondary/hls_outputs_vsynth/hls_model_trial_022/myproject_prj/solution1/syn/vhdl/myproject_mul_11s_6s_17_1_1.vhd:7' bound to instance 'mul_11s_6s_17_1_1_U136' of component 'myproject_mul_11s_6s_17_1_1' [/home/dabadjiev/smartpixels_ml_dsabadjiev/Muon_Collider_Smart_Pixels/eric/Results_June2026_99SigEff/model2.5_fin_results/model2_5_6bit_normalised_selected/pareto_secondary/hls_outputs_vsynth/hls_model_trial_022/myproject_prj/solution1/syn/vhdl/myproject_dense_resource_ap_fixed_16_6_5_3_0_ap_fixed_16_6_5_3_0_config14_s.vhd:3010]
	Parameter ID bound to: 1 - type: integer 
	Parameter NUM_STAGE bound to: 1 - type: integer 
	Parameter din0_WIDTH bound to: 11 - type: integer 
	Parameter din1_WIDTH bound to: 6 - type: integer 
	Parameter dout_WIDTH bound to: 17 - type: integer 
INFO: [Synth 8-3491] module 'myproject_mul_11s_6s_17_1_1' declared at '/home/dabadjiev/smartpixels_ml_dsabadjiev/Muon_Collider_Smart_Pixels/eric/Results_June2026_99SigEff/model2.5_fin_results/model2_5_6bit_normalised_selected/pareto_secondary/hls_outputs_vsynth/hls_model_trial_022/myproject_prj/solution1/syn/vhdl/myproject_mul_11s_6s_17_1_1.vhd:7' bound to instance 'mul_11s_6s_17_1_1_U137' of component 'myproject_mul_11s_6s_17_1_1' [/home/dabadjiev/smartpixels_ml_dsabadjiev/Muon_Collider_Smart_Pixels/eric/Results_June2026_99SigEff/model2.5_fin_results/model2_5_6bit_normalised_selected/pareto_secondary/hls_outputs_vsynth/hls_model_trial_022/myproject_prj/solution1/syn/vhdl/myproject_dense_resource_ap_fixed_16_6_5_3_0_ap_fixed_16_6_5_3_0_config14_s.vhd:3022]
	Parameter ID bound to: 1 - type: integer 
	Parameter NUM_STAGE bound to: 1 - type: integer 
	Parameter din0_WIDTH bound to: 11 - type: integer 
	Parameter din1_WIDTH bound to: 6 - type: integer 
	Parameter dout_WIDTH bound to: 17 - type: integer 
INFO: [Synth 8-3491] module 'myproject_mul_11s_6s_17_1_1' declared at '/home/dabadjiev/smartpixels_ml_dsabadjiev/Muon_Collider_Smart_Pixels/eric/Results_June2026_99SigEff/model2.5_fin_results/model2_5_6bit_normalised_selected/pareto_secondary/hls_outputs_vsynth/hls_model_trial_022/myproject_prj/solution1/syn/vhdl/myproject_mul_11s_6s_17_1_1.vhd:7' bound to instance 'mul_11s_6s_17_1_1_U138' of component 'myproject_mul_11s_6s_17_1_1' [/home/dabadjiev/smartpixels_ml_dsabadjiev/Muon_Collider_Smart_Pixels/eric/Results_June2026_99SigEff/model2.5_fin_results/model2_5_6bit_normalised_selected/pareto_secondary/hls_outputs_vsynth/hls_model_trial_022/myproject_prj/solution1/syn/vhdl/myproject_dense_resource_ap_fixed_16_6_5_3_0_ap_fixed_16_6_5_3_0_config14_s.vhd:3034]
	Parameter ID bound to: 1 - type: integer 
	Parameter NUM_STAGE bound to: 1 - type: integer 
	Parameter din0_WIDTH bound to: 11 - type: integer 
	Parameter din1_WIDTH bound to: 6 - type: integer 
	Parameter dout_WIDTH bound to: 17 - type: integer 
INFO: [Synth 8-3491] module 'myproject_mul_11s_6s_17_1_1' declared at '/home/dabadjiev/smartpixels_ml_dsabadjiev/Muon_Collider_Smart_Pixels/eric/Results_June2026_99SigEff/model2.5_fin_results/model2_5_6bit_normalised_selected/pareto_secondary/hls_outputs_vsynth/hls_model_trial_022/myproject_prj/solution1/syn/vhdl/myproject_mul_11s_6s_17_1_1.vhd:7' bound to instance 'mul_11s_6s_17_1_1_U139' of component 'myproject_mul_11s_6s_17_1_1' [/home/dabadjiev/smartpixels_ml_dsabadjiev/Muon_Collider_Smart_Pixels/eric/Results_June2026_99SigEff/model2.5_fin_results/model2_5_6bit_normalised_selected/pareto_secondary/hls_outputs_vsynth/hls_model_trial_022/myproject_prj/solution1/syn/vhdl/myproject_dense_resource_ap_fixed_16_6_5_3_0_ap_fixed_16_6_5_3_0_config14_s.vhd:3046]
	Parameter ID bound to: 1 - type: integer 
	Parameter NUM_STAGE bound to: 1 - type: integer 
	Parameter din0_WIDTH bound to: 11 - type: integer 
	Parameter din1_WIDTH bound to: 6 - type: integer 
	Parameter dout_WIDTH bound to: 17 - type: integer 
INFO: [Synth 8-3491] module 'myproject_mul_11s_6s_17_1_1' declared at '/home/dabadjiev/smartpixels_ml_dsabadjiev/Muon_Collider_Smart_Pixels/eric/Results_June2026_99SigEff/model2.5_fin_results/model2_5_6bit_normalised_selected/pareto_secondary/hls_outputs_vsynth/hls_model_trial_022/myproject_prj/solution1/syn/vhdl/myproject_mul_11s_6s_17_1_1.vhd:7' bound to instance 'mul_11s_6s_17_1_1_U140' of component 'myproject_mul_11s_6s_17_1_1' [/home/dabadjiev/smartpixels_ml_dsabadjiev/Muon_Collider_Smart_Pixels/eric/Results_June2026_99SigEff/model2.5_fin_results/model2_5_6bit_normalised_selected/pareto_secondary/hls_outputs_vsynth/hls_model_trial_022/myproject_prj/solution1/syn/vhdl/myproject_dense_resource_ap_fixed_16_6_5_3_0_ap_fixed_16_6_5_3_0_config14_s.vhd:3058]
	Parameter ID bound to: 1 - type: integer 
	Parameter NUM_STAGE bound to: 1 - type: integer 
	Parameter din0_WIDTH bound to: 11 - type: integer 
	Parameter din1_WIDTH bound to: 6 - type: integer 
	Parameter dout_WIDTH bound to: 17 - type: integer 
INFO: [Synth 8-3491] module 'myproject_mul_11s_6s_17_1_1' declared at '/home/dabadjiev/smartpixels_ml_dsabadjiev/Muon_Collider_Smart_Pixels/eric/Results_June2026_99SigEff/model2.5_fin_results/model2_5_6bit_normalised_selected/pareto_secondary/hls_outputs_vsynth/hls_model_trial_022/myproject_prj/solution1/syn/vhdl/myproject_mul_11s_6s_17_1_1.vhd:7' bound to instance 'mul_11s_6s_17_1_1_U141' of component 'myproject_mul_11s_6s_17_1_1' [/home/dabadjiev/smartpixels_ml_dsabadjiev/Muon_Collider_Smart_Pixels/eric/Results_June2026_99SigEff/model2.5_fin_results/model2_5_6bit_normalised_selected/pareto_secondary/hls_outputs_vsynth/hls_model_trial_022/myproject_prj/solution1/syn/vhdl/myproject_dense_resource_ap_fixed_16_6_5_3_0_ap_fixed_16_6_5_3_0_config14_s.vhd:3070]
	Parameter ID bound to: 1 - type: integer 
	Parameter NUM_STAGE bound to: 1 - type: integer 
	Parameter din0_WIDTH bound to: 11 - type: integer 
	Parameter din1_WIDTH bound to: 6 - type: integer 
	Parameter dout_WIDTH bound to: 17 - type: integer 
INFO: [Synth 8-3491] module 'myproject_mul_11s_6s_17_1_1' declared at '/home/dabadjiev/smartpixels_ml_dsabadjiev/Muon_Collider_Smart_Pixels/eric/Results_June2026_99SigEff/model2.5_fin_results/model2_5_6bit_normalised_selected/pareto_secondary/hls_outputs_vsynth/hls_model_trial_022/myproject_prj/solution1/syn/vhdl/myproject_mul_11s_6s_17_1_1.vhd:7' bound to instance 'mul_11s_6s_17_1_1_U142' of component 'myproject_mul_11s_6s_17_1_1' [/home/dabadjiev/smartpixels_ml_dsabadjiev/Muon_Collider_Smart_Pixels/eric/Results_June2026_99SigEff/model2.5_fin_results/model2_5_6bit_normalised_selected/pareto_secondary/hls_outputs_vsynth/hls_model_trial_022/myproject_prj/solution1/syn/vhdl/myproject_dense_resource_ap_fixed_16_6_5_3_0_ap_fixed_16_6_5_3_0_config14_s.vhd:3082]
	Parameter ID bound to: 1 - type: integer 
	Parameter NUM_STAGE bound to: 1 - type: integer 
	Parameter din0_WIDTH bound to: 11 - type: integer 
	Parameter din1_WIDTH bound to: 6 - type: integer 
	Parameter dout_WIDTH bound to: 17 - type: integer 
INFO: [Synth 8-3491] module 'myproject_mul_11s_6s_17_1_1' declared at '/home/dabadjiev/smartpixels_ml_dsabadjiev/Muon_Collider_Smart_Pixels/eric/Results_June2026_99SigEff/model2.5_fin_results/model2_5_6bit_normalised_selected/pareto_secondary/hls_outputs_vsynth/hls_model_trial_022/myproject_prj/solution1/syn/vhdl/myproject_mul_11s_6s_17_1_1.vhd:7' bound to instance 'mul_11s_6s_17_1_1_U143' of component 'myproject_mul_11s_6s_17_1_1' [/home/dabadjiev/smartpixels_ml_dsabadjiev/Muon_Collider_Smart_Pixels/eric/Results_June2026_99SigEff/model2.5_fin_results/model2_5_6bit_normalised_selected/pareto_secondary/hls_outputs_vsynth/hls_model_trial_022/myproject_prj/solution1/syn/vhdl/myproject_dense_resource_ap_fixed_16_6_5_3_0_ap_fixed_16_6_5_3_0_config14_s.vhd:3094]
	Parameter ID bound to: 1 - type: integer 
	Parameter NUM_STAGE bound to: 1 - type: integer 
	Parameter din0_WIDTH bound to: 11 - type: integer 
	Parameter din1_WIDTH bound to: 6 - type: integer 
	Parameter dout_WIDTH bound to: 17 - type: integer 
INFO: [Synth 8-3491] module 'myproject_mul_11s_6s_17_1_1' declared at '/home/dabadjiev/smartpixels_ml_dsabadjiev/Muon_Collider_Smart_Pixels/eric/Results_June2026_99SigEff/model2.5_fin_results/model2_5_6bit_normalised_selected/pareto_secondary/hls_outputs_vsynth/hls_model_trial_022/myproject_prj/solution1/syn/vhdl/myproject_mul_11s_6s_17_1_1.vhd:7' bound to instance 'mul_11s_6s_17_1_1_U144' of component 'myproject_mul_11s_6s_17_1_1' [/home/dabadjiev/smartpixels_ml_dsabadjiev/Muon_Collider_Smart_Pixels/eric/Results_June2026_99SigEff/model2.5_fin_results/model2_5_6bit_normalised_selected/pareto_secondary/hls_outputs_vsynth/hls_model_trial_022/myproject_prj/solution1/syn/vhdl/myproject_dense_resource_ap_fixed_16_6_5_3_0_ap_fixed_16_6_5_3_0_config14_s.vhd:3106]
	Parameter ID bound to: 1 - type: integer 
	Parameter NUM_STAGE bound to: 1 - type: integer 
	Parameter din0_WIDTH bound to: 11 - type: integer 
	Parameter din1_WIDTH bound to: 6 - type: integer 
	Parameter dout_WIDTH bound to: 17 - type: integer 
INFO: [Synth 8-3491] module 'myproject_mul_11s_6s_17_1_1' declared at '/home/dabadjiev/smartpixels_ml_dsabadjiev/Muon_Collider_Smart_Pixels/eric/Results_June2026_99SigEff/model2.5_fin_results/model2_5_6bit_normalised_selected/pareto_secondary/hls_outputs_vsynth/hls_model_trial_022/myproject_prj/solution1/syn/vhdl/myproject_mul_11s_6s_17_1_1.vhd:7' bound to instance 'mul_11s_6s_17_1_1_U145' of component 'myproject_mul_11s_6s_17_1_1' [/home/dabadjiev/smartpixels_ml_dsabadjiev/Muon_Collider_Smart_Pixels/eric/Results_June2026_99SigEff/model2.5_fin_results/model2_5_6bit_normalised_selected/pareto_secondary/hls_outputs_vsynth/hls_model_trial_022/myproject_prj/solution1/syn/vhdl/myproject_dense_resource_ap_fixed_16_6_5_3_0_ap_fixed_16_6_5_3_0_config14_s.vhd:3118]
	Parameter ID bound to: 1 - type: integer 
	Parameter NUM_STAGE bound to: 1 - type: integer 
	Parameter din0_WIDTH bound to: 11 - type: integer 
	Parameter din1_WIDTH bound to: 6 - type: integer 
	Parameter dout_WIDTH bound to: 17 - type: integer 
INFO: [Synth 8-3491] module 'myproject_mul_11s_6s_17_1_1' declared at '/home/dabadjiev/smartpixels_ml_dsabadjiev/Muon_Collider_Smart_Pixels/eric/Results_June2026_99SigEff/model2.5_fin_results/model2_5_6bit_normalised_selected/pareto_secondary/hls_outputs_vsynth/hls_model_trial_022/myproject_prj/solution1/syn/vhdl/myproject_mul_11s_6s_17_1_1.vhd:7' bound to instance 'mul_11s_6s_17_1_1_U146' of component 'myproject_mul_11s_6s_17_1_1' [/home/dabadjiev/smartpixels_ml_dsabadjiev/Muon_Collider_Smart_Pixels/eric/Results_June2026_99SigEff/model2.5_fin_results/model2_5_6bit_normalised_selected/pareto_secondary/hls_outputs_vsynth/hls_model_trial_022/myproject_prj/solution1/syn/vhdl/myproject_dense_resource_ap_fixed_16_6_5_3_0_ap_fixed_16_6_5_3_0_config14_s.vhd:3130]
	Parameter ID bound to: 1 - type: integer 
	Parameter NUM_STAGE bound to: 1 - type: integer 
	Parameter din0_WIDTH bound to: 11 - type: integer 
	Parameter din1_WIDTH bound to: 6 - type: integer 
	Parameter dout_WIDTH bound to: 17 - type: integer 
INFO: [Synth 8-3491] module 'myproject_mul_11s_6s_17_1_1' declared at '/home/dabadjiev/smartpixels_ml_dsabadjiev/Muon_Collider_Smart_Pixels/eric/Results_June2026_99SigEff/model2.5_fin_results/model2_5_6bit_normalised_selected/pareto_secondary/hls_outputs_vsynth/hls_model_trial_022/myproject_prj/solution1/syn/vhdl/myproject_mul_11s_6s_17_1_1.vhd:7' bound to instance 'mul_11s_6s_17_1_1_U147' of component 'myproject_mul_11s_6s_17_1_1' [/home/dabadjiev/smartpixels_ml_dsabadjiev/Muon_Collider_Smart_Pixels/eric/Results_June2026_99SigEff/model2.5_fin_results/model2_5_6bit_normalised_selected/pareto_secondary/hls_outputs_vsynth/hls_model_trial_022/myproject_prj/solution1/syn/vhdl/myproject_dense_resource_ap_fixed_16_6_5_3_0_ap_fixed_16_6_5_3_0_config14_s.vhd:3142]
	Parameter ID bound to: 1 - type: integer 
	Parameter NUM_STAGE bound to: 1 - type: integer 
	Parameter din0_WIDTH bound to: 11 - type: integer 
	Parameter din1_WIDTH bound to: 6 - type: integer 
	Parameter dout_WIDTH bound to: 17 - type: integer 
INFO: [Synth 8-3491] module 'myproject_mul_11s_6s_17_1_1' declared at '/home/dabadjiev/smartpixels_ml_dsabadjiev/Muon_Collider_Smart_Pixels/eric/Results_June2026_99SigEff/model2.5_fin_results/model2_5_6bit_normalised_selected/pareto_secondary/hls_outputs_vsynth/hls_model_trial_022/myproject_prj/solution1/syn/vhdl/myproject_mul_11s_6s_17_1_1.vhd:7' bound to instance 'mul_11s_6s_17_1_1_U148' of component 'myproject_mul_11s_6s_17_1_1' [/home/dabadjiev/smartpixels_ml_dsabadjiev/Muon_Collider_Smart_Pixels/eric/Results_June2026_99SigEff/model2.5_fin_results/model2_5_6bit_normalised_selected/pareto_secondary/hls_outputs_vsynth/hls_model_trial_022/myproject_prj/solution1/syn/vhdl/myproject_dense_resource_ap_fixed_16_6_5_3_0_ap_fixed_16_6_5_3_0_config14_s.vhd:3154]
	Parameter ID bound to: 1 - type: integer 
	Parameter NUM_STAGE bound to: 1 - type: integer 
	Parameter din0_WIDTH bound to: 11 - type: integer 
	Parameter din1_WIDTH bound to: 6 - type: integer 
	Parameter dout_WIDTH bound to: 17 - type: integer 
INFO: [Synth 8-3491] module 'myproject_mul_11s_6s_17_1_1' declared at '/home/dabadjiev/smartpixels_ml_dsabadjiev/Muon_Collider_Smart_Pixels/eric/Results_June2026_99SigEff/model2.5_fin_results/model2_5_6bit_normalised_selected/pareto_secondary/hls_outputs_vsynth/hls_model_trial_022/myproject_prj/solution1/syn/vhdl/myproject_mul_11s_6s_17_1_1.vhd:7' bound to instance 'mul_11s_6s_17_1_1_U149' of component 'myproject_mul_11s_6s_17_1_1' [/home/dabadjiev/smartpixels_ml_dsabadjiev/Muon_Collider_Smart_Pixels/eric/Results_June2026_99SigEff/model2.5_fin_results/model2_5_6bit_normalised_selected/pareto_secondary/hls_outputs_vsynth/hls_model_trial_022/myproject_prj/solution1/syn/vhdl/myproject_dense_resource_ap_fixed_16_6_5_3_0_ap_fixed_16_6_5_3_0_config14_s.vhd:3166]
	Parameter ID bound to: 1 - type: integer 
	Parameter NUM_STAGE bound to: 1 - type: integer 
	Parameter din0_WIDTH bound to: 11 - type: integer 
	Parameter din1_WIDTH bound to: 6 - type: integer 
	Parameter dout_WIDTH bound to: 17 - type: integer 
INFO: [Synth 8-3491] module 'myproject_mul_11s_6s_17_1_1' declared at '/home/dabadjiev/smartpixels_ml_dsabadjiev/Muon_Collider_Smart_Pixels/eric/Results_June2026_99SigEff/model2.5_fin_results/model2_5_6bit_normalised_selected/pareto_secondary/hls_outputs_vsynth/hls_model_trial_022/myproject_prj/solution1/syn/vhdl/myproject_mul_11s_6s_17_1_1.vhd:7' bound to instance 'mul_11s_6s_17_1_1_U150' of component 'myproject_mul_11s_6s_17_1_1' [/home/dabadjiev/smartpixels_ml_dsabadjiev/Muon_Collider_Smart_Pixels/eric/Results_June2026_99SigEff/model2.5_fin_results/model2_5_6bit_normalised_selected/pareto_secondary/hls_outputs_vsynth/hls_model_trial_022/myproject_prj/solution1/syn/vhdl/myproject_dense_resource_ap_fixed_16_6_5_3_0_ap_fixed_16_6_5_3_0_config14_s.vhd:3178]
	Parameter ID bound to: 1 - type: integer 
	Parameter NUM_STAGE bound to: 1 - type: integer 
	Parameter din0_WIDTH bound to: 11 - type: integer 
	Parameter din1_WIDTH bound to: 6 - type: integer 
	Parameter dout_WIDTH bound to: 17 - type: integer 
INFO: [Synth 8-3491] module 'myproject_mul_11s_6s_17_1_1' declared at '/home/dabadjiev/smartpixels_ml_dsabadjiev/Muon_Collider_Smart_Pixels/eric/Results_June2026_99SigEff/model2.5_fin_results/model2_5_6bit_normalised_selected/pareto_secondary/hls_outputs_vsynth/hls_model_trial_022/myproject_prj/solution1/syn/vhdl/myproject_mul_11s_6s_17_1_1.vhd:7' bound to instance 'mul_11s_6s_17_1_1_U151' of component 'myproject_mul_11s_6s_17_1_1' [/home/dabadjiev/smartpixels_ml_dsabadjiev/Muon_Collider_Smart_Pixels/eric/Results_June2026_99SigEff/model2.5_fin_results/model2_5_6bit_normalised_selected/pareto_secondary/hls_outputs_vsynth/hls_model_trial_022/myproject_prj/solution1/syn/vhdl/myproject_dense_resource_ap_fixed_16_6_5_3_0_ap_fixed_16_6_5_3_0_config14_s.vhd:3190]
	Parameter ID bound to: 1 - type: integer 
	Parameter NUM_STAGE bound to: 1 - type: integer 
	Parameter din0_WIDTH bound to: 11 - type: integer 
	Parameter din1_WIDTH bound to: 6 - type: integer 
	Parameter dout_WIDTH bound to: 17 - type: integer 
INFO: [Synth 8-3491] module 'myproject_mul_11s_6s_17_1_1' declared at '/home/dabadjiev/smartpixels_ml_dsabadjiev/Muon_Collider_Smart_Pixels/eric/Results_June2026_99SigEff/model2.5_fin_results/model2_5_6bit_normalised_selected/pareto_secondary/hls_outputs_vsynth/hls_model_trial_022/myproject_prj/solution1/syn/vhdl/myproject_mul_11s_6s_17_1_1.vhd:7' bound to instance 'mul_11s_6s_17_1_1_U152' of component 'myproject_mul_11s_6s_17_1_1' [/home/dabadjiev/smartpixels_ml_dsabadjiev/Muon_Collider_Smart_Pixels/eric/Results_June2026_99SigEff/model2.5_fin_results/model2_5_6bit_normalised_selected/pareto_secondary/hls_outputs_vsynth/hls_model_trial_022/myproject_prj/solution1/syn/vhdl/myproject_dense_resource_ap_fixed_16_6_5_3_0_ap_fixed_16_6_5_3_0_config14_s.vhd:3202]
	Parameter ID bound to: 1 - type: integer 
	Parameter NUM_STAGE bound to: 1 - type: integer 
	Parameter din0_WIDTH bound to: 11 - type: integer 
	Parameter din1_WIDTH bound to: 6 - type: integer 
	Parameter dout_WIDTH bound to: 17 - type: integer 
INFO: [Synth 8-3491] module 'myproject_mul_11s_6s_17_1_1' declared at '/home/dabadjiev/smartpixels_ml_dsabadjiev/Muon_Collider_Smart_Pixels/eric/Results_June2026_99SigEff/model2.5_fin_results/model2_5_6bit_normalised_selected/pareto_secondary/hls_outputs_vsynth/hls_model_trial_022/myproject_prj/solution1/syn/vhdl/myproject_mul_11s_6s_17_1_1.vhd:7' bound to instance 'mul_11s_6s_17_1_1_U153' of component 'myproject_mul_11s_6s_17_1_1' [/home/dabadjiev/smartpixels_ml_dsabadjiev/Muon_Collider_Smart_Pixels/eric/Results_June2026_99SigEff/model2.5_fin_results/model2_5_6bit_normalised_selected/pareto_secondary/hls_outputs_vsynth/hls_model_trial_022/myproject_prj/solution1/syn/vhdl/myproject_dense_resource_ap_fixed_16_6_5_3_0_ap_fixed_16_6_5_3_0_config14_s.vhd:3214]
	Parameter ID bound to: 1 - type: integer 
	Parameter NUM_STAGE bound to: 1 - type: integer 
	Parameter din0_WIDTH bound to: 11 - type: integer 
	Parameter din1_WIDTH bound to: 6 - type: integer 
	Parameter dout_WIDTH bound to: 17 - type: integer 
INFO: [Synth 8-3491] module 'myproject_mul_11s_6s_17_1_1' declared at '/home/dabadjiev/smartpixels_ml_dsabadjiev/Muon_Collider_Smart_Pixels/eric/Results_June2026_99SigEff/model2.5_fin_results/model2_5_6bit_normalised_selected/pareto_secondary/hls_outputs_vsynth/hls_model_trial_022/myproject_prj/solution1/syn/vhdl/myproject_mul_11s_6s_17_1_1.vhd:7' bound to instance 'mul_11s_6s_17_1_1_U154' of component 'myproject_mul_11s_6s_17_1_1' [/home/dabadjiev/smartpixels_ml_dsabadjiev/Muon_Collider_Smart_Pixels/eric/Results_June2026_99SigEff/model2.5_fin_results/model2_5_6bit_normalised_selected/pareto_secondary/hls_outputs_vsynth/hls_model_trial_022/myproject_prj/solution1/syn/vhdl/myproject_dense_resource_ap_fixed_16_6_5_3_0_ap_fixed_16_6_5_3_0_config14_s.vhd:3226]
	Parameter ID bound to: 1 - type: integer 
	Parameter NUM_STAGE bound to: 1 - type: integer 
	Parameter din0_WIDTH bound to: 11 - type: integer 
	Parameter din1_WIDTH bound to: 6 - type: integer 
	Parameter dout_WIDTH bound to: 17 - type: integer 
INFO: [Synth 8-3491] module 'myproject_mul_11s_6s_17_1_1' declared at '/home/dabadjiev/smartpixels_ml_dsabadjiev/Muon_Collider_Smart_Pixels/eric/Results_June2026_99SigEff/model2.5_fin_results/model2_5_6bit_normalised_selected/pareto_secondary/hls_outputs_vsynth/hls_model_trial_022/myproject_prj/solution1/syn/vhdl/myproject_mul_11s_6s_17_1_1.vhd:7' bound to instance 'mul_11s_6s_17_1_1_U155' of component 'myproject_mul_11s_6s_17_1_1' [/home/dabadjiev/smartpixels_ml_dsabadjiev/Muon_Collider_Smart_Pixels/eric/Results_June2026_99SigEff/model2.5_fin_results/model2_5_6bit_normalised_selected/pareto_secondary/hls_outputs_vsynth/hls_model_trial_022/myproject_prj/solution1/syn/vhdl/myproject_dense_resource_ap_fixed_16_6_5_3_0_ap_fixed_16_6_5_3_0_config14_s.vhd:3238]
	Parameter ID bound to: 1 - type: integer 
	Parameter NUM_STAGE bound to: 1 - type: integer 
	Parameter din0_WIDTH bound to: 11 - type: integer 
	Parameter din1_WIDTH bound to: 6 - type: integer 
	Parameter dout_WIDTH bound to: 17 - type: integer 
INFO: [Synth 8-3491] module 'myproject_mul_11s_6s_17_1_1' declared at '/home/dabadjiev/smartpixels_ml_dsabadjiev/Muon_Collider_Smart_Pixels/eric/Results_June2026_99SigEff/model2.5_fin_results/model2_5_6bit_normalised_selected/pareto_secondary/hls_outputs_vsynth/hls_model_trial_022/myproject_prj/solution1/syn/vhdl/myproject_mul_11s_6s_17_1_1.vhd:7' bound to instance 'mul_11s_6s_17_1_1_U156' of component 'myproject_mul_11s_6s_17_1_1' [/home/dabadjiev/smartpixels_ml_dsabadjiev/Muon_Collider_Smart_Pixels/eric/Results_June2026_99SigEff/model2.5_fin_results/model2_5_6bit_normalised_selected/pareto_secondary/hls_outputs_vsynth/hls_model_trial_022/myproject_prj/solution1/syn/vhdl/myproject_dense_resource_ap_fixed_16_6_5_3_0_ap_fixed_16_6_5_3_0_config14_s.vhd:3250]
	Parameter ID bound to: 1 - type: integer 
	Parameter NUM_STAGE bound to: 1 - type: integer 
	Parameter din0_WIDTH bound to: 11 - type: integer 
	Parameter din1_WIDTH bound to: 6 - type: integer 
	Parameter dout_WIDTH bound to: 17 - type: integer 
INFO: [Synth 8-3491] module 'myproject_mul_11s_6s_17_1_1' declared at '/home/dabadjiev/smartpixels_ml_dsabadjiev/Muon_Collider_Smart_Pixels/eric/Results_June2026_99SigEff/model2.5_fin_results/model2_5_6bit_normalised_selected/pareto_secondary/hls_outputs_vsynth/hls_model_trial_022/myproject_prj/solution1/syn/vhdl/myproject_mul_11s_6s_17_1_1.vhd:7' bound to instance 'mul_11s_6s_17_1_1_U157' of component 'myproject_mul_11s_6s_17_1_1' [/home/dabadjiev/smartpixels_ml_dsabadjiev/Muon_Collider_Smart_Pixels/eric/Results_June2026_99SigEff/model2.5_fin_results/model2_5_6bit_normalised_selected/pareto_secondary/hls_outputs_vsynth/hls_model_trial_022/myproject_prj/solution1/syn/vhdl/myproject_dense_resource_ap_fixed_16_6_5_3_0_ap_fixed_16_6_5_3_0_config14_s.vhd:3262]
	Parameter ID bound to: 1 - type: integer 
	Parameter NUM_STAGE bound to: 1 - type: integer 
	Parameter din0_WIDTH bound to: 11 - type: integer 
	Parameter din1_WIDTH bound to: 6 - type: integer 
	Parameter dout_WIDTH bound to: 17 - type: integer 
INFO: [Synth 8-3491] module 'myproject_mul_11s_6s_17_1_1' declared at '/home/dabadjiev/smartpixels_ml_dsabadjiev/Muon_Collider_Smart_Pixels/eric/Results_June2026_99SigEff/model2.5_fin_results/model2_5_6bit_normalised_selected/pareto_secondary/hls_outputs_vsynth/hls_model_trial_022/myproject_prj/solution1/syn/vhdl/myproject_mul_11s_6s_17_1_1.vhd:7' bound to instance 'mul_11s_6s_17_1_1_U158' of component 'myproject_mul_11s_6s_17_1_1' [/home/dabadjiev/smartpixels_ml_dsabadjiev/Muon_Collider_Smart_Pixels/eric/Results_June2026_99SigEff/model2.5_fin_results/model2_5_6bit_normalised_selected/pareto_secondary/hls_outputs_vsynth/hls_model_trial_022/myproject_prj/solution1/syn/vhdl/myproject_dense_resource_ap_fixed_16_6_5_3_0_ap_fixed_16_6_5_3_0_config14_s.vhd:3274]
	Parameter ID bound to: 1 - type: integer 
	Parameter NUM_STAGE bound to: 1 - type: integer 
	Parameter din0_WIDTH bound to: 11 - type: integer 
	Parameter din1_WIDTH bound to: 6 - type: integer 
	Parameter dout_WIDTH bound to: 17 - type: integer 
INFO: [Synth 8-3491] module 'myproject_mul_11s_6s_17_1_1' declared at '/home/dabadjiev/smartpixels_ml_dsabadjiev/Muon_Collider_Smart_Pixels/eric/Results_June2026_99SigEff/model2.5_fin_results/model2_5_6bit_normalised_selected/pareto_secondary/hls_outputs_vsynth/hls_model_trial_022/myproject_prj/solution1/syn/vhdl/myproject_mul_11s_6s_17_1_1.vhd:7' bound to instance 'mul_11s_6s_17_1_1_U159' of component 'myproject_mul_11s_6s_17_1_1' [/home/dabadjiev/smartpixels_ml_dsabadjiev/Muon_Collider_Smart_Pixels/eric/Results_June2026_99SigEff/model2.5_fin_results/model2_5_6bit_normalised_selected/pareto_secondary/hls_outputs_vsynth/hls_model_trial_022/myproject_prj/solution1/syn/vhdl/myproject_dense_resource_ap_fixed_16_6_5_3_0_ap_fixed_16_6_5_3_0_config14_s.vhd:3286]
	Parameter ID bound to: 1 - type: integer 
	Parameter NUM_STAGE bound to: 1 - type: integer 
	Parameter din0_WIDTH bound to: 11 - type: integer 
	Parameter din1_WIDTH bound to: 6 - type: integer 
	Parameter dout_WIDTH bound to: 17 - type: integer 
INFO: [Synth 8-3491] module 'myproject_mul_11s_6s_17_1_1' declared at '/home/dabadjiev/smartpixels_ml_dsabadjiev/Muon_Collider_Smart_Pixels/eric/Results_June2026_99SigEff/model2.5_fin_results/model2_5_6bit_normalised_selected/pareto_secondary/hls_outputs_vsynth/hls_model_trial_022/myproject_prj/solution1/syn/vhdl/myproject_mul_11s_6s_17_1_1.vhd:7' bound to instance 'mul_11s_6s_17_1_1_U160' of component 'myproject_mul_11s_6s_17_1_1' [/home/dabadjiev/smartpixels_ml_dsabadjiev/Muon_Collider_Smart_Pixels/eric/Results_June2026_99SigEff/model2.5_fin_results/model2_5_6bit_normalised_selected/pareto_secondary/hls_outputs_vsynth/hls_model_trial_022/myproject_prj/solution1/syn/vhdl/myproject_dense_resource_ap_fixed_16_6_5_3_0_ap_fixed_16_6_5_3_0_config14_s.vhd:3298]
	Parameter ID bound to: 1 - type: integer 
	Parameter NUM_STAGE bound to: 1 - type: integer 
	Parameter din0_WIDTH bound to: 11 - type: integer 
	Parameter din1_WIDTH bound to: 6 - type: integer 
	Parameter dout_WIDTH bound to: 17 - type: integer 
INFO: [Synth 8-3491] module 'myproject_mul_11s_6s_17_1_1' declared at '/home/dabadjiev/smartpixels_ml_dsabadjiev/Muon_Collider_Smart_Pixels/eric/Results_June2026_99SigEff/model2.5_fin_results/model2_5_6bit_normalised_selected/pareto_secondary/hls_outputs_vsynth/hls_model_trial_022/myproject_prj/solution1/syn/vhdl/myproject_mul_11s_6s_17_1_1.vhd:7' bound to instance 'mul_11s_6s_17_1_1_U161' of component 'myproject_mul_11s_6s_17_1_1' [/home/dabadjiev/smartpixels_ml_dsabadjiev/Muon_Collider_Smart_Pixels/eric/Results_June2026_99SigEff/model2.5_fin_results/model2_5_6bit_normalised_selected/pareto_secondary/hls_outputs_vsynth/hls_model_trial_022/myproject_prj/solution1/syn/vhdl/myproject_dense_resource_ap_fixed_16_6_5_3_0_ap_fixed_16_6_5_3_0_config14_s.vhd:3310]
	Parameter ID bound to: 1 - type: integer 
	Parameter NUM_STAGE bound to: 1 - type: integer 
	Parameter din0_WIDTH bound to: 11 - type: integer 
	Parameter din1_WIDTH bound to: 6 - type: integer 
	Parameter dout_WIDTH bound to: 17 - type: integer 
INFO: [Synth 8-3491] module 'myproject_mul_11s_6s_17_1_1' declared at '/home/dabadjiev/smartpixels_ml_dsabadjiev/Muon_Collider_Smart_Pixels/eric/Results_June2026_99SigEff/model2.5_fin_results/model2_5_6bit_normalised_selected/pareto_secondary/hls_outputs_vsynth/hls_model_trial_022/myproject_prj/solution1/syn/vhdl/myproject_mul_11s_6s_17_1_1.vhd:7' bound to instance 'mul_11s_6s_17_1_1_U162' of component 'myproject_mul_11s_6s_17_1_1' [/home/dabadjiev/smartpixels_ml_dsabadjiev/Muon_Collider_Smart_Pixels/eric/Results_June2026_99SigEff/model2.5_fin_results/model2_5_6bit_normalised_selected/pareto_secondary/hls_outputs_vsynth/hls_model_trial_022/myproject_prj/solution1/syn/vhdl/myproject_dense_resource_ap_fixed_16_6_5_3_0_ap_fixed_16_6_5_3_0_config14_s.vhd:3322]
	Parameter ID bound to: 1 - type: integer 
	Parameter NUM_STAGE bound to: 1 - type: integer 
	Parameter din0_WIDTH bound to: 11 - type: integer 
	Parameter din1_WIDTH bound to: 6 - type: integer 
	Parameter dout_WIDTH bound to: 17 - type: integer 
INFO: [Synth 8-3491] module 'myproject_mul_11s_6s_17_1_1' declared at '/home/dabadjiev/smartpixels_ml_dsabadjiev/Muon_Collider_Smart_Pixels/eric/Results_June2026_99SigEff/model2.5_fin_results/model2_5_6bit_normalised_selected/pareto_secondary/hls_outputs_vsynth/hls_model_trial_022/myproject_prj/solution1/syn/vhdl/myproject_mul_11s_6s_17_1_1.vhd:7' bound to instance 'mul_11s_6s_17_1_1_U163' of component 'myproject_mul_11s_6s_17_1_1' [/home/dabadjiev/smartpixels_ml_dsabadjiev/Muon_Collider_Smart_Pixels/eric/Results_June2026_99SigEff/model2.5_fin_results/model2_5_6bit_normalised_selected/pareto_secondary/hls_outputs_vsynth/hls_model_trial_022/myproject_prj/solution1/syn/vhdl/myproject_dense_resource_ap_fixed_16_6_5_3_0_ap_fixed_16_6_5_3_0_config14_s.vhd:3334]
	Parameter ID bound to: 1 - type: integer 
	Parameter NUM_STAGE bound to: 1 - type: integer 
	Parameter din0_WIDTH bound to: 11 - type: integer 
	Parameter din1_WIDTH bound to: 6 - type: integer 
	Parameter dout_WIDTH bound to: 17 - type: integer 
INFO: [Synth 8-3491] module 'myproject_mul_11s_6s_17_1_1' declared at '/home/dabadjiev/smartpixels_ml_dsabadjiev/Muon_Collider_Smart_Pixels/eric/Results_June2026_99SigEff/model2.5_fin_results/model2_5_6bit_normalised_selected/pareto_secondary/hls_outputs_vsynth/hls_model_trial_022/myproject_prj/solution1/syn/vhdl/myproject_mul_11s_6s_17_1_1.vhd:7' bound to instance 'mul_11s_6s_17_1_1_U164' of component 'myproject_mul_11s_6s_17_1_1' [/home/dabadjiev/smartpixels_ml_dsabadjiev/Muon_Collider_Smart_Pixels/eric/Results_June2026_99SigEff/model2.5_fin_results/model2_5_6bit_normalised_selected/pareto_secondary/hls_outputs_vsynth/hls_model_trial_022/myproject_prj/solution1/syn/vhdl/myproject_dense_resource_ap_fixed_16_6_5_3_0_ap_fixed_16_6_5_3_0_config14_s.vhd:3346]
	Parameter ID bound to: 1 - type: integer 
	Parameter NUM_STAGE bound to: 1 - type: integer 
	Parameter din0_WIDTH bound to: 11 - type: integer 
	Parameter din1_WIDTH bound to: 6 - type: integer 
	Parameter dout_WIDTH bound to: 17 - type: integer 
INFO: [Synth 8-3491] module 'myproject_mul_11s_6s_17_1_1' declared at '/home/dabadjiev/smartpixels_ml_dsabadjiev/Muon_Collider_Smart_Pixels/eric/Results_June2026_99SigEff/model2.5_fin_results/model2_5_6bit_normalised_selected/pareto_secondary/hls_outputs_vsynth/hls_model_trial_022/myproject_prj/solution1/syn/vhdl/myproject_mul_11s_6s_17_1_1.vhd:7' bound to instance 'mul_11s_6s_17_1_1_U165' of component 'myproject_mul_11s_6s_17_1_1' [/home/dabadjiev/smartpixels_ml_dsabadjiev/Muon_Collider_Smart_Pixels/eric/Results_June2026_99SigEff/model2.5_fin_results/model2_5_6bit_normalised_selected/pareto_secondary/hls_outputs_vsynth/hls_model_trial_022/myproject_prj/solution1/syn/vhdl/myproject_dense_resource_ap_fixed_16_6_5_3_0_ap_fixed_16_6_5_3_0_config14_s.vhd:3358]
	Parameter ID bound to: 1 - type: integer 
	Parameter NUM_STAGE bound to: 1 - type: integer 
	Parameter din0_WIDTH bound to: 11 - type: integer 
	Parameter din1_WIDTH bound to: 6 - type: integer 
	Parameter dout_WIDTH bound to: 17 - type: integer 
INFO: [Synth 8-3491] module 'myproject_mul_11s_6s_17_1_1' declared at '/home/dabadjiev/smartpixels_ml_dsabadjiev/Muon_Collider_Smart_Pixels/eric/Results_June2026_99SigEff/model2.5_fin_results/model2_5_6bit_normalised_selected/pareto_secondary/hls_outputs_vsynth/hls_model_trial_022/myproject_prj/solution1/syn/vhdl/myproject_mul_11s_6s_17_1_1.vhd:7' bound to instance 'mul_11s_6s_17_1_1_U166' of component 'myproject_mul_11s_6s_17_1_1' [/home/dabadjiev/smartpixels_ml_dsabadjiev/Muon_Collider_Smart_Pixels/eric/Results_June2026_99SigEff/model2.5_fin_results/model2_5_6bit_normalised_selected/pareto_secondary/hls_outputs_vsynth/hls_model_trial_022/myproject_prj/solution1/syn/vhdl/myproject_dense_resource_ap_fixed_16_6_5_3_0_ap_fixed_16_6_5_3_0_config14_s.vhd:3370]
	Parameter ID bound to: 1 - type: integer 
	Parameter NUM_STAGE bound to: 1 - type: integer 
	Parameter din0_WIDTH bound to: 11 - type: integer 
	Parameter din1_WIDTH bound to: 6 - type: integer 
	Parameter dout_WIDTH bound to: 17 - type: integer 
INFO: [Synth 8-3491] module 'myproject_mul_11s_6s_17_1_1' declared at '/home/dabadjiev/smartpixels_ml_dsabadjiev/Muon_Collider_Smart_Pixels/eric/Results_June2026_99SigEff/model2.5_fin_results/model2_5_6bit_normalised_selected/pareto_secondary/hls_outputs_vsynth/hls_model_trial_022/myproject_prj/solution1/syn/vhdl/myproject_mul_11s_6s_17_1_1.vhd:7' bound to instance 'mul_11s_6s_17_1_1_U167' of component 'myproject_mul_11s_6s_17_1_1' [/home/dabadjiev/smartpixels_ml_dsabadjiev/Muon_Collider_Smart_Pixels/eric/Results_June2026_99SigEff/model2.5_fin_results/model2_5_6bit_normalised_selected/pareto_secondary/hls_outputs_vsynth/hls_model_trial_022/myproject_prj/solution1/syn/vhdl/myproject_dense_resource_ap_fixed_16_6_5_3_0_ap_fixed_16_6_5_3_0_config14_s.vhd:3382]
INFO: [Common 17-14] Message 'Synth 8-3491' appears 100 times and further instances of the messages will be disabled. Use the Tcl command set_msg_config to change the current settings.
	Parameter ID bound to: 1 - type: integer 
	Parameter NUM_STAGE bound to: 1 - type: integer 
	Parameter din0_WIDTH bound to: 11 - type: integer 
	Parameter din1_WIDTH bound to: 6 - type: integer 
	Parameter dout_WIDTH bound to: 17 - type: integer 
	Parameter ID bound to: 1 - type: integer 
	Parameter NUM_STAGE bound to: 1 - type: integer 
	Parameter din0_WIDTH bound to: 11 - type: integer 
	Parameter din1_WIDTH bound to: 6 - type: integer 
	Parameter dout_WIDTH bound to: 17 - type: integer 
	Parameter ID bound to: 1 - type: integer 
	Parameter NUM_STAGE bound to: 1 - type: integer 
	Parameter din0_WIDTH bound to: 11 - type: integer 
	Parameter din1_WIDTH bound to: 6 - type: integer 
	Parameter dout_WIDTH bound to: 17 - type: integer 
	Parameter ID bound to: 1 - type: integer 
	Parameter NUM_STAGE bound to: 1 - type: integer 
	Parameter din0_WIDTH bound to: 11 - type: integer 
	Parameter din1_WIDTH bound to: 6 - type: integer 
	Parameter dout_WIDTH bound to: 17 - type: integer 
	Parameter ID bound to: 1 - type: integer 
	Parameter NUM_STAGE bound to: 1 - type: integer 
	Parameter din0_WIDTH bound to: 11 - type: integer 
	Parameter din1_WIDTH bound to: 6 - type: integer 
	Parameter dout_WIDTH bound to: 17 - type: integer 
	Parameter ID bound to: 1 - type: integer 
	Parameter NUM_STAGE bound to: 1 - type: integer 
	Parameter din0_WIDTH bound to: 11 - type: integer 
	Parameter din1_WIDTH bound to: 6 - type: integer 
	Parameter dout_WIDTH bound to: 17 - type: integer 
	Parameter ID bound to: 1 - type: integer 
	Parameter NUM_STAGE bound to: 1 - type: integer 
	Parameter din0_WIDTH bound to: 11 - type: integer 
	Parameter din1_WIDTH bound to: 6 - type: integer 
	Parameter dout_WIDTH bound to: 17 - type: integer 
	Parameter ID bound to: 1 - type: integer 
	Parameter NUM_STAGE bound to: 1 - type: integer 
	Parameter din0_WIDTH bound to: 11 - type: integer 
	Parameter din1_WIDTH bound to: 6 - type: integer 
	Parameter dout_WIDTH bound to: 17 - type: integer 
	Parameter ID bound to: 1 - type: integer 
	Parameter NUM_STAGE bound to: 1 - type: integer 
	Parameter din0_WIDTH bound to: 11 - type: integer 
	Parameter din1_WIDTH bound to: 6 - type: integer 
	Parameter dout_WIDTH bound to: 17 - type: integer 
	Parameter ID bound to: 1 - type: integer 
	Parameter NUM_STAGE bound to: 1 - type: integer 
	Parameter din0_WIDTH bound to: 11 - type: integer 
	Parameter din1_WIDTH bound to: 6 - type: integer 
	Parameter dout_WIDTH bound to: 17 - type: integer 
	Parameter ID bound to: 1 - type: integer 
	Parameter NUM_STAGE bound to: 1 - type: integer 
	Parameter din0_WIDTH bound to: 11 - type: integer 
	Parameter din1_WIDTH bound to: 6 - type: integer 
	Parameter dout_WIDTH bound to: 17 - type: integer 
	Parameter ID bound to: 1 - type: integer 
	Parameter NUM_STAGE bound to: 1 - type: integer 
	Parameter din0_WIDTH bound to: 11 - type: integer 
	Parameter din1_WIDTH bound to: 6 - type: integer 
	Parameter dout_WIDTH bound to: 17 - type: integer 
	Parameter ID bound to: 1 - type: integer 
	Parameter NUM_STAGE bound to: 1 - type: integer 
	Parameter din0_WIDTH bound to: 11 - type: integer 
	Parameter din1_WIDTH bound to: 6 - type: integer 
	Parameter dout_WIDTH bound to: 17 - type: integer 
	Parameter ID bound to: 1 - type: integer 
	Parameter NUM_STAGE bound to: 1 - type: integer 
	Parameter din0_WIDTH bound to: 11 - type: integer 
	Parameter din1_WIDTH bound to: 6 - type: integer 
	Parameter dout_WIDTH bound to: 17 - type: integer 
	Parameter ID bound to: 1 - type: integer 
	Parameter NUM_STAGE bound to: 1 - type: integer 
	Parameter din0_WIDTH bound to: 11 - type: integer 
	Parameter din1_WIDTH bound to: 6 - type: integer 
	Parameter dout_WIDTH bound to: 17 - type: integer 
	Parameter ID bound to: 1 - type: integer 
	Parameter NUM_STAGE bound to: 1 - type: integer 
	Parameter din0_WIDTH bound to: 11 - type: integer 
	Parameter din1_WIDTH bound to: 6 - type: integer 
	Parameter dout_WIDTH bound to: 17 - type: integer 
	Parameter ID bound to: 1 - type: integer 
	Parameter NUM_STAGE bound to: 1 - type: integer 
	Parameter din0_WIDTH bound to: 11 - type: integer 
	Parameter din1_WIDTH bound to: 6 - type: integer 
	Parameter dout_WIDTH bound to: 17 - type: integer 
	Parameter ID bound to: 1 - type: integer 
	Parameter NUM_STAGE bound to: 1 - type: integer 
	Parameter din0_WIDTH bound to: 11 - type: integer 
	Parameter din1_WIDTH bound to: 6 - type: integer 
	Parameter dout_WIDTH bound to: 17 - type: integer 
	Parameter ID bound to: 1 - type: integer 
	Parameter NUM_STAGE bound to: 1 - type: integer 
	Parameter din0_WIDTH bound to: 11 - type: integer 
	Parameter din1_WIDTH bound to: 6 - type: integer 
	Parameter dout_WIDTH bound to: 17 - type: integer 
	Parameter ID bound to: 1 - type: integer 
	Parameter NUM_STAGE bound to: 1 - type: integer 
	Parameter din0_WIDTH bound to: 11 - type: integer 
	Parameter din1_WIDTH bound to: 6 - type: integer 
	Parameter dout_WIDTH bound to: 17 - type: integer 
	Parameter ID bound to: 1 - type: integer 
	Parameter NUM_STAGE bound to: 1 - type: integer 
	Parameter din0_WIDTH bound to: 11 - type: integer 
	Parameter din1_WIDTH bound to: 6 - type: integer 
	Parameter dout_WIDTH bound to: 17 - type: integer 
	Parameter ID bound to: 1 - type: integer 
	Parameter NUM_STAGE bound to: 1 - type: integer 
	Parameter din0_WIDTH bound to: 11 - type: integer 
	Parameter din1_WIDTH bound to: 6 - type: integer 
	Parameter dout_WIDTH bound to: 17 - type: integer 
	Parameter ID bound to: 1 - type: integer 
	Parameter NUM_STAGE bound to: 1 - type: integer 
	Parameter din0_WIDTH bound to: 11 - type: integer 
	Parameter din1_WIDTH bound to: 6 - type: integer 
	Parameter dout_WIDTH bound to: 17 - type: integer 
	Parameter ID bound to: 1 - type: integer 
	Parameter NUM_STAGE bound to: 1 - type: integer 
	Parameter din0_WIDTH bound to: 11 - type: integer 
	Parameter din1_WIDTH bound to: 6 - type: integer 
	Parameter dout_WIDTH bound to: 17 - type: integer 
	Parameter ID bound to: 1 - type: integer 
	Parameter NUM_STAGE bound to: 1 - type: integer 
	Parameter din0_WIDTH bound to: 11 - type: integer 
	Parameter din1_WIDTH bound to: 6 - type: integer 
	Parameter dout_WIDTH bound to: 17 - type: integer 
	Parameter ID bound to: 1 - type: integer 
	Parameter NUM_STAGE bound to: 1 - type: integer 
	Parameter din0_WIDTH bound to: 11 - type: integer 
	Parameter din1_WIDTH bound to: 6 - type: integer 
	Parameter dout_WIDTH bound to: 17 - type: integer 
	Parameter ID bound to: 1 - type: integer 
	Parameter NUM_STAGE bound to: 1 - type: integer 
	Parameter din0_WIDTH bound to: 11 - type: integer 
	Parameter din1_WIDTH bound to: 6 - type: integer 
	Parameter dout_WIDTH bound to: 17 - type: integer 
	Parameter ID bound to: 1 - type: integer 
	Parameter NUM_STAGE bound to: 1 - type: integer 
	Parameter din0_WIDTH bound to: 11 - type: integer 
	Parameter din1_WIDTH bound to: 6 - type: integer 
	Parameter dout_WIDTH bound to: 17 - type: integer 
	Parameter ID bound to: 1 - type: integer 
	Parameter NUM_STAGE bound to: 1 - type: integer 
	Parameter din0_WIDTH bound to: 11 - type: integer 
	Parameter din1_WIDTH bound to: 6 - type: integer 
	Parameter dout_WIDTH bound to: 17 - type: integer 
	Parameter ID bound to: 1 - type: integer 
	Parameter NUM_STAGE bound to: 1 - type: integer 
	Parameter din0_WIDTH bound to: 11 - type: integer 
	Parameter din1_WIDTH bound to: 6 - type: integer 
	Parameter dout_WIDTH bound to: 17 - type: integer 
	Parameter ID bound to: 1 - type: integer 
	Parameter NUM_STAGE bound to: 1 - type: integer 
	Parameter din0_WIDTH bound to: 11 - type: integer 
	Parameter din1_WIDTH bound to: 6 - type: integer 
	Parameter dout_WIDTH bound to: 17 - type: integer 
	Parameter ID bound to: 1 - type: integer 
	Parameter NUM_STAGE bound to: 1 - type: integer 
	Parameter din0_WIDTH bound to: 11 - type: integer 
	Parameter din1_WIDTH bound to: 6 - type: integer 
	Parameter dout_WIDTH bound to: 17 - type: integer 
	Parameter ID bound to: 1 - type: integer 
	Parameter NUM_STAGE bound to: 1 - type: integer 
	Parameter din0_WIDTH bound to: 11 - type: integer 
	Parameter din1_WIDTH bound to: 6 - type: integer 
	Parameter dout_WIDTH bound to: 17 - type: integer 
	Parameter ID bound to: 1 - type: integer 
	Parameter NUM_STAGE bound to: 1 - type: integer 
	Parameter din0_WIDTH bound to: 11 - type: integer 
	Parameter din1_WIDTH bound to: 6 - type: integer 
	Parameter dout_WIDTH bound to: 17 - type: integer 
INFO: [Synth 8-256] done synthesizing module 'myproject_dense_resource_ap_fixed_16_6_5_3_0_ap_fixed_16_6_5_3_0_config14_s' (0#1) [/home/dabadjiev/smartpixels_ml_dsabadjiev/Muon_Collider_Smart_Pixels/eric/Results_June2026_99SigEff/model2.5_fin_results/model2_5_6bit_normalised_selected/pareto_secondary/hls_outputs_vsynth/hls_model_trial_022/myproject_prj/solution1/syn/vhdl/myproject_dense_resource_ap_fixed_16_6_5_3_0_ap_fixed_16_6_5_3_0_config14_s.vhd:112]
INFO: [Synth 8-638] synthesizing module 'myproject_dense_resource_ap_fixed_16_6_5_3_0_ap_fixed_16_6_5_3_0_config16_s' [/home/dabadjiev/smartpixels_ml_dsabadjiev/Muon_Collider_Smart_Pixels/eric/Results_June2026_99SigEff/model2.5_fin_results/model2_5_6bit_normalised_selected/pareto_secondary/hls_outputs_vsynth/hls_model_trial_022/myproject_prj/solution1/syn/vhdl/myproject_dense_resource_ap_fixed_16_6_5_3_0_ap_fixed_16_6_5_3_0_config16_s.vhd:40]
	Parameter DataWidth bound to: 3 - type: integer 
	Parameter AddressRange bound to: 12 - type: integer 
	Parameter AddressWidth bound to: 4 - type: integer 
INFO: [Synth 8-638] synthesizing module 'myproject_dense_resource_ap_fixed_16_6_5_3_0_ap_fixed_16_6_5_3_0_config16_s_outidx_i_RObkb' [/home/dabadjiev/smartpixels_ml_dsabadjiev/Muon_Collider_Smart_Pixels/eric/Results_June2026_99SigEff/model2.5_fin_results/model2_5_6bit_normalised_selected/pareto_secondary/hls_outputs_vsynth/hls_model_trial_022/myproject_prj/solution1/syn/vhdl/myproject_dense_resource_ap_fixed_16_6_5_3_0_ap_fixed_16_6_5_3_0_config16_s_outidx_i_RObkb.vhd:28]
	Parameter DataWidth bound to: 3 - type: integer 
	Parameter AddressWidth bound to: 4 - type: integer 
	Parameter AddressRange bound to: 12 - type: integer 
INFO: [Synth 8-256] done synthesizing module 'myproject_dense_resource_ap_fixed_16_6_5_3_0_ap_fixed_16_6_5_3_0_config16_s_outidx_i_RObkb' (0#1) [/home/dabadjiev/smartpixels_ml_dsabadjiev/Muon_Collider_Smart_Pixels/eric/Results_June2026_99SigEff/model2.5_fin_results/model2_5_6bit_normalised_selected/pareto_secondary/hls_outputs_vsynth/hls_model_trial_022/myproject_prj/solution1/syn/vhdl/myproject_dense_resource_ap_fixed_16_6_5_3_0_ap_fixed_16_6_5_3_0_config16_s_outidx_i_RObkb.vhd:28]
	Parameter ID bound to: 1 - type: integer 
	Parameter NUM_STAGE bound to: 1 - type: integer 
	Parameter din0_WIDTH bound to: 11 - type: integer 
	Parameter din1_WIDTH bound to: 6 - type: integer 
	Parameter dout_WIDTH bound to: 17 - type: integer 
	Parameter ID bound to: 1 - type: integer 
	Parameter NUM_STAGE bound to: 1 - type: integer 
	Parameter CASE0 bound to: 3'b000 
	Parameter din0_WIDTH bound to: 16 - type: integer 
	Parameter CASE1 bound to: 3'b001 
	Parameter din1_WIDTH bound to: 16 - type: integer 
	Parameter CASE2 bound to: 3'b010 
	Parameter din2_WIDTH bound to: 16 - type: integer 
	Parameter CASE3 bound to: 3'b011 
	Parameter din3_WIDTH bound to: 16 - type: integer 
	Parameter CASE4 bound to: 3'b100 
	Parameter din4_WIDTH bound to: 16 - type: integer 
	Parameter CASE5 bound to: 3'b101 
	Parameter din5_WIDTH bound to: 16 - type: integer 
	Parameter def_WIDTH bound to: 16 - type: integer 
	Parameter sel_WIDTH bound to: 3 - type: integer 
	Parameter dout_WIDTH bound to: 16 - type: integer 
INFO: [Synth 8-638] synthesizing module 'myproject_sparsemux_13_3_16_1_1' [/home/dabadjiev/smartpixels_ml_dsabadjiev/Muon_Collider_Smart_Pixels/eric/Results_June2026_99SigEff/model2.5_fin_results/model2_5_6bit_normalised_selected/pareto_secondary/hls_outputs_vsynth/hls_model_trial_022/myproject_prj/solution1/syn/vhdl/myproject_sparsemux_13_3_16_1_1.vhd:67]
	Parameter din0_WIDTH bound to: 16 - type: integer 
	Parameter din1_WIDTH bound to: 16 - type: integer 
	Parameter din2_WIDTH bound to: 16 - type: integer 
	Parameter din3_WIDTH bound to: 16 - type: integer 
	Parameter din4_WIDTH bound to: 16 - type: integer 
	Parameter din5_WIDTH bound to: 16 - type: integer 
	Parameter def_WIDTH bound to: 16 - type: integer 
	Parameter sel_WIDTH bound to: 3 - type: integer 
	Parameter dout_WIDTH bound to: 16 - type: integer 
	Parameter CASE0 bound to: 3'b000 
	Parameter CASE1 bound to: 3'b001 
	Parameter CASE2 bound to: 3'b010 
	Parameter CASE3 bound to: 3'b011 
	Parameter CASE4 bound to: 3'b100 
	Parameter CASE5 bound to: 3'b101 
	Parameter ID bound to: 1 - type: integer 
	Parameter NUM_STAGE bound to: 1 - type: integer 
WARNING: [Synth 8-614] signal 'def' is read in the process but is not in the sensitivity list [/home/dabadjiev/smartpixels_ml_dsabadjiev/Muon_Collider_Smart_Pixels/eric/Results_June2026_99SigEff/model2.5_fin_results/model2_5_6bit_normalised_selected/pareto_secondary/hls_outputs_vsynth/hls_model_trial_022/myproject_prj/solution1/syn/vhdl/myproject_sparsemux_13_3_16_1_1.vhd:73]
INFO: [Synth 8-256] done synthesizing module 'myproject_sparsemux_13_3_16_1_1' (0#1) [/home/dabadjiev/smartpixels_ml_dsabadjiev/Muon_Collider_Smart_Pixels/eric/Results_June2026_99SigEff/model2.5_fin_results/model2_5_6bit_normalised_selected/pareto_secondary/hls_outputs_vsynth/hls_model_trial_022/myproject_prj/solution1/syn/vhdl/myproject_sparsemux_13_3_16_1_1.vhd:67]
INFO: [Synth 8-256] done synthesizing module 'myproject_dense_resource_ap_fixed_16_6_5_3_0_ap_fixed_16_6_5_3_0_config16_s' (0#1) [/home/dabadjiev/smartpixels_ml_dsabadjiev/Muon_Collider_Smart_Pixels/eric/Results_June2026_99SigEff/model2.5_fin_results/model2_5_6bit_normalised_selected/pareto_secondary/hls_outputs_vsynth/hls_model_trial_022/myproject_prj/solution1/syn/vhdl/myproject_dense_resource_ap_fixed_16_6_5_3_0_ap_fixed_16_6_5_3_0_config16_s.vhd:40]
INFO: [Synth 8-638] synthesizing module 'myproject_relu_ap_fixed_16_6_5_3_0_ap_ufixed_8_0_4_0_0_relu_config18_s' [/home/dabadjiev/smartpixels_ml_dsabadjiev/Muon_Collider_Smart_Pixels/eric/Results_June2026_99SigEff/model2.5_fin_results/model2_5_6bit_normalised_selected/pareto_secondary/hls_outputs_vsynth/hls_model_trial_022/myproject_prj/solution1/syn/vhdl/myproject_relu_ap_fixed_16_6_5_3_0_ap_ufixed_8_0_4_0_0_relu_config18_s.vhd:72]
INFO: [Synth 8-256] done synthesizing module 'myproject_relu_ap_fixed_16_6_5_3_0_ap_ufixed_8_0_4_0_0_relu_config18_s' (0#1) [/home/dabadjiev/smartpixels_ml_dsabadjiev/Muon_Collider_Smart_Pixels/eric/Results_June2026_99SigEff/model2.5_fin_results/model2_5_6bit_normalised_selected/pareto_secondary/hls_outputs_vsynth/hls_model_trial_022/myproject_prj/solution1/syn/vhdl/myproject_relu_ap_fixed_16_6_5_3_0_ap_ufixed_8_0_4_0_0_relu_config18_s.vhd:72]
INFO: [Synth 8-638] synthesizing module 'myproject_relu_ap_fixed_16_6_5_3_0_ap_ufixed_8_0_4_0_0_relu_config19_s' [/home/dabadjiev/smartpixels_ml_dsabadjiev/Muon_Collider_Smart_Pixels/eric/Results_June2026_99SigEff/model2.5_fin_results/model2_5_6bit_normalised_selected/pareto_secondary/hls_outputs_vsynth/hls_model_trial_022/myproject_prj/solution1/syn/vhdl/myproject_relu_ap_fixed_16_6_5_3_0_ap_ufixed_8_0_4_0_0_relu_config19_s.vhd:36]
INFO: [Synth 8-256] done synthesizing module 'myproject_relu_ap_fixed_16_6_5_3_0_ap_ufixed_8_0_4_0_0_relu_config19_s' (0#1) [/home/dabadjiev/smartpixels_ml_dsabadjiev/Muon_Collider_Smart_Pixels/eric/Results_June2026_99SigEff/model2.5_fin_results/model2_5_6bit_normalised_selected/pareto_secondary/hls_outputs_vsynth/hls_model_trial_022/myproject_prj/solution1/syn/vhdl/myproject_relu_ap_fixed_16_6_5_3_0_ap_ufixed_8_0_4_0_0_relu_config19_s.vhd:36]
INFO: [Synth 8-638] synthesizing module 'myproject_concatenate1d_ap_ufixed_ap_ufixed_ap_fixed_16_6_5_3_0_config20_s' [/home/dabadjiev/smartpixels_ml_dsabadjiev/Muon_Collider_Smart_Pixels/eric/Results_June2026_99SigEff/model2.5_fin_results/model2_5_6bit_normalised_selected/pareto_secondary/hls_outputs_vsynth/hls_model_trial_022/myproject_prj/solution1/syn/vhdl/myproject_concatenate1d_ap_ufixed_ap_ufixed_ap_fixed_16_6_5_3_0_config20_s.vhd:84]
INFO: [Synth 8-256] done synthesizing module 'myproject_concatenate1d_ap_ufixed_ap_ufixed_ap_fixed_16_6_5_3_0_config20_s' (0#1) [/home/dabadjiev/smartpixels_ml_dsabadjiev/Muon_Collider_Smart_Pixels/eric/Results_June2026_99SigEff/model2.5_fin_results/model2_5_6bit_normalised_selected/pareto_secondary/hls_outputs_vsynth/hls_model_trial_022/myproject_prj/solution1/syn/vhdl/myproject_concatenate1d_ap_ufixed_ap_ufixed_ap_fixed_16_6_5_3_0_config20_s.vhd:84]
INFO: [Synth 8-638] synthesizing module 'myproject_dense_resource_ap_fixed_16_6_5_3_0_ap_fixed_16_6_5_3_0_config21_s' [/home/dabadjiev/smartpixels_ml_dsabadjiev/Muon_Collider_Smart_Pixels/eric/Results_June2026_99SigEff/model2.5_fin_results/model2_5_6bit_normalised_selected/pareto_secondary/hls_outputs_vsynth/hls_model_trial_022/myproject_prj/solution1/syn/vhdl/myproject_dense_resource_ap_fixed_16_6_5_3_0_ap_fixed_16_6_5_3_0_config21_s.vhd:83]
	Parameter ID bound to: 1 - type: integer 
	Parameter NUM_STAGE bound to: 1 - type: integer 
	Parameter CASE0 bound to: 4'b0000 
	Parameter din0_WIDTH bound to: 10 - type: integer 
	Parameter CASE1 bound to: 4'b0001 
	Parameter din1_WIDTH bound to: 10 - type: integer 
	Parameter CASE2 bound to: 4'b0010 
	Parameter din2_WIDTH bound to: 10 - type: integer 
	Parameter CASE3 bound to: 4'b0011 
	Parameter din3_WIDTH bound to: 10 - type: integer 
	Parameter CASE4 bound to: 4'b0100 
	Parameter din4_WIDTH bound to: 10 - type: integer 
	Parameter CASE5 bound to: 4'b0101 
	Parameter din5_WIDTH bound to: 10 - type: integer 
	Parameter CASE6 bound to: 4'b0110 
	Parameter din6_WIDTH bound to: 10 - type: integer 
	Parameter CASE7 bound to: 4'b0111 
	Parameter din7_WIDTH bound to: 10 - type: integer 
	Parameter CASE8 bound to: 4'b1000 
	Parameter din8_WIDTH bound to: 10 - type: integer 
	Parameter CASE9 bound to: 4'b1001 
	Parameter din9_WIDTH bound to: 10 - type: integer 
	Parameter CASE10 bound to: 4'b1010 
	Parameter din10_WIDTH bound to: 10 - type: integer 
	Parameter CASE11 bound to: 4'b1011 
	Parameter din11_WIDTH bound to: 10 - type: integer 
	Parameter CASE12 bound to: 4'b1100 
	Parameter din12_WIDTH bound to: 10 - type: integer 
	Parameter CASE13 bound to: 4'b1101 
	Parameter din13_WIDTH bound to: 10 - type: integer 
	Parameter CASE14 bound to: 4'b1110 
	Parameter din14_WIDTH bound to: 10 - type: integer 
	Parameter def_WIDTH bound to: 10 - type: integer 
	Parameter sel_WIDTH bound to: 4 - type: integer 
	Parameter dout_WIDTH bound to: 10 - type: integer 
INFO: [Synth 8-638] synthesizing module 'myproject_sparsemux_31_4_10_1_1' [/home/dabadjiev/smartpixels_ml_dsabadjiev/Muon_Collider_Smart_Pixels/eric/Results_June2026_99SigEff/model2.5_fin_results/model2_5_6bit_normalised_selected/pareto_secondary/hls_outputs_vsynth/hls_model_trial_022/myproject_prj/solution1/syn/vhdl/myproject_sparsemux_31_4_10_1_1.vhd:121]
	Parameter din0_WIDTH bound to: 10 - type: integer 
	Parameter din1_WIDTH bound to: 10 - type: integer 
	Parameter din2_WIDTH bound to: 10 - type: integer 
	Parameter din3_WIDTH bound to: 10 - type: integer 
	Parameter din4_WIDTH bound to: 10 - type: integer 
	Parameter din5_WIDTH bound to: 10 - type: integer 
	Parameter din6_WIDTH bound to: 10 - type: integer 
	Parameter din7_WIDTH bound to: 10 - type: integer 
	Parameter din8_WIDTH bound to: 10 - type: integer 
	Parameter din9_WIDTH bound to: 10 - type: integer 
	Parameter din10_WIDTH bound to: 10 - type: integer 
	Parameter din11_WIDTH bound to: 10 - type: integer 
	Parameter din12_WIDTH bound to: 10 - type: integer 
	Parameter din13_WIDTH bound to: 10 - type: integer 
	Parameter din14_WIDTH bound to: 10 - type: integer 
	Parameter def_WIDTH bound to: 10 - type: integer 
	Parameter sel_WIDTH bound to: 4 - type: integer 
	Parameter dout_WIDTH bound to: 10 - type: integer 
	Parameter CASE0 bound to: 4'b0000 
	Parameter CASE1 bound to: 4'b0001 
	Parameter CASE2 bound to: 4'b0010 
	Parameter CASE3 bound to: 4'b0011 
	Parameter CASE4 bound to: 4'b0100 
	Parameter CASE5 bound to: 4'b0101 
	Parameter CASE6 bound to: 4'b0110 
	Parameter CASE7 bound to: 4'b0111 
	Parameter CASE8 bound to: 4'b1000 
	Parameter CASE9 bound to: 4'b1001 
	Parameter CASE10 bound to: 4'b1010 
	Parameter CASE11 bound to: 4'b1011 
	Parameter CASE12 bound to: 4'b1100 
	Parameter CASE13 bound to: 4'b1101 
	Parameter CASE14 bound to: 4'b1110 
	Parameter ID bound to: 1 - type: integer 
	Parameter NUM_STAGE bound to: 1 - type: integer 
WARNING: [Synth 8-614] signal 'def' is read in the process but is not in the sensitivity list [/home/dabadjiev/smartpixels_ml_dsabadjiev/Muon_Collider_Smart_Pixels/eric/Results_June2026_99SigEff/model2.5_fin_results/model2_5_6bit_normalised_selected/pareto_secondary/hls_outputs_vsynth/hls_model_trial_022/myproject_prj/solution1/syn/vhdl/myproject_sparsemux_31_4_10_1_1.vhd:127]
INFO: [Synth 8-256] done synthesizing module 'myproject_sparsemux_31_4_10_1_1' (0#1) [/home/dabadjiev/smartpixels_ml_dsabadjiev/Muon_Collider_Smart_Pixels/eric/Results_June2026_99SigEff/model2.5_fin_results/model2_5_6bit_normalised_selected/pareto_secondary/hls_outputs_vsynth/hls_model_trial_022/myproject_prj/solution1/syn/vhdl/myproject_sparsemux_31_4_10_1_1.vhd:121]
	Parameter ID bound to: 1 - type: integer 
	Parameter NUM_STAGE bound to: 1 - type: integer 
	Parameter din0_WIDTH bound to: 10 - type: integer 
	Parameter din1_WIDTH bound to: 6 - type: integer 
	Parameter dout_WIDTH bound to: 16 - type: integer 
INFO: [Synth 8-638] synthesizing module 'myproject_mul_10ns_6s_16_1_1' [/home/dabadjiev/smartpixels_ml_dsabadjiev/Muon_Collider_Smart_Pixels/eric/Results_June2026_99SigEff/model2.5_fin_results/model2_5_6bit_normalised_selected/pareto_secondary/hls_outputs_vsynth/hls_model_trial_022/myproject_prj/solution1/syn/vhdl/myproject_mul_10ns_6s_16_1_1.vhd:26]
	Parameter ID bound to: 1 - type: integer 
	Parameter NUM_STAGE bound to: 1 - type: integer 
	Parameter din0_WIDTH bound to: 10 - type: integer 
	Parameter din1_WIDTH bound to: 6 - type: integer 
	Parameter dout_WIDTH bound to: 16 - type: integer 
INFO: [Synth 8-256] done synthesizing module 'myproject_mul_10ns_6s_16_1_1' (0#1) [/home/dabadjiev/smartpixels_ml_dsabadjiev/Muon_Collider_Smart_Pixels/eric/Results_June2026_99SigEff/model2.5_fin_results/model2_5_6bit_normalised_selected/pareto_secondary/hls_outputs_vsynth/hls_model_trial_022/myproject_prj/solution1/syn/vhdl/myproject_mul_10ns_6s_16_1_1.vhd:26]
	Parameter ID bound to: 1 - type: integer 
	Parameter NUM_STAGE bound to: 1 - type: integer 
	Parameter CASE0 bound to: 4'b0000 
	Parameter din0_WIDTH bound to: 10 - type: integer 
	Parameter CASE1 bound to: 4'b0001 
	Parameter din1_WIDTH bound to: 10 - type: integer 
	Parameter CASE2 bound to: 4'b0010 
	Parameter din2_WIDTH bound to: 10 - type: integer 
	Parameter CASE3 bound to: 4'b0011 
	Parameter din3_WIDTH bound to: 10 - type: integer 
	Parameter CASE4 bound to: 4'b0100 
	Parameter din4_WIDTH bound to: 10 - type: integer 
	Parameter CASE5 bound to: 4'b0101 
	Parameter din5_WIDTH bound to: 10 - type: integer 
	Parameter CASE6 bound to: 4'b0110 
	Parameter din6_WIDTH bound to: 10 - type: integer 
	Parameter CASE7 bound to: 4'b0111 
	Parameter din7_WIDTH bound to: 10 - type: integer 
	Parameter CASE8 bound to: 4'b1000 
	Parameter din8_WIDTH bound to: 10 - type: integer 
	Parameter CASE9 bound to: 4'b1001 
	Parameter din9_WIDTH bound to: 10 - type: integer 
	Parameter CASE10 bound to: 4'b1010 
	Parameter din10_WIDTH bound to: 10 - type: integer 
	Parameter CASE11 bound to: 4'b1011 
	Parameter din11_WIDTH bound to: 10 - type: integer 
	Parameter CASE12 bound to: 4'b1100 
	Parameter din12_WIDTH bound to: 10 - type: integer 
	Parameter CASE13 bound to: 4'b1101 
	Parameter din13_WIDTH bound to: 10 - type: integer 
	Parameter CASE14 bound to: 4'b1110 
	Parameter din14_WIDTH bound to: 10 - type: integer 
	Parameter def_WIDTH bound to: 10 - type: integer 
	Parameter sel_WIDTH bound to: 4 - type: integer 
	Parameter dout_WIDTH bound to: 10 - type: integer 
	Parameter ID bound to: 1 - type: integer 
	Parameter NUM_STAGE bound to: 1 - type: integer 
	Parameter din0_WIDTH bound to: 10 - type: integer 
	Parameter din1_WIDTH bound to: 6 - type: integer 
	Parameter dout_WIDTH bound to: 16 - type: integer 
	Parameter ID bound to: 1 - type: integer 
	Parameter NUM_STAGE bound to: 1 - type: integer 
	Parameter din0_WIDTH bound to: 10 - type: integer 
	Parameter din1_WIDTH bound to: 6 - type: integer 
	Parameter dout_WIDTH bound to: 16 - type: integer 
	Parameter ID bound to: 1 - type: integer 
	Parameter NUM_STAGE bound to: 1 - type: integer 
	Parameter din0_WIDTH bound to: 10 - type: integer 
	Parameter din1_WIDTH bound to: 6 - type: integer 
	Parameter dout_WIDTH bound to: 16 - type: integer 
	Parameter ID bound to: 1 - type: integer 
	Parameter NUM_STAGE bound to: 1 - type: integer 
	Parameter din0_WIDTH bound to: 10 - type: integer 
	Parameter din1_WIDTH bound to: 6 - type: integer 
	Parameter dout_WIDTH bound to: 16 - type: integer 
	Parameter ID bound to: 1 - type: integer 
	Parameter NUM_STAGE bound to: 1 - type: integer 
	Parameter din0_WIDTH bound to: 10 - type: integer 
	Parameter din1_WIDTH bound to: 6 - type: integer 
	Parameter dout_WIDTH bound to: 16 - type: integer 
	Parameter ID bound to: 1 - type: integer 
	Parameter NUM_STAGE bound to: 1 - type: integer 
	Parameter din0_WIDTH bound to: 10 - type: integer 
	Parameter din1_WIDTH bound to: 6 - type: integer 
	Parameter dout_WIDTH bound to: 16 - type: integer 
	Parameter ID bound to: 1 - type: integer 
	Parameter NUM_STAGE bound to: 1 - type: integer 
	Parameter din0_WIDTH bound to: 10 - type: integer 
	Parameter din1_WIDTH bound to: 6 - type: integer 
	Parameter dout_WIDTH bound to: 16 - type: integer 
	Parameter ID bound to: 1 - type: integer 
	Parameter NUM_STAGE bound to: 1 - type: integer 
	Parameter din0_WIDTH bound to: 10 - type: integer 
	Parameter din1_WIDTH bound to: 6 - type: integer 
	Parameter dout_WIDTH bound to: 16 - type: integer 
	Parameter ID bound to: 1 - type: integer 
	Parameter NUM_STAGE bound to: 1 - type: integer 
	Parameter din0_WIDTH bound to: 10 - type: integer 
	Parameter din1_WIDTH bound to: 6 - type: integer 
	Parameter dout_WIDTH bound to: 16 - type: integer 
	Parameter ID bound to: 1 - type: integer 
	Parameter NUM_STAGE bound to: 1 - type: integer 
	Parameter din0_WIDTH bound to: 10 - type: integer 
	Parameter din1_WIDTH bound to: 6 - type: integer 
	Parameter dout_WIDTH bound to: 16 - type: integer 
	Parameter ID bound to: 1 - type: integer 
	Parameter NUM_STAGE bound to: 1 - type: integer 
	Parameter din0_WIDTH bound to: 10 - type: integer 
	Parameter din1_WIDTH bound to: 6 - type: integer 
	Parameter dout_WIDTH bound to: 16 - type: integer 
	Parameter ID bound to: 1 - type: integer 
	Parameter NUM_STAGE bound to: 1 - type: integer 
	Parameter din0_WIDTH bound to: 10 - type: integer 
	Parameter din1_WIDTH bound to: 6 - type: integer 
	Parameter dout_WIDTH bound to: 16 - type: integer 
	Parameter ID bound to: 1 - type: integer 
	Parameter NUM_STAGE bound to: 1 - type: integer 
	Parameter din0_WIDTH bound to: 10 - type: integer 
	Parameter din1_WIDTH bound to: 6 - type: integer 
	Parameter dout_WIDTH bound to: 16 - type: integer 
	Parameter ID bound to: 1 - type: integer 
	Parameter NUM_STAGE bound to: 1 - type: integer 
	Parameter din0_WIDTH bound to: 10 - type: integer 
	Parameter din1_WIDTH bound to: 6 - type: integer 
	Parameter dout_WIDTH bound to: 16 - type: integer 
	Parameter ID bound to: 1 - type: integer 
	Parameter NUM_STAGE bound to: 1 - type: integer 
	Parameter din0_WIDTH bound to: 10 - type: integer 
	Parameter din1_WIDTH bound to: 6 - type: integer 
	Parameter dout_WIDTH bound to: 16 - type: integer 
	Parameter ID bound to: 1 - type: integer 
	Parameter NUM_STAGE bound to: 1 - type: integer 
	Parameter din0_WIDTH bound to: 10 - type: integer 
	Parameter din1_WIDTH bound to: 6 - type: integer 
	Parameter dout_WIDTH bound to: 16 - type: integer 
	Parameter ID bound to: 1 - type: integer 
	Parameter NUM_STAGE bound to: 1 - type: integer 
	Parameter din0_WIDTH bound to: 10 - type: integer 
	Parameter din1_WIDTH bound to: 6 - type: integer 
	Parameter dout_WIDTH bound to: 16 - type: integer 
	Parameter ID bound to: 1 - type: integer 
	Parameter NUM_STAGE bound to: 1 - type: integer 
	Parameter din0_WIDTH bound to: 10 - type: integer 
	Parameter din1_WIDTH bound to: 6 - type: integer 
	Parameter dout_WIDTH bound to: 16 - type: integer 
	Parameter ID bound to: 1 - type: integer 
	Parameter NUM_STAGE bound to: 1 - type: integer 
	Parameter din0_WIDTH bound to: 10 - type: integer 
	Parameter din1_WIDTH bound to: 6 - type: integer 
	Parameter dout_WIDTH bound to: 16 - type: integer 
	Parameter ID bound to: 1 - type: integer 
	Parameter NUM_STAGE bound to: 1 - type: integer 
	Parameter din0_WIDTH bound to: 10 - type: integer 
	Parameter din1_WIDTH bound to: 6 - type: integer 
	Parameter dout_WIDTH bound to: 16 - type: integer 
	Parameter ID bound to: 1 - type: integer 
	Parameter NUM_STAGE bound to: 1 - type: integer 
	Parameter din0_WIDTH bound to: 10 - type: integer 
	Parameter din1_WIDTH bound to: 6 - type: integer 
	Parameter dout_WIDTH bound to: 16 - type: integer 
	Parameter ID bound to: 1 - type: integer 
	Parameter NUM_STAGE bound to: 1 - type: integer 
	Parameter din0_WIDTH bound to: 10 - type: integer 
	Parameter din1_WIDTH bound to: 6 - type: integer 
	Parameter dout_WIDTH bound to: 16 - type: integer 
	Parameter ID bound to: 1 - type: integer 
	Parameter NUM_STAGE bound to: 1 - type: integer 
	Parameter din0_WIDTH bound to: 10 - type: integer 
	Parameter din1_WIDTH bound to: 6 - type: integer 
	Parameter dout_WIDTH bound to: 16 - type: integer 
INFO: [Synth 8-256] done synthesizing module 'myproject_dense_resource_ap_fixed_16_6_5_3_0_ap_fixed_16_6_5_3_0_config21_s' (0#1) [/home/dabadjiev/smartpixels_ml_dsabadjiev/Muon_Collider_Smart_Pixels/eric/Results_June2026_99SigEff/model2.5_fin_results/model2_5_6bit_normalised_selected/pareto_secondary/hls_outputs_vsynth/hls_model_trial_022/myproject_prj/solution1/syn/vhdl/myproject_dense_resource_ap_fixed_16_6_5_3_0_ap_fixed_16_6_5_3_0_config21_s.vhd:83]
INFO: [Synth 8-638] synthesizing module 'myproject_relu_ap_fixed_16_6_5_3_0_ap_ufixed_8_0_4_0_0_relu_config23_s' [/home/dabadjiev/smartpixels_ml_dsabadjiev/Muon_Collider_Smart_Pixels/eric/Results_June2026_99SigEff/model2.5_fin_results/model2_5_6bit_normalised_selected/pareto_secondary/hls_outputs_vsynth/hls_model_trial_022/myproject_prj/solution1/syn/vhdl/myproject_relu_ap_fixed_16_6_5_3_0_ap_ufixed_8_0_4_0_0_relu_config23_s.vhd:48]
INFO: [Synth 8-256] done synthesizing module 'myproject_relu_ap_fixed_16_6_5_3_0_ap_ufixed_8_0_4_0_0_relu_config23_s' (0#1) [/home/dabadjiev/smartpixels_ml_dsabadjiev/Muon_Collider_Smart_Pixels/eric/Results_June2026_99SigEff/model2.5_fin_results/model2_5_6bit_normalised_selected/pareto_secondary/hls_outputs_vsynth/hls_model_trial_022/myproject_prj/solution1/syn/vhdl/myproject_relu_ap_fixed_16_6_5_3_0_ap_ufixed_8_0_4_0_0_relu_config23_s.vhd:48]
INFO: [Synth 8-638] synthesizing module 'myproject_dense_resource_ap_ufixed_8_0_4_0_0_ap_fixed_16_6_5_3_0_config24_s' [/home/dabadjiev/smartpixels_ml_dsabadjiev/Muon_Collider_Smart_Pixels/eric/Results_June2026_99SigEff/model2.5_fin_results/model2_5_6bit_normalised_selected/pareto_secondary/hls_outputs_vsynth/hls_model_trial_022/myproject_prj/solution1/syn/vhdl/myproject_dense_resource_ap_ufixed_8_0_4_0_0_ap_fixed_16_6_5_3_0_config24_s.vhd:49]
	Parameter ID bound to: 1 - type: integer 
	Parameter NUM_STAGE bound to: 1 - type: integer 
	Parameter CASE0 bound to: 4'b0000 
	Parameter din0_WIDTH bound to: 8 - type: integer 
	Parameter CASE1 bound to: 4'b0001 
	Parameter din1_WIDTH bound to: 8 - type: integer 
	Parameter CASE2 bound to: 4'b0010 
	Parameter din2_WIDTH bound to: 8 - type: integer 
	Parameter CASE3 bound to: 4'b0011 
	Parameter din3_WIDTH bound to: 8 - type: integer 
	Parameter CASE4 bound to: 4'b0100 
	Parameter din4_WIDTH bound to: 8 - type: integer 
	Parameter CASE5 bound to: 4'b0101 
	Parameter din5_WIDTH bound to: 8 - type: integer 
	Parameter CASE6 bound to: 4'b0110 
	Parameter din6_WIDTH bound to: 8 - type: integer 
	Parameter CASE7 bound to: 4'b0111 
	Parameter din7_WIDTH bound to: 8 - type: integer 
	Parameter CASE8 bound to: 4'b1000 
	Parameter din8_WIDTH bound to: 8 - type: integer 
	Parameter CASE9 bound to: 4'b1001 
	Parameter din9_WIDTH bound to: 8 - type: integer 
	Parameter CASE10 bound to: 4'b1010 
	Parameter din10_WIDTH bound to: 8 - type: integer 
	Parameter CASE11 bound to: 4'b1011 
	Parameter din11_WIDTH bound to: 8 - type: integer 
	Parameter def_WIDTH bound to: 8 - type: integer 
	Parameter sel_WIDTH bound to: 4 - type: integer 
	Parameter dout_WIDTH bound to: 8 - type: integer 
INFO: [Synth 8-638] synthesizing module 'myproject_sparsemux_25_4_8_1_1' [/home/dabadjiev/smartpixels_ml_dsabadjiev/Muon_Collider_Smart_Pixels/eric/Results_June2026_99SigEff/model2.5_fin_results/model2_5_6bit_normalised_selected/pareto_secondary/hls_outputs_vsynth/hls_model_trial_022/myproject_prj/solution1/syn/vhdl/myproject_sparsemux_25_4_8_1_1.vhd:103]
	Parameter din0_WIDTH bound to: 8 - type: integer 
	Parameter din1_WIDTH bound to: 8 - type: integer 
	Parameter din2_WIDTH bound to: 8 - type: integer 
	Parameter din3_WIDTH bound to: 8 - type: integer 
	Parameter din4_WIDTH bound to: 8 - type: integer 
	Parameter din5_WIDTH bound to: 8 - type: integer 
	Parameter din6_WIDTH bound to: 8 - type: integer 
	Parameter din7_WIDTH bound to: 8 - type: integer 
	Parameter din8_WIDTH bound to: 8 - type: integer 
	Parameter din9_WIDTH bound to: 8 - type: integer 
	Parameter din10_WIDTH bound to: 8 - type: integer 
	Parameter din11_WIDTH bound to: 8 - type: integer 
	Parameter def_WIDTH bound to: 8 - type: integer 
	Parameter sel_WIDTH bound to: 4 - type: integer 
	Parameter dout_WIDTH bound to: 8 - type: integer 
	Parameter CASE0 bound to: 4'b0000 
	Parameter CASE1 bound to: 4'b0001 
	Parameter CASE2 bound to: 4'b0010 
	Parameter CASE3 bound to: 4'b0011 
	Parameter CASE4 bound to: 4'b0100 
	Parameter CASE5 bound to: 4'b0101 
	Parameter CASE6 bound to: 4'b0110 
	Parameter CASE7 bound to: 4'b0111 
	Parameter CASE8 bound to: 4'b1000 
	Parameter CASE9 bound to: 4'b1001 
	Parameter CASE10 bound to: 4'b1010 
	Parameter CASE11 bound to: 4'b1011 
	Parameter ID bound to: 1 - type: integer 
	Parameter NUM_STAGE bound to: 1 - type: integer 
WARNING: [Synth 8-614] signal 'def' is read in the process but is not in the sensitivity list [/home/dabadjiev/smartpixels_ml_dsabadjiev/Muon_Collider_Smart_Pixels/eric/Results_June2026_99SigEff/model2.5_fin_results/model2_5_6bit_normalised_selected/pareto_secondary/hls_outputs_vsynth/hls_model_trial_022/myproject_prj/solution1/syn/vhdl/myproject_sparsemux_25_4_8_1_1.vhd:109]
INFO: [Synth 8-256] done synthesizing module 'myproject_sparsemux_25_4_8_1_1' (0#1) [/home/dabadjiev/smartpixels_ml_dsabadjiev/Muon_Collider_Smart_Pixels/eric/Results_June2026_99SigEff/model2.5_fin_results/model2_5_6bit_normalised_selected/pareto_secondary/hls_outputs_vsynth/hls_model_trial_022/myproject_prj/solution1/syn/vhdl/myproject_sparsemux_25_4_8_1_1.vhd:103]
	Parameter ID bound to: 1 - type: integer 
	Parameter NUM_STAGE bound to: 1 - type: integer 
	Parameter din0_WIDTH bound to: 8 - type: integer 
	Parameter din1_WIDTH bound to: 6 - type: integer 
	Parameter dout_WIDTH bound to: 14 - type: integer 
INFO: [Synth 8-638] synthesizing module 'myproject_mul_8ns_6s_14_1_1' [/home/dabadjiev/smartpixels_ml_dsabadjiev/Muon_Collider_Smart_Pixels/eric/Results_June2026_99SigEff/model2.5_fin_results/model2_5_6bit_normalised_selected/pareto_secondary/hls_outputs_vsynth/hls_model_trial_022/myproject_prj/solution1/syn/vhdl/myproject_mul_8ns_6s_14_1_1.vhd:26]
	Parameter ID bound to: 1 - type: integer 
	Parameter NUM_STAGE bound to: 1 - type: integer 
	Parameter din0_WIDTH bound to: 8 - type: integer 
	Parameter din1_WIDTH bound to: 6 - type: integer 
	Parameter dout_WIDTH bound to: 14 - type: integer 
INFO: [Synth 8-256] done synthesizing module 'myproject_mul_8ns_6s_14_1_1' (0#1) [/home/dabadjiev/smartpixels_ml_dsabadjiev/Muon_Collider_Smart_Pixels/eric/Results_June2026_99SigEff/model2.5_fin_results/model2_5_6bit_normalised_selected/pareto_secondary/hls_outputs_vsynth/hls_model_trial_022/myproject_prj/solution1/syn/vhdl/myproject_mul_8ns_6s_14_1_1.vhd:26]
	Parameter ID bound to: 1 - type: integer 
	Parameter NUM_STAGE bound to: 1 - type: integer 
	Parameter din0_WIDTH bound to: 8 - type: integer 
	Parameter din1_WIDTH bound to: 6 - type: integer 
	Parameter dout_WIDTH bound to: 14 - type: integer 
	Parameter ID bound to: 1 - type: integer 
	Parameter NUM_STAGE bound to: 1 - type: integer 
	Parameter din0_WIDTH bound to: 8 - type: integer 
	Parameter din1_WIDTH bound to: 6 - type: integer 
	Parameter dout_WIDTH bound to: 14 - type: integer 
	Parameter ID bound to: 1 - type: integer 
	Parameter NUM_STAGE bound to: 1 - type: integer 
	Parameter din0_WIDTH bound to: 8 - type: integer 
	Parameter din1_WIDTH bound to: 6 - type: integer 
	Parameter dout_WIDTH bound to: 14 - type: integer 
INFO: [Synth 8-256] done synthesizing module 'myproject_dense_resource_ap_ufixed_8_0_4_0_0_ap_fixed_16_6_5_3_0_config24_s' (0#1) [/home/dabadjiev/smartpixels_ml_dsabadjiev/Muon_Collider_Smart_Pixels/eric/Results_June2026_99SigEff/model2.5_fin_results/model2_5_6bit_normalised_selected/pareto_secondary/hls_outputs_vsynth/hls_model_trial_022/myproject_prj/solution1/syn/vhdl/myproject_dense_resource_ap_ufixed_8_0_4_0_0_ap_fixed_16_6_5_3_0_config24_s.vhd:49]
INFO: [Synth 8-638] synthesizing module 'myproject_relu_ap_fixed_16_6_5_3_0_ap_ufixed_8_0_4_0_0_relu_config26_s' [/home/dabadjiev/smartpixels_ml_dsabadjiev/Muon_Collider_Smart_Pixels/eric/Results_June2026_99SigEff/model2.5_fin_results/model2_5_6bit_normalised_selected/pareto_secondary/hls_outputs_vsynth/hls_model_trial_022/myproject_prj/solution1/syn/vhdl/myproject_relu_ap_fixed_16_6_5_3_0_ap_ufixed_8_0_4_0_0_relu_config26_s.vhd:32]
INFO: [Synth 8-256] done synthesizing module 'myproject_relu_ap_fixed_16_6_5_3_0_ap_ufixed_8_0_4_0_0_relu_config26_s' (0#1) [/home/dabadjiev/smartpixels_ml_dsabadjiev/Muon_Collider_Smart_Pixels/eric/Results_June2026_99SigEff/model2.5_fin_results/model2_5_6bit_normalised_selected/pareto_secondary/hls_outputs_vsynth/hls_model_trial_022/myproject_prj/solution1/syn/vhdl/myproject_relu_ap_fixed_16_6_5_3_0_ap_ufixed_8_0_4_0_0_relu_config26_s.vhd:32]
INFO: [Synth 8-638] synthesizing module 'myproject_dense_resource_ap_ufixed_8_0_4_0_0_ap_fixed_16_6_5_3_0_config27_s' [/home/dabadjiev/smartpixels_ml_dsabadjiev/Muon_Collider_Smart_Pixels/eric/Results_June2026_99SigEff/model2.5_fin_results/model2_5_6bit_normalised_selected/pareto_secondary/hls_outputs_vsynth/hls_model_trial_022/myproject_prj/solution1/syn/vhdl/myproject_dense_resource_ap_ufixed_8_0_4_0_0_ap_fixed_16_6_5_3_0_config27_s.vhd:32]
	Parameter ID bound to: 1 - type: integer 
	Parameter NUM_STAGE bound to: 1 - type: integer 
	Parameter CASE0 bound to: 2'b00 
	Parameter din0_WIDTH bound to: 8 - type: integer 
	Parameter CASE1 bound to: 2'b01 
	Parameter din1_WIDTH bound to: 8 - type: integer 
	Parameter CASE2 bound to: 2'b10 
	Parameter din2_WIDTH bound to: 8 - type: integer 
	Parameter CASE3 bound to: 2'b11 
	Parameter din3_WIDTH bound to: 8 - type: integer 
	Parameter def_WIDTH bound to: 8 - type: integer 
	Parameter sel_WIDTH bound to: 2 - type: integer 
	Parameter dout_WIDTH bound to: 8 - type: integer 
INFO: [Synth 8-638] synthesizing module 'myproject_sparsemux_9_2_8_1_1' [/home/dabadjiev/smartpixels_ml_dsabadjiev/Muon_Collider_Smart_Pixels/eric/Results_June2026_99SigEff/model2.5_fin_results/model2_5_6bit_normalised_selected/pareto_secondary/hls_outputs_vsynth/hls_model_trial_022/myproject_prj/solution1/syn/vhdl/myproject_sparsemux_9_2_8_1_1.vhd:55]
	Parameter din0_WIDTH bound to: 8 - type: integer 
	Parameter din1_WIDTH bound to: 8 - type: integer 
	Parameter din2_WIDTH bound to: 8 - type: integer 
	Parameter din3_WIDTH bound to: 8 - type: integer 
	Parameter def_WIDTH bound to: 8 - type: integer 
	Parameter sel_WIDTH bound to: 2 - type: integer 
	Parameter dout_WIDTH bound to: 8 - type: integer 
	Parameter CASE0 bound to: 2'b00 
	Parameter CASE1 bound to: 2'b01 
	Parameter CASE2 bound to: 2'b10 
	Parameter CASE3 bound to: 2'b11 
	Parameter ID bound to: 1 - type: integer 
	Parameter NUM_STAGE bound to: 1 - type: integer 
INFO: [Synth 8-226] default block is never used [/home/dabadjiev/smartpixels_ml_dsabadjiev/Muon_Collider_Smart_Pixels/eric/Results_June2026_99SigEff/model2.5_fin_results/model2_5_6bit_normalised_selected/pareto_secondary/hls_outputs_vsynth/hls_model_trial_022/myproject_prj/solution1/syn/vhdl/myproject_sparsemux_9_2_8_1_1.vhd:63]
INFO: [Synth 8-256] done synthesizing module 'myproject_sparsemux_9_2_8_1_1' (0#1) [/home/dabadjiev/smartpixels_ml_dsabadjiev/Muon_Collider_Smart_Pixels/eric/Results_June2026_99SigEff/model2.5_fin_results/model2_5_6bit_normalised_selected/pareto_secondary/hls_outputs_vsynth/hls_model_trial_022/myproject_prj/solution1/syn/vhdl/myproject_sparsemux_9_2_8_1_1.vhd:55]
	Parameter ID bound to: 1 - type: integer 
	Parameter NUM_STAGE bound to: 1 - type: integer 
	Parameter din0_WIDTH bound to: 8 - type: integer 
	Parameter din1_WIDTH bound to: 6 - type: integer 
	Parameter dout_WIDTH bound to: 14 - type: integer 
INFO: [Synth 8-256] done synthesizing module 'myproject_dense_resource_ap_ufixed_8_0_4_0_0_ap_fixed_16_6_5_3_0_config27_s' (0#1) [/home/dabadjiev/smartpixels_ml_dsabadjiev/Muon_Collider_Smart_Pixels/eric/Results_June2026_99SigEff/model2.5_fin_results/model2_5_6bit_normalised_selected/pareto_secondary/hls_outputs_vsynth/hls_model_trial_022/myproject_prj/solution1/syn/vhdl/myproject_dense_resource_ap_ufixed_8_0_4_0_0_ap_fixed_16_6_5_3_0_config27_s.vhd:32]
INFO: [Synth 8-638] synthesizing module 'myproject_hard_sigmoid_ap_fixed_ap_ufixed_8_0_4_0_0_hard_sigmoid_config29_s' [/home/dabadjiev/smartpixels_ml_dsabadjiev/Muon_Collider_Smart_Pixels/eric/Results_June2026_99SigEff/model2.5_fin_results/model2_5_6bit_normalised_selected/pareto_secondary/hls_outputs_vsynth/hls_model_trial_022/myproject_prj/solution1/syn/vhdl/myproject_hard_sigmoid_ap_fixed_ap_ufixed_8_0_4_0_0_hard_sigmoid_config29_s.vhd:26]
INFO: [Synth 8-256] done synthesizing module 'myproject_hard_sigmoid_ap_fixed_ap_ufixed_8_0_4_0_0_hard_sigmoid_config29_s' (0#1) [/home/dabadjiev/smartpixels_ml_dsabadjiev/Muon_Collider_Smart_Pixels/eric/Results_June2026_99SigEff/model2.5_fin_results/model2_5_6bit_normalised_selected/pareto_secondary/hls_outputs_vsynth/hls_model_trial_022/myproject_prj/solution1/syn/vhdl/myproject_hard_sigmoid_ap_fixed_ap_ufixed_8_0_4_0_0_hard_sigmoid_config29_s.vhd:26]
INFO: [Synth 8-638] synthesizing module 'myproject_fifo_w8_d2_S' [/home/dabadjiev/smartpixels_ml_dsabadjiev/Muon_Collider_Smart_Pixels/eric/Results_June2026_99SigEff/model2.5_fin_results/model2_5_6bit_normalised_selected/pareto_secondary/hls_outputs_vsynth/hls_model_trial_022/myproject_prj/solution1/syn/vhdl/myproject_fifo_w8_d2_S.vhd:40]
	Parameter DATA_WIDTH bound to: 8 - type: integer 
	Parameter ADDR_WIDTH bound to: 2 - type: integer 
	Parameter DEPTH bound to: 2 - type: integer 
INFO: [Synth 8-638] synthesizing module 'myproject_fifo_w8_d2_S_ShiftReg' [/home/dabadjiev/smartpixels_ml_dsabadjiev/Muon_Collider_Smart_Pixels/eric/Results_June2026_99SigEff/model2.5_fin_results/model2_5_6bit_normalised_selected/pareto_secondary/hls_outputs_vsynth/hls_model_trial_022/myproject_prj/solution1/syn/vhdl/myproject_fifo_w8_d2_S.vhd:179]
	Parameter DATA_WIDTH bound to: 8 - type: integer 
	Parameter ADDR_WIDTH bound to: 2 - type: integer 
	Parameter DEPTH bound to: 2 - type: integer 
INFO: [Synth 8-256] done synthesizing module 'myproject_fifo_w8_d2_S_ShiftReg' (0#1) [/home/dabadjiev/smartpixels_ml_dsabadjiev/Muon_Collider_Smart_Pixels/eric/Results_June2026_99SigEff/model2.5_fin_results/model2_5_6bit_normalised_selected/pareto_secondary/hls_outputs_vsynth/hls_model_trial_022/myproject_prj/solution1/syn/vhdl/myproject_fifo_w8_d2_S.vhd:179]
INFO: [Synth 8-256] done synthesizing module 'myproject_fifo_w8_d2_S' (0#1) [/home/dabadjiev/smartpixels_ml_dsabadjiev/Muon_Collider_Smart_Pixels/eric/Results_June2026_99SigEff/model2.5_fin_results/model2_5_6bit_normalised_selected/pareto_secondary/hls_outputs_vsynth/hls_model_trial_022/myproject_prj/solution1/syn/vhdl/myproject_fifo_w8_d2_S.vhd:40]
INFO: [Synth 8-638] synthesizing module 'myproject_fifo_w11_d2_S' [/home/dabadjiev/smartpixels_ml_dsabadjiev/Muon_Collider_Smart_Pixels/eric/Results_June2026_99SigEff/model2.5_fin_results/model2_5_6bit_normalised_selected/pareto_secondary/hls_outputs_vsynth/hls_model_trial_022/myproject_prj/solution1/syn/vhdl/myproject_fifo_w11_d2_S.vhd:40]
	Parameter DATA_WIDTH bound to: 11 - type: integer 
	Parameter ADDR_WIDTH bound to: 2 - type: integer 
	Parameter DEPTH bound to: 2 - type: integer 
INFO: [Synth 8-638] synthesizing module 'myproject_fifo_w11_d2_S_ShiftReg' [/home/dabadjiev/smartpixels_ml_dsabadjiev/Muon_Collider_Smart_Pixels/eric/Results_June2026_99SigEff/model2.5_fin_results/model2_5_6bit_normalised_selected/pareto_secondary/hls_outputs_vsynth/hls_model_trial_022/myproject_prj/solution1/syn/vhdl/myproject_fifo_w11_d2_S.vhd:179]
	Parameter DATA_WIDTH bound to: 11 - type: integer 
	Parameter ADDR_WIDTH bound to: 2 - type: integer 
	Parameter DEPTH bound to: 2 - type: integer 
INFO: [Synth 8-256] done synthesizing module 'myproject_fifo_w11_d2_S_ShiftReg' (0#1) [/home/dabadjiev/smartpixels_ml_dsabadjiev/Muon_Collider_Smart_Pixels/eric/Results_June2026_99SigEff/model2.5_fin_results/model2_5_6bit_normalised_selected/pareto_secondary/hls_outputs_vsynth/hls_model_trial_022/myproject_prj/solution1/syn/vhdl/myproject_fifo_w11_d2_S.vhd:179]
INFO: [Synth 8-256] done synthesizing module 'myproject_fifo_w11_d2_S' (0#1) [/home/dabadjiev/smartpixels_ml_dsabadjiev/Muon_Collider_Smart_Pixels/eric/Results_June2026_99SigEff/model2.5_fin_results/model2_5_6bit_normalised_selected/pareto_secondary/hls_outputs_vsynth/hls_model_trial_022/myproject_prj/solution1/syn/vhdl/myproject_fifo_w11_d2_S.vhd:40]
INFO: [Synth 8-638] synthesizing module 'myproject_fifo_w8_d3_S' [/home/dabadjiev/smartpixels_ml_dsabadjiev/Muon_Collider_Smart_Pixels/eric/Results_June2026_99SigEff/model2.5_fin_results/model2_5_6bit_normalised_selected/pareto_secondary/hls_outputs_vsynth/hls_model_trial_022/myproject_prj/solution1/syn/vhdl/myproject_fifo_w8_d3_S.vhd:40]
	Parameter DATA_WIDTH bound to: 8 - type: integer 
	Parameter ADDR_WIDTH bound to: 2 - type: integer 
	Parameter DEPTH bound to: 3 - type: integer 
INFO: [Synth 8-638] synthesizing module 'myproject_fifo_w8_d3_S_ShiftReg' [/home/dabadjiev/smartpixels_ml_dsabadjiev/Muon_Collider_Smart_Pixels/eric/Results_June2026_99SigEff/model2.5_fin_results/model2_5_6bit_normalised_selected/pareto_secondary/hls_outputs_vsynth/hls_model_trial_022/myproject_prj/solution1/syn/vhdl/myproject_fifo_w8_d3_S.vhd:179]
	Parameter DATA_WIDTH bound to: 8 - type: integer 
	Parameter ADDR_WIDTH bound to: 2 - type: integer 
	Parameter DEPTH bound to: 3 - type: integer 
INFO: [Synth 8-256] done synthesizing module 'myproject_fifo_w8_d3_S_ShiftReg' (0#1) [/home/dabadjiev/smartpixels_ml_dsabadjiev/Muon_Collider_Smart_Pixels/eric/Results_June2026_99SigEff/model2.5_fin_results/model2_5_6bit_normalised_selected/pareto_secondary/hls_outputs_vsynth/hls_model_trial_022/myproject_prj/solution1/syn/vhdl/myproject_fifo_w8_d3_S.vhd:179]
INFO: [Synth 8-256] done synthesizing module 'myproject_fifo_w8_d3_S' (0#1) [/home/dabadjiev/smartpixels_ml_dsabadjiev/Muon_Collider_Smart_Pixels/eric/Results_June2026_99SigEff/model2.5_fin_results/model2_5_6bit_normalised_selected/pareto_secondary/hls_outputs_vsynth/hls_model_trial_022/myproject_prj/solution1/syn/vhdl/myproject_fifo_w8_d3_S.vhd:40]
INFO: [Synth 8-638] synthesizing module 'myproject_fifo_w16_d2_S' [/home/dabadjiev/smartpixels_ml_dsabadjiev/Muon_Collider_Smart_Pixels/eric/Results_June2026_99SigEff/model2.5_fin_results/model2_5_6bit_normalised_selected/pareto_secondary/hls_outputs_vsynth/hls_model_trial_022/myproject_prj/solution1/syn/vhdl/myproject_fifo_w16_d2_S.vhd:40]
	Parameter DATA_WIDTH bound to: 16 - type: integer 
	Parameter ADDR_WIDTH bound to: 2 - type: integer 
	Parameter DEPTH bound to: 2 - type: integer 
INFO: [Synth 8-638] synthesizing module 'myproject_fifo_w16_d2_S_ShiftReg' [/home/dabadjiev/smartpixels_ml_dsabadjiev/Muon_Collider_Smart_Pixels/eric/Results_June2026_99SigEff/model2.5_fin_results/model2_5_6bit_normalised_selected/pareto_secondary/hls_outputs_vsynth/hls_model_trial_022/myproject_prj/solution1/syn/vhdl/myproject_fifo_w16_d2_S.vhd:179]
	Parameter DATA_WIDTH bound to: 16 - type: integer 
	Parameter ADDR_WIDTH bound to: 2 - type: integer 
	Parameter DEPTH bound to: 2 - type: integer 
INFO: [Synth 8-256] done synthesizing module 'myproject_fifo_w16_d2_S_ShiftReg' (0#1) [/home/dabadjiev/smartpixels_ml_dsabadjiev/Muon_Collider_Smart_Pixels/eric/Results_June2026_99SigEff/model2.5_fin_results/model2_5_6bit_normalised_selected/pareto_secondary/hls_outputs_vsynth/hls_model_trial_022/myproject_prj/solution1/syn/vhdl/myproject_fifo_w16_d2_S.vhd:179]
INFO: [Synth 8-256] done synthesizing module 'myproject_fifo_w16_d2_S' (0#1) [/home/dabadjiev/smartpixels_ml_dsabadjiev/Muon_Collider_Smart_Pixels/eric/Results_June2026_99SigEff/model2.5_fin_results/model2_5_6bit_normalised_selected/pareto_secondary/hls_outputs_vsynth/hls_model_trial_022/myproject_prj/solution1/syn/vhdl/myproject_fifo_w16_d2_S.vhd:40]
INFO: [Synth 8-638] synthesizing module 'myproject_fifo_w10_d2_S' [/home/dabadjiev/smartpixels_ml_dsabadjiev/Muon_Collider_Smart_Pixels/eric/Results_June2026_99SigEff/model2.5_fin_results/model2_5_6bit_normalised_selected/pareto_secondary/hls_outputs_vsynth/hls_model_trial_022/myproject_prj/solution1/syn/vhdl/myproject_fifo_w10_d2_S.vhd:40]
	Parameter DATA_WIDTH bound to: 10 - type: integer 
	Parameter ADDR_WIDTH bound to: 2 - type: integer 
	Parameter DEPTH bound to: 2 - type: integer 
INFO: [Synth 8-638] synthesizing module 'myproject_fifo_w10_d2_S_ShiftReg' [/home/dabadjiev/smartpixels_ml_dsabadjiev/Muon_Collider_Smart_Pixels/eric/Results_June2026_99SigEff/model2.5_fin_results/model2_5_6bit_normalised_selected/pareto_secondary/hls_outputs_vsynth/hls_model_trial_022/myproject_prj/solution1/syn/vhdl/myproject_fifo_w10_d2_S.vhd:179]
	Parameter DATA_WIDTH bound to: 10 - type: integer 
	Parameter ADDR_WIDTH bound to: 2 - type: integer 
	Parameter DEPTH bound to: 2 - type: integer 
INFO: [Synth 8-256] done synthesizing module 'myproject_fifo_w10_d2_S_ShiftReg' (0#1) [/home/dabadjiev/smartpixels_ml_dsabadjiev/Muon_Collider_Smart_Pixels/eric/Results_June2026_99SigEff/model2.5_fin_results/model2_5_6bit_normalised_selected/pareto_secondary/hls_outputs_vsynth/hls_model_trial_022/myproject_prj/solution1/syn/vhdl/myproject_fifo_w10_d2_S.vhd:179]
INFO: [Synth 8-256] done synthesizing module 'myproject_fifo_w10_d2_S' (0#1) [/home/dabadjiev/smartpixels_ml_dsabadjiev/Muon_Collider_Smart_Pixels/eric/Results_June2026_99SigEff/model2.5_fin_results/model2_5_6bit_normalised_selected/pareto_secondary/hls_outputs_vsynth/hls_model_trial_022/myproject_prj/solution1/syn/vhdl/myproject_fifo_w10_d2_S.vhd:40]
INFO: [Synth 8-638] synthesizing module 'myproject_fifo_w15_d2_S' [/home/dabadjiev/smartpixels_ml_dsabadjiev/Muon_Collider_Smart_Pixels/eric/Results_June2026_99SigEff/model2.5_fin_results/model2_5_6bit_normalised_selected/pareto_secondary/hls_outputs_vsynth/hls_model_trial_022/myproject_prj/solution1/syn/vhdl/myproject_fifo_w15_d2_S.vhd:40]
	Parameter DATA_WIDTH bound to: 15 - type: integer 
	Parameter ADDR_WIDTH bound to: 2 - type: integer 
	Parameter DEPTH bound to: 2 - type: integer 
INFO: [Synth 8-638] synthesizing module 'myproject_fifo_w15_d2_S_ShiftReg' [/home/dabadjiev/smartpixels_ml_dsabadjiev/Muon_Collider_Smart_Pixels/eric/Results_June2026_99SigEff/model2.5_fin_results/model2_5_6bit_normalised_selected/pareto_secondary/hls_outputs_vsynth/hls_model_trial_022/myproject_prj/solution1/syn/vhdl/myproject_fifo_w15_d2_S.vhd:179]
	Parameter DATA_WIDTH bound to: 15 - type: integer 
	Parameter ADDR_WIDTH bound to: 2 - type: integer 
	Parameter DEPTH bound to: 2 - type: integer 
INFO: [Synth 8-256] done synthesizing module 'myproject_fifo_w15_d2_S_ShiftReg' (0#1) [/home/dabadjiev/smartpixels_ml_dsabadjiev/Muon_Collider_Smart_Pixels/eric/Results_June2026_99SigEff/model2.5_fin_results/model2_5_6bit_normalised_selected/pareto_secondary/hls_outputs_vsynth/hls_model_trial_022/myproject_prj/solution1/syn/vhdl/myproject_fifo_w15_d2_S.vhd:179]
INFO: [Synth 8-256] done synthesizing module 'myproject_fifo_w15_d2_S' (0#1) [/home/dabadjiev/smartpixels_ml_dsabadjiev/Muon_Collider_Smart_Pixels/eric/Results_June2026_99SigEff/model2.5_fin_results/model2_5_6bit_normalised_selected/pareto_secondary/hls_outputs_vsynth/hls_model_trial_022/myproject_prj/solution1/syn/vhdl/myproject_fifo_w15_d2_S.vhd:40]
INFO: [Synth 8-638] synthesizing module 'myproject_fifo_w14_d2_S' [/home/dabadjiev/smartpixels_ml_dsabadjiev/Muon_Collider_Smart_Pixels/eric/Results_June2026_99SigEff/model2.5_fin_results/model2_5_6bit_normalised_selected/pareto_secondary/hls_outputs_vsynth/hls_model_trial_022/myproject_prj/solution1/syn/vhdl/myproject_fifo_w14_d2_S.vhd:40]
	Parameter DATA_WIDTH bound to: 14 - type: integer 
	Parameter ADDR_WIDTH bound to: 2 - type: integer 
	Parameter DEPTH bound to: 2 - type: integer 
INFO: [Synth 8-638] synthesizing module 'myproject_fifo_w14_d2_S_ShiftReg' [/home/dabadjiev/smartpixels_ml_dsabadjiev/Muon_Collider_Smart_Pixels/eric/Results_June2026_99SigEff/model2.5_fin_results/model2_5_6bit_normalised_selected/pareto_secondary/hls_outputs_vsynth/hls_model_trial_022/myproject_prj/solution1/syn/vhdl/myproject_fifo_w14_d2_S.vhd:179]
	Parameter DATA_WIDTH bound to: 14 - type: integer 
	Parameter ADDR_WIDTH bound to: 2 - type: integer 
	Parameter DEPTH bound to: 2 - type: integer 
INFO: [Synth 8-256] done synthesizing module 'myproject_fifo_w14_d2_S_ShiftReg' (0#1) [/home/dabadjiev/smartpixels_ml_dsabadjiev/Muon_Collider_Smart_Pixels/eric/Results_June2026_99SigEff/model2.5_fin_results/model2_5_6bit_normalised_selected/pareto_secondary/hls_outputs_vsynth/hls_model_trial_022/myproject_prj/solution1/syn/vhdl/myproject_fifo_w14_d2_S.vhd:179]
INFO: [Synth 8-256] done synthesizing module 'myproject_fifo_w14_d2_S' (0#1) [/home/dabadjiev/smartpixels_ml_dsabadjiev/Muon_Collider_Smart_Pixels/eric/Results_June2026_99SigEff/model2.5_fin_results/model2_5_6bit_normalised_selected/pareto_secondary/hls_outputs_vsynth/hls_model_trial_022/myproject_prj/solution1/syn/vhdl/myproject_fifo_w14_d2_S.vhd:40]
INFO: [Synth 8-256] done synthesizing module 'myproject' (0#1) [/home/dabadjiev/smartpixels_ml_dsabadjiev/Muon_Collider_Smart_Pixels/eric/Results_June2026_99SigEff/model2.5_fin_results/model2_5_6bit_normalised_selected/pareto_secondary/hls_outputs_vsynth/hls_model_trial_022/myproject_prj/solution1/syn/vhdl/myproject.vhd:131]
WARNING: [Synth 8-3917] design myproject has port w14_d0[7] driven by constant 0
WARNING: [Synth 8-3917] design myproject has port w14_d0[6] driven by constant 0
WARNING: [Synth 8-3917] design myproject has port w14_d0[5] driven by constant 0
WARNING: [Synth 8-3917] design myproject has port w14_d0[4] driven by constant 0
WARNING: [Synth 8-3917] design myproject has port w14_d0[3] driven by constant 0
WARNING: [Synth 8-3917] design myproject has port w14_d0[2] driven by constant 0
WARNING: [Synth 8-3917] design myproject has port w14_d0[1] driven by constant 0
WARNING: [Synth 8-3917] design myproject has port w14_d0[0] driven by constant 0
WARNING: [Synth 8-3917] design myproject has port w14_we0 driven by constant 0
WARNING: [Synth 8-3917] design myproject has port w14_d1[7] driven by constant 0
WARNING: [Synth 8-3917] design myproject has port w14_d1[6] driven by constant 0
WARNING: [Synth 8-3917] design myproject has port w14_d1[5] driven by constant 0
WARNING: [Synth 8-3917] design myproject has port w14_d1[4] driven by constant 0
WARNING: [Synth 8-3917] design myproject has port w14_d1[3] driven by constant 0
WARNING: [Synth 8-3917] design myproject has port w14_d1[2] driven by constant 0
WARNING: [Synth 8-3917] design myproject has port w14_d1[1] driven by constant 0
WARNING: [Synth 8-3917] design myproject has port w14_d1[0] driven by constant 0
WARNING: [Synth 8-3917] design myproject has port w14_we1 driven by constant 0
WARNING: [Synth 8-3917] design myproject has port w16_d0[5] driven by constant 0
WARNING: [Synth 8-3917] design myproject has port w16_d0[4] driven by constant 0
WARNING: [Synth 8-3917] design myproject has port w16_d0[3] driven by constant 0
WARNING: [Synth 8-3917] design myproject has port w16_d0[2] driven by constant 0
WARNING: [Synth 8-3917] design myproject has port w16_d0[1] driven by constant 0
WARNING: [Synth 8-3917] design myproject has port w16_d0[0] driven by constant 0
WARNING: [Synth 8-3917] design myproject has port w16_we0 driven by constant 0
WARNING: [Synth 8-3917] design myproject has port w16_address1[3] driven by constant 0
WARNING: [Synth 8-3917] design myproject has port w16_address1[2] driven by constant 0
WARNING: [Synth 8-3917] design myproject has port w16_address1[1] driven by constant 0
WARNING: [Synth 8-3917] design myproject has port w16_address1[0] driven by constant 0
WARNING: [Synth 8-3917] design myproject has port w16_ce1 driven by constant 0
WARNING: [Synth 8-3917] design myproject has port w16_d1[5] driven by constant 0
WARNING: [Synth 8-3917] design myproject has port w16_d1[4] driven by constant 0
WARNING: [Synth 8-3917] design myproject has port w16_d1[3] driven by constant 0
WARNING: [Synth 8-3917] design myproject has port w16_d1[2] driven by constant 0
WARNING: [Synth 8-3917] design myproject has port w16_d1[1] driven by constant 0
WARNING: [Synth 8-3917] design myproject has port w16_d1[0] driven by constant 0
WARNING: [Synth 8-3917] design myproject has port w16_we1 driven by constant 0
WARNING: [Synth 8-3917] design myproject has port w21_d0[7] driven by constant 0
WARNING: [Synth 8-3917] design myproject has port w21_d0[6] driven by constant 0
WARNING: [Synth 8-3917] design myproject has port w21_d0[5] driven by constant 0
WARNING: [Synth 8-3917] design myproject has port w21_d0[4] driven by constant 0
WARNING: [Synth 8-3917] design myproject has port w21_d0[3] driven by constant 0
WARNING: [Synth 8-3917] design myproject has port w21_d0[2] driven by constant 0
WARNING: [Synth 8-3917] design myproject has port w21_d0[1] driven by constant 0
WARNING: [Synth 8-3917] design myproject has port w21_d0[0] driven by constant 0
WARNING: [Synth 8-3917] design myproject has port w21_we0 driven by constant 0
WARNING: [Synth 8-3917] design myproject has port w21_d1[7] driven by constant 0
WARNING: [Synth 8-3917] design myproject has port w21_d1[6] driven by constant 0
WARNING: [Synth 8-3917] design myproject has port w21_d1[5] driven by constant 0
WARNING: [Synth 8-3917] design myproject has port w21_d1[4] driven by constant 0
WARNING: [Synth 8-3917] design myproject has port w21_d1[3] driven by constant 0
WARNING: [Synth 8-3917] design myproject has port w21_d1[2] driven by constant 0
WARNING: [Synth 8-3917] design myproject has port w21_d1[1] driven by constant 0
WARNING: [Synth 8-3917] design myproject has port w21_d1[0] driven by constant 0
WARNING: [Synth 8-3917] design myproject has port w21_we1 driven by constant 0
WARNING: [Synth 8-3917] design myproject has port w24_d0[7] driven by constant 0
WARNING: [Synth 8-3917] design myproject has port w24_d0[6] driven by constant 0
WARNING: [Synth 8-3917] design myproject has port w24_d0[5] driven by constant 0
WARNING: [Synth 8-3917] design myproject has port w24_d0[4] driven by constant 0
WARNING: [Synth 8-3917] design myproject has port w24_d0[3] driven by constant 0
WARNING: [Synth 8-3917] design myproject has port w24_d0[2] driven by constant 0
WARNING: [Synth 8-3917] design myproject has port w24_d0[1] driven by constant 0
WARNING: [Synth 8-3917] design myproject has port w24_d0[0] driven by constant 0
WARNING: [Synth 8-3917] design myproject has port w24_we0 driven by constant 0
WARNING: [Synth 8-3917] design myproject has port w24_d1[7] driven by constant 0
WARNING: [Synth 8-3917] design myproject has port w24_d1[6] driven by constant 0
WARNING: [Synth 8-3917] design myproject has port w24_d1[5] driven by constant 0
WARNING: [Synth 8-3917] design myproject has port w24_d1[4] driven by constant 0
WARNING: [Synth 8-3917] design myproject has port w24_d1[3] driven by constant 0
WARNING: [Synth 8-3917] design myproject has port w24_d1[2] driven by constant 0
WARNING: [Synth 8-3917] design myproject has port w24_d1[1] driven by constant 0
WARNING: [Synth 8-3917] design myproject has port w24_d1[0] driven by constant 0
WARNING: [Synth 8-3917] design myproject has port w24_we1 driven by constant 0
WARNING: [Synth 8-3917] design myproject has port w27_d0[5] driven by constant 0
WARNING: [Synth 8-3917] design myproject has port w27_d0[4] driven by constant 0
WARNING: [Synth 8-3917] design myproject has port w27_d0[3] driven by constant 0
WARNING: [Synth 8-3917] design myproject has port w27_d0[2] driven by constant 0
WARNING: [Synth 8-3917] design myproject has port w27_d0[1] driven by constant 0
WARNING: [Synth 8-3917] design myproject has port w27_d0[0] driven by constant 0
WARNING: [Synth 8-3917] design myproject has port w27_we0 driven by constant 0
WARNING: [Synth 8-3917] design myproject has port w27_address1[1] driven by constant 0
WARNING: [Synth 8-3917] design myproject has port w27_address1[0] driven by constant 0
WARNING: [Synth 8-3917] design myproject has port w27_ce1 driven by constant 0
WARNING: [Synth 8-3917] design myproject has port w27_d1[5] driven by constant 0
WARNING: [Synth 8-3917] design myproject has port w27_d1[4] driven by constant 0
WARNING: [Synth 8-3917] design myproject has port w27_d1[3] driven by constant 0
WARNING: [Synth 8-3917] design myproject has port w27_d1[2] driven by constant 0
WARNING: [Synth 8-3917] design myproject has port w27_d1[1] driven by constant 0
WARNING: [Synth 8-3917] design myproject has port w27_d1[0] driven by constant 0
WARNING: [Synth 8-3917] design myproject has port w27_we1 driven by constant 0
WARNING: [Synth 8-7129] Port addr[1] in module myproject_fifo_w14_d2_S_ShiftReg is either unconnected or has no load
WARNING: [Synth 8-7129] Port addr[1] in module myproject_fifo_w8_d2_S_ShiftReg is either unconnected or has no load
WARNING: [Synth 8-7129] Port addr[1] in module myproject_fifo_w15_d2_S_ShiftReg is either unconnected or has no load
WARNING: [Synth 8-7129] Port addr[1] in module myproject_fifo_w16_d2_S_ShiftReg is either unconnected or has no load
WARNING: [Synth 8-7129] Port addr[1] in module myproject_fifo_w10_d2_S_ShiftReg is either unconnected or has no load
WARNING: [Synth 8-7129] Port addr[1] in module myproject_fifo_w11_d2_S_ShiftReg is either unconnected or has no load
WARNING: [Synth 8-7129] Port def[7] in module myproject_sparsemux_9_2_8_1_1 is either unconnected or has no load
WARNING: [Synth 8-7129] Port def[6] in module myproject_sparsemux_9_2_8_1_1 is either unconnected or has no load
WARNING: [Synth 8-7129] Port def[5] in module myproject_sparsemux_9_2_8_1_1 is either unconnected or has no load
WARNING: [Synth 8-7129] Port def[4] in module myproject_sparsemux_9_2_8_1_1 is either unconnected or has no load
WARNING: [Synth 8-7129] Port def[3] in module myproject_sparsemux_9_2_8_1_1 is either unconnected or has no load
WARNING: [Synth 8-7129] Port def[2] in module myproject_sparsemux_9_2_8_1_1 is either unconnected or has no load
WARNING: [Synth 8-7129] Port def[1] in module myproject_sparsemux_9_2_8_1_1 is either unconnected or has no load
WARNING: [Synth 8-7129] Port def[0] in module myproject_sparsemux_9_2_8_1_1 is either unconnected or has no load
WARNING: [Synth 8-7129] Port w24_q0[7] in module myproject_dense_resource_ap_ufixed_8_0_4_0_0_ap_fixed_16_6_5_3_0_config24_s is either unconnected or has no load
WARNING: [Synth 8-7129] Port w24_q0[6] in module myproject_dense_resource_ap_ufixed_8_0_4_0_0_ap_fixed_16_6_5_3_0_config24_s is either unconnected or has no load
WARNING: [Synth 8-7129] Port w24_q1[7] in module myproject_dense_resource_ap_ufixed_8_0_4_0_0_ap_fixed_16_6_5_3_0_config24_s is either unconnected or has no load
WARNING: [Synth 8-7129] Port w24_q1[6] in module myproject_dense_resource_ap_ufixed_8_0_4_0_0_ap_fixed_16_6_5_3_0_config24_s is either unconnected or has no load
WARNING: [Synth 8-7129] Port w21_q0[7] in module myproject_dense_resource_ap_fixed_16_6_5_3_0_ap_fixed_16_6_5_3_0_config21_s is either unconnected or has no load
WARNING: [Synth 8-7129] Port w21_q0[6] in module myproject_dense_resource_ap_fixed_16_6_5_3_0_ap_fixed_16_6_5_3_0_config21_s is either unconnected or has no load
WARNING: [Synth 8-7129] Port w21_q1[7] in module myproject_dense_resource_ap_fixed_16_6_5_3_0_ap_fixed_16_6_5_3_0_config21_s is either unconnected or has no load
WARNING: [Synth 8-7129] Port w21_q1[6] in module myproject_dense_resource_ap_fixed_16_6_5_3_0_ap_fixed_16_6_5_3_0_config21_s is either unconnected or has no load
WARNING: [Synth 8-7129] Port reset in module myproject_dense_resource_ap_fixed_16_6_5_3_0_ap_fixed_16_6_5_3_0_config16_s_outidx_i_RObkb is either unconnected or has no load
WARNING: [Synth 8-7129] Port w14_q0[7] in module myproject_dense_resource_ap_fixed_16_6_5_3_0_ap_fixed_16_6_5_3_0_config14_s is either unconnected or has no load
WARNING: [Synth 8-7129] Port w14_q0[6] in module myproject_dense_resource_ap_fixed_16_6_5_3_0_ap_fixed_16_6_5_3_0_config14_s is either unconnected or has no load
WARNING: [Synth 8-7129] Port w14_q1[7] in module myproject_dense_resource_ap_fixed_16_6_5_3_0_ap_fixed_16_6_5_3_0_config14_s is either unconnected or has no load
WARNING: [Synth 8-7129] Port w14_q1[6] in module myproject_dense_resource_ap_fixed_16_6_5_3_0_ap_fixed_16_6_5_3_0_config14_s is either unconnected or has no load
WARNING: [Synth 8-7129] Port w16_q1[5] in module myproject is either unconnected or has no load
WARNING: [Synth 8-7129] Port w16_q1[4] in module myproject is either unconnected or has no load
WARNING: [Synth 8-7129] Port w16_q1[3] in module myproject is either unconnected or has no load
WARNING: [Synth 8-7129] Port w16_q1[2] in module myproject is either unconnected or has no load
WARNING: [Synth 8-7129] Port w16_q1[1] in module myproject is either unconnected or has no load
WARNING: [Synth 8-7129] Port w16_q1[0] in module myproject is either unconnected or has no load
WARNING: [Synth 8-7129] Port w27_q1[5] in module myproject is either unconnected or has no load
WARNING: [Synth 8-7129] Port w27_q1[4] in module myproject is either unconnected or has no load
WARNING: [Synth 8-7129] Port w27_q1[3] in module myproject is either unconnected or has no load
WARNING: [Synth 8-7129] Port w27_q1[2] in module myproject is either unconnected or has no load
WARNING: [Synth 8-7129] Port w27_q1[1] in module myproject is either unconnected or has no load
WARNING: [Synth 8-7129] Port w27_q1[0] in module myproject is either unconnected or has no load
---------------------------------------------------------------------------------
Finished Synthesize : Time (s): cpu = 00:00:10 ; elapsed = 00:00:11 . Memory (MB): peak = 2318.723 ; gain = 638.527 ; free physical = 71388 ; free virtual = 200183
---------------------------------------------------------------------------------
---------------------------------------------------------------------------------
Finished Constraint Validation : Time (s): cpu = 00:00:12 ; elapsed = 00:00:12 . Memory (MB): peak = 2333.566 ; gain = 653.371 ; free physical = 70935 ; free virtual = 199724
---------------------------------------------------------------------------------
---------------------------------------------------------------------------------
Start Loading Part and Timing Information
---------------------------------------------------------------------------------
Loading part: xc7z020clg400-1
---------------------------------------------------------------------------------
INFO: [Device 21-403] Loading part xc7z020clg400-1
Finished Loading Part and Timing Information : Time (s): cpu = 00:00:12 ; elapsed = 00:00:12 . Memory (MB): peak = 2341.570 ; gain = 661.375 ; free physical = 70934 ; free virtual = 199723
---------------------------------------------------------------------------------
WARNING: [Synth 8-3936] Found unconnected internal register 'sext_ln73_28_reg_10520_reg' and it is trimmed from '17' to '11' bits. [/home/dabadjiev/smartpixels_ml_dsabadjiev/Muon_Collider_Smart_Pixels/eric/Results_June2026_99SigEff/model2.5_fin_results/model2_5_6bit_normalised_selected/pareto_secondary/hls_outputs_vsynth/hls_model_trial_022/myproject_prj/solution1/syn/vhdl/myproject_dense_resource_ap_fixed_16_6_5_3_0_ap_fixed_16_6_5_3_0_config14_s.vhd:5471]
WARNING: [Synth 8-3936] Found unconnected internal register 'sext_ln73_reg_10493_reg' and it is trimmed from '17' to '11' bits. [/home/dabadjiev/smartpixels_ml_dsabadjiev/Muon_Collider_Smart_Pixels/eric/Results_June2026_99SigEff/model2.5_fin_results/model2_5_6bit_normalised_selected/pareto_secondary/hls_outputs_vsynth/hls_model_trial_022/myproject_prj/solution1/syn/vhdl/myproject_dense_resource_ap_fixed_16_6_5_3_0_ap_fixed_16_6_5_3_0_config14_s.vhd:5472]
WARNING: [Synth 8-3936] Found unconnected internal register 'sext_ln73_34_reg_9991_reg' and it is trimmed from '17' to '11' bits. [/home/dabadjiev/smartpixels_ml_dsabadjiev/Muon_Collider_Smart_Pixels/eric/Results_June2026_99SigEff/model2.5_fin_results/model2_5_6bit_normalised_selected/pareto_secondary/hls_outputs_vsynth/hls_model_trial_022/myproject_prj/solution1/syn/vhdl/myproject_dense_resource_ap_fixed_16_6_5_3_0_ap_fixed_16_6_5_3_0_config14_s.vhd:5184]
WARNING: [Synth 8-3936] Found unconnected internal register 'sext_ln73_32_reg_9964_reg' and it is trimmed from '17' to '11' bits. [/home/dabadjiev/smartpixels_ml_dsabadjiev/Muon_Collider_Smart_Pixels/eric/Results_June2026_99SigEff/model2.5_fin_results/model2_5_6bit_normalised_selected/pareto_secondary/hls_outputs_vsynth/hls_model_trial_022/myproject_prj/solution1/syn/vhdl/myproject_dense_resource_ap_fixed_16_6_5_3_0_ap_fixed_16_6_5_3_0_config14_s.vhd:5183]
WARNING: [Synth 8-3936] Found unconnected internal register 'sext_ln73_30_reg_10562_reg' and it is trimmed from '17' to '11' bits. [/home/dabadjiev/smartpixels_ml_dsabadjiev/Muon_Collider_Smart_Pixels/eric/Results_June2026_99SigEff/model2.5_fin_results/model2_5_6bit_normalised_selected/pareto_secondary/hls_outputs_vsynth/hls_model_trial_022/myproject_prj/solution1/syn/vhdl/myproject_dense_resource_ap_fixed_16_6_5_3_0_ap_fixed_16_6_5_3_0_config14_s.vhd:5492]
INFO: [Synth 8-4490] FSM extraction disabled for register 'ap_CS_fsm_reg' through user attribute
INFO: [Synth 8-4490] FSM extraction disabled for register 'ap_CS_fsm_reg' through user attribute
INFO: [Synth 8-4490] FSM extraction disabled for register 'ap_CS_fsm_reg' through user attribute
INFO: [Synth 8-4490] FSM extraction disabled for register 'ap_CS_fsm_reg' through user attribute
INFO: [Synth 8-4490] FSM extraction disabled for register 'ap_CS_fsm_reg' through user attribute
INFO: [Synth 8-4490] FSM extraction disabled for register 'ap_CS_fsm_reg' through user attribute
INFO: [Synth 8-4490] FSM extraction disabled for register 'ap_CS_fsm_reg' through user attribute
INFO: [Synth 8-4490] FSM extraction disabled for register 'ap_CS_fsm_reg' through user attribute
INFO: [Synth 8-4490] FSM extraction disabled for register 'ap_CS_fsm_reg' through user attribute
INFO: [Synth 8-4490] FSM extraction disabled for register 'ap_CS_fsm_reg' through user attribute
INFO: [Device 21-9227] Part: xc7z020clg400-1 does not have CEAM library.
---------------------------------------------------------------------------------
Finished RTL Optimization Phase 2 : Time (s): cpu = 00:00:21 ; elapsed = 00:00:17 . Memory (MB): peak = 2427.180 ; gain = 746.984 ; free physical = 68895 ; free virtual = 198898
---------------------------------------------------------------------------------
INFO: [Synth 8-223] decloning instance 'dense_resource_ap_fixed_16_6_5_3_0_ap_fixed_16_6_5_3_0_config14_U0/mul_11s_6s_17_1_1_U84' (myproject_mul_11s_6s_17_1_1) to 'dense_resource_ap_fixed_16_6_5_3_0_ap_fixed_16_6_5_3_0_config14_U0/mul_11s_6s_17_1_1_U86'
INFO: [Synth 8-223] decloning instance 'dense_resource_ap_fixed_16_6_5_3_0_ap_fixed_16_6_5_3_0_config14_U0/mul_11s_6s_17_1_1_U84' (myproject_mul_11s_6s_17_1_1) to 'dense_resource_ap_fixed_16_6_5_3_0_ap_fixed_16_6_5_3_0_config14_U0/mul_11s_6s_17_1_1_U88'
INFO: [Synth 8-223] decloning instance 'dense_resource_ap_fixed_16_6_5_3_0_ap_fixed_16_6_5_3_0_config14_U0/mul_11s_6s_17_1_1_U84' (myproject_mul_11s_6s_17_1_1) to 'dense_resource_ap_fixed_16_6_5_3_0_ap_fixed_16_6_5_3_0_config14_U0/mul_11s_6s_17_1_1_U90'
INFO: [Synth 8-223] decloning instance 'dense_resource_ap_fixed_16_6_5_3_0_ap_fixed_16_6_5_3_0_config14_U0/mul_11s_6s_17_1_1_U84' (myproject_mul_11s_6s_17_1_1) to 'dense_resource_ap_fixed_16_6_5_3_0_ap_fixed_16_6_5_3_0_config14_U0/mul_11s_6s_17_1_1_U92'
INFO: [Synth 8-223] decloning instance 'dense_resource_ap_fixed_16_6_5_3_0_ap_fixed_16_6_5_3_0_config14_U0/mul_11s_6s_17_1_1_U84' (myproject_mul_11s_6s_17_1_1) to 'dense_resource_ap_fixed_16_6_5_3_0_ap_fixed_16_6_5_3_0_config14_U0/mul_11s_6s_17_1_1_U94'
INFO: [Synth 8-223] decloning instance 'dense_resource_ap_fixed_16_6_5_3_0_ap_fixed_16_6_5_3_0_config14_U0/mul_11s_6s_17_1_1_U84' (myproject_mul_11s_6s_17_1_1) to 'dense_resource_ap_fixed_16_6_5_3_0_ap_fixed_16_6_5_3_0_config14_U0/mul_11s_6s_17_1_1_U96'
INFO: [Synth 8-223] decloning instance 'dense_resource_ap_fixed_16_6_5_3_0_ap_fixed_16_6_5_3_0_config14_U0/mul_11s_6s_17_1_1_U84' (myproject_mul_11s_6s_17_1_1) to 'dense_resource_ap_fixed_16_6_5_3_0_ap_fixed_16_6_5_3_0_config14_U0/mul_11s_6s_17_1_1_U98'
INFO: [Synth 8-223] decloning instance 'dense_resource_ap_fixed_16_6_5_3_0_ap_fixed_16_6_5_3_0_config14_U0/mul_11s_6s_17_1_1_U84' (myproject_mul_11s_6s_17_1_1) to 'dense_resource_ap_fixed_16_6_5_3_0_ap_fixed_16_6_5_3_0_config14_U0/mul_11s_6s_17_1_1_U100'
INFO: [Synth 8-223] decloning instance 'dense_resource_ap_fixed_16_6_5_3_0_ap_fixed_16_6_5_3_0_config14_U0/mul_11s_6s_17_1_1_U84' (myproject_mul_11s_6s_17_1_1) to 'dense_resource_ap_fixed_16_6_5_3_0_ap_fixed_16_6_5_3_0_config14_U0/mul_11s_6s_17_1_1_U102'
INFO: [Synth 8-223] decloning instance 'dense_resource_ap_fixed_16_6_5_3_0_ap_fixed_16_6_5_3_0_config14_U0/mul_11s_6s_17_1_1_U84' (myproject_mul_11s_6s_17_1_1) to 'dense_resource_ap_fixed_16_6_5_3_0_ap_fixed_16_6_5_3_0_config14_U0/mul_11s_6s_17_1_1_U104'
INFO: [Synth 8-223] decloning instance 'dense_resource_ap_fixed_16_6_5_3_0_ap_fixed_16_6_5_3_0_config14_U0/mul_11s_6s_17_1_1_U84' (myproject_mul_11s_6s_17_1_1) to 'dense_resource_ap_fixed_16_6_5_3_0_ap_fixed_16_6_5_3_0_config14_U0/mul_11s_6s_17_1_1_U106'
INFO: [Synth 8-223] decloning instance 'dense_resource_ap_fixed_16_6_5_3_0_ap_fixed_16_6_5_3_0_config14_U0/mul_11s_6s_17_1_1_U84' (myproject_mul_11s_6s_17_1_1) to 'dense_resource_ap_fixed_16_6_5_3_0_ap_fixed_16_6_5_3_0_config14_U0/mul_11s_6s_17_1_1_U108'
INFO: [Synth 8-223] decloning instance 'dense_resource_ap_fixed_16_6_5_3_0_ap_fixed_16_6_5_3_0_config14_U0/mul_11s_6s_17_1_1_U84' (myproject_mul_11s_6s_17_1_1) to 'dense_resource_ap_fixed_16_6_5_3_0_ap_fixed_16_6_5_3_0_config14_U0/mul_11s_6s_17_1_1_U110'
INFO: [Synth 8-223] decloning instance 'dense_resource_ap_fixed_16_6_5_3_0_ap_fixed_16_6_5_3_0_config14_U0/mul_11s_6s_17_1_1_U84' (myproject_mul_11s_6s_17_1_1) to 'dense_resource_ap_fixed_16_6_5_3_0_ap_fixed_16_6_5_3_0_config14_U0/mul_11s_6s_17_1_1_U112'
INFO: [Synth 8-223] decloning instance 'dense_resource_ap_fixed_16_6_5_3_0_ap_fixed_16_6_5_3_0_config14_U0/mul_11s_6s_17_1_1_U84' (myproject_mul_11s_6s_17_1_1) to 'dense_resource_ap_fixed_16_6_5_3_0_ap_fixed_16_6_5_3_0_config14_U0/mul_11s_6s_17_1_1_U114'
INFO: [Synth 8-223] decloning instance 'dense_resource_ap_fixed_16_6_5_3_0_ap_fixed_16_6_5_3_0_config14_U0/mul_11s_6s_17_1_1_U84' (myproject_mul_11s_6s_17_1_1) to 'dense_resource_ap_fixed_16_6_5_3_0_ap_fixed_16_6_5_3_0_config14_U0/mul_11s_6s_17_1_1_U116'
INFO: [Synth 8-223] decloning instance 'dense_resource_ap_fixed_16_6_5_3_0_ap_fixed_16_6_5_3_0_config14_U0/mul_11s_6s_17_1_1_U84' (myproject_mul_11s_6s_17_1_1) to 'dense_resource_ap_fixed_16_6_5_3_0_ap_fixed_16_6_5_3_0_config14_U0/mul_11s_6s_17_1_1_U118'
INFO: [Synth 8-223] decloning instance 'dense_resource_ap_fixed_16_6_5_3_0_ap_fixed_16_6_5_3_0_config14_U0/mul_11s_6s_17_1_1_U84' (myproject_mul_11s_6s_17_1_1) to 'dense_resource_ap_fixed_16_6_5_3_0_ap_fixed_16_6_5_3_0_config14_U0/mul_11s_6s_17_1_1_U120'
INFO: [Synth 8-223] decloning instance 'dense_resource_ap_fixed_16_6_5_3_0_ap_fixed_16_6_5_3_0_config14_U0/mul_11s_6s_17_1_1_U84' (myproject_mul_11s_6s_17_1_1) to 'dense_resource_ap_fixed_16_6_5_3_0_ap_fixed_16_6_5_3_0_config14_U0/mul_11s_6s_17_1_1_U122'
INFO: [Synth 8-223] decloning instance 'dense_resource_ap_fixed_16_6_5_3_0_ap_fixed_16_6_5_3_0_config14_U0/mul_11s_6s_17_1_1_U84' (myproject_mul_11s_6s_17_1_1) to 'dense_resource_ap_fixed_16_6_5_3_0_ap_fixed_16_6_5_3_0_config14_U0/mul_11s_6s_17_1_1_U124'
INFO: [Synth 8-223] decloning instance 'dense_resource_ap_fixed_16_6_5_3_0_ap_fixed_16_6_5_3_0_config14_U0/mul_11s_6s_17_1_1_U84' (myproject_mul_11s_6s_17_1_1) to 'dense_resource_ap_fixed_16_6_5_3_0_ap_fixed_16_6_5_3_0_config14_U0/mul_11s_6s_17_1_1_U126'
INFO: [Synth 8-223] decloning instance 'dense_resource_ap_fixed_16_6_5_3_0_ap_fixed_16_6_5_3_0_config14_U0/mul_11s_6s_17_1_1_U84' (myproject_mul_11s_6s_17_1_1) to 'dense_resource_ap_fixed_16_6_5_3_0_ap_fixed_16_6_5_3_0_config14_U0/mul_11s_6s_17_1_1_U128'
INFO: [Synth 8-223] decloning instance 'dense_resource_ap_fixed_16_6_5_3_0_ap_fixed_16_6_5_3_0_config14_U0/mul_11s_6s_17_1_1_U85' (myproject_mul_11s_6s_17_1_1) to 'dense_resource_ap_fixed_16_6_5_3_0_ap_fixed_16_6_5_3_0_config14_U0/mul_11s_6s_17_1_1_U87'
INFO: [Synth 8-223] decloning instance 'dense_resource_ap_fixed_16_6_5_3_0_ap_fixed_16_6_5_3_0_config14_U0/mul_11s_6s_17_1_1_U85' (myproject_mul_11s_6s_17_1_1) to 'dense_resource_ap_fixed_16_6_5_3_0_ap_fixed_16_6_5_3_0_config14_U0/mul_11s_6s_17_1_1_U89'
INFO: [Synth 8-223] decloning instance 'dense_resource_ap_fixed_16_6_5_3_0_ap_fixed_16_6_5_3_0_config14_U0/mul_11s_6s_17_1_1_U85' (myproject_mul_11s_6s_17_1_1) to 'dense_resource_ap_fixed_16_6_5_3_0_ap_fixed_16_6_5_3_0_config14_U0/mul_11s_6s_17_1_1_U91'
INFO: [Synth 8-223] decloning instance 'dense_resource_ap_fixed_16_6_5_3_0_ap_fixed_16_6_5_3_0_config14_U0/mul_11s_6s_17_1_1_U85' (myproject_mul_11s_6s_17_1_1) to 'dense_resource_ap_fixed_16_6_5_3_0_ap_fixed_16_6_5_3_0_config14_U0/mul_11s_6s_17_1_1_U93'
INFO: [Synth 8-223] decloning instance 'dense_resource_ap_fixed_16_6_5_3_0_ap_fixed_16_6_5_3_0_config14_U0/mul_11s_6s_17_1_1_U85' (myproject_mul_11s_6s_17_1_1) to 'dense_resource_ap_fixed_16_6_5_3_0_ap_fixed_16_6_5_3_0_config14_U0/mul_11s_6s_17_1_1_U95'
INFO: [Synth 8-223] decloning instance 'dense_resource_ap_fixed_16_6_5_3_0_ap_fixed_16_6_5_3_0_config14_U0/mul_11s_6s_17_1_1_U85' (myproject_mul_11s_6s_17_1_1) to 'dense_resource_ap_fixed_16_6_5_3_0_ap_fixed_16_6_5_3_0_config14_U0/mul_11s_6s_17_1_1_U97'
INFO: [Synth 8-223] decloning instance 'dense_resource_ap_fixed_16_6_5_3_0_ap_fixed_16_6_5_3_0_config14_U0/mul_11s_6s_17_1_1_U85' (myproject_mul_11s_6s_17_1_1) to 'dense_resource_ap_fixed_16_6_5_3_0_ap_fixed_16_6_5_3_0_config14_U0/mul_11s_6s_17_1_1_U99'
INFO: [Synth 8-223] decloning instance 'dense_resource_ap_fixed_16_6_5_3_0_ap_fixed_16_6_5_3_0_config14_U0/mul_11s_6s_17_1_1_U85' (myproject_mul_11s_6s_17_1_1) to 'dense_resource_ap_fixed_16_6_5_3_0_ap_fixed_16_6_5_3_0_config14_U0/mul_11s_6s_17_1_1_U101'
INFO: [Synth 8-223] decloning instance 'dense_resource_ap_fixed_16_6_5_3_0_ap_fixed_16_6_5_3_0_config14_U0/mul_11s_6s_17_1_1_U85' (myproject_mul_11s_6s_17_1_1) to 'dense_resource_ap_fixed_16_6_5_3_0_ap_fixed_16_6_5_3_0_config14_U0/mul_11s_6s_17_1_1_U103'
INFO: [Synth 8-223] decloning instance 'dense_resource_ap_fixed_16_6_5_3_0_ap_fixed_16_6_5_3_0_config14_U0/mul_11s_6s_17_1_1_U85' (myproject_mul_11s_6s_17_1_1) to 'dense_resource_ap_fixed_16_6_5_3_0_ap_fixed_16_6_5_3_0_config14_U0/mul_11s_6s_17_1_1_U105'
INFO: [Synth 8-223] decloning instance 'dense_resource_ap_fixed_16_6_5_3_0_ap_fixed_16_6_5_3_0_config14_U0/mul_11s_6s_17_1_1_U85' (myproject_mul_11s_6s_17_1_1) to 'dense_resource_ap_fixed_16_6_5_3_0_ap_fixed_16_6_5_3_0_config14_U0/mul_11s_6s_17_1_1_U107'
INFO: [Synth 8-223] decloning instance 'dense_resource_ap_fixed_16_6_5_3_0_ap_fixed_16_6_5_3_0_config14_U0/mul_11s_6s_17_1_1_U85' (myproject_mul_11s_6s_17_1_1) to 'dense_resource_ap_fixed_16_6_5_3_0_ap_fixed_16_6_5_3_0_config14_U0/mul_11s_6s_17_1_1_U109'
INFO: [Synth 8-223] decloning instance 'dense_resource_ap_fixed_16_6_5_3_0_ap_fixed_16_6_5_3_0_config14_U0/mul_11s_6s_17_1_1_U85' (myproject_mul_11s_6s_17_1_1) to 'dense_resource_ap_fixed_16_6_5_3_0_ap_fixed_16_6_5_3_0_config14_U0/mul_11s_6s_17_1_1_U111'
INFO: [Synth 8-223] decloning instance 'dense_resource_ap_fixed_16_6_5_3_0_ap_fixed_16_6_5_3_0_config14_U0/mul_11s_6s_17_1_1_U85' (myproject_mul_11s_6s_17_1_1) to 'dense_resource_ap_fixed_16_6_5_3_0_ap_fixed_16_6_5_3_0_config14_U0/mul_11s_6s_17_1_1_U113'
INFO: [Synth 8-223] decloning instance 'dense_resource_ap_fixed_16_6_5_3_0_ap_fixed_16_6_5_3_0_config14_U0/mul_11s_6s_17_1_1_U85' (myproject_mul_11s_6s_17_1_1) to 'dense_resource_ap_fixed_16_6_5_3_0_ap_fixed_16_6_5_3_0_config14_U0/mul_11s_6s_17_1_1_U115'
INFO: [Synth 8-223] decloning instance 'dense_resource_ap_fixed_16_6_5_3_0_ap_fixed_16_6_5_3_0_config14_U0/mul_11s_6s_17_1_1_U85' (myproject_mul_11s_6s_17_1_1) to 'dense_resource_ap_fixed_16_6_5_3_0_ap_fixed_16_6_5_3_0_config14_U0/mul_11s_6s_17_1_1_U117'
INFO: [Synth 8-223] decloning instance 'dense_resource_ap_fixed_16_6_5_3_0_ap_fixed_16_6_5_3_0_config14_U0/mul_11s_6s_17_1_1_U85' (myproject_mul_11s_6s_17_1_1) to 'dense_resource_ap_fixed_16_6_5_3_0_ap_fixed_16_6_5_3_0_config14_U0/mul_11s_6s_17_1_1_U119'
INFO: [Synth 8-223] decloning instance 'dense_resource_ap_fixed_16_6_5_3_0_ap_fixed_16_6_5_3_0_config14_U0/mul_11s_6s_17_1_1_U85' (myproject_mul_11s_6s_17_1_1) to 'dense_resource_ap_fixed_16_6_5_3_0_ap_fixed_16_6_5_3_0_config14_U0/mul_11s_6s_17_1_1_U121'
INFO: [Synth 8-223] decloning instance 'dense_resource_ap_fixed_16_6_5_3_0_ap_fixed_16_6_5_3_0_config14_U0/mul_11s_6s_17_1_1_U85' (myproject_mul_11s_6s_17_1_1) to 'dense_resource_ap_fixed_16_6_5_3_0_ap_fixed_16_6_5_3_0_config14_U0/mul_11s_6s_17_1_1_U123'
INFO: [Synth 8-223] decloning instance 'dense_resource_ap_fixed_16_6_5_3_0_ap_fixed_16_6_5_3_0_config14_U0/mul_11s_6s_17_1_1_U85' (myproject_mul_11s_6s_17_1_1) to 'dense_resource_ap_fixed_16_6_5_3_0_ap_fixed_16_6_5_3_0_config14_U0/mul_11s_6s_17_1_1_U125'
INFO: [Synth 8-223] decloning instance 'dense_resource_ap_fixed_16_6_5_3_0_ap_fixed_16_6_5_3_0_config14_U0/mul_11s_6s_17_1_1_U85' (myproject_mul_11s_6s_17_1_1) to 'dense_resource_ap_fixed_16_6_5_3_0_ap_fixed_16_6_5_3_0_config14_U0/mul_11s_6s_17_1_1_U127'
INFO: [Synth 8-223] decloning instance 'dense_resource_ap_fixed_16_6_5_3_0_ap_fixed_16_6_5_3_0_config14_U0/mul_11s_6s_17_1_1_U85' (myproject_mul_11s_6s_17_1_1) to 'dense_resource_ap_fixed_16_6_5_3_0_ap_fixed_16_6_5_3_0_config14_U0/mul_11s_6s_17_1_1_U129'
INFO: [Synth 8-223] decloning instance 'dense_resource_ap_fixed_16_6_5_3_0_ap_fixed_16_6_5_3_0_config14_U0/mul_11s_6s_17_1_1_U133' (myproject_mul_11s_6s_17_1_1) to 'dense_resource_ap_fixed_16_6_5_3_0_ap_fixed_16_6_5_3_0_config14_U0/mul_11s_6s_17_1_1_U139'
INFO: [Synth 8-223] decloning instance 'dense_resource_ap_fixed_16_6_5_3_0_ap_fixed_16_6_5_3_0_config14_U0/mul_11s_6s_17_1_1_U133' (myproject_mul_11s_6s_17_1_1) to 'dense_resource_ap_fixed_16_6_5_3_0_ap_fixed_16_6_5_3_0_config14_U0/mul_11s_6s_17_1_1_U145'
INFO: [Synth 8-223] decloning instance 'dense_resource_ap_fixed_16_6_5_3_0_ap_fixed_16_6_5_3_0_config14_U0/mul_11s_6s_17_1_1_U133' (myproject_mul_11s_6s_17_1_1) to 'dense_resource_ap_fixed_16_6_5_3_0_ap_fixed_16_6_5_3_0_config14_U0/mul_11s_6s_17_1_1_U151'
INFO: [Synth 8-223] decloning instance 'dense_resource_ap_fixed_16_6_5_3_0_ap_fixed_16_6_5_3_0_config14_U0/mul_11s_6s_17_1_1_U133' (myproject_mul_11s_6s_17_1_1) to 'dense_resource_ap_fixed_16_6_5_3_0_ap_fixed_16_6_5_3_0_config14_U0/mul_11s_6s_17_1_1_U157'
INFO: [Synth 8-223] decloning instance 'dense_resource_ap_fixed_16_6_5_3_0_ap_fixed_16_6_5_3_0_config14_U0/mul_11s_6s_17_1_1_U133' (myproject_mul_11s_6s_17_1_1) to 'dense_resource_ap_fixed_16_6_5_3_0_ap_fixed_16_6_5_3_0_config14_U0/mul_11s_6s_17_1_1_U163'
INFO: [Synth 8-223] decloning instance 'dense_resource_ap_fixed_16_6_5_3_0_ap_fixed_16_6_5_3_0_config14_U0/mul_11s_6s_17_1_1_U133' (myproject_mul_11s_6s_17_1_1) to 'dense_resource_ap_fixed_16_6_5_3_0_ap_fixed_16_6_5_3_0_config14_U0/mul_11s_6s_17_1_1_U169'
INFO: [Synth 8-223] decloning instance 'dense_resource_ap_fixed_16_6_5_3_0_ap_fixed_16_6_5_3_0_config14_U0/mul_11s_6s_17_1_1_U133' (myproject_mul_11s_6s_17_1_1) to 'dense_resource_ap_fixed_16_6_5_3_0_ap_fixed_16_6_5_3_0_config14_U0/mul_11s_6s_17_1_1_U175'
INFO: [Synth 8-223] decloning instance 'dense_resource_ap_fixed_16_6_5_3_0_ap_fixed_16_6_5_3_0_config14_U0/mul_11s_6s_17_1_1_U133' (myproject_mul_11s_6s_17_1_1) to 'dense_resource_ap_fixed_16_6_5_3_0_ap_fixed_16_6_5_3_0_config14_U0/mul_11s_6s_17_1_1_U181'
INFO: [Synth 8-223] decloning instance 'dense_resource_ap_fixed_16_6_5_3_0_ap_fixed_16_6_5_3_0_config14_U0/mul_11s_6s_17_1_1_U133' (myproject_mul_11s_6s_17_1_1) to 'dense_resource_ap_fixed_16_6_5_3_0_ap_fixed_16_6_5_3_0_config14_U0/mul_11s_6s_17_1_1_U187'
INFO: [Synth 8-223] decloning instance 'dense_resource_ap_fixed_16_6_5_3_0_ap_fixed_16_6_5_3_0_config14_U0/mul_11s_6s_17_1_1_U133' (myproject_mul_11s_6s_17_1_1) to 'dense_resource_ap_fixed_16_6_5_3_0_ap_fixed_16_6_5_3_0_config14_U0/mul_11s_6s_17_1_1_U193'
INFO: [Synth 8-223] decloning instance 'dense_resource_ap_fixed_16_6_5_3_0_ap_fixed_16_6_5_3_0_config14_U0/mul_11s_6s_17_1_1_U133' (myproject_mul_11s_6s_17_1_1) to 'dense_resource_ap_fixed_16_6_5_3_0_ap_fixed_16_6_5_3_0_config14_U0/mul_11s_6s_17_1_1_U199'
INFO: [Synth 8-223] decloning instance 'dense_resource_ap_fixed_16_6_5_3_0_ap_fixed_16_6_5_3_0_config14_U0/mul_11s_6s_17_1_1_U134' (myproject_mul_11s_6s_17_1_1) to 'dense_resource_ap_fixed_16_6_5_3_0_ap_fixed_16_6_5_3_0_config14_U0/mul_11s_6s_17_1_1_U140'
INFO: [Synth 8-223] decloning instance 'dense_resource_ap_fixed_16_6_5_3_0_ap_fixed_16_6_5_3_0_config14_U0/mul_11s_6s_17_1_1_U134' (myproject_mul_11s_6s_17_1_1) to 'dense_resource_ap_fixed_16_6_5_3_0_ap_fixed_16_6_5_3_0_config14_U0/mul_11s_6s_17_1_1_U146'
INFO: [Synth 8-223] decloning instance 'dense_resource_ap_fixed_16_6_5_3_0_ap_fixed_16_6_5_3_0_config14_U0/mul_11s_6s_17_1_1_U134' (myproject_mul_11s_6s_17_1_1) to 'dense_resource_ap_fixed_16_6_5_3_0_ap_fixed_16_6_5_3_0_config14_U0/mul_11s_6s_17_1_1_U152'
INFO: [Synth 8-223] decloning instance 'dense_resource_ap_fixed_16_6_5_3_0_ap_fixed_16_6_5_3_0_config14_U0/mul_11s_6s_17_1_1_U134' (myproject_mul_11s_6s_17_1_1) to 'dense_resource_ap_fixed_16_6_5_3_0_ap_fixed_16_6_5_3_0_config14_U0/mul_11s_6s_17_1_1_U158'
INFO: [Synth 8-223] decloning instance 'dense_resource_ap_fixed_16_6_5_3_0_ap_fixed_16_6_5_3_0_config14_U0/mul_11s_6s_17_1_1_U134' (myproject_mul_11s_6s_17_1_1) to 'dense_resource_ap_fixed_16_6_5_3_0_ap_fixed_16_6_5_3_0_config14_U0/mul_11s_6s_17_1_1_U164'
INFO: [Synth 8-223] decloning instance 'dense_resource_ap_fixed_16_6_5_3_0_ap_fixed_16_6_5_3_0_config14_U0/mul_11s_6s_17_1_1_U134' (myproject_mul_11s_6s_17_1_1) to 'dense_resource_ap_fixed_16_6_5_3_0_ap_fixed_16_6_5_3_0_config14_U0/mul_11s_6s_17_1_1_U170'
INFO: [Synth 8-223] decloning instance 'dense_resource_ap_fixed_16_6_5_3_0_ap_fixed_16_6_5_3_0_config14_U0/mul_11s_6s_17_1_1_U134' (myproject_mul_11s_6s_17_1_1) to 'dense_resource_ap_fixed_16_6_5_3_0_ap_fixed_16_6_5_3_0_config14_U0/mul_11s_6s_17_1_1_U176'
INFO: [Synth 8-223] decloning instance 'dense_resource_ap_fixed_16_6_5_3_0_ap_fixed_16_6_5_3_0_config14_U0/mul_11s_6s_17_1_1_U134' (myproject_mul_11s_6s_17_1_1) to 'dense_resource_ap_fixed_16_6_5_3_0_ap_fixed_16_6_5_3_0_config14_U0/mul_11s_6s_17_1_1_U182'
INFO: [Synth 8-223] decloning instance 'dense_resource_ap_fixed_16_6_5_3_0_ap_fixed_16_6_5_3_0_config14_U0/mul_11s_6s_17_1_1_U134' (myproject_mul_11s_6s_17_1_1) to 'dense_resource_ap_fixed_16_6_5_3_0_ap_fixed_16_6_5_3_0_config14_U0/mul_11s_6s_17_1_1_U188'
INFO: [Synth 8-223] decloning instance 'dense_resource_ap_fixed_16_6_5_3_0_ap_fixed_16_6_5_3_0_config14_U0/mul_11s_6s_17_1_1_U134' (myproject_mul_11s_6s_17_1_1) to 'dense_resource_ap_fixed_16_6_5_3_0_ap_fixed_16_6_5_3_0_config14_U0/mul_11s_6s_17_1_1_U194'
INFO: [Synth 8-223] decloning instance 'dense_resource_ap_fixed_16_6_5_3_0_ap_fixed_16_6_5_3_0_config14_U0/mul_11s_6s_17_1_1_U134' (myproject_mul_11s_6s_17_1_1) to 'dense_resource_ap_fixed_16_6_5_3_0_ap_fixed_16_6_5_3_0_config14_U0/mul_11s_6s_17_1_1_U200'
INFO: [Synth 8-223] decloning instance 'dense_resource_ap_fixed_16_6_5_3_0_ap_fixed_16_6_5_3_0_config14_U0/mul_11s_6s_17_1_1_U135' (myproject_mul_11s_6s_17_1_1) to 'dense_resource_ap_fixed_16_6_5_3_0_ap_fixed_16_6_5_3_0_config14_U0/mul_11s_6s_17_1_1_U141'
INFO: [Synth 8-223] decloning instance 'dense_resource_ap_fixed_16_6_5_3_0_ap_fixed_16_6_5_3_0_config14_U0/mul_11s_6s_17_1_1_U135' (myproject_mul_11s_6s_17_1_1) to 'dense_resource_ap_fixed_16_6_5_3_0_ap_fixed_16_6_5_3_0_config14_U0/mul_11s_6s_17_1_1_U147'
INFO: [Synth 8-223] decloning instance 'dense_resource_ap_fixed_16_6_5_3_0_ap_fixed_16_6_5_3_0_config14_U0/mul_11s_6s_17_1_1_U135' (myproject_mul_11s_6s_17_1_1) to 'dense_resource_ap_fixed_16_6_5_3_0_ap_fixed_16_6_5_3_0_config14_U0/mul_11s_6s_17_1_1_U153'
INFO: [Synth 8-223] decloning instance 'dense_resource_ap_fixed_16_6_5_3_0_ap_fixed_16_6_5_3_0_config14_U0/mul_11s_6s_17_1_1_U135' (myproject_mul_11s_6s_17_1_1) to 'dense_resource_ap_fixed_16_6_5_3_0_ap_fixed_16_6_5_3_0_config14_U0/mul_11s_6s_17_1_1_U159'
INFO: [Synth 8-223] decloning instance 'dense_resource_ap_fixed_16_6_5_3_0_ap_fixed_16_6_5_3_0_config14_U0/mul_11s_6s_17_1_1_U135' (myproject_mul_11s_6s_17_1_1) to 'dense_resource_ap_fixed_16_6_5_3_0_ap_fixed_16_6_5_3_0_config14_U0/mul_11s_6s_17_1_1_U165'
INFO: [Synth 8-223] decloning instance 'dense_resource_ap_fixed_16_6_5_3_0_ap_fixed_16_6_5_3_0_config14_U0/mul_11s_6s_17_1_1_U135' (myproject_mul_11s_6s_17_1_1) to 'dense_resource_ap_fixed_16_6_5_3_0_ap_fixed_16_6_5_3_0_config14_U0/mul_11s_6s_17_1_1_U171'
INFO: [Synth 8-223] decloning instance 'dense_resource_ap_fixed_16_6_5_3_0_ap_fixed_16_6_5_3_0_config14_U0/mul_11s_6s_17_1_1_U135' (myproject_mul_11s_6s_17_1_1) to 'dense_resource_ap_fixed_16_6_5_3_0_ap_fixed_16_6_5_3_0_config14_U0/mul_11s_6s_17_1_1_U177'
INFO: [Synth 8-223] decloning instance 'dense_resource_ap_fixed_16_6_5_3_0_ap_fixed_16_6_5_3_0_config14_U0/mul_11s_6s_17_1_1_U135' (myproject_mul_11s_6s_17_1_1) to 'dense_resource_ap_fixed_16_6_5_3_0_ap_fixed_16_6_5_3_0_config14_U0/mul_11s_6s_17_1_1_U183'
INFO: [Synth 8-223] decloning instance 'dense_resource_ap_fixed_16_6_5_3_0_ap_fixed_16_6_5_3_0_config14_U0/mul_11s_6s_17_1_1_U135' (myproject_mul_11s_6s_17_1_1) to 'dense_resource_ap_fixed_16_6_5_3_0_ap_fixed_16_6_5_3_0_config14_U0/mul_11s_6s_17_1_1_U189'
INFO: [Synth 8-223] decloning instance 'dense_resource_ap_fixed_16_6_5_3_0_ap_fixed_16_6_5_3_0_config14_U0/mul_11s_6s_17_1_1_U135' (myproject_mul_11s_6s_17_1_1) to 'dense_resource_ap_fixed_16_6_5_3_0_ap_fixed_16_6_5_3_0_config14_U0/mul_11s_6s_17_1_1_U195'
INFO: [Synth 8-223] decloning instance 'dense_resource_ap_fixed_16_6_5_3_0_ap_fixed_16_6_5_3_0_config14_U0/mul_11s_6s_17_1_1_U135' (myproject_mul_11s_6s_17_1_1) to 'dense_resource_ap_fixed_16_6_5_3_0_ap_fixed_16_6_5_3_0_config14_U0/mul_11s_6s_17_1_1_U201'
INFO: [Synth 8-223] decloning instance 'dense_resource_ap_fixed_16_6_5_3_0_ap_fixed_16_6_5_3_0_config14_U0/mul_11s_6s_17_1_1_U136' (myproject_mul_11s_6s_17_1_1) to 'dense_resource_ap_fixed_16_6_5_3_0_ap_fixed_16_6_5_3_0_config14_U0/mul_11s_6s_17_1_1_U142'
INFO: [Synth 8-223] decloning instance 'dense_resource_ap_fixed_16_6_5_3_0_ap_fixed_16_6_5_3_0_config14_U0/mul_11s_6s_17_1_1_U136' (myproject_mul_11s_6s_17_1_1) to 'dense_resource_ap_fixed_16_6_5_3_0_ap_fixed_16_6_5_3_0_config14_U0/mul_11s_6s_17_1_1_U148'
INFO: [Synth 8-223] decloning instance 'dense_resource_ap_fixed_16_6_5_3_0_ap_fixed_16_6_5_3_0_config14_U0/mul_11s_6s_17_1_1_U136' (myproject_mul_11s_6s_17_1_1) to 'dense_resource_ap_fixed_16_6_5_3_0_ap_fixed_16_6_5_3_0_config14_U0/mul_11s_6s_17_1_1_U154'
INFO: [Synth 8-223] decloning instance 'dense_resource_ap_fixed_16_6_5_3_0_ap_fixed_16_6_5_3_0_config14_U0/mul_11s_6s_17_1_1_U136' (myproject_mul_11s_6s_17_1_1) to 'dense_resource_ap_fixed_16_6_5_3_0_ap_fixed_16_6_5_3_0_config14_U0/mul_11s_6s_17_1_1_U160'
INFO: [Synth 8-223] decloning instance 'dense_resource_ap_fixed_16_6_5_3_0_ap_fixed_16_6_5_3_0_config14_U0/mul_11s_6s_17_1_1_U136' (myproject_mul_11s_6s_17_1_1) to 'dense_resource_ap_fixed_16_6_5_3_0_ap_fixed_16_6_5_3_0_config14_U0/mul_11s_6s_17_1_1_U166'
INFO: [Synth 8-223] decloning instance 'dense_resource_ap_fixed_16_6_5_3_0_ap_fixed_16_6_5_3_0_config14_U0/mul_11s_6s_17_1_1_U136' (myproject_mul_11s_6s_17_1_1) to 'dense_resource_ap_fixed_16_6_5_3_0_ap_fixed_16_6_5_3_0_config14_U0/mul_11s_6s_17_1_1_U172'
INFO: [Synth 8-223] decloning instance 'dense_resource_ap_fixed_16_6_5_3_0_ap_fixed_16_6_5_3_0_config14_U0/mul_11s_6s_17_1_1_U136' (myproject_mul_11s_6s_17_1_1) to 'dense_resource_ap_fixed_16_6_5_3_0_ap_fixed_16_6_5_3_0_config14_U0/mul_11s_6s_17_1_1_U178'
INFO: [Synth 8-223] decloning instance 'dense_resource_ap_fixed_16_6_5_3_0_ap_fixed_16_6_5_3_0_config14_U0/mul_11s_6s_17_1_1_U136' (myproject_mul_11s_6s_17_1_1) to 'dense_resource_ap_fixed_16_6_5_3_0_ap_fixed_16_6_5_3_0_config14_U0/mul_11s_6s_17_1_1_U184'
INFO: [Synth 8-223] decloning instance 'dense_resource_ap_fixed_16_6_5_3_0_ap_fixed_16_6_5_3_0_config14_U0/mul_11s_6s_17_1_1_U136' (myproject_mul_11s_6s_17_1_1) to 'dense_resource_ap_fixed_16_6_5_3_0_ap_fixed_16_6_5_3_0_config14_U0/mul_11s_6s_17_1_1_U190'
INFO: [Synth 8-223] decloning instance 'dense_resource_ap_fixed_16_6_5_3_0_ap_fixed_16_6_5_3_0_config14_U0/mul_11s_6s_17_1_1_U136' (myproject_mul_11s_6s_17_1_1) to 'dense_resource_ap_fixed_16_6_5_3_0_ap_fixed_16_6_5_3_0_config14_U0/mul_11s_6s_17_1_1_U196'
INFO: [Synth 8-223] decloning instance 'dense_resource_ap_fixed_16_6_5_3_0_ap_fixed_16_6_5_3_0_config14_U0/mul_11s_6s_17_1_1_U137' (myproject_mul_11s_6s_17_1_1) to 'dense_resource_ap_fixed_16_6_5_3_0_ap_fixed_16_6_5_3_0_config14_U0/mul_11s_6s_17_1_1_U143'
INFO: [Synth 8-223] decloning instance 'dense_resource_ap_fixed_16_6_5_3_0_ap_fixed_16_6_5_3_0_config14_U0/mul_11s_6s_17_1_1_U137' (myproject_mul_11s_6s_17_1_1) to 'dense_resource_ap_fixed_16_6_5_3_0_ap_fixed_16_6_5_3_0_config14_U0/mul_11s_6s_17_1_1_U149'
INFO: [Synth 8-223] decloning instance 'dense_resource_ap_fixed_16_6_5_3_0_ap_fixed_16_6_5_3_0_config14_U0/mul_11s_6s_17_1_1_U137' (myproject_mul_11s_6s_17_1_1) to 'dense_resource_ap_fixed_16_6_5_3_0_ap_fixed_16_6_5_3_0_config14_U0/mul_11s_6s_17_1_1_U155'
INFO: [Synth 8-223] decloning instance 'dense_resource_ap_fixed_16_6_5_3_0_ap_fixed_16_6_5_3_0_config14_U0/mul_11s_6s_17_1_1_U137' (myproject_mul_11s_6s_17_1_1) to 'dense_resource_ap_fixed_16_6_5_3_0_ap_fixed_16_6_5_3_0_config14_U0/mul_11s_6s_17_1_1_U161'
INFO: [Synth 8-223] decloning instance 'dense_resource_ap_fixed_16_6_5_3_0_ap_fixed_16_6_5_3_0_config14_U0/mul_11s_6s_17_1_1_U137' (myproject_mul_11s_6s_17_1_1) to 'dense_resource_ap_fixed_16_6_5_3_0_ap_fixed_16_6_5_3_0_config14_U0/mul_11s_6s_17_1_1_U167'
INFO: [Synth 8-223] decloning instance 'dense_resource_ap_fixed_16_6_5_3_0_ap_fixed_16_6_5_3_0_config14_U0/mul_11s_6s_17_1_1_U137' (myproject_mul_11s_6s_17_1_1) to 'dense_resource_ap_fixed_16_6_5_3_0_ap_fixed_16_6_5_3_0_config14_U0/mul_11s_6s_17_1_1_U173'
INFO: [Synth 8-223] decloning instance 'dense_resource_ap_fixed_16_6_5_3_0_ap_fixed_16_6_5_3_0_config14_U0/mul_11s_6s_17_1_1_U137' (myproject_mul_11s_6s_17_1_1) to 'dense_resource_ap_fixed_16_6_5_3_0_ap_fixed_16_6_5_3_0_config14_U0/mul_11s_6s_17_1_1_U179'
INFO: [Synth 8-223] decloning instance 'dense_resource_ap_fixed_16_6_5_3_0_ap_fixed_16_6_5_3_0_config14_U0/mul_11s_6s_17_1_1_U137' (myproject_mul_11s_6s_17_1_1) to 'dense_resource_ap_fixed_16_6_5_3_0_ap_fixed_16_6_5_3_0_config14_U0/mul_11s_6s_17_1_1_U185'
INFO: [Synth 8-223] decloning instance 'dense_resource_ap_fixed_16_6_5_3_0_ap_fixed_16_6_5_3_0_config14_U0/mul_11s_6s_17_1_1_U137' (myproject_mul_11s_6s_17_1_1) to 'dense_resource_ap_fixed_16_6_5_3_0_ap_fixed_16_6_5_3_0_config14_U0/mul_11s_6s_17_1_1_U191'
INFO: [Synth 8-223] decloning instance 'dense_resource_ap_fixed_16_6_5_3_0_ap_fixed_16_6_5_3_0_config14_U0/mul_11s_6s_17_1_1_U137' (myproject_mul_11s_6s_17_1_1) to 'dense_resource_ap_fixed_16_6_5_3_0_ap_fixed_16_6_5_3_0_config14_U0/mul_11s_6s_17_1_1_U197'
INFO: [Synth 8-223] decloning instance 'dense_resource_ap_fixed_16_6_5_3_0_ap_fixed_16_6_5_3_0_config14_U0/mul_11s_6s_17_1_1_U138' (myproject_mul_11s_6s_17_1_1) to 'dense_resource_ap_fixed_16_6_5_3_0_ap_fixed_16_6_5_3_0_config14_U0/mul_11s_6s_17_1_1_U144'
INFO: [Synth 8-223] decloning instance 'dense_resource_ap_fixed_16_6_5_3_0_ap_fixed_16_6_5_3_0_config14_U0/mul_11s_6s_17_1_1_U138' (myproject_mul_11s_6s_17_1_1) to 'dense_resource_ap_fixed_16_6_5_3_0_ap_fixed_16_6_5_3_0_config14_U0/mul_11s_6s_17_1_1_U150'
INFO: [Synth 8-223] decloning instance 'dense_resource_ap_fixed_16_6_5_3_0_ap_fixed_16_6_5_3_0_config14_U0/mul_11s_6s_17_1_1_U138' (myproject_mul_11s_6s_17_1_1) to 'dense_resource_ap_fixed_16_6_5_3_0_ap_fixed_16_6_5_3_0_config14_U0/mul_11s_6s_17_1_1_U156'
INFO: [Common 17-14] Message 'Synth 8-223' appears 100 times and further instances of the messages will be disabled. Use the Tcl command set_msg_config to change the current settings.
No constraint files found.
---------------------------------------------------------------------------------
Start RTL Component Statistics 
---------------------------------------------------------------------------------
Detailed RTL Component Info : 
+---Adders : 
	   2 Input   17 Bit       Adders := 1     
	   2 Input   16 Bit       Adders := 37    
	   2 Input   15 Bit       Adders := 28    
	   2 Input   14 Bit       Adders := 25    
	   2 Input   13 Bit       Adders := 48    
	   2 Input   12 Bit       Adders := 12    
	   2 Input   10 Bit       Adders := 33    
	   2 Input    9 Bit       Adders := 33    
	   2 Input    8 Bit       Adders := 106   
	   2 Input    7 Bit       Adders := 18    
	   2 Input    6 Bit       Adders := 13    
	   2 Input    5 Bit       Adders := 6     
	   2 Input    4 Bit       Adders := 4     
	   2 Input    3 Bit       Adders := 232   
	   2 Input    2 Bit       Adders := 232   
+---XORs : 
	   2 Input      1 Bit         XORs := 785   
+---Registers : 
	               61 Bit    Registers := 1     
	               16 Bit    Registers := 248   
	               15 Bit    Registers := 24    
	               14 Bit    Registers := 4     
	               13 Bit    Registers := 39    
	               12 Bit    Registers := 13    
	               11 Bit    Registers := 330   
	               10 Bit    Registers := 181   
	                9 Bit    Registers := 2     
	                8 Bit    Registers := 282   
	                7 Bit    Registers := 2     
	                6 Bit    Registers := 4     
	                5 Bit    Registers := 3     
	                4 Bit    Registers := 8     
	                3 Bit    Registers := 235   
	                2 Bit    Registers := 235   
	                1 Bit    Registers := 751   
+---Multipliers : 
	               6x11  Multipliers := 18    
	                6x9  Multipliers := 5     
+---Muxes : 
	   2 Input   16 Bit        Muxes := 184   
	   2 Input   15 Bit        Muxes := 14    
	   2 Input   14 Bit        Muxes := 2     
	   3 Input   13 Bit        Muxes := 1     
	   2 Input   13 Bit        Muxes := 1     
	   2 Input   11 Bit        Muxes := 230   
	   2 Input   10 Bit        Muxes := 120   
	   2 Input    8 Bit        Muxes := 646   
	   3 Input    8 Bit        Muxes := 74    
	   4 Input    8 Bit        Muxes := 1     
	   2 Input    6 Bit        Muxes := 2     
	   2 Input    4 Bit        Muxes := 8     
	   2 Input    3 Bit        Muxes := 5     
	  13 Input    3 Bit        Muxes := 1     
	   5 Input    3 Bit        Muxes := 1     
	   2 Input    2 Bit        Muxes := 469   
	   5 Input    2 Bit        Muxes := 2     
	   2 Input    1 Bit        Muxes := 1208  
---------------------------------------------------------------------------------
Finished RTL Component Statistics 
---------------------------------------------------------------------------------
---------------------------------------------------------------------------------
Start Part Resource Summary
---------------------------------------------------------------------------------
Part Resources:
DSPs: 220 (col length:60)
BRAMs: 280 (col length: RAMB18 60 RAMB36 30)
---------------------------------------------------------------------------------
Finished Part Resource Summary
---------------------------------------------------------------------------------
No constraint files found.
---------------------------------------------------------------------------------
Start Cross Boundary and Area Optimization
---------------------------------------------------------------------------------
WARNING: [Synth 8-7080] Parallel synthesis criteria is not met
WARNING: [Synth 8-3917] design myproject has port w14_d0[7] driven by constant 0
WARNING: [Synth 8-3917] design myproject has port w14_d0[6] driven by constant 0
WARNING: [Synth 8-3917] design myproject has port w14_d0[5] driven by constant 0
WARNING: [Synth 8-3917] design myproject has port w14_d0[4] driven by constant 0
WARNING: [Synth 8-3917] design myproject has port w14_d0[3] driven by constant 0
WARNING: [Synth 8-3917] design myproject has port w14_d0[2] driven by constant 0
WARNING: [Synth 8-3917] design myproject has port w14_d0[1] driven by constant 0
WARNING: [Synth 8-3917] design myproject has port w14_d0[0] driven by constant 0
WARNING: [Synth 8-3917] design myproject has port w14_we0 driven by constant 0
WARNING: [Synth 8-3917] design myproject has port w14_d1[7] driven by constant 0
INFO: [Common 17-14] Message 'Synth 8-3917' appears 100 times and further instances of the messages will be disabled. Use the Tcl command set_msg_config to change the current settings.
WARNING: [Synth 8-7129] Port w16_q1[5] in module myproject is either unconnected or has no load
WARNING: [Synth 8-7129] Port w16_q1[4] in module myproject is either unconnected or has no load
WARNING: [Synth 8-7129] Port w16_q1[3] in module myproject is either unconnected or has no load
WARNING: [Synth 8-7129] Port w16_q1[2] in module myproject is either unconnected or has no load
WARNING: [Synth 8-7129] Port w16_q1[1] in module myproject is either unconnected or has no load
WARNING: [Synth 8-7129] Port w16_q1[0] in module myproject is either unconnected or has no load
WARNING: [Synth 8-7129] Port w27_q1[5] in module myproject is either unconnected or has no load
WARNING: [Synth 8-7129] Port w27_q1[4] in module myproject is either unconnected or has no load
WARNING: [Synth 8-7129] Port w27_q1[3] in module myproject is either unconnected or has no load
WARNING: [Synth 8-7129] Port w27_q1[2] in module myproject is either unconnected or has no load
WARNING: [Synth 8-7129] Port w27_q1[1] in module myproject is either unconnected or has no load
WARNING: [Synth 8-7129] Port w27_q1[0] in module myproject is either unconnected or has no load
---------------------------------------------------------------------------------
Finished Cross Boundary and Area Optimization : Time (s): cpu = 00:01:23 ; elapsed = 00:01:21 . Memory (MB): peak = 2656.883 ; gain = 976.688 ; free physical = 61471 ; free virtual = 190913
---------------------------------------------------------------------------------
No constraint files found.
---------------------------------------------------------------------------------
Start Timing Optimization
---------------------------------------------------------------------------------
---------------------------------------------------------------------------------
Finished Timing Optimization : Time (s): cpu = 00:01:23 ; elapsed = 00:01:21 . Memory (MB): peak = 2656.883 ; gain = 976.688 ; free physical = 61133 ; free virtual = 190578
---------------------------------------------------------------------------------
---------------------------------------------------------------------------------
Start Technology Mapping
---------------------------------------------------------------------------------
---------------------------------------------------------------------------------
Finished Technology Mapping : Time (s): cpu = 00:01:30 ; elapsed = 00:01:27 . Memory (MB): peak = 2656.883 ; gain = 976.688 ; free physical = 58314 ; free virtual = 187791
---------------------------------------------------------------------------------
---------------------------------------------------------------------------------
Start IO Insertion
---------------------------------------------------------------------------------
---------------------------------------------------------------------------------
Start Flattening Before IO Insertion
---------------------------------------------------------------------------------
---------------------------------------------------------------------------------
Finished Flattening Before IO Insertion
---------------------------------------------------------------------------------
---------------------------------------------------------------------------------
Start Final Netlist Cleanup
---------------------------------------------------------------------------------
---------------------------------------------------------------------------------
Finished Final Netlist Cleanup
---------------------------------------------------------------------------------
---------------------------------------------------------------------------------
Finished IO Insertion : Time (s): cpu = 00:01:35 ; elapsed = 00:01:33 . Memory (MB): peak = 2656.883 ; gain = 976.688 ; free physical = 56208 ; free virtual = 185719
---------------------------------------------------------------------------------
---------------------------------------------------------------------------------
Start Renaming Generated Instances
---------------------------------------------------------------------------------
---------------------------------------------------------------------------------
Finished Renaming Generated Instances : Time (s): cpu = 00:01:35 ; elapsed = 00:01:33 . Memory (MB): peak = 2656.883 ; gain = 976.688 ; free physical = 56172 ; free virtual = 185684
---------------------------------------------------------------------------------
---------------------------------------------------------------------------------
Start Rebuilding User Hierarchy
---------------------------------------------------------------------------------
---------------------------------------------------------------------------------
Finished Rebuilding User Hierarchy : Time (s): cpu = 00:01:36 ; elapsed = 00:01:34 . Memory (MB): peak = 2656.883 ; gain = 976.688 ; free physical = 56104 ; free virtual = 185616
---------------------------------------------------------------------------------
---------------------------------------------------------------------------------
Start Renaming Generated Ports
---------------------------------------------------------------------------------
---------------------------------------------------------------------------------
Finished Renaming Generated Ports : Time (s): cpu = 00:01:37 ; elapsed = 00:01:34 . Memory (MB): peak = 2656.883 ; gain = 976.688 ; free physical = 56062 ; free virtual = 185578
---------------------------------------------------------------------------------
---------------------------------------------------------------------------------
Start Handling Custom Attributes
---------------------------------------------------------------------------------
---------------------------------------------------------------------------------
Finished Handling Custom Attributes : Time (s): cpu = 00:01:37 ; elapsed = 00:01:35 . Memory (MB): peak = 2656.883 ; gain = 976.688 ; free physical = 55901 ; free virtual = 185413
---------------------------------------------------------------------------------
---------------------------------------------------------------------------------
Start Renaming Generated Nets
---------------------------------------------------------------------------------
---------------------------------------------------------------------------------
Finished Renaming Generated Nets : Time (s): cpu = 00:01:37 ; elapsed = 00:01:35 . Memory (MB): peak = 2656.883 ; gain = 976.688 ; free physical = 55855 ; free virtual = 185359
---------------------------------------------------------------------------------
---------------------------------------------------------------------------------
Start ROM, RAM, DSP, Shift Register and Retiming Reporting
---------------------------------------------------------------------------------

Dynamic Shift Register Report:
+------------+----------------+--------+------------+--------+---------+--------+--------+--------+
|Module Name | RTL Name       | Length | Data Width | SRL16E | SRLC32E | Mux F7 | Mux F8 | Mux F9 | 
+------------+----------------+--------+------------+--------+---------+--------+--------+--------+
|dsrl        | SRL_SIG_reg[2] | 8      | 8          | 8      | 0       | 0      | 0      | 0      | 
+------------+----------------+--------+------------+--------+---------+--------+--------+--------+

---------------------------------------------------------------------------------
Finished ROM, RAM, DSP, Shift Register and Retiming Reporting
---------------------------------------------------------------------------------
---------------------------------------------------------------------------------
Start Writing Synthesis Report
---------------------------------------------------------------------------------

Report BlackBoxes: 
+-+--------------+----------+
| |BlackBox name |Instances |
+-+--------------+----------+
+-+--------------+----------+

Report Cell Usage: 
+------+-------+------+
|      |Cell   |Count |
+------+-------+------+
|1     |BUFG   |     1|
|2     |CARRY4 |   832|
|3     |LUT1   |    55|
|4     |LUT2   |  2653|
|5     |LUT3   |  4420|
|6     |LUT4   |  1190|
|7     |LUT5   |  2404|
|8     |LUT6   |  4690|
|9     |MUXF7  |   136|
|10    |SRL16E |    56|
|11    |FDRE   | 13256|
|12    |FDSE   |   236|
|13    |IBUF   |   930|
|14    |OBUF   |   166|
+------+-------+------+

Report Instance Areas: 
+------+---------------------------------------------------------------------+-------------------------------------------------------------------------------------------+------+
|      |Instance                                                             |Module                                                                                     |Cells |
+------+---------------------------------------------------------------------+-------------------------------------------------------------------------------------------+------+
|1     |top                                                                  |                                                                                           | 31025|
|2     |  layer26_out_U                                                      |myproject_fifo_w8_d2_S_154                                                                 |    38|
|3     |    U_myproject_fifo_w8_d2_S_ShiftReg                                |myproject_fifo_w8_d2_S_ShiftReg_290                                                        |    24|
|4     |  layer23_out_11_U                                                   |myproject_fifo_w8_d2_S_137                                                                 |    38|
|5     |    U_myproject_fifo_w8_d2_S_ShiftReg                                |myproject_fifo_w8_d2_S_ShiftReg_307                                                        |    24|
|6     |  layer23_out_10_U                                                   |myproject_fifo_w8_d2_S_136                                                                 |    38|
|7     |    U_myproject_fifo_w8_d2_S_ShiftReg                                |myproject_fifo_w8_d2_S_ShiftReg_308                                                        |    24|
|8     |  layer23_out_7_U                                                    |myproject_fifo_w8_d2_S_144                                                                 |    38|
|9     |    U_myproject_fifo_w8_d2_S_ShiftReg                                |myproject_fifo_w8_d2_S_ShiftReg_300                                                        |    24|
|10    |  layer23_out_6_U                                                    |myproject_fifo_w8_d2_S_143                                                                 |    38|
|11    |    U_myproject_fifo_w8_d2_S_ShiftReg                                |myproject_fifo_w8_d2_S_ShiftReg_301                                                        |    24|
|12    |  layer23_out_5_U                                                    |myproject_fifo_w8_d2_S_142                                                                 |    38|
|13    |    U_myproject_fifo_w8_d2_S_ShiftReg                                |myproject_fifo_w8_d2_S_ShiftReg_302                                                        |    24|
|14    |  layer23_out_4_U                                                    |myproject_fifo_w8_d2_S_141                                                                 |    38|
|15    |    U_myproject_fifo_w8_d2_S_ShiftReg                                |myproject_fifo_w8_d2_S_ShiftReg_303                                                        |    24|
|16    |  layer23_out_2_U                                                    |myproject_fifo_w8_d2_S_139                                                                 |    38|
|17    |    U_myproject_fifo_w8_d2_S_ShiftReg                                |myproject_fifo_w8_d2_S_ShiftReg_305                                                        |    24|
|18    |  layer23_out_1_U                                                    |myproject_fifo_w8_d2_S_138                                                                 |    38|
|19    |    U_myproject_fifo_w8_d2_S_ShiftReg                                |myproject_fifo_w8_d2_S_ShiftReg_306                                                        |    24|
|20    |  hard_sigmoid_ap_fixed_ap_ufixed_8_0_4_0_0_hard_sigmoid_config29_U0 |myproject_hard_sigmoid_ap_fixed_ap_ufixed_8_0_4_0_0_hard_sigmoid_config29_s                |     8|
|21    |  concatenate1d_ap_fixed_ap_fixed_ap_fixed_16_6_5_3_0_config12_U0    |myproject_concatenate1d_ap_fixed_ap_fixed_ap_fixed_16_6_5_3_0_config12_s                   |   331|
|22    |  concatenate1d_ap_fixed_ap_fixed_ap_fixed_16_6_5_3_0_config13_U0    |myproject_concatenate1d_ap_fixed_ap_fixed_ap_fixed_16_6_5_3_0_config13_s                   |    17|
|23    |  concatenate1d_ap_fixed_ap_fixed_ap_fixed_16_6_5_3_0_config8_U0     |myproject_concatenate1d_ap_fixed_ap_fixed_ap_fixed_16_6_5_3_0_config8_s                    |   362|
|24    |  concatenate1d_ap_ufixed_ap_ufixed_ap_fixed_16_6_5_3_0_config20_U0  |myproject_concatenate1d_ap_ufixed_ap_ufixed_ap_fixed_16_6_5_3_0_config20_s                 |   321|
|25    |  dense_resource_ap_fixed_16_6_5_3_0_ap_fixed_16_6_5_3_0_config14_U0 |myproject_dense_resource_ap_fixed_16_6_5_3_0_ap_fixed_16_6_5_3_0_config14_s                |  7977|
|26    |    mul_11s_6s_17_1_1_U130                                           |myproject_mul_11s_6s_17_1_1_455                                                            |    97|
|27    |    mul_11s_6s_17_1_1_U131                                           |myproject_mul_11s_6s_17_1_1_456                                                            |    96|
|28    |    mul_11s_6s_17_1_1_U132                                           |myproject_mul_11s_6s_17_1_1_457                                                            |   152|
|29    |    mul_11s_6s_17_1_1_U133                                           |myproject_mul_11s_6s_17_1_1_458                                                            |    96|
|30    |    mul_11s_6s_17_1_1_U134                                           |myproject_mul_11s_6s_17_1_1_459                                                            |   396|
|31    |    mul_11s_6s_17_1_1_U135                                           |myproject_mul_11s_6s_17_1_1_460                                                            |   711|
|32    |    mul_11s_6s_17_1_1_U136                                           |myproject_mul_11s_6s_17_1_1_461                                                            |    97|
|33    |    mul_11s_6s_17_1_1_U137                                           |myproject_mul_11s_6s_17_1_1_462                                                            |    96|
|34    |    mul_11s_6s_17_1_1_U138                                           |myproject_mul_11s_6s_17_1_1_463                                                            |   712|
|35    |    mul_11s_6s_17_1_1_U78                                            |myproject_mul_11s_6s_17_1_1_464                                                            |   123|
|36    |    mul_11s_6s_17_1_1_U80                                            |myproject_mul_11s_6s_17_1_1_465                                                            |   122|
|37    |    mul_11s_6s_17_1_1_U84                                            |myproject_mul_11s_6s_17_1_1_466                                                            |    97|
|38    |    mul_11s_6s_17_1_1_U85                                            |myproject_mul_11s_6s_17_1_1_467                                                            |    96|
|39    |    sparsemux_15_3_11_1_1_U77                                        |myproject_sparsemux_15_3_11_1_1                                                            |    53|
|40    |    sparsemux_15_3_11_1_1_U79                                        |myproject_sparsemux_15_3_11_1_1_468                                                        |    52|
|41    |    sparsemux_15_3_11_1_1_U81                                        |myproject_sparsemux_15_3_11_1_1_469                                                        |    33|
|42    |    sparsemux_15_3_11_1_1_U82                                        |myproject_sparsemux_15_3_11_1_1_470                                                        |    33|
|43    |    sparsemux_15_3_11_1_1_U83                                        |myproject_sparsemux_15_3_11_1_1_471                                                        |    33|
|44    |  dense_resource_ap_fixed_16_6_5_3_0_ap_fixed_16_6_5_3_0_config16_U0 |myproject_dense_resource_ap_fixed_16_6_5_3_0_ap_fixed_16_6_5_3_0_config16_s                |   861|
|45    |    mul_11s_6s_17_1_1_U264                                           |myproject_mul_11s_6s_17_1_1                                                                |   156|
|46    |    outidx_i_U                                                       |myproject_dense_resource_ap_fixed_16_6_5_3_0_ap_fixed_16_6_5_3_0_config16_s_outidx_i_RObkb |   300|
|47    |  dense_resource_ap_fixed_16_6_5_3_0_ap_fixed_16_6_5_3_0_config21_U0 |myproject_dense_resource_ap_fixed_16_6_5_3_0_ap_fixed_16_6_5_3_0_config21_s                |  3443|
|48    |    mul_10ns_6s_16_1_1_U338                                          |myproject_mul_10ns_6s_16_1_1                                                               |   236|
|49    |    mul_10ns_6s_16_1_1_U340                                          |myproject_mul_10ns_6s_16_1_1_452                                                           |   241|
|50    |    mul_10ns_6s_16_1_1_U341                                          |myproject_mul_10ns_6s_16_1_1_453                                                           |    94|
|51    |    mul_10ns_6s_16_1_1_U342                                          |myproject_mul_10ns_6s_16_1_1_454                                                           |   347|
|52    |  dense_resource_ap_ufixed_8_0_4_0_0_ap_fixed_16_6_5_3_0_config24_U0 |myproject_dense_resource_ap_ufixed_8_0_4_0_0_ap_fixed_16_6_5_3_0_config24_s                |  1297|
|53    |    mul_8ns_6s_14_1_1_U421                                           |myproject_mul_8ns_6s_14_1_1_448                                                            |    97|
|54    |    mul_8ns_6s_14_1_1_U422                                           |myproject_mul_8ns_6s_14_1_1_449                                                            |   177|
|55    |    mul_8ns_6s_14_1_1_U423                                           |myproject_mul_8ns_6s_14_1_1_450                                                            |   122|
|56    |    mul_8ns_6s_14_1_1_U424                                           |myproject_mul_8ns_6s_14_1_1_451                                                            |   122|
|57    |  dense_resource_ap_ufixed_8_0_4_0_0_ap_fixed_16_6_5_3_0_config27_U0 |myproject_dense_resource_ap_ufixed_8_0_4_0_0_ap_fixed_16_6_5_3_0_config27_s                |   326|
|58    |    mul_8ns_6s_14_1_1_U449                                           |myproject_mul_8ns_6s_14_1_1                                                                |   144|
|59    |  layer10_out_U                                                      |myproject_fifo_w8_d2_S                                                                     |    47|
|60    |    U_myproject_fifo_w8_d2_S_ShiftReg                                |myproject_fifo_w8_d2_S_ShiftReg_447                                                        |    33|
|61    |  layer11_out_U                                                      |myproject_fifo_w8_d2_S_0                                                                   |    52|
|62    |    U_myproject_fifo_w8_d2_S_ShiftReg                                |myproject_fifo_w8_d2_S_ShiftReg_446                                                        |    33|
|63    |  layer12_out_10_U                                                   |myproject_fifo_w11_d2_S                                                                    |    38|
|64    |    U_myproject_fifo_w11_d2_S_ShiftReg                               |myproject_fifo_w11_d2_S_ShiftReg_445                                                       |    25|
|65    |  layer12_out_11_U                                                   |myproject_fifo_w11_d2_S_1                                                                  |    38|
|66    |    U_myproject_fifo_w11_d2_S_ShiftReg                               |myproject_fifo_w11_d2_S_ShiftReg_444                                                       |    25|
|67    |  layer12_out_12_U                                                   |myproject_fifo_w11_d2_S_2                                                                  |    38|
|68    |    U_myproject_fifo_w11_d2_S_ShiftReg                               |myproject_fifo_w11_d2_S_ShiftReg_443                                                       |    25|
|69    |  layer12_out_13_U                                                   |myproject_fifo_w11_d2_S_3                                                                  |    41|
|70    |    U_myproject_fifo_w11_d2_S_ShiftReg                               |myproject_fifo_w11_d2_S_ShiftReg_442                                                       |    25|
|71    |  layer12_out_14_U                                                   |myproject_fifo_w11_d2_S_4                                                                  |    42|
|72    |    U_myproject_fifo_w11_d2_S_ShiftReg                               |myproject_fifo_w11_d2_S_ShiftReg_441                                                       |    25|
|73    |  layer12_out_15_U                                                   |myproject_fifo_w11_d2_S_5                                                                  |    39|
|74    |    U_myproject_fifo_w11_d2_S_ShiftReg                               |myproject_fifo_w11_d2_S_ShiftReg_440                                                       |    25|
|75    |  layer12_out_16_U                                                   |myproject_fifo_w11_d2_S_6                                                                  |    40|
|76    |    U_myproject_fifo_w11_d2_S_ShiftReg                               |myproject_fifo_w11_d2_S_ShiftReg_439                                                       |    25|
|77    |  layer12_out_17_U                                                   |myproject_fifo_w11_d2_S_7                                                                  |    39|
|78    |    U_myproject_fifo_w11_d2_S_ShiftReg                               |myproject_fifo_w11_d2_S_ShiftReg_438                                                       |    25|
|79    |  layer12_out_18_U                                                   |myproject_fifo_w11_d2_S_8                                                                  |    38|
|80    |    U_myproject_fifo_w11_d2_S_ShiftReg                               |myproject_fifo_w11_d2_S_ShiftReg_437                                                       |    25|
|81    |  layer12_out_19_U                                                   |myproject_fifo_w11_d2_S_9                                                                  |    40|
|82    |    U_myproject_fifo_w11_d2_S_ShiftReg                               |myproject_fifo_w11_d2_S_ShiftReg_436                                                       |    25|
|83    |  layer12_out_1_U                                                    |myproject_fifo_w11_d2_S_10                                                                 |    39|
|84    |    U_myproject_fifo_w11_d2_S_ShiftReg                               |myproject_fifo_w11_d2_S_ShiftReg_435                                                       |    25|
|85    |  layer12_out_20_U                                                   |myproject_fifo_w11_d2_S_11                                                                 |    43|
|86    |    U_myproject_fifo_w11_d2_S_ShiftReg                               |myproject_fifo_w11_d2_S_ShiftReg_434                                                       |    25|
|87    |  layer12_out_21_U                                                   |myproject_fifo_w11_d2_S_12                                                                 |    38|
|88    |    U_myproject_fifo_w11_d2_S_ShiftReg                               |myproject_fifo_w11_d2_S_ShiftReg_433                                                       |    25|
|89    |  layer12_out_22_U                                                   |myproject_fifo_w11_d2_S_13                                                                 |    39|
|90    |    U_myproject_fifo_w11_d2_S_ShiftReg                               |myproject_fifo_w11_d2_S_ShiftReg_432                                                       |    25|
|91    |  layer12_out_23_U                                                   |myproject_fifo_w11_d2_S_14                                                                 |    38|
|92    |    U_myproject_fifo_w11_d2_S_ShiftReg                               |myproject_fifo_w11_d2_S_ShiftReg_431                                                       |    25|
|93    |  layer12_out_24_U                                                   |myproject_fifo_w11_d2_S_15                                                                 |    39|
|94    |    U_myproject_fifo_w11_d2_S_ShiftReg                               |myproject_fifo_w11_d2_S_ShiftReg_430                                                       |    25|
|95    |  layer12_out_25_U                                                   |myproject_fifo_w11_d2_S_16                                                                 |    39|
|96    |    U_myproject_fifo_w11_d2_S_ShiftReg                               |myproject_fifo_w11_d2_S_ShiftReg_429                                                       |    25|
|97    |  layer12_out_26_U                                                   |myproject_fifo_w11_d2_S_17                                                                 |    39|
|98    |    U_myproject_fifo_w11_d2_S_ShiftReg                               |myproject_fifo_w11_d2_S_ShiftReg_428                                                       |    25|
|99    |  layer12_out_27_U                                                   |myproject_fifo_w11_d2_S_18                                                                 |    38|
|100   |    U_myproject_fifo_w11_d2_S_ShiftReg                               |myproject_fifo_w11_d2_S_ShiftReg_427                                                       |    25|
|101   |  layer12_out_28_U                                                   |myproject_fifo_w11_d2_S_19                                                                 |    38|
|102   |    U_myproject_fifo_w11_d2_S_ShiftReg                               |myproject_fifo_w11_d2_S_ShiftReg_426                                                       |    25|
|103   |  layer12_out_29_U                                                   |myproject_fifo_w11_d2_S_20                                                                 |    39|
|104   |    U_myproject_fifo_w11_d2_S_ShiftReg                               |myproject_fifo_w11_d2_S_ShiftReg_425                                                       |    25|
|105   |  layer12_out_2_U                                                    |myproject_fifo_w11_d2_S_21                                                                 |    39|
|106   |    U_myproject_fifo_w11_d2_S_ShiftReg                               |myproject_fifo_w11_d2_S_ShiftReg_424                                                       |    25|
|107   |  layer12_out_30_U                                                   |myproject_fifo_w11_d2_S_22                                                                 |    39|
|108   |    U_myproject_fifo_w11_d2_S_ShiftReg                               |myproject_fifo_w11_d2_S_ShiftReg_423                                                       |    25|
|109   |  layer12_out_31_U                                                   |myproject_fifo_w11_d2_S_23                                                                 |    40|
|110   |    U_myproject_fifo_w11_d2_S_ShiftReg                               |myproject_fifo_w11_d2_S_ShiftReg_422                                                       |    25|
|111   |  layer12_out_32_U                                                   |myproject_fifo_w11_d2_S_24                                                                 |    39|
|112   |    U_myproject_fifo_w11_d2_S_ShiftReg                               |myproject_fifo_w11_d2_S_ShiftReg_421                                                       |    25|
|113   |  layer12_out_33_U                                                   |myproject_fifo_w11_d2_S_25                                                                 |    39|
|114   |    U_myproject_fifo_w11_d2_S_ShiftReg                               |myproject_fifo_w11_d2_S_ShiftReg_420                                                       |    25|
|115   |  layer12_out_34_U                                                   |myproject_fifo_w11_d2_S_26                                                                 |    39|
|116   |    U_myproject_fifo_w11_d2_S_ShiftReg                               |myproject_fifo_w11_d2_S_ShiftReg_419                                                       |    25|
|117   |  layer12_out_3_U                                                    |myproject_fifo_w11_d2_S_27                                                                 |    38|
|118   |    U_myproject_fifo_w11_d2_S_ShiftReg                               |myproject_fifo_w11_d2_S_ShiftReg_418                                                       |    25|
|119   |  layer12_out_4_U                                                    |myproject_fifo_w11_d2_S_28                                                                 |    38|
|120   |    U_myproject_fifo_w11_d2_S_ShiftReg                               |myproject_fifo_w11_d2_S_ShiftReg_417                                                       |    25|
|121   |  layer12_out_5_U                                                    |myproject_fifo_w11_d2_S_29                                                                 |    38|
|122   |    U_myproject_fifo_w11_d2_S_ShiftReg                               |myproject_fifo_w11_d2_S_ShiftReg_416                                                       |    25|
|123   |  layer12_out_6_U                                                    |myproject_fifo_w11_d2_S_30                                                                 |    38|
|124   |    U_myproject_fifo_w11_d2_S_ShiftReg                               |myproject_fifo_w11_d2_S_ShiftReg_415                                                       |    25|
|125   |  layer12_out_7_U                                                    |myproject_fifo_w11_d2_S_31                                                                 |    40|
|126   |    U_myproject_fifo_w11_d2_S_ShiftReg                               |myproject_fifo_w11_d2_S_ShiftReg_414                                                       |    25|
|127   |  layer12_out_8_U                                                    |myproject_fifo_w11_d2_S_32                                                                 |    40|
|128   |    U_myproject_fifo_w11_d2_S_ShiftReg                               |myproject_fifo_w11_d2_S_ShiftReg_413                                                       |    25|
|129   |  layer12_out_9_U                                                    |myproject_fifo_w11_d2_S_33                                                                 |    39|
|130   |    U_myproject_fifo_w11_d2_S_ShiftReg                               |myproject_fifo_w11_d2_S_ShiftReg_412                                                       |    25|
|131   |  layer12_out_U                                                      |myproject_fifo_w11_d2_S_34                                                                 |    39|
|132   |    U_myproject_fifo_w11_d2_S_ShiftReg                               |myproject_fifo_w11_d2_S_ShiftReg_411                                                       |    25|
|133   |  layer13_out_1_U                                                    |myproject_fifo_w11_d2_S_35                                                                 |    42|
|134   |    U_myproject_fifo_w11_d2_S_ShiftReg                               |myproject_fifo_w11_d2_S_ShiftReg_410                                                       |    24|
|135   |  layer13_out_U                                                      |myproject_fifo_w11_d2_S_36                                                                 |    44|
|136   |    U_myproject_fifo_w11_d2_S_ShiftReg                               |myproject_fifo_w11_d2_S_ShiftReg_409                                                       |    24|
|137   |  layer14_out_10_U                                                   |myproject_fifo_w16_d2_S                                                                    |   113|
|138   |    U_myproject_fifo_w16_d2_S_ShiftReg                               |myproject_fifo_w16_d2_S_ShiftReg_408                                                       |    97|
|139   |  layer14_out_11_U                                                   |myproject_fifo_w16_d2_S_37                                                                 |   112|
|140   |    U_myproject_fifo_w16_d2_S_ShiftReg                               |myproject_fifo_w16_d2_S_ShiftReg_407                                                       |    97|
|141   |  layer14_out_12_U                                                   |myproject_fifo_w16_d2_S_38                                                                 |   115|
|142   |    U_myproject_fifo_w16_d2_S_ShiftReg                               |myproject_fifo_w16_d2_S_ShiftReg_406                                                       |    97|
|143   |  layer14_out_13_U                                                   |myproject_fifo_w16_d2_S_39                                                                 |   112|
|144   |    U_myproject_fifo_w16_d2_S_ShiftReg                               |myproject_fifo_w16_d2_S_ShiftReg_405                                                       |    97|
|145   |  layer14_out_14_U                                                   |myproject_fifo_w16_d2_S_40                                                                 |   115|
|146   |    U_myproject_fifo_w16_d2_S_ShiftReg                               |myproject_fifo_w16_d2_S_ShiftReg_404                                                       |    97|
|147   |  layer14_out_15_U                                                   |myproject_fifo_w16_d2_S_41                                                                 |   111|
|148   |    U_myproject_fifo_w16_d2_S_ShiftReg                               |myproject_fifo_w16_d2_S_ShiftReg_403                                                       |    97|
|149   |  layer14_out_16_U                                                   |myproject_fifo_w16_d2_S_42                                                                 |   111|
|150   |    U_myproject_fifo_w16_d2_S_ShiftReg                               |myproject_fifo_w16_d2_S_ShiftReg_402                                                       |    97|
|151   |  layer14_out_17_U                                                   |myproject_fifo_w16_d2_S_43                                                                 |   112|
|152   |    U_myproject_fifo_w16_d2_S_ShiftReg                               |myproject_fifo_w16_d2_S_ShiftReg_401                                                       |    97|
|153   |  layer14_out_18_U                                                   |myproject_fifo_w16_d2_S_44                                                                 |   112|
|154   |    U_myproject_fifo_w16_d2_S_ShiftReg                               |myproject_fifo_w16_d2_S_ShiftReg_400                                                       |    97|
|155   |  layer14_out_19_U                                                   |myproject_fifo_w16_d2_S_45                                                                 |   111|
|156   |    U_myproject_fifo_w16_d2_S_ShiftReg                               |myproject_fifo_w16_d2_S_ShiftReg_399                                                       |    97|
|157   |  layer14_out_1_U                                                    |myproject_fifo_w16_d2_S_46                                                                 |   112|
|158   |    U_myproject_fifo_w16_d2_S_ShiftReg                               |myproject_fifo_w16_d2_S_ShiftReg_398                                                       |    97|
|159   |  layer14_out_20_U                                                   |myproject_fifo_w16_d2_S_47                                                                 |   113|
|160   |    U_myproject_fifo_w16_d2_S_ShiftReg                               |myproject_fifo_w16_d2_S_ShiftReg_397                                                       |    97|
|161   |  layer14_out_21_U                                                   |myproject_fifo_w16_d2_S_48                                                                 |   111|
|162   |    U_myproject_fifo_w16_d2_S_ShiftReg                               |myproject_fifo_w16_d2_S_ShiftReg_396                                                       |    97|
|163   |  layer14_out_22_U                                                   |myproject_fifo_w16_d2_S_49                                                                 |   111|
|164   |    U_myproject_fifo_w16_d2_S_ShiftReg                               |myproject_fifo_w16_d2_S_ShiftReg_395                                                       |    97|
|165   |  layer14_out_23_U                                                   |myproject_fifo_w16_d2_S_50                                                                 |   111|
|166   |    U_myproject_fifo_w16_d2_S_ShiftReg                               |myproject_fifo_w16_d2_S_ShiftReg_394                                                       |    97|
|167   |  layer14_out_2_U                                                    |myproject_fifo_w16_d2_S_51                                                                 |   112|
|168   |    U_myproject_fifo_w16_d2_S_ShiftReg                               |myproject_fifo_w16_d2_S_ShiftReg_393                                                       |    97|
|169   |  layer14_out_3_U                                                    |myproject_fifo_w16_d2_S_52                                                                 |   112|
|170   |    U_myproject_fifo_w16_d2_S_ShiftReg                               |myproject_fifo_w16_d2_S_ShiftReg_392                                                       |    97|
|171   |  layer14_out_4_U                                                    |myproject_fifo_w16_d2_S_53                                                                 |   111|
|172   |    U_myproject_fifo_w16_d2_S_ShiftReg                               |myproject_fifo_w16_d2_S_ShiftReg_391                                                       |    97|
|173   |  layer14_out_5_U                                                    |myproject_fifo_w16_d2_S_54                                                                 |   112|
|174   |    U_myproject_fifo_w16_d2_S_ShiftReg                               |myproject_fifo_w16_d2_S_ShiftReg_390                                                       |    97|
|175   |  layer14_out_6_U                                                    |myproject_fifo_w16_d2_S_55                                                                 |   112|
|176   |    U_myproject_fifo_w16_d2_S_ShiftReg                               |myproject_fifo_w16_d2_S_ShiftReg_389                                                       |    97|
|177   |  layer14_out_7_U                                                    |myproject_fifo_w16_d2_S_56                                                                 |   111|
|178   |    U_myproject_fifo_w16_d2_S_ShiftReg                               |myproject_fifo_w16_d2_S_ShiftReg_388                                                       |    97|
|179   |  layer14_out_8_U                                                    |myproject_fifo_w16_d2_S_57                                                                 |   112|
|180   |    U_myproject_fifo_w16_d2_S_ShiftReg                               |myproject_fifo_w16_d2_S_ShiftReg_387                                                       |    97|
|181   |  layer14_out_9_U                                                    |myproject_fifo_w16_d2_S_58                                                                 |   112|
|182   |    U_myproject_fifo_w16_d2_S_ShiftReg                               |myproject_fifo_w16_d2_S_ShiftReg_386                                                       |    97|
|183   |  layer14_out_U                                                      |myproject_fifo_w16_d2_S_59                                                                 |   113|
|184   |    U_myproject_fifo_w16_d2_S_ShiftReg                               |myproject_fifo_w16_d2_S_ShiftReg_385                                                       |    97|
|185   |  layer16_out_1_U                                                    |myproject_fifo_w16_d2_S_60                                                                 |   101|
|186   |    U_myproject_fifo_w16_d2_S_ShiftReg                               |myproject_fifo_w16_d2_S_ShiftReg_384                                                       |    87|
|187   |  layer16_out_2_U                                                    |myproject_fifo_w16_d2_S_61                                                                 |   107|
|188   |    U_myproject_fifo_w16_d2_S_ShiftReg                               |myproject_fifo_w16_d2_S_ShiftReg_383                                                       |    93|
|189   |  layer16_out_3_U                                                    |myproject_fifo_w16_d2_S_62                                                                 |   101|
|190   |    U_myproject_fifo_w16_d2_S_ShiftReg                               |myproject_fifo_w16_d2_S_ShiftReg_382                                                       |    87|
|191   |  layer16_out_4_U                                                    |myproject_fifo_w16_d2_S_63                                                                 |   107|
|192   |    U_myproject_fifo_w16_d2_S_ShiftReg                               |myproject_fifo_w16_d2_S_ShiftReg_381                                                       |    93|
|193   |  layer16_out_5_U                                                    |myproject_fifo_w16_d2_S_64                                                                 |   108|
|194   |    U_myproject_fifo_w16_d2_S_ShiftReg                               |myproject_fifo_w16_d2_S_ShiftReg_380                                                       |    93|
|195   |  layer16_out_U                                                      |myproject_fifo_w16_d2_S_65                                                                 |   100|
|196   |    U_myproject_fifo_w16_d2_S_ShiftReg                               |myproject_fifo_w16_d2_S_ShiftReg_379                                                       |    87|
|197   |  layer18_out_10_U                                                   |myproject_fifo_w8_d2_S_66                                                                  |    48|
|198   |    U_myproject_fifo_w8_d2_S_ShiftReg                                |myproject_fifo_w8_d2_S_ShiftReg_378                                                        |    33|
|199   |  layer18_out_11_U                                                   |myproject_fifo_w8_d2_S_67                                                                  |    50|
|200   |    U_myproject_fifo_w8_d2_S_ShiftReg                                |myproject_fifo_w8_d2_S_ShiftReg_377                                                        |    33|
|201   |  layer18_out_12_U                                                   |myproject_fifo_w8_d2_S_68                                                                  |    48|
|202   |    U_myproject_fifo_w8_d2_S_ShiftReg                                |myproject_fifo_w8_d2_S_ShiftReg_376                                                        |    33|
|203   |  layer18_out_13_U                                                   |myproject_fifo_w8_d2_S_69                                                                  |    48|
|204   |    U_myproject_fifo_w8_d2_S_ShiftReg                                |myproject_fifo_w8_d2_S_ShiftReg_375                                                        |    33|
|205   |  layer18_out_14_U                                                   |myproject_fifo_w8_d2_S_70                                                                  |    48|
|206   |    U_myproject_fifo_w8_d2_S_ShiftReg                                |myproject_fifo_w8_d2_S_ShiftReg_374                                                        |    33|
|207   |  layer18_out_15_U                                                   |myproject_fifo_w8_d2_S_71                                                                  |    48|
|208   |    U_myproject_fifo_w8_d2_S_ShiftReg                                |myproject_fifo_w8_d2_S_ShiftReg_373                                                        |    33|
|209   |  layer18_out_16_U                                                   |myproject_fifo_w8_d2_S_72                                                                  |    50|
|210   |    U_myproject_fifo_w8_d2_S_ShiftReg                                |myproject_fifo_w8_d2_S_ShiftReg_372                                                        |    33|
|211   |  layer18_out_17_U                                                   |myproject_fifo_w8_d2_S_73                                                                  |    50|
|212   |    U_myproject_fifo_w8_d2_S_ShiftReg                                |myproject_fifo_w8_d2_S_ShiftReg_371                                                        |    33|
|213   |  layer18_out_18_U                                                   |myproject_fifo_w8_d2_S_74                                                                  |    48|
|214   |    U_myproject_fifo_w8_d2_S_ShiftReg                                |myproject_fifo_w8_d2_S_ShiftReg_370                                                        |    33|
|215   |  layer18_out_19_U                                                   |myproject_fifo_w8_d2_S_75                                                                  |    48|
|216   |    U_myproject_fifo_w8_d2_S_ShiftReg                                |myproject_fifo_w8_d2_S_ShiftReg_369                                                        |    33|
|217   |  layer18_out_1_U                                                    |myproject_fifo_w8_d2_S_76                                                                  |    48|
|218   |    U_myproject_fifo_w8_d2_S_ShiftReg                                |myproject_fifo_w8_d2_S_ShiftReg_368                                                        |    33|
|219   |  layer18_out_20_U                                                   |myproject_fifo_w8_d2_S_77                                                                  |    49|
|220   |    U_myproject_fifo_w8_d2_S_ShiftReg                                |myproject_fifo_w8_d2_S_ShiftReg_367                                                        |    33|
|221   |  layer18_out_21_U                                                   |myproject_fifo_w8_d2_S_78                                                                  |    48|
|222   |    U_myproject_fifo_w8_d2_S_ShiftReg                                |myproject_fifo_w8_d2_S_ShiftReg_366                                                        |    33|
|223   |  layer18_out_22_U                                                   |myproject_fifo_w8_d2_S_79                                                                  |    48|
|224   |    U_myproject_fifo_w8_d2_S_ShiftReg                                |myproject_fifo_w8_d2_S_ShiftReg_365                                                        |    33|
|225   |  layer18_out_23_U                                                   |myproject_fifo_w8_d2_S_80                                                                  |    50|
|226   |    U_myproject_fifo_w8_d2_S_ShiftReg                                |myproject_fifo_w8_d2_S_ShiftReg_364                                                        |    33|
|227   |  layer18_out_2_U                                                    |myproject_fifo_w8_d2_S_81                                                                  |    48|
|228   |    U_myproject_fifo_w8_d2_S_ShiftReg                                |myproject_fifo_w8_d2_S_ShiftReg_363                                                        |    33|
|229   |  layer18_out_3_U                                                    |myproject_fifo_w8_d2_S_82                                                                  |    49|
|230   |    U_myproject_fifo_w8_d2_S_ShiftReg                                |myproject_fifo_w8_d2_S_ShiftReg_362                                                        |    33|
|231   |  layer18_out_4_U                                                    |myproject_fifo_w8_d2_S_83                                                                  |    49|
|232   |    U_myproject_fifo_w8_d2_S_ShiftReg                                |myproject_fifo_w8_d2_S_ShiftReg_361                                                        |    33|
|233   |  layer18_out_5_U                                                    |myproject_fifo_w8_d2_S_84                                                                  |    50|
|234   |    U_myproject_fifo_w8_d2_S_ShiftReg                                |myproject_fifo_w8_d2_S_ShiftReg_360                                                        |    33|
|235   |  layer18_out_6_U                                                    |myproject_fifo_w8_d2_S_85                                                                  |    48|
|236   |    U_myproject_fifo_w8_d2_S_ShiftReg                                |myproject_fifo_w8_d2_S_ShiftReg_359                                                        |    33|
|237   |  layer18_out_7_U                                                    |myproject_fifo_w8_d2_S_86                                                                  |    48|
|238   |    U_myproject_fifo_w8_d2_S_ShiftReg                                |myproject_fifo_w8_d2_S_ShiftReg_358                                                        |    33|
|239   |  layer18_out_8_U                                                    |myproject_fifo_w8_d2_S_87                                                                  |    48|
|240   |    U_myproject_fifo_w8_d2_S_ShiftReg                                |myproject_fifo_w8_d2_S_ShiftReg_357                                                        |    33|
|241   |  layer18_out_9_U                                                    |myproject_fifo_w8_d2_S_88                                                                  |    50|
|242   |    U_myproject_fifo_w8_d2_S_ShiftReg                                |myproject_fifo_w8_d2_S_ShiftReg_356                                                        |    33|
|243   |  layer18_out_U                                                      |myproject_fifo_w8_d2_S_89                                                                  |    48|
|244   |    U_myproject_fifo_w8_d2_S_ShiftReg                                |myproject_fifo_w8_d2_S_ShiftReg_355                                                        |    33|
|245   |  layer19_out_1_U                                                    |myproject_fifo_w8_d3_S                                                                     |    26|
|246   |    U_myproject_fifo_w8_d3_S_ShiftReg                                |myproject_fifo_w8_d3_S_ShiftReg_354                                                        |     8|
|247   |  layer19_out_2_U                                                    |myproject_fifo_w8_d3_S_90                                                                  |    40|
|248   |    U_myproject_fifo_w8_d3_S_ShiftReg                                |myproject_fifo_w8_d3_S_ShiftReg_353                                                        |    16|
|249   |  layer19_out_3_U                                                    |myproject_fifo_w8_d3_S_91                                                                  |    25|
|250   |    U_myproject_fifo_w8_d3_S_ShiftReg                                |myproject_fifo_w8_d3_S_ShiftReg_352                                                        |     8|
|251   |  layer19_out_4_U                                                    |myproject_fifo_w8_d3_S_92                                                                  |    25|
|252   |    U_myproject_fifo_w8_d3_S_ShiftReg                                |myproject_fifo_w8_d3_S_ShiftReg_351                                                        |     8|
|253   |  layer19_out_5_U                                                    |myproject_fifo_w8_d3_S_93                                                                  |    26|
|254   |    U_myproject_fifo_w8_d3_S_ShiftReg                                |myproject_fifo_w8_d3_S_ShiftReg_350                                                        |     8|
|255   |  layer19_out_U                                                      |myproject_fifo_w8_d3_S_94                                                                  |    26|
|256   |    U_myproject_fifo_w8_d3_S_ShiftReg                                |myproject_fifo_w8_d3_S_ShiftReg_349                                                        |     8|
|257   |  layer20_out_10_U                                                   |myproject_fifo_w10_d2_S                                                                    |    38|
|258   |    U_myproject_fifo_w10_d2_S_ShiftReg                               |myproject_fifo_w10_d2_S_ShiftReg_348                                                       |    25|
|259   |  layer20_out_11_U                                                   |myproject_fifo_w10_d2_S_95                                                                 |    38|
|260   |    U_myproject_fifo_w10_d2_S_ShiftReg                               |myproject_fifo_w10_d2_S_ShiftReg_347                                                       |    25|
|261   |  layer20_out_12_U                                                   |myproject_fifo_w10_d2_S_96                                                                 |    38|
|262   |    U_myproject_fifo_w10_d2_S_ShiftReg                               |myproject_fifo_w10_d2_S_ShiftReg_346                                                       |    25|
|263   |  layer20_out_13_U                                                   |myproject_fifo_w10_d2_S_97                                                                 |    40|
|264   |    U_myproject_fifo_w10_d2_S_ShiftReg                               |myproject_fifo_w10_d2_S_ShiftReg_345                                                       |    25|
|265   |  layer20_out_14_U                                                   |myproject_fifo_w10_d2_S_98                                                                 |    40|
|266   |    U_myproject_fifo_w10_d2_S_ShiftReg                               |myproject_fifo_w10_d2_S_ShiftReg_344                                                       |    25|
|267   |  layer20_out_15_U                                                   |myproject_fifo_w10_d2_S_99                                                                 |    39|
|268   |    U_myproject_fifo_w10_d2_S_ShiftReg                               |myproject_fifo_w10_d2_S_ShiftReg_343                                                       |    25|
|269   |  layer20_out_16_U                                                   |myproject_fifo_w10_d2_S_100                                                                |    40|
|270   |    U_myproject_fifo_w10_d2_S_ShiftReg                               |myproject_fifo_w10_d2_S_ShiftReg_342                                                       |    25|
|271   |  layer20_out_17_U                                                   |myproject_fifo_w10_d2_S_101                                                                |    38|
|272   |    U_myproject_fifo_w10_d2_S_ShiftReg                               |myproject_fifo_w10_d2_S_ShiftReg_341                                                       |    25|
|273   |  layer20_out_18_U                                                   |myproject_fifo_w10_d2_S_102                                                                |    38|
|274   |    U_myproject_fifo_w10_d2_S_ShiftReg                               |myproject_fifo_w10_d2_S_ShiftReg_340                                                       |    25|
|275   |  layer20_out_19_U                                                   |myproject_fifo_w10_d2_S_103                                                                |    39|
|276   |    U_myproject_fifo_w10_d2_S_ShiftReg                               |myproject_fifo_w10_d2_S_ShiftReg_339                                                       |    25|
|277   |  layer20_out_1_U                                                    |myproject_fifo_w10_d2_S_104                                                                |    39|
|278   |    U_myproject_fifo_w10_d2_S_ShiftReg                               |myproject_fifo_w10_d2_S_ShiftReg_338                                                       |    25|
|279   |  layer20_out_20_U                                                   |myproject_fifo_w10_d2_S_105                                                                |    39|
|280   |    U_myproject_fifo_w10_d2_S_ShiftReg                               |myproject_fifo_w10_d2_S_ShiftReg_337                                                       |    25|
|281   |  layer20_out_21_U                                                   |myproject_fifo_w10_d2_S_106                                                                |    40|
|282   |    U_myproject_fifo_w10_d2_S_ShiftReg                               |myproject_fifo_w10_d2_S_ShiftReg_336                                                       |    25|
|283   |  layer20_out_22_U                                                   |myproject_fifo_w10_d2_S_107                                                                |    39|
|284   |    U_myproject_fifo_w10_d2_S_ShiftReg                               |myproject_fifo_w10_d2_S_ShiftReg_335                                                       |    25|
|285   |  layer20_out_23_U                                                   |myproject_fifo_w10_d2_S_108                                                                |    39|
|286   |    U_myproject_fifo_w10_d2_S_ShiftReg                               |myproject_fifo_w10_d2_S_ShiftReg_334                                                       |    25|
|287   |  layer20_out_24_U                                                   |myproject_fifo_w10_d2_S_109                                                                |    40|
|288   |    U_myproject_fifo_w10_d2_S_ShiftReg                               |myproject_fifo_w10_d2_S_ShiftReg_333                                                       |    25|
|289   |  layer20_out_25_U                                                   |myproject_fifo_w10_d2_S_110                                                                |    38|
|290   |    U_myproject_fifo_w10_d2_S_ShiftReg                               |myproject_fifo_w10_d2_S_ShiftReg_332                                                       |    25|
|291   |  layer20_out_26_U                                                   |myproject_fifo_w10_d2_S_111                                                                |    39|
|292   |    U_myproject_fifo_w10_d2_S_ShiftReg                               |myproject_fifo_w10_d2_S_ShiftReg_331                                                       |    25|
|293   |  layer20_out_27_U                                                   |myproject_fifo_w10_d2_S_112                                                                |    42|
|294   |    U_myproject_fifo_w10_d2_S_ShiftReg                               |myproject_fifo_w10_d2_S_ShiftReg_330                                                       |    25|
|295   |  layer20_out_28_U                                                   |myproject_fifo_w10_d2_S_113                                                                |    38|
|296   |    U_myproject_fifo_w10_d2_S_ShiftReg                               |myproject_fifo_w10_d2_S_ShiftReg_329                                                       |    25|
|297   |  layer20_out_29_U                                                   |myproject_fifo_w10_d2_S_114                                                                |    38|
|298   |    U_myproject_fifo_w10_d2_S_ShiftReg                               |myproject_fifo_w10_d2_S_ShiftReg_328                                                       |    25|
|299   |  layer20_out_2_U                                                    |myproject_fifo_w10_d2_S_115                                                                |    38|
|300   |    U_myproject_fifo_w10_d2_S_ShiftReg                               |myproject_fifo_w10_d2_S_ShiftReg_327                                                       |    25|
|301   |  layer20_out_3_U                                                    |myproject_fifo_w10_d2_S_116                                                                |    39|
|302   |    U_myproject_fifo_w10_d2_S_ShiftReg                               |myproject_fifo_w10_d2_S_ShiftReg_326                                                       |    25|
|303   |  layer20_out_4_U                                                    |myproject_fifo_w10_d2_S_117                                                                |    39|
|304   |    U_myproject_fifo_w10_d2_S_ShiftReg                               |myproject_fifo_w10_d2_S_ShiftReg_325                                                       |    25|
|305   |  layer20_out_5_U                                                    |myproject_fifo_w10_d2_S_118                                                                |    40|
|306   |    U_myproject_fifo_w10_d2_S_ShiftReg                               |myproject_fifo_w10_d2_S_ShiftReg_324                                                       |    25|
|307   |  layer20_out_6_U                                                    |myproject_fifo_w10_d2_S_119                                                                |    39|
|308   |    U_myproject_fifo_w10_d2_S_ShiftReg                               |myproject_fifo_w10_d2_S_ShiftReg_323                                                       |    25|
|309   |  layer20_out_7_U                                                    |myproject_fifo_w10_d2_S_120                                                                |    38|
|310   |    U_myproject_fifo_w10_d2_S_ShiftReg                               |myproject_fifo_w10_d2_S_ShiftReg_322                                                       |    25|
|311   |  layer20_out_8_U                                                    |myproject_fifo_w10_d2_S_121                                                                |    38|
|312   |    U_myproject_fifo_w10_d2_S_ShiftReg                               |myproject_fifo_w10_d2_S_ShiftReg_321                                                       |    25|
|313   |  layer20_out_9_U                                                    |myproject_fifo_w10_d2_S_122                                                                |    40|
|314   |    U_myproject_fifo_w10_d2_S_ShiftReg                               |myproject_fifo_w10_d2_S_ShiftReg_320                                                       |    25|
|315   |  layer20_out_U                                                      |myproject_fifo_w10_d2_S_123                                                                |    40|
|316   |    U_myproject_fifo_w10_d2_S_ShiftReg                               |myproject_fifo_w10_d2_S_ShiftReg                                                           |    25|
|317   |  layer21_out_10_U                                                   |myproject_fifo_w16_d2_S_124                                                                |   107|
|318   |    U_myproject_fifo_w16_d2_S_ShiftReg                               |myproject_fifo_w16_d2_S_ShiftReg_319                                                       |    93|
|319   |  layer21_out_11_U                                                   |myproject_fifo_w16_d2_S_125                                                                |   121|
|320   |    U_myproject_fifo_w16_d2_S_ShiftReg                               |myproject_fifo_w16_d2_S_ShiftReg_318                                                       |    93|
|321   |  layer21_out_1_U                                                    |myproject_fifo_w16_d2_S_126                                                                |   107|
|322   |    U_myproject_fifo_w16_d2_S_ShiftReg                               |myproject_fifo_w16_d2_S_ShiftReg_317                                                       |    93|
|323   |  layer21_out_2_U                                                    |myproject_fifo_w16_d2_S_127                                                                |   107|
|324   |    U_myproject_fifo_w16_d2_S_ShiftReg                               |myproject_fifo_w16_d2_S_ShiftReg_316                                                       |    93|
|325   |  layer21_out_3_U                                                    |myproject_fifo_w16_d2_S_128                                                                |   109|
|326   |    U_myproject_fifo_w16_d2_S_ShiftReg                               |myproject_fifo_w16_d2_S_ShiftReg_315                                                       |    93|
|327   |  layer21_out_4_U                                                    |myproject_fifo_w16_d2_S_129                                                                |   107|
|328   |    U_myproject_fifo_w16_d2_S_ShiftReg                               |myproject_fifo_w16_d2_S_ShiftReg_314                                                       |    93|
|329   |  layer21_out_5_U                                                    |myproject_fifo_w16_d2_S_130                                                                |   107|
|330   |    U_myproject_fifo_w16_d2_S_ShiftReg                               |myproject_fifo_w16_d2_S_ShiftReg_313                                                       |    93|
|331   |  layer21_out_6_U                                                    |myproject_fifo_w16_d2_S_131                                                                |   107|
|332   |    U_myproject_fifo_w16_d2_S_ShiftReg                               |myproject_fifo_w16_d2_S_ShiftReg_312                                                       |    93|
|333   |  layer21_out_7_U                                                    |myproject_fifo_w16_d2_S_132                                                                |   108|
|334   |    U_myproject_fifo_w16_d2_S_ShiftReg                               |myproject_fifo_w16_d2_S_ShiftReg_311                                                       |    93|
|335   |  layer21_out_8_U                                                    |myproject_fifo_w16_d2_S_133                                                                |   107|
|336   |    U_myproject_fifo_w16_d2_S_ShiftReg                               |myproject_fifo_w16_d2_S_ShiftReg_310                                                       |    93|
|337   |  layer21_out_9_U                                                    |myproject_fifo_w16_d2_S_134                                                                |   108|
|338   |    U_myproject_fifo_w16_d2_S_ShiftReg                               |myproject_fifo_w16_d2_S_ShiftReg_309                                                       |    93|
|339   |  layer21_out_U                                                      |myproject_fifo_w16_d2_S_135                                                                |   107|
|340   |    U_myproject_fifo_w16_d2_S_ShiftReg                               |myproject_fifo_w16_d2_S_ShiftReg                                                           |    93|
|341   |  layer23_out_3_U                                                    |myproject_fifo_w8_d2_S_140                                                                 |    41|
|342   |    U_myproject_fifo_w8_d2_S_ShiftReg                                |myproject_fifo_w8_d2_S_ShiftReg_304                                                        |    24|
|343   |  layer23_out_8_U                                                    |myproject_fifo_w8_d2_S_145                                                                 |    39|
|344   |    U_myproject_fifo_w8_d2_S_ShiftReg                                |myproject_fifo_w8_d2_S_ShiftReg_299                                                        |    24|
|345   |  layer23_out_9_U                                                    |myproject_fifo_w8_d2_S_146                                                                 |    39|
|346   |    U_myproject_fifo_w8_d2_S_ShiftReg                                |myproject_fifo_w8_d2_S_ShiftReg_298                                                        |    24|
|347   |  layer23_out_U                                                      |myproject_fifo_w8_d2_S_147                                                                 |    39|
|348   |    U_myproject_fifo_w8_d2_S_ShiftReg                                |myproject_fifo_w8_d2_S_ShiftReg_297                                                        |    24|
|349   |  layer24_out_1_U                                                    |myproject_fifo_w15_d2_S                                                                    |   106|
|350   |    U_myproject_fifo_w15_d2_S_ShiftReg                               |myproject_fifo_w15_d2_S_ShiftReg_296                                                       |    90|
|351   |  layer24_out_2_U                                                    |myproject_fifo_w15_d2_S_148                                                                |   104|
|352   |    U_myproject_fifo_w15_d2_S_ShiftReg                               |myproject_fifo_w15_d2_S_ShiftReg_295                                                       |    90|
|353   |  layer24_out_3_U                                                    |myproject_fifo_w15_d2_S_149                                                                |   104|
|354   |    U_myproject_fifo_w15_d2_S_ShiftReg                               |myproject_fifo_w15_d2_S_ShiftReg_294                                                       |    90|
|355   |  layer24_out_U                                                      |myproject_fifo_w15_d2_S_150                                                                |   103|
|356   |    U_myproject_fifo_w15_d2_S_ShiftReg                               |myproject_fifo_w15_d2_S_ShiftReg                                                           |    90|
|357   |  layer26_out_1_U                                                    |myproject_fifo_w8_d2_S_151                                                                 |    39|
|358   |    U_myproject_fifo_w8_d2_S_ShiftReg                                |myproject_fifo_w8_d2_S_ShiftReg_293                                                        |    24|
|359   |  layer26_out_2_U                                                    |myproject_fifo_w8_d2_S_152                                                                 |    39|
|360   |    U_myproject_fifo_w8_d2_S_ShiftReg                                |myproject_fifo_w8_d2_S_ShiftReg_292                                                        |    24|
|361   |  layer26_out_3_U                                                    |myproject_fifo_w8_d2_S_153                                                                 |    42|
|362   |    U_myproject_fifo_w8_d2_S_ShiftReg                                |myproject_fifo_w8_d2_S_ShiftReg_291                                                        |    24|
|363   |  layer27_out_U                                                      |myproject_fifo_w14_d2_S                                                                    |   100|
|364   |    U_myproject_fifo_w14_d2_S_ShiftReg                               |myproject_fifo_w14_d2_S_ShiftReg                                                           |    88|
|365   |  layer3_out_10_U                                                    |myproject_fifo_w8_d2_S_155                                                                 |    63|
|366   |    U_myproject_fifo_w8_d2_S_ShiftReg                                |myproject_fifo_w8_d2_S_ShiftReg_289                                                        |    46|
|367   |  layer3_out_11_U                                                    |myproject_fifo_w8_d2_S_156                                                                 |    62|
|368   |    U_myproject_fifo_w8_d2_S_ShiftReg                                |myproject_fifo_w8_d2_S_ShiftReg_288                                                        |    46|
|369   |  layer3_out_12_U                                                    |myproject_fifo_w8_d2_S_157                                                                 |    62|
|370   |    U_myproject_fifo_w8_d2_S_ShiftReg                                |myproject_fifo_w8_d2_S_ShiftReg_287                                                        |    46|
|371   |  layer3_out_13_U                                                    |myproject_fifo_w8_d2_S_158                                                                 |    61|
|372   |    U_myproject_fifo_w8_d2_S_ShiftReg                                |myproject_fifo_w8_d2_S_ShiftReg_286                                                        |    46|
|373   |  layer3_out_14_U                                                    |myproject_fifo_w8_d2_S_159                                                                 |    62|
|374   |    U_myproject_fifo_w8_d2_S_ShiftReg                                |myproject_fifo_w8_d2_S_ShiftReg_285                                                        |    46|
|375   |  layer3_out_15_U                                                    |myproject_fifo_w8_d2_S_160                                                                 |    61|
|376   |    U_myproject_fifo_w8_d2_S_ShiftReg                                |myproject_fifo_w8_d2_S_ShiftReg_284                                                        |    46|
|377   |  layer3_out_16_U                                                    |myproject_fifo_w8_d2_S_161                                                                 |    63|
|378   |    U_myproject_fifo_w8_d2_S_ShiftReg                                |myproject_fifo_w8_d2_S_ShiftReg_283                                                        |    46|
|379   |  layer3_out_17_U                                                    |myproject_fifo_w8_d2_S_162                                                                 |    61|
|380   |    U_myproject_fifo_w8_d2_S_ShiftReg                                |myproject_fifo_w8_d2_S_ShiftReg_282                                                        |    46|
|381   |  layer3_out_18_U                                                    |myproject_fifo_w8_d2_S_163                                                                 |    63|
|382   |    U_myproject_fifo_w8_d2_S_ShiftReg                                |myproject_fifo_w8_d2_S_ShiftReg_281                                                        |    46|
|383   |  layer3_out_19_U                                                    |myproject_fifo_w8_d2_S_164                                                                 |    61|
|384   |    U_myproject_fifo_w8_d2_S_ShiftReg                                |myproject_fifo_w8_d2_S_ShiftReg_280                                                        |    46|
|385   |  layer3_out_1_U                                                     |myproject_fifo_w8_d2_S_165                                                                 |    62|
|386   |    U_myproject_fifo_w8_d2_S_ShiftReg                                |myproject_fifo_w8_d2_S_ShiftReg_279                                                        |    45|
|387   |  layer3_out_20_U                                                    |myproject_fifo_w8_d2_S_166                                                                 |    61|
|388   |    U_myproject_fifo_w8_d2_S_ShiftReg                                |myproject_fifo_w8_d2_S_ShiftReg_278                                                        |    46|
|389   |  layer3_out_2_U                                                     |myproject_fifo_w8_d2_S_167                                                                 |    61|
|390   |    U_myproject_fifo_w8_d2_S_ShiftReg                                |myproject_fifo_w8_d2_S_ShiftReg_277                                                        |    46|
|391   |  layer3_out_3_U                                                     |myproject_fifo_w8_d2_S_168                                                                 |    62|
|392   |    U_myproject_fifo_w8_d2_S_ShiftReg                                |myproject_fifo_w8_d2_S_ShiftReg_276                                                        |    46|
|393   |  layer3_out_4_U                                                     |myproject_fifo_w8_d2_S_169                                                                 |    62|
|394   |    U_myproject_fifo_w8_d2_S_ShiftReg                                |myproject_fifo_w8_d2_S_ShiftReg_275                                                        |    46|
|395   |  layer3_out_5_U                                                     |myproject_fifo_w8_d2_S_170                                                                 |    62|
|396   |    U_myproject_fifo_w8_d2_S_ShiftReg                                |myproject_fifo_w8_d2_S_ShiftReg_274                                                        |    46|
|397   |  layer3_out_6_U                                                     |myproject_fifo_w8_d2_S_171                                                                 |    62|
|398   |    U_myproject_fifo_w8_d2_S_ShiftReg                                |myproject_fifo_w8_d2_S_ShiftReg_273                                                        |    46|
|399   |  layer3_out_7_U                                                     |myproject_fifo_w8_d2_S_172                                                                 |    61|
|400   |    U_myproject_fifo_w8_d2_S_ShiftReg                                |myproject_fifo_w8_d2_S_ShiftReg_272                                                        |    46|
|401   |  layer3_out_8_U                                                     |myproject_fifo_w8_d2_S_173                                                                 |    61|
|402   |    U_myproject_fifo_w8_d2_S_ShiftReg                                |myproject_fifo_w8_d2_S_ShiftReg_271                                                        |    46|
|403   |  layer3_out_9_U                                                     |myproject_fifo_w8_d2_S_174                                                                 |    62|
|404   |    U_myproject_fifo_w8_d2_S_ShiftReg                                |myproject_fifo_w8_d2_S_ShiftReg_270                                                        |    46|
|405   |  layer3_out_U                                                       |myproject_fifo_w8_d2_S_175                                                                 |    63|
|406   |    U_myproject_fifo_w8_d2_S_ShiftReg                                |myproject_fifo_w8_d2_S_ShiftReg_269                                                        |    46|
|407   |  layer4_out_10_U                                                    |myproject_fifo_w8_d2_S_176                                                                 |    51|
|408   |    U_myproject_fifo_w8_d2_S_ShiftReg                                |myproject_fifo_w8_d2_S_ShiftReg_268                                                        |    36|
|409   |  layer4_out_11_U                                                    |myproject_fifo_w8_d2_S_177                                                                 |    51|
|410   |    U_myproject_fifo_w8_d2_S_ShiftReg                                |myproject_fifo_w8_d2_S_ShiftReg_267                                                        |    36|
|411   |  layer4_out_12_U                                                    |myproject_fifo_w8_d2_S_178                                                                 |    51|
|412   |    U_myproject_fifo_w8_d2_S_ShiftReg                                |myproject_fifo_w8_d2_S_ShiftReg_266                                                        |    36|
|413   |  layer4_out_1_U                                                     |myproject_fifo_w8_d2_S_179                                                                 |    52|
|414   |    U_myproject_fifo_w8_d2_S_ShiftReg                                |myproject_fifo_w8_d2_S_ShiftReg_265                                                        |    36|
|415   |  layer4_out_2_U                                                     |myproject_fifo_w8_d2_S_180                                                                 |    52|
|416   |    U_myproject_fifo_w8_d2_S_ShiftReg                                |myproject_fifo_w8_d2_S_ShiftReg_264                                                        |    36|
|417   |  layer4_out_3_U                                                     |myproject_fifo_w8_d2_S_181                                                                 |    57|
|418   |    U_myproject_fifo_w8_d2_S_ShiftReg                                |myproject_fifo_w8_d2_S_ShiftReg_263                                                        |    36|
|419   |  layer4_out_4_U                                                     |myproject_fifo_w8_d2_S_182                                                                 |    51|
|420   |    U_myproject_fifo_w8_d2_S_ShiftReg                                |myproject_fifo_w8_d2_S_ShiftReg_262                                                        |    36|
|421   |  layer4_out_5_U                                                     |myproject_fifo_w8_d2_S_183                                                                 |    51|
|422   |    U_myproject_fifo_w8_d2_S_ShiftReg                                |myproject_fifo_w8_d2_S_ShiftReg_261                                                        |    36|
|423   |  layer4_out_6_U                                                     |myproject_fifo_w8_d2_S_184                                                                 |    52|
|424   |    U_myproject_fifo_w8_d2_S_ShiftReg                                |myproject_fifo_w8_d2_S_ShiftReg_260                                                        |    36|
|425   |  layer4_out_7_U                                                     |myproject_fifo_w8_d2_S_185                                                                 |    52|
|426   |    U_myproject_fifo_w8_d2_S_ShiftReg                                |myproject_fifo_w8_d2_S_ShiftReg_259                                                        |    36|
|427   |  layer4_out_8_U                                                     |myproject_fifo_w8_d2_S_186                                                                 |    52|
|428   |    U_myproject_fifo_w8_d2_S_ShiftReg                                |myproject_fifo_w8_d2_S_ShiftReg_258                                                        |    36|
|429   |  layer4_out_9_U                                                     |myproject_fifo_w8_d2_S_187                                                                 |    52|
|430   |    U_myproject_fifo_w8_d2_S_ShiftReg                                |myproject_fifo_w8_d2_S_ShiftReg_257                                                        |    36|
|431   |  layer4_out_U                                                       |myproject_fifo_w8_d2_S_188                                                                 |    52|
|432   |    U_myproject_fifo_w8_d2_S_ShiftReg                                |myproject_fifo_w8_d2_S_ShiftReg                                                            |    36|
|433   |  layer8_out_10_U                                                    |myproject_fifo_w11_d2_S_189                                                                |    47|
|434   |    U_myproject_fifo_w11_d2_S_ShiftReg                               |myproject_fifo_w11_d2_S_ShiftReg_256                                                       |    32|
|435   |  layer8_out_11_U                                                    |myproject_fifo_w11_d2_S_190                                                                |    47|
|436   |    U_myproject_fifo_w11_d2_S_ShiftReg                               |myproject_fifo_w11_d2_S_ShiftReg_255                                                       |    32|
|437   |  layer8_out_12_U                                                    |myproject_fifo_w11_d2_S_191                                                                |    51|
|438   |    U_myproject_fifo_w11_d2_S_ShiftReg                               |myproject_fifo_w11_d2_S_ShiftReg_254                                                       |    32|
|439   |  layer8_out_13_U                                                    |myproject_fifo_w11_d2_S_192                                                                |    48|
|440   |    U_myproject_fifo_w11_d2_S_ShiftReg                               |myproject_fifo_w11_d2_S_ShiftReg_253                                                       |    32|
|441   |  layer8_out_14_U                                                    |myproject_fifo_w11_d2_S_193                                                                |    47|
|442   |    U_myproject_fifo_w11_d2_S_ShiftReg                               |myproject_fifo_w11_d2_S_ShiftReg_252                                                       |    32|
|443   |  layer8_out_15_U                                                    |myproject_fifo_w11_d2_S_194                                                                |    47|
|444   |    U_myproject_fifo_w11_d2_S_ShiftReg                               |myproject_fifo_w11_d2_S_ShiftReg_251                                                       |    32|
|445   |  layer8_out_16_U                                                    |myproject_fifo_w11_d2_S_195                                                                |    47|
|446   |    U_myproject_fifo_w11_d2_S_ShiftReg                               |myproject_fifo_w11_d2_S_ShiftReg_250                                                       |    32|
|447   |  layer8_out_17_U                                                    |myproject_fifo_w11_d2_S_196                                                                |    47|
|448   |    U_myproject_fifo_w11_d2_S_ShiftReg                               |myproject_fifo_w11_d2_S_ShiftReg_249                                                       |    32|
|449   |  layer8_out_18_U                                                    |myproject_fifo_w11_d2_S_197                                                                |    48|
|450   |    U_myproject_fifo_w11_d2_S_ShiftReg                               |myproject_fifo_w11_d2_S_ShiftReg_248                                                       |    32|
|451   |  layer8_out_19_U                                                    |myproject_fifo_w11_d2_S_198                                                                |    50|
|452   |    U_myproject_fifo_w11_d2_S_ShiftReg                               |myproject_fifo_w11_d2_S_ShiftReg_247                                                       |    32|
|453   |  layer8_out_1_U                                                     |myproject_fifo_w11_d2_S_199                                                                |    47|
|454   |    U_myproject_fifo_w11_d2_S_ShiftReg                               |myproject_fifo_w11_d2_S_ShiftReg_246                                                       |    32|
|455   |  layer8_out_20_U                                                    |myproject_fifo_w11_d2_S_200                                                                |    47|
|456   |    U_myproject_fifo_w11_d2_S_ShiftReg                               |myproject_fifo_w11_d2_S_ShiftReg_245                                                       |    32|
|457   |  layer8_out_21_U                                                    |myproject_fifo_w11_d2_S_201                                                                |    47|
|458   |    U_myproject_fifo_w11_d2_S_ShiftReg                               |myproject_fifo_w11_d2_S_ShiftReg_244                                                       |    32|
|459   |  layer8_out_22_U                                                    |myproject_fifo_w11_d2_S_202                                                                |    47|
|460   |    U_myproject_fifo_w11_d2_S_ShiftReg                               |myproject_fifo_w11_d2_S_ShiftReg_243                                                       |    32|
|461   |  layer8_out_23_U                                                    |myproject_fifo_w11_d2_S_203                                                                |    47|
|462   |    U_myproject_fifo_w11_d2_S_ShiftReg                               |myproject_fifo_w11_d2_S_ShiftReg_242                                                       |    32|
|463   |  layer8_out_24_U                                                    |myproject_fifo_w11_d2_S_204                                                                |    48|
|464   |    U_myproject_fifo_w11_d2_S_ShiftReg                               |myproject_fifo_w11_d2_S_ShiftReg_241                                                       |    32|
|465   |  layer8_out_25_U                                                    |myproject_fifo_w11_d2_S_205                                                                |    48|
|466   |    U_myproject_fifo_w11_d2_S_ShiftReg                               |myproject_fifo_w11_d2_S_ShiftReg_240                                                       |    32|
|467   |  layer8_out_26_U                                                    |myproject_fifo_w11_d2_S_206                                                                |    47|
|468   |    U_myproject_fifo_w11_d2_S_ShiftReg                               |myproject_fifo_w11_d2_S_ShiftReg_239                                                       |    32|
|469   |  layer8_out_27_U                                                    |myproject_fifo_w11_d2_S_207                                                                |    47|
|470   |    U_myproject_fifo_w11_d2_S_ShiftReg                               |myproject_fifo_w11_d2_S_ShiftReg_238                                                       |    32|
|471   |  layer8_out_28_U                                                    |myproject_fifo_w11_d2_S_208                                                                |    47|
|472   |    U_myproject_fifo_w11_d2_S_ShiftReg                               |myproject_fifo_w11_d2_S_ShiftReg_237                                                       |    32|
|473   |  layer8_out_29_U                                                    |myproject_fifo_w11_d2_S_209                                                                |    47|
|474   |    U_myproject_fifo_w11_d2_S_ShiftReg                               |myproject_fifo_w11_d2_S_ShiftReg_236                                                       |    32|
|475   |  layer8_out_2_U                                                     |myproject_fifo_w11_d2_S_210                                                                |    47|
|476   |    U_myproject_fifo_w11_d2_S_ShiftReg                               |myproject_fifo_w11_d2_S_ShiftReg_235                                                       |    32|
|477   |  layer8_out_30_U                                                    |myproject_fifo_w11_d2_S_211                                                                |    48|
|478   |    U_myproject_fifo_w11_d2_S_ShiftReg                               |myproject_fifo_w11_d2_S_ShiftReg_234                                                       |    32|
|479   |  layer8_out_31_U                                                    |myproject_fifo_w11_d2_S_212                                                                |    48|
|480   |    U_myproject_fifo_w11_d2_S_ShiftReg                               |myproject_fifo_w11_d2_S_ShiftReg_233                                                       |    32|
|481   |  layer8_out_32_U                                                    |myproject_fifo_w11_d2_S_213                                                                |    47|
|482   |    U_myproject_fifo_w11_d2_S_ShiftReg                               |myproject_fifo_w11_d2_S_ShiftReg_232                                                       |    32|
|483   |  layer8_out_33_U                                                    |myproject_fifo_w11_d2_S_214                                                                |    47|
|484   |    U_myproject_fifo_w11_d2_S_ShiftReg                               |myproject_fifo_w11_d2_S_ShiftReg_231                                                       |    32|
|485   |  layer8_out_3_U                                                     |myproject_fifo_w11_d2_S_215                                                                |    47|
|486   |    U_myproject_fifo_w11_d2_S_ShiftReg                               |myproject_fifo_w11_d2_S_ShiftReg_230                                                       |    32|
|487   |  layer8_out_4_U                                                     |myproject_fifo_w11_d2_S_216                                                                |    47|
|488   |    U_myproject_fifo_w11_d2_S_ShiftReg                               |myproject_fifo_w11_d2_S_ShiftReg_229                                                       |    32|
|489   |  layer8_out_5_U                                                     |myproject_fifo_w11_d2_S_217                                                                |    47|
|490   |    U_myproject_fifo_w11_d2_S_ShiftReg                               |myproject_fifo_w11_d2_S_ShiftReg_228                                                       |    32|
|491   |  layer8_out_6_U                                                     |myproject_fifo_w11_d2_S_218                                                                |    48|
|492   |    U_myproject_fifo_w11_d2_S_ShiftReg                               |myproject_fifo_w11_d2_S_ShiftReg_227                                                       |    32|
|493   |  layer8_out_7_U                                                     |myproject_fifo_w11_d2_S_219                                                                |    48|
|494   |    U_myproject_fifo_w11_d2_S_ShiftReg                               |myproject_fifo_w11_d2_S_ShiftReg_226                                                       |    32|
|495   |  layer8_out_8_U                                                     |myproject_fifo_w11_d2_S_220                                                                |    47|
|496   |    U_myproject_fifo_w11_d2_S_ShiftReg                               |myproject_fifo_w11_d2_S_ShiftReg_225                                                       |    32|
|497   |  layer8_out_9_U                                                     |myproject_fifo_w11_d2_S_221                                                                |    47|
|498   |    U_myproject_fifo_w11_d2_S_ShiftReg                               |myproject_fifo_w11_d2_S_ShiftReg_224                                                       |    32|
|499   |  layer8_out_U                                                       |myproject_fifo_w11_d2_S_222                                                                |    49|
|500   |    U_myproject_fifo_w11_d2_S_ShiftReg                               |myproject_fifo_w11_d2_S_ShiftReg                                                           |    32|
|501   |  layer9_out_U                                                       |myproject_fifo_w8_d3_S_223                                                                 |    39|
|502   |    U_myproject_fifo_w8_d3_S_ShiftReg                                |myproject_fifo_w8_d3_S_ShiftReg                                                            |    21|
|503   |  linear_ap_fixed_16_6_5_3_0_ap_fixed_8_1_4_0_0_linear_config10_U0   |myproject_linear_ap_fixed_16_6_5_3_0_ap_fixed_8_1_4_0_0_linear_config10_s                  |    34|
|504   |  linear_ap_fixed_16_6_5_3_0_ap_fixed_8_1_4_0_0_linear_config11_U0   |myproject_linear_ap_fixed_16_6_5_3_0_ap_fixed_8_1_4_0_0_linear_config11_s                  |    34|
|505   |  linear_ap_fixed_16_6_5_3_0_ap_fixed_8_1_4_0_0_linear_config3_U0    |myproject_linear_ap_fixed_16_6_5_3_0_ap_fixed_8_1_4_0_0_linear_config3_s                   |   366|
|506   |  linear_ap_fixed_16_6_5_3_0_ap_fixed_8_1_4_0_0_linear_config4_U0    |myproject_linear_ap_fixed_16_6_5_3_0_ap_fixed_8_1_4_0_0_linear_config4_s                   |   377|
|507   |  linear_ap_fixed_16_6_5_3_0_ap_fixed_8_1_4_0_0_linear_config9_U0    |myproject_linear_ap_fixed_16_6_5_3_0_ap_fixed_8_1_4_0_0_linear_config9_s                   |    21|
|508   |  relu_ap_fixed_16_6_5_3_0_ap_ufixed_8_0_4_0_0_relu_config18_U0      |myproject_relu_ap_fixed_16_6_5_3_0_ap_ufixed_8_0_4_0_0_relu_config18_s                     |   229|
|509   |  relu_ap_fixed_16_6_5_3_0_ap_ufixed_8_0_4_0_0_relu_config19_U0      |myproject_relu_ap_fixed_16_6_5_3_0_ap_ufixed_8_0_4_0_0_relu_config19_s                     |    86|
|510   |  relu_ap_fixed_16_6_5_3_0_ap_ufixed_8_0_4_0_0_relu_config23_U0      |myproject_relu_ap_fixed_16_6_5_3_0_ap_ufixed_8_0_4_0_0_relu_config23_s                     |   119|
|511   |  relu_ap_fixed_16_6_5_3_0_ap_ufixed_8_0_4_0_0_relu_config26_U0      |myproject_relu_ap_fixed_16_6_5_3_0_ap_ufixed_8_0_4_0_0_relu_config26_s                     |    45|
+------+---------------------------------------------------------------------+-------------------------------------------------------------------------------------------+------+
---------------------------------------------------------------------------------
Finished Writing Synthesis Report : Time (s): cpu = 00:01:37 ; elapsed = 00:01:35 . Memory (MB): peak = 2656.883 ; gain = 976.688 ; free physical = 55837 ; free virtual = 185340
---------------------------------------------------------------------------------
Synthesis finished with 0 errors, 0 critical warnings and 241 warnings.
Synthesis Optimization Runtime : Time (s): cpu = 00:01:37 ; elapsed = 00:01:35 . Memory (MB): peak = 2656.883 ; gain = 976.688 ; free physical = 55833 ; free virtual = 185337
Synthesis Optimization Complete : Time (s): cpu = 00:01:37 ; elapsed = 00:01:35 . Memory (MB): peak = 2656.891 ; gain = 976.688 ; free physical = 55832 ; free virtual = 185336
INFO: [Project 1-571] Translating synthesized netlist
Netlist sorting complete. Time (s): cpu = 00:00:00.22 ; elapsed = 00:00:00.22 . Memory (MB): peak = 2656.891 ; gain = 0.000 ; free physical = 55144 ; free virtual = 184648
INFO: [Netlist 29-17] Analyzing 968 Unisim elements for replacement
INFO: [Netlist 29-28] Unisim Transformation completed in 0 CPU seconds
INFO: [Project 1-570] Preparing netlist for logic optimization
INFO: [Opt 31-138] Pushed 0 inverter(s) to 0 load pin(s).
Netlist sorting complete. Time (s): cpu = 00:00:00.01 ; elapsed = 00:00:00.01 . Memory (MB): peak = 2712.910 ; gain = 0.000 ; free physical = 56150 ; free virtual = 185513
INFO: [Project 1-111] Unisim Transformation Summary:
No Unisim elements were transformed.

Synth Design complete | Checksum: 766aa969
INFO: [Common 17-83] Releasing license: Synthesis
313 Infos, 161 Warnings, 0 Critical Warnings and 0 Errors encountered.
synth_design completed successfully
synth_design: Time (s): cpu = 00:01:50 ; elapsed = 00:01:44 . Memory (MB): peak = 2712.910 ; gain = 1039.746 ; free physical = 55897 ; free virtual = 185279
INFO: [Common 17-2834] synth_design peak Physical Memory [PSS] (MB): overall = 1819.803; main = 1505.598; forked = 320.114
INFO: [Common 17-2834] synth_design peak Virtual Memory [VSS] (MB): overall = 4313.375; main = 2712.914; forked = 1656.488
# report_utilization -file vivado_synth.rpt
INFO: [Common 17-206] Exiting Vivado at Tue Aug 11 06:40:29 2026...
***** VIVADO SYNTHESIS COMPLETED IN 0h1m56s *****
INFO: [HLS 200-112] Total CPU user time: 166.63 seconds. Total CPU system time: 8.23 seconds. Total elapsed time: 167.02 seconds; peak allocated memory: 878.211 MB.
