{
    "input_bits": 14,
    "input_int_bits": 3,
    "spatial_units": 72,
    "nmodule_xlocal_units": 12,
    "dense2_ratio": 0.2,
    "dense3_ratio": 0.30000000000000004,
    "dropout_rate": 0.0,
    "learning_rate": 0.0006194688410705385
}