{
    "spatial_units": 96,
    "nmodule_xlocal_units": 8,
    "dense2_ratio": 0.8,
    "dense3_ratio": 0.75,
    "dropout_rate": 0.15000000000000002,
    "learning_rate": 0.00036724670443596247
}