{
    "spatial_units": 80,
    "nmodule_xlocal_units": 12,
    "dense2_ratio": 0.7,
    "dense3_ratio": 0.95,
    "dropout_rate": 0.15000000000000002,
    "learning_rate": 0.0020571513013852606
}