{
    "spatial_units": 64,
    "nmodule_xlocal_units": 4,
    "dense2_ratio": 0.35000000000000003,
    "dense3_ratio": 0.7,
    "dropout_rate": 0.05,
    "learning_rate": 0.007764669056757976
}