{
    "spatial_units": 80,
    "nmodule_xlocal_units": 4,
    "dense2_ratio": 0.8,
    "dense3_ratio": 0.9000000000000001,
    "dropout_rate": 0.05,
    "learning_rate": 0.00019367160344936564
}