{
    "spatial_units": 64,
    "nmodule_xlocal_units": 16,
    "dense2_ratio": 0.75,
    "dense3_ratio": 0.6000000000000001,
    "dropout_rate": 0.05,
    "learning_rate": 0.0059237449094478485
}