{
    "spatial_units": 96,
    "nmodule_xlocal_units": 6,
    "dense2_ratio": 0.4,
    "dense3_ratio": 0.6000000000000001,
    "dropout_rate": 0.2,
    "learning_rate": 0.0003047566454213899
}