{
    "spatial_units": 96,
    "nmodule_xlocal_units": 6,
    "dense2_ratio": 0.6000000000000001,
    "dense3_ratio": 0.7,
    "dropout_rate": 0.05,
    "learning_rate": 0.007836255783976532
}