{
    "spatial_units": 80,
    "nmodule_xlocal_units": 10,
    "dense2_ratio": 0.9000000000000001,
    "dense3_ratio": 0.25,
    "dropout_rate": 0.25,
    "learning_rate": 0.00010301017394224362
}