{
    "spatial_units": 144,
    "nmodule_xlocal_units": 14,
    "dense2_ratio": 0.7,
    "dense3_ratio": 0.4,
    "dropout_rate": 0.15000000000000002,
    "learning_rate": 0.004035439859879942
}