{
    "spatial_units": 96,
    "nmodule_xlocal_units": 12,
    "dense2_ratio": 0.25,
    "dense3_ratio": 0.8500000000000001,
    "dropout_rate": 0.1,
    "learning_rate": 0.0006041820751401902
}