{
    "spatial_units": 144,
    "nmodule_xlocal_units": 14,
    "dense2_ratio": 0.9000000000000001,
    "dense3_ratio": 1.0,
    "dropout_rate": 0.0,
    "learning_rate": 0.0012625225902271942
}