{
    "spatial_units": 80,
    "nmodule_xlocal_units": 8,
    "dense2_ratio": 0.9000000000000001,
    "dense3_ratio": 0.5,
    "dropout_rate": 0.2,
    "learning_rate": 0.000263474572751995
}