{
    "spatial_units": 112,
    "nmodule_xlocal_units": 2,
    "dense2_ratio": 0.5,
    "dense3_ratio": 0.30000000000000004,
    "dropout_rate": 0.2,
    "learning_rate": 0.002726527367868604
}