{
    "spatial_units": 144,
    "nmodule_xlocal_units": 8,
    "dense2_ratio": 0.30000000000000004,
    "dense3_ratio": 0.30000000000000004,
    "dropout_rate": 0.0,
    "learning_rate": 0.00012326736443998143
}