{
    "spatial_units": 112,
    "nmodule_xlocal_units": 10,
    "dense2_ratio": 0.4,
    "dense3_ratio": 0.6000000000000001,
    "dropout_rate": 0.15000000000000002,
    "learning_rate": 0.008620552497440865
}