{
    "spatial_units": 96,
    "nmodule_xlocal_units": 16,
    "dense2_ratio": 0.35000000000000003,
    "dense3_ratio": 0.55,
    "dropout_rate": 0.25,
    "learning_rate": 0.0012129560775108322
}