{
    "spatial_units": 80,
    "nmodule_xlocal_units": 2,
    "dense2_ratio": 0.35000000000000003,
    "dense3_ratio": 0.25,
    "dropout_rate": 0.1,
    "learning_rate": 0.0009689679055404804
}