{
    "spatial_units": 128,
    "nmodule_xlocal_units": 10,
    "dense2_ratio": 0.6000000000000001,
    "dense3_ratio": 0.45,
    "dropout_rate": 0.25,
    "learning_rate": 0.0001802695544210882
}