{
    "spatial_units": 128,
    "nmodule_xlocal_units": 4,
    "dense2_ratio": 0.25,
    "dense3_ratio": 0.65,
    "dropout_rate": 0.15000000000000002,
    "learning_rate": 0.0004846170152731575
}