{
    "spatial_units": 16,
    "nmodule_xlocal_units": 12,
    "dense2_ratio": 0.6000000000000001,
    "dense3_ratio": 0.6000000000000001,
    "dropout_rate": 0.05,
    "learning_rate": 0.006296468723506783
}