{
    "spatial_units": 48,
    "nmodule_xlocal_units": 4,
    "dense2_ratio": 0.25,
    "dense3_ratio": 0.5,
    "dropout_rate": 0.15000000000000002,
    "learning_rate": 0.0005822751269209618
}