{
    "spatial_units": 96,
    "nmodule_xlocal_units": 4,
    "dense2_ratio": 0.8500000000000001,
    "dense3_ratio": 0.8500000000000001,
    "dropout_rate": 0.2,
    "learning_rate": 0.0004605666456567159
}