{
    "spatial_units": 64,
    "nmodule_xlocal_units": 10,
    "dense2_ratio": 0.25,
    "dense3_ratio": 0.8500000000000001,
    "dropout_rate": 0.0,
    "learning_rate": 0.0058263756897235135
}