{
    "spatial_units": 64,
    "nmodule_xlocal_units": 16,
    "dense2_ratio": 0.8,
    "dense3_ratio": 0.55,
    "dropout_rate": 0.15000000000000002,
    "learning_rate": 0.00031021969453869444
}