{
    "spatial_units": 64,
    "nmodule_xlocal_units": 14,
    "dense2_ratio": 0.2,
    "dense3_ratio": 0.8500000000000001,
    "dropout_rate": 0.05,
    "learning_rate": 0.002579876453443278
}