{
    "spatial_units": 144,
    "nmodule_xlocal_units": 6,
    "dense2_ratio": 0.30000000000000004,
    "dense3_ratio": 0.2,
    "dropout_rate": 0.15000000000000002,
    "learning_rate": 0.00011451864543384385
}