{
    "spatial_units": 80,
    "nmodule_xlocal_units": 8,
    "dense2_ratio": 0.75,
    "dense3_ratio": 0.95,
    "dropout_rate": 0.15000000000000002,
    "learning_rate": 0.00027191496988780196
}