{
    "spatial_units": 96,
    "nmodule_xlocal_units": 14,
    "dense2_ratio": 0.45,
    "dense3_ratio": 0.9000000000000001,
    "dropout_rate": 0.05,
    "learning_rate": 0.009989156675663677
}