{
    "spatial_units": 128,
    "nmodule_xlocal_units": 14,
    "dense2_ratio": 0.25,
    "dense3_ratio": 0.8500000000000001,
    "dropout_rate": 0.15000000000000002,
    "learning_rate": 0.00038599229411126896
}