{
    "spatial_units": 80,
    "nmodule_xlocal_units": 12,
    "dense2_ratio": 0.30000000000000004,
    "dense3_ratio": 0.2,
    "dropout_rate": 0.25,
    "learning_rate": 0.0001194639466704474
}