{
    "spatial_units": 80,
    "nmodule_xlocal_units": 4,
    "dense2_ratio": 0.2,
    "dense3_ratio": 0.8500000000000001,
    "dropout_rate": 0.15000000000000002,
    "learning_rate": 0.00021601136044030822
}