{
    "spatial_units": 144,
    "nmodule_xlocal_units": 10,
    "dense2_ratio": 1.0,
    "dense3_ratio": 0.9000000000000001,
    "dropout_rate": 0.25,
    "learning_rate": 0.00010928245164324666
}