{
    "spatial_units": 16,
    "nmodule_xlocal_units": 4,
    "dense2_ratio": 0.55,
    "dense3_ratio": 0.35000000000000003,
    "dropout_rate": 0.25,
    "learning_rate": 0.009009991282059635
}