{
    "spatial_units": 16,
    "nmodule_xlocal_units": 12,
    "dense2_ratio": 0.8500000000000001,
    "dense3_ratio": 0.65,
    "dropout_rate": 0.05,
    "learning_rate": 0.00036716160089469166
}