{
    "spatial_units": 96,
    "nmodule_xlocal_units": 2,
    "dense2_ratio": 0.6000000000000001,
    "dense3_ratio": 0.95,
    "dropout_rate": 0.0,
    "learning_rate": 0.003364458958042958
}