{
    "spatial_units": 80,
    "nmodule_xlocal_units": 10,
    "dense2_ratio": 0.35000000000000003,
    "dense3_ratio": 0.95,
    "dropout_rate": 0.05,
    "learning_rate": 0.00018980757724363517
}