{
    "spatial_units": 96,
    "nmodule_xlocal_units": 10,
    "dense2_ratio": 0.8500000000000001,
    "dense3_ratio": 0.45,
    "dropout_rate": 0.1,
    "learning_rate": 0.0003498923554592848
}