{
    "spatial_units": 128,
    "nmodule_xlocal_units": 6,
    "dense2_ratio": 0.55,
    "dense3_ratio": 0.30000000000000004,
    "dropout_rate": 0.2,
    "learning_rate": 0.0031262739522834224
}