{
    "spatial_units": 128,
    "nmodule_xlocal_units": 6,
    "dense2_ratio": 0.45,
    "dense3_ratio": 0.8500000000000001,
    "dropout_rate": 0.15000000000000002,
    "learning_rate": 0.00492210572872919
}