{
    "spatial_units": 128,
    "nmodule_xlocal_units": 10,
    "dense2_ratio": 0.4,
    "dense3_ratio": 0.9000000000000001,
    "dropout_rate": 0.0,
    "learning_rate": 0.0012334741931129647
}