{
    "spatial_units": 16,
    "nmodule_xlocal_units": 8,
    "dense2_ratio": 0.4,
    "dense3_ratio": 0.35000000000000003,
    "dropout_rate": 0.1,
    "learning_rate": 0.00027363407710605464
}