{
    "spatial_units": 112,
    "nmodule_xlocal_units": 16,
    "dense2_ratio": 0.8,
    "dense3_ratio": 0.35000000000000003,
    "dropout_rate": 0.15000000000000002,
    "learning_rate": 0.007711862216981024
}