{
    "spatial_units": 144,
    "nmodule_xlocal_units": 16,
    "dense2_ratio": 0.35000000000000003,
    "dense3_ratio": 0.9000000000000001,
    "dropout_rate": 0.0,
    "learning_rate": 0.004712335776716502
}