{
    "spatial_units": 80,
    "nmodule_xlocal_units": 2,
    "dense2_ratio": 0.95,
    "dense3_ratio": 0.75,
    "dropout_rate": 0.15000000000000002,
    "learning_rate": 0.007704100384917633
}