{
    "spatial_units": 56,
    "nmodule_xlocal_units": 12,
    "dense2_ratio": 0.6000000000000001,
    "dense3_ratio": 0.6000000000000001,
    "learning_rate": 0.0013663952856751457
}