{
    "spatial_units": 32,
    "z_global_units": 16,
    "dense2_units": 8,
    "dense3_units": 4,
    "dropout_rate": 0.15000000000000002,
    "learning_rate": 0.00031021969453869444
}