{
    "spatial_units": 24,
    "z_global_units": 6,
    "dense2_units": 4,
    "dense3_units": 4,
    "dropout_rate": 0.15000000000000002,
    "learning_rate": 0.0010832260345031396
}