{
    "spatial_units": 24,
    "z_global_units": 2,
    "dense2_units": 8,
    "dense3_units": 4,
    "dropout_rate": 0.15000000000000002,
    "learning_rate": 0.00019787164170253032
}