{
  "auc": 0.9512380330470851,
  "bkg_rej_95": 0.8713918141385555,
  "bkg_rej_98": 0.8488001185217436,
  "bkg_rej_99": 0.8260360826144929,
  "weighted_bkg_rej": 0.8465064809019747,
  "final_val_loss": 0.24404041469097137,
  "final_val_binary_accuracy": 0.91472327709198,
  "epochs_trained": 30
}