{
  "loss": [
    0.3903407156467438,
    0.2726728320121765,
    0.2486644983291626,
    0.24152612686157227,
    0.2386440932750702,
    0.233522430062294,
    0.231427863240242,
    0.22899432480335236,
    0.22820748388767242,
    0.22739456593990326,
    0.2259371429681778,
    0.2246890515089035,
    0.2240508496761322,
    0.22259704768657684,
    0.22096756100654602,
    0.21940243244171143,
    0.2177465409040451,
    0.21647924184799194,
    0.21504516899585724,
    0.21393050253391266,
    0.2128196656703949,
    0.2105913609266281,
    0.2094646394252777,
    0.20797418057918549,
    0.20753660798072815,
    0.20713229477405548,
    0.20652151107788086,
    0.20564919710159302,
    0.20527397096157074,
    0.20477499067783356
  ],
  "binary_accuracy": [
    0.8381203413009644,
    0.9095340967178345,
    0.9214096665382385,
    0.9245761632919312,
    0.9265526533126831,
    0.9275528788566589,
    0.9280341267585754,
    0.9287890195846558,
    0.9290499687194824,
    0.929391086101532,
    0.9299368262290955,
    0.9301717281341553,
    0.9301847815513611,
    0.930808424949646,
    0.9308497905731201,
    0.9313653707504272,
    0.9317094683647156,
    0.9317921996116638,
    0.9320576190948486,
    0.9321161508560181,
    0.9325717091560364,
    0.9326239228248596,
    0.9327726364135742,
    0.9326183199882507,
    0.9327741265296936,
    0.9327271580696106,
    0.9329161643981934,
    0.9330872893333435,
    0.9331204891204834,
    0.9332759380340576
  ],
  "val_loss": [
    0.28071877360343933,
    0.24469612538814545,
    0.23876705765724182,
    0.24291107058525085,
    0.2363296002149582,
    0.22899772226810455,
    0.22647415101528168,
    0.22328563034534454,
    0.22264645993709564,
    0.22662021219730377,
    0.22141404449939728,
    0.22114235162734985,
    0.21684934198856354,
    0.21775241196155548,
    0.21686694025993347,
    0.21489217877388,
    0.21318908035755157,
    0.21146059036254883,
    0.21145910024642944,
    0.21617491543293,
    0.20815818011760712,
    0.20806436240673065,
    0.20652945339679718,
    0.20744557678699493,
    0.2050429731607437,
    0.20551609992980957,
    0.20093771815299988,
    0.2009812593460083,
    0.2026100605726242,
    0.20076994597911835
  ],
  "val_binary_accuracy": [
    0.9028862714767456,
    0.9192646145820618,
    0.925981342792511,
    0.9282580614089966,
    0.9291908144950867,
    0.9299376010894775,
    0.929611086845398,
    0.9307645559310913,
    0.93034428358078,
    0.9286647439002991,
    0.9308008551597595,
    0.9313042759895325,
    0.9313299655914307,
    0.9322052597999573,
    0.9326149225234985,
    0.9330458045005798,
    0.9329807758331299,
    0.932732880115509,
    0.9335900545120239,
    0.9327933192253113,
    0.9337427020072937,
    0.9336611032485962,
    0.9337260723114014,
    0.9333330392837524,
    0.9332014918327332,
    0.9338772892951965,
    0.9340526461601257,
    0.9343338012695312,
    0.9341765642166138,
    0.9340329766273499
  ]
}