{
  "auc": 0.9673317358886083,
  "bkg_rej_95": 0.9088229158163034,
  "bkg_rej_98": 0.8874164376354912,
  "bkg_rej_99": 0.8677575504700052,
  "weighted_bkg_rej": 0.8856253080204751,
  "final_val_loss": 0.20076994597911835,
  "final_val_binary_accuracy": 0.9340329766273499,
  "epochs_trained": 30
}