{
  "auc": 0.9597768470107437,
  "bkg_rej_95": 0.8884807145167971,
  "bkg_rej_98": 0.8615079473062003,
  "bkg_rej_99": 0.8294345122013902,
  "weighted_bkg_rej": 0.8577905370062979,
  "final_val_loss": 0.23458117246627808,
  "final_val_binary_accuracy": 0.9217318296432495,
  "epochs_trained": 30
}