{
    "loss": [
        0.5372454524040222,
        0.4101143777370453,
        0.34469538927078247,
        0.30545371770858765,
        0.28133001923561096,
        0.26606228947639465,
        0.2556483745574951,
        0.24892307817935944,
        0.24364842474460602,
        0.23956169188022614,
        0.23697538673877716,
        0.2339598536491394,
        0.23164303600788116,
        0.22934108972549438,
        0.22796592116355896,
        0.22619274258613586,
        0.22483377158641815,
        0.22326555848121643,
        0.22148314118385315,
        0.2205822467803955,
        0.21886879205703735,
        0.21742060780525208,
        0.2161375880241394,
        0.21526125073432922,
        0.21467585861682892,
        0.2134311944246292,
        0.2119121104478836,
        0.21123528480529785,
        0.21041151881217957,
        0.2092774659395218,
        0.20834338665008545,
        0.20697273313999176,
        0.2061043679714203,
        0.20550252497196198,
        0.20414267480373383,
        0.20326457917690277,
        0.20260240137577057,
        0.20147009193897247,
        0.2014438360929489,
        0.20062951743602753
    ],
    "binary_accuracy": [
        0.7468748092651367,
        0.8475943207740784,
        0.8781185150146484,
        0.8955947160720825,
        0.9073666334152222,
        0.9148191809654236,
        0.9201328754425049,
        0.9238239526748657,
        0.926172137260437,
        0.9280297160148621,
        0.9295211434364319,
        0.9305856823921204,
        0.9316196441650391,
        0.9325364232063293,
        0.9332920908927917,
        0.9340708255767822,
        0.9345738887786865,
        0.9352436065673828,
        0.9356810450553894,
        0.9360833764076233,
        0.9364623427391052,
        0.9369673132896423,
        0.937366247177124,
        0.9378406405448914,
        0.9380665421485901,
        0.9382396340370178,
        0.9385563731193542,
        0.9388109445571899,
        0.9393004179000854,
        0.9394848346710205,
        0.9397250413894653,
        0.9400591254234314,
        0.940413236618042,
        0.9405716061592102,
        0.940768837928772,
        0.9411002993583679,
        0.9412651062011719,
        0.9413880109786987,
        0.941754937171936,
        0.9417843818664551
    ],
    "val_loss": [
        0.44167160987854004,
        0.36000144481658936,
        0.30980175733566284,
        0.28054407238960266,
        0.2624712288379669,
        0.2509247660636902,
        0.24323266744613647,
        0.23843087255954742,
        0.23385675251483917,
        0.23096437752246857,
        0.23002749681472778,
        0.22617803514003754,
        0.22374050319194794,
        0.22283975780010223,
        0.22161561250686646,
        0.2204498052597046,
        0.2194194793701172,
        0.2182411104440689,
        0.21685437858104706,
        0.21591781079769135,
        0.21358850598335266,
        0.21271756291389465,
        0.2121809870004654,
        0.21091416478157043,
        0.2095169723033905,
        0.20889067649841309,
        0.2076253890991211,
        0.20671775937080383,
        0.20568417012691498,
        0.2043018341064453,
        0.20379126071929932,
        0.20195995271205902,
        0.201853945851326,
        0.20061159133911133,
        0.20012621581554413,
        0.19937515258789062,
        0.19824911653995514,
        0.19773809611797333,
        0.19738085567951202,
        0.19597478210926056
    ],
    "val_binary_accuracy": [
        0.8360212445259094,
        0.8714643716812134,
        0.8910900354385376,
        0.9033745527267456,
        0.9140218496322632,
        0.9191149473190308,
        0.9242141246795654,
        0.9277047514915466,
        0.9277985095977783,
        0.9303775429725647,
        0.9321221113204956,
        0.9322672486305237,
        0.9327918291091919,
        0.9339452981948853,
        0.9341100454330444,
        0.9351093173027039,
        0.9362053871154785,
        0.9367919564247131,
        0.937035322189331,
        0.9375054836273193,
        0.9370579719543457,
        0.937228798866272,
        0.9390459656715393,
        0.9387844204902649,
        0.9382341504096985,
        0.9393467903137207,
        0.9396687746047974,
        0.9398214817047119,
        0.939417839050293,
        0.9403355121612549,
        0.9411200881004333,
        0.9405486583709717,
        0.9410172700881958,
        0.9406680464744568,
        0.9414541721343994,
        0.9421662092208862,
        0.942105770111084,
        0.9421571493148804,
        0.9427981376647949,
        0.9425381422042847
    ]
}