{
    "loss": [
        0.37204980850219727,
        0.23574385046958923,
        0.2197389155626297,
        0.212936133146286,
        0.2087879627943039,
        0.2059755027294159,
        0.2027565836906433,
        0.19932904839515686,
        0.196645587682724,
        0.19339004158973694,
        0.19071653485298157,
        0.18833820521831512,
        0.18594025075435638,
        0.18511009216308594,
        0.18228667974472046,
        0.1797284632921219,
        0.17781592905521393,
        0.17609746754169464,
        0.17544341087341309,
        0.17277976870536804,
        0.17122510075569153,
        0.17034772038459778,
        0.16961628198623657,
        0.1681426763534546,
        0.16696737706661224,
        0.16602957248687744,
        0.16528627276420593,
        0.16507096588611603,
        0.16586579382419586,
        0.16409170627593994,
        0.16375376284122467,
        0.16257202625274658,
        0.1620013415813446,
        0.16185808181762695,
        0.16185711324214935,
        0.16094937920570374,
        0.16010640561580658,
        0.16004621982574463,
        0.15960997343063354,
        0.16010910272598267
    ],
    "binary_accuracy": [
        0.8480011820793152,
        0.9313164949417114,
        0.9381759166717529,
        0.940697193145752,
        0.9420366287231445,
        0.9430619478225708,
        0.9436415433883667,
        0.9442705512046814,
        0.944660484790802,
        0.9451201558113098,
        0.9456658363342285,
        0.9459524154663086,
        0.9463615417480469,
        0.9465033411979675,
        0.9465067386627197,
        0.9470769166946411,
        0.9474592804908752,
        0.9474529027938843,
        0.94752037525177,
        0.9480113983154297,
        0.9481169581413269,
        0.948390007019043,
        0.9482055902481079,
        0.9485506415367126,
        0.9487161636352539,
        0.9486181139945984,
        0.9489767551422119,
        0.9489541053771973,
        0.9485359191894531,
        0.9490200877189636,
        0.9491320848464966,
        0.9492754340171814,
        0.9493881464004517,
        0.9493855237960815,
        0.9493775963783264,
        0.9494820833206177,
        0.9497030377388,
        0.9496687054634094,
        0.9498286247253418,
        0.9497656226158142
    ],
    "val_loss": [
        0.2490592896938324,
        0.2198527306318283,
        0.2126789093017578,
        0.20915362238883972,
        0.20636394619941711,
        0.20316803455352783,
        0.19993779063224792,
        0.19517795741558075,
        0.19178342819213867,
        0.18856294453144073,
        0.18593619763851166,
        0.18312178552150726,
        0.18633869290351868,
        0.17852818965911865,
        0.17623288929462433,
        0.1754492074251175,
        0.1730196177959442,
        0.1753426343202591,
        0.17108555138111115,
        0.16994228959083557,
        0.16616682708263397,
        0.16647809743881226,
        0.16565091907978058,
        0.16717180609703064,
        0.16377535462379456,
        0.16360296308994293,
        0.16087716817855835,
        0.16347533464431763,
        0.16070370376110077,
        0.1625152826309204,
        0.1610845923423767,
        0.1599091738462448,
        0.15987174212932587,
        0.15824554860591888,
        0.15764102339744568,
        0.15500830113887787,
        0.15865060687065125,
        0.15761713683605194,
        0.15530474483966827,
        0.1547783762216568
    ],
    "val_binary_accuracy": [
        0.9226328134536743,
        0.9382613301277161,
        0.9401586055755615,
        0.9432274699211121,
        0.943631112575531,
        0.9452290534973145,
        0.9449781179428101,
        0.9446848034858704,
        0.9458791017532349,
        0.946119487285614,
        0.9461390972137451,
        0.9468481540679932,
        0.9473984241485596,
        0.9466561675071716,
        0.9470416307449341,
        0.9484067559242249,
        0.947555661201477,
        0.9490129947662354,
        0.9487514495849609,
        0.9484899044036865,
        0.9484732747077942,
        0.9491762518882751,
        0.9484838843345642,
        0.9493546485900879,
        0.949449896812439,
        0.9501120448112488,
        0.9503130912780762,
        0.9476841688156128,
        0.9498293399810791,
        0.9497098922729492,
        0.9501755237579346,
        0.9498595595359802,
        0.9499562978744507,
        0.9501211047172546,
        0.9505519270896912,
        0.9501679539680481,
        0.950072705745697,
        0.9503024816513062,
        0.9502949714660645,
        0.9509359002113342
    ]
}