{
    "loss": [
        0.5207648873329163,
        0.37888726592063904,
        0.3080977201461792,
        0.27704593539237976,
        0.2584169805049896,
        0.2461862415075302,
        0.23747046291828156,
        0.23108480870723724,
        0.2265533208847046,
        0.222763329744339,
        0.21921786665916443,
        0.2165490686893463,
        0.21388544142246246,
        0.212067112326622,
        0.20994214713573456,
        0.20786544680595398,
        0.20566090941429138,
        0.20388774573802948,
        0.20235195755958557,
        0.20043182373046875,
        0.1987626999616623,
        0.19771650433540344,
        0.1964954286813736,
        0.1949843466281891,
        0.1936577707529068,
        0.1927579641342163,
        0.192033588886261,
        0.1906598061323166,
        0.1892518401145935,
        0.1890043318271637,
        0.18715651333332062,
        0.18626800179481506,
        0.18564173579216003,
        0.1840507537126541,
        0.18370427191257477,
        0.18286733329296112,
        0.1820429563522339,
        0.18089066445827484,
        0.18015876412391663,
        0.18013015389442444
    ],
    "binary_accuracy": [
        0.740422248840332,
        0.8666509389877319,
        0.8992642760276794,
        0.911391019821167,
        0.9192195534706116,
        0.9244898557662964,
        0.9285632967948914,
        0.9315899014472961,
        0.9336488246917725,
        0.9353088140487671,
        0.9366682767868042,
        0.937674343585968,
        0.9385495781898499,
        0.9392068982124329,
        0.9398019313812256,
        0.9402918219566345,
        0.9408887624740601,
        0.941416323184967,
        0.9417406320571899,
        0.9420162439346313,
        0.9423096776008606,
        0.942791223526001,
        0.9431087374687195,
        0.9431354999542236,
        0.9435910582542419,
        0.9438772201538086,
        0.9441577792167664,
        0.944541335105896,
        0.9447140097618103,
        0.9449485540390015,
        0.945242702960968,
        0.9455217719078064,
        0.9455636143684387,
        0.9458717107772827,
        0.9458072185516357,
        0.9459871053695679,
        0.9459674954414368,
        0.9463788866996765,
        0.9465425610542297,
        0.9466975927352905
    ],
    "val_loss": [
        0.43188920617103577,
        0.3226391673088074,
        0.2809344232082367,
        0.25765085220336914,
        0.24363134801387787,
        0.23367677628993988,
        0.22811667621135712,
        0.2224862426519394,
        0.2185641974210739,
        0.21636733412742615,
        0.21394480764865875,
        0.21179921925067902,
        0.20939676463603973,
        0.20792967081069946,
        0.20608650147914886,
        0.20618849992752075,
        0.20334777235984802,
        0.2006763368844986,
        0.19988185167312622,
        0.19716866314411163,
        0.1962178349494934,
        0.1957664042711258,
        0.19688744843006134,
        0.19172553718090057,
        0.19209033250808716,
        0.19077733159065247,
        0.1897689700126648,
        0.1893436163663864,
        0.18981122970581055,
        0.18571370840072632,
        0.1861109733581543,
        0.18412326276302338,
        0.1826418936252594,
        0.18471966683864594,
        0.1823047399520874,
        0.18472982943058014,
        0.17948414385318756,
        0.17884951829910278,
        0.17746292054653168,
        0.1787400245666504
    ],
    "val_binary_accuracy": [
        0.835924506187439,
        0.8910703659057617,
        0.9087488651275635,
        0.9184543490409851,
        0.9212177991867065,
        0.9267432689666748,
        0.9316655397415161,
        0.9336112141609192,
        0.9357805848121643,
        0.9370232224464417,
        0.9382734298706055,
        0.9393724799156189,
        0.9406363368034363,
        0.9410475492477417,
        0.9409749507904053,
        0.9425139427185059,
        0.9427648782730103,
        0.9413876533508301,
        0.9432728290557861,
        0.9435207843780518,
        0.9436144828796387,
        0.944179892539978,
        0.9445971250534058,
        0.9441164135932922,
        0.9453485012054443,
        0.9452093839645386,
        0.9453424215316772,
        0.9453257918357849,
        0.9467543959617615,
        0.9460650682449341,
        0.9458307027816772,
        0.9462222456932068,
        0.9461935758590698,
        0.9474543333053589,
        0.946547269821167,
        0.9464067220687866,
        0.9475828409194946,
        0.9472714066505432,
        0.9475117921829224,
        0.9475345015525818
    ]
}