{
    "loss": [
        0.30857038497924805,
        0.21847040951251984,
        0.20969770848751068,
        0.20381128787994385,
        0.1977899968624115,
        0.1929933875799179,
        0.1873217225074768,
        0.18199437856674194,
        0.1763993799686432,
        0.17344491183757782,
        0.17158205807209015,
        0.16883018612861633,
        0.16661961376667023,
        0.16525131464004517,
        0.16334599256515503,
        0.16222302615642548,
        0.16068388521671295,
        0.1606621891260147,
        0.15960174798965454,
        0.15889975428581238,
        0.15784244239330292,
        0.15750543773174286,
        0.15777814388275146,
        0.15714329481124878,
        0.15603980422019958,
        0.15647967159748077,
        0.15483029186725616,
        0.15453705191612244,
        0.1538880616426468,
        0.15254901349544525,
        0.15264637768268585,
        0.1529945731163025,
        0.15279699862003326,
        0.15277661383152008,
        0.15260183811187744,
        0.15166029334068298,
        0.1514684408903122,
        0.1516820639371872,
        0.1508914679288864,
        0.15084262192249298
    ],
    "binary_accuracy": [
        0.8867778182029724,
        0.9380801320075989,
        0.9420509338378906,
        0.9432154297828674,
        0.944398045539856,
        0.9450058937072754,
        0.9457691311836243,
        0.9461352825164795,
        0.9472202062606812,
        0.9474438428878784,
        0.9474725127220154,
        0.9482516050338745,
        0.9484125971794128,
        0.9485679864883423,
        0.9491788744926453,
        0.9491445422172546,
        0.9495375156402588,
        0.9495375156402588,
        0.9497305750846863,
        0.9501137137413025,
        0.9503463506698608,
        0.9502988457679749,
        0.9499900341033936,
        0.9504184126853943,
        0.950657069683075,
        0.9504002928733826,
        0.9510092735290527,
        0.9510123133659363,
        0.951023280620575,
        0.951583981513977,
        0.9517272710800171,
        0.9514942765235901,
        0.9515228867530823,
        0.951677143573761,
        0.9514455795288086,
        0.9518230557441711,
        0.9520225524902344,
        0.9520651698112488,
        0.9520576596260071,
        0.9520221948623657
    ],
    "val_loss": [
        0.22319462895393372,
        0.21018490195274353,
        0.2023528516292572,
        0.20053711533546448,
        0.19343653321266174,
        0.1896328330039978,
        0.1809021234512329,
        0.17804750800132751,
        0.1709514707326889,
        0.16712334752082825,
        0.1650044023990631,
        0.16742634773254395,
        0.16179604828357697,
        0.15866056084632874,
        0.15741950273513794,
        0.1567617654800415,
        0.15613487362861633,
        0.15561364591121674,
        0.15689969062805176,
        0.15344521403312683,
        0.1532306969165802,
        0.15332134068012238,
        0.15210725367069244,
        0.15528200566768646,
        0.15176652371883392,
        0.15181167423725128,
        0.15858976542949677,
        0.1524963229894638,
        0.14986132085323334,
        0.15296036005020142,
        0.14934779703617096,
        0.1495666354894638,
        0.15477368235588074,
        0.1528462916612625,
        0.15490569174289703,
        0.1491968184709549,
        0.15025614202022552,
        0.14898328483104706,
        0.15294203162193298,
        0.1465579867362976
    ],
    "val_binary_accuracy": [
        0.935609757900238,
        0.9414511919021606,
        0.9432471394538879,
        0.9444852471351624,
        0.9465246200561523,
        0.9463749527931213,
        0.9471444487571716,
        0.9475873708724976,
        0.9485624432563782,
        0.9487257599830627,
        0.949734091758728,
        0.9488829374313354,
        0.9502193331718445,
        0.950222373008728,
        0.9506925344467163,
        0.950875461101532,
        0.951324462890625,
        0.9512080550193787,
        0.9507197737693787,
        0.9510553479194641,
        0.9513017535209656,
        0.9513970017433167,
        0.9513546824455261,
        0.9510719776153564,
        0.9516751766204834,
        0.9518188238143921,
        0.9520258903503418,
        0.9518006443977356,
        0.9522224068641663,
        0.9510795474052429,
        0.9524446725845337,
        0.9519503116607666,
        0.9527711868286133,
        0.9505323171615601,
        0.9523085951805115,
        0.9528845548629761,
        0.9531431198120117,
        0.9534847736358643,
        0.9517658948898315,
        0.9529344439506531
    ]
}