{
    "loss": [
        0.34548547863960266,
        0.23244282603263855,
        0.2182951420545578,
        0.21180826425552368,
        0.20644979178905487,
        0.2039872407913208,
        0.1990385353565216,
        0.19630245864391327,
        0.19417636096477509,
        0.19078528881072998,
        0.1884799301624298,
        0.18736639618873596,
        0.18662616610527039,
        0.18406106531620026,
        0.18304553627967834,
        0.1818498969078064,
        0.18119126558303833,
        0.1799192577600479,
        0.17838361859321594,
        0.17856523394584656,
        0.17814403772354126,
        0.1774206906557083,
        0.1759297400712967,
        0.1759718805551529,
        0.17489691078662872,
        0.17450648546218872,
        0.17386943101882935,
        0.17340101301670074,
        0.1725757122039795,
        0.17176982760429382,
        0.1733909696340561,
        0.1721092313528061,
        0.17118743062019348,
        0.17143823206424713,
        0.17055588960647583,
        0.1703447550535202,
        0.17086611688137054,
        0.16936485469341278,
        0.16954591870307922,
        0.16917598247528076
    ],
    "binary_accuracy": [
        0.8595973253250122,
        0.9307712316513062,
        0.9379730224609375,
        0.940112292766571,
        0.9414366483688354,
        0.9421290159225464,
        0.9429944753646851,
        0.9431366324424744,
        0.9434839487075806,
        0.9440760016441345,
        0.9443207383155823,
        0.9446235299110413,
        0.9443403482437134,
        0.9447615146636963,
        0.9450632333755493,
        0.9453328251838684,
        0.9452834725379944,
        0.9453871250152588,
        0.945663571357727,
        0.9456115365028381,
        0.9459316730499268,
        0.9457314610481262,
        0.9460451602935791,
        0.9459418654441833,
        0.9461666345596313,
        0.9461228847503662,
        0.9461466073989868,
        0.9463713765144348,
        0.9466806054115295,
        0.9468427300453186,
        0.9462378621101379,
        0.946736752986908,
        0.9469472169876099,
        0.9467499852180481,
        0.9470580816268921,
        0.9469807744026184,
        0.9469049572944641,
        0.9472922682762146,
        0.9472621083259583,
        0.9473899006843567
    ],
    "val_loss": [
        0.23688378930091858,
        0.21415485441684723,
        0.2055087387561798,
        0.20352117717266083,
        0.20464780926704407,
        0.19518335163593292,
        0.19089415669441223,
        0.19065967202186584,
        0.18788518011569977,
        0.184254989027977,
        0.18346448242664337,
        0.17993313074111938,
        0.18031731247901917,
        0.17441800236701965,
        0.17520949244499207,
        0.1744828224182129,
        0.17558430135250092,
        0.17291270196437836,
        0.17181071639060974,
        0.17294012010097504,
        0.17290078103542328,
        0.17213945090770721,
        0.16818946599960327,
        0.16950903832912445,
        0.17162030935287476,
        0.1639796644449234,
        0.16616281867027283,
        0.16749624907970428,
        0.16395287215709686,
        0.16460035741329193,
        0.1674821674823761,
        0.16478285193443298,
        0.16878320276737213,
        0.1652883142232895,
        0.16372156143188477,
        0.16410250961780548,
        0.16686898469924927,
        0.17259344458580017,
        0.1645040065050125,
        0.16407077014446259
    ],
    "val_binary_accuracy": [
        0.923818051815033,
        0.9391366839408875,
        0.9421420097351074,
        0.9424776434898376,
        0.9449705481529236,
        0.9451202154159546,
        0.9457430243492126,
        0.944195032119751,
        0.9450642466545105,
        0.9462766647338867,
        0.9453771710395813,
        0.9461829662322998,
        0.9463174939155579,
        0.9464097023010254,
        0.9474513530731201,
        0.9468693137168884,
        0.9477823972702026,
        0.9478927850723267,
        0.9476221799850464,
        0.9480681419372559,
        0.9468753337860107,
        0.9472986459732056,
        0.9467015266418457,
        0.9482933878898621,
        0.9458821415901184,
        0.9482737183570862,
        0.9484717845916748,
        0.9481679201126099,
        0.9485715627670288,
        0.948187530040741,
        0.9490719437599182,
        0.9479199647903442,
        0.9487272500991821,
        0.9490235447883606,
        0.9486562013626099,
        0.9486879706382751,
        0.9497930407524109,
        0.9486501812934875,
        0.9496358036994934,
        0.9477279782295227
    ]
}