{
    "loss": [
        0.2858194410800934,
        0.21252302825450897,
        0.20199960470199585,
        0.19422957301139832,
        0.1885971575975418,
        0.18044812977313995,
        0.1767691671848297,
        0.17079421877861023,
        0.16933046281337738,
        0.16364000737667084,
        0.16272160410881042,
        0.1618911474943161,
        0.1588801145553589,
        0.15743134915828705,
        0.15658973157405853,
        0.15581029653549194,
        0.15618473291397095,
        0.15569645166397095,
        0.15405122935771942,
        0.15302900969982147,
        0.15319927036762238,
        0.15259809792041779,
        0.15200665593147278,
        0.1509997397661209,
        0.1511714607477188,
        0.1501142680644989,
        0.14938582479953766,
        0.1490117311477661,
        0.14818811416625977,
        0.14932815730571747,
        0.14935725927352905,
        0.14805150032043457,
        0.14908906817436218,
        0.14956772327423096,
        0.14793793857097626,
        0.14757636189460754,
        0.1472250074148178,
        0.14715927839279175,
        0.1471444070339203,
        0.14721521735191345
    ],
    "binary_accuracy": [
        0.9012078642845154,
        0.9407303929328918,
        0.9431219100952148,
        0.9450458884239197,
        0.9450960159301758,
        0.9468559622764587,
        0.9472963809967041,
        0.9482757449150085,
        0.9485313892364502,
        0.9493534564971924,
        0.9493391513824463,
        0.9495717883110046,
        0.94998699426651,
        0.9503810405731201,
        0.9506669044494629,
        0.9507694840431213,
        0.9503203630447388,
        0.9504809975624084,
        0.9510149359703064,
        0.9511834979057312,
        0.9511461853981018,
        0.9513075947761536,
        0.9515074491500854,
        0.9517231583595276,
        0.9517703056335449,
        0.9520531296730042,
        0.9522582292556763,
        0.952329158782959,
        0.9527627825737,
        0.9521692395210266,
        0.9523619413375854,
        0.9525290131568909,
        0.9524886608123779,
        0.9521439671516418,
        0.9528684020042419,
        0.9527488350868225,
        0.9528487920761108,
        0.9527462124824524,
        0.9530011415481567,
        0.9528133273124695
    ],
    "val_loss": [
        0.22226417064666748,
        0.20385496318340302,
        0.19624078273773193,
        0.19316372275352478,
        0.18320032954216003,
        0.17155788838863373,
        0.17049375176429749,
        0.17114010453224182,
        0.1626179963350296,
        0.15614256262779236,
        0.16270805895328522,
        0.1582917869091034,
        0.15737994015216827,
        0.1560533046722412,
        0.1528991460800171,
        0.1500484049320221,
        0.15101365745067596,
        0.15146543085575104,
        0.1501636952161789,
        0.1538883000612259,
        0.1525147557258606,
        0.14964531362056732,
        0.1529444009065628,
        0.14700114727020264,
        0.15304934978485107,
        0.15190671384334564,
        0.1450689285993576,
        0.1525982767343521,
        0.1499330848455429,
        0.15338410437107086,
        0.1472475528717041,
        0.14532728493213654,
        0.1537931263446808,
        0.1475236564874649,
        0.1458280384540558,
        0.14505353569984436,
        0.1472150683403015,
        0.14622074365615845,
        0.14411433041095734,
        0.14679862558841705
    ],
    "val_binary_accuracy": [
        0.940719485282898,
        0.9419878125190735,
        0.9460302591323853,
        0.9427648782730103,
        0.9471641182899475,
        0.9491415023803711,
        0.9491021633148193,
        0.9496917724609375,
        0.948885977268219,
        0.9500137567520142,
        0.9493667483329773,
        0.9506819248199463,
        0.9514559507369995,
        0.9511173367500305,
        0.9519291520118713,
        0.9518308639526367,
        0.9515874981880188,
        0.9521256685256958,
        0.9516615867614746,
        0.9498761892318726,
        0.9518097043037415,
        0.9525988698005676,
        0.9516494870185852,
        0.9526442289352417,
        0.9521301984786987,
        0.9526245594024658,
        0.9530856609344482,
        0.9530175924301147,
        0.9529571533203125,
        0.9502571225166321,
        0.9535799622535706,
        0.9534756541252136,
        0.952201247215271,
        0.9533955454826355,
        0.9535709023475647,
        0.9532277584075928,
        0.953453004360199,
        0.9530856609344482,
        0.9541227221488953,
        0.9531052708625793
    ]
}