{
    "loss": [
        0.6334654092788696,
        0.49716347455978394,
        0.41954928636550903,
        0.37178346514701843,
        0.33876052498817444,
        0.31546837091445923,
        0.2982312738895416,
        0.28643283247947693,
        0.27744773030281067,
        0.2702163755893707,
        0.26484182476997375,
        0.2604687213897705,
        0.25657764077186584,
        0.2535046339035034,
        0.2510548532009125,
        0.2483895719051361,
        0.24653206765651703,
        0.24505531787872314,
        0.2432197779417038,
        0.24182343482971191,
        0.24022938311100006,
        0.2389412224292755,
        0.23784509301185608,
        0.2366091012954712,
        0.23573963344097137,
        0.23480671644210815,
        0.23414358496665955,
        0.2326793670654297,
        0.23181569576263428,
        0.2306896150112152,
        0.2301938384771347,
        0.2295210063457489,
        0.22896738350391388,
        0.22800935804843903,
        0.22728893160820007,
        0.22667467594146729,
        0.22602586448192596,
        0.2255733758211136,
        0.2255512773990631,
        0.22477294504642487
    ],
    "binary_accuracy": [
        0.6452909708023071,
        0.7766994833946228,
        0.83139568567276,
        0.8585509061813354,
        0.8761768341064453,
        0.8879117369651794,
        0.8968780040740967,
        0.9036755561828613,
        0.9085401296615601,
        0.9121557474136353,
        0.9148697257041931,
        0.9172831773757935,
        0.9189046621322632,
        0.9204379320144653,
        0.9216899275779724,
        0.9228630661964417,
        0.924008309841156,
        0.9250864386558533,
        0.9259104132652283,
        0.9268501400947571,
        0.9274232983589172,
        0.9282408952713013,
        0.9288910031318665,
        0.9296406507492065,
        0.9300237894058228,
        0.9307368993759155,
        0.9313990473747253,
        0.9319643378257751,
        0.932424008846283,
        0.9327883124351501,
        0.9333592057228088,
        0.9337118268013,
        0.934024453163147,
        0.9342416524887085,
        0.9345587491989136,
        0.934904932975769,
        0.9353099465370178,
        0.9355165958404541,
        0.9357971549034119,
        0.9359702467918396
    ],
    "val_loss": [
        0.5514910221099854,
        0.44570592045783997,
        0.3788194954395294,
        0.3415108919143677,
        0.31371834874153137,
        0.29534146189689636,
        0.28373271226882935,
        0.2733522951602936,
        0.2669377326965332,
        0.26067814230918884,
        0.25654247403144836,
        0.2527494728565216,
        0.25028663873672485,
        0.24750250577926636,
        0.24662549793720245,
        0.2443035989999771,
        0.241952583193779,
        0.24051731824874878,
        0.23872476816177368,
        0.23731303215026855,
        0.23602555692195892,
        0.2348901480436325,
        0.23361043632030487,
        0.2325499951839447,
        0.2311699539422989,
        0.23056462407112122,
        0.22946517169475555,
        0.22998999059200287,
        0.22856876254081726,
        0.22919777035713196,
        0.2272491753101349,
        0.22611674666404724,
        0.22549857199192047,
        0.22410742938518524,
        0.2238471508026123,
        0.22370336949825287,
        0.22311650216579437,
        0.2224094420671463,
        0.22146308422088623,
        0.22171883285045624
    ],
    "val_binary_accuracy": [
        0.7469817996025085,
        0.8108776807785034,
        0.8564329743385315,
        0.8752195835113525,
        0.8858276009559631,
        0.8953894376754761,
        0.9036784172058105,
        0.9077118039131165,
        0.9127731323242188,
        0.9147066473960876,
        0.9173582792282104,
        0.9196606874465942,
        0.9208670854568481,
        0.9212238788604736,
        0.9242050647735596,
        0.9246237874031067,
        0.9252239465713501,
        0.9265104532241821,
        0.9269806146621704,
        0.9278937578201294,
        0.9293344616889954,
        0.9298968315124512,
        0.9302777647972107,
        0.931131899356842,
        0.9306058287620544,
        0.9316489100456238,
        0.9325696229934692,
        0.9337835311889648,
        0.9337487816810608,
        0.9347661733627319,
        0.9345076680183411,
        0.9341433048248291,
        0.9352030754089355,
        0.9351365566253662,
        0.9358471035957336,
        0.9359816312789917,
        0.9365062117576599,
        0.9363505244255066,
        0.9362567663192749,
        0.937339186668396
    ]
}