{
    "spatial_units": 40,
    "nmodule_xlocal_units": 12,
    "dense2_ratio": 0.6000000000000001,
    "dense3_ratio": 0.4,
    "dropout_rate": 0.1,
    "learning_rate": 0.0044890809309126225
}