{
    "spatial_units": 8,
    "nmodule_xlocal_units": 2,
    "dense2_ratio": 0.2,
    "dense3_ratio": 0.30000000000000004,
    "dropout_rate": 0.0,
    "learning_rate": 0.006651041656536996
}