{
    "spatial_units": 64,
    "nmodule_xlocal_units": 4,
    "dense2_ratio": 0.30000000000000004,
    "dense3_ratio": 0.2,
    "dropout_rate": 0.0,
    "learning_rate": 0.00010840583046861754
}