{
    "spatial_units": 88,
    "nmodule_xlocal_units": 2,
    "dense2_ratio": 0.30000000000000004,
    "dense3_ratio": 0.5,
    "dropout_rate": 0.0,
    "learning_rate": 0.000575732702957742
}