{
    "spatial_units": 8,
    "nmodule_xlocal_units": 10,
    "dense2_ratio": 0.4,
    "dense3_ratio": 0.6000000000000001,
    "dropout_rate": 0.1,
    "learning_rate": 0.0012963466988990479
}