{
    "spatial_units": 120,
    "nmodule_xlocal_units": 10,
    "dense2_ratio": 0.5,
    "dense3_ratio": 0.30000000000000004,
    "dropout_rate": 0.05,
    "learning_rate": 0.004035439859879942
}