{
    "spatial_units": 72,
    "nmodule_xlocal_units": 12,
    "dense2_ratio": 0.30000000000000004,
    "dense3_ratio": 0.6000000000000001,
    "dropout_rate": 0.0,
    "learning_rate": 0.006091359237918639
}