{
    "spatial_units": 112,
    "nmodule_xlocal_units": 4,
    "dense2_ratio": 0.30000000000000004,
    "dense3_ratio": 0.5,
    "dropout_rate": 0.05,
    "learning_rate": 0.00492210572872919
}