{
    "spatial_units": 88,
    "nmodule_xlocal_units": 10,
    "dense2_ratio": 0.2,
    "dense3_ratio": 0.30000000000000004,
    "dropout_rate": 0.0,
    "learning_rate": 0.001610075186688361
}