{
    "spatial_units": 72,
    "nmodule_xlocal_units": 12,
    "dense2_ratio": 0.4,
    "dense3_ratio": 0.6000000000000001,
    "dropout_rate": 0.1,
    "learning_rate": 0.00017454749203373775
}