{
    "spatial_units": 120,
    "nmodule_xlocal_units": 10,
    "dense2_ratio": 0.6000000000000001,
    "dense3_ratio": 0.6000000000000001,
    "dropout_rate": 0.0,
    "learning_rate": 0.0012625225902271942
}