{"test_loss": 0.2656205892562866, "test_accuracy": 0.9139508008956909, "roc_auc": 0.9483179001753136, "fpr": [0.0, 6.062718826257635e-06, 9.094078239386452e-06, 1.212543765251527e-05, 1.5156797065644088e-05, 2.728223471815936e-05, 9.397214180699334e-05, 0.00020916379950588842, 0.0004092335207723904, 0.0005789896479076042, 0.0008548433545023266, 0.0012671082346878458, 0.001894599633205511, 0.0028828228018855056, 0.004262091334859118, 0.005632265789593343, 0.0071085378237870775, 0.00879094229807357, 0.010427876381163133, 0.012361883686739319, 0.014250420601118571, 0.016111675280779666, 0.018079027539900268, 0.020419237006835716, 0.022950422116798277, 0.0253088197402125, 0.0281279839944223, 0.03043787986722646, 0.03295087682071025, 0.03535171347590827, 0.03756157448807918, 0.03979871773496824, 0.042348091001409585, 0.044821680282522695, 0.04781363202328084, 0.05031450353911211, 0.053130636433908786, 0.056446943631871714, 0.05955408703032875, 0.06306440123073193, 0.06632008124043227, 0.06976370553374661, 0.07309213816936205, 0.07633872410082301, 0.07912151204207526, 0.08196189581217697, 0.08452642587568394, 0.08692423117146884, 0.08912802946481349, 0.09114994619337041, 0.09301120087303151, 0.09469057398790487, 0.09658214226169726, 0.09825848401715749, 0.09994391985085711, 0.10152628946451037, 0.1028873698410052, 0.10428179517104445, 0.1057489731269988, 0.10676144717098383, 0.10782848568440517, 0.10880155205601952, 0.10989890416357215, 0.11088712733225214, 0.11184503690680085, 0.11268775482365066, 0.11358503720993679, 0.11448838231504918, 0.11528866120011519, 0.11611319096048622, 0.11687103081376843, 0.11753792988465678, 0.11838671052033284, 0.11917486396774633, 0.11995695469633356, 0.12078754717553086, 0.12151507343468178, 0.12214559619261257, 0.12280643254467466, 0.12342482986495294, 0.12407960349818876, 0.12477378480379527, 0.12547402882822803, 0.1260924261485063, 0.12675629385998152, 0.12738075389908604, 0.1278930536399048, 0.1284902314442912, 0.1292056322657896, 0.12979674735134972, 0.13038179971808359, 0.13099110296012248, 0.1315397790138988, 0.13209754914591448, 0.1326340997620383, 0.13313427406520453, 0.13364354244661017, 0.13412552859329765, 0.1345620443487882, 0.13507131273019385, 0.1356957727692984, 0.13606256725828697, 0.13654758476438758, 0.13698410051987814, 0.13742667899419495, 0.1377995362020098, 0.13838458856874367, 0.13876350849538477, 0.13915455385967837, 0.13968201039756278, 0.140063961683617, 0.1405762614244358, 0.14099155766403443, 0.1414401988571775, 0.14187974597208117, 0.14234354396228988, 0.14278612243660668, 0.14327720266153357, 0.1437228124952635, 0.14417751640723284, 0.14465343983509404, 0.1451657395759128, 0.14549615775194386, 0.14594783030450006, 0.1463419070282068, 0.14676932870545797, 0.14721796989860103, 0.14757567030935023, 0.14799702926777514, 0.1484335450232657, 0.14887309213816935, 0.14927020022128923, 0.14961880655379906, 0.15009776134107342, 0.1505494338936296, 0.15101929460266456, 0.15148006123346014, 0.15188020067599314, 0.1522651833214605, 0.15261985237279657, 0.1531382148324416, 0.1534959152431908, 0.1538505842945269, 0.1543265077223881, 0.15477514891553118, 0.1552298528275005, 0.15565727450475167, 0.15606953938493717, 0.1563878321233157, 0.15676372069054367, 0.157218424602513, 0.15764584627976416, 0.15813995786410415, 0.15856737954135533, 0.15909786743865287, 0.15949800688118587, 0.16003758885672278, 0.16043469693984266, 0.16089546357063825, 0.16134713612319446, 0.16180790275399004, 0.162183791321218, 0.1626991224214499, 0.16312957545811418, 0.16362974976128045, 0.16404807736029223, 0.16443306000575958, 0.16481804265122693, 0.16535459326735075, 0.16580020310108068, 0.16621549934067933, 0.16678539491034755, 0.16724009882231686, 0.1676553950619155, 0.1682222592721706, 0.16877699804477317, 0.16924685875380815, 0.16969853130636434, 0.17019264289070435, 0.1708292283674614, 0.17128999499825698, 0.17182351425496764, 0.172420692059354, 0.17307849705200298, 0.1736392985434318, 0.17436076208375645, 0.17494884580990344, 0.17554905497370296, 0.1762705185140276, 0.17687679039665338, 0.17744971732573472, 0.17804386377070797, 0.17888051896873153, 0.1795928884308168, 0.18028403837701018, 0.1810782545432499, 0.18170271458235446, 0.182327174621459, 0.18315170438183004, 0.1838216348121315, 0.18471285447959138, 0.1854525061763948, 0.18634069448444154, 0.18716219288539945, 0.18808675750640375, 0.18889916182912228, 0.18972975430831956, 0.19058762902223503, 0.19158797762856752, 0.1925731694378344, 0.19353107901238312, 0.1943616714915804, 0.19546508631795928, 0.19652606211255438, 0.19755672431301818, 0.19858435515406883, 0.19950285705624687, 0.200588083726147, 0.20171878078724403, 0.2028070388165573, 0.20386801461115237, 0.20494717856222622, 0.2061445655304121, 0.20736620337390302, 0.20838777149612744, 0.20957606438607393, 0.21067038513421343, 0.21181927035178927, 0.21317428800945784, 0.21441411400942753, 0.21575094351061733, 0.2172302469042242, 0.2187338011731361, 0.22011610106552285, 0.2217742546645043, 0.22338996923170196, 0.22498446428300772, 0.22656380253724784, 0.22822498749564243, 0.2299286114858208, 0.23155342013125788, 0.233132758385498, 0.23453021507495037, 0.2358822013732058, 0.23774648741228005, 0.2389741879745972, 0.2402776725222426, 0.2416569410552162, 0.24286342210164147, 0.24403049547569608, 0.24506115767615988, 0.24616457250253876, 0.24726798732891767, 0.24833199448292587, 0.2493656880428028, 0.2502599390696758, 1.0],