{
    "loss": [
        0.4779059886932373,
        0.3154231011867523,
        0.2765369415283203,
        0.2691119611263275,
        0.2657707929611206,
        0.26376304030418396,
        0.26192283630371094,
        0.2613902986049652,
        0.26019996404647827,
        0.25800368189811707,
        0.2553613483905792,
        0.25319918990135193,
        0.25356483459472656,
        0.2523866593837738,
        0.25031721591949463,
        0.24942925572395325,
        0.24788956344127655,
        0.24617722630500793,
        0.2454036921262741,
        0.24466145038604736
    ],
    "binary_accuracy": [
        0.7743397951126099,
        0.8882343769073486,
        0.9088268876075745,
        0.9123919010162354,
        0.9131132364273071,
        0.9134360551834106,
        0.9137294888496399,
        0.9137734770774841,
        0.9140198826789856,
        0.9141469597816467,
        0.9142748713493347,
        0.9143568873405457,
        0.914328932762146,
        0.9142759442329407,
        0.9143195748329163,
        0.9143654108047485,
        0.9145126938819885,
        0.9145756959915161,
        0.9145190119743347,
        0.9143900275230408
    ],
    "val_loss": [
        0.34957829117774963,
        0.27842190861701965,
        0.2688046097755432,
        0.26560863852500916,
        0.260549396276474,
        0.25931018590927124,
        0.25961390137672424,
        0.25753626227378845,
        0.2568246126174927,
        0.2620032727718353,
        0.25386714935302734,
        0.2505195438861847,
        0.2516734004020691,
        0.2488979548215866,
        0.2479727864265442,
        0.2524150609970093,
        0.2453027367591858,
        0.2462390959262848,
        0.24321603775024414,
        0.24423985183238983
    ],
    "val_binary_accuracy": [
        0.8705089688301086,
        0.9054743647575378,
        0.913282573223114,
        0.9138691425323486,
        0.9141881465911865,
        0.913896381855011,
        0.9137043952941895,
        0.9144935011863708,
        0.9145766496658325,
        0.9142062664031982,
        0.9144148826599121,
        0.9146885275840759,
        0.914230465888977,
        0.914649248123169,
        0.9148306250572205,
        0.914319634437561,
        0.9146310687065125,
        0.9145554900169373,
        0.9149153232574463,
        0.914519190788269
    ]
}