{
    "loss": [
        0.5755181908607483,
        0.41044461727142334,
        0.34077078104019165,
        0.2995765209197998,
        0.28176558017730713,
        0.2756287753582001,
        0.27219411730766296,
        0.2714334726333618,
        0.27132534980773926,
        0.27113112807273865,
        0.27009519934654236,
        0.2691895067691803,
        0.26869577169418335,
        0.2683975398540497,
        0.26903459429740906,
        0.26865068078041077,
        0.268843412399292,
        0.2679506540298462,
        0.2686001658439636,
        0.26810893416404724
    ],
    "binary_accuracy": [
        0.697864294052124,
        0.8358060717582703,
        0.8775495290756226,
        0.8955529928207397,
        0.9061424732208252,
        0.9089838266372681,
        0.909874439239502,
        0.910387396812439,
        0.9106837511062622,
        0.910787045955658,
        0.9112436771392822,
        0.9114073514938354,
        0.9114591479301453,
        0.9117667078971863,
        0.9115527272224426,
        0.9118293523788452,
        0.9119586944580078,
        0.912000834941864,
        0.9118248820304871,
        0.912020206451416
    ],
    "val_loss": [
        0.45192134380340576,
        0.3610571622848511,
        0.30161628127098083,
        0.2790759801864624,
        0.26953035593032837,
        0.26514482498168945,
        0.2671222984790802,
        0.2661612033843994,
        0.2656227648258209,
        0.2641894817352295,
        0.2628929913043976,
        0.26873070001602173,
        0.26395073533058167,
        0.26372209191322327,
        0.26295599341392517,
        0.27141106128692627,
        0.26265236735343933,
        0.2641206681728363,
        0.26551565527915955,
        0.26305800676345825
    ],
    "val_binary_accuracy": [
        0.8049939274787903,
        0.8697107434272766,
        0.8905140161514282,
        0.906541645526886,
        0.9109408855438232,
        0.9121578335762024,
        0.9124692678451538,
        0.9128305912017822,
        0.9130301475524902,
        0.9127398729324341,
        0.9132040143013,
        0.9138237833976746,
        0.913457989692688,
        0.9136711359024048,
        0.913536548614502,
        0.9136046171188354,
        0.9136333465576172,
        0.9135955572128296,
        0.9130467772483826,
        0.9140369892120361
    ]
}