{
    "loss": [
        0.5382801294326782,
        0.3648993968963623,
        0.3261775076389313,
        0.2940618097782135,
        0.2734411954879761,
        0.2645953893661499,
        0.25868895649909973,
        0.255428284406662,
        0.2522638142108917,
        0.2506308853626251,
        0.2494494616985321,
        0.24762526154518127,
        0.24797558784484863,
        0.2469629943370819,
        0.2461976408958435,
        0.2462521344423294,
        0.24595117568969727,
        0.24603892862796783,
        0.24599067866802216,
        0.24459895491600037
    ],
    "binary_accuracy": [
        0.7375074625015259,
        0.8683632016181946,
        0.8828177452087402,
        0.8877549767494202,
        0.9022371172904968,
        0.9088343381881714,
        0.9109957814216614,
        0.911955714225769,
        0.9125779271125793,
        0.9127799868583679,
        0.913120687007904,
        0.9133935570716858,
        0.9133309721946716,
        0.9135504961013794,
        0.9137954711914062,
        0.9137402772903442,
        0.9138297438621521,
        0.9137354493141174,
        0.913770854473114,
        0.9140146374702454
    ],
    "val_loss": [
        0.39057663083076477,
        0.3378985822200775,
        0.30216965079307556,
        0.27465537190437317,
        0.25948137044906616,
        0.25815320014953613,
        0.2487093210220337,
        0.2487289011478424,
        0.24576230347156525,
        0.24612493813037872,
        0.24454520642757416,
        0.24383744597434998,
        0.24550674855709076,
        0.24428126215934753,
        0.24206341803073883,
        0.24263422191143036,
        0.24430540204048157,
        0.24250008165836334,
        0.24151727557182312,
        0.24097490310668945
    ],
    "val_binary_accuracy": [
        0.8577043414115906,
        0.8791471123695374,
        0.88648521900177,
        0.8919093608856201,
        0.9085401892662048,
        0.9119855165481567,
        0.9134851694107056,
        0.9128517508506775,
        0.9138147234916687,
        0.9138827919960022,
        0.9140626788139343,
        0.9141579270362854,
        0.9135652780532837,
        0.9140520691871643,
        0.9143423438072205,
        0.9145025610923767,
        0.9143483638763428,
        0.9141760468482971,
        0.9143105745315552,
        0.9145932793617249
    ]
}