{
    "loss": [
        0.401231974363327,
        0.28611165285110474,
        0.27093884348869324,
        0.267078161239624,
        0.26338592171669006,
        0.2619042992591858,
        0.2599804699420929,
        0.2575288712978363,
        0.25613945722579956,
        0.2545229494571686,
        0.25480416417121887,
        0.2525090277194977,
        0.25224870443344116,
        0.25111672282218933,
        0.25083333253860474,
        0.2503921687602997,
        0.24933037161827087,
        0.24853645265102386,
        0.24802154302597046,
        0.2480085790157318
    ],
    "binary_accuracy": [
        0.8359529376029968,
        0.9026035666465759,
        0.9108861684799194,
        0.9124820828437805,
        0.9130170345306396,
        0.9134603142738342,
        0.9137589335441589,
        0.9140623807907104,
        0.9140686988830566,
        0.9140750169754028,
        0.9140455722808838,
        0.9143370985984802,
        0.9142733812332153,
        0.9142446517944336,
        0.9143721461296082,
        0.9143292903900146,
        0.9143158793449402,
        0.9143460392951965,
        0.9143617153167725,
        0.9144202470779419
    ],
    "val_loss": [
        0.2976241111755371,
        0.2719542682170868,
        0.26259690523147583,
        0.2605980932712555,
        0.2591705322265625,
        0.25814056396484375,
        0.2551092803478241,
        0.2529451847076416,
        0.2522275149822235,
        0.25155216455459595,
        0.2518689036369324,
        0.2520878314971924,
        0.2536805272102356,
        0.24786745011806488,
        0.24850279092788696,
        0.24703353643417358,
        0.24629522860050201,
        0.25032681226730347,
        0.24540047347545624,
        0.24582453072071075
    ],
    "val_binary_accuracy": [
        0.8927000164985657,
        0.9115864038467407,
        0.912854790687561,
        0.9129213094711304,
        0.9136303067207336,
        0.9142214059829712,
        0.9145963191986084,
        0.9140793085098267,
        0.9148865938186646,
        0.9145222306251526,
        0.9146462082862854,
        0.9148412346839905,
        0.9144148826599121,
        0.9145585298538208,
        0.9148109555244446,
        0.9147081971168518,
        0.9146174788475037,
        0.9146159887313843,
        0.9148457646369934,
        0.9145010709762573
    ]
}