{
    "loss": [
        0.4616966247558594,
        0.33887937664985657,
        0.2940923273563385,
        0.2755142152309418,
        0.26875343918800354,
        0.2669704258441925,
        0.2651619613170624,
        0.26524776220321655,
        0.26336681842803955,
        0.2621609568595886,
        0.2604776918888092,
        0.25919193029403687,
        0.2585023045539856,
        0.2575284540653229,
        0.25588855147361755,
        0.2553613781929016,
        0.2553951144218445,
        0.2543690800666809,
        0.2542572021484375,
        0.25384169816970825
    ],
    "binary_accuracy": [
        0.7888718843460083,
        0.8738685846328735,
        0.8967272639274597,
        0.9067307114601135,
        0.9107486605644226,
        0.9114699959754944,
        0.9124746322631836,
        0.9122625589370728,
        0.9130260348320007,
        0.9130338430404663,
        0.9131665229797363,
        0.9131423234939575,
        0.913240373134613,
        0.9132757782936096,
        0.9134204387664795,
        0.9135050177574158,
        0.9132686853408813,
        0.9134286046028137,
        0.9132157564163208,
        0.9133212566375732
    ],
    "val_loss": [
        0.3717329204082489,
        0.29816755652427673,
        0.2778889834880829,
        0.26741957664489746,
        0.2619702219963074,
        0.2671937346458435,
        0.2599286735057831,
        0.26146987080574036,
        0.2598802447319031,
        0.2611066699028015,
        0.2551923990249634,
        0.2540103495121002,
        0.25492504239082336,
        0.2560180723667145,
        0.2543381452560425,
        0.25480222702026367,
        0.2531997561454773,
        0.25184524059295654,
        0.25419881939888,
        0.2581464350223541
    ],
    "val_binary_accuracy": [
        0.86130690574646,
        0.8906848430633545,
        0.9048031568527222,
        0.9111177921295166,
        0.9132387638092041,
        0.9115773439407349,
        0.9136832356452942,
        0.913636326789856,
        0.9135199189186096,
        0.9116483926773071,
        0.9138268232345581,
        0.9142909646034241,
        0.9130921363830566,
        0.9138011336326599,
        0.9139553308486938,
        0.913581907749176,
        0.9141155481338501,
        0.9142123460769653,
        0.9144315123558044,
        0.9116831421852112
    ]
}