{
    "loss": [
        0.424095094203949,
        0.26981276273727417,
        0.24305088818073273,
        0.23204702138900757,
        0.22448036074638367,
        0.21694093942642212,
        0.20917290449142456,
        0.20274394750595093,
        0.1985190212726593,
        0.19500517845153809,
        0.19286097586154938,
        0.18956975638866425,
        0.18644021451473236,
        0.18387208878993988,
        0.1821700781583786,
        0.18068423867225647,
        0.17943516373634338,
        0.17776261270046234,
        0.17663928866386414,
        0.17553585767745972,
        0.17486992478370667,
        0.1753658950328827,
        0.1734764724969864,
        0.1727253496646881,
        0.172782301902771,
        0.1714669167995453,
        0.17098376154899597,
        0.17021048069000244,
        0.16972391307353973,
        0.1693689078092575,
        0.1694546490907669,
        0.16741417348384857,
        0.16772708296775818,
        0.16772501170635223,
        0.16684405505657196,
        0.16573390364646912,
        0.16485659778118134,
        0.16486650705337524,
        0.1649806797504425,
        0.16546989977359772
    ],
    "binary_accuracy": [
        0.8164433836936951,
        0.911474347114563,
        0.9254186749458313,
        0.9300275444984436,
        0.9326087832450867,
        0.9347533583641052,
        0.9359068870544434,
        0.9373530745506287,
        0.9383286237716675,
        0.9392819404602051,
        0.9400006532669067,
        0.9406111836433411,
        0.9411402940750122,
        0.9418330192565918,
        0.9421931505203247,
        0.9425076246261597,
        0.9428451061248779,
        0.9433048367500305,
        0.943600058555603,
        0.9439839720726013,
        0.944221556186676,
        0.943640410900116,
        0.944619357585907,
        0.9451797604560852,
        0.9448531866073608,
        0.9449976086616516,
        0.9452924728393555,
        0.9454772472381592,
        0.9456778764724731,
        0.9458713531494141,
        0.9458962082862854,
        0.9461515545845032,
        0.9462518095970154,
        0.9460527300834656,
        0.9462193846702576,
        0.9465402960777283,
        0.9469049572944641,
        0.9467756152153015,
        0.9468401074409485,
        0.9467450976371765
    ],
    "val_loss": [
        0.29152053594589233,
        0.24116837978363037,
        0.2295849323272705,
        0.2241559773683548,
        0.21920377016067505,
        0.21091201901435852,
        0.20061033964157104,
        0.19341567158699036,
        0.19043564796447754,
        0.1879052072763443,
        0.18296535313129425,
        0.18407267332077026,
        0.17990995943546295,
        0.17936094105243683,
        0.1781253069639206,
        0.17600099742412567,
        0.17551086843013763,
        0.1732310652732849,
        0.1710614264011383,
        0.17078742384910583,
        0.16678592562675476,
        0.16953592002391815,
        0.17287980020046234,
        0.17464542388916016,
        0.16449877619743347,
        0.1671791523694992,
        0.16530409455299377,
        0.1652384102344513,
        0.16375456750392914,
        0.1686631590127945,
        0.16581271588802338,
        0.16370736062526703,
        0.1653706580400467,
        0.1619129627943039,
        0.16105657815933228,
        0.16092532873153687,
        0.16559730470180511,
        0.1593598872423172,
        0.1598511040210724,
        0.16356338560581207
    ],
    "val_binary_accuracy": [
        0.8997055292129517,
        0.9217711091041565,
        0.9303609132766724,
        0.9349944591522217,
        0.936436653137207,
        0.9373376965522766,
        0.938814640045166,
        0.9384322166442871,
        0.9404473304748535,
        0.939851701259613,
        0.941402792930603,
        0.9425668716430664,
        0.9436326026916504,
        0.9443038702011108,
        0.9443371295928955,
        0.9445774555206299,
        0.9444066286087036,
        0.9450929760932922,
        0.9458518624305725,
        0.945470929145813,
        0.9459773898124695,
        0.9455389380455017,
        0.9463069438934326,
        0.9457944631576538,
        0.946811854839325,
        0.9465775489807129,
        0.947200357913971,
        0.9460015296936035,
        0.9471791982650757,
        0.9474014639854431,
        0.9473379254341125,
        0.9469630122184753,
        0.9467755556106567,
        0.9477325081825256,
        0.9480893015861511,
        0.9464913606643677,
        0.9478247165679932,
        0.9473470449447632,
        0.9476357698440552,
        0.9482071995735168
    ]
}