{
  "loss": [
    0.4056488275527954,
    0.273834228515625,
    0.24729688465595245,
    0.23832321166992188,
    0.23171305656433105,
    0.22946634888648987,
    0.22619563341140747,
    0.2241470068693161,
    0.22183798253536224,
    0.21991406381130219,
    0.21797727048397064,
    0.2170509696006775,
    0.2154906988143921,
    0.21446655690670013,
    0.2127133011817932,
    0.21032221615314484,
    0.20970803499221802,
    0.20885194838047028,
    0.20804178714752197,
    0.20782415568828583,
    0.20835106074810028,
    0.2068505585193634,
    0.20553827285766602,
    0.20557373762130737,
    0.2045132964849472,
    0.20300304889678955,
    0.20299461483955383,
    0.2023553103208542,
    0.20177337527275085,
    0.20175153017044067
  ],
  "binary_accuracy": [
    0.8276333808898926,
    0.9100872874259949,
    0.9231557846069336,
    0.9267960786819458,
    0.9288572669029236,
    0.9295949935913086,
    0.9308047294616699,
    0.9313873648643494,
    0.9321292042732239,
    0.932689905166626,
    0.9335350394248962,
    0.9336453676223755,
    0.9338884353637695,
    0.9340371489524841,
    0.934506893157959,
    0.9350850582122803,
    0.9353653788566589,
    0.9353848099708557,
    0.9352986812591553,
    0.9360513687133789,
    0.93572998046875,
    0.9358988404273987,
    0.9361370801925659,
    0.9363943338394165,
    0.9364752173423767,
    0.9368506073951721,
    0.9366623163223267,
    0.9371197819709778,
    0.9371089339256287,
    0.9370467066764832
  ],
  "val_loss": [
    0.28321805596351624,
    0.24835558235645294,
    0.2367786020040512,
    0.23397740721702576,
    0.22550226747989655,
    0.2259065806865692,
    0.22035978734493256,
    0.2180079221725464,
    0.21520890295505524,
    0.21324503421783447,
    0.21695828437805176,
    0.21235571801662445,
    0.21184639632701874,
    0.21249109506607056,
    0.21036362648010254,
    0.20979557931423187,
    0.2050117403268814,
    0.2029900997877121,
    0.20125877857208252,
    0.2020822912454605,
    0.20157232880592346,
    0.21178264915943146,
    0.21043488383293152,
    0.20449745655059814,
    0.19928625226020813,
    0.1971002221107483,
    0.20849356055259705,
    0.19963401556015015,
    0.19814926385879517,
    0.20461660623550415
  ],
  "val_binary_accuracy": [
    0.9011749625205994,
    0.9215579628944397,
    0.9263471961021423,
    0.9311183094978333,
    0.9287781119346619,
    0.9322128295898438,
    0.932533323764801,
    0.9322536587715149,
    0.9334449172019958,
    0.9344260096549988,
    0.934701144695282,
    0.934646725654602,
    0.935249924659729,
    0.9340526461601257,
    0.9350488781929016,
    0.9366739988327026,
    0.9371517300605774,
    0.9370867013931274,
    0.9375145435333252,
    0.9379861950874329,
    0.9372938275337219,
    0.937523603439331,
    0.9376959800720215,
    0.9359302520751953,
    0.9371290802955627,
    0.9386770725250244,
    0.9371623396873474,
    0.9377518892288208,
    0.9382356405258179,
    0.9378834366798401
  ]
}