{
  "auc": 0.9687131368806176,
  "bkg_rej_95": 0.9163393712905264,
  "bkg_rej_98": 0.8951203509694897,
  "bkg_rej_99": 0.8758787087176976,
  "weighted_bkg_rej": 0.893393924551235,
  "final_val_loss": 0.20461660623550415,
  "final_val_binary_accuracy": 0.9378834366798401,
  "epochs_trained": 30
}