{
    "loss": [
        0.6705337762832642,
        0.49274006485939026,
        0.42099419236183167,
        0.3807899057865143,
        0.36099666357040405,
        0.3415941298007965,
        0.3245122730731964,
        0.30926790833473206,
        0.29933980107307434,
        0.29460832476615906,
        0.2903633415699005,
        0.2891443967819214,
        0.28685975074768066,
        0.2846600413322449,
        0.2852431535720825,
        0.2846809923648834,
        0.28469333052635193,
        0.2830408215522766,
        0.2832742929458618,
        0.28246521949768066
    ],
    "binary_accuracy": [
        0.5890381336212158,
        0.7943764925003052,
        0.8472059369087219,
        0.8684187531471252,
        0.8752408027648926,
        0.882997453212738,
        0.8896252512931824,
        0.894581139087677,
        0.8996659517288208,
        0.9038781523704529,
        0.9059653878211975,
        0.9066680669784546,
        0.9071832895278931,
        0.9081268310546875,
        0.908046305179596,
        0.9083985686302185,
        0.9085682034492493,
        0.9088104963302612,
        0.9088220596313477,
        0.9090583920478821
    ],
    "val_loss": [
        0.5415133833885193,
        0.44911086559295654,
        0.3913102149963379,
        0.36213722825050354,
        0.34055590629577637,
        0.3280538320541382,
        0.30721232295036316,
        0.2946126461029053,
        0.292751282453537,
        0.2808676064014435,
        0.2812679409980774,
        0.27764275670051575,
        0.27784085273742676,
        0.28343528509140015,
        0.2772279679775238,
        0.2807139754295349,
        0.275453120470047,
        0.2745872139930725,
        0.2746668756008148,
        0.2736809551715851
    ],
    "val_binary_accuracy": [
        0.7264490723609924,
        0.8321662545204163,
        0.8655337691307068,
        0.8786013722419739,
        0.8845728039741516,
        0.8910022974014282,
        0.8953425884246826,
        0.8988362550735474,
        0.906402587890625,
        0.9086626768112183,
        0.9075741767883301,
        0.9098146557807922,
        0.911817729473114,
        0.9115259647369385,
        0.9119054079055786,
        0.9125418663024902,
        0.9120444655418396,
        0.9123755693435669,
        0.9123906493186951,
        0.9120580554008484
    ]
}