{
    "loss": [
        0.4622664153575897,
        0.3368383049964905,
        0.2936666011810303,
        0.2763362526893616,
        0.270031213760376,
        0.2675275504589081,
        0.26673394441604614,
        0.26503074169158936,
        0.2644563615322113,
        0.26226699352264404,
        0.26175543665885925,
        0.2604551315307617,
        0.2589356601238251,
        0.2580040693283081,
        0.25764352083206177,
        0.25663313269615173,
        0.2558225095272064,
        0.2552925944328308,
        0.253971666097641,
        0.2543347179889679
    ],
    "binary_accuracy": [
        0.7883294820785522,
        0.8747487664222717,
        0.8973971605300903,
        0.9067575335502625,
        0.9104772210121155,
        0.9118670225143433,
        0.9121432304382324,
        0.9126636385917664,
        0.912885844707489,
        0.9131057858467102,
        0.9128097891807556,
        0.9128772616386414,
        0.9131993651390076,
        0.9133875966072083,
        0.9131568670272827,
        0.9132440686225891,
        0.9133007526397705,
        0.913406252861023,
        0.913520336151123,
        0.9134110808372498
    ],
    "val_loss": [
        0.36991578340530396,
        0.29953181743621826,
        0.283671110868454,
        0.2658291459083557,
        0.28073906898498535,
        0.2618286609649658,
        0.26634541153907776,
        0.26400232315063477,
        0.26408350467681885,
        0.2582884430885315,
        0.26043108105659485,
        0.25909605622291565,
        0.2555263638496399,
        0.2541468143463135,
        0.2520969808101654,
        0.25314250588417053,
        0.2518182396888733,
        0.2511880397796631,
        0.25677627325057983,
        0.25213947892189026
    ],
    "val_binary_accuracy": [
        0.8615729808807373,
        0.8905367255210876,
        0.90313720703125,
        0.9108577370643616,
        0.9058281183242798,
        0.913796603679657,
        0.9123468399047852,
        0.9128759503364563,
        0.9125312566757202,
        0.9142939448356628,
        0.9142818450927734,
        0.9120535254478455,
        0.9135380983352661,
        0.9140943884849548,
        0.9142622351646423,
        0.9135728478431702,
        0.9142168760299683,
        0.914594829082489,
        0.9122470617294312,
        0.9136242270469666
    ]
}