{
    "loss": [
        0.5285853743553162,
        0.4400598406791687,
        0.37243813276290894,
        0.31825482845306396,
        0.2899651527404785,
        0.2782398760318756,
        0.27418211102485657,
        0.2712474763393402,
        0.2707836329936981,
        0.2691308557987213,
        0.2688823938369751,
        0.26695460081100464,
        0.2661024332046509,
        0.26487600803375244,
        0.2638970613479614,
        0.26213955879211426,
        0.2622549533843994,
        0.2619718015193939,
        0.26096850633621216,
        0.26082807779312134
    ],
    "binary_accuracy": [
        0.7259692549705505,
        0.8095501065254211,
        0.8533774614334106,
        0.8856133222579956,
        0.900984525680542,
        0.9066468477249146,
        0.9086237549781799,
        0.9094438552856445,
        0.9095792174339294,
        0.9100906848907471,
        0.9101077914237976,
        0.9106491208076477,
        0.9108462929725647,
        0.9110994338989258,
        0.9113413691520691,
        0.9117681980133057,
        0.9112966656684875,
        0.9114058613777161,
        0.9115027785301208,
        0.9117268323898315
    ],
    "val_loss": [
        0.46151870489120483,
        0.4000546932220459,
        0.33448314666748047,
        0.29353535175323486,
        0.273945152759552,
        0.2704138159751892,
        0.26451170444488525,
        0.2705424427986145,
        0.2699456512928009,
        0.2662373483181,
        0.2629419267177582,
        0.2698570489883423,
        0.2578132152557373,
        0.26029840111732483,
        0.25643473863601685,
        0.2825784683227539,
        0.25261321663856506,
        0.2612479031085968,
        0.2581024169921875,
        0.25404179096221924
    ],
    "val_binary_accuracy": [
        0.790115237236023,
        0.8365760445594788,
        0.875465989112854,
        0.8950598835945129,
        0.9084631204605103,
        0.9105947017669678,
        0.9106536507606506,
        0.9104994535446167,
        0.9088032841682434,
        0.9095198512077332,
        0.9100504517555237,
        0.9067578315734863,
        0.9131994247436523,
        0.9119083881378174,
        0.9127383828163147,
        0.9042196273803711,
        0.9134201407432556,
        0.9122546315193176,
        0.9122425317764282,
        0.9137618541717529
    ]
}