{
    "loss": [
        0.5749344229698181,
        0.41031908988952637,
        0.3345470726490021,
        0.2959608733654022,
        0.2802537679672241,
        0.27527743577957153,
        0.2725873291492462,
        0.27194198966026306,
        0.27093958854675293,
        0.2702316641807556,
        0.2695363163948059,
        0.2697320580482483,
        0.2694925367832184,
        0.2705136835575104,
        0.269146591424942,
        0.26905667781829834,
        0.2685317099094391,
        0.26913172006607056,
        0.2685268521308899,
        0.26850026845932007
    ],
    "binary_accuracy": [
        0.6988298296928406,
        0.8361560702323914,
        0.8805280923843384,
        0.8982057571411133,
        0.9071363210678101,
        0.9092642068862915,
        0.9099982380867004,
        0.9104272723197937,
        0.9109383821487427,
        0.9111270308494568,
        0.9115691184997559,
        0.9117745757102966,
        0.9119065403938293,
        0.9116582274436951,
        0.9119117259979248,
        0.9119389653205872,
        0.9120548963546753,
        0.9119870662689209,
        0.9120612144470215,
        0.9122099876403809
    ],
    "val_loss": [
        0.45458242297172546,
        0.35995203256607056,
        0.3017694652080536,
        0.27786141633987427,
        0.2804962694644928,
        0.26829132437705994,
        0.26737892627716064,
        0.2672572433948517,
        0.2631598114967346,
        0.26361319422721863,
        0.2635725736618042,
        0.2656595706939697,
        0.26400434970855713,
        0.2629886269569397,
        0.27120330929756165,
        0.26925337314605713,
        0.2647606134414673,
        0.26354628801345825,
        0.2637924253940582,
        0.26760026812553406
    ],
    "val_binary_accuracy": [
        0.8038767576217651,
        0.8725815415382385,
        0.8929842114448547,
        0.9080080986022949,
        0.9117391109466553,
        0.910331666469574,
        0.9114095568656921,
        0.9132962226867676,
        0.9134262204170227,
        0.9134065508842468,
        0.9136953353881836,
        0.9136937856674194,
        0.9136907458305359,
        0.9133853912353516,
        0.9109922647476196,
        0.9122077226638794,
        0.9132145643234253,
        0.9135501980781555,
        0.9136650562286377,
        0.9133642315864563
    ]
}