{
    "loss": [
        0.5385481715202332,
        0.3644876778125763,
        0.32418227195739746,
        0.29124772548675537,
        0.27204951643943787,
        0.263247549533844,
        0.2575110197067261,
        0.2541022002696991,
        0.25101184844970703,
        0.24839751422405243,
        0.24756614863872528,
        0.24703404307365417,
        0.24684114754199982,
        0.24622425436973572,
        0.24617746472358704,
        0.24535851180553436,
        0.24509508907794952,
        0.2450907826423645,
        0.2447335124015808,
        0.2441694140434265
    ],
    "binary_accuracy": [
        0.7366642355918884,
        0.8684221506118774,
        0.8830835819244385,
        0.8900994658470154,
        0.9042971134185791,
        0.9090774059295654,
        0.9111877679824829,
        0.9121369123458862,
        0.9127330183982849,
        0.9131542444229126,
        0.9133667349815369,
        0.9134196639060974,
        0.9134469032287598,
        0.913555383682251,
        0.9136526584625244,
        0.9137682318687439,
        0.9137201309204102,
        0.9137574434280396,
        0.9138398170471191,
        0.9137846231460571
    ],
    "val_loss": [
        0.38824519515037537,
        0.3409111201763153,
        0.3011329472064972,
        0.2717755138874054,
        0.26230618357658386,
        0.25466209650039673,
        0.2510070204734802,
        0.24609611928462982,
        0.24524666368961334,
        0.244543194770813,
        0.24357976019382477,
        0.24360056221485138,
        0.24370025098323822,
        0.24416351318359375,
        0.24234600365161896,
        0.2420203536748886,
        0.24971817433834076,
        0.2421943098306656,
        0.24326321482658386,
        0.24331417679786682
    ],
    "val_binary_accuracy": [
        0.8551011085510254,
        0.8815145492553711,
        0.8864731192588806,
        0.9012399315834045,
        0.9074850082397461,
        0.9111434817314148,
        0.9133400321006775,
        0.9136787056922913,
        0.9135789275169373,
        0.9141125679016113,
        0.9141337275505066,
        0.9142501354217529,
        0.9143756031990051,
        0.913931131362915,
        0.9147142171859741,
        0.9143528938293457,
        0.9142093062400818,
        0.9143967628479004,
        0.9143030643463135,
        0.9147096872329712
    ]
}