trial_id,parameters,auc,primary_metric
009,199,0.9468626573187964,0.8483967817718396
003,121,0.9473767231013916,0.8479692569109969
006,79,0.9284067755219698,0.8022682401032832
