{
  "timestamp": "2026-02-24T13:04:20.400242",
  "metric_name": "weighted_bkg_rej",
  "bkg_rej_weights": {
    "0.95": 0.3,
    "0.98": 0.6,
    "0.99": 0.1
  },
  "total_models": 10,
  "primary_pareto_models": 7,
  "secondary_pareto_models": 3,
  "primary_metric_range": {
    "min": 0.0,
    "max": 0.8512800045957409,
    "mean": 0.7528336069613383
  },
  "parameters_range": {
    "min": 19,
    "max": 199,
    "mean": 97.0
  },
  "auc_range": {
    "min": 0.49743756852360227,
    "max": 0.9499025423617513,
    "mean": 0.8968909551336072
  }
}