{
  "loss": [
    0.48565158247947693,
    0.35422083735466003,
    0.3038645386695862,
    0.27513858675956726,
    0.2623773217201233,
    0.257527232170105,
    0.2544362545013428,
    0.2507876455783844,
    0.2450411319732666,
    0.24300320446491241,
    0.23868303000926971,
    0.23717212677001953,
    0.23665623366832733,
    0.23369188606739044,
    0.23160004615783691,
    0.23028065264225006,
    0.2280023992061615,
    0.22677810490131378,
    0.22726385295391083,
    0.22683601081371307,
    0.2235107123851776,
    0.2226102352142334,
    0.22286348044872284,
    0.22033728659152985,
    0.22031810879707336,
    0.21807870268821716,
    0.21752160787582397,
    0.21775208413600922,
    0.2183065414428711,
    0.21994052827358246
  ],
  "binary_accuracy": [
    0.77411949634552,
    0.8732452988624573,
    0.8960700631141663,
    0.9113626480102539,
    0.9164180159568787,
    0.9180161356925964,
    0.919109582901001,
    0.919716477394104,
    0.9209436774253845,
    0.9208292365074158,
    0.9218812584877014,
    0.9225295186042786,
    0.9228848218917847,
    0.923285186290741,
    0.9234074354171753,
    0.9232609272003174,
    0.9236177206039429,
    0.9244311451911926,
    0.9242596626281738,
    0.9245515465736389,
    0.9245421886444092,
    0.9246458411216736,
    0.9242790341377258,
    0.9251886606216431,
    0.9248859286308289,
    0.9254369139671326,
    0.9258365631103516,
    0.9258514642715454,
    0.9259371757507324,
    0.9256755113601685
  ],
  "val_loss": [
    0.3761619031429291,
    0.32242831587791443,
    0.28514572978019714,
    0.25929608941078186,
    0.2514815032482147,
    0.24951405823230743,
    0.24708044528961182,
    0.24158218502998352,
    0.2369731217622757,
    0.23442614078521729,
    0.23293989896774292,
    0.2421512007713318,
    0.23109538853168488,
    0.22820676863193512,
    0.22608256340026855,
    0.22295069694519043,
    0.22220750153064728,
    0.21705052256584167,
    0.22072362899780273,
    0.2185874581336975,
    0.2170340120792389,
    0.21808645129203796,
    0.21684664487838745,
    0.21536125242710114,
    0.21092741191387177,
    0.21499542891979218,
    0.21132725477218628,
    0.2082952857017517,
    0.227121040225029,
    0.21586301922798157
  ],
  "val_binary_accuracy": [
    0.859462559223175,
    0.8834601640701294,
    0.9033942222595215,
    0.9187839031219482,
    0.9195639491081238,
    0.922466516494751,
    0.9203304052352905,
    0.9211709499359131,
    0.9223334789276123,
    0.9245255589485168,
    0.9233614802360535,
    0.9238724708557129,
    0.925443172454834,
    0.9239873290061951,
    0.9241702556610107,
    0.9262625575065613,
    0.925991952419281,
    0.9256215691566467,
    0.9262973070144653,
    0.9268551468849182,
    0.9260116219520569,
    0.9268022179603577,
    0.9260644912719727,
    0.9282248020172119,
    0.9278241991996765,
    0.9260947108268738,
    0.9276745319366455,
    0.9277803301811218,
    0.9276684522628784,
    0.9279950261116028
  ]
}