{
  "auc": 0.9655465727900236,
  "bkg_rej_95": 0.9003087007658561,
  "bkg_rej_98": 0.8753647113602486,
  "bkg_rej_99": 0.8498129956673046,
  "weighted_bkg_rej": 0.8727487671622205,
  "final_val_loss": 0.21586301922798157,
  "final_val_binary_accuracy": 0.9279950261116028,
  "epochs_trained": 30
}