{
    "spatial_units": 56,
    "nmodule_xlocal_units": 6,
    "dense2_ratio": 0.4,
    "dense3_ratio": 0.30000000000000004,
    "dropout_rate": 0.1,
    "learning_rate": 0.004299211781488068
}