{
    "spatial_units": 120,
    "nmodule_xlocal_units": 10,
    "dense2_ratio": 0.30000000000000004,
    "dense3_ratio": 0.4,
    "dropout_rate": 0.1,
    "learning_rate": 0.004475458275879791
}