{
    "spatial_units": 120,
    "nmodule_xlocal_units": 8,
    "dense2_ratio": 0.4,
    "dense3_ratio": 0.30000000000000004,
    "dropout_rate": 0.1,
    "learning_rate": 0.0001802695544210882
}