{
    "spatial_units": 96,
    "nmodule_xlocal_units": 8,
    "dense2_ratio": 0.2,
    "dense3_ratio": 0.6000000000000001,
    "dropout_rate": 0.1,
    "learning_rate": 0.00013437185489870095
}