{
    "spatial_units": 64,
    "nmodule_xlocal_units": 4,
    "dense2_ratio": 0.5,
    "dense3_ratio": 0.6000000000000001,
    "dropout_rate": 0.0,
    "learning_rate": 0.00019367160344936564
}