{
    "loss": [
        0.5394233465194702,
        0.35373783111572266,
        0.28861552476882935,
        0.2583597004413605,
        0.24143414199352264,
        0.23153436183929443,
        0.2247343808412552,
        0.21995480358600616,
        0.21665146946907043,
        0.21372701227664948,
        0.2105783373117447,
        0.20826934278011322,
        0.20602372288703918,
        0.2040691077709198,
        0.20250608026981354,
        0.20081451535224915,
        0.19960296154022217,
        0.1978691667318344,
        0.19647447764873505,
        0.1952860802412033,
        0.19369246065616608,
        0.19270078837871552,
        0.1922105848789215,
        0.19039292633533478,
        0.18938873708248138,
        0.18840929865837097,
        0.1876644492149353,
        0.1868792325258255,
        0.1855701059103012,
        0.18488499522209167,
        0.18413931131362915,
        0.18247464299201965,
        0.18150489032268524,
        0.1809423416852951,
        0.17976829409599304,
        0.1786821186542511,
        0.17759889364242554,
        0.17685775458812714,
        0.17584282159805298,
        0.1752663403749466
    ],
    "binary_accuracy": [
        0.7342951893806458,
        0.8786535859107971,
        0.907133936882019,
        0.9194937348365784,
        0.9265948534011841,
        0.9309054613113403,
        0.9335737824440002,
        0.9354645609855652,
        0.9368470311164856,
        0.9379228949546814,
        0.9387845396995544,
        0.9396892189979553,
        0.9404380917549133,
        0.9411873817443848,
        0.941742479801178,
        0.9421101808547974,
        0.9426230192184448,
        0.9429420232772827,
        0.9433776140213013,
        0.9437893629074097,
        0.9439499974250793,
        0.9444704055786133,
        0.9445428252220154,
        0.9448550343513489,
        0.9451337456703186,
        0.9454274773597717,
        0.945663571357727,
        0.9458698630332947,
        0.9460278153419495,
        0.946345329284668,
        0.9466161131858826,
        0.946582555770874,
        0.9469411969184875,
        0.9469143748283386,
        0.9473193883895874,
        0.9472522735595703,
        0.9475577473640442,
        0.9476584196090698,
        0.9478590488433838,
        0.948053240776062
    ],
    "val_loss": [
        0.40818777680397034,
        0.3017881512641907,
        0.2601431906223297,
        0.24151363968849182,
        0.228986456990242,
        0.2222139835357666,
        0.21716062724590302,
        0.21304824948310852,
        0.21105600893497467,
        0.20911163091659546,
        0.20608636736869812,
        0.20533211529254913,
        0.20244251191616058,
        0.20143131911754608,
        0.1988995522260666,
        0.1982116997241974,
        0.1974489837884903,
        0.1945771872997284,
        0.19325661659240723,
        0.19313214719295502,
        0.19215384125709534,
        0.19146642088890076,
        0.18971271812915802,
        0.1883227825164795,
        0.18720386922359467,
        0.18593506515026093,
        0.18529139459133148,
        0.18398939073085785,
        0.18289922177791595,
        0.1830560863018036,
        0.1815015822649002,
        0.18005917966365814,
        0.1789347231388092,
        0.17979663610458374,
        0.17775890231132507,
        0.17648006975650787,
        0.17461559176445007,
        0.17329815030097961,
        0.17515748739242554,
        0.17490822076797485
    ],
    "val_binary_accuracy": [
        0.8509120345115662,
        0.9013820290565491,
        0.9158011674880981,
        0.9258407354354858,
        0.9310336709022522,
        0.9338334202766418,
        0.9359272122383118,
        0.9368765950202942,
        0.9385591745376587,
        0.939762532711029,
        0.9400119781494141,
        0.9412984848022461,
        0.9418321251869202,
        0.9428299069404602,
        0.9424776434898376,
        0.9426862597465515,
        0.943984866142273,
        0.943895697593689,
        0.9436235427856445,
        0.9446439743041992,
        0.9456689953804016,
        0.945221483707428,
        0.9447075128555298,
        0.9456961750984192,
        0.9462918043136597,
        0.9464006423950195,
        0.9467529058456421,
        0.9467030167579651,
        0.946712076663971,
        0.9469826817512512,
        0.9474422335624695,
        0.9472593069076538,
        0.9474029541015625,
        0.9481936097145081,
        0.9481059312820435,
        0.9478655457496643,
        0.947699248790741,
        0.9481225609779358,
        0.9484672546386719,
        0.948951005935669
    ]
}