{
    "loss": [
        0.469203919172287,
        0.28728362917900085,
        0.24358543753623962,
        0.22844985127449036,
        0.2200782597064972,
        0.2148810476064682,
        0.21139463782310486,
        0.20832684636116028,
        0.20633116364479065,
        0.20299431681632996,
        0.2005574256181717,
        0.19754531979560852,
        0.19469648599624634,
        0.19198207557201385,
        0.18999473750591278,
        0.1885259747505188,
        0.18659068644046783,
        0.18497301638126373,
        0.1834464818239212,
        0.1821286529302597,
        0.1805669516324997,
        0.1790933609008789,
        0.1782061755657196,
        0.1764075607061386,
        0.17579521238803864,
        0.17435744404792786,
        0.17346908152103424,
        0.1724008470773697,
        0.17130005359649658,
        0.1702212542295456,
        0.16923551261425018,
        0.16831381618976593,
        0.1680079698562622,
        0.16708418726921082,
        0.16586196422576904,
        0.16478443145751953,
        0.1647207885980606,
        0.16364698112010956,
        0.16298536956310272,
        0.1626054048538208
    ],
    "binary_accuracy": [
        0.7891421914100647,
        0.9038980603218079,
        0.9258564710617065,
        0.9323301315307617,
        0.9352084994316101,
        0.9371483325958252,
        0.9386506676673889,
        0.939969003200531,
        0.9407186508178711,
        0.9415437579154968,
        0.9424197673797607,
        0.9429559707641602,
        0.9435951709747314,
        0.9438682198524475,
        0.9443957805633545,
        0.9449074864387512,
        0.9452204704284668,
        0.9455768465995789,
        0.9458068609237671,
        0.9462506771087646,
        0.9464237689971924,
        0.9467386603355408,
        0.9470203518867493,
        0.9473212957382202,
        0.9475026726722717,
        0.9478051066398621,
        0.9479517936706543,
        0.9479702711105347,
        0.9484280943870544,
        0.9484325647354126,
        0.9487395286560059,
        0.948765218257904,
        0.9488033056259155,
        0.9489597678184509,
        0.9490774273872375,
        0.9493289589881897,
        0.9493610262870789,
        0.949671745300293,
        0.9498591423034668,
        0.9497976899147034
    ],
    "val_loss": [
        0.3299103081226349,
        0.24863667786121368,
        0.22783638536930084,
        0.2185714691877365,
        0.21260219812393188,
        0.20941518247127533,
        0.20590871572494507,
        0.20353570580482483,
        0.20146362483501434,
        0.19833743572235107,
        0.19616779685020447,
        0.19307255744934082,
        0.1905674785375595,
        0.18848006427288055,
        0.18617960810661316,
        0.1854102462530136,
        0.1853116750717163,
        0.18163059651851654,
        0.1803542673587799,
        0.18060700595378876,
        0.17785492539405823,
        0.176351860165596,
        0.17577014863491058,
        0.17476415634155273,
        0.17364299297332764,
        0.17299319803714752,
        0.17135706543922424,
        0.16979575157165527,
        0.16990146040916443,
        0.16794456541538239,
        0.16675858199596405,
        0.1661391705274582,
        0.16518950462341309,
        0.165570929646492,
        0.1641847789287567,
        0.16395899653434753,
        0.16196677088737488,
        0.1618957817554474,
        0.16197817027568817,
        0.16076351702213287
    ],
    "val_binary_accuracy": [
        0.8809446096420288,
        0.9210500121116638,
        0.9317139387130737,
        0.9351985454559326,
        0.9367390275001526,
        0.9392954111099243,
        0.9394662380218506,
        0.9412153363227844,
        0.9412062764167786,
        0.9428495168685913,
        0.9432214498519897,
        0.9437988996505737,
        0.9445064067840576,
        0.9450793862342834,
        0.9451262354850769,
        0.9459622502326965,
        0.9468693137168884,
        0.9461889863014221,
        0.9463537931442261,
        0.9471535086631775,
        0.9472033977508545,
        0.9477143883705139,
        0.94650799036026,
        0.9486683011054993,
        0.9480620622634888,
        0.9487922787666321,
        0.9487711191177368,
        0.9488421678543091,
        0.9492487907409668,
        0.9497205018997192,
        0.9493334889411926,
        0.9496055841445923,
        0.9494544267654419,
        0.9485171437263489,
        0.9505156874656677,
        0.9499517679214478,
        0.9503116011619568,
        0.9503554105758667,
        0.9508512616157532,
        0.9506562352180481
    ]
}