{
    "loss": [
        0.2816956043243408,
        0.21033157408237457,
        0.20291727781295776,
        0.19387689232826233,
        0.18807126581668854,
        0.1814669817686081,
        0.17644894123077393,
        0.171624094247818,
        0.1673344224691391,
        0.16428765654563904,
        0.16236643493175507,
        0.16129489243030548,
        0.1594679206609726,
        0.15748345851898193,
        0.15549808740615845,
        0.15545552968978882,
        0.1544398069381714,
        0.15445491671562195,
        0.15287388861179352,
        0.1525661200284958,
        0.15318340063095093,
        0.15207546949386597,
        0.1504637598991394,
        0.15019960701465607,
        0.1506393402814865,
        0.15202780067920685,
        0.15011268854141235,
        0.1506940722465515,
        0.14965903759002686,
        0.1491762399673462,
        0.14816729724407196,
        0.14793844521045685,
        0.1479366421699524,
        0.14792931079864502,
        0.14849646389484406,
        0.1480056792497635,
        0.1487789750099182,
        0.14706987142562866,
        0.14737755060195923,
        0.14826612174510956
    ],
    "binary_accuracy": [
        0.9034941792488098,
        0.9406673908233643,
        0.9431856274604797,
        0.9452521204948425,
        0.9461092948913574,
        0.9472021460533142,
        0.947775661945343,
        0.9485144019126892,
        0.9491724371910095,
        0.9499447345733643,
        0.9498444199562073,
        0.9500318765640259,
        0.9504040479660034,
        0.9509572386741638,
        0.9512193202972412,
        0.9512495398521423,
        0.9514735341072083,
        0.9516443610191345,
        0.9520082473754883,
        0.9518415331840515,
        0.9515904188156128,
        0.9520734548568726,
        0.9523035287857056,
        0.9522703289985657,
        0.9523959159851074,
        0.9520338773727417,
        0.9524562358856201,
        0.9522420167922974,
        0.9526881575584412,
        0.9528510570526123,
        0.9531757235527039,
        0.9533115029335022,
        0.9532734155654907,
        0.9532768130302429,
        0.9527865648269653,
        0.9529566168785095,
        0.9528529644012451,
        0.9533993601799011,
        0.9533303380012512,
        0.9531870484352112
    ],
    "val_loss": [
        0.21888579428195953,
        0.2062610387802124,
        0.197305828332901,
        0.18501338362693787,
        0.1802712380886078,
        0.17282748222351074,
        0.17149418592453003,
        0.1655426025390625,
        0.1611160933971405,
        0.16042669117450714,
        0.16002419590950012,
        0.15390482544898987,
        0.15478071570396423,
        0.15141771733760834,
        0.1484348177909851,
        0.15174899995326996,
        0.150146946310997,
        0.14840655028820038,
        0.14647383987903595,
        0.1526614874601364,
        0.1496286392211914,
        0.14580833911895752,
        0.14667628705501556,
        0.14730204641819,
        0.14651018381118774,
        0.14628957211971283,
        0.1461980640888214,
        0.1469426155090332,
        0.14750881493091583,
        0.14769576489925385,
        0.14413286745548248,
        0.1453942209482193,
        0.14463795721530914,
        0.1453017145395279,
        0.1432565599679947,
        0.1454077661037445,
        0.14522317051887512,
        0.14739707112312317,
        0.1445825695991516,
        0.14715978503227234
    ],
    "val_binary_accuracy": [
        0.9406257271766663,
        0.9435510039329529,
        0.9465110301971436,
        0.94651859998703,
        0.9471898078918457,
        0.9496690630912781,
        0.9464460015296936,
        0.9498308300971985,
        0.9497597813606262,
        0.9518716931343079,
        0.9503690004348755,
        0.9521725177764893,
        0.952226996421814,
        0.9529238939285278,
        0.9530296921730042,
        0.952301025390625,
        0.9520244002342224,
        0.9529163241386414,
        0.9536253213882446,
        0.9521650075912476,
        0.9522209167480469,
        0.953502893447876,
        0.9526925683021545,
        0.9532292485237122,
        0.9532201886177063,
        0.9542179703712463,
        0.9537976980209351,
        0.9532746076583862,
        0.9537100195884705,
        0.9531431198120117,
        0.953841507434845,
        0.9540455937385559,
        0.9545097351074219,
        0.9538127779960632,
        0.9539564251899719,
        0.9536691904067993,
        0.9545097351074219,
        0.9541590213775635,
        0.9549118280410767,
        0.9539231657981873
    ]
}