{
    "loss": [
        0.3700166940689087,
        0.2429143488407135,
        0.22279949486255646,
        0.21397975087165833,
        0.2066645473241806,
        0.2013576477766037,
        0.19686278700828552,
        0.1935812383890152,
        0.19035828113555908,
        0.1882370263338089,
        0.18595531582832336,
        0.18393011391162872,
        0.18164078891277313,
        0.1799185425043106,
        0.17771100997924805,
        0.17561325430870056,
        0.17473144829273224,
        0.1728617548942566,
        0.17186899483203888,
        0.17122741043567657,
        0.17006494104862213,
        0.16875526309013367,
        0.1690855622291565,
        0.16797320544719696,
        0.1675790697336197,
        0.16668622195720673,
        0.16622166335582733,
        0.16627532243728638,
        0.16574355959892273,
        0.1648445576429367,
        0.16463112831115723,
        0.16355353593826294,
        0.1631859689950943,
        0.16259339451789856,
        0.16249829530715942,
        0.16206753253936768,
        0.16179406642913818,
        0.16156122088432312,
        0.16108761727809906,
        0.16053783893585205
    ],
    "binary_accuracy": [
        0.8560903072357178,
        0.9257550239562988,
        0.9338105916976929,
        0.9375857710838318,
        0.9393807053565979,
        0.9409260749816895,
        0.9419800639152527,
        0.9429209232330322,
        0.9433647990226746,
        0.9438368678092957,
        0.9442954659461975,
        0.9446570873260498,
        0.9450549483299255,
        0.9452551603317261,
        0.9454686045646667,
        0.945830225944519,
        0.9460775852203369,
        0.9462420344352722,
        0.9464302062988281,
        0.946465253829956,
        0.9468435049057007,
        0.946944534778595,
        0.9471828937530518,
        0.9472726583480835,
        0.9474913477897644,
        0.9476802945137024,
        0.9477002620697021,
        0.9478582739830017,
        0.9479793310165405,
        0.9479853510856628,
        0.9481493830680847,
        0.9482229351997375,
        0.9483726620674133,
        0.9484058022499084,
        0.9484344720840454,
        0.9486140012741089,
        0.9487437009811401,
        0.9486852288246155,
        0.9487146735191345,
        0.9489122629165649
    ],
    "val_loss": [
        0.2506909668445587,
        0.22260956466197968,
        0.21123552322387695,
        0.20622652769088745,
        0.20045897364616394,
        0.19623887538909912,
        0.19030342996120453,
        0.19151559472084045,
        0.18517087399959564,
        0.18332277238368988,
        0.18386563658714294,
        0.1797609031200409,
        0.18140697479248047,
        0.17523165047168732,
        0.17435239255428314,
        0.170399472117424,
        0.17126457393169403,
        0.16656042635440826,
        0.1660432368516922,
        0.16616548597812653,
        0.16523484885692596,
        0.16608816385269165,
        0.16774672269821167,
        0.16552996635437012,
        0.1655777245759964,
        0.16203270852565765,
        0.16409818828105927,
        0.16188161075115204,
        0.16206644475460052,
        0.16113951802253723,
        0.1604567915201187,
        0.15907631814479828,
        0.16044147312641144,
        0.15908993780612946,
        0.15904270112514496,
        0.15844957530498505,
        0.1575937271118164,
        0.15706942975521088,
        0.15755373239517212,
        0.15597142279148102
    ],
    "val_binary_accuracy": [
        0.9202911257743835,
        0.9318923354148865,
        0.9374071955680847,
        0.9393059611320496,
        0.9414814114570618,
        0.9431745409965515,
        0.9437520503997803,
        0.9437218308448792,
        0.9444020986557007,
        0.9443492293357849,
        0.9457989931106567,
        0.9460272789001465,
        0.9466289281845093,
        0.9460347890853882,
        0.9461769461631775,
        0.9461769461631775,
        0.9475193619728088,
        0.9471157193183899,
        0.9471172094345093,
        0.947909414768219,
        0.9478156566619873,
        0.9482057094573975,
        0.9479320645332336,
        0.9475163221359253,
        0.9484097957611084,
        0.9484702348709106,
        0.9486229419708252,
        0.9484279155731201,
        0.949195921421051,
        0.9492079615592957,
        0.9490719437599182,
        0.949096143245697,
        0.9493561387062073,
        0.9485488533973694,
        0.9494816064834595,
        0.9495571851730347,
        0.9498398900032043,
        0.9499306082725525,
        0.9495526552200317,
        0.9499669075012207
    ]
}