{
    "loss": [
        0.3238895833492279,
        0.2163240611553192,
        0.20777519047260284,
        0.20357811450958252,
        0.19910185039043427,
        0.19272345304489136,
        0.18461255729198456,
        0.18031376600265503,
        0.1764644980430603,
        0.17093788087368011,
        0.16827349364757538,
        0.16516952216625214,
        0.16386649012565613,
        0.16182437539100647,
        0.1606975793838501,
        0.15947861969470978,
        0.15739548206329346,
        0.15648935735225677,
        0.15558235347270966,
        0.15515147149562836,
        0.15387916564941406,
        0.15436437726020813,
        0.15338660776615143,
        0.15323299169540405,
        0.1536804586648941,
        0.1518644094467163,
        0.15238551795482635,
        0.15095873177051544,
        0.15065202116966248,
        0.15163913369178772,
        0.1506301909685135,
        0.14992432296276093,
        0.15029986202716827,
        0.14988818764686584,
        0.14819695055484772,
        0.14829325675964355,
        0.14850370585918427,
        0.14843766391277313,
        0.14757077395915985,
        0.14859901368618011
    ],
    "binary_accuracy": [
        0.877469539642334,
        0.9394199252128601,
        0.9419370889663696,
        0.943865180015564,
        0.9445262551307678,
        0.9455029368400574,
        0.9458170533180237,
        0.9467213153839111,
        0.947322428226471,
        0.947928786277771,
        0.9483997821807861,
        0.948676586151123,
        0.9489288330078125,
        0.9493353366851807,
        0.9492474794387817,
        0.9493270516395569,
        0.9503810405731201,
        0.9503350257873535,
        0.9505884647369385,
        0.950918436050415,
        0.9512103199958801,
        0.9510270357131958,
        0.9512830972671509,
        0.9513958096504211,
        0.9512231349945068,
        0.951653003692627,
        0.9516265988349915,
        0.9519904851913452,
        0.9519954323768616,
        0.9517714381217957,
        0.9520086050033569,
        0.9521504044532776,
        0.9523698687553406,
        0.9522374868392944,
        0.9527111649513245,
        0.9527567625045776,
        0.9528329372406006,
        0.9527118802070618,
        0.9528785943984985,
        0.9524920582771301
    ],
    "val_loss": [
        0.22086502611637115,
        0.2075747549533844,
        0.20009033381938934,
        0.19871364533901215,
        0.19039055705070496,
        0.18380846083164215,
        0.17539289593696594,
        0.1690789759159088,
        0.1794668734073639,
        0.1642242819070816,
        0.16215696930885315,
        0.15868261456489563,
        0.15497736632823944,
        0.15732190012931824,
        0.15350328385829926,
        0.1554863601922989,
        0.15236257016658783,
        0.15032795071601868,
        0.15322835743427277,
        0.15041716396808624,
        0.15084542334079742,
        0.14991630613803864,
        0.15071693062782288,
        0.14909382164478302,
        0.14763684570789337,
        0.14788515865802765,
        0.14497168362140656,
        0.14757877588272095,
        0.14719949662685394,
        0.14756983518600464,
        0.14794661104679108,
        0.14520017802715302,
        0.14938384294509888,
        0.14458920061588287,
        0.1432059109210968,
        0.1429765820503235,
        0.1440231055021286,
        0.14410583674907684,
        0.14480604231357574,
        0.14558061957359314
    ],
    "val_binary_accuracy": [
        0.937024712562561,
        0.9419122338294983,
        0.9459456205368042,
        0.9429054856300354,
        0.94552081823349,
        0.9471308588981628,
        0.9481406807899475,
        0.9479365944862366,
        0.9491898417472839,
        0.9490038752555847,
        0.9497008323669434,
        0.9484173655509949,
        0.9499759674072266,
        0.9508739709854126,
        0.9503811001777649,
        0.9506985545158386,
        0.9515814781188965,
        0.9522254467010498,
        0.9521059989929199,
        0.9514907598495483,
        0.95156329870224,
        0.952251136302948,
        0.9513879418373108,
        0.9522088170051575,
        0.9528966546058655,
        0.9526744484901428,
        0.9533169269561768,
        0.952864944934845,
        0.9523645639419556,
        0.952400803565979,
        0.953099250793457,
        0.9538551568984985,
        0.9519835710525513,
        0.9540471434593201,
        0.9537221193313599,
        0.9539322257041931,
        0.9535240530967712,
        0.9539034962654114,
        0.9533653259277344,
        0.9542466998100281
    ]
}