{
    "loss": [
        0.40488338470458984,
        0.26140516996383667,
        0.22591686248779297,
        0.2151235193014145,
        0.20822973549365997,
        0.20276375114917755,
        0.19917216897010803,
        0.19520577788352966,
        0.19062969088554382,
        0.186838299036026,
        0.18395422399044037,
        0.18049173057079315,
        0.17786216735839844,
        0.1754659116268158,
        0.17375095188617706,
        0.17266413569450378,
        0.17115864157676697,
        0.17050424218177795,
        0.17017948627471924,
        0.16950318217277527,
        0.16913571953773499,
        0.16755276918411255,
        0.16716016829013824,
        0.1668437272310257,
        0.16638533771038055,
        0.16544625163078308,
        0.16484586894512177,
        0.16446387767791748,
        0.16378474235534668,
        0.16364331543445587,
        0.1637202650308609,
        0.16317036747932434,
        0.16259610652923584,
        0.1621454805135727,
        0.16280803084373474,
        0.16184557974338531,
        0.1614125669002533,
        0.16105151176452637,
        0.16047492623329163,
        0.16049057245254517
    ],
    "binary_accuracy": [
        0.8321031332015991,
        0.9137369394302368,
        0.9323636889457703,
        0.9374364018440247,
        0.9396782517433167,
        0.9412088990211487,
        0.942437469959259,
        0.9430792927742004,
        0.9435144662857056,
        0.9439157247543335,
        0.9444794654846191,
        0.9448460340499878,
        0.9451676607131958,
        0.9453961849212646,
        0.9456088542938232,
        0.9459418654441833,
        0.9461112022399902,
        0.9462687969207764,
        0.9463325142860413,
        0.9465780258178711,
        0.946648895740509,
        0.9469720721244812,
        0.9469151496887207,
        0.9469268321990967,
        0.9472002387046814,
        0.9472047686576843,
        0.9473872780799866,
        0.9474615454673767,
        0.9476007223129272,
        0.947661817073822,
        0.9475433826446533,
        0.9477971792221069,
        0.9478375315666199,
        0.9479182362556458,
        0.9478292465209961,
        0.9480196833610535,
        0.9480867981910706,
        0.9481346607208252,
        0.9481973052024841,
        0.9483281373977661
    ],
    "val_loss": [
        0.2907073497772217,
        0.22820863127708435,
        0.21487532556056976,
        0.2078188806772232,
        0.20027193427085876,
        0.19762708246707916,
        0.19234000146389008,
        0.19026944041252136,
        0.18362945318222046,
        0.17903807759284973,
        0.1766749769449234,
        0.17313247919082642,
        0.170296773314476,
        0.16753120720386505,
        0.16915562748908997,
        0.16397809982299805,
        0.16808408498764038,
        0.16353023052215576,
        0.1644458770751953,
        0.1643982231616974,
        0.16489452123641968,
        0.1614966094493866,
        0.1631229817867279,
        0.16494420170783997,
        0.16244612634181976,
        0.16232699155807495,
        0.1577296406030655,
        0.1586105227470398,
        0.15834735333919525,
        0.1584041267633438,
        0.15827704966068268,
        0.15816855430603027,
        0.15759563446044922,
        0.1581357717514038,
        0.1594543606042862,
        0.15802793204784393,
        0.1575404852628708,
        0.15542465448379517,
        0.154870867729187,
        0.15549468994140625
    ],
    "val_binary_accuracy": [
        0.8985565900802612,
        0.9291107058525085,
        0.9365742206573486,
        0.9403294324874878,
        0.9420150518417358,
        0.9438064694404602,
        0.944219172000885,
        0.9455419778823853,
        0.945555567741394,
        0.9448646903038025,
        0.9455132484436035,
        0.9462116956710815,
        0.9457944631576538,
        0.9468647837638855,
        0.9469176530838013,
        0.9475919008255005,
        0.9474754929542542,
        0.9476523995399475,
        0.9480409026145935,
        0.9486199021339417,
        0.9485579133033752,
        0.9483266472816467,
        0.9472321271896362,
        0.9490447044372559,
        0.9488285183906555,
        0.9487484097480774,
        0.9485896825790405,
        0.9489056468009949,
        0.9492276310920715,
        0.9493334889411926,
        0.9492790699005127,
        0.9486410617828369,
        0.9498202800750732,
        0.9488769173622131,
        0.9494105577468872,
        0.949638843536377,
        0.9499064087867737,
        0.9498217701911926,
        0.9495118260383606,
        0.9498172402381897
    ]
}