{
    "loss": [
        0.34924378991127014,
        0.22651953995227814,
        0.21922479569911957,
        0.21521249413490295,
        0.21283413469791412,
        0.2109353095293045,
        0.20911076664924622,
        0.20708058774471283,
        0.2053002268075943,
        0.20401279628276825,
        0.20288468897342682,
        0.20151056349277496,
        0.1993401050567627,
        0.19520901143550873,
        0.1920352578163147,
        0.18587897717952728,
        0.1790340542793274,
        0.17510388791561127,
        0.17345139384269714,
        0.17364375293254852,
        0.17245931923389435,
        0.17074991762638092,
        0.17077726125717163,
        0.16896848380565643,
        0.16762681305408478,
        0.16767838597297668,
        0.16710902750492096,
        0.16676540672779083,
        0.16626527905464172,
        0.1664283275604248,
        0.16562725603580475,
        0.16542059183120728,
        0.16531777381896973,
        0.16558414697647095,
        0.16590304672718048,
        0.16486480832099915,
        0.16441579163074493,
        0.16448688507080078,
        0.16417574882507324,
        0.16359685361385345
    ],
    "binary_accuracy": [
        0.8591799139976501,
        0.9355252981185913,
        0.9386902451515198,
        0.94035404920578,
        0.9409656524658203,
        0.941831111907959,
        0.942442774772644,
        0.9431558847427368,
        0.9434880614280701,
        0.9437324404716492,
        0.9437713027000427,
        0.9444568753242493,
        0.9445239901542664,
        0.9448467493057251,
        0.9446955323219299,
        0.9452023506164551,
        0.9456065893173218,
        0.9458799958229065,
        0.9462220668792725,
        0.9461952447891235,
        0.9464449286460876,
        0.9465848207473755,
        0.9464954137802124,
        0.9467352628707886,
        0.9468151926994324,
        0.9468830823898315,
        0.9470550417900085,
        0.9470565319061279,
        0.9470010995864868,
        0.9470441341400146,
        0.947134256362915,
        0.9472945332527161,
        0.9473409056663513,
        0.9472284913063049,
        0.94712895154953,
        0.9473993182182312,
        0.9474668502807617,
        0.9474318027496338,
        0.9475154876708984,
        0.947578489780426
    ],
    "val_loss": [
        0.2212095856666565,
        0.21180638670921326,
        0.20762330293655396,
        0.20631825923919678,
        0.20540577173233032,
        0.20312835276126862,
        0.20240046083927155,
        0.2031221240758896,
        0.1984599232673645,
        0.19811633229255676,
        0.19778858125209808,
        0.19513028860092163,
        0.191584974527359,
        0.19209659099578857,
        0.1848955899477005,
        0.17551478743553162,
        0.16863499581813812,
        0.16802236437797546,
        0.16808532178401947,
        0.16808195412158966,
        0.1648644357919693,
        0.16501972079277039,
        0.16595572233200073,
        0.16276831924915314,
        0.1635718047618866,
        0.16254961490631104,
        0.16513855755329132,
        0.1627754122018814,
        0.16111983358860016,
        0.15931423008441925,
        0.15921637415885925,
        0.1618681252002716,
        0.16156832873821259,
        0.16133306920528412,
        0.16239677369594574,
        0.16443946957588196,
        0.15903401374816895,
        0.16210035979747772,
        0.15894727408885956,
        0.15984652936458588
    ],
    "val_binary_accuracy": [
        0.9383656978607178,
        0.9419787526130676,
        0.9425653219223022,
        0.944130003452301,
        0.9446530938148499,
        0.9461224675178528,
        0.9463311433792114,
        0.9465669393539429,
        0.9461753964424133,
        0.9464641809463501,
        0.9464293718338013,
        0.9463205337524414,
        0.9470265507698059,
        0.9473545551300049,
        0.9478126168251038,
        0.9480560421943665,
        0.9482434988021851,
        0.9479033350944519,
        0.9484158158302307,
        0.948232889175415,
        0.948697030544281,
        0.9485110640525818,
        0.9481845498085022,
        0.9485700130462646,
        0.9484067559242249,
        0.9489161968231201,
        0.9492865800857544,
        0.9494029879570007,
        0.948846697807312,
        0.9494060277938843,
        0.9493758082389832,
        0.949235200881958,
        0.9487922787666321,
        0.9496222138404846,
        0.9492216110229492,
        0.9496977925300598,
        0.9492276310920715,
        0.9495798945426941,
        0.9498353600502014,
        0.9498716592788696
    ]
}