{
    "loss": [
        0.5760190486907959,
        0.46875959634780884,
        0.405730277299881,
        0.35462114214897156,
        0.321530282497406,
        0.2993636131286621,
        0.2835603654384613,
        0.2729022204875946,
        0.26398396492004395,
        0.2569546401500702,
        0.2508378028869629,
        0.24578307569026947,
        0.240899920463562,
        0.2371581643819809,
        0.23388490080833435,
        0.23086196184158325,
        0.22772356867790222,
        0.2254897803068161,
        0.2234131544828415,
        0.22156868875026703,
        0.2197430431842804,
        0.21797333657741547,
        0.2161414921283722,
        0.21471646428108215,
        0.21393325924873352,
        0.21315954625606537,
        0.21156474947929382,
        0.21063360571861267,
        0.20996703207492828,
        0.20865437388420105,
        0.20802214741706848,
        0.20732496678829193,
        0.2065439522266388,
        0.2056279480457306,
        0.20492079854011536,
        0.2038625031709671,
        0.20273344218730927,
        0.20253117382526398,
        0.20196658372879028,
        0.20097845792770386
    ],
    "binary_accuracy": [
        0.7091566920280457,
        0.7933589220046997,
        0.8448814749717712,
        0.8739930391311646,
        0.8886821269989014,
        0.898472011089325,
        0.9048472046852112,
        0.9091525673866272,
        0.9125260710716248,
        0.9151627421379089,
        0.9173325300216675,
        0.9190362691879272,
        0.9207479357719421,
        0.9227657914161682,
        0.9250038862228394,
        0.9273422360420227,
        0.9295539259910583,
        0.9310325384140015,
        0.9325975179672241,
        0.9339821934700012,
        0.9350252747535706,
        0.9356549978256226,
        0.9364744424819946,
        0.9368628263473511,
        0.937596321105957,
        0.938065767288208,
        0.9383965134620667,
        0.9386721849441528,
        0.9389485716819763,
        0.9393385052680969,
        0.9396085143089294,
        0.93991619348526,
        0.940076470375061,
        0.9403536319732666,
        0.9405505061149597,
        0.9406979084014893,
        0.9410244822502136,
        0.9411361217498779,
        0.9413661360740662,
        0.9415279030799866
    ],
    "val_loss": [
        0.4943198561668396,
        0.4255876839160919,
        0.3668408691883087,
        0.3246663212776184,
        0.29954564571380615,
        0.28156599402427673,
        0.2678600251674652,
        0.25902265310287476,
        0.25163888931274414,
        0.24501004815101624,
        0.23934347927570343,
        0.234370157122612,
        0.23120543360710144,
        0.2275174856185913,
        0.22519001364707947,
        0.22275638580322266,
        0.2195834070444107,
        0.21757139265537262,
        0.21577055752277374,
        0.21403910219669342,
        0.21242958307266235,
        0.21102993190288544,
        0.2090301364660263,
        0.20828737318515778,
        0.20784413814544678,
        0.20671933889389038,
        0.20512713491916656,
        0.20515836775302887,
        0.20384828746318817,
        0.2030295878648758,
        0.2027394026517868,
        0.20223507285118103,
        0.20195931196212769,
        0.20012132823467255,
        0.1991608589887619,
        0.19836615025997162,
        0.1977517157793045,
        0.19756785035133362,
        0.19636796414852142,
        0.19630154967308044
    ],
    "val_binary_accuracy": [
        0.7688629627227783,
        0.8318896293640137,
        0.8685603141784668,
        0.8846212029457092,
        0.8972383141517639,
        0.9056285619735718,
        0.9096664786338806,
        0.9136907458305359,
        0.9154746532440186,
        0.9179795980453491,
        0.9202805161476135,
        0.9207763671875,
        0.9213976860046387,
        0.9242957234382629,
        0.9281235337257385,
        0.9311031699180603,
        0.9321054816246033,
        0.9337291121482849,
        0.9349581599235535,
        0.936147928237915,
        0.9378108382225037,
        0.9382008910179138,
        0.938675582408905,
        0.939717173576355,
        0.9394843578338623,
        0.9403521418571472,
        0.9403747916221619,
        0.9402417540550232,
        0.9411064982414246,
        0.9418185353279114,
        0.9421541094779968,
        0.9423612356185913,
        0.9422735571861267,
        0.9425607919692993,
        0.9423930048942566,
        0.9430264234542847,
        0.9428706765174866,
        0.943566083908081,
        0.943008303642273,
        0.9436719417572021
    ]
}