{
  "timestamp": "2026-04-22T17:09:05.382179",
  "metric_name": "weighted_bkg_rej",
  "bkg_rej_weights": {
    "0.95": 0.1,
    "0.98": 0.7,
    "0.99": 0.2
  },
  "total_models": 149,
  "primary_pareto_models": 14,
  "secondary_pareto_models": 12,
  "primary_metric_range": {
    "min": 0.0,
    "max": 0.9045053380137328,
    "mean": 0.7363234485330671
  },
  "parameters_range": {
    "min": 363,
    "max": 17865,
    "mean": 5667.053691275168
  },
  "auc_range": {
    "min": 0.4713881194037137,
    "max": 0.9743669682746215,
    "mean": 0.8966780404266215
  }
}