{
    "input_bits": 8,
    "input_int_bits": 0,
    "spatial_units": 80,
    "nmodule_xlocal_units": 6,
    "dense2_ratio": 0.2,
    "dense3_ratio": 0.30000000000000004,
    "dropout_rate": 0.1,
    "learning_rate": 0.0012144129111731064
}