{
  "timestamp": "2026-04-22T16:43:39.183618",
  "metric_name": "weighted_bkg_rej",
  "bkg_rej_weights": {
    "0.95": 0.1,
    "0.98": 0.7,
    "0.99": 0.2
  },
  "total_models": 150,
  "primary_pareto_models": 9,
  "secondary_pareto_models": 10,
  "primary_metric_range": {
    "min": 0.0,
    "max": 0.829727490695136,
    "mean": 0.6564416607960105
  },
  "parameters_range": {
    "min": 363,
    "max": 17865,
    "mean": 5675.04
  },
  "auc_range": {
    "min": 0.36104528103995087,
    "max": 0.9450474876772907,
    "mean": 0.8666022536936627
  }
}