{
    "loss": [
        1.7825735807418823,
        1.2142529487609863,
        3.0459539890289307,
        0.3092935085296631,
        0.3052343726158142,
        0.29364287853240967,
        0.2883879244327545,
        0.6388516426086426,
        0.3792290687561035,
        0.4496629536151886,
        0.3080235719680786,
        0.27803856134414673,
        0.29091474413871765,
        0.28798073530197144,
        0.29569265246391296,
        0.27669891715049744,
        0.304931640625,
        0.27112627029418945,
        0.2873566150665283,
        0.2989887297153473,
        0.2761424481868744,
        0.2932278513908386,
        0.2978632152080536,
        0.29739561676979065,
        0.27907073497772217,
        0.27270635962486267,
        0.27248647809028625,
        0.2660555839538574,
        0.2567497789859772,
        0.2527273893356323,
        0.25479093194007874,
        0.2571151554584503,
        0.2502989172935486,
        0.2599252462387085,
        0.2789582908153534
    ],
    "binary_accuracy": [
        0.7235565781593323,
        0.8179032206535339,
        0.7355659604072571,
        0.8951123356819153,
        0.8986057639122009,
        0.9002326130867004,
        0.9030423164367676,
        0.846936047077179,
        0.9001748561859131,
        0.8948745131492615,
        0.9007176160812378,
        0.9085983633995056,
        0.9021923542022705,
        0.9061990976333618,
        0.9033573269844055,
        0.909037172794342,
        0.9062147736549377,
        0.9118531942367554,
        0.902215838432312,
        0.898999035358429,
        0.9108209609985352,
        0.904833197593689,
        0.9022095203399658,
        0.904608428478241,
        0.9113227128982544,
        0.914283037185669,
        0.9141741991043091,
        0.9123765826225281,
        0.9161674976348877,
        0.9171818494796753,
        0.9160802960395813,
        0.9166510105133057,
        0.9178547263145447,
        0.91501784324646,
        0.9091050028800964
    ],
    "val_loss": [
        0.44756677746772766,
        7.712474346160889,
        0.30263379216194153,
        0.2887866497039795,
        0.2845010459423065,
        0.2728039622306824,
        0.26756176352500916,
        0.2686564028263092,
        0.29162585735321045,
        0.26542216539382935,
        0.2611626088619232,
        0.25357985496520996,
        0.25592556595802307,
        0.27650773525238037,
        0.2714662253856659,
        0.25874942541122437,
        0.2619432210922241,
        0.24433523416519165,
        0.32384952902793884,
        0.2566404640674591,
        0.26086774468421936,
        0.2795160710811615,
        0.38921457529067993,
        0.24949559569358826,
        0.2500380277633667,
        0.24243731796741486,
        0.2520018219947815,
        0.2551138997077942,
        0.24073223769664764,
        0.252078652381897,
        0.24085023999214172,
        0.24636061489582062,
        0.23430675268173218,
        0.24575741589069366,
        0.24272313714027405
    ],
    "val_binary_accuracy": [
        0.8058767914772034,
        0.5,
        0.8960803151130676,
        0.9065779447555542,
        0.9024069905281067,
        0.9113702178001404,
        0.9144027829170227,
        0.9131919145584106,
        0.9103694558143616,
        0.91776043176651,
        0.9142833948135376,
        0.916972815990448,
        0.9183802604675293,
        0.9104676842689514,
        0.9107987880706787,
        0.9147006273269653,
        0.9135955572128296,
        0.9213054776191711,
        0.9062348008155823,
        0.9137149453163147,
        0.9122893810272217,
        0.9056013822555542,
        0.8921104669570923,
        0.9190801978111267,
        0.919973611831665,
        0.9215019941329956,
        0.9213569164276123,
        0.9212555885314941,
        0.9200749397277832,
        0.917500376701355,
        0.9221505522727966,
        0.9193871021270752,
        0.9224090576171875,
        0.9211331605911255,
        0.9178526401519775
    ]
}