{
    "loss": [
        0.43573135137557983,
        0.3074398636817932,
        0.3126818835735321,
        0.28214532136917114,
        0.2747558653354645,
        0.27402105927467346,
        0.2692640721797943,
        0.26776307821273804,
        0.27090927958488464,
        0.27331826090812683,
        0.2696210741996765,
        0.2720196545124054,
        0.269164502620697,
        0.2651348412036896,
        0.2648307681083679,
        0.26399046182632446,
        0.2675991952419281
    ],
    "binary_accuracy": [
        0.8324546813964844,
        0.8935108780860901,
        0.900098443031311,
        0.9038565158843994,
        0.9093238115310669,
        0.9099217653274536,
        0.9123050570487976,
        0.9131579995155334,
        0.913651168346405,
        0.9151579737663269,
        0.916744589805603,
        0.9158387184143066,
        0.9175001978874207,
        0.9192008972167969,
        0.918404221534729,
        0.9193295240402222,
        0.9184865951538086
    ],
    "val_loss": [
        0.36369776725769043,
        0.2644375264644623,
        0.31255120038986206,
        0.26978522539138794,
        0.25779786705970764,
        0.25420939922332764,
        0.24575205147266388,
        0.26816821098327637,
        0.2502501904964447,
        0.32259634137153625,
        0.2522425353527069,
        0.2505740821361542,
        0.2558223307132721,
        0.2605011463165283,
        0.25103965401649475,
        0.27345770597457886,
        0.24904754757881165
    ],
    "val_binary_accuracy": [
        0.8746647834777832,
        0.910381555557251,
        0.8908284902572632,
        0.9099416136741638,
        0.9175185561180115,
        0.9163907766342163,
        0.9199661016464233,
        0.9045265316963196,
        0.9190590381622314,
        0.9007894396781921,
        0.9201414585113525,
        0.9205088019371033,
        0.924002468585968,
        0.9148170351982117,
        0.9227885007858276,
        0.9143756031990051,
        0.9204710125923157
    ]
}