{
    "loss": [
        0.3572770953178406,
        3.7731189727783203,
        7.712472915649414,
        7.712475776672363,
        7.712474822998047,
        7.712472915649414,
        7.712474822998047,
        7.712474346160889,
        7.712474346160889,
        7.712474822998047,
        7.712474822998047
    ],
    "binary_accuracy": [
        0.8619348406791687,
        0.7145883440971375,
        0.5,
        0.5,
        0.5,
        0.5,
        0.5,
        0.5,
        0.5,
        0.5,
        0.5
    ],
    "val_loss": [
        0.3679971694946289,
        7.712474346160889,
        7.712474346160889,
        7.712474346160889,
        7.712474346160889,
        7.712474346160889,
        7.712474346160889,
        7.712474346160889,
        7.712474346160889,
        7.712474346160889,
        7.712474346160889
    ],
    "val_binary_accuracy": [
        0.8965942859649658,
        0.5,
        0.5,
        0.5,
        0.5,
        0.5,
        0.5,
        0.5,
        0.5,
        0.5,
        0.5
    ]
}