{
    "loss": [
        0.4525993764400482,
        0.30447423458099365,
        0.33208194375038147,
        0.28914403915405273,
        0.2954319715499878,
        0.2913592457771301,
        0.29958632588386536,
        0.2792898118495941,
        0.2857004702091217,
        0.2782791554927826,
        0.27065572142601013,
        0.2676348388195038,
        0.26848867535591125,
        0.25602486729621887,
        0.2553595006465912,
        0.28628867864608765,
        0.25683918595314026,
        0.26696524024009705,
        0.2558709681034088,
        0.2510562539100647,
        0.2595959007740021,
        0.30534428358078003,
        0.26476332545280457,
        0.2539602518081665,
        0.2503430247306824,
        0.256293386220932,
        0.2595182955265045,
        0.29878050088882446,
        0.263024240732193,
        0.2522762417793274,
        0.25940755009651184,
        0.25882720947265625,
        0.25335031747817993,
        0.25436463952064514
    ],
    "binary_accuracy": [
        0.8229548931121826,
        0.8933938145637512,
        0.8902876973152161,
        0.9032533168792725,
        0.9034389853477478,
        0.9074770212173462,
        0.9065726399421692,
        0.9124183654785156,
        0.909902036190033,
        0.9129268527030945,
        0.9130047559738159,
        0.9143941402435303,
        0.9141279458999634,
        0.9169615507125854,
        0.9161775708198547,
        0.9164202809333801,
        0.9159252047538757,
        0.9125048518180847,
        0.917527437210083,
        0.9163367748260498,
        0.9155579805374146,
        0.9117361307144165,
        0.9154502749443054,
        0.9165607690811157,
        0.9179166555404663,
        0.915367841720581,
        0.9151352643966675,
        0.9056786894798279,
        0.9157257676124573,
        0.9188247323036194,
        0.9174107313156128,
        0.9176090955734253,
        0.917862594127655,
        0.9172232151031494
    ],
    "val_loss": [
        0.32058775424957275,
        0.3527633845806122,
        0.2887275815010071,
        0.3093731701374054,
        0.24614442884922028,
        0.26952236890792847,
        0.2601475417613983,
        0.2880275547504425,
        0.2675260901451111,
        0.26766473054885864,
        0.2418089061975479,
        0.2558117210865021,
        0.3215966820716858,
        0.2350022792816162,
        0.23384840786457062,
        0.2543413043022156,
        0.2765433192253113,
        0.24278974533081055,
        0.24842973053455353,
        0.23263201117515564,
        0.2497924119234085,
        0.23002617061138153,
        0.2380038946866989,
        0.22773388028144836,
        0.27008041739463806,
        0.2398216277360916,
        0.23960354924201965,
        0.2359524518251419,
        0.2343955934047699,
        0.23862431943416595,
        0.26781025528907776,
        0.2513490915298462,
        0.23436909914016724,
        0.23773884773254395
    ],
    "val_binary_accuracy": [
        0.8902162313461304,
        0.8806226253509521,
        0.904723048210144,
        0.8995981812477112,
        0.9186901450157166,
        0.9077525734901428,
        0.9114095568656921,
        0.9160566926002502,
        0.9198693037033081,
        0.9152750968933105,
        0.9226222038269043,
        0.9136771559715271,
        0.91219562292099,
        0.9245391488075256,
        0.9214430451393127,
        0.911896288394928,
        0.9073247909545898,
        0.9223636984825134,
        0.9181217551231384,
        0.9225950241088867,
        0.9192087054252625,
        0.923638105392456,
        0.9242428541183472,
        0.9245134592056274,
        0.9101759195327759,
        0.9215957522392273,
        0.9188005328178406,
        0.9247341752052307,
        0.9217121601104736,
        0.9255852699279785,
        0.9235821962356567,
        0.9178435802459717,
        0.9233115911483765,
        0.9165298342704773
    ]
}