{
    "loss": [
        0.3972906172275543,
        0.34001579880714417,
        0.3385985195636749,
        0.2810594439506531,
        0.27553790807724,
        0.2694338262081146,
        0.25723084807395935,
        0.258865624666214,
        0.255942165851593,
        0.2564139664173126,
        0.25507858395576477,
        0.24444611370563507,
        0.25688037276268005,
        0.2564474046230316,
        0.2835482060909271,
        0.2447584867477417,
        0.24322861433029175,
        0.24463006854057312,
        0.2488320916891098,
        0.2506057024002075,
        0.2508837878704071,
        0.25771385431289673,
        0.25779131054878235,
        0.25135374069213867,
        0.24493737518787384,
        0.24270085990428925,
        0.24158267676830292,
        0.24484115839004517,
        0.24780860543251038,
        0.2505347728729248,
        0.24176239967346191,
        0.2383115589618683,
        0.2387140542268753,
        0.23902761936187744,
        0.2364421933889389
    ],
    "binary_accuracy": [
        0.8340159058570862,
        0.8982780575752258,
        0.9030222296714783,
        0.9110726118087769,
        0.9130483865737915,
        0.915475606918335,
        0.9182103872299194,
        0.9199658632278442,
        0.9195677042007446,
        0.9197474122047424,
        0.9203341603279114,
        0.9217973947525024,
        0.9185996055603027,
        0.918590247631073,
        0.9157052636146545,
        0.9211770296096802,
        0.920724093914032,
        0.920119047164917,
        0.9198402166366577,
        0.9182196855545044,
        0.9204583168029785,
        0.9200844168663025,
        0.9206819534301758,
        0.9199244976043701,
        0.9205790758132935,
        0.9215419888496399,
        0.9213563799858093,
        0.9209019541740417,
        0.9203893542289734,
        0.9178782105445862,
        0.9224225282669067,
        0.9242130517959595,
        0.9235241413116455,
        0.9236162304878235,
        0.9244706630706787
    ],
    "val_loss": [
        0.285383939743042,
        0.2753460705280304,
        0.2681591510772705,
        0.3606984615325928,
        0.2687213122844696,
        0.2584887146949768,
        0.26102545857429504,
        0.24090524017810822,
        0.30224037170410156,
        0.24028749763965607,
        0.27346447110176086,
        0.23766672611236572,
        0.3012252449989319,
        0.25262051820755005,
        0.2379796952009201,
        0.2468751072883606,
        0.23938770592212677,
        0.22530901432037354,
        0.2634153664112091,
        0.22469861805438995,
        0.248919278383255,
        0.2549445331096649,
        0.2818293571472168,
        0.24781031906604767,
        0.22187061607837677,
        0.2376905232667923,
        0.22860302031040192,
        0.22536806762218475,
        0.2278611958026886,
        0.21620076894760132,
        0.23457852005958557,
        0.22303403913974762,
        0.2381839156150818,
        0.23217853903770447,
        0.2314326912164688
    ],
    "val_binary_accuracy": [
        0.900195300579071,
        0.9057374000549316,
        0.914319634437561,
        0.8982451558113098,
        0.911557674407959,
        0.9146718978881836,
        0.9205798506736755,
        0.925089418888092,
        0.899945855140686,
        0.925104558467865,
        0.9209502339363098,
        0.9252844452857971,
        0.9032021760940552,
        0.9152040481567383,
        0.9267281889915466,
        0.9215564727783203,
        0.9217665791511536,
        0.9293979406356812,
        0.917914628982544,
        0.9275308847427368,
        0.9194989204406738,
        0.9185162782669067,
        0.9241203665733337,
        0.9236018657684326,
        0.9282504916191101,
        0.9252315163612366,
        0.9258906245231628,
        0.9277304410934448,
        0.9258513450622559,
        0.9302808046340942,
        0.9255127310752869,
        0.9274462461471558,
        0.9218482375144958,
        0.9281839728355408,
        0.9265618920326233
    ]
}