{
    "loss": [
        0.6736707091331482,
        0.6071831583976746,
        0.5897302627563477,
        0.5066538453102112,
        0.49073362350463867,
        0.4773286283016205,
        0.47981083393096924,
        0.43957117199897766,
        0.4013185501098633,
        0.38135674595832825,
        0.37952226400375366,
        0.36627036333084106,
        0.6831945776939392,
        0.4944010376930237,
        0.4516926109790802,
        0.500019907951355,
        0.39641571044921875,
        0.392450749874115,
        0.35389289259910583,
        0.3866131603717804,
        0.3471583425998688,
        0.38164713978767395,
        0.34218505024909973,
        0.33913862705230713,
        0.34158843755722046,
        0.34188997745513916,
        0.345671683549881,
        0.3400818109512329,
        0.3390820622444153,
        0.33576175570487976,
        0.3322354257106781,
        0.3246684670448303,
        0.32352879643440247,
        0.3309819996356964,
        0.31841322779655457
    ],
    "binary_accuracy": [
        0.6072545051574707,
        0.6985692381858826,
        0.7182234525680542,
        0.7889799475669861,
        0.806106686592102,
        0.8190070390701294,
        0.8030468225479126,
        0.8137182593345642,
        0.8380994200706482,
        0.8438851237297058,
        0.8448402285575867,
        0.8522598743438721,
        0.7826473712921143,
        0.8290865421295166,
        0.8175382614135742,
        0.8522393703460693,
        0.8593573570251465,
        0.8633197546005249,
        0.8625428676605225,
        0.861160933971405,
        0.8654155731201172,
        0.8670021891593933,
        0.8677279949188232,
        0.8717936277389526,
        0.8670223355293274,
        0.8684523105621338,
        0.8614532351493835,
        0.8681809306144714,
        0.8689854145050049,
        0.8700023889541626,
        0.8749399781227112,
        0.8782082200050354,
        0.8790779709815979,
        0.8775115013122559,
        0.8826556205749512
    ],
    "val_loss": [
        0.6495465040206909,
        0.529337465763092,
        0.49322736263275146,
        0.4806894361972809,
        0.4606071710586548,
        0.4499112367630005,
        0.4347509741783142,
        0.3961966633796692,
        0.363417387008667,
        0.34243279695510864,
        0.3628523647785187,
        0.32720130681991577,
        0.34478309750556946,
        1.1064857244491577,
        0.3451305329799652,
        7.712143898010254,
        0.3132401704788208,
        0.3410477340221405,
        0.30772122740745544,
        0.3548395037651062,
        0.33673983812332153,
        0.311550110578537,
        0.3954193890094757,
        0.2992669641971588,
        0.3115496337413788,
        0.31384775042533875,
        0.30273813009262085,
        0.2958560287952423,
        0.32515063881874084,
        0.29858091473579407,
        0.30223697423934937,
        0.30286189913749695,
        0.28931277990341187,
        0.30702662467956543,
        0.314471572637558
    ],
    "val_binary_accuracy": [
        0.6615614891052246,
        0.7558708786964417,
        0.7973247766494751,
        0.8235779404640198,
        0.8376176357269287,
        0.8445641994476318,
        0.8498855829238892,
        0.8513187170028687,
        0.8595305681228638,
        0.871547520160675,
        0.8507896065711975,
        0.8804547786712646,
        0.8725695013999939,
        0.5,
        0.871412992477417,
        0.5,
        0.8902615904808044,
        0.8749686479568481,
        0.8909781575202942,
        0.8810368180274963,
        0.8719995617866516,
        0.8861344456672668,
        0.8868480324745178,
        0.8934528827667236,
        0.8860226273536682,
        0.8836703300476074,
        0.8909932374954224,
        0.8939774632453918,
        0.8781176209449768,
        0.898036539554596,
        0.8909826874732971,
        0.8916992545127869,
        0.8976434469223022,
        0.8893696069717407,
        0.8982905149459839
    ]
}