{
    "loss": [
        0.4110487401485443,
        0.31534507870674133,
        0.2741087079048157,
        0.26792168617248535,
        0.26181939244270325,
        0.2648144066333771,
        0.27417290210723877,
        0.2693833112716675,
        0.2703835070133209,
        0.2680108845233917,
        0.26437005400657654,
        0.26203569769859314,
        0.262202650308609,
        0.2574443817138672,
        0.25860780477523804,
        0.2582082152366638,
        0.25545620918273926
    ],
    "binary_accuracy": [
        0.825631856918335,
        0.8898206353187561,
        0.908504068851471,
        0.9110956788063049,
        0.9146409034729004,
        0.9129361510276794,
        0.914898157119751,
        0.9173921346664429,
        0.9169827699661255,
        0.9176982045173645,
        0.9191080927848816,
        0.9203900694847107,
        0.9200530648231506,
        0.9209074974060059,
        0.9210107922554016,
        0.9215036034584045,
        0.9222387671470642
    ],
    "val_loss": [
        0.30926990509033203,
        0.268826961517334,
        0.25322484970092773,
        0.24486035108566284,
        0.2682299315929413,
        0.2983193099498749,
        0.23814664781093597,
        0.2638890743255615,
        0.24234206974506378,
        0.26401492953300476,
        0.25868090987205505,
        0.2795649766921997,
        0.23937684297561646,
        0.24188315868377686,
        0.2420114278793335,
        0.27173912525177,
        0.2448364496231079
    ],
    "val_binary_accuracy": [
        0.8933485746383667,
        0.9032747745513916,
        0.9176031947135925,
        0.9181882739067078,
        0.9129741787910461,
        0.902748703956604,
        0.9277304410934448,
        0.9208549857139587,
        0.9249836206436157,
        0.9196380376815796,
        0.9219056367874146,
        0.9147474765777588,
        0.92429119348526,
        0.9257107377052307,
        0.9242882132530212,
        0.9202004075050354,
        0.9293102622032166
    ]
}