{
    "loss": [
        0.6643602252006531,
        0.5765209197998047,
        0.5177147388458252,
        0.4833642244338989,
        0.45271414518356323,
        0.4288742244243622,
        0.40583714842796326,
        0.3901975750923157,
        0.3810940682888031,
        0.37560132145881653,
        0.37074315547943115,
        0.36525759100914,
        0.398559033870697,
        0.36000964045524597,
        0.35856813192367554,
        0.3543999493122101,
        0.35007578134536743,
        0.3638618290424347,
        0.34125304222106934,
        0.34128591418266296,
        0.340037077665329,
        0.33800286054611206,
        0.3542344570159912,
        0.3336256146430969,
        0.3328368365764618,
        0.33609312772750854,
        0.3650931715965271,
        0.3652099370956421,
        0.32311540842056274,
        0.330434113740921,
        0.3558636009693146,
        0.32104623317718506,
        0.33410757780075073,
        0.3174416720867157,
        0.352061927318573
    ],
    "binary_accuracy": [
        0.5690070390701294,
        0.6964111328125,
        0.7417837381362915,
        0.7695192694664001,
        0.7978326082229614,
        0.8160090446472168,
        0.8348259925842285,
        0.8458967208862305,
        0.850088357925415,
        0.8536097407341003,
        0.8568466305732727,
        0.859557569026947,
        0.8599881529808044,
        0.8645007610321045,
        0.8646103739738464,
        0.867020845413208,
        0.869443953037262,
        0.8685473799705505,
        0.874179482460022,
        0.8741798400878906,
        0.8744728565216064,
        0.875848114490509,
        0.8739282488822937,
        0.8784759044647217,
        0.8789336681365967,
        0.8770227432250977,
        0.874813973903656,
        0.8763148188591003,
        0.8831201195716858,
        0.8797523379325867,
        0.8803048133850098,
        0.883854866027832,
        0.8819726705551147,
        0.8868744373321533,
        0.8825355768203735
    ],
    "val_loss": [
        0.5942226648330688,
        0.5275834798812866,
        0.47785454988479614,
        0.44728323817253113,
        0.4227258265018463,
        0.39255601167678833,
        0.3670915961265564,
        0.36219534277915955,
        0.35523664951324463,
        0.3486836552619934,
        0.35019856691360474,
        0.35151153802871704,
        0.34828901290893555,
        0.35637804865837097,
        0.3481083810329437,
        0.3554209768772125,
        0.3329521417617798,
        0.3195345401763916,
        0.32825830578804016,
        0.3350781500339508,
        0.310118168592453,
        0.3160601258277893,
        0.4032424986362457,
        0.3208003044128418,
        0.3123210072517395,
        0.3144989311695099,
        0.3418950140476227,
        0.30348989367485046,
        0.3011288344860077,
        0.30530092120170593,
        0.3058570325374603,
        0.30333343148231506,
        0.30328667163848877,
        0.2997834384441376,
        0.29559871554374695
    ],
    "val_binary_accuracy": [
        0.6615901589393616,
        0.7310010194778442,
        0.7877674698829651,
        0.7970632314682007,
        0.8219331502914429,
        0.8360438942909241,
        0.8647400736808777,
        0.8671407699584961,
        0.8658799529075623,
        0.8660840392112732,
        0.8648322820663452,
        0.8614504933357239,
        0.8764017820358276,
        0.8632827401161194,
        0.8750411868095398,
        0.8663123250007629,
        0.8761357069015503,
        0.8832969069480896,
        0.8729050755500793,
        0.8779528141021729,
        0.8900091052055359,
        0.8852515816688538,
        0.8307210206985474,
        0.8818410634994507,
        0.8854209184646606,
        0.8911852240562439,
        0.8669094443321228,
        0.8914619088172913,
        0.8908722996711731,
        0.8911444544792175,
        0.8906667232513428,
        0.894890546798706,
        0.8966139554977417,
        0.89400315284729,
        0.8949782252311707
    ]
}