{
    "loss": [
        0.497090607881546,
        0.3007887899875641,
        0.27200156450271606,
        0.25599199533462524,
        0.28892138600349426,
        0.2663116753101349,
        0.2626997232437134,
        0.2562711536884308,
        0.2614140808582306,
        0.26175662875175476,
        0.2638920843601227,
        0.25699442625045776,
        0.2570808529853821,
        0.25605466961860657,
        0.25701484084129333,
        0.2593812644481659,
        0.2550356090068817,
        0.273151695728302,
        0.25746604800224304,
        0.2515907287597656,
        0.2483532726764679,
        0.25418856739997864,
        0.24935640394687653,
        0.24182352423667908,
        0.2269848883152008,
        0.2314269095659256,
        0.23849360644817352,
        0.24645423889160156,
        0.2424241453409195,
        0.25171780586242676,
        0.2468559443950653,
        0.23267559707164764,
        0.2244187742471695,
        0.22676469385623932
    ],
    "binary_accuracy": [
        0.8165034055709839,
        0.9011992812156677,
        0.914023220539093,
        0.9174596071243286,
        0.9121790528297424,
        0.9190715551376343,
        0.9192098379135132,
        0.922261118888855,
        0.9199233651161194,
        0.9193421602249146,
        0.9178558588027954,
        0.9208266139030457,
        0.920788586139679,
        0.9222372770309448,
        0.9215583801269531,
        0.9200568199157715,
        0.9217873215675354,
        0.9183061718940735,
        0.921245276927948,
        0.9235718250274658,
        0.9251304864883423,
        0.9223859906196594,
        0.9238391518592834,
        0.9259546995162964,
        0.9271059036254883,
        0.9269284605979919,
        0.9263114929199219,
        0.9223930835723877,
        0.9247286319732666,
        0.9225969910621643,
        0.9248232841491699,
        0.926380455493927,
        0.9269452095031738,
        0.9249966740608215
    ],
    "val_loss": [
        0.3037636876106262,
        0.3147771656513214,
        0.24493569135665894,
        0.24745948612689972,
        0.25784847140312195,
        0.2803475856781006,
        0.24763284623622894,
        0.27831676602363586,
        0.27742770314216614,
        0.2548148036003113,
        0.25206953287124634,
        0.24374844133853912,
        0.26204678416252136,
        0.2397156059741974,
        0.2374742180109024,
        0.2676801085472107,
        0.23226279020309448,
        0.2934189438819885,
        0.2344399094581604,
        0.2346562147140503,
        0.2378162294626236,
        0.2583794593811035,
        0.23261897265911102,
        0.21945533156394958,
        0.2234230488538742,
        0.23649121820926666,
        0.22275924682617188,
        0.23817308247089386,
        0.27017951011657715,
        0.23727428913116455,
        0.2643444240093231,
        0.2194640040397644,
        0.2361280471086502,
        0.22305680811405182
    ],
    "val_binary_accuracy": [
        0.9015453457832336,
        0.9091433882713318,
        0.9217106699943542,
        0.9221656918525696,
        0.9226403832435608,
        0.9208323359489441,
        0.9272406697273254,
        0.9185041785240173,
        0.9152342677116394,
        0.921429455280304,
        0.917072594165802,
        0.9250183701515198,
        0.9211497902870178,
        0.9286133050918579,
        0.9231438040733337,
        0.9115803837776184,
        0.9241476058959961,
        0.9016209244728088,
        0.9303079843521118,
        0.9264046549797058,
        0.9283623695373535,
        0.9239162802696228,
        0.9318046569824219,
        0.928619384765625,
        0.9278771281242371,
        0.9233493804931641,
        0.9288265109062195,
        0.9255127310752869,
        0.909264326095581,
        0.9276971817016602,
        0.9226720929145813,
        0.9302822947502136,
        0.922012984752655,
        0.9281174540519714
    ]
}