{
    "loss": [
        0.6412525177001953,
        0.5127788186073303,
        0.45676136016845703,
        0.4236770272254944,
        0.4015197157859802,
        0.38227522373199463,
        0.3790293037891388,
        0.3733125329017639,
        0.41562891006469727,
        0.35991111397743225,
        0.3535146117210388,
        0.361709326505661,
        0.3456583023071289,
        0.38342568278312683,
        0.375687837600708,
        0.3420279324054718,
        0.3755253255367279,
        0.34321895241737366,
        0.34459415078163147,
        0.342883825302124,
        0.3836384415626526,
        0.3824995756149292,
        0.37935343384742737,
        0.3378443419933319,
        0.34164467453956604,
        0.3728511333465576,
        0.3312980830669403,
        0.3370383381843567,
        0.3321065902709961,
        0.32986587285995483,
        0.3337189555168152,
        0.3356891870498657,
        0.3331117331981659,
        0.33571857213974,
        0.3362763524055481
    ],
    "binary_accuracy": [
        0.6439477801322937,
        0.7625208497047424,
        0.8075124621391296,
        0.8308184742927551,
        0.8378865718841553,
        0.8492003679275513,
        0.8502773642539978,
        0.8523343801498413,
        0.8387473821640015,
        0.8624914288520813,
        0.8649756908416748,
        0.8599926233291626,
        0.8695610165596008,
        0.8484111428260803,
        0.8464804887771606,
        0.8726730346679688,
        0.8544235229492188,
        0.8723047375679016,
        0.8710644841194153,
        0.8726014494895935,
        0.8512741923332214,
        0.8483246564865112,
        0.8686692714691162,
        0.875140905380249,
        0.8749679327011108,
        0.8528995513916016,
        0.8783621788024902,
        0.8780646920204163,
        0.8790652751922607,
        0.8811256885528564,
        0.8783335089683533,
        0.8778030276298523,
        0.8777180314064026,
        0.8780643343925476,
        0.8759390711784363
    ],
    "val_loss": [
        0.5366359353065491,
        0.44978034496307373,
        0.3757861852645874,
        0.3633154332637787,
        0.3512895405292511,
        0.3369280993938446,
        0.34800657629966736,
        0.32844969630241394,
        0.3342428207397461,
        0.32419195771217346,
        0.3270597457885742,
        0.32408076524734497,
        0.38637128472328186,
        0.330233097076416,
        0.3150527775287628,
        0.3230394423007965,
        0.33295974135398865,
        0.31391197443008423,
        0.49144935607910156,
        0.3150118589401245,
        0.3461705148220062,
        0.3976798951625824,
        0.3146785795688629,
        0.3194335699081421,
        0.30903780460357666,
        0.3033541142940521,
        0.291667640209198,
        0.31428858637809753,
        0.30694887042045593,
        0.2883041501045227,
        0.30271294713020325,
        0.35271701216697693,
        0.3285468518733978,
        0.2967298626899719,
        0.31392553448677063
    ],
    "val_binary_accuracy": [
        0.7669233679771423,
        0.8167357444763184,
        0.8484781384468079,
        0.8620567321777344,
        0.8654581904411316,
        0.8729655742645264,
        0.8740102052688599,
        0.8788508176803589,
        0.8717062473297119,
        0.8787540793418884,
        0.8744274377822876,
        0.8841797709465027,
        0.8308117389678955,
        0.8792816996574402,
        0.8885049223899841,
        0.878631591796875,
        0.8785590529441833,
        0.8879364728927612,
        0.8176912069320679,
        0.8848872780799866,
        0.8718740940093994,
        0.8333045840263367,
        0.889950156211853,
        0.8859273791313171,
        0.8892880082130432,
        0.8921089172363281,
        0.8974786996841431,
        0.8946880102157593,
        0.896257221698761,
        0.9026126265525818,
        0.8961377739906311,
        0.8710758686065674,
        0.8816248774528503,
        0.8994711637496948,
        0.885986328125
    ]
}