{
    "loss": [
        5.425811767578125,
        7.712474822998047,
        7.712474346160889,
        7.712474822998047,
        7.712472915649414,
        7.712474822998047,
        7.712473392486572,
        7.712474822998047,
        7.712473392486572,
        7.712474822998047,
        7.712473392486572
    ],
    "binary_accuracy": [
        0.5780367255210876,
        0.5,
        0.5,
        0.5,
        0.5,
        0.5,
        0.5,
        0.5,
        0.5,
        0.5,
        0.5
    ],
    "val_loss": [
        7.712474346160889,
        7.712474346160889,
        7.712474346160889,
        7.712474346160889,
        7.712474346160889,
        7.712474346160889,
        7.712474346160889,
        7.712474346160889,
        7.712474346160889,
        7.712474346160889,
        7.712474346160889
    ],
    "val_binary_accuracy": [
        0.5,
        0.5,
        0.5,
        0.5,
        0.5,
        0.5,
        0.5,
        0.5,
        0.5,
        0.5,
        0.5
    ]
}