{
    "loss": [
        0.6161702275276184,
        0.48732101917266846,
        0.45913711190223694,
        0.4370712339878082,
        0.4252951145172119,
        0.4153299331665039,
        0.4030649662017822,
        0.43273571133613586,
        0.3881673216819763,
        0.4234326183795929,
        0.376568466424942,
        0.4970233738422394,
        0.4197709262371063,
        0.4115305244922638,
        0.36540889739990234,
        0.3627937436103821,
        0.36545225977897644,
        0.36328718066215515,
        0.38846898078918457,
        0.3524070084095001,
        0.354108601808548,
        0.34897351264953613,
        0.3506915271282196,
        0.34863677620887756,
        0.34579068422317505,
        0.3424331545829773,
        0.38930076360702515,
        0.3436185121536255,
        0.3445064127445221,
        0.34602952003479004,
        0.3446137309074402,
        0.3422341048717499,
        0.3415623903274536,
        0.3422819972038269,
        0.33923226594924927
    ],
    "binary_accuracy": [
        0.6252691745758057,
        0.7701000571250916,
        0.7927451729774475,
        0.813543438911438,
        0.8225157260894775,
        0.8280397057533264,
        0.8348856568336487,
        0.8394254446029663,
        0.8442209959030151,
        0.8470426797866821,
        0.851335346698761,
        0.8483276963233948,
        0.8467898964881897,
        0.8504685759544373,
        0.8578181266784668,
        0.8588157296180725,
        0.8571232557296753,
        0.8583493828773499,
        0.8595982193946838,
        0.8646669983863831,
        0.8634696006774902,
        0.8670383095741272,
        0.8657007813453674,
        0.8679952621459961,
        0.8693608045578003,
        0.8708154559135437,
        0.8664456009864807,
        0.8701459169387817,
        0.8699226379394531,
        0.869203507900238,
        0.8702905774116516,
        0.8710987567901611,
        0.8715680837631226,
        0.8714055418968201,
        0.872819185256958
    ],
    "val_loss": [
        0.48261645436286926,
        0.4434512257575989,
        0.42786967754364014,
        0.41464853286743164,
        0.3940607011318207,
        0.3989916741847992,
        0.3854442238807678,
        0.371035635471344,
        0.35687097907066345,
        0.3907519578933716,
        0.3724792003631592,
        0.3655996024608612,
        0.3548538386821747,
        0.38800227642059326,
        0.3305308520793915,
        0.33516496419906616,
        0.3849501311779022,
        0.32330694794654846,
        0.3196960985660553,
        0.3701966404914856,
        0.3434949517250061,
        0.3534281849861145,
        0.31772181391716003,
        0.3117378354072571,
        0.31456488370895386,
        0.3639361560344696,
        0.31735116243362427,
        0.31894439458847046,
        0.3138269782066345,
        0.30381885170936584,
        0.30616164207458496,
        0.32609790563583374,
        0.3191123902797699,
        0.3010740876197815,
        0.3132942318916321
    ],
    "val_binary_accuracy": [
        0.7526054978370667,
        0.805226743221283,
        0.8260345458984375,
        0.8184379935264587,
        0.852411687374115,
        0.8457282185554504,
        0.8460094332695007,
        0.8584133982658386,
        0.8677167296409607,
        0.8417235612869263,
        0.8522831797599792,
        0.8573067784309387,
        0.8643757700920105,
        0.8419458270072937,
        0.87986820936203,
        0.8784214854240417,
        0.8454062342643738,
        0.882645308971405,
        0.8835750818252563,
        0.8443071842193604,
        0.8827934861183167,
        0.8714689016342163,
        0.886763334274292,
        0.8887467980384827,
        0.8872380256652832,
        0.8659132122993469,
        0.8902419209480286,
        0.8799634575843811,
        0.8831185102462769,
        0.887222945690155,
        0.8838789463043213,
        0.8841752409934998,
        0.8885109424591064,
        0.8910038471221924,
        0.8821449279785156
    ]
}