{
    "loss": [
        0.4685171842575073,
        0.3689177930355072,
        0.31504157185554504,
        0.3045700490474701,
        0.3212573826313019,
        0.29094430804252625,
        0.29444095492362976,
        0.31639471650123596,
        0.27867990732192993,
        0.272593230009079,
        0.2683555781841278,
        0.26876258850097656,
        0.2675236761569977,
        0.26070818305015564,
        0.2640841603279114,
        0.2600240409374237,
        0.26765570044517517,
        0.2694893479347229,
        0.26600295305252075,
        0.2643809914588928,
        0.2579489052295685,
        0.257280170917511,
        0.24976319074630737,
        0.25347331166267395,
        0.25172728300094604,
        0.25077539682388306,
        0.24857163429260254,
        0.2434198558330536,
        0.247534841299057,
        0.2435488998889923,
        0.24502386152744293,
        0.2404082715511322,
        0.23972387611865997,
        0.2533496618270874,
        0.2607401907444
    ],
    "binary_accuracy": [
        0.8089741468429565,
        0.8746927976608276,
        0.8903399109840393,
        0.8972644805908203,
        0.8971246480941772,
        0.9058710336685181,
        0.9047530889511108,
        0.904146134853363,
        0.9058505296707153,
        0.9087120890617371,
        0.9107769727706909,
        0.9104768633842468,
        0.9115199446678162,
        0.9140552878379822,
        0.9131397008895874,
        0.9139710068702698,
        0.9134345650672913,
        0.9131117463111877,
        0.9152847528457642,
        0.9154524803161621,
        0.917628824710846,
        0.916391909122467,
        0.9179393649101257,
        0.916193962097168,
        0.916482150554657,
        0.9174450635910034,
        0.917684018611908,
        0.9190715551376343,
        0.9176605343818665,
        0.9187848567962646,
        0.9175751805305481,
        0.9197895526885986,
        0.9195341467857361,
        0.9181000590324402,
        0.9177958369255066
    ],
    "val_loss": [
        0.3328094184398651,
        0.30789628624916077,
        0.2862970530986786,
        0.30262792110443115,
        0.3201582431793213,
        0.2570960223674774,
        6.57249116897583,
        0.25748568773269653,
        0.2645266354084015,
        0.24664217233657837,
        0.29784974455833435,
        0.254348486661911,
        0.24503572285175323,
        0.2389276772737503,
        0.31248340010643005,
        0.2470836490392685,
        0.2607139050960541,
        0.29828453063964844,
        0.2447093278169632,
        0.2422250509262085,
        0.23872414231300354,
        0.2443966269493103,
        0.24975934624671936,
        0.2559506297111511,
        0.23175370693206787,
        0.23267708718776703,
        0.23132362961769104,
        0.22794516384601593,
        0.22587977349758148,
        0.2804643213748932,
        0.22335200011730194,
        0.22724378108978271,
        0.2484886646270752,
        0.24263878166675568,
        0.23922096192836761
    ],
    "val_binary_accuracy": [
        0.8790140748023987,
        0.8913273811340332,
        0.9006518721580505,
        0.8984144926071167,
        0.8962889313697815,
        0.9158027172088623,
        0.5002751350402832,
        0.9100338220596313,
        0.9114004373550415,
        0.9234098792076111,
        0.9017221927642822,
        0.9177226424217224,
        0.9214612245559692,
        0.9215337634086609,
        0.8940167427062988,
        0.9166160225868225,
        0.9088107943534851,
        0.9135199189186096,
        0.9276004433631897,
        0.9264878034591675,
        0.9234083294868469,
        0.9220220446586609,
        0.9200552701950073,
        0.9093716740608215,
        0.9233977794647217,
        0.9240629076957703,
        0.9249866008758545,
        0.9269352555274963,
        0.926868736743927,
        0.9041681885719299,
        0.9251468777656555,
        0.9240720272064209,
        0.9148502945899963,
        0.9257349371910095,
        0.9226751327514648
    ]
}