{
    "loss": [
        0.40179046988487244,
        0.29052379727363586,
        0.2864423394203186,
        0.2861941158771515,
        0.28185322880744934,
        0.2805221378803253,
        0.27566924691200256,
        0.3103237748146057,
        0.2657036781311035,
        0.2514968514442444,
        0.26582103967666626,
        0.26412415504455566,
        0.260397732257843,
        0.25982028245925903,
        0.2641713619232178,
        0.2613067626953125,
        0.25909823179244995,
        0.2529038190841675,
        0.2565690577030182,
        0.26527443528175354,
        0.25732412934303284,
        0.2563593089580536,
        0.257041335105896,
        0.24688804149627686,
        0.24007096886634827,
        0.24668504297733307,
        0.24618394672870636,
        0.25498536229133606,
        0.2490006983280182,
        0.27891406416893005,
        0.24042078852653503,
        0.23725295066833496,
        0.23425474762916565,
        0.23598748445510864,
        0.23815251886844635
    ],
    "binary_accuracy": [
        0.8572440147399902,
        0.9065334796905518,
        0.9116485714912415,
        0.912272572517395,
        0.9130744934082031,
        0.9123587012290955,
        0.9157529473304749,
        0.9137082099914551,
        0.9176247119903564,
        0.920191764831543,
        0.9173731207847595,
        0.9183815121650696,
        0.9205820560455322,
        0.9208683967590332,
        0.9183371067047119,
        0.9186040759086609,
        0.9198085069656372,
        0.9230514168739319,
        0.9208724498748779,
        0.9189608097076416,
        0.9204649925231934,
        0.9224818348884583,
        0.9213511347770691,
        0.9210965037345886,
        0.9241716861724854,
        0.9204504489898682,
        0.9237112402915955,
        0.9209474325180054,
        0.9256564974784851,
        0.9181604385375977,
        0.9229090213775635,
        0.9228493571281433,
        0.9231777787208557,
        0.9234133958816528,
        0.9216631650924683
    ],
    "val_loss": [
        0.25927072763442993,
        0.27031412720680237,
        0.26366570591926575,
        0.2703371047973633,
        0.24971041083335876,
        0.2610526978969574,
        0.25930067896842957,
        0.2508789598941803,
        0.23836228251457214,
        0.23236022889614105,
        0.2807833254337311,
        0.256977915763855,
        0.23553083837032318,
        0.28333407640457153,
        0.2595100700855255,
        0.2424502819776535,
        0.235445037484169,
        0.2513699531555176,
        0.23197945952415466,
        0.25978341698646545,
        0.2707642912864685,
        0.23565295338630676,
        0.24349839985370636,
        0.22916869819164276,
        0.25470221042633057,
        0.24668096005916595,
        0.23536567389965057,
        0.24422627687454224,
        0.24083149433135986,
        0.24956382811069489,
        0.22787512838840485,
        0.23126588761806488,
        0.23168540000915527,
        0.22999852895736694,
        0.2208128422498703
    ],
    "val_binary_accuracy": [
        0.9169092774391174,
        0.9073338508605957,
        0.9230908751487732,
        0.919774055480957,
        0.918901801109314,
        0.9223985075950623,
        0.915022611618042,
        0.9247492551803589,
        0.9269261956214905,
        0.9274417161941528,
        0.8959049582481384,
        0.9250531196594238,
        0.9207612872123718,
        0.912909209728241,
        0.9188337922096252,
        0.924555778503418,
        0.9266933798789978,
        0.9160234332084656,
        0.9281416535377502,
        0.9241294264793396,
        0.9166538119316101,
        0.9279783964157104,
        0.9278876781463623,
        0.9277697801589966,
        0.9147172570228577,
        0.9292195439338684,
        0.9305181503295898,
        0.9281960725784302,
        0.9281461834907532,
        0.9250712990760803,
        0.9245829582214355,
        0.9249125719070435,
        0.9248294234275818,
        0.9195563793182373,
        0.9289988279342651
    ]
}