{
    "loss": [
        0.49154433608055115,
        0.3547247648239136,
        0.3114660680294037,
        0.2908806800842285,
        0.2787814140319824,
        0.27358853816986084,
        0.27051547169685364,
        0.26969200372695923,
        0.2673948407173157,
        0.26339587569236755,
        0.2592993378639221,
        0.26244938373565674,
        0.257069855928421,
        0.2570246756076813,
        0.25332704186439514,
        0.25181788206100464,
        0.25101229548454285,
        0.24884891510009766,
        0.2485094517469406,
        0.2587544023990631,
        0.25716665387153625,
        0.2582766115665436,
        0.2585611045360565,
        0.25831782817840576,
        0.25601881742477417,
        0.25748375058174133,
        0.2555813193321228,
        0.2578313946723938,
        0.2581165134906769,
        0.2579651176929474,
        0.2581876516342163,
        0.2555962800979614,
        0.2549864649772644,
        0.2551751136779785,
        0.2555391788482666
    ],
    "binary_accuracy": [
        0.7720121145248413,
        0.8687069416046143,
        0.8907309770584106,
        0.9008503556251526,
        0.9073171019554138,
        0.909856915473938,
        0.9120175838470459,
        0.9124545454978943,
        0.9130632877349854,
        0.9149134159088135,
        0.9161231517791748,
        0.9158177971839905,
        0.9181835651397705,
        0.9180061221122742,
        0.9188642501831055,
        0.9197138547897339,
        0.920528769493103,
        0.9211129546165466,
        0.9205101132392883,
        0.9201340079307556,
        0.9213593602180481,
        0.9212087392807007,
        0.9206700325012207,
        0.9205037951469421,
        0.9205809831619263,
        0.9201317429542542,
        0.9209924936294556,
        0.9198517799377441,
        0.9204135537147522,
        0.9206294417381287,
        0.9199650883674622,
        0.9214741587638855,
        0.9217906594276428,
        0.9212654232978821,
        0.921730637550354
    ],
    "val_loss": [
        0.36082252860069275,
        0.30301201343536377,
        0.2831505835056305,
        0.26960697770118713,
        0.282169908285141,
        0.2574165463447571,
        0.25769639015197754,
        0.2564058005809784,
        0.25607141852378845,
        0.25496283173561096,
        0.24112048745155334,
        0.24831610918045044,
        0.24203544855117798,
        0.24233074486255646,
        0.23723889887332916,
        0.24152901768684387,
        0.24266017973423004,
        0.236663818359375,
        0.23568180203437805,
        0.24162036180496216,
        0.284304141998291,
        0.23483940958976746,
        0.24729523062705994,
        0.23518584668636322,
        0.23983415961265564,
        0.28312918543815613,
        0.23448476195335388,
        0.24924594163894653,
        0.26834142208099365,
        0.2357873171567917,
        0.23569802939891815,
        0.23166155815124512,
        0.23671609163284302,
        0.2357797473669052,
        0.25824791193008423
    ],
    "val_binary_accuracy": [
        0.8646644949913025,
        0.8884746432304382,
        0.903775155544281,
        0.9141155481338501,
        0.9005233645439148,
        0.9119099378585815,
        0.9134110808372498,
        0.9156409502029419,
        0.9133536219596863,
        0.9174913167953491,
        0.9208942651748657,
        0.9201988577842712,
        0.9189698100090027,
        0.9220976829528809,
        0.9229019284248352,
        0.9251861572265625,
        0.9192449450492859,
        0.923917829990387,
        0.9258800745010376,
        0.9253161549568176,
        0.9189093708992004,
        0.9269624948501587,
        0.9253947734832764,
        0.9267780780792236,
        0.9236320853233337,
        0.9186825752258301,
        0.9292195439338684,
        0.9261521697044373,
        0.9220099449157715,
        0.9261249899864197,
        0.9266132712364197,
        0.9281749129295349,
        0.9243274927139282,
        0.9261098504066467,
        0.9184830188751221
    ]
}