{
    "loss": [
        0.5242292284965515,
        0.4156966805458069,
        0.41337576508522034,
        0.3570214509963989,
        0.3600432574748993,
        0.32581567764282227,
        0.32046979665756226,
        0.3638901710510254,
        0.34928858280181885,
        0.30685389041900635,
        0.3049992322921753,
        0.6160871386528015,
        5.266241550445557,
        0.3707948625087738,
        0.293508917093277,
        0.28933441638946533,
        0.2853960692882538,
        0.2849644124507904,
        0.2904495894908905,
        0.28753241896629333,
        0.28500306606292725,
        0.2837279438972473,
        0.2821020781993866,
        0.2859487533569336,
        0.281200110912323,
        0.2816072404384613,
        0.28147566318511963,
        0.2842162549495697,
        0.2922188341617584,
        0.28532692790031433,
        0.28819048404693604,
        0.27426907420158386,
        0.27432966232299805,
        0.27550801634788513
    ],
    "binary_accuracy": [
        0.7332606315612793,
        0.8319864273071289,
        0.8531485795974731,
        0.8676393032073975,
        0.87166428565979,
        0.8837445378303528,
        0.886527419090271,
        0.8837255239486694,
        0.8872643709182739,
        0.892083466053009,
        0.8928934931755066,
        0.8773325681686401,
        0.6301642656326294,
        0.8886541724205017,
        0.8980574011802673,
        0.9000745415687561,
        0.9013006687164307,
        0.9015313982963562,
        0.9000343084335327,
        0.9012451171875,
        0.9027735590934753,
        0.9037796854972839,
        0.9038990139961243,
        0.9036484956741333,
        0.9051217436790466,
        0.904665470123291,
        0.9039206504821777,
        0.9030956625938416,
        0.9000797867774963,
        0.9029935002326965,
        0.9024436473846436,
        0.9078043699264526,
        0.9079482555389404,
        0.9078184962272644
    ],
    "val_loss": [
        0.43597719073295593,
        0.3693034052848816,
        0.3466830551624298,
        0.32831165194511414,
        0.3449837267398834,
        0.305053174495697,
        0.312783420085907,
        0.306003600358963,
        0.29878145456314087,
        0.2838037312030792,
        0.28486958146095276,
        7.712474346160889,
        0.3121638000011444,
        0.28691035509109497,
        0.2721695005893707,
        0.2811013162136078,
        0.27039387822151184,
        0.2688075006008148,
        0.268736869096756,
        0.27211257815361023,
        0.2574855089187622,
        0.2586265206336975,
        0.25724732875823975,
        0.25170764327049255,
        0.25835445523262024,
        0.26323050260543823,
        0.2553010582923889,
        0.2600429356098175,
        0.26111140847206116,
        0.27332186698913574,
        0.25900542736053467,
        0.26942041516304016,
        0.2517843544483185,
        0.2801046669483185
    ],
    "val_binary_accuracy": [
        0.8174462914466858,
        0.8596348762512207,
        0.8703411221504211,
        0.8781810998916626,
        0.8741719126701355,
        0.893165647983551,
        0.8831835389137268,
        0.8898912072181702,
        0.8958520293235779,
        0.8980501294136047,
        0.9033473134040833,
        0.5,
        0.8964038491249084,
        0.900998055934906,
        0.9033926725387573,
        0.9003872871398926,
        0.9029058814048767,
        0.910505473613739,
        0.9045249819755554,
        0.9039021730422974,
        0.9100111722946167,
        0.9117391109466553,
        0.9133793711662292,
        0.9157497882843018,
        0.9116211533546448,
        0.9062378406524658,
        0.9126839637756348,
        0.9101290702819824,
        0.9095652103424072,
        0.9039474725723267,
        0.913835883140564,
        0.9095727205276489,
        0.9168911576271057,
        0.9072310328483582
    ]
}