{
    "loss": [
        0.5791214108467102,
        0.4987885653972626,
        0.46652552485466003,
        0.439438134431839,
        0.41153550148010254,
        0.3892431855201721,
        0.3787934482097626,
        0.3767193853855133,
        0.368034690618515,
        0.3611967861652374,
        0.34887370467185974,
        0.3441707491874695,
        0.3416908383369446,
        0.3359566628932953,
        0.3342592716217041,
        0.3345358073711395,
        0.3222425580024719,
        0.31885001063346863,
        0.31948503851890564,
        0.31553128361701965,
        0.31432148814201355,
        0.3097362816333771,
        0.30662041902542114,
        0.30491021275520325,
        0.30160489678382874,
        0.3018878102302551,
        0.3010489046573639,
        0.30558836460113525,
        0.30075201392173767,
        0.3005369007587433,
        0.29358068108558655,
        0.2913452684879303,
        0.2905363142490387,
        0.290643572807312,
        0.29414698481559753
    ],
    "binary_accuracy": [
        0.6803081631660461,
        0.7589722871780396,
        0.790115475654602,
        0.8141574263572693,
        0.8366578817367554,
        0.8531519174575806,
        0.857750654220581,
        0.8556380867958069,
        0.8605786561965942,
        0.863126277923584,
        0.8705145716667175,
        0.8732523918151855,
        0.8746402859687805,
        0.8780964016914368,
        0.8786555528640747,
        0.8782719969749451,
        0.8845945000648499,
        0.8863570094108582,
        0.8854552507400513,
        0.8882079124450684,
        0.8881538510322571,
        0.8913423418998718,
        0.8927626609802246,
        0.8932211995124817,
        0.895056426525116,
        0.8946508169174194,
        0.8951653242111206,
        0.8923473954200745,
        0.8947511315345764,
        0.8948774933815002,
        0.8983254432678223,
        0.9001360535621643,
        0.8998299837112427,
        0.9023411273956299,
        0.903715968132019
    ],
    "val_loss": [
        0.5033571720123291,
        0.47051766514778137,
        0.44688937067985535,
        0.4056270122528076,
        0.37804508209228516,
        0.3618313670158386,
        0.35403406620025635,
        0.3613680899143219,
        0.3494211435317993,
        0.3328319191932678,
        0.32093295454978943,
        0.3210045397281647,
        0.316018670797348,
        0.3149693012237549,
        0.34206104278564453,
        0.31172817945480347,
        0.37332987785339355,
        0.33850494027137756,
        0.28603246808052063,
        0.305804967880249,
        0.30050501227378845,
        0.29700279235839844,
        0.31396248936653137,
        0.29113900661468506,
        0.28654563426971436,
        0.27849507331848145,
        0.28599414229393005,
        0.2727370262145996,
        0.28680288791656494,
        0.2765851318836212,
        0.27898573875427246,
        0.2651747167110443,
        0.27196335792541504,
        0.2835535407066345,
        0.3138625919818878
    ],
    "val_binary_accuracy": [
        0.7443119883537292,
        0.7872307896614075,
        0.7974019050598145,
        0.8387575149536133,
        0.8671861290931702,
        0.8682503700256348,
        0.8683047890663147,
        0.8719813823699951,
        0.8761266469955444,
        0.8763412833213806,
        0.8852909207344055,
        0.8882327675819397,
        0.889440655708313,
        0.8853241801261902,
        0.8680644631385803,
        0.8913334012031555,
        0.8709700107574463,
        0.8864988088607788,
        0.8989828824996948,
        0.8844563961029053,
        0.8891111016273499,
        0.8946970701217651,
        0.8815991878509521,
        0.9037222266197205,
        0.9018597602844238,
        0.9015604257583618,
        0.8944295048713684,
        0.9073625802993774,
        0.9034304618835449,
        0.899168848991394,
        0.900394856929779,
        0.9094472527503967,
        0.9132402539253235,
        0.9097315073013306,
        0.9019837379455566
    ]
}