{
    "loss": [
        0.5132725834846497,
        0.40633559226989746,
        0.415833443403244,
        0.3466772437095642,
        0.3326374590396881,
        0.3243628740310669,
        0.32235878705978394,
        0.3112865090370178,
        0.3156418800354004,
        0.314951628446579,
        0.31395596265792847,
        0.3190716505050659,
        0.31252893805503845,
        0.3070583939552307,
        0.30322128534317017,
        0.3046859800815582,
        0.30320706963539124,
        0.30501919984817505,
        0.30022570490837097,
        0.30565163493156433,
        0.3076206147670746,
        0.3109617829322815,
        0.30342724919319153,
        0.3072327971458435,
        0.2965213656425476,
        0.30350038409233093,
        0.3002840280532837,
        0.2968044579029083,
        0.2968764901161194,
        0.29571759700775146,
        0.291493684053421,
        0.2964438796043396,
        0.29352259635925293,
        0.29042941331863403,
        0.2903996706008911
    ],
    "binary_accuracy": [
        0.7469170093536377,
        0.8361344933509827,
        0.8555575609207153,
        0.8722387552261353,
        0.8797124028205872,
        0.8842694163322449,
        0.8859111666679382,
        0.8910157680511475,
        0.8894422054290771,
        0.8894810080528259,
        0.8906940817832947,
        0.8887163996696472,
        0.8902109265327454,
        0.8931894898414612,
        0.8961397409439087,
        0.8959078788757324,
        0.8959600925445557,
        0.8957498073577881,
        0.8982146978378296,
        0.8977472186088562,
        0.8976361155509949,
        0.8954318165779114,
        0.8996212482452393,
        0.8973647356033325,
        0.9024760723114014,
        0.8994807004928589,
        0.9004894495010376,
        0.9013062715530396,
        0.9017893671989441,
        0.9026553630828857,
        0.9041830897331238,
        0.9021238088607788,
        0.902914822101593,
        0.9054132699966431,
        0.9051191210746765
    ],
    "val_loss": [
        0.4107409715652466,
        0.3634922504425049,
        0.3439851701259613,
        0.31027671694755554,
        0.34302642941474915,
        0.29531511664390564,
        0.3032318353652954,
        0.3033447861671448,
        0.29672619700431824,
        0.30129215121269226,
        0.32099518179893494,
        0.2903974950313568,
        0.36631321907043457,
        0.2928815186023712,
        0.29677310585975647,
        0.313149631023407,
        0.2818481922149658,
        0.2911301851272583,
        0.2837359607219696,
        0.2821204960346222,
        0.304768830537796,
        0.2617705762386322,
        0.2732715904712677,
        0.27403566241264343,
        0.3544486463069916,
        0.3080919682979584,
        0.28608283400535583,
        0.2604832053184509,
        0.2498364895582199,
        0.26887768507003784,
        0.2767535150051117,
        0.26857200264930725,
        0.3153199553489685,
        0.3187819719314575,
        0.26619666814804077
    ],
    "val_binary_accuracy": [
        0.8372094631195068,
        0.8583664894104004,
        0.8743125200271606,
        0.8911157250404358,
        0.8781372904777527,
        0.8992308378219604,
        0.8903174996376038,
        0.895658552646637,
        0.8998294472694397,
        0.8958807587623596,
        0.8823490142822266,
        0.9013956785202026,
        0.8687931299209595,
        0.894855797290802,
        0.8955194354057312,
        0.8961997628211975,
        0.9017252326011658,
        0.9041697382926941,
        0.9057223200798035,
        0.9113143086433411,
        0.8920711278915405,
        0.9147656559944153,
        0.9162214398384094,
        0.9157966375350952,
        0.8823369145393372,
        0.9027547240257263,
        0.896047055721283,
        0.9148880839347839,
        0.9220704436302185,
        0.9085477590560913,
        0.9098841547966003,
        0.919873833656311,
        0.9061818718910217,
        0.8891292810440063,
        0.9138797521591187
    ]
}