{
    "loss": [
        0.5672661066055298,
        0.48609915375709534,
        0.4359046518802643,
        0.42473316192626953,
        0.3746219575405121,
        0.3687858581542969,
        0.3544933795928955,
        0.34557390213012695,
        0.344382107257843,
        0.3540506958961487,
        0.327345609664917,
        0.31961172819137573,
        0.31928619742393494,
        0.31818658113479614,
        0.3136853873729706,
        0.32332780957221985,
        0.31063881516456604,
        0.30724743008613586,
        0.3162648379802704,
        0.32132479548454285,
        0.32188379764556885,
        0.31573158502578735,
        0.31187695264816284,
        0.3091661334037781,
        0.30289241671562195,
        0.30430078506469727
    ],
    "binary_accuracy": [
        0.6959511637687683,
        0.7713779807090759,
        0.8174111247062683,
        0.8419548273086548,
        0.8616340160369873,
        0.8667975068092346,
        0.8736926317214966,
        0.8779014348983765,
        0.8768740296363831,
        0.8770089745521545,
        0.8823421001434326,
        0.885550320148468,
        0.885111927986145,
        0.8862932920455933,
        0.8890664577484131,
        0.8869348764419556,
        0.8915559649467468,
        0.893919050693512,
        0.8909423351287842,
        0.8883339166641235,
        0.8874131441116333,
        0.8905624747276306,
        0.8909479379653931,
        0.8934783935546875,
        0.8963034152984619,
        0.8957494497299194
    ],
    "val_loss": [
        0.5009284615516663,
        0.4392135441303253,
        0.3999936282634735,
        0.4011901915073395,
        0.37462931871414185,
        0.40137845277786255,
        0.32473596930503845,
        0.32312288880348206,
        0.3940540850162506,
        0.3015463650226593,
        0.33658555150032043,
        0.2941941022872925,
        0.3025193214416504,
        0.2956353724002838,
        0.2877577543258667,
        0.2823176085948944,
        0.2867298424243927,
        0.3001173734664917,
        0.3135254979133606,
        0.297780841588974,
        0.29557889699935913,
        0.30563095211982727,
        0.30077797174453735,
        0.3102949559688568,
        0.2855711877346039,
        0.31332510709762573
    ],
    "val_binary_accuracy": [
        0.7553387880325317,
        0.8144832253456116,
        0.8444553017616272,
        0.8393592238426208,
        0.8615215420722961,
        0.8554745316505432,
        0.8779921531677246,
        0.8878986835479736,
        0.8528364896774292,
        0.8927952647209167,
        0.8799574375152588,
        0.8987894058227539,
        0.8900242447853088,
        0.8933500647544861,
        0.8985716700553894,
        0.9005007147789001,
        0.8965580463409424,
        0.8945292830467224,
        0.8878896236419678,
        0.8932623863220215,
        0.9015271663665771,
        0.8889932036399841,
        0.8896114826202393,
        0.8786906003952026,
        0.8948996067047119,
        0.8954347968101501
    ]
}