{
    "loss": [
        0.6235494613647461,
        0.49830949306488037,
        0.4548625648021698,
        0.4206598401069641,
        0.39763227105140686,
        0.38174518942832947,
        0.36402979493141174,
        0.34842026233673096,
        0.38466909527778625,
        0.363937646150589,
        0.32680684328079224,
        0.3264363408088684,
        0.32081589102745056,
        0.3436037302017212,
        0.30863478779792786,
        0.30375805497169495,
        0.29868611693382263,
        0.2993587255477905,
        0.2968246638774872,
        0.3007277548313141,
        0.29107290506362915,
        0.28992652893066406,
        0.28802189230918884,
        0.2860359847545624,
        0.28479278087615967,
        0.2831445336341858,
        0.2821356952190399,
        0.279840350151062,
        0.27878865599632263,
        0.2780654728412628,
        0.27805861830711365,
        0.2752246856689453,
        0.27418628334999084,
        0.27389952540397644,
        0.2741122245788574
    ],
    "binary_accuracy": [
        0.6273560523986816,
        0.7638569474220276,
        0.8033066391944885,
        0.8268106579780579,
        0.8407570719718933,
        0.8512600064277649,
        0.8616947531700134,
        0.8701843023300171,
        0.8724139332771301,
        0.8764046430587769,
        0.8815476894378662,
        0.8812870979309082,
        0.8843913078308105,
        0.8854127526283264,
        0.8908774852752686,
        0.8940513730049133,
        0.8964502811431885,
        0.8962620496749878,
        0.89748215675354,
        0.8956592679023743,
        0.9006706476211548,
        0.9012119174003601,
        0.9025353193283081,
        0.9035452008247375,
        0.9040384292602539,
        0.9047896265983582,
        0.9049577116966248,
        0.9065159559249878,
        0.9070621132850647,
        0.90760338306427,
        0.9073759913444519,
        0.9088276624679565,
        0.9094863533973694,
        0.9096399545669556,
        0.9098110795021057
    ],
    "val_loss": [
        0.49814531207084656,
        0.468222975730896,
        0.40763920545578003,
        0.3809792399406433,
        0.36423301696777344,
        0.34681642055511475,
        0.32454830408096313,
        0.3188731372356415,
        0.30848973989486694,
        0.31773221492767334,
        0.2955199182033539,
        0.31434541940689087,
        0.3420867323875427,
        0.2979726195335388,
        0.29478582739830017,
        0.27242422103881836,
        0.2823850214481354,
        0.2765321433544159,
        0.2667838931083679,
        0.28169912099838257,
        0.27615121006965637,
        0.29031476378440857,
        0.26846882700920105,
        0.2746821343898773,
        0.2678089737892151,
        0.27602604031562805,
        0.2710542380809784,
        0.2682556211948395,
        0.26444223523139954,
        0.27054664492607117,
        0.2599007189273834,
        0.2554846405982971,
        0.25680866837501526,
        0.2619237005710602,
        0.25497815012931824
    ],
    "val_binary_accuracy": [
        0.7554113268852234,
        0.7946490049362183,
        0.8379653692245483,
        0.8504887223243713,
        0.8636727929115295,
        0.8751696944236755,
        0.8845274448394775,
        0.8846317529678345,
        0.8918912410736084,
        0.8898926973342896,
        0.8955239653587341,
        0.8781599402427673,
        0.880332350730896,
        0.8927060961723328,
        0.8869432806968689,
        0.904278576374054,
        0.8986518383026123,
        0.9046428799629211,
        0.9087926745414734,
        0.9108290076255798,
        0.9035484194755554,
        0.8981650471687317,
        0.9091267585754395,
        0.9123483300209045,
        0.9075409173965454,
        0.904517412185669,
        0.909977912902832,
        0.9133461117744446,
        0.9128003716468811,
        0.9096256494522095,
        0.9141624569892883,
        0.9165751934051514,
        0.9145524501800537,
        0.9144224524497986,
        0.9155471920967102
    ]
}