{
    "loss": [
        0.4130766689777374,
        0.2856244742870331,
        0.2815207242965698,
        0.30101877450942993,
        0.25342369079589844,
        0.2557220757007599,
        0.2701890468597412,
        0.265617698431015,
        0.24960342049598694,
        0.24685457348823547,
        0.25696712732315063,
        0.2587502598762512,
        0.2590542733669281,
        0.25537699460983276,
        0.4431968629360199,
        0.26007047295570374,
        0.2693512439727783,
        0.2786045968532562,
        0.25954949855804443,
        0.2679103910923004
    ],
    "binary_accuracy": [
        0.8246521949768066,
        0.9029767513275146,
        0.9100601077079773,
        0.906243085861206,
        0.9196639060974121,
        0.9184683561325073,
        0.9161760807037354,
        0.9178748726844788,
        0.9184266328811646,
        0.9206666946411133,
        0.919379472732544,
        0.9191028475761414,
        0.9183166027069092,
        0.9195035696029663,
        0.9062591195106506,
        0.9177022576332092,
        0.9164549112319946,
        0.9106054902076721,
        0.9190681576728821,
        0.9158387184143066
    ],
    "val_loss": [
        0.3108886182308197,
        0.27549058198928833,
        0.23512566089630127,
        0.24722599983215332,
        0.24342338740825653,
        0.26595771312713623,
        0.30718082189559937,
        0.23923812806606293,
        0.2318796068429947,
        0.2286953330039978,
        0.234998881816864,
        0.2370253950357437,
        0.25850802659988403,
        0.28759831190109253,
        0.2509293556213379,
        0.24531249701976776,
        0.25052550435066223,
        0.2635664939880371,
        0.2908007502555847,
        0.24386869370937347
    ],
    "val_binary_accuracy": [
        0.8907786011695862,
        0.913208544254303,
        0.9229820370674133,
        0.9181534647941589,
        0.9267719984054565,
        0.9224695563316345,
        0.9110784530639648,
        0.921479344367981,
        0.9271499514579773,
        0.9281219840049744,
        0.9250561594963074,
        0.9283775091171265,
        0.9290562868118286,
        0.9227461814880371,
        0.9215201735496521,
        0.920437753200531,
        0.9293041825294495,
        0.9175306558609009,
        0.9178692698478699,
        0.9254794716835022
    ]
}