{
    "loss": [
        0.3828687071800232,
        0.2718706429004669,
        0.2789081931114197,
        0.2729373276233673,
        0.27241086959838867,
        0.2746991515159607,
        0.2673342525959015,
        0.26143771409988403,
        0.2632242441177368,
        0.26320239901542664,
        0.2572404146194458,
        0.25866881012916565,
        0.25320711731910706,
        0.2561965882778168,
        0.251830518245697,
        0.2569332420825958,
        0.25360584259033203,
        0.2559681534767151,
        0.25369858741760254,
        0.2541281282901764,
        0.24921488761901855,
        0.24913936853408813,
        0.24573498964309692,
        0.24358592927455902
    ],
    "binary_accuracy": [
        0.8461669683456421,
        0.9121271967887878,
        0.9128347635269165,
        0.91643887758255,
        0.9170092344284058,
        0.9175487160682678,
        0.9171836972236633,
        0.9184989333152771,
        0.9178059101104736,
        0.9178830981254578,
        0.9204620122909546,
        0.9208967089653015,
        0.9222022294998169,
        0.9209429621696472,
        0.9226264357566833,
        0.9209179282188416,
        0.9209306240081787,
        0.9199360013008118,
        0.920381486415863,
        0.9197679162025452,
        0.9227871298789978,
        0.9227778315544128,
        0.9247397780418396,
        0.9253414869308472
    ],
    "val_loss": [
        0.2946247160434723,
        0.26624569296836853,
        0.269258975982666,
        0.26430457830429077,
        0.25627484917640686,
        0.25010427832603455,
        0.30245646834373474,
        0.2426050305366516,
        0.2773478627204895,
        0.24684855341911316,
        0.2824138104915619,
        0.24916817247867584,
        0.24588848650455475,
        0.23015263676643372,
        0.23591914772987366,
        0.27206894755363464,
        0.24123790860176086,
        0.2555680274963379,
        0.2320738434791565,
        0.23510204255580902,
        0.24318400025367737,
        0.2370450645685196,
        0.23444479703903198,
        0.2332530915737152
    ],
    "val_binary_accuracy": [
        0.8949601054191589,
        0.9193296432495117,
        0.9169334769248962,
        0.920587420463562,
        0.9254794716835022,
        0.9247417449951172,
        0.9084072113037109,
        0.9186311960220337,
        0.9174731969833374,
        0.925178587436676,
        0.911253809928894,
        0.9174308776855469,
        0.9245648384094238,
        0.9268460869789124,
        0.9225995540618896,
        0.9192087054252625,
        0.9217544794082642,
        0.9200159907341003,
        0.9250183701515198,
        0.9218482375144958,
        0.9290411472320557,
        0.928604245185852,
        0.9289323091506958,
        0.9275233745574951
    ]
}