{
    "loss": [
        0.36170506477355957,
        0.3322751820087433,
        0.2716677486896515,
        0.2547968327999115,
        0.252310186624527,
        0.24657662212848663,
        0.2641668915748596,
        0.26070934534072876,
        0.2584202289581299,
        0.25352025032043457,
        0.2538619339466095,
        0.25099509954452515,
        0.24868370592594147,
        0.25180575251579285,
        0.24781104922294617,
        0.2486492246389389,
        0.24770191311836243,
        0.24376626312732697,
        0.2443670630455017,
        0.24434171617031097,
        0.24424336850643158,
        0.24304522573947906,
        0.24382421374320984,
        0.24405431747436523,
        0.2561550736427307,
        0.2463497668504715,
        0.24445649981498718,
        0.2910081744194031,
        0.24616146087646484,
        0.24503356218338013,
        0.24948081374168396,
        0.24413704872131348,
        0.24714744091033936,
        0.2870680093765259,
        0.24223950505256653
    ],
    "binary_accuracy": [
        0.8614543080329895,
        0.8947719931602478,
        0.9084988236427307,
        0.9179971814155579,
        0.9188348054885864,
        0.921329915523529,
        0.9191725850105286,
        0.9198771119117737,
        0.9201757311820984,
        0.9215573072433472,
        0.9206786155700684,
        0.9218450784683228,
        0.9229686856269836,
        0.9222902059555054,
        0.9235002398490906,
        0.9232117533683777,
        0.9233645796775818,
        0.9248881340026855,
        0.9246111512184143,
        0.92474764585495,
        0.9245548844337463,
        0.9249157309532166,
        0.9245492815971375,
        0.924788236618042,
        0.92010897397995,
        0.9225209355354309,
        0.9239871501922607,
        0.9203285574913025,
        0.9238044619560242,
        0.9232415556907654,
        0.9217354655265808,
        0.9237467050552368,
        0.9233690500259399,
        0.9224064946174622,
        0.9255103468894958
    ],
    "val_loss": [
        0.2769942283630371,
        0.29324981570243835,
        0.24521465599536896,
        0.24614959955215454,
        0.23910918831825256,
        0.2311134785413742,
        0.2622995972633362,
        0.2749566435813904,
        0.2434466928243637,
        0.24272967875003815,
        0.2640945315361023,
        0.26109978556632996,
        0.23873993754386902,
        0.23056580126285553,
        0.23457792401313782,
        0.22676053643226624,
        0.23221148550510406,
        0.22598180174827576,
        0.23035450279712677,
        0.25738656520843506,
        0.22322942316532135,
        0.251291960477829,
        0.24038949608802795,
        0.2473529875278473,
        0.24202021956443787,
        0.28249359130859375,
        0.22513224184513092,
        0.2550406754016876,
        0.22847285866737366,
        0.21645328402519226,
        0.23589441180229187,
        0.23444584012031555,
        0.22811885178089142,
        0.23123936355113983,
        0.22367900609970093
    ],
    "val_binary_accuracy": [
        0.9056240320205688,
        0.8918549418449402,
        0.9180355668067932,
        0.9199947714805603,
        0.9249533414840698,
        0.9247658848762512,
        0.9213477969169617,
        0.9197211861610413,
        0.9266026616096497,
        0.9272436499595642,
        0.9149364829063416,
        0.9152176380157471,
        0.9233675003051758,
        0.9291197657585144,
        0.9258014559745789,
        0.930155336856842,
        0.926944375038147,
        0.9299436807632446,
        0.9248097538948059,
        0.9214627146720886,
        0.9274386763572693,
        0.9229880571365356,
        0.9268460869789124,
        0.9221369624137878,
        0.9277864098548889,
        0.9184513092041016,
        0.9268067479133606,
        0.9242700338363647,
        0.9284561276435852,
        0.9285664558410645,
        0.9238497614860535,
        0.9231861233711243,
        0.9300691485404968,
        0.9291470050811768,
        0.9302641749382019
    ]
}