{
    "loss": [
        0.6331799030303955,
        0.5158711075782776,
        0.48110246658325195,
        0.4580127000808716,
        4.171999931335449,
        7.712141036987305,
        7.712474822998047,
        7.71247673034668,
        7.712472915649414,
        7.712474822998047,
        7.712472915649414,
        7.712474346160889,
        7.712472915649414,
        7.712474822998047
    ],
    "binary_accuracy": [
        0.6383201479911804,
        0.7607881426811218,
        0.7846854329109192,
        0.7986575961112976,
        0.6491034626960754,
        0.5,
        0.5,
        0.5,
        0.5,
        0.5,
        0.5,
        0.5,
        0.5,
        0.5
    ],
    "val_loss": [
        0.5425527691841125,
        0.47344040870666504,
        0.4442012310028076,
        0.42945972084999084,
        7.712474346160889,
        7.712474346160889,
        7.712474346160889,
        7.712474346160889,
        7.712474346160889,
        7.712474346160889,
        7.712474346160889,
        7.712474346160889,
        7.712474346160889,
        7.712474346160889
    ],
    "val_binary_accuracy": [
        0.7483862042427063,
        0.7978856563568115,
        0.8136230707168579,
        0.8122579455375671,
        0.5,
        0.5,
        0.5,
        0.5,
        0.5,
        0.5,
        0.5,
        0.5,
        0.5,
        0.5
    ]
}