{
    "loss": [
        0.49603939056396484,
        0.3549145460128784,
        0.31326133012771606,
        0.290027916431427,
        0.2836141288280487,
        0.28205975890159607,
        0.27535369992256165,
        0.27932772040367126,
        0.2850586771965027,
        0.28137606382369995,
        0.2737483084201813,
        0.27540144324302673,
        0.2743609547615051,
        0.2702062726020813,
        0.2723138630390167,
        0.2686255872249603,
        0.2666575014591217,
        0.26901859045028687,
        0.26998183131217957,
        0.2660466432571411,
        0.26664936542510986,
        0.2655531167984009,
        0.2696976065635681,
        0.2687350809574127
    ],
    "binary_accuracy": [
        0.7630741000175476,
        0.872909426689148,
        0.8906180262565613,
        0.9011183977127075,
        0.9049107432365417,
        0.9060198068618774,
        0.9082270860671997,
        0.9091899991035461,
        0.9083307385444641,
        0.9107106328010559,
        0.914038896560669,
        0.9139665365219116,
        0.9131695032119751,
        0.9149678945541382,
        0.9140455722808838,
        0.9148138761520386,
        0.9160937070846558,
        0.9151225686073303,
        0.9142547249794006,
        0.9156683087348938,
        0.9156966805458069,
        0.9150148630142212,
        0.9139124751091003,
        0.9143005609512329
    ],
    "val_loss": [
        0.4100300967693329,
        0.31332430243492126,
        0.2743039131164551,
        0.2644333839416504,
        0.27149471640586853,
        0.2632337212562561,
        0.26120254397392273,
        0.3431374132633209,
        0.3019499182701111,
        0.27662715315818787,
        0.2637559473514557,
        0.2643054127693176,
        0.2563384175300598,
        0.24167555570602417,
        0.2584194839000702,
        0.26596933603286743,
        0.29527777433395386,
        0.27634286880493164,
        0.3022685647010803,
        0.24783894419670105,
        0.24485374987125397,
        0.281039297580719,
        0.2855302095413208,
        0.26834455132484436
    ],
    "val_binary_accuracy": [
        0.8577361106872559,
        0.8858079314231873,
        0.9046958088874817,
        0.9083996415138245,
        0.9066051840782166,
        0.9099929928779602,
        0.913158655166626,
        0.8830156922340393,
        0.9053700566291809,
        0.9172313213348389,
        0.917161762714386,
        0.9175366759300232,
        0.9204090237617493,
        0.9240160584449768,
        0.9211316704750061,
        0.9149848222732544,
        0.9103724956512451,
        0.9108229875564575,
        0.8989707827568054,
        0.9232496023178101,
        0.9204815626144409,
        0.9064449071884155,
        0.9062060713768005,
        0.9179509282112122
    ]
}