{
    "loss": [
        0.5143232941627502,
        0.3996027410030365,
        0.3444773256778717,
        0.31666871905326843,
        0.2997409403324127,
        0.28933876752853394,
        0.2843116819858551,
        0.2792600393295288,
        0.26957210898399353,
        0.2656285762786865,
        0.26053062081336975,
        0.25832247734069824,
        0.2588992118835449,
        0.25706538558006287,
        0.2526390254497528,
        0.2518360912799835,
        0.25156936049461365,
        0.24966852366924286,
        0.24673540890216827,
        0.24745510518550873,
        0.24295498430728912,
        0.24095937609672546,
        0.24060600996017456,
        0.24330618977546692,
        0.24135364592075348,
        0.2391422986984253,
        0.23916368186473846,
        0.2584861218929291,
        0.25461769104003906,
        0.25080645084381104,
        0.252847284078598,
        0.2521187365055084
    ],
    "binary_accuracy": [
        0.7424483895301819,
        0.8450970649719238,
        0.8769713044166565,
        0.8890183568000793,
        0.8960290551185608,
        0.9000380039215088,
        0.9035038352012634,
        0.9064183235168457,
        0.9105137586593628,
        0.9119005799293518,
        0.914154052734375,
        0.9155673384666443,
        0.9147829413414001,
        0.9165149331092834,
        0.9179468154907227,
        0.9182823300361633,
        0.9171870946884155,
        0.9184840321540833,
        0.9198640584945679,
        0.9197992086410522,
        0.9212146997451782,
        0.9216583371162415,
        0.9215114116668701,
        0.9212735891342163,
        0.9218275547027588,
        0.9219282269477844,
        0.9225526452064514,
        0.9198435544967651,
        0.9219021201133728,
        0.9223766922950745,
        0.9210253357887268,
        0.9224456548690796
    ],
    "val_loss": [
        0.41895344853401184,
        0.3479914963245392,
        0.3051519989967346,
        0.2873932123184204,
        0.2735152244567871,
        0.2900732159614563,
        0.2914941608905792,
        0.26002371311187744,
        0.24436527490615845,
        0.24600157141685486,
        0.24883878231048584,
        0.2411544919013977,
        0.23823054134845734,
        0.26542219519615173,
        0.23925457894802094,
        0.2542398273944855,
        0.24262912571430206,
        0.2378547042608261,
        0.28008711338043213,
        0.22871212661266327,
        0.23476245999336243,
        0.22432668507099152,
        0.2325301617383957,
        0.2486957609653473,
        0.23115316033363342,
        0.2318553328514099,
        0.28253450989723206,
        0.2672160863876343,
        0.25034430623054504,
        0.2337353378534317,
        0.2287510335445404,
        0.2332499623298645
    ],
    "val_binary_accuracy": [
        0.8319274187088013,
        0.881369411945343,
        0.8958868384361267,
        0.9020729064941406,
        0.9028333425521851,
        0.8998400568962097,
        0.8997448086738586,
        0.9123634696006775,
        0.9198920130729675,
        0.9178526401519775,
        0.9203213453292847,
        0.9168654680252075,
        0.9205798506736755,
        0.9132614135742188,
        0.9233947396278381,
        0.9235247373580933,
        0.9184422492980957,
        0.9244816899299622,
        0.9041198492050171,
        0.9282112121582031,
        0.9237651228904724,
        0.9283820390701294,
        0.922112762928009,
        0.9158540964126587,
        0.9252375960350037,
        0.9253010749816895,
        0.9157739877700806,
        0.9189683198928833,
        0.9209970831871033,
        0.9252965450286865,
        0.9239798188209534,
        0.9257802963256836
    ]
}