{
    "loss": [
        0.5899014472961426,
        0.44541600346565247,
        0.3899293839931488,
        0.37994322180747986,
        0.3382861912250519,
        0.3334338366985321,
        0.3306300938129425,
        0.321478933095932,
        0.3167794644832611,
        0.3116139769554138,
        0.3471217751502991,
        0.2928413450717926,
        0.29485613107681274,
        0.29406070709228516,
        0.292219340801239,
        0.29014208912849426,
        0.285997211933136,
        0.2798299193382263,
        0.2782635986804962,
        0.28192609548568726,
        0.2834203243255615,
        0.27501076459884644,
        0.279204398393631,
        0.27424341440200806,
        0.26980629563331604,
        0.27362653613090515,
        0.2759891152381897,
        0.2747393846511841,
        0.27157217264175415,
        0.2715829610824585,
        0.26929140090942383,
        0.26619839668273926,
        0.2662163972854614,
        0.26435646414756775,
        0.26125824451446533
    ],
    "binary_accuracy": [
        0.6939969658851624,
        0.8026427030563354,
        0.8420830965042114,
        0.8580183386802673,
        0.8730685710906982,
        0.8783763647079468,
        0.8827782273292542,
        0.887917160987854,
        0.8924044370651245,
        0.8945885896682739,
        0.8939003944396973,
        0.9012503623962402,
        0.8998699188232422,
        0.9001021385192871,
        0.9014777541160583,
        0.9024298191070557,
        0.9040111899375916,
        0.907378613948822,
        0.9076265096664429,
        0.9061182141304016,
        0.9050639867782593,
        0.9087885022163391,
        0.9081748723983765,
        0.9099225401878357,
        0.9124522805213928,
        0.9125928282737732,
        0.9105529189109802,
        0.9103918671607971,
        0.9121443629264832,
        0.9121052026748657,
        0.9139754772186279,
        0.9149343371391296,
        0.9148851037025452,
        0.9150785803794861,
        0.9159017205238342
    ],
    "val_loss": [
        0.46982428431510925,
        0.39242827892303467,
        0.3576546907424927,
        0.323133260011673,
        0.3196815848350525,
        0.4629964530467987,
        0.32094091176986694,
        0.33830365538597107,
        0.307007372379303,
        0.2787255048751831,
        0.27008864283561707,
        0.2809346318244934,
        0.28371381759643555,
        0.28764668107032776,
        0.29301002621650696,
        0.2797640264034271,
        0.2595706880092621,
        0.2630176842212677,
        0.29415184259414673,
        0.2968843877315521,
        0.25885215401649475,
        0.2510979175567627,
        0.2643262445926666,
        0.26074281334877014,
        0.24712635576725006,
        0.27138808369636536,
        0.2862194776535034,
        0.2762160003185272,
        0.25364717841148376,
        0.2562199831008911,
        0.26057398319244385,
        0.24350731074810028,
        0.2478376179933548,
        0.25742068886756897,
        0.34421712160110474
    ],
    "val_binary_accuracy": [
        0.790314793586731,
        0.8381694555282593,
        0.8599342107772827,
        0.8817866444587708,
        0.8868827819824219,
        0.8676033616065979,
        0.8876023888587952,
        0.8883748650550842,
        0.8995407223701477,
        0.9058190584182739,
        0.9120656251907349,
        0.9042090177536011,
        0.9010797142982483,
        0.8990206718444824,
        0.9068243503570557,
        0.9081259965896606,
        0.9108486771583557,
        0.9112221002578735,
        0.8974091410636902,
        0.8970054984092712,
        0.9083693623542786,
        0.9225995540618896,
        0.9241127967834473,
        0.9096558690071106,
        0.9243048429489136,
        0.9229457378387451,
        0.9063058495521545,
        0.9106249213218689,
        0.9210167527198792,
        0.9192449450492859,
        0.9212329387664795,
        0.9201655983924866,
        0.9217015504837036,
        0.9193235635757446,
        0.8876553177833557
    ]
}