{
    "loss": [
        3.355304002761841,
        7.712473392486572,
        7.712475776672363,
        3.9625446796417236,
        7.44166374206543,
        7.712474822998047,
        7.712473392486572,
        7.712474822998047,
        7.712474346160889,
        7.712473392486572,
        7.712474346160889,
        7.712471961975098,
        7.712472915649414,
        7.712474346160889
    ],
    "binary_accuracy": [
        0.6868166923522949,
        0.5,
        0.5,
        0.6759793162345886,
        0.514202892780304,
        0.5,
        0.5,
        0.5,
        0.5,
        0.5,
        0.5,
        0.5,
        0.5,
        0.5
    ],
    "val_loss": [
        7.712474346160889,
        7.712474346160889,
        7.712474346160889,
        0.2995440363883972,
        7.712474346160889,
        7.712474346160889,
        7.712474346160889,
        7.712474346160889,
        7.712474346160889,
        7.712474346160889,
        7.712474346160889,
        7.712474346160889,
        7.712474346160889,
        7.712474346160889
    ],
    "val_binary_accuracy": [
        0.5,
        0.5,
        0.5,
        0.8892773985862732,
        0.5,
        0.5,
        0.5,
        0.5,
        0.5,
        0.5,
        0.5,
        0.5,
        0.5,
        0.5
    ]
}