{
    "loss": [
        0.4796677827835083,
        0.3568117618560791,
        0.3059455156326294,
        0.2965165972709656,
        0.29071739315986633,
        0.2909737229347229,
        0.2719419002532959,
        0.3146439790725708,
        0.2732177972793579,
        0.27126163244247437,
        0.27006301283836365,
        0.268841415643692,
        0.27226322889328003,
        0.2746994197368622,
        0.2709617018699646,
        0.269235223531723,
        0.26922279596328735,
        0.2633059620857239,
        0.26261046528816223,
        0.2912762463092804,
        0.2618798315525055,
        0.2587077021598816,
        0.26101940870285034,
        0.2569744288921356,
        0.25953492522239685,
        0.26372089982032776,
        0.26282820105552673
    ],
    "binary_accuracy": [
        0.7729142308235168,
        0.8686111569404602,
        0.8936413526535034,
        0.8968883156776428,
        0.8992682099342346,
        0.8994064927101135,
        0.9071620106697083,
        0.9027649760246277,
        0.9096119999885559,
        0.9115672707557678,
        0.9125309586524963,
        0.9129976630210876,
        0.9118860363960266,
        0.9108988642692566,
        0.9119285345077515,
        0.9132116436958313,
        0.9130107164382935,
        0.9159393310546875,
        0.9159098863601685,
        0.9091918468475342,
        0.9157704710960388,
        0.9174144864082336,
        0.916233479976654,
        0.9177071452140808,
        0.9166427850723267,
        0.9150912761688232,
        0.9151367545127869
    ],
    "val_loss": [
        0.428153932094574,
        0.34070366621017456,
        0.2718551754951477,
        0.2721015214920044,
        0.2631533443927765,
        0.25677409768104553,
        0.2532111704349518,
        0.27025142312049866,
        0.24945491552352905,
        0.24516017735004425,
        0.25574618577957153,
        0.2679588794708252,
        0.25800392031669617,
        0.28023403882980347,
        0.2744337022304535,
        0.29202839732170105,
        0.23506608605384827,
        0.2381448894739151,
        0.24217785894870758,
        0.2711026966571808,
        0.28221651911735535,
        0.2524465024471283,
        0.23592989146709442,
        0.25589224696159363,
        0.24910858273506165,
        0.3450954854488373,
        0.2689979076385498
    ],
    "val_binary_accuracy": [
        0.8334043622016907,
        0.8853558897972107,
        0.9074094295501709,
        0.9088879227638245,
        0.9093217849731445,
        0.9146250486373901,
        0.9161489009857178,
        0.9091554880142212,
        0.9217060804367065,
        0.9143604636192322,
        0.9165102243423462,
        0.910470724105835,
        0.9132311940193176,
        0.9061168432235718,
        0.9154943227767944,
        0.9110330939292908,
        0.9266132712364197,
        0.9204165935516357,
        0.9196123480796814,
        0.9027577638626099,
        0.9145932793617249,
        0.9210892915725708,
        0.923468828201294,
        0.9213236570358276,
        0.9216229915618896,
        0.8957961201667786,
        0.9198511838912964
    ]
}