{
    "loss": [
        0.4062446355819702,
        0.28858885169029236,
        0.2698197364807129,
        0.25869205594062805,
        0.25062501430511475,
        0.2439596951007843,
        0.2449788749217987,
        0.24187104403972626,
        0.23922911286354065,
        0.24760586023330688,
        0.24611075222492218,
        0.2459099143743515,
        0.24153923988342285,
        0.2335231602191925,
        0.2270355522632599,
        0.226808562874794,
        0.23110458254814148,
        0.24425634741783142,
        0.24460923671722412,
        0.24448655545711517,
        0.2449239194393158,
        0.24229775369167328,
        0.24298708140850067,
        0.24229374527931213,
        0.2423481047153473,
        0.24131637811660767
    ],
    "binary_accuracy": [
        0.8288777470588684,
        0.9018516540527344,
        0.9115889072418213,
        0.9164791703224182,
        0.9191542863845825,
        0.9220277667045593,
        0.9218279123306274,
        0.92277592420578,
        0.9239252209663391,
        0.9237645864486694,
        0.9252341389656067,
        0.9246544241905212,
        0.9255025386810303,
        0.9271975755691528,
        0.9276531338691711,
        0.9283215403556824,
        0.9270104765892029,
        0.925524115562439,
        0.9262931942939758,
        0.9262387752532959,
        0.9264795780181885,
        0.9267495274543762,
        0.92653888463974,
        0.9268613457679749,
        0.9267394542694092,
        0.9267644286155701
    ],
    "val_loss": [
        0.2983171045780182,
        0.261746346950531,
        0.2507094740867615,
        0.24602794647216797,
        0.24505069851875305,
        0.22689761221408844,
        0.2611985504627228,
        0.23250845074653625,
        0.23098430037498474,
        0.22154353559017181,
        0.22519396245479584,
        0.2269061654806137,
        0.2397415041923523,
        0.22157393395900726,
        0.22226683795452118,
        0.21703307330608368,
        0.23722876608371735,
        0.2343643754720688,
        0.2591296434402466,
        0.24633854627609253,
        0.24165339767932892,
        0.2377498596906662,
        0.24937841296195984,
        0.2305482178926468,
        0.22542893886566162,
        0.25844016671180725
    ],
    "val_binary_accuracy": [
        0.9004387259483337,
        0.9126113653182983,
        0.9169138669967651,
        0.9244726300239563,
        0.9223470687866211,
        0.9246857762336731,
        0.920049250125885,
        0.9294478297233582,
        0.924456000328064,
        0.9294916391372681,
        0.9305166006088257,
        0.9305997490882874,
        0.92534339427948,
        0.9292891025543213,
        0.9293707013130188,
        0.9297184348106384,
        0.9291756749153137,
        0.9307448863983154,
        0.9289096593856812,
        0.9290275573730469,
        0.9238195419311523,
        0.9317562580108643,
        0.927756130695343,
        0.929417610168457,
        0.9296277165412903,
        0.9237000942230225
    ]
}