{
    "loss": [
        0.521517813205719,
        0.3854699730873108,
        0.3881615996360779,
        0.3330492079257965,
        0.3232455849647522,
        0.31492748856544495,
        0.4121676981449127,
        0.3008831739425659,
        0.29588979482650757,
        0.2955509126186371,
        0.29505348205566406,
        0.2983253002166748,
        0.2902437448501587,
        0.29203033447265625,
        0.28824931383132935,
        0.28486499190330505,
        0.2860828638076782,
        0.3155554533004761,
        0.2810007333755493,
        0.28001686930656433,
        0.27690955996513367,
        0.27657976746559143,
        0.27519702911376953,
        0.2738461196422577,
        0.27608180046081543,
        0.2757396697998047,
        0.27493149042129517,
        0.2754182517528534,
        0.2783398926258087,
        0.28284943103790283,
        0.2814086079597473,
        0.28113895654678345,
        0.2824936509132385,
        0.2819763720035553,
        0.28362682461738586
    ],
    "binary_accuracy": [
        0.7388483881950378,
        0.8521643877029419,
        0.8650894165039062,
        0.8789787888526917,
        0.8836013674736023,
        0.8876804113388062,
        0.8757899403572083,
        0.8947678804397583,
        0.897155225276947,
        0.8972133994102478,
        0.8976835012435913,
        0.8971899151802063,
        0.9001681208610535,
        0.9003485441207886,
        0.9019563794136047,
        0.9031388759613037,
        0.9038095474243164,
        0.8980458378791809,
        0.9055362939834595,
        0.9060570597648621,
        0.907627284526825,
        0.9078695774078369,
        0.9092399477958679,
        0.9099456667900085,
        0.9100205898284912,
        0.9105969071388245,
        0.9107635617256165,
        0.9112168550491333,
        0.9107329845428467,
        0.9116533994674683,
        0.911981463432312,
        0.911246657371521,
        0.9116071462631226,
        0.9118297100067139,
        0.9111937284469604
    ],
    "val_loss": [
        0.3994879126548767,
        0.35331565141677856,
        0.32972943782806396,
        0.3228854835033417,
        0.30746304988861084,
        0.2983003854751587,
        0.2862401306629181,
        0.2756950855255127,
        0.27561649680137634,
        0.2748733460903168,
        0.2774238586425781,
        0.29304906725883484,
        0.2909789979457855,
        0.2746222913265228,
        0.271525114774704,
        0.2904415726661682,
        0.26603439450263977,
        0.2823532819747925,
        0.2729193866252899,
        0.2874406576156616,
        0.3238268196582794,
        0.3357250392436981,
        0.25524118542671204,
        0.2597980797290802,
        0.2537138760089874,
        0.2594788670539856,
        0.26369231939315796,
        0.25745174288749695,
        0.27638500928878784,
        0.2847101092338562,
        0.26565638184547424,
        0.2606653869152069,
        0.27120453119277954,
        0.2666676938533783,
        0.2621748745441437
    ],
    "val_binary_accuracy": [
        0.8493715524673462,
        0.8727931976318359,
        0.8816430568695068,
        0.8854572176933289,
        0.894018292427063,
        0.8906455636024475,
        0.9006322026252747,
        0.9008544683456421,
        0.9041697382926941,
        0.9044040441513062,
        0.9061818718910217,
        0.8995271325111389,
        0.9039777517318726,
        0.9016450643539429,
        0.9109771847724915,
        0.9013790488243103,
        0.9055484533309937,
        0.906517505645752,
        0.904772937297821,
        0.9070118069648743,
        0.8897173404693604,
        0.8912835121154785,
        0.9119083881378174,
        0.9202714562416077,
        0.9215624928474426,
        0.9141095280647278,
        0.9185283780097961,
        0.9136378765106201,
        0.9156137108802795,
        0.9132901430130005,
        0.9170211553573608,
        0.9163227677345276,
        0.9168019890785217,
        0.9094276428222656,
        0.9231331944465637
    ]
}