{
    "loss": [
        0.4089754521846771,
        0.3351062536239624,
        0.2927955090999603,
        0.28567954897880554,
        0.2859261631965637,
        0.2849029302597046,
        0.2865435481071472,
        0.28135302662849426,
        2.7708890438079834,
        0.300294429063797,
        0.2768091559410095,
        0.27718469500541687,
        0.26913368701934814,
        0.25586992502212524,
        0.2502007484436035,
        0.2595706582069397,
        0.295947790145874,
        0.26477497816085815,
        0.26779425144195557,
        0.2616352438926697,
        0.2654586732387543,
        0.26242172718048096,
        0.2595374286174774,
        0.2630242705345154,
        0.26607948541641235,
        0.26158928871154785,
        0.2677273750305176,
        0.2671879827976227
    ],
    "binary_accuracy": [
        0.8542960286140442,
        0.9024022817611694,
        0.9044541120529175,
        0.9087169170379639,
        0.9095195531845093,
        0.9100925326347351,
        0.909828245639801,
        0.9114561676979065,
        0.7714484333992004,
        0.9103109836578369,
        0.9124556183815002,
        0.9131904244422913,
        0.9131284952163696,
        0.916007936000824,
        0.9183684587478638,
        0.9174857139587402,
        0.9124056696891785,
        0.9187326431274414,
        0.9176183938980103,
        0.9190390706062317,
        0.9171621203422546,
        0.9189764857292175,
        0.9201142191886902,
        0.9178778529167175,
        0.9164605140686035,
        0.9188098311424255,
        0.9162614345550537,
        0.9162827134132385
    ],
    "val_loss": [
        0.28459426760673523,
        0.28495943546295166,
        0.2857833206653595,
        0.2647789418697357,
        0.2783997654914856,
        0.2620583474636078,
        0.2781471610069275,
        0.2819766700267792,
        0.2720802128314972,
        0.25696924328804016,
        0.2604174017906189,
        0.2813934087753296,
        0.2703152000904083,
        0.24318157136440277,
        0.23948152363300323,
        0.24126866459846497,
        0.24986456334590912,
        0.23794357478618622,
        0.25708505511283875,
        0.2706325352191925,
        0.28139182925224304,
        0.26139646768569946,
        0.24136926233768463,
        0.3046915829181671,
        0.23927448689937592,
        0.2451903223991394,
        0.24255402386188507,
        0.29657667875289917
    ],
    "val_binary_accuracy": [
        0.8987153172492981,
        0.9115455746650696,
        0.9136529564857483,
        0.9192116856575012,
        0.9044645428657532,
        0.9246373772621155,
        0.9055091738700867,
        0.8964673280715942,
        0.9167475700378418,
        0.9177362322807312,
        0.9235852360725403,
        0.9158571362495422,
        0.9079627394676208,
        0.9264560341835022,
        0.9199328422546387,
        0.9270577430725098,
        0.9247432351112366,
        0.9256593585014343,
        0.9266178011894226,
        0.91120845079422,
        0.9180234670639038,
        0.9237998723983765,
        0.9258967041969299,
        0.9053125977516174,
        0.9238618612289429,
        0.9215549230575562,
        0.9244937896728516,
        0.9030434489250183
    ]
}