{
    "loss": [
        0.4874444901943207,
        0.2999051511287689,
        0.32898634672164917,
        0.33030039072036743,
        0.29783597588539124,
        0.3076377213001251,
        0.28276628255844116,
        0.27141836285591125,
        0.26871728897094727,
        0.2693871557712555,
        0.27571287751197815,
        0.27783071994781494,
        0.271992951631546,
        0.27102330327033997,
        0.26806482672691345,
        0.270192414522171,
        0.27287933230400085,
        0.36323314905166626,
        0.2637256979942322,
        0.2561018168926239,
        0.26170122623443604,
        0.2593964636325836,
        0.2592658996582031,
        0.2544771432876587,
        0.25443488359451294,
        0.26228129863739014,
        0.26844364404678345,
        0.2649601101875305,
        0.2684154808521271
    ],
    "binary_accuracy": [
        0.8361725211143494,
        0.8980413675308228,
        0.9037860631942749,
        0.8938538432121277,
        0.9037793278694153,
        0.9064891338348389,
        0.9102017283439636,
        0.9115948677062988,
        0.9122953414916992,
        0.9126718640327454,
        0.910733699798584,
        0.9107184410095215,
        0.9143546223640442,
        0.9149365425109863,
        0.9164858460426331,
        0.9159643054008484,
        0.9146289825439453,
        0.910538375377655,
        0.9160590171813965,
        0.915979266166687,
        0.9141659736633301,
        0.9153085947036743,
        0.9170886874198914,
        0.9168616533279419,
        0.9188966751098633,
        0.9164512157440186,
        0.9148679375648499,
        0.9172992706298828,
        0.9152657389640808
    ],
    "val_loss": [
        0.3013305068016052,
        0.28345370292663574,
        0.26664578914642334,
        0.29784777760505676,
        0.2851707339286804,
        0.2816547453403473,
        0.2649424970149994,
        0.24215517938137054,
        0.24072492122650146,
        0.25945544242858887,
        0.24316497147083282,
        0.26458096504211426,
        0.25675585865974426,
        0.24006012082099915,
        0.2472202032804489,
        0.2546193301677704,
        0.2634276747703552,
        0.2440432459115982,
        0.22515587508678436,
        0.28390413522720337,
        0.2513737976551056,
        0.24613937735557556,
        0.23971374332904816,
        0.2725564241409302,
        0.24984660744667053,
        0.30859002470970154,
        0.26378312706947327,
        0.23730944097042084,
        0.22959443926811218
    ],
    "val_binary_accuracy": [
        0.8912880420684814,
        0.8984341025352478,
        0.9167717099189758,
        0.8981136083602905,
        0.9131389856338501,
        0.9194566011428833,
        0.9159780740737915,
        0.9199630618095398,
        0.9184663891792297,
        0.9140430092811584,
        0.9209139347076416,
        0.9160657525062561,
        0.9157029390335083,
        0.9237651228904724,
        0.9192253351211548,
        0.9153068661689758,
        0.9224574565887451,
        0.9209789633750916,
        0.9257788062095642,
        0.895693302154541,
        0.9173129200935364,
        0.9206221699714661,
        0.9260252118110657,
        0.9000275135040283,
        0.9215261936187744,
        0.9163439273834229,
        0.9046489596366882,
        0.9233251810073853,
        0.9283789992332458
    ]
}