{
    "loss": [
        0.6226279139518738,
        0.4271145462989807,
        0.436261922121048,
        0.3619665503501892,
        0.3640488088130951,
        0.39508840441703796,
        0.3546832799911499,
        0.41208237409591675,
        0.3450530171394348,
        0.38663676381111145,
        0.3412282168865204,
        0.3523481786251068,
        0.373313844203949,
        0.3463650941848755,
        0.3702005445957184,
        0.34515368938446045,
        0.36054009199142456,
        0.34495821595191956,
        0.35147184133529663,
        0.3408485949039459,
        0.34308183193206787,
        0.3546755015850067,
        0.34051892161369324,
        0.34037670493125916,
        0.3663244843482971,
        0.34412455558776855,
        0.3388822078704834,
        0.3517681360244751,
        0.3494463562965393,
        0.3514501750469208,
        0.35342836380004883,
        0.3511107265949249,
        0.3551463484764099
    ],
    "binary_accuracy": [
        0.7688590288162231,
        0.8443623185157776,
        0.8517226576805115,
        0.86370450258255,
        0.8634006381034851,
        0.8631110191345215,
        0.8659997582435608,
        0.8624671697616577,
        0.8718551397323608,
        0.8566229939460754,
        0.8742674589157104,
        0.8701406717300415,
        0.8621335625648499,
        0.8726708292961121,
        0.8624172210693359,
        0.8728769421577454,
        0.8663803935050964,
        0.8738294243812561,
        0.869316816329956,
        0.8762473464012146,
        0.8754652142524719,
        0.8699952960014343,
        0.8765023350715637,
        0.8771744966506958,
        0.8679904341697693,
        0.875130832195282,
        0.8764650821685791,
        0.8707751631736755,
        0.8749533891677856,
        0.8736147284507751,
        0.8733425736427307,
        0.8737738728523254,
        0.8746529221534729
    ],
    "val_loss": [
        0.40161892771720886,
        0.35456424951553345,
        0.33532047271728516,
        0.32751020789146423,
        0.3222401738166809,
        0.33469173312187195,
        0.31801366806030273,
        0.3703673779964447,
        0.33471304178237915,
        0.31976383924484253,
        0.3101149797439575,
        0.3540315628051758,
        0.3175916373729706,
        0.34437698125839233,
        0.35889533162117004,
        0.34700217843055725,
        0.3333631157875061,
        0.30879855155944824,
        0.30374932289123535,
        0.3051263093948364,
        0.30695635080337524,
        0.32780757546424866,
        0.2997477054595947,
        0.3074810206890106,
        0.39181697368621826,
        0.348236620426178,
        0.3412821590900421,
        0.318376749753952,
        0.3046475648880005,
        0.32237792015075684,
        0.32768040895462036,
        0.31843188405036926,
        0.344718337059021
    ],
    "val_binary_accuracy": [
        0.83403480052948,
        0.8669336438179016,
        0.8735793232917786,
        0.8807677030563354,
        0.8845698237419128,
        0.8725981712341309,
        0.8862417936325073,
        0.860050618648529,
        0.8756458759307861,
        0.8855206966400146,
        0.8920801877975464,
        0.8751590847969055,
        0.8838773965835571,
        0.878596842288971,
        0.8668731451034546,
        0.8807132840156555,
        0.8913001418113708,
        0.8913636207580566,
        0.8961120843887329,
        0.8924566507339478,
        0.8908601999282837,
        0.8778712153434753,
        0.8953622579574585,
        0.8930960893630981,
        0.8563559055328369,
        0.8761991858482361,
        0.8735899329185486,
        0.8859545588493347,
        0.890727162361145,
        0.8915526270866394,
        0.8866061568260193,
        0.8849764466285706,
        0.8843566179275513
    ]
}