{
    "loss": [
        0.5127427577972412,
        2.741020917892456,
        0.36605939269065857,
        0.319447785615921,
        0.3152005970478058,
        0.30867302417755127,
        0.2940833866596222,
        0.28572583198547363,
        0.28204724192619324,
        0.2753499448299408,
        0.2758170962333679,
        0.27467048168182373,
        0.2731899321079254,
        0.27451565861701965,
        0.2791178226470947,
        0.28753918409347534,
        0.2872541844844818,
        0.28220272064208984,
        0.28194132447242737,
        0.2843600809574127,
        0.28153643012046814,
        0.27973121404647827,
        0.2785213887691498,
        0.2789815664291382,
        0.2790335416793823,
        0.2778116464614868,
        0.2803589403629303,
        0.2784082591533661,
        0.2744311988353729,
        0.2770410180091858,
        0.27180570363998413,
        0.2744888961315155
    ],
    "binary_accuracy": [
        0.7768847942352295,
        0.7338675260543823,
        0.8640038371086121,
        0.8806067705154419,
        0.8868398070335388,
        0.8899011611938477,
        0.8964361548423767,
        0.901702880859375,
        0.903968334197998,
        0.9075299501419067,
        0.9079575538635254,
        0.9089756608009338,
        0.9105055928230286,
        0.9105249643325806,
        0.910518229007721,
        0.9096265435218811,
        0.9089831113815308,
        0.9108403325080872,
        0.9110066294670105,
        0.9097145199775696,
        0.910453736782074,
        0.9110051393508911,
        0.9111076593399048,
        0.9114438891410828,
        0.9112496376037598,
        0.9118475914001465,
        0.9096369743347168,
        0.9104142189025879,
        0.9127609729766846,
        0.9124955534934998,
        0.9157828092575073,
        0.9136694669723511
    ],
    "val_loss": [
        0.36743810772895813,
        0.341878741979599,
        0.3144527077674866,
        0.2986740469932556,
        0.3184862732887268,
        0.3290608525276184,
        0.2709236741065979,
        0.2802412211894989,
        0.3112080991268158,
        0.26680269837379456,
        0.2622825801372528,
        0.2660779654979706,
        0.2528535723686218,
        0.25709694623947144,
        0.3153459429740906,
        0.2549814283847809,
        0.26123955845832825,
        0.3453092575073242,
        0.25330057740211487,
        0.28511500358581543,
        0.2616043984889984,
        0.2452489286661148,
        0.30752015113830566,
        0.26361364126205444,
        0.25300833582878113,
        0.2806987166404724,
        0.26186975836753845,
        0.2475348711013794,
        0.3019914925098419,
        0.25685039162635803,
        0.27688124775886536,
        0.2791224420070648
    ],
    "val_binary_accuracy": [
        0.8443011045455933,
        0.8685587644577026,
        0.8791214227676392,
        0.8890324831008911,
        0.8810881972312927,
        0.8824805617332458,
        0.9039006233215332,
        0.9055408835411072,
        0.894855797290802,
        0.9112613797187805,
        0.9090481400489807,
        0.9084132313728333,
        0.9150876402854919,
        0.9171194434165955,
        0.8979186415672302,
        0.916808009147644,
        0.9182124137878418,
        0.8962435722351074,
        0.919485330581665,
        0.9066656231880188,
        0.9123664498329163,
        0.9242821335792542,
        0.907240092754364,
        0.9161791205406189,
        0.9145932793617249,
        0.9161428213119507,
        0.9147323966026306,
        0.9189788699150085,
        0.8865501880645752,
        0.919834554195404,
        0.9118539690971375,
        0.9141594171524048
    ]
}