{
    "loss": [
        0.6648773550987244,
        0.5931971669197083,
        0.492809534072876,
        0.4576292335987091,
        0.43270349502563477,
        0.4172521233558655,
        0.4020287096500397,
        0.39270228147506714,
        0.38255810737609863,
        0.37555280327796936,
        0.37663769721984863,
        0.6443794369697571,
        0.40437859296798706,
        0.8668577075004578,
        0.37677648663520813,
        0.37093234062194824,
        0.37149515748023987,
        0.3771040439605713,
        0.37495043873786926,
        0.41082385182380676,
        0.35886505246162415,
        0.35961225628852844,
        0.3588971793651581,
        0.35810837149620056,
        0.3582608997821808,
        0.3569779098033905,
        0.38448983430862427,
        0.3496878743171692,
        0.3502901792526245,
        0.3410699665546417,
        0.3342225253582001,
        0.34034809470176697,
        0.35195866227149963,
        0.331652969121933,
        0.3362513482570648
    ],
    "binary_accuracy": [
        0.4989531934261322,
        0.7275834083557129,
        0.7924588322639465,
        0.8114603161811829,
        0.8229485154151917,
        0.8337620496749878,
        0.8426791429519653,
        0.8480413556098938,
        0.8542281985282898,
        0.8576958775520325,
        0.8566744327545166,
        0.8436532616615295,
        0.8649943470954895,
        0.8320114016532898,
        0.8601667284965515,
        0.8637548089027405,
        0.8650990724563599,
        0.8602666258811951,
        0.8627956509590149,
        0.8604134917259216,
        0.8666998744010925,
        0.8666453957557678,
        0.8673779368400574,
        0.8685294985771179,
        0.8686950206756592,
        0.8681936264038086,
        0.8685075044631958,
        0.8708024024963379,
        0.8705750107765198,
        0.8677179217338562,
        0.8715323209762573,
        0.8705563545227051,
        0.8726574182510376,
        0.8778976798057556,
        0.8759662508964539
    ],
    "val_loss": [
        0.5737994313240051,
        0.4918580651283264,
        0.4631074070930481,
        0.40545305609703064,
        0.37953445315361023,
        0.388976126909256,
        0.3657459318637848,
        0.3617846369743347,
        0.340688019990921,
        0.3639511466026306,
        0.3308294713497162,
        0.32750388979911804,
        0.3249286413192749,
        0.328108549118042,
        0.3561108708381653,
        0.354855477809906,
        0.33216696977615356,
        0.3898777365684509,
        0.32017752528190613,
        0.37695643305778503,
        0.32141444087028503,
        0.3152729272842407,
        0.3538075387477875,
        0.31823620200157166,
        0.35061225295066833,
        0.32072436809539795,
        0.3150710463523865,
        0.3205084502696991,
        0.3117070198059082,
        0.3120848536491394,
        0.3150779902935028,
        0.35409286618232727,
        0.35946545004844666,
        0.2924994230270386,
        0.2898816466331482
    ],
    "val_binary_accuracy": [
        0.5,
        0.7830795049667358,
        0.8095927238464355,
        0.8388316035270691,
        0.8674173951148987,
        0.854296863079071,
        0.8573868870735168,
        0.871951162815094,
        0.8721386194229126,
        0.8621171712875366,
        0.8810942769050598,
        0.8853302001953125,
        0.883209228515625,
        0.8872108459472656,
        0.8660492897033691,
        0.8615366816520691,
        0.8815674781799316,
        0.8626372218132019,
        0.8876341581344604,
        0.8476179242134094,
        0.8812257647514343,
        0.8870702385902405,
        0.8746360540390015,
        0.8907332420349121,
        0.877754807472229,
        0.8866363763809204,
        0.8851019144058228,
        0.8827481269836426,
        0.886724054813385,
        0.8832167983055115,
        0.8756383657455444,
        0.8757607936859131,
        0.8754100799560547,
        0.8910975456237793,
        0.8931323885917664
    ]
}