{
    "loss": [
        0.4138135612010956,
        7.577898979187012,
        7.712475776672363,
        7.712472915649414,
        7.712469100952148,
        1.7691950798034668,
        0.3222799599170685,
        0.311858206987381,
        0.28670287132263184,
        0.3011205494403839,
        0.2955126464366913,
        0.622971773147583,
        0.38916200399398804,
        0.2899184226989746,
        0.2838149666786194,
        0.2918824851512909,
        0.2912851870059967,
        0.2869653105735779,
        0.2887841761112213,
        0.28543898463249207,
        0.2852165997028351,
        0.2815221846103668,
        0.27648115158081055,
        0.28657132387161255,
        0.2780221998691559
    ],
    "binary_accuracy": [
        0.8285496830940247,
        0.5068283677101135,
        0.5,
        0.5,
        0.5,
        0.7838459014892578,
        0.8910381197929382,
        0.8965162634849548,
        0.9040048718452454,
        0.8964980244636536,
        0.8971171975135803,
        0.8783100247383118,
        0.8944115042686462,
        0.9031955599784851,
        0.9055989384651184,
        0.9030553698539734,
        0.9053264260292053,
        0.9078580141067505,
        0.9046762585639954,
        0.9049506187438965,
        0.9074576497077942,
        0.9068723917007446,
        0.9072656631469727,
        0.9029435515403748,
        0.908132791519165
    ],
    "val_loss": [
        0.33915629982948303,
        7.712474346160889,
        7.712474346160889,
        7.712474346160889,
        7.712474346160889,
        0.3672596514225006,
        0.2959306836128235,
        0.3155675530433655,
        0.2712114751338959,
        0.2632080912590027,
        0.26477599143981934,
        0.2885538339614868,
        0.2661583125591278,
        0.2634328007698059,
        0.25625303387641907,
        0.2606641352176666,
        0.269120454788208,
        0.31960809230804443,
        0.29479971528053284,
        0.262776643037796,
        0.26177215576171875,
        0.3106364607810974,
        0.2633715569972992,
        0.2682545483112335,
        0.3279571533203125
    ],
    "val_binary_accuracy": [
        0.8863672614097595,
        0.5,
        0.5,
        0.5,
        0.5,
        0.858529806137085,
        0.8980531692504883,
        0.8957220315933228,
        0.9086082577705383,
        0.9123135805130005,
        0.9115304946899414,
        0.9017660617828369,
        0.9119310975074768,
        0.9104843139648438,
        0.910570502281189,
        0.9134005308151245,
        0.909268856048584,
        0.8791168928146362,
        0.9040926098823547,
        0.9124254584312439,
        0.9152342677116394,
        0.8818274736404419,
        0.9091176986694336,
        0.9118237495422363,
        0.8973985910415649
    ]
}