{
    "loss": [
        0.6457199454307556,
        0.5533447861671448,
        0.5246652960777283,
        0.5078627467155457,
        0.4855915904045105,
        0.469702810049057,
        0.4581664204597473,
        0.44935503602027893,
        0.44219154119491577,
        0.4278412163257599,
        0.41490188241004944,
        0.4094993770122528,
        0.40120363235473633,
        0.3941900432109833,
        0.4300658404827118,
        0.4211631119251251,
        0.38022318482398987,
        0.37743937969207764,
        0.3698020577430725,
        0.3859785795211792,
        0.37831777334213257,
        0.35051098465919495,
        0.34941449761390686,
        0.3525688350200653,
        0.3500629663467407,
        0.3653567433357239,
        0.34556373953819275,
        0.344639390707016,
        0.3459393382072449,
        0.343534380197525,
        0.3404962122440338,
        0.340072900056839,
        0.3557873070240021,
        0.3364730477333069,
        0.33442023396492004
    ],
    "binary_accuracy": [
        0.6095340847969055,
        0.7178536057472229,
        0.7280352711677551,
        0.7430228590965271,
        0.7626312375068665,
        0.777950644493103,
        0.7889549732208252,
        0.7975149750709534,
        0.805145263671875,
        0.8202484250068665,
        0.8298026323318481,
        0.8348621129989624,
        0.8410504460334778,
        0.8455294966697693,
        0.8483239412307739,
        0.8505170345306396,
        0.8536089658737183,
        0.8558975458145142,
        0.8614334464073181,
        0.866771399974823,
        0.8680064678192139,
        0.8716676235198975,
        0.8732329607009888,
        0.8715184926986694,
        0.8720672726631165,
        0.8708773255348206,
        0.8738514184951782,
        0.8755218982696533,
        0.8748620748519897,
        0.8757157325744629,
        0.876685380935669,
        0.8766160607337952,
        0.8714845776557922,
        0.8783950209617615,
        0.8794324398040771
    ],
    "val_loss": [
        0.5701063871383667,
        0.5272470712661743,
        0.5068117380142212,
        0.4835735857486725,
        0.4698966145515442,
        0.45012935996055603,
        0.4492884874343872,
        0.43428298830986023,
        0.44942307472229004,
        0.40334028005599976,
        0.39763638377189636,
        0.388031542301178,
        0.38883495330810547,
        0.36504998803138733,
        0.36409375071525574,
        0.3564191460609436,
        0.36599934101104736,
        0.3512153923511505,
        0.3476638197898865,
        0.3849206864833832,
        0.32791170477867126,
        0.33299314975738525,
        0.34543105959892273,
        0.3332797586917877,
        0.3237563371658325,
        0.3220457434654236,
        0.32856273651123047,
        0.34230971336364746,
        0.32258597016334534,
        0.32019945979118347,
        0.33074939250946045,
        0.3219358026981354,
        0.311999648809433,
        0.3059323728084564,
        0.30583900213241577
    ],
    "val_binary_accuracy": [
        0.7153180241584778,
        0.7437193989753723,
        0.734922468662262,
        0.770671010017395,
        0.7776946425437927,
        0.8018358945846558,
        0.7852745652198792,
        0.8028215169906616,
        0.7971252202987671,
        0.8305879831314087,
        0.8367952704429626,
        0.843941330909729,
        0.8433955907821655,
        0.8685603141784668,
        0.8651361465454102,
        0.8677197694778442,
        0.8535334467887878,
        0.876179575920105,
        0.8715354204177856,
        0.8464478254318237,
        0.8835342526435852,
        0.8841087222099304,
        0.8780888915061951,
        0.8804986476898193,
        0.8859152793884277,
        0.8834828734397888,
        0.8792378306388855,
        0.8828963041305542,
        0.8929116725921631,
        0.8814178109169006,
        0.8782415986061096,
        0.8771440386772156,
        0.8885563015937805,
        0.8951808214187622,
        0.895708441734314
    ]
}