{
    "loss": [
        0.5366337299346924,
        0.5483018755912781,
        1.1126759052276611,
        0.3567522466182709,
        0.34238892793655396,
        0.3292810916900635,
        0.3206356465816498,
        0.3252512514591217,
        0.297742635011673,
        0.33897581696510315,
        0.2926085591316223,
        0.2894895076751709,
        0.2883854806423187,
        0.2849922776222229,
        0.28242406249046326,
        0.28181126713752747,
        0.27819183468818665,
        0.2772951126098633,
        0.27664288878440857,
        0.2776159346103668,
        0.27304792404174805,
        0.27238717675209045,
        0.2717939615249634,
        0.2769831717014313,
        0.2683626711368561,
        0.26053690910339355,
        0.26693496108055115,
        0.26375463604927063,
        0.2618478834629059,
        0.26286187767982483,
        0.2618715167045593,
        0.2588423788547516,
        0.2602813243865967,
        0.2599962651729584,
        0.2580731511116028
    ],
    "binary_accuracy": [
        0.730484127998352,
        0.8185145854949951,
        0.8092145919799805,
        0.8609849810600281,
        0.8691736459732056,
        0.8786950707435608,
        0.8834835886955261,
        0.8873106241226196,
        0.8968618512153625,
        0.8965576887130737,
        0.8998523950576782,
        0.9019001126289368,
        0.90342777967453,
        0.9051511883735657,
        0.9078971743583679,
        0.908542811870575,
        0.9087519645690918,
        0.9079527258872986,
        0.9080466628074646,
        0.9087586998939514,
        0.9104984998703003,
        0.9112045764923096,
        0.9116250872612,
        0.9095650315284729,
        0.9129425287246704,
        0.9160120487213135,
        0.9130234122276306,
        0.9145368933677673,
        0.9156128168106079,
        0.9151315093040466,
        0.9156224727630615,
        0.9167672991752625,
        0.915972888469696,
        0.9173820614814758,
        0.9188385605812073
    ],
    "val_loss": [
        0.4325544238090515,
        0.3698691725730896,
        0.34386005997657776,
        0.3236696124076843,
        0.3272107243537903,
        0.3065619468688965,
        0.30466708540916443,
        0.2913188934326172,
        0.277042418718338,
        0.2792685925960541,
        0.3032059967517853,
        0.26907652616500854,
        0.2851737439632416,
        0.25598758459091187,
        0.27729475498199463,
        0.25749796628952026,
        0.25808170437812805,
        0.25831130146980286,
        0.2625819146633148,
        0.2522577941417694,
        0.25837936997413635,
        0.2593810260295868,
        0.2759421765804291,
        0.2836761474609375,
        0.2450515180826187,
        0.24724005162715912,
        0.2549547255039215,
        0.2440004050731659,
        0.2532574236392975,
        0.2591944932937622,
        0.2527497112751007,
        0.25595930218696594,
        0.24432304501533508,
        0.2634458541870117,
        0.24981622397899628
    ],
    "val_binary_accuracy": [
        0.8059266805648804,
        0.8501259088516235,
        0.8664030432701111,
        0.8749081492424011,
        0.8744410276412964,
        0.8874028325080872,
        0.897468090057373,
        0.9040669202804565,
        0.9064705967903137,
        0.9059520959854126,
        0.8953984975814819,
        0.9047487378120422,
        0.9034395217895508,
        0.9136454463005066,
        0.9044221639633179,
        0.9119325876235962,
        0.9106037616729736,
        0.9173340797424316,
        0.9187884330749512,
        0.9169002175331116,
        0.9203576445579529,
        0.9174580574035645,
        0.9150392413139343,
        0.9028318524360657,
        0.922511875629425,
        0.9220190644264221,
        0.9200129508972168,
        0.9225391149520874,
        0.9193280935287476,
        0.9179433584213257,
        0.9210424423217773,
        0.9199448823928833,
        0.9209471940994263,
        0.9197725653648376,
        0.9245421886444092
    ]
}