{
    "loss": [
        0.5023171901702881,
        0.39893633127212524,
        0.359539270401001,
        0.3550802767276764,
        0.3037073612213135,
        0.2979964315891266,
        0.2924892008304596,
        0.29493680596351624,
        0.28837284445762634,
        0.2850126326084137,
        0.2863972783088684,
        0.28386205434799194,
        0.27838847041130066,
        0.27900946140289307,
        0.2750053405761719,
        0.2772160470485687,
        0.2757737636566162,
        0.273592472076416,
        0.27157485485076904,
        0.27123141288757324,
        0.2678617835044861,
        0.2707015872001648,
        0.26791027188301086,
        0.26624608039855957,
        0.2649010717868805,
        0.2731345295906067,
        0.275395005941391,
        0.27805933356285095,
        0.2751489281654358,
        0.2757686972618103
    ],
    "binary_accuracy": [
        0.7508991956710815,
        0.8615661859512329,
        0.8856964707374573,
        0.881700873374939,
        0.8947365880012512,
        0.8971574902534485,
        0.9006814360618591,
        0.9002411961555481,
        0.9041752219200134,
        0.9043418765068054,
        0.9054516553878784,
        0.9055735468864441,
        0.9079788327217102,
        0.9074930548667908,
        0.9092940092086792,
        0.9086688160896301,
        0.909529983997345,
        0.9107035398483276,
        0.911888599395752,
        0.9118692278862,
        0.9131360054016113,
        0.9119117259979248,
        0.9127687811851501,
        0.9139248132705688,
        0.9148034453392029,
        0.9131314754486084,
        0.9139598608016968,
        0.91302490234375,
        0.9146797060966492,
        0.9146901369094849
    ],
    "val_loss": [
        0.38061678409576416,
        0.3214379847049713,
        6.356324672698975,
        0.30661696195602417,
        0.28973791003227234,
        0.27468812465667725,
        0.2928119897842407,
        0.2811185419559479,
        0.2771628499031067,
        0.30553773045539856,
        0.26234957575798035,
        0.29529035091400146,
        0.26258522272109985,
        0.27476245164871216,
        0.2605680823326111,
        0.25346291065216064,
        0.29538217186927795,
        0.2512514889240265,
        0.2537136673927307,
        0.24588826298713684,
        0.25356167554855347,
        0.25008371472358704,
        0.2750416696071625,
        0.2573430836200714,
        0.2590595483779907,
        0.25827205181121826,
        0.2563939392566681,
        0.2649070620536804,
        0.2904782295227051,
        0.28024721145629883
    ],
    "val_binary_accuracy": [
        0.8423086404800415,
        0.876164436340332,
        0.5,
        0.8936660289764404,
        0.9047805070877075,
        0.9020985960960388,
        0.8998748064041138,
        0.9105886220932007,
        0.9050994515419006,
        0.8990252017974854,
        0.9101729393005371,
        0.9023616909980774,
        0.90967857837677,
        0.9091932773590088,
        0.917450487613678,
        0.917426347732544,
        0.8949661254882812,
        0.9170181751251221,
        0.9142395257949829,
        0.9211981296539307,
        0.9185706973075867,
        0.9192313551902771,
        0.9057615995407104,
        0.9096468091011047,
        0.9146552681922913,
        0.9104238748550415,
        0.9134201407432556,
        0.9097768068313599,
        0.918198823928833,
        0.9236230254173279
    ]
}