{
    "loss": [
        0.5488870143890381,
        0.42409709095954895,
        0.35104575753211975,
        0.3411734700202942,
        0.49141278862953186,
        0.6965524554252625,
        0.6931508183479309,
        0.6931483149528503,
        0.6931484937667847,
        0.6931475400924683,
        0.6931486129760742,
        0.6931484341621399,
        0.693146824836731,
        0.6931488513946533
    ],
    "binary_accuracy": [
        0.768341600894928,
        0.8691121935844421,
        0.8765340447425842,
        0.8840476274490356,
        0.7554628849029541,
        0.49998733401298523,
        0.4999798834323883,
        0.49999290704727173,
        0.49999403953552246,
        0.5000003576278687,
        0.4999981224536896,
        0.4999910593032837,
        0.5000007748603821,
        0.49999552965164185
    ],
    "val_loss": [
        0.4137077331542969,
        0.4069090783596039,
        0.31916943192481995,
        0.3013854920864105,
        0.7254161834716797,
        0.6931471228599548,
        0.6931471228599548,
        0.6931471228599548,
        0.6931471228599548,
        0.6931471228599548,
        0.6931471228599548,
        0.6931471228599548,
        0.6931471228599548,
        0.6931471228599548
    ],
    "val_binary_accuracy": [
        0.8551041483879089,
        0.8508122563362122,
        0.887262225151062,
        0.8994288444519043,
        0.5,
        0.5,
        0.5,
        0.5,
        0.5,
        0.5,
        0.5,
        0.5,
        0.5,
        0.5
    ]
}