{
    "loss": [
        0.5339056849479675,
        0.45758557319641113,
        0.38531631231307983,
        0.3497876822948456,
        0.3143797218799591,
        0.3033234775066376,
        0.2942327558994293,
        0.2912443280220032,
        0.28924471139907837,
        0.3356482982635498,
        0.28765618801116943,
        0.31639260053634644,
        0.32679882645606995,
        0.29524093866348267,
        0.29143622517585754,
        0.2913218140602112,
        0.2923065423965454,
        0.28746601939201355,
        0.29105469584465027,
        0.2851441204547882,
        0.28293153643608093,
        0.2787392735481262,
        0.27916744351387024,
        0.2831001877784729,
        0.2700505554676056,
        0.2647384703159332,
        0.26264581084251404,
        0.26521021127700806,
        0.26175811886787415,
        0.26116397976875305,
        0.26049506664276123,
        0.25884851813316345,
        0.26009202003479004,
        0.2595650553703308,
        0.2587585747241974
    ],
    "binary_accuracy": [
        0.7276501655578613,
        0.842666506767273,
        0.8699539303779602,
        0.8787181973457336,
        0.8870019316673279,
        0.8928782343864441,
        0.8996201157569885,
        0.9011425971984863,
        0.9024130702018738,
        0.8994009494781494,
        0.9030952453613281,
        0.8970687389373779,
        0.9023962616920471,
        0.9052085876464844,
        0.907163143157959,
        0.908190906047821,
        0.9062733054161072,
        0.9095292687416077,
        0.9082289338111877,
        0.9107002019882202,
        0.9113141298294067,
        0.9111393094062805,
        0.9114830493927002,
        0.9103225469589233,
        0.9116888046264648,
        0.913595974445343,
        0.9142208099365234,
        0.9134371876716614,
        0.9146364331245422,
        0.9147300124168396,
        0.9155002236366272,
        0.9160768985748291,
        0.9150845408439636,
        0.9158625602722168,
        0.9162495136260986
    ],
    "val_loss": [
        0.4043654203414917,
        0.3390047550201416,
        0.3134768307209015,
        0.2968716025352478,
        0.2970506250858307,
        0.30497968196868896,
        0.2720927298069,
        0.27322888374328613,
        0.2792077362537384,
        0.2886214852333069,
        0.2697407603263855,
        0.280893474817276,
        0.2712095081806183,
        0.26065966486930847,
        0.27007484436035156,
        0.2805638313293457,
        0.2669161558151245,
        0.26528599858283997,
        0.27998682856559753,
        0.27030545473098755,
        0.27469614148139954,
        0.24897271394729614,
        0.2716456949710846,
        0.2755792438983917,
        0.26070576906204224,
        0.24791528284549713,
        0.24662815034389496,
        0.2474641054868698,
        0.24283231794834137,
        0.24876432120800018,
        0.25222650170326233,
        0.2646310329437256,
        0.2592737376689911,
        0.24732057750225067,
        0.24504666030406952
    ],
    "val_binary_accuracy": [
        0.8398051857948303,
        0.8716185688972473,
        0.8844292163848877,
        0.8900635242462158,
        0.8910235166549683,
        0.8906757831573486,
        0.9050782918930054,
        0.9087322354316711,
        0.9058628678321838,
        0.9038220047950745,
        0.9035015106201172,
        0.9001408815383911,
        0.9138510227203369,
        0.9181731343269348,
        0.9104994535446167,
        0.9097934365272522,
        0.9166008830070496,
        0.9178934693336487,
        0.9172872304916382,
        0.9181308150291443,
        0.9205601811408997,
        0.9181852340698242,
        0.9176878333091736,
        0.9200416803359985,
        0.9173401594161987,
        0.918398380279541,
        0.9201353788375854,
        0.9184044599533081,
        0.920986533164978,
        0.9178163409233093,
        0.9222956895828247,
        0.9131631851196289,
        0.919090747833252,
        0.9236608147621155,
        0.9188352823257446
    ]
}