{
    "loss": [
        0.49632325768470764,
        0.38927438855171204,
        0.33582907915115356,
        0.31423482298851013,
        0.3117714524269104,
        0.30698883533477783,
        0.2971722185611725,
        0.30482760071754456,
        0.28530052304267883,
        0.28213760256767273,
        0.28248006105422974,
        0.2789710760116577,
        0.2799866497516632,
        0.2702805697917938,
        0.26599183678627014,
        0.25906044244766235,
        0.2601076662540436,
        0.2581008970737457,
        0.2592208981513977,
        0.25513988733291626,
        0.2548457384109497,
        0.2589520812034607,
        0.26950886845588684,
        0.2645462155342102,
        0.2586284279823303,
        0.25696268677711487,
        0.256788045167923,
        0.25684842467308044,
        0.25258445739746094,
        0.2512630522251129,
        0.2510680556297302,
        0.2577849328517914,
        0.2589278519153595,
        0.2567576766014099
    ],
    "binary_accuracy": [
        0.7559687495231628,
        0.8504025936126709,
        0.8809527158737183,
        0.8904733657836914,
        0.8901419639587402,
        0.8918970227241516,
        0.8964111804962158,
        0.8962377905845642,
        0.900479793548584,
        0.9027851223945618,
        0.9022102952003479,
        0.9043795466423035,
        0.903324544429779,
        0.9083773493766785,
        0.9107057452201843,
        0.9135527610778809,
        0.9132817387580872,
        0.9138662815093994,
        0.9126923680305481,
        0.9139479398727417,
        0.9141637682914734,
        0.9144899249076843,
        0.9146789312362671,
        0.9156750440597534,
        0.9179863333702087,
        0.9181548357009888,
        0.9183561205863953,
        0.9180396795272827,
        0.9200918674468994,
        0.9203934669494629,
        0.9206334948539734,
        0.9171725511550903,
        0.9161115884780884,
        0.9171252250671387
    ],
    "val_loss": [
        0.41246846318244934,
        0.3399988114833832,
        0.327528715133667,
        0.30481618642807007,
        0.2941986322402954,
        0.29277366399765015,
        0.2853342592716217,
        0.27838557958602905,
        0.2687227725982666,
        0.27205294370651245,
        0.2636471092700958,
        0.2680467963218689,
        0.26118752360343933,
        0.24684208631515503,
        0.24264003336429596,
        0.26114803552627563,
        0.253738135099411,
        0.2428770214319229,
        0.271327942609787,
        0.23832416534423828,
        0.2363283783197403,
        0.2856765389442444,
        0.2504820227622986,
        0.23416535556316376,
        0.26544317603111267,
        0.2778805196285248,
        0.2363685518503189,
        0.25301897525787354,
        0.2375825196504593,
        0.23589539527893066,
        0.25675341486930847,
        0.24073264002799988,
        0.2867177724838257,
        0.2389795482158661
    ],
    "val_binary_accuracy": [
        0.8390613794326782,
        0.8757622838020325,
        0.8888102769851685,
        0.8866726756095886,
        0.9001756906509399,
        0.8917219042778015,
        0.8972080945968628,
        0.8991113901138306,
        0.9071146249771118,
        0.9039807319641113,
        0.9078795909881592,
        0.9015090465545654,
        0.9089393019676208,
        0.9143121242523193,
        0.9172086119651794,
        0.9203697443008423,
        0.9189395904541016,
        0.9213569164276123,
        0.9050676822662354,
        0.9196577072143555,
        0.922062873840332,
        0.9144148826599121,
        0.9210575819015503,
        0.9253448843955994,
        0.9163665771484375,
        0.9129908084869385,
        0.9243849515914917,
        0.9213584065437317,
        0.9222503304481506,
        0.924117386341095,
        0.922551155090332,
        0.9226857423782349,
        0.9147550463676453,
        0.922212541103363
    ]
}