{
    "loss": [
        5.099316120147705,
        7.712473392486572,
        7.71247673034668,
        7.712474822998047,
        7.712474346160889,
        7.712473392486572,
        7.712473392486572,
        7.71247673034668,
        7.712474822998047,
        7.712474822998047,
        7.71247673034668
    ],
    "binary_accuracy": [
        0.6085764169692993,
        0.5,
        0.5,
        0.5,
        0.5,
        0.5,
        0.5,
        0.5,
        0.5,
        0.5,
        0.5
    ],
    "val_loss": [
        7.712474346160889,
        7.712474346160889,
        7.712474346160889,
        7.712474346160889,
        7.712474346160889,
        7.712474346160889,
        7.712474346160889,
        7.712474346160889,
        7.712474346160889,
        7.712474346160889,
        7.712474346160889
    ],
    "val_binary_accuracy": [
        0.5,
        0.5,
        0.5,
        0.5,
        0.5,
        0.5,
        0.5,
        0.5,
        0.5,
        0.5,
        0.5
    ]
}