{
    "loss": [
        0.6007635593414307,
        0.5060874819755554,
        0.44902896881103516,
        0.4156256914138794,
        0.3896887004375458,
        0.3720521330833435,
        0.35743188858032227,
        0.34381818771362305,
        0.3364635705947876,
        0.3313823640346527,
        0.323227196931839,
        0.3186453580856323,
        0.319357693195343,
        0.31369495391845703,
        0.3093392848968506,
        0.3043636679649353,
        0.2995739281177521,
        0.29847022891044617,
        0.2960824966430664,
        0.29276156425476074,
        0.2897413671016693,
        0.2877766191959381,
        0.28743597865104675,
        0.2846881151199341,
        0.28461354970932007,
        0.2820229232311249,
        0.27923545241355896,
        0.2795080840587616,
        0.27160054445266724,
        0.2754991948604584,
        0.27077779173851013,
        0.26983508467674255,
        0.2668897807598114,
        0.26296329498291016,
        0.26289036870002747
    ],
    "binary_accuracy": [
        0.6656004786491394,
        0.7575377821922302,
        0.8105174899101257,
        0.8364923596382141,
        0.8528962135314941,
        0.8615452647209167,
        0.8687143921852112,
        0.8759901523590088,
        0.8790317177772522,
        0.8807290196418762,
        0.8847238421440125,
        0.8870209455490112,
        0.889641284942627,
        0.8913605809211731,
        0.893069863319397,
        0.8948562741279602,
        0.8967764973640442,
        0.8967116475105286,
        0.8980149030685425,
        0.8999302983283997,
        0.9002870321273804,
        0.9020611643791199,
        0.9028633832931519,
        0.904486894607544,
        0.9042725563049316,
        0.905217170715332,
        0.9065316319465637,
        0.9055519700050354,
        0.9092902541160583,
        0.9098986983299255,
        0.9109987616539001,
        0.9116567373275757,
        0.9117532968521118,
        0.9133208990097046,
        0.9130871295928955
    ],
    "val_loss": [
        0.5194798707962036,
        0.4514298141002655,
        0.4033045768737793,
        0.3829934000968933,
        0.3590908944606781,
        0.3398471176624298,
        0.3313881754875183,
        0.32150954008102417,
        0.3118351697921753,
        0.31010517477989197,
        0.30949434638023376,
        0.2950142025947571,
        0.2926810681819916,
        0.36428651213645935,
        0.28192299604415894,
        0.2787425220012665,
        0.2775095999240875,
        0.2841748297214508,
        0.2739824950695038,
        0.33806297183036804,
        0.2693113088607788,
        0.3161787688732147,
        0.2668099105358124,
        0.2602841854095459,
        0.2649116516113281,
        0.3231479227542877,
        0.28648054599761963,
        0.25397607684135437,
        0.2885793447494507,
        0.29069626331329346,
        0.25257009267807007,
        0.25119760632514954,
        0.2626597285270691,
        0.25226864218711853,
        0.2559688091278076
    ],
    "val_binary_accuracy": [
        0.74019855260849,
        0.810431718826294,
        0.8504554629325867,
        0.8635170459747314,
        0.8667174577713013,
        0.8757577538490295,
        0.8848086595535278,
        0.8839802145957947,
        0.8845123648643494,
        0.8832757472991943,
        0.8939759731292725,
        0.8996737599372864,
        0.8928995728492737,
        0.8820965886116028,
        0.9020789861679077,
        0.9003903269767761,
        0.9051720499992371,
        0.8995376825332642,
        0.9028635621070862,
        0.8781781196594238,
        0.9018279910087585,
        0.8967878222465515,
        0.9037479758262634,
        0.9089589715003967,
        0.9073671102523804,
        0.8967258334159851,
        0.9040805101394653,
        0.9107353091239929,
        0.9133279323577881,
        0.9042090177536011,
        0.912067174911499,
        0.9176591634750366,
        0.9174882769584656,
        0.9138237833976746,
        0.9108123779296875
    ]
}