{
    "loss": [
        5.645639419555664,
        7.712474346160889,
        7.712475776672363,
        7.712473392486572,
        7.712474822998047,
        7.712475776672363,
        7.712477207183838,
        7.712474346160889,
        7.71247673034668,
        7.712472915649414,
        7.712471961975098
    ],
    "binary_accuracy": [
        0.5811711549758911,
        0.5,
        0.5,
        0.5,
        0.5,
        0.5,
        0.5,
        0.5,
        0.5,
        0.5,
        0.5
    ],
    "val_loss": [
        7.712474346160889,
        7.712474346160889,
        7.712474346160889,
        7.712474346160889,
        7.712474346160889,
        7.712474346160889,
        7.712474346160889,
        7.712474346160889,
        7.712474346160889,
        7.712474346160889,
        7.712474346160889
    ],
    "val_binary_accuracy": [
        0.5,
        0.5,
        0.5,
        0.5,
        0.5,
        0.5,
        0.5,
        0.5,
        0.5,
        0.5,
        0.5
    ]
}