{
    "loss": [
        0.6539450883865356,
        0.567966639995575,
        0.5263046026229858,
        0.502075731754303,
        0.4829258620738983,
        0.46008074283599854,
        0.4440833330154419,
        0.4668598175048828,
        0.41597533226013184,
        0.403193861246109,
        0.40003663301467896,
        0.3921281695365906,
        0.3815622329711914,
        0.378691166639328,
        0.3689790666103363,
        0.36554616689682007,
        0.36611130833625793,
        0.36224520206451416,
        0.35780414938926697,
        0.3825805187225342,
        0.35086432099342346,
        0.3484814167022705,
        0.3482990264892578,
        0.3456365764141083,
        0.3430146872997284,
        0.34361279010772705,
        0.3415620028972626,
        0.3407782316207886,
        0.3372567296028137,
        0.3429453372955322,
        0.34014657139778137,
        0.33624711632728577,
        0.36034896969795227,
        0.33129751682281494,
        0.33319443464279175
    ],
    "binary_accuracy": [
        0.5474732518196106,
        0.7016574144363403,
        0.7418153882026672,
        0.7603322267532349,
        0.7740240097045898,
        0.7990769743919373,
        0.8097872138023376,
        0.8232542276382446,
        0.8330257534980774,
        0.8427779674530029,
        0.8438732028007507,
        0.8483045697212219,
        0.8557704091072083,
        0.8574005961418152,
        0.8628239631652832,
        0.864410936832428,
        0.8661097288131714,
        0.868911623954773,
        0.8709596991539001,
        0.872848629951477,
        0.8740866780281067,
        0.8758134245872498,
        0.8758406639099121,
        0.8772785067558289,
        0.8792840838432312,
        0.8796755075454712,
        0.8813064694404602,
        0.8813527226448059,
        0.883005678653717,
        0.8806977272033691,
        0.8824986815452576,
        0.8839461803436279,
        0.8791514039039612,
        0.8867819905281067,
        0.8852196335792542
    ],
    "val_loss": [
        0.5960582494735718,
        0.5370304584503174,
        0.5017655491828918,
        0.4743121266365051,
        0.45745334029197693,
        0.4444279968738556,
        0.42067059874534607,
        0.40479880571365356,
        0.3942248225212097,
        0.39472633600234985,
        0.3795968294143677,
        0.37048545479774475,
        0.3520762324333191,
        0.35145774483680725,
        0.3649011552333832,
        0.35424676537513733,
        0.33859241008758545,
        0.32921263575553894,
        0.32152992486953735,
        0.36538875102996826,
        0.3191244602203369,
        0.3256581127643585,
        0.332170307636261,
        0.3156045079231262,
        0.32356905937194824,
        0.32632389664649963,
        0.31641724705696106,
        0.3137813210487366,
        0.3348076045513153,
        0.33162882924079895,
        0.33534908294677734,
        0.3124425411224365,
        0.3470493257045746,
        0.3139294683933258,
        0.31325557827949524
    ],
    "val_binary_accuracy": [
        0.7001581192016602,
        0.7311673164367676,
        0.7733559012413025,
        0.7740724682807922,
        0.7981910109519958,
        0.813143789768219,
        0.834269106388092,
        0.8392685055732727,
        0.8466065526008606,
        0.8557935357093811,
        0.8611693382263184,
        0.8565282225608826,
        0.8740736842155457,
        0.8792181611061096,
        0.8583982586860657,
        0.8683471083641052,
        0.8800466060638428,
        0.8842417597770691,
        0.888175368309021,
        0.8716487884521484,
        0.8954347968101501,
        0.8887800574302673,
        0.8847119212150574,
        0.8898563981056213,
        0.8881345391273499,
        0.890842080116272,
        0.8933425545692444,
        0.892243504524231,
        0.8857852816581726,
        0.8838955760002136,
        0.8860135078430176,
        0.8949389457702637,
        0.8765590190887451,
        0.8898337483406067,
        0.8920605778694153
    ]
}