{
    "loss": [
        0.6180245876312256,
        0.5248888731002808,
        0.48747721314430237,
        0.4577893912792206,
        0.43778154253959656,
        0.420532763004303,
        0.4089106321334839,
        0.39765509963035583,
        0.3855059742927551,
        0.37360647320747375,
        0.3632369935512543,
        0.35636043548583984,
        0.35087260603904724,
        0.34388771653175354,
        0.35503262281417847,
        0.33649832010269165,
        0.3341939151287079,
        0.33196958899497986,
        0.3279755413532257,
        0.3254702687263489,
        0.3234412372112274,
        0.31768912076950073,
        0.31597456336021423,
        0.31442388892173767,
        0.3117528557777405,
        0.3120414614677429,
        0.3103501796722412,
        0.30989158153533936,
        0.31191372871398926,
        0.3075617849826813,
        0.30435439944267273,
        0.30591222643852234,
        0.301291286945343,
        0.301886647939682,
        0.2998709976673126
    ],
    "binary_accuracy": [
        0.6502132415771484,
        0.7370325326919556,
        0.7720460295677185,
        0.7985733151435852,
        0.8128004670143127,
        0.8249258399009705,
        0.8325795531272888,
        0.8397173285484314,
        0.8472853302955627,
        0.8554397225379944,
        0.8616601228713989,
        0.865475594997406,
        0.8684344291687012,
        0.8724892735481262,
        0.8713504076004028,
        0.8766701221466064,
        0.8776546120643616,
        0.8784460425376892,
        0.88124680519104,
        0.882689893245697,
        0.8840349316596985,
        0.8865967392921448,
        0.8874660730361938,
        0.8877997398376465,
        0.8893188238143921,
        0.8893288969993591,
        0.8900278806686401,
        0.8900793194770813,
        0.8891805410385132,
        0.891926109790802,
        0.8934746980667114,
        0.8921251893043518,
        0.895362138748169,
        0.8949998021125793,
        0.8951258063316345
    ],
    "val_loss": [
        0.5407750606536865,
        0.4999321699142456,
        0.4559752643108368,
        0.4327647089958191,
        0.41011953353881836,
        0.392213374376297,
        0.3789840042591095,
        0.37249696254730225,
        0.36262983083724976,
        0.3628648519515991,
        0.3384193778038025,
        0.3318636119365692,
        0.3477633595466614,
        0.31802722811698914,
        0.3180572986602783,
        0.3163081407546997,
        0.3195462226867676,
        0.31044143438339233,
        0.32551413774490356,
        0.30545276403427124,
        0.2933827340602875,
        0.30783969163894653,
        0.29012084007263184,
        0.3054198622703552,
        0.2905173897743225,
        0.28966090083122253,
        0.29409170150756836,
        0.2767985463142395,
        0.287760853767395,
        0.30427804589271545,
        0.28183525800704956,
        0.29502078890800476,
        0.282476544380188,
        0.29284289479255676,
        0.2955857217311859
    ],
    "val_binary_accuracy": [
        0.7310221791267395,
        0.77196204662323,
        0.8042894601821899,
        0.8143002986907959,
        0.8295040726661682,
        0.8452066779136658,
        0.8502362966537476,
        0.8576227426528931,
        0.8625041842460632,
        0.8644800782203674,
        0.8751530647277832,
        0.8770850896835327,
        0.8704560399055481,
        0.8853800892829895,
        0.8804245591163635,
        0.8830671310424805,
        0.8783564567565918,
        0.8850187659263611,
        0.8794101476669312,
        0.8862161040306091,
        0.8935027718544006,
        0.8911519646644592,
        0.8962390422821045,
        0.8979291915893555,
        0.8944355249404907,
        0.893280565738678,
        0.8970977067947388,
        0.9002845287322998,
        0.8949298858642578,
        0.88444584608078,
        0.9033246636390686,
        0.8904581069946289,
        0.9014425277709961,
        0.8937431573867798,
        0.8930673599243164
    ]
}