{
    "loss": [
        0.6389514207839966,
        0.5037392377853394,
        0.4410339891910553,
        0.40311017632484436,
        0.38617876172065735,
        0.37251994013786316,
        0.36050334572792053,
        0.3512283265590668,
        0.3430408537387848,
        0.33742690086364746,
        0.37155261635780334,
        0.3269392251968384,
        0.34519872069358826,
        0.3235488533973694,
        0.32086116075515747,
        0.31880423426628113,
        0.31340938806533813,
        0.32543134689331055,
        0.3128772974014282,
        0.3123520314693451,
        0.3118360936641693,
        0.31085097789764404,
        0.3084700405597687,
        0.30617421865463257,
        0.3105350434780121,
        0.2988762855529785,
        0.2975597679615021,
        0.2974550127983093,
        0.2976570129394531,
        0.2964498996734619,
        0.2960974872112274,
        0.29202190041542053,
        0.29090189933776855,
        0.289896160364151,
        0.29187679290771484
    ],
    "binary_accuracy": [
        0.6173328161239624,
        0.7589659690856934,
        0.8153402805328369,
        0.8436927795410156,
        0.8549305200576782,
        0.8628936409950256,
        0.8686420917510986,
        0.8730212450027466,
        0.8774946928024292,
        0.8800252079963684,
        0.8774958252906799,
        0.8846321105957031,
        0.8810895085334778,
        0.8859984278678894,
        0.8869471549987793,
        0.8882563710212708,
        0.889921247959137,
        0.8868122100830078,
        0.8898608684539795,
        0.8900688886642456,
        0.8905948996543884,
        0.8909565210342407,
        0.8920868039131165,
        0.893473207950592,
        0.8916800618171692,
        0.8967947363853455,
        0.897777795791626,
        0.897760272026062,
        0.8979772329330444,
        0.8984678387641907,
        0.8980849981307983,
        0.9004111886024475,
        0.900984525680542,
        0.9013174176216125,
        0.9007004499435425
    ],
    "val_loss": [
        0.5216847062110901,
        0.45756787061691284,
        0.3921619951725006,
        0.3666408061981201,
        0.35691359639167786,
        0.34564024209976196,
        0.3330749571323395,
        0.32159313559532166,
        0.3368334174156189,
        0.3534613251686096,
        0.3099590837955475,
        0.33407750725746155,
        0.3165677487850189,
        0.3048631548881531,
        0.30414432287216187,
        0.2993180751800537,
        0.2958488464355469,
        0.29499125480651855,
        0.2963167726993561,
        0.29367125034332275,
        0.29250824451446533,
        0.3145715296268463,
        0.2916612923145294,
        0.291848748922348,
        0.29047489166259766,
        0.2858879864215851,
        0.32077836990356445,
        0.28343018889427185,
        0.28267812728881836,
        0.2864258885383606,
        0.2683340311050415,
        0.27325236797332764,
        0.28572216629981995,
        0.28897809982299805,
        0.2757817506790161
    ],
    "val_binary_accuracy": [
        0.739834189414978,
        0.8049002289772034,
        0.8507896065711975,
        0.8703577518463135,
        0.8788704872131348,
        0.8800194263458252,
        0.8839272856712341,
        0.8876734375953674,
        0.8721824884414673,
        0.863181471824646,
        0.8875101804733276,
        0.889162540435791,
        0.8841344118118286,
        0.8946849703788757,
        0.8929404020309448,
        0.8999942541122437,
        0.8924158215522766,
        0.893714427947998,
        0.8995845913887024,
        0.8995255827903748,
        0.8955678343772888,
        0.8810564875602722,
        0.8954362869262695,
        0.8966169953346252,
        0.9045900106430054,
        0.9014152884483337,
        0.8856960535049438,
        0.9050889015197754,
        0.9087896347045898,
        0.8955270051956177,
        0.9080761075019836,
        0.9091433882713318,
        0.8957809805870056,
        0.9041773080825806,
        0.9029860496520996
    ]
}