{
    "loss": [
        0.6393961310386658,
        0.5722056031227112,
        0.5200384855270386,
        0.49653545022010803,
        0.47154000401496887,
        0.4521499574184418,
        0.4399601221084595,
        0.4267416298389435,
        0.4125693440437317,
        0.4055909216403961,
        0.4002682566642761,
        0.3926388919353485,
        0.386038213968277,
        0.3818337321281433,
        4.901493072509766,
        0.5992457866668701,
        0.4026555120944977,
        0.5503537654876709,
        0.4843510091304779,
        0.3966792821884155,
        0.36335456371307373,
        0.39319971203804016,
        0.3887999355792999,
        0.3562432527542114,
        0.35378214716911316,
        0.3509824872016907,
        0.34989139437675476,
        0.3475170433521271,
        0.35563990473747253,
        0.34418895840644836,
        0.34518706798553467,
        0.34558215737342834,
        0.3417854309082031,
        0.343329519033432,
        0.34040141105651855
    ],
    "binary_accuracy": [
        0.6075169444084167,
        0.70945805311203,
        0.7494602203369141,
        0.7659699320793152,
        0.7870925664901733,
        0.8029036521911621,
        0.8121547698974609,
        0.8213120102882385,
        0.8316360116004944,
        0.8366015553474426,
        0.8394060730934143,
        0.8436614871025085,
        0.8475727438926697,
        0.8500167727470398,
        0.6358746290206909,
        0.844530463218689,
        0.8544253706932068,
        0.8494699001312256,
        0.8530039191246033,
        0.8604556322097778,
        0.8616452217102051,
        0.8602375388145447,
        0.8614472150802612,
        0.8644008636474609,
        0.8660068511962891,
        0.8676210045814514,
        0.8683300614356995,
        0.8694077730178833,
        0.8679594993591309,
        0.8724299669265747,
        0.871587872505188,
        0.8711144328117371,
        0.8733459115028381,
        0.8721306324005127,
        0.8733571171760559
    ],
    "val_loss": [
        0.5894551873207092,
        0.5255988240242004,
        0.4928534924983978,
        0.4693588614463806,
        0.43606334924697876,
        0.4332551658153534,
        0.4138776659965515,
        0.3911391496658325,
        0.3922211229801178,
        0.3871772289276123,
        0.38748660683631897,
        0.3707056939601898,
        0.3671857714653015,
        0.3565044701099396,
        0.3576487898826599,
        0.35349971055984497,
        0.34173452854156494,
        0.34985262155532837,
        0.3641563057899475,
        0.3394092619419098,
        0.3616931736469269,
        0.3469933867454529,
        0.3530007600784302,
        0.336529940366745,
        0.33559808135032654,
        0.3317911624908447,
        0.3263803720474243,
        0.34483176469802856,
        0.31594541668891907,
        0.36813321709632874,
        0.32714203000068665,
        0.33134621381759644,
        0.3195473253726959,
        0.32196348905563354,
        0.32065650820732117
    ],
    "val_binary_accuracy": [
        0.6624458432197571,
        0.7630714178085327,
        0.7756189703941345,
        0.7773846983909607,
        0.8205408453941345,
        0.8264563679695129,
        0.8315222263336182,
        0.8511947393417358,
        0.8432444334030151,
        0.8396449089050293,
        0.8477283120155334,
        0.854451060295105,
        0.8562712073326111,
        0.8678316473960876,
        0.8685345649719238,
        0.8651512861251831,
        0.8701688051223755,
        0.8661823272705078,
        0.8563422560691833,
        0.8772922158241272,
        0.8515651226043701,
        0.8656259775161743,
        0.857417106628418,
        0.8762521147727966,
        0.8723517656326294,
        0.8739723563194275,
        0.8757955431938171,
        0.870824933052063,
        0.8819922804832458,
        0.8641036152839661,
        0.8754720687866211,
        0.8789581656455994,
        0.8827692866325378,
        0.8781130909919739,
        0.8790110945701599
    ]
}