{
    "loss": [
        0.4711676239967346,
        0.33473435044288635,
        0.368086040019989,
        0.31594717502593994,
        0.27861833572387695,
        0.2741943299770355,
        0.27356117963790894,
        0.26829132437705994,
        0.26720330119132996,
        0.26654431223869324,
        0.2605724334716797,
        0.2791367471218109,
        0.2672726809978485,
        0.2723536789417267,
        0.2713223993778229,
        0.2689887285232544,
        0.2675400972366333,
        0.2687094211578369,
        0.26991960406303406,
        0.27507373690605164,
        0.26654043793678284,
        0.26943692564964294,
        0.267265647649765,
        0.26496899127960205,
        0.2631680369377136,
        0.2620474398136139,
        0.26613491773605347,
        0.26222681999206543,
        0.2620910108089447,
        0.2630443871021271,
        0.25992342829704285,
        0.25724363327026367,
        0.2581143379211426,
        0.25855860114097595,
        0.25643250346183777
    ],
    "binary_accuracy": [
        0.7837064862251282,
        0.8793590068817139,
        0.8864558339118958,
        0.896368682384491,
        0.9060354828834534,
        0.9086028337478638,
        0.9091497659683228,
        0.9120433330535889,
        0.9127516150474548,
        0.9127821922302246,
        0.9162029027938843,
        0.9105436205863953,
        0.9159523844718933,
        0.9148780107498169,
        0.9150592088699341,
        0.916857898235321,
        0.9170688986778259,
        0.9163181185722351,
        0.9161954522132874,
        0.9142729640007019,
        0.9176452159881592,
        0.9164720773696899,
        0.9178044199943542,
        0.9179360270500183,
        0.9183099269866943,
        0.9193410277366638,
        0.9181645512580872,
        0.9192139506340027,
        0.9198335409164429,
        0.9190320372581482,
        0.9201514720916748,
        0.9205533862113953,
        0.9206159710884094,
        0.9204258918762207,
        0.9211927056312561
    ],
    "val_loss": [
        0.34623369574546814,
        0.2882980704307556,
        4.5169677734375,
        0.2664557695388794,
        0.2656652629375458,
        0.2641960382461548,
        0.26329362392425537,
        0.25764626264572144,
        0.2832259237766266,
        0.25280365347862244,
        0.24646347761154175,
        0.24389594793319702,
        0.26999881863594055,
        0.2712050676345825,
        0.2640916109085083,
        0.2502583861351013,
        0.2454122006893158,
        0.31901052594184875,
        0.25256282091140747,
        0.31260186433792114,
        0.2885866165161133,
        0.23858365416526794,
        0.28292128443717957,
        0.2432112842798233,
        0.24938206374645233,
        0.2393215447664261,
        0.23918269574642181,
        0.2519019544124603,
        0.24760453402996063,
        0.23523490130901337,
        0.24025344848632812,
        0.23605401813983917,
        0.2390582412481308,
        0.29957523941993713,
        0.24698148667812347
    ],
    "val_binary_accuracy": [
        0.8784154653549194,
        0.8973532319068909,
        0.5110948085784912,
        0.9118237495422363,
        0.9113339185714722,
        0.9167460203170776,
        0.9180748462677002,
        0.9206342697143555,
        0.9007728099822998,
        0.915386974811554,
        0.9205299615859985,
        0.9218799471855164,
        0.9214173555374146,
        0.9174777269363403,
        0.916619062423706,
        0.9220190644264221,
        0.924406111240387,
        0.91120845079422,
        0.9243879914283752,
        0.9076467752456665,
        0.9149772524833679,
        0.9240084886550903,
        0.9168004393577576,
        0.9239661693572998,
        0.923518717288971,
        0.9267115592956543,
        0.9250243902206421,
        0.9196773171424866,
        0.923553466796875,
        0.9273887872695923,
        0.9247280955314636,
        0.9262716174125671,
        0.9233010411262512,
        0.9088214039802551,
        0.9256850481033325
    ]
}