{
    "loss": [
        0.5750477910041809,
        1.0149016380310059,
        0.879188597202301,
        0.36972489953041077,
        0.37937819957733154,
        0.3537026643753052,
        0.3566306531429291,
        0.3490847051143646,
        0.3406655490398407,
        0.34095498919487,
        0.33107465505599976,
        0.33114147186279297,
        0.3295579254627228,
        0.3225916028022766,
        0.31902480125427246,
        0.3190925121307373,
        0.3175210952758789,
        0.3181210160255432,
        0.3140884339809418,
        0.3133220374584198,
        0.30830299854278564,
        0.30943745374679565,
        0.3083234131336212,
        0.30616748332977295,
        0.30833330750465393,
        0.2999075949192047,
        0.3000374734401703,
        0.2999376356601715,
        0.307111918926239,
        0.30703315138816833,
        0.313885897397995,
        0.3100544214248657,
        0.30720898509025574,
        0.3086182773113251,
        0.3052976429462433
    ],
    "binary_accuracy": [
        0.6892014145851135,
        0.785006046295166,
        0.8173689842224121,
        0.8570796251296997,
        0.8557126522064209,
        0.8665831685066223,
        0.8601782917976379,
        0.8654640316963196,
        0.8727781772613525,
        0.8731200098991394,
        0.8792554140090942,
        0.8786033987998962,
        0.8795435428619385,
        0.8828557729721069,
        0.8848326802253723,
        0.8848751783370972,
        0.886370062828064,
        0.8857952356338501,
        0.8882250785827637,
        0.8895000219345093,
        0.892533004283905,
        0.8919201493263245,
        0.8929017186164856,
        0.8942728638648987,
        0.8931332230567932,
        0.8968939185142517,
        0.8973002433776855,
        0.8971354961395264,
        0.8960368633270264,
        0.8975011706352234,
        0.8948279023170471,
        0.8978080153465271,
        0.8979257941246033,
        0.8967801928520203,
        0.8989785313606262
    ],
    "val_loss": [
        0.46223214268684387,
        0.3944414556026459,
        0.3704363703727722,
        0.3490884006023407,
        0.34800803661346436,
        0.33672016859054565,
        0.32264095544815063,
        0.3171043395996094,
        0.3304992914199829,
        0.31753942370414734,
        0.318893164396286,
        0.3147580027580261,
        0.3278469443321228,
        0.3103959858417511,
        0.30575576424598694,
        0.32731249928474426,
        0.3193069100379944,
        0.32503601908683777,
        0.3114321231842041,
        0.2907699644565582,
        0.2907266616821289,
        0.3069145977497101,
        0.2956997752189636,
        0.28457021713256836,
        0.28000423312187195,
        0.2985357642173767,
        0.2829509377479553,
        0.2984023988246918,
        0.2814737558364868,
        0.28231358528137207,
        0.2831999659538269,
        0.27804452180862427,
        0.28240707516670227,
        0.34560009837150574,
        0.28646212816238403
    ],
    "val_binary_accuracy": [
        0.8015955090522766,
        0.8366002440452576,
        0.8572553992271423,
        0.8666025400161743,
        0.8712693452835083,
        0.8809400796890259,
        0.8812772035598755,
        0.8842538595199585,
        0.8789475560188293,
        0.8806619048118591,
        0.8858457207679749,
        0.8827904462814331,
        0.8779301643371582,
        0.8845682740211487,
        0.8861783146858215,
        0.8862674832344055,
        0.889167070388794,
        0.8824775218963623,
        0.8880271911621094,
        0.9007455706596375,
        0.8958444595336914,
        0.8915556073188782,
        0.8996253609657288,
        0.9037842154502869,
        0.905914306640625,
        0.900813639163971,
        0.905853807926178,
        0.9023722410202026,
        0.9011824727058411,
        0.8984930515289307,
        0.9053670167922974,
        0.9083134531974792,
        0.905604362487793,
        0.8908708095550537,
        0.9028031229972839
    ]
}