{
    "loss": [
        0.3886217772960663,
        0.28890323638916016,
        0.29075509309768677,
        0.2641901671886444,
        0.29560887813568115,
        0.25341489911079407,
        0.24685978889465332,
        0.24399618804454803,
        0.26720911264419556,
        0.24025505781173706,
        0.23939530551433563,
        0.2612655460834503,
        0.25487467646598816,
        0.2547142803668976,
        0.25011321902275085,
        0.25202232599258423,
        0.25058630108833313,
        0.25351187586784363,
        0.24725347757339478
    ],
    "binary_accuracy": [
        0.8388159275054932,
        0.9035012125968933,
        0.9026471972465515,
        0.9153391718864441,
        0.9112575054168701,
        0.9187278151512146,
        0.9214745163917542,
        0.9222379922866821,
        0.9138073921203613,
        0.9231986999511719,
        0.9236911535263062,
        0.9194029569625854,
        0.9220862984657288,
        0.9232881665229797,
        0.9243845343589783,
        0.9238615036010742,
        0.9246000051498413,
        0.9232113361358643,
        0.925571858882904
    ],
    "val_loss": [
        0.2903200089931488,
        0.26701271533966064,
        0.2547312378883362,
        0.24618789553642273,
        0.23866905272006989,
        0.24531100690364838,
        0.23787912726402283,
        0.23637396097183228,
        0.22704876959323883,
        0.23817814886569977,
        0.23256689310073853,
        0.23987127840518951,
        0.24511735141277313,
        0.2362198382616043,
        0.23541395366191864,
        0.24038803577423096,
        0.24523867666721344,
        0.22723805904388428,
        0.2364896684885025
    ],
    "val_binary_accuracy": [
        0.8981408476829529,
        0.912859320640564,
        0.913382351398468,
        0.921229898929596,
        0.922401487827301,
        0.9238513112068176,
        0.9265739917755127,
        0.9237378835678101,
        0.9265028834342957,
        0.9244030714035034,
        0.9265497922897339,
        0.9227734208106995,
        0.9211029410362244,
        0.9263865351676941,
        0.9272028803825378,
        0.9270456433296204,
        0.922012984752655,
        0.93084317445755,
        0.928120493888855
    ]
}