{
    "loss": [
        0.49047526717185974,
        0.3619321584701538,
        0.3257807791233063,
        0.3076731562614441,
        0.29947033524513245,
        0.3107312023639679,
        0.28920814394950867,
        0.2799528241157532,
        0.27428942918777466,
        0.27247437834739685,
        0.2683814764022827,
        0.26461261510849,
        0.2638494670391083,
        0.2598291337490082,
        0.25594109296798706,
        0.25419899821281433,
        0.2730739414691925,
        0.2574158012866974,
        0.2523432672023773,
        0.2518334686756134,
        0.2512679398059845,
        0.26205623149871826,
        0.26367443799972534,
        0.2509264647960663,
        0.2490832358598709,
        0.2525481879711151,
        0.24831561744213104,
        0.2478923201560974,
        0.24748334288597107,
        0.2520930767059326,
        0.2498379796743393,
        0.2546554207801819,
        0.26160678267478943,
        0.2627992630004883,
        0.2635476887226105
    ],
    "binary_accuracy": [
        0.7641697525978088,
        0.8678614497184753,
        0.8861210346221924,
        0.8931164741516113,
        0.8971798419952393,
        0.89751797914505,
        0.9013494849205017,
        0.9062345027923584,
        0.9088339805603027,
        0.9096403121948242,
        0.9118301272392273,
        0.9130029082298279,
        0.9141197800636292,
        0.915467381477356,
        0.9169853925704956,
        0.9174916744232178,
        0.9140414595603943,
        0.9141484498977661,
        0.9176750779151917,
        0.9187214970588684,
        0.9187106490135193,
        0.9176266193389893,
        0.9175136685371399,
        0.9192031025886536,
        0.9191274642944336,
        0.9191896915435791,
        0.9197171926498413,
        0.919640064239502,
        0.9197611808776855,
        0.9192318320274353,
        0.9195677042007446,
        0.9188463687896729,
        0.9193697571754456,
        0.9182655811309814,
        0.9181857705116272
    ],
    "val_loss": [
        0.3744836747646332,
        0.32599109411239624,
        0.3007507622241974,
        0.2885468006134033,
        0.2841118574142456,
        0.3279096782207489,
        0.27796536684036255,
        0.2828247845172882,
        0.2593937814235687,
        0.2605741024017334,
        0.2470586895942688,
        0.24896648526191711,
        0.25002408027648926,
        0.24153895676136017,
        0.24439534544944763,
        0.25308167934417725,
        0.2841057777404785,
        0.24529123306274414,
        0.24014508724212646,
        0.2412494719028473,
        0.24373839795589447,
        0.24178816378116608,
        0.25680020451545715,
        0.23854048550128937,
        0.23784463107585907,
        0.24549350142478943,
        0.24427972733974457,
        0.2322903871536255,
        0.25582265853881836,
        0.28535619378089905,
        0.25515949726104736,
        0.29258260130882263,
        0.2640548050403595,
        0.2620541453361511,
        0.30314239859580994
    ],
    "val_binary_accuracy": [
        0.8672767877578735,
        0.884888768196106,
        0.8904747366905212,
        0.9001197218894958,
        0.896929919719696,
        0.8767358660697937,
        0.9035484194755554,
        0.9026579856872559,
        0.914230465888977,
        0.9104238748550415,
        0.919185996055603,
        0.9201535582542419,
        0.9168382287025452,
        0.9208685755729675,
        0.9203909039497375,
        0.9166477918624878,
        0.8988664746284485,
        0.9203047156333923,
        0.9221142530441284,
        0.9226948022842407,
        0.9229487776756287,
        0.9256487488746643,
        0.9216547012329102,
        0.9233584403991699,
        0.9244756698608398,
        0.920576810836792,
        0.9168201088905334,
        0.9239888787269592,
        0.9180340766906738,
        0.909578800201416,
        0.9210061430931091,
        0.9127837419509888,
        0.9176576137542725,
        0.920886754989624,
        0.9121941328048706
    ]
}