{
    "loss": [
        0.5209878087043762,
        0.4032706618309021,
        0.3523501753807068,
        0.318992018699646,
        0.3103172481060028,
        0.29687947034835815,
        0.2923772633075714,
        0.2925232946872711,
        0.2920766770839691,
        0.2802793085575104,
        0.2808733284473419,
        0.2806406617164612,
        0.2818443179130554,
        0.28735727071762085,
        0.28671854734420776,
        0.290721595287323,
        0.29114553332328796,
        0.2895383834838867,
        0.289696604013443,
        0.28485867381095886,
        0.2855852246284485,
        0.28550395369529724
    ],
    "binary_accuracy": [
        0.7333012819290161,
        0.8425583839416504,
        0.8707420229911804,
        0.8884621858596802,
        0.8921080231666565,
        0.8988081812858582,
        0.900779128074646,
        0.9006296396255493,
        0.9012011289596558,
        0.9069536328315735,
        0.9058855772018433,
        0.9063224792480469,
        0.9054956436157227,
        0.90614914894104,
        0.9084033966064453,
        0.9067419171333313,
        0.906707227230072,
        0.9071799516677856,
        0.9072597026824951,
        0.9100019335746765,
        0.9082703590393066,
        0.9082647562026978
    ],
    "val_loss": [
        0.4239034354686737,
        0.36648616194725037,
        0.3085921108722687,
        0.3650161027908325,
        0.28657835721969604,
        0.27870452404022217,
        0.2846244275569916,
        0.27924200892448425,
        0.29032427072525024,
        0.2833571135997772,
        0.2691313326358795,
        0.2595702111721039,
        0.27399879693984985,
        0.304548054933548,
        0.27102601528167725,
        0.2646041214466095,
        0.27075597643852234,
        0.2702377736568451,
        0.2958740293979645,
        0.32392066717147827,
        0.26366886496543884,
        0.26790693402290344
    ],
    "val_binary_accuracy": [
        0.8259997963905334,
        0.8657242655754089,
        0.8909176588058472,
        0.8724681735038757,
        0.8987833261489868,
        0.8982481956481934,
        0.8989949822425842,
        0.9099461436271667,
        0.904128909111023,
        0.903386652469635,
        0.9145041108131409,
        0.9122228622436523,
        0.9047139883041382,
        0.9025354981422424,
        0.9113551378250122,
        0.911817729473114,
        0.9159538745880127,
        0.9128472208976746,
        0.9059717655181885,
        0.8946335911750793,
        0.9164890646934509,
        0.9154292941093445
    ]
}