{
    "loss": [
        0.6201565265655518,
        0.4930135905742645,
        0.4287354052066803,
        0.40362080931663513,
        0.3801233768463135,
        0.36307159066200256,
        0.3512090742588043,
        0.36802929639816284,
        0.33672764897346497,
        0.33430108428001404,
        0.3272557258605957,
        0.32350584864616394,
        0.31762874126434326,
        0.31143832206726074,
        0.31122490763664246,
        0.3086318075656891,
        0.3086135685443878,
        0.3057198226451874,
        0.30587321519851685,
        0.32737088203430176,
        0.2999178171157837,
        0.30966246128082275,
        0.29998037219047546,
        0.3029019832611084,
        0.29839473962783813,
        0.2982891798019409,
        0.32687482237815857,
        0.2994075119495392,
        0.29430821537971497,
        0.2929050326347351,
        0.29710549116134644,
        0.28474655747413635,
        0.2907291650772095,
        0.2832203209400177,
        0.28102582693099976
    ],
    "binary_accuracy": [
        0.6592082977294922,
        0.7709735035896301,
        0.8225787281990051,
        0.8378384709358215,
        0.8560705184936523,
        0.8665003776550293,
        0.8724732398986816,
        0.868661105632782,
        0.879389226436615,
        0.8804986476898193,
        0.8841128349304199,
        0.8856039643287659,
        0.8877736330032349,
        0.8902780413627625,
        0.8900670409202576,
        0.8907667398452759,
        0.8919865489006042,
        0.8932428359985352,
        0.8931022882461548,
        0.8926497101783752,
        0.8970691561698914,
        0.8963407278060913,
        0.8976331353187561,
        0.8963619470596313,
        0.8984051942825317,
        0.8987675309181213,
        0.8955235481262207,
        0.8978020548820496,
        0.9013592004776001,
        0.9020112156867981,
        0.9007470607757568,
        0.9046140313148499,
        0.9015944004058838,
        0.905354380607605,
        0.9063892364501953
    ],
    "val_loss": [
        0.5340175628662109,
        0.4348442554473877,
        0.42576876282691956,
        0.3874310553073883,
        0.3557608127593994,
        0.3335394859313965,
        0.32710757851600647,
        0.3111264407634735,
        0.3195532560348511,
        0.3031873404979706,
        0.3058570623397827,
        0.3060844838619232,
        0.292317271232605,
        0.29467353224754333,
        0.3033590614795685,
        0.2911147475242615,
        0.308624267578125,
        0.2895052134990692,
        0.2821020781993866,
        0.3091050386428833,
        0.2953752279281616,
        0.2905958890914917,
        0.28147590160369873,
        0.2813885509967804,
        0.2740374207496643,
        0.2746700048446655,
        0.26682010293006897,
        0.2684558928012848,
        0.27171802520751953,
        0.2657186686992645,
        0.2640005052089691,
        0.2712179720401764,
        0.2650721073150635,
        0.28218141198158264,
        0.2562676668167114
    ],
    "val_binary_accuracy": [
        0.7531149983406067,
        0.8188022971153259,
        0.8113342523574829,
        0.865205705165863,
        0.8751682043075562,
        0.8826544284820557,
        0.8744122982025146,
        0.8908466100692749,
        0.8885593414306641,
        0.8926244378089905,
        0.8948180079460144,
        0.8953501582145691,
        0.8969601392745972,
        0.8971824049949646,
        0.8945232033729553,
        0.8947862386703491,
        0.9031507968902588,
        0.9038522839546204,
        0.9010464549064636,
        0.8993910551071167,
        0.8937627673149109,
        0.9049800038337708,
        0.9060019850730896,
        0.9070677757263184,
        0.9094155430793762,
        0.9028680920600891,
        0.907344400882721,
        0.9106763005256653,
        0.9073459506034851,
        0.9177755117416382,
        0.9141321778297424,
        0.9059974551200867,
        0.9133128523826599,
        0.907240092754364,
        0.9164769649505615
    ]
}