{
    "loss": [
        4.694091320037842,
        7.712472915649414,
        7.712474346160889,
        7.712472915649414,
        7.712474822998047,
        7.712474822998047,
        7.712471961975098,
        7.712472915649414,
        7.712474346160889,
        7.712473392486572,
        7.712477207183838
    ],
    "binary_accuracy": [
        0.5992454886436462,
        0.5,
        0.5,
        0.5,
        0.5,
        0.5,
        0.5,
        0.5,
        0.5,
        0.5,
        0.5
    ],
    "val_loss": [
        7.712474346160889,
        7.712474346160889,
        7.712474346160889,
        7.712474346160889,
        7.712474346160889,
        7.712474346160889,
        7.712474346160889,
        7.712474346160889,
        7.712474346160889,
        7.712474346160889,
        7.712474346160889
    ],
    "val_binary_accuracy": [
        0.5,
        0.5,
        0.5,
        0.5,
        0.5,
        0.5,
        0.5,
        0.5,
        0.5,
        0.5,
        0.5
    ]
}