{
    "loss": [
        0.63508141040802,
        0.449619323015213,
        0.4086436927318573,
        0.3826451599597931,
        0.3766431212425232,
        0.36407670378685,
        0.36210256814956665,
        0.3724195659160614,
        0.3687961995601654,
        0.35864585638046265,
        0.35746029019355774,
        0.37150639295578003,
        0.3671378493309021,
        0.35969462990760803,
        0.361726313829422,
        0.3647352159023285,
        0.35360315442085266,
        0.36061614751815796,
        0.34528475999832153,
        0.36036762595176697,
        0.3483792841434479,
        0.3565623164176941,
        0.34873005747795105,
        0.36452075839042664,
        0.36041271686553955,
        0.36113378405570984
    ],
    "binary_accuracy": [
        0.659660816192627,
        0.7987209558486938,
        0.8234857320785522,
        0.844534158706665,
        0.848625123500824,
        0.8570855855941772,
        0.8576995730400085,
        0.854671061038971,
        0.8632534146308899,
        0.8669306039810181,
        0.8654595613479614,
        0.8603978157043457,
        0.8618032336235046,
        0.8618621826171875,
        0.8595955967903137,
        0.8577558994293213,
        0.8640791177749634,
        0.8641675114631653,
        0.8696702122688293,
        0.8629827499389648,
        0.8675356507301331,
        0.8683714270591736,
        0.8715330362319946,
        0.8653872609138489,
        0.8677350878715515,
        0.8677347302436829
    ],
    "val_loss": [
        0.46811643242836,
        0.37805092334747314,
        0.36506614089012146,
        0.36967214941978455,
        0.33818912506103516,
        0.32787784934043884,
        0.33578619360923767,
        0.31645411252975464,
        0.3519900143146515,
        0.3542173504829407,
        0.38043829798698425,
        0.3201545476913452,
        0.3641020357608795,
        0.35086461901664734,
        0.3423682153224945,
        0.3075237274169922,
        0.3209433853626251,
        0.3350861966609955,
        0.32555055618286133,
        0.31529924273490906,
        0.34559696912765503,
        0.38863837718963623,
        0.3634379804134369,
        0.3729446232318878,
        0.34803706407546997,
        0.34117987751960754
    ],
    "val_binary_accuracy": [
        0.7981835007667542,
        0.837235152721405,
        0.8457433581352234,
        0.8453835248947144,
        0.8690047264099121,
        0.8767736554145813,
        0.8699541091918945,
        0.8822658658027649,
        0.8557602763175964,
        0.880221962928772,
        0.8557194471359253,
        0.882655918598175,
        0.8534033894538879,
        0.861157238483429,
        0.8697711825370789,
        0.885088324546814,
        0.8788946866989136,
        0.8830686211585999,
        0.8795855641365051,
        0.8870550990104675,
        0.8806966543197632,
        0.8492944836616516,
        0.8642140030860901,
        0.8550482392311096,
        0.892532229423523,
        0.8750532865524292
    ]
}