{
  "timestamp": "2026-05-02T17:01:10.497321",
  "metric_name": "weighted_bkg_rej",
  "bkg_rej_weights": {
    "0.95": 0.1,
    "0.98": 0.7,
    "0.99": 0.2
  },
  "total_models": 120,
  "primary_pareto_models": 14,
  "secondary_pareto_models": 14,
  "primary_metric_range": {
    "min": 0.7937706543791063,
    "max": 0.9282562488472854,
    "mean": 0.9115642350560307
  },
  "parameters_range": {
    "min": 1211,
    "max": 81997,
    "mean": 28256.033333333333
  },
  "auc_range": {
    "min": 0.934724258501439,
    "max": 0.9815802583268398,
    "mean": 0.9763323942259337
  }
}