{
  "timestamp": "2026-02-12T12:40:24.289812",
  "input_directory": "model2.5_quantized_4w0i_hyperparameter_results_20260211_225533",
  "total_models": 163,
  "primary_pareto_models": 7,
  "secondary_pareto_models": 10,
  "accuracy_range": {
    "min": 0.5535503611587315,
    "max": 0.8520624899846102,
    "mean": 0.7734793594075604
  },
  "parameters_range": {
    "min": 681,
    "max": 7177,
    "mean": 3897.2208588957055
  }
}