{
  "timestamp": "2026-05-05T19:30:30.965531",
  "metric_name": "weighted_bkg_rej",
  "bkg_rej_weights": {
    "0.95": 0.1,
    "0.98": 0.7,
    "0.99": 0.2
  },
  "total_models": 119,
  "primary_pareto_models": 16,
  "secondary_pareto_models": 16,
  "primary_metric_range": {
    "min": 0.6227839910987752,
    "max": 0.8858106494205435,
    "mean": 0.8435202604266829
  },
  "parameters_range": {
    "min": 377,
    "max": 14399,
    "mean": 5112.294117647059
  },
  "auc_range": {
    "min": 0.8536035199271816,
    "max": 0.9687678674948899,
    "mean": 0.9496932209364065
  }
}