{
  "timestamp": "2026-06-16T12:24:51.890832",
  "metric_name": "bkg_rej_@99%",
  "bkg_rej_weights": "N/A",
  "total_models": 120,
  "primary_pareto_models": 17,
  "secondary_pareto_models": 17,
  "primary_metric_range": {
    "min": 0.7804717286335834,
    "max": 0.9155744222820879,
    "mean": 0.8938383306978371
  },
  "parameters_range": {
    "min": 1211,
    "max": 81997,
    "mean": 28256.033333333333
  },
  "auc_range": {
    "min": 0.9512687293721585,
    "max": 0.9814167158692856,
    "mean": 0.9764094969913383
  }
}