{
    "input_bits": 14,
    "input_int_bits": 0,
    "spatial_units": 112,
    "nmodule_xlocal_units": 2,
    "dense2_ratio": 0.6000000000000001,
    "dense3_ratio": 0.6000000000000001,
    "dropout_rate": 0.0,
    "learning_rate": 0.004634194318119272
}