{
    "input_bits": 8,
    "input_int_bits": 0,
    "spatial_units": 96,
    "nmodule_xlocal_units": 8,
    "dense2_ratio": 0.30000000000000004,
    "dense3_ratio": 0.4,
    "dropout_rate": 0.1,
    "learning_rate": 0.00013153043979913942
}