{
    "input_bits": 12,
    "input_int_bits": 3,
    "spatial_units": 112,
    "nmodule_xlocal_units": 4,
    "dense2_ratio": 0.4,
    "dense3_ratio": 0.6000000000000001,
    "dropout_rate": 0.0,
    "learning_rate": 0.0009923244326767518
}