{
    "input_bits": 10,
    "input_int_bits": 2,
    "spatial_units": 96,
    "nmodule_xlocal_units": 12,
    "dense2_ratio": 0.5,
    "dense3_ratio": 0.30000000000000004,
    "dropout_rate": 0.1,
    "learning_rate": 0.0002477421865785999
}