{
    "input_bits": 16,
    "input_int_bits": 3,
    "spatial_units": 120,
    "nmodule_xlocal_units": 4,
    "dense2_ratio": 0.30000000000000004,
    "dense3_ratio": 0.6000000000000001,
    "dropout_rate": 0.05,
    "learning_rate": 0.00012071356508240166
}