{
    "input_bits": 4,
    "input_int_bits": 4,
    "spatial_units": 72,
    "nmodule_xlocal_units": 4,
    "dense2_ratio": 0.4,
    "dense3_ratio": 0.30000000000000004,
    "dropout_rate": 0.05,
    "learning_rate": 0.0003489653014545941
}