{
    "input_bits": 4,
    "input_int_bits": 3,
    "spatial_units": 16,
    "nmodule_xlocal_units": 6,
    "dense2_ratio": 0.30000000000000004,
    "dense3_ratio": 0.4,
    "dropout_rate": 0.05,
    "learning_rate": 0.0005996927513208728
}