{
    "input_bits": 14,
    "input_int_bits": 0,
    "spatial_units": 32,
    "nmodule_xlocal_units": 8,
    "dense2_ratio": 0.6000000000000001,
    "dense3_ratio": 0.30000000000000004,
    "dropout_rate": 0.0,
    "learning_rate": 0.0002450985664020139
}