{
    "loss": [
        0.6654341220855713,
        0.5899601578712463,
        0.49005815386772156,
        0.41069427132606506,
        0.3600254952907562,
        0.3312685191631317,
        0.3109242618083954,
        0.2939116060733795,
        0.27913400530815125,
        0.2673894166946411,
        0.25808924436569214,
        0.2514110207557678,
        0.246714249253273,
        0.2432994693517685,
        0.2408391833305359,
        0.2389543056488037,
        0.2373466193675995,
        0.23646092414855957,
        0.23541447520256042,
        0.23448579013347626,
        0.2337905615568161,
        0.23333726823329926,
        0.23269347846508026,
        0.23206444084644318,
        0.23180565237998962,
        0.23165130615234375,
        0.23112374544143677,
        0.230998694896698,
        0.230573832988739,
        0.23035481572151184,
        0.2301139235496521,
        0.22999410331249237,
        0.22977420687675476,
        0.22948329150676727,
        0.22947537899017334,
        0.2292708307504654,
        0.2291588932275772,
        0.22914086282253265,
        0.22881969809532166,
        0.22884340584278107
    ],
    "binary_accuracy": [
        0.6803516745567322,
        0.7626601457595825,
        0.8050602674484253,
        0.8387340307235718,
        0.8589227199554443,
        0.8728840351104736,
        0.8820919990539551,
        0.8904929757118225,
        0.8971898555755615,
        0.9035258889198303,
        0.9082569479942322,
        0.9110312461853027,
        0.9130001068115234,
        0.9144477844238281,
        0.9152867794036865,
        0.9160937666893005,
        0.9166865944862366,
        0.9169954061508179,
        0.9174490571022034,
        0.9177888631820679,
        0.9181467294692993,
        0.9183299541473389,
        0.9185962080955505,
        0.9189506769180298,
        0.9190921187400818,
        0.9192172884941101,
        0.9193730354309082,
        0.9194978475570679,
        0.9196324944496155,
        0.9197271466255188,
        0.9197957515716553,
        0.9198979735374451,
        0.9200156331062317,
        0.9201087355613708,
        0.9201200604438782,
        0.9201540350914001,
        0.9203187823295593,
        0.9202705025672913,
        0.920436441898346,
        0.9204462766647339
    ],
    "val_loss": [
        0.6262092590332031,
        0.5413528084754944,
        0.4277847409248352,
        0.36501941084861755,
        0.3260463774204254,
        0.3042086362838745,
        0.28665292263031006,
        0.27105310559272766,
        0.2580564022064209,
        0.24819596111774445,
        0.24159376323223114,
        0.23659248650074005,
        0.23341605067253113,
        0.23144124448299408,
        0.22998596727848053,
        0.2282361537218094,
        0.22756415605545044,
        0.22651556134223938,
        0.22569489479064941,
        0.22535307705402374,
        0.22572585940361023,
        0.2251640260219574,
        0.22411666810512543,
        0.22367577254772186,
        0.22338397800922394,
        0.22316285967826843,
        0.22358568012714386,
        0.22303928434848785,
        0.22272872924804688,
        0.22206927835941315,
        0.22183355689048767,
        0.22193709015846252,
        0.22189100086688995,
        0.22198104858398438,
        0.22132502496242523,
        0.22186234593391418,
        0.22151297330856323,
        0.2216036468744278,
        0.2210530936717987,
        0.22177009284496307
    ],
    "val_binary_accuracy": [
        0.7757278084754944,
        0.7994458079338074,
        0.8402178883552551,
        0.8633069396018982,
        0.876806914806366,
        0.8857187628746033,
        0.8918322920799255,
        0.8976691961288452,
        0.9037660956382751,
        0.9089635014533997,
        0.9136151671409607,
        0.9157996773719788,
        0.9171133637428284,
        0.9182260632514954,
        0.9198103547096252,
        0.9204362034797668,
        0.9208126664161682,
        0.9210001230239868,
        0.9210605621337891,
        0.9213463068008423,
        0.9216501712799072,
        0.9223455786705017,
        0.9224816560745239,
        0.9224393367767334,
        0.9224362969398499,
        0.9228233098983765,
        0.9231634140014648,
        0.922726571559906,
        0.9231634140014648,
        0.9232707619667053,
        0.9232813715934753,
        0.9234491586685181,
        0.9235761761665344,
        0.9235444068908691,
        0.9236608147621155,
        0.923214852809906,
        0.923638105392456,
        0.9232314825057983,
        0.9234748482704163,
        0.9235458970069885
    ]
}