{
    "loss": [
        0.5731408596038818,
        0.4605656862258911,
        0.38665202260017395,
        0.3451947867870331,
        0.32961148023605347,
        0.32146236300468445,
        0.3164486289024353,
        0.31213510036468506,
        0.3091904819011688,
        0.30657699704170227,
        0.30412477254867554,
        0.3013540506362915,
        0.29880258440971375,
        0.2963833212852478,
        0.2922409772872925,
        0.28744566440582275,
        0.2818000614643097,
        0.27848392724990845,
        0.2761629819869995,
        0.27403488755226135,
        0.27249252796173096,
        0.27149662375450134,
        0.2704712152481079,
        0.26939237117767334,
        0.26909759640693665,
        0.26844674348831177,
        0.2675308287143707,
        0.2673718333244324,
        0.2671761214733124,
        0.2668190896511078,
        0.2661968171596527,
        0.26537373661994934,
        0.26489880681037903,
        0.265011191368103,
        0.26484569907188416,
        0.264583021402359,
        0.26442667841911316,
        0.2636779844760895,
        0.26384851336479187,
        0.26379212737083435
    ],
    "binary_accuracy": [
        0.6836034059524536,
        0.8058174848556519,
        0.8554304242134094,
        0.8760712146759033,
        0.8834740519523621,
        0.8873332738876343,
        0.8893628120422363,
        0.8909428715705872,
        0.8919594883918762,
        0.8927631378173828,
        0.8933687210083008,
        0.8939739465713501,
        0.8947288990020752,
        0.8962116837501526,
        0.9000818133354187,
        0.905441164970398,
        0.9100605845451355,
        0.9125275611877441,
        0.9143059849739075,
        0.9153309464454651,
        0.915924072265625,
        0.9163995981216431,
        0.9168329238891602,
        0.9170195460319519,
        0.9173178672790527,
        0.9176821112632751,
        0.917898952960968,
        0.9180954098701477,
        0.9184401035308838,
        0.9185513257980347,
        0.9186354279518127,
        0.9188284873962402,
        0.9190807938575745,
        0.9192459583282471,
        0.9192342758178711,
        0.919452965259552,
        0.9194846749305725,
        0.9195823073387146,
        0.9197840690612793,
        0.9197474718093872
    ],
    "val_loss": [
        0.47888439893722534,
        0.41210469603538513,
        0.3471159040927887,
        0.324478417634964,
        0.31519708037376404,
        0.3085101842880249,
        0.30454573035240173,
        0.3000320792198181,
        0.2974548637866974,
        0.2953769862651825,
        0.29155877232551575,
        0.2881442904472351,
        0.28507938981056213,
        0.2818688452243805,
        0.27732759714126587,
        0.2720351219177246,
        0.2681879699230194,
        0.26561814546585083,
        0.26332351565361023,
        0.26211172342300415,
        0.26069071888923645,
        0.2601730227470398,
        0.25938916206359863,
        0.25825783610343933,
        0.25876283645629883,
        0.25743040442466736,
        0.2575623393058777,
        0.2572099268436432,
        0.25655874609947205,
        0.25563037395477295,
        0.25593850016593933,
        0.2563600540161133,
        0.25514698028564453,
        0.2548253834247589,
        0.2548908293247223,
        0.2554112672805786,
        0.25618427991867065,
        0.25494128465652466,
        0.25518783926963806,
        0.2541763186454773
    ],
    "val_binary_accuracy": [
        0.7878929376602173,
        0.8436480760574341,
        0.8769913911819458,
        0.8856884837150574,
        0.8901678323745728,
        0.8923599123954773,
        0.8942692279815674,
        0.8952216506004333,
        0.8958595991134644,
        0.896695613861084,
        0.8970236778259277,
        0.8975663781166077,
        0.8986971974372864,
        0.9009405970573425,
        0.9058734774589539,
        0.9128305912017822,
        0.9142637252807617,
        0.9175910949707031,
        0.919700026512146,
        0.920188307762146,
        0.920127809047699,
        0.9203651547431946,
        0.9203802943229675,
        0.921086311340332,
        0.9218316078186035,
        0.9222820997238159,
        0.9224060773849487,
        0.9222472906112671,
        0.9221535921096802,
        0.9226948022842407,
        0.9226978421211243,
        0.9230757355690002,
        0.9230092167854309,
        0.922212541103363,
        0.9229850769042969,
        0.9231286644935608,
        0.923967719078064,
        0.9237847924232483,
        0.9237666130065918,
        0.9223894476890564
    ]
}