{
    "loss": [
        0.5851006507873535,
        0.380066841840744,
        0.3297514319419861,
        0.30090606212615967,
        0.2717024087905884,
        0.25094547867774963,
        0.2382587492465973,
        0.23165775835514069,
        0.22854667901992798,
        0.22579289972782135,
        0.2244935780763626,
        0.22290712594985962,
        0.22143343091011047,
        0.22001443803310394,
        0.2191978543996811,
        0.21816934645175934,
        0.21736805140972137,
        0.21660396456718445,
        0.21583853662014008,
        0.21516813337802887,
        0.21464939415454865,
        0.21394120156764984,
        0.2134236991405487,
        0.21288970112800598,
        0.2119237184524536,
        0.2116805464029312,
        0.21102121472358704,
        0.21027591824531555,
        0.2097400724887848,
        0.2091851830482483,
        0.20905397832393646,
        0.20846080780029297,
        0.2081066370010376,
        0.20788922905921936,
        0.20697933435440063,
        0.20653343200683594,
        0.20623691380023956,
        0.20567385852336884,
        0.20500017702579498,
        0.20453372597694397
    ],
    "binary_accuracy": [
        0.6948201656341553,
        0.8563719987869263,
        0.8814761638641357,
        0.8909187316894531,
        0.9029089212417603,
        0.9129178524017334,
        0.9175041317939758,
        0.9194514751434326,
        0.9207513332366943,
        0.9214229583740234,
        0.9221688508987427,
        0.9226741790771484,
        0.9229570031166077,
        0.9234351515769958,
        0.923948347568512,
        0.9242601990699768,
        0.9245309829711914,
        0.9247806072235107,
        0.9248956441879272,
        0.9251060485839844,
        0.9253345727920532,
        0.925460934638977,
        0.9256098866462708,
        0.9258379936218262,
        0.9259775280952454,
        0.9262199997901917,
        0.9263550043106079,
        0.9265115261077881,
        0.9266363382339478,
        0.9268120527267456,
        0.926949679851532,
        0.9272645711898804,
        0.92724609375,
        0.9274417757987976,
        0.9275941252708435,
        0.9278976917266846,
        0.9279067516326904,
        0.928041398525238,
        0.9282220005989075,
        0.9284671545028687
    ],
    "val_loss": [
        0.4344446361064911,
        0.33648353815078735,
        0.3068552017211914,
        0.27616289258003235,
        0.24872280657291412,
        0.23425039649009705,
        0.2260098159313202,
        0.222504124045372,
        0.21962466835975647,
        0.21860237419605255,
        0.21707166731357574,
        0.21573758125305176,
        0.21547313034534454,
        0.21466386318206787,
        0.21344469487667084,
        0.21313701570034027,
        0.21222688257694244,
        0.21163666248321533,
        0.21098849177360535,
        0.21080893278121948,
        0.2097245454788208,
        0.21022647619247437,
        0.20840205252170563,
        0.20802895724773407,
        0.20832182466983795,
        0.20670253038406372,
        0.20667049288749695,
        0.2068980634212494,
        0.2053862065076828,
        0.2053670734167099,
        0.20500750839710236,
        0.20430988073349,
        0.20435406267642975,
        0.20337070524692535,
        0.20274826884269714,
        0.20269103348255157,
        0.20360691845417023,
        0.2022199034690857,
        0.20182600617408752,
        0.20019809901714325
    ],
    "val_binary_accuracy": [
        0.8325517773628235,
        0.8793013095855713,
        0.8893771767616272,
        0.8985021710395813,
        0.9121245741844177,
        0.9191603064537048,
        0.9220719337463379,
        0.923164963722229,
        0.9235292673110962,
        0.9244348406791687,
        0.9242806434631348,
        0.9248989224433899,
        0.9250229001045227,
        0.9247099757194519,
        0.925382673740387,
        0.9260085821151733,
        0.9262821674346924,
        0.9263728857040405,
        0.9264590740203857,
        0.9261944890022278,
        0.9267266392707825,
        0.9265875816345215,
        0.9270063042640686,
        0.9271937608718872,
        0.9274734854698181,
        0.9274946451187134,
        0.9273993968963623,
        0.92738276720047,
        0.9282021522521973,
        0.9281492233276367,
        0.928059995174408,
        0.9284727573394775,
        0.9285664558410645,
        0.9288052916526794,
        0.9288960099220276,
        0.9292513132095337,
        0.9284923672676086,
        0.9293012022972107,
        0.9296141266822815,
        0.929745614528656
    ]
}