{
    "loss": [
        0.6044045686721802,
        0.3788616359233856,
        0.3212665021419525,
        0.3080708980560303,
        0.302120566368103,
        0.29891350865364075,
        0.29577508568763733,
        0.29362449049949646,
        0.2898200750350952,
        0.2739715278148651,
        0.25641900300979614,
        0.2517928183078766,
        0.24834632873535156,
        0.24642960727214813,
        0.24502427875995636,
        0.24375523626804352,
        0.24263224005699158,
        0.24247503280639648,
        0.2411690056324005,
        0.24142299592494965,
        0.24089153110980988,
        0.24023038148880005,
        0.2398855984210968,
        0.23956359922885895,
        0.2384851723909378,
        0.2385123372077942,
        0.23821653425693512,
        0.238261878490448,
        0.23814299702644348,
        0.23768404126167297,
        0.2363763153553009,
        0.2354239970445633,
        0.23282556235790253,
        0.23164162039756775,
        0.2303561419248581,
        0.2302531898021698,
        0.22977790236473083,
        0.22953562438488007,
        0.22910204529762268,
        0.22905239462852478
    ],
    "binary_accuracy": [
        0.6668561100959778,
        0.8489794135093689,
        0.880728006362915,
        0.8868799805641174,
        0.8894880414009094,
        0.8910390138626099,
        0.8922529220581055,
        0.893253743648529,
        0.8944902420043945,
        0.9008028507232666,
        0.9087671637535095,
        0.9112654328346252,
        0.9125909209251404,
        0.91335529088974,
        0.9136958122253418,
        0.9143772125244141,
        0.9148176908493042,
        0.9151382446289062,
        0.9153256416320801,
        0.9155236482620239,
        0.9158117175102234,
        0.915959894657135,
        0.9162054061889648,
        0.9163004159927368,
        0.9166488647460938,
        0.9169151186943054,
        0.9169170260429382,
        0.9169226288795471,
        0.9170995354652405,
        0.9171987175941467,
        0.9174464344978333,
        0.9187738299369812,
        0.9193971753120422,
        0.9199277758598328,
        0.9202373623847961,
        0.9204281568527222,
        0.9204357266426086,
        0.9205352663993835,
        0.9207045435905457,
        0.9206955432891846
    ],
    "val_loss": [
        0.4204365611076355,
        0.31779447197914124,
        0.30035290122032166,
        0.29448798298835754,
        0.28989601135253906,
        0.2891242206096649,
        0.28605949878692627,
        0.2838952839374542,
        0.2729094624519348,
        0.24380609393119812,
        0.2366708666086197,
        0.23373174667358398,
        0.23149824142456055,
        0.2303321808576584,
        0.2294607013463974,
        0.2282176911830902,
        0.2274848371744156,
        0.22823113203048706,
        0.2280636727809906,
        0.22690588235855103,
        0.22807657718658447,
        0.22717192769050598,
        0.22519288957118988,
        0.2254599630832672,
        0.22480271756649017,
        0.22481180727481842,
        0.2248970866203308,
        0.22456133365631104,
        0.22433055937290192,
        0.2239990532398224,
        0.2234029471874237,
        0.22162574529647827,
        0.22100970149040222,
        0.2204875499010086,
        0.22011461853981018,
        0.2198399007320404,
        0.21998193860054016,
        0.2192910611629486,
        0.21935805678367615,
        0.21866761147975922
    ],
    "val_binary_accuracy": [
        0.835948646068573,
        0.8806996941566467,
        0.8904263377189636,
        0.8929283022880554,
        0.8946683406829834,
        0.8949933648109436,
        0.8965005874633789,
        0.8971551656723022,
        0.9027320742607117,
        0.9139976501464844,
        0.9168170690536499,
        0.9180869460105896,
        0.9194656610488892,
        0.9192479848861694,
        0.9200295805931091,
        0.9199963212013245,
        0.9209728837013245,
        0.9210832715034485,
        0.9202094674110413,
        0.9203107357025146,
        0.9202246069908142,
        0.9215715527534485,
        0.9216335415840149,
        0.9219979047775269,
        0.9215156435966492,
        0.9218829870223999,
        0.9222472906112671,
        0.9222971796989441,
        0.9233372807502747,
        0.9227129220962524,
        0.9230848550796509,
        0.9237258434295654,
        0.9239299297332764,
        0.9239767789840698,
        0.9240583777427673,
        0.9241808652877808,
        0.924052357673645,
        0.9243093729019165,
        0.9242322444915771,
        0.9242504239082336
    ]
}