{
    "loss": [
        0.3277864158153534,
        0.25370359420776367,
        0.24731138348579407,
        0.2417488992214203,
        0.23422259092330933,
        0.225396066904068,
        0.21640963852405548,
        0.21136783063411713,
        0.20603403449058533,
        0.20235620439052582,
        0.20029811561107635,
        0.19652825593948364,
        0.19316454231739044,
        0.19191931188106537,
        0.1913650929927826,
        0.18917696177959442,
        0.18744830787181854,
        0.18871337175369263,
        0.1860433965921402,
        0.18564438819885254,
        0.18355263769626617,
        0.18377284705638885,
        0.1835065633058548,
        0.1822744458913803,
        0.18136431276798248,
        0.1811920404434204,
        0.1807115525007248,
        0.18009290099143982,
        0.17949368059635162,
        0.17869895696640015,
        0.17947402596473694,
        0.1776880919933319,
        0.17825603485107422,
        0.1780039668083191,
        0.17737548053264618,
        0.17847512662410736,
        0.17723555862903595,
        0.17793293297290802,
        0.17675967514514923,
        0.17615024745464325
    ],
    "binary_accuracy": [
        0.8785977959632874,
        0.9218173623085022,
        0.9235486388206482,
        0.9248786568641663,
        0.9265846610069275,
        0.9287329912185669,
        0.9310046434402466,
        0.9320725798606873,
        0.9337921142578125,
        0.9345569014549255,
        0.9351078271865845,
        0.9358533620834351,
        0.936576247215271,
        0.9370781779289246,
        0.9373934268951416,
        0.9382415413856506,
        0.9386378526687622,
        0.9384278059005737,
        0.9392845630645752,
        0.939708411693573,
        0.9400108456611633,
        0.9400545954704285,
        0.9398916959762573,
        0.9404626488685608,
        0.9408499002456665,
        0.9404969215393066,
        0.9406949281692505,
        0.940656840801239,
        0.940972089767456,
        0.941125214099884,
        0.9407156705856323,
        0.9412326812744141,
        0.941363513469696,
        0.9413058161735535,
        0.9415332078933716,
        0.9413356184959412,
        0.9415411353111267,
        0.9415456652641296,
        0.9417515397071838,
        0.942003071308136
    ],
    "val_loss": [
        0.2512511610984802,
        0.24866916239261627,
        0.24165453016757965,
        0.23469001054763794,
        0.22690092027187347,
        0.216023787856102,
        0.2151845246553421,
        0.20543019473552704,
        0.2028016895055771,
        0.20233598351478577,
        0.18949955701828003,
        0.19409850239753723,
        0.18842776119709015,
        0.18463706970214844,
        0.1882682740688324,
        0.18681742250919342,
        0.1828107237815857,
        0.18237698078155518,
        0.18281234800815582,
        0.17990423738956451,
        0.1811116486787796,
        0.17948338389396667,
        0.18148328363895416,
        0.17583376169204712,
        0.18548546731472015,
        0.17746864259243011,
        0.17688289284706116,
        0.17659810185432434,
        0.17522692680358887,
        0.1706850379705429,
        0.1710512638092041,
        0.17635288834571838,
        0.17448493838310242,
        0.17477376759052277,
        0.17499025166034698,
        0.17110499739646912,
        0.1742781549692154,
        0.1746179461479187,
        0.17399226129055023,
        0.16978204250335693
    ],
    "val_binary_accuracy": [
        0.9220840334892273,
        0.9237893223762512,
        0.9237333536148071,
        0.9265391826629639,
        0.9278408288955688,
        0.9319482445716858,
        0.9323760867118835,
        0.9341070652008057,
        0.9358425736427307,
        0.9351894855499268,
        0.9378395676612854,
        0.9370716214179993,
        0.9376853704452515,
        0.9389492273330688,
        0.9400391578674316,
        0.939812421798706,
        0.9409507513046265,
        0.9398925304412842,
        0.9406453967094421,
        0.9406076073646545,
        0.9407618045806885,
        0.9415630102157593,
        0.9405395984649658,
        0.9421178698539734,
        0.940903902053833,
        0.9408509731292725,
        0.9417323470115662,
        0.9423491358757019,
        0.942804217338562,
        0.9435162544250488,
        0.9429478049278259,
        0.94249427318573,
        0.9432561993598938,
        0.9430551528930664,
        0.9429704546928406,
        0.9433045983314514,
        0.9431065320968628,
        0.9430717825889587,
        0.9428918957710266,
        0.9439002275466919
    ]
}