{
    "loss": [
        0.6259733438491821,
        0.5116811990737915,
        0.4738865792751312,
        0.4425819218158722,
        0.4124699831008911,
        0.3862108886241913,
        0.3656279444694519,
        0.3513706922531128,
        0.33935606479644775,
        0.33064302802085876,
        0.3236449658870697,
        0.31800830364227295,
        0.31301149725914,
        0.30842483043670654,
        0.30452507734298706,
        0.30165231227874756,
        0.29862338304519653,
        0.2958361506462097,
        0.2932088077068329,
        0.291000634431839,
        0.28895124793052673,
        0.28617116808891296,
        0.28424763679504395,
        0.2825278341770172,
        0.28106117248535156,
        0.27963986992836,
        0.27829766273498535,
        0.2772228419780731,
        0.276451051235199,
        0.2754192054271698,
        0.2742801606655121,
        0.2730361223220825,
        0.27203401923179626,
        0.27127692103385925,
        0.2703395485877991,
        0.26943421363830566,
        0.2684553861618042,
        0.2678065299987793,
        0.2671384811401367,
        0.2668408453464508
    ],
    "binary_accuracy": [
        0.6067036986351013,
        0.7484578490257263,
        0.7873144149780273,
        0.8226895928382874,
        0.8476259708404541,
        0.8611543774604797,
        0.8691209554672241,
        0.8744301199913025,
        0.8791645765304565,
        0.8825965523719788,
        0.8856883645057678,
        0.8882032632827759,
        0.8901581168174744,
        0.8918396234512329,
        0.8932680487632751,
        0.8946131467819214,
        0.8957486152648926,
        0.8969123363494873,
        0.8979169130325317,
        0.8990361094474792,
        0.9003567099571228,
        0.9013349413871765,
        0.9023621678352356,
        0.90325927734375,
        0.9040074348449707,
        0.9050214290618896,
        0.9059321284294128,
        0.9065837264060974,
        0.9074081182479858,
        0.9078443646430969,
        0.9085039496421814,
        0.9092732071876526,
        0.9101552367210388,
        0.9106435775756836,
        0.9111300706863403,
        0.9117190837860107,
        0.9122462868690491,
        0.9126527905464172,
        0.9130393266677856,
        0.9135434627532959
    ],
    "val_loss": [
        0.5433223247528076,
        0.4782271087169647,
        0.4493323266506195,
        0.41667309403419495,
        0.3883357048034668,
        0.3643783628940582,
        0.346626341342926,
        0.3357902467250824,
        0.32636740803718567,
        0.31872501969337463,
        0.31295132637023926,
        0.30781036615371704,
        0.30319738388061523,
        0.299165278673172,
        0.295543909072876,
        0.29262879490852356,
        0.2888486981391907,
        0.286830335855484,
        0.28440263867378235,
        0.28165584802627563,
        0.2797625958919525,
        0.27751532196998596,
        0.2754056453704834,
        0.27380019426345825,
        0.2725100517272949,
        0.270790159702301,
        0.26960769295692444,
        0.26881420612335205,
        0.26725801825523376,
        0.2665027976036072,
        0.2648018002510071,
        0.26454678177833557,
        0.26349976658821106,
        0.2624629735946655,
        0.2614380121231079,
        0.26130563020706177,
        0.25951337814331055,
        0.25917378067970276,
        0.2594250440597534,
        0.2577265501022339
    ],
    "val_binary_accuracy": [
        0.729463517665863,
        0.783508837223053,
        0.8152980804443359,
        0.8461938500404358,
        0.8634188175201416,
        0.8722036480903625,
        0.877754807472229,
        0.8819091320037842,
        0.8854178786277771,
        0.8881919980049133,
        0.890089213848114,
        0.8920514583587646,
        0.8935995101928711,
        0.894994854927063,
        0.8959442377090454,
        0.8971733450889587,
        0.8981045484542847,
        0.8989465832710266,
        0.899108350276947,
        0.9006110429763794,
        0.9012263417243958,
        0.9033427834510803,
        0.9041802883148193,
        0.9053519368171692,
        0.9057374000549316,
        0.9073489308357239,
        0.9076150059700012,
        0.9090481400489807,
        0.9102076888084412,
        0.9105327129364014,
        0.9109967947006226,
        0.9111056923866272,
        0.9122380018234253,
        0.9131389856338501,
        0.9145932793617249,
        0.9134504199028015,
        0.9150649309158325,
        0.915471613407135,
        0.9150044918060303,
        0.9162184596061707
    ]
}