{
    "loss": [
        0.5959254503250122,
        0.43310922384262085,
        0.38293635845184326,
        0.3479037284851074,
        0.32354307174682617,
        0.30949532985687256,
        0.3002578616142273,
        0.29356878995895386,
        0.2883155345916748,
        0.28418272733688354,
        0.28082409501075745,
        0.27929258346557617,
        0.27747321128845215,
        0.27509805560112,
        0.27327966690063477,
        0.2703114151954651,
        0.2671109437942505,
        0.2618579566478729,
        0.2562732696533203,
        0.250662624835968,
        0.24612925946712494,
        0.24380572140216827,
        0.24154354631900787,
        0.23948167264461517,
        0.2386639565229416,
        0.23726482689380646,
        0.2367134839296341,
        0.23533621430397034,
        0.23473824560642242,
        0.2342129349708557,
        0.23334647715091705,
        0.23284925520420074,
        0.23190969228744507,
        0.231102854013443,
        0.23069125413894653,
        0.23046138882637024,
        0.2302352339029312,
        0.22968024015426636,
        0.22924065589904785,
        0.2294090986251831
    ],
    "binary_accuracy": [
        0.7074506878852844,
        0.824165940284729,
        0.8547165393829346,
        0.8696582913398743,
        0.879558265209198,
        0.8844771385192871,
        0.887630820274353,
        0.8896663784980774,
        0.9002971649169922,
        0.9130841493606567,
        0.9149624705314636,
        0.915680468082428,
        0.916130006313324,
        0.9165410399436951,
        0.9169811010360718,
        0.9175912737846375,
        0.9181203246116638,
        0.9187248349189758,
        0.9194349050521851,
        0.9200050234794617,
        0.9204224944114685,
        0.9207860231399536,
        0.920976459980011,
        0.9212355017662048,
        0.9212524890899658,
        0.9214919805526733,
        0.9217008352279663,
        0.9218637943267822,
        0.9220730662345886,
        0.9220319390296936,
        0.9222231507301331,
        0.9222189784049988,
        0.9223894476890564,
        0.9225082397460938,
        0.9225497245788574,
        0.9225711822509766,
        0.9225791096687317,
        0.9226545691490173,
        0.9228445887565613,
        0.922809898853302
    ],
    "val_loss": [
        0.4751906991004944,
        0.39165452122688293,
        0.3534575402736664,
        0.3230052888393402,
        0.3053116500377655,
        0.29501786828041077,
        0.28747981786727905,
        0.2821780741214752,
        0.2773308753967285,
        0.2746501564979553,
        0.27231365442276,
        0.2717517018318176,
        0.2693699300289154,
        0.2672094404697418,
        0.26466134190559387,
        0.26123425364494324,
        0.25674954056739807,
        0.25065165758132935,
        0.2437906265258789,
        0.23881377279758453,
        0.23695431649684906,
        0.23429834842681885,
        0.232505664229393,
        0.23086760938167572,
        0.23098202049732208,
        0.23024749755859375,
        0.22925080358982086,
        0.22809547185897827,
        0.22763100266456604,
        0.22743657231330872,
        0.226633220911026,
        0.22608356177806854,
        0.22558045387268066,
        0.22496719658374786,
        0.2242891937494278,
        0.2243882566690445,
        0.2237982302904129,
        0.22366079688072205,
        0.22288347780704498,
        0.22341936826705933
    ],
    "val_binary_accuracy": [
        0.8074913620948792,
        0.855353593826294,
        0.8664740920066833,
        0.8784653544425964,
        0.8844791054725647,
        0.8885472416877747,
        0.8904898166656494,
        0.8917884230613708,
        0.91368168592453,
        0.9166477918624878,
        0.9183560609817505,
        0.9181897640228271,
        0.9191542863845825,
        0.9192313551902771,
        0.9197030067443848,
        0.9199811816215515,
        0.9208292961120605,
        0.921279788017273,
        0.9220795035362244,
        0.9224423170089722,
        0.9229668974876404,
        0.9228610992431641,
        0.9231861233711243,
        0.9233327507972717,
        0.9237349033355713,
        0.9233508706092834,
        0.9236487150192261,
        0.9237847924232483,
        0.9237651228904724,
        0.9236426949501038,
        0.9240205883979797,
        0.9239359498023987,
        0.9240266680717468,
        0.9238875508308411,
        0.9241490960121155,
        0.924002468585968,
        0.9241113066673279,
        0.924241304397583,
        0.9243108630180359,
        0.9244000315666199
    ]
}