{
    "loss": [
        0.5428310036659241,
        0.41351816058158875,
        0.36490219831466675,
        0.33328941464424133,
        0.31988272070884705,
        0.3116242289543152,
        0.30655738711357117,
        0.30174627900123596,
        0.29871702194213867,
        0.29640722274780273,
        0.2944074869155884,
        0.2907693684101105,
        0.28749027848243713,
        0.28421056270599365,
        0.28003644943237305,
        0.2704383432865143,
        0.2689095735549927,
        0.26815828680992126,
        0.26749229431152344,
        0.2670769691467285,
        0.2662574350833893,
        0.2661234736442566,
        0.2651136815547943,
        0.2648871839046478,
        0.2648089826107025,
        0.26433834433555603,
        0.26378756761550903,
        0.26335087418556213,
        0.26354125142097473,
        0.2630011737346649,
        0.2625027298927307,
        0.26248782873153687,
        0.26259514689445496,
        0.26254168152809143,
        0.26235201954841614,
        0.26227012276649475,
        0.26227807998657227,
        0.2618066370487213,
        0.2615855038166046,
        0.26132580637931824
    ],
    "binary_accuracy": [
        0.7409532070159912,
        0.8440601229667664,
        0.8710018992424011,
        0.8818902373313904,
        0.8850789666175842,
        0.8867650032043457,
        0.8877280950546265,
        0.8892644047737122,
        0.889967679977417,
        0.8902791738510132,
        0.8904443383216858,
        0.8957512378692627,
        0.908525824546814,
        0.9111628532409668,
        0.9144741296768188,
        0.9188703894615173,
        0.9199315309524536,
        0.9203810095787048,
        0.9208765029907227,
        0.9211397171020508,
        0.9213396310806274,
        0.9214874505996704,
        0.9217872023582458,
        0.9217838048934937,
        0.92186039686203,
        0.9219391942024231,
        0.9219474792480469,
        0.9219667315483093,
        0.9220361113548279,
        0.9220372438430786,
        0.9221258759498596,
        0.9221304059028625,
        0.922227680683136,
        0.9222468733787537,
        0.922275185585022,
        0.9223562479019165,
        0.9223769903182983,
        0.9223079681396484,
        0.9225648045539856,
        0.9225029349327087
    ],
    "val_loss": [
        0.4323854446411133,
        0.37508460879325867,
        0.3354659378528595,
        0.3152971863746643,
        0.30530908703804016,
        0.29933175444602966,
        0.2950449585914612,
        0.2914378345012665,
        0.28904175758361816,
        0.2869201898574829,
        0.2841825485229492,
        0.2834867835044861,
        0.27939271926879883,
        0.27635446190834045,
        0.26687461137771606,
        0.26278138160705566,
        0.26221245527267456,
        0.26225578784942627,
        0.26174166798591614,
        0.2621273398399353,
        0.26255977153778076,
        0.2605908215045929,
        0.26018354296684265,
        0.2610194683074951,
        0.26085585355758667,
        0.25999701023101807,
        0.2600688636302948,
        0.25915825366973877,
        0.25957193970680237,
        0.25943490862846375,
        0.25873467326164246,
        0.2586621940135956,
        0.25885623693466187,
        0.2594437897205353,
        0.2587166130542755,
        0.2587834596633911,
        0.25849610567092896,
        0.2582247257232666,
        0.25825265049934387,
        0.25795650482177734
    ],
    "val_binary_accuracy": [
        0.8419926762580872,
        0.8676804304122925,
        0.881085216999054,
        0.887576699256897,
        0.8892154097557068,
        0.8898246884346008,
        0.8906742930412292,
        0.8910990953445435,
        0.8913711905479431,
        0.8917461037635803,
        0.8923054337501526,
        0.907350480556488,
        0.9106914401054382,
        0.9131465554237366,
        0.9192585945129395,
        0.9211210608482361,
        0.9223576784133911,
        0.9225632548332214,
        0.9227582812309265,
        0.922965407371521,
        0.9222760200500488,
        0.9234219789505005,
        0.9233297109603882,
        0.9231196045875549,
        0.9232692718505859,
        0.9234234690666199,
        0.9233282208442688,
        0.9235262870788574,
        0.9237303733825684,
        0.92381352186203,
        0.9236078858375549,
        0.9234294891357422,
        0.9236713647842407,
        0.9237893223762512,
        0.9237711429595947,
        0.923618495464325,
        0.9236472249031067,
        0.9236577749252319,
        0.9235550165176392,
        0.9238875508308411
    ]
}