{
    "loss": [
        0.5729494094848633,
        0.4340071380138397,
        0.37391793727874756,
        0.33647480607032776,
        0.3117625117301941,
        0.29292112588882446,
        0.2796818017959595,
        0.27118566632270813,
        0.26482656598091125,
        0.26113736629486084,
        0.25802555680274963,
        0.2551743686199188,
        0.25143757462501526,
        0.24859994649887085,
        0.24453575909137726,
        0.24146607518196106,
        0.23871853947639465,
        0.23543241620063782,
        0.23262619972229004,
        0.23090283572673798,
        0.22743292152881622,
        0.22524313628673553,
        0.22397123277187347,
        0.2227853536605835,
        0.2211281955242157,
        0.2199350744485855,
        0.2195020467042923,
        0.21831829845905304,
        0.2173800766468048,
        0.21654397249221802,
        0.2156277745962143,
        0.21524178981781006,
        0.21441172063350677,
        0.21390016376972198,
        0.21356803178787231,
        0.2125915139913559,
        0.2124778926372528,
        0.21154825389385223,
        0.2110443264245987,
        0.2104332149028778
    ],
    "binary_accuracy": [
        0.6982083916664124,
        0.8259899616241455,
        0.8630632162094116,
        0.8802754878997803,
        0.8908795118331909,
        0.9001625180244446,
        0.9074310660362244,
        0.9120942950248718,
        0.9149839878082275,
        0.917061448097229,
        0.9184631109237671,
        0.9194574952125549,
        0.9202592372894287,
        0.9208007454872131,
        0.9213697910308838,
        0.9218999743461609,
        0.9222435355186462,
        0.9226051568984985,
        0.922875165939331,
        0.9232077598571777,
        0.9234264492988586,
        0.9236440658569336,
        0.9237922430038452,
        0.9240192770957947,
        0.9241991639137268,
        0.9243677258491516,
        0.9245155453681946,
        0.924748957157135,
        0.9248737692832947,
        0.9249902963638306,
        0.9251618981361389,
        0.9253873825073242,
        0.9254956245422363,
        0.9256494641304016,
        0.925763726234436,
        0.9259172081947327,
        0.9260499477386475,
        0.9261732697486877,
        0.9263010621070862,
        0.9265009164810181
    ],
    "val_loss": [
        0.4638475179672241,
        0.39022257924079895,
        0.34211987257003784,
        0.3135146498680115,
        0.29218950867652893,
        0.2763179540634155,
        0.26756927371025085,
        0.2609153687953949,
        0.25722020864486694,
        0.2541082501411438,
        0.25140681862831116,
        0.25035223364830017,
        0.24611225724220276,
        0.24242118000984192,
        0.23812024295330048,
        0.23519295454025269,
        0.2329670637845993,
        0.22990365326404572,
        0.2268151342868805,
        0.22506879270076752,
        0.22269631922245026,
        0.22088348865509033,
        0.219711035490036,
        0.21820463240146637,
        0.21724317967891693,
        0.21576659381389618,
        0.21666979789733887,
        0.21547210216522217,
        0.21350224316120148,
        0.2126345932483673,
        0.21207329630851746,
        0.21178828179836273,
        0.21093405783176422,
        0.21063657104969025,
        0.20980042219161987,
        0.20892947912216187,
        0.20867988467216492,
        0.20836515724658966,
        0.2071608453989029,
        0.20759758353233337
    ],
    "val_binary_accuracy": [
        0.8166420459747314,
        0.8583332300186157,
        0.8790080547332764,
        0.8889977335929871,
        0.8978263735771179,
        0.9054895043373108,
        0.9113203287124634,
        0.9146220088005066,
        0.9176576137542725,
        0.9189244508743286,
        0.9191391468048096,
        0.9210787415504456,
        0.9216471314430237,
        0.9216985702514648,
        0.922551155090332,
        0.9223591685295105,
        0.923054575920105,
        0.9236698746681213,
        0.9236366152763367,
        0.9238860607147217,
        0.924191415309906,
        0.9245603084564209,
        0.9244212508201599,
        0.9248475432395935,
        0.9250470995903015,
        0.9250455498695374,
        0.925139307975769,
        0.9254159331321716,
        0.9255747199058533,
        0.9254673719406128,
        0.9258029460906982,
        0.9262338280677795,
        0.9262927770614624,
        0.9266102313995361,
        0.9265966415405273,
        0.9265875816345215,
        0.9268233776092529,
        0.9265890717506409,
        0.926719069480896,
        0.9269730448722839
    ]
}