{
    "loss": [
        0.6448485851287842,
        0.5143805742263794,
        0.4865491986274719,
        0.4688645601272583,
        0.44645193219184875,
        0.4209079146385193,
        0.388917475938797,
        0.3551667034626007,
        0.3299233019351959,
        0.31492581963539124,
        0.304642915725708,
        0.2980150878429413,
        0.29233765602111816,
        0.28793251514434814,
        0.28369686007499695,
        0.2802169620990753,
        0.2770226001739502,
        0.2736421525478363,
        0.2703646719455719,
        0.2681505084037781,
        0.26534438133239746,
        0.2629372477531433,
        0.26063111424446106,
        0.25899848341941833,
        0.2575303912162781,
        0.2563870847225189,
        0.2549446225166321,
        0.25431689620018005,
        0.2528136074542999,
        0.2526232898235321,
        0.25145483016967773,
        0.25072333216667175,
        0.25024691224098206,
        0.2492242157459259,
        0.24868226051330566,
        0.24754741787910461,
        0.24733509123325348,
        0.2465972602367401,
        0.24634438753128052,
        0.24529622495174408
    ],
    "binary_accuracy": [
        0.6188684701919556,
        0.738106906414032,
        0.7629859447479248,
        0.7828164100646973,
        0.8074518442153931,
        0.8298484683036804,
        0.8496540188789368,
        0.8656165599822998,
        0.8758581876754761,
        0.8815169334411621,
        0.8851125240325928,
        0.8876100778579712,
        0.889392614364624,
        0.8909119367599487,
        0.8921499252319336,
        0.8933826684951782,
        0.8943239450454712,
        0.8953496217727661,
        0.8963613510131836,
        0.8971778154373169,
        0.8981462121009827,
        0.898918092250824,
        0.8995908498764038,
        0.9000995755195618,
        0.9008552432060242,
        0.901083767414093,
        0.9016004204750061,
        0.9021509885787964,
        0.9025269150733948,
        0.9028327465057373,
        0.9034021496772766,
        0.9037400484085083,
        0.9037460684776306,
        0.9044610857963562,
        0.904700517654419,
        0.9053012728691101,
        0.905639111995697,
        0.9060890078544617,
        0.9063054323196411,
        0.9069420099258423
    ],
    "val_loss": [
        0.5420861840248108,
        0.48756542801856995,
        0.469798743724823,
        0.45072805881500244,
        0.42813897132873535,
        0.39659708738327026,
        0.3606381416320801,
        0.3271777331829071,
        0.30928924679756165,
        0.2966617941856384,
        0.29050421714782715,
        0.28147053718566895,
        0.27786320447921753,
        0.27361077070236206,
        0.269610732793808,
        0.26448294520378113,
        0.26346921920776367,
        0.2596108317375183,
        0.2568332850933075,
        0.253899484872818,
        0.2541378438472748,
        0.24930927157402039,
        0.2478734850883484,
        0.24615654349327087,
        0.24628864228725433,
        0.2422812283039093,
        0.24418817460536957,
        0.24173060059547424,
        0.24028876423835754,
        0.23934662342071533,
        0.2399868369102478,
        0.2381405234336853,
        0.23730424046516418,
        0.23539425432682037,
        0.2369862049818039,
        0.23426233232021332,
        0.23340655863285065,
        0.23375588655471802,
        0.2331165373325348,
        0.23374268412590027
    ],
    "val_binary_accuracy": [
        0.7289571166038513,
        0.7638590335845947,
        0.7749114632606506,
        0.7981215119361877,
        0.8247027397155762,
        0.8467456698417664,
        0.8660099506378174,
        0.8803096413612366,
        0.886689305305481,
        0.8903507590293884,
        0.8929358720779419,
        0.8939971327781677,
        0.8958883285522461,
        0.8968014121055603,
        0.8982935547828674,
        0.8982481956481934,
        0.8996163010597229,
        0.899746298789978,
        0.900659441947937,
        0.9007909297943115,
        0.9017554521560669,
        0.9015891551971436,
        0.9029210209846497,
        0.902399480342865,
        0.9032657146453857,
        0.9042800664901733,
        0.9043662548065186,
        0.9046187400817871,
        0.9050087332725525,
        0.9044962525367737,
        0.9064705967903137,
        0.9061607122421265,
        0.9066762328147888,
        0.906840980052948,
        0.9069694876670837,
        0.908027708530426,
        0.907394289970398,
        0.9075424671173096,
        0.9087866544723511,
        0.9095773100852966
    ]
}