{
    "loss": [
        0.617792546749115,
        0.47667261958122253,
        0.3473831117153168,
        0.27596724033355713,
        0.2538089156150818,
        0.2426198124885559,
        0.23625004291534424,
        0.23014003038406372,
        0.22579409182071686,
        0.2227926105260849,
        0.22267653048038483,
        0.21822762489318848,
        0.21677322685718536,
        0.21536724269390106,
        0.21364526450634003,
        0.212496817111969,
        0.21101036667823792,
        0.22666825354099274,
        0.22640417516231537,
        0.22403651475906372,
        0.22277940809726715,
        0.2199253886938095,
        0.21848613023757935,
        0.21750310063362122,
        0.21572135388851166,
        0.21410085260868073,
        0.21181780099868774
    ],
    "binary_accuracy": [
        0.7233597040176392,
        0.8391740918159485,
        0.8809075355529785,
        0.8960759043693542,
        0.9055554270744324,
        0.9132896661758423,
        0.9175456166267395,
        0.9203372597694397,
        0.9218019247055054,
        0.9226654767990112,
        0.9233114719390869,
        0.9240388870239258,
        0.9243567585945129,
        0.9247753620147705,
        0.9252659678459167,
        0.9256407618522644,
        0.9261906147003174,
        0.9265118837356567,
        0.9269493222236633,
        0.927180826663971,
        0.9275851249694824,
        0.9280417561531067,
        0.928438127040863,
        0.9288020133972168,
        0.9291632771492004,
        0.9296824932098389,
        0.9302406311035156
    ],
    "val_loss": [
        0.5608493685722351,
        0.39110857248306274,
        0.29600977897644043,
        0.2531610131263733,
        0.24102112650871277,
        0.23392990231513977,
        0.22859831154346466,
        0.22391624748706818,
        0.2201760858297348,
        0.21830767393112183,
        0.21646568179130554,
        0.21404677629470825,
        0.2141665369272232,
        0.21156391501426697,
        0.21150636672973633,
        0.2089848518371582,
        0.20802247524261475,
        0.22623328864574432,
        0.22304308414459229,
        0.22287407517433167,
        0.21986135840415955,
        0.2177254557609558,
        0.21660715341567993,
        0.21368084847927094,
        0.21353866159915924,
        0.21031269431114197,
        0.21136759221553802
    ],
    "val_binary_accuracy": [
        0.7917963266372681,
        0.8741174936294556,
        0.8917204141616821,
        0.9035771489143372,
        0.9117224812507629,
        0.9166281223297119,
        0.9204800724983215,
        0.9228520393371582,
        0.9234234690666199,
        0.9234990477561951,
        0.9248294234275818,
        0.9250062704086304,
        0.9256064295768738,
        0.9258936643600464,
        0.9263079166412354,
        0.9271000623703003,
        0.9274099469184875,
        0.9281144738197327,
        0.9277395009994507,
        0.9286510944366455,
        0.9291333556175232,
        0.929157555103302,
        0.9298892617225647,
        0.9299315810203552,
        0.9297879338264465,
        0.930787205696106,
        0.9306390881538391
    ]
}