{
    "loss": [
        0.5837824940681458,
        0.4605698585510254,
        0.4172059893608093,
        0.3832437992095947,
        0.3594653308391571,
        0.3417682945728302,
        0.325713574886322,
        0.31561189889907837,
        0.30777862668037415,
        0.2996567189693451,
        0.29383403062820435,
        0.2895786464214325,
        0.286100834608078,
        0.28513702750205994,
        0.28687673807144165,
        0.28532734513282776,
        0.28257712721824646,
        0.283867746591568,
        0.2899409234523773,
        0.289297878742218,
        0.2902184724807739,
        0.290648490190506,
        0.28820109367370605
    ],
    "binary_accuracy": [
        0.693770706653595,
        0.7957361340522766,
        0.8308247327804565,
        0.8513777256011963,
        0.8647665977478027,
        0.8750960826873779,
        0.883490264415741,
        0.8909462690353394,
        0.895774245262146,
        0.8991104364395142,
        0.9017388224601746,
        0.9041556119918823,
        0.9058031439781189,
        0.9067232608795166,
        0.905923068523407,
        0.9063869118690491,
        0.9082090258598328,
        0.9073466062545776,
        0.9039957523345947,
        0.9038407206535339,
        0.902733564376831,
        0.902945876121521,
        0.9050727486610413
    ],
    "val_loss": [
        0.4737587869167328,
        0.42725425958633423,
        0.3896193504333496,
        0.3653723895549774,
        0.336619108915329,
        0.31429845094680786,
        0.303730309009552,
        0.29960334300994873,
        0.303460955619812,
        0.29022878408432007,
        0.2864004075527191,
        0.3099943697452545,
        0.27158787846565247,
        0.27645793557167053,
        0.2819729447364807,
        0.27162978053092957,
        0.27404430508613586,
        0.3006551265716553,
        0.2946646511554718,
        0.2946622371673584,
        0.2749462425708771,
        0.29149696230888367,
        0.2823878228664398
    ],
    "val_binary_accuracy": [
        0.7805034518241882,
        0.8247299194335938,
        0.8489482998847961,
        0.8594731092453003,
        0.875880241394043,
        0.8894557952880859,
        0.9004840850830078,
        0.9044463634490967,
        0.9049014449119568,
        0.8958278298377991,
        0.9140641689300537,
        0.8962284922599792,
        0.9104359745979309,
        0.906906008720398,
        0.9114307165145874,
        0.9108909964561462,
        0.9087518453598022,
        0.9003903269767761,
        0.9002028703689575,
        0.9000048637390137,
        0.9077510833740234,
        0.9028650522232056,
        0.9061758518218994
    ]
}