{
    "loss": [
        0.5272644758224487,
        0.3782341778278351,
        0.3532216548919678,
        0.33381322026252747,
        0.32538872957229614,
        0.319474995136261,
        0.3186275064945221,
        0.3116164803504944,
        0.3135092854499817,
        0.31420671939849854,
        0.3082127869129181,
        0.30127087235450745,
        0.2999611496925354,
        0.2963096797466278,
        0.2927633821964264,
        0.29072824120521545,
        0.28798019886016846,
        0.2875179052352905,
        0.2748793065547943,
        0.2722780406475067,
        0.27773532271385193,
        0.28061771392822266,
        0.27181047201156616,
        0.2690213620662689,
        0.2700791656970978,
        0.27097758650779724,
        0.26544812321662903,
        0.2656998336315155,
        0.2673342823982239,
        0.26653939485549927,
        0.2635456323623657,
        0.26786008477211,
        0.2617395222187042,
        0.26058071851730347,
        0.26224374771118164,
        0.263348788022995,
        0.2666572034358978,
        0.2636810541152954,
        0.26710188388824463,
        0.2666589617729187
    ],
    "binary_accuracy": [
        0.7437757849693298,
        0.8606864213943481,
        0.8708295822143555,
        0.8826923370361328,
        0.8916268944740295,
        0.8945965766906738,
        0.8952821493148804,
        0.8976744413375854,
        0.8987993001937866,
        0.8968222141265869,
        0.8971958756446838,
        0.9014918208122253,
        0.9024198651313782,
        0.9019439220428467,
        0.9018043875694275,
        0.9014065861701965,
        0.9034972190856934,
        0.9027419090270996,
        0.905164361000061,
        0.9063292145729065,
        0.9054449200630188,
        0.9029983282089233,
        0.9070321321487427,
        0.9067545533180237,
        0.9062749147415161,
        0.9059867858886719,
        0.9082112908363342,
        0.9101805090904236,
        0.9098712801933289,
        0.9099870920181274,
        0.911533534526825,
        0.9105602502822876,
        0.9126874804496765,
        0.9132964611053467,
        0.9118197560310364,
        0.9125045537948608,
        0.9114313721656799,
        0.9118461608886719,
        0.9103226661682129,
        0.9103166460990906
    ],
    "val_loss": [
        0.4010056257247925,
        0.3846459686756134,
        0.31868496537208557,
        0.32362473011016846,
        0.31135064363479614,
        0.3064191937446594,
        0.30062806606292725,
        0.31249961256980896,
        0.3035978674888611,
        0.3009489178657532,
        0.2815379202365875,
        0.27398809790611267,
        0.27559831738471985,
        0.27311891317367554,
        0.2893546521663666,
        0.28727254271507263,
        0.2670018672943115,
        0.2706183195114136,
        0.27521833777427673,
        0.26455357670783997,
        0.27366745471954346,
        0.27466195821762085,
        0.24770671129226685,
        0.26360106468200684,
        0.2822880744934082,
        0.25238484144210815,
        0.25224870443344116,
        0.2521832585334778,
        0.2476055920124054,
        0.26649415493011475,
        0.27146270871162415,
        0.2455718219280243,
        0.2503879964351654,
        0.24508744478225708,
        0.2514800727367401,
        0.24975574016571045,
        0.2691531777381897,
        0.24623379111289978,
        0.24759028851985931,
        0.2666812539100647
    ],
    "val_binary_accuracy": [
        0.8413622975349426,
        0.8590452671051025,
        0.8823081851005554,
        0.8898428082466125,
        0.8933939337730408,
        0.896291971206665,
        0.8960455656051636,
        0.9043859243392944,
        0.9015710353851318,
        0.8937219977378845,
        0.9043995141983032,
        0.9108879566192627,
        0.9088335037231445,
        0.9090451598167419,
        0.8968210816383362,
        0.9033533930778503,
        0.9151254296302795,
        0.9067639112472534,
        0.9040729999542236,
        0.9092310667037964,
        0.9051175713539124,
        0.9068379998207092,
        0.9141548871994019,
        0.9075726866722107,
        0.8954166769981384,
        0.9123075008392334,
        0.9128562808036804,
        0.9135214686393738,
        0.9163287878036499,
        0.9102545380592346,
        0.914848804473877,
        0.9194460511207581,
        0.9170892238616943,
        0.9179327487945557,
        0.915625810623169,
        0.9177528619766235,
        0.9088819026947021,
        0.9197075366973877,
        0.9141654372215271,
        0.9119855165481567
    ]
}