{
  "timestamp": "2026-02-23T21:29:56.323530",
  "metric_name": "weighted_bkg_rej",
  "bkg_rej_weights": {
    "0.95": 0.1,
    "0.98": 0.7,
    "0.99": 0.2
  },
  "total_models": 147,
  "primary_pareto_models": 17,
  "secondary_pareto_models": 16,
  "primary_metric_range": {
    "min": 0.0,
    "max": 0.8714831242573494,
    "mean": 0.7110982663192054
  },
  "parameters_range": {
    "min": 363,
    "max": 17739,
    "mean": 5776.619047619048
  },
  "auc_range": {
    "min": 0.33327577978640244,
    "max": 0.9613163402168605,
    "mean": 0.8834253766301703
  }
}