{
    "loss": [
        0.5125206708908081,
        0.3788774609565735,
        0.3154715895652771,
        0.2810002267360687,
        0.26495543122291565,
        0.25580307841300964,
        0.25142374634742737,
        0.2485245168209076,
        0.24680966138839722,
        0.24436591565608978,
        0.242829367518425,
        0.24085593223571777,
        0.23850350081920624,
        0.236642524600029,
        0.23547300696372986,
        0.23317191004753113,
        0.2317945808172226,
        0.22998417913913727,
        0.2289440929889679,
        0.22647666931152344,
        0.22570154070854187,
        0.22409795224666595,
        0.22211982309818268,
        0.22026875615119934,
        0.21861222386360168,
        0.21658265590667725,
        0.21419399976730347,
        0.21262498199939728,
        0.21168950200080872,
        0.20988470315933228,
        0.20942683517932892,
        0.2072535753250122,
        0.20635618269443512,
        0.2050096094608307,
        0.20409615337848663,
        0.20235328376293182,
        0.2012643814086914,
        0.19999007880687714,
        0.19889649748802185,
        0.19780032336711884
    ],
    "binary_accuracy": [
        0.7483733892440796,
        0.8590219020843506,
        0.8875964879989624,
        0.9053627252578735,
        0.9147652983665466,
        0.9183310866355896,
        0.9203293323516846,
        0.9215089082717896,
        0.9223275780677795,
        0.9229618906974792,
        0.9233589768409729,
        0.923865020275116,
        0.9243149161338806,
        0.9246452450752258,
        0.9250181913375854,
        0.9253243803977966,
        0.925751268863678,
        0.9261581897735596,
        0.9266431331634521,
        0.9269881844520569,
        0.9274798631668091,
        0.9279950261116028,
        0.9283427000045776,
        0.9288514256477356,
        0.9291455149650574,
        0.929667055606842,
        0.9300377368927002,
        0.930361270904541,
        0.930626392364502,
        0.9310457110404968,
        0.9312602877616882,
        0.9316943287849426,
        0.931908905506134,
        0.9322754740715027,
        0.9324862360954285,
        0.9327490925788879,
        0.9331435561180115,
        0.9333980679512024,
        0.9337337017059326,
        0.933967113494873
    ],
    "val_loss": [
        0.42177367210388184,
        0.32971668243408203,
        0.2869035601615906,
        0.2643338441848755,
        0.25358685851097107,
        0.25066933035850525,
        0.24594317376613617,
        0.2451256960630417,
        0.24215568602085114,
        0.23972079157829285,
        0.23958167433738708,
        0.23718726634979248,
        0.23387834429740906,
        0.23590786755084991,
        0.22984421253204346,
        0.22710822522640228,
        0.22738848626613617,
        0.2260659635066986,
        0.22619308531284332,
        0.22603775560855865,
        0.2231026142835617,
        0.22022157907485962,
        0.2190263718366623,
        0.21717222034931183,
        0.21410560607910156,
        0.21205131709575653,
        0.2104545384645462,
        0.2084459364414215,
        0.2113264501094818,
        0.20742204785346985,
        0.2051313817501068,
        0.2035154402256012,
        0.203246608376503,
        0.2036118507385254,
        0.2030419260263443,
        0.20026648044586182,
        0.1982554942369461,
        0.1961854249238968,
        0.1955949366092682,
        0.19678060710430145
    ],
    "val_binary_accuracy": [
        0.8353137373924255,
        0.8812560439109802,
        0.9006730318069458,
        0.9135789275169373,
        0.917526125907898,
        0.9205995202064514,
        0.9220659136772156,
        0.9227991104125977,
        0.9236668348312378,
        0.9240583777427673,
        0.9249730110168457,
        0.9248687028884888,
        0.9255217909812927,
        0.9257047176361084,
        0.9254673719406128,
        0.9263063669204712,
        0.9265739917755127,
        0.9271544814109802,
        0.9278846383094788,
        0.9278725385665894,
        0.9285483360290527,
        0.9291832447052002,
        0.9293374419212341,
        0.9296881556510925,
        0.9297516942024231,
        0.9303730130195618,
        0.9309096932411194,
        0.9315627813339233,
        0.9314478635787964,
        0.9324426054954529,
        0.9323609471321106,
        0.9324199557304382,
        0.9327903389930725,
        0.9331047534942627,
        0.9337109923362732,
        0.9338228106498718,
        0.933863639831543,
        0.9343957901000977,
        0.9341327548027039,
        0.9345349073410034
    ]
}