{
    "loss": [
        0.7015609741210938,
        0.6504977345466614,
        0.5853083729743958,
        0.537757396697998,
        0.5123937726020813,
        0.49044644832611084,
        0.4689890444278717,
        0.4466533362865448,
        0.4216962456703186,
        0.3988460302352905,
        0.38463035225868225,
        0.37280651926994324,
        0.3636229336261749,
        0.3557036817073822,
        0.3485860526561737,
        0.3423387110233307,
        0.33608347177505493,
        0.33052006363868713,
        0.3256656229496002,
        0.32051727175712585,
        0.31585943698883057,
        0.31161001324653625,
        0.3074565827846527,
        0.30393239855766296,
        0.30053991079330444,
        0.2969461977481842,
        0.29366201162338257,
        0.2906861901283264,
        0.28703179955482483,
        0.28382715582847595,
        0.28071069717407227,
        0.2773437201976776,
        0.27550211548805237,
        0.2730239927768707,
        0.2710275650024414,
        0.2693028151988983,
        0.26749834418296814,
        0.26518937945365906,
        0.2635519206523895,
        0.2612611651420593
    ],
    "binary_accuracy": [
        0.4968353807926178,
        0.6043392419815063,
        0.7066444754600525,
        0.7538431882858276,
        0.7703280448913574,
        0.783836841583252,
        0.7977113723754883,
        0.8125109672546387,
        0.8266438841819763,
        0.8394139409065247,
        0.8497656583786011,
        0.857327938079834,
        0.8631269931793213,
        0.8673640489578247,
        0.8706410527229309,
        0.8737490773200989,
        0.8764023184776306,
        0.8786366581916809,
        0.8807608485221863,
        0.8824136257171631,
        0.8839914202690125,
        0.885252058506012,
        0.8861092329025269,
        0.886711835861206,
        0.8873921036720276,
        0.8879807591438293,
        0.888420045375824,
        0.8899303674697876,
        0.8943857550621033,
        0.8970744609832764,
        0.899078369140625,
        0.9006874561309814,
        0.9020299315452576,
        0.9032996296882629,
        0.9045941829681396,
        0.9061821699142456,
        0.9074389934539795,
        0.9086287617683411,
        0.9098113179206848,
        0.9106341600418091
    ],
    "val_loss": [
        0.6710523962974548,
        0.6142968535423279,
        0.5456076264381409,
        0.5130526423454285,
        0.4910646080970764,
        0.4696666896343231,
        0.44874122738838196,
        0.4262438416481018,
        0.39527958631515503,
        0.3781450390815735,
        0.3658020496368408,
        0.35555776953697205,
        0.3476048707962036,
        0.3406211733818054,
        0.33413803577423096,
        0.3285447359085083,
        0.3232283890247345,
        0.3179233968257904,
        0.3129597306251526,
        0.30835920572280884,
        0.3046412169933319,
        0.30023717880249023,
        0.2964997887611389,
        0.2931896150112152,
        0.2899932265281677,
        0.28682929277420044,
        0.2835424244403839,
        0.28020232915878296,
        0.27687937021255493,
        0.27387380599975586,
        0.2699694037437439,
        0.2685264050960541,
        0.26615503430366516,
        0.26323872804641724,
        0.26144519448280334,
        0.2595175504684448,
        0.25843170285224915,
        0.2559586465358734,
        0.25393372774124146,
        0.2517920136451721
    ],
    "val_binary_accuracy": [
        0.5569902062416077,
        0.673009991645813,
        0.7503212690353394,
        0.7769690155982971,
        0.7894001603126526,
        0.801996111869812,
        0.8162867426872253,
        0.8304504156112671,
        0.8431733846664429,
        0.854396641254425,
        0.8615018725395203,
        0.8673826456069946,
        0.871263325214386,
        0.8739315867424011,
        0.8766089081764221,
        0.8785015940666199,
        0.8806543350219727,
        0.8825289011001587,
        0.8841268420219421,
        0.8853468298912048,
        0.8865607976913452,
        0.8873348236083984,
        0.8880392909049988,
        0.8886470198631287,
        0.8891247510910034,
        0.8894527554512024,
        0.8897445201873779,
        0.8950024247169495,
        0.8977024555206299,
        0.8999398350715637,
        0.901889979839325,
        0.9027758836746216,
        0.9039127230644226,
        0.9051478505134583,
        0.9060322046279907,
        0.9072386026382446,
        0.9091086387634277,
        0.9101880192756653,
        0.9115304946899414,
        0.9124374985694885
    ]
}