{
    "loss": [
        0.40841490030288696,
        0.2707304060459137,
        0.25803443789482117,
        0.2530408799648285,
        0.24917422235012054,
        0.24473069608211517,
        0.24182498455047607,
        0.2382122278213501,
        0.23487205803394318,
        0.2326366901397705,
        0.2293211966753006,
        0.22564198076725006,
        0.22222472727298737,
        0.2189750075340271,
        0.21688729524612427,
        0.21440783143043518,
        0.21253935992717743,
        0.21021884679794312,
        0.20834845304489136,
        0.20607730746269226,
        0.20500816404819489,
        0.20342060923576355,
        0.2013508826494217,
        0.19963087141513824,
        0.19919298589229584,
        0.1975785195827484,
        0.19673855602741241,
        0.19582533836364746,
        0.19494956731796265,
        0.19394198060035706,
        0.19294686615467072,
        0.19204413890838623,
        0.19149795174598694,
        0.19026704132556915,
        0.18899452686309814,
        0.18849527835845947,
        0.18792690336704254,
        0.18695935606956482,
        0.18544438481330872,
        0.18531906604766846
    ],
    "binary_accuracy": [
        0.8304246664047241,
        0.9142788052558899,
        0.9211356043815613,
        0.9226862192153931,
        0.9236534833908081,
        0.9242338538169861,
        0.9247681498527527,
        0.925057053565979,
        0.9255540370941162,
        0.9261034727096558,
        0.9266751408576965,
        0.9270311594009399,
        0.927472710609436,
        0.9279308915138245,
        0.9284546971321106,
        0.9291534423828125,
        0.9297394752502441,
        0.9302014112472534,
        0.9308360815048218,
        0.9315710067749023,
        0.9321276545524597,
        0.9325718283653259,
        0.9330605864524841,
        0.93346107006073,
        0.9338374137878418,
        0.9343363046646118,
        0.9346907734870911,
        0.9350407123565674,
        0.9353657364845276,
        0.9355543255805969,
        0.9358054399490356,
        0.9361116886138916,
        0.9362817406654358,
        0.9365713596343994,
        0.9367644190788269,
        0.9368813037872314,
        0.9371724724769592,
        0.9373572468757629,
        0.9374269843101501,
        0.9377422332763672
    ],
    "val_loss": [
        0.28105512261390686,
        0.2576400935649872,
        0.2500302493572235,
        0.24878284335136414,
        0.24659916758537292,
        0.242840975522995,
        0.2369266152381897,
        0.23308195173740387,
        0.2312934696674347,
        0.22858943045139313,
        0.22438916563987732,
        0.2228434830904007,
        0.21740442514419556,
        0.21861866116523743,
        0.21201930940151215,
        0.2103578895330429,
        0.20959565043449402,
        0.20679029822349548,
        0.2039695531129837,
        0.205179363489151,
        0.19989274442195892,
        0.2003699392080307,
        0.19798174500465393,
        0.19699229300022125,
        0.19693490862846375,
        0.1958460509777069,
        0.19409841299057007,
        0.19295549392700195,
        0.19535335898399353,
        0.19182263314723969,
        0.19124692678451538,
        0.18958300352096558,
        0.1857507973909378,
        0.18840937316417694,
        0.18591667711734772,
        0.18547780811786652,
        0.1841413527727127,
        0.18297936022281647,
        0.18194134533405304,
        0.18351416289806366
    ],
    "val_binary_accuracy": [
        0.9048742055892944,
        0.9213221073150635,
        0.9228913187980652,
        0.924256443977356,
        0.9249125719070435,
        0.9253448843955994,
        0.9253751635551453,
        0.9258483052253723,
        0.9264106750488281,
        0.9269881844520569,
        0.9275384545326233,
        0.9277047514915466,
        0.9284742474555969,
        0.929142415523529,
        0.9292784929275513,
        0.9300570487976074,
        0.9306678175926208,
        0.9311394691467285,
        0.9321115016937256,
        0.9324048161506653,
        0.9326844811439514,
        0.9331788420677185,
        0.9341146349906921,
        0.934113085269928,
        0.9348750114440918,
        0.9348402619361877,
        0.9361947774887085,
        0.935948371887207,
        0.9363565444946289,
        0.9365454912185669,
        0.9369022846221924,
        0.9367873668670654,
        0.9376022219657898,
        0.9377730488777161,
        0.9383928775787354,
        0.9378955364227295,
        0.9385289549827576,
        0.9386196732521057,
        0.9387224316596985,
        0.9388464093208313
    ]
}