{
    "loss": [
        0.6021616458892822,
        0.44502851366996765,
        0.3775816857814789,
        0.3372012674808502,
        0.3160240650177002,
        0.30084988474845886,
        0.2879575490951538,
        0.27951374650001526,
        0.27300459146499634,
        0.2679522633552551,
        0.2644697427749634,
        0.2621519863605499,
        0.2595968246459961,
        0.258229523897171,
        0.25736331939697266,
        0.25612929463386536,
        0.2556478977203369,
        0.25507575273513794,
        0.25468480587005615,
        0.2544111907482147,
        0.2537018656730652,
        0.2529597580432892,
        0.25256696343421936,
        0.2523709535598755,
        0.25193700194358826,
        0.25126227736473083,
        0.2511518895626068,
        0.25035855174064636,
        0.2502186596393585,
        0.24997900426387787,
        0.2495032697916031,
        0.2488170713186264,
        0.24805137515068054,
        0.2473076432943344,
        0.2468992918729782,
        0.24639162421226501,
        0.24603205919265747,
        0.2454005628824234,
        0.24451027810573578,
        0.24424917995929718
    ],
    "binary_accuracy": [
        0.6630089282989502,
        0.8177695870399475,
        0.8613618016242981,
        0.880134105682373,
        0.8887368440628052,
        0.8945890069007874,
        0.8996556997299194,
        0.9045862555503845,
        0.9090492129325867,
        0.9125351309776306,
        0.9151970744132996,
        0.9171809554100037,
        0.9186083078384399,
        0.9197407364845276,
        0.9206555485725403,
        0.921362578868866,
        0.921838104724884,
        0.9222789406776428,
        0.9225749969482422,
        0.9229200482368469,
        0.9231670498847961,
        0.9232563972473145,
        0.9236021637916565,
        0.9237537980079651,
        0.9239181876182556,
        0.9241719841957092,
        0.9242379665374756,
        0.9244310259819031,
        0.9246113300323486,
        0.9247632622718811,
        0.9249880313873291,
        0.9251667857170105,
        0.9253010153770447,
        0.9255366921424866,
        0.9256600141525269,
        0.9258311986923218,
        0.9261261224746704,
        0.9261253476142883,
        0.9263489842414856,
        0.9266563057899475
    ],
    "val_loss": [
        0.4838373363018036,
        0.3957442045211792,
        0.34261366724967957,
        0.3164079487323761,
        0.3005634546279907,
        0.2879336178302765,
        0.2770726978778839,
        0.27083179354667664,
        0.26536825299263,
        0.26186761260032654,
        0.2587880492210388,
        0.2565169334411621,
        0.2545931339263916,
        0.2542485296726227,
        0.25318947434425354,
        0.25235074758529663,
        0.2519540786743164,
        0.2521393299102783,
        0.251328706741333,
        0.25117239356040955,
        0.2510035037994385,
        0.2501802444458008,
        0.2497900128364563,
        0.24911652505397797,
        0.249562069773674,
        0.24905380606651306,
        0.2480565458536148,
        0.2477155178785324,
        0.2475479245185852,
        0.24707576632499695,
        0.2470492124557495,
        0.24680745601654053,
        0.24620582163333893,
        0.24480293691158295,
        0.2442547082901001,
        0.24398374557495117,
        0.24348001182079315,
        0.2426934391260147,
        0.24247874319553375,
        0.24277326464653015
    ],
    "val_binary_accuracy": [
        0.7953912615776062,
        0.8564949631690979,
        0.8793013095855713,
        0.887626588344574,
        0.8940303921699524,
        0.8981166481971741,
        0.902733564376831,
        0.9069876670837402,
        0.9109756350517273,
        0.9141548871994019,
        0.916469395160675,
        0.919185996055603,
        0.9197514057159424,
        0.9208685755729675,
        0.9212027192115784,
        0.9229668974876404,
        0.9232027530670166,
        0.9236668348312378,
        0.9238225817680359,
        0.9238830208778381,
        0.9233403205871582,
        0.9242186546325684,
        0.9245285391807556,
        0.9244499206542969,
        0.9250062704086304,
        0.9252405762672424,
        0.9246857762336731,
        0.9250289797782898,
        0.9256956577301025,
        0.9254583120346069,
        0.9261159300804138,
        0.9262685775756836,
        0.926445484161377,
        0.9262292981147766,
        0.9262897372245789,
        0.9268037676811218,
        0.9266253709793091,
        0.9268551468849182,
        0.9274764657020569,
        0.9277682304382324
    ]
}