{
    "loss": [
        0.37848055362701416,
        0.2822818458080292,
        0.24723424017429352,
        0.23490111529827118,
        0.2309640645980835,
        0.22965945303440094,
        0.22909285128116608,
        0.22673267126083374,
        0.2268267273902893,
        0.226077601313591,
        0.22554269433021545,
        0.2235257625579834,
        0.22292454540729523,
        0.22153517603874207,
        0.22190073132514954,
        0.22177734971046448,
        0.22118067741394043,
        0.21989470720291138,
        0.22083412110805511,
        0.21938230097293854,
        0.21958081424236298,
        0.21979127824306488,
        0.2186526209115982,
        0.21733307838439941,
        0.21805071830749512,
        0.2166684865951538,
        0.21716395020484924,
        0.21642941236495972,
        0.2166687548160553,
        0.2166747748851776,
        0.21503372490406036,
        0.21490764617919922,
        0.2158447951078415,
        0.21525396406650543,
        0.2146092802286148,
        0.21471881866455078,
        0.21485543251037598,
        0.21506477892398834,
        0.21384409070014954,
        0.2139119952917099
    ],
    "binary_accuracy": [
        0.8416478633880615,
        0.9022260308265686,
        0.9182945489883423,
        0.919647216796875,
        0.9203715920448303,
        0.9211838841438293,
        0.9214625358581543,
        0.9218826293945312,
        0.9219422340393066,
        0.9221706986427307,
        0.9220847487449646,
        0.9224290251731873,
        0.9226205945014954,
        0.9228298664093018,
        0.922833263874054,
        0.9229211807250977,
        0.9230572581291199,
        0.9235105514526367,
        0.9233755469322205,
        0.9234679341316223,
        0.9235249161720276,
        0.9235060214996338,
        0.9234709739685059,
        0.9238672852516174,
        0.9240554571151733,
        0.9240837693214417,
        0.9239261150360107,
        0.9244661331176758,
        0.9241520166397095,
        0.9245328903198242,
        0.9245494604110718,
        0.9246976375579834,
        0.9248085021972656,
        0.9245694279670715,
        0.9249318242073059,
        0.9248768091201782,
        0.924913763999939,
        0.9248812794685364,
        0.9251392483711243,
        0.9250457286834717
    ],
    "val_loss": [
        0.2884212136268616,
        0.25647392868995667,
        0.2293711155653,
        0.22420774400234222,
        0.22385747730731964,
        0.22018089890480042,
        0.21941377222537994,
        0.21870826184749603,
        0.21820540726184845,
        0.2187577188014984,
        0.21769677102565765,
        0.21952217817306519,
        0.21366076171398163,
        0.21338947117328644,
        0.21531975269317627,
        0.21212665736675262,
        0.21191254258155823,
        0.2136257141828537,
        0.21041744947433472,
        0.21324831247329712,
        0.2102126181125641,
        0.21008221805095673,
        0.20973052084445953,
        0.20756497979164124,
        0.2073918581008911,
        0.20569439232349396,
        0.20827296376228333,
        0.20715005695819855,
        0.20866575837135315,
        0.20917484164237976,
        0.20697487890720367,
        0.2056945115327835,
        0.20830632746219635,
        0.2035379707813263,
        0.2056090533733368,
        0.20497536659240723,
        0.20467069745063782,
        0.20757503807544708,
        0.2070765644311905,
        0.20334361493587494
    ],
    "val_binary_accuracy": [
        0.8938232660293579,
        0.9192736744880676,
        0.9211497902870178,
        0.9232345223426819,
        0.9240205883979797,
        0.9247084856033325,
        0.9250576496124268,
        0.9243123531341553,
        0.9251181483268738,
        0.9255127310752869,
        0.9254840016365051,
        0.9250183701515198,
        0.9256306290626526,
        0.9256246089935303,
        0.9240281581878662,
        0.9267070293426514,
        0.9273706674575806,
        0.9256532788276672,
        0.9266525506973267,
        0.926679790019989,
        0.9270078539848328,
        0.9275641441345215,
        0.9270698428153992,
        0.9270214438438416,
        0.9274795055389404,
        0.9274553060531616,
        0.9269080758094788,
        0.9270955324172974,
        0.928055465221405,
        0.928205132484436,
        0.9275853037834167,
        0.9280887246131897,
        0.9281900525093079,
        0.9287357926368713,
        0.9276201128959656,
        0.9289534687995911,
        0.9277848601341248,
        0.9276351928710938,
        0.9266662001609802,
        0.9283457398414612
    ]
}