{
    "loss": [
        0.5281851887702942,
        0.4295879602432251,
        0.3758765161037445,
        0.34412968158721924,
        0.3208736181259155,
        0.29340067505836487,
        0.2709164023399353,
        0.25384658575057983,
        0.24239355325698853,
        0.23492057621479034,
        0.23028406500816345,
        0.22727149724960327,
        0.22504225373268127,
        0.22328653931617737,
        0.22182884812355042,
        0.22021141648292542,
        0.21920345723628998,
        0.21810398995876312,
        0.217200368642807,
        0.21623268723487854,
        0.2159714251756668,
        0.2154816836118698,
        0.2147853523492813,
        0.2146693915128708,
        0.2141299843788147,
        0.21387098729610443,
        0.2132132351398468,
        0.21277903020381927,
        0.21208485960960388,
        0.21135388314723969,
        0.21093013882637024,
        0.2103523313999176,
        0.21011410653591156,
        0.20968180894851685,
        0.20923548936843872,
        0.2085188776254654,
        0.2084289938211441,
        0.20752565562725067,
        0.2068614363670349,
        0.20645877718925476
    ],
    "binary_accuracy": [
        0.7411021590232849,
        0.8206257820129395,
        0.859534740447998,
        0.8777481913566589,
        0.8868460655212402,
        0.8958802223205566,
        0.9045904278755188,
        0.9111217260360718,
        0.915698230266571,
        0.9186829328536987,
        0.9203644394874573,
        0.9216213226318359,
        0.9224286675453186,
        0.9230847954750061,
        0.9235429763793945,
        0.9240045547485352,
        0.9242421388626099,
        0.9245928525924683,
        0.9248111844062805,
        0.9249978065490723,
        0.925110936164856,
        0.9253126978874207,
        0.9253998398780823,
        0.9256113767623901,
        0.9257218837738037,
        0.9258854985237122,
        0.9259899854660034,
        0.9260668754577637,
        0.9262030124664307,
        0.9262656569480896,
        0.9264013767242432,
        0.9265484809875488,
        0.9266521334648132,
        0.9267019629478455,
        0.9268705248832703,
        0.9270337820053101,
        0.9270824193954468,
        0.9272023439407349,
        0.9273645281791687,
        0.9275352954864502
    ],
    "val_loss": [
        0.45611387491226196,
        0.3913337290287018,
        0.3503560423851013,
        0.32708659768104553,
        0.30241674184799194,
        0.27446550130844116,
        0.25489288568496704,
        0.2400042563676834,
        0.23259596526622772,
        0.2267950028181076,
        0.2226359248161316,
        0.22084321081638336,
        0.21998658776283264,
        0.21820911765098572,
        0.216217502951622,
        0.21521049737930298,
        0.21442945301532745,
        0.21465899050235748,
        0.21307292580604553,
        0.21261467039585114,
        0.21369172632694244,
        0.2118818759918213,
        0.2119932919740677,
        0.21114876866340637,
        0.21111918985843658,
        0.21077027916908264,
        0.2102203667163849,
        0.20993945002555847,
        0.20984889566898346,
        0.2095222771167755,
        0.2084689885377884,
        0.20750883221626282,
        0.20776861906051636,
        0.20727932453155518,
        0.2071891725063324,
        0.20602135360240936,
        0.20588275790214539,
        0.20547160506248474,
        0.20447410643100739,
        0.20434458553791046
    ],
    "val_binary_accuracy": [
        0.7977480888366699,
        0.8502211570739746,
        0.8743684887886047,
        0.8852576613426208,
        0.8918519616127014,
        0.901935338973999,
        0.9097435474395752,
        0.9155124425888062,
        0.9189894795417786,
        0.9212888479232788,
        0.9228248000144958,
        0.9234023094177246,
        0.9238558411598206,
        0.9245678782463074,
        0.9247764945030212,
        0.9251151084899902,
        0.925328254699707,
        0.9252738356590271,
        0.9256260991096497,
        0.9255747199058533,
        0.9257349371910095,
        0.9260720610618591,
        0.9259843826293945,
        0.9263578057289124,
        0.9264197945594788,
        0.9265512824058533,
        0.9266646504402161,
        0.9265028834342957,
        0.9269231557846069,
        0.9269851446151733,
        0.9270547032356262,
        0.9271620512008667,
        0.9272497296333313,
        0.9273253083229065,
        0.9275626540184021,
        0.9275883436203003,
        0.9274553060531616,
        0.927627682685852,
        0.9279043078422546,
        0.9281190037727356
    ]
}