{
    "loss": [
        0.5154930353164673,
        0.36021411418914795,
        0.30907610058784485,
        0.27669408917427063,
        0.2599295675754547,
        0.25172412395477295,
        0.24669545888900757,
        0.2432519942522049,
        0.23972757160663605,
        0.23645924031734467,
        0.235319122672081,
        0.2345864176750183,
        0.23357950150966644,
        0.23316353559494019,
        0.2328403890132904,
        0.2322087287902832,
        0.2314361184835434,
        0.23143182694911957,
        0.2315385788679123,
        0.23098714649677277,
        0.23094622790813446,
        0.2303343415260315,
        0.23035995662212372,
        0.2296372950077057,
        0.22970329225063324,
        0.2297953963279724,
        0.22917690873146057,
        0.2284734547138214,
        0.22865267097949982,
        0.2282724827528,
        0.22803819179534912,
        0.22740383446216583,
        0.2272934913635254,
        0.2269788235425949,
        0.22626334428787231,
        0.22581814229488373,
        0.22584168612957,
        0.2248493731021881,
        0.22517701983451843,
        0.22499839961528778
    ],
    "binary_accuracy": [
        0.7475626468658447,
        0.8688305616378784,
        0.8915345072746277,
        0.9063778519630432,
        0.9129419922828674,
        0.9154395461082458,
        0.9170882105827332,
        0.9180992245674133,
        0.918569803237915,
        0.9190359115600586,
        0.9194579124450684,
        0.9196422696113586,
        0.9200310707092285,
        0.9204553365707397,
        0.9204553365707397,
        0.9205043315887451,
        0.9207735657691956,
        0.9209116101264954,
        0.9211276769638062,
        0.9211446642875671,
        0.9213297963142395,
        0.9213837385177612,
        0.921594500541687,
        0.9216243028640747,
        0.921628475189209,
        0.9216597676277161,
        0.9218106269836426,
        0.9220077991485596,
        0.9219180941581726,
        0.9221001863479614,
        0.9223864078521729,
        0.9223038554191589,
        0.9225478172302246,
        0.9225580096244812,
        0.9225862622261047,
        0.9227209091186523,
        0.9228612184524536,
        0.9229999780654907,
        0.9230395555496216,
        0.92299884557724
    ],
    "val_loss": [
        0.389256089925766,
        0.3191113770008087,
        0.2780553996562958,
        0.2566249668598175,
        0.24437135457992554,
        0.23823514580726624,
        0.23475652933120728,
        0.23016570508480072,
        0.22701245546340942,
        0.22625474631786346,
        0.22382952272891998,
        0.22356267273426056,
        0.22227036952972412,
        0.22290393710136414,
        0.22255200147628784,
        0.22076964378356934,
        0.22079309821128845,
        0.22038251161575317,
        0.22096595168113708,
        0.2206384390592575,
        0.21991311013698578,
        0.2193240374326706,
        0.21931487321853638,
        0.21895533800125122,
        0.21938751637935638,
        0.21876239776611328,
        0.21934917569160461,
        0.21902993321418762,
        0.2181732952594757,
        0.21931804716587067,
        0.21855923533439636,
        0.2180328667163849,
        0.21798330545425415,
        0.21746449172496796,
        0.21669289469718933,
        0.2162136435508728,
        0.21699465811252594,
        0.2162523716688156,
        0.21603836119174957,
        0.21615417301654816
    ],
    "val_binary_accuracy": [
        0.857078492641449,
        0.8899743556976318,
        0.903964102268219,
        0.9152615070343018,
        0.9182532429695129,
        0.9209048748016357,
        0.9205813407897949,
        0.9224196672439575,
        0.923154354095459,
        0.9226630330085754,
        0.9237212538719177,
        0.9233856797218323,
        0.924013078212738,
        0.9241718053817749,
        0.9231362342834473,
        0.9247417449951172,
        0.9246525168418884,
        0.9246797561645508,
        0.9247387051582336,
        0.9248777627944946,
        0.92485511302948,
        0.9251801371574402,
        0.9251846671104431,
        0.9251302480697632,
        0.9254114031791687,
        0.9254990816116333,
        0.9252693057060242,
        0.9256049394607544,
        0.9259133338928223,
        0.9251453280448914,
        0.9258241057395935,
        0.9251816272735596,
        0.9256351590156555,
        0.9255626201629639,
        0.9260539412498474,
        0.9257908463478088,
        0.9262973070144653,
        0.9257621765136719,
        0.9260448217391968,
        0.9261068105697632
    ]
}