{
    "loss": [
        0.5298489928245544,
        0.3161415755748749,
        0.24366828799247742,
        0.23241238296031952,
        0.22307483851909637,
        0.2182193249464035,
        0.21506346762180328,
        0.21258960664272308,
        0.21027182042598724,
        0.20831173658370972,
        0.20657382905483246,
        0.20504850149154663,
        0.20323017239570618,
        0.20162340998649597,
        0.19981533288955688,
        0.19814883172512054,
        0.1965271383523941,
        0.19477994740009308,
        0.1932142823934555,
        0.191925048828125,
        0.1905449777841568,
        0.18934419751167297,
        0.18834622204303741,
        0.18717631697654724,
        0.1860809028148651,
        0.1849256157875061,
        0.18424317240715027,
        0.18325741589069366,
        0.18217583000659943,
        0.18145358562469482,
        0.1807285100221634,
        0.17983867228031158,
        0.17921380698680878,
        0.17825372517108917,
        0.1775573045015335,
        0.17696717381477356,
        0.1764550358057022,
        0.1760232001543045,
        0.17551074922084808,
        0.17512720823287964
    ],
    "binary_accuracy": [
        0.7720397114753723,
        0.890678882598877,
        0.9151966571807861,
        0.9206408262252808,
        0.9225293397903442,
        0.9234769940376282,
        0.9242021441459656,
        0.9248009920120239,
        0.9253703951835632,
        0.9258708357810974,
        0.926486611366272,
        0.9270726442337036,
        0.9277974367141724,
        0.9284795522689819,
        0.9290851950645447,
        0.9298921823501587,
        0.9305905699729919,
        0.9314375519752502,
        0.932151734828949,
        0.9328392148017883,
        0.9334795475006104,
        0.9340546131134033,
        0.9346206188201904,
        0.9351922869682312,
        0.9355897903442383,
        0.9361459612846375,
        0.9365924596786499,
        0.9370808005332947,
        0.9372916221618652,
        0.9375936388969421,
        0.9379696249961853,
        0.9381415843963623,
        0.9385175704956055,
        0.938763439655304,
        0.9388357996940613,
        0.9391608834266663,
        0.939286470413208,
        0.939446747303009,
        0.9395998120307922,
        0.9397868514060974
    ],
    "val_loss": [
        0.3877023756504059,
        0.24835927784442902,
        0.22697018086910248,
        0.22144648432731628,
        0.21676605939865112,
        0.2134961038827896,
        0.2111455798149109,
        0.20904305577278137,
        0.20772626996040344,
        0.2068636417388916,
        0.20332758128643036,
        0.20165179669857025,
        0.20127572119235992,
        0.19798175990581512,
        0.19643262028694153,
        0.19489224255084991,
        0.19355618953704834,
        0.1911601424217224,
        0.19133271276950836,
        0.1878143697977066,
        0.1879473477602005,
        0.1863435059785843,
        0.18538399040699005,
        0.1833408921957016,
        0.1830228567123413,
        0.1827097088098526,
        0.1812880039215088,
        0.18024659156799316,
        0.17818820476531982,
        0.17859362065792084,
        0.17740027606487274,
        0.17874595522880554,
        0.17563697695732117,
        0.17678271234035492,
        0.17462587356567383,
        0.17365461587905884,
        0.1752808392047882,
        0.17395232617855072,
        0.1726434975862503,
        0.17381258308887482
    ],
    "val_binary_accuracy": [
        0.8674204349517822,
        0.9100640416145325,
        0.9202139973640442,
        0.922516405582428,
        0.9237424731254578,
        0.9242776036262512,
        0.9249306917190552,
        0.9254961013793945,
        0.9257152676582336,
        0.9265815019607544,
        0.9273404479026794,
        0.9281628131866455,
        0.9287675023078918,
        0.9292588233947754,
        0.9300252795219421,
        0.9308567643165588,
        0.9313072562217712,
        0.9324622750282288,
        0.9332907199859619,
        0.9340677261352539,
        0.9342310428619385,
        0.9354313611984253,
        0.9356853365898132,
        0.9360360503196716,
        0.9368841648101807,
        0.9373800158500671,
        0.9367027282714844,
        0.9377760887145996,
        0.9382553100585938,
        0.9385984539985657,
        0.9392122626304626,
        0.9391396641731262,
        0.9395145773887634,
        0.9399681091308594,
        0.9402205944061279,
        0.9403249025344849,
        0.9404851794242859,
        0.9404020309448242,
        0.9408464431762695,
        0.9409416913986206
    ]
}