{
    "loss": [
        0.46692246198654175,
        0.28245893120765686,
        0.2507915496826172,
        0.24171441793441772,
        0.23730291426181793,
        0.23335056006908417,
        0.22936788201332092,
        0.22609905898571014,
        0.2228100299835205,
        0.21949823200702667,
        0.21617738902568817,
        0.2125900387763977,
        0.20910821855068207,
        0.2069883793592453,
        0.20436151325702667,
        0.20160898566246033,
        0.1995888501405716,
        0.19789692759513855,
        0.1962047517299652,
        0.19365230202674866,
        0.19273816049098969,
        0.1914559304714203,
        0.1901365965604782,
        0.18991626799106598,
        0.18868011236190796,
        0.18759380280971527,
        0.18650786578655243,
        0.18551655113697052,
        0.1849111169576645,
        0.1836348921060562,
        0.18320435285568237,
        0.18293648958206177,
        0.1817885786294937,
        0.18135392665863037,
        0.18055683374404907,
        0.18061383068561554,
        0.17988082766532898,
        0.17935049533843994,
        0.17892704904079437,
        0.17823173105716705
    ],
    "binary_accuracy": [
        0.7879769802093506,
        0.9029850959777832,
        0.9183232188224792,
        0.9212600588798523,
        0.9228189587593079,
        0.9241018295288086,
        0.9249081015586853,
        0.9255212545394897,
        0.9261589050292969,
        0.9269806146621704,
        0.9278803467750549,
        0.9289894104003906,
        0.9301030039787292,
        0.931054413318634,
        0.9320884346961975,
        0.9330952763557434,
        0.9338279366493225,
        0.9345776438713074,
        0.9350520372390747,
        0.9357138276100159,
        0.9361509084701538,
        0.9364208579063416,
        0.9368888735771179,
        0.9371833801269531,
        0.9374077320098877,
        0.9378120303153992,
        0.9379473924636841,
        0.9381687641143799,
        0.9383904933929443,
        0.9388373494148254,
        0.9388380646705627,
        0.9390798211097717,
        0.939429759979248,
        0.939653754234314,
        0.9399354457855225,
        0.9399863481521606,
        0.9401390552520752,
        0.9403717517852783,
        0.9404822587966919,
        0.940763533115387
    ],
    "val_loss": [
        0.32288992404937744,
        0.25445011258125305,
        0.2406655102968216,
        0.23660604655742645,
        0.22992157936096191,
        0.2269502878189087,
        0.22790737450122833,
        0.22052976489067078,
        0.21813063323497772,
        0.21500766277313232,
        0.21083633601665497,
        0.20756158232688904,
        0.2070329338312149,
        0.20629602670669556,
        0.2039502114057541,
        0.1999315321445465,
        0.20038510859012604,
        0.19582414627075195,
        0.1914876252412796,
        0.1936894804239273,
        0.18741214275360107,
        0.18773263692855835,
        0.18543514609336853,
        0.18669265508651733,
        0.18848800659179688,
        0.18789276480674744,
        0.1852702498435974,
        0.18142876029014587,
        0.1821618378162384,
        0.18333317339420319,
        0.1807265728712082,
        0.18151827156543732,
        0.1799529790878296,
        0.18109479546546936,
        0.1796557903289795,
        0.17721247673034668,
        0.17543619871139526,
        0.17583419382572174,
        0.1807224601507187,
        0.17674380540847778
    ],
    "val_binary_accuracy": [
        0.8855433464050293,
        0.9183121919631958,
        0.9221550822257996,
        0.9242186546325684,
        0.9250289797782898,
        0.9251302480697632,
        0.9266707301139832,
        0.926844596862793,
        0.9276261329650879,
        0.928215742111206,
        0.928818941116333,
        0.930758535861969,
        0.9313511252403259,
        0.9325166940689087,
        0.9332831501960754,
        0.934577226638794,
        0.9347193241119385,
        0.9356551170349121,
        0.9361070990562439,
        0.937189519405365,
        0.9371457099914551,
        0.9376702904701233,
        0.9378456473350525,
        0.9378335475921631,
        0.9378697872161865,
        0.9383565783500671,
        0.9389114379882812,
        0.9385440349578857,
        0.9395463466644287,
        0.9401147961616516,
        0.9397927522659302,
        0.9391381740570068,
        0.9401752352714539,
        0.940255343914032,
        0.9407632946968079,
        0.9409220218658447,
        0.9412999749183655,
        0.9406620264053345,
        0.9413997530937195,
        0.9417384266853333
    ]
}