{
    "loss": [
        0.6115193367004395,
        0.4728347957134247,
        0.3626081645488739,
        0.3134717643260956,
        0.3007241189479828,
        0.29595696926116943,
        0.29235199093818665,
        0.28778886795043945,
        0.2841368019580841,
        0.2637074887752533,
        0.2414996474981308,
        0.23480544984340668,
        0.232069194316864,
        0.23104488849639893,
        0.2300499528646469,
        0.22945944964885712,
        0.22894984483718872,
        0.22840380668640137,
        0.22813840210437775,
        0.22781425714492798,
        0.22752977907657623,
        0.22730018198490143,
        0.22708706557750702,
        0.2269618809223175,
        0.22683624923229218,
        0.22657226026058197,
        0.2265016734600067,
        0.22621847689151764,
        0.22620779275894165,
        0.22587545216083527,
        0.22585555911064148,
        0.2256753146648407,
        0.22555841505527496,
        0.22548383474349976,
        0.2254539281129837,
        0.22537016868591309,
        0.2252814769744873,
        0.22515828907489777,
        0.2250169962644577,
        0.22486315667629242
    ],
    "binary_accuracy": [
        0.7088602781295776,
        0.821349024772644,
        0.8767402172088623,
        0.8864421844482422,
        0.889891505241394,
        0.8920884728431702,
        0.8937737345695496,
        0.8958228826522827,
        0.8978320360183716,
        0.905856728553772,
        0.9153935313224792,
        0.9178118705749512,
        0.9186626076698303,
        0.9190562963485718,
        0.9193062782287598,
        0.9194669127464294,
        0.9196860194206238,
        0.9198881387710571,
        0.9198840260505676,
        0.9200325608253479,
        0.920093297958374,
        0.9202263951301575,
        0.9202863574028015,
        0.9201887249946594,
        0.9202271699905396,
        0.920365571975708,
        0.9203346371650696,
        0.9204930067062378,
        0.9204918742179871,
        0.9205635190010071,
        0.9205676913261414,
        0.9205589890480042,
        0.9206721186637878,
        0.9206864833831787,
        0.9206238985061646,
        0.9206646084785461,
        0.9207388758659363,
        0.9207502007484436,
        0.9208165407180786,
        0.9208112955093384
    ],
    "val_loss": [
        0.520175576210022,
        0.4048770070075989,
        0.3239915370941162,
        0.3014410436153412,
        0.29585734009742737,
        0.29207390546798706,
        0.2879079580307007,
        0.28368911147117615,
        0.2800583839416504,
        0.23950335383415222,
        0.22960451245307922,
        0.2261999100446701,
        0.22444379329681396,
        0.22320479154586792,
        0.22282740473747253,
        0.2222757488489151,
        0.22189617156982422,
        0.22145570814609528,
        0.22102321684360504,
        0.22106581926345825,
        0.2208063155412674,
        0.22040003538131714,
        0.22021125257015228,
        0.21993058919906616,
        0.2199276089668274,
        0.22015659511089325,
        0.21973341703414917,
        0.21955180168151855,
        0.21927006542682648,
        0.21916167438030243,
        0.21902117133140564,
        0.21938376128673553,
        0.2189319133758545,
        0.21892566978931427,
        0.21877773106098175,
        0.21861231327056885,
        0.21849417686462402,
        0.21838881075382233,
        0.2185460478067398,
        0.21830525994300842
    ],
    "val_binary_accuracy": [
        0.8021427392959595,
        0.866461992263794,
        0.8857822418212891,
        0.8894996643066406,
        0.8919048309326172,
        0.8934574127197266,
        0.8953335285186768,
        0.8976056575775146,
        0.8995845913887024,
        0.9131026864051819,
        0.919585108757019,
        0.9215232133865356,
        0.9220764636993408,
        0.9222397804260254,
        0.9220704436302185,
        0.922451376914978,
        0.9225783944129944,
        0.9225950241088867,
        0.9228777289390564,
        0.9227613210678101,
        0.923149824142456,
        0.9231891632080078,
        0.9231876134872437,
        0.9234023094177246,
        0.9231755137443542,
        0.9235746264457703,
        0.9230409860610962,
        0.9237363934516907,
        0.9235565066337585,
        0.9234173893928528,
        0.9236517548561096,
        0.9238724708557129,
        0.9241747856140137,
        0.9239782691001892,
        0.9237908124923706,
        0.9236230254173279,
        0.923718273639679,
        0.9238951206207275,
        0.9233916997909546,
        0.923917829990387
    ]
}