{
    "loss": [
        0.651385486125946,
        0.5662519335746765,
        0.5003454685211182,
        0.456647664308548,
        0.4189709424972534,
        0.3884643018245697,
        0.3674826920032501,
        0.3509081304073334,
        0.33626845479011536,
        0.3215409815311432,
        0.3071848750114441,
        0.297354131937027,
        0.2901064455509186,
        0.2855765223503113,
        0.2826622426509857,
        0.28105688095092773,
        0.2796846628189087,
        0.2788461744785309,
        0.27799227833747864,
        0.2776208221912384,
        0.27739235758781433,
        0.27674469351768494,
        0.2766392230987549,
        0.27626118063926697,
        0.27639928460121155,
        0.27589020133018494,
        0.2759092450141907,
        0.2756202518939972,
        0.2753308415412903,
        0.2752087414264679,
        0.2754411995410919,
        0.2751600444316864,
        0.2750045359134674,
        0.2746714949607849,
        0.27436330914497375,
        0.2744824290275574,
        0.2744137644767761,
        0.27382534742355347,
        0.27402937412261963,
        0.27404922246932983
    ],
    "binary_accuracy": [
        0.5362040400505066,
        0.7232228517532349,
        0.8020506501197815,
        0.8414759039878845,
        0.863550066947937,
        0.8757197856903076,
        0.8811424374580383,
        0.8852139711380005,
        0.8898598551750183,
        0.8944736123085022,
        0.8995957374572754,
        0.9032890200614929,
        0.9061497449874878,
        0.907988429069519,
        0.9095602035522461,
        0.91089928150177,
        0.911830723285675,
        0.9125309586524963,
        0.9131871461868286,
        0.9137097597122192,
        0.9141818881034851,
        0.9144613146781921,
        0.9147637486457825,
        0.9149221777915955,
        0.9150612950325012,
        0.9151943922042847,
        0.9155115485191345,
        0.9155417084693909,
        0.9157619476318359,
        0.9158245325088501,
        0.9159625768661499,
        0.9161405563354492,
        0.9161552786827087,
        0.9161869287490845,
        0.9163464307785034,
        0.9165217876434326,
        0.916664719581604,
        0.9167812466621399,
        0.9169713258743286,
        0.9168110489845276
    ],
    "val_loss": [
        0.6040495038032532,
        0.519385039806366,
        0.46929726004600525,
        0.43031376600265503,
        0.39522844552993774,
        0.3684563636779785,
        0.35018157958984375,
        0.334542840719223,
        0.31929877400398254,
        0.30395135283470154,
        0.2919667065143585,
        0.2836291491985321,
        0.2785469591617584,
        0.2743924856185913,
        0.27180540561676025,
        0.26997441053390503,
        0.2692790925502777,
        0.268317848443985,
        0.26733922958374023,
        0.2671927809715271,
        0.26692140102386475,
        0.26647260785102844,
        0.26641908288002014,
        0.2659642994403839,
        0.2655234932899475,
        0.2657894790172577,
        0.2656594514846802,
        0.2653292119503021,
        0.2654338479042053,
        0.26470714807510376,
        0.26526251435279846,
        0.26490187644958496,
        0.2646569609642029,
        0.26500433683395386,
        0.26448532938957214,
        0.2650963068008423,
        0.2639751434326172,
        0.2640565037727356,
        0.26410406827926636,
        0.2641764283180237
    ],
    "val_binary_accuracy": [
        0.6633332371711731,
        0.7834241986274719,
        0.8328178524971008,
        0.8606613874435425,
        0.8775537610054016,
        0.8851760029792786,
        0.887821614742279,
        0.8934060335159302,
        0.8978082537651062,
        0.9022785425186157,
        0.9055590033531189,
        0.9087382555007935,
        0.9107261896133423,
        0.9121578335762024,
        0.9127308130264282,
        0.9146567583084106,
        0.9154625535011292,
        0.9162607789039612,
        0.9164648652076721,
        0.9176243543624878,
        0.9168276786804199,
        0.9174081683158875,
        0.917526125907898,
        0.9177226424217224,
        0.9180370569229126,
        0.9180507063865662,
        0.918099045753479,
        0.9187839031219482,
        0.9187445640563965,
        0.9186946749687195,
        0.9183893203735352,
        0.9191920757293701,
        0.9193145036697388,
        0.9187702536582947,
        0.9187778234481812,
        0.9193159937858582,
        0.9193387031555176,
        0.9191738963127136,
        0.9193220734596252,
        0.9197045564651489
    ]
}