{
    "loss": [
        0.5253487229347229,
        0.47043004631996155,
        0.3570980131626129,
        0.33386802673339844,
        0.3233458697795868,
        0.3079131543636322,
        0.2935987710952759,
        0.28574636578559875,
        0.2830992341041565,
        0.2783096730709076,
        0.27575379610061646,
        0.27417612075805664,
        0.2723989188671112,
        0.27244991064071655,
        0.2689199149608612,
        0.26728057861328125,
        0.2666349411010742,
        0.265784353017807,
        0.2640494704246521,
        0.2634442448616028,
        0.2623310685157776,
        0.26265209913253784,
        0.26139703392982483,
        0.2608999013900757,
        0.2601373493671417,
        0.2576789855957031,
        0.25695911049842834,
        0.255586177110672,
        0.255580872297287,
        0.25459831953048706,
        0.2544076144695282,
        0.2524402141571045,
        0.25317785143852234,
        0.25144633650779724,
        0.2511789798736572,
        0.2505103647708893,
        0.2507288157939911,
        0.24999473989009857,
        0.24930846691131592,
        0.24910768866539001
    ],
    "binary_accuracy": [
        0.7417692542076111,
        0.7904232144355774,
        0.8755519986152649,
        0.8856959342956543,
        0.8879328370094299,
        0.88947594165802,
        0.8908097147941589,
        0.8919572234153748,
        0.8925055265426636,
        0.8932450413703918,
        0.8939340114593506,
        0.8948922157287598,
        0.8955445885658264,
        0.8961596488952637,
        0.897098958492279,
        0.8977283835411072,
        0.8981820344924927,
        0.8985643982887268,
        0.8987355828285217,
        0.899131178855896,
        0.8992786407470703,
        0.899391770362854,
        0.8995044827461243,
        0.8997398018836975,
        0.8999271988868713,
        0.8999864459037781,
        0.9004973769187927,
        0.9009525775909424,
        0.9014669060707092,
        0.9016939401626587,
        0.9023644328117371,
        0.9027584791183472,
        0.9025744199752808,
        0.9032061100006104,
        0.9035032391548157,
        0.9035066366195679,
        0.903590738773346,
        0.9038400053977966,
        0.9039376378059387,
        0.9041431546211243
    ],
    "val_loss": [
        0.49382176995277405,
        0.3959557116031647,
        0.3307187855243683,
        0.32053887844085693,
        0.3108871281147003,
        0.2921331524848938,
        0.28201380372047424,
        0.27627572417259216,
        0.26868918538093567,
        0.26575571298599243,
        0.26557084918022156,
        0.26282602548599243,
        0.26165318489074707,
        0.2610325515270233,
        0.2575467824935913,
        0.2543448209762573,
        0.2530960440635681,
        0.25062498450279236,
        0.2495674043893814,
        0.250344842672348,
        0.24893061816692352,
        0.24854594469070435,
        0.24751074612140656,
        0.24747800827026367,
        0.24579915404319763,
        0.24665547907352448,
        0.24424651265144348,
        0.2395242154598236,
        0.24332566559314728,
        0.24161943793296814,
        0.2402547150850296,
        0.24075570702552795,
        0.24004538357257843,
        0.24035833775997162,
        0.23820388317108154,
        0.23760919272899628,
        0.23927132785320282,
        0.23787696659564972,
        0.23646783828735352,
        0.23734362423419952
    ],
    "val_binary_accuracy": [
        0.7651742696762085,
        0.8553006649017334,
        0.8878881335258484,
        0.8904550671577454,
        0.8929449319839478,
        0.8948391675949097,
        0.8958913683891296,
        0.8944355249404907,
        0.8959503173828125,
        0.8987621665000916,
        0.9002270698547363,
        0.8976207971572876,
        0.8991370797157288,
        0.9026851654052734,
        0.9015710353851318,
        0.9045945405960083,
        0.9023223519325256,
        0.9030933380126953,
        0.9028559923171997,
        0.902633786201477,
        0.9025294780731201,
        0.9022180438041687,
        0.9045204520225525,
        0.9040941596031189,
        0.9047744274139404,
        0.9056708812713623,
        0.9045945405960083,
        0.9055771827697754,
        0.9058674573898315,
        0.9074789881706238,
        0.9073489308357239,
        0.9075379371643066,
        0.9085296392440796,
        0.9088032841682434,
        0.9078614115715027,
        0.9075636267662048,
        0.9098297357559204,
        0.9091222286224365,
        0.9090965390205383,
        0.9079687595367432
    ]
}