{
    "loss": [
        0.5685865879058838,
        0.4956778287887573,
        0.4642411470413208,
        0.41463813185691833,
        0.3665717542171478,
        0.340217649936676,
        0.324666827917099,
        0.3118942081928253,
        0.3021377623081207,
        0.293557345867157,
        0.2862001061439514,
        0.27985697984695435,
        0.271880179643631,
        0.26727843284606934,
        0.2634502053260803,
        0.26085636019706726,
        0.25907135009765625,
        0.2569895386695862,
        0.254543662071228,
        0.2528221607208252,
        0.25105583667755127,
        0.25024378299713135,
        0.24850167334079742,
        0.24745944142341614,
        0.24615560472011566,
        0.2448752075433731,
        0.24431955814361572,
        0.24294598400592804,
        0.24200990796089172,
        0.24058565497398376,
        0.23923636972904205,
        0.2385176718235016,
        0.2377280443906784,
        0.23674289882183075,
        0.23593370616436005,
        0.23517538607120514,
        0.23488081991672516,
        0.23439547419548035,
        0.23368538916110992,
        0.2328687608242035
    ],
    "binary_accuracy": [
        0.6917426586151123,
        0.7584792375564575,
        0.7939558625221252,
        0.8363639712333679,
        0.8681182265281677,
        0.8800926208496094,
        0.8857777714729309,
        0.8898375630378723,
        0.8934528231620789,
        0.8966445922851562,
        0.9000120759010315,
        0.9043471813201904,
        0.9093260169029236,
        0.9119479656219482,
        0.9138606190681458,
        0.915205717086792,
        0.9162578582763672,
        0.9170569181442261,
        0.9176372289657593,
        0.9183613061904907,
        0.9188435673713684,
        0.919292688369751,
        0.919706404209137,
        0.9201566576957703,
        0.9204345941543579,
        0.9209123253822327,
        0.9210903644561768,
        0.9213844537734985,
        0.9217479825019836,
        0.9219697117805481,
        0.9221718311309814,
        0.9223849177360535,
        0.9225463271141052,
        0.9227797389030457,
        0.9230090379714966,
        0.9230131506919861,
        0.9232462048530579,
        0.9234313368797302,
        0.9234732389450073,
        0.9236659407615662
    ],
    "val_loss": [
        0.5015453100204468,
        0.4704706072807312,
        0.4332762360572815,
        0.3751450777053833,
        0.34015482664108276,
        0.32218125462532043,
        0.3094046115875244,
        0.298302561044693,
        0.2894623279571533,
        0.28120043873786926,
        0.27486518025398254,
        0.26848599314689636,
        0.26233330368995667,
        0.2584269940853119,
        0.25623610615730286,
        0.25419214367866516,
        0.25303274393081665,
        0.2508440911769867,
        0.2493969202041626,
        0.24752651154994965,
        0.2474995255470276,
        0.24552007019519806,
        0.24370017647743225,
        0.2432134598493576,
        0.24129313230514526,
        0.24123239517211914,
        0.23964186012744904,
        0.23852019011974335,
        0.23687754571437836,
        0.236818328499794,
        0.23593224585056305,
        0.23468314111232758,
        0.23464038968086243,
        0.23408308625221252,
        0.23238064348697662,
        0.23115217685699463,
        0.23137125372886658,
        0.230545774102211,
        0.23062720894813538,
        0.22875022888183594
    ],
    "val_binary_accuracy": [
        0.7462486028671265,
        0.7871823906898499,
        0.820648193359375,
        0.8653145432472229,
        0.8821282982826233,
        0.8882932662963867,
        0.8919910192489624,
        0.8945277333259583,
        0.8972791433334351,
        0.9007743000984192,
        0.9030646085739136,
        0.9088954925537109,
        0.9133989810943604,
        0.9151314496994019,
        0.9155578017234802,
        0.9177982211112976,
        0.9184331297874451,
        0.9187793731689453,
        0.9187808632850647,
        0.9199177026748657,
        0.9202638864517212,
        0.9205753207206726,
        0.9214596748352051,
        0.9219313859939575,
        0.9218028783798218,
        0.9221203327178955,
        0.9224861860275269,
        0.9228459596633911,
        0.9232586622238159,
        0.9227915406227112,
        0.9240750074386597,
        0.9240311980247498,
        0.9238784909248352,
        0.9238452315330505,
        0.9241430759429932,
        0.9244726300239563,
        0.9243849515914917,
        0.9246736764907837,
        0.9250183701515198,
        0.9241430759429932
    ]
}