{
    "loss": [
        0.6198346614837646,
        0.5042661428451538,
        0.4656982123851776,
        0.44039955735206604,
        0.4182291030883789,
        0.3980191648006439,
        0.3820621371269226,
        0.36984962224960327,
        0.3594202995300293,
        0.34992676973342896,
        0.3411838114261627,
        0.33224934339523315,
        0.32441091537475586,
        0.31739774346351624,
        0.3106914460659027,
        0.3046562075614929,
        0.2992943525314331,
        0.29460152983665466,
        0.28998565673828125,
        0.28620800375938416,
        0.2824608385562897,
        0.27957236766815186,
        0.27638131380081177,
        0.27092164754867554,
        0.26109206676483154,
        0.25488415360450745,
        0.2518605887889862,
        0.250389963388443,
        0.2482861429452896,
        0.24715851247310638,
        0.24595747888088226,
        0.2452508807182312,
        0.24432551860809326,
        0.24400167167186737,
        0.24310848116874695,
        0.2422630786895752,
        0.241367369890213,
        0.24079246819019318,
        0.24001024663448334,
        0.23946048319339752
    ],
    "binary_accuracy": [
        0.6170953512191772,
        0.753897488117218,
        0.7853120565414429,
        0.8088682293891907,
        0.8295935392379761,
        0.8425988554954529,
        0.8509674668312073,
        0.8576760292053223,
        0.8631582856178284,
        0.8680722117424011,
        0.8722376823425293,
        0.8762450814247131,
        0.8795039653778076,
        0.8823608756065369,
        0.8848085999488831,
        0.8868196606636047,
        0.8884849548339844,
        0.8897976279258728,
        0.890779972076416,
        0.8915612697601318,
        0.8922200798988342,
        0.8925681710243225,
        0.892849862575531,
        0.893099844455719,
        0.8931730389595032,
        0.8932766914367676,
        0.8935539126396179,
        0.9039067625999451,
        0.90692538022995,
        0.9085348844528198,
        0.9098365902900696,
        0.9110203385353088,
        0.9119547605514526,
        0.9129106998443604,
        0.913687527179718,
        0.9143350124359131,
        0.9150047302246094,
        0.9156306982040405,
        0.9162434935569763,
        0.9166975021362305
    ],
    "val_loss": [
        0.531259298324585,
        0.4674515426158905,
        0.4421209692955017,
        0.4195619225502014,
        0.39908716082572937,
        0.3808286488056183,
        0.3681923449039459,
        0.35770711302757263,
        0.3477137088775635,
        0.33890166878700256,
        0.3303089439868927,
        0.3220069706439972,
        0.3143782317638397,
        0.30727115273475647,
        0.3012540638446808,
        0.29545530676841736,
        0.29035189747810364,
        0.2861846387386322,
        0.28187471628189087,
        0.2790472209453583,
        0.2751222252845764,
        0.27250534296035767,
        0.2691413164138794,
        0.25897398591041565,
        0.24917930364608765,
        0.2453177571296692,
        0.2440648376941681,
        0.2424895465373993,
        0.24092891812324524,
        0.24014943838119507,
        0.23935335874557495,
        0.23844248056411743,
        0.23811334371566772,
        0.23731274902820587,
        0.23656870424747467,
        0.23567992448806763,
        0.2352290004491806,
        0.2345617264509201,
        0.23403210937976837,
        0.23326779901981354
    ],
    "val_binary_accuracy": [
        0.7475305199623108,
        0.7814332246780396,
        0.8057997226715088,
        0.8285108208656311,
        0.8438717722892761,
        0.85210782289505,
        0.8583635091781616,
        0.863680362701416,
        0.8683244585990906,
        0.8726133108139038,
        0.8765831589698792,
        0.8801917433738708,
        0.8828297853469849,
        0.8855539560317993,
        0.8876084089279175,
        0.8891307711601257,
        0.8906153440475464,
        0.8918564915657043,
        0.8927242159843445,
        0.8933848738670349,
        0.8936842083930969,
        0.8938595652580261,
        0.8942133188247681,
        0.8942767977714539,
        0.8944476246833801,
        0.8946759104728699,
        0.894855797290802,
        0.907843291759491,
        0.909728467464447,
        0.9106279611587524,
        0.912221372127533,
        0.9133113026618958,
        0.9146718978881836,
        0.9147777557373047,
        0.9158722162246704,
        0.9168956875801086,
        0.917396068572998,
        0.9179962277412415,
        0.9188549518585205,
        0.9197982549667358
    ]
}