{
    "loss": [
        0.6678242087364197,
        0.5547730922698975,
        0.4624116122722626,
        0.41488051414489746,
        0.3818373680114746,
        0.356794148683548,
        0.33864519000053406,
        0.32424628734588623,
        0.3124855160713196,
        0.30266422033309937,
        0.29486358165740967,
        0.28774720430374146,
        0.2821590304374695,
        0.2772279381752014,
        0.27332720160484314,
        0.270997554063797,
        0.26804405450820923,
        0.26632314920425415,
        0.26417863368988037,
        0.2622334659099579,
        0.2613249123096466,
        0.2604278326034546,
        0.25916486978530884,
        0.2581897974014282,
        0.25794339179992676,
        0.2569538354873657,
        0.25617560744285583,
        0.2552717328071594,
        0.25486111640930176,
        0.2541517913341522,
        0.25418323278427124,
        0.25355222821235657,
        0.25332850217819214,
        0.252602219581604,
        0.2521759867668152,
        0.2520030438899994,
        0.25268831849098206,
        0.251937597990036,
        0.25180673599243164,
        0.25120577216148376
    ],
    "binary_accuracy": [
        0.5799606442451477,
        0.7308869957923889,
        0.7976163625717163,
        0.8345354199409485,
        0.8548681735992432,
        0.8677362203598022,
        0.8770954608917236,
        0.8842708468437195,
        0.8905578255653381,
        0.8958956599235535,
        0.900543749332428,
        0.9044305086135864,
        0.9076079726219177,
        0.910092294216156,
        0.9117918610572815,
        0.9133187532424927,
        0.914494514465332,
        0.9154844284057617,
        0.9163042306900024,
        0.9168932437896729,
        0.9175026416778564,
        0.9179291129112244,
        0.9184261560440063,
        0.9187237024307251,
        0.9190984964370728,
        0.9192870855331421,
        0.9195502996444702,
        0.9198564887046814,
        0.9200646281242371,
        0.9203195571899414,
        0.9205952286720276,
        0.9207717180252075,
        0.9209534525871277,
        0.9211457967758179,
        0.9212000966072083,
        0.9213671088218689,
        0.9215338230133057,
        0.921587347984314,
        0.9217291474342346,
        0.9218448996543884
    ],
    "val_loss": [
        0.6096958518028259,
        0.4841291904449463,
        0.41727736592292786,
        0.38002556562423706,
        0.35157135128974915,
        0.331652969121933,
        0.31654778122901917,
        0.30417582392692566,
        0.29353100061416626,
        0.28571757674217224,
        0.27978646755218506,
        0.27316349744796753,
        0.2687430679798126,
        0.26421698927879333,
        0.2620735168457031,
        0.2593778967857361,
        0.258163183927536,
        0.2567397356033325,
        0.2550261318683624,
        0.2539200782775879,
        0.25332674384117126,
        0.2523619532585144,
        0.25216835737228394,
        0.2514965832233429,
        0.2505161464214325,
        0.2508932948112488,
        0.24942940473556519,
        0.24989557266235352,
        0.24980077147483826,
        0.24879539012908936,
        0.24950718879699707,
        0.24969041347503662,
        0.24819807708263397,
        0.2485281378030777,
        0.24876147508621216,
        0.24855704605579376,
        0.24802307784557343,
        0.2486116588115692,
        0.2476726919412613,
        0.24744360148906708
    ],
    "val_binary_accuracy": [
        0.707322359085083,
        0.7880335450172424,
        0.8374966979026794,
        0.8575985431671143,
        0.8699178695678711,
        0.8788296580314636,
        0.8856235146522522,
        0.8919955492019653,
        0.8966925740242004,
        0.9024372696876526,
        0.9066822528839111,
        0.9095137715339661,
        0.9119144678115845,
        0.913442850112915,
        0.9152055382728577,
        0.9157195687294006,
        0.9173069000244141,
        0.9178269505500793,
        0.9181686043739319,
        0.91873699426651,
        0.9194611310958862,
        0.9197665452957153,
        0.9202260971069336,
        0.9203681945800781,
        0.9203334450721741,
        0.9210802316665649,
        0.9207945466041565,
        0.921464204788208,
        0.9215413331985474,
        0.9216758608818054,
        0.9217166900634766,
        0.9222472906112671,
        0.9219147562980652,
        0.9223561882972717,
        0.9224347472190857,
        0.9227174520492554,
        0.9224438667297363,
        0.9226691126823425,
        0.9228837490081787,
        0.9228142499923706
    ]
}