{
    "loss": [
        0.5432326197624207,
        0.41318461298942566,
        0.35050883889198303,
        0.3132038414478302,
        0.29140016436576843,
        0.27818694710731506,
        0.2706109881401062,
        0.2661333382129669,
        0.262572318315506,
        0.2607615292072296,
        0.2592529058456421,
        0.2579987049102783,
        0.25738030672073364,
        0.25590595602989197,
        0.2554023265838623,
        0.2544375956058502,
        0.25423160195350647,
        0.2534133493900299,
        0.2532504200935364,
        0.25259560346603394,
        0.2524408996105194,
        0.2515237033367157,
        0.251240074634552,
        0.2503832280635834,
        0.2496643364429474,
        0.24877509474754333,
        0.24840982258319855,
        0.24793864786624908,
        0.24769793450832367,
        0.2468542754650116,
        0.24624896049499512,
        0.24643611907958984,
        0.24522900581359863,
        0.24434725940227509,
        0.2436022013425827,
        0.24287211894989014,
        0.2425178587436676,
        0.24157847464084625,
        0.2411039024591446,
        0.24050745368003845
    ],
    "binary_accuracy": [
        0.722318172454834,
        0.8372505307197571,
        0.8733357787132263,
        0.8907614946365356,
        0.9028779864311218,
        0.9104127883911133,
        0.914623498916626,
        0.9170968532562256,
        0.9187089800834656,
        0.919790506362915,
        0.9205944538116455,
        0.9211823344230652,
        0.9217148423194885,
        0.9220063090324402,
        0.9222148656845093,
        0.9223962426185608,
        0.9226292967796326,
        0.9228657484054565,
        0.9231455326080322,
        0.923266589641571,
        0.9234962463378906,
        0.9237111806869507,
        0.9238367676734924,
        0.9239053726196289,
        0.9240784645080566,
        0.9240946769714355,
        0.9243476986885071,
        0.9244729280471802,
        0.9246256351470947,
        0.9248277544975281,
        0.9249729514122009,
        0.9250849485397339,
        0.9251648783683777,
        0.9253470301628113,
        0.9255310297012329,
        0.9255943894386292,
        0.9257094264030457,
        0.9258870482444763,
        0.9261943697929382,
        0.9262942671775818
    ],
    "val_loss": [
        0.4399721026420593,
        0.36236679553985596,
        0.3148268461227417,
        0.2876568138599396,
        0.273621529340744,
        0.2649784982204437,
        0.2603168785572052,
        0.2569659650325775,
        0.2541636526584625,
        0.25442877411842346,
        0.2533326745033264,
        0.2540660798549652,
        0.25327059626579285,
        0.2517229914665222,
        0.25185757875442505,
        0.25098127126693726,
        0.2513916492462158,
        0.25019899010658264,
        0.24987441301345825,
        0.2502287030220032,
        0.24928036332130432,
        0.2486778050661087,
        0.24753642082214355,
        0.24750180542469025,
        0.24555696547031403,
        0.24704843759536743,
        0.24531081318855286,
        0.24465686082839966,
        0.24512311816215515,
        0.24402494728565216,
        0.24390164017677307,
        0.243920236825943,
        0.24215468764305115,
        0.2417299747467041,
        0.24124792218208313,
        0.2400313764810562,
        0.23943151533603668,
        0.23847004771232605,
        0.2379312366247177,
        0.2371779829263687
    ],
    "val_binary_accuracy": [
        0.8201719522476196,
        0.8694068789482117,
        0.8875827193260193,
        0.9010192155838013,
        0.9108259677886963,
        0.9161836504936218,
        0.9180809259414673,
        0.9196561574935913,
        0.92035311460495,
        0.9217862486839294,
        0.9216350317001343,
        0.9229351878166199,
        0.9229941368103027,
        0.9227083921432495,
        0.9235353469848633,
        0.9235232472419739,
        0.923464298248291,
        0.9237394332885742,
        0.9240644574165344,
        0.9241747856140137,
        0.9240720272064209,
        0.9245784282684326,
        0.9242640137672424,
        0.9248384833335876,
        0.924555778503418,
        0.9249594211578369,
        0.9250984787940979,
        0.9252315163612366,
        0.9255444407463074,
        0.9256366491317749,
        0.9258120656013489,
        0.9259193539619446,
        0.9259209036827087,
        0.9260494112968445,
        0.9263139367103577,
        0.926091730594635,
        0.9267281889915466,
        0.9266933798789978,
        0.9268007278442383,
        0.9265210628509521
    ]
}