{
    "spatial_units": 8,
    "z_global_units": 4,
    "dense2_units": 8,
    "dense3_units": 4,
    "dropout_rate": 0.15000000000000002,
    "learning_rate": 0.002039939361228674,
    "nmodule_xlocal_units": 6,
    "dense2_ratio": 0.4,
    "dense3_ratio": 0.6000000000000001
}