{
    "spatial_units": 40,
    "z_global_units": 6,
    "dense2_units": 4,
    "dense3_units": 4,
    "dropout_rate": 0.25,
    "learning_rate": 0.0030500085596050154,
    "nmodule_xlocal_units": 12,
    "dense2_ratio": 0.6000000000000001,
    "dense3_ratio": 0.5
}