{
    "spatial_units": 24,
    "z_global_units": 8,
    "dense2_units": 4,
    "dense3_units": 4,
    "dropout_rate": 0.15000000000000002,
    "learning_rate": 0.0003044910166416591,
    "nmodule_xlocal_units": 12,
    "dense2_ratio": 0.2,
    "dense3_ratio": 0.4
}