{
    "spatial_units": 8,
    "z_global_units": 16,
    "dense2_units": 4,
    "dense3_units": 4,
    "dropout_rate": 0.05,
    "learning_rate": 0.0007236440598404395,
    "nmodule_xlocal_units": 4,
    "dense2_ratio": 0.6000000000000001,
    "dense3_ratio": 0.6000000000000001
}