{
    "spatial_units": 24,
    "z_global_units": 16,
    "dense2_units": 8,
    "dense3_units": 4,
    "dropout_rate": 0.1,
    "learning_rate": 0.00030612255550700523,
    "nmodule_xlocal_units": 4,
    "dense2_ratio": 0.4,
    "dense3_ratio": 0.30000000000000004
}