{
    "spatial_units": 16,
    "z_global_units": 10,
    "dense2_units": 8,
    "dense3_units": 4,
    "dropout_rate": 0.15000000000000002,
    "learning_rate": 0.00874380901685249,
    "nmodule_xlocal_units": 12,
    "dense2_ratio": 0.2,
    "dense3_ratio": 0.6000000000000001
}