{
    "spatial_units": 32,
    "z_global_units": 4,
    "dense2_units": 4,
    "dense3_units": 4,
    "dropout_rate": 0.25,
    "learning_rate": 0.00016129440050595875,
    "nmodule_xlocal_units": 12,
    "dense2_ratio": 0.6000000000000001,
    "dense3_ratio": 0.5
}