{
    "spatial_units": 48,
    "z_global_units": 2,
    "dense2_units": 8,
    "dense3_units": 4,
    "dropout_rate": 0.2,
    "learning_rate": 0.00010874253629071625,
    "nmodule_xlocal_units": 12,
    "dense2_ratio": 0.6000000000000001,
    "dense3_ratio": 0.30000000000000004
}