{
    "spatial_units": 8,
    "z_global_units": 12,
    "dense2_units": 4,
    "dense3_units": 4,
    "dropout_rate": 0.05,
    "learning_rate": 0.0006929802948655483,
    "nmodule_xlocal_units": 6,
    "dense2_ratio": 0.30000000000000004,
    "dense3_ratio": 0.4
}