{
    "spatial_units": 56,
    "z_global_units": 12,
    "dense2_units": 4,
    "dense3_units": 4,
    "dropout_rate": 0.25,
    "learning_rate": 0.002901772414053112,
    "nmodule_xlocal_units": 6,
    "dense2_ratio": 0.4,
    "dense3_ratio": 0.30000000000000004
}