{
    "spatial_units": 64,
    "z_global_units": 10,
    "dense2_units": 4,
    "dense3_units": 4,
    "dropout_rate": 0.05,
    "learning_rate": 0.0012106145307524464,
    "nmodule_xlocal_units": 4,
    "dense2_ratio": 0.6000000000000001,
    "dense3_ratio": 0.5
}