{
    "spatial_units": 32,
    "z_global_units": 10,
    "dense2_units": 8,
    "dense3_units": 4,
    "dropout_rate": 0.1,
    "learning_rate": 0.00017775537216490074,
    "nmodule_xlocal_units": 8,
    "dense2_ratio": 0.30000000000000004,
    "dense3_ratio": 0.5
}