{
    "spatial_units": 32,
    "z_global_units": 12,
    "dense2_units": 8,
    "dense3_units": 4,
    "dropout_rate": 0.05,
    "learning_rate": 0.0008380093243360302,
    "nmodule_xlocal_units": 8,
    "dense2_ratio": 0.30000000000000004,
    "dense3_ratio": 0.30000000000000004
}