{
    "spatial_units": 40,
    "z_global_units": 6,
    "dense2_units": 8,
    "dense3_units": 4,
    "dropout_rate": 0.15000000000000002,
    "learning_rate": 0.00022711128349401242,
    "nmodule_xlocal_units": 2,
    "dense2_ratio": 0.5,
    "dense3_ratio": 0.4
}