{
    "spatial_units": 24,
    "z_global_units": 16,
    "dense2_units": 8,
    "dense3_units": 4,
    "dropout_rate": 0.15000000000000002,
    "learning_rate": 0.0018754503534125356,
    "nmodule_xlocal_units": 12,
    "dense2_ratio": 0.4,
    "dense3_ratio": 0.5
}