{
    "spatial_units": 24,
    "z_global_units": 6,
    "dense2_units": 8,
    "dense3_units": 4,
    "dropout_rate": 0.25,
    "learning_rate": 0.00024952619088402855,
    "nmodule_xlocal_units": 6,
    "dense2_ratio": 0.30000000000000004,
    "dense3_ratio": 0.4
}