model_type,weight_bits,integer_bits,test_accuracy,test_loss,roc_auc,model_path
non_quantized,N/A,N/A,0.915604293346405,0.25998374819755554,0.9496517868493839,Model2_results_20251113_042720/models/Model2_unquantized.h5
quantized,16,0,0.9037134647369385,0.2867046296596527,0.941205311379027,Model2_results_20251113_042720/models/Model2_quantized_16bit.h5
quantized,8,0,0.8726900815963745,0.343959778547287,0.9169836524090079,Model2_results_20251113_042720/models/Model2_quantized_8bit.h5
quantized,6,0,0.8483819365501404,0.3908896744251251,0.8960174463543196,Model2_results_20251113_042720/models/Model2_quantized_6bit.h5
quantized,4,0,0.7457020878791809,0.5115862488746643,0.7985736957479793,Model2_results_20251113_081249/models/Model2_quantized_4bit.h5
quantized,3,0,0.7436925768852234,0.5121181011199951,0.8022347522212648,Model2_results_20251113_042720/models/Model2_quantized_3bit.h5
quantized,2,0,0.73648601770401,0.5440199375152588,0.7560385437529186,Model2_results_20251113_042720/models/Model2_quantized_2bit.h5
