{
    "input_bits": 10,
    "input_int_bits": 1,
    "spatial_units": 120,
    "nmodule_xlocal_units": 12,
    "dense2_ratio": 0.6000000000000001,
    "dense3_ratio": 0.4,
    "dropout_rate": 0.05,
    "learning_rate": 0.0006940404824300579
}