{
    "loss": [
        0.3994290828704834,
        0.2840626835823059,
        0.27139994502067566,
        0.2664000689983368,
        0.26352015137672424,
        0.2602711319923401,
        0.25812044739723206,
        0.25698670744895935,
        0.2563978433609009,
        0.2555350959300995,
        0.25477486848831177,
        0.2531012296676636,
        0.2533542513847351,
        0.2521667778491974,
        0.2514670789241791,
        0.2510640621185303,
        0.2503169775009155,
        0.24942615628242493,
        0.2493584007024765,
        0.2486439049243927
    ],
    "binary_accuracy": [
        0.836397647857666,
        0.9032522439956665,
        0.9107270240783691,
        0.9124765396118164,
        0.913006603717804,
        0.9133115410804749,
        0.9136496782302856,
        0.913854718208313,
        0.913872241973877,
        0.9140299558639526,
        0.9140224456787109,
        0.9141421318054199,
        0.9139766097068787,
        0.9140381217002869,
        0.9142573475837708,
        0.9143561124801636,
        0.9142603278160095,
        0.9145112037658691,
        0.9144478440284729,
        0.9144079089164734
    ],
    "val_loss": [
        0.29510217905044556,
        0.27075353264808655,
        0.2635996341705322,
        0.25975996255874634,
        0.258817195892334,
        0.25506770610809326,
        0.2530079782009125,
        0.2560158967971802,
        0.2560684382915497,
        0.2516932487487793,
        0.25116539001464844,
        0.2530290186405182,
        0.2515544593334198,
        0.24839764833450317,
        0.24779954552650452,
        0.2494218945503235,
        0.24695222079753876,
        0.24802623689174652,
        0.24645672738552094,
        0.24830181896686554
    ],
    "val_binary_accuracy": [
        0.8932064771652222,
        0.9112840294837952,
        0.9133219122886658,
        0.9131798148155212,
        0.913386881351471,
        0.9140883684158325,
        0.9140989184379578,
        0.9138767123222351,
        0.9141080379486084,
        0.9143756031990051,
        0.9145101308822632,
        0.9146613478660583,
        0.9130422472953796,
        0.9147897958755493,
        0.9149425029754639,
        0.9147142171859741,
        0.914699137210846,
        0.9148941040039062,
        0.9147550463676453,
        0.9148139953613281
    ]
}