{
    "loss": [
        0.4805377721786499,
        0.3521024286746979,
        0.29484692215919495,
        0.2722478210926056,
        0.2680581510066986,
        0.26479431986808777,
        0.26369258761405945,
        0.2626285254955292,
        0.2620158791542053,
        0.2611006498336792,
        0.259212851524353,
        0.2581576704978943,
        0.25770020484924316,
        0.2564745545387268,
        0.2547904849052429,
        0.254507839679718,
        0.2533186674118042,
        0.25302422046661377,
        0.25185397267341614,
        0.2518790066242218
    ],
    "binary_accuracy": [
        0.7756762504577637,
        0.8700918555259705,
        0.8960872292518616,
        0.9094196557998657,
        0.9118219017982483,
        0.9129376411437988,
        0.9130189418792725,
        0.9132493138313293,
        0.9130640029907227,
        0.9132921695709229,
        0.9134159684181213,
        0.9134755730628967,
        0.9135225415229797,
        0.913725733757019,
        0.9138949513435364,
        0.9138800501823425,
        0.9141566753387451,
        0.9139795899391174,
        0.9140564203262329,
        0.9141037464141846
    ],
    "val_loss": [
        0.3906750977039337,
        0.30810654163360596,
        0.26898878812789917,
        0.2626151740550995,
        0.261860191822052,
        0.26065802574157715,
        0.2576429545879364,
        0.2577899396419525,
        0.25763413310050964,
        0.25766363739967346,
        0.25601834058761597,
        0.2550344467163086,
        0.2551085352897644,
        0.25237205624580383,
        0.2517732083797455,
        0.25123661756515503,
        0.24994567036628723,
        0.24921844899654388,
        0.2503705620765686,
        0.2506418228149414
    ],
    "val_binary_accuracy": [
        0.8488953709602356,
        0.8875993490219116,
        0.9073308110237122,
        0.9133385419845581,
        0.9136877655982971,
        0.9139871001243591,
        0.9133173823356628,
        0.9137391448020935,
        0.9142894148826599,
        0.9138177633285522,
        0.9140974283218384,
        0.9139387011528015,
        0.9134398102760315,
        0.9145766496658325,
        0.9144466519355774,
        0.9142123460769653,
        0.9144315123558044,
        0.9147051572799683,
        0.9141790866851807,
        0.9142228960990906
    ]
}