{
    "loss": [
        0.5106382369995117,
        0.4350447654724121,
        0.34377846121788025,
        0.29309558868408203,
        0.27415022253990173,
        0.2690846621990204,
        0.26692965626716614,
        0.26730337738990784,
        0.26689454913139343,
        0.2657236158847809,
        0.26493629813194275,
        0.2653346359729767,
        0.26458731293678284,
        0.26330095529556274,
        0.2626962661743164,
        0.26258739829063416,
        0.26207399368286133,
        0.26168906688690186,
        0.2613791525363922,
        0.2622000575065613
    ],
    "binary_accuracy": [
        0.7382615804672241,
        0.8132504224777222,
        0.8739244937896729,
        0.8968062996864319,
        0.9088053107261658,
        0.9115814566612244,
        0.912492573261261,
        0.9124347567558289,
        0.9121208786964417,
        0.9126580357551575,
        0.9126021265983582,
        0.9125369191169739,
        0.912533164024353,
        0.9128727912902832,
        0.9132139086723328,
        0.9131177067756653,
        0.9131859540939331,
        0.9133052229881287,
        0.9131378531455994,
        0.9129570126533508
    ],
    "val_loss": [
        0.466645210981369,
        0.3708491027355194,
        0.30588534474372864,
        0.27190396189689636,
        0.2660922408103943,
        0.26121360063552856,
        0.2617078423500061,
        0.26305803656578064,
        0.2659747004508972,
        0.2625357508659363,
        0.2632646858692169,
        0.26402753591537476,
        0.260537713766098,
        0.26237308979034424,
        0.2612859606742859,
        0.25780197978019714,
        0.26230281591415405,
        0.2604392468929291,
        0.2621616721153259,
        0.25700753927230835
    ],
    "val_binary_accuracy": [
        0.7851007580757141,
        0.858674943447113,
        0.8876069188117981,
        0.9100202322006226,
        0.9132463335990906,
        0.9124723076820374,
        0.9137210249900818,
        0.9131072163581848,
        0.9133309721946716,
        0.9135940074920654,
        0.9115334749221802,
        0.9119930863380432,
        0.9137738943099976,
        0.9129817485809326,
        0.9136907458305359,
        0.913781464099884,
        0.9124783277511597,
        0.9130331873893738,
        0.9116106033325195,
        0.9146673679351807
    ]
}