{
    "loss": [
        0.45272400975227356,
        0.3215090036392212,
        0.281570166349411,
        0.26923874020576477,
        0.2660636901855469,
        0.26276516914367676,
        0.26082274317741394,
        0.25983044505119324,
        0.2588823139667511,
        0.2584512531757355,
        0.2574625313282013,
        0.2570144832134247,
        0.2554914057254791,
        0.2559400498867035,
        0.25381627678871155,
        0.25509780645370483,
        0.2537820041179657,
        0.25305813550949097,
        0.2524484694004059,
        0.2519628405570984
    ],
    "binary_accuracy": [
        0.7946586608886719,
        0.8828341960906982,
        0.9033681750297546,
        0.9095903635025024,
        0.9109466075897217,
        0.9121488332748413,
        0.9127020239830017,
        0.9129015207290649,
        0.913101315498352,
        0.9130043983459473,
        0.9132698178291321,
        0.9131583571434021,
        0.9134066104888916,
        0.9133245944976807,
        0.913706362247467,
        0.9131135940551758,
        0.9136347770690918,
        0.9137499332427979,
        0.9138002991676331,
        0.9140746593475342
    ],
    "val_loss": [
        0.35504961013793945,
        0.2893078923225403,
        0.26659172773361206,
        0.26159918308258057,
        0.2582150399684906,
        0.25819501280784607,
        0.25669124722480774,
        0.2564297020435333,
        0.2577725648880005,
        0.25420185923576355,
        0.2582387328147888,
        0.2560071647167206,
        0.2523767352104187,
        0.2521395683288574,
        0.2499171644449234,
        0.25409114360809326,
        0.2526523172855377,
        0.25048065185546875,
        0.2486364245414734,
        0.25232407450675964
    ],
    "val_binary_accuracy": [
        0.8680236339569092,
        0.8997735381126404,
        0.9094759821891785,
        0.9126642942428589,
        0.913004457950592,
        0.9137784838676453,
        0.9141700267791748,
        0.9136756658554077,
        0.9133989810943604,
        0.9141881465911865,
        0.9113052487373352,
        0.9139160513877869,
        0.9144421219825745,
        0.9145887494087219,
        0.9139538407325745,
        0.9136756658554077,
        0.9144103527069092,
        0.9141563773155212,
        0.914573609828949,
        0.9134458899497986
    ]
}