{
    "loss": [
        0.5275833606719971,
        0.4394233524799347,
        0.3707790672779083,
        0.31770139932632446,
        0.2898271977901459,
        0.2764870524406433,
        0.27267104387283325,
        0.27173665165901184,
        0.26934814453125,
        0.26877182722091675,
        0.26804906129837036,
        0.2668701112270355,
        0.2658964991569519,
        0.2657884657382965,
        0.26540249586105347,
        0.2652561068534851,
        0.26345500349998474,
        0.26353979110717773,
        0.26298466324806213,
        0.2631080746650696
    ],
    "binary_accuracy": [
        0.7256863117218018,
        0.8104268908500671,
        0.8536902666091919,
        0.88540118932724,
        0.9021033048629761,
        0.9079843759536743,
        0.9093331694602966,
        0.9094628691673279,
        0.9100642204284668,
        0.9100004434585571,
        0.9102789163589478,
        0.9108399748802185,
        0.9112563729286194,
        0.911171019077301,
        0.9112284183502197,
        0.9109671115875244,
        0.9115300178527832,
        0.9114852547645569,
        0.9116895794868469,
        0.9117212295532227
    ],
    "val_loss": [
        0.46173733472824097,
        0.4026314318180084,
        0.33172762393951416,
        0.29329073429107666,
        0.2754266560077667,
        0.2669723331928253,
        0.2632724344730377,
        0.26356491446495056,
        0.26176220178604126,
        0.2717284560203552,
        0.26501914858818054,
        0.25990191102027893,
        0.25766608119010925,
        0.25852346420288086,
        0.26185691356658936,
        0.2614844739437103,
        0.25845596194267273,
        0.2587199807167053,
        0.2684469223022461,
        0.26057174801826477
    ],
    "val_binary_accuracy": [
        0.792178750038147,
        0.838597297668457,
        0.8738514184951782,
        0.8980017304420471,
        0.9049422144889832,
        0.9115667343139648,
        0.9118933081626892,
        0.9113626480102539,
        0.9124965071678162,
        0.9083799719810486,
        0.9113143086433411,
        0.9115168452262878,
        0.9132553935050964,
        0.9134231805801392,
        0.9114820957183838,
        0.9116257429122925,
        0.9119930863380432,
        0.9118691086769104,
        0.9094865918159485,
        0.9113157987594604
    ]
}