{
    "loss": [
        0.47404855489730835,
        0.31152021884918213,
        0.2763417959213257,
        0.2685707211494446,
        0.26583367586135864,
        0.2639107406139374,
        0.2620528042316437,
        0.26142868399620056,
        0.2596839964389801,
        0.2580418586730957,
        0.256623774766922,
        0.25462716817855835,
        0.2537469267845154,
        0.2509998381137848,
        0.2506764531135559,
        0.24878913164138794,
        0.24821271002292633,
        0.2470587193965912,
        0.24668699502944946,
        0.24506692588329315
    ],
    "binary_accuracy": [
        0.7771293520927429,
        0.8898314237594604,
        0.9089338779449463,
        0.9123173356056213,
        0.9131706357002258,
        0.9135307669639587,
        0.9138964414596558,
        0.9137928485870361,
        0.9140064120292664,
        0.9139460325241089,
        0.9142312407493591,
        0.9142241477966309,
        0.9141667485237122,
        0.9143639206886292,
        0.9142994284629822,
        0.9143579602241516,
        0.9143218398094177,
        0.9145201444625854,
        0.914387047290802,
        0.9144518971443176
    ],
    "val_loss": [
        0.34622275829315186,
        0.28072357177734375,
        0.2665194272994995,
        0.26470327377319336,
        0.2613172233104706,
        0.26146557927131653,
        0.2606807351112366,
        0.2625797688961029,
        0.2566209137439728,
        0.258386492729187,
        0.25605541467666626,
        0.2503490149974823,
        0.25258591771125793,
        0.2513768672943115,
        0.24881501495838165,
        0.24837271869182587,
        0.24549555778503418,
        0.24564801156520844,
        0.24641306698322296,
        0.25288158655166626
    ],
    "val_binary_accuracy": [
        0.8731136918067932,
        0.9083709120750427,
        0.9130664467811584,
        0.91373610496521,
        0.9135562181472778,
        0.9145388603210449,
        0.9143000245094299,
        0.9139764904975891,
        0.9143393039703369,
        0.9140793085098267,
        0.914495050907135,
        0.9146068692207336,
        0.9146386384963989,
        0.9145494699478149,
        0.9146688580513,
        0.9147142171859741,
        0.9145404100418091,
        0.9145479202270508,
        0.9146552681922913,
        0.9143075942993164
    ]
}