{
    "loss": [
        0.6684150099754333,
        0.49351033568382263,
        0.42122766375541687,
        0.37981101870536804,
        0.3585416376590729,
        0.3373267948627472,
        0.32053184509277344,
        0.3096393644809723,
        0.2998765707015991,
        0.2956908345222473,
        0.2924622893333435,
        0.2905435562133789,
        0.28696995973587036,
        0.2852404713630676,
        0.28418490290641785,
        0.28306347131729126,
        0.28311705589294434,
        0.28473350405693054,
        0.28616654872894287,
        0.2852613925933838
    ],
    "binary_accuracy": [
        0.5891939401626587,
        0.7932894229888916,
        0.8472092747688293,
        0.8682200908660889,
        0.8761641979217529,
        0.8842616081237793,
        0.8905177116394043,
        0.8939772248268127,
        0.8985002636909485,
        0.9021003246307373,
        0.904543936252594,
        0.9055526852607727,
        0.9070781469345093,
        0.9075590372085571,
        0.9081681966781616,
        0.9083053469657898,
        0.9085760116577148,
        0.90812087059021,
        0.9074073433876038,
        0.9072951078414917
    ],
    "val_loss": [
        0.5480433702468872,
        0.4473383128643036,
        0.38552528619766235,
        0.35837116837501526,
        0.3408377468585968,
        0.32137948274612427,
        0.3065156936645508,
        0.2950480282306671,
        0.28927233815193176,
        0.2814909517765045,
        0.2923797369003296,
        0.2809034287929535,
        0.2795863747596741,
        0.27813687920570374,
        0.275812566280365,
        0.27603060007095337,
        0.2759256958961487,
        0.273897647857666,
        0.2782955765724182,
        0.2722078859806061
    ],
    "val_binary_accuracy": [
        0.6973643898963928,
        0.8315449357032776,
        0.8677817583084106,
        0.8773723244667053,
        0.8817745447158813,
        0.8915994763374329,
        0.897667646408081,
        0.8981106281280518,
        0.9058840870857239,
        0.9087216258049011,
        0.9019443988800049,
        0.9099234938621521,
        0.9085704684257507,
        0.9112054705619812,
        0.9115985035896301,
        0.9119613170623779,
        0.910770058631897,
        0.9118494391441345,
        0.9099748730659485,
        0.9118025898933411
    ]
}