{
    "loss": [
        0.6030008792877197,
        0.41269463300704956,
        0.3320527672767639,
        0.29709604382514954,
        0.2846660614013672,
        0.27946048974990845,
        0.2765115797519684,
        0.2779812216758728,
        0.2729477286338806,
        0.27064505219459534,
        0.2674708068370819,
        0.26442795991897583,
        0.26255369186401367,
        0.261262446641922,
        0.2596607506275177,
        0.25860100984573364,
        0.25761878490448,
        0.25661227107048035,
        0.25696951150894165,
        0.2557253837585449
    ],
    "binary_accuracy": [
        0.7024697065353394,
        0.8404614329338074,
        0.8819882869720459,
        0.8988063335418701,
        0.9053465723991394,
        0.907108724117279,
        0.9080835580825806,
        0.9083601832389832,
        0.9090360403060913,
        0.9092667698860168,
        0.9096537828445435,
        0.910091757774353,
        0.9101219773292542,
        0.9103121161460876,
        0.9105026125907898,
        0.9109163880348206,
        0.9111475348472595,
        0.9114155769348145,
        0.9113026261329651,
        0.9116034507751465
    ],
    "val_loss": [
        0.4669564962387085,
        0.34958353638648987,
        0.29759204387664795,
        0.2809284031391144,
        0.2755986154079437,
        0.271100789308548,
        0.2690953016281128,
        0.27265501022338867,
        0.2636852264404297,
        0.26167237758636475,
        0.2635217607021332,
        0.2595522403717041,
        0.25532880425453186,
        0.25540944933891296,
        0.25366583466529846,
        0.25822222232818604,
        0.2515142261981964,
        0.2542169988155365,
        0.2562873065471649,
        0.24964289367198944
    ],
    "val_binary_accuracy": [
        0.8198560476303101,
        0.872738778591156,
        0.8956131935119629,
        0.9069105386734009,
        0.9097692966461182,
        0.9105009436607361,
        0.9109756350517273,
        0.9102439880371094,
        0.9116136431694031,
        0.9116287231445312,
        0.9110935926437378,
        0.9119794368743896,
        0.9123377799987793,
        0.9121109843254089,
        0.9125796556472778,
        0.9124027490615845,
        0.9131737351417542,
        0.912804901599884,
        0.9117300510406494,
        0.9135108590126038
    ]
}