{
    "loss": [
        0.4657287895679474,
        0.31918710470199585,
        0.2842101752758026,
        0.27569374442100525,
        0.2707958221435547,
        0.26805615425109863,
        0.2656172811985016,
        0.26381248235702515,
        0.2630147933959961,
        0.261703222990036,
        0.2616473138332367,
        0.2588517367839813,
        0.25660789012908936,
        0.2558388113975525,
        0.254395991563797,
        0.2527540326118469,
        0.2525378465652466,
        0.25166815519332886,
        0.2513238787651062,
        0.24950101971626282
    ],
    "binary_accuracy": [
        0.7871010899543762,
        0.886082649230957,
        0.9058863520622253,
        0.9105294346809387,
        0.9118050932884216,
        0.9126935005187988,
        0.9132884740829468,
        0.9135367274284363,
        0.9137033820152283,
        0.9138360619544983,
        0.9137928485870361,
        0.9139270186424255,
        0.9139978885650635,
        0.9140649437904358,
        0.9140291810035706,
        0.9140574932098389,
        0.914115309715271,
        0.9141988158226013,
        0.9140806198120117,
        0.9142539501190186
    ],
    "val_loss": [
        0.34989818930625916,
        0.2825174331665039,
        0.2687458097934723,
        0.2668514549732208,
        0.26290464401245117,
        0.2620629370212555,
        0.2612248659133911,
        0.2582285702228546,
        0.25866806507110596,
        0.2608708441257477,
        0.25990062952041626,
        0.2531832456588745,
        0.2522485852241516,
        0.25422149896621704,
        0.2505442202091217,
        0.25272127985954285,
        0.25096595287323,
        0.2480672150850296,
        0.24790063500404358,
        0.2470615953207016
    ],
    "val_binary_accuracy": [
        0.8719950318336487,
        0.899657130241394,
        0.9114820957183838,
        0.9114019870758057,
        0.913631796836853,
        0.9135229587554932,
        0.9139689207077026,
        0.9144300222396851,
        0.9143438339233398,
        0.9139931201934814,
        0.9139145016670227,
        0.9146220088005066,
        0.9143166542053223,
        0.9143423438072205,
        0.9143922328948975,
        0.9140127897262573,
        0.9146114587783813,
        0.9143136143684387,
        0.9143015146255493,
        0.9146159887313843
    ]
}