{
    "loss": [
        0.5153892040252686,
        0.44608840346336365,
        0.38348397612571716,
        0.3128395080566406,
        0.27353525161743164,
        0.26432356238365173,
        0.26136699318885803,
        0.26135656237602234,
        0.2602963149547577,
        0.25990310311317444,
        0.2587722837924957,
        0.2586432695388794,
        0.25809481739997864,
        0.25778448581695557,
        0.2569081485271454,
        0.2565218210220337,
        0.2554827034473419,
        0.2553946375846863,
        0.2555064260959625,
        0.2554316222667694
    ],
    "binary_accuracy": [
        0.7372084856033325,
        0.8028730750083923,
        0.8417904376983643,
        0.8822175860404968,
        0.9049029350280762,
        0.9096492528915405,
        0.9114852547645569,
        0.9116955399513245,
        0.911943793296814,
        0.9118561744689941,
        0.9125235080718994,
        0.9122610688209534,
        0.9123423099517822,
        0.9122110605239868,
        0.9124515652656555,
        0.912439227104187,
        0.9126554727554321,
        0.9124507904052734,
        0.9124563932418823,
        0.9123016595840454
    ],
    "val_loss": [
        0.4693180024623871,
        0.4070875644683838,
        0.3400891423225403,
        0.27912086248397827,
        0.2615205645561218,
        0.2583412826061249,
        0.2598511874675751,
        0.2584058344364166,
        0.25478479266166687,
        0.2623429298400879,
        0.25850483775138855,
        0.25461000204086304,
        0.2572120726108551,
        0.2543725073337555,
        0.25988346338272095,
        0.25459250807762146,
        0.25184717774391174,
        0.2540520131587982,
        0.2625613808631897,
        0.2506663501262665
    ],
    "val_binary_accuracy": [
        0.7834725379943848,
        0.8286922574043274,
        0.8650031089782715,
        0.9007758498191833,
        0.9105523824691772,
        0.9127579927444458,
        0.9131813049316406,
        0.912559986114502,
        0.9138343930244446,
        0.9112915992736816,
        0.9126189351081848,
        0.9135713577270508,
        0.913104236125946,
        0.9136937856674194,
        0.913098156452179,
        0.9129953384399414,
        0.9139931201934814,
        0.9128744006156921,
        0.9106793403625488,
        0.9138994216918945
    ]
}