{
  "timestamp": "2026-04-20T17:25:23.054401",
  "total_models": 62,
  "pareto_optimal_models": 12,
  "primary_metric_range": {
    "min": 0.0621867261694195,
    "max": 0.8424344124254326,
    "mean": 0.6770634433668057
  },
  "luts_range": {
    "min": 360,
    "max": 9827,
    "mean": 2592.1290322580644
  },
  "luts_plus_ff_range": {
    "min": 734,
    "max": 20153,
    "mean": 5195.870967741936
  },
  "registers_range": {
    "min": 374,
    "max": 10326,
    "mean": 2603.7419354838707
  }
}