{
    "loss": [
        0.4135051965713501,
        0.28125274181365967,
        0.26240184903144836,
        0.25896385312080383,
        0.2558959424495697,
        0.25326311588287354,
        0.25127336382865906,
        0.2504788041114807,
        0.24849295616149902,
        0.24734391272068024,
        0.24597212672233582,
        0.24352943897247314,
        0.24202997982501984,
        0.2421903908252716,
        0.2394724041223526,
        0.23963342607021332,
        0.23858146369457245,
        0.23628352582454681,
        0.2344174087047577,
        0.2332524210214615,
        0.23279567062854767,
        0.2308720499277115,
        0.2298385053873062,
        0.2284643054008484,
        0.22820915281772614,
        0.22615592181682587,
        0.22657598555088043,
        0.2238391786813736,
        0.22316065430641174,
        0.22171872854232788,
        0.21961438655853271,
        0.21916812658309937,
        0.2184632569551468,
        0.21633917093276978,
        0.2155161201953888,
        0.21438054740428925,
        0.21305808424949646,
        0.2128230333328247,
        0.211188405752182,
        0.2105114459991455
    ],
    "binary_accuracy": [
        0.8267502188682556,
        0.9096096158027649,
        0.919866681098938,
        0.9220455288887024,
        0.9226756691932678,
        0.9235731363296509,
        0.9240890145301819,
        0.9244585633277893,
        0.9248975515365601,
        0.9253756999969482,
        0.9262132048606873,
        0.9267086982727051,
        0.927394688129425,
        0.9276691675186157,
        0.9284007549285889,
        0.9284927845001221,
        0.9289992451667786,
        0.9298571348190308,
        0.9299612045288086,
        0.9303013682365417,
        0.9302821159362793,
        0.9308628439903259,
        0.931344747543335,
        0.9314650893211365,
        0.931462824344635,
        0.9318353533744812,
        0.931808590888977,
        0.9324760437011719,
        0.9327720999717712,
        0.9326672554016113,
        0.9332517385482788,
        0.9333165884017944,
        0.9333543181419373,
        0.9335805773735046,
        0.9335798025131226,
        0.9339659810066223,
        0.9340037107467651,
        0.9338057041168213,
        0.9345312714576721,
        0.9346390962600708
    ],
    "val_loss": [
        0.2999383807182312,
        0.25690987706184387,
        0.2559831142425537,
        0.2521790564060211,
        0.2504367530345917,
        0.24799087643623352,
        0.24680931866168976,
        0.2496454417705536,
        0.2427951842546463,
        0.2420269250869751,
        0.23947642743587494,
        0.23903343081474304,
        0.23557154834270477,
        0.23709724843502045,
        0.23554082214832306,
        0.232564315199852,
        0.23489327728748322,
        0.22879141569137573,
        0.23089243471622467,
        0.22856493294239044,
        0.2268589735031128,
        0.22545278072357178,
        0.22629334032535553,
        0.23197729885578156,
        0.22291819751262665,
        0.22026686370372772,
        0.22902992367744446,
        0.21942070126533508,
        0.21905650198459625,
        0.2144855260848999,
        0.21311277151107788,
        0.21359993517398834,
        0.21804313361644745,
        0.21144308149814606,
        0.2155645191669464,
        0.20833690464496613,
        0.20679153501987457,
        0.21009281277656555,
        0.2034730613231659,
        0.21057695150375366
    ],
    "val_binary_accuracy": [
        0.8936902284622192,
        0.9187914133071899,
        0.9219388961791992,
        0.9236986041069031,
        0.9250818490982056,
        0.9246162176132202,
        0.9263200163841248,
        0.9259027242660522,
        0.9276337027549744,
        0.9272814393043518,
        0.927233099937439,
        0.9278831481933594,
        0.9287267327308655,
        0.929561197757721,
        0.928508996963501,
        0.9316111207008362,
        0.9295430779457092,
        0.9310714602470398,
        0.9318122267723083,
        0.9329898357391357,
        0.9318243265151978,
        0.9315869808197021,
        0.932134211063385,
        0.9330579042434692,
        0.9324153661727905,
        0.9305257201194763,
        0.9336973428726196,
        0.9339362382888794,
        0.9338077306747437,
        0.9346905946731567,
        0.9341206550598145,
        0.9341508746147156,
        0.9328583478927612,
        0.9340269565582275,
        0.9339982271194458,
        0.9351970553398132,
        0.9362930655479431,
        0.9363308548927307,
        0.9362083673477173,
        0.9361312985420227
    ]
}