{
    "loss": [
        0.3884385824203491,
        0.26027199625968933,
        0.24962742626667023,
        0.24527347087860107,
        0.24078546464443207,
        0.23670727014541626,
        0.2339792251586914,
        0.2299671173095703,
        0.2274531126022339,
        0.22434048354625702,
        0.22045177221298218,
        0.21963703632354736,
        0.2169547975063324,
        0.21583381295204163,
        0.2140849381685257,
        0.21247878670692444,
        0.21002918481826782,
        0.20731738209724426,
        0.207720085978508,
        0.20616279542446136,
        0.20483417809009552,
        0.2042028307914734,
        0.20412130653858185,
        0.20317983627319336,
        0.20273983478546143,
        0.20003806054592133,
        0.20012307167053223,
        0.19993241131305695,
        0.19923487305641174,
        0.19779694080352783,
        0.1980130672454834,
        0.19669663906097412,
        0.19610595703125,
        0.19660913944244385,
        0.19640357792377472,
        0.19649219512939453,
        0.19436228275299072,
        0.19591586291790009,
        0.19519494473934174,
        0.19392262399196625
    ],
    "binary_accuracy": [
        0.8365886807441711,
        0.9165915846824646,
        0.9210216999053955,
        0.9220523238182068,
        0.9232333898544312,
        0.9236927032470703,
        0.9241459965705872,
        0.9252901077270508,
        0.9254658222198486,
        0.9263991117477417,
        0.9277532696723938,
        0.9279391765594482,
        0.9289566278457642,
        0.9299939870834351,
        0.9308028817176819,
        0.9315529465675354,
        0.9323651790618896,
        0.9331676363945007,
        0.9330228567123413,
        0.9335564374923706,
        0.9340153932571411,
        0.9338347315788269,
        0.9339165687561035,
        0.9343000650405884,
        0.9348276257514954,
        0.9352812767028809,
        0.9353386163711548,
        0.935394823551178,
        0.9356731176376343,
        0.936077356338501,
        0.9358552098274231,
        0.9363628029823303,
        0.936256468296051,
        0.9363805651664734,
        0.9363933801651001,
        0.9363152980804443,
        0.9367610216140747,
        0.9365143775939941,
        0.9362217783927917,
        0.9367848038673401
    ],
    "val_loss": [
        0.2694214880466461,
        0.2503553032875061,
        0.2502284646034241,
        0.23553836345672607,
        0.2334619015455246,
        0.23351521790027618,
        0.22678810358047485,
        0.2333727478981018,
        0.2260800302028656,
        0.21715599298477173,
        0.21902057528495789,
        0.2190506011247635,
        0.22173182666301727,
        0.21490590274333954,
        0.2108057141304016,
        0.2136714607477188,
        0.20535823702812195,
        0.19928477704524994,
        0.2008277028799057,
        0.19891837239265442,
        0.19828687608242035,
        0.20222614705562592,
        0.20135101675987244,
        0.20096845924854279,
        0.19596503674983978,
        0.19592876732349396,
        0.19647939503192902,
        0.1970195174217224,
        0.19232173264026642,
        0.21369296312332153,
        0.18971945345401764,
        0.18968318402767181,
        0.19610029458999634,
        0.19119076430797577,
        0.19749002158641815,
        0.19053269922733307,
        0.1891348958015442,
        0.18949463963508606,
        0.18547651171684265,
        0.1924666464328766
    ],
    "val_binary_accuracy": [
        0.9081003069877625,
        0.9206675291061401,
        0.9199811816215515,
        0.9239087104797363,
        0.9253751635551453,
        0.9242897033691406,
        0.9262519478797913,
        0.9217696189880371,
        0.9251483678817749,
        0.9287478923797607,
        0.9276942014694214,
        0.9288385510444641,
        0.9309883117675781,
        0.9311908483505249,
        0.9315990209579468,
        0.9319422245025635,
        0.9347676634788513,
        0.934696614742279,
        0.9342929720878601,
        0.9359241724014282,
        0.935210645198822,
        0.9361494183540344,
        0.9357518553733826,
        0.9346996545791626,
        0.936341404914856,
        0.9381721615791321,
        0.9382900595664978,
        0.9363928437232971,
        0.9383565783500671,
        0.9320964217185974,
        0.9383853077888489,
        0.938237190246582,
        0.9362658262252808,
        0.9372983574867249,
        0.9371457099914551,
        0.9374268651008606,
        0.9383112192153931,
        0.9373966455459595,
        0.9399348497390747,
        0.9380179643630981
    ]
}