{
    "loss": [
        0.5767656564712524,
        0.46041762828826904,
        0.4149151146411896,
        0.37614506483078003,
        0.3509010672569275,
        0.33467429876327515,
        0.3248615860939026,
        0.3172982335090637,
        0.3115053176879883,
        0.30638712644577026,
        0.3027633726596832,
        0.29994791746139526,
        0.296936959028244,
        0.2939005196094513,
        0.2917555272579193,
        0.28928372263908386,
        0.28684476017951965,
        0.28538116812705994,
        0.2849879860877991,
        0.284146249294281,
        0.283090204000473,
        0.28174135088920593,
        0.2817665934562683,
        0.2783796489238739,
        0.2755855321884155,
        0.274374783039093,
        0.27211081981658936,
        0.2723914384841919,
        0.2708204388618469,
        0.2702031135559082,
        0.2690697908401489,
        0.26948368549346924,
        0.26858237385749817,
        0.26804080605506897,
        0.26763245463371277,
        0.26736360788345337,
        0.2664530277252197,
        0.26611924171447754,
        0.2642788589000702,
        0.26468583941459656
    ],
    "binary_accuracy": [
        0.6821515560150146,
        0.8041560053825378,
        0.8421452641487122,
        0.863898515701294,
        0.8760852217674255,
        0.8827077746391296,
        0.8869146704673767,
        0.8894872665405273,
        0.8915910720825195,
        0.8930082321166992,
        0.894528329372406,
        0.895394504070282,
        0.8967376947402954,
        0.8977099061012268,
        0.8985851407051086,
        0.8995146751403809,
        0.9005516767501831,
        0.9012550115585327,
        0.9017210602760315,
        0.9024439454078674,
        0.9030020833015442,
        0.9035771489143372,
        0.9042442440986633,
        0.9062255024909973,
        0.9080431461334229,
        0.9092128872871399,
        0.910430908203125,
        0.9109083414077759,
        0.9116252064704895,
        0.9121376276016235,
        0.912909209728241,
        0.9128665924072266,
        0.9131543040275574,
        0.9135302901268005,
        0.9134925603866577,
        0.9138202667236328,
        0.9144552946090698,
        0.9145265817642212,
        0.9149779677391052,
        0.9153173565864563
    ],
    "val_loss": [
        0.47898945212364197,
        0.4263935089111328,
        0.3856719136238098,
        0.35261425375938416,
        0.3334755301475525,
        0.3229338526725769,
        0.31424063444137573,
        0.30671200156211853,
        0.3006221354007721,
        0.2964549958705902,
        0.29267600178718567,
        0.28836318850517273,
        0.2849588692188263,
        0.2834264934062958,
        0.2808937430381775,
        0.27782025933265686,
        0.27586042881011963,
        0.2753676176071167,
        0.277596116065979,
        0.2718260586261749,
        0.27160999178886414,
        0.28575846552848816,
        0.2663865387439728,
        0.2636326551437378,
        0.26282134652137756,
        0.2606959939002991,
        0.2602255046367645,
        0.25872722268104553,
        0.25909388065338135,
        0.2562413215637207,
        0.2576618790626526,
        0.2569134533405304,
        0.25706520676612854,
        0.25992345809936523,
        0.25478896498680115,
        0.2541689872741699,
        0.25387245416641235,
        0.25566643476486206,
        0.25180694460868835,
        0.2534416913986206
    ],
    "val_binary_accuracy": [
        0.7844809293746948,
        0.8363719582557678,
        0.8622517585754395,
        0.8730940818786621,
        0.8839303255081177,
        0.8889841437339783,
        0.8916871547698975,
        0.8933379650115967,
        0.8948814868927002,
        0.8968316316604614,
        0.8974424004554749,
        0.8971068263053894,
        0.8994273543357849,
        0.9007289409637451,
        0.901935338973999,
        0.9016178846359253,
        0.9037071466445923,
        0.9039338827133179,
        0.9061501026153564,
        0.9046292901039124,
        0.9060428142547607,
        0.902777373790741,
        0.909867525100708,
        0.9102590680122375,
        0.9140006899833679,
        0.9123936891555786,
        0.9149878621101379,
        0.9164421558380127,
        0.9164678454399109,
        0.9172781705856323,
        0.9172358512878418,
        0.916259229183197,
        0.9169773459434509,
        0.9192026257514954,
        0.9187294840812683,
        0.9192525148391724,
        0.9189925193786621,
        0.9195579290390015,
        0.9197015166282654,
        0.9217408895492554
    ]
}