{
    "loss": [
        0.5584250092506409,
        0.42908942699432373,
        0.3599969148635864,
        0.3222033381462097,
        0.2992749512195587,
        0.2860850691795349,
        0.27644896507263184,
        0.2694758176803589,
        0.26540878415107727,
        0.26030558347702026,
        0.25788232684135437,
        0.2541089653968811,
        0.2526553273200989,
        0.251119464635849,
        0.2476196587085724,
        0.24682092666625977,
        0.24749845266342163,
        0.24657104909420013,
        0.24523425102233887,
        0.2448509782552719,
        0.2439490109682083,
        0.2435898780822754,
        0.24281392991542816,
        0.2422773391008377,
        0.24186839163303375,
        0.24067941308021545,
        0.2408159226179123,
        0.24075058102607727,
        0.24070443212985992,
        0.23979341983795166,
        0.24025677144527435,
        0.2400248646736145,
        0.2389586865901947,
        0.23912259936332703,
        0.23865357041358948,
        0.23885281383991241,
        0.23835153877735138,
        0.2374868243932724,
        0.2372554987668991,
        0.23751720786094666
    ],
    "binary_accuracy": [
        0.7235633730888367,
        0.8298431634902954,
        0.8664650321006775,
        0.8793512582778931,
        0.886212944984436,
        0.8909345865249634,
        0.8942609429359436,
        0.8985425233840942,
        0.9030993580818176,
        0.9071045517921448,
        0.9090096354484558,
        0.9108879566192627,
        0.912126362323761,
        0.9128111600875854,
        0.91413813829422,
        0.9148731231689453,
        0.9149176478385925,
        0.9152094721794128,
        0.9157050251960754,
        0.9157811999320984,
        0.9158890247344971,
        0.9161469340324402,
        0.9163011908531189,
        0.9164524078369141,
        0.9165395498275757,
        0.9169426560401917,
        0.9169561862945557,
        0.9170591831207275,
        0.9170041084289551,
        0.9174011945724487,
        0.9173981547355652,
        0.9173744320869446,
        0.9175621867179871,
        0.917536199092865,
        0.917832612991333,
        0.9179302453994751,
        0.9179166555404663,
        0.9181018471717834,
        0.918273389339447,
        0.9182730317115784
    ],
    "val_loss": [
        0.4580775201320648,
        0.3756885230541229,
        0.3273867070674896,
        0.2978624999523163,
        0.2792050540447235,
        0.27170297503471375,
        0.26183760166168213,
        0.2548835277557373,
        0.25034424662590027,
        0.24636134505271912,
        0.24404391646385193,
        0.24011088907718658,
        0.23886394500732422,
        0.23663341999053955,
        0.2368520349264145,
        0.24494405090808868,
        0.2352171242237091,
        0.2366028130054474,
        0.233717143535614,
        0.2332250326871872,
        0.2366202175617218,
        0.23314060270786285,
        0.2314223200082779,
        0.23354119062423706,
        0.22996869683265686,
        0.2327323853969574,
        0.23093555867671967,
        0.23204410076141357,
        0.22972221672534943,
        0.22934399545192719,
        0.23336724936962128,
        0.2292514145374298,
        0.22824467718601227,
        0.22956916689872742,
        0.23216716945171356,
        0.2304222285747528,
        0.22882390022277832,
        0.22765763103961945,
        0.22706040740013123,
        0.22803226113319397
    ],
    "val_binary_accuracy": [
        0.8106479048728943,
        0.8670258522033691,
        0.8807783126831055,
        0.8877187967300415,
        0.890826940536499,
        0.8923977017402649,
        0.8979080319404602,
        0.9047865271568298,
        0.9108622670173645,
        0.9124647378921509,
        0.9118358492851257,
        0.91578608751297,
        0.9152856469154358,
        0.9169531464576721,
        0.9196818470954895,
        0.9143756031990051,
        0.9179448485374451,
        0.9184845685958862,
        0.918936550617218,
        0.9189607501029968,
        0.9180657863616943,
        0.9189547300338745,
        0.9198980331420898,
        0.9191527366638184,
        0.9211951494216919,
        0.9193159937858582,
        0.919873833656311,
        0.9205541610717773,
        0.9199041128158569,
        0.9211452603340149,
        0.9211558103561401,
        0.9206040501594543,
        0.9203349351882935,
        0.9200688600540161,
        0.9185238480567932,
        0.9224816560745239,
        0.922217071056366,
        0.9203318953514099,
        0.921279788017273,
        0.9202608466148376
    ]
}