{
  "timestamp": "2026-04-17T10:00:02.054553",
  "metric_name": "weighted_bkg_rej",
  "bkg_rej_weights": {
    "0.95": 0.1,
    "0.98": 0.7,
    "0.99": 0.2
  },
  "total_models": 39,
  "primary_pareto_models": 14,
  "secondary_pareto_models": 9,
  "primary_metric_range": {
    "min": 0.0,
    "max": 0.8447643322116096,
    "mean": 0.5710927808644752
  },
  "parameters_range": {
    "min": 25,
    "max": 595,
    "mean": 186.69230769230768
  },
  "auc_range": {
    "min": 0.46837878554407597,
    "max": 0.9484111827264936,
    "mean": 0.8208617883945724
  }
}