{
    "spatial_units": 112,
    "z_global_units": 4,
    "dense2_units": 4,
    "dense3_units": 4,
    "dropout_rate": 0.15000000000000002,
    "learning_rate": 0.000307201856805808
}