{
    "spatial_units": 96,
    "z_global_units": 14,
    "dense2_units": 12,
    "dense3_units": 4,
    "dropout_rate": 0.15000000000000002,
    "learning_rate": 0.0004180189848024406
}