{
  "timestamp": "2026-02-25T21:25:22.319533",
  "metric_name": "weighted_bkg_rej",
  "bkg_rej_weights": {
    "0.95": 0.1,
    "0.98": 0.7,
    "0.99": 0.2
  },
  "total_models": 156,
  "primary_pareto_models": 19,
  "secondary_pareto_models": 19,
  "primary_metric_range": {
    "min": 0.0,
    "max": 0.8922969937201617,
    "mean": 0.7895932571454355
  },
  "parameters_range": {
    "min": 363,
    "max": 17739,
    "mean": 5752.320512820513
  },
  "auc_range": {
    "min": 0.4843018855545187,
    "max": 0.9699873676477901,
    "mean": 0.9249977994270384
  }
}