{
    "loss": [
        0.502345860004425,
        0.384054958820343,
        0.43920010328292847,
        0.37853848934173584,
        0.3101739287376404,
        0.3197948634624481,
        0.3419894278049469,
        0.2897123396396637,
        0.2933945655822754,
        0.29329153895378113,
        0.28469720482826233,
        0.277580589056015,
        0.2725268602371216,
        0.2662465572357178,
        0.26495835185050964,
        0.2635396718978882,
        0.25853288173675537,
        0.2560242712497711,
        0.25485339760780334,
        0.2544747292995453,
        0.25046637654304504,
        0.2510724663734436,
        0.2500370442867279,
        0.2484011948108673,
        0.24682871997356415,
        0.2486228346824646,
        0.24460776150226593,
        0.2439882755279541,
        0.24582457542419434,
        0.24033387005329132,
        0.24290858209133148,
        0.23763525485992432,
        0.23766997456550598,
        0.23974885046482086,
        0.23717506229877472,
        0.23735177516937256,
        0.23566235601902008,
        0.23297788202762604,
        0.2315334528684616,
        0.23180963099002838
    ],
    "binary_accuracy": [
        0.7608892917633057,
        0.8586451411247253,
        0.8714208602905273,
        0.8744667172431946,
        0.8933442234992981,
        0.8915775418281555,
        0.8930085897445679,
        0.9018850922584534,
        0.8992759585380554,
        0.8997156620025635,
        0.9050904512405396,
        0.910240113735199,
        0.9122843742370605,
        0.9146152138710022,
        0.9158486723899841,
        0.9159546494483948,
        0.9178736805915833,
        0.9189284443855286,
        0.9201136827468872,
        0.92060387134552,
        0.9231395125389099,
        0.9228525161743164,
        0.9238088130950928,
        0.9241285920143127,
        0.9246305227279663,
        0.9242979288101196,
        0.9257780313491821,
        0.9263896942138672,
        0.9254533648490906,
        0.9275368452072144,
        0.927298903465271,
        0.9287993311882019,
        0.9289826154708862,
        0.9276895523071289,
        0.9289370179176331,
        0.9293321967124939,
        0.9298751950263977,
        0.9303914904594421,
        0.9308145642280579,
        0.9309160113334656
    ],
    "val_loss": [
        0.42171233892440796,
        0.34834596514701843,
        0.31529632210731506,
        0.2996343970298767,
        0.30983081459999084,
        0.27801376581192017,
        0.2939906418323517,
        0.29879721999168396,
        0.26590079069137573,
        0.28576308488845825,
        0.26504573225975037,
        0.2790636718273163,
        0.24624045193195343,
        0.2550746500492096,
        0.2625991702079773,
        0.24214835464954376,
        0.24738875031471252,
        0.24709756672382355,
        0.23894983530044556,
        0.23776450753211975,
        0.23388125002384186,
        0.23426416516304016,
        0.24074432253837585,
        0.2391899973154068,
        0.23242348432540894,
        0.23066051304340363,
        0.23864257335662842,
        0.2417685091495514,
        0.29031190276145935,
        0.26370447874069214,
        0.23492905497550964,
        0.2251071035861969,
        0.23431500792503357,
        0.22768472135066986,
        0.22217483818531036,
        0.22351931035518646,
        0.22843611240386963,
        0.22317533195018768,
        0.2256014496088028,
        0.24228514730930328
    ],
    "val_binary_accuracy": [
        0.828042209148407,
        0.8716593980789185,
        0.8894210457801819,
        0.8928950428962708,
        0.8793693780899048,
        0.9029134511947632,
        0.9040850400924683,
        0.9020079374313354,
        0.9135789275169373,
        0.9111737012863159,
        0.91930091381073,
        0.9081501960754395,
        0.9204589128494263,
        0.9197090864181519,
        0.913048267364502,
        0.9220024347305298,
        0.9226146936416626,
        0.9202941060066223,
        0.9240720272064209,
        0.9246661067008972,
        0.9267372488975525,
        0.9285060167312622,
        0.9326466917991638,
        0.9278891682624817,
        0.9289413690567017,
        0.9271152019500732,
        0.9299073815345764,
        0.9252678155899048,
        0.9102122187614441,
        0.9234597682952881,
        0.9252526760101318,
        0.9289337992668152,
        0.9273872971534729,
        0.9327842593193054,
        0.9343927502632141,
        0.9348160624504089,
        0.9282323718070984,
        0.9332453608512878,
        0.9335824847221375,
        0.9248067140579224
    ]
}