{
    "loss": [
        0.527718186378479,
        6.675110340118408,
        7.712471961975098,
        7.712471008300781,
        7.712471008300781,
        7.712473392486572,
        7.712472438812256,
        7.712474822998047,
        7.712472438812256,
        7.712471008300781,
        7.712472438812256
    ],
    "binary_accuracy": [
        0.7417881488800049,
        0.5466187596321106,
        0.5,
        0.5,
        0.5,
        0.5,
        0.5,
        0.5,
        0.5,
        0.5,
        0.5
    ],
    "val_loss": [
        0.3964100182056427,
        7.712474346160889,
        7.712474346160889,
        7.712474346160889,
        7.712474346160889,
        7.712474346160889,
        7.712474346160889,
        7.712474346160889,
        7.712474346160889,
        7.712474346160889,
        7.712474346160889
    ],
    "val_binary_accuracy": [
        0.8447622060775757,
        0.5,
        0.5,
        0.5,
        0.5,
        0.5,
        0.5,
        0.5,
        0.5,
        0.5,
        0.5
    ]
}