{
    "loss": [
        3.165865182876587,
        7.7124738693237305,
        7.712473392486572,
        7.712474822998047,
        7.712473392486572,
        7.712472438812256,
        7.712473392486572,
        7.712471008300781,
        7.712472438812256,
        7.7124738693237305,
        7.712470054626465
    ],
    "binary_accuracy": [
        0.6638460755348206,
        0.5,
        0.5,
        0.5,
        0.5,
        0.5,
        0.5,
        0.5,
        0.5,
        0.5,
        0.5
    ],
    "val_loss": [
        7.712474346160889,
        7.712474346160889,
        7.712474346160889,
        7.712474346160889,
        7.712474346160889,
        7.712474346160889,
        7.712474346160889,
        7.712474346160889,
        7.712474346160889,
        7.712474346160889,
        7.712474346160889
    ],
    "val_binary_accuracy": [
        0.5,
        0.5,
        0.5,
        0.5,
        0.5,
        0.5,
        0.5,
        0.5,
        0.5,
        0.5,
        0.5
    ]
}