{
    "loss": [
        0.6489400267601013,
        0.5098322629928589,
        0.4405236542224884,
        0.42337122559547424,
        0.3765023648738861,
        0.4380747079849243,
        0.381296306848526,
        0.35512733459472656,
        0.4220445454120636,
        0.38933423161506653,
        0.4006498456001282,
        0.3716072142124176,
        0.349926233291626,
        0.36898332834243774,
        0.3456222712993622,
        0.31910809874534607,
        0.5081164836883545,
        0.40383103489875793,
        0.3563233017921448,
        0.30724361538887024,
        0.34861108660697937,
        0.30601656436920166,
        0.33538439869880676,
        0.310713529586792,
        0.3008970320224762,
        0.297119140625,
        0.29943230748176575,
        0.305652916431427,
        0.29492542147636414,
        0.29234907031059265,
        0.28694775700569153,
        0.2913207709789276,
        0.2978351414203644,
        0.28588011860847473,
        0.28991934657096863,
        0.2899138629436493,
        0.2835535407066345,
        0.28352364897727966,
        0.280704140663147,
        0.2827005684375763
    ],
    "binary_accuracy": [
        0.6183484792709351,
        0.769657552242279,
        0.8193752765655518,
        0.8399629592895508,
        0.8591621518135071,
        0.8642066121101379,
        0.8675144910812378,
        0.8747721314430237,
        0.8754803538322449,
        0.8747103214263916,
        0.8785408735275269,
        0.8803268074989319,
        0.879783034324646,
        0.876717209815979,
        0.8791671991348267,
        0.8881236910820007,
        0.8738097548484802,
        0.8864229321479797,
        0.8891550302505493,
        0.8949472904205322,
        0.8931258916854858,
        0.8961830139160156,
        0.8926752209663391,
        0.8957052230834961,
        0.8997522592544556,
        0.9015581607818604,
        0.901208221912384,
        0.8994833827018738,
        0.9033915996551514,
        0.9040164947509766,
        0.906090497970581,
        0.9029183387756348,
        0.9033422470092773,
        0.9067726731300354,
        0.9063748717308044,
        0.9058423638343811,
        0.9072278141975403,
        0.9077663421630859,
        0.9084960222244263,
        0.9082686305046082
    ],
    "val_loss": [
        0.5607791543006897,
        0.45219388604164124,
        0.4080740213394165,
        0.3681938946247101,
        0.355634480714798,
        0.34484192728996277,
        0.328865110874176,
        0.3182736933231354,
        0.32306399941444397,
        0.3145088255405426,
        0.3147575855255127,
        0.3023206293582916,
        0.3314194977283478,
        0.3157840371131897,
        0.29783087968826294,
        0.30294308066368103,
        0.3003895580768585,
        0.30853772163391113,
        0.3084067702293396,
        0.2845693528652191,
        0.3147352337837219,
        0.31083887815475464,
        0.2905300259590149,
        0.2872883677482605,
        0.286515474319458,
        0.3024393618106842,
        0.27912768721580505,
        0.28424617648124695,
        0.2898997366428375,
        0.28071466088294983,
        0.27680185437202454,
        0.2730053961277008,
        0.2927892208099365,
        0.274617463350296,
        0.2786538302898407,
        0.2639218270778656,
        0.2645883560180664,
        0.26196902990341187,
        0.26412683725357056,
        0.27614012360572815
    ],
    "val_binary_accuracy": [
        0.7253591418266296,
        0.8163456916809082,
        0.8395874500274658,
        0.8661490678787231,
        0.8653009533882141,
        0.88043212890625,
        0.8782884478569031,
        0.8879122734069824,
        0.8839288353919983,
        0.8918972611427307,
        0.8906183242797852,
        0.8954559564590454,
        0.89047771692276,
        0.8988664746284485,
        0.8967666625976562,
        0.896181583404541,
        0.9027169346809387,
        0.903525710105896,
        0.8953198790550232,
        0.9031493067741394,
        0.8952518701553345,
        0.8992958068847656,
        0.901985228061676,
        0.8955754041671753,
        0.907250702381134,
        0.9070692658424377,
        0.9040170311927795,
        0.8999246954917908,
        0.9024357199668884,
        0.9096649885177612,
        0.9023722410202026,
        0.9128018617630005,
        0.9108275175094604,
        0.9076694250106812,
        0.9076694250106812,
        0.913881242275238,
        0.917346179485321,
        0.9134126305580139,
        0.9186205863952637,
        0.9124072790145874
    ]
}