{
    "loss": [
        5.251717567443848,
        7.712474822998047,
        7.712472438812256,
        7.712475299835205,
        7.7124738693237305,
        7.712471008300781,
        7.712471961975098,
        7.712472438812256,
        7.712470054626465,
        7.712471961975098,
        7.712470054626465
    ],
    "binary_accuracy": [
        0.598441481590271,
        0.5,
        0.5,
        0.5,
        0.5,
        0.5,
        0.5,
        0.5,
        0.5,
        0.5,
        0.5
    ],
    "val_loss": [
        7.712474346160889,
        7.712474346160889,
        7.712474346160889,
        7.712474346160889,
        7.712474346160889,
        7.712474346160889,
        7.712474346160889,
        7.712474346160889,
        7.712474346160889,
        7.712474346160889,
        7.712474346160889
    ],
    "val_binary_accuracy": [
        0.5,
        0.5,
        0.5,
        0.5,
        0.5,
        0.5,
        0.5,
        0.5,
        0.5,
        0.5,
        0.5
    ]
}