{
    "loss": [
        0.5157161951065063,
        0.3776698708534241,
        0.4417046010494232,
        0.32359927892684937,
        0.33861756324768066,
        0.29802843928337097,
        0.2876983880996704,
        0.28240737318992615,
        0.28253549337387085,
        0.3822542726993561,
        0.2693657875061035,
        0.2630178928375244,
        0.25839293003082275,
        0.25792497396469116,
        0.26173168420791626,
        0.25855255126953125,
        0.2535596191883087,
        0.25168153643608093,
        0.2519550919532776,
        0.25948378443717957,
        0.24685101211071014,
        0.24626091122627258,
        0.2479475736618042,
        0.24891173839569092,
        0.2466852068901062,
        0.24440708756446838,
        0.24380788207054138,
        0.24452467262744904,
        0.2435566484928131,
        0.24216879904270172,
        0.24347662925720215,
        0.24485574662685394,
        0.24328301846981049,
        0.23791421949863434,
        0.23906370997428894,
        0.237909734249115,
        0.23732398450374603,
        0.23806847631931305,
        0.23695451021194458,
        0.23626288771629333
    ],
    "binary_accuracy": [
        0.755835771560669,
        0.8624289631843567,
        0.865376353263855,
        0.8895031213760376,
        0.8879430294036865,
        0.8971958756446838,
        0.9031118154525757,
        0.905834436416626,
        0.9067704081535339,
        0.9008398056030273,
        0.9112005829811096,
        0.9161217212677002,
        0.9192795157432556,
        0.919434130191803,
        0.9163705706596375,
        0.9192814230918884,
        0.9219346642494202,
        0.9232752323150635,
        0.9226756691932678,
        0.918747067451477,
        0.9249823689460754,
        0.9254326224327087,
        0.9253794550895691,
        0.9246633648872375,
        0.9252727627754211,
        0.926469624042511,
        0.9266020059585571,
        0.9269029498100281,
        0.9275296926498413,
        0.9276997447013855,
        0.9273279309272766,
        0.9277755618095398,
        0.9281243681907654,
        0.9301067590713501,
        0.9296252131462097,
        0.9296708106994629,
        0.9304307103157043,
        0.9299506545066833,
        0.9305343627929688,
        0.9308390617370605
    ],
    "val_loss": [
        0.41765326261520386,
        0.32402753829956055,
        0.3022429347038269,
        0.3001440465450287,
        0.29073217511177063,
        0.2917669713497162,
        0.2648109495639801,
        0.2625542879104614,
        0.25617849826812744,
        0.2599220275878906,
        0.2487734854221344,
        0.24101074039936066,
        0.24362477660179138,
        0.4747641384601593,
        0.24725204706192017,
        0.24944743514060974,
        0.24367563426494598,
        0.24508334696292877,
        0.26838237047195435,
        0.2319086641073227,
        0.2359112948179245,
        0.23785381019115448,
        0.25730594992637634,
        0.2352493852376938,
        0.24550944566726685,
        0.22840580344200134,
        0.22825144231319427,
        0.2592465877532959,
        0.23270708322525024,
        0.22644108533859253,
        0.23122727870941162,
        0.2283315360546112,
        0.2259436696767807,
        0.23470434546470642,
        0.22759276628494263,
        0.22497567534446716,
        0.2282058745622635,
        0.22109787166118622,
        0.23058106005191803,
        0.22175492346286774
    ],
    "val_binary_accuracy": [
        0.8379260301589966,
        0.8852032423019409,
        0.8952745795249939,
        0.8935662508010864,
        0.8944324851036072,
        0.8984144926071167,
        0.9114564061164856,
        0.9113339185714722,
        0.9150407910346985,
        0.9143423438072205,
        0.9220719337463379,
        0.9260660409927368,
        0.9236154556274414,
        0.7084289789199829,
        0.9200401306152344,
        0.9288431406021118,
        0.9264787435531616,
        0.9210892915725708,
        0.91368168592453,
        0.9272497296333313,
        0.928604245185852,
        0.927677571773529,
        0.9189502000808716,
        0.9247674345970154,
        0.924106776714325,
        0.9309263229370117,
        0.931435763835907,
        0.9195654392242432,
        0.9312377572059631,
        0.9317713975906372,
        0.9305120706558228,
        0.9321130514144897,
        0.9333285093307495,
        0.9296292066574097,
        0.9343988299369812,
        0.9359272122383118,
        0.9314221739768982,
        0.9370232224464417,
        0.9332014918327332,
        0.9363157153129578
    ]
}