{
    "loss": [
        0.6693846583366394,
        0.5771640539169312,
        0.529360830783844,
        0.504777193069458,
        0.4780467748641968,
        4.17456579208374,
        7.712473392486572,
        7.7124738693237305,
        7.712471961975098,
        7.712474822998047,
        7.7124738693237305,
        7.712471961975098,
        7.712472438812256,
        7.712474822998047,
        7.712471961975098
    ],
    "binary_accuracy": [
        0.5846197009086609,
        0.7134401798248291,
        0.7509263157844543,
        0.771353006362915,
        0.7912694215774536,
        0.6476757526397705,
        0.5,
        0.5,
        0.5,
        0.5,
        0.5,
        0.5,
        0.5,
        0.5,
        0.5
    ],
    "val_loss": [
        0.6027181148529053,
        0.5384889245033264,
        0.4993690252304077,
        0.47688013315200806,
        0.44181668758392334,
        7.712474346160889,
        7.712474346160889,
        7.712474346160889,
        7.712474346160889,
        7.712474346160889,
        7.712474346160889,
        7.712474346160889,
        7.712474346160889,
        7.712474346160889,
        7.712474346160889
    ],
    "val_binary_accuracy": [
        0.7046979069709778,
        0.7492947578430176,
        0.7786727547645569,
        0.8011132478713989,
        0.8196715712547302,
        0.5,
        0.5,
        0.5,
        0.5,
        0.5,
        0.5,
        0.5,
        0.5,
        0.5,
        0.5
    ]
}