{
    "loss": [
        0.8166967034339905,
        1.9024778604507446,
        0.5525790452957153,
        0.4046252965927124,
        0.38860589265823364,
        0.3651388883590698,
        0.344739705324173,
        0.3419550359249115,
        0.334814190864563,
        0.32234424352645874,
        0.3430367410182953,
        0.3220435082912445,
        0.3066146671772003,
        0.3073978126049042,
        0.31060054898262024,
        0.30189815163612366,
        0.2990647256374359,
        0.2997834384441376,
        0.29065823554992676,
        0.29783767461776733,
        0.2891939878463745,
        0.28897976875305176,
        0.2829301953315735,
        0.2814008593559265,
        0.276593416929245,
        0.28261080384254456,
        0.2782980501651764,
        0.27566248178482056,
        0.28055495023727417,
        0.2866927683353424,
        0.2797980010509491,
        0.28275081515312195,
        0.28765782713890076,
        0.2882704436779022,
        0.28138384222984314,
        0.28077277541160583,
        0.28089475631713867,
        0.28072062134742737,
        0.28038716316223145,
        0.2767133116722107
    ],
    "binary_accuracy": [
        0.7040345668792725,
        0.6077810525894165,
        0.7089658975601196,
        0.8323889374732971,
        0.8405791521072388,
        0.8553335070610046,
        0.8678131699562073,
        0.8755750060081482,
        0.8786332607269287,
        0.8851268887519836,
        0.8826949596405029,
        0.8889498710632324,
        0.8953560590744019,
        0.8937081098556519,
        0.8932363390922546,
        0.8968161344528198,
        0.8986782431602478,
        0.8995938897132874,
        0.9036861062049866,
        0.9011603593826294,
        0.90218186378479,
        0.9027038216590881,
        0.905637264251709,
        0.906926155090332,
        0.909862220287323,
        0.9083923101425171,
        0.9109452962875366,
        0.9115595817565918,
        0.9099093675613403,
        0.905921220779419,
        0.9112265706062317,
        0.9109569787979126,
        0.9087618589401245,
        0.9088451862335205,
        0.9116017818450928,
        0.9109513163566589,
        0.9099602699279785,
        0.9105632901191711,
        0.9122296571731567,
        0.9125170111656189
    ],
    "val_loss": [
        7.712474346160889,
        0.7160659432411194,
        0.38999250531196594,
        0.34786084294319153,
        0.35689353942871094,
        0.34653881192207336,
        0.31238219141960144,
        0.3086131513118744,
        0.3238084614276886,
        0.3415253460407257,
        0.9561482667922974,
        0.29342299699783325,
        0.27753132581710815,
        0.27229198813438416,
        0.3114163279533386,
        0.2563222050666809,
        0.3412061035633087,
        0.39931178092956543,
        0.3052995204925537,
        0.2701460123062134,
        0.27149972319602966,
        0.26178959012031555,
        0.30081233382225037,
        0.29658883810043335,
        0.25244140625,
        0.2569364309310913,
        0.28561943769454956,
        0.3378247916698456,
        0.2529069781303406,
        0.26580488681793213,
        0.2784741222858429,
        0.2522929608821869,
        0.2558206617832184,
        0.2561272978782654,
        0.26693934202194214,
        0.2618595361709595,
        0.24885600805282593,
        0.3340442478656769,
        0.2731723487377167,
        0.2581701874732971
    ],
    "val_binary_accuracy": [
        0.5,
        0.5,
        0.8416358828544617,
        0.8644452691078186,
        0.8606129884719849,
        0.8681339621543884,
        0.8874738812446594,
        0.8924188613891602,
        0.8740373849868774,
        0.8876280784606934,
        0.6413190364837646,
        0.8998778462409973,
        0.9035151600837708,
        0.910277247428894,
        0.8927499055862427,
        0.9132206439971924,
        0.884649932384491,
        0.8801887035369873,
        0.8873786330223083,
        0.9067820310592651,
        0.9119280576705933,
        0.916124701499939,
        0.8931898474693298,
        0.9118509888648987,
        0.9180023074150085,
        0.9186311960220337,
        0.9078115224838257,
        0.887761116027832,
        0.9229457378387451,
        0.9086006879806519,
        0.9114488363265991,
        0.9223909378051758,
        0.9138056635856628,
        0.9182532429695129,
        0.9141125679016113,
        0.9220145344734192,
        0.9211165308952332,
        0.9025007486343384,
        0.9049422144889832,
        0.917161762714386
    ]
}