{
    "loss": [
        0.5481237769126892,
        1.0703802108764648,
        0.40688803791999817,
        0.40251317620277405,
        1.4806946516036987,
        4.186210632324219,
        0.4096866548061371,
        0.33738139271736145,
        0.3282943367958069,
        0.3371199667453766,
        0.3363141715526581,
        0.31335315108299255,
        0.3176725506782532,
        0.31160402297973633,
        0.2955654263496399,
        0.3057118356227875,
        0.2871290445327759,
        0.2963005304336548,
        0.28299111127853394,
        0.2951979637145996,
        0.29176855087280273,
        0.3039136528968811,
        0.3045998811721802,
        0.3092440664768219,
        0.30398526787757874,
        0.3006994426250458
    ],
    "binary_accuracy": [
        0.7107031941413879,
        0.7935765385627747,
        0.8320480585098267,
        0.8345927000045776,
        0.8148142695426941,
        0.5943216681480408,
        0.8294483423233032,
        0.8748098611831665,
        0.8825162053108215,
        0.8778620958328247,
        0.8927001357078552,
        0.8923829793930054,
        0.8893051147460938,
        0.8923637866973877,
        0.9012938141822815,
        0.8948137760162354,
        0.9051843285560608,
        0.902745246887207,
        0.908661961555481,
        0.9026309847831726,
        0.9030390381813049,
        0.8973180651664734,
        0.9002010226249695,
        0.8975092768669128,
        0.9006764888763428,
        0.900128960609436
    ],
    "val_loss": [
        0.44477784633636475,
        0.3744744062423706,
        0.3494408130645752,
        0.328581303358078,
        7.712474346160889,
        0.38638585805892944,
        0.3166540861129761,
        0.27809861302375793,
        0.2820345461368561,
        0.41327783465385437,
        0.3521173894405365,
        0.3438757061958313,
        0.2604047954082489,
        0.2867075800895691,
        0.2685275375843048,
        0.2558363378047943,
        0.2639142870903015,
        0.26407718658447266,
        0.2601231634616852,
        0.2719106376171112,
        0.39554351568222046,
        0.2652639150619507,
        0.2975650131702423,
        0.2878230810165405,
        0.33418089151382446,
        0.27788832783699036
    ],
    "val_binary_accuracy": [
        0.8135414123535156,
        0.8554518222808838,
        0.8633371591567993,
        0.8768931031227112,
        0.5,
        0.8399578332901001,
        0.8800103664398193,
        0.9063042998313904,
        0.9015786051750183,
        0.8090665936470032,
        0.8812499642372131,
        0.8757199645042419,
        0.9113959074020386,
        0.9040321707725525,
        0.9114457964897156,
        0.9217106699943542,
        0.9091932773590088,
        0.9136892557144165,
        0.9167339205741882,
        0.9249654412269592,
        0.859940230846405,
        0.9113127589225769,
        0.8996556401252747,
        0.9088758230209351,
        0.8853045105934143,
        0.9202004075050354
    ]
}