{
    "loss": [
        0.5619617700576782,
        0.40570661425590515,
        0.6955217719078064,
        0.42004624009132385,
        0.3379603624343872,
        0.3144056797027588,
        0.30304214358329773,
        0.28884223103523254,
        0.2875523269176483,
        0.28145739436149597,
        0.27773743867874146,
        0.28089380264282227,
        0.2716173529624939,
        0.26960423588752747,
        0.5747781991958618,
        0.2706393301486969,
        0.25758516788482666,
        0.2562721371650696,
        0.25567469000816345,
        0.25516122579574585,
        0.25568488240242004,
        0.25424662232398987,
        0.2577858567237854,
        0.2606073319911957,
        0.2611437737941742,
        0.2643761932849884
    ],
    "binary_accuracy": [
        0.6985644102096558,
        0.8427629470825195,
        0.8509727120399475,
        0.8742347955703735,
        0.8891946077346802,
        0.8949118256568909,
        0.8960099220275879,
        0.903395414352417,
        0.9031627178192139,
        0.9070626497268677,
        0.9092460870742798,
        0.9070441722869873,
        0.9122896194458008,
        0.913181483745575,
        0.8951320648193359,
        0.909844160079956,
        0.9194454550743103,
        0.9203701019287109,
        0.9205231666564941,
        0.9209157228469849,
        0.9208433628082275,
        0.9217351675033569,
        0.9216088652610779,
        0.9225644469261169,
        0.9219821691513062,
        0.9214855432510376
    ],
    "val_loss": [
        0.43470773100852966,
        0.34908008575439453,
        0.354499876499176,
        0.28882351517677307,
        0.28026342391967773,
        0.2727581560611725,
        0.27020394802093506,
        0.26679977774620056,
        0.281258761882782,
        0.2569262683391571,
        0.2575862407684326,
        0.25437644124031067,
        0.24717918038368225,
        0.2536312937736511,
        0.3533814549446106,
        0.24021580815315247,
        0.24139167368412018,
        0.24372036755084991,
        0.2622600495815277,
        0.2509198486804962,
        0.2566370964050293,
        0.2536579370498657,
        0.24751603603363037,
        0.2763685882091522,
        0.26462751626968384,
        0.24679003655910492
    ],
    "val_binary_accuracy": [
        0.831546425819397,
        0.8765196800231934,
        0.8710668087005615,
        0.8971763253211975,
        0.9017040729522705,
        0.9068636894226074,
        0.9087518453598022,
        0.9073020815849304,
        0.9029467105865479,
        0.9138736724853516,
        0.9127519726753235,
        0.9199056029319763,
        0.9209683537483215,
        0.9173159599304199,
        0.8725709915161133,
        0.9249775409698486,
        0.9243123531341553,
        0.9263592958450317,
        0.9159236550331116,
        0.9218209981918335,
        0.9229140281677246,
        0.9253796935081482,
        0.930648148059845,
        0.919051468372345,
        0.9192706942558289,
        0.9252814054489136
    ]
}