{
    "loss": [
        0.6074026226997375,
        0.49844592809677124,
        0.4426988959312439,
        0.40663179755210876,
        0.37939685583114624,
        0.38028207421302795,
        0.3667493462562561,
        0.35375097393989563,
        0.35072487592697144,
        0.320848673582077,
        0.3399912714958191,
        0.32081732153892517,
        0.31903910636901855,
        0.3189602494239807,
        0.31185367703437805,
        0.309175580739975,
        0.30557459592819214,
        0.3062966763973236,
        0.30479785799980164,
        0.29951632022857666,
        0.2997071444988251,
        0.29533275961875916,
        0.2924405038356781,
        0.3147953450679779,
        0.28719010949134827,
        0.286490797996521,
        0.2844862937927246,
        0.31603872776031494,
        0.2837750315666199,
        0.2803003489971161,
        0.27900728583335876,
        0.27802786231040955,
        0.2746497094631195,
        0.27940699458122253,
        0.2719058096408844,
        0.269012451171875,
        0.26671844720840454,
        0.29097825288772583,
        0.26455914974212646,
        0.2633136510848999
    ],
    "binary_accuracy": [
        0.6498829126358032,
        0.7739741802215576,
        0.8268305063247681,
        0.8551019430160522,
        0.8688366413116455,
        0.8686631321907043,
        0.8782527446746826,
        0.883141815662384,
        0.8823601007461548,
        0.8899111151695251,
        0.8852463960647583,
        0.8877530097961426,
        0.8896241188049316,
        0.8920210003852844,
        0.8952463269233704,
        0.897038996219635,
        0.8981329798698425,
        0.8975254893302917,
        0.8974221348762512,
        0.8999698162078857,
        0.9005188941955566,
        0.9024971723556519,
        0.9041944742202759,
        0.9015023708343506,
        0.905276358127594,
        0.9058793187141418,
        0.9077749848365784,
        0.9043517112731934,
        0.9086438417434692,
        0.909416913986206,
        0.9093524217605591,
        0.9110041260719299,
        0.9136192798614502,
        0.9115075469017029,
        0.9148595333099365,
        0.9151099324226379,
        0.9169686436653137,
        0.912619948387146,
        0.9178261756896973,
        0.9189020395278931
    ],
    "val_loss": [
        0.5214001536369324,
        0.449250191450119,
        0.4169074594974518,
        0.3799630403518677,
        0.3395439088344574,
        0.3307980000972748,
        0.32284459471702576,
        0.3101637065410614,
        0.31080639362335205,
        0.3120192587375641,
        0.36218321323394775,
        0.2944733500480652,
        0.3009506165981293,
        0.3181852698326111,
        0.2876898944377899,
        0.2906380593776703,
        0.3596445322036743,
        0.31084683537483215,
        0.3294108211994171,
        0.27548372745513916,
        0.2833920419216156,
        0.272990882396698,
        0.28522995114326477,
        0.2818465232849121,
        0.30328238010406494,
        0.28174737095832825,
        0.28494033217430115,
        0.26540103554725647,
        0.26494309306144714,
        0.2641738951206207,
        0.2531735301017761,
        0.26589393615722656,
        0.2640908360481262,
        0.2692491114139557,
        0.25826525688171387,
        0.24518701434135437,
        0.26209381222724915,
        0.24765446782112122,
        0.2550759017467499,
        0.26263031363487244
    ],
    "val_binary_accuracy": [
        0.7527536749839783,
        0.8285425901412964,
        0.8491342067718506,
        0.8785832524299622,
        0.8841434717178345,
        0.8847179412841797,
        0.8883204460144043,
        0.8963252305984497,
        0.895005464553833,
        0.8967394232749939,
        0.8742944002151489,
        0.9013548493385315,
        0.8969586491584778,
        0.8905593752861023,
        0.9041923880577087,
        0.9065371155738831,
        0.8860996961593628,
        0.899871826171875,
        0.8896765112876892,
        0.9065008759498596,
        0.9068092703819275,
        0.9107881784439087,
        0.9082529544830322,
        0.9073625802993774,
        0.898769736289978,
        0.9140067100524902,
        0.9156847596168518,
        0.9142153263092041,
        0.9128910303115845,
        0.9088274240493774,
        0.9118086099624634,
        0.9230621457099915,
        0.9223440885543823,
        0.922117292881012,
        0.9107927083969116,
        0.9195306897163391,
        0.9265059232711792,
        0.9165359139442444,
        0.9259012341499329,
        0.9169486165046692
    ]
}