{
    "loss": [
        0.512163519859314,
        1.1061627864837646,
        0.3870292007923126,
        1.8370381593704224,
        7.712436199188232,
        0.7905904054641724,
        0.31993767619132996,
        0.31256338953971863,
        0.3070639371871948,
        0.3066311180591583,
        0.3039870262145996,
        0.3019940257072449,
        0.2952585518360138,
        0.29440173506736755,
        0.2953065037727356,
        0.2850940525531769,
        0.28739261627197266,
        0.2870993912220001,
        0.2779179513454437,
        0.2851269543170929,
        0.2864173948764801,
        0.27704522013664246,
        0.2743458151817322,
        0.2838825583457947,
        0.2790532410144806,
        0.27667298913002014,
        0.27730467915534973,
        0.2703588604927063,
        0.27874237298965454,
        0.2725260853767395,
        0.27047204971313477
    ],
    "binary_accuracy": [
        0.7514565587043762,
        0.8128107786178589,
        0.8616698384284973,
        0.7997899651527405,
        0.5,
        0.855762243270874,
        0.8829917311668396,
        0.8884049654006958,
        0.891823410987854,
        0.8927001357078552,
        0.8946862816810608,
        0.8952836394309998,
        0.8986292481422424,
        0.8995048999786377,
        0.8998302817344666,
        0.9050391912460327,
        0.9029651284217834,
        0.9027882814407349,
        0.9081261157989502,
        0.9049392342567444,
        0.9066489934921265,
        0.908757746219635,
        0.9095413088798523,
        0.9053412079811096,
        0.9068560004234314,
        0.9093708992004395,
        0.9087893962860107,
        0.9127655029296875,
        0.9079955816268921,
        0.911937415599823,
        0.912423849105835
    ],
    "val_loss": [
        0.4029736816883087,
        6.53537130355835,
        0.3198281228542328,
        7.712474346160889,
        7.712474346160889,
        0.29938092827796936,
        0.2906414866447449,
        0.39639103412628174,
        0.2874276340007782,
        0.3224564790725708,
        0.27801474928855896,
        0.36558374762535095,
        0.2879653871059418,
        0.26709580421447754,
        0.3242780864238739,
        0.26017314195632935,
        0.2597232758998871,
        0.2527271509170532,
        0.2844506800174713,
        0.38971880078315735,
        0.24593769013881683,
        0.25448352098464966,
        0.28878000378608704,
        0.24939699470996857,
        0.2550671696662903,
        0.29407790303230286,
        0.263325959444046,
        0.253216028213501,
        0.24996638298034668,
        0.2606986463069916,
        0.2512979209423065
    ],
    "val_binary_accuracy": [
        0.8377567529678345,
        0.5,
        0.8845138549804688,
        0.5,
        0.5,
        0.8952791094779968,
        0.8909796476364136,
        0.8485234379768372,
        0.896591305732727,
        0.8884444236755371,
        0.907454788684845,
        0.8624860644340515,
        0.8923009037971497,
        0.9129908084869385,
        0.8862221240997314,
        0.9121034145355225,
        0.9184256196022034,
        0.9189547300338745,
        0.8929933309555054,
        0.8385111093521118,
        0.9199630618095398,
        0.9206131100654602,
        0.9010388851165771,
        0.9140702486038208,
        0.9244257807731628,
        0.9019882678985596,
        0.9138600826263428,
        0.9177876114845276,
        0.9203546047210693,
        0.9136499762535095,
        0.9218088984489441
    ]
}