{
    "loss": [
        0.6419469714164734,
        0.5757819414138794,
        0.5341895222663879,
        0.4874117076396942,
        0.46733200550079346,
        0.4513241946697235,
        0.5390152931213379,
        0.5031171441078186,
        0.48361650109291077,
        0.4201866388320923,
        0.7243955135345459,
        0.5293646454811096,
        0.4057648479938507,
        0.4415282607078552,
        0.4300885498523712,
        0.4141775071620941,
        0.48269274830818176,
        0.4543296992778778,
        0.41220012307167053,
        0.4315786063671112,
        0.38789141178131104,
        0.3932153582572937,
        0.42128944396972656,
        0.3781948983669281,
        0.3985404074192047,
        0.3751068115234375,
        0.3689620792865753,
        0.3636098802089691,
        0.3625425100326538,
        0.37318187952041626,
        0.3512345552444458,
        0.3499773144721985,
        0.3460584580898285,
        0.3421710133552551,
        0.34094762802124023,
        0.340567946434021,
        0.34020400047302246,
        0.33883368968963623,
        0.3391779363155365,
        0.36067691445350647
    ],
    "binary_accuracy": [
        0.5861262083053589,
        0.6840212345123291,
        0.7231568098068237,
        0.7717157602310181,
        0.7923355102539062,
        0.8063442707061768,
        0.809034526348114,
        0.8187549710273743,
        0.8253745436668396,
        0.832278847694397,
        0.8186720013618469,
        0.8245803713798523,
        0.8423205614089966,
        0.8384982943534851,
        0.8384202718734741,
        0.8422775864601135,
        0.8313790559768677,
        0.8354645371437073,
        0.8391744494438171,
        0.8360294699668884,
        0.8473782539367676,
        0.8463973999023438,
        0.8445250988006592,
        0.8544156551361084,
        0.8505303859710693,
        0.8543153405189514,
        0.8567857146263123,
        0.8618516325950623,
        0.8636202216148376,
        0.8668915629386902,
        0.873159646987915,
        0.8738784193992615,
        0.8759366273880005,
        0.8785039186477661,
        0.8785223960876465,
        0.8782301545143127,
        0.8787580728530884,
        0.8801921606063843,
        0.8801009058952332,
        0.8775460720062256
    ],
    "val_loss": [
        0.5942898392677307,
        0.5507662296295166,
        0.5062859058380127,
        0.46314677596092224,
        0.44518014788627625,
        0.4258292317390442,
        0.42100027203559875,
        0.40472105145454407,
        0.4015105962753296,
        0.4074763059616089,
        0.38275232911109924,
        0.38767561316490173,
        0.37782931327819824,
        0.371121883392334,
        0.36849722266197205,
        0.37454140186309814,
        0.3728421926498413,
        0.35295814275741577,
        0.3535653352737427,
        0.3526996970176697,
        0.3520936369895935,
        0.3601660430431366,
        0.35752031207084656,
        0.3487222492694855,
        0.3523254096508026,
        0.35804182291030884,
        0.34720733761787415,
        0.33967530727386475,
        0.3339465856552124,
        0.332183301448822,
        0.33412647247314453,
        0.3302319049835205,
        0.35957539081573486,
        0.3216441869735718,
        0.33128324151039124,
        0.31503042578697205,
        0.3467429280281067,
        0.31856605410575867,
        0.32426363229751587,
        0.3780728578567505
    ],
    "val_binary_accuracy": [
        0.6694694757461548,
        0.7139317393302917,
        0.7516636848449707,
        0.7972854971885681,
        0.8149806261062622,
        0.8290112018585205,
        0.8278622627258301,
        0.8408921360969543,
        0.8411083221435547,
        0.8289734125137329,
        0.8507064580917358,
        0.857477605342865,
        0.856679379940033,
        0.8656501770019531,
        0.8612720966339111,
        0.861491322517395,
        0.861391544342041,
        0.8723699450492859,
        0.872265636920929,
        0.8723321557044983,
        0.8729111552238464,
        0.8646236658096313,
        0.8680523633956909,
        0.8722867965698242,
        0.8701053261756897,
        0.8667476773262024,
        0.8694612979888916,
        0.8776474595069885,
        0.8863234519958496,
        0.8885714411735535,
        0.891176164150238,
        0.8839923143386841,
        0.8738076090812683,
        0.8918368220329285,
        0.8868464827537537,
        0.890039324760437,
        0.8762233853340149,
        0.8904581069946289,
        0.8869795203208923,
        0.874339759349823
    ]
}