{
    "loss": [
        0.5680767297744751,
        0.4513702392578125,
        0.38279208540916443,
        0.3586585223674774,
        0.3365050256252289,
        0.3106873035430908,
        0.33341097831726074,
        0.2933407425880432,
        0.32872673869132996,
        0.282403826713562,
        0.27666229009628296,
        0.3086360991001129,
        0.2834925949573517,
        0.2737218737602234,
        0.30123141407966614,
        0.2664511799812317,
        0.2657277286052704,
        0.2634727954864502,
        0.26509323716163635,
        0.2607768774032593,
        0.2563117742538452,
        0.25844627618789673,
        0.25153180956840515,
        0.250027596950531,
        0.28902289271354675,
        0.24840253591537476,
        0.25072982907295227,
        0.2475346326828003,
        0.24630872905254364,
        0.24671794474124908,
        0.2466818243265152,
        0.24891452491283417,
        0.24253630638122559,
        0.2409447878599167,
        0.23978474736213684,
        0.23858733475208282,
        0.23816807568073273,
        0.23876763880252838,
        0.23879264295101166,
        0.238682821393013
    ],
    "binary_accuracy": [
        0.6907305717468262,
        0.8036966919898987,
        0.857428252696991,
        0.873780369758606,
        0.8846592903137207,
        0.8934422731399536,
        0.8926379084587097,
        0.9011456370353699,
        0.899904191493988,
        0.9072535037994385,
        0.909298837184906,
        0.9077078700065613,
        0.9066410660743713,
        0.9112560153007507,
        0.9077523946762085,
        0.9139790534973145,
        0.9146434664726257,
        0.915833592414856,
        0.9144458770751953,
        0.9176478385925293,
        0.9194850325584412,
        0.9176421761512756,
        0.9227446913719177,
        0.9235354661941528,
        0.9180460572242737,
        0.9236432909965515,
        0.9227103590965271,
        0.9239951372146606,
        0.9243454337120056,
        0.9246203303337097,
        0.9245392680168152,
        0.9218482971191406,
        0.9253892302513123,
        0.9259492754936218,
        0.9262011647224426,
        0.926445484161377,
        0.9263233542442322,
        0.9262984395027161,
        0.9260974526405334,
        0.9255966544151306
    ],
    "val_loss": [
        0.47184744477272034,
        0.40114733576774597,
        0.3386043906211853,
        0.31746208667755127,
        0.3093695342540741,
        0.2874941825866699,
        0.2884778380393982,
        0.26667463779449463,
        0.2669615149497986,
        0.27882853150367737,
        0.26411765813827515,
        0.26136231422424316,
        0.25344905257225037,
        0.24762549996376038,
        0.25789013504981995,
        0.2572906017303467,
        0.28589221835136414,
        0.24606098234653473,
        0.27105221152305603,
        0.24646000564098358,
        0.23801620304584503,
        0.24339158833026886,
        0.24203091859817505,
        0.24612917006015778,
        0.25198662281036377,
        0.24451731145381927,
        0.23468835651874542,
        0.241762176156044,
        0.23243537545204163,
        0.23550137877464294,
        0.2901536524295807,
        0.2310684621334076,
        0.23590855300426483,
        0.22156564891338348,
        0.23963959515094757,
        0.22628599405288696,
        0.224994495511055,
        0.24502317607402802,
        0.22499659657478333,
        0.22304128110408783
    ],
    "val_binary_accuracy": [
        0.7751548886299133,
        0.8542484641075134,
        0.8766481876373291,
        0.8920302987098694,
        0.8981892466545105,
        0.9054320454597473,
        0.9003646373748779,
        0.9062317609786987,
        0.9092341065406799,
        0.9101185202598572,
        0.9115501046180725,
        0.9137089252471924,
        0.9185389876365662,
        0.9201928377151489,
        0.9137058854103088,
        0.9230968952178955,
        0.9072446227073669,
        0.9185314178466797,
        0.9121789932250977,
        0.9272618293762207,
        0.9244257807731628,
        0.9238739609718323,
        0.930658757686615,
        0.926241397857666,
        0.9222896695137024,
        0.9268581867218018,
        0.9275868535041809,
        0.9294553995132446,
        0.9291439652442932,
        0.9264847636222839,
        0.911353588104248,
        0.9313435554504395,
        0.9295989871025085,
        0.9294977188110352,
        0.9301038980484009,
        0.9291620850563049,
        0.9313480854034424,
        0.9253252744674683,
        0.9266616702079773,
        0.9284183382987976
    ]
}