{
    "loss": [
        0.9024011492729187,
        0.6301988959312439,
        0.5818992257118225,
        0.3967500329017639,
        0.542113721370697,
        1.0982635021209717,
        0.39814817905426025,
        0.463966429233551,
        0.3469682037830353,
        0.36189407110214233,
        0.30134257674217224,
        0.330474317073822,
        0.2880445420742035,
        0.2929379642009735,
        0.27049222588539124,
        0.4349990785121918,
        0.3015725910663605,
        0.350633829832077,
        0.3380238711833954,
        0.3543439209461212,
        0.25645920634269714,
        0.33261844515800476,
        0.3074524700641632,
        0.3368787169456482,
        0.3255709111690521,
        0.4762849509716034,
        0.3048190772533417,
        0.2617650032043457,
        0.2852044701576233,
        0.2646063566207886,
        0.29867762327194214,
        0.28693315386772156,
        0.3057347238063812
    ],
    "binary_accuracy": [
        0.552457332611084,
        0.7276555895805359,
        0.7408408522605896,
        0.8584792613983154,
        0.8360905647277832,
        0.6267030835151672,
        0.8485374450683594,
        0.7962195873260498,
        0.8681691288948059,
        0.8861801028251648,
        0.9027351140975952,
        0.891164243221283,
        0.9081049561500549,
        0.9062662124633789,
        0.9133899807929993,
        0.8057971000671387,
        0.9015442132949829,
        0.8807291388511658,
        0.879878044128418,
        0.9012889266014099,
        0.9220421314239502,
        0.8676027655601501,
        0.8940814733505249,
        0.8750421404838562,
        0.8837293386459351,
        0.8450096845626831,
        0.8926786184310913,
        0.9131969213485718,
        0.898734450340271,
        0.9050949811935425,
        0.8925164937973022,
        0.8889201283454895,
        0.8809701204299927
    ],
    "val_loss": [
        0.5078083872795105,
        0.5828813910484314,
        0.34839266538619995,
        0.3115922510623932,
        0.6368871331214905,
        0.5547509789466858,
        0.2613314092159271,
        0.5458495616912842,
        0.27092111110687256,
        0.5214400291442871,
        0.25124475359916687,
        0.3322066366672516,
        0.25502508878707886,
        0.2498232126235962,
        0.3127661347389221,
        0.41241613030433655,
        0.28236958384513855,
        0.24663709104061127,
        0.25897204875946045,
        0.24868200719356537,
        0.6176324486732483,
        0.2632882595062256,
        0.2278684675693512,
        0.3077726662158966,
        0.27402669191360474,
        0.29599276185035706,
        0.2723643481731415,
        0.251380980014801,
        0.24018430709838867,
        0.23376093804836273,
        0.25494417548179626,
        0.2843814492225647,
        0.24412375688552856
    ],
    "val_binary_accuracy": [
        0.7686452269554138,
        0.7852806448936462,
        0.842255711555481,
        0.9098387956619263,
        0.5,
        0.8142095804214478,
        0.9201248288154602,
        0.7234784960746765,
        0.9118358492851257,
        0.7724170684814453,
        0.9289383292198181,
        0.8928527235984802,
        0.9172373414039612,
        0.919928252696991,
        0.8948285579681396,
        0.8131256699562073,
        0.9047290682792664,
        0.9239314198493958,
        0.9210651516914368,
        0.9233055710792542,
        0.6437287926673889,
        0.9078568816184998,
        0.9285467863082886,
        0.9097133278846741,
        0.9111646413803101,
        0.9117890000343323,
        0.9198254942893982,
        0.9209834933280945,
        0.915187418460846,
        0.9243652820587158,
        0.9061289429664612,
        0.8903129696846008,
        0.9219570755958557
    ]
}