{
    "loss": [
        0.6939678192138672,
        0.6693746447563171,
        0.6237921714782715,
        0.556289792060852,
        0.7738857865333557,
        0.7968507409095764,
        0.6274463534355164,
        0.7405465245246887,
        0.6474802494049072,
        0.6003140211105347,
        0.5867713093757629,
        0.6048733592033386,
        0.8833709955215454,
        0.7651246190071106,
        0.871604323387146,
        0.8594966530799866,
        0.8087961077690125,
        0.6886770129203796,
        0.6469165682792664,
        0.6403026580810547,
        0.6363465785980225,
        0.6304639577865601
    ],
    "binary_accuracy": [
        0.533742368221283,
        0.595127522945404,
        0.6611388921737671,
        0.7202520370483398,
        0.7382471561431885,
        0.7382362484931946,
        0.7417119741439819,
        0.7099889516830444,
        0.7320612668991089,
        0.742786705493927,
        0.7456963658332825,
        0.7400587797164917,
        0.6280930638313293,
        0.6383312940597534,
        0.5307794809341431,
        0.5006474852561951,
        0.5015072822570801,
        0.5055832862854004,
        0.5112311244010925,
        0.512491762638092,
        0.5129171013832092,
        0.5163257122039795
    ],
    "val_loss": [
        0.682798445224762,
        0.6480055451393127,
        0.5848674178123474,
        0.5315289497375488,
        7.121486186981201,
        0.494576632976532,
        0.4897594153881073,
        0.48355913162231445,
        0.47739988565444946,
        0.47188472747802734,
        0.47245970368385315,
        0.4636837840080261,
        0.932685911655426,
        0.9787009358406067,
        0.8245902061462402,
        0.8256245851516724,
        0.6994290351867676,
        0.6295594573020935,
        0.624657154083252,
        0.6183010339736938,
        0.6140323281288147,
        0.6117886304855347
    ],
    "val_binary_accuracy": [
        0.5782032012939453,
        0.642238199710846,
        0.7102657556533813,
        0.7514324188232422,
        0.5,
        0.7825760841369629,
        0.7859669923782349,
        0.7898098230361938,
        0.7985734939575195,
        0.7888801097869873,
        0.7950994968414307,
        0.8023740649223328,
        0.5,
        0.5,
        0.5,
        0.5,
        0.5,
        0.4999984800815582,
        0.4999984800815582,
        0.5,
        0.5,
        0.5
    ]
}