{
    "loss": [
        0.5899155735969543,
        0.5007376670837402,
        0.46192359924316406,
        0.43422630429267883,
        0.40570953488349915,
        0.3838545083999634,
        0.36607617139816284,
        0.35271212458610535,
        0.34622761607170105,
        0.3350045084953308,
        0.3305601477622986,
        0.3290797472000122,
        0.3285827040672302,
        0.3217880129814148,
        0.3203408420085907,
        0.3162062168121338,
        0.31552228331565857,
        0.31229254603385925,
        0.31072744727134705,
        0.30842846632003784,
        0.3095300495624542,
        0.301996111869812,
        0.3022576570510864,
        0.30155691504478455,
        0.31843286752700806,
        0.2935270667076111,
        0.2960670292377472,
        0.29326626658439636,
        0.29115334153175354,
        0.29386964440345764,
        0.2876993417739868,
        0.2905544340610504,
        0.3072952330112457,
        0.28176000714302063,
        0.2797623872756958,
        0.27909979224205017,
        0.2823798954486847,
        0.2792588174343109,
        0.27585363388061523,
        0.28709349036216736
    ],
    "binary_accuracy": [
        0.6788915395736694,
        0.7601565718650818,
        0.7986047267913818,
        0.823122501373291,
        0.8434801697731018,
        0.8557758331298828,
        0.8641530275344849,
        0.8699777126312256,
        0.8699086904525757,
        0.874770998954773,
        0.8767006397247314,
        0.878851592540741,
        0.8775423169136047,
        0.8835638165473938,
        0.8836818337440491,
        0.8862400650978088,
        0.8856008648872375,
        0.8890143632888794,
        0.8893020749092102,
        0.8901242017745972,
        0.8892255425453186,
        0.8921367526054382,
        0.8914285898208618,
        0.8935210704803467,
        0.8890905380249023,
        0.89697265625,
        0.8944230675697327,
        0.8970450758934021,
        0.8991982936859131,
        0.89739990234375,
        0.9002907276153564,
        0.8994792103767395,
        0.9013417363166809,
        0.9035021066665649,
        0.9056877493858337,
        0.9062711596488953,
        0.9045881628990173,
        0.9064046144485474,
        0.9068575501441956,
        0.9046254754066467
    ],
    "val_loss": [
        0.5179921984672546,
        0.4701104462146759,
        0.4309077560901642,
        0.40370845794677734,
        0.3772890269756317,
        0.36926597356796265,
        0.3448874056339264,
        0.34728533029556274,
        0.34166404604911804,
        0.30701786279678345,
        0.34410369396209717,
        0.3222575783729553,
        0.3339509963989258,
        0.3053695261478424,
        0.3707393407821655,
        0.30376192927360535,
        0.28517770767211914,
        0.3136480450630188,
        0.2898210287094116,
        0.2899494171142578,
        0.29066625237464905,
        0.3010287284851074,
        0.29727602005004883,
        0.27736300230026245,
        0.30610230565071106,
        0.2653648257255554,
        0.27982988953590393,
        0.29103368520736694,
        0.28489798307418823,
        0.28234347701072693,
        0.2658033072948456,
        0.2752627730369568,
        0.2676214575767517,
        0.2780308425426483,
        0.25375351309776306,
        0.2677361071109772,
        0.2841493487358093,
        0.25384819507598877,
        0.2501818835735321,
        0.2550605237483978
    ],
    "val_binary_accuracy": [
        0.7443044781684875,
        0.7930329442024231,
        0.8318276405334473,
        0.8456677794456482,
        0.8577179908752441,
        0.8637241721153259,
        0.8651422262191772,
        0.8557299971580505,
        0.8585569858551025,
        0.8861284255981445,
        0.8641898036003113,
        0.8705573081970215,
        0.8746602535247803,
        0.8933455348014832,
        0.8380635976791382,
        0.8954529166221619,
        0.8974847197532654,
        0.8939698934555054,
        0.8891851902008057,
        0.9027033448219299,
        0.8936977982521057,
        0.8984825015068054,
        0.8979579210281372,
        0.9027607440948486,
        0.8963872194290161,
        0.9114397764205933,
        0.9042710065841675,
        0.9006367325782776,
        0.8972383141517639,
        0.8997055292129517,
        0.9078161120414734,
        0.9114775657653809,
        0.906313419342041,
        0.8950855731964111,
        0.910576581954956,
        0.9033987522125244,
        0.9004704356193542,
        0.9090360999107361,
        0.9176470637321472,
        0.914145827293396
    ]
}