{
    "loss": [
        0.5848792195320129,
        0.48899760842323303,
        0.45493513345718384,
        0.4299355149269104,
        0.41479313373565674,
        0.398590087890625,
        2.775073528289795,
        7.7124738693237305,
        7.712470054626465,
        7.712472438812256,
        7.712472438812256,
        7.712473392486572,
        7.712473392486572,
        7.712475299835205,
        7.712474822998047,
        7.712475299835205
    ],
    "binary_accuracy": [
        0.6967154741287231,
        0.7825105786323547,
        0.8050153851509094,
        0.82254558801651,
        0.8320409059524536,
        0.8401277661323547,
        0.7337577939033508,
        0.5,
        0.5,
        0.5,
        0.5,
        0.5,
        0.5,
        0.5,
        0.5,
        0.5
    ],
    "val_loss": [
        0.5021572113037109,
        0.457601934671402,
        0.40784651041030884,
        0.4066687226295471,
        0.3848974108695984,
        0.35773301124572754,
        7.712474346160889,
        7.712474346160889,
        7.712474346160889,
        7.712474346160889,
        7.712474346160889,
        7.712474346160889,
        7.712474346160889,
        7.712474346160889,
        7.712474346160889,
        7.712474346160889
    ],
    "val_binary_accuracy": [
        0.7976846098899841,
        0.8013067841529846,
        0.8427923917770386,
        0.83453369140625,
        0.8456420302391052,
        0.8603665828704834,
        0.5,
        0.5,
        0.5,
        0.5,
        0.5,
        0.5,
        0.5,
        0.5,
        0.5,
        0.5
    ]
}