{
    "loss": [
        0.6364255547523499,
        0.38814201951026917,
        1.828310489654541,
        0.3173486292362213,
        0.3301733434200287,
        0.5147154927253723,
        0.303897887468338,
        0.30141517519950867,
        0.29926797747612,
        0.285349041223526,
        0.28543347120285034,
        0.28654715418815613,
        0.2819196581840515,
        0.2720254361629486,
        0.3150143623352051,
        0.29068177938461304,
        0.2779622972011566,
        0.28536897897720337,
        0.2743911147117615,
        0.27204570174217224,
        0.28357359766960144,
        0.28208330273628235
    ],
    "binary_accuracy": [
        0.740312933921814,
        0.8489198088645935,
        0.7909606099128723,
        0.8896825909614563,
        0.8916242718696594,
        0.8870893120765686,
        0.894358217716217,
        0.9037197232246399,
        0.9066248536109924,
        0.9114539623260498,
        0.9116722941398621,
        0.9125946760177612,
        0.9137901067733765,
        0.9188255071640015,
        0.9038569331169128,
        0.9065614938735962,
        0.9134631752967834,
        0.9106405973434448,
        0.9175689816474915,
        0.9180992245674133,
        0.911794900894165,
        0.9127794504165649
    ],
    "val_loss": [
        0.4514450132846832,
        0.33114978671073914,
        0.31044676899909973,
        0.2966141104698181,
        0.2804092466831207,
        0.26196449995040894,
        0.4165683686733246,
        0.3052162230014801,
        0.26329305768013,
        0.27106815576553345,
        0.2660200893878937,
        0.2432592660188675,
        0.28785407543182373,
        0.2581149935722351,
        0.27178436517715454,
        0.3023659884929657,
        0.2610940635204315,
        0.2970791459083557,
        0.2679911255836487,
        0.4598008096218109,
        0.3370727300643921,
        0.24989540874958038
    ],
    "val_binary_accuracy": [
        0.8103652000427246,
        0.8821539878845215,
        0.8840527534484863,
        0.8910492062568665,
        0.8989133238792419,
        0.9136953353881836,
        0.8470479846000671,
        0.8990479111671448,
        0.925827145576477,
        0.9027516841888428,
        0.9162788987159729,
        0.9272195100784302,
        0.914544939994812,
        0.9260327816009521,
        0.9236819744110107,
        0.8891716003417969,
        0.9167188405990601,
        0.9150543808937073,
        0.9172736406326294,
        0.8051360249519348,
        0.8736292123794556,
        0.9267206192016602
    ]
}