{
    "loss": [
        0.503116250038147,
        0.5148724913597107,
        0.385003000497818,
        0.32001036405563354,
        0.3135872185230255,
        0.3774244785308838,
        0.30846652388572693,
        0.306423544883728,
        0.29622769355773926,
        0.30339929461479187,
        0.29191240668296814,
        0.27893316745758057,
        0.27768900990486145,
        0.2740359604358673,
        0.27485281229019165,
        0.26973387598991394,
        0.2684820592403412,
        0.2654835879802704,
        0.26026931405067444,
        0.2572798430919647,
        0.255253404378891,
        0.2514413297176361,
        0.24814336001873016,
        0.2520095705986023,
        0.2921055853366852,
        0.2563548982143402,
        0.2509518563747406,
        0.2791674733161926,
        0.25252777338027954,
        0.24779748916625977,
        0.2449001967906952,
        0.25730782747268677,
        0.24315787851810455,
        0.2418898195028305,
        0.2534463107585907,
        0.23950564861297607,
        0.24176748096942902,
        0.23937028646469116,
        0.23756255209445953,
        0.23010914027690887
    ],
    "binary_accuracy": [
        0.7563806772232056,
        0.8387049436569214,
        0.86330646276474,
        0.884168267250061,
        0.8867914080619812,
        0.8674055337905884,
        0.8900261521339417,
        0.8917343616485596,
        0.8960476517677307,
        0.8959265947341919,
        0.8989151120185852,
        0.9033290147781372,
        0.9037555456161499,
        0.9061847925186157,
        0.906558096408844,
        0.9094104766845703,
        0.9096431732177734,
        0.9121791124343872,
        0.9159896969795227,
        0.9169686436653137,
        0.9163290858268738,
        0.9176953434944153,
        0.9192399382591248,
        0.9165135025978088,
        0.9082282781600952,
        0.914945125579834,
        0.9177119135856628,
        0.9133688807487488,
        0.9175373315811157,
        0.9213784337043762,
        0.9228758811950684,
        0.9185788631439209,
        0.9232839345932007,
        0.9245105981826782,
        0.919008731842041,
        0.9250619411468506,
        0.9237711429595947,
        0.9247452020645142,
        0.9250656962394714,
        0.9280195236206055
    ],
    "val_loss": [
        0.4075160026550293,
        0.3543649911880493,
        0.34620213508605957,
        0.2890910506248474,
        0.32174816727638245,
        0.29824748635292053,
        0.28188374638557434,
        0.2650969624519348,
        0.28027859330177307,
        0.26361319422721863,
        0.25473204255104065,
        0.2528921663761139,
        0.25809672474861145,
        0.3338213562965393,
        0.27152132987976074,
        0.24950182437896729,
        0.25690582394599915,
        0.23126763105392456,
        0.23290975391864777,
        0.2793017327785492,
        0.2365068793296814,
        0.23306728899478912,
        0.2242327481508255,
        0.27017199993133545,
        0.2381759136915207,
        0.23955999314785004,
        0.28966569900512695,
        0.2227027714252472,
        0.2441466599702835,
        0.23071637749671936,
        0.2236783504486084,
        0.26298987865448,
        0.24835774302482605,
        0.2263602614402771,
        0.2248329073190689,
        0.22077152132987976,
        0.22185665369033813,
        0.20660525560379028,
        0.22263289988040924,
        0.22064806520938873
    ],
    "val_binary_accuracy": [
        0.8439791202545166,
        0.863320529460907,
        0.8832349181175232,
        0.8968286514282227,
        0.8880468606948853,
        0.8930673599243164,
        0.9010056257247925,
        0.9063194394111633,
        0.9050284028053284,
        0.9117360711097717,
        0.9129318594932556,
        0.9083724021911621,
        0.9137935638427734,
        0.8873075842857361,
        0.9000320434570312,
        0.9123513698577881,
        0.921539843082428,
        0.9234945178031921,
        0.9262776374816895,
        0.9089075922966003,
        0.9234340190887451,
        0.9272195100784302,
        0.9258483052253723,
        0.9097344875335693,
        0.9199947714805603,
        0.9262247681617737,
        0.9039913415908813,
        0.9279481768608093,
        0.9164844751358032,
        0.9261143803596497,
        0.9274265766143799,
        0.9208549857139587,
        0.9296004772186279,
        0.9259027242660522,
        0.9354056715965271,
        0.9317033290863037,
        0.9330110549926758,
        0.9344351291656494,
        0.928454577922821,
        0.9298831820487976
    ]
}