{
    "loss": [
        0.535460352897644,
        0.6529348492622375,
        0.6081676483154297,
        0.4790891706943512,
        0.3939712345600128,
        0.35566362738609314,
        0.3189852237701416,
        0.3257952034473419,
        0.3394952118396759,
        0.32454341650009155,
        0.31484973430633545,
        0.3036879003047943,
        0.30400529503822327,
        0.29372861981391907,
        0.3037128448486328,
        0.29507195949554443,
        0.2933744192123413,
        0.29614734649658203,
        0.29162657260894775,
        0.286205530166626,
        0.2826142907142639,
        0.2759222090244293,
        0.28375476598739624,
        0.27235448360443115,
        0.273799329996109,
        0.2807155251502991,
        0.27199119329452515,
        0.2775349020957947,
        0.27910116314888,
        0.27352142333984375,
        0.3126838207244873,
        0.27317503094673157,
        0.2698695659637451,
        0.2687634825706482,
        0.2724102735519409,
        0.2732977867126465,
        0.28511592745780945,
        0.2705586552619934,
        0.2772700786590576,
        0.275865763425827
    ],
    "binary_accuracy": [
        0.7318493127822876,
        0.8264213800430298,
        0.8483613133430481,
        0.8691198229789734,
        0.877862811088562,
        0.8772730827331543,
        0.8930252194404602,
        0.8867630958557129,
        0.8830965757369995,
        0.889984667301178,
        0.8925500512123108,
        0.897464394569397,
        0.896201491355896,
        0.9013670086860657,
        0.8975318670272827,
        0.9023870229721069,
        0.9030865430831909,
        0.9022901058197021,
        0.9045549631118774,
        0.9068884253501892,
        0.9083821177482605,
        0.911605179309845,
        0.9076230525970459,
        0.9140785932540894,
        0.9140171408653259,
        0.9116858839988708,
        0.9143418073654175,
        0.9118582010269165,
        0.9105101227760315,
        0.9134944677352905,
        0.9083157777786255,
        0.9136068224906921,
        0.9147049188613892,
        0.915655255317688,
        0.9152034521102905,
        0.9136475324630737,
        0.9073066711425781,
        0.915224552154541,
        0.9125158786773682,
        0.9118699431419373
    ],
    "val_loss": [
        0.4557533860206604,
        0.36327868700027466,
        0.34573471546173096,
        0.3316865861415863,
        0.31914621591567993,
        0.3018709719181061,
        0.2938025891780853,
        0.29517480731010437,
        0.3226548135280609,
        0.31269150972366333,
        0.3053671419620514,
        0.2698538899421692,
        0.29510101675987244,
        0.264190673828125,
        0.26007094979286194,
        0.2801143229007721,
        0.27627113461494446,
        0.2756780982017517,
        0.25544819235801697,
        0.25319215655326843,
        0.25340402126312256,
        0.2657203674316406,
        0.2482883632183075,
        0.25736749172210693,
        0.25895893573760986,
        0.2920806407928467,
        0.2931913435459137,
        0.3032553195953369,
        0.2578345835208893,
        0.2537439167499542,
        0.2413894385099411,
        0.2621158957481384,
        0.2643333077430725,
        0.2583647072315216,
        0.25908163189888,
        0.2827768921852112,
        0.24237652122974396,
        0.245345801115036,
        0.29877737164497375,
        0.2491946518421173
    ],
    "val_binary_accuracy": [
        0.8119631409645081,
        0.8786149621009827,
        0.8828327655792236,
        0.8984280824661255,
        0.8911701440811157,
        0.8960606455802917,
        0.9068697094917297,
        0.8984341025352478,
        0.8824200630187988,
        0.9067366719245911,
        0.9002482295036316,
        0.9112901091575623,
        0.891080915927887,
        0.9129953384399414,
        0.9167883396148682,
        0.9005551338195801,
        0.9106279611587524,
        0.9075122475624084,
        0.9211013913154602,
        0.9214128255844116,
        0.9188821315765381,
        0.9182608127593994,
        0.9201716780662537,
        0.918897271156311,
        0.9204634428024292,
        0.9149757623672485,
        0.9166039228439331,
        0.8998687863349915,
        0.9137769341468811,
        0.9179282188415527,
        0.926734209060669,
        0.9182245135307312,
        0.9112915992736816,
        0.9157150387763977,
        0.922167181968689,
        0.9095848202705383,
        0.9297441244125366,
        0.9216668009757996,
        0.9029179811477661,
        0.9199056029319763
    ]
}