{
    "loss": [
        0.5458710193634033,
        0.4357273578643799,
        0.3833293914794922,
        0.4146355390548706,
        0.33586356043815613,
        0.32708168029785156,
        0.3474697768688202,
        0.34695568680763245,
        0.3056991994380951,
        0.2999756634235382,
        0.33582350611686707,
        0.2941802740097046,
        0.2854008376598358,
        0.2794923782348633,
        0.2781309485435486,
        0.2755722403526306,
        0.2715308964252472,
        0.2732059061527252,
        0.26907286047935486,
        0.2675601541996002,
        0.26473674178123474,
        0.2630576193332672,
        0.2698354423046112,
        0.2788405418395996,
        0.2758091986179352,
        0.27955788373947144,
        0.31941041350364685,
        0.27539902925491333,
        0.2784241735935211,
        0.27531784772872925,
        0.27671685814857483,
        0.2714938819408417,
        0.3517007827758789,
        0.26961660385131836,
        0.27288293838500977,
        0.2701776325702667,
        0.2659837603569031,
        0.26871076226234436,
        0.2663505971431732
    ],
    "binary_accuracy": [
        0.7248092889785767,
        0.8185951113700867,
        0.8539962768554688,
        0.862554132938385,
        0.8791992664337158,
        0.8834208846092224,
        0.8829001188278198,
        0.8806503415107727,
        0.893989086151123,
        0.8988555073738098,
        0.9010751247406006,
        0.9011678695678711,
        0.9055852293968201,
        0.9086740016937256,
        0.9096163511276245,
        0.9100779294967651,
        0.9128262400627136,
        0.9123148918151855,
        0.9148327708244324,
        0.9158354997634888,
        0.9171919226646423,
        0.9173924922943115,
        0.9147332310676575,
        0.9134922027587891,
        0.9169875383377075,
        0.9130604267120361,
        0.9058797359466553,
        0.90975022315979,
        0.9097419381141663,
        0.910574197769165,
        0.909950852394104,
        0.9125577211380005,
        0.9049482941627502,
        0.9125075936317444,
        0.9113020300865173,
        0.9122421145439148,
        0.9140374660491943,
        0.9134861826896667,
        0.9146249890327454
    ],
    "val_loss": [
        0.45788973569869995,
        0.3937981426715851,
        0.37118926644325256,
        0.3331568241119385,
        0.315825879573822,
        0.3126091957092285,
        0.3986488878726959,
        0.28433576226234436,
        0.3225109577178955,
        0.27984529733657837,
        0.2704181969165802,
        0.2635940611362457,
        0.27507469058036804,
        0.271901935338974,
        0.2752693295478821,
        0.25806698203086853,
        0.35599976778030396,
        0.26997923851013184,
        0.2650357186794281,
        0.26685264706611633,
        0.2515568137168884,
        0.30173107981681824,
        0.28567764163017273,
        0.2497204840183258,
        0.26100578904151917,
        0.2671692967414856,
        0.28728607296943665,
        0.27118515968322754,
        0.24460774660110474,
        0.2634626626968384,
        0.2578653395175934,
        0.2753571569919586,
        0.2647959887981415,
        0.2836494743824005,
        0.2599717080593109,
        0.29946285486221313,
        0.24949736893177032,
        0.2460842728614807,
        0.2951783239841461
    ],
    "val_binary_accuracy": [
        0.8008229732513428,
        0.8498825430870056,
        0.8583785891532898,
        0.8804699182510376,
        0.8902661204338074,
        0.8946033120155334,
        0.8393561840057373,
        0.9038870334625244,
        0.8890657424926758,
        0.9105932116508484,
        0.9120898246765137,
        0.9165102243423462,
        0.9030676484107971,
        0.9065386652946472,
        0.9043148756027222,
        0.9192873239517212,
        0.8677802085876465,
        0.9073716402053833,
        0.9191315770149231,
        0.911692202091217,
        0.9183560609817505,
        0.8959246277809143,
        0.90714031457901,
        0.9256366491317749,
        0.9243244528770447,
        0.9183182716369629,
        0.9026927351951599,
        0.9128517508506775,
        0.9210288524627686,
        0.9085296392440796,
        0.9187960028648376,
        0.9100262522697449,
        0.9094986915588379,
        0.9122167825698853,
        0.912948489189148,
        0.8960546255111694,
        0.9203152656555176,
        0.9230228662490845,
        0.9052173495292664
    ]
}