{
    "loss": [
        0.5712199211120605,
        0.3490559458732605,
        0.44591042399406433,
        0.3016261160373688,
        0.8249996900558472,
        0.6931463479995728,
        0.6931466460227966,
        0.6931464076042175,
        0.6931460499763489,
        0.6931461691856384,
        0.6931462287902832,
        0.6931459903717041,
        0.6931450366973877
    ],
    "binary_accuracy": [
        0.8169777393341064,
        0.8953499794006348,
        0.8946900963783264,
        0.9037275910377502,
        0.5147015452384949,
        0.4999992549419403,
        0.4999992549419403,
        0.49999961256980896,
        0.5000003576278687,
        0.49999886751174927,
        0.4999984800815582,
        0.4999992549419403,
        0.49999961256980896
    ],
    "val_loss": [
        0.3995930254459381,
        0.3904363512992859,
        0.2259170264005661,
        0.35036972165107727,
        0.6931471228599548,
        0.6931471228599548,
        0.6931471228599548,
        0.6931471228599548,
        0.6931471228599548,
        0.6931471228599548,
        0.6931471228599548,
        0.6931471228599548,
        0.6931471228599548
    ],
    "val_binary_accuracy": [
        0.8543316125869751,
        0.8991612792015076,
        0.9297335147857666,
        0.8921860456466675,
        0.5,
        0.5,
        0.5,
        0.5,
        0.5,
        0.5,
        0.5,
        0.5,
        0.5
    ]
}