{
  "timestamp": "2026-05-02T01:35:49.302917",
  "metric_name": "weighted_bkg_rej",
  "bkg_rej_weights": {
    "0.95": 0.1,
    "0.98": 0.7,
    "0.99": 0.2
  },
  "total_models": 118,
  "primary_pareto_models": 14,
  "secondary_pareto_models": 12,
  "primary_metric_range": {
    "min": 0.0,
    "max": 0.9131967309768066,
    "mean": 0.8467642559575651
  },
  "parameters_range": {
    "min": 1211,
    "max": 81997,
    "mean": 28199.79661016949
  },
  "auc_range": {
    "min": 0.5,
    "max": 0.9765100885350334,
    "mean": 0.9477836619143507
  }
}