
****** Vitis HLS - High-Level Synthesis from C, C++ and OpenCL v2024.1 (64-bit)
  **** SW Build 5069499 on May 21 2024
  **** IP Build 5075265 on Wed May 22 21:45:21 MDT 2024
  **** SharedData Build 5076995 on Wed May 22 18:29:18 MDT 2024
  **** Start of session at: Wed Aug 19 20:16:50 2026
    ** Copyright 1986-2022 Xilinx, Inc. All Rights Reserved.
    ** Copyright 2022-2024 Advanced Micro Devices, Inc. All Rights Reserved.

source /code/Xilinx_2024.1/Vitis_HLS/2024.1/scripts/vitis_hls/hls.tcl -notrace
INFO: [HLS 200-10] For user 'dabadjiev' on host 'kdplab01' (Linux_x86_64 version 5.14.0-687.26.1.el9_8.x86_64) on Wed Aug 19 20:16:51 CDT 2026
INFO: [HLS 200-10] In directory '/home/dabadjiev/smartpixels_ml_dsabadjiev/Muon_Collider_Smart_Pixels/daniel/CrossParetoModels_shortlist_parallelInput/hls_outputs_vsynth/hls_model_trial_1046'
WARNING: [HLS 200-2053] The vitis_hls executable is deprecated. Consider using vitis-run --mode hls --tcl
Sourcing Tcl script 'build_prj.tcl'
INFO: hls4ml requested max HLS threads: 4
INFO: [HLS 200-1510] Running: open_project -reset myproject_prj 
INFO: [HLS 200-10] Creating and opening project '/home/dabadjiev/smartpixels_ml_dsabadjiev/Muon_Collider_Smart_Pixels/daniel/CrossParetoModels_shortlist_parallelInput/hls_outputs_vsynth/hls_model_trial_1046/myproject_prj'.
INFO: [HLS 200-1510] Running: set_top myproject 
INFO: [HLS 200-1510] Running: add_files firmware/myproject.cpp -cflags -std=c++0x 
INFO: [HLS 200-10] Adding design file 'firmware/myproject.cpp' to the project
INFO: [HLS 200-1510] Running: add_files -tb myproject_test.cpp -cflags -std=c++0x 
INFO: [HLS 200-10] Adding test bench file 'myproject_test.cpp' to the project
INFO: [HLS 200-1510] Running: add_files -tb firmware/weights 
INFO: [HLS 200-10] Adding test bench file 'firmware/weights' to the project
INFO: [HLS 200-1510] Running: add_files -tb tb_data 
INFO: [HLS 200-10] Adding test bench file 'tb_data' to the project
INFO: [HLS 200-1510] Running: open_solution -reset solution1 
INFO: [HLS 200-10] Creating and opening solution '/home/dabadjiev/smartpixels_ml_dsabadjiev/Muon_Collider_Smart_Pixels/daniel/CrossParetoModels_shortlist_parallelInput/hls_outputs_vsynth/hls_model_trial_1046/myproject_prj/solution1'.
INFO: [HLS 200-10] Cleaning up the solution database.
INFO: [HLS 200-1505] Using default flow_target 'vivado'
Resolution: For help on HLS 200-1505 see docs.xilinx.com/access/sources/dita/topic?Doc_Version=2024.1%20English&url=ug1448-hls-guidance&resourceid=200-1505.html
INFO: [HLS 200-1510] Running: config_compile -name_max_length 80 
INFO: [XFORM 203-1161] The maximum of name length is set to 80.
INFO: [HLS 200-1510] Running: set_part xc7z020clg400-1 
INFO: [HLS 200-1611] Setting target device to 'xc7z020-clg400-1'
INFO: [XFORM 203-1161] The maximum of name length is set to 80.
INFO: [HLS 200-1510] Running: config_schedule -enable_dsp_full_reg=false 
INFO: [HLS 200-1510] Running: create_clock -period 12 -name default 
INFO: [SYN 201-201] Setting up clock 'default' with a period of 12ns.
INFO: [HLS 200-1510] Running: set_clock_uncertainty 12.5% default 
INFO: [SYN 201-201] Setting up clock 'default' with an uncertainty of 1.5ns.
***** C/RTL SYNTHESIS *****
INFO: [HLS 200-1510] Running: config_op mul -impl fabric 
INFO: [HLS 200-1445] Configure operator 'mul' with implementation style 'fabric'.
INFO: [HLS 200-1510] Running: config_op add -impl fabric 
INFO: [HLS 200-1445] Configure operator 'add' with implementation style 'fabric'.
INFO: [HLS 200-1510] Running: csynth_design 
INFO: [HLS 200-111] Finished File checks and directory preparation: CPU user time: 0.06 seconds. CPU system time: 0.01 seconds. Elapsed time: 0.07 seconds; current allocated memory: 333.273 MB.
INFO: [HLS 200-10] Analyzing design file 'firmware/myproject.cpp' ... 
WARNING: [HLS 214-113] Either use an argument of the function or declare the variable inside the dataflow loop body (firmware/myproject.cpp:74:72)
Resolution: For help on HLS 214-113 see docs.xilinx.com/access/sources/dita/topic?Doc_Version=2024.1%20English&url=ug1448-hls-guidance&resourceid=214-113.html
WARNING: [HLS 214-113] Either use an argument of the function or declare the variable inside the dataflow loop body (firmware/myproject.cpp:74:77)
Resolution: For help on HLS 214-113 see docs.xilinx.com/access/sources/dita/topic?Doc_Version=2024.1%20English&url=ug1448-hls-guidance&resourceid=214-113.html
WARNING: [HLS 214-113] Either use an argument of the function or declare the variable inside the dataflow loop body (firmware/myproject.cpp:82:72)
Resolution: For help on HLS 214-113 see docs.xilinx.com/access/sources/dita/topic?Doc_Version=2024.1%20English&url=ug1448-hls-guidance&resourceid=214-113.html
WARNING: [HLS 214-113] Either use an argument of the function or declare the variable inside the dataflow loop body (firmware/myproject.cpp:82:77)
Resolution: For help on HLS 214-113 see docs.xilinx.com/access/sources/dita/topic?Doc_Version=2024.1%20English&url=ug1448-hls-guidance&resourceid=214-113.html
WARNING: [HLS 214-113] Either use an argument of the function or declare the variable inside the dataflow loop body (firmware/myproject.cpp:90:72)
Resolution: For help on HLS 214-113 see docs.xilinx.com/access/sources/dita/topic?Doc_Version=2024.1%20English&url=ug1448-hls-guidance&resourceid=214-113.html
WARNING: [HLS 214-113] Either use an argument of the function or declare the variable inside the dataflow loop body (firmware/myproject.cpp:90:77)
Resolution: For help on HLS 214-113 see docs.xilinx.com/access/sources/dita/topic?Doc_Version=2024.1%20English&url=ug1448-hls-guidance&resourceid=214-113.html
WARNING: [HLS 214-113] Either use an argument of the function or declare the variable inside the dataflow loop body (firmware/myproject.cpp:98:72)
Resolution: For help on HLS 214-113 see docs.xilinx.com/access/sources/dita/topic?Doc_Version=2024.1%20English&url=ug1448-hls-guidance&resourceid=214-113.html
WARNING: [HLS 214-113] Either use an argument of the function or declare the variable inside the dataflow loop body (firmware/myproject.cpp:98:77)
Resolution: For help on HLS 214-113 see docs.xilinx.com/access/sources/dita/topic?Doc_Version=2024.1%20English&url=ug1448-hls-guidance&resourceid=214-113.html
WARNING: [HLS 214-113] Either use an argument of the function or declare the variable inside the dataflow loop body (firmware/myproject.cpp:106:72)
Resolution: For help on HLS 214-113 see docs.xilinx.com/access/sources/dita/topic?Doc_Version=2024.1%20English&url=ug1448-hls-guidance&resourceid=214-113.html
WARNING: [HLS 214-113] Either use an argument of the function or declare the variable inside the dataflow loop body (firmware/myproject.cpp:106:77)
Resolution: For help on HLS 214-113 see docs.xilinx.com/access/sources/dita/topic?Doc_Version=2024.1%20English&url=ug1448-hls-guidance&resourceid=214-113.html
WARNING: [HLS 200-471] Dataflow form checks found 10 issue(s) in file firmware/myproject.cpp
Resolution: For help on HLS 200-471 see docs.xilinx.com/access/sources/dita/topic?Doc_Version=2024.1%20English&url=ug1448-hls-guidance&resourceid=200-471.html
WARNING: [HLS 207-5292] unused parameter 'keep' (firmware/nnet_utils/nnet_helpers.h:285:99)
WARNING: [HLS 207-5292] unused parameter 'data' (firmware/nnet_utils/nnet_code_gen.h:11:36)
WARNING: [HLS 207-5292] unused parameter 'buffer' (firmware/nnet_utils/nnet_code_gen.h:12:36)
WARNING: [HLS 207-5292] unused parameter 'partition' (firmware/nnet_utils/nnet_code_gen.h:13:44)
WARNING: [HLS 207-5292] unused parameter 'data' (firmware/nnet_utils/nnet_code_gen.h:21:24)
WARNING: [HLS 207-5292] unused parameter 'buffer' (firmware/nnet_utils/nnet_code_gen.h:22:24)
WARNING: [HLS 207-5292] unused parameter 'partition' (firmware/nnet_utils/nnet_code_gen.h:23:32)
INFO: [HLS 200-111] Finished Source Code Analysis and Preprocessing: CPU user time: 6.74 seconds. CPU system time: 0.75 seconds. Elapsed time: 7.51 seconds; current allocated memory: 339.660 MB.
INFO: [HLS 200-777] Using interface defaults for 'Vivado' flow target.
INFO: [HLS 200-1995] There were 9,523 instructions in the design after the 'Compile/Link' phase of compilation. See the Design Size Report for more details: /home/dabadjiev/smartpixels_ml_dsabadjiev/Muon_Collider_Smart_Pixels/daniel/CrossParetoModels_shortlist_parallelInput/hls_outputs_vsynth/hls_model_trial_1046/myproject_prj/solution1/syn/report/csynth_design_size.rpt
INFO: [HLS 200-1995] There were 4,333 instructions in the design after the 'Unroll/Inline (step 1)' phase of compilation. See the Design Size Report for more details: /home/dabadjiev/smartpixels_ml_dsabadjiev/Muon_Collider_Smart_Pixels/daniel/CrossParetoModels_shortlist_parallelInput/hls_outputs_vsynth/hls_model_trial_1046/myproject_prj/solution1/syn/report/csynth_design_size.rpt
INFO: [HLS 200-1995] There were 2,371 instructions in the design after the 'Unroll/Inline (step 2)' phase of compilation. See the Design Size Report for more details: /home/dabadjiev/smartpixels_ml_dsabadjiev/Muon_Collider_Smart_Pixels/daniel/CrossParetoModels_shortlist_parallelInput/hls_outputs_vsynth/hls_model_trial_1046/myproject_prj/solution1/syn/report/csynth_design_size.rpt
INFO: [HLS 200-1995] There were 2,356 instructions in the design after the 'Unroll/Inline (step 3)' phase of compilation. See the Design Size Report for more details: /home/dabadjiev/smartpixels_ml_dsabadjiev/Muon_Collider_Smart_Pixels/daniel/CrossParetoModels_shortlist_parallelInput/hls_outputs_vsynth/hls_model_trial_1046/myproject_prj/solution1/syn/report/csynth_design_size.rpt
INFO: [HLS 200-1995] There were 2,339 instructions in the design after the 'Unroll/Inline (step 4)' phase of compilation. See the Design Size Report for more details: /home/dabadjiev/smartpixels_ml_dsabadjiev/Muon_Collider_Smart_Pixels/daniel/CrossParetoModels_shortlist_parallelInput/hls_outputs_vsynth/hls_model_trial_1046/myproject_prj/solution1/syn/report/csynth_design_size.rpt
INFO: [HLS 200-1995] There were 3,049 instructions in the design after the 'Array/Struct (step 1)' phase of compilation. See the Design Size Report for more details: /home/dabadjiev/smartpixels_ml_dsabadjiev/Muon_Collider_Smart_Pixels/daniel/CrossParetoModels_shortlist_parallelInput/hls_outputs_vsynth/hls_model_trial_1046/myproject_prj/solution1/syn/report/csynth_design_size.rpt
INFO: [HLS 200-1995] There were 2,516 instructions in the design after the 'Array/Struct (step 2)' phase of compilation. See the Design Size Report for more details: /home/dabadjiev/smartpixels_ml_dsabadjiev/Muon_Collider_Smart_Pixels/daniel/CrossParetoModels_shortlist_parallelInput/hls_outputs_vsynth/hls_model_trial_1046/myproject_prj/solution1/syn/report/csynth_design_size.rpt
INFO: [HLS 200-1995] There were 2,516 instructions in the design after the 'Array/Struct (step 3)' phase of compilation. See the Design Size Report for more details: /home/dabadjiev/smartpixels_ml_dsabadjiev/Muon_Collider_Smart_Pixels/daniel/CrossParetoModels_shortlist_parallelInput/hls_outputs_vsynth/hls_model_trial_1046/myproject_prj/solution1/syn/report/csynth_design_size.rpt
INFO: [HLS 200-1995] There were 2,508 instructions in the design after the 'Array/Struct (step 4)' phase of compilation. See the Design Size Report for more details: /home/dabadjiev/smartpixels_ml_dsabadjiev/Muon_Collider_Smart_Pixels/daniel/CrossParetoModels_shortlist_parallelInput/hls_outputs_vsynth/hls_model_trial_1046/myproject_prj/solution1/syn/report/csynth_design_size.rpt
INFO: [HLS 200-1995] There were 2,539 instructions in the design after the 'Array/Struct (step 5)' phase of compilation. See the Design Size Report for more details: /home/dabadjiev/smartpixels_ml_dsabadjiev/Muon_Collider_Smart_Pixels/daniel/CrossParetoModels_shortlist_parallelInput/hls_outputs_vsynth/hls_model_trial_1046/myproject_prj/solution1/syn/report/csynth_design_size.rpt
INFO: [HLS 200-1995] There were 2,527 instructions in the design after the 'Performance (step 1)' phase of compilation. See the Design Size Report for more details: /home/dabadjiev/smartpixels_ml_dsabadjiev/Muon_Collider_Smart_Pixels/daniel/CrossParetoModels_shortlist_parallelInput/hls_outputs_vsynth/hls_model_trial_1046/myproject_prj/solution1/syn/report/csynth_design_size.rpt
INFO: [HLS 200-1995] There were 2,494 instructions in the design after the 'Performance (step 2)' phase of compilation. See the Design Size Report for more details: /home/dabadjiev/smartpixels_ml_dsabadjiev/Muon_Collider_Smart_Pixels/daniel/CrossParetoModels_shortlist_parallelInput/hls_outputs_vsynth/hls_model_trial_1046/myproject_prj/solution1/syn/report/csynth_design_size.rpt
INFO: [HLS 200-1995] There were 2,494 instructions in the design after the 'Performance (step 3)' phase of compilation. See the Design Size Report for more details: /home/dabadjiev/smartpixels_ml_dsabadjiev/Muon_Collider_Smart_Pixels/daniel/CrossParetoModels_shortlist_parallelInput/hls_outputs_vsynth/hls_model_trial_1046/myproject_prj/solution1/syn/report/csynth_design_size.rpt
INFO: [HLS 200-1995] There were 2,494 instructions in the design after the 'Performance (step 4)' phase of compilation. See the Design Size Report for more details: /home/dabadjiev/smartpixels_ml_dsabadjiev/Muon_Collider_Smart_Pixels/daniel/CrossParetoModels_shortlist_parallelInput/hls_outputs_vsynth/hls_model_trial_1046/myproject_prj/solution1/syn/report/csynth_design_size.rpt
INFO: [HLS 200-1995] There were 2,509 instructions in the design after the 'HW Transforms (step 1)' phase of compilation. See the Design Size Report for more details: /home/dabadjiev/smartpixels_ml_dsabadjiev/Muon_Collider_Smart_Pixels/daniel/CrossParetoModels_shortlist_parallelInput/hls_outputs_vsynth/hls_model_trial_1046/myproject_prj/solution1/syn/report/csynth_design_size.rpt
INFO: [HLS 200-1995] There were 2,556 instructions in the design after the 'HW Transforms (step 2)' phase of compilation. See the Design Size Report for more details: /home/dabadjiev/smartpixels_ml_dsabadjiev/Muon_Collider_Smart_Pixels/daniel/CrossParetoModels_shortlist_parallelInput/hls_outputs_vsynth/hls_model_trial_1046/myproject_prj/solution1/syn/report/csynth_design_size.rpt
INFO: [HLS 214-415] Performing recursive inline in function 'nnet::dense_resource<ap_fixed<16, 6, (ap_q_mode)5, (ap_o_mode)3, 0>, ap_fixed<16, 6, (ap_q_mode)5, (ap_o_mode)3, 0>, config12>' (firmware/nnet_utils/nnet_dense_resource.h:237:9)
INFO: [HLS 214-415] Performing recursive inline in function 'nnet::dense_resource<ap_ufixed<8, 0, (ap_q_mode)4, (ap_o_mode)0, 0>, ap_fixed<16, 6, (ap_q_mode)5, (ap_o_mode)3, 0>, config15>' (firmware/nnet_utils/nnet_dense_resource.h:237:9)
INFO: [HLS 214-415] Performing recursive inline in function 'nnet::dense_resource<ap_ufixed<8, 0, (ap_q_mode)4, (ap_o_mode)0, 0>, ap_fixed<16, 6, (ap_q_mode)5, (ap_o_mode)3, 0>, config18>' (firmware/nnet_utils/nnet_dense_resource.h:237:9)
INFO: [HLS 214-415] Performing recursive inline in function 'nnet::dense_resource<ap_ufixed<8, 0, (ap_q_mode)4, (ap_o_mode)0, 0>, ap_fixed<16, 6, (ap_q_mode)5, (ap_o_mode)3, 0>, config21>' (firmware/nnet_utils/nnet_dense_resource.h:237:9)
INFO: [HLS 214-415] Performing recursive inline in function 'nnet::dense_resource<ap_ufixed<8, 0, (ap_q_mode)4, (ap_o_mode)0, 0>, ap_fixed<16, 6, (ap_q_mode)5, (ap_o_mode)3, 0>, config24>' (firmware/nnet_utils/nnet_dense_resource.h:237:9)
WARNING: [HLS 214-273] In function 'void nnet::dense<ap_fixed<16, 6, (ap_q_mode)5, (ap_o_mode)3, 0>, ap_fixed<16, 6, (ap_q_mode)5, (ap_o_mode)3, 0>, config12>(ap_fixed<16, 6, (ap_q_mode)5, (ap_o_mode)3, 0>*, ap_fixed<16, 6, (ap_q_mode)5, (ap_o_mode)3, 0>*, config12::weight_t*, config12::bias_t*)', Pragma conflict happens on 'INLINE' and DATAFLOW pragmas: Inline into dataflow region may break the canonical form (firmware/nnet_utils/nnet_dense.h:38:0)
WARNING: [HLS 214-273] In function 'void nnet::dense<ap_ufixed<8, 0, (ap_q_mode)4, (ap_o_mode)0, 0>, ap_fixed<16, 6, (ap_q_mode)5, (ap_o_mode)3, 0>, config15>(ap_ufixed<8, 0, (ap_q_mode)4, (ap_o_mode)0, 0>*, ap_fixed<16, 6, (ap_q_mode)5, (ap_o_mode)3, 0>*, config15::weight_t*, config15::bias_t*)', Pragma conflict happens on 'INLINE' and DATAFLOW pragmas: Inline into dataflow region may break the canonical form (firmware/nnet_utils/nnet_dense.h:38:0)
WARNING: [HLS 214-273] In function 'void nnet::dense<ap_ufixed<8, 0, (ap_q_mode)4, (ap_o_mode)0, 0>, ap_fixed<16, 6, (ap_q_mode)5, (ap_o_mode)3, 0>, config18>(ap_ufixed<8, 0, (ap_q_mode)4, (ap_o_mode)0, 0>*, ap_fixed<16, 6, (ap_q_mode)5, (ap_o_mode)3, 0>*, config18::weight_t*, config18::bias_t*)', Pragma conflict happens on 'INLINE' and DATAFLOW pragmas: Inline into dataflow region may break the canonical form (firmware/nnet_utils/nnet_dense.h:38:0)
WARNING: [HLS 214-273] In function 'void nnet::dense<ap_ufixed<8, 0, (ap_q_mode)4, (ap_o_mode)0, 0>, ap_fixed<16, 6, (ap_q_mode)5, (ap_o_mode)3, 0>, config21>(ap_ufixed<8, 0, (ap_q_mode)4, (ap_o_mode)0, 0>*, ap_fixed<16, 6, (ap_q_mode)5, (ap_o_mode)3, 0>*, config21::weight_t*, config21::bias_t*)', Pragma conflict happens on 'INLINE' and DATAFLOW pragmas: Inline into dataflow region may break the canonical form (firmware/nnet_utils/nnet_dense.h:38:0)
WARNING: [HLS 214-273] In function 'void nnet::dense<ap_ufixed<8, 0, (ap_q_mode)4, (ap_o_mode)0, 0>, ap_fixed<16, 6, (ap_q_mode)5, (ap_o_mode)3, 0>, config24>(ap_ufixed<8, 0, (ap_q_mode)4, (ap_o_mode)0, 0>*, ap_fixed<16, 6, (ap_q_mode)5, (ap_o_mode)3, 0>*, config24::weight_t*, config24::bias_t*)', Pragma conflict happens on 'INLINE' and DATAFLOW pragmas: Inline into dataflow region may break the canonical form (firmware/nnet_utils/nnet_dense.h:38:0)
INFO: [HLS 214-131] Inlining function 'std::enable_if<!(std::is_same<ap_fixed<16, 6, (ap_q_mode)5, (ap_o_mode)3, 0>, ap_uint<1> >::value), ap_fixed<16, 6, (ap_q_mode)5, (ap_o_mode)3, 0> >::type nnet::cast<ap_fixed<16, 6, (ap_q_mode)5, (ap_o_mode)3, 0>, ap_fixed<16, 6, (ap_q_mode)5, (ap_o_mode)3, 0>, config12>(config12::accum_t) (.36)' into 'void nnet::dense_resource_rf_gt_nin_rem0<ap_fixed<16, 6, (ap_q_mode)5, (ap_o_mode)3, 0>, ap_fixed<16, 6, (ap_q_mode)5, (ap_o_mode)3, 0>, config12>(ap_fixed<16, 6, (ap_q_mode)5, (ap_o_mode)3, 0>*, ap_fixed<16, 6, (ap_q_mode)5, (ap_o_mode)3, 0>*, config12::weight_t*, config12::bias_t*) (.35)' (firmware/nnet_utils/nnet_dense_resource.h:151:14)
INFO: [HLS 214-131] Inlining function 'nnet::product::mult<ap_fixed<16, 6, (ap_q_mode)5, (ap_o_mode)3, 0>, ap_fixed<8, 1, (ap_q_mode)5, (ap_o_mode)3, 0> >::product(ap_fixed<16, 6, (ap_q_mode)5, (ap_o_mode)3, 0>, ap_fixed<8, 1, (ap_q_mode)5, (ap_o_mode)3, 0>) (.41)' into 'void nnet::dense_resource_rf_gt_nin_rem0<ap_fixed<16, 6, (ap_q_mode)5, (ap_o_mode)3, 0>, ap_fixed<16, 6, (ap_q_mode)5, (ap_o_mode)3, 0>, config12>(ap_fixed<16, 6, (ap_q_mode)5, (ap_o_mode)3, 0>*, ap_fixed<16, 6, (ap_q_mode)5, (ap_o_mode)3, 0>*, config12::weight_t*, config12::bias_t*) (.35)' (firmware/nnet_utils/nnet_dense_resource.h:134:17)
INFO: [HLS 214-131] Inlining function 'void nnet::dense_resource_rf_gt_nin_rem0<ap_fixed<16, 6, (ap_q_mode)5, (ap_o_mode)3, 0>, ap_fixed<16, 6, (ap_q_mode)5, (ap_o_mode)3, 0>, config12>(ap_fixed<16, 6, (ap_q_mode)5, (ap_o_mode)3, 0>*, ap_fixed<16, 6, (ap_q_mode)5, (ap_o_mode)3, 0>*, config12::weight_t*, config12::bias_t*) (.35)' into 'void nnet::dense_resource<ap_fixed<16, 6, (ap_q_mode)5, (ap_o_mode)3, 0>, ap_fixed<16, 6, (ap_q_mode)5, (ap_o_mode)3, 0>, config12>(ap_fixed<16, 6, (ap_q_mode)5, (ap_o_mode)3, 0>*, ap_fixed<16, 6, (ap_q_mode)5, (ap_o_mode)3, 0>*, config12::weight_t*, config12::bias_t*)' (firmware/nnet_utils/nnet_dense_resource.h:242:9)
INFO: [HLS 214-131] Inlining function 'std::enable_if<!(std::is_same<ap_ufixed<8, 0, (ap_q_mode)4, (ap_o_mode)0, 0>, ap_uint<1> >::value), ap_fixed<16, 6, (ap_q_mode)5, (ap_o_mode)3, 0> >::type nnet::cast<ap_ufixed<8, 0, (ap_q_mode)4, (ap_o_mode)0, 0>, ap_fixed<16, 6, (ap_q_mode)5, (ap_o_mode)3, 0>, config15>(config15::accum_t) (.34)' into 'void nnet::dense_resource_rf_gt_nin_rem0<ap_ufixed<8, 0, (ap_q_mode)4, (ap_o_mode)0, 0>, ap_fixed<16, 6, (ap_q_mode)5, (ap_o_mode)3, 0>, config15>(ap_ufixed<8, 0, (ap_q_mode)4, (ap_o_mode)0, 0>*, ap_fixed<16, 6, (ap_q_mode)5, (ap_o_mode)3, 0>*, config15::weight_t*, config15::bias_t*) (.33)' (firmware/nnet_utils/nnet_dense_resource.h:151:14)
INFO: [HLS 214-131] Inlining function 'nnet::product::mult<ap_ufixed<8, 0, (ap_q_mode)4, (ap_o_mode)0, 0>, ap_fixed<8, 1, (ap_q_mode)5, (ap_o_mode)3, 0> >::product(ap_ufixed<8, 0, (ap_q_mode)4, (ap_o_mode)0, 0>, ap_fixed<8, 1, (ap_q_mode)5, (ap_o_mode)3, 0>) (.20)' into 'void nnet::dense_resource_rf_gt_nin_rem0<ap_ufixed<8, 0, (ap_q_mode)4, (ap_o_mode)0, 0>, ap_fixed<16, 6, (ap_q_mode)5, (ap_o_mode)3, 0>, config15>(ap_ufixed<8, 0, (ap_q_mode)4, (ap_o_mode)0, 0>*, ap_fixed<16, 6, (ap_q_mode)5, (ap_o_mode)3, 0>*, config15::weight_t*, config15::bias_t*) (.33)' (firmware/nnet_utils/nnet_dense_resource.h:134:17)
INFO: [HLS 214-131] Inlining function 'void nnet::dense_resource_rf_gt_nin_rem0<ap_ufixed<8, 0, (ap_q_mode)4, (ap_o_mode)0, 0>, ap_fixed<16, 6, (ap_q_mode)5, (ap_o_mode)3, 0>, config15>(ap_ufixed<8, 0, (ap_q_mode)4, (ap_o_mode)0, 0>*, ap_fixed<16, 6, (ap_q_mode)5, (ap_o_mode)3, 0>*, config15::weight_t*, config15::bias_t*) (.33)' into 'void nnet::dense_resource<ap_ufixed<8, 0, (ap_q_mode)4, (ap_o_mode)0, 0>, ap_fixed<16, 6, (ap_q_mode)5, (ap_o_mode)3, 0>, config15>(ap_ufixed<8, 0, (ap_q_mode)4, (ap_o_mode)0, 0>*, ap_fixed<16, 6, (ap_q_mode)5, (ap_o_mode)3, 0>*, config15::weight_t*, config15::bias_t*)' (firmware/nnet_utils/nnet_dense_resource.h:242:9)
INFO: [HLS 214-131] Inlining function 'std::enable_if<!(std::is_same<ap_ufixed<8, 0, (ap_q_mode)4, (ap_o_mode)0, 0>, ap_uint<1> >::value), ap_fixed<16, 6, (ap_q_mode)5, (ap_o_mode)3, 0> >::type nnet::cast<ap_ufixed<8, 0, (ap_q_mode)4, (ap_o_mode)0, 0>, ap_fixed<16, 6, (ap_q_mode)5, (ap_o_mode)3, 0>, config18>(config18::accum_t) (.32)' into 'void nnet::dense_resource_rf_gt_nin_rem0<ap_ufixed<8, 0, (ap_q_mode)4, (ap_o_mode)0, 0>, ap_fixed<16, 6, (ap_q_mode)5, (ap_o_mode)3, 0>, config18>(ap_ufixed<8, 0, (ap_q_mode)4, (ap_o_mode)0, 0>*, ap_fixed<16, 6, (ap_q_mode)5, (ap_o_mode)3, 0>*, config18::weight_t*, config18::bias_t*) (.31)' (firmware/nnet_utils/nnet_dense_resource.h:151:14)
INFO: [HLS 214-131] Inlining function 'nnet::product::mult<ap_ufixed<8, 0, (ap_q_mode)4, (ap_o_mode)0, 0>, ap_fixed<8, 1, (ap_q_mode)5, (ap_o_mode)3, 0> >::product(ap_ufixed<8, 0, (ap_q_mode)4, (ap_o_mode)0, 0>, ap_fixed<8, 1, (ap_q_mode)5, (ap_o_mode)3, 0>) (.20)' into 'void nnet::dense_resource_rf_gt_nin_rem0<ap_ufixed<8, 0, (ap_q_mode)4, (ap_o_mode)0, 0>, ap_fixed<16, 6, (ap_q_mode)5, (ap_o_mode)3, 0>, config18>(ap_ufixed<8, 0, (ap_q_mode)4, (ap_o_mode)0, 0>*, ap_fixed<16, 6, (ap_q_mode)5, (ap_o_mode)3, 0>*, config18::weight_t*, config18::bias_t*) (.31)' (firmware/nnet_utils/nnet_dense_resource.h:134:17)
INFO: [HLS 214-131] Inlining function 'void nnet::dense_resource_rf_gt_nin_rem0<ap_ufixed<8, 0, (ap_q_mode)4, (ap_o_mode)0, 0>, ap_fixed<16, 6, (ap_q_mode)5, (ap_o_mode)3, 0>, config18>(ap_ufixed<8, 0, (ap_q_mode)4, (ap_o_mode)0, 0>*, ap_fixed<16, 6, (ap_q_mode)5, (ap_o_mode)3, 0>*, config18::weight_t*, config18::bias_t*) (.31)' into 'void nnet::dense_resource<ap_ufixed<8, 0, (ap_q_mode)4, (ap_o_mode)0, 0>, ap_fixed<16, 6, (ap_q_mode)5, (ap_o_mode)3, 0>, config18>(ap_ufixed<8, 0, (ap_q_mode)4, (ap_o_mode)0, 0>*, ap_fixed<16, 6, (ap_q_mode)5, (ap_o_mode)3, 0>*, config18::weight_t*, config18::bias_t*)' (firmware/nnet_utils/nnet_dense_resource.h:242:9)
INFO: [HLS 214-131] Inlining function 'std::enable_if<!(std::is_same<ap_ufixed<8, 0, (ap_q_mode)4, (ap_o_mode)0, 0>, ap_uint<1> >::value), ap_fixed<16, 6, (ap_q_mode)5, (ap_o_mode)3, 0> >::type nnet::cast<ap_ufixed<8, 0, (ap_q_mode)4, (ap_o_mode)0, 0>, ap_fixed<16, 6, (ap_q_mode)5, (ap_o_mode)3, 0>, config21>(config21::accum_t) (.30)' into 'void nnet::dense_resource_rf_gt_nin_rem0<ap_ufixed<8, 0, (ap_q_mode)4, (ap_o_mode)0, 0>, ap_fixed<16, 6, (ap_q_mode)5, (ap_o_mode)3, 0>, config21>(ap_ufixed<8, 0, (ap_q_mode)4, (ap_o_mode)0, 0>*, ap_fixed<16, 6, (ap_q_mode)5, (ap_o_mode)3, 0>*, config21::weight_t*, config21::bias_t*) (.29)' (firmware/nnet_utils/nnet_dense_resource.h:151:14)
INFO: [HLS 214-131] Inlining function 'nnet::product::mult<ap_ufixed<8, 0, (ap_q_mode)4, (ap_o_mode)0, 0>, ap_fixed<8, 1, (ap_q_mode)5, (ap_o_mode)3, 0> >::product(ap_ufixed<8, 0, (ap_q_mode)4, (ap_o_mode)0, 0>, ap_fixed<8, 1, (ap_q_mode)5, (ap_o_mode)3, 0>) (.20)' into 'void nnet::dense_resource_rf_gt_nin_rem0<ap_ufixed<8, 0, (ap_q_mode)4, (ap_o_mode)0, 0>, ap_fixed<16, 6, (ap_q_mode)5, (ap_o_mode)3, 0>, config21>(ap_ufixed<8, 0, (ap_q_mode)4, (ap_o_mode)0, 0>*, ap_fixed<16, 6, (ap_q_mode)5, (ap_o_mode)3, 0>*, config21::weight_t*, config21::bias_t*) (.29)' (firmware/nnet_utils/nnet_dense_resource.h:134:17)
INFO: [HLS 214-131] Inlining function 'void nnet::dense_resource_rf_gt_nin_rem0<ap_ufixed<8, 0, (ap_q_mode)4, (ap_o_mode)0, 0>, ap_fixed<16, 6, (ap_q_mode)5, (ap_o_mode)3, 0>, config21>(ap_ufixed<8, 0, (ap_q_mode)4, (ap_o_mode)0, 0>*, ap_fixed<16, 6, (ap_q_mode)5, (ap_o_mode)3, 0>*, config21::weight_t*, config21::bias_t*) (.29)' into 'void nnet::dense_resource<ap_ufixed<8, 0, (ap_q_mode)4, (ap_o_mode)0, 0>, ap_fixed<16, 6, (ap_q_mode)5, (ap_o_mode)3, 0>, config21>(ap_ufixed<8, 0, (ap_q_mode)4, (ap_o_mode)0, 0>*, ap_fixed<16, 6, (ap_q_mode)5, (ap_o_mode)3, 0>*, config21::weight_t*, config21::bias_t*)' (firmware/nnet_utils/nnet_dense_resource.h:242:9)
INFO: [HLS 214-131] Inlining function 'std::enable_if<!(std::is_same<ap_ufixed<8, 0, (ap_q_mode)4, (ap_o_mode)0, 0>, ap_uint<1> >::value), ap_fixed<16, 6, (ap_q_mode)5, (ap_o_mode)3, 0> >::type nnet::cast<ap_ufixed<8, 0, (ap_q_mode)4, (ap_o_mode)0, 0>, ap_fixed<16, 6, (ap_q_mode)5, (ap_o_mode)3, 0>, config24>(config24::accum_t) (.2)' into 'void nnet::dense_resource_rf_leq_nin<ap_ufixed<8, 0, (ap_q_mode)4, (ap_o_mode)0, 0>, ap_fixed<16, 6, (ap_q_mode)5, (ap_o_mode)3, 0>, config24>(ap_ufixed<8, 0, (ap_q_mode)4, (ap_o_mode)0, 0>*, ap_fixed<16, 6, (ap_q_mode)5, (ap_o_mode)3, 0>*, config24::weight_t*, config24::bias_t*) (.1)' (firmware/nnet_utils/nnet_dense_resource.h:76:14)
INFO: [HLS 214-131] Inlining function 'nnet::product::mult<ap_ufixed<8, 0, (ap_q_mode)4, (ap_o_mode)0, 0>, ap_fixed<8, 1, (ap_q_mode)5, (ap_o_mode)3, 0> >::product(ap_ufixed<8, 0, (ap_q_mode)4, (ap_o_mode)0, 0>, ap_fixed<8, 1, (ap_q_mode)5, (ap_o_mode)3, 0>) (.20)' into 'void nnet::dense_resource_rf_leq_nin<ap_ufixed<8, 0, (ap_q_mode)4, (ap_o_mode)0, 0>, ap_fixed<16, 6, (ap_q_mode)5, (ap_o_mode)3, 0>, config24>(ap_ufixed<8, 0, (ap_q_mode)4, (ap_o_mode)0, 0>*, ap_fixed<16, 6, (ap_q_mode)5, (ap_o_mode)3, 0>*, config24::weight_t*, config24::bias_t*) (.1)' (firmware/nnet_utils/nnet_dense_resource.h:54:17)
INFO: [HLS 214-131] Inlining function 'void nnet::dense_resource_rf_leq_nin<ap_ufixed<8, 0, (ap_q_mode)4, (ap_o_mode)0, 0>, ap_fixed<16, 6, (ap_q_mode)5, (ap_o_mode)3, 0>, config24>(ap_ufixed<8, 0, (ap_q_mode)4, (ap_o_mode)0, 0>*, ap_fixed<16, 6, (ap_q_mode)5, (ap_o_mode)3, 0>*, config24::weight_t*, config24::bias_t*) (.1)' into 'void nnet::dense_resource<ap_ufixed<8, 0, (ap_q_mode)4, (ap_o_mode)0, 0>, ap_fixed<16, 6, (ap_q_mode)5, (ap_o_mode)3, 0>, config24>(ap_ufixed<8, 0, (ap_q_mode)4, (ap_o_mode)0, 0>*, ap_fixed<16, 6, (ap_q_mode)5, (ap_o_mode)3, 0>*, config24::weight_t*, config24::bias_t*)' (firmware/nnet_utils/nnet_dense_resource.h:240:9)
INFO: [HLS 214-131] Inlining function 'void nnet::dense<ap_fixed<16, 6, (ap_q_mode)5, (ap_o_mode)3, 0>, ap_fixed<16, 6, (ap_q_mode)5, (ap_o_mode)3, 0>, config12>(ap_fixed<16, 6, (ap_q_mode)5, (ap_o_mode)3, 0>*, ap_fixed<16, 6, (ap_q_mode)5, (ap_o_mode)3, 0>*, config12::weight_t*, config12::bias_t*)' into 'myproject(ap_fixed<16, 6, (ap_q_mode)5, (ap_o_mode)3, 0>*, ap_fixed<16, 6, (ap_q_mode)5, (ap_o_mode)3, 0>*, ap_fixed<16, 6, (ap_q_mode)5, (ap_o_mode)3, 0>*, ap_fixed<16, 6, (ap_q_mode)5, (ap_o_mode)3, 0>*, ap_ufixed<8, 0, (ap_q_mode)4, (ap_o_mode)0, 0>*)' (firmware/myproject.cpp:74:2)
INFO: [HLS 214-131] Inlining function 'void nnet::dense<ap_ufixed<8, 0, (ap_q_mode)4, (ap_o_mode)0, 0>, ap_fixed<16, 6, (ap_q_mode)5, (ap_o_mode)3, 0>, config15>(ap_ufixed<8, 0, (ap_q_mode)4, (ap_o_mode)0, 0>*, ap_fixed<16, 6, (ap_q_mode)5, (ap_o_mode)3, 0>*, config15::weight_t*, config15::bias_t*)' into 'myproject(ap_fixed<16, 6, (ap_q_mode)5, (ap_o_mode)3, 0>*, ap_fixed<16, 6, (ap_q_mode)5, (ap_o_mode)3, 0>*, ap_fixed<16, 6, (ap_q_mode)5, (ap_o_mode)3, 0>*, ap_fixed<16, 6, (ap_q_mode)5, (ap_o_mode)3, 0>*, ap_ufixed<8, 0, (ap_q_mode)4, (ap_o_mode)0, 0>*)' (firmware/myproject.cpp:82:2)
INFO: [HLS 214-131] Inlining function 'void nnet::dense<ap_ufixed<8, 0, (ap_q_mode)4, (ap_o_mode)0, 0>, ap_fixed<16, 6, (ap_q_mode)5, (ap_o_mode)3, 0>, config18>(ap_ufixed<8, 0, (ap_q_mode)4, (ap_o_mode)0, 0>*, ap_fixed<16, 6, (ap_q_mode)5, (ap_o_mode)3, 0>*, config18::weight_t*, config18::bias_t*)' into 'myproject(ap_fixed<16, 6, (ap_q_mode)5, (ap_o_mode)3, 0>*, ap_fixed<16, 6, (ap_q_mode)5, (ap_o_mode)3, 0>*, ap_fixed<16, 6, (ap_q_mode)5, (ap_o_mode)3, 0>*, ap_fixed<16, 6, (ap_q_mode)5, (ap_o_mode)3, 0>*, ap_ufixed<8, 0, (ap_q_mode)4, (ap_o_mode)0, 0>*)' (firmware/myproject.cpp:90:2)
INFO: [HLS 214-131] Inlining function 'void nnet::dense<ap_ufixed<8, 0, (ap_q_mode)4, (ap_o_mode)0, 0>, ap_fixed<16, 6, (ap_q_mode)5, (ap_o_mode)3, 0>, config21>(ap_ufixed<8, 0, (ap_q_mode)4, (ap_o_mode)0, 0>*, ap_fixed<16, 6, (ap_q_mode)5, (ap_o_mode)3, 0>*, config21::weight_t*, config21::bias_t*)' into 'myproject(ap_fixed<16, 6, (ap_q_mode)5, (ap_o_mode)3, 0>*, ap_fixed<16, 6, (ap_q_mode)5, (ap_o_mode)3, 0>*, ap_fixed<16, 6, (ap_q_mode)5, (ap_o_mode)3, 0>*, ap_fixed<16, 6, (ap_q_mode)5, (ap_o_mode)3, 0>*, ap_ufixed<8, 0, (ap_q_mode)4, (ap_o_mode)0, 0>*)' (firmware/myproject.cpp:98:2)
INFO: [HLS 214-131] Inlining function 'void nnet::dense<ap_ufixed<8, 0, (ap_q_mode)4, (ap_o_mode)0, 0>, ap_fixed<16, 6, (ap_q_mode)5, (ap_o_mode)3, 0>, config24>(ap_ufixed<8, 0, (ap_q_mode)4, (ap_o_mode)0, 0>*, ap_fixed<16, 6, (ap_q_mode)5, (ap_o_mode)3, 0>*, config24::weight_t*, config24::bias_t*)' into 'myproject(ap_fixed<16, 6, (ap_q_mode)5, (ap_o_mode)3, 0>*, ap_fixed<16, 6, (ap_q_mode)5, (ap_o_mode)3, 0>*, ap_fixed<16, 6, (ap_q_mode)5, (ap_o_mode)3, 0>*, ap_fixed<16, 6, (ap_q_mode)5, (ap_o_mode)3, 0>*, ap_ufixed<8, 0, (ap_q_mode)4, (ap_o_mode)0, 0>*)' (firmware/myproject.cpp:106:2)
INFO: [HLS 214-291] Loop 'VITIS_LOOP_451_1' is marked as complete unroll implied by the pipeline pragma (firmware/nnet_utils/nnet_activation.h:451:20)
INFO: [HLS 214-291] Loop 'MultLoop' is marked as complete unroll implied by the pipeline pragma (firmware/nnet_utils/nnet_dense_resource.h:50:9)
INFO: [HLS 214-291] Loop 'VITIS_LOOP_43_1' is marked as complete unroll implied by the pipeline pragma (firmware/nnet_utils/nnet_activation.h:43:22)
INFO: [HLS 214-291] Loop 'MultLoop' is marked as complete unroll implied by the pipeline pragma (firmware/nnet_utils/nnet_dense_resource.h:130:9)
INFO: [HLS 214-291] Loop 'VITIS_LOOP_122_2' is marked as complete unroll implied by the pipeline pragma (firmware/nnet_utils/nnet_merge.h:122:23)
INFO: [HLS 214-291] Loop 'VITIS_LOOP_119_1' is marked as complete unroll implied by the pipeline pragma (firmware/nnet_utils/nnet_merge.h:119:20)
INFO: [HLS 214-291] Loop 'VITIS_LOOP_31_1' is marked as complete unroll implied by the pipeline pragma (firmware/nnet_utils/nnet_activation.h:31:19)
INFO: [HLS 214-186] Unrolling loop 'VITIS_LOOP_451_1' (firmware/nnet_utils/nnet_activation.h:451:20) in function 'nnet::hard_sigmoid<ap_fixed<16, 6, (ap_q_mode)5, (ap_o_mode)3, 0>, ap_ufixed<8, 0, (ap_q_mode)4, (ap_o_mode)0, 0>, hard_sigmoid_config26>' completely with a factor of 1 (firmware/nnet_utils/nnet_activation.h:448:0)
INFO: [HLS 214-186] Unrolling loop 'Result' (firmware/nnet_utils/nnet_dense_resource.h:74:5) in function 'nnet::dense_resource<ap_ufixed<8, 0, (ap_q_mode)4, (ap_o_mode)0, 0>, ap_fixed<16, 6, (ap_q_mode)5, (ap_o_mode)3, 0>, config24>' completely with a factor of 1 (firmware/nnet_utils/nnet_dense_resource.h:235:0)
INFO: [HLS 214-186] Unrolling loop 'MultLoop' (firmware/nnet_utils/nnet_dense_resource.h:50:9) in function 'nnet::dense_resource<ap_ufixed<8, 0, (ap_q_mode)4, (ap_o_mode)0, 0>, ap_fixed<16, 6, (ap_q_mode)5, (ap_o_mode)3, 0>, config24>' completely with a factor of 1 (firmware/nnet_utils/nnet_dense_resource.h:235:0)
INFO: [HLS 214-186] Unrolling loop 'InitAccum' (firmware/nnet_utils/nnet_dense_resource.h:36:5) in function 'nnet::dense_resource<ap_ufixed<8, 0, (ap_q_mode)4, (ap_o_mode)0, 0>, ap_fixed<16, 6, (ap_q_mode)5, (ap_o_mode)3, 0>, config24>' completely with a factor of 1 (firmware/nnet_utils/nnet_dense_resource.h:235:0)
INFO: [HLS 214-186] Unrolling loop 'VITIS_LOOP_43_1' (firmware/nnet_utils/nnet_activation.h:43:22) in function 'nnet::relu<ap_fixed<16, 6, (ap_q_mode)5, (ap_o_mode)3, 0>, ap_ufixed<8, 0, (ap_q_mode)4, (ap_o_mode)0, 0>, relu_config23>' completely with a factor of 8 (firmware/nnet_utils/nnet_activation.h:39:0)
INFO: [HLS 214-186] Unrolling loop 'Result' (firmware/nnet_utils/nnet_dense_resource.h:149:5) in function 'nnet::dense_resource<ap_ufixed<8, 0, (ap_q_mode)4, (ap_o_mode)0, 0>, ap_fixed<16, 6, (ap_q_mode)5, (ap_o_mode)3, 0>, config21>' completely with a factor of 8 (firmware/nnet_utils/nnet_dense_resource.h:235:0)
INFO: [HLS 214-186] Unrolling loop 'MultLoop' (firmware/nnet_utils/nnet_dense_resource.h:130:9) in function 'nnet::dense_resource<ap_ufixed<8, 0, (ap_q_mode)4, (ap_o_mode)0, 0>, ap_fixed<16, 6, (ap_q_mode)5, (ap_o_mode)3, 0>, config21>' completely with a factor of 4 (firmware/nnet_utils/nnet_dense_resource.h:235:0)
INFO: [HLS 214-186] Unrolling loop 'InitAccum' (firmware/nnet_utils/nnet_dense_resource.h:104:5) in function 'nnet::dense_resource<ap_ufixed<8, 0, (ap_q_mode)4, (ap_o_mode)0, 0>, ap_fixed<16, 6, (ap_q_mode)5, (ap_o_mode)3, 0>, config21>' completely with a factor of 8 (firmware/nnet_utils/nnet_dense_resource.h:235:0)
INFO: [HLS 214-186] Unrolling loop 'VITIS_LOOP_43_1' (firmware/nnet_utils/nnet_activation.h:43:22) in function 'nnet::relu<ap_fixed<16, 6, (ap_q_mode)5, (ap_o_mode)3, 0>, ap_ufixed<8, 0, (ap_q_mode)4, (ap_o_mode)0, 0>, relu_config20>' completely with a factor of 8 (firmware/nnet_utils/nnet_activation.h:39:0)
INFO: [HLS 214-186] Unrolling loop 'Result' (firmware/nnet_utils/nnet_dense_resource.h:149:5) in function 'nnet::dense_resource<ap_ufixed<8, 0, (ap_q_mode)4, (ap_o_mode)0, 0>, ap_fixed<16, 6, (ap_q_mode)5, (ap_o_mode)3, 0>, config18>' completely with a factor of 8 (firmware/nnet_utils/nnet_dense_resource.h:235:0)
INFO: [HLS 214-186] Unrolling loop 'MultLoop' (firmware/nnet_utils/nnet_dense_resource.h:130:9) in function 'nnet::dense_resource<ap_ufixed<8, 0, (ap_q_mode)4, (ap_o_mode)0, 0>, ap_fixed<16, 6, (ap_q_mode)5, (ap_o_mode)3, 0>, config18>' completely with a factor of 4 (firmware/nnet_utils/nnet_dense_resource.h:235:0)
INFO: [HLS 214-186] Unrolling loop 'InitAccum' (firmware/nnet_utils/nnet_dense_resource.h:104:5) in function 'nnet::dense_resource<ap_ufixed<8, 0, (ap_q_mode)4, (ap_o_mode)0, 0>, ap_fixed<16, 6, (ap_q_mode)5, (ap_o_mode)3, 0>, config18>' completely with a factor of 8 (firmware/nnet_utils/nnet_dense_resource.h:235:0)
INFO: [HLS 214-186] Unrolling loop 'VITIS_LOOP_43_1' (firmware/nnet_utils/nnet_activation.h:43:22) in function 'nnet::relu<ap_fixed<16, 6, (ap_q_mode)5, (ap_o_mode)3, 0>, ap_ufixed<8, 0, (ap_q_mode)4, (ap_o_mode)0, 0>, relu_config17>' completely with a factor of 8 (firmware/nnet_utils/nnet_activation.h:39:0)
INFO: [HLS 214-186] Unrolling loop 'Result' (firmware/nnet_utils/nnet_dense_resource.h:149:5) in function 'nnet::dense_resource<ap_ufixed<8, 0, (ap_q_mode)4, (ap_o_mode)0, 0>, ap_fixed<16, 6, (ap_q_mode)5, (ap_o_mode)3, 0>, config15>' completely with a factor of 8 (firmware/nnet_utils/nnet_dense_resource.h:235:0)
INFO: [HLS 214-186] Unrolling loop 'MultLoop' (firmware/nnet_utils/nnet_dense_resource.h:130:9) in function 'nnet::dense_resource<ap_ufixed<8, 0, (ap_q_mode)4, (ap_o_mode)0, 0>, ap_fixed<16, 6, (ap_q_mode)5, (ap_o_mode)3, 0>, config15>' completely with a factor of 4 (firmware/nnet_utils/nnet_dense_resource.h:235:0)
INFO: [HLS 214-186] Unrolling loop 'InitAccum' (firmware/nnet_utils/nnet_dense_resource.h:104:5) in function 'nnet::dense_resource<ap_ufixed<8, 0, (ap_q_mode)4, (ap_o_mode)0, 0>, ap_fixed<16, 6, (ap_q_mode)5, (ap_o_mode)3, 0>, config15>' completely with a factor of 8 (firmware/nnet_utils/nnet_dense_resource.h:235:0)
INFO: [HLS 214-186] Unrolling loop 'VITIS_LOOP_43_1' (firmware/nnet_utils/nnet_activation.h:43:22) in function 'nnet::relu<ap_fixed<16, 6, (ap_q_mode)5, (ap_o_mode)3, 0>, ap_ufixed<8, 0, (ap_q_mode)4, (ap_o_mode)0, 0>, relu_config14>' completely with a factor of 8 (firmware/nnet_utils/nnet_activation.h:39:0)
INFO: [HLS 214-186] Unrolling loop 'Result' (firmware/nnet_utils/nnet_dense_resource.h:149:5) in function 'nnet::dense_resource<ap_fixed<16, 6, (ap_q_mode)5, (ap_o_mode)3, 0>, ap_fixed<16, 6, (ap_q_mode)5, (ap_o_mode)3, 0>, config12>' completely with a factor of 8 (firmware/nnet_utils/nnet_dense_resource.h:235:0)
INFO: [HLS 214-186] Unrolling loop 'MultLoop' (firmware/nnet_utils/nnet_dense_resource.h:130:9) in function 'nnet::dense_resource<ap_fixed<16, 6, (ap_q_mode)5, (ap_o_mode)3, 0>, ap_fixed<16, 6, (ap_q_mode)5, (ap_o_mode)3, 0>, config12>' completely with a factor of 2 (firmware/nnet_utils/nnet_dense_resource.h:235:0)
INFO: [HLS 214-186] Unrolling loop 'InitAccum' (firmware/nnet_utils/nnet_dense_resource.h:104:5) in function 'nnet::dense_resource<ap_fixed<16, 6, (ap_q_mode)5, (ap_o_mode)3, 0>, ap_fixed<16, 6, (ap_q_mode)5, (ap_o_mode)3, 0>, config12>' completely with a factor of 8 (firmware/nnet_utils/nnet_dense_resource.h:235:0)
INFO: [HLS 214-186] Unrolling loop 'VITIS_LOOP_122_2' (firmware/nnet_utils/nnet_merge.h:122:23) in function 'nnet::concatenate1d<ap_fixed<16, 6, (ap_q_mode)5, (ap_o_mode)3, 0>, ap_fixed<10, 1, (ap_q_mode)4, (ap_o_mode)0, 0>, ap_fixed<16, 6, (ap_q_mode)5, (ap_o_mode)3, 0>, config11>' completely with a factor of 1 (firmware/nnet_utils/nnet_merge.h:116:0)
INFO: [HLS 214-186] Unrolling loop 'VITIS_LOOP_119_1' (firmware/nnet_utils/nnet_merge.h:119:20) in function 'nnet::concatenate1d<ap_fixed<16, 6, (ap_q_mode)5, (ap_o_mode)3, 0>, ap_fixed<10, 1, (ap_q_mode)4, (ap_o_mode)0, 0>, ap_fixed<16, 6, (ap_q_mode)5, (ap_o_mode)3, 0>, config11>' completely with a factor of 3 (firmware/nnet_utils/nnet_merge.h:116:0)
INFO: [HLS 214-186] Unrolling loop 'VITIS_LOOP_31_1' (firmware/nnet_utils/nnet_activation.h:31:19) in function 'nnet::linear<ap_fixed<16, 6, (ap_q_mode)5, (ap_o_mode)3, 0>, ap_fixed<10, 1, (ap_q_mode)4, (ap_o_mode)0, 0>, linear_config10>' completely with a factor of 1 (firmware/nnet_utils/nnet_activation.h:28:0)
INFO: [HLS 214-186] Unrolling loop 'VITIS_LOOP_122_2' (firmware/nnet_utils/nnet_merge.h:122:23) in function 'nnet::concatenate1d<ap_fixed<16, 6, (ap_q_mode)5, (ap_o_mode)3, 0>, ap_fixed<10, 1, (ap_q_mode)4, (ap_o_mode)0, 0>, ap_fixed<16, 6, (ap_q_mode)5, (ap_o_mode)3, 0>, config9>' completely with a factor of 1 (firmware/nnet_utils/nnet_merge.h:116:0)
INFO: [HLS 214-186] Unrolling loop 'VITIS_LOOP_119_1' (firmware/nnet_utils/nnet_merge.h:119:20) in function 'nnet::concatenate1d<ap_fixed<16, 6, (ap_q_mode)5, (ap_o_mode)3, 0>, ap_fixed<10, 1, (ap_q_mode)4, (ap_o_mode)0, 0>, ap_fixed<16, 6, (ap_q_mode)5, (ap_o_mode)3, 0>, config9>' completely with a factor of 2 (firmware/nnet_utils/nnet_merge.h:116:0)
INFO: [HLS 214-186] Unrolling loop 'VITIS_LOOP_31_1' (firmware/nnet_utils/nnet_activation.h:31:19) in function 'nnet::linear<ap_fixed<16, 6, (ap_q_mode)5, (ap_o_mode)3, 0>, ap_fixed<10, 1, (ap_q_mode)4, (ap_o_mode)0, 0>, linear_config7>' completely with a factor of 1 (firmware/nnet_utils/nnet_activation.h:28:0)
INFO: [HLS 214-186] Unrolling loop 'VITIS_LOOP_122_2' (firmware/nnet_utils/nnet_merge.h:122:23) in function 'nnet::concatenate1d<ap_fixed<10, 1, (ap_q_mode)4, (ap_o_mode)0, 0>, ap_fixed<10, 1, (ap_q_mode)4, (ap_o_mode)0, 0>, ap_fixed<16, 6, (ap_q_mode)5, (ap_o_mode)3, 0>, config6>' completely with a factor of 1 (firmware/nnet_utils/nnet_merge.h:116:0)
INFO: [HLS 214-186] Unrolling loop 'VITIS_LOOP_119_1' (firmware/nnet_utils/nnet_merge.h:119:20) in function 'nnet::concatenate1d<ap_fixed<10, 1, (ap_q_mode)4, (ap_o_mode)0, 0>, ap_fixed<10, 1, (ap_q_mode)4, (ap_o_mode)0, 0>, ap_fixed<16, 6, (ap_q_mode)5, (ap_o_mode)3, 0>, config6>' completely with a factor of 1 (firmware/nnet_utils/nnet_merge.h:116:0)
INFO: [HLS 214-186] Unrolling loop 'VITIS_LOOP_31_1' (firmware/nnet_utils/nnet_activation.h:31:19) in function 'nnet::linear<ap_fixed<16, 6, (ap_q_mode)5, (ap_o_mode)3, 0>, ap_fixed<10, 1, (ap_q_mode)4, (ap_o_mode)0, 0>, linear_config4>' completely with a factor of 1 (firmware/nnet_utils/nnet_activation.h:28:0)
INFO: [HLS 214-186] Unrolling loop 'VITIS_LOOP_31_1' (firmware/nnet_utils/nnet_activation.h:31:19) in function 'nnet::linear<ap_fixed<16, 6, (ap_q_mode)5, (ap_o_mode)3, 0>, ap_fixed<10, 1, (ap_q_mode)4, (ap_o_mode)0, 0>, linear_config3>' completely with a factor of 1 (firmware/nnet_utils/nnet_activation.h:28:0)
WARNING: [HLS 214-167] The program may have out of bound array access on variable 'w12' (firmware/nnet_utils/nnet_mult.h:70:36)
WARNING: [HLS 214-167] The program may have out of bound array access on variable 'w15' (firmware/nnet_utils/nnet_mult.h:70:36)
WARNING: [HLS 214-167] The program may have out of bound array access on variable 'w18' (firmware/nnet_utils/nnet_mult.h:70:36)
WARNING: [HLS 214-167] The program may have out of bound array access on variable 'w21' (firmware/nnet_utils/nnet_mult.h:70:36)
INFO: [HLS 214-248] Applying array_partition to 'b24': Complete partitioning on dimension 1. (firmware/weights/b24.h:12:0)
INFO: [HLS 214-248] Applying array_partition to 'b21': Complete partitioning on dimension 1. (firmware/weights/b21.h:12:0)
INFO: [HLS 214-248] Applying array_partition to 'b18': Complete partitioning on dimension 1. (firmware/weights/b18.h:12:0)
INFO: [HLS 214-248] Applying array_partition to 'b15': Complete partitioning on dimension 1. (firmware/weights/b15.h:12:0)
INFO: [HLS 214-248] Applying array_partition to 'b12': Complete partitioning on dimension 1. (firmware/weights/b12.h:12:0)
INFO: [HLS 214-248] Applying array_partition to 'acc.i': Complete partitioning on dimension 1. (firmware/nnet_utils/nnet_dense_resource.h:100:29)
INFO: [HLS 214-248] Applying array_partition to 'layer3_out': Complete partitioning on dimension 1. (firmware/myproject.cpp:44:11)
INFO: [HLS 214-248] Applying array_partition to 'layer4_out': Complete partitioning on dimension 1. (firmware/myproject.cpp:48:14)
INFO: [HLS 214-248] Applying array_partition to 'layer6_out': Complete partitioning on dimension 1. (firmware/myproject.cpp:52:14)
INFO: [HLS 214-248] Applying array_partition to 'layer7_out': Complete partitioning on dimension 1. (firmware/myproject.cpp:56:14)
INFO: [HLS 214-248] Applying array_partition to 'layer9_out': Complete partitioning on dimension 1. (firmware/myproject.cpp:60:14)
INFO: [HLS 214-248] Applying array_partition to 'layer10_out': Complete partitioning on dimension 1. (firmware/myproject.cpp:64:15)
INFO: [HLS 214-248] Applying array_partition to 'layer11_out': Complete partitioning on dimension 1. (firmware/myproject.cpp:68:15)
INFO: [HLS 214-248] Applying array_partition to 'layer12_out': Complete partitioning on dimension 1. (firmware/myproject.cpp:72:15)
INFO: [HLS 214-248] Applying array_partition to 'layer14_out': Complete partitioning on dimension 1. (firmware/myproject.cpp:76:15)
INFO: [HLS 214-248] Applying array_partition to 'layer15_out': Complete partitioning on dimension 1. (firmware/myproject.cpp:80:15)
INFO: [HLS 214-248] Applying array_partition to 'layer17_out': Complete partitioning on dimension 1. (firmware/myproject.cpp:84:15)
INFO: [HLS 214-248] Applying array_partition to 'layer18_out': Complete partitioning on dimension 1. (firmware/myproject.cpp:88:15)
INFO: [HLS 214-248] Applying array_partition to 'layer20_out': Complete partitioning on dimension 1. (firmware/myproject.cpp:92:15)
INFO: [HLS 214-248] Applying array_partition to 'layer21_out': Complete partitioning on dimension 1. (firmware/myproject.cpp:96:15)
INFO: [HLS 214-248] Applying array_partition to 'layer23_out': Complete partitioning on dimension 1. (firmware/myproject.cpp:100:15)
INFO: [HLS 214-248] Applying array_partition to 'layer24_out': Complete partitioning on dimension 1. (firmware/myproject.cpp:104:15)
INFO: [HLS 214-248] Applying array_partition to 'layer26_out': Complete partitioning on dimension 1. (firmware/myproject.cpp:9:0)
INFO: [HLS 214-248] Applying array_reshape to 'z_global': Complete reshaping on dimension 1. (firmware/myproject.cpp:9:0)
INFO: [HLS 214-248] Applying array_reshape to 'x_size': Complete reshaping on dimension 1. (firmware/myproject.cpp:9:0)
INFO: [HLS 214-248] Applying array_reshape to 'y_size': Complete reshaping on dimension 1. (firmware/myproject.cpp:9:0)
INFO: [HLS 214-248] Applying array_reshape to 'y_local': Complete reshaping on dimension 1. (firmware/myproject.cpp:9:0)
INFO: [HLS 200-111] Finished Compiling Optimization and Transform: CPU user time: 4.12 seconds. CPU system time: 0.53 seconds. Elapsed time: 8.21 seconds; current allocated memory: 350.059 MB.
INFO: [HLS 200-111] Finished Checking Pragmas: CPU user time: 0 seconds. CPU system time: 0 seconds. Elapsed time: 0 seconds; current allocated memory: 350.059 MB.
INFO: [HLS 200-10] Starting code transformations ...
INFO: [HLS 200-111] Finished Standard Transforms: CPU user time: 0.07 seconds. CPU system time: 0.01 seconds. Elapsed time: 0.08 seconds; current allocated memory: 354.379 MB.
INFO: [HLS 200-10] Checking synthesizability ...
INFO: [HLS 200-111] Finished Checking Synthesizability: CPU user time: 0.11 seconds. CPU system time: 0 seconds. Elapsed time: 0.11 seconds; current allocated memory: 360.070 MB.
INFO: [XFORM 203-712] Applying dataflow to function 'myproject' (firmware/myproject.cpp:43:1), detected/extracted 17 process function(s): 
	 'nnet::linear<ap_fixed<16, 6, (ap_q_mode)5, (ap_o_mode)3, 0>, ap_fixed<10, 1, (ap_q_mode)4, (ap_o_mode)0, 0>, linear_config3>'
	 'nnet::linear<ap_fixed<16, 6, (ap_q_mode)5, (ap_o_mode)3, 0>, ap_fixed<10, 1, (ap_q_mode)4, (ap_o_mode)0, 0>, linear_config4>'
	 'nnet::concatenate1d<ap_fixed<10, 1, (ap_q_mode)4, (ap_o_mode)0, 0>, ap_fixed<10, 1, (ap_q_mode)4, (ap_o_mode)0, 0>, ap_fixed<16, 6, (ap_q_mode)5, (ap_o_mode)3, 0>, config6>'
	 'nnet::linear<ap_fixed<16, 6, (ap_q_mode)5, (ap_o_mode)3, 0>, ap_fixed<10, 1, (ap_q_mode)4, (ap_o_mode)0, 0>, linear_config7>'
	 'nnet::concatenate1d<ap_fixed<16, 6, (ap_q_mode)5, (ap_o_mode)3, 0>, ap_fixed<10, 1, (ap_q_mode)4, (ap_o_mode)0, 0>, ap_fixed<16, 6, (ap_q_mode)5, (ap_o_mode)3, 0>, config9>'
	 'nnet::linear<ap_fixed<16, 6, (ap_q_mode)5, (ap_o_mode)3, 0>, ap_fixed<10, 1, (ap_q_mode)4, (ap_o_mode)0, 0>, linear_config10>'
	 'nnet::concatenate1d<ap_fixed<16, 6, (ap_q_mode)5, (ap_o_mode)3, 0>, ap_fixed<10, 1, (ap_q_mode)4, (ap_o_mode)0, 0>, ap_fixed<16, 6, (ap_q_mode)5, (ap_o_mode)3, 0>, config11>'
	 'nnet::dense_resource<ap_fixed<16, 6, (ap_q_mode)5, (ap_o_mode)3, 0>, ap_fixed<16, 6, (ap_q_mode)5, (ap_o_mode)3, 0>, config12>'
	 'nnet::relu<ap_fixed<16, 6, (ap_q_mode)5, (ap_o_mode)3, 0>, ap_ufixed<8, 0, (ap_q_mode)4, (ap_o_mode)0, 0>, relu_config14>'
	 'nnet::dense_resource<ap_ufixed<8, 0, (ap_q_mode)4, (ap_o_mode)0, 0>, ap_fixed<16, 6, (ap_q_mode)5, (ap_o_mode)3, 0>, config15>'
	 'nnet::relu<ap_fixed<16, 6, (ap_q_mode)5, (ap_o_mode)3, 0>, ap_ufixed<8, 0, (ap_q_mode)4, (ap_o_mode)0, 0>, relu_config17>'
	 'nnet::dense_resource<ap_ufixed<8, 0, (ap_q_mode)4, (ap_o_mode)0, 0>, ap_fixed<16, 6, (ap_q_mode)5, (ap_o_mode)3, 0>, config18>'
	 'nnet::relu<ap_fixed<16, 6, (ap_q_mode)5, (ap_o_mode)3, 0>, ap_ufixed<8, 0, (ap_q_mode)4, (ap_o_mode)0, 0>, relu_config20>'
	 'nnet::dense_resource<ap_ufixed<8, 0, (ap_q_mode)4, (ap_o_mode)0, 0>, ap_fixed<16, 6, (ap_q_mode)5, (ap_o_mode)3, 0>, config21>'
	 'nnet::relu<ap_fixed<16, 6, (ap_q_mode)5, (ap_o_mode)3, 0>, ap_ufixed<8, 0, (ap_q_mode)4, (ap_o_mode)0, 0>, relu_config23>'
	 'nnet::dense_resource<ap_ufixed<8, 0, (ap_q_mode)4, (ap_o_mode)0, 0>, ap_fixed<16, 6, (ap_q_mode)5, (ap_o_mode)3, 0>, config24>'
	 'nnet::hard_sigmoid<ap_fixed<16, 6, (ap_q_mode)5, (ap_o_mode)3, 0>, ap_ufixed<8, 0, (ap_q_mode)4, (ap_o_mode)0, 0>, hard_sigmoid_config26>'.
INFO: [XFORM 203-401] Performing if-conversion on hyperblock from (firmware/nnet_utils/nnet_activation.h:40:9) to (firmware/nnet_utils/nnet_activation.h:50:1) in function 'nnet::relu<ap_fixed<16, 6, (ap_q_mode)5, (ap_o_mode)3, 0>, ap_ufixed<8, 0, (ap_q_mode)4, (ap_o_mode)0, 0>, relu_config23>'... converting 33 basic blocks.
INFO: [XFORM 203-401] Performing if-conversion on hyperblock from (firmware/nnet_utils/nnet_activation.h:40:9) to (firmware/nnet_utils/nnet_activation.h:50:1) in function 'nnet::relu<ap_fixed<16, 6, (ap_q_mode)5, (ap_o_mode)3, 0>, ap_ufixed<8, 0, (ap_q_mode)4, (ap_o_mode)0, 0>, relu_config20>'... converting 33 basic blocks.
INFO: [XFORM 203-401] Performing if-conversion on hyperblock from (firmware/nnet_utils/nnet_activation.h:40:9) to (firmware/nnet_utils/nnet_activation.h:50:1) in function 'nnet::relu<ap_fixed<16, 6, (ap_q_mode)5, (ap_o_mode)3, 0>, ap_ufixed<8, 0, (ap_q_mode)4, (ap_o_mode)0, 0>, relu_config17>'... converting 33 basic blocks.
INFO: [XFORM 203-401] Performing if-conversion on hyperblock from (firmware/nnet_utils/nnet_activation.h:40:9) to (firmware/nnet_utils/nnet_activation.h:50:1) in function 'nnet::relu<ap_fixed<16, 6, (ap_q_mode)5, (ap_o_mode)3, 0>, ap_ufixed<8, 0, (ap_q_mode)4, (ap_o_mode)0, 0>, relu_config14>'... converting 33 basic blocks.
INFO: [XFORM 203-401] Performing if-conversion on hyperblock from (firmware/nnet_utils/nnet_activation.h:32:19) to (firmware/nnet_utils/nnet_activation.h:34:1) in function 'nnet::linear<ap_fixed<16, 6, (ap_q_mode)5, (ap_o_mode)3, 0>, ap_fixed<10, 1, (ap_q_mode)4, (ap_o_mode)0, 0>, linear_config7>'... converting 3 basic blocks.
INFO: [XFORM 203-401] Performing if-conversion on hyperblock from (firmware/nnet_utils/nnet_activation.h:32:19) to (firmware/nnet_utils/nnet_activation.h:34:1) in function 'nnet::linear<ap_fixed<16, 6, (ap_q_mode)5, (ap_o_mode)3, 0>, ap_fixed<10, 1, (ap_q_mode)4, (ap_o_mode)0, 0>, linear_config4>'... converting 3 basic blocks.
INFO: [XFORM 203-401] Performing if-conversion on hyperblock from (firmware/nnet_utils/nnet_activation.h:32:19) to (firmware/nnet_utils/nnet_activation.h:34:1) in function 'nnet::linear<ap_fixed<16, 6, (ap_q_mode)5, (ap_o_mode)3, 0>, ap_fixed<10, 1, (ap_q_mode)4, (ap_o_mode)0, 0>, linear_config3>'... converting 3 basic blocks.
INFO: [XFORM 203-401] Performing if-conversion on hyperblock from (firmware/nnet_utils/nnet_activation.h:32:19) to (firmware/nnet_utils/nnet_activation.h:34:1) in function 'nnet::linear<ap_fixed<16, 6, (ap_q_mode)5, (ap_o_mode)3, 0>, ap_fixed<10, 1, (ap_q_mode)4, (ap_o_mode)0, 0>, linear_config10>'... converting 3 basic blocks.
INFO: [XFORM 203-401] Performing if-conversion on hyperblock from (firmware/nnet_utils/nnet_activation.h:449:9) to (firmware/nnet_utils/nnet_activation.h:459:1) in function 'nnet::hard_sigmoid<ap_fixed<16, 6, (ap_q_mode)5, (ap_o_mode)3, 0>, ap_ufixed<8, 0, (ap_q_mode)4, (ap_o_mode)0, 0>, hard_sigmoid_config26>'... converting 3 basic blocks.
INFO: [XFORM 203-401] Performing if-conversion on hyperblock from (firmware/nnet_utils/nnet_dense_resource.h:125:9) to (firmware/nnet_utils/nnet_dense_resource.h:124:5) in function 'nnet::dense_resource<ap_ufixed<8, 0, (ap_q_mode)4, (ap_o_mode)0, 0>, ap_fixed<16, 6, (ap_q_mode)5, (ap_o_mode)3, 0>, config21>'... converting 9 basic blocks.
INFO: [XFORM 203-401] Performing if-conversion on hyperblock from (firmware/nnet_utils/nnet_dense_resource.h:125:9) to (firmware/nnet_utils/nnet_dense_resource.h:124:5) in function 'nnet::dense_resource<ap_ufixed<8, 0, (ap_q_mode)4, (ap_o_mode)0, 0>, ap_fixed<16, 6, (ap_q_mode)5, (ap_o_mode)3, 0>, config18>'... converting 9 basic blocks.
INFO: [XFORM 203-401] Performing if-conversion on hyperblock from (firmware/nnet_utils/nnet_dense_resource.h:125:9) to (firmware/nnet_utils/nnet_dense_resource.h:124:5) in function 'nnet::dense_resource<ap_ufixed<8, 0, (ap_q_mode)4, (ap_o_mode)0, 0>, ap_fixed<16, 6, (ap_q_mode)5, (ap_o_mode)3, 0>, config15>'... converting 9 basic blocks.
INFO: [XFORM 203-401] Performing if-conversion on hyperblock from (firmware/nnet_utils/nnet_dense_resource.h:125:9) to (firmware/nnet_utils/nnet_dense_resource.h:124:5) in function 'nnet::dense_resource<ap_fixed<16, 6, (ap_q_mode)5, (ap_o_mode)3, 0>, ap_fixed<16, 6, (ap_q_mode)5, (ap_o_mode)3, 0>, config12>'... converting 19 basic blocks.
INFO: [XFORM 203-11] Balancing expressions in function 'nnet::dense_resource<ap_fixed<16, 6, (ap_q_mode)5, (ap_o_mode)3, 0>, ap_fixed<16, 6, (ap_q_mode)5, (ap_o_mode)3, 0>, config12>' (firmware/nnet_utils/nnet_dense_resource.h:73:5)...6 expression(s) balanced.
INFO: [HLS 200-111] Finished Loop, function and other optimizations: CPU user time: 0.47 seconds. CPU system time: 0.01 seconds. Elapsed time: 0.49 seconds; current allocated memory: 389.652 MB.
INFO: [XFORM 203-531] Rewinding loop 'ReuseLoop' (firmware/nnet_utils/nnet_dense_resource.h:42) in function 'dense_resource<ap_ufixed<8, 0, 4, 0, 0>, ap_fixed<16, 6, 5, 3, 0>, config24>'.
INFO: [XFORM 203-531] Rewinding loop 'ReuseLoop' (firmware/nnet_utils/nnet_dense_resource.h:124) in function 'dense_resource<ap_ufixed<8, 0, 4, 0, 0>, ap_fixed<16, 6, 5, 3, 0>, config21>'.
INFO: [XFORM 203-531] Rewinding loop 'ReuseLoop' (firmware/nnet_utils/nnet_dense_resource.h:124) in function 'dense_resource<ap_ufixed<8, 0, 4, 0, 0>, ap_fixed<16, 6, 5, 3, 0>, config18>'.
INFO: [XFORM 203-531] Rewinding loop 'ReuseLoop' (firmware/nnet_utils/nnet_dense_resource.h:124) in function 'dense_resource<ap_ufixed<8, 0, 4, 0, 0>, ap_fixed<16, 6, 5, 3, 0>, config15>'.
INFO: [XFORM 203-531] Rewinding loop 'ReuseLoop' (firmware/nnet_utils/nnet_dense_resource.h:124) in function 'dense_resource<ap_fixed<16, 6, 5, 3, 0>, ap_fixed<16, 6, 5, 3, 0>, config12>'.
INFO: [HLS 200-111] Finished Architecture Synthesis: CPU user time: 0.26 seconds. CPU system time: 0.04 seconds. Elapsed time: 0.3 seconds; current allocated memory: 547.898 MB.
INFO: [HLS 200-10] Starting hardware synthesis ...
INFO: [HLS 200-10] Synthesizing 'myproject' ...
WARNING: [SYN 201-103] Legalizing function name 'linear<ap_fixed<16, 6, 5, 3, 0>, ap_fixed<10, 1, 4, 0, 0>, linear_config3>' to 'linear_ap_fixed_16_6_5_3_0_ap_fixed_10_1_4_0_0_linear_config3_s'.
WARNING: [SYN 201-103] Legalizing function name 'linear<ap_fixed<16, 6, 5, 3, 0>, ap_fixed<10, 1, 4, 0, 0>, linear_config4>' to 'linear_ap_fixed_16_6_5_3_0_ap_fixed_10_1_4_0_0_linear_config4_s'.
WARNING: [SYN 201-103] Legalizing function name 'concatenate1d<ap_fixed,ap_fixed,ap_fixed<16,6,5,3,0>,config6>' to 'concatenate1d_ap_fixed_ap_fixed_ap_fixed_16_6_5_3_0_config6_s'.
WARNING: [SYN 201-103] Legalizing function name 'linear<ap_fixed<16, 6, 5, 3, 0>, ap_fixed<10, 1, 4, 0, 0>, linear_config7>' to 'linear_ap_fixed_16_6_5_3_0_ap_fixed_10_1_4_0_0_linear_config7_s'.
WARNING: [SYN 201-103] Legalizing function name 'concatenate1d<ap_fixed,ap_fixed,ap_fixed<16,6,5,3,0>,config9>' to 'concatenate1d_ap_fixed_ap_fixed_ap_fixed_16_6_5_3_0_config9_s'.
WARNING: [SYN 201-103] Legalizing function name 'linear<ap_fixed<16, 6, 5, 3, 0>, ap_fixed<10, 1, 4, 0, 0>, linear_config10>' to 'linear_ap_fixed_16_6_5_3_0_ap_fixed_10_1_4_0_0_linear_config10_s'.
WARNING: [SYN 201-103] Legalizing function name 'concatenate1d<ap_fixed,ap_fixed,ap_fixed<16,6,5,3,0>,config11>' to 'concatenate1d_ap_fixed_ap_fixed_ap_fixed_16_6_5_3_0_config11_s'.
WARNING: [SYN 201-103] Legalizing function name 'dense_resource<ap_fixed<16, 6, 5, 3, 0>, ap_fixed<16, 6, 5, 3, 0>, config12>' to 'dense_resource_ap_fixed_16_6_5_3_0_ap_fixed_16_6_5_3_0_config12_s'.
WARNING: [SYN 201-103] Legalizing function name 'relu<ap_fixed<16, 6, 5, 3, 0>, ap_ufixed<8, 0, 4, 0, 0>, relu_config14>' to 'relu_ap_fixed_16_6_5_3_0_ap_ufixed_8_0_4_0_0_relu_config14_s'.
WARNING: [SYN 201-103] Legalizing function name 'dense_resource<ap_ufixed<8, 0, 4, 0, 0>, ap_fixed<16, 6, 5, 3, 0>, config15>' to 'dense_resource_ap_ufixed_8_0_4_0_0_ap_fixed_16_6_5_3_0_config15_s'.
WARNING: [SYN 201-103] Legalizing function name 'relu<ap_fixed<16, 6, 5, 3, 0>, ap_ufixed<8, 0, 4, 0, 0>, relu_config17>' to 'relu_ap_fixed_16_6_5_3_0_ap_ufixed_8_0_4_0_0_relu_config17_s'.
WARNING: [SYN 201-103] Legalizing function name 'dense_resource<ap_ufixed<8, 0, 4, 0, 0>, ap_fixed<16, 6, 5, 3, 0>, config18>' to 'dense_resource_ap_ufixed_8_0_4_0_0_ap_fixed_16_6_5_3_0_config18_s'.
WARNING: [SYN 201-103] Legalizing function name 'relu<ap_fixed<16, 6, 5, 3, 0>, ap_ufixed<8, 0, 4, 0, 0>, relu_config20>' to 'relu_ap_fixed_16_6_5_3_0_ap_ufixed_8_0_4_0_0_relu_config20_s'.
WARNING: [SYN 201-103] Legalizing function name 'dense_resource<ap_ufixed<8, 0, 4, 0, 0>, ap_fixed<16, 6, 5, 3, 0>, config21>' to 'dense_resource_ap_ufixed_8_0_4_0_0_ap_fixed_16_6_5_3_0_config21_s'.
WARNING: [SYN 201-103] Legalizing function name 'relu<ap_fixed<16, 6, 5, 3, 0>, ap_ufixed<8, 0, 4, 0, 0>, relu_config23>' to 'relu_ap_fixed_16_6_5_3_0_ap_ufixed_8_0_4_0_0_relu_config23_s'.
WARNING: [SYN 201-103] Legalizing function name 'dense_resource<ap_ufixed<8, 0, 4, 0, 0>, ap_fixed<16, 6, 5, 3, 0>, config24>' to 'dense_resource_ap_ufixed_8_0_4_0_0_ap_fixed_16_6_5_3_0_config24_s'.
WARNING: [SYN 201-103] Legalizing function name 'hard_sigmoid<ap_fixed,ap_ufixed<8,0,4,0,0>,hard_sigmoid_config26>' to 'hard_sigmoid_ap_fixed_ap_ufixed_8_0_4_0_0_hard_sigmoid_config26_s'.
INFO: [HLS 200-10] ----------------------------------------------------------------
INFO: [HLS 200-42] -- Implementing module 'linear_ap_fixed_16_6_5_3_0_ap_fixed_10_1_4_0_0_linear_config3_s' 
INFO: [HLS 200-10] ----------------------------------------------------------------
INFO: [SCHED 204-11] Starting scheduling ...
INFO: [SCHED 204-61] Pipelining function 'linear<ap_fixed<16, 6, 5, 3, 0>, ap_fixed<10, 1, 4, 0, 0>, linear_config3>'.
INFO: [HLS 200-1470] Pipelining result : Target II = NA, Final II = 1, Depth = 1, function 'linear<ap_fixed<16, 6, 5, 3, 0>, ap_fixed<10, 1, 4, 0, 0>, linear_config3>'
INFO: [SCHED 204-11] Finished scheduling.
INFO: [HLS 200-111] Finished Scheduling: CPU user time: 0.09 seconds. CPU system time: 0.02 seconds. Elapsed time: 0.11 seconds; current allocated memory: 549.332 MB.
INFO: [BIND 205-100] Starting micro-architecture generation ...
INFO: [BIND 205-101] Performing variable lifetime analysis.
INFO: [BIND 205-101] Exploring resource sharing.
INFO: [BIND 205-101] Binding ...
INFO: [BIND 205-100] Finished micro-architecture generation.
INFO: [HLS 200-111] Finished Binding: CPU user time: 0.03 seconds. CPU system time: 0.01 seconds. Elapsed time: 0.04 seconds; current allocated memory: 549.582 MB.
INFO: [HLS 200-10] ----------------------------------------------------------------
INFO: [HLS 200-42] -- Implementing module 'linear_ap_fixed_16_6_5_3_0_ap_fixed_10_1_4_0_0_linear_config4_s' 
INFO: [HLS 200-10] ----------------------------------------------------------------
INFO: [SCHED 204-11] Starting scheduling ...
INFO: [SCHED 204-61] Pipelining function 'linear<ap_fixed<16, 6, 5, 3, 0>, ap_fixed<10, 1, 4, 0, 0>, linear_config4>'.
INFO: [HLS 200-1470] Pipelining result : Target II = NA, Final II = 1, Depth = 1, function 'linear<ap_fixed<16, 6, 5, 3, 0>, ap_fixed<10, 1, 4, 0, 0>, linear_config4>'
INFO: [SCHED 204-11] Finished scheduling.
INFO: [HLS 200-111] Finished Scheduling: CPU user time: 0.03 seconds. CPU system time: 0 seconds. Elapsed time: 0.03 seconds; current allocated memory: 549.895 MB.
INFO: [BIND 205-100] Starting micro-architecture generation ...
INFO: [BIND 205-101] Performing variable lifetime analysis.
INFO: [BIND 205-101] Exploring resource sharing.
INFO: [BIND 205-101] Binding ...
INFO: [BIND 205-100] Finished micro-architecture generation.
INFO: [HLS 200-111] Finished Binding: CPU user time: 0.02 seconds. CPU system time: 0 seconds. Elapsed time: 0.03 seconds; current allocated memory: 550.082 MB.
INFO: [HLS 200-10] ----------------------------------------------------------------
INFO: [HLS 200-42] -- Implementing module 'concatenate1d_ap_fixed_ap_fixed_ap_fixed_16_6_5_3_0_config6_s' 
INFO: [HLS 200-10] ----------------------------------------------------------------
INFO: [SCHED 204-11] Starting scheduling ...
INFO: [SCHED 204-61] Pipelining function 'concatenate1d<ap_fixed,ap_fixed,ap_fixed<16,6,5,3,0>,config6>'.
INFO: [HLS 200-1470] Pipelining result : Target II = NA, Final II = 1, Depth = 1, function 'concatenate1d<ap_fixed,ap_fixed,ap_fixed<16,6,5,3,0>,config6>'
INFO: [SCHED 204-11] Finished scheduling.
INFO: [HLS 200-111] Finished Scheduling: CPU user time: 0.03 seconds. CPU system time: 0 seconds. Elapsed time: 0.03 seconds; current allocated memory: 550.320 MB.
INFO: [BIND 205-100] Starting micro-architecture generation ...
INFO: [BIND 205-101] Performing variable lifetime analysis.
INFO: [BIND 205-101] Exploring resource sharing.
INFO: [BIND 205-101] Binding ...
INFO: [BIND 205-100] Finished micro-architecture generation.
INFO: [HLS 200-111] Finished Binding: CPU user time: 0.02 seconds. CPU system time: 0 seconds. Elapsed time: 0.02 seconds; current allocated memory: 550.320 MB.
INFO: [HLS 200-10] ----------------------------------------------------------------
INFO: [HLS 200-42] -- Implementing module 'linear_ap_fixed_16_6_5_3_0_ap_fixed_10_1_4_0_0_linear_config7_s' 
INFO: [HLS 200-10] ----------------------------------------------------------------
INFO: [SCHED 204-11] Starting scheduling ...
INFO: [SCHED 204-61] Pipelining function 'linear<ap_fixed<16, 6, 5, 3, 0>, ap_fixed<10, 1, 4, 0, 0>, linear_config7>'.
INFO: [HLS 200-1470] Pipelining result : Target II = NA, Final II = 1, Depth = 1, function 'linear<ap_fixed<16, 6, 5, 3, 0>, ap_fixed<10, 1, 4, 0, 0>, linear_config7>'
INFO: [SCHED 204-11] Finished scheduling.
INFO: [HLS 200-111] Finished Scheduling: CPU user time: 0.03 seconds. CPU system time: 0 seconds. Elapsed time: 0.03 seconds; current allocated memory: 550.621 MB.
INFO: [BIND 205-100] Starting micro-architecture generation ...
INFO: [BIND 205-101] Performing variable lifetime analysis.
INFO: [BIND 205-101] Exploring resource sharing.
INFO: [BIND 205-101] Binding ...
INFO: [BIND 205-100] Finished micro-architecture generation.
INFO: [HLS 200-111] Finished Binding: CPU user time: 0.01 seconds. CPU system time: 0 seconds. Elapsed time: 0.03 seconds; current allocated memory: 550.809 MB.
INFO: [HLS 200-10] ----------------------------------------------------------------
INFO: [HLS 200-42] -- Implementing module 'concatenate1d_ap_fixed_ap_fixed_ap_fixed_16_6_5_3_0_config9_s' 
INFO: [HLS 200-10] ----------------------------------------------------------------
INFO: [SCHED 204-11] Starting scheduling ...
INFO: [SCHED 204-61] Pipelining function 'concatenate1d<ap_fixed,ap_fixed,ap_fixed<16,6,5,3,0>,config9>'.
INFO: [HLS 200-1470] Pipelining result : Target II = NA, Final II = 1, Depth = 1, function 'concatenate1d<ap_fixed,ap_fixed,ap_fixed<16,6,5,3,0>,config9>'
INFO: [SCHED 204-11] Finished scheduling.
INFO: [HLS 200-111] Finished Scheduling: CPU user time: 0.02 seconds. CPU system time: 0.01 seconds. Elapsed time: 0.03 seconds; current allocated memory: 551.082 MB.
INFO: [BIND 205-100] Starting micro-architecture generation ...
INFO: [BIND 205-101] Performing variable lifetime analysis.
INFO: [BIND 205-101] Exploring resource sharing.
INFO: [BIND 205-101] Binding ...
INFO: [BIND 205-100] Finished micro-architecture generation.
INFO: [HLS 200-111] Finished Binding: CPU user time: 0.02 seconds. CPU system time: 0 seconds. Elapsed time: 0.02 seconds; current allocated memory: 551.082 MB.
INFO: [HLS 200-10] ----------------------------------------------------------------
INFO: [HLS 200-42] -- Implementing module 'linear_ap_fixed_16_6_5_3_0_ap_fixed_10_1_4_0_0_linear_config10_s' 
INFO: [HLS 200-10] ----------------------------------------------------------------
INFO: [SCHED 204-11] Starting scheduling ...
INFO: [SCHED 204-61] Pipelining function 'linear<ap_fixed<16, 6, 5, 3, 0>, ap_fixed<10, 1, 4, 0, 0>, linear_config10>'.
INFO: [HLS 200-1470] Pipelining result : Target II = NA, Final II = 1, Depth = 1, function 'linear<ap_fixed<16, 6, 5, 3, 0>, ap_fixed<10, 1, 4, 0, 0>, linear_config10>'
INFO: [SCHED 204-11] Finished scheduling.
INFO: [HLS 200-111] Finished Scheduling: CPU user time: 0.03 seconds. CPU system time: 0 seconds. Elapsed time: 0.03 seconds; current allocated memory: 551.367 MB.
INFO: [BIND 205-100] Starting micro-architecture generation ...
INFO: [BIND 205-101] Performing variable lifetime analysis.
INFO: [BIND 205-101] Exploring resource sharing.
INFO: [BIND 205-101] Binding ...
INFO: [BIND 205-100] Finished micro-architecture generation.
INFO: [HLS 200-111] Finished Binding: CPU user time: 0.02 seconds. CPU system time: 0 seconds. Elapsed time: 0.02 seconds; current allocated memory: 551.551 MB.
INFO: [HLS 200-10] ----------------------------------------------------------------
INFO: [HLS 200-42] -- Implementing module 'concatenate1d_ap_fixed_ap_fixed_ap_fixed_16_6_5_3_0_config11_s' 
INFO: [HLS 200-10] ----------------------------------------------------------------
INFO: [SCHED 204-11] Starting scheduling ...
INFO: [SCHED 204-61] Pipelining function 'concatenate1d<ap_fixed,ap_fixed,ap_fixed<16,6,5,3,0>,config11>'.
INFO: [HLS 200-1470] Pipelining result : Target II = NA, Final II = 1, Depth = 1, function 'concatenate1d<ap_fixed,ap_fixed,ap_fixed<16,6,5,3,0>,config11>'
INFO: [SCHED 204-11] Finished scheduling.
INFO: [HLS 200-111] Finished Scheduling: CPU user time: 0.03 seconds. CPU system time: 0.01 seconds. Elapsed time: 0.03 seconds; current allocated memory: 551.711 MB.
INFO: [BIND 205-100] Starting micro-architecture generation ...
INFO: [BIND 205-101] Performing variable lifetime analysis.
INFO: [BIND 205-101] Exploring resource sharing.
INFO: [BIND 205-101] Binding ...
INFO: [BIND 205-100] Finished micro-architecture generation.
INFO: [HLS 200-111] Finished Binding: CPU user time: 0.02 seconds. CPU system time: 0 seconds. Elapsed time: 0.02 seconds; current allocated memory: 551.773 MB.
INFO: [HLS 200-10] ----------------------------------------------------------------
INFO: [HLS 200-42] -- Implementing module 'dense_resource_ap_fixed_16_6_5_3_0_ap_fixed_16_6_5_3_0_config12_s' 
INFO: [HLS 200-10] ----------------------------------------------------------------
INFO: [SCHED 204-11] Starting scheduling ...
INFO: [SCHED 204-61] Pipelining loop 'ReuseLoop'.
INFO: [HLS 200-1470] Pipelining result : Target II = 1, Final II = 1, Depth = 3, loop 'ReuseLoop'
INFO: [SCHED 204-11] Finished scheduling.
INFO: [HLS 200-111] Finished Scheduling: CPU user time: 0.06 seconds. CPU system time: 0 seconds. Elapsed time: 0.07 seconds; current allocated memory: 553.672 MB.
INFO: [BIND 205-100] Starting micro-architecture generation ...
INFO: [BIND 205-101] Performing variable lifetime analysis.
INFO: [BIND 205-101] Exploring resource sharing.
INFO: [BIND 205-101] Binding ...
INFO: [BIND 205-100] Finished micro-architecture generation.
INFO: [HLS 200-111] Finished Binding: CPU user time: 0.02 seconds. CPU system time: 0 seconds. Elapsed time: 0.03 seconds; current allocated memory: 553.672 MB.
INFO: [HLS 200-10] ----------------------------------------------------------------
INFO: [HLS 200-42] -- Implementing module 'relu_ap_fixed_16_6_5_3_0_ap_ufixed_8_0_4_0_0_relu_config14_s' 
INFO: [HLS 200-10] ----------------------------------------------------------------
INFO: [SCHED 204-11] Starting scheduling ...
INFO: [SCHED 204-61] Pipelining function 'relu<ap_fixed<16, 6, 5, 3, 0>, ap_ufixed<8, 0, 4, 0, 0>, relu_config14>'.
INFO: [HLS 200-1470] Pipelining result : Target II = NA, Final II = 1, Depth = 1, function 'relu<ap_fixed<16, 6, 5, 3, 0>, ap_ufixed<8, 0, 4, 0, 0>, relu_config14>'
INFO: [SCHED 204-11] Finished scheduling.
INFO: [HLS 200-111] Finished Scheduling: CPU user time: 0.07 seconds. CPU system time: 0.01 seconds. Elapsed time: 0.07 seconds; current allocated memory: 554.480 MB.
INFO: [BIND 205-100] Starting micro-architecture generation ...
INFO: [BIND 205-101] Performing variable lifetime analysis.
INFO: [BIND 205-101] Exploring resource sharing.
INFO: [BIND 205-101] Binding ...
INFO: [BIND 205-100] Finished micro-architecture generation.
INFO: [HLS 200-111] Finished Binding: CPU user time: 0.03 seconds. CPU system time: 0 seconds. Elapsed time: 0.03 seconds; current allocated memory: 555.094 MB.
INFO: [HLS 200-10] ----------------------------------------------------------------
INFO: [HLS 200-42] -- Implementing module 'dense_resource_ap_ufixed_8_0_4_0_0_ap_fixed_16_6_5_3_0_config15_s' 
INFO: [HLS 200-10] ----------------------------------------------------------------
INFO: [SCHED 204-11] Starting scheduling ...
INFO: [SCHED 204-61] Pipelining loop 'ReuseLoop'.
INFO: [HLS 200-1470] Pipelining result : Target II = 1, Final II = 1, Depth = 3, loop 'ReuseLoop'
INFO: [SCHED 204-11] Finished scheduling.
INFO: [HLS 200-111] Finished Scheduling: CPU user time: 0.08 seconds. CPU system time: 0 seconds. Elapsed time: 0.08 seconds; current allocated memory: 557.754 MB.
INFO: [BIND 205-100] Starting micro-architecture generation ...
INFO: [BIND 205-101] Performing variable lifetime analysis.
INFO: [BIND 205-101] Exploring resource sharing.
INFO: [BIND 205-101] Binding ...
INFO: [BIND 205-100] Finished micro-architecture generation.
INFO: [HLS 200-111] Finished Binding: CPU user time: 0.04 seconds. CPU system time: 0 seconds. Elapsed time: 0.03 seconds; current allocated memory: 557.754 MB.
INFO: [HLS 200-10] ----------------------------------------------------------------
INFO: [HLS 200-42] -- Implementing module 'relu_ap_fixed_16_6_5_3_0_ap_ufixed_8_0_4_0_0_relu_config17_s' 
INFO: [HLS 200-10] ----------------------------------------------------------------
INFO: [SCHED 204-11] Starting scheduling ...
INFO: [SCHED 204-61] Pipelining function 'relu<ap_fixed<16, 6, 5, 3, 0>, ap_ufixed<8, 0, 4, 0, 0>, relu_config17>'.
INFO: [HLS 200-1470] Pipelining result : Target II = NA, Final II = 1, Depth = 1, function 'relu<ap_fixed<16, 6, 5, 3, 0>, ap_ufixed<8, 0, 4, 0, 0>, relu_config17>'
INFO: [SCHED 204-11] Finished scheduling.
INFO: [HLS 200-111] Finished Scheduling: CPU user time: 0.07 seconds. CPU system time: 0 seconds. Elapsed time: 0.07 seconds; current allocated memory: 558.125 MB.
INFO: [BIND 205-100] Starting micro-architecture generation ...
INFO: [BIND 205-101] Performing variable lifetime analysis.
INFO: [BIND 205-101] Exploring resource sharing.
INFO: [BIND 205-101] Binding ...
INFO: [BIND 205-100] Finished micro-architecture generation.
INFO: [HLS 200-111] Finished Binding: CPU user time: 0.04 seconds. CPU system time: 0 seconds. Elapsed time: 0.04 seconds; current allocated memory: 558.664 MB.
INFO: [HLS 200-10] ----------------------------------------------------------------
INFO: [HLS 200-42] -- Implementing module 'dense_resource_ap_ufixed_8_0_4_0_0_ap_fixed_16_6_5_3_0_config18_s' 
INFO: [HLS 200-10] ----------------------------------------------------------------
INFO: [SCHED 204-11] Starting scheduling ...
INFO: [SCHED 204-61] Pipelining loop 'ReuseLoop'.
INFO: [HLS 200-1470] Pipelining result : Target II = 1, Final II = 1, Depth = 3, loop 'ReuseLoop'
INFO: [SCHED 204-11] Finished scheduling.
INFO: [HLS 200-111] Finished Scheduling: CPU user time: 0.08 seconds. CPU system time: 0.01 seconds. Elapsed time: 0.08 seconds; current allocated memory: 561.301 MB.
INFO: [BIND 205-100] Starting micro-architecture generation ...
INFO: [BIND 205-101] Performing variable lifetime analysis.
INFO: [BIND 205-101] Exploring resource sharing.
INFO: [BIND 205-101] Binding ...
INFO: [BIND 205-100] Finished micro-architecture generation.
INFO: [HLS 200-111] Finished Binding: CPU user time: 0.04 seconds. CPU system time: 0 seconds. Elapsed time: 0.04 seconds; current allocated memory: 561.301 MB.
INFO: [HLS 200-10] ----------------------------------------------------------------
INFO: [HLS 200-42] -- Implementing module 'relu_ap_fixed_16_6_5_3_0_ap_ufixed_8_0_4_0_0_relu_config20_s' 
INFO: [HLS 200-10] ----------------------------------------------------------------
INFO: [SCHED 204-11] Starting scheduling ...
INFO: [SCHED 204-61] Pipelining function 'relu<ap_fixed<16, 6, 5, 3, 0>, ap_ufixed<8, 0, 4, 0, 0>, relu_config20>'.
INFO: [HLS 200-1470] Pipelining result : Target II = NA, Final II = 1, Depth = 1, function 'relu<ap_fixed<16, 6, 5, 3, 0>, ap_ufixed<8, 0, 4, 0, 0>, relu_config20>'
INFO: [SCHED 204-11] Finished scheduling.
INFO: [HLS 200-111] Finished Scheduling: CPU user time: 0.08 seconds. CPU system time: 0 seconds. Elapsed time: 0.08 seconds; current allocated memory: 561.754 MB.
INFO: [BIND 205-100] Starting micro-architecture generation ...
INFO: [BIND 205-101] Performing variable lifetime analysis.
INFO: [BIND 205-101] Exploring resource sharing.
INFO: [BIND 205-101] Binding ...
INFO: [BIND 205-100] Finished micro-architecture generation.
INFO: [HLS 200-111] Finished Binding: CPU user time: 0.04 seconds. CPU system time: 0.01 seconds. Elapsed time: 0.04 seconds; current allocated memory: 562.281 MB.
INFO: [HLS 200-10] ----------------------------------------------------------------
INFO: [HLS 200-42] -- Implementing module 'dense_resource_ap_ufixed_8_0_4_0_0_ap_fixed_16_6_5_3_0_config21_s' 
INFO: [HLS 200-10] ----------------------------------------------------------------
INFO: [SCHED 204-11] Starting scheduling ...
INFO: [SCHED 204-61] Pipelining loop 'ReuseLoop'.
INFO: [HLS 200-1470] Pipelining result : Target II = 1, Final II = 1, Depth = 3, loop 'ReuseLoop'
INFO: [SCHED 204-11] Finished scheduling.
INFO: [HLS 200-111] Finished Scheduling: CPU user time: 0.08 seconds. CPU system time: 0 seconds. Elapsed time: 0.09 seconds; current allocated memory: 564.805 MB.
INFO: [BIND 205-100] Starting micro-architecture generation ...
INFO: [BIND 205-101] Performing variable lifetime analysis.
INFO: [BIND 205-101] Exploring resource sharing.
INFO: [BIND 205-101] Binding ...
INFO: [BIND 205-100] Finished micro-architecture generation.
INFO: [HLS 200-111] Finished Binding: CPU user time: 0.03 seconds. CPU system time: 0 seconds. Elapsed time: 0.04 seconds; current allocated memory: 564.805 MB.
INFO: [HLS 200-10] ----------------------------------------------------------------
INFO: [HLS 200-42] -- Implementing module 'relu_ap_fixed_16_6_5_3_0_ap_ufixed_8_0_4_0_0_relu_config23_s' 
INFO: [HLS 200-10] ----------------------------------------------------------------
INFO: [SCHED 204-11] Starting scheduling ...
INFO: [SCHED 204-61] Pipelining function 'relu<ap_fixed<16, 6, 5, 3, 0>, ap_ufixed<8, 0, 4, 0, 0>, relu_config23>'.
INFO: [HLS 200-1470] Pipelining result : Target II = NA, Final II = 1, Depth = 1, function 'relu<ap_fixed<16, 6, 5, 3, 0>, ap_ufixed<8, 0, 4, 0, 0>, relu_config23>'
INFO: [SCHED 204-11] Finished scheduling.
INFO: [HLS 200-111] Finished Scheduling: CPU user time: 0.07 seconds. CPU system time: 0.01 seconds. Elapsed time: 0.08 seconds; current allocated memory: 565.363 MB.
INFO: [BIND 205-100] Starting micro-architecture generation ...
INFO: [BIND 205-101] Performing variable lifetime analysis.
INFO: [BIND 205-101] Exploring resource sharing.
INFO: [BIND 205-101] Binding ...
INFO: [BIND 205-100] Finished micro-architecture generation.
INFO: [HLS 200-111] Finished Binding: CPU user time: 0.04 seconds. CPU system time: 0 seconds. Elapsed time: 0.04 seconds; current allocated memory: 565.891 MB.
INFO: [HLS 200-10] ----------------------------------------------------------------
INFO: [HLS 200-42] -- Implementing module 'dense_resource_ap_ufixed_8_0_4_0_0_ap_fixed_16_6_5_3_0_config24_s' 
INFO: [HLS 200-10] ----------------------------------------------------------------
INFO: [SCHED 204-11] Starting scheduling ...
INFO: [SCHED 204-61] Pipelining loop 'ReuseLoop'.
INFO: [HLS 200-1470] Pipelining result : Target II = 1, Final II = 1, Depth = 3, loop 'ReuseLoop'
INFO: [SCHED 204-11] Finished scheduling.
INFO: [HLS 200-111] Finished Scheduling: CPU user time: 0.06 seconds. CPU system time: 0 seconds. Elapsed time: 0.07 seconds; current allocated memory: 567.168 MB.
INFO: [BIND 205-100] Starting micro-architecture generation ...
INFO: [BIND 205-101] Performing variable lifetime analysis.
INFO: [BIND 205-101] Exploring resource sharing.
INFO: [BIND 205-101] Binding ...
INFO: [BIND 205-100] Finished micro-architecture generation.
INFO: [HLS 200-111] Finished Binding: CPU user time: 0.03 seconds. CPU system time: 0 seconds. Elapsed time: 0.03 seconds; current allocated memory: 567.168 MB.
INFO: [HLS 200-10] ----------------------------------------------------------------
INFO: [HLS 200-42] -- Implementing module 'hard_sigmoid_ap_fixed_ap_ufixed_8_0_4_0_0_hard_sigmoid_config26_s' 
INFO: [HLS 200-10] ----------------------------------------------------------------
INFO: [SCHED 204-11] Starting scheduling ...
INFO: [SCHED 204-61] Pipelining function 'hard_sigmoid<ap_fixed,ap_ufixed<8,0,4,0,0>,hard_sigmoid_config26>'.
INFO: [HLS 200-1470] Pipelining result : Target II = NA, Final II = 1, Depth = 2, function 'hard_sigmoid<ap_fixed,ap_ufixed<8,0,4,0,0>,hard_sigmoid_config26>'
INFO: [SCHED 204-11] Finished scheduling.
INFO: [HLS 200-111] Finished Scheduling: CPU user time: 0.05 seconds. CPU system time: 0.01 seconds. Elapsed time: 0.05 seconds; current allocated memory: 567.520 MB.
INFO: [BIND 205-100] Starting micro-architecture generation ...
INFO: [BIND 205-101] Performing variable lifetime analysis.
INFO: [BIND 205-101] Exploring resource sharing.
INFO: [BIND 205-101] Binding ...
INFO: [BIND 205-100] Finished micro-architecture generation.
INFO: [HLS 200-111] Finished Binding: CPU user time: 0.03 seconds. CPU system time: 0 seconds. Elapsed time: 0.03 seconds; current allocated memory: 567.520 MB.
INFO: [HLS 200-10] ----------------------------------------------------------------
INFO: [HLS 200-42] -- Implementing module 'myproject' 
INFO: [HLS 200-10] ----------------------------------------------------------------
INFO: [SCHED 204-11] Starting scheduling ...
INFO: [SCHED 204-11] Finished scheduling.
WARNING: [HLS 200-1020] Increasing the depth of FIFO layer7_out (from linear_ap_fixed_16_6_5_3_0_ap_fixed_10_1_4_0_0_linear_config7_U0 to concatenate1d_ap_fixed_ap_fixed_ap_fixed_16_6_5_3_0_config9_U0) to 3 to improve performance and/or avoid deadlocks.
WARNING: [HLS 200-1020] Increasing the depth of FIFO layer10_out (from linear_ap_fixed_16_6_5_3_0_ap_fixed_10_1_4_0_0_linear_config10_U0 to concatenate1d_ap_fixed_ap_fixed_ap_fixed_16_6_5_3_0_config11_U0) to 4 to improve performance and/or avoid deadlocks.
INFO: [HLS 200-111] Finished Scheduling: CPU user time: 0.06 seconds. CPU system time: 0.01 seconds. Elapsed time: 0.07 seconds; current allocated memory: 567.945 MB.
INFO: [BIND 205-100] Starting micro-architecture generation ...
INFO: [BIND 205-101] Performing variable lifetime analysis.
INFO: [BIND 205-101] Exploring resource sharing.
INFO: [BIND 205-101] Binding ...
INFO: [BIND 205-100] Finished micro-architecture generation.
INFO: [HLS 200-111] Finished Binding: CPU user time: 0.04 seconds. CPU system time: 0.01 seconds. Elapsed time: 0.05 seconds; current allocated memory: 567.945 MB.
INFO: [HLS 200-10] ----------------------------------------------------------------
INFO: [HLS 200-10] -- Generating RTL for module 'linear_ap_fixed_16_6_5_3_0_ap_fixed_10_1_4_0_0_linear_config3_s' 
INFO: [HLS 200-10] ----------------------------------------------------------------
INFO: [RTGEN 206-100] Finished creating RTL model for 'linear_ap_fixed_16_6_5_3_0_ap_fixed_10_1_4_0_0_linear_config3_s'.
INFO: [HLS 200-111] Finished Creating RTL model: CPU user time: 0.05 seconds. CPU system time: 0 seconds. Elapsed time: 0.06 seconds; current allocated memory: 568.309 MB.
INFO: [HLS 200-10] ----------------------------------------------------------------
INFO: [HLS 200-10] -- Generating RTL for module 'linear_ap_fixed_16_6_5_3_0_ap_fixed_10_1_4_0_0_linear_config4_s' 
INFO: [HLS 200-10] ----------------------------------------------------------------
INFO: [RTGEN 206-100] Finished creating RTL model for 'linear_ap_fixed_16_6_5_3_0_ap_fixed_10_1_4_0_0_linear_config4_s'.
INFO: [HLS 200-111] Finished Creating RTL model: CPU user time: 0.05 seconds. CPU system time: 0 seconds. Elapsed time: 0.06 seconds; current allocated memory: 569.453 MB.
INFO: [HLS 200-10] ----------------------------------------------------------------
INFO: [HLS 200-10] -- Generating RTL for module 'concatenate1d_ap_fixed_ap_fixed_ap_fixed_16_6_5_3_0_config6_s' 
INFO: [HLS 200-10] ----------------------------------------------------------------
INFO: [RTGEN 206-100] Finished creating RTL model for 'concatenate1d_ap_fixed_ap_fixed_ap_fixed_16_6_5_3_0_config6_s'.
INFO: [HLS 200-111] Finished Creating RTL model: CPU user time: 0.05 seconds. CPU system time: 0.01 seconds. Elapsed time: 0.05 seconds; current allocated memory: 570.375 MB.
INFO: [HLS 200-10] ----------------------------------------------------------------
INFO: [HLS 200-10] -- Generating RTL for module 'linear_ap_fixed_16_6_5_3_0_ap_fixed_10_1_4_0_0_linear_config7_s' 
INFO: [HLS 200-10] ----------------------------------------------------------------
INFO: [RTGEN 206-100] Finished creating RTL model for 'linear_ap_fixed_16_6_5_3_0_ap_fixed_10_1_4_0_0_linear_config7_s'.
INFO: [HLS 200-111] Finished Creating RTL model: CPU user time: 0.04 seconds. CPU system time: 0 seconds. Elapsed time: 0.04 seconds; current allocated memory: 570.922 MB.
INFO: [HLS 200-10] ----------------------------------------------------------------
INFO: [HLS 200-10] -- Generating RTL for module 'concatenate1d_ap_fixed_ap_fixed_ap_fixed_16_6_5_3_0_config9_s' 
INFO: [HLS 200-10] ----------------------------------------------------------------
INFO: [RTGEN 206-100] Finished creating RTL model for 'concatenate1d_ap_fixed_ap_fixed_ap_fixed_16_6_5_3_0_config9_s'.
INFO: [HLS 200-111] Finished Creating RTL model: CPU user time: 0.05 seconds. CPU system time: 0.01 seconds. Elapsed time: 0.05 seconds; current allocated memory: 571.906 MB.
INFO: [HLS 200-10] ----------------------------------------------------------------
INFO: [HLS 200-10] -- Generating RTL for module 'linear_ap_fixed_16_6_5_3_0_ap_fixed_10_1_4_0_0_linear_config10_s' 
INFO: [HLS 200-10] ----------------------------------------------------------------
INFO: [RTGEN 206-100] Finished creating RTL model for 'linear_ap_fixed_16_6_5_3_0_ap_fixed_10_1_4_0_0_linear_config10_s'.
INFO: [HLS 200-111] Finished Creating RTL model: CPU user time: 0.04 seconds. CPU system time: 0 seconds. Elapsed time: 0.05 seconds; current allocated memory: 572.520 MB.
INFO: [HLS 200-10] ----------------------------------------------------------------
INFO: [HLS 200-10] -- Generating RTL for module 'concatenate1d_ap_fixed_ap_fixed_ap_fixed_16_6_5_3_0_config11_s' 
INFO: [HLS 200-10] ----------------------------------------------------------------
INFO: [RTGEN 206-100] Finished creating RTL model for 'concatenate1d_ap_fixed_ap_fixed_ap_fixed_16_6_5_3_0_config11_s'.
INFO: [HLS 200-111] Finished Creating RTL model: CPU user time: 0.05 seconds. CPU system time: 0.01 seconds. Elapsed time: 0.05 seconds; current allocated memory: 573.496 MB.
INFO: [HLS 200-10] ----------------------------------------------------------------
INFO: [HLS 200-10] -- Generating RTL for module 'dense_resource_ap_fixed_16_6_5_3_0_ap_fixed_16_6_5_3_0_config12_s' 
INFO: [HLS 200-10] ----------------------------------------------------------------
INFO: [SYN 201-210] Renamed object name 'dense_resource_ap_fixed_16_6_5_3_0_ap_fixed_16_6_5_3_0_config12_s_outidx_i_94_ROM_AUTO_1R' to 'dense_resource_ap_fixed_16_6_5_3_0_ap_fixed_16_6_5_3_0_config12_s_outidx_i_94bkb' due to the length limit 80
INFO: [SYN 201-210] Renamed object name 'dense_resource_ap_fixed_16_6_5_3_0_ap_fixed_16_6_5_3_0_config12_s_w12_ROM_AUTO_1R' to 'dense_resource_ap_fixed_16_6_5_3_0_ap_fixed_16_6_5_3_0_config12_s_w12_ROM_AUTcud' due to the length limit 80
INFO: [HLS 200-1030] Apply Unified Pipeline Control on module 'dense_resource_ap_fixed_16_6_5_3_0_ap_fixed_16_6_5_3_0_config12_s' pipeline 'ReuseLoop' pipeline type 'rewind pipeline'
INFO: [RTGEN 206-100] Generating core module 'mul_11s_8s_19_1_1': 2 instance(s).
INFO: [RTGEN 206-100] Generating core module 'sparsemux_9_2_11_1_1': 1 instance(s).
INFO: [RTGEN 206-100] Generating core module 'sparsemux_9_2_16_1_1': 2 instance(s).
INFO: [RTGEN 206-100] Finished creating RTL model for 'dense_resource_ap_fixed_16_6_5_3_0_ap_fixed_16_6_5_3_0_config12_s'.
INFO: [RTMG 210-279] Implementing memory 'myproject_dense_resource_ap_fixed_16_6_5_3_0_ap_fixed_16_6_5_3_0_config12_s_outidx_i_94bkb' using auto ROMs.
INFO: [RTMG 210-279] Implementing memory 'myproject_dense_resource_ap_fixed_16_6_5_3_0_ap_fixed_16_6_5_3_0_config12_s_w12_ROM_AUTcud' using auto ROMs.
INFO: [HLS 200-111] Finished Creating RTL model: CPU user time: 0.08 seconds. CPU system time: 0.01 seconds. Elapsed time: 0.09 seconds; current allocated memory: 575.070 MB.
INFO: [HLS 200-10] ----------------------------------------------------------------
INFO: [HLS 200-10] -- Generating RTL for module 'relu_ap_fixed_16_6_5_3_0_ap_ufixed_8_0_4_0_0_relu_config14_s' 
INFO: [HLS 200-10] ----------------------------------------------------------------
INFO: [RTGEN 206-100] Finished creating RTL model for 'relu_ap_fixed_16_6_5_3_0_ap_ufixed_8_0_4_0_0_relu_config14_s'.
INFO: [HLS 200-111] Finished Creating RTL model: CPU user time: 0.1 seconds. CPU system time: 0.01 seconds. Elapsed time: 0.11 seconds; current allocated memory: 578.906 MB.
INFO: [HLS 200-10] ----------------------------------------------------------------
INFO: [HLS 200-10] -- Generating RTL for module 'dense_resource_ap_ufixed_8_0_4_0_0_ap_fixed_16_6_5_3_0_config15_s' 
INFO: [HLS 200-10] ----------------------------------------------------------------
INFO: [SYN 201-210] Renamed object name 'dense_resource_ap_ufixed_8_0_4_0_0_ap_fixed_16_6_5_3_0_config15_s_outidx_i_91_ROM_AUTO_1R' to 'dense_resource_ap_ufixed_8_0_4_0_0_ap_fixed_16_6_5_3_0_config15_s_outidx_i_91dEe' due to the length limit 80
INFO: [SYN 201-210] Renamed object name 'dense_resource_ap_ufixed_8_0_4_0_0_ap_fixed_16_6_5_3_0_config15_s_w15_ROM_AUTO_1R' to 'dense_resource_ap_ufixed_8_0_4_0_0_ap_fixed_16_6_5_3_0_config15_s_w15_ROM_AUTeOg' due to the length limit 80
INFO: [HLS 200-1030] Apply Unified Pipeline Control on module 'dense_resource_ap_ufixed_8_0_4_0_0_ap_fixed_16_6_5_3_0_config15_s' pipeline 'ReuseLoop' pipeline type 'rewind pipeline'
INFO: [RTGEN 206-100] Generating core module 'mul_8s_8ns_16_1_1': 4 instance(s).
INFO: [RTGEN 206-100] Generating core module 'sparsemux_17_3_8_1_1': 1 instance(s).
INFO: [RTGEN 206-100] Finished creating RTL model for 'dense_resource_ap_ufixed_8_0_4_0_0_ap_fixed_16_6_5_3_0_config15_s'.
INFO: [RTMG 210-279] Implementing memory 'myproject_dense_resource_ap_ufixed_8_0_4_0_0_ap_fixed_16_6_5_3_0_config15_s_outidx_i_91dEe' using auto ROMs.
INFO: [RTMG 210-279] Implementing memory 'myproject_dense_resource_ap_ufixed_8_0_4_0_0_ap_fixed_16_6_5_3_0_config15_s_w15_ROM_AUTeOg' using auto ROMs.
INFO: [HLS 200-111] Finished Creating RTL model: CPU user time: 0.15 seconds. CPU system time: 0.01 seconds. Elapsed time: 0.16 seconds; current allocated memory: 584.102 MB.
INFO: [HLS 200-10] ----------------------------------------------------------------
INFO: [HLS 200-10] -- Generating RTL for module 'relu_ap_fixed_16_6_5_3_0_ap_ufixed_8_0_4_0_0_relu_config17_s' 
INFO: [HLS 200-10] ----------------------------------------------------------------
INFO: [RTGEN 206-100] Finished creating RTL model for 'relu_ap_fixed_16_6_5_3_0_ap_ufixed_8_0_4_0_0_relu_config17_s'.
INFO: [HLS 200-111] Finished Creating RTL model: CPU user time: 0.1 seconds. CPU system time: 0.02 seconds. Elapsed time: 0.11 seconds; current allocated memory: 588.629 MB.
INFO: [HLS 200-10] ----------------------------------------------------------------
INFO: [HLS 200-10] -- Generating RTL for module 'dense_resource_ap_ufixed_8_0_4_0_0_ap_fixed_16_6_5_3_0_config18_s' 
INFO: [HLS 200-10] ----------------------------------------------------------------
INFO: [SYN 201-210] Renamed object name 'dense_resource_ap_ufixed_8_0_4_0_0_ap_fixed_16_6_5_3_0_config18_s_outidx_i_87_ROM_AUTO_1R' to 'dense_resource_ap_ufixed_8_0_4_0_0_ap_fixed_16_6_5_3_0_config18_s_outidx_i_87fYi' due to the length limit 80
INFO: [SYN 201-210] Renamed object name 'dense_resource_ap_ufixed_8_0_4_0_0_ap_fixed_16_6_5_3_0_config18_s_w18_ROM_AUTO_1R' to 'dense_resource_ap_ufixed_8_0_4_0_0_ap_fixed_16_6_5_3_0_config18_s_w18_ROM_AUTg8j' due to the length limit 80
INFO: [HLS 200-1030] Apply Unified Pipeline Control on module 'dense_resource_ap_ufixed_8_0_4_0_0_ap_fixed_16_6_5_3_0_config18_s' pipeline 'ReuseLoop' pipeline type 'rewind pipeline'
INFO: [RTGEN 206-100] Generating core module 'mul_8s_8ns_16_1_1': 4 instance(s).
INFO: [RTGEN 206-100] Generating core module 'sparsemux_17_3_8_1_1': 1 instance(s).
INFO: [RTGEN 206-100] Finished creating RTL model for 'dense_resource_ap_ufixed_8_0_4_0_0_ap_fixed_16_6_5_3_0_config18_s'.
INFO: [RTMG 210-279] Implementing memory 'myproject_dense_resource_ap_ufixed_8_0_4_0_0_ap_fixed_16_6_5_3_0_config18_s_w18_ROM_AUTg8j' using auto ROMs.
INFO: [HLS 200-111] Finished Creating RTL model: CPU user time: 0.14 seconds. CPU system time: 0.01 seconds. Elapsed time: 0.15 seconds; current allocated memory: 593.715 MB.
INFO: [HLS 200-10] ----------------------------------------------------------------
INFO: [HLS 200-10] -- Generating RTL for module 'relu_ap_fixed_16_6_5_3_0_ap_ufixed_8_0_4_0_0_relu_config20_s' 
INFO: [HLS 200-10] ----------------------------------------------------------------
INFO: [RTGEN 206-100] Finished creating RTL model for 'relu_ap_fixed_16_6_5_3_0_ap_ufixed_8_0_4_0_0_relu_config20_s'.
INFO: [HLS 200-111] Finished Creating RTL model: CPU user time: 0.11 seconds. CPU system time: 0.01 seconds. Elapsed time: 0.12 seconds; current allocated memory: 598.410 MB.
INFO: [HLS 200-10] ----------------------------------------------------------------
INFO: [HLS 200-10] -- Generating RTL for module 'dense_resource_ap_ufixed_8_0_4_0_0_ap_fixed_16_6_5_3_0_config21_s' 
INFO: [HLS 200-10] ----------------------------------------------------------------
INFO: [SYN 201-210] Renamed object name 'dense_resource_ap_ufixed_8_0_4_0_0_ap_fixed_16_6_5_3_0_config21_s_outidx_i_ROM_AUTO_1R' to 'dense_resource_ap_ufixed_8_0_4_0_0_ap_fixed_16_6_5_3_0_config21_s_outidx_i_ROhbi' due to the length limit 80
INFO: [SYN 201-210] Renamed object name 'dense_resource_ap_ufixed_8_0_4_0_0_ap_fixed_16_6_5_3_0_config21_s_w21_ROM_AUTO_1R' to 'dense_resource_ap_ufixed_8_0_4_0_0_ap_fixed_16_6_5_3_0_config21_s_w21_ROM_AUTibs' due to the length limit 80
INFO: [HLS 200-1030] Apply Unified Pipeline Control on module 'dense_resource_ap_ufixed_8_0_4_0_0_ap_fixed_16_6_5_3_0_config21_s' pipeline 'ReuseLoop' pipeline type 'rewind pipeline'
INFO: [RTGEN 206-100] Generating core module 'mul_8s_8ns_16_1_1': 4 instance(s).
INFO: [RTGEN 206-100] Generating core module 'sparsemux_17_3_8_1_1': 1 instance(s).
INFO: [RTGEN 206-100] Finished creating RTL model for 'dense_resource_ap_ufixed_8_0_4_0_0_ap_fixed_16_6_5_3_0_config21_s'.
INFO: [RTMG 210-279] Implementing memory 'myproject_dense_resource_ap_ufixed_8_0_4_0_0_ap_fixed_16_6_5_3_0_config21_s_w21_ROM_AUTibs' using auto ROMs.
INFO: [HLS 200-111] Finished Creating RTL model: CPU user time: 0.14 seconds. CPU system time: 0.01 seconds. Elapsed time: 0.16 seconds; current allocated memory: 603.492 MB.
INFO: [HLS 200-10] ----------------------------------------------------------------
INFO: [HLS 200-10] -- Generating RTL for module 'relu_ap_fixed_16_6_5_3_0_ap_ufixed_8_0_4_0_0_relu_config23_s' 
INFO: [HLS 200-10] ----------------------------------------------------------------
INFO: [RTGEN 206-100] Finished creating RTL model for 'relu_ap_fixed_16_6_5_3_0_ap_ufixed_8_0_4_0_0_relu_config23_s'.
INFO: [HLS 200-111] Finished Creating RTL model: CPU user time: 0.11 seconds. CPU system time: 0.02 seconds. Elapsed time: 0.12 seconds; current allocated memory: 608.059 MB.
INFO: [HLS 200-10] ----------------------------------------------------------------
INFO: [HLS 200-10] -- Generating RTL for module 'dense_resource_ap_ufixed_8_0_4_0_0_ap_fixed_16_6_5_3_0_config24_s' 
INFO: [HLS 200-10] ----------------------------------------------------------------
INFO: [SYN 201-210] Renamed object name 'dense_resource_ap_ufixed_8_0_4_0_0_ap_fixed_16_6_5_3_0_config24_s_w24_ROM_AUTO_1R' to 'dense_resource_ap_ufixed_8_0_4_0_0_ap_fixed_16_6_5_3_0_config24_s_w24_ROM_AUTjbC' due to the length limit 80
INFO: [HLS 200-1030] Apply Unified Pipeline Control on module 'dense_resource_ap_ufixed_8_0_4_0_0_ap_fixed_16_6_5_3_0_config24_s' pipeline 'ReuseLoop' pipeline type 'rewind pipeline'
INFO: [RTGEN 206-100] Generating core module 'mul_8s_8ns_16_1_1': 1 instance(s).
INFO: [RTGEN 206-100] Generating core module 'sparsemux_17_3_8_1_1': 1 instance(s).
INFO: [RTGEN 206-100] Finished creating RTL model for 'dense_resource_ap_ufixed_8_0_4_0_0_ap_fixed_16_6_5_3_0_config24_s'.
INFO: [RTMG 210-279] Implementing memory 'myproject_dense_resource_ap_ufixed_8_0_4_0_0_ap_fixed_16_6_5_3_0_config24_s_w24_ROM_AUTjbC' using auto ROMs.
INFO: [HLS 200-111] Finished Creating RTL model: CPU user time: 0.13 seconds. CPU system time: 0.01 seconds. Elapsed time: 0.14 seconds; current allocated memory: 612.336 MB.
INFO: [HLS 200-10] ----------------------------------------------------------------
INFO: [HLS 200-10] -- Generating RTL for module 'hard_sigmoid_ap_fixed_ap_ufixed_8_0_4_0_0_hard_sigmoid_config26_s' 
INFO: [HLS 200-10] ----------------------------------------------------------------
INFO: [HLS 200-1030] Apply Unified Pipeline Control on module 'hard_sigmoid_ap_fixed_ap_ufixed_8_0_4_0_0_hard_sigmoid_config26_s' pipeline 'hard_sigmoid<ap_fixed,ap_ufixed<8,0,4,0,0>,hard_sigmoid_config26>' pipeline type 'function pipeline'
INFO: [RTGEN 206-100] Finished creating RTL model for 'hard_sigmoid_ap_fixed_ap_ufixed_8_0_4_0_0_hard_sigmoid_config26_s'.
INFO: [HLS 200-111] Finished Creating RTL model: CPU user time: 0.08 seconds. CPU system time: 0.01 seconds. Elapsed time: 0.08 seconds; current allocated memory: 616.734 MB.
INFO: [HLS 200-10] ----------------------------------------------------------------
INFO: [HLS 200-10] -- Generating RTL for module 'myproject' 
INFO: [HLS 200-10] ----------------------------------------------------------------
INFO: [RTGEN 206-500] Setting interface mode on port 'myproject/z_global' to 'ap_vld'.
INFO: [RTGEN 206-500] Setting interface mode on port 'myproject/x_size' to 'ap_vld'.
INFO: [RTGEN 206-500] Setting interface mode on port 'myproject/y_size' to 'ap_vld'.
INFO: [RTGEN 206-500] Setting interface mode on port 'myproject/y_local' to 'ap_vld'.
INFO: [RTGEN 206-500] Setting interface mode on port 'myproject/layer26_out' to 'ap_vld'.
INFO: [RTGEN 206-500] Setting interface mode on function 'myproject' to 'ap_ctrl_hs'.
INFO: [RTGEN 206-100] Finished creating RTL model for 'myproject'.
INFO: [RTMG 210-285] Implementing FIFO 'layer3_out_U(myproject_fifo_w10_d2_S)' using Shift Registers.
INFO: [RTMG 210-285] Implementing FIFO 'layer4_out_U(myproject_fifo_w10_d2_S)' using Shift Registers.
INFO: [RTMG 210-285] Implementing FIFO 'layer6_out_U(myproject_fifo_w11_d2_S)' using Shift Registers.
INFO: [RTMG 210-285] Implementing FIFO 'layer6_out_1_U(myproject_fifo_w11_d2_S)' using Shift Registers.
INFO: [RTMG 210-285] Implementing FIFO 'layer7_out_U(myproject_fifo_w10_d3_S)' using Shift Registers.
INFO: [RTMG 210-285] Implementing FIFO 'layer9_out_U(myproject_fifo_w11_d2_S)' using Shift Registers.
INFO: [RTMG 210-285] Implementing FIFO 'layer9_out_1_U(myproject_fifo_w11_d2_S)' using Shift Registers.
INFO: [RTMG 210-285] Implementing FIFO 'layer9_out_2_U(myproject_fifo_w11_d2_S)' using Shift Registers.
INFO: [RTMG 210-285] Implementing FIFO 'layer10_out_U(myproject_fifo_w10_d4_S)' using Shift Registers.
INFO: [RTMG 210-285] Implementing FIFO 'layer11_out_U(myproject_fifo_w11_d2_S)' using Shift Registers.
INFO: [RTMG 210-285] Implementing FIFO 'layer11_out_1_U(myproject_fifo_w11_d2_S)' using Shift Registers.
INFO: [RTMG 210-285] Implementing FIFO 'layer11_out_2_U(myproject_fifo_w11_d2_S)' using Shift Registers.
INFO: [RTMG 210-285] Implementing FIFO 'layer11_out_3_U(myproject_fifo_w11_d2_S)' using Shift Registers.
INFO: [RTMG 210-285] Implementing FIFO 'layer12_out_U(myproject_fifo_w16_d2_S)' using Shift Registers.
INFO: [RTMG 210-285] Implementing FIFO 'layer12_out_1_U(myproject_fifo_w16_d2_S)' using Shift Registers.
INFO: [RTMG 210-285] Implementing FIFO 'layer12_out_2_U(myproject_fifo_w16_d2_S)' using Shift Registers.
INFO: [RTMG 210-285] Implementing FIFO 'layer12_out_3_U(myproject_fifo_w16_d2_S)' using Shift Registers.
INFO: [RTMG 210-285] Implementing FIFO 'layer12_out_4_U(myproject_fifo_w16_d2_S)' using Shift Registers.
INFO: [RTMG 210-285] Implementing FIFO 'layer12_out_5_U(myproject_fifo_w16_d2_S)' using Shift Registers.
INFO: [RTMG 210-285] Implementing FIFO 'layer12_out_6_U(myproject_fifo_w16_d2_S)' using Shift Registers.
INFO: [RTMG 210-285] Implementing FIFO 'layer12_out_7_U(myproject_fifo_w16_d2_S)' using Shift Registers.
INFO: [RTMG 210-285] Implementing FIFO 'layer14_out_U(myproject_fifo_w8_d2_S)' using Shift Registers.
INFO: [RTMG 210-285] Implementing FIFO 'layer14_out_1_U(myproject_fifo_w8_d2_S)' using Shift Registers.
INFO: [RTMG 210-285] Implementing FIFO 'layer14_out_2_U(myproject_fifo_w8_d2_S)' using Shift Registers.
INFO: [RTMG 210-285] Implementing FIFO 'layer14_out_3_U(myproject_fifo_w8_d2_S)' using Shift Registers.
INFO: [RTMG 210-285] Implementing FIFO 'layer14_out_4_U(myproject_fifo_w8_d2_S)' using Shift Registers.
INFO: [RTMG 210-285] Implementing FIFO 'layer14_out_5_U(myproject_fifo_w8_d2_S)' using Shift Registers.
INFO: [RTMG 210-285] Implementing FIFO 'layer14_out_6_U(myproject_fifo_w8_d2_S)' using Shift Registers.
INFO: [RTMG 210-285] Implementing FIFO 'layer14_out_7_U(myproject_fifo_w8_d2_S)' using Shift Registers.
INFO: [RTMG 210-285] Implementing FIFO 'layer15_out_U(myproject_fifo_w16_d2_S)' using Shift Registers.
INFO: [RTMG 210-285] Implementing FIFO 'layer15_out_1_U(myproject_fifo_w16_d2_S)' using Shift Registers.
INFO: [RTMG 210-285] Implementing FIFO 'layer15_out_2_U(myproject_fifo_w16_d2_S)' using Shift Registers.
INFO: [RTMG 210-285] Implementing FIFO 'layer15_out_3_U(myproject_fifo_w16_d2_S)' using Shift Registers.
INFO: [RTMG 210-285] Implementing FIFO 'layer15_out_4_U(myproject_fifo_w16_d2_S)' using Shift Registers.
INFO: [RTMG 210-285] Implementing FIFO 'layer15_out_5_U(myproject_fifo_w16_d2_S)' using Shift Registers.
INFO: [RTMG 210-285] Implementing FIFO 'layer15_out_6_U(myproject_fifo_w16_d2_S)' using Shift Registers.
INFO: [RTMG 210-285] Implementing FIFO 'layer15_out_7_U(myproject_fifo_w16_d2_S)' using Shift Registers.
INFO: [RTMG 210-285] Implementing FIFO 'layer17_out_U(myproject_fifo_w8_d2_S)' using Shift Registers.
INFO: [RTMG 210-285] Implementing FIFO 'layer17_out_1_U(myproject_fifo_w8_d2_S)' using Shift Registers.
INFO: [RTMG 210-285] Implementing FIFO 'layer17_out_2_U(myproject_fifo_w8_d2_S)' using Shift Registers.
INFO: [RTMG 210-285] Implementing FIFO 'layer17_out_3_U(myproject_fifo_w8_d2_S)' using Shift Registers.
INFO: [RTMG 210-285] Implementing FIFO 'layer17_out_4_U(myproject_fifo_w8_d2_S)' using Shift Registers.
INFO: [RTMG 210-285] Implementing FIFO 'layer17_out_5_U(myproject_fifo_w8_d2_S)' using Shift Registers.
INFO: [RTMG 210-285] Implementing FIFO 'layer17_out_6_U(myproject_fifo_w8_d2_S)' using Shift Registers.
INFO: [RTMG 210-285] Implementing FIFO 'layer17_out_7_U(myproject_fifo_w8_d2_S)' using Shift Registers.
INFO: [RTMG 210-285] Implementing FIFO 'layer18_out_U(myproject_fifo_w16_d2_S)' using Shift Registers.
INFO: [RTMG 210-285] Implementing FIFO 'layer18_out_1_U(myproject_fifo_w16_d2_S)' using Shift Registers.
INFO: [RTMG 210-285] Implementing FIFO 'layer18_out_2_U(myproject_fifo_w16_d2_S)' using Shift Registers.
INFO: [RTMG 210-285] Implementing FIFO 'layer18_out_3_U(myproject_fifo_w16_d2_S)' using Shift Registers.
INFO: [RTMG 210-285] Implementing FIFO 'layer18_out_4_U(myproject_fifo_w16_d2_S)' using Shift Registers.
INFO: [RTMG 210-285] Implementing FIFO 'layer18_out_5_U(myproject_fifo_w16_d2_S)' using Shift Registers.
INFO: [RTMG 210-285] Implementing FIFO 'layer18_out_6_U(myproject_fifo_w16_d2_S)' using Shift Registers.
INFO: [RTMG 210-285] Implementing FIFO 'layer18_out_7_U(myproject_fifo_w16_d2_S)' using Shift Registers.
INFO: [RTMG 210-285] Implementing FIFO 'layer20_out_U(myproject_fifo_w8_d2_S)' using Shift Registers.
INFO: [RTMG 210-285] Implementing FIFO 'layer20_out_1_U(myproject_fifo_w8_d2_S)' using Shift Registers.
INFO: [RTMG 210-285] Implementing FIFO 'layer20_out_2_U(myproject_fifo_w8_d2_S)' using Shift Registers.
INFO: [RTMG 210-285] Implementing FIFO 'layer20_out_3_U(myproject_fifo_w8_d2_S)' using Shift Registers.
INFO: [RTMG 210-285] Implementing FIFO 'layer20_out_4_U(myproject_fifo_w8_d2_S)' using Shift Registers.
INFO: [RTMG 210-285] Implementing FIFO 'layer20_out_5_U(myproject_fifo_w8_d2_S)' using Shift Registers.
INFO: [RTMG 210-285] Implementing FIFO 'layer20_out_6_U(myproject_fifo_w8_d2_S)' using Shift Registers.
INFO: [RTMG 210-285] Implementing FIFO 'layer20_out_7_U(myproject_fifo_w8_d2_S)' using Shift Registers.
INFO: [RTMG 210-285] Implementing FIFO 'layer21_out_U(myproject_fifo_w16_d2_S)' using Shift Registers.
INFO: [RTMG 210-285] Implementing FIFO 'layer21_out_1_U(myproject_fifo_w16_d2_S)' using Shift Registers.
INFO: [RTMG 210-285] Implementing FIFO 'layer21_out_2_U(myproject_fifo_w16_d2_S)' using Shift Registers.
INFO: [RTMG 210-285] Implementing FIFO 'layer21_out_3_U(myproject_fifo_w16_d2_S)' using Shift Registers.
INFO: [RTMG 210-285] Implementing FIFO 'layer21_out_4_U(myproject_fifo_w16_d2_S)' using Shift Registers.
INFO: [RTMG 210-285] Implementing FIFO 'layer21_out_5_U(myproject_fifo_w16_d2_S)' using Shift Registers.
INFO: [RTMG 210-285] Implementing FIFO 'layer21_out_6_U(myproject_fifo_w16_d2_S)' using Shift Registers.
INFO: [RTMG 210-285] Implementing FIFO 'layer21_out_7_U(myproject_fifo_w16_d2_S)' using Shift Registers.
INFO: [RTMG 210-285] Implementing FIFO 'layer23_out_U(myproject_fifo_w8_d2_S)' using Shift Registers.
INFO: [RTMG 210-285] Implementing FIFO 'layer23_out_1_U(myproject_fifo_w8_d2_S)' using Shift Registers.
INFO: [RTMG 210-285] Implementing FIFO 'layer23_out_2_U(myproject_fifo_w8_d2_S)' using Shift Registers.
INFO: [RTMG 210-285] Implementing FIFO 'layer23_out_3_U(myproject_fifo_w8_d2_S)' using Shift Registers.
INFO: [RTMG 210-285] Implementing FIFO 'layer23_out_4_U(myproject_fifo_w8_d2_S)' using Shift Registers.
INFO: [RTMG 210-285] Implementing FIFO 'layer23_out_5_U(myproject_fifo_w8_d2_S)' using Shift Registers.
INFO: [RTMG 210-285] Implementing FIFO 'layer23_out_6_U(myproject_fifo_w8_d2_S)' using Shift Registers.
INFO: [RTMG 210-285] Implementing FIFO 'layer23_out_7_U(myproject_fifo_w8_d2_S)' using Shift Registers.
INFO: [RTMG 210-285] Implementing FIFO 'layer24_out_U(myproject_fifo_w15_d2_S)' using Shift Registers.
INFO: [HLS 200-111] Finished Creating RTL model: CPU user time: 0.38 seconds. CPU system time: 0.05 seconds. Elapsed time: 0.45 seconds; current allocated memory: 618.773 MB.
INFO: [HLS 200-111] Finished Generating all RTL models: CPU user time: 0.33 seconds. CPU system time: 0.05 seconds. Elapsed time: 0.38 seconds; current allocated memory: 623.344 MB.
INFO: [HLS 200-111] Finished Updating report files: CPU user time: 0.85 seconds. CPU system time: 0.04 seconds. Elapsed time: 0.88 seconds; current allocated memory: 645.027 MB.
INFO: [VHDL 208-304] Generating VHDL RTL for myproject.
INFO: [VLOG 209-307] Generating Verilog RTL for myproject.
INFO: [HLS 200-790] **** Loop Constraint Status: All loop constraints were satisfied.
INFO: [HLS 200-789] **** Estimated Fmax: 96.92 MHz
INFO: [HLS 200-2161] Finished Command csynth_design Elapsed time: 00:00:21; Allocated memory: 312.602 MB.
***** C/RTL SYNTHESIS COMPLETED IN 0h0m21s *****
***** VIVADO SYNTHESIS *****

****** Vivado v2024.1 (64-bit)
  **** SW Build 5076996 on Wed May 22 18:36:09 MDT 2024
  **** IP Build 5075265 on Wed May 22 21:45:21 MDT 2024
  **** SharedData Build 5076995 on Wed May 22 18:29:18 MDT 2024
  **** Start of session at: Wed Aug 19 20:17:16 2026
    ** Copyright 1986-2022 Xilinx, Inc. All Rights Reserved.
    ** Copyright 2022-2024 Advanced Micro Devices, Inc. All Rights Reserved.

source vivado_synth.tcl
# set tcldir [file dirname [info script]]
# source [file join $tcldir project.tcl]
## variable project_name
## set project_name "myproject"
## variable backend
## set backend "vivado"
## variable part
## set part "xc7z020clg400-1"
## variable clock_period
## set clock_period 12
## variable clock_uncertainty
## set clock_uncertainty 12.5%
## variable version
## set version "1.0.0"
# add_files ${project_name}_prj/solution1/syn/vhdl
add_files: Time (s): cpu = 00:00:05 ; elapsed = 00:00:05 . Memory (MB): peak = 1673.977 ; gain = 23.836 ; free physical = 80258 ; free virtual = 223724
# synth_design -top ${project_name} -part $part
Command: synth_design -top myproject -part xc7z020clg400-1
Starting synth_design
Attempting to get a license for feature 'Synthesis' and/or device 'xc7z020'
INFO: [Common 17-349] Got license for feature 'Synthesis' and/or device 'xc7z020'
INFO: [Synth 8-7079] Multithreading enabled for synth_design using a maximum of 4 processes.
INFO: [Synth 8-7078] Launching helper process for spawning children vivado processes
INFO: [Synth 8-7075] Helper process launched with PID 115520
---------------------------------------------------------------------------------
Starting Synthesize : Time (s): cpu = 00:00:04 ; elapsed = 00:00:04 . Memory (MB): peak = 2105.535 ; gain = 425.555 ; free physical = 84006 ; free virtual = 226896
---------------------------------------------------------------------------------
INFO: [Synth 8-638] synthesizing module 'myproject' [/home/dabadjiev/smartpixels_ml_dsabadjiev/Muon_Collider_Smart_Pixels/daniel/CrossParetoModels_shortlist_parallelInput/hls_outputs_vsynth/hls_model_trial_1046/myproject_prj/solution1/syn/vhdl/myproject.vhd:32]
INFO: [Synth 8-3491] module 'myproject_linear_ap_fixed_16_6_5_3_0_ap_fixed_10_1_4_0_0_linear_config3_s' declared at '/home/dabadjiev/smartpixels_ml_dsabadjiev/Muon_Collider_Smart_Pixels/daniel/CrossParetoModels_shortlist_parallelInput/hls_outputs_vsynth/hls_model_trial_1046/myproject_prj/solution1/syn/vhdl/myproject_linear_ap_fixed_16_6_5_3_0_ap_fixed_10_1_4_0_0_linear_config3_s.vhd:11' bound to instance 'linear_ap_fixed_16_6_5_3_0_ap_fixed_10_1_4_0_0_linear_config3_U0' of component 'myproject_linear_ap_fixed_16_6_5_3_0_ap_fixed_10_1_4_0_0_linear_config3_s' [/home/dabadjiev/smartpixels_ml_dsabadjiev/Muon_Collider_Smart_Pixels/daniel/CrossParetoModels_shortlist_parallelInput/hls_outputs_vsynth/hls_model_trial_1046/myproject_prj/solution1/syn/vhdl/myproject.vhd:1318]
INFO: [Synth 8-638] synthesizing module 'myproject_linear_ap_fixed_16_6_5_3_0_ap_fixed_10_1_4_0_0_linear_config3_s' [/home/dabadjiev/smartpixels_ml_dsabadjiev/Muon_Collider_Smart_Pixels/daniel/CrossParetoModels_shortlist_parallelInput/hls_outputs_vsynth/hls_model_trial_1046/myproject_prj/solution1/syn/vhdl/myproject_linear_ap_fixed_16_6_5_3_0_ap_fixed_10_1_4_0_0_linear_config3_s.vhd:26]
INFO: [Synth 8-256] done synthesizing module 'myproject_linear_ap_fixed_16_6_5_3_0_ap_fixed_10_1_4_0_0_linear_config3_s' (0#1) [/home/dabadjiev/smartpixels_ml_dsabadjiev/Muon_Collider_Smart_Pixels/daniel/CrossParetoModels_shortlist_parallelInput/hls_outputs_vsynth/hls_model_trial_1046/myproject_prj/solution1/syn/vhdl/myproject_linear_ap_fixed_16_6_5_3_0_ap_fixed_10_1_4_0_0_linear_config3_s.vhd:26]
INFO: [Synth 8-3491] module 'myproject_linear_ap_fixed_16_6_5_3_0_ap_fixed_10_1_4_0_0_linear_config4_s' declared at '/home/dabadjiev/smartpixels_ml_dsabadjiev/Muon_Collider_Smart_Pixels/daniel/CrossParetoModels_shortlist_parallelInput/hls_outputs_vsynth/hls_model_trial_1046/myproject_prj/solution1/syn/vhdl/myproject_linear_ap_fixed_16_6_5_3_0_ap_fixed_10_1_4_0_0_linear_config4_s.vhd:11' bound to instance 'linear_ap_fixed_16_6_5_3_0_ap_fixed_10_1_4_0_0_linear_config4_U0' of component 'myproject_linear_ap_fixed_16_6_5_3_0_ap_fixed_10_1_4_0_0_linear_config4_s' [/home/dabadjiev/smartpixels_ml_dsabadjiev/Muon_Collider_Smart_Pixels/daniel/CrossParetoModels_shortlist_parallelInput/hls_outputs_vsynth/hls_model_trial_1046/myproject_prj/solution1/syn/vhdl/myproject.vhd:1331]
INFO: [Synth 8-638] synthesizing module 'myproject_linear_ap_fixed_16_6_5_3_0_ap_fixed_10_1_4_0_0_linear_config4_s' [/home/dabadjiev/smartpixels_ml_dsabadjiev/Muon_Collider_Smart_Pixels/daniel/CrossParetoModels_shortlist_parallelInput/hls_outputs_vsynth/hls_model_trial_1046/myproject_prj/solution1/syn/vhdl/myproject_linear_ap_fixed_16_6_5_3_0_ap_fixed_10_1_4_0_0_linear_config4_s.vhd:26]
INFO: [Synth 8-256] done synthesizing module 'myproject_linear_ap_fixed_16_6_5_3_0_ap_fixed_10_1_4_0_0_linear_config4_s' (0#1) [/home/dabadjiev/smartpixels_ml_dsabadjiev/Muon_Collider_Smart_Pixels/daniel/CrossParetoModels_shortlist_parallelInput/hls_outputs_vsynth/hls_model_trial_1046/myproject_prj/solution1/syn/vhdl/myproject_linear_ap_fixed_16_6_5_3_0_ap_fixed_10_1_4_0_0_linear_config4_s.vhd:26]
INFO: [Synth 8-3491] module 'myproject_concatenate1d_ap_fixed_ap_fixed_ap_fixed_16_6_5_3_0_config6_s' declared at '/home/dabadjiev/smartpixels_ml_dsabadjiev/Muon_Collider_Smart_Pixels/daniel/CrossParetoModels_shortlist_parallelInput/hls_outputs_vsynth/hls_model_trial_1046/myproject_prj/solution1/syn/vhdl/myproject_concatenate1d_ap_fixed_ap_fixed_ap_fixed_16_6_5_3_0_config6_s.vhd:11' bound to instance 'concatenate1d_ap_fixed_ap_fixed_ap_fixed_16_6_5_3_0_config6_U0' of component 'myproject_concatenate1d_ap_fixed_ap_fixed_ap_fixed_16_6_5_3_0_config6_s' [/home/dabadjiev/smartpixels_ml_dsabadjiev/Muon_Collider_Smart_Pixels/daniel/CrossParetoModels_shortlist_parallelInput/hls_outputs_vsynth/hls_model_trial_1046/myproject_prj/solution1/syn/vhdl/myproject.vhd:1344]
INFO: [Synth 8-638] synthesizing module 'myproject_concatenate1d_ap_fixed_ap_fixed_ap_fixed_16_6_5_3_0_config6_s' [/home/dabadjiev/smartpixels_ml_dsabadjiev/Muon_Collider_Smart_Pixels/daniel/CrossParetoModels_shortlist_parallelInput/hls_outputs_vsynth/hls_model_trial_1046/myproject_prj/solution1/syn/vhdl/myproject_concatenate1d_ap_fixed_ap_fixed_ap_fixed_16_6_5_3_0_config6_s.vhd:27]
INFO: [Synth 8-256] done synthesizing module 'myproject_concatenate1d_ap_fixed_ap_fixed_ap_fixed_16_6_5_3_0_config6_s' (0#1) [/home/dabadjiev/smartpixels_ml_dsabadjiev/Muon_Collider_Smart_Pixels/daniel/CrossParetoModels_shortlist_parallelInput/hls_outputs_vsynth/hls_model_trial_1046/myproject_prj/solution1/syn/vhdl/myproject_concatenate1d_ap_fixed_ap_fixed_ap_fixed_16_6_5_3_0_config6_s.vhd:27]
INFO: [Synth 8-3491] module 'myproject_linear_ap_fixed_16_6_5_3_0_ap_fixed_10_1_4_0_0_linear_config7_s' declared at '/home/dabadjiev/smartpixels_ml_dsabadjiev/Muon_Collider_Smart_Pixels/daniel/CrossParetoModels_shortlist_parallelInput/hls_outputs_vsynth/hls_model_trial_1046/myproject_prj/solution1/syn/vhdl/myproject_linear_ap_fixed_16_6_5_3_0_ap_fixed_10_1_4_0_0_linear_config7_s.vhd:11' bound to instance 'linear_ap_fixed_16_6_5_3_0_ap_fixed_10_1_4_0_0_linear_config7_U0' of component 'myproject_linear_ap_fixed_16_6_5_3_0_ap_fixed_10_1_4_0_0_linear_config7_s' [/home/dabadjiev/smartpixels_ml_dsabadjiev/Muon_Collider_Smart_Pixels/daniel/CrossParetoModels_shortlist_parallelInput/hls_outputs_vsynth/hls_model_trial_1046/myproject_prj/solution1/syn/vhdl/myproject.vhd:1358]
INFO: [Synth 8-638] synthesizing module 'myproject_linear_ap_fixed_16_6_5_3_0_ap_fixed_10_1_4_0_0_linear_config7_s' [/home/dabadjiev/smartpixels_ml_dsabadjiev/Muon_Collider_Smart_Pixels/daniel/CrossParetoModels_shortlist_parallelInput/hls_outputs_vsynth/hls_model_trial_1046/myproject_prj/solution1/syn/vhdl/myproject_linear_ap_fixed_16_6_5_3_0_ap_fixed_10_1_4_0_0_linear_config7_s.vhd:26]
INFO: [Synth 8-256] done synthesizing module 'myproject_linear_ap_fixed_16_6_5_3_0_ap_fixed_10_1_4_0_0_linear_config7_s' (0#1) [/home/dabadjiev/smartpixels_ml_dsabadjiev/Muon_Collider_Smart_Pixels/daniel/CrossParetoModels_shortlist_parallelInput/hls_outputs_vsynth/hls_model_trial_1046/myproject_prj/solution1/syn/vhdl/myproject_linear_ap_fixed_16_6_5_3_0_ap_fixed_10_1_4_0_0_linear_config7_s.vhd:26]
INFO: [Synth 8-3491] module 'myproject_concatenate1d_ap_fixed_ap_fixed_ap_fixed_16_6_5_3_0_config9_s' declared at '/home/dabadjiev/smartpixels_ml_dsabadjiev/Muon_Collider_Smart_Pixels/daniel/CrossParetoModels_shortlist_parallelInput/hls_outputs_vsynth/hls_model_trial_1046/myproject_prj/solution1/syn/vhdl/myproject_concatenate1d_ap_fixed_ap_fixed_ap_fixed_16_6_5_3_0_config9_s.vhd:11' bound to instance 'concatenate1d_ap_fixed_ap_fixed_ap_fixed_16_6_5_3_0_config9_U0' of component 'myproject_concatenate1d_ap_fixed_ap_fixed_ap_fixed_16_6_5_3_0_config9_s' [/home/dabadjiev/smartpixels_ml_dsabadjiev/Muon_Collider_Smart_Pixels/daniel/CrossParetoModels_shortlist_parallelInput/hls_outputs_vsynth/hls_model_trial_1046/myproject_prj/solution1/syn/vhdl/myproject.vhd:1371]
INFO: [Synth 8-638] synthesizing module 'myproject_concatenate1d_ap_fixed_ap_fixed_ap_fixed_16_6_5_3_0_config9_s' [/home/dabadjiev/smartpixels_ml_dsabadjiev/Muon_Collider_Smart_Pixels/daniel/CrossParetoModels_shortlist_parallelInput/hls_outputs_vsynth/hls_model_trial_1046/myproject_prj/solution1/syn/vhdl/myproject_concatenate1d_ap_fixed_ap_fixed_ap_fixed_16_6_5_3_0_config9_s.vhd:29]
INFO: [Synth 8-256] done synthesizing module 'myproject_concatenate1d_ap_fixed_ap_fixed_ap_fixed_16_6_5_3_0_config9_s' (0#1) [/home/dabadjiev/smartpixels_ml_dsabadjiev/Muon_Collider_Smart_Pixels/daniel/CrossParetoModels_shortlist_parallelInput/hls_outputs_vsynth/hls_model_trial_1046/myproject_prj/solution1/syn/vhdl/myproject_concatenate1d_ap_fixed_ap_fixed_ap_fixed_16_6_5_3_0_config9_s.vhd:29]
INFO: [Synth 8-3491] module 'myproject_linear_ap_fixed_16_6_5_3_0_ap_fixed_10_1_4_0_0_linear_config10_s' declared at '/home/dabadjiev/smartpixels_ml_dsabadjiev/Muon_Collider_Smart_Pixels/daniel/CrossParetoModels_shortlist_parallelInput/hls_outputs_vsynth/hls_model_trial_1046/myproject_prj/solution1/syn/vhdl/myproject_linear_ap_fixed_16_6_5_3_0_ap_fixed_10_1_4_0_0_linear_config10_s.vhd:11' bound to instance 'linear_ap_fixed_16_6_5_3_0_ap_fixed_10_1_4_0_0_linear_config10_U0' of component 'myproject_linear_ap_fixed_16_6_5_3_0_ap_fixed_10_1_4_0_0_linear_config10_s' [/home/dabadjiev/smartpixels_ml_dsabadjiev/Muon_Collider_Smart_Pixels/daniel/CrossParetoModels_shortlist_parallelInput/hls_outputs_vsynth/hls_model_trial_1046/myproject_prj/solution1/syn/vhdl/myproject.vhd:1387]
INFO: [Synth 8-638] synthesizing module 'myproject_linear_ap_fixed_16_6_5_3_0_ap_fixed_10_1_4_0_0_linear_config10_s' [/home/dabadjiev/smartpixels_ml_dsabadjiev/Muon_Collider_Smart_Pixels/daniel/CrossParetoModels_shortlist_parallelInput/hls_outputs_vsynth/hls_model_trial_1046/myproject_prj/solution1/syn/vhdl/myproject_linear_ap_fixed_16_6_5_3_0_ap_fixed_10_1_4_0_0_linear_config10_s.vhd:26]
INFO: [Synth 8-256] done synthesizing module 'myproject_linear_ap_fixed_16_6_5_3_0_ap_fixed_10_1_4_0_0_linear_config10_s' (0#1) [/home/dabadjiev/smartpixels_ml_dsabadjiev/Muon_Collider_Smart_Pixels/daniel/CrossParetoModels_shortlist_parallelInput/hls_outputs_vsynth/hls_model_trial_1046/myproject_prj/solution1/syn/vhdl/myproject_linear_ap_fixed_16_6_5_3_0_ap_fixed_10_1_4_0_0_linear_config10_s.vhd:26]
INFO: [Synth 8-3491] module 'myproject_concatenate1d_ap_fixed_ap_fixed_ap_fixed_16_6_5_3_0_config11_s' declared at '/home/dabadjiev/smartpixels_ml_dsabadjiev/Muon_Collider_Smart_Pixels/daniel/CrossParetoModels_shortlist_parallelInput/hls_outputs_vsynth/hls_model_trial_1046/myproject_prj/solution1/syn/vhdl/myproject_concatenate1d_ap_fixed_ap_fixed_ap_fixed_16_6_5_3_0_config11_s.vhd:11' bound to instance 'concatenate1d_ap_fixed_ap_fixed_ap_fixed_16_6_5_3_0_config11_U0' of component 'myproject_concatenate1d_ap_fixed_ap_fixed_ap_fixed_16_6_5_3_0_config11_s' [/home/dabadjiev/smartpixels_ml_dsabadjiev/Muon_Collider_Smart_Pixels/daniel/CrossParetoModels_shortlist_parallelInput/hls_outputs_vsynth/hls_model_trial_1046/myproject_prj/solution1/syn/vhdl/myproject.vhd:1400]
INFO: [Synth 8-638] synthesizing module 'myproject_concatenate1d_ap_fixed_ap_fixed_ap_fixed_16_6_5_3_0_config11_s' [/home/dabadjiev/smartpixels_ml_dsabadjiev/Muon_Collider_Smart_Pixels/daniel/CrossParetoModels_shortlist_parallelInput/hls_outputs_vsynth/hls_model_trial_1046/myproject_prj/solution1/syn/vhdl/myproject_concatenate1d_ap_fixed_ap_fixed_ap_fixed_16_6_5_3_0_config11_s.vhd:32]
INFO: [Synth 8-256] done synthesizing module 'myproject_concatenate1d_ap_fixed_ap_fixed_ap_fixed_16_6_5_3_0_config11_s' (0#1) [/home/dabadjiev/smartpixels_ml_dsabadjiev/Muon_Collider_Smart_Pixels/daniel/CrossParetoModels_shortlist_parallelInput/hls_outputs_vsynth/hls_model_trial_1046/myproject_prj/solution1/syn/vhdl/myproject_concatenate1d_ap_fixed_ap_fixed_ap_fixed_16_6_5_3_0_config11_s.vhd:32]
INFO: [Synth 8-3491] module 'myproject_dense_resource_ap_fixed_16_6_5_3_0_ap_fixed_16_6_5_3_0_config12_s' declared at '/home/dabadjiev/smartpixels_ml_dsabadjiev/Muon_Collider_Smart_Pixels/daniel/CrossParetoModels_shortlist_parallelInput/hls_outputs_vsynth/hls_model_trial_1046/myproject_prj/solution1/syn/vhdl/myproject_dense_resource_ap_fixed_16_6_5_3_0_ap_fixed_16_6_5_3_0_config12_s.vhd:11' bound to instance 'dense_resource_ap_fixed_16_6_5_3_0_ap_fixed_16_6_5_3_0_config12_U0' of component 'myproject_dense_resource_ap_fixed_16_6_5_3_0_ap_fixed_16_6_5_3_0_config12_s' [/home/dabadjiev/smartpixels_ml_dsabadjiev/Muon_Collider_Smart_Pixels/daniel/CrossParetoModels_shortlist_parallelInput/hls_outputs_vsynth/hls_model_trial_1046/myproject_prj/solution1/syn/vhdl/myproject.vhd:1419]
INFO: [Synth 8-638] synthesizing module 'myproject_dense_resource_ap_fixed_16_6_5_3_0_ap_fixed_16_6_5_3_0_config12_s' [/home/dabadjiev/smartpixels_ml_dsabadjiev/Muon_Collider_Smart_Pixels/daniel/CrossParetoModels_shortlist_parallelInput/hls_outputs_vsynth/hls_model_trial_1046/myproject_prj/solution1/syn/vhdl/myproject_dense_resource_ap_fixed_16_6_5_3_0_ap_fixed_16_6_5_3_0_config12_s.vhd:35]
	Parameter DataWidth bound to: 2 - type: integer 
	Parameter AddressRange bound to: 16 - type: integer 
	Parameter AddressWidth bound to: 4 - type: integer 
INFO: [Synth 8-3491] module 'myproject_dense_resource_ap_fixed_16_6_5_3_0_ap_fixed_16_6_5_3_0_config12_s_outidx_i_94bkb' declared at '/home/dabadjiev/smartpixels_ml_dsabadjiev/Muon_Collider_Smart_Pixels/daniel/CrossParetoModels_shortlist_parallelInput/hls_outputs_vsynth/hls_model_trial_1046/myproject_prj/solution1/syn/vhdl/myproject_dense_resource_ap_fixed_16_6_5_3_0_ap_fixed_16_6_5_3_0_config12_s_outidx_i_94bkb.vhd:10' bound to instance 'outidx_i_94_U' of component 'myproject_dense_resource_ap_fixed_16_6_5_3_0_ap_fixed_16_6_5_3_0_config12_s_outidx_i_94bkb' [/home/dabadjiev/smartpixels_ml_dsabadjiev/Muon_Collider_Smart_Pixels/daniel/CrossParetoModels_shortlist_parallelInput/hls_outputs_vsynth/hls_model_trial_1046/myproject_prj/solution1/syn/vhdl/myproject_dense_resource_ap_fixed_16_6_5_3_0_ap_fixed_16_6_5_3_0_config12_s.vhd:346]
INFO: [Synth 8-638] synthesizing module 'myproject_dense_resource_ap_fixed_16_6_5_3_0_ap_fixed_16_6_5_3_0_config12_s_outidx_i_94bkb' [/home/dabadjiev/smartpixels_ml_dsabadjiev/Muon_Collider_Smart_Pixels/daniel/CrossParetoModels_shortlist_parallelInput/hls_outputs_vsynth/hls_model_trial_1046/myproject_prj/solution1/syn/vhdl/myproject_dense_resource_ap_fixed_16_6_5_3_0_ap_fixed_16_6_5_3_0_config12_s_outidx_i_94bkb.vhd:28]
	Parameter DataWidth bound to: 2 - type: integer 
	Parameter AddressWidth bound to: 4 - type: integer 
	Parameter AddressRange bound to: 16 - type: integer 
INFO: [Synth 8-256] done synthesizing module 'myproject_dense_resource_ap_fixed_16_6_5_3_0_ap_fixed_16_6_5_3_0_config12_s_outidx_i_94bkb' (0#1) [/home/dabadjiev/smartpixels_ml_dsabadjiev/Muon_Collider_Smart_Pixels/daniel/CrossParetoModels_shortlist_parallelInput/hls_outputs_vsynth/hls_model_trial_1046/myproject_prj/solution1/syn/vhdl/myproject_dense_resource_ap_fixed_16_6_5_3_0_ap_fixed_16_6_5_3_0_config12_s_outidx_i_94bkb.vhd:28]
	Parameter DataWidth bound to: 8 - type: integer 
	Parameter AddressRange bound to: 32 - type: integer 
	Parameter AddressWidth bound to: 5 - type: integer 
INFO: [Synth 8-3491] module 'myproject_dense_resource_ap_fixed_16_6_5_3_0_ap_fixed_16_6_5_3_0_config12_s_w12_ROM_AUTcud' declared at '/home/dabadjiev/smartpixels_ml_dsabadjiev/Muon_Collider_Smart_Pixels/daniel/CrossParetoModels_shortlist_parallelInput/hls_outputs_vsynth/hls_model_trial_1046/myproject_prj/solution1/syn/vhdl/myproject_dense_resource_ap_fixed_16_6_5_3_0_ap_fixed_16_6_5_3_0_config12_s_w12_ROM_AUTcud.vhd:10' bound to instance 'w12_U' of component 'myproject_dense_resource_ap_fixed_16_6_5_3_0_ap_fixed_16_6_5_3_0_config12_s_w12_ROM_AUTcud' [/home/dabadjiev/smartpixels_ml_dsabadjiev/Muon_Collider_Smart_Pixels/daniel/CrossParetoModels_shortlist_parallelInput/hls_outputs_vsynth/hls_model_trial_1046/myproject_prj/solution1/syn/vhdl/myproject_dense_resource_ap_fixed_16_6_5_3_0_ap_fixed_16_6_5_3_0_config12_s.vhd:358]
INFO: [Synth 8-638] synthesizing module 'myproject_dense_resource_ap_fixed_16_6_5_3_0_ap_fixed_16_6_5_3_0_config12_s_w12_ROM_AUTcud' [/home/dabadjiev/smartpixels_ml_dsabadjiev/Muon_Collider_Smart_Pixels/daniel/CrossParetoModels_shortlist_parallelInput/hls_outputs_vsynth/hls_model_trial_1046/myproject_prj/solution1/syn/vhdl/myproject_dense_resource_ap_fixed_16_6_5_3_0_ap_fixed_16_6_5_3_0_config12_s_w12_ROM_AUTcud.vhd:32]
	Parameter DataWidth bound to: 8 - type: integer 
	Parameter AddressWidth bound to: 5 - type: integer 
	Parameter AddressRange bound to: 32 - type: integer 
INFO: [Synth 8-256] done synthesizing module 'myproject_dense_resource_ap_fixed_16_6_5_3_0_ap_fixed_16_6_5_3_0_config12_s_w12_ROM_AUTcud' (0#1) [/home/dabadjiev/smartpixels_ml_dsabadjiev/Muon_Collider_Smart_Pixels/daniel/CrossParetoModels_shortlist_parallelInput/hls_outputs_vsynth/hls_model_trial_1046/myproject_prj/solution1/syn/vhdl/myproject_dense_resource_ap_fixed_16_6_5_3_0_ap_fixed_16_6_5_3_0_config12_s_w12_ROM_AUTcud.vhd:32]
	Parameter ID bound to: 1 - type: integer 
	Parameter NUM_STAGE bound to: 1 - type: integer 
	Parameter CASE0 bound to: 2'b00 
	Parameter din0_WIDTH bound to: 11 - type: integer 
	Parameter CASE1 bound to: 2'b01 
	Parameter din1_WIDTH bound to: 11 - type: integer 
	Parameter CASE2 bound to: 2'b10 
	Parameter din2_WIDTH bound to: 11 - type: integer 
	Parameter CASE3 bound to: 2'b11 
	Parameter din3_WIDTH bound to: 11 - type: integer 
	Parameter def_WIDTH bound to: 11 - type: integer 
	Parameter sel_WIDTH bound to: 2 - type: integer 
	Parameter dout_WIDTH bound to: 11 - type: integer 
INFO: [Synth 8-3491] module 'myproject_sparsemux_9_2_11_1_1' declared at '/home/dabadjiev/smartpixels_ml_dsabadjiev/Muon_Collider_Smart_Pixels/daniel/CrossParetoModels_shortlist_parallelInput/hls_outputs_vsynth/hls_model_trial_1046/myproject_prj/solution1/syn/vhdl/myproject_sparsemux_9_2_11_1_1.vhd:12' bound to instance 'sparsemux_9_2_11_1_1_U14' of component 'myproject_sparsemux_9_2_11_1_1' [/home/dabadjiev/smartpixels_ml_dsabadjiev/Muon_Collider_Smart_Pixels/daniel/CrossParetoModels_shortlist_parallelInput/hls_outputs_vsynth/hls_model_trial_1046/myproject_prj/solution1/syn/vhdl/myproject_dense_resource_ap_fixed_16_6_5_3_0_ap_fixed_16_6_5_3_0_config12_s.vhd:373]
INFO: [Synth 8-638] synthesizing module 'myproject_sparsemux_9_2_11_1_1' [/home/dabadjiev/smartpixels_ml_dsabadjiev/Muon_Collider_Smart_Pixels/daniel/CrossParetoModels_shortlist_parallelInput/hls_outputs_vsynth/hls_model_trial_1046/myproject_prj/solution1/syn/vhdl/myproject_sparsemux_9_2_11_1_1.vhd:55]
	Parameter din0_WIDTH bound to: 11 - type: integer 
	Parameter din1_WIDTH bound to: 11 - type: integer 
	Parameter din2_WIDTH bound to: 11 - type: integer 
	Parameter din3_WIDTH bound to: 11 - type: integer 
	Parameter def_WIDTH bound to: 11 - type: integer 
	Parameter sel_WIDTH bound to: 2 - type: integer 
	Parameter dout_WIDTH bound to: 11 - type: integer 
	Parameter CASE0 bound to: 2'b00 
	Parameter CASE1 bound to: 2'b01 
	Parameter CASE2 bound to: 2'b10 
	Parameter CASE3 bound to: 2'b11 
	Parameter ID bound to: 1 - type: integer 
	Parameter NUM_STAGE bound to: 1 - type: integer 
INFO: [Synth 8-226] default block is never used [/home/dabadjiev/smartpixels_ml_dsabadjiev/Muon_Collider_Smart_Pixels/daniel/CrossParetoModels_shortlist_parallelInput/hls_outputs_vsynth/hls_model_trial_1046/myproject_prj/solution1/syn/vhdl/myproject_sparsemux_9_2_11_1_1.vhd:63]
INFO: [Synth 8-256] done synthesizing module 'myproject_sparsemux_9_2_11_1_1' (0#1) [/home/dabadjiev/smartpixels_ml_dsabadjiev/Muon_Collider_Smart_Pixels/daniel/CrossParetoModels_shortlist_parallelInput/hls_outputs_vsynth/hls_model_trial_1046/myproject_prj/solution1/syn/vhdl/myproject_sparsemux_9_2_11_1_1.vhd:55]
	Parameter ID bound to: 1 - type: integer 
	Parameter NUM_STAGE bound to: 1 - type: integer 
	Parameter din0_WIDTH bound to: 11 - type: integer 
	Parameter din1_WIDTH bound to: 8 - type: integer 
	Parameter dout_WIDTH bound to: 19 - type: integer 
INFO: [Synth 8-3491] module 'myproject_mul_11s_8s_19_1_1' declared at '/home/dabadjiev/smartpixels_ml_dsabadjiev/Muon_Collider_Smart_Pixels/daniel/CrossParetoModels_shortlist_parallelInput/hls_outputs_vsynth/hls_model_trial_1046/myproject_prj/solution1/syn/vhdl/myproject_mul_11s_8s_19_1_1.vhd:7' bound to instance 'mul_11s_8s_19_1_1_U15' of component 'myproject_mul_11s_8s_19_1_1' [/home/dabadjiev/smartpixels_ml_dsabadjiev/Muon_Collider_Smart_Pixels/daniel/CrossParetoModels_shortlist_parallelInput/hls_outputs_vsynth/hls_model_trial_1046/myproject_prj/solution1/syn/vhdl/myproject_dense_resource_ap_fixed_16_6_5_3_0_ap_fixed_16_6_5_3_0_config12_s.vhd:397]
INFO: [Synth 8-638] synthesizing module 'myproject_mul_11s_8s_19_1_1' [/home/dabadjiev/smartpixels_ml_dsabadjiev/Muon_Collider_Smart_Pixels/daniel/CrossParetoModels_shortlist_parallelInput/hls_outputs_vsynth/hls_model_trial_1046/myproject_prj/solution1/syn/vhdl/myproject_mul_11s_8s_19_1_1.vhd:26]
	Parameter ID bound to: 1 - type: integer 
	Parameter NUM_STAGE bound to: 1 - type: integer 
	Parameter din0_WIDTH bound to: 11 - type: integer 
	Parameter din1_WIDTH bound to: 8 - type: integer 
	Parameter dout_WIDTH bound to: 19 - type: integer 
INFO: [Synth 8-256] done synthesizing module 'myproject_mul_11s_8s_19_1_1' (0#1) [/home/dabadjiev/smartpixels_ml_dsabadjiev/Muon_Collider_Smart_Pixels/daniel/CrossParetoModels_shortlist_parallelInput/hls_outputs_vsynth/hls_model_trial_1046/myproject_prj/solution1/syn/vhdl/myproject_mul_11s_8s_19_1_1.vhd:26]
	Parameter ID bound to: 1 - type: integer 
	Parameter NUM_STAGE bound to: 1 - type: integer 
	Parameter din0_WIDTH bound to: 11 - type: integer 
	Parameter din1_WIDTH bound to: 8 - type: integer 
	Parameter dout_WIDTH bound to: 19 - type: integer 
INFO: [Synth 8-3491] module 'myproject_mul_11s_8s_19_1_1' declared at '/home/dabadjiev/smartpixels_ml_dsabadjiev/Muon_Collider_Smart_Pixels/daniel/CrossParetoModels_shortlist_parallelInput/hls_outputs_vsynth/hls_model_trial_1046/myproject_prj/solution1/syn/vhdl/myproject_mul_11s_8s_19_1_1.vhd:7' bound to instance 'mul_11s_8s_19_1_1_U16' of component 'myproject_mul_11s_8s_19_1_1' [/home/dabadjiev/smartpixels_ml_dsabadjiev/Muon_Collider_Smart_Pixels/daniel/CrossParetoModels_shortlist_parallelInput/hls_outputs_vsynth/hls_model_trial_1046/myproject_prj/solution1/syn/vhdl/myproject_dense_resource_ap_fixed_16_6_5_3_0_ap_fixed_16_6_5_3_0_config12_s.vhd:409]
	Parameter ID bound to: 1 - type: integer 
	Parameter NUM_STAGE bound to: 1 - type: integer 
	Parameter CASE0 bound to: 2'b00 
	Parameter din0_WIDTH bound to: 16 - type: integer 
	Parameter CASE1 bound to: 2'b01 
	Parameter din1_WIDTH bound to: 16 - type: integer 
	Parameter CASE2 bound to: 2'b10 
	Parameter din2_WIDTH bound to: 16 - type: integer 
	Parameter CASE3 bound to: 2'b11 
	Parameter din3_WIDTH bound to: 16 - type: integer 
	Parameter def_WIDTH bound to: 16 - type: integer 
	Parameter sel_WIDTH bound to: 2 - type: integer 
	Parameter dout_WIDTH bound to: 16 - type: integer 
INFO: [Synth 8-3491] module 'myproject_sparsemux_9_2_16_1_1' declared at '/home/dabadjiev/smartpixels_ml_dsabadjiev/Muon_Collider_Smart_Pixels/daniel/CrossParetoModels_shortlist_parallelInput/hls_outputs_vsynth/hls_model_trial_1046/myproject_prj/solution1/syn/vhdl/myproject_sparsemux_9_2_16_1_1.vhd:12' bound to instance 'sparsemux_9_2_16_1_1_U17' of component 'myproject_sparsemux_9_2_16_1_1' [/home/dabadjiev/smartpixels_ml_dsabadjiev/Muon_Collider_Smart_Pixels/daniel/CrossParetoModels_shortlist_parallelInput/hls_outputs_vsynth/hls_model_trial_1046/myproject_prj/solution1/syn/vhdl/myproject_dense_resource_ap_fixed_16_6_5_3_0_ap_fixed_16_6_5_3_0_config12_s.vhd:421]
INFO: [Synth 8-638] synthesizing module 'myproject_sparsemux_9_2_16_1_1' [/home/dabadjiev/smartpixels_ml_dsabadjiev/Muon_Collider_Smart_Pixels/daniel/CrossParetoModels_shortlist_parallelInput/hls_outputs_vsynth/hls_model_trial_1046/myproject_prj/solution1/syn/vhdl/myproject_sparsemux_9_2_16_1_1.vhd:55]
	Parameter din0_WIDTH bound to: 16 - type: integer 
	Parameter din1_WIDTH bound to: 16 - type: integer 
	Parameter din2_WIDTH bound to: 16 - type: integer 
	Parameter din3_WIDTH bound to: 16 - type: integer 
	Parameter def_WIDTH bound to: 16 - type: integer 
	Parameter sel_WIDTH bound to: 2 - type: integer 
	Parameter dout_WIDTH bound to: 16 - type: integer 
	Parameter CASE0 bound to: 2'b00 
	Parameter CASE1 bound to: 2'b01 
	Parameter CASE2 bound to: 2'b10 
	Parameter CASE3 bound to: 2'b11 
	Parameter ID bound to: 1 - type: integer 
	Parameter NUM_STAGE bound to: 1 - type: integer 
INFO: [Synth 8-226] default block is never used [/home/dabadjiev/smartpixels_ml_dsabadjiev/Muon_Collider_Smart_Pixels/daniel/CrossParetoModels_shortlist_parallelInput/hls_outputs_vsynth/hls_model_trial_1046/myproject_prj/solution1/syn/vhdl/myproject_sparsemux_9_2_16_1_1.vhd:63]
INFO: [Synth 8-256] done synthesizing module 'myproject_sparsemux_9_2_16_1_1' (0#1) [/home/dabadjiev/smartpixels_ml_dsabadjiev/Muon_Collider_Smart_Pixels/daniel/CrossParetoModels_shortlist_parallelInput/hls_outputs_vsynth/hls_model_trial_1046/myproject_prj/solution1/syn/vhdl/myproject_sparsemux_9_2_16_1_1.vhd:55]
	Parameter ID bound to: 1 - type: integer 
	Parameter NUM_STAGE bound to: 1 - type: integer 
	Parameter CASE0 bound to: 2'b00 
	Parameter din0_WIDTH bound to: 16 - type: integer 
	Parameter CASE1 bound to: 2'b01 
	Parameter din1_WIDTH bound to: 16 - type: integer 
	Parameter CASE2 bound to: 2'b10 
	Parameter din2_WIDTH bound to: 16 - type: integer 
	Parameter CASE3 bound to: 2'b11 
	Parameter din3_WIDTH bound to: 16 - type: integer 
	Parameter def_WIDTH bound to: 16 - type: integer 
	Parameter sel_WIDTH bound to: 2 - type: integer 
	Parameter dout_WIDTH bound to: 16 - type: integer 
INFO: [Synth 8-3491] module 'myproject_sparsemux_9_2_16_1_1' declared at '/home/dabadjiev/smartpixels_ml_dsabadjiev/Muon_Collider_Smart_Pixels/daniel/CrossParetoModels_shortlist_parallelInput/hls_outputs_vsynth/hls_model_trial_1046/myproject_prj/solution1/syn/vhdl/myproject_sparsemux_9_2_16_1_1.vhd:12' bound to instance 'sparsemux_9_2_16_1_1_U18' of component 'myproject_sparsemux_9_2_16_1_1' [/home/dabadjiev/smartpixels_ml_dsabadjiev/Muon_Collider_Smart_Pixels/daniel/CrossParetoModels_shortlist_parallelInput/hls_outputs_vsynth/hls_model_trial_1046/myproject_prj/solution1/syn/vhdl/myproject_dense_resource_ap_fixed_16_6_5_3_0_ap_fixed_16_6_5_3_0_config12_s.vhd:445]
INFO: [Synth 8-3491] module 'myproject_flow_control_loop_pipe' declared at '/home/dabadjiev/smartpixels_ml_dsabadjiev/Muon_Collider_Smart_Pixels/daniel/CrossParetoModels_shortlist_parallelInput/hls_outputs_vsynth/hls_model_trial_1046/myproject_prj/solution1/syn/vhdl/myproject_flow_control_loop_pipe.vhd:13' bound to instance 'flow_control_loop_pipe_U' of component 'myproject_flow_control_loop_pipe' [/home/dabadjiev/smartpixels_ml_dsabadjiev/Muon_Collider_Smart_Pixels/daniel/CrossParetoModels_shortlist_parallelInput/hls_outputs_vsynth/hls_model_trial_1046/myproject_prj/solution1/syn/vhdl/myproject_dense_resource_ap_fixed_16_6_5_3_0_ap_fixed_16_6_5_3_0_config12_s.vhd:469]
INFO: [Synth 8-638] synthesizing module 'myproject_flow_control_loop_pipe' [/home/dabadjiev/smartpixels_ml_dsabadjiev/Muon_Collider_Smart_Pixels/daniel/CrossParetoModels_shortlist_parallelInput/hls_outputs_vsynth/hls_model_trial_1046/myproject_prj/solution1/syn/vhdl/myproject_flow_control_loop_pipe.vhd:40]
INFO: [Synth 8-256] done synthesizing module 'myproject_flow_control_loop_pipe' (0#1) [/home/dabadjiev/smartpixels_ml_dsabadjiev/Muon_Collider_Smart_Pixels/daniel/CrossParetoModels_shortlist_parallelInput/hls_outputs_vsynth/hls_model_trial_1046/myproject_prj/solution1/syn/vhdl/myproject_flow_control_loop_pipe.vhd:40]
INFO: [Synth 8-256] done synthesizing module 'myproject_dense_resource_ap_fixed_16_6_5_3_0_ap_fixed_16_6_5_3_0_config12_s' (0#1) [/home/dabadjiev/smartpixels_ml_dsabadjiev/Muon_Collider_Smart_Pixels/daniel/CrossParetoModels_shortlist_parallelInput/hls_outputs_vsynth/hls_model_trial_1046/myproject_prj/solution1/syn/vhdl/myproject_dense_resource_ap_fixed_16_6_5_3_0_ap_fixed_16_6_5_3_0_config12_s.vhd:35]
INFO: [Synth 8-3491] module 'myproject_relu_ap_fixed_16_6_5_3_0_ap_ufixed_8_0_4_0_0_relu_config14_s' declared at '/home/dabadjiev/smartpixels_ml_dsabadjiev/Muon_Collider_Smart_Pixels/daniel/CrossParetoModels_shortlist_parallelInput/hls_outputs_vsynth/hls_model_trial_1046/myproject_prj/solution1/syn/vhdl/myproject_relu_ap_fixed_16_6_5_3_0_ap_ufixed_8_0_4_0_0_relu_config14_s.vhd:11' bound to instance 'relu_ap_fixed_16_6_5_3_0_ap_ufixed_8_0_4_0_0_relu_config14_U0' of component 'myproject_relu_ap_fixed_16_6_5_3_0_ap_ufixed_8_0_4_0_0_relu_config14_s' [/home/dabadjiev/smartpixels_ml_dsabadjiev/Muon_Collider_Smart_Pixels/daniel/CrossParetoModels_shortlist_parallelInput/hls_outputs_vsynth/hls_model_trial_1046/myproject_prj/solution1/syn/vhdl/myproject.vhd:1441]
INFO: [Synth 8-638] synthesizing module 'myproject_relu_ap_fixed_16_6_5_3_0_ap_ufixed_8_0_4_0_0_relu_config14_s' [/home/dabadjiev/smartpixels_ml_dsabadjiev/Muon_Collider_Smart_Pixels/daniel/CrossParetoModels_shortlist_parallelInput/hls_outputs_vsynth/hls_model_trial_1046/myproject_prj/solution1/syn/vhdl/myproject_relu_ap_fixed_16_6_5_3_0_ap_ufixed_8_0_4_0_0_relu_config14_s.vhd:39]
INFO: [Synth 8-256] done synthesizing module 'myproject_relu_ap_fixed_16_6_5_3_0_ap_ufixed_8_0_4_0_0_relu_config14_s' (0#1) [/home/dabadjiev/smartpixels_ml_dsabadjiev/Muon_Collider_Smart_Pixels/daniel/CrossParetoModels_shortlist_parallelInput/hls_outputs_vsynth/hls_model_trial_1046/myproject_prj/solution1/syn/vhdl/myproject_relu_ap_fixed_16_6_5_3_0_ap_ufixed_8_0_4_0_0_relu_config14_s.vhd:39]
INFO: [Synth 8-3491] module 'myproject_dense_resource_ap_ufixed_8_0_4_0_0_ap_fixed_16_6_5_3_0_config15_s' declared at '/home/dabadjiev/smartpixels_ml_dsabadjiev/Muon_Collider_Smart_Pixels/daniel/CrossParetoModels_shortlist_parallelInput/hls_outputs_vsynth/hls_model_trial_1046/myproject_prj/solution1/syn/vhdl/myproject_dense_resource_ap_ufixed_8_0_4_0_0_ap_fixed_16_6_5_3_0_config15_s.vhd:11' bound to instance 'dense_resource_ap_ufixed_8_0_4_0_0_ap_fixed_16_6_5_3_0_config15_U0' of component 'myproject_dense_resource_ap_ufixed_8_0_4_0_0_ap_fixed_16_6_5_3_0_config15_s' [/home/dabadjiev/smartpixels_ml_dsabadjiev/Muon_Collider_Smart_Pixels/daniel/CrossParetoModels_shortlist_parallelInput/hls_outputs_vsynth/hls_model_trial_1046/myproject_prj/solution1/syn/vhdl/myproject.vhd:1467]
INFO: [Synth 8-638] synthesizing module 'myproject_dense_resource_ap_ufixed_8_0_4_0_0_ap_fixed_16_6_5_3_0_config15_s' [/home/dabadjiev/smartpixels_ml_dsabadjiev/Muon_Collider_Smart_Pixels/daniel/CrossParetoModels_shortlist_parallelInput/hls_outputs_vsynth/hls_model_trial_1046/myproject_prj/solution1/syn/vhdl/myproject_dense_resource_ap_ufixed_8_0_4_0_0_ap_fixed_16_6_5_3_0_config15_s.vhd:39]
	Parameter DataWidth bound to: 1 - type: integer 
	Parameter AddressRange bound to: 16 - type: integer 
	Parameter AddressWidth bound to: 4 - type: integer 
INFO: [Synth 8-3491] module 'myproject_dense_resource_ap_ufixed_8_0_4_0_0_ap_fixed_16_6_5_3_0_config15_s_outidx_i_91dEe' declared at '/home/dabadjiev/smartpixels_ml_dsabadjiev/Muon_Collider_Smart_Pixels/daniel/CrossParetoModels_shortlist_parallelInput/hls_outputs_vsynth/hls_model_trial_1046/myproject_prj/solution1/syn/vhdl/myproject_dense_resource_ap_ufixed_8_0_4_0_0_ap_fixed_16_6_5_3_0_config15_s_outidx_i_91dEe.vhd:10' bound to instance 'outidx_i_91_U' of component 'myproject_dense_resource_ap_ufixed_8_0_4_0_0_ap_fixed_16_6_5_3_0_config15_s_outidx_i_91dEe' [/home/dabadjiev/smartpixels_ml_dsabadjiev/Muon_Collider_Smart_Pixels/daniel/CrossParetoModels_shortlist_parallelInput/hls_outputs_vsynth/hls_model_trial_1046/myproject_prj/solution1/syn/vhdl/myproject_dense_resource_ap_ufixed_8_0_4_0_0_ap_fixed_16_6_5_3_0_config15_s.vhd:379]
INFO: [Synth 8-638] synthesizing module 'myproject_dense_resource_ap_ufixed_8_0_4_0_0_ap_fixed_16_6_5_3_0_config15_s_outidx_i_91dEe' [/home/dabadjiev/smartpixels_ml_dsabadjiev/Muon_Collider_Smart_Pixels/daniel/CrossParetoModels_shortlist_parallelInput/hls_outputs_vsynth/hls_model_trial_1046/myproject_prj/solution1/syn/vhdl/myproject_dense_resource_ap_ufixed_8_0_4_0_0_ap_fixed_16_6_5_3_0_config15_s_outidx_i_91dEe.vhd:28]
	Parameter DataWidth bound to: 1 - type: integer 
	Parameter AddressWidth bound to: 4 - type: integer 
	Parameter AddressRange bound to: 16 - type: integer 
INFO: [Synth 8-256] done synthesizing module 'myproject_dense_resource_ap_ufixed_8_0_4_0_0_ap_fixed_16_6_5_3_0_config15_s_outidx_i_91dEe' (0#1) [/home/dabadjiev/smartpixels_ml_dsabadjiev/Muon_Collider_Smart_Pixels/daniel/CrossParetoModels_shortlist_parallelInput/hls_outputs_vsynth/hls_model_trial_1046/myproject_prj/solution1/syn/vhdl/myproject_dense_resource_ap_ufixed_8_0_4_0_0_ap_fixed_16_6_5_3_0_config15_s_outidx_i_91dEe.vhd:28]
	Parameter DataWidth bound to: 8 - type: integer 
	Parameter AddressRange bound to: 64 - type: integer 
	Parameter AddressWidth bound to: 6 - type: integer 
INFO: [Synth 8-3491] module 'myproject_dense_resource_ap_ufixed_8_0_4_0_0_ap_fixed_16_6_5_3_0_config15_s_w15_ROM_AUTeOg' declared at '/home/dabadjiev/smartpixels_ml_dsabadjiev/Muon_Collider_Smart_Pixels/daniel/CrossParetoModels_shortlist_parallelInput/hls_outputs_vsynth/hls_model_trial_1046/myproject_prj/solution1/syn/vhdl/myproject_dense_resource_ap_ufixed_8_0_4_0_0_ap_fixed_16_6_5_3_0_config15_s_w15_ROM_AUTeOg.vhd:10' bound to instance 'w15_U' of component 'myproject_dense_resource_ap_ufixed_8_0_4_0_0_ap_fixed_16_6_5_3_0_config15_s_w15_ROM_AUTeOg' [/home/dabadjiev/smartpixels_ml_dsabadjiev/Muon_Collider_Smart_Pixels/daniel/CrossParetoModels_shortlist_parallelInput/hls_outputs_vsynth/hls_model_trial_1046/myproject_prj/solution1/syn/vhdl/myproject_dense_resource_ap_ufixed_8_0_4_0_0_ap_fixed_16_6_5_3_0_config15_s.vhd:391]
INFO: [Synth 8-638] synthesizing module 'myproject_dense_resource_ap_ufixed_8_0_4_0_0_ap_fixed_16_6_5_3_0_config15_s_w15_ROM_AUTeOg' [/home/dabadjiev/smartpixels_ml_dsabadjiev/Muon_Collider_Smart_Pixels/daniel/CrossParetoModels_shortlist_parallelInput/hls_outputs_vsynth/hls_model_trial_1046/myproject_prj/solution1/syn/vhdl/myproject_dense_resource_ap_ufixed_8_0_4_0_0_ap_fixed_16_6_5_3_0_config15_s_w15_ROM_AUTeOg.vhd:40]
	Parameter DataWidth bound to: 8 - type: integer 
	Parameter AddressWidth bound to: 6 - type: integer 
	Parameter AddressRange bound to: 64 - type: integer 
INFO: [Synth 8-256] done synthesizing module 'myproject_dense_resource_ap_ufixed_8_0_4_0_0_ap_fixed_16_6_5_3_0_config15_s_w15_ROM_AUTeOg' (0#1) [/home/dabadjiev/smartpixels_ml_dsabadjiev/Muon_Collider_Smart_Pixels/daniel/CrossParetoModels_shortlist_parallelInput/hls_outputs_vsynth/hls_model_trial_1046/myproject_prj/solution1/syn/vhdl/myproject_dense_resource_ap_ufixed_8_0_4_0_0_ap_fixed_16_6_5_3_0_config15_s_w15_ROM_AUTeOg.vhd:40]
	Parameter ID bound to: 1 - type: integer 
	Parameter NUM_STAGE bound to: 1 - type: integer 
	Parameter CASE0 bound to: 3'b000 
	Parameter din0_WIDTH bound to: 8 - type: integer 
	Parameter CASE1 bound to: 3'b001 
	Parameter din1_WIDTH bound to: 8 - type: integer 
	Parameter CASE2 bound to: 3'b010 
	Parameter din2_WIDTH bound to: 8 - type: integer 
	Parameter CASE3 bound to: 3'b011 
	Parameter din3_WIDTH bound to: 8 - type: integer 
	Parameter CASE4 bound to: 3'b100 
	Parameter din4_WIDTH bound to: 8 - type: integer 
	Parameter CASE5 bound to: 3'b101 
	Parameter din5_WIDTH bound to: 8 - type: integer 
	Parameter CASE6 bound to: 3'b110 
	Parameter din6_WIDTH bound to: 8 - type: integer 
	Parameter CASE7 bound to: 3'b111 
	Parameter din7_WIDTH bound to: 8 - type: integer 
	Parameter def_WIDTH bound to: 8 - type: integer 
	Parameter sel_WIDTH bound to: 3 - type: integer 
	Parameter dout_WIDTH bound to: 8 - type: integer 
INFO: [Synth 8-3491] module 'myproject_sparsemux_17_3_8_1_1' declared at '/home/dabadjiev/smartpixels_ml_dsabadjiev/Muon_Collider_Smart_Pixels/daniel/CrossParetoModels_shortlist_parallelInput/hls_outputs_vsynth/hls_model_trial_1046/myproject_prj/solution1/syn/vhdl/myproject_sparsemux_17_3_8_1_1.vhd:12' bound to instance 'sparsemux_17_3_8_1_1_U36' of component 'myproject_sparsemux_17_3_8_1_1' [/home/dabadjiev/smartpixels_ml_dsabadjiev/Muon_Collider_Smart_Pixels/daniel/CrossParetoModels_shortlist_parallelInput/hls_outputs_vsynth/hls_model_trial_1046/myproject_prj/solution1/syn/vhdl/myproject_dense_resource_ap_ufixed_8_0_4_0_0_ap_fixed_16_6_5_3_0_config15_s.vhd:412]
INFO: [Synth 8-638] synthesizing module 'myproject_sparsemux_17_3_8_1_1' [/home/dabadjiev/smartpixels_ml_dsabadjiev/Muon_Collider_Smart_Pixels/daniel/CrossParetoModels_shortlist_parallelInput/hls_outputs_vsynth/hls_model_trial_1046/myproject_prj/solution1/syn/vhdl/myproject_sparsemux_17_3_8_1_1.vhd:79]
	Parameter din0_WIDTH bound to: 8 - type: integer 
	Parameter din1_WIDTH bound to: 8 - type: integer 
	Parameter din2_WIDTH bound to: 8 - type: integer 
	Parameter din3_WIDTH bound to: 8 - type: integer 
	Parameter din4_WIDTH bound to: 8 - type: integer 
	Parameter din5_WIDTH bound to: 8 - type: integer 
	Parameter din6_WIDTH bound to: 8 - type: integer 
	Parameter din7_WIDTH bound to: 8 - type: integer 
	Parameter def_WIDTH bound to: 8 - type: integer 
	Parameter sel_WIDTH bound to: 3 - type: integer 
	Parameter dout_WIDTH bound to: 8 - type: integer 
	Parameter CASE0 bound to: 3'b000 
	Parameter CASE1 bound to: 3'b001 
	Parameter CASE2 bound to: 3'b010 
	Parameter CASE3 bound to: 3'b011 
	Parameter CASE4 bound to: 3'b100 
	Parameter CASE5 bound to: 3'b101 
	Parameter CASE6 bound to: 3'b110 
	Parameter CASE7 bound to: 3'b111 
	Parameter ID bound to: 1 - type: integer 
	Parameter NUM_STAGE bound to: 1 - type: integer 
INFO: [Synth 8-226] default block is never used [/home/dabadjiev/smartpixels_ml_dsabadjiev/Muon_Collider_Smart_Pixels/daniel/CrossParetoModels_shortlist_parallelInput/hls_outputs_vsynth/hls_model_trial_1046/myproject_prj/solution1/syn/vhdl/myproject_sparsemux_17_3_8_1_1.vhd:87]
INFO: [Synth 8-256] done synthesizing module 'myproject_sparsemux_17_3_8_1_1' (0#1) [/home/dabadjiev/smartpixels_ml_dsabadjiev/Muon_Collider_Smart_Pixels/daniel/CrossParetoModels_shortlist_parallelInput/hls_outputs_vsynth/hls_model_trial_1046/myproject_prj/solution1/syn/vhdl/myproject_sparsemux_17_3_8_1_1.vhd:79]
	Parameter ID bound to: 1 - type: integer 
	Parameter NUM_STAGE bound to: 1 - type: integer 
	Parameter din0_WIDTH bound to: 8 - type: integer 
	Parameter din1_WIDTH bound to: 8 - type: integer 
	Parameter dout_WIDTH bound to: 16 - type: integer 
INFO: [Synth 8-3491] module 'myproject_mul_8s_8ns_16_1_1' declared at '/home/dabadjiev/smartpixels_ml_dsabadjiev/Muon_Collider_Smart_Pixels/daniel/CrossParetoModels_shortlist_parallelInput/hls_outputs_vsynth/hls_model_trial_1046/myproject_prj/solution1/syn/vhdl/myproject_mul_8s_8ns_16_1_1.vhd:7' bound to instance 'mul_8s_8ns_16_1_1_U37' of component 'myproject_mul_8s_8ns_16_1_1' [/home/dabadjiev/smartpixels_ml_dsabadjiev/Muon_Collider_Smart_Pixels/daniel/CrossParetoModels_shortlist_parallelInput/hls_outputs_vsynth/hls_model_trial_1046/myproject_prj/solution1/syn/vhdl/myproject_dense_resource_ap_ufixed_8_0_4_0_0_ap_fixed_16_6_5_3_0_config15_s.vhd:448]
INFO: [Synth 8-638] synthesizing module 'myproject_mul_8s_8ns_16_1_1' [/home/dabadjiev/smartpixels_ml_dsabadjiev/Muon_Collider_Smart_Pixels/daniel/CrossParetoModels_shortlist_parallelInput/hls_outputs_vsynth/hls_model_trial_1046/myproject_prj/solution1/syn/vhdl/myproject_mul_8s_8ns_16_1_1.vhd:26]
	Parameter ID bound to: 1 - type: integer 
	Parameter NUM_STAGE bound to: 1 - type: integer 
	Parameter din0_WIDTH bound to: 8 - type: integer 
	Parameter din1_WIDTH bound to: 8 - type: integer 
	Parameter dout_WIDTH bound to: 16 - type: integer 
INFO: [Synth 8-256] done synthesizing module 'myproject_mul_8s_8ns_16_1_1' (0#1) [/home/dabadjiev/smartpixels_ml_dsabadjiev/Muon_Collider_Smart_Pixels/daniel/CrossParetoModels_shortlist_parallelInput/hls_outputs_vsynth/hls_model_trial_1046/myproject_prj/solution1/syn/vhdl/myproject_mul_8s_8ns_16_1_1.vhd:26]
	Parameter ID bound to: 1 - type: integer 
	Parameter NUM_STAGE bound to: 1 - type: integer 
	Parameter din0_WIDTH bound to: 8 - type: integer 
	Parameter din1_WIDTH bound to: 8 - type: integer 
	Parameter dout_WIDTH bound to: 16 - type: integer 
INFO: [Synth 8-3491] module 'myproject_mul_8s_8ns_16_1_1' declared at '/home/dabadjiev/smartpixels_ml_dsabadjiev/Muon_Collider_Smart_Pixels/daniel/CrossParetoModels_shortlist_parallelInput/hls_outputs_vsynth/hls_model_trial_1046/myproject_prj/solution1/syn/vhdl/myproject_mul_8s_8ns_16_1_1.vhd:7' bound to instance 'mul_8s_8ns_16_1_1_U38' of component 'myproject_mul_8s_8ns_16_1_1' [/home/dabadjiev/smartpixels_ml_dsabadjiev/Muon_Collider_Smart_Pixels/daniel/CrossParetoModels_shortlist_parallelInput/hls_outputs_vsynth/hls_model_trial_1046/myproject_prj/solution1/syn/vhdl/myproject_dense_resource_ap_ufixed_8_0_4_0_0_ap_fixed_16_6_5_3_0_config15_s.vhd:460]
	Parameter ID bound to: 1 - type: integer 
	Parameter NUM_STAGE bound to: 1 - type: integer 
	Parameter din0_WIDTH bound to: 8 - type: integer 
	Parameter din1_WIDTH bound to: 8 - type: integer 
	Parameter dout_WIDTH bound to: 16 - type: integer 
INFO: [Synth 8-3491] module 'myproject_mul_8s_8ns_16_1_1' declared at '/home/dabadjiev/smartpixels_ml_dsabadjiev/Muon_Collider_Smart_Pixels/daniel/CrossParetoModels_shortlist_parallelInput/hls_outputs_vsynth/hls_model_trial_1046/myproject_prj/solution1/syn/vhdl/myproject_mul_8s_8ns_16_1_1.vhd:7' bound to instance 'mul_8s_8ns_16_1_1_U39' of component 'myproject_mul_8s_8ns_16_1_1' [/home/dabadjiev/smartpixels_ml_dsabadjiev/Muon_Collider_Smart_Pixels/daniel/CrossParetoModels_shortlist_parallelInput/hls_outputs_vsynth/hls_model_trial_1046/myproject_prj/solution1/syn/vhdl/myproject_dense_resource_ap_ufixed_8_0_4_0_0_ap_fixed_16_6_5_3_0_config15_s.vhd:472]
	Parameter ID bound to: 1 - type: integer 
	Parameter NUM_STAGE bound to: 1 - type: integer 
	Parameter din0_WIDTH bound to: 8 - type: integer 
	Parameter din1_WIDTH bound to: 8 - type: integer 
	Parameter dout_WIDTH bound to: 16 - type: integer 
INFO: [Synth 8-3491] module 'myproject_mul_8s_8ns_16_1_1' declared at '/home/dabadjiev/smartpixels_ml_dsabadjiev/Muon_Collider_Smart_Pixels/daniel/CrossParetoModels_shortlist_parallelInput/hls_outputs_vsynth/hls_model_trial_1046/myproject_prj/solution1/syn/vhdl/myproject_mul_8s_8ns_16_1_1.vhd:7' bound to instance 'mul_8s_8ns_16_1_1_U40' of component 'myproject_mul_8s_8ns_16_1_1' [/home/dabadjiev/smartpixels_ml_dsabadjiev/Muon_Collider_Smart_Pixels/daniel/CrossParetoModels_shortlist_parallelInput/hls_outputs_vsynth/hls_model_trial_1046/myproject_prj/solution1/syn/vhdl/myproject_dense_resource_ap_ufixed_8_0_4_0_0_ap_fixed_16_6_5_3_0_config15_s.vhd:484]
INFO: [Synth 8-3491] module 'myproject_flow_control_loop_pipe' declared at '/home/dabadjiev/smartpixels_ml_dsabadjiev/Muon_Collider_Smart_Pixels/daniel/CrossParetoModels_shortlist_parallelInput/hls_outputs_vsynth/hls_model_trial_1046/myproject_prj/solution1/syn/vhdl/myproject_flow_control_loop_pipe.vhd:13' bound to instance 'flow_control_loop_pipe_U' of component 'myproject_flow_control_loop_pipe' [/home/dabadjiev/smartpixels_ml_dsabadjiev/Muon_Collider_Smart_Pixels/daniel/CrossParetoModels_shortlist_parallelInput/hls_outputs_vsynth/hls_model_trial_1046/myproject_prj/solution1/syn/vhdl/myproject_dense_resource_ap_ufixed_8_0_4_0_0_ap_fixed_16_6_5_3_0_config15_s.vhd:496]
INFO: [Synth 8-256] done synthesizing module 'myproject_dense_resource_ap_ufixed_8_0_4_0_0_ap_fixed_16_6_5_3_0_config15_s' (0#1) [/home/dabadjiev/smartpixels_ml_dsabadjiev/Muon_Collider_Smart_Pixels/daniel/CrossParetoModels_shortlist_parallelInput/hls_outputs_vsynth/hls_model_trial_1046/myproject_prj/solution1/syn/vhdl/myproject_dense_resource_ap_ufixed_8_0_4_0_0_ap_fixed_16_6_5_3_0_config15_s.vhd:39]
INFO: [Synth 8-3491] module 'myproject_relu_ap_fixed_16_6_5_3_0_ap_ufixed_8_0_4_0_0_relu_config17_s' declared at '/home/dabadjiev/smartpixels_ml_dsabadjiev/Muon_Collider_Smart_Pixels/daniel/CrossParetoModels_shortlist_parallelInput/hls_outputs_vsynth/hls_model_trial_1046/myproject_prj/solution1/syn/vhdl/myproject_relu_ap_fixed_16_6_5_3_0_ap_ufixed_8_0_4_0_0_relu_config17_s.vhd:11' bound to instance 'relu_ap_fixed_16_6_5_3_0_ap_ufixed_8_0_4_0_0_relu_config17_U0' of component 'myproject_relu_ap_fixed_16_6_5_3_0_ap_ufixed_8_0_4_0_0_relu_config17_s' [/home/dabadjiev/smartpixels_ml_dsabadjiev/Muon_Collider_Smart_Pixels/daniel/CrossParetoModels_shortlist_parallelInput/hls_outputs_vsynth/hls_model_trial_1046/myproject_prj/solution1/syn/vhdl/myproject.vhd:1493]
INFO: [Synth 8-638] synthesizing module 'myproject_relu_ap_fixed_16_6_5_3_0_ap_ufixed_8_0_4_0_0_relu_config17_s' [/home/dabadjiev/smartpixels_ml_dsabadjiev/Muon_Collider_Smart_Pixels/daniel/CrossParetoModels_shortlist_parallelInput/hls_outputs_vsynth/hls_model_trial_1046/myproject_prj/solution1/syn/vhdl/myproject_relu_ap_fixed_16_6_5_3_0_ap_ufixed_8_0_4_0_0_relu_config17_s.vhd:39]
INFO: [Synth 8-256] done synthesizing module 'myproject_relu_ap_fixed_16_6_5_3_0_ap_ufixed_8_0_4_0_0_relu_config17_s' (0#1) [/home/dabadjiev/smartpixels_ml_dsabadjiev/Muon_Collider_Smart_Pixels/daniel/CrossParetoModels_shortlist_parallelInput/hls_outputs_vsynth/hls_model_trial_1046/myproject_prj/solution1/syn/vhdl/myproject_relu_ap_fixed_16_6_5_3_0_ap_ufixed_8_0_4_0_0_relu_config17_s.vhd:39]
INFO: [Synth 8-3491] module 'myproject_dense_resource_ap_ufixed_8_0_4_0_0_ap_fixed_16_6_5_3_0_config18_s' declared at '/home/dabadjiev/smartpixels_ml_dsabadjiev/Muon_Collider_Smart_Pixels/daniel/CrossParetoModels_shortlist_parallelInput/hls_outputs_vsynth/hls_model_trial_1046/myproject_prj/solution1/syn/vhdl/myproject_dense_resource_ap_ufixed_8_0_4_0_0_ap_fixed_16_6_5_3_0_config18_s.vhd:11' bound to instance 'dense_resource_ap_ufixed_8_0_4_0_0_ap_fixed_16_6_5_3_0_config18_U0' of component 'myproject_dense_resource_ap_ufixed_8_0_4_0_0_ap_fixed_16_6_5_3_0_config18_s' [/home/dabadjiev/smartpixels_ml_dsabadjiev/Muon_Collider_Smart_Pixels/daniel/CrossParetoModels_shortlist_parallelInput/hls_outputs_vsynth/hls_model_trial_1046/myproject_prj/solution1/syn/vhdl/myproject.vhd:1519]
INFO: [Synth 8-638] synthesizing module 'myproject_dense_resource_ap_ufixed_8_0_4_0_0_ap_fixed_16_6_5_3_0_config18_s' [/home/dabadjiev/smartpixels_ml_dsabadjiev/Muon_Collider_Smart_Pixels/daniel/CrossParetoModels_shortlist_parallelInput/hls_outputs_vsynth/hls_model_trial_1046/myproject_prj/solution1/syn/vhdl/myproject_dense_resource_ap_ufixed_8_0_4_0_0_ap_fixed_16_6_5_3_0_config18_s.vhd:39]
	Parameter DataWidth bound to: 1 - type: integer 
	Parameter AddressRange bound to: 16 - type: integer 
	Parameter AddressWidth bound to: 4 - type: integer 
INFO: [Synth 8-3491] module 'myproject_dense_resource_ap_ufixed_8_0_4_0_0_ap_fixed_16_6_5_3_0_config15_s_outidx_i_91dEe' declared at '/home/dabadjiev/smartpixels_ml_dsabadjiev/Muon_Collider_Smart_Pixels/daniel/CrossParetoModels_shortlist_parallelInput/hls_outputs_vsynth/hls_model_trial_1046/myproject_prj/solution1/syn/vhdl/myproject_dense_resource_ap_ufixed_8_0_4_0_0_ap_fixed_16_6_5_3_0_config15_s_outidx_i_91dEe.vhd:10' bound to instance 'outidx_i_87_U' of component 'myproject_dense_resource_ap_ufixed_8_0_4_0_0_ap_fixed_16_6_5_3_0_config15_s_outidx_i_91dEe' [/home/dabadjiev/smartpixels_ml_dsabadjiev/Muon_Collider_Smart_Pixels/daniel/CrossParetoModels_shortlist_parallelInput/hls_outputs_vsynth/hls_model_trial_1046/myproject_prj/solution1/syn/vhdl/myproject_dense_resource_ap_ufixed_8_0_4_0_0_ap_fixed_16_6_5_3_0_config18_s.vhd:379]
	Parameter DataWidth bound to: 8 - type: integer 
	Parameter AddressRange bound to: 64 - type: integer 
	Parameter AddressWidth bound to: 6 - type: integer 
INFO: [Synth 8-3491] module 'myproject_dense_resource_ap_ufixed_8_0_4_0_0_ap_fixed_16_6_5_3_0_config18_s_w18_ROM_AUTg8j' declared at '/home/dabadjiev/smartpixels_ml_dsabadjiev/Muon_Collider_Smart_Pixels/daniel/CrossParetoModels_shortlist_parallelInput/hls_outputs_vsynth/hls_model_trial_1046/myproject_prj/solution1/syn/vhdl/myproject_dense_resource_ap_ufixed_8_0_4_0_0_ap_fixed_16_6_5_3_0_config18_s_w18_ROM_AUTg8j.vhd:10' bound to instance 'w18_U' of component 'myproject_dense_resource_ap_ufixed_8_0_4_0_0_ap_fixed_16_6_5_3_0_config18_s_w18_ROM_AUTg8j' [/home/dabadjiev/smartpixels_ml_dsabadjiev/Muon_Collider_Smart_Pixels/daniel/CrossParetoModels_shortlist_parallelInput/hls_outputs_vsynth/hls_model_trial_1046/myproject_prj/solution1/syn/vhdl/myproject_dense_resource_ap_ufixed_8_0_4_0_0_ap_fixed_16_6_5_3_0_config18_s.vhd:391]
INFO: [Synth 8-638] synthesizing module 'myproject_dense_resource_ap_ufixed_8_0_4_0_0_ap_fixed_16_6_5_3_0_config18_s_w18_ROM_AUTg8j' [/home/dabadjiev/smartpixels_ml_dsabadjiev/Muon_Collider_Smart_Pixels/daniel/CrossParetoModels_shortlist_parallelInput/hls_outputs_vsynth/hls_model_trial_1046/myproject_prj/solution1/syn/vhdl/myproject_dense_resource_ap_ufixed_8_0_4_0_0_ap_fixed_16_6_5_3_0_config18_s_w18_ROM_AUTg8j.vhd:40]
	Parameter DataWidth bound to: 8 - type: integer 
	Parameter AddressWidth bound to: 6 - type: integer 
	Parameter AddressRange bound to: 64 - type: integer 
INFO: [Synth 8-256] done synthesizing module 'myproject_dense_resource_ap_ufixed_8_0_4_0_0_ap_fixed_16_6_5_3_0_config18_s_w18_ROM_AUTg8j' (0#1) [/home/dabadjiev/smartpixels_ml_dsabadjiev/Muon_Collider_Smart_Pixels/daniel/CrossParetoModels_shortlist_parallelInput/hls_outputs_vsynth/hls_model_trial_1046/myproject_prj/solution1/syn/vhdl/myproject_dense_resource_ap_ufixed_8_0_4_0_0_ap_fixed_16_6_5_3_0_config18_s_w18_ROM_AUTg8j.vhd:40]
	Parameter ID bound to: 1 - type: integer 
	Parameter NUM_STAGE bound to: 1 - type: integer 
	Parameter CASE0 bound to: 3'b000 
	Parameter din0_WIDTH bound to: 8 - type: integer 
	Parameter CASE1 bound to: 3'b001 
	Parameter din1_WIDTH bound to: 8 - type: integer 
	Parameter CASE2 bound to: 3'b010 
	Parameter din2_WIDTH bound to: 8 - type: integer 
	Parameter CASE3 bound to: 3'b011 
	Parameter din3_WIDTH bound to: 8 - type: integer 
	Parameter CASE4 bound to: 3'b100 
	Parameter din4_WIDTH bound to: 8 - type: integer 
	Parameter CASE5 bound to: 3'b101 
	Parameter din5_WIDTH bound to: 8 - type: integer 
	Parameter CASE6 bound to: 3'b110 
	Parameter din6_WIDTH bound to: 8 - type: integer 
	Parameter CASE7 bound to: 3'b111 
	Parameter din7_WIDTH bound to: 8 - type: integer 
	Parameter def_WIDTH bound to: 8 - type: integer 
	Parameter sel_WIDTH bound to: 3 - type: integer 
	Parameter dout_WIDTH bound to: 8 - type: integer 
INFO: [Synth 8-3491] module 'myproject_sparsemux_17_3_8_1_1' declared at '/home/dabadjiev/smartpixels_ml_dsabadjiev/Muon_Collider_Smart_Pixels/daniel/CrossParetoModels_shortlist_parallelInput/hls_outputs_vsynth/hls_model_trial_1046/myproject_prj/solution1/syn/vhdl/myproject_sparsemux_17_3_8_1_1.vhd:12' bound to instance 'sparsemux_17_3_8_1_1_U61' of component 'myproject_sparsemux_17_3_8_1_1' [/home/dabadjiev/smartpixels_ml_dsabadjiev/Muon_Collider_Smart_Pixels/daniel/CrossParetoModels_shortlist_parallelInput/hls_outputs_vsynth/hls_model_trial_1046/myproject_prj/solution1/syn/vhdl/myproject_dense_resource_ap_ufixed_8_0_4_0_0_ap_fixed_16_6_5_3_0_config18_s.vhd:412]
	Parameter ID bound to: 1 - type: integer 
	Parameter NUM_STAGE bound to: 1 - type: integer 
	Parameter din0_WIDTH bound to: 8 - type: integer 
	Parameter din1_WIDTH bound to: 8 - type: integer 
	Parameter dout_WIDTH bound to: 16 - type: integer 
INFO: [Synth 8-3491] module 'myproject_mul_8s_8ns_16_1_1' declared at '/home/dabadjiev/smartpixels_ml_dsabadjiev/Muon_Collider_Smart_Pixels/daniel/CrossParetoModels_shortlist_parallelInput/hls_outputs_vsynth/hls_model_trial_1046/myproject_prj/solution1/syn/vhdl/myproject_mul_8s_8ns_16_1_1.vhd:7' bound to instance 'mul_8s_8ns_16_1_1_U62' of component 'myproject_mul_8s_8ns_16_1_1' [/home/dabadjiev/smartpixels_ml_dsabadjiev/Muon_Collider_Smart_Pixels/daniel/CrossParetoModels_shortlist_parallelInput/hls_outputs_vsynth/hls_model_trial_1046/myproject_prj/solution1/syn/vhdl/myproject_dense_resource_ap_ufixed_8_0_4_0_0_ap_fixed_16_6_5_3_0_config18_s.vhd:448]
	Parameter ID bound to: 1 - type: integer 
	Parameter NUM_STAGE bound to: 1 - type: integer 
	Parameter din0_WIDTH bound to: 8 - type: integer 
	Parameter din1_WIDTH bound to: 8 - type: integer 
	Parameter dout_WIDTH bound to: 16 - type: integer 
INFO: [Synth 8-3491] module 'myproject_mul_8s_8ns_16_1_1' declared at '/home/dabadjiev/smartpixels_ml_dsabadjiev/Muon_Collider_Smart_Pixels/daniel/CrossParetoModels_shortlist_parallelInput/hls_outputs_vsynth/hls_model_trial_1046/myproject_prj/solution1/syn/vhdl/myproject_mul_8s_8ns_16_1_1.vhd:7' bound to instance 'mul_8s_8ns_16_1_1_U63' of component 'myproject_mul_8s_8ns_16_1_1' [/home/dabadjiev/smartpixels_ml_dsabadjiev/Muon_Collider_Smart_Pixels/daniel/CrossParetoModels_shortlist_parallelInput/hls_outputs_vsynth/hls_model_trial_1046/myproject_prj/solution1/syn/vhdl/myproject_dense_resource_ap_ufixed_8_0_4_0_0_ap_fixed_16_6_5_3_0_config18_s.vhd:460]
	Parameter ID bound to: 1 - type: integer 
	Parameter NUM_STAGE bound to: 1 - type: integer 
	Parameter din0_WIDTH bound to: 8 - type: integer 
	Parameter din1_WIDTH bound to: 8 - type: integer 
	Parameter dout_WIDTH bound to: 16 - type: integer 
INFO: [Synth 8-3491] module 'myproject_mul_8s_8ns_16_1_1' declared at '/home/dabadjiev/smartpixels_ml_dsabadjiev/Muon_Collider_Smart_Pixels/daniel/CrossParetoModels_shortlist_parallelInput/hls_outputs_vsynth/hls_model_trial_1046/myproject_prj/solution1/syn/vhdl/myproject_mul_8s_8ns_16_1_1.vhd:7' bound to instance 'mul_8s_8ns_16_1_1_U64' of component 'myproject_mul_8s_8ns_16_1_1' [/home/dabadjiev/smartpixels_ml_dsabadjiev/Muon_Collider_Smart_Pixels/daniel/CrossParetoModels_shortlist_parallelInput/hls_outputs_vsynth/hls_model_trial_1046/myproject_prj/solution1/syn/vhdl/myproject_dense_resource_ap_ufixed_8_0_4_0_0_ap_fixed_16_6_5_3_0_config18_s.vhd:472]
	Parameter ID bound to: 1 - type: integer 
	Parameter NUM_STAGE bound to: 1 - type: integer 
	Parameter din0_WIDTH bound to: 8 - type: integer 
	Parameter din1_WIDTH bound to: 8 - type: integer 
	Parameter dout_WIDTH bound to: 16 - type: integer 
INFO: [Synth 8-3491] module 'myproject_mul_8s_8ns_16_1_1' declared at '/home/dabadjiev/smartpixels_ml_dsabadjiev/Muon_Collider_Smart_Pixels/daniel/CrossParetoModels_shortlist_parallelInput/hls_outputs_vsynth/hls_model_trial_1046/myproject_prj/solution1/syn/vhdl/myproject_mul_8s_8ns_16_1_1.vhd:7' bound to instance 'mul_8s_8ns_16_1_1_U65' of component 'myproject_mul_8s_8ns_16_1_1' [/home/dabadjiev/smartpixels_ml_dsabadjiev/Muon_Collider_Smart_Pixels/daniel/CrossParetoModels_shortlist_parallelInput/hls_outputs_vsynth/hls_model_trial_1046/myproject_prj/solution1/syn/vhdl/myproject_dense_resource_ap_ufixed_8_0_4_0_0_ap_fixed_16_6_5_3_0_config18_s.vhd:484]
INFO: [Synth 8-3491] module 'myproject_flow_control_loop_pipe' declared at '/home/dabadjiev/smartpixels_ml_dsabadjiev/Muon_Collider_Smart_Pixels/daniel/CrossParetoModels_shortlist_parallelInput/hls_outputs_vsynth/hls_model_trial_1046/myproject_prj/solution1/syn/vhdl/myproject_flow_control_loop_pipe.vhd:13' bound to instance 'flow_control_loop_pipe_U' of component 'myproject_flow_control_loop_pipe' [/home/dabadjiev/smartpixels_ml_dsabadjiev/Muon_Collider_Smart_Pixels/daniel/CrossParetoModels_shortlist_parallelInput/hls_outputs_vsynth/hls_model_trial_1046/myproject_prj/solution1/syn/vhdl/myproject_dense_resource_ap_ufixed_8_0_4_0_0_ap_fixed_16_6_5_3_0_config18_s.vhd:496]
INFO: [Synth 8-256] done synthesizing module 'myproject_dense_resource_ap_ufixed_8_0_4_0_0_ap_fixed_16_6_5_3_0_config18_s' (0#1) [/home/dabadjiev/smartpixels_ml_dsabadjiev/Muon_Collider_Smart_Pixels/daniel/CrossParetoModels_shortlist_parallelInput/hls_outputs_vsynth/hls_model_trial_1046/myproject_prj/solution1/syn/vhdl/myproject_dense_resource_ap_ufixed_8_0_4_0_0_ap_fixed_16_6_5_3_0_config18_s.vhd:39]
INFO: [Synth 8-3491] module 'myproject_relu_ap_fixed_16_6_5_3_0_ap_ufixed_8_0_4_0_0_relu_config20_s' declared at '/home/dabadjiev/smartpixels_ml_dsabadjiev/Muon_Collider_Smart_Pixels/daniel/CrossParetoModels_shortlist_parallelInput/hls_outputs_vsynth/hls_model_trial_1046/myproject_prj/solution1/syn/vhdl/myproject_relu_ap_fixed_16_6_5_3_0_ap_ufixed_8_0_4_0_0_relu_config20_s.vhd:11' bound to instance 'relu_ap_fixed_16_6_5_3_0_ap_ufixed_8_0_4_0_0_relu_config20_U0' of component 'myproject_relu_ap_fixed_16_6_5_3_0_ap_ufixed_8_0_4_0_0_relu_config20_s' [/home/dabadjiev/smartpixels_ml_dsabadjiev/Muon_Collider_Smart_Pixels/daniel/CrossParetoModels_shortlist_parallelInput/hls_outputs_vsynth/hls_model_trial_1046/myproject_prj/solution1/syn/vhdl/myproject.vhd:1545]
INFO: [Synth 8-638] synthesizing module 'myproject_relu_ap_fixed_16_6_5_3_0_ap_ufixed_8_0_4_0_0_relu_config20_s' [/home/dabadjiev/smartpixels_ml_dsabadjiev/Muon_Collider_Smart_Pixels/daniel/CrossParetoModels_shortlist_parallelInput/hls_outputs_vsynth/hls_model_trial_1046/myproject_prj/solution1/syn/vhdl/myproject_relu_ap_fixed_16_6_5_3_0_ap_ufixed_8_0_4_0_0_relu_config20_s.vhd:39]
INFO: [Synth 8-256] done synthesizing module 'myproject_relu_ap_fixed_16_6_5_3_0_ap_ufixed_8_0_4_0_0_relu_config20_s' (0#1) [/home/dabadjiev/smartpixels_ml_dsabadjiev/Muon_Collider_Smart_Pixels/daniel/CrossParetoModels_shortlist_parallelInput/hls_outputs_vsynth/hls_model_trial_1046/myproject_prj/solution1/syn/vhdl/myproject_relu_ap_fixed_16_6_5_3_0_ap_ufixed_8_0_4_0_0_relu_config20_s.vhd:39]
INFO: [Synth 8-3491] module 'myproject_dense_resource_ap_ufixed_8_0_4_0_0_ap_fixed_16_6_5_3_0_config21_s' declared at '/home/dabadjiev/smartpixels_ml_dsabadjiev/Muon_Collider_Smart_Pixels/daniel/CrossParetoModels_shortlist_parallelInput/hls_outputs_vsynth/hls_model_trial_1046/myproject_prj/solution1/syn/vhdl/myproject_dense_resource_ap_ufixed_8_0_4_0_0_ap_fixed_16_6_5_3_0_config21_s.vhd:11' bound to instance 'dense_resource_ap_ufixed_8_0_4_0_0_ap_fixed_16_6_5_3_0_config21_U0' of component 'myproject_dense_resource_ap_ufixed_8_0_4_0_0_ap_fixed_16_6_5_3_0_config21_s' [/home/dabadjiev/smartpixels_ml_dsabadjiev/Muon_Collider_Smart_Pixels/daniel/CrossParetoModels_shortlist_parallelInput/hls_outputs_vsynth/hls_model_trial_1046/myproject_prj/solution1/syn/vhdl/myproject.vhd:1571]
INFO: [Synth 8-638] synthesizing module 'myproject_dense_resource_ap_ufixed_8_0_4_0_0_ap_fixed_16_6_5_3_0_config21_s' [/home/dabadjiev/smartpixels_ml_dsabadjiev/Muon_Collider_Smart_Pixels/daniel/CrossParetoModels_shortlist_parallelInput/hls_outputs_vsynth/hls_model_trial_1046/myproject_prj/solution1/syn/vhdl/myproject_dense_resource_ap_ufixed_8_0_4_0_0_ap_fixed_16_6_5_3_0_config21_s.vhd:39]
	Parameter DataWidth bound to: 1 - type: integer 
	Parameter AddressRange bound to: 16 - type: integer 
	Parameter AddressWidth bound to: 4 - type: integer 
INFO: [Synth 8-3491] module 'myproject_dense_resource_ap_ufixed_8_0_4_0_0_ap_fixed_16_6_5_3_0_config15_s_outidx_i_91dEe' declared at '/home/dabadjiev/smartpixels_ml_dsabadjiev/Muon_Collider_Smart_Pixels/daniel/CrossParetoModels_shortlist_parallelInput/hls_outputs_vsynth/hls_model_trial_1046/myproject_prj/solution1/syn/vhdl/myproject_dense_resource_ap_ufixed_8_0_4_0_0_ap_fixed_16_6_5_3_0_config15_s_outidx_i_91dEe.vhd:10' bound to instance 'outidx_i_U' of component 'myproject_dense_resource_ap_ufixed_8_0_4_0_0_ap_fixed_16_6_5_3_0_config15_s_outidx_i_91dEe' [/home/dabadjiev/smartpixels_ml_dsabadjiev/Muon_Collider_Smart_Pixels/daniel/CrossParetoModels_shortlist_parallelInput/hls_outputs_vsynth/hls_model_trial_1046/myproject_prj/solution1/syn/vhdl/myproject_dense_resource_ap_ufixed_8_0_4_0_0_ap_fixed_16_6_5_3_0_config21_s.vhd:378]
	Parameter DataWidth bound to: 8 - type: integer 
	Parameter AddressRange bound to: 64 - type: integer 
	Parameter AddressWidth bound to: 6 - type: integer 
INFO: [Synth 8-3491] module 'myproject_dense_resource_ap_ufixed_8_0_4_0_0_ap_fixed_16_6_5_3_0_config21_s_w21_ROM_AUTibs' declared at '/home/dabadjiev/smartpixels_ml_dsabadjiev/Muon_Collider_Smart_Pixels/daniel/CrossParetoModels_shortlist_parallelInput/hls_outputs_vsynth/hls_model_trial_1046/myproject_prj/solution1/syn/vhdl/myproject_dense_resource_ap_ufixed_8_0_4_0_0_ap_fixed_16_6_5_3_0_config21_s_w21_ROM_AUTibs.vhd:10' bound to instance 'w21_U' of component 'myproject_dense_resource_ap_ufixed_8_0_4_0_0_ap_fixed_16_6_5_3_0_config21_s_w21_ROM_AUTibs' [/home/dabadjiev/smartpixels_ml_dsabadjiev/Muon_Collider_Smart_Pixels/daniel/CrossParetoModels_shortlist_parallelInput/hls_outputs_vsynth/hls_model_trial_1046/myproject_prj/solution1/syn/vhdl/myproject_dense_resource_ap_ufixed_8_0_4_0_0_ap_fixed_16_6_5_3_0_config21_s.vhd:390]
INFO: [Synth 8-638] synthesizing module 'myproject_dense_resource_ap_ufixed_8_0_4_0_0_ap_fixed_16_6_5_3_0_config21_s_w21_ROM_AUTibs' [/home/dabadjiev/smartpixels_ml_dsabadjiev/Muon_Collider_Smart_Pixels/daniel/CrossParetoModels_shortlist_parallelInput/hls_outputs_vsynth/hls_model_trial_1046/myproject_prj/solution1/syn/vhdl/myproject_dense_resource_ap_ufixed_8_0_4_0_0_ap_fixed_16_6_5_3_0_config21_s_w21_ROM_AUTibs.vhd:40]
	Parameter DataWidth bound to: 8 - type: integer 
	Parameter AddressWidth bound to: 6 - type: integer 
	Parameter AddressRange bound to: 64 - type: integer 
INFO: [Synth 8-256] done synthesizing module 'myproject_dense_resource_ap_ufixed_8_0_4_0_0_ap_fixed_16_6_5_3_0_config21_s_w21_ROM_AUTibs' (0#1) [/home/dabadjiev/smartpixels_ml_dsabadjiev/Muon_Collider_Smart_Pixels/daniel/CrossParetoModels_shortlist_parallelInput/hls_outputs_vsynth/hls_model_trial_1046/myproject_prj/solution1/syn/vhdl/myproject_dense_resource_ap_ufixed_8_0_4_0_0_ap_fixed_16_6_5_3_0_config21_s_w21_ROM_AUTibs.vhd:40]
	Parameter ID bound to: 1 - type: integer 
	Parameter NUM_STAGE bound to: 1 - type: integer 
	Parameter CASE0 bound to: 3'b000 
	Parameter din0_WIDTH bound to: 8 - type: integer 
	Parameter CASE1 bound to: 3'b001 
	Parameter din1_WIDTH bound to: 8 - type: integer 
	Parameter CASE2 bound to: 3'b010 
	Parameter din2_WIDTH bound to: 8 - type: integer 
	Parameter CASE3 bound to: 3'b011 
	Parameter din3_WIDTH bound to: 8 - type: integer 
	Parameter CASE4 bound to: 3'b100 
	Parameter din4_WIDTH bound to: 8 - type: integer 
	Parameter CASE5 bound to: 3'b101 
	Parameter din5_WIDTH bound to: 8 - type: integer 
	Parameter CASE6 bound to: 3'b110 
	Parameter din6_WIDTH bound to: 8 - type: integer 
	Parameter CASE7 bound to: 3'b111 
	Parameter din7_WIDTH bound to: 8 - type: integer 
	Parameter def_WIDTH bound to: 8 - type: integer 
	Parameter sel_WIDTH bound to: 3 - type: integer 
	Parameter dout_WIDTH bound to: 8 - type: integer 
INFO: [Synth 8-3491] module 'myproject_sparsemux_17_3_8_1_1' declared at '/home/dabadjiev/smartpixels_ml_dsabadjiev/Muon_Collider_Smart_Pixels/daniel/CrossParetoModels_shortlist_parallelInput/hls_outputs_vsynth/hls_model_trial_1046/myproject_prj/solution1/syn/vhdl/myproject_sparsemux_17_3_8_1_1.vhd:12' bound to instance 'sparsemux_17_3_8_1_1_U83' of component 'myproject_sparsemux_17_3_8_1_1' [/home/dabadjiev/smartpixels_ml_dsabadjiev/Muon_Collider_Smart_Pixels/daniel/CrossParetoModels_shortlist_parallelInput/hls_outputs_vsynth/hls_model_trial_1046/myproject_prj/solution1/syn/vhdl/myproject_dense_resource_ap_ufixed_8_0_4_0_0_ap_fixed_16_6_5_3_0_config21_s.vhd:411]
	Parameter ID bound to: 1 - type: integer 
	Parameter NUM_STAGE bound to: 1 - type: integer 
	Parameter din0_WIDTH bound to: 8 - type: integer 
	Parameter din1_WIDTH bound to: 8 - type: integer 
	Parameter dout_WIDTH bound to: 16 - type: integer 
INFO: [Synth 8-3491] module 'myproject_mul_8s_8ns_16_1_1' declared at '/home/dabadjiev/smartpixels_ml_dsabadjiev/Muon_Collider_Smart_Pixels/daniel/CrossParetoModels_shortlist_parallelInput/hls_outputs_vsynth/hls_model_trial_1046/myproject_prj/solution1/syn/vhdl/myproject_mul_8s_8ns_16_1_1.vhd:7' bound to instance 'mul_8s_8ns_16_1_1_U84' of component 'myproject_mul_8s_8ns_16_1_1' [/home/dabadjiev/smartpixels_ml_dsabadjiev/Muon_Collider_Smart_Pixels/daniel/CrossParetoModels_shortlist_parallelInput/hls_outputs_vsynth/hls_model_trial_1046/myproject_prj/solution1/syn/vhdl/myproject_dense_resource_ap_ufixed_8_0_4_0_0_ap_fixed_16_6_5_3_0_config21_s.vhd:447]
	Parameter ID bound to: 1 - type: integer 
	Parameter NUM_STAGE bound to: 1 - type: integer 
	Parameter din0_WIDTH bound to: 8 - type: integer 
	Parameter din1_WIDTH bound to: 8 - type: integer 
	Parameter dout_WIDTH bound to: 16 - type: integer 
INFO: [Synth 8-3491] module 'myproject_mul_8s_8ns_16_1_1' declared at '/home/dabadjiev/smartpixels_ml_dsabadjiev/Muon_Collider_Smart_Pixels/daniel/CrossParetoModels_shortlist_parallelInput/hls_outputs_vsynth/hls_model_trial_1046/myproject_prj/solution1/syn/vhdl/myproject_mul_8s_8ns_16_1_1.vhd:7' bound to instance 'mul_8s_8ns_16_1_1_U85' of component 'myproject_mul_8s_8ns_16_1_1' [/home/dabadjiev/smartpixels_ml_dsabadjiev/Muon_Collider_Smart_Pixels/daniel/CrossParetoModels_shortlist_parallelInput/hls_outputs_vsynth/hls_model_trial_1046/myproject_prj/solution1/syn/vhdl/myproject_dense_resource_ap_ufixed_8_0_4_0_0_ap_fixed_16_6_5_3_0_config21_s.vhd:459]
	Parameter ID bound to: 1 - type: integer 
	Parameter NUM_STAGE bound to: 1 - type: integer 
	Parameter din0_WIDTH bound to: 8 - type: integer 
	Parameter din1_WIDTH bound to: 8 - type: integer 
	Parameter dout_WIDTH bound to: 16 - type: integer 
INFO: [Synth 8-3491] module 'myproject_mul_8s_8ns_16_1_1' declared at '/home/dabadjiev/smartpixels_ml_dsabadjiev/Muon_Collider_Smart_Pixels/daniel/CrossParetoModels_shortlist_parallelInput/hls_outputs_vsynth/hls_model_trial_1046/myproject_prj/solution1/syn/vhdl/myproject_mul_8s_8ns_16_1_1.vhd:7' bound to instance 'mul_8s_8ns_16_1_1_U86' of component 'myproject_mul_8s_8ns_16_1_1' [/home/dabadjiev/smartpixels_ml_dsabadjiev/Muon_Collider_Smart_Pixels/daniel/CrossParetoModels_shortlist_parallelInput/hls_outputs_vsynth/hls_model_trial_1046/myproject_prj/solution1/syn/vhdl/myproject_dense_resource_ap_ufixed_8_0_4_0_0_ap_fixed_16_6_5_3_0_config21_s.vhd:471]
	Parameter ID bound to: 1 - type: integer 
	Parameter NUM_STAGE bound to: 1 - type: integer 
	Parameter din0_WIDTH bound to: 8 - type: integer 
	Parameter din1_WIDTH bound to: 8 - type: integer 
	Parameter dout_WIDTH bound to: 16 - type: integer 
INFO: [Synth 8-3491] module 'myproject_mul_8s_8ns_16_1_1' declared at '/home/dabadjiev/smartpixels_ml_dsabadjiev/Muon_Collider_Smart_Pixels/daniel/CrossParetoModels_shortlist_parallelInput/hls_outputs_vsynth/hls_model_trial_1046/myproject_prj/solution1/syn/vhdl/myproject_mul_8s_8ns_16_1_1.vhd:7' bound to instance 'mul_8s_8ns_16_1_1_U87' of component 'myproject_mul_8s_8ns_16_1_1' [/home/dabadjiev/smartpixels_ml_dsabadjiev/Muon_Collider_Smart_Pixels/daniel/CrossParetoModels_shortlist_parallelInput/hls_outputs_vsynth/hls_model_trial_1046/myproject_prj/solution1/syn/vhdl/myproject_dense_resource_ap_ufixed_8_0_4_0_0_ap_fixed_16_6_5_3_0_config21_s.vhd:483]
INFO: [Synth 8-3491] module 'myproject_flow_control_loop_pipe' declared at '/home/dabadjiev/smartpixels_ml_dsabadjiev/Muon_Collider_Smart_Pixels/daniel/CrossParetoModels_shortlist_parallelInput/hls_outputs_vsynth/hls_model_trial_1046/myproject_prj/solution1/syn/vhdl/myproject_flow_control_loop_pipe.vhd:13' bound to instance 'flow_control_loop_pipe_U' of component 'myproject_flow_control_loop_pipe' [/home/dabadjiev/smartpixels_ml_dsabadjiev/Muon_Collider_Smart_Pixels/daniel/CrossParetoModels_shortlist_parallelInput/hls_outputs_vsynth/hls_model_trial_1046/myproject_prj/solution1/syn/vhdl/myproject_dense_resource_ap_ufixed_8_0_4_0_0_ap_fixed_16_6_5_3_0_config21_s.vhd:495]
INFO: [Synth 8-256] done synthesizing module 'myproject_dense_resource_ap_ufixed_8_0_4_0_0_ap_fixed_16_6_5_3_0_config21_s' (0#1) [/home/dabadjiev/smartpixels_ml_dsabadjiev/Muon_Collider_Smart_Pixels/daniel/CrossParetoModels_shortlist_parallelInput/hls_outputs_vsynth/hls_model_trial_1046/myproject_prj/solution1/syn/vhdl/myproject_dense_resource_ap_ufixed_8_0_4_0_0_ap_fixed_16_6_5_3_0_config21_s.vhd:39]
INFO: [Synth 8-3491] module 'myproject_relu_ap_fixed_16_6_5_3_0_ap_ufixed_8_0_4_0_0_relu_config23_s' declared at '/home/dabadjiev/smartpixels_ml_dsabadjiev/Muon_Collider_Smart_Pixels/daniel/CrossParetoModels_shortlist_parallelInput/hls_outputs_vsynth/hls_model_trial_1046/myproject_prj/solution1/syn/vhdl/myproject_relu_ap_fixed_16_6_5_3_0_ap_ufixed_8_0_4_0_0_relu_config23_s.vhd:11' bound to instance 'relu_ap_fixed_16_6_5_3_0_ap_ufixed_8_0_4_0_0_relu_config23_U0' of component 'myproject_relu_ap_fixed_16_6_5_3_0_ap_ufixed_8_0_4_0_0_relu_config23_s' [/home/dabadjiev/smartpixels_ml_dsabadjiev/Muon_Collider_Smart_Pixels/daniel/CrossParetoModels_shortlist_parallelInput/hls_outputs_vsynth/hls_model_trial_1046/myproject_prj/solution1/syn/vhdl/myproject.vhd:1597]
INFO: [Synth 8-638] synthesizing module 'myproject_relu_ap_fixed_16_6_5_3_0_ap_ufixed_8_0_4_0_0_relu_config23_s' [/home/dabadjiev/smartpixels_ml_dsabadjiev/Muon_Collider_Smart_Pixels/daniel/CrossParetoModels_shortlist_parallelInput/hls_outputs_vsynth/hls_model_trial_1046/myproject_prj/solution1/syn/vhdl/myproject_relu_ap_fixed_16_6_5_3_0_ap_ufixed_8_0_4_0_0_relu_config23_s.vhd:39]
INFO: [Synth 8-256] done synthesizing module 'myproject_relu_ap_fixed_16_6_5_3_0_ap_ufixed_8_0_4_0_0_relu_config23_s' (0#1) [/home/dabadjiev/smartpixels_ml_dsabadjiev/Muon_Collider_Smart_Pixels/daniel/CrossParetoModels_shortlist_parallelInput/hls_outputs_vsynth/hls_model_trial_1046/myproject_prj/solution1/syn/vhdl/myproject_relu_ap_fixed_16_6_5_3_0_ap_ufixed_8_0_4_0_0_relu_config23_s.vhd:39]
INFO: [Synth 8-3491] module 'myproject_dense_resource_ap_ufixed_8_0_4_0_0_ap_fixed_16_6_5_3_0_config24_s' declared at '/home/dabadjiev/smartpixels_ml_dsabadjiev/Muon_Collider_Smart_Pixels/daniel/CrossParetoModels_shortlist_parallelInput/hls_outputs_vsynth/hls_model_trial_1046/myproject_prj/solution1/syn/vhdl/myproject_dense_resource_ap_ufixed_8_0_4_0_0_ap_fixed_16_6_5_3_0_config24_s.vhd:11' bound to instance 'dense_resource_ap_ufixed_8_0_4_0_0_ap_fixed_16_6_5_3_0_config24_U0' of component 'myproject_dense_resource_ap_ufixed_8_0_4_0_0_ap_fixed_16_6_5_3_0_config24_s' [/home/dabadjiev/smartpixels_ml_dsabadjiev/Muon_Collider_Smart_Pixels/daniel/CrossParetoModels_shortlist_parallelInput/hls_outputs_vsynth/hls_model_trial_1046/myproject_prj/solution1/syn/vhdl/myproject.vhd:1623]
INFO: [Synth 8-638] synthesizing module 'myproject_dense_resource_ap_ufixed_8_0_4_0_0_ap_fixed_16_6_5_3_0_config24_s' [/home/dabadjiev/smartpixels_ml_dsabadjiev/Muon_Collider_Smart_Pixels/daniel/CrossParetoModels_shortlist_parallelInput/hls_outputs_vsynth/hls_model_trial_1046/myproject_prj/solution1/syn/vhdl/myproject_dense_resource_ap_ufixed_8_0_4_0_0_ap_fixed_16_6_5_3_0_config24_s.vhd:32]
	Parameter DataWidth bound to: 8 - type: integer 
	Parameter AddressRange bound to: 8 - type: integer 
	Parameter AddressWidth bound to: 3 - type: integer 
INFO: [Synth 8-3491] module 'myproject_dense_resource_ap_ufixed_8_0_4_0_0_ap_fixed_16_6_5_3_0_config24_s_w24_ROM_AUTjbC' declared at '/home/dabadjiev/smartpixels_ml_dsabadjiev/Muon_Collider_Smart_Pixels/daniel/CrossParetoModels_shortlist_parallelInput/hls_outputs_vsynth/hls_model_trial_1046/myproject_prj/solution1/syn/vhdl/myproject_dense_resource_ap_ufixed_8_0_4_0_0_ap_fixed_16_6_5_3_0_config24_s_w24_ROM_AUTjbC.vhd:10' bound to instance 'w24_U' of component 'myproject_dense_resource_ap_ufixed_8_0_4_0_0_ap_fixed_16_6_5_3_0_config24_s_w24_ROM_AUTjbC' [/home/dabadjiev/smartpixels_ml_dsabadjiev/Muon_Collider_Smart_Pixels/daniel/CrossParetoModels_shortlist_parallelInput/hls_outputs_vsynth/hls_model_trial_1046/myproject_prj/solution1/syn/vhdl/myproject_dense_resource_ap_ufixed_8_0_4_0_0_ap_fixed_16_6_5_3_0_config24_s.vhd:237]
INFO: [Synth 8-638] synthesizing module 'myproject_dense_resource_ap_ufixed_8_0_4_0_0_ap_fixed_16_6_5_3_0_config24_s_w24_ROM_AUTjbC' [/home/dabadjiev/smartpixels_ml_dsabadjiev/Muon_Collider_Smart_Pixels/daniel/CrossParetoModels_shortlist_parallelInput/hls_outputs_vsynth/hls_model_trial_1046/myproject_prj/solution1/syn/vhdl/myproject_dense_resource_ap_ufixed_8_0_4_0_0_ap_fixed_16_6_5_3_0_config24_s_w24_ROM_AUTjbC.vhd:28]
	Parameter DataWidth bound to: 8 - type: integer 
	Parameter AddressWidth bound to: 3 - type: integer 
	Parameter AddressRange bound to: 8 - type: integer 
INFO: [Synth 8-256] done synthesizing module 'myproject_dense_resource_ap_ufixed_8_0_4_0_0_ap_fixed_16_6_5_3_0_config24_s_w24_ROM_AUTjbC' (0#1) [/home/dabadjiev/smartpixels_ml_dsabadjiev/Muon_Collider_Smart_Pixels/daniel/CrossParetoModels_shortlist_parallelInput/hls_outputs_vsynth/hls_model_trial_1046/myproject_prj/solution1/syn/vhdl/myproject_dense_resource_ap_ufixed_8_0_4_0_0_ap_fixed_16_6_5_3_0_config24_s_w24_ROM_AUTjbC.vhd:28]
	Parameter ID bound to: 1 - type: integer 
	Parameter NUM_STAGE bound to: 1 - type: integer 
	Parameter CASE0 bound to: 3'b000 
	Parameter din0_WIDTH bound to: 8 - type: integer 
	Parameter CASE1 bound to: 3'b001 
	Parameter din1_WIDTH bound to: 8 - type: integer 
	Parameter CASE2 bound to: 3'b010 
	Parameter din2_WIDTH bound to: 8 - type: integer 
	Parameter CASE3 bound to: 3'b011 
	Parameter din3_WIDTH bound to: 8 - type: integer 
	Parameter CASE4 bound to: 3'b100 
	Parameter din4_WIDTH bound to: 8 - type: integer 
	Parameter CASE5 bound to: 3'b101 
	Parameter din5_WIDTH bound to: 8 - type: integer 
	Parameter CASE6 bound to: 3'b110 
	Parameter din6_WIDTH bound to: 8 - type: integer 
	Parameter CASE7 bound to: 3'b111 
	Parameter din7_WIDTH bound to: 8 - type: integer 
	Parameter def_WIDTH bound to: 8 - type: integer 
	Parameter sel_WIDTH bound to: 3 - type: integer 
	Parameter dout_WIDTH bound to: 8 - type: integer 
INFO: [Synth 8-3491] module 'myproject_sparsemux_17_3_8_1_1' declared at '/home/dabadjiev/smartpixels_ml_dsabadjiev/Muon_Collider_Smart_Pixels/daniel/CrossParetoModels_shortlist_parallelInput/hls_outputs_vsynth/hls_model_trial_1046/myproject_prj/solution1/syn/vhdl/myproject_sparsemux_17_3_8_1_1.vhd:12' bound to instance 'sparsemux_17_3_8_1_1_U105' of component 'myproject_sparsemux_17_3_8_1_1' [/home/dabadjiev/smartpixels_ml_dsabadjiev/Muon_Collider_Smart_Pixels/daniel/CrossParetoModels_shortlist_parallelInput/hls_outputs_vsynth/hls_model_trial_1046/myproject_prj/solution1/syn/vhdl/myproject_dense_resource_ap_ufixed_8_0_4_0_0_ap_fixed_16_6_5_3_0_config24_s.vhd:249]
	Parameter ID bound to: 1 - type: integer 
	Parameter NUM_STAGE bound to: 1 - type: integer 
	Parameter din0_WIDTH bound to: 8 - type: integer 
	Parameter din1_WIDTH bound to: 8 - type: integer 
	Parameter dout_WIDTH bound to: 16 - type: integer 
INFO: [Synth 8-3491] module 'myproject_mul_8s_8ns_16_1_1' declared at '/home/dabadjiev/smartpixels_ml_dsabadjiev/Muon_Collider_Smart_Pixels/daniel/CrossParetoModels_shortlist_parallelInput/hls_outputs_vsynth/hls_model_trial_1046/myproject_prj/solution1/syn/vhdl/myproject_mul_8s_8ns_16_1_1.vhd:7' bound to instance 'mul_8s_8ns_16_1_1_U106' of component 'myproject_mul_8s_8ns_16_1_1' [/home/dabadjiev/smartpixels_ml_dsabadjiev/Muon_Collider_Smart_Pixels/daniel/CrossParetoModels_shortlist_parallelInput/hls_outputs_vsynth/hls_model_trial_1046/myproject_prj/solution1/syn/vhdl/myproject_dense_resource_ap_ufixed_8_0_4_0_0_ap_fixed_16_6_5_3_0_config24_s.vhd:285]
INFO: [Synth 8-3491] module 'myproject_flow_control_loop_pipe' declared at '/home/dabadjiev/smartpixels_ml_dsabadjiev/Muon_Collider_Smart_Pixels/daniel/CrossParetoModels_shortlist_parallelInput/hls_outputs_vsynth/hls_model_trial_1046/myproject_prj/solution1/syn/vhdl/myproject_flow_control_loop_pipe.vhd:13' bound to instance 'flow_control_loop_pipe_U' of component 'myproject_flow_control_loop_pipe' [/home/dabadjiev/smartpixels_ml_dsabadjiev/Muon_Collider_Smart_Pixels/daniel/CrossParetoModels_shortlist_parallelInput/hls_outputs_vsynth/hls_model_trial_1046/myproject_prj/solution1/syn/vhdl/myproject_dense_resource_ap_ufixed_8_0_4_0_0_ap_fixed_16_6_5_3_0_config24_s.vhd:297]
INFO: [Synth 8-256] done synthesizing module 'myproject_dense_resource_ap_ufixed_8_0_4_0_0_ap_fixed_16_6_5_3_0_config24_s' (0#1) [/home/dabadjiev/smartpixels_ml_dsabadjiev/Muon_Collider_Smart_Pixels/daniel/CrossParetoModels_shortlist_parallelInput/hls_outputs_vsynth/hls_model_trial_1046/myproject_prj/solution1/syn/vhdl/myproject_dense_resource_ap_ufixed_8_0_4_0_0_ap_fixed_16_6_5_3_0_config24_s.vhd:32]
INFO: [Synth 8-3491] module 'myproject_hard_sigmoid_ap_fixed_ap_ufixed_8_0_4_0_0_hard_sigmoid_config26_s' declared at '/home/dabadjiev/smartpixels_ml_dsabadjiev/Muon_Collider_Smart_Pixels/daniel/CrossParetoModels_shortlist_parallelInput/hls_outputs_vsynth/hls_model_trial_1046/myproject_prj/solution1/syn/vhdl/myproject_hard_sigmoid_ap_fixed_ap_ufixed_8_0_4_0_0_hard_sigmoid_config26_s.vhd:11' bound to instance 'hard_sigmoid_ap_fixed_ap_ufixed_8_0_4_0_0_hard_sigmoid_config26_U0' of component 'myproject_hard_sigmoid_ap_fixed_ap_ufixed_8_0_4_0_0_hard_sigmoid_config26_s' [/home/dabadjiev/smartpixels_ml_dsabadjiev/Muon_Collider_Smart_Pixels/daniel/CrossParetoModels_shortlist_parallelInput/hls_outputs_vsynth/hls_model_trial_1046/myproject_prj/solution1/syn/vhdl/myproject.vhd:1642]
INFO: [Synth 8-638] synthesizing module 'myproject_hard_sigmoid_ap_fixed_ap_ufixed_8_0_4_0_0_hard_sigmoid_config26_s' [/home/dabadjiev/smartpixels_ml_dsabadjiev/Muon_Collider_Smart_Pixels/daniel/CrossParetoModels_shortlist_parallelInput/hls_outputs_vsynth/hls_model_trial_1046/myproject_prj/solution1/syn/vhdl/myproject_hard_sigmoid_ap_fixed_ap_ufixed_8_0_4_0_0_hard_sigmoid_config26_s.vhd:27]
INFO: [Synth 8-256] done synthesizing module 'myproject_hard_sigmoid_ap_fixed_ap_ufixed_8_0_4_0_0_hard_sigmoid_config26_s' (0#1) [/home/dabadjiev/smartpixels_ml_dsabadjiev/Muon_Collider_Smart_Pixels/daniel/CrossParetoModels_shortlist_parallelInput/hls_outputs_vsynth/hls_model_trial_1046/myproject_prj/solution1/syn/vhdl/myproject_hard_sigmoid_ap_fixed_ap_ufixed_8_0_4_0_0_hard_sigmoid_config26_s.vhd:27]
INFO: [Synth 8-3491] module 'myproject_fifo_w10_d2_S' declared at '/home/dabadjiev/smartpixels_ml_dsabadjiev/Muon_Collider_Smart_Pixels/daniel/CrossParetoModels_shortlist_parallelInput/hls_outputs_vsynth/hls_model_trial_1046/myproject_prj/solution1/syn/vhdl/myproject_fifo_w10_d2_S.vhd:13' bound to instance 'layer3_out_U' of component 'myproject_fifo_w10_d2_S' [/home/dabadjiev/smartpixels_ml_dsabadjiev/Muon_Collider_Smart_Pixels/daniel/CrossParetoModels_shortlist_parallelInput/hls_outputs_vsynth/hls_model_trial_1046/myproject_prj/solution1/syn/vhdl/myproject.vhd:1656]
INFO: [Synth 8-638] synthesizing module 'myproject_fifo_w10_d2_S' [/home/dabadjiev/smartpixels_ml_dsabadjiev/Muon_Collider_Smart_Pixels/daniel/CrossParetoModels_shortlist_parallelInput/hls_outputs_vsynth/hls_model_trial_1046/myproject_prj/solution1/syn/vhdl/myproject_fifo_w10_d2_S.vhd:40]
	Parameter DATA_WIDTH bound to: 10 - type: integer 
	Parameter ADDR_WIDTH bound to: 2 - type: integer 
	Parameter DEPTH bound to: 2 - type: integer 
INFO: [Synth 8-3491] module 'myproject_fifo_w10_d2_S_ShiftReg' declared at '/home/dabadjiev/smartpixels_ml_dsabadjiev/Muon_Collider_Smart_Pixels/daniel/CrossParetoModels_shortlist_parallelInput/hls_outputs_vsynth/hls_model_trial_1046/myproject_prj/solution1/syn/vhdl/myproject_fifo_w10_d2_S.vhd:166' bound to instance 'U_myproject_fifo_w10_d2_S_ShiftReg' of component 'myproject_fifo_w10_d2_S_ShiftReg' [/home/dabadjiev/smartpixels_ml_dsabadjiev/Muon_Collider_Smart_Pixels/daniel/CrossParetoModels_shortlist_parallelInput/hls_outputs_vsynth/hls_model_trial_1046/myproject_prj/solution1/syn/vhdl/myproject_fifo_w10_d2_S.vhd:69]
INFO: [Synth 8-638] synthesizing module 'myproject_fifo_w10_d2_S_ShiftReg' [/home/dabadjiev/smartpixels_ml_dsabadjiev/Muon_Collider_Smart_Pixels/daniel/CrossParetoModels_shortlist_parallelInput/hls_outputs_vsynth/hls_model_trial_1046/myproject_prj/solution1/syn/vhdl/myproject_fifo_w10_d2_S.vhd:179]
	Parameter DATA_WIDTH bound to: 10 - type: integer 
	Parameter ADDR_WIDTH bound to: 2 - type: integer 
	Parameter DEPTH bound to: 2 - type: integer 
INFO: [Synth 8-256] done synthesizing module 'myproject_fifo_w10_d2_S_ShiftReg' (0#1) [/home/dabadjiev/smartpixels_ml_dsabadjiev/Muon_Collider_Smart_Pixels/daniel/CrossParetoModels_shortlist_parallelInput/hls_outputs_vsynth/hls_model_trial_1046/myproject_prj/solution1/syn/vhdl/myproject_fifo_w10_d2_S.vhd:179]
INFO: [Synth 8-256] done synthesizing module 'myproject_fifo_w10_d2_S' (0#1) [/home/dabadjiev/smartpixels_ml_dsabadjiev/Muon_Collider_Smart_Pixels/daniel/CrossParetoModels_shortlist_parallelInput/hls_outputs_vsynth/hls_model_trial_1046/myproject_prj/solution1/syn/vhdl/myproject_fifo_w10_d2_S.vhd:40]
INFO: [Synth 8-3491] module 'myproject_fifo_w10_d2_S' declared at '/home/dabadjiev/smartpixels_ml_dsabadjiev/Muon_Collider_Smart_Pixels/daniel/CrossParetoModels_shortlist_parallelInput/hls_outputs_vsynth/hls_model_trial_1046/myproject_prj/solution1/syn/vhdl/myproject_fifo_w10_d2_S.vhd:13' bound to instance 'layer4_out_U' of component 'myproject_fifo_w10_d2_S' [/home/dabadjiev/smartpixels_ml_dsabadjiev/Muon_Collider_Smart_Pixels/daniel/CrossParetoModels_shortlist_parallelInput/hls_outputs_vsynth/hls_model_trial_1046/myproject_prj/solution1/syn/vhdl/myproject.vhd:1671]
INFO: [Synth 8-3491] module 'myproject_fifo_w11_d2_S' declared at '/home/dabadjiev/smartpixels_ml_dsabadjiev/Muon_Collider_Smart_Pixels/daniel/CrossParetoModels_shortlist_parallelInput/hls_outputs_vsynth/hls_model_trial_1046/myproject_prj/solution1/syn/vhdl/myproject_fifo_w11_d2_S.vhd:13' bound to instance 'layer6_out_U' of component 'myproject_fifo_w11_d2_S' [/home/dabadjiev/smartpixels_ml_dsabadjiev/Muon_Collider_Smart_Pixels/daniel/CrossParetoModels_shortlist_parallelInput/hls_outputs_vsynth/hls_model_trial_1046/myproject_prj/solution1/syn/vhdl/myproject.vhd:1686]
INFO: [Synth 8-638] synthesizing module 'myproject_fifo_w11_d2_S' [/home/dabadjiev/smartpixels_ml_dsabadjiev/Muon_Collider_Smart_Pixels/daniel/CrossParetoModels_shortlist_parallelInput/hls_outputs_vsynth/hls_model_trial_1046/myproject_prj/solution1/syn/vhdl/myproject_fifo_w11_d2_S.vhd:40]
	Parameter DATA_WIDTH bound to: 11 - type: integer 
	Parameter ADDR_WIDTH bound to: 2 - type: integer 
	Parameter DEPTH bound to: 2 - type: integer 
INFO: [Synth 8-3491] module 'myproject_fifo_w11_d2_S_ShiftReg' declared at '/home/dabadjiev/smartpixels_ml_dsabadjiev/Muon_Collider_Smart_Pixels/daniel/CrossParetoModels_shortlist_parallelInput/hls_outputs_vsynth/hls_model_trial_1046/myproject_prj/solution1/syn/vhdl/myproject_fifo_w11_d2_S.vhd:166' bound to instance 'U_myproject_fifo_w11_d2_S_ShiftReg' of component 'myproject_fifo_w11_d2_S_ShiftReg' [/home/dabadjiev/smartpixels_ml_dsabadjiev/Muon_Collider_Smart_Pixels/daniel/CrossParetoModels_shortlist_parallelInput/hls_outputs_vsynth/hls_model_trial_1046/myproject_prj/solution1/syn/vhdl/myproject_fifo_w11_d2_S.vhd:69]
INFO: [Synth 8-638] synthesizing module 'myproject_fifo_w11_d2_S_ShiftReg' [/home/dabadjiev/smartpixels_ml_dsabadjiev/Muon_Collider_Smart_Pixels/daniel/CrossParetoModels_shortlist_parallelInput/hls_outputs_vsynth/hls_model_trial_1046/myproject_prj/solution1/syn/vhdl/myproject_fifo_w11_d2_S.vhd:179]
	Parameter DATA_WIDTH bound to: 11 - type: integer 
	Parameter ADDR_WIDTH bound to: 2 - type: integer 
	Parameter DEPTH bound to: 2 - type: integer 
INFO: [Synth 8-256] done synthesizing module 'myproject_fifo_w11_d2_S_ShiftReg' (0#1) [/home/dabadjiev/smartpixels_ml_dsabadjiev/Muon_Collider_Smart_Pixels/daniel/CrossParetoModels_shortlist_parallelInput/hls_outputs_vsynth/hls_model_trial_1046/myproject_prj/solution1/syn/vhdl/myproject_fifo_w11_d2_S.vhd:179]
INFO: [Synth 8-256] done synthesizing module 'myproject_fifo_w11_d2_S' (0#1) [/home/dabadjiev/smartpixels_ml_dsabadjiev/Muon_Collider_Smart_Pixels/daniel/CrossParetoModels_shortlist_parallelInput/hls_outputs_vsynth/hls_model_trial_1046/myproject_prj/solution1/syn/vhdl/myproject_fifo_w11_d2_S.vhd:40]
INFO: [Synth 8-3491] module 'myproject_fifo_w11_d2_S' declared at '/home/dabadjiev/smartpixels_ml_dsabadjiev/Muon_Collider_Smart_Pixels/daniel/CrossParetoModels_shortlist_parallelInput/hls_outputs_vsynth/hls_model_trial_1046/myproject_prj/solution1/syn/vhdl/myproject_fifo_w11_d2_S.vhd:13' bound to instance 'layer6_out_1_U' of component 'myproject_fifo_w11_d2_S' [/home/dabadjiev/smartpixels_ml_dsabadjiev/Muon_Collider_Smart_Pixels/daniel/CrossParetoModels_shortlist_parallelInput/hls_outputs_vsynth/hls_model_trial_1046/myproject_prj/solution1/syn/vhdl/myproject.vhd:1701]
INFO: [Synth 8-3491] module 'myproject_fifo_w10_d3_S' declared at '/home/dabadjiev/smartpixels_ml_dsabadjiev/Muon_Collider_Smart_Pixels/daniel/CrossParetoModels_shortlist_parallelInput/hls_outputs_vsynth/hls_model_trial_1046/myproject_prj/solution1/syn/vhdl/myproject_fifo_w10_d3_S.vhd:13' bound to instance 'layer7_out_U' of component 'myproject_fifo_w10_d3_S' [/home/dabadjiev/smartpixels_ml_dsabadjiev/Muon_Collider_Smart_Pixels/daniel/CrossParetoModels_shortlist_parallelInput/hls_outputs_vsynth/hls_model_trial_1046/myproject_prj/solution1/syn/vhdl/myproject.vhd:1716]
INFO: [Synth 8-638] synthesizing module 'myproject_fifo_w10_d3_S' [/home/dabadjiev/smartpixels_ml_dsabadjiev/Muon_Collider_Smart_Pixels/daniel/CrossParetoModels_shortlist_parallelInput/hls_outputs_vsynth/hls_model_trial_1046/myproject_prj/solution1/syn/vhdl/myproject_fifo_w10_d3_S.vhd:40]
	Parameter DATA_WIDTH bound to: 10 - type: integer 
	Parameter ADDR_WIDTH bound to: 2 - type: integer 
	Parameter DEPTH bound to: 3 - type: integer 
INFO: [Synth 8-3491] module 'myproject_fifo_w10_d3_S_ShiftReg' declared at '/home/dabadjiev/smartpixels_ml_dsabadjiev/Muon_Collider_Smart_Pixels/daniel/CrossParetoModels_shortlist_parallelInput/hls_outputs_vsynth/hls_model_trial_1046/myproject_prj/solution1/syn/vhdl/myproject_fifo_w10_d3_S.vhd:166' bound to instance 'U_myproject_fifo_w10_d3_S_ShiftReg' of component 'myproject_fifo_w10_d3_S_ShiftReg' [/home/dabadjiev/smartpixels_ml_dsabadjiev/Muon_Collider_Smart_Pixels/daniel/CrossParetoModels_shortlist_parallelInput/hls_outputs_vsynth/hls_model_trial_1046/myproject_prj/solution1/syn/vhdl/myproject_fifo_w10_d3_S.vhd:69]
INFO: [Synth 8-638] synthesizing module 'myproject_fifo_w10_d3_S_ShiftReg' [/home/dabadjiev/smartpixels_ml_dsabadjiev/Muon_Collider_Smart_Pixels/daniel/CrossParetoModels_shortlist_parallelInput/hls_outputs_vsynth/hls_model_trial_1046/myproject_prj/solution1/syn/vhdl/myproject_fifo_w10_d3_S.vhd:179]
	Parameter DATA_WIDTH bound to: 10 - type: integer 
	Parameter ADDR_WIDTH bound to: 2 - type: integer 
	Parameter DEPTH bound to: 3 - type: integer 
INFO: [Synth 8-256] done synthesizing module 'myproject_fifo_w10_d3_S_ShiftReg' (0#1) [/home/dabadjiev/smartpixels_ml_dsabadjiev/Muon_Collider_Smart_Pixels/daniel/CrossParetoModels_shortlist_parallelInput/hls_outputs_vsynth/hls_model_trial_1046/myproject_prj/solution1/syn/vhdl/myproject_fifo_w10_d3_S.vhd:179]
INFO: [Synth 8-256] done synthesizing module 'myproject_fifo_w10_d3_S' (0#1) [/home/dabadjiev/smartpixels_ml_dsabadjiev/Muon_Collider_Smart_Pixels/daniel/CrossParetoModels_shortlist_parallelInput/hls_outputs_vsynth/hls_model_trial_1046/myproject_prj/solution1/syn/vhdl/myproject_fifo_w10_d3_S.vhd:40]
INFO: [Synth 8-3491] module 'myproject_fifo_w11_d2_S' declared at '/home/dabadjiev/smartpixels_ml_dsabadjiev/Muon_Collider_Smart_Pixels/daniel/CrossParetoModels_shortlist_parallelInput/hls_outputs_vsynth/hls_model_trial_1046/myproject_prj/solution1/syn/vhdl/myproject_fifo_w11_d2_S.vhd:13' bound to instance 'layer9_out_U' of component 'myproject_fifo_w11_d2_S' [/home/dabadjiev/smartpixels_ml_dsabadjiev/Muon_Collider_Smart_Pixels/daniel/CrossParetoModels_shortlist_parallelInput/hls_outputs_vsynth/hls_model_trial_1046/myproject_prj/solution1/syn/vhdl/myproject.vhd:1731]
INFO: [Synth 8-3491] module 'myproject_fifo_w11_d2_S' declared at '/home/dabadjiev/smartpixels_ml_dsabadjiev/Muon_Collider_Smart_Pixels/daniel/CrossParetoModels_shortlist_parallelInput/hls_outputs_vsynth/hls_model_trial_1046/myproject_prj/solution1/syn/vhdl/myproject_fifo_w11_d2_S.vhd:13' bound to instance 'layer9_out_1_U' of component 'myproject_fifo_w11_d2_S' [/home/dabadjiev/smartpixels_ml_dsabadjiev/Muon_Collider_Smart_Pixels/daniel/CrossParetoModels_shortlist_parallelInput/hls_outputs_vsynth/hls_model_trial_1046/myproject_prj/solution1/syn/vhdl/myproject.vhd:1746]
INFO: [Synth 8-3491] module 'myproject_fifo_w11_d2_S' declared at '/home/dabadjiev/smartpixels_ml_dsabadjiev/Muon_Collider_Smart_Pixels/daniel/CrossParetoModels_shortlist_parallelInput/hls_outputs_vsynth/hls_model_trial_1046/myproject_prj/solution1/syn/vhdl/myproject_fifo_w11_d2_S.vhd:13' bound to instance 'layer9_out_2_U' of component 'myproject_fifo_w11_d2_S' [/home/dabadjiev/smartpixels_ml_dsabadjiev/Muon_Collider_Smart_Pixels/daniel/CrossParetoModels_shortlist_parallelInput/hls_outputs_vsynth/hls_model_trial_1046/myproject_prj/solution1/syn/vhdl/myproject.vhd:1761]
INFO: [Synth 8-3491] module 'myproject_fifo_w10_d4_S' declared at '/home/dabadjiev/smartpixels_ml_dsabadjiev/Muon_Collider_Smart_Pixels/daniel/CrossParetoModels_shortlist_parallelInput/hls_outputs_vsynth/hls_model_trial_1046/myproject_prj/solution1/syn/vhdl/myproject_fifo_w10_d4_S.vhd:13' bound to instance 'layer10_out_U' of component 'myproject_fifo_w10_d4_S' [/home/dabadjiev/smartpixels_ml_dsabadjiev/Muon_Collider_Smart_Pixels/daniel/CrossParetoModels_shortlist_parallelInput/hls_outputs_vsynth/hls_model_trial_1046/myproject_prj/solution1/syn/vhdl/myproject.vhd:1776]
INFO: [Synth 8-638] synthesizing module 'myproject_fifo_w10_d4_S' [/home/dabadjiev/smartpixels_ml_dsabadjiev/Muon_Collider_Smart_Pixels/daniel/CrossParetoModels_shortlist_parallelInput/hls_outputs_vsynth/hls_model_trial_1046/myproject_prj/solution1/syn/vhdl/myproject_fifo_w10_d4_S.vhd:40]
	Parameter DATA_WIDTH bound to: 10 - type: integer 
	Parameter ADDR_WIDTH bound to: 2 - type: integer 
	Parameter DEPTH bound to: 4 - type: integer 
INFO: [Synth 8-3491] module 'myproject_fifo_w10_d4_S_ShiftReg' declared at '/home/dabadjiev/smartpixels_ml_dsabadjiev/Muon_Collider_Smart_Pixels/daniel/CrossParetoModels_shortlist_parallelInput/hls_outputs_vsynth/hls_model_trial_1046/myproject_prj/solution1/syn/vhdl/myproject_fifo_w10_d4_S.vhd:166' bound to instance 'U_myproject_fifo_w10_d4_S_ShiftReg' of component 'myproject_fifo_w10_d4_S_ShiftReg' [/home/dabadjiev/smartpixels_ml_dsabadjiev/Muon_Collider_Smart_Pixels/daniel/CrossParetoModels_shortlist_parallelInput/hls_outputs_vsynth/hls_model_trial_1046/myproject_prj/solution1/syn/vhdl/myproject_fifo_w10_d4_S.vhd:69]
INFO: [Synth 8-638] synthesizing module 'myproject_fifo_w10_d4_S_ShiftReg' [/home/dabadjiev/smartpixels_ml_dsabadjiev/Muon_Collider_Smart_Pixels/daniel/CrossParetoModels_shortlist_parallelInput/hls_outputs_vsynth/hls_model_trial_1046/myproject_prj/solution1/syn/vhdl/myproject_fifo_w10_d4_S.vhd:179]
	Parameter DATA_WIDTH bound to: 10 - type: integer 
	Parameter ADDR_WIDTH bound to: 2 - type: integer 
	Parameter DEPTH bound to: 4 - type: integer 
INFO: [Synth 8-256] done synthesizing module 'myproject_fifo_w10_d4_S_ShiftReg' (0#1) [/home/dabadjiev/smartpixels_ml_dsabadjiev/Muon_Collider_Smart_Pixels/daniel/CrossParetoModels_shortlist_parallelInput/hls_outputs_vsynth/hls_model_trial_1046/myproject_prj/solution1/syn/vhdl/myproject_fifo_w10_d4_S.vhd:179]
INFO: [Synth 8-256] done synthesizing module 'myproject_fifo_w10_d4_S' (0#1) [/home/dabadjiev/smartpixels_ml_dsabadjiev/Muon_Collider_Smart_Pixels/daniel/CrossParetoModels_shortlist_parallelInput/hls_outputs_vsynth/hls_model_trial_1046/myproject_prj/solution1/syn/vhdl/myproject_fifo_w10_d4_S.vhd:40]
INFO: [Synth 8-3491] module 'myproject_fifo_w11_d2_S' declared at '/home/dabadjiev/smartpixels_ml_dsabadjiev/Muon_Collider_Smart_Pixels/daniel/CrossParetoModels_shortlist_parallelInput/hls_outputs_vsynth/hls_model_trial_1046/myproject_prj/solution1/syn/vhdl/myproject_fifo_w11_d2_S.vhd:13' bound to instance 'layer11_out_U' of component 'myproject_fifo_w11_d2_S' [/home/dabadjiev/smartpixels_ml_dsabadjiev/Muon_Collider_Smart_Pixels/daniel/CrossParetoModels_shortlist_parallelInput/hls_outputs_vsynth/hls_model_trial_1046/myproject_prj/solution1/syn/vhdl/myproject.vhd:1791]
INFO: [Synth 8-3491] module 'myproject_fifo_w11_d2_S' declared at '/home/dabadjiev/smartpixels_ml_dsabadjiev/Muon_Collider_Smart_Pixels/daniel/CrossParetoModels_shortlist_parallelInput/hls_outputs_vsynth/hls_model_trial_1046/myproject_prj/solution1/syn/vhdl/myproject_fifo_w11_d2_S.vhd:13' bound to instance 'layer11_out_1_U' of component 'myproject_fifo_w11_d2_S' [/home/dabadjiev/smartpixels_ml_dsabadjiev/Muon_Collider_Smart_Pixels/daniel/CrossParetoModels_shortlist_parallelInput/hls_outputs_vsynth/hls_model_trial_1046/myproject_prj/solution1/syn/vhdl/myproject.vhd:1806]
INFO: [Synth 8-3491] module 'myproject_fifo_w11_d2_S' declared at '/home/dabadjiev/smartpixels_ml_dsabadjiev/Muon_Collider_Smart_Pixels/daniel/CrossParetoModels_shortlist_parallelInput/hls_outputs_vsynth/hls_model_trial_1046/myproject_prj/solution1/syn/vhdl/myproject_fifo_w11_d2_S.vhd:13' bound to instance 'layer11_out_2_U' of component 'myproject_fifo_w11_d2_S' [/home/dabadjiev/smartpixels_ml_dsabadjiev/Muon_Collider_Smart_Pixels/daniel/CrossParetoModels_shortlist_parallelInput/hls_outputs_vsynth/hls_model_trial_1046/myproject_prj/solution1/syn/vhdl/myproject.vhd:1821]
INFO: [Synth 8-3491] module 'myproject_fifo_w11_d2_S' declared at '/home/dabadjiev/smartpixels_ml_dsabadjiev/Muon_Collider_Smart_Pixels/daniel/CrossParetoModels_shortlist_parallelInput/hls_outputs_vsynth/hls_model_trial_1046/myproject_prj/solution1/syn/vhdl/myproject_fifo_w11_d2_S.vhd:13' bound to instance 'layer11_out_3_U' of component 'myproject_fifo_w11_d2_S' [/home/dabadjiev/smartpixels_ml_dsabadjiev/Muon_Collider_Smart_Pixels/daniel/CrossParetoModels_shortlist_parallelInput/hls_outputs_vsynth/hls_model_trial_1046/myproject_prj/solution1/syn/vhdl/myproject.vhd:1836]
INFO: [Synth 8-3491] module 'myproject_fifo_w16_d2_S' declared at '/home/dabadjiev/smartpixels_ml_dsabadjiev/Muon_Collider_Smart_Pixels/daniel/CrossParetoModels_shortlist_parallelInput/hls_outputs_vsynth/hls_model_trial_1046/myproject_prj/solution1/syn/vhdl/myproject_fifo_w16_d2_S.vhd:13' bound to instance 'layer12_out_U' of component 'myproject_fifo_w16_d2_S' [/home/dabadjiev/smartpixels_ml_dsabadjiev/Muon_Collider_Smart_Pixels/daniel/CrossParetoModels_shortlist_parallelInput/hls_outputs_vsynth/hls_model_trial_1046/myproject_prj/solution1/syn/vhdl/myproject.vhd:1851]
INFO: [Synth 8-638] synthesizing module 'myproject_fifo_w16_d2_S' [/home/dabadjiev/smartpixels_ml_dsabadjiev/Muon_Collider_Smart_Pixels/daniel/CrossParetoModels_shortlist_parallelInput/hls_outputs_vsynth/hls_model_trial_1046/myproject_prj/solution1/syn/vhdl/myproject_fifo_w16_d2_S.vhd:40]
	Parameter DATA_WIDTH bound to: 16 - type: integer 
	Parameter ADDR_WIDTH bound to: 2 - type: integer 
	Parameter DEPTH bound to: 2 - type: integer 
INFO: [Synth 8-3491] module 'myproject_fifo_w16_d2_S_ShiftReg' declared at '/home/dabadjiev/smartpixels_ml_dsabadjiev/Muon_Collider_Smart_Pixels/daniel/CrossParetoModels_shortlist_parallelInput/hls_outputs_vsynth/hls_model_trial_1046/myproject_prj/solution1/syn/vhdl/myproject_fifo_w16_d2_S.vhd:166' bound to instance 'U_myproject_fifo_w16_d2_S_ShiftReg' of component 'myproject_fifo_w16_d2_S_ShiftReg' [/home/dabadjiev/smartpixels_ml_dsabadjiev/Muon_Collider_Smart_Pixels/daniel/CrossParetoModels_shortlist_parallelInput/hls_outputs_vsynth/hls_model_trial_1046/myproject_prj/solution1/syn/vhdl/myproject_fifo_w16_d2_S.vhd:69]
INFO: [Synth 8-638] synthesizing module 'myproject_fifo_w16_d2_S_ShiftReg' [/home/dabadjiev/smartpixels_ml_dsabadjiev/Muon_Collider_Smart_Pixels/daniel/CrossParetoModels_shortlist_parallelInput/hls_outputs_vsynth/hls_model_trial_1046/myproject_prj/solution1/syn/vhdl/myproject_fifo_w16_d2_S.vhd:179]
	Parameter DATA_WIDTH bound to: 16 - type: integer 
	Parameter ADDR_WIDTH bound to: 2 - type: integer 
	Parameter DEPTH bound to: 2 - type: integer 
INFO: [Synth 8-256] done synthesizing module 'myproject_fifo_w16_d2_S_ShiftReg' (0#1) [/home/dabadjiev/smartpixels_ml_dsabadjiev/Muon_Collider_Smart_Pixels/daniel/CrossParetoModels_shortlist_parallelInput/hls_outputs_vsynth/hls_model_trial_1046/myproject_prj/solution1/syn/vhdl/myproject_fifo_w16_d2_S.vhd:179]
INFO: [Synth 8-256] done synthesizing module 'myproject_fifo_w16_d2_S' (0#1) [/home/dabadjiev/smartpixels_ml_dsabadjiev/Muon_Collider_Smart_Pixels/daniel/CrossParetoModels_shortlist_parallelInput/hls_outputs_vsynth/hls_model_trial_1046/myproject_prj/solution1/syn/vhdl/myproject_fifo_w16_d2_S.vhd:40]
INFO: [Synth 8-3491] module 'myproject_fifo_w16_d2_S' declared at '/home/dabadjiev/smartpixels_ml_dsabadjiev/Muon_Collider_Smart_Pixels/daniel/CrossParetoModels_shortlist_parallelInput/hls_outputs_vsynth/hls_model_trial_1046/myproject_prj/solution1/syn/vhdl/myproject_fifo_w16_d2_S.vhd:13' bound to instance 'layer12_out_1_U' of component 'myproject_fifo_w16_d2_S' [/home/dabadjiev/smartpixels_ml_dsabadjiev/Muon_Collider_Smart_Pixels/daniel/CrossParetoModels_shortlist_parallelInput/hls_outputs_vsynth/hls_model_trial_1046/myproject_prj/solution1/syn/vhdl/myproject.vhd:1866]
INFO: [Synth 8-3491] module 'myproject_fifo_w16_d2_S' declared at '/home/dabadjiev/smartpixels_ml_dsabadjiev/Muon_Collider_Smart_Pixels/daniel/CrossParetoModels_shortlist_parallelInput/hls_outputs_vsynth/hls_model_trial_1046/myproject_prj/solution1/syn/vhdl/myproject_fifo_w16_d2_S.vhd:13' bound to instance 'layer12_out_2_U' of component 'myproject_fifo_w16_d2_S' [/home/dabadjiev/smartpixels_ml_dsabadjiev/Muon_Collider_Smart_Pixels/daniel/CrossParetoModels_shortlist_parallelInput/hls_outputs_vsynth/hls_model_trial_1046/myproject_prj/solution1/syn/vhdl/myproject.vhd:1881]
INFO: [Synth 8-3491] module 'myproject_fifo_w16_d2_S' declared at '/home/dabadjiev/smartpixels_ml_dsabadjiev/Muon_Collider_Smart_Pixels/daniel/CrossParetoModels_shortlist_parallelInput/hls_outputs_vsynth/hls_model_trial_1046/myproject_prj/solution1/syn/vhdl/myproject_fifo_w16_d2_S.vhd:13' bound to instance 'layer12_out_3_U' of component 'myproject_fifo_w16_d2_S' [/home/dabadjiev/smartpixels_ml_dsabadjiev/Muon_Collider_Smart_Pixels/daniel/CrossParetoModels_shortlist_parallelInput/hls_outputs_vsynth/hls_model_trial_1046/myproject_prj/solution1/syn/vhdl/myproject.vhd:1896]
INFO: [Synth 8-3491] module 'myproject_fifo_w16_d2_S' declared at '/home/dabadjiev/smartpixels_ml_dsabadjiev/Muon_Collider_Smart_Pixels/daniel/CrossParetoModels_shortlist_parallelInput/hls_outputs_vsynth/hls_model_trial_1046/myproject_prj/solution1/syn/vhdl/myproject_fifo_w16_d2_S.vhd:13' bound to instance 'layer12_out_4_U' of component 'myproject_fifo_w16_d2_S' [/home/dabadjiev/smartpixels_ml_dsabadjiev/Muon_Collider_Smart_Pixels/daniel/CrossParetoModels_shortlist_parallelInput/hls_outputs_vsynth/hls_model_trial_1046/myproject_prj/solution1/syn/vhdl/myproject.vhd:1911]
INFO: [Synth 8-3491] module 'myproject_fifo_w16_d2_S' declared at '/home/dabadjiev/smartpixels_ml_dsabadjiev/Muon_Collider_Smart_Pixels/daniel/CrossParetoModels_shortlist_parallelInput/hls_outputs_vsynth/hls_model_trial_1046/myproject_prj/solution1/syn/vhdl/myproject_fifo_w16_d2_S.vhd:13' bound to instance 'layer12_out_5_U' of component 'myproject_fifo_w16_d2_S' [/home/dabadjiev/smartpixels_ml_dsabadjiev/Muon_Collider_Smart_Pixels/daniel/CrossParetoModels_shortlist_parallelInput/hls_outputs_vsynth/hls_model_trial_1046/myproject_prj/solution1/syn/vhdl/myproject.vhd:1926]
INFO: [Synth 8-3491] module 'myproject_fifo_w16_d2_S' declared at '/home/dabadjiev/smartpixels_ml_dsabadjiev/Muon_Collider_Smart_Pixels/daniel/CrossParetoModels_shortlist_parallelInput/hls_outputs_vsynth/hls_model_trial_1046/myproject_prj/solution1/syn/vhdl/myproject_fifo_w16_d2_S.vhd:13' bound to instance 'layer12_out_6_U' of component 'myproject_fifo_w16_d2_S' [/home/dabadjiev/smartpixels_ml_dsabadjiev/Muon_Collider_Smart_Pixels/daniel/CrossParetoModels_shortlist_parallelInput/hls_outputs_vsynth/hls_model_trial_1046/myproject_prj/solution1/syn/vhdl/myproject.vhd:1941]
INFO: [Synth 8-3491] module 'myproject_fifo_w16_d2_S' declared at '/home/dabadjiev/smartpixels_ml_dsabadjiev/Muon_Collider_Smart_Pixels/daniel/CrossParetoModels_shortlist_parallelInput/hls_outputs_vsynth/hls_model_trial_1046/myproject_prj/solution1/syn/vhdl/myproject_fifo_w16_d2_S.vhd:13' bound to instance 'layer12_out_7_U' of component 'myproject_fifo_w16_d2_S' [/home/dabadjiev/smartpixels_ml_dsabadjiev/Muon_Collider_Smart_Pixels/daniel/CrossParetoModels_shortlist_parallelInput/hls_outputs_vsynth/hls_model_trial_1046/myproject_prj/solution1/syn/vhdl/myproject.vhd:1956]
INFO: [Synth 8-3491] module 'myproject_fifo_w8_d2_S' declared at '/home/dabadjiev/smartpixels_ml_dsabadjiev/Muon_Collider_Smart_Pixels/daniel/CrossParetoModels_shortlist_parallelInput/hls_outputs_vsynth/hls_model_trial_1046/myproject_prj/solution1/syn/vhdl/myproject_fifo_w8_d2_S.vhd:13' bound to instance 'layer14_out_U' of component 'myproject_fifo_w8_d2_S' [/home/dabadjiev/smartpixels_ml_dsabadjiev/Muon_Collider_Smart_Pixels/daniel/CrossParetoModels_shortlist_parallelInput/hls_outputs_vsynth/hls_model_trial_1046/myproject_prj/solution1/syn/vhdl/myproject.vhd:1971]
INFO: [Synth 8-638] synthesizing module 'myproject_fifo_w8_d2_S' [/home/dabadjiev/smartpixels_ml_dsabadjiev/Muon_Collider_Smart_Pixels/daniel/CrossParetoModels_shortlist_parallelInput/hls_outputs_vsynth/hls_model_trial_1046/myproject_prj/solution1/syn/vhdl/myproject_fifo_w8_d2_S.vhd:40]
	Parameter DATA_WIDTH bound to: 8 - type: integer 
	Parameter ADDR_WIDTH bound to: 2 - type: integer 
	Parameter DEPTH bound to: 2 - type: integer 
INFO: [Synth 8-3491] module 'myproject_fifo_w8_d2_S_ShiftReg' declared at '/home/dabadjiev/smartpixels_ml_dsabadjiev/Muon_Collider_Smart_Pixels/daniel/CrossParetoModels_shortlist_parallelInput/hls_outputs_vsynth/hls_model_trial_1046/myproject_prj/solution1/syn/vhdl/myproject_fifo_w8_d2_S.vhd:166' bound to instance 'U_myproject_fifo_w8_d2_S_ShiftReg' of component 'myproject_fifo_w8_d2_S_ShiftReg' [/home/dabadjiev/smartpixels_ml_dsabadjiev/Muon_Collider_Smart_Pixels/daniel/CrossParetoModels_shortlist_parallelInput/hls_outputs_vsynth/hls_model_trial_1046/myproject_prj/solution1/syn/vhdl/myproject_fifo_w8_d2_S.vhd:69]
INFO: [Synth 8-638] synthesizing module 'myproject_fifo_w8_d2_S_ShiftReg' [/home/dabadjiev/smartpixels_ml_dsabadjiev/Muon_Collider_Smart_Pixels/daniel/CrossParetoModels_shortlist_parallelInput/hls_outputs_vsynth/hls_model_trial_1046/myproject_prj/solution1/syn/vhdl/myproject_fifo_w8_d2_S.vhd:179]
	Parameter DATA_WIDTH bound to: 8 - type: integer 
	Parameter ADDR_WIDTH bound to: 2 - type: integer 
	Parameter DEPTH bound to: 2 - type: integer 
INFO: [Synth 8-256] done synthesizing module 'myproject_fifo_w8_d2_S_ShiftReg' (0#1) [/home/dabadjiev/smartpixels_ml_dsabadjiev/Muon_Collider_Smart_Pixels/daniel/CrossParetoModels_shortlist_parallelInput/hls_outputs_vsynth/hls_model_trial_1046/myproject_prj/solution1/syn/vhdl/myproject_fifo_w8_d2_S.vhd:179]
INFO: [Synth 8-256] done synthesizing module 'myproject_fifo_w8_d2_S' (0#1) [/home/dabadjiev/smartpixels_ml_dsabadjiev/Muon_Collider_Smart_Pixels/daniel/CrossParetoModels_shortlist_parallelInput/hls_outputs_vsynth/hls_model_trial_1046/myproject_prj/solution1/syn/vhdl/myproject_fifo_w8_d2_S.vhd:40]
INFO: [Synth 8-3491] module 'myproject_fifo_w8_d2_S' declared at '/home/dabadjiev/smartpixels_ml_dsabadjiev/Muon_Collider_Smart_Pixels/daniel/CrossParetoModels_shortlist_parallelInput/hls_outputs_vsynth/hls_model_trial_1046/myproject_prj/solution1/syn/vhdl/myproject_fifo_w8_d2_S.vhd:13' bound to instance 'layer14_out_1_U' of component 'myproject_fifo_w8_d2_S' [/home/dabadjiev/smartpixels_ml_dsabadjiev/Muon_Collider_Smart_Pixels/daniel/CrossParetoModels_shortlist_parallelInput/hls_outputs_vsynth/hls_model_trial_1046/myproject_prj/solution1/syn/vhdl/myproject.vhd:1986]
INFO: [Synth 8-3491] module 'myproject_fifo_w8_d2_S' declared at '/home/dabadjiev/smartpixels_ml_dsabadjiev/Muon_Collider_Smart_Pixels/daniel/CrossParetoModels_shortlist_parallelInput/hls_outputs_vsynth/hls_model_trial_1046/myproject_prj/solution1/syn/vhdl/myproject_fifo_w8_d2_S.vhd:13' bound to instance 'layer14_out_2_U' of component 'myproject_fifo_w8_d2_S' [/home/dabadjiev/smartpixels_ml_dsabadjiev/Muon_Collider_Smart_Pixels/daniel/CrossParetoModels_shortlist_parallelInput/hls_outputs_vsynth/hls_model_trial_1046/myproject_prj/solution1/syn/vhdl/myproject.vhd:2001]
INFO: [Synth 8-3491] module 'myproject_fifo_w8_d2_S' declared at '/home/dabadjiev/smartpixels_ml_dsabadjiev/Muon_Collider_Smart_Pixels/daniel/CrossParetoModels_shortlist_parallelInput/hls_outputs_vsynth/hls_model_trial_1046/myproject_prj/solution1/syn/vhdl/myproject_fifo_w8_d2_S.vhd:13' bound to instance 'layer14_out_3_U' of component 'myproject_fifo_w8_d2_S' [/home/dabadjiev/smartpixels_ml_dsabadjiev/Muon_Collider_Smart_Pixels/daniel/CrossParetoModels_shortlist_parallelInput/hls_outputs_vsynth/hls_model_trial_1046/myproject_prj/solution1/syn/vhdl/myproject.vhd:2016]
INFO: [Synth 8-3491] module 'myproject_fifo_w8_d2_S' declared at '/home/dabadjiev/smartpixels_ml_dsabadjiev/Muon_Collider_Smart_Pixels/daniel/CrossParetoModels_shortlist_parallelInput/hls_outputs_vsynth/hls_model_trial_1046/myproject_prj/solution1/syn/vhdl/myproject_fifo_w8_d2_S.vhd:13' bound to instance 'layer14_out_4_U' of component 'myproject_fifo_w8_d2_S' [/home/dabadjiev/smartpixels_ml_dsabadjiev/Muon_Collider_Smart_Pixels/daniel/CrossParetoModels_shortlist_parallelInput/hls_outputs_vsynth/hls_model_trial_1046/myproject_prj/solution1/syn/vhdl/myproject.vhd:2031]
INFO: [Synth 8-3491] module 'myproject_fifo_w8_d2_S' declared at '/home/dabadjiev/smartpixels_ml_dsabadjiev/Muon_Collider_Smart_Pixels/daniel/CrossParetoModels_shortlist_parallelInput/hls_outputs_vsynth/hls_model_trial_1046/myproject_prj/solution1/syn/vhdl/myproject_fifo_w8_d2_S.vhd:13' bound to instance 'layer14_out_5_U' of component 'myproject_fifo_w8_d2_S' [/home/dabadjiev/smartpixels_ml_dsabadjiev/Muon_Collider_Smart_Pixels/daniel/CrossParetoModels_shortlist_parallelInput/hls_outputs_vsynth/hls_model_trial_1046/myproject_prj/solution1/syn/vhdl/myproject.vhd:2046]
INFO: [Synth 8-3491] module 'myproject_fifo_w8_d2_S' declared at '/home/dabadjiev/smartpixels_ml_dsabadjiev/Muon_Collider_Smart_Pixels/daniel/CrossParetoModels_shortlist_parallelInput/hls_outputs_vsynth/hls_model_trial_1046/myproject_prj/solution1/syn/vhdl/myproject_fifo_w8_d2_S.vhd:13' bound to instance 'layer14_out_6_U' of component 'myproject_fifo_w8_d2_S' [/home/dabadjiev/smartpixels_ml_dsabadjiev/Muon_Collider_Smart_Pixels/daniel/CrossParetoModels_shortlist_parallelInput/hls_outputs_vsynth/hls_model_trial_1046/myproject_prj/solution1/syn/vhdl/myproject.vhd:2061]
INFO: [Synth 8-3491] module 'myproject_fifo_w8_d2_S' declared at '/home/dabadjiev/smartpixels_ml_dsabadjiev/Muon_Collider_Smart_Pixels/daniel/CrossParetoModels_shortlist_parallelInput/hls_outputs_vsynth/hls_model_trial_1046/myproject_prj/solution1/syn/vhdl/myproject_fifo_w8_d2_S.vhd:13' bound to instance 'layer14_out_7_U' of component 'myproject_fifo_w8_d2_S' [/home/dabadjiev/smartpixels_ml_dsabadjiev/Muon_Collider_Smart_Pixels/daniel/CrossParetoModels_shortlist_parallelInput/hls_outputs_vsynth/hls_model_trial_1046/myproject_prj/solution1/syn/vhdl/myproject.vhd:2076]
INFO: [Synth 8-3491] module 'myproject_fifo_w16_d2_S' declared at '/home/dabadjiev/smartpixels_ml_dsabadjiev/Muon_Collider_Smart_Pixels/daniel/CrossParetoModels_shortlist_parallelInput/hls_outputs_vsynth/hls_model_trial_1046/myproject_prj/solution1/syn/vhdl/myproject_fifo_w16_d2_S.vhd:13' bound to instance 'layer15_out_U' of component 'myproject_fifo_w16_d2_S' [/home/dabadjiev/smartpixels_ml_dsabadjiev/Muon_Collider_Smart_Pixels/daniel/CrossParetoModels_shortlist_parallelInput/hls_outputs_vsynth/hls_model_trial_1046/myproject_prj/solution1/syn/vhdl/myproject.vhd:2091]
INFO: [Synth 8-3491] module 'myproject_fifo_w16_d2_S' declared at '/home/dabadjiev/smartpixels_ml_dsabadjiev/Muon_Collider_Smart_Pixels/daniel/CrossParetoModels_shortlist_parallelInput/hls_outputs_vsynth/hls_model_trial_1046/myproject_prj/solution1/syn/vhdl/myproject_fifo_w16_d2_S.vhd:13' bound to instance 'layer15_out_1_U' of component 'myproject_fifo_w16_d2_S' [/home/dabadjiev/smartpixels_ml_dsabadjiev/Muon_Collider_Smart_Pixels/daniel/CrossParetoModels_shortlist_parallelInput/hls_outputs_vsynth/hls_model_trial_1046/myproject_prj/solution1/syn/vhdl/myproject.vhd:2106]
INFO: [Synth 8-3491] module 'myproject_fifo_w16_d2_S' declared at '/home/dabadjiev/smartpixels_ml_dsabadjiev/Muon_Collider_Smart_Pixels/daniel/CrossParetoModels_shortlist_parallelInput/hls_outputs_vsynth/hls_model_trial_1046/myproject_prj/solution1/syn/vhdl/myproject_fifo_w16_d2_S.vhd:13' bound to instance 'layer15_out_2_U' of component 'myproject_fifo_w16_d2_S' [/home/dabadjiev/smartpixels_ml_dsabadjiev/Muon_Collider_Smart_Pixels/daniel/CrossParetoModels_shortlist_parallelInput/hls_outputs_vsynth/hls_model_trial_1046/myproject_prj/solution1/syn/vhdl/myproject.vhd:2121]
INFO: [Synth 8-3491] module 'myproject_fifo_w16_d2_S' declared at '/home/dabadjiev/smartpixels_ml_dsabadjiev/Muon_Collider_Smart_Pixels/daniel/CrossParetoModels_shortlist_parallelInput/hls_outputs_vsynth/hls_model_trial_1046/myproject_prj/solution1/syn/vhdl/myproject_fifo_w16_d2_S.vhd:13' bound to instance 'layer15_out_3_U' of component 'myproject_fifo_w16_d2_S' [/home/dabadjiev/smartpixels_ml_dsabadjiev/Muon_Collider_Smart_Pixels/daniel/CrossParetoModels_shortlist_parallelInput/hls_outputs_vsynth/hls_model_trial_1046/myproject_prj/solution1/syn/vhdl/myproject.vhd:2136]
INFO: [Synth 8-3491] module 'myproject_fifo_w16_d2_S' declared at '/home/dabadjiev/smartpixels_ml_dsabadjiev/Muon_Collider_Smart_Pixels/daniel/CrossParetoModels_shortlist_parallelInput/hls_outputs_vsynth/hls_model_trial_1046/myproject_prj/solution1/syn/vhdl/myproject_fifo_w16_d2_S.vhd:13' bound to instance 'layer15_out_4_U' of component 'myproject_fifo_w16_d2_S' [/home/dabadjiev/smartpixels_ml_dsabadjiev/Muon_Collider_Smart_Pixels/daniel/CrossParetoModels_shortlist_parallelInput/hls_outputs_vsynth/hls_model_trial_1046/myproject_prj/solution1/syn/vhdl/myproject.vhd:2151]
INFO: [Synth 8-3491] module 'myproject_fifo_w16_d2_S' declared at '/home/dabadjiev/smartpixels_ml_dsabadjiev/Muon_Collider_Smart_Pixels/daniel/CrossParetoModels_shortlist_parallelInput/hls_outputs_vsynth/hls_model_trial_1046/myproject_prj/solution1/syn/vhdl/myproject_fifo_w16_d2_S.vhd:13' bound to instance 'layer15_out_5_U' of component 'myproject_fifo_w16_d2_S' [/home/dabadjiev/smartpixels_ml_dsabadjiev/Muon_Collider_Smart_Pixels/daniel/CrossParetoModels_shortlist_parallelInput/hls_outputs_vsynth/hls_model_trial_1046/myproject_prj/solution1/syn/vhdl/myproject.vhd:2166]
INFO: [Synth 8-3491] module 'myproject_fifo_w16_d2_S' declared at '/home/dabadjiev/smartpixels_ml_dsabadjiev/Muon_Collider_Smart_Pixels/daniel/CrossParetoModels_shortlist_parallelInput/hls_outputs_vsynth/hls_model_trial_1046/myproject_prj/solution1/syn/vhdl/myproject_fifo_w16_d2_S.vhd:13' bound to instance 'layer15_out_6_U' of component 'myproject_fifo_w16_d2_S' [/home/dabadjiev/smartpixels_ml_dsabadjiev/Muon_Collider_Smart_Pixels/daniel/CrossParetoModels_shortlist_parallelInput/hls_outputs_vsynth/hls_model_trial_1046/myproject_prj/solution1/syn/vhdl/myproject.vhd:2181]
INFO: [Synth 8-3491] module 'myproject_fifo_w16_d2_S' declared at '/home/dabadjiev/smartpixels_ml_dsabadjiev/Muon_Collider_Smart_Pixels/daniel/CrossParetoModels_shortlist_parallelInput/hls_outputs_vsynth/hls_model_trial_1046/myproject_prj/solution1/syn/vhdl/myproject_fifo_w16_d2_S.vhd:13' bound to instance 'layer15_out_7_U' of component 'myproject_fifo_w16_d2_S' [/home/dabadjiev/smartpixels_ml_dsabadjiev/Muon_Collider_Smart_Pixels/daniel/CrossParetoModels_shortlist_parallelInput/hls_outputs_vsynth/hls_model_trial_1046/myproject_prj/solution1/syn/vhdl/myproject.vhd:2196]
INFO: [Synth 8-3491] module 'myproject_fifo_w8_d2_S' declared at '/home/dabadjiev/smartpixels_ml_dsabadjiev/Muon_Collider_Smart_Pixels/daniel/CrossParetoModels_shortlist_parallelInput/hls_outputs_vsynth/hls_model_trial_1046/myproject_prj/solution1/syn/vhdl/myproject_fifo_w8_d2_S.vhd:13' bound to instance 'layer17_out_U' of component 'myproject_fifo_w8_d2_S' [/home/dabadjiev/smartpixels_ml_dsabadjiev/Muon_Collider_Smart_Pixels/daniel/CrossParetoModels_shortlist_parallelInput/hls_outputs_vsynth/hls_model_trial_1046/myproject_prj/solution1/syn/vhdl/myproject.vhd:2211]
INFO: [Synth 8-3491] module 'myproject_fifo_w8_d2_S' declared at '/home/dabadjiev/smartpixels_ml_dsabadjiev/Muon_Collider_Smart_Pixels/daniel/CrossParetoModels_shortlist_parallelInput/hls_outputs_vsynth/hls_model_trial_1046/myproject_prj/solution1/syn/vhdl/myproject_fifo_w8_d2_S.vhd:13' bound to instance 'layer17_out_1_U' of component 'myproject_fifo_w8_d2_S' [/home/dabadjiev/smartpixels_ml_dsabadjiev/Muon_Collider_Smart_Pixels/daniel/CrossParetoModels_shortlist_parallelInput/hls_outputs_vsynth/hls_model_trial_1046/myproject_prj/solution1/syn/vhdl/myproject.vhd:2226]
INFO: [Synth 8-3491] module 'myproject_fifo_w8_d2_S' declared at '/home/dabadjiev/smartpixels_ml_dsabadjiev/Muon_Collider_Smart_Pixels/daniel/CrossParetoModels_shortlist_parallelInput/hls_outputs_vsynth/hls_model_trial_1046/myproject_prj/solution1/syn/vhdl/myproject_fifo_w8_d2_S.vhd:13' bound to instance 'layer17_out_2_U' of component 'myproject_fifo_w8_d2_S' [/home/dabadjiev/smartpixels_ml_dsabadjiev/Muon_Collider_Smart_Pixels/daniel/CrossParetoModels_shortlist_parallelInput/hls_outputs_vsynth/hls_model_trial_1046/myproject_prj/solution1/syn/vhdl/myproject.vhd:2241]
INFO: [Synth 8-3491] module 'myproject_fifo_w8_d2_S' declared at '/home/dabadjiev/smartpixels_ml_dsabadjiev/Muon_Collider_Smart_Pixels/daniel/CrossParetoModels_shortlist_parallelInput/hls_outputs_vsynth/hls_model_trial_1046/myproject_prj/solution1/syn/vhdl/myproject_fifo_w8_d2_S.vhd:13' bound to instance 'layer17_out_3_U' of component 'myproject_fifo_w8_d2_S' [/home/dabadjiev/smartpixels_ml_dsabadjiev/Muon_Collider_Smart_Pixels/daniel/CrossParetoModels_shortlist_parallelInput/hls_outputs_vsynth/hls_model_trial_1046/myproject_prj/solution1/syn/vhdl/myproject.vhd:2256]
INFO: [Common 17-14] Message 'Synth 8-3491' appears 100 times and further instances of the messages will be disabled. Use the Tcl command set_msg_config to change the current settings.
INFO: [Synth 8-638] synthesizing module 'myproject_fifo_w15_d2_S' [/home/dabadjiev/smartpixels_ml_dsabadjiev/Muon_Collider_Smart_Pixels/daniel/CrossParetoModels_shortlist_parallelInput/hls_outputs_vsynth/hls_model_trial_1046/myproject_prj/solution1/syn/vhdl/myproject_fifo_w15_d2_S.vhd:40]
	Parameter DATA_WIDTH bound to: 15 - type: integer 
	Parameter ADDR_WIDTH bound to: 2 - type: integer 
	Parameter DEPTH bound to: 2 - type: integer 
INFO: [Synth 8-638] synthesizing module 'myproject_fifo_w15_d2_S_ShiftReg' [/home/dabadjiev/smartpixels_ml_dsabadjiev/Muon_Collider_Smart_Pixels/daniel/CrossParetoModels_shortlist_parallelInput/hls_outputs_vsynth/hls_model_trial_1046/myproject_prj/solution1/syn/vhdl/myproject_fifo_w15_d2_S.vhd:179]
	Parameter DATA_WIDTH bound to: 15 - type: integer 
	Parameter ADDR_WIDTH bound to: 2 - type: integer 
	Parameter DEPTH bound to: 2 - type: integer 
INFO: [Synth 8-256] done synthesizing module 'myproject_fifo_w15_d2_S_ShiftReg' (0#1) [/home/dabadjiev/smartpixels_ml_dsabadjiev/Muon_Collider_Smart_Pixels/daniel/CrossParetoModels_shortlist_parallelInput/hls_outputs_vsynth/hls_model_trial_1046/myproject_prj/solution1/syn/vhdl/myproject_fifo_w15_d2_S.vhd:179]
INFO: [Synth 8-256] done synthesizing module 'myproject_fifo_w15_d2_S' (0#1) [/home/dabadjiev/smartpixels_ml_dsabadjiev/Muon_Collider_Smart_Pixels/daniel/CrossParetoModels_shortlist_parallelInput/hls_outputs_vsynth/hls_model_trial_1046/myproject_prj/solution1/syn/vhdl/myproject_fifo_w15_d2_S.vhd:40]
INFO: [Synth 8-256] done synthesizing module 'myproject' (0#1) [/home/dabadjiev/smartpixels_ml_dsabadjiev/Muon_Collider_Smart_Pixels/daniel/CrossParetoModels_shortlist_parallelInput/hls_outputs_vsynth/hls_model_trial_1046/myproject_prj/solution1/syn/vhdl/myproject.vhd:32]
WARNING: [Synth 8-7129] Port addr[1] in module myproject_fifo_w15_d2_S_ShiftReg is either unconnected or has no load
WARNING: [Synth 8-7129] Port addr[1] in module myproject_fifo_w8_d2_S_ShiftReg is either unconnected or has no load
WARNING: [Synth 8-7129] Port addr[1] in module myproject_fifo_w16_d2_S_ShiftReg is either unconnected or has no load
WARNING: [Synth 8-7129] Port addr[1] in module myproject_fifo_w11_d2_S_ShiftReg is either unconnected or has no load
WARNING: [Synth 8-7129] Port addr[1] in module myproject_fifo_w10_d2_S_ShiftReg is either unconnected or has no load
WARNING: [Synth 8-7129] Port ap_done_int in module myproject_flow_control_loop_pipe is either unconnected or has no load
WARNING: [Synth 8-7129] Port def[7] in module myproject_sparsemux_17_3_8_1_1 is either unconnected or has no load
WARNING: [Synth 8-7129] Port def[6] in module myproject_sparsemux_17_3_8_1_1 is either unconnected or has no load
WARNING: [Synth 8-7129] Port def[5] in module myproject_sparsemux_17_3_8_1_1 is either unconnected or has no load
WARNING: [Synth 8-7129] Port def[4] in module myproject_sparsemux_17_3_8_1_1 is either unconnected or has no load
WARNING: [Synth 8-7129] Port def[3] in module myproject_sparsemux_17_3_8_1_1 is either unconnected or has no load
WARNING: [Synth 8-7129] Port def[2] in module myproject_sparsemux_17_3_8_1_1 is either unconnected or has no load
WARNING: [Synth 8-7129] Port def[1] in module myproject_sparsemux_17_3_8_1_1 is either unconnected or has no load
WARNING: [Synth 8-7129] Port def[0] in module myproject_sparsemux_17_3_8_1_1 is either unconnected or has no load
WARNING: [Synth 8-7129] Port reset in module myproject_dense_resource_ap_ufixed_8_0_4_0_0_ap_fixed_16_6_5_3_0_config24_s_w24_ROM_AUTjbC is either unconnected or has no load
WARNING: [Synth 8-7129] Port reset in module myproject_dense_resource_ap_ufixed_8_0_4_0_0_ap_fixed_16_6_5_3_0_config21_s_w21_ROM_AUTibs is either unconnected or has no load
WARNING: [Synth 8-7129] Port reset in module myproject_dense_resource_ap_ufixed_8_0_4_0_0_ap_fixed_16_6_5_3_0_config15_s_outidx_i_91dEe is either unconnected or has no load
WARNING: [Synth 8-7129] Port reset in module myproject_dense_resource_ap_ufixed_8_0_4_0_0_ap_fixed_16_6_5_3_0_config18_s_w18_ROM_AUTg8j is either unconnected or has no load
WARNING: [Synth 8-7129] Port reset in module myproject_dense_resource_ap_ufixed_8_0_4_0_0_ap_fixed_16_6_5_3_0_config15_s_w15_ROM_AUTeOg is either unconnected or has no load
WARNING: [Synth 8-7129] Port def[15] in module myproject_sparsemux_9_2_16_1_1 is either unconnected or has no load
WARNING: [Synth 8-7129] Port def[14] in module myproject_sparsemux_9_2_16_1_1 is either unconnected or has no load
WARNING: [Synth 8-7129] Port def[13] in module myproject_sparsemux_9_2_16_1_1 is either unconnected or has no load
WARNING: [Synth 8-7129] Port def[12] in module myproject_sparsemux_9_2_16_1_1 is either unconnected or has no load
WARNING: [Synth 8-7129] Port def[11] in module myproject_sparsemux_9_2_16_1_1 is either unconnected or has no load
WARNING: [Synth 8-7129] Port def[10] in module myproject_sparsemux_9_2_16_1_1 is either unconnected or has no load
WARNING: [Synth 8-7129] Port def[9] in module myproject_sparsemux_9_2_16_1_1 is either unconnected or has no load
WARNING: [Synth 8-7129] Port def[8] in module myproject_sparsemux_9_2_16_1_1 is either unconnected or has no load
WARNING: [Synth 8-7129] Port def[7] in module myproject_sparsemux_9_2_16_1_1 is either unconnected or has no load
WARNING: [Synth 8-7129] Port def[6] in module myproject_sparsemux_9_2_16_1_1 is either unconnected or has no load
WARNING: [Synth 8-7129] Port def[5] in module myproject_sparsemux_9_2_16_1_1 is either unconnected or has no load
WARNING: [Synth 8-7129] Port def[4] in module myproject_sparsemux_9_2_16_1_1 is either unconnected or has no load
WARNING: [Synth 8-7129] Port def[3] in module myproject_sparsemux_9_2_16_1_1 is either unconnected or has no load
WARNING: [Synth 8-7129] Port def[2] in module myproject_sparsemux_9_2_16_1_1 is either unconnected or has no load
WARNING: [Synth 8-7129] Port def[1] in module myproject_sparsemux_9_2_16_1_1 is either unconnected or has no load
WARNING: [Synth 8-7129] Port def[0] in module myproject_sparsemux_9_2_16_1_1 is either unconnected or has no load
WARNING: [Synth 8-7129] Port def[10] in module myproject_sparsemux_9_2_11_1_1 is either unconnected or has no load
WARNING: [Synth 8-7129] Port def[9] in module myproject_sparsemux_9_2_11_1_1 is either unconnected or has no load
WARNING: [Synth 8-7129] Port def[8] in module myproject_sparsemux_9_2_11_1_1 is either unconnected or has no load
WARNING: [Synth 8-7129] Port def[7] in module myproject_sparsemux_9_2_11_1_1 is either unconnected or has no load
WARNING: [Synth 8-7129] Port def[6] in module myproject_sparsemux_9_2_11_1_1 is either unconnected or has no load
WARNING: [Synth 8-7129] Port def[5] in module myproject_sparsemux_9_2_11_1_1 is either unconnected or has no load
WARNING: [Synth 8-7129] Port def[4] in module myproject_sparsemux_9_2_11_1_1 is either unconnected or has no load
WARNING: [Synth 8-7129] Port def[3] in module myproject_sparsemux_9_2_11_1_1 is either unconnected or has no load
WARNING: [Synth 8-7129] Port def[2] in module myproject_sparsemux_9_2_11_1_1 is either unconnected or has no load
WARNING: [Synth 8-7129] Port def[1] in module myproject_sparsemux_9_2_11_1_1 is either unconnected or has no load
WARNING: [Synth 8-7129] Port def[0] in module myproject_sparsemux_9_2_11_1_1 is either unconnected or has no load
WARNING: [Synth 8-7129] Port reset in module myproject_dense_resource_ap_fixed_16_6_5_3_0_ap_fixed_16_6_5_3_0_config12_s_w12_ROM_AUTcud is either unconnected or has no load
WARNING: [Synth 8-7129] Port reset in module myproject_dense_resource_ap_fixed_16_6_5_3_0_ap_fixed_16_6_5_3_0_config12_s_outidx_i_94bkb is either unconnected or has no load
---------------------------------------------------------------------------------
Finished Synthesize : Time (s): cpu = 00:00:06 ; elapsed = 00:00:06 . Memory (MB): peak = 2232.473 ; gain = 552.492 ; free physical = 83164 ; free virtual = 226057
---------------------------------------------------------------------------------
---------------------------------------------------------------------------------
Finished Constraint Validation : Time (s): cpu = 00:00:07 ; elapsed = 00:00:07 . Memory (MB): peak = 2244.348 ; gain = 564.367 ; free physical = 83022 ; free virtual = 225915
---------------------------------------------------------------------------------
---------------------------------------------------------------------------------
Start Loading Part and Timing Information
---------------------------------------------------------------------------------
Loading part: xc7z020clg400-1
---------------------------------------------------------------------------------
INFO: [Device 21-403] Loading part xc7z020clg400-1
Finished Loading Part and Timing Information : Time (s): cpu = 00:00:07 ; elapsed = 00:00:07 . Memory (MB): peak = 2252.352 ; gain = 572.371 ; free physical = 83021 ; free virtual = 225914
---------------------------------------------------------------------------------
---------------------------------------------------------------------------------
Finished RTL Optimization Phase 2 : Time (s): cpu = 00:00:10 ; elapsed = 00:00:09 . Memory (MB): peak = 2282.312 ; gain = 602.332 ; free physical = 82311 ; free virtual = 225206
---------------------------------------------------------------------------------
No constraint files found.
---------------------------------------------------------------------------------
Start RTL Component Statistics 
---------------------------------------------------------------------------------
Detailed RTL Component Info : 
+---Adders : 
	   2 Input   17 Bit       Adders := 3     
	   2 Input   16 Bit       Adders := 12    
	   2 Input   15 Bit       Adders := 1     
	   2 Input   10 Bit       Adders := 4     
	   2 Input    8 Bit       Adders := 33    
	   2 Input    4 Bit       Adders := 7     
	   2 Input    3 Bit       Adders := 80    
	   2 Input    2 Bit       Adders := 78    
+---XORs : 
	   2 Input      1 Bit         XORs := 246   
+---Registers : 
	               16 Bit    Registers := 128   
	               15 Bit    Registers := 4     
	               14 Bit    Registers := 1     
	               12 Bit    Registers := 2     
	               11 Bit    Registers := 45    
	               10 Bit    Registers := 8     
	                8 Bit    Registers := 176   
	                4 Bit    Registers := 8     
	                3 Bit    Registers := 86    
	                2 Bit    Registers := 82    
	                1 Bit    Registers := 324   
+---Multipliers : 
	               8x11  Multipliers := 2     
	                8x9  Multipliers := 13    
+---Muxes : 
	   4 Input   16 Bit        Muxes := 2     
	   2 Input   16 Bit        Muxes := 261   
	   2 Input   15 Bit        Muxes := 2     
	   2 Input   14 Bit        Muxes := 1     
	   3 Input   13 Bit        Muxes := 1     
	   2 Input   11 Bit        Muxes := 31    
	   4 Input   11 Bit        Muxes := 1     
	   2 Input   10 Bit        Muxes := 10    
	   3 Input   10 Bit        Muxes := 8     
	   2 Input    8 Bit        Muxes := 420   
	   9 Input    8 Bit        Muxes := 1     
	   2 Input    4 Bit        Muxes := 12    
	   2 Input    3 Bit        Muxes := 8     
	  17 Input    2 Bit        Muxes := 1     
	   2 Input    2 Bit        Muxes := 158   
	   2 Input    1 Bit        Muxes := 429   
	  17 Input    1 Bit        Muxes := 3     
---------------------------------------------------------------------------------
Finished RTL Component Statistics 
---------------------------------------------------------------------------------
---------------------------------------------------------------------------------
Start Part Resource Summary
---------------------------------------------------------------------------------
INFO: [Device 21-9227] Part: xc7z020clg400-1 does not have CEAM library.
Part Resources:
DSPs: 220 (col length:60)
BRAMs: 280 (col length: RAMB18 60 RAMB36 30)
---------------------------------------------------------------------------------
Finished Part Resource Summary
---------------------------------------------------------------------------------
No constraint files found.
---------------------------------------------------------------------------------
Start Cross Boundary and Area Optimization
---------------------------------------------------------------------------------
WARNING: [Synth 8-7080] Parallel synthesis criteria is not met
---------------------------------------------------------------------------------
Finished Cross Boundary and Area Optimization : Time (s): cpu = 00:00:29 ; elapsed = 00:00:29 . Memory (MB): peak = 2448.906 ; gain = 768.926 ; free physical = 76423 ; free virtual = 219372
---------------------------------------------------------------------------------
---------------------------------------------------------------------------------
Start ROM, RAM, DSP, Shift Register and Retiming Reporting
---------------------------------------------------------------------------------

ROM: Preliminary Mapping Report
+-------------------------------------------------------------------------------------------+------------+---------------+----------------+
|Module Name                                                                                | RTL Object | Depth x Width | Implemented As | 
+-------------------------------------------------------------------------------------------+------------+---------------+----------------+
|myproject_dense_resource_ap_fixed_16_6_5_3_0_ap_fixed_16_6_5_3_0_config12_s_w12_ROM_AUTcud | mem0       | 32x8          | LUT            | 
|myproject_dense_resource_ap_fixed_16_6_5_3_0_ap_fixed_16_6_5_3_0_config12_s_w12_ROM_AUTcud | mem0       | 32x8          | LUT            | 
|myproject_dense_resource_ap_ufixed_8_0_4_0_0_ap_fixed_16_6_5_3_0_config15_s_w15_ROM_AUTeOg | mem0       | 64x8          | LUT            | 
|myproject_dense_resource_ap_ufixed_8_0_4_0_0_ap_fixed_16_6_5_3_0_config15_s_w15_ROM_AUTeOg | mem0       | 64x8          | LUT            | 
|myproject_dense_resource_ap_ufixed_8_0_4_0_0_ap_fixed_16_6_5_3_0_config15_s_w15_ROM_AUTeOg | mem1       | 64x8          | LUT            | 
|myproject_dense_resource_ap_ufixed_8_0_4_0_0_ap_fixed_16_6_5_3_0_config15_s_w15_ROM_AUTeOg | mem1       | 64x8          | LUT            | 
|myproject_dense_resource_ap_ufixed_8_0_4_0_0_ap_fixed_16_6_5_3_0_config18_s_w18_ROM_AUTg8j | mem0       | 64x8          | LUT            | 
|myproject_dense_resource_ap_ufixed_8_0_4_0_0_ap_fixed_16_6_5_3_0_config18_s_w18_ROM_AUTg8j | mem0       | 64x8          | LUT            | 
|myproject_dense_resource_ap_ufixed_8_0_4_0_0_ap_fixed_16_6_5_3_0_config18_s_w18_ROM_AUTg8j | mem1       | 64x8          | LUT            | 
|myproject_dense_resource_ap_ufixed_8_0_4_0_0_ap_fixed_16_6_5_3_0_config18_s_w18_ROM_AUTg8j | mem1       | 64x8          | LUT            | 
|myproject_dense_resource_ap_ufixed_8_0_4_0_0_ap_fixed_16_6_5_3_0_config21_s_w21_ROM_AUTibs | mem0       | 64x8          | LUT            | 
|myproject_dense_resource_ap_ufixed_8_0_4_0_0_ap_fixed_16_6_5_3_0_config21_s_w21_ROM_AUTibs | mem0       | 64x8          | LUT            | 
|myproject_dense_resource_ap_ufixed_8_0_4_0_0_ap_fixed_16_6_5_3_0_config21_s_w21_ROM_AUTibs | mem1       | 64x8          | LUT            | 
|myproject_dense_resource_ap_ufixed_8_0_4_0_0_ap_fixed_16_6_5_3_0_config21_s_w21_ROM_AUTibs | mem1       | 64x8          | LUT            | 
|myproject_dense_resource_ap_fixed_16_6_5_3_0_ap_fixed_16_6_5_3_0_config12_s                | p_0_out    | 32x8          | LUT            | 
|myproject_dense_resource_ap_fixed_16_6_5_3_0_ap_fixed_16_6_5_3_0_config12_s                | p_0_out    | 32x8          | LUT            | 
|myproject_dense_resource_ap_ufixed_8_0_4_0_0_ap_fixed_16_6_5_3_0_config15_s                | p_0_out    | 64x8          | LUT            | 
|myproject_dense_resource_ap_ufixed_8_0_4_0_0_ap_fixed_16_6_5_3_0_config15_s                | p_0_out    | 64x8          | LUT            | 
|myproject_dense_resource_ap_ufixed_8_0_4_0_0_ap_fixed_16_6_5_3_0_config15_s                | p_0_out    | 64x8          | LUT            | 
|myproject_dense_resource_ap_ufixed_8_0_4_0_0_ap_fixed_16_6_5_3_0_config15_s                | p_0_out    | 64x8          | LUT            | 
|myproject_dense_resource_ap_ufixed_8_0_4_0_0_ap_fixed_16_6_5_3_0_config18_s                | p_0_out    | 64x8          | LUT            | 
|myproject_dense_resource_ap_ufixed_8_0_4_0_0_ap_fixed_16_6_5_3_0_config18_s                | p_0_out    | 64x8          | LUT            | 
|myproject_dense_resource_ap_ufixed_8_0_4_0_0_ap_fixed_16_6_5_3_0_config18_s                | p_0_out    | 64x8          | LUT            | 
|myproject_dense_resource_ap_ufixed_8_0_4_0_0_ap_fixed_16_6_5_3_0_config18_s                | p_0_out    | 64x8          | LUT            | 
|myproject_dense_resource_ap_ufixed_8_0_4_0_0_ap_fixed_16_6_5_3_0_config21_s                | p_0_out    | 64x8          | LUT            | 
|myproject_dense_resource_ap_ufixed_8_0_4_0_0_ap_fixed_16_6_5_3_0_config21_s                | p_0_out    | 64x8          | LUT            | 
|myproject_dense_resource_ap_ufixed_8_0_4_0_0_ap_fixed_16_6_5_3_0_config21_s                | p_0_out    | 64x8          | LUT            | 
|myproject_dense_resource_ap_ufixed_8_0_4_0_0_ap_fixed_16_6_5_3_0_config21_s                | p_0_out    | 64x8          | LUT            | 
+-------------------------------------------------------------------------------------------+------------+---------------+----------------+

---------------------------------------------------------------------------------
Finished ROM, RAM, DSP, Shift Register and Retiming Reporting
---------------------------------------------------------------------------------
No constraint files found.
---------------------------------------------------------------------------------
Start Timing Optimization
---------------------------------------------------------------------------------
---------------------------------------------------------------------------------
Finished Timing Optimization : Time (s): cpu = 00:00:30 ; elapsed = 00:00:30 . Memory (MB): peak = 2448.906 ; gain = 768.926 ; free physical = 76051 ; free virtual = 219068
---------------------------------------------------------------------------------
---------------------------------------------------------------------------------
Start Technology Mapping
---------------------------------------------------------------------------------
---------------------------------------------------------------------------------
Finished Technology Mapping : Time (s): cpu = 00:00:33 ; elapsed = 00:00:32 . Memory (MB): peak = 2529.906 ; gain = 849.926 ; free physical = 75219 ; free virtual = 218254
---------------------------------------------------------------------------------
---------------------------------------------------------------------------------
Start IO Insertion
---------------------------------------------------------------------------------
---------------------------------------------------------------------------------
Start Flattening Before IO Insertion
---------------------------------------------------------------------------------
---------------------------------------------------------------------------------
Finished Flattening Before IO Insertion
---------------------------------------------------------------------------------
---------------------------------------------------------------------------------
Start Final Netlist Cleanup
---------------------------------------------------------------------------------
---------------------------------------------------------------------------------
Finished Final Netlist Cleanup
---------------------------------------------------------------------------------
---------------------------------------------------------------------------------
Finished IO Insertion : Time (s): cpu = 00:00:37 ; elapsed = 00:00:36 . Memory (MB): peak = 2529.906 ; gain = 849.926 ; free physical = 74008 ; free virtual = 216977
---------------------------------------------------------------------------------
---------------------------------------------------------------------------------
Start Renaming Generated Instances
---------------------------------------------------------------------------------
---------------------------------------------------------------------------------
Finished Renaming Generated Instances : Time (s): cpu = 00:00:37 ; elapsed = 00:00:36 . Memory (MB): peak = 2529.906 ; gain = 849.926 ; free physical = 74008 ; free virtual = 216977
---------------------------------------------------------------------------------
---------------------------------------------------------------------------------
Start Rebuilding User Hierarchy
---------------------------------------------------------------------------------
---------------------------------------------------------------------------------
Finished Rebuilding User Hierarchy : Time (s): cpu = 00:00:37 ; elapsed = 00:00:36 . Memory (MB): peak = 2529.906 ; gain = 849.926 ; free physical = 73925 ; free virtual = 216894
---------------------------------------------------------------------------------
---------------------------------------------------------------------------------
Start Renaming Generated Ports
---------------------------------------------------------------------------------
---------------------------------------------------------------------------------
Finished Renaming Generated Ports : Time (s): cpu = 00:00:37 ; elapsed = 00:00:37 . Memory (MB): peak = 2529.906 ; gain = 849.926 ; free physical = 73903 ; free virtual = 216872
---------------------------------------------------------------------------------
---------------------------------------------------------------------------------
Start Handling Custom Attributes
---------------------------------------------------------------------------------
---------------------------------------------------------------------------------
Finished Handling Custom Attributes : Time (s): cpu = 00:00:37 ; elapsed = 00:00:37 . Memory (MB): peak = 2529.906 ; gain = 849.926 ; free physical = 73813 ; free virtual = 216783
---------------------------------------------------------------------------------
---------------------------------------------------------------------------------
Start Renaming Generated Nets
---------------------------------------------------------------------------------
---------------------------------------------------------------------------------
Finished Renaming Generated Nets : Time (s): cpu = 00:00:37 ; elapsed = 00:00:37 . Memory (MB): peak = 2529.906 ; gain = 849.926 ; free physical = 73809 ; free virtual = 216778
---------------------------------------------------------------------------------
---------------------------------------------------------------------------------
Start ROM, RAM, DSP, Shift Register and Retiming Reporting
---------------------------------------------------------------------------------

Dynamic Shift Register Report:
+------------+----------------+--------+------------+--------+---------+--------+--------+--------+
|Module Name | RTL Name       | Length | Data Width | SRL16E | SRLC32E | Mux F7 | Mux F8 | Mux F9 | 
+------------+----------------+--------+------------+--------+---------+--------+--------+--------+
|dsrl        | SRL_SIG_reg[2] | 10     | 10         | 10     | 0       | 0      | 0      | 0      | 
|dsrl__1     | SRL_SIG_reg[3] | 10     | 10         | 10     | 0       | 0      | 0      | 0      | 
+------------+----------------+--------+------------+--------+---------+--------+--------+--------+

---------------------------------------------------------------------------------
Finished ROM, RAM, DSP, Shift Register and Retiming Reporting
---------------------------------------------------------------------------------
---------------------------------------------------------------------------------
Start Writing Synthesis Report
---------------------------------------------------------------------------------

Report BlackBoxes: 
+-+--------------+----------+
| |BlackBox name |Instances |
+-+--------------+----------+
+-+--------------+----------+

Report Cell Usage: 
+------+-------+------+
|      |Cell   |Count |
+------+-------+------+
|1     |BUFG   |     1|
|2     |CARRY4 |   448|
|3     |LUT1   |    17|
|4     |LUT2   |   839|
|5     |LUT3   |  1163|
|6     |LUT4   |  1655|
|7     |LUT5   |  1520|
|8     |LUT6   |  2654|
|9     |MUXF7  |    16|
|10    |MUXF8  |     8|
|11    |SRL16E |    20|
|12    |FDRE   |  4511|
|13    |FDSE   |   298|
|14    |IBUF   |    71|
|15    |OBUF   |    12|
+------+-------+------+

Report Instance Areas: 
+------+---------------------------------------------------------------------+-----------------------------------------------------------------------------------------------+------+
|      |Instance                                                             |Module                                                                                         |Cells |
+------+---------------------------------------------------------------------+-----------------------------------------------------------------------------------------------+------+
|1     |top                                                                  |                                                                                               | 13233|
|2     |  concatenate1d_ap_fixed_ap_fixed_ap_fixed_16_6_5_3_0_config11_U0    |myproject_concatenate1d_ap_fixed_ap_fixed_ap_fixed_16_6_5_3_0_config11_s                       |    63|
|3     |  concatenate1d_ap_fixed_ap_fixed_ap_fixed_16_6_5_3_0_config6_U0     |myproject_concatenate1d_ap_fixed_ap_fixed_ap_fixed_16_6_5_3_0_config6_s                        |    22|
|4     |  concatenate1d_ap_fixed_ap_fixed_ap_fixed_16_6_5_3_0_config9_U0     |myproject_concatenate1d_ap_fixed_ap_fixed_ap_fixed_16_6_5_3_0_config9_s                        |    45|
|5     |  dense_resource_ap_fixed_16_6_5_3_0_ap_fixed_16_6_5_3_0_config12_U0 |myproject_dense_resource_ap_fixed_16_6_5_3_0_ap_fixed_16_6_5_3_0_config12_s                    |  1365|
|6     |    flow_control_loop_pipe_U                                         |myproject_flow_control_loop_pipe_159                                                           |    60|
|7     |    mul_11s_8s_19_1_1_U15                                            |myproject_mul_11s_8s_19_1_1                                                                    |    87|
|8     |    mul_11s_8s_19_1_1_U16                                            |myproject_mul_11s_8s_19_1_1_160                                                                |    87|
|9     |    outidx_i_94_U                                                    |myproject_dense_resource_ap_fixed_16_6_5_3_0_ap_fixed_16_6_5_3_0_config12_s_outidx_i_94bkb     |     2|
|10    |    w12_U                                                            |myproject_dense_resource_ap_fixed_16_6_5_3_0_ap_fixed_16_6_5_3_0_config12_s_w12_ROM_AUTcud     |   100|
|11    |  dense_resource_ap_ufixed_8_0_4_0_0_ap_fixed_16_6_5_3_0_config15_U0 |myproject_dense_resource_ap_ufixed_8_0_4_0_0_ap_fixed_16_6_5_3_0_config15_s                    |  1723|
|12    |    flow_control_loop_pipe_U                                         |myproject_flow_control_loop_pipe_153                                                           |    46|
|13    |    mul_8s_8ns_16_1_1_U37                                            |myproject_mul_8s_8ns_16_1_1_154                                                                |    90|
|14    |    mul_8s_8ns_16_1_1_U38                                            |myproject_mul_8s_8ns_16_1_1_155                                                                |    75|
|15    |    mul_8s_8ns_16_1_1_U39                                            |myproject_mul_8s_8ns_16_1_1_156                                                                |    75|
|16    |    mul_8s_8ns_16_1_1_U40                                            |myproject_mul_8s_8ns_16_1_1_157                                                                |   103|
|17    |    outidx_i_91_U                                                    |myproject_dense_resource_ap_ufixed_8_0_4_0_0_ap_fixed_16_6_5_3_0_config15_s_outidx_i_91dEe_158 |     1|
|18    |    w15_U                                                            |myproject_dense_resource_ap_ufixed_8_0_4_0_0_ap_fixed_16_6_5_3_0_config15_s_w15_ROM_AUTeOg     |   140|
|19    |  dense_resource_ap_ufixed_8_0_4_0_0_ap_fixed_16_6_5_3_0_config18_U0 |myproject_dense_resource_ap_ufixed_8_0_4_0_0_ap_fixed_16_6_5_3_0_config18_s                    |  1722|
|20    |    flow_control_loop_pipe_U                                         |myproject_flow_control_loop_pipe_147                                                           |    46|
|21    |    mul_8s_8ns_16_1_1_U62                                            |myproject_mul_8s_8ns_16_1_1_148                                                                |    90|
|22    |    mul_8s_8ns_16_1_1_U63                                            |myproject_mul_8s_8ns_16_1_1_149                                                                |    75|
|23    |    mul_8s_8ns_16_1_1_U64                                            |myproject_mul_8s_8ns_16_1_1_150                                                                |    75|
|24    |    mul_8s_8ns_16_1_1_U65                                            |myproject_mul_8s_8ns_16_1_1_151                                                                |   103|
|25    |    outidx_i_87_U                                                    |myproject_dense_resource_ap_ufixed_8_0_4_0_0_ap_fixed_16_6_5_3_0_config15_s_outidx_i_91dEe_152 |     1|
|26    |    w18_U                                                            |myproject_dense_resource_ap_ufixed_8_0_4_0_0_ap_fixed_16_6_5_3_0_config18_s_w18_ROM_AUTg8j     |   140|
|27    |  dense_resource_ap_ufixed_8_0_4_0_0_ap_fixed_16_6_5_3_0_config21_U0 |myproject_dense_resource_ap_ufixed_8_0_4_0_0_ap_fixed_16_6_5_3_0_config21_s                    |  1724|
|28    |    flow_control_loop_pipe_U                                         |myproject_flow_control_loop_pipe_142                                                           |    46|
|29    |    mul_8s_8ns_16_1_1_U84                                            |myproject_mul_8s_8ns_16_1_1_143                                                                |    90|
|30    |    mul_8s_8ns_16_1_1_U85                                            |myproject_mul_8s_8ns_16_1_1_144                                                                |    75|
|31    |    mul_8s_8ns_16_1_1_U86                                            |myproject_mul_8s_8ns_16_1_1_145                                                                |    75|
|32    |    mul_8s_8ns_16_1_1_U87                                            |myproject_mul_8s_8ns_16_1_1_146                                                                |   103|
|33    |    outidx_i_U                                                       |myproject_dense_resource_ap_ufixed_8_0_4_0_0_ap_fixed_16_6_5_3_0_config15_s_outidx_i_91dEe     |     1|
|34    |    w21_U                                                            |myproject_dense_resource_ap_ufixed_8_0_4_0_0_ap_fixed_16_6_5_3_0_config21_s_w21_ROM_AUTibs     |   140|
|35    |  dense_resource_ap_ufixed_8_0_4_0_0_ap_fixed_16_6_5_3_0_config24_U0 |myproject_dense_resource_ap_ufixed_8_0_4_0_0_ap_fixed_16_6_5_3_0_config24_s                    |   504|
|36    |    flow_control_loop_pipe_U                                         |myproject_flow_control_loop_pipe                                                               |    19|
|37    |    mul_8s_8ns_16_1_1_U106                                           |myproject_mul_8s_8ns_16_1_1                                                                    |   109|
|38    |    w24_U                                                            |myproject_dense_resource_ap_ufixed_8_0_4_0_0_ap_fixed_16_6_5_3_0_config24_s_w24_ROM_AUTjbC     |    50|
|39    |  hard_sigmoid_ap_fixed_ap_ufixed_8_0_4_0_0_hard_sigmoid_config26_U0 |myproject_hard_sigmoid_ap_fixed_ap_ufixed_8_0_4_0_0_hard_sigmoid_config26_s                    |    67|
|40    |  layer10_out_U                                                      |myproject_fifo_w10_d4_S                                                                        |    41|
|41    |    U_myproject_fifo_w10_d4_S_ShiftReg                               |myproject_fifo_w10_d4_S_ShiftReg                                                               |    21|
|42    |  layer11_out_1_U                                                    |myproject_fifo_w11_d2_S                                                                        |    44|
|43    |    U_myproject_fifo_w11_d2_S_ShiftReg                               |myproject_fifo_w11_d2_S_ShiftReg_141                                                           |    30|
|44    |  layer11_out_2_U                                                    |myproject_fifo_w11_d2_S_0                                                                      |    45|
|45    |    U_myproject_fifo_w11_d2_S_ShiftReg                               |myproject_fifo_w11_d2_S_ShiftReg_140                                                           |    30|
|46    |  layer11_out_3_U                                                    |myproject_fifo_w11_d2_S_1                                                                      |    44|
|47    |    U_myproject_fifo_w11_d2_S_ShiftReg                               |myproject_fifo_w11_d2_S_ShiftReg_139                                                           |    30|
|48    |  layer11_out_U                                                      |myproject_fifo_w11_d2_S_2                                                                      |    43|
|49    |    U_myproject_fifo_w11_d2_S_ShiftReg                               |myproject_fifo_w11_d2_S_ShiftReg_138                                                           |    30|
|50    |  layer12_out_1_U                                                    |myproject_fifo_w16_d2_S                                                                        |   108|
|51    |    U_myproject_fifo_w16_d2_S_ShiftReg                               |myproject_fifo_w16_d2_S_ShiftReg_137                                                           |    92|
|52    |  layer12_out_2_U                                                    |myproject_fifo_w16_d2_S_3                                                                      |   106|
|53    |    U_myproject_fifo_w16_d2_S_ShiftReg                               |myproject_fifo_w16_d2_S_ShiftReg_136                                                           |    92|
|54    |  layer12_out_3_U                                                    |myproject_fifo_w16_d2_S_4                                                                      |   106|
|55    |    U_myproject_fifo_w16_d2_S_ShiftReg                               |myproject_fifo_w16_d2_S_ShiftReg_135                                                           |    92|
|56    |  layer12_out_4_U                                                    |myproject_fifo_w16_d2_S_5                                                                      |   107|
|57    |    U_myproject_fifo_w16_d2_S_ShiftReg                               |myproject_fifo_w16_d2_S_ShiftReg_134                                                           |    92|
|58    |  layer12_out_5_U                                                    |myproject_fifo_w16_d2_S_6                                                                      |   107|
|59    |    U_myproject_fifo_w16_d2_S_ShiftReg                               |myproject_fifo_w16_d2_S_ShiftReg_133                                                           |    92|
|60    |  layer12_out_6_U                                                    |myproject_fifo_w16_d2_S_7                                                                      |   106|
|61    |    U_myproject_fifo_w16_d2_S_ShiftReg                               |myproject_fifo_w16_d2_S_ShiftReg_132                                                           |    92|
|62    |  layer12_out_7_U                                                    |myproject_fifo_w16_d2_S_8                                                                      |   106|
|63    |    U_myproject_fifo_w16_d2_S_ShiftReg                               |myproject_fifo_w16_d2_S_ShiftReg_131                                                           |    92|
|64    |  layer12_out_U                                                      |myproject_fifo_w16_d2_S_9                                                                      |   106|
|65    |    U_myproject_fifo_w16_d2_S_ShiftReg                               |myproject_fifo_w16_d2_S_ShiftReg_130                                                           |    92|
|66    |  layer14_out_1_U                                                    |myproject_fifo_w8_d2_S                                                                         |    40|
|67    |    U_myproject_fifo_w8_d2_S_ShiftReg                                |myproject_fifo_w8_d2_S_ShiftReg_129                                                            |    24|
|68    |  layer14_out_2_U                                                    |myproject_fifo_w8_d2_S_10                                                                      |    38|
|69    |    U_myproject_fifo_w8_d2_S_ShiftReg                                |myproject_fifo_w8_d2_S_ShiftReg_128                                                            |    24|
|70    |  layer14_out_3_U                                                    |myproject_fifo_w8_d2_S_11                                                                      |    42|
|71    |    U_myproject_fifo_w8_d2_S_ShiftReg                                |myproject_fifo_w8_d2_S_ShiftReg_127                                                            |    24|
|72    |  layer14_out_4_U                                                    |myproject_fifo_w8_d2_S_12                                                                      |    39|
|73    |    U_myproject_fifo_w8_d2_S_ShiftReg                                |myproject_fifo_w8_d2_S_ShiftReg_126                                                            |    24|
|74    |  layer14_out_5_U                                                    |myproject_fifo_w8_d2_S_13                                                                      |    38|
|75    |    U_myproject_fifo_w8_d2_S_ShiftReg                                |myproject_fifo_w8_d2_S_ShiftReg_125                                                            |    24|
|76    |  layer14_out_6_U                                                    |myproject_fifo_w8_d2_S_14                                                                      |    38|
|77    |    U_myproject_fifo_w8_d2_S_ShiftReg                                |myproject_fifo_w8_d2_S_ShiftReg_124                                                            |    24|
|78    |  layer14_out_7_U                                                    |myproject_fifo_w8_d2_S_15                                                                      |    38|
|79    |    U_myproject_fifo_w8_d2_S_ShiftReg                                |myproject_fifo_w8_d2_S_ShiftReg_123                                                            |    24|
|80    |  layer14_out_U                                                      |myproject_fifo_w8_d2_S_16                                                                      |    38|
|81    |    U_myproject_fifo_w8_d2_S_ShiftReg                                |myproject_fifo_w8_d2_S_ShiftReg_122                                                            |    24|
|82    |  layer15_out_1_U                                                    |myproject_fifo_w16_d2_S_17                                                                     |   108|
|83    |    U_myproject_fifo_w16_d2_S_ShiftReg                               |myproject_fifo_w16_d2_S_ShiftReg_121                                                           |    92|
|84    |  layer15_out_2_U                                                    |myproject_fifo_w16_d2_S_18                                                                     |   106|
|85    |    U_myproject_fifo_w16_d2_S_ShiftReg                               |myproject_fifo_w16_d2_S_ShiftReg_120                                                           |    92|
|86    |  layer15_out_3_U                                                    |myproject_fifo_w16_d2_S_19                                                                     |   106|
|87    |    U_myproject_fifo_w16_d2_S_ShiftReg                               |myproject_fifo_w16_d2_S_ShiftReg_119                                                           |    92|
|88    |  layer15_out_4_U                                                    |myproject_fifo_w16_d2_S_20                                                                     |   107|
|89    |    U_myproject_fifo_w16_d2_S_ShiftReg                               |myproject_fifo_w16_d2_S_ShiftReg_118                                                           |    92|
|90    |  layer15_out_5_U                                                    |myproject_fifo_w16_d2_S_21                                                                     |   106|
|91    |    U_myproject_fifo_w16_d2_S_ShiftReg                               |myproject_fifo_w16_d2_S_ShiftReg_117                                                           |    92|
|92    |  layer15_out_6_U                                                    |myproject_fifo_w16_d2_S_22                                                                     |   106|
|93    |    U_myproject_fifo_w16_d2_S_ShiftReg                               |myproject_fifo_w16_d2_S_ShiftReg_116                                                           |    92|
|94    |  layer15_out_7_U                                                    |myproject_fifo_w16_d2_S_23                                                                     |   107|
|95    |    U_myproject_fifo_w16_d2_S_ShiftReg                               |myproject_fifo_w16_d2_S_ShiftReg_115                                                           |    92|
|96    |  layer15_out_U                                                      |myproject_fifo_w16_d2_S_24                                                                     |   106|
|97    |    U_myproject_fifo_w16_d2_S_ShiftReg                               |myproject_fifo_w16_d2_S_ShiftReg_114                                                           |    92|
|98    |  layer17_out_1_U                                                    |myproject_fifo_w8_d2_S_25                                                                      |    40|
|99    |    U_myproject_fifo_w8_d2_S_ShiftReg                                |myproject_fifo_w8_d2_S_ShiftReg_113                                                            |    24|
|100   |  layer17_out_2_U                                                    |myproject_fifo_w8_d2_S_26                                                                      |    38|
|101   |    U_myproject_fifo_w8_d2_S_ShiftReg                                |myproject_fifo_w8_d2_S_ShiftReg_112                                                            |    24|
|102   |  layer17_out_3_U                                                    |myproject_fifo_w8_d2_S_27                                                                      |    38|
|103   |    U_myproject_fifo_w8_d2_S_ShiftReg                                |myproject_fifo_w8_d2_S_ShiftReg_111                                                            |    24|
|104   |  layer17_out_4_U                                                    |myproject_fifo_w8_d2_S_28                                                                      |    39|
|105   |    U_myproject_fifo_w8_d2_S_ShiftReg                                |myproject_fifo_w8_d2_S_ShiftReg_110                                                            |    24|
|106   |  layer17_out_5_U                                                    |myproject_fifo_w8_d2_S_29                                                                      |    39|
|107   |    U_myproject_fifo_w8_d2_S_ShiftReg                                |myproject_fifo_w8_d2_S_ShiftReg_109                                                            |    24|
|108   |  layer17_out_6_U                                                    |myproject_fifo_w8_d2_S_30                                                                      |    38|
|109   |    U_myproject_fifo_w8_d2_S_ShiftReg                                |myproject_fifo_w8_d2_S_ShiftReg_108                                                            |    24|
|110   |  layer17_out_7_U                                                    |myproject_fifo_w8_d2_S_31                                                                      |    38|
|111   |    U_myproject_fifo_w8_d2_S_ShiftReg                                |myproject_fifo_w8_d2_S_ShiftReg_107                                                            |    24|
|112   |  layer17_out_U                                                      |myproject_fifo_w8_d2_S_32                                                                      |    38|
|113   |    U_myproject_fifo_w8_d2_S_ShiftReg                                |myproject_fifo_w8_d2_S_ShiftReg_106                                                            |    24|
|114   |  layer18_out_1_U                                                    |myproject_fifo_w16_d2_S_33                                                                     |   107|
|115   |    U_myproject_fifo_w16_d2_S_ShiftReg                               |myproject_fifo_w16_d2_S_ShiftReg_105                                                           |    92|
|116   |  layer18_out_2_U                                                    |myproject_fifo_w16_d2_S_34                                                                     |   106|
|117   |    U_myproject_fifo_w16_d2_S_ShiftReg                               |myproject_fifo_w16_d2_S_ShiftReg_104                                                           |    92|
|118   |  layer18_out_3_U                                                    |myproject_fifo_w16_d2_S_35                                                                     |   107|
|119   |    U_myproject_fifo_w16_d2_S_ShiftReg                               |myproject_fifo_w16_d2_S_ShiftReg_103                                                           |    92|
|120   |  layer18_out_4_U                                                    |myproject_fifo_w16_d2_S_36                                                                     |   107|
|121   |    U_myproject_fifo_w16_d2_S_ShiftReg                               |myproject_fifo_w16_d2_S_ShiftReg_102                                                           |    92|
|122   |  layer18_out_5_U                                                    |myproject_fifo_w16_d2_S_37                                                                     |   106|
|123   |    U_myproject_fifo_w16_d2_S_ShiftReg                               |myproject_fifo_w16_d2_S_ShiftReg_101                                                           |    92|
|124   |  layer18_out_6_U                                                    |myproject_fifo_w16_d2_S_38                                                                     |   106|
|125   |    U_myproject_fifo_w16_d2_S_ShiftReg                               |myproject_fifo_w16_d2_S_ShiftReg_100                                                           |    92|
|126   |  layer18_out_7_U                                                    |myproject_fifo_w16_d2_S_39                                                                     |   106|
|127   |    U_myproject_fifo_w16_d2_S_ShiftReg                               |myproject_fifo_w16_d2_S_ShiftReg_99                                                            |    92|
|128   |  layer18_out_U                                                      |myproject_fifo_w16_d2_S_40                                                                     |   106|
|129   |    U_myproject_fifo_w16_d2_S_ShiftReg                               |myproject_fifo_w16_d2_S_ShiftReg_98                                                            |    92|
|130   |  layer20_out_1_U                                                    |myproject_fifo_w8_d2_S_41                                                                      |    42|
|131   |    U_myproject_fifo_w8_d2_S_ShiftReg                                |myproject_fifo_w8_d2_S_ShiftReg_97                                                             |    24|
|132   |  layer20_out_2_U                                                    |myproject_fifo_w8_d2_S_42                                                                      |    38|
|133   |    U_myproject_fifo_w8_d2_S_ShiftReg                                |myproject_fifo_w8_d2_S_ShiftReg_96                                                             |    24|
|134   |  layer20_out_3_U                                                    |myproject_fifo_w8_d2_S_43                                                                      |    38|
|135   |    U_myproject_fifo_w8_d2_S_ShiftReg                                |myproject_fifo_w8_d2_S_ShiftReg_95                                                             |    24|
|136   |  layer20_out_4_U                                                    |myproject_fifo_w8_d2_S_44                                                                      |    39|
|137   |    U_myproject_fifo_w8_d2_S_ShiftReg                                |myproject_fifo_w8_d2_S_ShiftReg_94                                                             |    24|
|138   |  layer20_out_5_U                                                    |myproject_fifo_w8_d2_S_45                                                                      |    38|
|139   |    U_myproject_fifo_w8_d2_S_ShiftReg                                |myproject_fifo_w8_d2_S_ShiftReg_93                                                             |    24|
|140   |  layer20_out_6_U                                                    |myproject_fifo_w8_d2_S_46                                                                      |    38|
|141   |    U_myproject_fifo_w8_d2_S_ShiftReg                                |myproject_fifo_w8_d2_S_ShiftReg_92                                                             |    24|
|142   |  layer20_out_7_U                                                    |myproject_fifo_w8_d2_S_47                                                                      |    39|
|143   |    U_myproject_fifo_w8_d2_S_ShiftReg                                |myproject_fifo_w8_d2_S_ShiftReg_91                                                             |    24|
|144   |  layer20_out_U                                                      |myproject_fifo_w8_d2_S_48                                                                      |    38|
|145   |    U_myproject_fifo_w8_d2_S_ShiftReg                                |myproject_fifo_w8_d2_S_ShiftReg_90                                                             |    24|
|146   |  layer21_out_1_U                                                    |myproject_fifo_w16_d2_S_49                                                                     |   108|
|147   |    U_myproject_fifo_w16_d2_S_ShiftReg                               |myproject_fifo_w16_d2_S_ShiftReg_89                                                            |    92|
|148   |  layer21_out_2_U                                                    |myproject_fifo_w16_d2_S_50                                                                     |   106|
|149   |    U_myproject_fifo_w16_d2_S_ShiftReg                               |myproject_fifo_w16_d2_S_ShiftReg_88                                                            |    92|
|150   |  layer21_out_3_U                                                    |myproject_fifo_w16_d2_S_51                                                                     |   106|
|151   |    U_myproject_fifo_w16_d2_S_ShiftReg                               |myproject_fifo_w16_d2_S_ShiftReg_87                                                            |    92|
|152   |  layer21_out_4_U                                                    |myproject_fifo_w16_d2_S_52                                                                     |   107|
|153   |    U_myproject_fifo_w16_d2_S_ShiftReg                               |myproject_fifo_w16_d2_S_ShiftReg_86                                                            |    92|
|154   |  layer21_out_5_U                                                    |myproject_fifo_w16_d2_S_53                                                                     |   107|
|155   |    U_myproject_fifo_w16_d2_S_ShiftReg                               |myproject_fifo_w16_d2_S_ShiftReg_85                                                            |    92|
|156   |  layer21_out_6_U                                                    |myproject_fifo_w16_d2_S_54                                                                     |   106|
|157   |    U_myproject_fifo_w16_d2_S_ShiftReg                               |myproject_fifo_w16_d2_S_ShiftReg_84                                                            |    92|
|158   |  layer21_out_7_U                                                    |myproject_fifo_w16_d2_S_55                                                                     |   106|
|159   |    U_myproject_fifo_w16_d2_S_ShiftReg                               |myproject_fifo_w16_d2_S_ShiftReg_83                                                            |    92|
|160   |  layer21_out_U                                                      |myproject_fifo_w16_d2_S_56                                                                     |   106|
|161   |    U_myproject_fifo_w16_d2_S_ShiftReg                               |myproject_fifo_w16_d2_S_ShiftReg                                                               |    92|
|162   |  layer23_out_1_U                                                    |myproject_fifo_w8_d2_S_57                                                                      |    39|
|163   |    U_myproject_fifo_w8_d2_S_ShiftReg                                |myproject_fifo_w8_d2_S_ShiftReg_82                                                             |    24|
|164   |  layer23_out_2_U                                                    |myproject_fifo_w8_d2_S_58                                                                      |    38|
|165   |    U_myproject_fifo_w8_d2_S_ShiftReg                                |myproject_fifo_w8_d2_S_ShiftReg_81                                                             |    24|
|166   |  layer23_out_3_U                                                    |myproject_fifo_w8_d2_S_59                                                                      |    39|
|167   |    U_myproject_fifo_w8_d2_S_ShiftReg                                |myproject_fifo_w8_d2_S_ShiftReg_80                                                             |    24|
|168   |  layer23_out_4_U                                                    |myproject_fifo_w8_d2_S_60                                                                      |    39|
|169   |    U_myproject_fifo_w8_d2_S_ShiftReg                                |myproject_fifo_w8_d2_S_ShiftReg_79                                                             |    24|
|170   |  layer23_out_5_U                                                    |myproject_fifo_w8_d2_S_61                                                                      |    38|
|171   |    U_myproject_fifo_w8_d2_S_ShiftReg                                |myproject_fifo_w8_d2_S_ShiftReg_78                                                             |    24|
|172   |  layer23_out_6_U                                                    |myproject_fifo_w8_d2_S_62                                                                      |    38|
|173   |    U_myproject_fifo_w8_d2_S_ShiftReg                                |myproject_fifo_w8_d2_S_ShiftReg_77                                                             |    24|
|174   |  layer23_out_7_U                                                    |myproject_fifo_w8_d2_S_63                                                                      |    38|
|175   |    U_myproject_fifo_w8_d2_S_ShiftReg                                |myproject_fifo_w8_d2_S_ShiftReg_76                                                             |    24|
|176   |  layer23_out_U                                                      |myproject_fifo_w8_d2_S_64                                                                      |    38|
|177   |    U_myproject_fifo_w8_d2_S_ShiftReg                                |myproject_fifo_w8_d2_S_ShiftReg                                                                |    24|
|178   |  layer24_out_U                                                      |myproject_fifo_w15_d2_S                                                                        |    57|
|179   |    U_myproject_fifo_w15_d2_S_ShiftReg                               |myproject_fifo_w15_d2_S_ShiftReg                                                               |    45|
|180   |  layer3_out_U                                                       |myproject_fifo_w10_d2_S                                                                        |    66|
|181   |    U_myproject_fifo_w10_d2_S_ShiftReg                               |myproject_fifo_w10_d2_S_ShiftReg_75                                                            |    52|
|182   |  layer4_out_U                                                       |myproject_fifo_w10_d2_S_65                                                                     |    71|
|183   |    U_myproject_fifo_w10_d2_S_ShiftReg                               |myproject_fifo_w10_d2_S_ShiftReg                                                               |    52|
|184   |  layer6_out_1_U                                                     |myproject_fifo_w11_d2_S_66                                                                     |    55|
|185   |    U_myproject_fifo_w11_d2_S_ShiftReg                               |myproject_fifo_w11_d2_S_ShiftReg_74                                                            |    41|
|186   |  layer6_out_U                                                       |myproject_fifo_w11_d2_S_67                                                                     |    54|
|187   |    U_myproject_fifo_w11_d2_S_ShiftReg                               |myproject_fifo_w11_d2_S_ShiftReg_73                                                            |    41|
|188   |  layer7_out_U                                                       |myproject_fifo_w10_d3_S                                                                        |    42|
|189   |    U_myproject_fifo_w10_d3_S_ShiftReg                               |myproject_fifo_w10_d3_S_ShiftReg                                                               |    21|
|190   |  layer9_out_1_U                                                     |myproject_fifo_w11_d2_S_68                                                                     |    56|
|191   |    U_myproject_fifo_w11_d2_S_ShiftReg                               |myproject_fifo_w11_d2_S_ShiftReg_72                                                            |    41|
|192   |  layer9_out_2_U                                                     |myproject_fifo_w11_d2_S_69                                                                     |    57|
|193   |    U_myproject_fifo_w11_d2_S_ShiftReg                               |myproject_fifo_w11_d2_S_ShiftReg_71                                                            |    41|
|194   |  layer9_out_U                                                       |myproject_fifo_w11_d2_S_70                                                                     |    55|
|195   |    U_myproject_fifo_w11_d2_S_ShiftReg                               |myproject_fifo_w11_d2_S_ShiftReg                                                               |    41|
|196   |  linear_ap_fixed_16_6_5_3_0_ap_fixed_10_1_4_0_0_linear_config10_U0  |myproject_linear_ap_fixed_16_6_5_3_0_ap_fixed_10_1_4_0_0_linear_config10_s                     |    30|
|197   |  linear_ap_fixed_16_6_5_3_0_ap_fixed_10_1_4_0_0_linear_config3_U0   |myproject_linear_ap_fixed_16_6_5_3_0_ap_fixed_10_1_4_0_0_linear_config3_s                      |    27|
|198   |  linear_ap_fixed_16_6_5_3_0_ap_fixed_10_1_4_0_0_linear_config4_U0   |myproject_linear_ap_fixed_16_6_5_3_0_ap_fixed_10_1_4_0_0_linear_config4_s                      |    27|
|199   |  linear_ap_fixed_16_6_5_3_0_ap_fixed_10_1_4_0_0_linear_config7_U0   |myproject_linear_ap_fixed_16_6_5_3_0_ap_fixed_10_1_4_0_0_linear_config7_s                      |    28|
|200   |  relu_ap_fixed_16_6_5_3_0_ap_ufixed_8_0_4_0_0_relu_config14_U0      |myproject_relu_ap_fixed_16_6_5_3_0_ap_ufixed_8_0_4_0_0_relu_config14_s                         |    88|
|201   |  relu_ap_fixed_16_6_5_3_0_ap_ufixed_8_0_4_0_0_relu_config17_U0      |myproject_relu_ap_fixed_16_6_5_3_0_ap_ufixed_8_0_4_0_0_relu_config17_s                         |    88|
|202   |  relu_ap_fixed_16_6_5_3_0_ap_ufixed_8_0_4_0_0_relu_config20_U0      |myproject_relu_ap_fixed_16_6_5_3_0_ap_ufixed_8_0_4_0_0_relu_config20_s                         |    88|
|203   |  relu_ap_fixed_16_6_5_3_0_ap_ufixed_8_0_4_0_0_relu_config23_U0      |myproject_relu_ap_fixed_16_6_5_3_0_ap_ufixed_8_0_4_0_0_relu_config23_s                         |    88|
+------+---------------------------------------------------------------------+-----------------------------------------------------------------------------------------------+------+
---------------------------------------------------------------------------------
Finished Writing Synthesis Report : Time (s): cpu = 00:00:37 ; elapsed = 00:00:37 . Memory (MB): peak = 2529.906 ; gain = 849.926 ; free physical = 73799 ; free virtual = 216768
---------------------------------------------------------------------------------
Synthesis finished with 0 errors, 0 critical warnings and 49 warnings.
Synthesis Optimization Runtime : Time (s): cpu = 00:00:37 ; elapsed = 00:00:37 . Memory (MB): peak = 2529.906 ; gain = 849.926 ; free physical = 73796 ; free virtual = 216765
Synthesis Optimization Complete : Time (s): cpu = 00:00:37 ; elapsed = 00:00:37 . Memory (MB): peak = 2529.914 ; gain = 849.926 ; free physical = 73796 ; free virtual = 216765
INFO: [Project 1-571] Translating synthesized netlist
Netlist sorting complete. Time (s): cpu = 00:00:00.08 ; elapsed = 00:00:00.09 . Memory (MB): peak = 2529.914 ; gain = 0.000 ; free physical = 73814 ; free virtual = 216783
INFO: [Netlist 29-17] Analyzing 472 Unisim elements for replacement
INFO: [Netlist 29-28] Unisim Transformation completed in 0 CPU seconds
INFO: [Project 1-570] Preparing netlist for logic optimization
INFO: [Opt 31-138] Pushed 0 inverter(s) to 0 load pin(s).
Netlist sorting complete. Time (s): cpu = 00:00:00 ; elapsed = 00:00:00.01 . Memory (MB): peak = 2585.934 ; gain = 0.000 ; free physical = 73126 ; free virtual = 216095
INFO: [Project 1-111] Unisim Transformation Summary:
No Unisim elements were transformed.

Synth Design complete | Checksum: df8dc0bb
INFO: [Common 17-83] Releasing license: Synthesis
207 Infos, 49 Warnings, 0 Critical Warnings and 0 Errors encountered.
synth_design completed successfully
synth_design: Time (s): cpu = 00:00:45 ; elapsed = 00:00:42 . Memory (MB): peak = 2585.934 ; gain = 911.957 ; free physical = 73075 ; free virtual = 216044
INFO: [Common 17-2834] synth_design peak Physical Memory [PSS] (MB): overall = 1725.283; main = 1427.950; forked = 359.107
INFO: [Common 17-2834] synth_design peak Virtual Memory [VSS] (MB): overall = 4105.402; main = 2585.938; forked = 1656.492
# report_utilization -file vivado_synth.rpt
INFO: [Common 17-206] Exiting Vivado at Wed Aug 19 20:18:07 2026...
***** VIVADO SYNTHESIS COMPLETED IN 0h1m2s *****
INFO: [HLS 200-112] Total CPU user time: 76.49 seconds. Total CPU system time: 4.48 seconds. Total elapsed time: 87.9 seconds; peak allocated memory: 645.875 MB.
