{
    "conv_filters": 10,
    "kernel_rows": 3,
    "kernel_cols": 3,
    "scalar_dense_units": 24,
    "merged_dense_1": 40,
    "merged_multiplier_2": 0.6000000000000001,
    "learning_rate": 0.0010088016459101723
}