{
  "timestamp": "2026-04-08T10:05:40.900353",
  "metric_name": "weighted_bkg_rej",
  "bkg_rej_weights": {
    "0.95": 0.1,
    "0.98": 0.7,
    "0.99": 0.2
  },
  "total_models": 40,
  "primary_pareto_models": 9,
  "secondary_pareto_models": 8,
  "primary_metric_range": {
    "min": 0.0,
    "max": 0.8424344124254326,
    "mean": 0.6465316289785663
  },
  "parameters_range": {
    "min": 19,
    "max": 595,
    "mean": 182.5
  },
  "auc_range": {
    "min": 0.43260859527305473,
    "max": 0.9481562188891208,
    "mean": 0.8539341537298697
  }
}