{
  "timestamp": "2026-04-24T00:06:48.063328",
  "metric_name": "weighted_bkg_rej",
  "bkg_rej_weights": {
    "0.95": 0.1,
    "0.98": 0.7,
    "0.99": 0.2
  },
  "total_models": 100,
  "primary_pareto_models": 16,
  "secondary_pareto_models": 11,
  "primary_metric_range": {
    "min": 0.8037812064425034,
    "max": 0.8914111041570292,
    "mean": 0.8815870031232897
  },
  "parameters_range": {
    "min": 1145,
    "max": 83981,
    "mean": 26962.72
  },
  "auc_range": {
    "min": 0.9386830856938767,
    "max": 0.9691637153397059,
    "mean": 0.9658264711964374
  }
}