model_type,weight_bits,integer_bits,test_accuracy,test_loss,roc_auc,model_path
non_quantized,N/A,N/A,0.9193105697631836,0.2494838535785675,0.9536958154812032,Model2.5_results_20251204_193740/models/Model2.5_unquantized.h5
quantized,4,0,0.9042169451713562,0.2837326228618622,0.9418408792530734,Model2.5_results_20251204_193740/models/Model2.5_quantized_4bit.h5
