{
    "loss": [
        0.6078925728797913,
        0.4236554503440857,
        0.3445377051830292,
        0.3068287968635559,
        0.2924419641494751,
        0.2867552638053894,
        0.2849101722240448,
        0.2819554805755615,
        0.27943044900894165,
        0.27706313133239746,
        0.27399688959121704,
        0.2722329795360565,
        0.2708917260169983,
        0.2693279981613159,
        0.2678760290145874,
        0.266770601272583,
        0.26494836807250977,
        0.2627995014190674,
        0.2627653479576111,
        0.2617214620113373
    ],
    "binary_accuracy": [
        0.6878626942634583,
        0.831792950630188,
        0.8744113445281982,
        0.8930556774139404,
        0.9007202386856079,
        0.9028257727622986,
        0.9035757780075073,
        0.9041301608085632,
        0.9048753380775452,
        0.9054020643234253,
        0.9059075713157654,
        0.9060466289520264,
        0.9062337875366211,
        0.9065301418304443,
        0.9069719314575195,
        0.9073357582092285,
        0.9076339602470398,
        0.9080723524093628,
        0.9080529808998108,
        0.9082397818565369
    ],
    "val_loss": [
        0.4657021164894104,
        0.3674529194831848,
        0.3076326251029968,
        0.29190289974212646,
        0.282145231962204,
        0.2772669792175293,
        0.27825728058815,
        0.2729249894618988,
        0.2764190435409546,
        0.26887819170951843,
        0.26749494671821594,
        0.26496365666389465,
        0.2640155255794525,
        0.2630262076854706,
        0.26264625787734985,
        0.26550623774528503,
        0.25898244976997375,
        0.26010897755622864,
        0.2564201354980469,
        0.2566346228122711
    ],
    "val_binary_accuracy": [
        0.8227601051330566,
        0.8651996850967407,
        0.8889100551605225,
        0.9006140828132629,
        0.9064237475395203,
        0.9067291617393494,
        0.9062740802764893,
        0.9072113633155823,
        0.9078962206840515,
        0.9086324572563171,
        0.9080640077590942,
        0.9082514643669128,
        0.9086445569992065,
        0.9089317917823792,
        0.9093384146690369,
        0.9088093042373657,
        0.9100610613822937,
        0.9089347720146179,
        0.9098085761070251,
        0.9098615050315857
    ]
}