{
    "loss": [
        0.4493156969547272,
        0.30704230070114136,
        0.2772912383079529,
        0.2715027630329132,
        0.26888757944107056,
        0.2680419683456421,
        0.2659444212913513,
        0.26405197381973267,
        0.2634860873222351,
        0.26226991415023804,
        0.26116275787353516,
        0.26030659675598145,
        0.2593473792076111,
        0.2582377791404724,
        0.2572077512741089,
        0.25603121519088745,
        0.2562045454978943,
        0.2556253969669342,
        0.25399962067604065,
        0.25142326951026917
    ],
    "binary_accuracy": [
        0.8030766248703003,
        0.8917397260665894,
        0.9063698649406433,
        0.9086956977844238,
        0.9097778797149658,
        0.910418689250946,
        0.9111713767051697,
        0.9115512371063232,
        0.9116783738136292,
        0.9121283292770386,
        0.9123404622077942,
        0.9125238656997681,
        0.9126166701316833,
        0.9125779271125793,
        0.9126685261726379,
        0.9127456545829773,
        0.9128105044364929,
        0.9129030108451843,
        0.9130886197090149,
        0.9132951498031616
    ],
    "val_loss": [
        0.3418043255805969,
        0.27790263295173645,
        0.2695513963699341,
        0.26826074719429016,
        0.2722916007041931,
        0.2628256380558014,
        0.26509127020835876,
        0.2604294717311859,
        0.2593284845352173,
        0.2624255120754242,
        0.2604849338531494,
        0.25863903760910034,
        0.2559993267059326,
        0.2553154230117798,
        0.25439196825027466,
        0.25459131598472595,
        0.25572189688682556,
        0.25242000818252563,
        0.24951793253421783,
        0.2475089728832245
    ],
    "val_binary_accuracy": [
        0.877639889717102,
        0.9053897261619568,
        0.9088138341903687,
        0.9103966355323792,
        0.909379243850708,
        0.9117466807365417,
        0.9112886190414429,
        0.9117587208747864,
        0.9126113653182983,
        0.9124012589454651,
        0.9125493764877319,
        0.9120596051216125,
        0.9131072163581848,
        0.9126778841018677,
        0.9130755066871643,
        0.9132357239723206,
        0.9128835201263428,
        0.913457989692688,
        0.9135305285453796,
        0.9137875437736511
    ]
}