{
    "loss": [
        0.539843738079071,
        0.3672615885734558,
        0.32997992634773254,
        0.30113863945007324,
        0.2861664593219757,
        0.2726104259490967,
        0.26481378078460693,
        0.2603706419467926,
        0.25687190890312195,
        0.2566811144351959,
        0.2543858289718628,
        0.25348547101020813,
        0.25268831849098206,
        0.25228214263916016,
        0.2520905137062073,
        0.25172629952430725,
        0.25121384859085083,
        0.2509886622428894,
        0.24995841085910797,
        0.24958571791648865
    ],
    "binary_accuracy": [
        0.7333948612213135,
        0.8667315244674683,
        0.8803263902664185,
        0.8845948576927185,
        0.8884592056274414,
        0.9043150544166565,
        0.9074938297271729,
        0.9093025922775269,
        0.9102509617805481,
        0.9106345772743225,
        0.9113659858703613,
        0.9114297032356262,
        0.9117514491081238,
        0.9119386076927185,
        0.9119684100151062,
        0.912157416343689,
        0.9122341871261597,
        0.9123643040657043,
        0.912468671798706,
        0.9124656915664673
    ],
    "val_loss": [
        0.39132070541381836,
        0.3402266800403595,
        0.3045032322406769,
        0.2858976125717163,
        0.273891419172287,
        0.26249104738235474,
        0.2554848790168762,
        0.2517043948173523,
        0.25363659858703613,
        0.2505517899990082,
        0.25046318769454956,
        0.24870969355106354,
        0.24984735250473022,
        0.25197869539260864,
        0.24823027849197388,
        0.2496947944164276,
        0.24765823781490326,
        0.24711920320987701,
        0.24757908284664154,
        0.24655114114284515
    ],
    "val_binary_accuracy": [
        0.8556801080703735,
        0.8757396340370178,
        0.8839756846427917,
        0.8870082497596741,
        0.8982254862785339,
        0.9065356254577637,
        0.9094517827033997,
        0.9108486771583557,
        0.9117799401283264,
        0.912395179271698,
        0.9124677777290344,
        0.912355899810791,
        0.9123347401618958,
        0.9128275513648987,
        0.9130452275276184,
        0.912904679775238,
        0.913132905960083,
        0.9132780432701111,
        0.9131238460540771,
        0.9134670495986938
    ]
}