{
    "loss": [
        0.4828319847583771,
        0.3561383783817291,
        0.3005790412425995,
        0.288129061460495,
        0.2809079885482788,
        0.2771199941635132,
        0.2748577892780304,
        0.27384257316589355,
        0.2721569836139679,
        0.2704457640647888,
        0.2693910002708435,
        0.26805487275123596,
        0.26884889602661133,
        0.2687000036239624,
        0.2675662636756897,
        0.2671694755554199,
        0.2666451930999756,
        0.265517920255661,
        0.2645053565502167,
        0.2651343047618866
    ],
    "binary_accuracy": [
        0.7703330516815186,
        0.8675523996353149,
        0.8940286636352539,
        0.9021744728088379,
        0.9062032103538513,
        0.9076299071311951,
        0.9086330533027649,
        0.9084749817848206,
        0.9091344475746155,
        0.9097245931625366,
        0.9103255271911621,
        0.9108806252479553,
        0.910555899143219,
        0.9106013774871826,
        0.9108985066413879,
        0.9110066294670105,
        0.9115404486656189,
        0.9116690754890442,
        0.911710798740387,
        0.9116962552070618
    ],
    "val_loss": [
        0.40898698568344116,
        0.3087993562221527,
        0.28383636474609375,
        0.2829260230064392,
        0.27316468954086304,
        0.2767995297908783,
        0.2683483362197876,
        0.2666175067424774,
        0.2662128508090973,
        0.26689034700393677,
        0.265321284532547,
        0.26565155386924744,
        0.265572726726532,
        0.27097347378730774,
        0.2642788589000702,
        0.2647724151611328,
        0.265341192483902,
        0.2653801143169403,
        0.26328569650650024,
        0.26307573914527893
    ],
    "val_binary_accuracy": [
        0.8340544700622559,
        0.8863929510116577,
        0.9032203555107117,
        0.9050329327583313,
        0.907389760017395,
        0.9103558659553528,
        0.9099295139312744,
        0.9099960327148438,
        0.9097194075584412,
        0.9094699621200562,
        0.9114336967468262,
        0.9124753475189209,
        0.911457896232605,
        0.9091101288795471,
        0.9124541282653809,
        0.9123331904411316,
        0.9113671779632568,
        0.9117466807365417,
        0.9132946729660034,
        0.9133884310722351
    ]
}