{
    "loss": [
        0.5129857063293457,
        0.44529587030410767,
        0.3844219446182251,
        0.32111650705337524,
        0.2814939320087433,
        0.27010297775268555,
        0.2684537172317505,
        0.2690311670303345,
        0.26813918352127075,
        0.2668777406215668,
        0.2651250660419464,
        0.26577630639076233,
        0.26358985900878906,
        0.26226016879081726,
        0.2613489627838135,
        0.2602672576904297,
        0.2603287100791931,
        0.26000654697418213,
        0.25889623165130615,
        0.2592271864414215
    ],
    "binary_accuracy": [
        0.738377571105957,
        0.8034986257553101,
        0.8428834676742554,
        0.8767495155334473,
        0.8988890647888184,
        0.9052910208702087,
        0.9066002368927002,
        0.9068071246147156,
        0.9072816967964172,
        0.9072768688201904,
        0.9079198837280273,
        0.9076906442642212,
        0.9083530902862549,
        0.9086859822273254,
        0.9090132713317871,
        0.9091307520866394,
        0.9092992544174194,
        0.9093790054321289,
        0.9099822044372559,
        0.9094606637954712
    ],
    "val_loss": [
        0.46853986382484436,
        0.406970739364624,
        0.34375736117362976,
        0.2876015603542328,
        0.27058514952659607,
        0.2644711136817932,
        0.26464733481407166,
        0.27821773290634155,
        0.26164036989212036,
        0.2621113359928131,
        0.26180940866470337,
        0.26100409030914307,
        0.2609170973300934,
        0.2579101622104645,
        0.2609422206878662,
        0.2563909888267517,
        0.25653812289237976,
        0.25514018535614014,
        0.25605982542037964,
        0.25390785932540894
    ],
    "val_binary_accuracy": [
        0.7836570143699646,
        0.831047534942627,
        0.8631421327590942,
        0.8931943774223328,
        0.9049210548400879,
        0.9087745547294617,
        0.9083225131034851,
        0.9012565612792969,
        0.9068787693977356,
        0.908481240272522,
        0.9092159867286682,
        0.9085749983787537,
        0.9083890318870544,
        0.9100520014762878,
        0.9081456661224365,
        0.9101940989494324,
        0.9107171297073364,
        0.9118040800094604,
        0.910715639591217,
        0.9118434190750122
    ]
}