{
    "loss": [
        0.4816947281360626,
        0.35571956634521484,
        0.3033628761768341,
        0.2829359471797943,
        0.2781268358230591,
        0.2752198576927185,
        0.27251601219177246,
        0.27153852581977844,
        0.27096042037010193,
        0.26990780234336853,
        0.2689790427684784,
        0.268252968788147,
        0.2675197124481201,
        0.26718565821647644,
        0.2667565643787384,
        0.26569730043411255,
        0.2645533084869385,
        0.26365816593170166,
        0.2634757459163666,
        0.2618972361087799
    ],
    "binary_accuracy": [
        0.7744613289833069,
        0.8686562180519104,
        0.8925949335098267,
        0.9037055373191833,
        0.9067485928535461,
        0.907966136932373,
        0.9091423153877258,
        0.9093067049980164,
        0.9099597930908203,
        0.9101383686065674,
        0.9105014801025391,
        0.9110364317893982,
        0.9111020565032959,
        0.9109835028648376,
        0.9112041592597961,
        0.9113145470619202,
        0.9116280674934387,
        0.9117256999015808,
        0.9113197326660156,
        0.9115538597106934
    ],
    "val_loss": [
        0.3948468267917633,
        0.31678450107574463,
        0.2806568443775177,
        0.2742377817630768,
        0.2713651657104492,
        0.26855289936065674,
        0.26878026127815247,
        0.2660345733165741,
        0.26560178399086,
        0.26336848735809326,
        0.2650936543941498,
        0.26470836997032166,
        0.2635096311569214,
        0.26347169280052185,
        0.2634075880050659,
        0.26215896010398865,
        0.2615930736064911,
        0.2661969065666199,
        0.26149508357048035,
        0.26107943058013916
    ],
    "val_binary_accuracy": [
        0.8482860922813416,
        0.8849825263023376,
        0.9022286534309387,
        0.9078810811042786,
        0.9083709120750427,
        0.9095243811607361,
        0.9110074043273926,
        0.9109605550765991,
        0.9110920429229736,
        0.9116030335426331,
        0.9116106033325195,
        0.9118630886077881,
        0.9113203287124634,
        0.9110376238822937,
        0.911917507648468,
        0.9129061698913574,
        0.9129137396812439,
        0.911119282245636,
        0.9125796556472778,
        0.9109393954277039
    ]
}