{
    "loss": [
        0.46118372678756714,
        0.34099051356315613,
        0.3011713922023773,
        0.28304654359817505,
        0.27536073327064514,
        0.2715825140476227,
        0.2690943479537964,
        0.2678227424621582,
        0.2687722444534302,
        0.26904788613319397,
        0.26735764741897583,
        0.2654259502887726,
        0.2631171643733978,
        0.2624373435974121,
        0.26206129789352417,
        0.2610901892185211,
        0.2602405846118927,
        0.26003342866897583,
        0.25984862446784973,
        0.2596638798713684
    ],
    "binary_accuracy": [
        0.7887999415397644,
        0.8720542192459106,
        0.8926773071289062,
        0.9026427268981934,
        0.9066323041915894,
        0.9082404971122742,
        0.9096082448959351,
        0.9097972512245178,
        0.9093047976493835,
        0.9091810584068298,
        0.9096183180809021,
        0.9101682305335999,
        0.9105913043022156,
        0.9106364250183105,
        0.9107389450073242,
        0.9109253287315369,
        0.9109264612197876,
        0.9110785722732544,
        0.9108086824417114,
        0.9104209542274475
    ],
    "val_loss": [
        0.3679092526435852,
        0.3075593113899231,
        0.28543949127197266,
        0.2725243866443634,
        0.2694966495037079,
        0.26549726724624634,
        0.26540282368659973,
        0.26308053731918335,
        0.26894569396972656,
        0.2628188133239746,
        0.2685229778289795,
        0.2604770064353943,
        0.26235300302505493,
        0.26184338331222534,
        0.2588737905025482,
        0.26312750577926636,
        0.2624835968017578,
        0.2549647390842438,
        0.25690004229545593,
        0.25683197379112244
    ],
    "val_binary_accuracy": [
        0.8609213829040527,
        0.8858184814453125,
        0.9009345769882202,
        0.9060715436935425,
        0.9073852300643921,
        0.9102514982223511,
        0.9107503890991211,
        0.9104994535446167,
        0.9088002443313599,
        0.9111918210983276,
        0.9090012907981873,
        0.911896288394928,
        0.9102681279182434,
        0.9116514325141907,
        0.9116650223731995,
        0.9089499115943909,
        0.9092008471488953,
        0.9128230214118958,
        0.910915195941925,
        0.9107292294502258
    ]
}