{
    "loss": [
        0.5295848250389099,
        0.4408682882785797,
        0.3711250126361847,
        0.3183455467224121,
        0.29529497027397156,
        0.2845838963985443,
        0.2809634506702423,
        0.27796608209609985,
        0.27486833930015564,
        0.273484468460083,
        0.27176326513290405,
        0.2714477479457855,
        0.2692101001739502,
        0.26853203773498535,
        0.26787659525871277,
        0.26781409978866577,
        0.26598894596099854,
        0.26650184392929077,
        0.2669060230255127,
        0.2672189176082611
    ],
    "binary_accuracy": [
        0.7238007187843323,
        0.8093827366828918,
        0.8565409779548645,
        0.8858436942100525,
        0.8973662257194519,
        0.9029308557510376,
        0.9043005108833313,
        0.9052220582962036,
        0.906129002571106,
        0.9063459634780884,
        0.9066516757011414,
        0.9066759347915649,
        0.90687495470047,
        0.907451331615448,
        0.9075519442558289,
        0.9072049260139465,
        0.9075407981872559,
        0.907538890838623,
        0.9072015285491943,
        0.9068108797073364
    ],
    "val_loss": [
        0.463898241519928,
        0.39995163679122925,
        0.3300873637199402,
        0.2961576282978058,
        0.27921080589294434,
        0.275417685508728,
        0.2746739983558655,
        0.27057385444641113,
        0.27338793873786926,
        0.26851487159729004,
        0.2665312886238098,
        0.2636399269104004,
        0.26198846101760864,
        0.26191869378089905,
        0.26096051931381226,
        0.2610659897327423,
        0.2601853311061859,
        0.2664376497268677,
        0.261805921792984,
        0.2678476572036743
    ],
    "val_binary_accuracy": [
        0.790115237236023,
        0.8383901715278625,
        0.8789657354354858,
        0.889262318611145,
        0.9013669490814209,
        0.9050072431564331,
        0.9071373343467712,
        0.9086883664131165,
        0.9080231785774231,
        0.907305121421814,
        0.9074033498764038,
        0.9082711338996887,
        0.9094018936157227,
        0.9099476337432861,
        0.9085084795951843,
        0.9089604616165161,
        0.9083859920501709,
        0.906951367855072,
        0.9084857702255249,
        0.9067004323005676
    ]
}