{
    "loss": [
        0.5103083848953247,
        0.43446946144104004,
        0.34493955969810486,
        0.293161004781723,
        0.27682551741600037,
        0.27311381697654724,
        0.26923495531082153,
        0.2671333849430084,
        0.2660278081893921,
        0.2627218961715698,
        0.26461344957351685,
        0.26346921920776367,
        0.2625429034233093,
        0.2607216536998749,
        0.2603408694267273,
        0.25938162207603455,
        0.26057755947113037,
        0.2592221796512604,
        0.2593233287334442,
        0.2583027184009552
    ],
    "binary_accuracy": [
        0.7378436923027039,
        0.8108291625976562,
        0.870514988899231,
        0.8938750624656677,
        0.9048697352409363,
        0.9060011506080627,
        0.9075590372085571,
        0.908151388168335,
        0.9084433317184448,
        0.909521758556366,
        0.9087672829627991,
        0.9090449810028076,
        0.9093883037567139,
        0.9097208380699158,
        0.9096283912658691,
        0.9098252654075623,
        0.9092265367507935,
        0.9097961783409119,
        0.9092708826065063,
        0.9095228910446167
    ],
    "val_loss": [
        0.46673908829689026,
        0.37731918692588806,
        0.3045516014099121,
        0.27184367179870605,
        0.27044209837913513,
        0.2662311792373657,
        0.2660321295261383,
        0.2714821696281433,
        0.259263277053833,
        0.26208826899528503,
        0.26375436782836914,
        0.2636219561100006,
        0.25851714611053467,
        0.2579800486564636,
        0.25650089979171753,
        0.26395562291145325,
        0.255928635597229,
        0.25566938519477844,
        0.2665203809738159,
        0.2532845437526703
    ],
    "val_binary_accuracy": [
        0.7837809920310974,
        0.8525251150131226,
        0.8837292790412903,
        0.9042226672172546,
        0.9066308736801147,
        0.906712532043457,
        0.9084540605545044,
        0.905150830745697,
        0.910370945930481,
        0.9093353748321533,
        0.9084994196891785,
        0.9080095887184143,
        0.9104994535446167,
        0.910605251789093,
        0.9093671441078186,
        0.907893180847168,
        0.9111918210983276,
        0.9102742075920105,
        0.9081229567527771,
        0.9099884629249573
    ]
}