{
    "spatial_units": 128,
    "nmodule_xlocal_units": 12,
    "dense2_ratio": 0.30000000000000004,
    "dense3_ratio": 0.5,
    "learning_rate": 0.00010424326825359434
}