{
    "spatial_units": 112,
    "nmodule_xlocal_units": 4,
    "dense2_ratio": 0.6000000000000001,
    "dense3_ratio": 0.5,
    "learning_rate": 0.00012740473492655626
}