{
    "loss": [
        0.4029439687728882,
        0.28550851345062256,
        0.27449995279312134,
        0.2699097990989685,
        0.2770370543003082,
        0.272863507270813,
        0.2666228115558624,
        0.26015445590019226,
        0.25801822543144226,
        0.2532528340816498,
        0.25270843505859375,
        0.24916481971740723,
        0.2547951638698578,
        0.25217655301094055,
        0.24931327998638153,
        0.24406690895557404,
        0.24375014007091522,
        0.23889794945716858,
        0.23976586759090424,
        0.2454577088356018,
        0.24820315837860107,
        0.24678605794906616,
        0.2414485663175583,
        0.24140329658985138,
        0.24004638195037842,
        0.244354248046875
    ],
    "binary_accuracy": [
        0.8285256028175354,
        0.9024745225906372,
        0.9075981378555298,
        0.9099263548851013,
        0.9068922400474548,
        0.9088237285614014,
        0.9103185534477234,
        0.9112691879272461,
        0.9123499393463135,
        0.9136849045753479,
        0.9125019311904907,
        0.9138753414154053,
        0.9112699627876282,
        0.9130683541297913,
        0.9154760837554932,
        0.9171900153160095,
        0.9170436859130859,
        0.9182952642440796,
        0.9181859493255615,
        0.9171146154403687,
        0.9164769053459167,
        0.9172005653381348,
        0.9182651042938232,
        0.9182666540145874,
        0.9183107614517212,
        0.9168543815612793
    ],
    "val_loss": [
        0.28561925888061523,
        0.2756718397140503,
        0.2630504369735718,
        0.26228389143943787,
        0.24991489946842194,
        0.26305556297302246,
        0.2478109747171402,
        0.24389129877090454,
        0.24570485949516296,
        0.23311865329742432,
        0.299318790435791,
        0.2424721121788025,
        0.24138996005058289,
        0.24506576359272003,
        0.2574881613254547,
        0.22740253806114197,
        0.23399847745895386,
        0.23209232091903687,
        0.229477658867836,
        0.24355188012123108,
        0.2557104825973511,
        0.25636667013168335,
        0.2560174763202667,
        0.24563099443912506,
        0.23347772657871246,
        0.26179683208465576
    ],
    "val_binary_accuracy": [
        0.90411376953125,
        0.90362548828125,
        0.9162501692771912,
        0.9117587208747864,
        0.9170514345169067,
        0.9143136143684387,
        0.9129031300544739,
        0.9128275513648987,
        0.9192116856575012,
        0.9192676544189453,
        0.8936055898666382,
        0.9153854250907898,
        0.9151692986488342,
        0.9146854877471924,
        0.9162909984588623,
        0.9221082329750061,
        0.9164466857910156,
        0.920227587223053,
        0.9218104481697083,
        0.9187747836112976,
        0.9217605590820312,
        0.9158616662025452,
        0.9216653108596802,
        0.9189395904541016,
        0.9242095947265625,
        0.9167490601539612
    ]
}