{
    "loss": [
        0.6418810486793518,
        0.5376915335655212,
        0.4958893060684204,
        0.45076748728752136,
        0.4081476330757141,
        0.3782036006450653,
        0.36337271332740784,
        0.35309305787086487,
        0.3472999632358551,
        0.3431209921836853,
        0.3276522159576416,
        0.3256467282772064,
        0.3211112320423126,
        0.3196794390678406,
        0.31221798062324524,
        0.30909931659698486,
        0.3072824776172638,
        0.3085906505584717,
        0.3098565340042114,
        0.31347325444221497,
        0.31655174493789673,
        0.3191871643066406,
        0.3169211447238922,
        0.31982144713401794,
        0.31452080607414246,
        0.3136235177516937,
        0.3141947090625763,
        0.31492990255355835,
        0.3130497336387634,
        0.3123110830783844,
        0.31481805443763733,
        0.30980798602104187,
        0.31107449531555176,
        0.31109774112701416,
        0.31284287571907043,
        0.30771055817604065,
        0.3081367015838623,
        0.3090961277484894,
        0.3098987638950348,
        0.30905401706695557
    ],
    "binary_accuracy": [
        0.5619044303894043,
        0.7546995878219604,
        0.7938110828399658,
        0.830547571182251,
        0.857712984085083,
        0.869943380355835,
        0.8781366348266602,
        0.8762269616127014,
        0.8787471055984497,
        0.8806793689727783,
        0.8872454166412354,
        0.8877295851707458,
        0.8910114765167236,
        0.8918633460998535,
        0.8961094617843628,
        0.8981514573097229,
        0.899357795715332,
        0.8985956907272339,
        0.8981133699417114,
        0.8960374593734741,
        0.8946821689605713,
        0.8933853507041931,
        0.8941949605941772,
        0.8930312395095825,
        0.8947708010673523,
        0.8950641751289368,
        0.8958277702331543,
        0.8961946964263916,
        0.8961573839187622,
        0.8967015147209167,
        0.896414577960968,
        0.897886335849762,
        0.8978660106658936,
        0.8967961668968201,
        0.8973199725151062,
        0.8993498682975769,
        0.8992997407913208,
        0.8995535373687744,
        0.898746907711029,
        0.8996153473854065
    ],
    "val_loss": [
        0.5568786859512329,
        0.5187375545501709,
        0.46740859746932983,
        0.40488243103027344,
        0.3952011466026306,
        0.37509608268737793,
        0.34395965933799744,
        0.33193570375442505,
        0.3387371301651001,
        0.3215351104736328,
        0.3205154836177826,
        0.30840325355529785,
        0.30368945002555847,
        0.31050366163253784,
        0.30479347705841064,
        0.31626230478286743,
        0.29936838150024414,
        0.32977986335754395,
        0.29483655095100403,
        0.3083287477493286,
        0.30481502413749695,
        0.32963743805885315,
        0.2922162115573883,
        0.36554136872291565,
        0.30075719952583313,
        0.2904117703437805,
        0.30224359035491943,
        0.3029687702655792,
        0.29143384099006653,
        0.3241247832775116,
        0.30995509028434753,
        0.2886715233325958,
        0.30658188462257385,
        0.29266881942749023,
        0.3081098794937134,
        0.3078167140483856,
        0.2852158546447754,
        0.2861335873603821,
        0.30103176832199097,
        0.3245023190975189
    ],
    "val_binary_accuracy": [
        0.7351809740066528,
        0.782532274723053,
        0.8245818018913269,
        0.8623484969139099,
        0.8662201166152954,
        0.8789898753166199,
        0.877490222454071,
        0.8887543678283691,
        0.8812893033027649,
        0.8894920945167542,
        0.8941513299942017,
        0.9020789861679077,
        0.897118866443634,
        0.8932245969772339,
        0.903336763381958,
        0.9047472476959229,
        0.9040260910987854,
        0.893031120300293,
        0.9023374915122986,
        0.8932110071182251,
        0.8966094255447388,
        0.8802794218063354,
        0.9009920358657837,
        0.8656305074691772,
        0.8985036611557007,
        0.9022286534309387,
        0.9021787643432617,
        0.8967772126197815,
        0.9014682173728943,
        0.8980728387832642,
        0.8870430588722229,
        0.9023541212081909,
        0.8977493047714233,
        0.9126219749450684,
        0.9009542465209961,
        0.9026640057563782,
        0.9059052467346191,
        0.9123286604881287,
        0.9048364162445068,
        0.8912562727928162
    ]
}