{
    "loss": [
        0.39494261145591736,
        0.3159174919128418,
        0.2887323796749115,
        0.2606639862060547,
        0.2533877193927765,
        0.2459716796875,
        0.24300231039524078,
        0.24449323117733002,
        0.249480739235878,
        0.25668099522590637,
        0.2608552575111389,
        0.2570270001888275,
        0.25706225633621216,
        0.26070132851600647,
        0.2555394172668457,
        0.25522318482398987,
        0.2556377947330475
    ],
    "binary_accuracy": [
        0.8390586972236633,
        0.8918316960334778,
        0.9071433544158936,
        0.9137486219406128,
        0.9166805744171143,
        0.9185660481452942,
        0.9192305207252502,
        0.9194085001945496,
        0.9185087084770203,
        0.9154870510101318,
        0.9135792851448059,
        0.9142011404037476,
        0.9135932326316833,
        0.9123597741127014,
        0.91457599401474,
        0.9141600131988525,
        0.9149956703186035
    ],
    "val_loss": [
        0.3265993595123291,
        0.3212181329727173,
        0.27013686299324036,
        0.240144744515419,
        0.2455538511276245,
        0.24256104230880737,
        0.2270592749118805,
        0.22871066629886627,
        0.25350627303123474,
        0.25449511408805847,
        0.2545953094959259,
        0.2590019702911377,
        0.27442625164985657,
        0.22800175845623016,
        0.24388493597507477,
        0.2496008276939392,
        0.24747538566589355
    ],
    "val_binary_accuracy": [
        0.8768432140350342,
        0.9012339115142822,
        0.9130890965461731,
        0.9213448166847229,
        0.9188246726989746,
        0.9233493804931641,
        0.9236850142478943,
        0.9228777289390564,
        0.9207310080528259,
        0.9207658171653748,
        0.9220659136772156,
        0.9182472229003906,
        0.912355899810791,
        0.9220961332321167,
        0.9189093708992004,
        0.9173099398612976,
        0.9146355986595154
    ]
}