{
    "loss": [
        0.5391811728477478,
        0.4304926097393036,
        0.3715214729309082,
        0.34797582030296326,
        0.3397262692451477,
        0.3345627188682556,
        0.3243262767791748,
        0.32248401641845703,
        0.3224979639053345,
        0.3231653571128845,
        0.31776511669158936,
        0.31555119156837463,
        0.3171873390674591,
        0.31103959679603577,
        0.31131377816200256,
        0.3111085593700409,
        0.3056022524833679,
        0.30475491285324097,
        0.30720460414886475,
        0.30405452847480774,
        0.30872100591659546,
        0.2986013889312744,
        0.2976769208908081,
        0.3000037670135498,
        0.29687848687171936,
        0.29922714829444885,
        0.3019021153450012,
        0.2986820638179779,
        0.3060806095600128,
        0.30023467540740967,
        0.3027377426624298,
        0.29779085516929626,
        0.3000245690345764,
        0.30023258924484253,
        0.30392321944236755,
        0.30342310667037964
    ],
    "binary_accuracy": [
        0.7223747372627258,
        0.817123293876648,
        0.861468493938446,
        0.8725219964981079,
        0.8759520649909973,
        0.8778228759765625,
        0.8855507373809814,
        0.8897150158882141,
        0.8915805220603943,
        0.8924440741539001,
        0.8965887427330017,
        0.8978022933006287,
        0.8970141410827637,
        0.8998631238937378,
        0.8995463252067566,
        0.9004717469215393,
        0.9032407999038696,
        0.9038400053977966,
        0.9022844433784485,
        0.9038490653038025,
        0.9014273285865784,
        0.9048551321029663,
        0.9061033129692078,
        0.9044712781906128,
        0.9051839709281921,
        0.9043374061584473,
        0.9023138880729675,
        0.9043056964874268,
        0.9014416337013245,
        0.9042608141899109,
        0.9034021496772766,
        0.9062922596931458,
        0.9046933650970459,
        0.9044625759124756,
        0.9024598002433777,
        0.9024575352668762
    ],
    "val_loss": [
        0.4662562608718872,
        0.39298757910728455,
        0.3367043733596802,
        0.3233354389667511,
        0.32377758622169495,
        0.30686286091804504,
        0.307244211435318,
        0.3061239421367645,
        0.30414879322052,
        0.2915969491004944,
        0.29716217517852783,
        0.34199249744415283,
        0.29386991262435913,
        0.29103219509124756,
        0.3144102692604065,
        0.29395976662635803,
        0.2819005846977234,
        0.28868234157562256,
        0.2826836109161377,
        0.2826216220855713,
        0.28991034626960754,
        0.2767591178417206,
        0.2763012945652008,
        0.2878071367740631,
        0.2762373089790344,
        0.27455800771713257,
        0.28155267238616943,
        0.27641743421554565,
        0.2945302426815033,
        0.28279924392700195,
        0.35018759965896606,
        0.300665944814682,
        0.28902503848075867,
        0.3081133961677551,
        0.2836539149284363,
        0.2841077744960785
    ],
    "val_binary_accuracy": [
        0.7798473834991455,
        0.8410901427268982,
        0.8822432160377502,
        0.8828569650650024,
        0.884600043296814,
        0.8844413161277771,
        0.8941558599472046,
        0.8943357467651367,
        0.8969359993934631,
        0.9027622938156128,
        0.903540849685669,
        0.8771727681159973,
        0.9090285301208496,
        0.9131752848625183,
        0.8945534229278564,
        0.905699610710144,
        0.9126355648040771,
        0.9091932773590088,
        0.9131798148155212,
        0.9092205166816711,
        0.9063754081726074,
        0.9152871966362,
        0.9127202033996582,
        0.9071992635726929,
        0.9127066135406494,
        0.9132629632949829,
        0.914898693561554,
        0.9137799739837646,
        0.9017236828804016,
        0.9191331267356873,
        0.8830081820487976,
        0.9099658131599426,
        0.9116529226303101,
        0.9037176966667175,
        0.9151571989059448,
        0.9095893502235413
    ]
}