{
    "loss": [
        0.3950223922729492,
        0.28716182708740234,
        0.2821162939071655,
        0.28237050771713257,
        0.27746206521987915,
        0.2706592381000519,
        0.2686268389225006,
        0.2625390887260437,
        0.2612742781639099,
        0.26193103194236755,
        0.2535453140735626,
        0.25418904423713684,
        0.25417861342430115,
        0.25071465969085693,
        0.2492496222257614,
        0.25063037872314453,
        0.2493482530117035,
        0.2457255870103836,
        0.24790076911449432,
        0.24600012600421906,
        0.2436002939939499,
        0.24187061190605164,
        0.24263454973697662,
        0.23965111374855042,
        0.2377663254737854,
        0.2529637813568115,
        0.24000230431556702,
        0.24070872366428375,
        0.23790928721427917,
        0.23626630008220673,
        0.2392941415309906,
        0.23626776039600372,
        0.2321372926235199,
        0.23578500747680664,
        0.23589590191841125,
        0.23376613855361938,
        0.23163124918937683,
        0.2316141426563263,
        0.23377326130867004,
        0.23400183022022247
    ],
    "binary_accuracy": [
        0.8366573452949524,
        0.9057548642158508,
        0.9102340936660767,
        0.9101356267929077,
        0.9122609496116638,
        0.9142120480537415,
        0.9145450592041016,
        0.916628897190094,
        0.9167277216911316,
        0.9163826704025269,
        0.9181889295578003,
        0.9179845452308655,
        0.9176655411720276,
        0.9191302061080933,
        0.919174313545227,
        0.9185954332351685,
        0.918925404548645,
        0.9197553992271423,
        0.9190336465835571,
        0.9202754497528076,
        0.9200205206871033,
        0.9203568696975708,
        0.9209104776382446,
        0.921297013759613,
        0.9217479825019836,
        0.9192870855331421,
        0.9199884533882141,
        0.919838011264801,
        0.9206370711326599,
        0.9203078746795654,
        0.9198794960975647,
        0.9198089838027954,
        0.921985924243927,
        0.9202663898468018,
        0.9197512865066528,
        0.920632541179657,
        0.9221333861351013,
        0.9213090538978577,
        0.9205620288848877,
        0.9205824136734009
    ],
    "val_loss": [
        0.29095733165740967,
        0.2661471366882324,
        0.27170825004577637,
        0.2695193290710449,
        0.26755577325820923,
        0.29554104804992676,
        0.26135432720184326,
        0.26312679052352905,
        0.26127269864082336,
        0.27982640266418457,
        0.24204500019550323,
        0.2568656802177429,
        0.24542778730392456,
        0.2498679757118225,
        0.23128704726696014,
        0.23913805186748505,
        0.24806378781795502,
        0.234817236661911,
        0.24660314619541168,
        0.24814070761203766,
        0.2450021356344223,
        0.2439425140619278,
        0.2303003966808319,
        0.2505098879337311,
        0.23231711983680725,
        0.24935480952262878,
        0.22882471978664398,
        0.23039337992668152,
        0.22919116914272308,
        0.22713640332221985,
        0.24710971117019653,
        0.21998678147792816,
        0.2299611121416092,
        0.219448521733284,
        0.23837535083293915,
        0.22480258345603943,
        0.21364597976207733,
        0.2448861449956894,
        0.21704433858394623,
        0.21961921453475952
    ],
    "val_binary_accuracy": [
        0.8989465832710266,
        0.915382444858551,
        0.9135834574699402,
        0.9136151671409607,
        0.9169334769248962,
        0.9042559266090393,
        0.9148412346839905,
        0.9179463982582092,
        0.9159901738166809,
        0.9135562181472778,
        0.9222049713134766,
        0.9154610633850098,
        0.9220991730690002,
        0.922177791595459,
        0.9243592619895935,
        0.9207839369773865,
        0.9162396192550659,
        0.9241853952407837,
        0.9170393347740173,
        0.9178768396377563,
        0.9200809597969055,
        0.9169032573699951,
        0.9217091202735901,
        0.9156545400619507,
        0.9227295517921448,
        0.9239253401756287,
        0.9224453568458557,
        0.9249306917190552,
        0.9233130812644958,
        0.9211422204971313,
        0.9172917604446411,
        0.9254295825958252,
        0.9251619577407837,
        0.9232193827629089,
        0.9195639491081238,
        0.9221097230911255,
        0.9264666438102722,
        0.911807119846344,
        0.926041841506958,
        0.9248777627944946
    ]
}