{
    "loss": [
        0.4053429663181305,
        0.28415507078170776,
        0.26902708411216736,
        0.2675985097885132,
        0.2618669271469116,
        0.2578374743461609,
        0.252535879611969,
        0.2505064010620117,
        0.2467653900384903,
        0.24349741637706757,
        0.247747540473938,
        0.24279354512691498,
        0.24374566972255707,
        0.23773695528507233,
        0.23787462711334229,
        0.23717141151428223,
        0.23688530921936035,
        0.23500873148441315,
        0.23379510641098022,
        0.23171180486679077,
        0.22981224954128265,
        0.22933915257453918,
        0.23775359988212585,
        0.23729969561100006,
        0.2311745584011078,
        0.21890659630298615,
        0.22254225611686707,
        0.22098150849342346,
        0.22309167683124542,
        0.2189665287733078,
        0.22105687856674194,
        0.2181926667690277,
        0.21878410875797272,
        0.2189781218767166,
        0.21997568011283875,
        0.21451891958713531,
        0.21818001568317413,
        0.22004155814647675,
        0.2207028567790985,
        0.22117561101913452
    ],
    "binary_accuracy": [
        0.8237168192863464,
        0.9045406579971313,
        0.9116949439048767,
        0.9121350049972534,
        0.9141106605529785,
        0.914885938167572,
        0.9168589115142822,
        0.917915940284729,
        0.9183733463287354,
        0.9194250702857971,
        0.9180618524551392,
        0.9196181297302246,
        0.9188963770866394,
        0.9216910600662231,
        0.9212404489517212,
        0.9223091006278992,
        0.9222419857978821,
        0.9226492643356323,
        0.9238137602806091,
        0.924593985080719,
        0.9250215888023376,
        0.9252738952636719,
        0.9245094656944275,
        0.924534022808075,
        0.9261046051979065,
        0.9278562068939209,
        0.9259718656539917,
        0.9264587163925171,
        0.9263127446174622,
        0.9273841381072998,
        0.9266355633735657,
        0.9269195199012756,
        0.9271374940872192,
        0.9271276593208313,
        0.9264994263648987,
        0.929476261138916,
        0.9271013140678406,
        0.9271864891052246,
        0.9268901348114014,
        0.9265563488006592
    ],
    "val_loss": [
        0.29214590787887573,
        0.2827444076538086,
        0.29808345437049866,
        0.25212210416793823,
        0.24694021046161652,
        0.23665988445281982,
        0.2364378124475479,
        0.24346420168876648,
        0.27293330430984497,
        0.24002975225448608,
        0.244779571890831,
        0.22630302608013153,
        0.23889246582984924,
        0.22148452699184418,
        0.24062325060367584,
        0.2348467856645584,
        0.24883584678173065,
        0.2273489385843277,
        0.25634416937828064,
        0.21926413476467133,
        0.2121949940919876,
        0.2664678394794464,
        0.2470359355211258,
        0.24385657906532288,
        0.21099179983139038,
        0.21428099274635315,
        0.22021520137786865,
        0.2206583023071289,
        0.21390777826309204,
        0.20750439167022705,
        0.21372097730636597,
        0.199783593416214,
        0.20232617855072021,
        0.20735640823841095,
        0.21166613698005676,
        0.20710399746894836,
        0.20558863878250122,
        0.257327139377594,
        0.24704556167125702,
        0.20792582631111145
    ],
    "val_binary_accuracy": [
        0.8962723016738892,
        0.9146628379821777,
        0.9069332480430603,
        0.9142652153968811,
        0.9183258414268494,
        0.9233962297439575,
        0.922605574131012,
        0.9216774106025696,
        0.9062348008155823,
        0.9179206490516663,
        0.9225648045539856,
        0.9233856797218323,
        0.9216350317001343,
        0.9249473214149475,
        0.9250335097312927,
        0.9246283173561096,
        0.917311429977417,
        0.9229094386100769,
        0.9217408895492554,
        0.9259223937988281,
        0.9307448863983154,
        0.9179675579071045,
        0.9262050986289978,
        0.9234204292297363,
        0.9285060167312622,
        0.9309142231941223,
        0.9281008243560791,
        0.9276337027549744,
        0.9285861253738403,
        0.9316942691802979,
        0.9283003807067871,
        0.9341841340065002,
        0.9331969618797302,
        0.9330579042434692,
        0.9307222366333008,
        0.9308265447616577,
        0.9307494163513184,
        0.912809431552887,
        0.9154640436172485,
        0.9311454892158508
    ]
}