{
    "loss": [
        0.5593166947364807,
        0.413528710603714,
        0.34505361318588257,
        0.3155843913555145,
        0.2938561737537384,
        0.27959978580474854,
        0.2637256979942322,
        0.2713601887226105,
        0.26863035559654236,
        0.2606859803199768,
        0.25619250535964966,
        0.25546547770500183,
        0.25580906867980957,
        0.268176406621933,
        0.27475959062576294,
        0.27044743299484253,
        0.26662683486938477,
        0.266747385263443,
        0.25929751992225647,
        0.2594297528266907,
        0.2593284547328949,
        0.2558539807796478
    ],
    "binary_accuracy": [
        0.7361822128295898,
        0.8270013332366943,
        0.8580402731895447,
        0.876747727394104,
        0.8910989761352539,
        0.8981148600578308,
        0.9082252383232117,
        0.9108766317367554,
        0.9111598134040833,
        0.9135502576828003,
        0.9149787425994873,
        0.9138149619102478,
        0.9136313199996948,
        0.9067624807357788,
        0.9039512276649475,
        0.9056726694107056,
        0.9076679348945618,
        0.9069167375564575,
        0.9095877408981323,
        0.9102555513381958,
        0.9096420407295227,
        0.9110742211341858
    ],
    "val_loss": [
        0.44369447231292725,
        0.3626146614551544,
        0.3146079480648041,
        0.3113742470741272,
        0.2746144235134125,
        0.25556740164756775,
        0.25097334384918213,
        0.26669809222221375,
        0.2666516900062561,
        0.2562105655670166,
        0.25140896439552307,
        0.24408158659934998,
        0.24446845054626465,
        0.2665894329547882,
        0.26760202646255493,
        0.2460090070962906,
        0.25652480125427246,
        0.25140589475631714,
        0.24748744070529938,
        0.26318007707595825,
        0.29189226031303406,
        0.258272260427475
    ],
    "val_binary_accuracy": [
        0.8067324757575989,
        0.8462724685668945,
        0.87235027551651,
        0.8859953880310059,
        0.8960772752761841,
        0.9103467464447021,
        0.9119779467582703,
        0.9150785803794861,
        0.9092371463775635,
        0.9182396531105042,
        0.9172192215919495,
        0.9207159280776978,
        0.9195775389671326,
        0.9063920378684998,
        0.9022634029388428,
        0.9149848222732544,
        0.9081758856773376,
        0.9114564061164856,
        0.9120731949806213,
        0.9100232720375061,
        0.8972126245498657,
        0.9096059799194336
    ]
}