{
    "loss": [
        0.6041966080665588,
        0.47435230016708374,
        0.4162166714668274,
        0.3833410441875458,
        0.3627466559410095,
        0.3404633104801178,
        0.3213246166706085,
        0.30658039450645447,
        0.29802238941192627,
        0.29102611541748047,
        0.28646335005760193,
        0.2804495394229889,
        0.27775633335113525,
        0.2755983769893646,
        0.2741090655326843,
        0.2736371159553528,
        0.27308183908462524,
        0.27416089177131653,
        0.27085810899734497,
        0.270563542842865,
        0.271058589220047,
        0.2697347104549408,
        0.27068275213241577,
        0.26674625277519226,
        0.2682797610759735,
        0.2663358747959137,
        0.2673191428184509,
        0.2662522792816162,
        0.2668185532093048,
        0.26601359248161316,
        0.2652135491371155,
        0.26685959100723267,
        0.265127569437027
    ],
    "binary_accuracy": [
        0.6575866341590881,
        0.784247875213623,
        0.8393686413764954,
        0.858247697353363,
        0.8682770133018494,
        0.8774129748344421,
        0.8860846757888794,
        0.8942458629608154,
        0.8993027210235596,
        0.9033671021461487,
        0.9070683121681213,
        0.9101676940917969,
        0.9115889668464661,
        0.9122730493545532,
        0.9135370850563049,
        0.9141113758087158,
        0.9141219258308411,
        0.9139741063117981,
        0.9149546027183533,
        0.9151895046234131,
        0.9149700403213501,
        0.9161341190338135,
        0.9159712195396423,
        0.9174852967262268,
        0.9168728590011597,
        0.9175851941108704,
        0.9171115756034851,
        0.9177371859550476,
        0.917517364025116,
        0.9176783561706543,
        0.9180924296379089,
        0.9173604846000671,
        0.9178767204284668
    ],
    "val_loss": [
        0.4933635890483856,
        0.43108004331588745,
        0.3830678164958954,
        0.3614831268787384,
        0.3399374186992645,
        0.3191894292831421,
        0.2982846200466156,
        0.2925760746002197,
        0.28389421105384827,
        0.2818383574485779,
        0.2731609046459198,
        0.2779531478881836,
        0.26678359508514404,
        0.26414617896080017,
        0.26449286937713623,
        0.2684350609779358,
        0.26391932368278503,
        0.2691803276538849,
        0.25979185104370117,
        0.26151102781295776,
        0.25832879543304443,
        0.2601253390312195,
        0.2567526698112488,
        0.2644604742527008,
        0.2613706886768341,
        0.2589590847492218,
        0.2656388282775879,
        0.2654355764389038,
        0.25922539830207825,
        0.2581627666950226,
        0.2624341547489166,
        0.26210248470306396,
        0.26328355073928833
    ],
    "val_binary_accuracy": [
        0.7544891834259033,
        0.8323643207550049,
        0.8630015850067139,
        0.8735113143920898,
        0.8810096383094788,
        0.8873574733734131,
        0.8938126564025879,
        0.9017282128334045,
        0.8997554183006287,
        0.9079325199127197,
        0.9132765531539917,
        0.9124360084533691,
        0.9153340458869934,
        0.9159674644470215,
        0.9170755743980408,
        0.9134141206741333,
        0.9184452295303345,
        0.91325843334198,
        0.9185934066772461,
        0.9211437106132507,
        0.9198254942893982,
        0.919285774230957,
        0.9198693037033081,
        0.9180386066436768,
        0.9183772206306458,
        0.9192600846290588,
        0.9179176688194275,
        0.9160052537918091,
        0.9204981923103333,
        0.919136106967926,
        0.9188201427459717,
        0.9178783297538757,
        0.9165540337562561
    ]
}