trial_id,model_name,auc,bkg_rej_95,bkg_rej_98,bkg_rej_99,weighted_bkg_rej,roc_csv,roc_plot
5,model_trial_5,0.9131650099334013,0.7907861883223556,0.41480544013266796,0.25830966861075866,0.5119500874373833,roc_analysis/model_trial_5_roc_data.csv,roc_analysis/model_trial_5_roc.png
4,model_trial_4,0.9026382673112754,0.7412476893775268,0.41841515456622647,0.24311956633551646,0.4977353561865455,roc_analysis/model_trial_4_roc_data.csv,roc_analysis/model_trial_4_roc.png
0,model_trial_0,0.9092708538673946,0.7770611687619428,0.40369263188082327,0.19773005695119406,0.4951069354521962,roc_analysis/model_trial_0_roc_data.csv,roc_analysis/model_trial_0_roc.png
1,model_trial_1,0.8531790132888188,0.5941814395840412,0.3216074762859218,0.14815103444191258,0.38603402109095664,roc_analysis/model_trial_1_roc_data.csv,roc_analysis/model_trial_1_roc.png
2,model_trial_2,0.781496986235293,0.5278131926022674,0.32536993338549447,0.10659567769427147,0.36422548558140405,roc_analysis/model_trial_2_roc_data.csv,roc_analysis/model_trial_2_roc.png
