trial_id,parameters,auc,primary_metric
1051,415,0.9480473284506226,0.8434164497295467
1041,391,0.9486723721460376,0.8412198669049195
1047,325,0.9464884405184633,0.8375774397489275
1035,281,0.945596564897738,0.837303207041159
1044,265,0.9460698650579173,0.8362177655627817
1046,163,0.9403473735867532,0.8342533886031668
1021,145,0.944256463623663,0.8262365415838979
1036,91,0.9431600066154733,0.8233073613492129
1043,85,0.8979957926146561,0.7168146676704733
1042,55,0.9041873906941273,0.7105874385092867
1022,45,0.9022936762111858,0.7010316229315385
1027,31,0.8630395947991165,0.5674766660317287
1028,19,0.5092906599222551,0.01999993952972262
