trial_id,parameters,auc,primary_metric
1052,595,0.947367087181592,0.837393307754406
1050,501,0.9464288730782396,0.836791628494804
1031,235,0.94549325563834,0.8277138304594834
1020,171,0.9447650587906757,0.8271928790201396
1023,121,0.9268219057618848,0.7603021699759025
1025,99,0.9173499791254822,0.7601373884701323
1038,65,0.8953947361990574,0.7060352360306101
1049,31,0.8298118711740275,0.3928448544329249
1034,25,0.46728778174122265,0.009702153648927701
