model_type,weight_bits,integer_bits,test_accuracy,test_loss,roc_auc,model_path
non_quantized,N/A,N/A,0.9188116192817688,0.2512493431568146,0.9528337535786358,Model2_results_20251201_143030/models/Model2_unquantized.h5
quantized,6,0,0.8969585299491882,0.2943151295185089,0.939399361304057,Model2_results_20251201_143030/models/Model2_quantized_6bit.h5
quantized,5,0,0.8624257445335388,0.3530830442905426,0.918579010753791,Model2_results_20251201_143030/models/Model2_quantized_5bit.h5
quantized,4,0,0.8065068125724792,0.4364781677722931,0.8704832978325148,Model2_results_20251201_143030/models/Model2_quantized_4bit.h5
