{
    "loss": [
        0.4640175402164459,
        0.3277711272239685,
        0.2829183042049408,
        0.2599109709262848,
        0.23690015077590942,
        0.24417425692081451,
        0.22966623306274414,
        0.2287624478340149,
        0.22425328195095062,
        0.2265385091304779,
        0.22271166741847992,
        0.22055712342262268,
        0.21795403957366943,
        0.21846704185009003,
        0.21977832913398743,
        0.21549047529697418,
        0.2135220468044281,
        0.21295635402202606,
        0.21571126580238342,
        0.21219584345817566,
        0.2122477889060974,
        0.21766076982021332,
        0.20902220904827118,
        0.21189752221107483,
        0.20771050453186035,
        0.19977565109729767,
        0.1997232735157013,
        0.20065824687480927,
        0.20295746624469757,
        0.19928370416164398,
        0.1968103051185608,
        0.19351430237293243,
        0.18900814652442932,
        0.1966579258441925,
        0.19548410177230835,
        0.19288139045238495,
        0.20480507612228394,
        0.1874002069234848,
        0.18399254977703094,
        0.18238355219364166
    ],
    "binary_accuracy": [
        0.8140110969543457,
        0.8861280679702759,
        0.910892128944397,
        0.9199277758598328,
        0.9297406077384949,
        0.9257697463035583,
        0.9332736134529114,
        0.9336869120597839,
        0.9349969625473022,
        0.9342786073684692,
        0.9355452656745911,
        0.9372542500495911,
        0.937282919883728,
        0.9369480609893799,
        0.9361697435379028,
        0.9378708004951477,
        0.9383991360664368,
        0.9386853575706482,
        0.9378278255462646,
        0.9387524724006653,
        0.9389104843139648,
        0.9367271065711975,
        0.9397404789924622,
        0.9381182193756104,
        0.9389681816101074,
        0.9414012432098389,
        0.9411097168922424,
        0.9407458305358887,
        0.940764307975769,
        0.9412153363227844,
        0.9411063194274902,
        0.9415087103843689,
        0.943010687828064,
        0.9398894309997559,
        0.9402865171432495,
        0.9418413043022156,
        0.9380201697349548,
        0.9427418112754822,
        0.9437241554260254,
        0.9442697763442993
    ],
    "val_loss": [
        0.33619144558906555,
        0.2742164731025696,
        0.2498030662536621,
        0.23354367911815643,
        0.23586979508399963,
        0.2209921032190323,
        0.21770495176315308,
        0.2192705124616623,
        0.23130594193935394,
        0.2148052304983139,
        0.21366474032402039,
        0.21887464821338654,
        0.2053830921649933,
        0.21083936095237732,
        0.2059052586555481,
        0.21220123767852783,
        0.20412024855613708,
        0.21382249891757965,
        0.20545683801174164,
        0.20846520364284515,
        0.21660847961902618,
        0.21659177541732788,
        0.21568715572357178,
        0.19759072363376617,
        0.20012269914150238,
        0.19297756254673004,
        0.19207367300987244,
        0.18945156037807465,
        0.19399146735668182,
        0.21266503632068634,
        0.18475037813186646,
        0.18804974853992462,
        0.19314073026180267,
        0.18511882424354553,
        0.1821584701538086,
        0.18724177777767181,
        0.1857944130897522,
        0.1756906807422638,
        0.18375596404075623,
        0.18039323389530182
    ],
    "val_binary_accuracy": [
        0.8877686858177185,
        0.9104072451591492,
        0.9204589128494263,
        0.9289973378181458,
        0.9294765591621399,
        0.9358047246932983,
        0.9383943676948547,
        0.9369567036628723,
        0.9362280368804932,
        0.9365213513374329,
        0.9390202760696411,
        0.9390051364898682,
        0.9410808086395264,
        0.9411155581474304,
        0.9419787526130676,
        0.9392878413200378,
        0.941841185092926,
        0.9351018071174622,
        0.9407073855400085,
        0.9395917057991028,
        0.9420830607414246,
        0.9345499873161316,
        0.9357911348342896,
        0.9432244300842285,
        0.9445653557777405,
        0.9426515102386475,
        0.9436689019203186,
        0.9451988339424133,
        0.9447392225265503,
        0.9338016510009766,
        0.9460393190383911,
        0.9441330432891846,
        0.9390369057655334,
        0.9445260763168335,
        0.9446591138839722,
        0.9423990249633789,
        0.9415434002876282,
        0.9458760619163513,
        0.9451836943626404,
        0.9454573392868042
    ]
}