{
    "loss": [
        0.4900261461734772,
        0.36432817578315735,
        0.2749667465686798,
        0.287641704082489,
        0.25582799315452576,
        0.2334619164466858,
        0.26588743925094604,
        0.2305440902709961,
        0.23582813143730164,
        0.2584509253501892,
        0.22309614717960358,
        0.21870766580104828,
        0.22006091475486755,
        0.2164478451013565,
        0.2080574780702591,
        0.20645713806152344,
        0.1997879594564438,
        0.195902481675148,
        0.19714559614658356,
        0.19716306030750275,
        0.19548861682415009,
        0.1923251748085022,
        0.20710469782352448,
        0.20312611758708954,
        0.20009219646453857,
        0.1929650902748108,
        0.19476427137851715,
        0.19278033077716827,
        0.1886303424835205,
        0.19014997780323029,
        0.19047822058200836,
        0.19317618012428284,
        0.19542476534843445,
        0.20145201683044434,
        0.18653719127178192,
        0.18786253035068512,
        0.19136188924312592,
        0.1853443831205368,
        0.18307745456695557,
        0.18742047250270844
    ],
    "binary_accuracy": [
        0.7905521988868713,
        0.866640031337738,
        0.908544659614563,
        0.9115995168685913,
        0.9226711392402649,
        0.9317614436149597,
        0.924643337726593,
        0.9328652024269104,
        0.9282755851745605,
        0.9300856590270996,
        0.934587836265564,
        0.9355942606925964,
        0.935413658618927,
        0.9349799752235413,
        0.9365555047988892,
        0.9364186525344849,
        0.9378855228424072,
        0.9391220211982727,
        0.9390383362770081,
        0.9394568800926208,
        0.940009355545044,
        0.9398505687713623,
        0.9337231516838074,
        0.9349460601806641,
        0.9367632865905762,
        0.9399682283401489,
        0.9389561414718628,
        0.9393795728683472,
        0.9417564272880554,
        0.9409860372543335,
        0.940811038017273,
        0.93930983543396,
        0.9382705688476562,
        0.9357734322547913,
        0.9421267509460449,
        0.9415004253387451,
        0.9402310848236084,
        0.9422436356544495,
        0.9425502419471741,
        0.9413405060768127
    ],
    "val_loss": [
        0.33738672733306885,
        0.33735477924346924,
        0.24961735308170319,
        0.2333223521709442,
        0.22941239178180695,
        0.2235237956047058,
        0.21975703537464142,
        0.21566450595855713,
        0.2166631817817688,
        0.2338670939207077,
        0.20729054510593414,
        0.21741904318332672,
        0.2256588488817215,
        0.20581652224063873,
        0.21452565491199493,
        0.19805288314819336,
        0.1913863718509674,
        0.1850224733352661,
        0.18265467882156372,
        0.1844320148229599,
        0.1880628913640976,
        0.1862758845090866,
        0.18244418501853943,
        0.20341558754444122,
        0.1795032024383545,
        0.20486879348754883,
        0.2304724007844925,
        0.18068397045135498,
        0.18222461640834808,
        0.23410579562187195,
        0.20301662385463715,
        0.17893384397029877,
        0.2001422792673111,
        0.17877063155174255,
        0.17554587125778198,
        0.18496324121952057,
        0.18274307250976562,
        0.17052166163921356,
        0.17405912280082703,
        0.18967972695827484
    ],
    "val_binary_accuracy": [
        0.8807405233383179,
        0.8633024096488953,
        0.9248430132865906,
        0.930782675743103,
        0.9354328513145447,
        0.9354842901229858,
        0.9334312677383423,
        0.9363973736763,
        0.9371547698974609,
        0.9291303753852844,
        0.9392273426055908,
        0.939662754535675,
        0.931934654712677,
        0.9397428631782532,
        0.9325771331787109,
        0.9383324384689331,
        0.9406332969665527,
        0.9442615509033203,
        0.942828357219696,
        0.9434103965759277,
        0.9379665851593018,
        0.9438049793243408,
        0.9427225589752197,
        0.934362530708313,
        0.9429538249969482,
        0.9376233816146851,
        0.935709536075592,
        0.9440045356750488,
        0.9433514475822449,
        0.9281794428825378,
        0.9389371275901794,
        0.942340075969696,
        0.9409174919128418,
        0.9424927830696106,
        0.9454784989356995,
        0.9425819516181946,
        0.944095253944397,
        0.9451141357421875,
        0.9445366859436035,
        0.9417943358421326
    ]
}