{
    "loss": [
        0.3924764096736908,
        0.2812488377094269,
        0.27700528502464294,
        0.23196269571781158,
        0.22445183992385864,
        0.22813192009925842,
        0.23009726405143738,
        0.23281720280647278,
        0.2169046252965927,
        0.22261103987693787,
        0.22052684426307678,
        0.21003931760787964,
        0.20982040464878082,
        0.21194319427013397,
        0.19552086293697357,
        0.24281342327594757,
        0.1924409568309784,
        0.19253140687942505,
        0.1904684156179428,
        0.19424259662628174,
        0.21193107962608337,
        0.19124466180801392,
        0.18916374444961548,
        0.1983550786972046,
        0.19103822112083435,
        0.18447668850421906,
        0.18971394002437592,
        0.18860352039337158,
        0.18708501756191254,
        0.18967099487781525,
        0.19054345786571503,
        0.18611212074756622,
        0.18555593490600586,
        0.18739180266857147,
        0.1862717717885971,
        0.20291435718536377,
        0.19040605425834656,
        0.20642589032649994,
        0.18948987126350403,
        0.1818055510520935
    ],
    "binary_accuracy": [
        0.8427712321281433,
        0.9109200239181519,
        0.910881519317627,
        0.9326755404472351,
        0.932643473148346,
        0.9311068058013916,
        0.9283279776573181,
        0.9300931692123413,
        0.9353065490722656,
        0.9302576184272766,
        0.9339120388031006,
        0.9359664916992188,
        0.9355509281158447,
        0.9359593391418457,
        0.941320538520813,
        0.9269259572029114,
        0.941766619682312,
        0.9410697221755981,
        0.9413009285926819,
        0.9397732615470886,
        0.9333049058914185,
        0.9411334991455078,
        0.9416029453277588,
        0.9365306496620178,
        0.9414547681808472,
        0.9428775310516357,
        0.9417881369590759,
        0.9418092370033264,
        0.9415396451950073,
        0.9413401484489441,
        0.938770592212677,
        0.9421037435531616,
        0.9415189027786255,
        0.9418609142303467,
        0.9422979354858398,
        0.9359012246131897,
        0.9409359097480774,
        0.9345919489860535,
        0.9405173063278198,
        0.9428447484970093
    ],
    "val_loss": [
        0.2336951047182083,
        1.2486748695373535,
        0.22890789806842804,
        0.29648035764694214,
        0.23834995925426483,
        0.2185530662536621,
        0.25012242794036865,
        0.2940088212490082,
        0.21542882919311523,
        0.2178877294063568,
        0.2595348060131073,
        0.1998494267463684,
        0.18689879775047302,
        0.18614515662193298,
        0.1849909871816635,
        0.1802651286125183,
        0.18252913653850555,
        0.1811583936214447,
        0.17961566150188446,
        0.1878548562526703,
        0.19139686226844788,
        0.18825972080230713,
        0.18736723065376282,
        0.18538686633110046,
        0.18665969371795654,
        0.18029066920280457,
        0.1872389316558838,
        0.1733679175376892,
        0.1755920648574829,
        0.17100116610527039,
        0.19362561404705048,
        0.17884480953216553,
        0.20496417582035065,
        0.1770647019147873,
        0.18366006016731262,
        0.18935108184814453,
        0.18194790184497833,
        0.1866077482700348,
        0.17752902209758759,
        0.18478073179721832
    ],
    "val_binary_accuracy": [
        0.9291666150093079,
        0.5,
        0.9356430172920227,
        0.9233887195587158,
        0.9235610365867615,
        0.9347752332687378,
        0.9209426641464233,
        0.908930242061615,
        0.9400300979614258,
        0.9389476776123047,
        0.9168972373008728,
        0.9383112192153931,
        0.9444308280944824,
        0.9430913925170898,
        0.9425985813140869,
        0.9438261389732361,
        0.9425638318061829,
        0.9451625347137451,
        0.9443643093109131,
        0.9400905966758728,
        0.9424837231636047,
        0.9432758688926697,
        0.9447997212409973,
        0.9461345672607422,
        0.9393876194953918,
        0.9455933570861816,
        0.9449387788772583,
        0.9448087811470032,
        0.9428570866584778,
        0.9465488195419312,
        0.9372469782829285,
        0.9448994994163513,
        0.9316655397415161,
        0.9439501166343689,
        0.9447482824325562,
        0.944184422492981,
        0.9446379542350769,
        0.9393709897994995,
        0.9454497694969177,
        0.9453227519989014
    ]
}