{
    "loss": [
        0.47602489590644836,
        0.31784865260124207,
        0.30397292971611023,
        0.25586873292922974,
        0.24366314709186554,
        0.2783151865005493,
        0.2778773307800293,
        0.3224649429321289,
        0.25374293327331543,
        0.2815367579460144,
        0.2386942058801651,
        0.24883762001991272,
        0.24239039421081543,
        0.23117294907569885,
        0.2659362256526947,
        0.224920392036438,
        0.31537342071533203,
        0.3022623062133789,
        0.2304895520210266,
        0.22172731161117554,
        0.28643542528152466,
        0.22636035084724426,
        0.22733016312122345,
        0.28402847051620483,
        0.22592584788799286,
        0.23208840191364288,
        0.2226315140724182,
        0.22580040991306305,
        0.20810480415821075,
        0.2101898193359375,
        0.2131998986005783,
        0.21103224158287048,
        0.20435583591461182,
        0.2046240270137787,
        0.21589982509613037,
        0.20539231598377228,
        0.2072441279888153,
        0.20767006278038025,
        0.21062667667865753,
        0.20510520040988922
    ],
    "binary_accuracy": [
        0.7939905524253845,
        0.9070630669593811,
        0.9152287244796753,
        0.9197625517845154,
        0.9221006035804749,
        0.9237364530563354,
        0.9242100715637207,
        0.9214320182800293,
        0.9224920272827148,
        0.9153935313224792,
        0.9271755814552307,
        0.9258440136909485,
        0.9261924624443054,
        0.930005669593811,
        0.9153037667274475,
        0.9319575428962708,
        0.8922691345214844,
        0.8933928608894348,
        0.9267818927764893,
        0.9309235215187073,
        0.9190706014633179,
        0.9279018640518188,
        0.9275420904159546,
        0.9038192629814148,
        0.9306132197380066,
        0.927845299243927,
        0.9304654002189636,
        0.9285451769828796,
        0.934952437877655,
        0.9332329034805298,
        0.9309382438659668,
        0.932560920715332,
        0.9356229305267334,
        0.9353982210159302,
        0.9302783608436584,
        0.9347801208496094,
        0.9341043829917908,
        0.9342163801193237,
        0.932133674621582,
        0.9350369572639465
    ],
    "val_loss": [
        0.3211745023727417,
        0.3041248023509979,
        0.36328431963920593,
        0.22193394601345062,
        0.22143402695655823,
        0.2220609337091446,
        0.23177742958068848,
        0.21924366056919098,
        0.23370836675167084,
        0.22150102257728577,
        0.237667515873909,
        0.23524059355258942,
        0.22602035105228424,
        0.20893323421478271,
        0.22894082963466644,
        0.21102488040924072,
        0.47802600264549255,
        0.20422643423080444,
        0.20341339707374573,
        0.21314266324043274,
        0.20732291042804718,
        0.2134581357240677,
        0.22020305693149567,
        0.21411828696727753,
        0.20261414349079132,
        0.21060417592525482,
        0.22679507732391357,
        0.20896029472351074,
        0.2171243131160736,
        0.19986994564533234,
        0.19881439208984375,
        0.20576021075248718,
        0.19064417481422424,
        0.19328610599040985,
        0.18870650231838226,
        0.19712644815444946,
        0.20055517554283142,
        0.1990949809551239,
        0.19723767042160034,
        0.2115134596824646
    ],
    "val_binary_accuracy": [
        0.8870460391044617,
        0.9083210229873657,
        0.8886061906814575,
        0.9320147633552551,
        0.9319679141044617,
        0.9350367784500122,
        0.9360678195953369,
        0.9317713975906372,
        0.9260705709457397,
        0.9338621497154236,
        0.9304077625274658,
        0.9304894208908081,
        0.9263350963592529,
        0.9377126097679138,
        0.9337956309318542,
        0.9362733960151672,
        0.8671755194664001,
        0.9323942065238953,
        0.9358213543891907,
        0.9324743747711182,
        0.9338697195053101,
        0.9334811568260193,
        0.9351214170455933,
        0.934173583984375,
        0.9369098544120789,
        0.9327509999275208,
        0.9255006313323975,
        0.9383339285850525,
        0.9382779598236084,
        0.9377609491348267,
        0.9366785287857056,
        0.9343066215515137,
        0.9390051364898682,
        0.9383021593093872,
        0.9402266144752502,
        0.93595290184021,
        0.9350382685661316,
        0.9358108043670654,
        0.9385138154029846,
        0.929556667804718
    ]
}