{
    "loss": [
        0.488164484500885,
        0.3871207535266876,
        0.32560816407203674,
        0.3004187345504761,
        0.28070345520973206,
        0.2700580656528473,
        0.2619565427303314,
        0.25666674971580505,
        0.2965404987335205,
        0.24503691494464874,
        0.24031515419483185,
        0.2396218627691269,
        0.23763933777809143,
        0.24045874178409576,
        0.23644645512104034,
        0.2346944659948349,
        0.2320193201303482,
        0.23010092973709106,
        0.2291121780872345,
        0.22595295310020447,
        0.22698791325092316,
        0.22740411758422852,
        0.2250436246395111,
        0.22486083209514618,
        0.22310768067836761,
        0.22259798645973206,
        0.2216535359621048,
        0.22139587998390198,
        0.21980930864810944,
        0.21919859945774078,
        0.22096967697143555,
        0.2190747708082199,
        0.21729855239391327,
        0.21750585734844208,
        0.21640294790267944,
        0.21460802853107452,
        0.21416743099689484,
        0.21468397974967957,
        0.21374359726905823,
        0.21347269415855408
    ],
    "binary_accuracy": [
        0.7823125720024109,
        0.8603420853614807,
        0.8870749473571777,
        0.8989101648330688,
        0.909553050994873,
        0.9144854545593262,
        0.9187383651733398,
        0.9217687249183655,
        0.9194880723953247,
        0.9262343645095825,
        0.9281032085418701,
        0.9285357594490051,
        0.9292839169502258,
        0.9287918210029602,
        0.9303051233291626,
        0.9306414723396301,
        0.9314635396003723,
        0.932654082775116,
        0.9329278469085693,
        0.9343732595443726,
        0.9339128136634827,
        0.9339795708656311,
        0.9346880912780762,
        0.9354698657989502,
        0.9360867738723755,
        0.9357873797416687,
        0.9364208579063416,
        0.9369310736656189,
        0.9373142123222351,
        0.9374488592147827,
        0.9367334842681885,
        0.9373783469200134,
        0.9382792115211487,
        0.9378018379211426,
        0.9386762976646423,
        0.9389101266860962,
        0.9393007755279541,
        0.9391680359840393,
        0.9393520951271057,
        0.9397231340408325
    ],
    "val_loss": [
        0.3763813078403473,
        0.3572249412536621,
        0.2982823848724365,
        0.2739982604980469,
        0.2593693733215332,
        0.2586004436016083,
        0.2936924695968628,
        0.2527817487716675,
        0.23947162926197052,
        0.23505890369415283,
        0.24315032362937927,
        0.24252572655677795,
        0.23317433893680573,
        0.2301047295331955,
        0.22230210900306702,
        0.2361535131931305,
        0.2302350550889969,
        0.23943784832954407,
        0.22043277323246002,
        0.22051092982292175,
        0.22037625312805176,
        0.23852083086967468,
        0.2224942445755005,
        0.22838886082172394,
        0.21305979788303375,
        0.21511602401733398,
        0.21158289909362793,
        0.21553143858909607,
        0.23023000359535217,
        0.21445545554161072,
        0.24970391392707825,
        0.2097230851650238,
        0.22734294831752777,
        0.21717248857021332,
        0.21166127920150757,
        0.20835770666599274,
        0.2103687971830368,
        0.21171888709068298,
        0.20749953389167786,
        0.20680098235607147
    ],
    "val_binary_accuracy": [
        0.8529030084609985,
        0.8825274109840393,
        0.8989315032958984,
        0.9022135138511658,
        0.9138570427894592,
        0.9189502000808716,
        0.9075092077255249,
        0.9215881824493408,
        0.9223470687866211,
        0.9282943606376648,
        0.9310699105262756,
        0.9317970871925354,
        0.9317713975906372,
        0.9339755177497864,
        0.9308174848556519,
        0.9342612624168396,
        0.9374707341194153,
        0.9258059859275818,
        0.9351713061332703,
        0.937478244304657,
        0.937150239944458,
        0.9293646812438965,
        0.9377533793449402,
        0.9393392205238342,
        0.9388131499290466,
        0.9379227161407471,
        0.9389824867248535,
        0.9367541074752808,
        0.9358229041099548,
        0.9395478367805481,
        0.931973934173584,
        0.9421223998069763,
        0.9346104860305786,
        0.9414481520652771,
        0.938486635684967,
        0.9407587647438049,
        0.9387708306312561,
        0.9408373832702637,
        0.9431110620498657,
        0.9416159391403198
    ]
}