{
    "loss": [
        0.5504143834114075,
        0.48112860321998596,
        0.364214688539505,
        0.41180619597435,
        0.3217353820800781,
        0.2974810302257538,
        0.2769736647605896,
        0.2816094756126404,
        0.2671384811401367,
        0.26101601123809814,
        0.2564362585544586,
        0.25335943698883057,
        0.2524479329586029,
        0.25399312376976013,
        0.25363889336586,
        0.2523860037326813,
        0.2529895007610321,
        0.2497129589319229,
        0.246473029255867,
        0.24402278661727905,
        0.2471996247768402,
        0.24382834136486053,
        0.2437029331922531,
        0.24252949655056,
        0.24353505671024323,
        0.2454921454191208,
        0.2408103346824646,
        0.23966744542121887,
        0.2371058315038681,
        0.2371816337108612,
        0.2374378740787506,
        0.2375975251197815,
        0.23617273569107056,
        0.2393151819705963,
        0.2339448630809784,
        0.23196010291576385,
        0.23239398002624512,
        0.23045717179775238,
        0.23137976229190826,
        0.22907520830631256
    ],
    "binary_accuracy": [
        0.729975163936615,
        0.827446699142456,
        0.8688637614250183,
        0.8786373734474182,
        0.8897342681884766,
        0.8973584175109863,
        0.9077742695808411,
        0.9061327576637268,
        0.9108495116233826,
        0.9151977896690369,
        0.9181621670722961,
        0.9195725321769714,
        0.9198025465011597,
        0.9191475510597229,
        0.9200190305709839,
        0.9209938049316406,
        0.9208512902259827,
        0.9222329258918762,
        0.9235135912895203,
        0.9248661994934082,
        0.9232684373855591,
        0.9251558184623718,
        0.9250841736793518,
        0.9252327680587769,
        0.9256332516670227,
        0.9247485995292664,
        0.9270334243774414,
        0.9271551966667175,
        0.9277811646461487,
        0.9274783730506897,
        0.9276028275489807,
        0.9276439547538757,
        0.9285067319869995,
        0.9269953370094299,
        0.9298499822616577,
        0.9312395453453064,
        0.9306927919387817,
        0.9312452077865601,
        0.9307101368904114,
        0.9315114617347717
    ],
    "val_loss": [
        0.4416424036026001,
        0.3748263418674469,
        0.32727429270744324,
        0.31033971905708313,
        0.3076655864715576,
        0.2703911364078522,
        0.2602352201938629,
        0.2542620301246643,
        0.25119778513908386,
        0.242831289768219,
        0.24135369062423706,
        0.24177169799804688,
        0.23943865299224854,
        0.2512095868587494,
        0.242526113986969,
        0.24421875178813934,
        0.24180640280246735,
        0.2333499789237976,
        0.23581872880458832,
        0.23588113486766815,
        0.23100635409355164,
        0.23525670170783997,
        0.24175502359867096,
        0.23182183504104614,
        0.23755796253681183,
        0.2318882793188095,
        0.23378430306911469,
        0.22746360301971436,
        0.23544712364673615,
        0.23243975639343262,
        0.24205854535102844,
        0.22516022622585297,
        0.2288137674331665,
        0.2241545021533966,
        0.22413592040538788,
        0.21967418491840363,
        0.2311561554670334,
        0.2333718091249466,
        0.22246158123016357,
        0.22019433975219727
    ],
    "val_binary_accuracy": [
        0.8252091407775879,
        0.8644710183143616,
        0.8873786330223083,
        0.8944203853607178,
        0.8992308378219604,
        0.9123075008392334,
        0.9170287251472473,
        0.9165162444114685,
        0.922078013420105,
        0.9188761115074158,
        0.9195382595062256,
        0.9260055422782898,
        0.9216501712799072,
        0.926495373249054,
        0.9252799153327942,
        0.9234219789505005,
        0.9233705401420593,
        0.9301855564117432,
        0.9264031648635864,
        0.931585431098938,
        0.9252496957778931,
        0.9253464341163635,
        0.9275112748146057,
        0.9317880272865295,
        0.9280948042869568,
        0.9290850162506104,
        0.9258573651313782,
        0.9319754838943481,
        0.9278030395507812,
        0.9272240400314331,
        0.9289807081222534,
        0.9309746623039246,
        0.9307010769844055,
        0.934223473072052,
        0.930548369884491,
        0.9363686442375183,
        0.9284772872924805,
        0.9353451728820801,
        0.9324577450752258,
        0.9312044978141785
    ]
}