{
    "loss": [
        0.6738596558570862,
        0.6232419610023499,
        0.5825890302658081,
        0.5487531423568726,
        0.5118235945701599,
        0.48944172263145447,
        0.4804234206676483,
        0.4689730703830719,
        0.4509923458099365,
        0.43933406472206116,
        0.43501347303390503,
        0.42757901549339294,
        0.4242329001426697,
        0.4195254445075989,
        0.4184064269065857,
        0.41306549310684204,
        0.39415594935417175,
        0.39211079478263855,
        0.38533973693847656,
        0.38660237193107605,
        0.38542231917381287,
        0.3858351409435272,
        0.3837510347366333,
        0.37609028816223145,
        0.36644771695137024,
        0.3791942000389099,
        0.36454376578330994,
        0.36554524302482605,
        0.36162319779396057,
        0.3654860258102417,
        0.35840585827827454,
        0.35176607966423035,
        0.35585445165634155,
        0.34496450424194336,
        0.344744473695755,
        0.34327226877212524,
        0.33945611119270325,
        0.3338763415813446,
        0.32905563712120056,
        0.32767724990844727
    ],
    "binary_accuracy": [
        0.5,
        0.6579143404960632,
        0.7357341647148132,
        0.7614760398864746,
        0.7828654050827026,
        0.7961848974227905,
        0.8016166090965271,
        0.8082237839698792,
        0.8144511580467224,
        0.8172220587730408,
        0.8213403820991516,
        0.8254850506782532,
        0.8265970945358276,
        0.8288533091545105,
        0.8285120129585266,
        0.8296093344688416,
        0.8351210355758667,
        0.8350131511688232,
        0.8400063514709473,
        0.8385401964187622,
        0.8386789560317993,
        0.8388614654541016,
        0.8420743346214294,
        0.8428813219070435,
        0.8477036356925964,
        0.8479499220848083,
        0.8545231223106384,
        0.8544902801513672,
        0.8572019934654236,
        0.8564255833625793,
        0.8598873019218445,
        0.8639015555381775,
        0.8633785247802734,
        0.869427502155304,
        0.8679360747337341,
        0.8676193356513977,
        0.8705301880836487,
        0.872636616230011,
        0.8753362894058228,
        0.8762447237968445
    ],
    "val_loss": [
        0.6457091569900513,
        0.5937656164169312,
        0.5510421395301819,
        0.5142703056335449,
        0.487214595079422,
        0.4639066755771637,
        0.46006008982658386,
        0.4508295953273773,
        0.4268657863140106,
        0.4381861984729767,
        0.4186767339706421,
        0.4131934940814972,
        0.4106389284133911,
        0.4052955210208893,
        0.40784183144569397,
        0.3866420090198517,
        0.3844291865825653,
        0.3835069537162781,
        0.37519213557243347,
        0.3798891305923462,
        0.37470942735671997,
        0.37935498356819153,
        0.36931756138801575,
        0.3585454821586609,
        0.36389049887657166,
        0.3683394193649292,
        0.35551562905311584,
        0.35202133655548096,
        0.3499152958393097,
        0.3464656472206116,
        0.346570760011673,
        0.3407163918018341,
        0.3431594669818878,
        0.3339677155017853,
        0.3345326781272888,
        0.337329626083374,
        0.3236645460128784,
        0.31856024265289307,
        0.3202439844608307,
        0.3148696720600128
    ],
    "val_binary_accuracy": [
        0.5,
        0.7325959205627441,
        0.7639134526252747,
        0.768282413482666,
        0.8025584816932678,
        0.8119586110115051,
        0.8128490447998047,
        0.81533282995224,
        0.8207630515098572,
        0.8208824992179871,
        0.8243927955627441,
        0.8327845931053162,
        0.8303233981132507,
        0.837714433670044,
        0.8356931805610657,
        0.8406487107276917,
        0.8417613506317139,
        0.8399079442024231,
        0.8479142189025879,
        0.8428120613098145,
        0.8458945155143738,
        0.836796760559082,
        0.8482891321182251,
        0.850543200969696,
        0.8534729480743408,
        0.8506535291671753,
        0.8594051003456116,
        0.8620144128799438,
        0.863231360912323,
        0.8666630387306213,
        0.8672087788581848,
        0.8714190125465393,
        0.871402382850647,
        0.8742702007293701,
        0.8703244924545288,
        0.8737894892692566,
        0.8762475848197937,
        0.8807752728462219,
        0.8806301355361938,
        0.8822703957557678
    ]
}