{
    "loss": [
        0.4641059339046478,
        0.25805309414863586,
        0.29261600971221924,
        0.2474147081375122,
        0.2351890206336975,
        0.22389020025730133,
        0.24378347396850586,
        0.21569545567035675,
        0.2089976817369461,
        0.20705512166023254,
        0.2217070609331131,
        0.21032993495464325,
        0.24203677475452423,
        0.20410040020942688,
        0.2033815085887909,
        0.2048928290605545,
        0.21003477275371552,
        0.20009969174861908,
        0.2017187476158142,
        0.19990786910057068,
        0.20170985162258148,
        0.20007070899009705,
        0.20757319033145905,
        0.19863779842853546,
        0.19718396663665771,
        0.19416792690753937,
        0.2342054843902588,
        0.19345815479755402,
        0.19547265768051147,
        0.18822695314884186,
        0.1884969025850296,
        0.235105499625206,
        0.19365805387496948,
        0.19424943625926971,
        0.19129090011119843,
        0.18944135308265686,
        0.18970173597335815,
        0.1919138878583908,
        0.1879466325044632,
        0.18986830115318298
    ],
    "binary_accuracy": [
        0.8060972690582275,
        0.9192489981651306,
        0.9166858196258545,
        0.9257301688194275,
        0.9297922849655151,
        0.9341439604759216,
        0.9242560863494873,
        0.9348276257514954,
        0.9370363354682922,
        0.9380167722702026,
        0.9312003254890442,
        0.9369782209396362,
        0.9216518402099609,
        0.9379903674125671,
        0.9385741353034973,
        0.938309371471405,
        0.9352123141288757,
        0.9395062923431396,
        0.9389693140983582,
        0.9392151832580566,
        0.9374526143074036,
        0.9386842250823975,
        0.9341421127319336,
        0.93927401304245,
        0.9390636086463928,
        0.9399980306625366,
        0.9283049702644348,
        0.94070965051651,
        0.938539445400238,
        0.9418431520462036,
        0.9413137435913086,
        0.9358469247817993,
        0.9399166107177734,
        0.9392294883728027,
        0.940728485584259,
        0.9405455589294434,
        0.9408536553382874,
        0.9391239285469055,
        0.9413371086120605,
        0.9403419494628906
    ],
    "val_loss": [
        0.2883177399635315,
        0.2362108677625656,
        0.23122398555278778,
        0.23596473038196564,
        0.21755145490169525,
        0.21550199389457703,
        0.21344269812107086,
        0.19962580502033234,
        0.2014816552400589,
        0.19731883704662323,
        0.19637605547904968,
        0.1939864456653595,
        0.21099865436553955,
        0.19902248680591583,
        0.19927167892456055,
        0.23058432340621948,
        0.19527137279510498,
        0.1981251984834671,
        0.18788133561611176,
        0.19035997986793518,
        0.18939030170440674,
        0.1821148693561554,
        0.2286035418510437,
        0.19333548843860626,
        0.1954651176929474,
        0.17492187023162842,
        0.20040775835514069,
        0.3094017505645752,
        0.18650998175144196,
        0.1767609566450119,
        0.19328229129314423,
        0.18275919556617737,
        0.17435097694396973,
        0.18660157918930054,
        0.17830193042755127,
        0.18192729353904724,
        0.17040108144283295,
        0.18313007056713104,
        0.18099306523799896,
        0.17418363690376282
    ],
    "val_binary_accuracy": [
        0.9096966981887817,
        0.9258860945701599,
        0.9345802068710327,
        0.9371109008789062,
        0.9372802376747131,
        0.9352197051048279,
        0.9331289529800415,
        0.9392061829566956,
        0.9382553100585938,
        0.9424126148223877,
        0.9400890469551086,
        0.940281093120575,
        0.9381343722343445,
        0.9377503991127014,
        0.9395387768745422,
        0.9301145076751709,
        0.9433952569961548,
        0.9401586055755615,
        0.9430067539215088,
        0.9421737790107727,
        0.9420044422149658,
        0.9432985186576843,
        0.9286329746246338,
        0.9396264553070068,
        0.9401147961616516,
        0.94545578956604,
        0.940166175365448,
        0.8983071446418762,
        0.9433030486106873,
        0.9448904395103455,
        0.9430627226829529,
        0.9421148300170898,
        0.9446591138839722,
        0.9405758380889893,
        0.9441874623298645,
        0.9441587328910828,
        0.9460166692733765,
        0.9458684921264648,
        0.9439228773117065,
        0.945171594619751
    ]
}