{
    "loss": [
        0.5013260841369629,
        0.391289085149765,
        0.32990357279777527,
        0.3095543086528778,
        0.3201720714569092,
        0.28184014558792114,
        0.2621173858642578,
        0.2542944848537445,
        0.2504208981990814,
        0.245902881026268,
        0.24281767010688782,
        0.23394985496997833,
        0.23176655173301697,
        0.22978831827640533,
        0.22704175114631653,
        0.22486275434494019,
        0.2241254597902298,
        0.22309230268001556,
        0.22228142619132996,
        0.22695980966091156,
        0.2233605831861496,
        0.22341012954711914,
        0.22307240962982178,
        0.21959127485752106,
        0.21925413608551025,
        0.2164004147052765,
        0.21572117507457733,
        0.2108847200870514,
        0.20853577554225922,
        0.20520810782909393,
        0.20963607728481293,
        0.21001876890659332,
        0.2085714191198349,
        0.21012140810489655,
        0.20968368649482727,
        0.20976610481739044,
        0.20877447724342346,
        0.20976869761943817,
        0.20861612260341644,
        0.20688015222549438
    ],
    "binary_accuracy": [
        0.7654348015785217,
        0.8631854057312012,
        0.8877412676811218,
        0.8969405889511108,
        0.8990383744239807,
        0.9070736169815063,
        0.9170342683792114,
        0.9207068085670471,
        0.9228416085243225,
        0.9245789051055908,
        0.9255468845367432,
        0.9290780425071716,
        0.930170476436615,
        0.9310385584831238,
        0.932002067565918,
        0.9329681992530823,
        0.9330925941467285,
        0.9335960745811462,
        0.9341684579849243,
        0.9331039190292358,
        0.9344841241836548,
        0.9351493120193481,
        0.9342374801635742,
        0.9355463981628418,
        0.9352436065673828,
        0.935859739780426,
        0.9361557960510254,
        0.9360736012458801,
        0.9368986487388611,
        0.9377961754798889,
        0.9369122385978699,
        0.9371309876441956,
        0.9376325011253357,
        0.937252402305603,
        0.9369073510169983,
        0.9371799826622009,
        0.9371234178543091,
        0.9372919797897339,
        0.9369428157806396,
        0.9376989006996155
    ],
    "val_loss": [
        0.4206550121307373,
        0.3282190263271332,
        0.3126043677330017,
        0.27818459272384644,
        0.2683185338973999,
        0.2546376585960388,
        0.24449245631694794,
        0.23712313175201416,
        0.2381226271390915,
        0.23558880388736725,
        0.25455906987190247,
        0.23110702633857727,
        0.2237675040960312,
        0.22180455923080444,
        0.2191978096961975,
        0.21508818864822388,
        0.21846753358840942,
        0.21425706148147583,
        0.21621432900428772,
        0.2125268280506134,
        0.22558030486106873,
        0.21769465506076813,
        0.22048188745975494,
        0.21845948696136475,
        0.20652607083320618,
        0.22367452085018158,
        0.20258398354053497,
        0.20317217707633972,
        0.2040816843509674,
        0.19736447930335999,
        0.23758380115032196,
        0.21079213917255402,
        0.19577722251415253,
        0.20450204610824585,
        0.20797298848628998,
        0.20571722090244293,
        0.2525811195373535,
        0.20500075817108154,
        0.20440611243247986,
        0.21990323066711426
    ],
    "val_binary_accuracy": [
        0.8270263075828552,
        0.8927499055862427,
        0.8962723016738892,
        0.9078478217124939,
        0.9116151332855225,
        0.9158193469047546,
        0.9204286932945251,
        0.9256744980812073,
        0.9210515022277832,
        0.9267734885215759,
        0.921563982963562,
        0.9311454892158508,
        0.9307963252067566,
        0.935100257396698,
        0.9339800477027893,
        0.9331546425819397,
        0.9376763105392456,
        0.9322672486305237,
        0.9375372529029846,
        0.9359937310218811,
        0.9353240132331848,
        0.9408358931541443,
        0.9401359558105469,
        0.939313530921936,
        0.938237190246582,
        0.9369083642959595,
        0.9378350377082825,
        0.9402447938919067,
        0.9371260404586792,
        0.9391155242919922,
        0.9268052577972412,
        0.936297595500946,
        0.9405683279037476,
        0.9403944611549377,
        0.9359846711158752,
        0.936137318611145,
        0.9239948987960815,
        0.9388055801391602,
        0.9408887624740601,
        0.9355326294898987
    ]
}