{
    "loss": [
        0.41062629222869873,
        0.45622995495796204,
        0.2712755799293518,
        0.2498559057712555,
        0.2296075075864792,
        0.2253364622592926,
        0.22512303292751312,
        0.23944231867790222,
        0.2569902539253235,
        0.2170105129480362,
        0.217939093708992,
        0.2160193920135498,
        0.22257299721240997,
        0.21980035305023193,
        0.21106410026550293,
        0.2445112019777298,
        0.2148880511522293,
        0.21232099831104279,
        0.2201288789510727,
        0.21336862444877625,
        0.21172727644443512,
        0.2085053026676178,
        0.20513713359832764,
        0.1994529515504837,
        0.20026080310344696,
        0.1962873786687851,
        0.19220146536827087,
        0.19227954745292664,
        0.18871238827705383,
        0.18848872184753418,
        0.19013889133930206,
        0.1883319765329361,
        0.18708741664886475,
        0.1930682361125946,
        0.20662330090999603,
        0.198830246925354,
        0.18546177446842194,
        0.184510737657547,
        0.21541059017181396,
        0.18444889783859253
    ],
    "binary_accuracy": [
        0.839087724685669,
        0.9027659893035889,
        0.9144715070724487,
        0.9228830933570862,
        0.9324625134468079,
        0.9344539642333984,
        0.9346990585327148,
        0.9294114112854004,
        0.9250336289405823,
        0.9373119473457336,
        0.9374326467514038,
        0.9382807612419128,
        0.9355075359344482,
        0.9359095692634583,
        0.9398117661476135,
        0.932258129119873,
        0.9393019080162048,
        0.9408989548683167,
        0.9366618394851685,
        0.9397989511489868,
        0.9402521848678589,
        0.9412081241607666,
        0.9402846097946167,
        0.941688597202301,
        0.9408382177352905,
        0.9414792656898499,
        0.9425453543663025,
        0.9422791004180908,
        0.942922055721283,
        0.9427825212478638,
        0.9420162439346313,
        0.9424212574958801,
        0.943985104560852,
        0.9418714642524719,
        0.9380646347999573,
        0.9393991827964783,
        0.9447389245033264,
        0.9445839524269104,
        0.9346877336502075,
        0.9448807239532471
    ],
    "val_loss": [
        0.2893146872520447,
        0.24624550342559814,
        0.23381659388542175,
        0.25871893763542175,
        0.2224561721086502,
        0.21317754685878754,
        0.2129979282617569,
        0.22707602381706238,
        0.2118188589811325,
        0.27609607577323914,
        0.20733234286308289,
        0.2054888755083084,
        0.26900994777679443,
        0.20556259155273438,
        0.20676212012767792,
        0.21347229182720184,
        0.20223136246204376,
        0.21968182921409607,
        0.205239400267601,
        0.21076539158821106,
        0.19904623925685883,
        0.19327647984027863,
        0.1888418197631836,
        0.19215497374534607,
        0.18815429508686066,
        0.18384809792041779,
        0.1922857165336609,
        0.19271345436573029,
        0.19088958203792572,
        0.1788869947195053,
        0.18917426466941833,
        0.17857931554317474,
        0.17771771550178528,
        0.18428759276866913,
        0.23030118644237518,
        0.1757536381483078,
        0.18236280977725983,
        0.19371852278709412,
        0.1788838654756546,
        0.1784869283437729
    ],
    "val_binary_accuracy": [
        0.9037525057792664,
        0.9205042719841003,
        0.9304304718971252,
        0.9199312925338745,
        0.9339317083358765,
        0.939517617225647,
        0.9355024099349976,
        0.9320783019065857,
        0.9387692809104919,
        0.9066187739372253,
        0.9402417540550232,
        0.9414662718772888,
        0.89808189868927,
        0.9423113465309143,
        0.9422236680984497,
        0.9407829642295837,
        0.9412092566490173,
        0.9381449818611145,
        0.9408797025680542,
        0.9411759972572327,
        0.941795825958252,
        0.9442554712295532,
        0.9450159072875977,
        0.9445064067840576,
        0.9436689019203186,
        0.9459033012390137,
        0.9394692778587341,
        0.9394828677177429,
        0.9419711828231812,
        0.9468360543251038,
        0.941118597984314,
        0.9451610445976257,
        0.9465019702911377,
        0.9444807171821594,
        0.9222427606582642,
        0.9469766616821289,
        0.9457612037658691,
        0.9442131519317627,
        0.9466032385826111,
        0.9467529058456421
    ]
}