{
    "loss": [
        0.6522091627120972,
        0.5443687438964844,
        0.5093197226524353,
        0.5087446570396423,
        0.4483753740787506,
        0.4377213418483734,
        0.4662926197052002,
        0.4019734859466553,
        0.392162948846817,
        0.37916216254234314,
        0.40351489186286926,
        0.3601856231689453,
        0.35153117775917053,
        0.34428495168685913,
        0.34776556491851807,
        0.3351480960845947,
        0.3304138779640198,
        0.34176793694496155,
        0.3165670931339264,
        0.31032225489616394,
        0.3088420629501343,
        0.3019258677959442,
        0.30152830481529236,
        0.2954619526863098,
        0.29623931646347046,
        0.2839297652244568,
        0.2834785282611847,
        0.27705809473991394,
        0.2739085555076599,
        0.275577187538147,
        0.27474236488342285,
        0.27249252796173096,
        0.27016034722328186,
        0.27025526762008667,
        0.2674884796142578,
        0.26617494225502014,
        0.26400941610336304,
        0.2605074942111969,
        0.2584785521030426,
        0.2578795254230499
    ],
    "binary_accuracy": [
        0.6157578229904175,
        0.7355840802192688,
        0.7779163718223572,
        0.8006776571273804,
        0.8198572397232056,
        0.8258184194564819,
        0.8296067118644714,
        0.8468506932258606,
        0.8523246049880981,
        0.8590328097343445,
        0.8557761907577515,
        0.8687928915023804,
        0.8737690448760986,
        0.8776305317878723,
        0.876390278339386,
        0.8827322721481323,
        0.8850013017654419,
        0.8815659284591675,
        0.8907806873321533,
        0.8936938047409058,
        0.8941093683242798,
        0.8976853489875793,
        0.8969764113426208,
        0.8998981714248657,
        0.8989245295524597,
        0.9059343934059143,
        0.9052563905715942,
        0.9095515012741089,
        0.911397397518158,
        0.909172534942627,
        0.9098633527755737,
        0.9109535813331604,
        0.913023829460144,
        0.9130370616912842,
        0.9143350124359131,
        0.9151657819747925,
        0.9161152839660645,
        0.917767345905304,
        0.9189261794090271,
        0.9190234541893005
    ],
    "val_loss": [
        0.5789853930473328,
        0.5002380609512329,
        0.46848034858703613,
        0.44692137837409973,
        0.42324334383010864,
        0.4069103002548218,
        0.38876837491989136,
        0.37961381673812866,
        0.3713160455226898,
        0.3556167185306549,
        0.35558003187179565,
        0.3452848196029663,
        0.33513376116752625,
        0.323925644159317,
        0.3219422698020935,
        0.3185449540615082,
        0.31126904487609863,
        0.3052976131439209,
        0.30092358589172363,
        0.30133283138275146,
        0.29016363620758057,
        0.2875843048095703,
        0.2911869287490845,
        0.27582791447639465,
        0.2814609408378601,
        0.26815667748451233,
        0.2660701274871826,
        0.2631278336048126,
        0.259390264749527,
        0.2567328214645386,
        0.2629128694534302,
        0.2607012391090393,
        0.26464205980300903,
        0.2599121630191803,
        0.2664271891117096,
        0.2486889511346817,
        0.2573736011981964,
        0.2506890594959259,
        0.2586084306240082,
        0.24184827506542206
    ],
    "val_binary_accuracy": [
        0.7027643918991089,
        0.7777203321456909,
        0.8030725121498108,
        0.8262205123901367,
        0.8400515913963318,
        0.8435724377632141,
        0.8597210645675659,
        0.8683788776397705,
        0.8689896464347839,
        0.8758016228675842,
        0.8683335185050964,
        0.8833513259887695,
        0.8853967189788818,
        0.8839303255081177,
        0.8907120823860168,
        0.8860467672348022,
        0.8954393267631531,
        0.8922903537750244,
        0.8957628607749939,
        0.8919259905815125,
        0.9025446176528931,
        0.8991824388504028,
        0.9043511152267456,
        0.9069619178771973,
        0.9109529852867126,
        0.9115758538246155,
        0.9105236530303955,
        0.9143136143684387,
        0.9160370230674744,
        0.9171330332756042,
        0.9161337614059448,
        0.9110421538352966,
        0.9088606834411621,
        0.9189199209213257,
        0.9181035757064819,
        0.918059766292572,
        0.9143649935722351,
        0.9188080430030823,
        0.9212526082992554,
        0.9241899251937866
    ]
}