{
    "loss": [
        0.5151600241661072,
        0.34757861495018005,
        0.29040417075157166,
        0.2672252953052521,
        0.24725185334682465,
        0.23395949602127075,
        0.256718248128891,
        0.2594531774520874,
        0.2193266749382019,
        0.21664327383041382,
        0.21179449558258057,
        0.212224081158638,
        0.21181125938892365,
        0.21122939884662628,
        0.2098565697669983,
        0.20833219587802887,
        0.20884934067726135,
        0.20792314410209656,
        0.21116673946380615,
        0.20630936324596405,
        0.2017873078584671,
        0.208156555891037,
        0.20462150871753693,
        0.19731251895427704,
        0.19762539863586426,
        0.19607782363891602,
        0.19878320395946503,
        0.1984572857618332,
        0.2005719393491745,
        0.19824618101119995,
        0.19338349997997284,
        0.19363699853420258,
        0.20058263838291168,
        0.19524255394935608,
        0.1967369168996811,
        0.19928042590618134,
        0.19216491281986237,
        0.19133442640304565
    ],
    "binary_accuracy": [
        0.7679711580276489,
        0.8652956485748291,
        0.8907177448272705,
        0.9001621603965759,
        0.9150024652481079,
        0.9235312938690186,
        0.9165112376213074,
        0.920543909072876,
        0.9297677278518677,
        0.9306418299674988,
        0.9329941868782043,
        0.9333000183105469,
        0.9335353374481201,
        0.933742344379425,
        0.9348046183586121,
        0.9349384903907776,
        0.9346160888671875,
        0.9354619383811951,
        0.9345199465751648,
        0.9349660277366638,
        0.9358729720115662,
        0.9335051774978638,
        0.9350037574768066,
        0.9375401139259338,
        0.9376426935195923,
        0.9377837181091309,
        0.9371324777603149,
        0.9369250535964966,
        0.9374130368232727,
        0.9373945593833923,
        0.9385141730308533,
        0.9387181401252747,
        0.9370875954627991,
        0.9376901984214783,
        0.9374292492866516,
        0.9365788698196411,
        0.938385546207428,
        0.938971221446991
    ],
    "val_loss": [
        0.3810715079307556,
        0.29879745841026306,
        0.25815778970718384,
        0.25894632935523987,
        0.22606593370437622,
        0.21909494698047638,
        0.21717846393585205,
        0.21652814745903015,
        0.20792527496814728,
        0.20406408607959747,
        0.20761370658874512,
        0.20385654270648956,
        0.2043466866016388,
        0.2084428369998932,
        0.20158055424690247,
        0.20097200572490692,
        0.19494350254535675,
        0.21058854460716248,
        0.19811883568763733,
        0.19239656627178192,
        0.20172050595283508,
        0.20353110134601593,
        0.19733749330043793,
        0.1876513957977295,
        0.188071608543396,
        0.19302643835544586,
        0.184104785323143,
        0.18083682656288147,
        0.20846770703792572,
        0.18964509665966034,
        0.1819678544998169,
        0.2219441831111908,
        0.19034549593925476,
        0.19495832920074463,
        0.19550485908985138,
        0.18333177268505096,
        0.18631307780742645,
        0.1843230426311493
    ],
    "val_binary_accuracy": [
        0.8468303084373474,
        0.8893847465515137,
        0.9018023014068604,
        0.9122107625007629,
        0.9239193201065063,
        0.9288824200630188,
        0.9290124177932739,
        0.9331682324409485,
        0.9347298741340637,
        0.9363777041435242,
        0.9381933212280273,
        0.9379529356956482,
        0.9354358911514282,
        0.9359332323074341,
        0.9385969638824463,
        0.9398608207702637,
        0.9370882511138916,
        0.9334691166877747,
        0.9401102662086487,
        0.9402341842651367,
        0.9384926557540894,
        0.939712643623352,
        0.9404080510139465,
        0.9402583837509155,
        0.9394617080688477,
        0.9405138492584229,
        0.9412440657615662,
        0.9425109028816223,
        0.9380391240119934,
        0.9356293678283691,
        0.9435086846351624,
        0.9344895482063293,
        0.9366634488105774,
        0.9414662718772888,
        0.9357397556304932,
        0.9423143863677979,
        0.9389899969100952,
        0.9409673810005188
    ]
}