{
    "loss": [
        0.49669045209884644,
        0.2689504027366638,
        0.24478112161159515,
        0.2339273989200592,
        0.2562883198261261,
        0.23847375810146332,
        0.23018589615821838,
        0.2314358353614807,
        0.26479989290237427,
        0.23317714035511017,
        0.22736448049545288,
        0.23058576881885529,
        0.21940568089485168,
        0.21583859622478485,
        0.22476083040237427,
        0.21234039962291718,
        0.24758683145046234,
        0.2420007288455963,
        0.2161838710308075,
        0.23185941576957703,
        0.217585027217865,
        0.20508141815662384,
        0.20910526812076569,
        0.20782610774040222,
        0.2117568403482437,
        0.20624788105487823,
        0.2119230329990387,
        0.2064400613307953,
        0.2092183232307434,
        0.19956400990486145,
        0.2027934491634369,
        0.2036503553390503,
        0.2034626603126526,
        0.20309285819530487,
        0.198372945189476,
        0.21694348752498627,
        0.20181317627429962,
        0.19574837386608124,
        0.20192798972129822,
        0.20541274547576904
    ],
    "binary_accuracy": [
        0.7993491291999817,
        0.9144254922866821,
        0.9272845387458801,
        0.9299042820930481,
        0.9247956871986389,
        0.9290207028388977,
        0.933300793170929,
        0.932875394821167,
        0.9198213815689087,
        0.9318089485168457,
        0.9341575503349304,
        0.9301448464393616,
        0.9352695941925049,
        0.936619222164154,
        0.9323248267173767,
        0.9374141693115234,
        0.9314330220222473,
        0.9302960634231567,
        0.9363073706626892,
        0.9338374137878418,
        0.9344867467880249,
        0.938349723815918,
        0.9380028247833252,
        0.9377803206443787,
        0.9358149170875549,
        0.9379934072494507,
        0.9358491897583008,
        0.9367904663085938,
        0.9358869194984436,
        0.9383395910263062,
        0.9371215105056763,
        0.9375940561294556,
        0.9379613399505615,
        0.9381125569343567,
        0.9399116635322571,
        0.9331902861595154,
        0.938330888748169,
        0.9400666952133179,
        0.9379643201828003,
        0.9362760782241821
    ],
    "val_loss": [
        0.31106582283973694,
        0.23818334937095642,
        0.22577433288097382,
        0.2217954397201538,
        0.23349250853061676,
        0.21699893474578857,
        0.21390469372272491,
        0.229044571518898,
        0.23035812377929688,
        0.21617794036865234,
        0.2277093082666397,
        0.22574204206466675,
        0.20532271265983582,
        0.20556436479091644,
        0.20443467795848846,
        0.20030009746551514,
        0.22848670184612274,
        0.21731777489185333,
        0.21267816424369812,
        0.3804788291454315,
        0.19317199289798737,
        0.19539578258991241,
        0.1952393501996994,
        0.1921715885400772,
        0.202080637216568,
        0.20630575716495514,
        0.19612672924995422,
        0.19793517887592316,
        0.1921546459197998,
        0.18749681115150452,
        0.19517070055007935,
        0.21155458688735962,
        0.18645678460597992,
        0.195780411362648,
        0.18359588086605072,
        0.19566360116004944,
        0.1979951113462448,
        0.18434514105319977,
        0.1971961259841919,
        0.204206183552742
    ],
    "val_binary_accuracy": [
        0.8913001418113708,
        0.9283986687660217,
        0.933709442615509,
        0.9352121353149414,
        0.9288098812103271,
        0.9343413710594177,
        0.9405471086502075,
        0.9344547390937805,
        0.9300933480262756,
        0.9356414675712585,
        0.9362748861312866,
        0.9326074123382568,
        0.9376415610313416,
        0.9396143555641174,
        0.9391396641731262,
        0.9364805221557617,
        0.9381253123283386,
        0.937877357006073,
        0.9377745985984802,
        0.8595744371414185,
        0.9410762786865234,
        0.9425759315490723,
        0.9391502737998962,
        0.9391321539878845,
        0.9350790977478027,
        0.9409281015396118,
        0.9361494183540344,
        0.9394072890281677,
        0.9398970603942871,
        0.9423279762268066,
        0.9383989572525024,
        0.9391064047813416,
        0.9405879378318787,
        0.9434013366699219,
        0.9432335495948792,
        0.9416053891181946,
        0.9405849575996399,
        0.9414814114570618,
        0.9448087811470032,
        0.9384593963623047
    ]
}