{
    "loss": [
        0.4908268451690674,
        0.3289051949977875,
        0.2733146846294403,
        0.25106802582740784,
        0.23794229328632355,
        0.23084674775600433,
        0.22638529539108276,
        0.22217579185962677,
        0.21853694319725037,
        0.21641568839550018,
        0.21386227011680603,
        0.21176038682460785,
        0.20976638793945312,
        0.2076406180858612,
        0.2061091959476471,
        0.20480366051197052,
        0.2022988349199295,
        0.20094738900661469,
        0.19911612570285797,
        0.19736875593662262,
        0.19605977833271027,
        0.19465604424476624,
        0.19374896585941315,
        0.19258518517017365,
        0.19163106381893158,
        0.1915038824081421,
        0.1894986927509308,
        0.18876616656780243,
        0.18751606345176697,
        0.18622146546840668,
        0.18615707755088806,
        0.18462185561656952,
        0.18437890708446503,
        0.1825394481420517,
        0.18229301273822784,
        0.1820758581161499,
        0.18043743073940277,
        0.17945979535579681,
        0.17894123494625092,
        0.17809851467609406
    ],
    "binary_accuracy": [
        0.7764675617218018,
        0.8853282332420349,
        0.9124808311462402,
        0.9235667586326599,
        0.9290158152580261,
        0.9322709441184998,
        0.9342031478881836,
        0.9356459379196167,
        0.9368337988853455,
        0.9376996159553528,
        0.9383897185325623,
        0.9391699433326721,
        0.9397397041320801,
        0.940182089805603,
        0.9408570528030396,
        0.94102942943573,
        0.9414920806884766,
        0.9417111873626709,
        0.9419638514518738,
        0.9424578547477722,
        0.9428609609603882,
        0.9430732727050781,
        0.9435661435127258,
        0.9435544610023499,
        0.9437622427940369,
        0.9442222714424133,
        0.9442667961120605,
        0.944495677947998,
        0.9447426795959473,
        0.9449968338012695,
        0.9451823830604553,
        0.9453423023223877,
        0.9453679323196411,
        0.9454237222671509,
        0.945846438407898,
        0.9458091259002686,
        0.9461352825164795,
        0.9460870623588562,
        0.9464626312255859,
        0.9464950561523438
    ],
    "val_loss": [
        0.37044602632522583,
        0.2785322666168213,
        0.24973154067993164,
        0.25105616450309753,
        0.22613868117332458,
        0.2251887172460556,
        0.22249405086040497,
        0.21721383929252625,
        0.212173193693161,
        0.21062666177749634,
        0.2128453105688095,
        0.20714573562145233,
        0.20391477644443512,
        0.20311784744262695,
        0.20466241240501404,
        0.20077478885650635,
        0.1991492211818695,
        0.1957436054944992,
        0.19479836523532867,
        0.19534480571746826,
        0.19619984924793243,
        0.19093172252178192,
        0.1890641748905182,
        0.18856750428676605,
        0.1887659728527069,
        0.1878833919763565,
        0.18397755920886993,
        0.18466027081012726,
        0.18342448770999908,
        0.18386004865169525,
        0.18486011028289795,
        0.18364974856376648,
        0.1798333078622818,
        0.18105000257492065,
        0.18163584172725677,
        0.18023307621479034,
        0.17895987629890442,
        0.17642034590244293,
        0.17909428477287292,
        0.17647404968738556
    ],
    "val_binary_accuracy": [
        0.8658406138420105,
        0.9048817753791809,
        0.9221460223197937,
        0.9192041754722595,
        0.9319785237312317,
        0.9344109296798706,
        0.9339210987091064,
        0.9372605681419373,
        0.9373754858970642,
        0.9388660788536072,
        0.9397897720336914,
        0.9408056735992432,
        0.9406862258911133,
        0.9420875906944275,
        0.9421828389167786,
        0.940704345703125,
        0.9429417848587036,
        0.9420649409294128,
        0.9424837231636047,
        0.9442237019538879,
        0.9416506886482239,
        0.9443371295928955,
        0.9434134364128113,
        0.9444671273231506,
        0.9429357051849365,
        0.9441254734992981,
        0.944244921207428,
        0.9452789425849915,
        0.9459304809570312,
        0.9463598132133484,
        0.9457370042800903,
        0.9437429904937744,
        0.9459969997406006,
        0.9474226236343384,
        0.946368932723999,
        0.9469524621963501,
        0.9472351670265198,
        0.9473031759262085,
        0.9476584196090698,
        0.9480363726615906
    ]
}