{
    "loss": [
        0.3166014850139618,
        0.22918765246868134,
        0.21818426251411438,
        0.20851275324821472,
        0.20090003311634064,
        0.18846017122268677,
        0.18627797067165375,
        0.18004795908927917,
        0.17797358334064484,
        0.17409367859363556,
        0.17327842116355896,
        0.17310768365859985,
        0.17966808378696442,
        0.17238789796829224,
        0.17063653469085693,
        0.1701030284166336,
        0.1662416309118271,
        0.16524189710617065,
        0.16401395201683044,
        0.16480810940265656,
        0.16326908767223358,
        0.16356240212917328,
        0.1619952768087387,
        0.19225415587425232,
        0.198827862739563,
        0.1754463165998459,
        0.17700500786304474,
        0.16931378841400146,
        0.16719205677509308,
        0.16631028056144714,
        0.16429315507411957,
        0.1640910804271698,
        0.16704890131950378
    ],
    "binary_accuracy": [
        0.8868634104728699,
        0.9350414872169495,
        0.9389474391937256,
        0.9422006607055664,
        0.9425366520881653,
        0.9442898035049438,
        0.9441785216331482,
        0.9456261992454529,
        0.9455006718635559,
        0.9462062120437622,
        0.9465229511260986,
        0.9467190504074097,
        0.9436140060424805,
        0.9462001919746399,
        0.9461892247200012,
        0.9465587735176086,
        0.9476599097251892,
        0.9477571845054626,
        0.948244035243988,
        0.948034405708313,
        0.9482300877571106,
        0.9481075406074524,
        0.9488911628723145,
        0.9418345093727112,
        0.9393414855003357,
        0.9455180168151855,
        0.9442849159240723,
        0.9464690685272217,
        0.9472895860671997,
        0.9478054642677307,
        0.9481806755065918,
        0.9482764601707458,
        0.9471448063850403
    ],
    "val_loss": [
        0.2253735214471817,
        0.21598266065120697,
        0.20781753957271576,
        0.19850726425647736,
        0.18595288693904877,
        0.18529517948627472,
        0.1750868856906891,
        0.1731821745634079,
        0.17010033130645752,
        0.16910280287265778,
        0.17084413766860962,
        0.1656103879213333,
        0.166576087474823,
        0.16742244362831116,
        0.16724592447280884,
        0.1629994660615921,
        0.16362954676151276,
        0.16351258754730225,
        0.1690661758184433,
        0.15900564193725586,
        0.1675732284784317,
        0.1588944047689438,
        0.15439926087856293,
        0.30783769488334656,
        0.19384844601154327,
        0.1678704172372818,
        0.16355009377002716,
        0.16812317073345184,
        0.1633460521697998,
        0.16594325006008148,
        0.1580735296010971,
        0.16011129319667816,
        0.16214388608932495
    ],
    "val_binary_accuracy": [
        0.9351728558540344,
        0.9377730488777161,
        0.941602349281311,
        0.9444444179534912,
        0.9457113146781921,
        0.9471232891082764,
        0.9455631375312805,
        0.9471489787101746,
        0.9464278817176819,
        0.9488058686256409,
        0.9461421370506287,
        0.9473590850830078,
        0.9471777081489563,
        0.9469826817512512,
        0.9488134384155273,
        0.9488905072212219,
        0.9481028914451599,
        0.9490099549293518,
        0.9481270909309387,
        0.9487937688827515,
        0.9470250010490417,
        0.9486395716667175,
        0.9505972862243652,
        0.8921406865119934,
        0.9433861970901489,
        0.9485654830932617,
        0.947699248790741,
        0.9480076432228088,
        0.9488769173622131,
        0.9478186964988708,
        0.9496070742607117,
        0.9487302899360657,
        0.9477128386497498
    ]
}