{
    "loss": [
        0.34237366914749146,
        0.2297721952199936,
        0.21491070091724396,
        0.2048608958721161,
        0.1979285031557083,
        0.1928601711988449,
        0.18898074328899384,
        0.1848520040512085,
        0.18387040495872498,
        0.18027150630950928,
        0.17644192278385162,
        0.17479270696640015,
        0.1752452850341797,
        0.1702636033296585,
        0.17018605768680573,
        0.1683618575334549,
        0.1675989180803299,
        0.1641564518213272,
        0.16377365589141846,
        0.16480790078639984,
        0.16332532465457916,
        0.16174891591072083,
        0.1603710949420929,
        0.1593872755765915,
        0.15923717617988586,
        0.15849336981773376,
        0.15721358358860016,
        0.1584251970052719,
        0.1622798889875412,
        0.15651485323905945,
        0.1558721661567688,
        0.15513136982917786,
        0.15406352281570435,
        0.15466776490211487,
        0.16904093325138092,
        0.15702171623706818,
        0.17782214283943176,
        0.15966783463954926,
        0.15757359564304352,
        0.1567426323890686
    ],
    "binary_accuracy": [
        0.8704992532730103,
        0.9334470629692078,
        0.9385895729064941,
        0.9415648579597473,
        0.9431917071342468,
        0.9442283511161804,
        0.9449180364608765,
        0.9457046389579773,
        0.9457634687423706,
        0.9465104937553406,
        0.9470512866973877,
        0.947240948677063,
        0.9467167854309082,
        0.9482530951499939,
        0.9479683637619019,
        0.9483609199523926,
        0.9483221173286438,
        0.9491090774536133,
        0.9491362571716309,
        0.9485657215118408,
        0.9488971829414368,
        0.9493153691291809,
        0.9495887756347656,
        0.9499179720878601,
        0.949798047542572,
        0.9501144289970398,
        0.9502750635147095,
        0.9500080943107605,
        0.9485106468200684,
        0.9503961205482483,
        0.9507336616516113,
        0.9509783983230591,
        0.9511967301368713,
        0.9509941935539246,
        0.9467620253562927,
        0.9501329064369202,
        0.9440586566925049,
        0.9490939974784851,
        0.9500269889831543,
        0.9502788782119751
    ],
    "val_loss": [
        0.2394401878118515,
        0.21881277859210968,
        0.20657610893249512,
        0.1950964778661728,
        0.19075144827365875,
        0.18624326586723328,
        0.18396614491939545,
        0.18083864450454712,
        0.18569397926330566,
        0.17595234513282776,
        0.17147286236286163,
        0.16769222915172577,
        0.16948223114013672,
        0.16596625745296478,
        0.16878962516784668,
        0.16826970875263214,
        0.1584445685148239,
        0.16391074657440186,
        0.1622425764799118,
        0.1614668369293213,
        0.15762721002101898,
        0.15670064091682434,
        0.15768447518348694,
        0.1555529534816742,
        0.15640781819820404,
        0.1567506343126297,
        0.1604408174753189,
        0.157548189163208,
        0.15612921118736267,
        0.1551031619310379,
        0.15362030267715454,
        0.15178953111171722,
        0.15751071274280548,
        0.15109333395957947,
        0.15386851131916046,
        0.15233436226844788,
        0.15935485064983368,
        0.15220443904399872,
        0.15145693719387054,
        0.15473271906375885
    ],
    "val_binary_accuracy": [
        0.929546058177948,
        0.9347208142280579,
        0.9404851794242859,
        0.9446893334388733,
        0.9443008303642273,
        0.9426469802856445,
        0.9459350109100342,
        0.9467408061027527,
        0.9454286098480225,
        0.9472426772117615,
        0.9491671919822693,
        0.9486607313156128,
        0.9489555358886719,
        0.9475329518318176,
        0.9490658640861511,
        0.9481361508369446,
        0.9501120448112488,
        0.9500394463539124,
        0.9484929442405701,
        0.9500666856765747,
        0.949873149394989,
        0.9498142004013062,
        0.9517552852630615,
        0.9509631395339966,
        0.9513154029846191,
        0.9517855644226074,
        0.950122594833374,
        0.9512337446212769,
        0.9505081176757812,
        0.9519941806793213,
        0.9514696002006531,
        0.9522481560707092,
        0.950536847114563,
        0.9519699811935425,
        0.9509994387626648,
        0.9516570568084717,
        0.9496796727180481,
        0.9504445791244507,
        0.9516600370407104,
        0.9517946243286133
    ]
}