{
    "loss": [
        0.5603017807006836,
        0.4141663610935211,
        0.3418564200401306,
        0.2964822053909302,
        0.26902517676353455,
        0.2508893609046936,
        0.23877859115600586,
        0.2315150499343872,
        0.22667579352855682,
        0.22285723686218262,
        0.21909497678279877,
        0.21708689630031586,
        0.21524034440517426,
        0.21267639100551605,
        0.21134072542190552,
        0.2091759294271469,
        0.2070426642894745,
        0.20549678802490234,
        0.20438209176063538,
        0.2028101533651352,
        0.2012811005115509,
        0.20040087401866913,
        0.19919687509536743,
        0.19783000648021698,
        0.1965034008026123,
        0.1953192502260208,
        0.1936984807252884,
        0.19365842640399933,
        0.19249244034290314,
        0.19030022621154785,
        0.19012024998664856,
        0.18918462097644806,
        0.18841710686683655,
        0.18774381279945374,
        0.1863773763179779,
        0.18580946326255798,
        0.1848447024822235,
        0.18419642746448517,
        0.18256816267967224,
        0.18184083700180054
    ],
    "binary_accuracy": [
        0.7116730809211731,
        0.8390224575996399,
        0.8798184394836426,
        0.9002205729484558,
        0.9131324291229248,
        0.9216348528862,
        0.9272257089614868,
        0.9308714866638184,
        0.9330862164497375,
        0.9349136352539062,
        0.9362462759017944,
        0.9370193481445312,
        0.9378459453582764,
        0.9385994076728821,
        0.9391899108886719,
        0.9399625658988953,
        0.9403668642044067,
        0.9406406283378601,
        0.9410629868507385,
        0.9414864182472229,
        0.9418314695358276,
        0.9421678781509399,
        0.942335307598114,
        0.9425894618034363,
        0.9429488182067871,
        0.9430906176567078,
        0.9433436393737793,
        0.9437241554260254,
        0.9437980651855469,
        0.9441751837730408,
        0.9442173838615417,
        0.9445582628250122,
        0.9447381496429443,
        0.9447709918022156,
        0.9450726509094238,
        0.9453720450401306,
        0.9455138444900513,
        0.9456337690353394,
        0.9458162784576416,
        0.9459919929504395
    ],
    "val_loss": [
        0.4503934979438782,
        0.36193662881851196,
        0.3052399456501007,
        0.27260273694992065,
        0.2496212273836136,
        0.23581764101982117,
        0.22778232395648956,
        0.22137388586997986,
        0.21715238690376282,
        0.21539010107517242,
        0.21238365769386292,
        0.2104424238204956,
        0.21135547757148743,
        0.2060556858778,
        0.20430168509483337,
        0.20736472308635712,
        0.2022789865732193,
        0.20352767407894135,
        0.20045562088489532,
        0.19790954887866974,
        0.19790808856487274,
        0.1959918588399887,
        0.19505374133586884,
        0.19341984391212463,
        0.1912606656551361,
        0.19078023731708527,
        0.18961285054683685,
        0.1902616322040558,
        0.19128207862377167,
        0.18654073774814606,
        0.18769237399101257,
        0.1867344081401825,
        0.19052676856517792,
        0.18590818345546722,
        0.18378566205501556,
        0.1832142323255539,
        0.18385688960552216,
        0.18109199404716492,
        0.17961087822914124,
        0.1801067739725113
    ],
    "val_binary_accuracy": [
        0.8159193992614746,
        0.8729020357131958,
        0.8923326730728149,
        0.9131722450256348,
        0.921563982963562,
        0.9268612265586853,
        0.9320676922798157,
        0.9335522651672363,
        0.9347057342529297,
        0.9376067519187927,
        0.9376007318496704,
        0.9386000037193298,
        0.940281093120575,
        0.9390671253204346,
        0.9391623735427856,
        0.9422871470451355,
        0.941646158695221,
        0.942255437374115,
        0.942344605922699,
        0.9406211972236633,
        0.9434663653373718,
        0.9430687427520752,
        0.9435540437698364,
        0.9429130554199219,
        0.9433212280273438,
        0.9438745379447937,
        0.9431715607643127,
        0.9438487887382507,
        0.9449040293693542,
        0.9445638656616211,
        0.945805013179779,
        0.9453182220458984,
        0.9451640248298645,
        0.9466137886047363,
        0.9451519250869751,
        0.9456674456596375,
        0.9453953504562378,
        0.9461209774017334,
        0.9462343454360962,
        0.9470884799957275
    ]
}