{
    "loss": [
        0.33826944231987,
        0.23238439857959747,
        0.22467651963233948,
        0.21380308270454407,
        0.20928102731704712,
        0.2057323157787323,
        0.20375214517116547,
        0.1962755173444748,
        0.18874679505825043,
        0.18463760614395142,
        0.1825122833251953,
        0.17695945501327515,
        0.18908362090587616,
        0.20468971133232117,
        0.23061592876911163,
        0.20630992949008942,
        0.1888694316148758,
        0.1808532029390335,
        0.17792381346225739,
        0.17692317068576813,
        0.17417141795158386,
        0.17347359657287598,
        0.171804279088974,
        0.17120683193206787,
        0.16903455555438995,
        0.16806448996067047,
        0.16689550876617432,
        0.16651014983654022,
        0.16698037087917328,
        0.1668495386838913,
        0.1644555926322937,
        0.16458359360694885,
        0.1645718812942505,
        0.1638772040605545,
        0.1625399887561798,
        0.16324998438358307,
        0.16268186271190643,
        0.16364912688732147,
        0.16283822059631348,
        0.16164971888065338
    ],
    "binary_accuracy": [
        0.87298583984375,
        0.9324270486831665,
        0.9363552927970886,
        0.9400138854980469,
        0.9412568211555481,
        0.9423262476921082,
        0.9418688416481018,
        0.9437327980995178,
        0.9449334740638733,
        0.945390522480011,
        0.9456149339675903,
        0.94659423828125,
        0.9433040618896484,
        0.9371539950370789,
        0.9300833940505981,
        0.9376705884933472,
        0.9422093629837036,
        0.9445341229438782,
        0.9449421763420105,
        0.9452453851699829,
        0.9458675980567932,
        0.9457329511642456,
        0.9464219212532043,
        0.9465693235397339,
        0.947138786315918,
        0.9471161365509033,
        0.9472111463546753,
        0.9476221799850464,
        0.9474457502365112,
        0.9474706053733826,
        0.9479853510856628,
        0.9479578137397766,
        0.9480109810829163,
        0.9482613801956177,
        0.9485660791397095,
        0.9484431743621826,
        0.9487425684928894,
        0.948563814163208,
        0.9487490057945251,
        0.9490815997123718
    ],
    "val_loss": [
        0.22931432723999023,
        0.21822424232959747,
        0.2141398787498474,
        0.21739740669727325,
        0.20253409445285797,
        0.1996476799249649,
        0.19058826565742493,
        0.18610621988773346,
        0.17869222164154053,
        0.17350001633167267,
        0.1735822707414627,
        0.17418882250785828,
        0.2560366690158844,
        0.17477983236312866,
        0.26523199677467346,
        0.19261811673641205,
        0.18195182085037231,
        0.16768041253089905,
        0.1731637418270111,
        0.16653573513031006,
        0.16526351869106293,
        0.1643415242433548,
        0.1650719940662384,
        0.16135497391223907,
        0.16031384468078613,
        0.16058450937271118,
        0.15896424651145935,
        0.15913759171962738,
        0.160003200173378,
        0.15840721130371094,
        0.1601487100124359,
        0.15583188831806183,
        0.15731050074100494,
        0.15721091628074646,
        0.15527670085430145,
        0.1561139076948166,
        0.16764897108078003,
        0.15406584739685059,
        0.1596016138792038,
        0.15809543430805206
    ],
    "val_binary_accuracy": [
        0.932637631893158,
        0.9404897093772888,
        0.9399756789207458,
        0.9344003200531006,
        0.9436492323875427,
        0.945735514163971,
        0.9456735253334045,
        0.9438230991363525,
        0.9465276598930359,
        0.9484052658081055,
        0.9485564231872559,
        0.9488103985786438,
        0.9176183342933655,
        0.945859432220459,
        0.9066898226737976,
        0.9420090317726135,
        0.9461043477058411,
        0.9469494223594666,
        0.9464777708053589,
        0.9469342827796936,
        0.9482994079589844,
        0.9473666548728943,
        0.9478685855865479,
        0.9482238292694092,
        0.9495435953140259,
        0.9489282965660095,
        0.9491157531738281,
        0.9490537643432617,
        0.9493183493614197,
        0.9487831592559814,
        0.9493772983551025,
        0.9495813846588135,
        0.9499124884605408,
        0.9493530988693237,
        0.9503841400146484,
        0.9500923752784729,
        0.9458382725715637,
        0.9506804347038269,
        0.9497794508934021,
        0.949873149394989
    ]
}