{
    "loss": [
        0.6461760401725769,
        0.558647632598877,
        0.5111106634140015,
        0.4788483679294586,
        0.4537400007247925,
        0.43144193291664124,
        0.4092939496040344,
        0.3906056880950928,
        0.37428128719329834,
        0.3588172197341919,
        0.3471161723136902,
        0.33682647347450256,
        0.326461523771286,
        0.31864893436431885,
        0.3104599118232727,
        0.3030443489551544,
        0.2965955436229706,
        0.290775865316391,
        0.28539806604385376,
        0.27974581718444824,
        0.276536762714386,
        0.27186939120292664,
        0.2676847577095032,
        0.26393768191337585,
        0.2603377103805542,
        0.25752851366996765,
        0.25463029742240906,
        0.25200095772743225,
        0.24916858971118927,
        0.24708859622478485,
        0.24507014453411102,
        0.2433283030986786,
        0.24109961092472076,
        0.23881849646568298,
        0.23724783957004547,
        0.23556320369243622,
        0.23391945660114288,
        0.23231841623783112,
        0.23102816939353943,
        0.2293291836977005
    ],
    "binary_accuracy": [
        0.6277947425842285,
        0.7286194562911987,
        0.7592455148696899,
        0.782913327217102,
        0.8032234311103821,
        0.823043704032898,
        0.8396579027175903,
        0.8513441681861877,
        0.860697329044342,
        0.868698239326477,
        0.8746364116668701,
        0.8793893456459045,
        0.8835607767105103,
        0.8869293928146362,
        0.8899590373039246,
        0.8925089240074158,
        0.8948405385017395,
        0.8971415758132935,
        0.899245023727417,
        0.9010886549949646,
        0.9027245044708252,
        0.9048770070075989,
        0.9064909815788269,
        0.9084877371788025,
        0.9100937843322754,
        0.9119645953178406,
        0.9136351346969604,
        0.9153211116790771,
        0.9166579246520996,
        0.9181972742080688,
        0.919032871723175,
        0.9201822876930237,
        0.9216333627700806,
        0.9227563738822937,
        0.9235923886299133,
        0.9246984124183655,
        0.9258809685707092,
        0.9266631007194519,
        0.9274493455886841,
        0.928225040435791
    ],
    "val_loss": [
        0.5915242433547974,
        0.5210635662078857,
        0.4828488826751709,
        0.4572310149669647,
        0.4331817030906677,
        0.4094817042350769,
        0.38881391286849976,
        0.37459027767181396,
        0.35669082403182983,
        0.3418726325035095,
        0.3325794041156769,
        0.32149919867515564,
        0.3142033815383911,
        0.3060644865036011,
        0.2981284260749817,
        0.29159775376319885,
        0.2862520217895508,
        0.27951860427856445,
        0.27591124176979065,
        0.26919177174568176,
        0.26558271050453186,
        0.26108232140541077,
        0.25757738947868347,
        0.2539687752723694,
        0.25166651606559753,
        0.24777057766914368,
        0.24579741060733795,
        0.2416471689939499,
        0.23830851912498474,
        0.23921437561511993,
        0.23783659934997559,
        0.23685070872306824,
        0.23271754384040833,
        0.23284214735031128,
        0.22768622636795044,
        0.22790643572807312,
        0.22620102763175964,
        0.22370801866054535,
        0.22553960978984833,
        0.22261086106300354
    ],
    "val_binary_accuracy": [
        0.7431389093399048,
        0.7582776546478271,
        0.7856177687644958,
        0.8011177778244019,
        0.8216882944107056,
        0.8404567241668701,
        0.8532356023788452,
        0.8634747266769409,
        0.8683698177337646,
        0.8766784071922302,
        0.8795024156570435,
        0.8833195567131042,
        0.8889221549034119,
        0.8922041654586792,
        0.8914528489112854,
        0.8968861103057861,
        0.8993895649909973,
        0.9000577330589294,
        0.9043315052986145,
        0.9036315679550171,
        0.9069392681121826,
        0.906612753868103,
        0.9095712304115295,
        0.9099068641662598,
        0.9141972064971924,
        0.9148790240287781,
        0.916612982749939,
        0.918637216091156,
        0.9191164970397949,
        0.9206735491752625,
        0.9223365187644958,
        0.9230273962020874,
        0.924590528011322,
        0.92485511302948,
        0.9265270829200745,
        0.9272315502166748,
        0.9270365834236145,
        0.9285286664962769,
        0.9303019642829895,
        0.9309912919998169
    ]
}