{
    "loss": [
        0.35061734914779663,
        0.23309433460235596,
        0.21799179911613464,
        0.21306055784225464,
        0.20664569735527039,
        0.2025207132101059,
        0.20080116391181946,
        0.20021876692771912,
        0.1958622932434082,
        0.19368256628513336,
        0.19199936091899872,
        0.18833032250404358,
        0.18516209721565247,
        0.18270714581012726,
        0.18397025763988495,
        0.17908218502998352,
        0.1777120977640152,
        0.1774427890777588,
        0.17393334209918976,
        0.17121022939682007,
        0.17303523421287537,
        0.16878119111061096,
        0.1670423448085785,
        0.16572506725788116,
        0.16419550776481628,
        0.1746920794248581,
        0.16417476534843445,
        0.16253919899463654,
        0.16081655025482178,
        0.17634594440460205,
        0.16328325867652893,
        0.19152800738811493,
        0.1653617024421692,
        0.16482558846473694,
        0.16330477595329285,
        0.1615157574415207,
        0.16223913431167603,
        0.16093510389328003,
        0.15974946320056915,
        0.1593327820301056
    ],
    "binary_accuracy": [
        0.8642160296440125,
        0.9314590096473694,
        0.9371724724769592,
        0.9393913149833679,
        0.9415788054466248,
        0.9427067637443542,
        0.9436901807785034,
        0.9434646964073181,
        0.9445914626121521,
        0.9444926977157593,
        0.9450175762176514,
        0.9462182521820068,
        0.9466379880905151,
        0.9471078515052795,
        0.9462891817092896,
        0.9475120902061462,
        0.9477391242980957,
        0.9473608732223511,
        0.9476425647735596,
        0.9481444954872131,
        0.9479672312736511,
        0.9488059282302856,
        0.9490819573402405,
        0.9494560360908508,
        0.9494360685348511,
        0.9460146427154541,
        0.949435293674469,
        0.9498003125190735,
        0.9502343535423279,
        0.945326030254364,
        0.9488654732704163,
        0.9406421184539795,
        0.9480155110359192,
        0.9483545422554016,
        0.9489393830299377,
        0.9493783712387085,
        0.949172854423523,
        0.9493127465248108,
        0.9497649073600769,
        0.9498881697654724
    ],
    "val_loss": [
        0.23399269580841064,
        0.2182513326406479,
        0.2153971642255783,
        0.20529219508171082,
        0.20187748968601227,
        0.19639568030834198,
        0.19544652104377747,
        0.19726048409938812,
        0.19074632227420807,
        0.1954548954963684,
        0.18994022905826569,
        0.1882523000240326,
        0.18048551678657532,
        0.17765000462532043,
        0.17796683311462402,
        0.17696861922740936,
        0.17513708770275116,
        0.17483164370059967,
        0.17059604823589325,
        0.17758060991764069,
        0.16619279980659485,
        0.16719132661819458,
        0.1597469449043274,
        0.16441090404987335,
        0.15943430364131927,
        0.16328001022338867,
        0.16255933046340942,
        0.15784113109111786,
        0.16047035157680511,
        0.1657450646162033,
        0.1599975824356079,
        0.1607554703950882,
        0.1610783338546753,
        0.15658080577850342,
        0.16047632694244385,
        0.15805797278881073,
        0.15851205587387085,
        0.1586761772632599,
        0.15395036339759827,
        0.15570756793022156
    ],
    "val_binary_accuracy": [
        0.926191508769989,
        0.9380315542221069,
        0.9382704496383667,
        0.9397943019866943,
        0.9426273107528687,
        0.9439969658851624,
        0.944672703742981,
        0.9460877180099487,
        0.9449902176856995,
        0.943869948387146,
        0.9469025731086731,
        0.9481452107429504,
        0.9482253193855286,
        0.9483689665794373,
        0.9473545551300049,
        0.9483780264854431,
        0.9488587975502014,
        0.9464172720909119,
        0.9486531615257263,
        0.947644829750061,
        0.9489570260047913,
        0.9504506587982178,
        0.9506547451019287,
        0.9505897164344788,
        0.9502148032188416,
        0.9480968713760376,
        0.9502737522125244,
        0.9510946869850159,
        0.951224684715271,
        0.9486713409423828,
        0.9506834745407104,
        0.9477400779724121,
        0.9496721029281616,
        0.9495179057121277,
        0.9501513242721558,
        0.950322151184082,
        0.950821042060852,
        0.950636625289917,
        0.9511959552764893,
        0.9509313702583313
    ]
}