{
    "spatial_units": 112,
    "nmodule_xlocal_units": 12,
    "dense2_ratio": 0.30000000000000004,
    "dense3_ratio": 0.2,
    "learning_rate": 0.008079775183819825
}