{
    "spatial_units": 96,
    "z_global_units": 20,
    "dense2_units": 32,
    "dense3_units": 16,
    "dropout_rate": 0.15000000000000002,
    "learning_rate": 0.0017849165322769414
}