{
    "spatial_units": 160,
    "z_global_units": 20,
    "dense2_units": 32,
    "dense3_units": 24,
    "dropout_rate": 0.15000000000000002,
    "learning_rate": 0.008620552497440865
}