{
    "spatial_units": 192,
    "z_global_units": 28,
    "dense2_units": 32,
    "dense3_units": 16,
    "dropout_rate": 0.15000000000000002,
    "learning_rate": 0.0026798596778915378
}