
****** Vitis HLS - High-Level Synthesis from C, C++ and OpenCL v2024.1 (64-bit)
  **** SW Build 5069499 on May 21 2024
  **** IP Build 5075265 on Wed May 22 21:45:21 MDT 2024
  **** SharedData Build 5076995 on Wed May 22 18:29:18 MDT 2024
  **** Start of session at: Tue Aug 11 06:54:08 2026
    ** Copyright 1986-2022 Xilinx, Inc. All Rights Reserved.
    ** Copyright 2022-2024 Advanced Micro Devices, Inc. All Rights Reserved.

source /code/Xilinx_2024.1/Vitis_HLS/2024.1/scripts/vitis_hls/hls.tcl -notrace
INFO: [HLS 200-10] For user 'dabadjiev' on host 'kdplab01' (Linux_x86_64 version 5.14.0-687.17.1.el9_8.x86_64) on Tue Aug 11 06:54:10 CDT 2026
INFO: [HLS 200-10] In directory '/home/dabadjiev/smartpixels_ml_dsabadjiev/Muon_Collider_Smart_Pixels/eric/Results_June2026_99SigEff/model2.5_fin_results/model2_5_8bit_normalised_selected/pareto_secondary/hls_outputs_vsynth/hls_model_trial_074'
WARNING: [HLS 200-2053] The vitis_hls executable is deprecated. Consider using vitis-run --mode hls --tcl
Sourcing Tcl script 'build_prj.tcl'
INFO: hls4ml requested max HLS threads: 4
INFO: [HLS 200-1510] Running: open_project -reset myproject_prj 
INFO: [HLS 200-10] Creating and opening project '/home/dabadjiev/smartpixels_ml_dsabadjiev/Muon_Collider_Smart_Pixels/eric/Results_June2026_99SigEff/model2.5_fin_results/model2_5_8bit_normalised_selected/pareto_secondary/hls_outputs_vsynth/hls_model_trial_074/myproject_prj'.
INFO: [HLS 200-1510] Running: set_top myproject 
INFO: [HLS 200-1510] Running: add_files firmware/myproject.cpp -cflags -std=c++0x 
INFO: [HLS 200-10] Adding design file 'firmware/myproject.cpp' to the project
INFO: [HLS 200-1510] Running: add_files -tb myproject_test.cpp -cflags -std=c++0x 
INFO: [HLS 200-10] Adding test bench file 'myproject_test.cpp' to the project
INFO: [HLS 200-1510] Running: add_files -tb firmware/weights 
INFO: [HLS 200-10] Adding test bench file 'firmware/weights' to the project
INFO: [HLS 200-1510] Running: add_files -tb tb_data 
INFO: [HLS 200-10] Adding test bench file 'tb_data' to the project
INFO: [HLS 200-1510] Running: open_solution -reset solution1 
INFO: [HLS 200-10] Creating and opening solution '/home/dabadjiev/smartpixels_ml_dsabadjiev/Muon_Collider_Smart_Pixels/eric/Results_June2026_99SigEff/model2.5_fin_results/model2_5_8bit_normalised_selected/pareto_secondary/hls_outputs_vsynth/hls_model_trial_074/myproject_prj/solution1'.
INFO: [HLS 200-10] Cleaning up the solution database.
INFO: [HLS 200-1505] Using default flow_target 'vivado'
Resolution: For help on HLS 200-1505 see docs.xilinx.com/access/sources/dita/topic?Doc_Version=2024.1%20English&url=ug1448-hls-guidance&resourceid=200-1505.html
INFO: [HLS 200-1510] Running: config_compile -name_max_length 80 
INFO: [XFORM 203-1161] The maximum of name length is set to 80.
INFO: [HLS 200-1510] Running: set_part xc7z020clg400-1 
INFO: [HLS 200-1611] Setting target device to 'xc7z020-clg400-1'
INFO: [XFORM 203-1161] The maximum of name length is set to 80.
INFO: [HLS 200-1510] Running: config_schedule -enable_dsp_full_reg=false 
INFO: [HLS 200-1510] Running: create_clock -period 20 -name default 
INFO: [SYN 201-201] Setting up clock 'default' with a period of 20ns.
INFO: [HLS 200-1510] Running: set_clock_uncertainty 12.5% default 
INFO: [SYN 201-201] Setting up clock 'default' with an uncertainty of 2.5ns.
***** C/RTL SYNTHESIS *****
INFO: [HLS 200-1510] Running: config_op mul -impl fabric 
INFO: [HLS 200-1445] Configure operator 'mul' with implementation style 'fabric'.
INFO: [HLS 200-1510] Running: config_op add -impl fabric 
INFO: [HLS 200-1445] Configure operator 'add' with implementation style 'fabric'.
INFO: [HLS 200-1510] Running: csynth_design 
INFO: [HLS 200-111] Finished File checks and directory preparation: CPU user time: 0.07 seconds. CPU system time: 0.01 seconds. Elapsed time: 0.08 seconds; current allocated memory: 333.207 MB.
INFO: [HLS 200-10] Analyzing design file 'firmware/myproject.cpp' ... 
WARNING: [HLS 207-5292] unused parameter 'keep' (firmware/nnet_utils/nnet_helpers.h:285:99)
WARNING: [HLS 207-5292] unused parameter 'data' (firmware/nnet_utils/nnet_code_gen.h:11:36)
WARNING: [HLS 207-5292] unused parameter 'buffer' (firmware/nnet_utils/nnet_code_gen.h:12:36)
WARNING: [HLS 207-5292] unused parameter 'partition' (firmware/nnet_utils/nnet_code_gen.h:13:44)
WARNING: [HLS 207-5292] unused parameter 'data' (firmware/nnet_utils/nnet_code_gen.h:21:24)
WARNING: [HLS 207-5292] unused parameter 'buffer' (firmware/nnet_utils/nnet_code_gen.h:22:24)
WARNING: [HLS 207-5292] unused parameter 'partition' (firmware/nnet_utils/nnet_code_gen.h:23:32)
INFO: [HLS 200-111] Finished Source Code Analysis and Preprocessing: CPU user time: 8.85 seconds. CPU system time: 1.44 seconds. Elapsed time: 10.99 seconds; current allocated memory: 340.031 MB.
INFO: [HLS 200-777] Using interface defaults for 'Vivado' flow target.
INFO: [HLS 200-1995] There were 10,125 instructions in the design after the 'Compile/Link' phase of compilation. See the Design Size Report for more details: /home/dabadjiev/smartpixels_ml_dsabadjiev/Muon_Collider_Smart_Pixels/eric/Results_June2026_99SigEff/model2.5_fin_results/model2_5_8bit_normalised_selected/pareto_secondary/hls_outputs_vsynth/hls_model_trial_074/myproject_prj/solution1/syn/report/csynth_design_size.rpt
INFO: [HLS 200-1995] There were 78,920 instructions in the design after the 'Unroll/Inline (step 1)' phase of compilation. See the Design Size Report for more details: /home/dabadjiev/smartpixels_ml_dsabadjiev/Muon_Collider_Smart_Pixels/eric/Results_June2026_99SigEff/model2.5_fin_results/model2_5_8bit_normalised_selected/pareto_secondary/hls_outputs_vsynth/hls_model_trial_074/myproject_prj/solution1/syn/report/csynth_design_size.rpt
INFO: [HLS 200-1995] There were 32,327 instructions in the design after the 'Unroll/Inline (step 2)' phase of compilation. See the Design Size Report for more details: /home/dabadjiev/smartpixels_ml_dsabadjiev/Muon_Collider_Smart_Pixels/eric/Results_June2026_99SigEff/model2.5_fin_results/model2_5_8bit_normalised_selected/pareto_secondary/hls_outputs_vsynth/hls_model_trial_074/myproject_prj/solution1/syn/report/csynth_design_size.rpt
INFO: [HLS 200-1995] There were 25,594 instructions in the design after the 'Unroll/Inline (step 3)' phase of compilation. See the Design Size Report for more details: /home/dabadjiev/smartpixels_ml_dsabadjiev/Muon_Collider_Smart_Pixels/eric/Results_June2026_99SigEff/model2.5_fin_results/model2_5_8bit_normalised_selected/pareto_secondary/hls_outputs_vsynth/hls_model_trial_074/myproject_prj/solution1/syn/report/csynth_design_size.rpt
INFO: [HLS 200-1995] There were 22,217 instructions in the design after the 'Unroll/Inline (step 4)' phase of compilation. See the Design Size Report for more details: /home/dabadjiev/smartpixels_ml_dsabadjiev/Muon_Collider_Smart_Pixels/eric/Results_June2026_99SigEff/model2.5_fin_results/model2_5_8bit_normalised_selected/pareto_secondary/hls_outputs_vsynth/hls_model_trial_074/myproject_prj/solution1/syn/report/csynth_design_size.rpt
INFO: [HLS 200-1995] There were 17,059 instructions in the design after the 'Array/Struct (step 1)' phase of compilation. See the Design Size Report for more details: /home/dabadjiev/smartpixels_ml_dsabadjiev/Muon_Collider_Smart_Pixels/eric/Results_June2026_99SigEff/model2.5_fin_results/model2_5_8bit_normalised_selected/pareto_secondary/hls_outputs_vsynth/hls_model_trial_074/myproject_prj/solution1/syn/report/csynth_design_size.rpt
INFO: [HLS 200-1995] There were 17,023 instructions in the design after the 'Array/Struct (step 2)' phase of compilation. See the Design Size Report for more details: /home/dabadjiev/smartpixels_ml_dsabadjiev/Muon_Collider_Smart_Pixels/eric/Results_June2026_99SigEff/model2.5_fin_results/model2_5_8bit_normalised_selected/pareto_secondary/hls_outputs_vsynth/hls_model_trial_074/myproject_prj/solution1/syn/report/csynth_design_size.rpt
INFO: [HLS 200-1995] There were 17,023 instructions in the design after the 'Array/Struct (step 3)' phase of compilation. See the Design Size Report for more details: /home/dabadjiev/smartpixels_ml_dsabadjiev/Muon_Collider_Smart_Pixels/eric/Results_June2026_99SigEff/model2.5_fin_results/model2_5_8bit_normalised_selected/pareto_secondary/hls_outputs_vsynth/hls_model_trial_074/myproject_prj/solution1/syn/report/csynth_design_size.rpt
INFO: [HLS 200-1995] There were 17,094 instructions in the design after the 'Array/Struct (step 4)' phase of compilation. See the Design Size Report for more details: /home/dabadjiev/smartpixels_ml_dsabadjiev/Muon_Collider_Smart_Pixels/eric/Results_June2026_99SigEff/model2.5_fin_results/model2_5_8bit_normalised_selected/pareto_secondary/hls_outputs_vsynth/hls_model_trial_074/myproject_prj/solution1/syn/report/csynth_design_size.rpt
INFO: [HLS 200-1995] There were 17,143 instructions in the design after the 'Array/Struct (step 5)' phase of compilation. See the Design Size Report for more details: /home/dabadjiev/smartpixels_ml_dsabadjiev/Muon_Collider_Smart_Pixels/eric/Results_June2026_99SigEff/model2.5_fin_results/model2_5_8bit_normalised_selected/pareto_secondary/hls_outputs_vsynth/hls_model_trial_074/myproject_prj/solution1/syn/report/csynth_design_size.rpt
INFO: [HLS 200-1995] There were 17,143 instructions in the design after the 'Performance (step 1)' phase of compilation. See the Design Size Report for more details: /home/dabadjiev/smartpixels_ml_dsabadjiev/Muon_Collider_Smart_Pixels/eric/Results_June2026_99SigEff/model2.5_fin_results/model2_5_8bit_normalised_selected/pareto_secondary/hls_outputs_vsynth/hls_model_trial_074/myproject_prj/solution1/syn/report/csynth_design_size.rpt
INFO: [HLS 200-1995] There were 16,986 instructions in the design after the 'Performance (step 2)' phase of compilation. See the Design Size Report for more details: /home/dabadjiev/smartpixels_ml_dsabadjiev/Muon_Collider_Smart_Pixels/eric/Results_June2026_99SigEff/model2.5_fin_results/model2_5_8bit_normalised_selected/pareto_secondary/hls_outputs_vsynth/hls_model_trial_074/myproject_prj/solution1/syn/report/csynth_design_size.rpt
INFO: [HLS 200-1995] There were 16,986 instructions in the design after the 'Performance (step 3)' phase of compilation. See the Design Size Report for more details: /home/dabadjiev/smartpixels_ml_dsabadjiev/Muon_Collider_Smart_Pixels/eric/Results_June2026_99SigEff/model2.5_fin_results/model2_5_8bit_normalised_selected/pareto_secondary/hls_outputs_vsynth/hls_model_trial_074/myproject_prj/solution1/syn/report/csynth_design_size.rpt
INFO: [HLS 200-1995] There were 16,986 instructions in the design after the 'Performance (step 4)' phase of compilation. See the Design Size Report for more details: /home/dabadjiev/smartpixels_ml_dsabadjiev/Muon_Collider_Smart_Pixels/eric/Results_June2026_99SigEff/model2.5_fin_results/model2_5_8bit_normalised_selected/pareto_secondary/hls_outputs_vsynth/hls_model_trial_074/myproject_prj/solution1/syn/report/csynth_design_size.rpt
INFO: [HLS 200-1995] There were 18,102 instructions in the design after the 'HW Transforms (step 1)' phase of compilation. See the Design Size Report for more details: /home/dabadjiev/smartpixels_ml_dsabadjiev/Muon_Collider_Smart_Pixels/eric/Results_June2026_99SigEff/model2.5_fin_results/model2_5_8bit_normalised_selected/pareto_secondary/hls_outputs_vsynth/hls_model_trial_074/myproject_prj/solution1/syn/report/csynth_design_size.rpt
INFO: [HLS 200-1995] There were 18,146 instructions in the design after the 'HW Transforms (step 2)' phase of compilation. See the Design Size Report for more details: /home/dabadjiev/smartpixels_ml_dsabadjiev/Muon_Collider_Smart_Pixels/eric/Results_June2026_99SigEff/model2.5_fin_results/model2_5_8bit_normalised_selected/pareto_secondary/hls_outputs_vsynth/hls_model_trial_074/myproject_prj/solution1/syn/report/csynth_design_size.rpt
INFO: [HLS 214-415] Performing recursive inline in function 'nnet::dense_resource<ap_fixed<16, 6, (ap_q_mode)5, (ap_o_mode)3, 0>, ap_fixed<16, 6, (ap_q_mode)5, (ap_o_mode)3, 0>, config14>' (firmware/nnet_utils/nnet_dense_resource.h:237:9)
INFO: [HLS 214-415] Performing recursive inline in function 'nnet::dense_resource<ap_fixed<16, 6, (ap_q_mode)5, (ap_o_mode)3, 0>, ap_fixed<16, 6, (ap_q_mode)5, (ap_o_mode)3, 0>, config16>' (firmware/nnet_utils/nnet_dense_resource.h:237:9)
INFO: [HLS 214-415] Performing recursive inline in function 'nnet::dense_resource<ap_fixed<16, 6, (ap_q_mode)5, (ap_o_mode)3, 0>, ap_fixed<16, 6, (ap_q_mode)5, (ap_o_mode)3, 0>, config21>' (firmware/nnet_utils/nnet_dense_resource.h:237:9)
INFO: [HLS 214-415] Performing recursive inline in function 'nnet::dense_resource<ap_ufixed<8, 0, (ap_q_mode)4, (ap_o_mode)0, 0>, ap_fixed<16, 6, (ap_q_mode)5, (ap_o_mode)3, 0>, config24>' (firmware/nnet_utils/nnet_dense_resource.h:237:9)
INFO: [HLS 214-415] Performing recursive inline in function 'nnet::dense_resource<ap_ufixed<8, 0, (ap_q_mode)4, (ap_o_mode)0, 0>, ap_fixed<16, 6, (ap_q_mode)5, (ap_o_mode)3, 0>, config27>' (firmware/nnet_utils/nnet_dense_resource.h:237:9)
WARNING: [HLS 214-273] In function 'void nnet::dense<ap_fixed<16, 6, (ap_q_mode)5, (ap_o_mode)3, 0>, ap_fixed<16, 6, (ap_q_mode)5, (ap_o_mode)3, 0>, config14>(ap_fixed<16, 6, (ap_q_mode)5, (ap_o_mode)3, 0>*, ap_fixed<16, 6, (ap_q_mode)5, (ap_o_mode)3, 0>*, config14::weight_t*, config14::bias_t*)', Pragma conflict happens on 'INLINE' and DATAFLOW pragmas: Inline into dataflow region may break the canonical form (firmware/nnet_utils/nnet_dense.h:38:0)
WARNING: [HLS 214-273] In function 'void nnet::dense<ap_fixed<16, 6, (ap_q_mode)5, (ap_o_mode)3, 0>, ap_fixed<16, 6, (ap_q_mode)5, (ap_o_mode)3, 0>, config16>(ap_fixed<16, 6, (ap_q_mode)5, (ap_o_mode)3, 0>*, ap_fixed<16, 6, (ap_q_mode)5, (ap_o_mode)3, 0>*, config16::weight_t*, config16::bias_t*)', Pragma conflict happens on 'INLINE' and DATAFLOW pragmas: Inline into dataflow region may break the canonical form (firmware/nnet_utils/nnet_dense.h:38:0)
WARNING: [HLS 214-273] In function 'void nnet::dense<ap_fixed<16, 6, (ap_q_mode)5, (ap_o_mode)3, 0>, ap_fixed<16, 6, (ap_q_mode)5, (ap_o_mode)3, 0>, config21>(ap_fixed<16, 6, (ap_q_mode)5, (ap_o_mode)3, 0>*, ap_fixed<16, 6, (ap_q_mode)5, (ap_o_mode)3, 0>*, config21::weight_t*, config21::bias_t*)', Pragma conflict happens on 'INLINE' and DATAFLOW pragmas: Inline into dataflow region may break the canonical form (firmware/nnet_utils/nnet_dense.h:38:0)
WARNING: [HLS 214-273] In function 'void nnet::dense<ap_ufixed<8, 0, (ap_q_mode)4, (ap_o_mode)0, 0>, ap_fixed<16, 6, (ap_q_mode)5, (ap_o_mode)3, 0>, config24>(ap_ufixed<8, 0, (ap_q_mode)4, (ap_o_mode)0, 0>*, ap_fixed<16, 6, (ap_q_mode)5, (ap_o_mode)3, 0>*, config24::weight_t*, config24::bias_t*)', Pragma conflict happens on 'INLINE' and DATAFLOW pragmas: Inline into dataflow region may break the canonical form (firmware/nnet_utils/nnet_dense.h:38:0)
WARNING: [HLS 214-273] In function 'void nnet::dense<ap_ufixed<8, 0, (ap_q_mode)4, (ap_o_mode)0, 0>, ap_fixed<16, 6, (ap_q_mode)5, (ap_o_mode)3, 0>, config27>(ap_ufixed<8, 0, (ap_q_mode)4, (ap_o_mode)0, 0>*, ap_fixed<16, 6, (ap_q_mode)5, (ap_o_mode)3, 0>*, config27::weight_t*, config27::bias_t*)', Pragma conflict happens on 'INLINE' and DATAFLOW pragmas: Inline into dataflow region may break the canonical form (firmware/nnet_utils/nnet_dense.h:38:0)
INFO: [HLS 214-131] Inlining function 'std::enable_if<!(std::is_same<ap_fixed<16, 6, (ap_q_mode)5, (ap_o_mode)3, 0>, ap_uint<1> >::value), ap_fixed<16, 6, (ap_q_mode)5, (ap_o_mode)3, 0> >::type nnet::cast<ap_fixed<16, 6, (ap_q_mode)5, (ap_o_mode)3, 0>, ap_fixed<16, 6, (ap_q_mode)5, (ap_o_mode)3, 0>, config14>(config14::accum_t) (.45)' into 'void nnet::dense_resource_rf_leq_nin<ap_fixed<16, 6, (ap_q_mode)5, (ap_o_mode)3, 0>, ap_fixed<16, 6, (ap_q_mode)5, (ap_o_mode)3, 0>, config14>(ap_fixed<16, 6, (ap_q_mode)5, (ap_o_mode)3, 0>*, ap_fixed<16, 6, (ap_q_mode)5, (ap_o_mode)3, 0>*, config14::weight_t*, config14::bias_t*) (.44)' (firmware/nnet_utils/nnet_dense_resource.h:76:14)
INFO: [HLS 214-131] Inlining function 'nnet::product::mult<ap_fixed<16, 6, (ap_q_mode)5, (ap_o_mode)3, 0>, ap_fixed<8, 1, (ap_q_mode)5, (ap_o_mode)3, 0> >::product(ap_fixed<16, 6, (ap_q_mode)5, (ap_o_mode)3, 0>, ap_fixed<8, 1, (ap_q_mode)5, (ap_o_mode)3, 0>) (.37)' into 'void nnet::dense_resource_rf_leq_nin<ap_fixed<16, 6, (ap_q_mode)5, (ap_o_mode)3, 0>, ap_fixed<16, 6, (ap_q_mode)5, (ap_o_mode)3, 0>, config14>(ap_fixed<16, 6, (ap_q_mode)5, (ap_o_mode)3, 0>*, ap_fixed<16, 6, (ap_q_mode)5, (ap_o_mode)3, 0>*, config14::weight_t*, config14::bias_t*) (.44)' (firmware/nnet_utils/nnet_dense_resource.h:54:17)
INFO: [HLS 214-131] Inlining function 'void nnet::dense_resource_rf_leq_nin<ap_fixed<16, 6, (ap_q_mode)5, (ap_o_mode)3, 0>, ap_fixed<16, 6, (ap_q_mode)5, (ap_o_mode)3, 0>, config14>(ap_fixed<16, 6, (ap_q_mode)5, (ap_o_mode)3, 0>*, ap_fixed<16, 6, (ap_q_mode)5, (ap_o_mode)3, 0>*, config14::weight_t*, config14::bias_t*) (.44)' into 'void nnet::dense_resource<ap_fixed<16, 6, (ap_q_mode)5, (ap_o_mode)3, 0>, ap_fixed<16, 6, (ap_q_mode)5, (ap_o_mode)3, 0>, config14>(ap_fixed<16, 6, (ap_q_mode)5, (ap_o_mode)3, 0>*, ap_fixed<16, 6, (ap_q_mode)5, (ap_o_mode)3, 0>*, config14::weight_t*, config14::bias_t*)' (firmware/nnet_utils/nnet_dense_resource.h:240:9)
INFO: [HLS 214-131] Inlining function 'std::enable_if<!(std::is_same<ap_fixed<16, 6, (ap_q_mode)5, (ap_o_mode)3, 0>, ap_uint<1> >::value), ap_fixed<16, 6, (ap_q_mode)5, (ap_o_mode)3, 0> >::type nnet::cast<ap_fixed<16, 6, (ap_q_mode)5, (ap_o_mode)3, 0>, ap_fixed<16, 6, (ap_q_mode)5, (ap_o_mode)3, 0>, config16>(config16::accum_t) (.43)' into 'void nnet::dense_resource_rf_gt_nin_rem0<ap_fixed<16, 6, (ap_q_mode)5, (ap_o_mode)3, 0>, ap_fixed<16, 6, (ap_q_mode)5, (ap_o_mode)3, 0>, config16>(ap_fixed<16, 6, (ap_q_mode)5, (ap_o_mode)3, 0>*, ap_fixed<16, 6, (ap_q_mode)5, (ap_o_mode)3, 0>*, config16::weight_t*, config16::bias_t*) (.42)' (firmware/nnet_utils/nnet_dense_resource.h:151:14)
INFO: [HLS 214-131] Inlining function 'nnet::product::mult<ap_fixed<16, 6, (ap_q_mode)5, (ap_o_mode)3, 0>, ap_fixed<8, 1, (ap_q_mode)5, (ap_o_mode)3, 0> >::product(ap_fixed<16, 6, (ap_q_mode)5, (ap_o_mode)3, 0>, ap_fixed<8, 1, (ap_q_mode)5, (ap_o_mode)3, 0>) (.37)' into 'void nnet::dense_resource_rf_gt_nin_rem0<ap_fixed<16, 6, (ap_q_mode)5, (ap_o_mode)3, 0>, ap_fixed<16, 6, (ap_q_mode)5, (ap_o_mode)3, 0>, config16>(ap_fixed<16, 6, (ap_q_mode)5, (ap_o_mode)3, 0>*, ap_fixed<16, 6, (ap_q_mode)5, (ap_o_mode)3, 0>*, config16::weight_t*, config16::bias_t*) (.42)' (firmware/nnet_utils/nnet_dense_resource.h:134:17)
INFO: [HLS 214-131] Inlining function 'void nnet::dense_resource_rf_gt_nin_rem0<ap_fixed<16, 6, (ap_q_mode)5, (ap_o_mode)3, 0>, ap_fixed<16, 6, (ap_q_mode)5, (ap_o_mode)3, 0>, config16>(ap_fixed<16, 6, (ap_q_mode)5, (ap_o_mode)3, 0>*, ap_fixed<16, 6, (ap_q_mode)5, (ap_o_mode)3, 0>*, config16::weight_t*, config16::bias_t*) (.42)' into 'void nnet::dense_resource<ap_fixed<16, 6, (ap_q_mode)5, (ap_o_mode)3, 0>, ap_fixed<16, 6, (ap_q_mode)5, (ap_o_mode)3, 0>, config16>(ap_fixed<16, 6, (ap_q_mode)5, (ap_o_mode)3, 0>*, ap_fixed<16, 6, (ap_q_mode)5, (ap_o_mode)3, 0>*, config16::weight_t*, config16::bias_t*)' (firmware/nnet_utils/nnet_dense_resource.h:242:9)
INFO: [HLS 214-131] Inlining function 'std::enable_if<!(std::is_same<ap_fixed<16, 6, (ap_q_mode)5, (ap_o_mode)3, 0>, ap_uint<1> >::value), ap_fixed<16, 6, (ap_q_mode)5, (ap_o_mode)3, 0> >::type nnet::cast<ap_fixed<16, 6, (ap_q_mode)5, (ap_o_mode)3, 0>, ap_fixed<16, 6, (ap_q_mode)5, (ap_o_mode)3, 0>, config21>(config21::accum_t) (.32)' into 'void nnet::dense_resource_rf_leq_nin<ap_fixed<16, 6, (ap_q_mode)5, (ap_o_mode)3, 0>, ap_fixed<16, 6, (ap_q_mode)5, (ap_o_mode)3, 0>, config21>(ap_fixed<16, 6, (ap_q_mode)5, (ap_o_mode)3, 0>*, ap_fixed<16, 6, (ap_q_mode)5, (ap_o_mode)3, 0>*, config21::weight_t*, config21::bias_t*) (.31)' (firmware/nnet_utils/nnet_dense_resource.h:76:14)
INFO: [HLS 214-131] Inlining function 'nnet::product::mult<ap_fixed<16, 6, (ap_q_mode)5, (ap_o_mode)3, 0>, ap_fixed<8, 1, (ap_q_mode)5, (ap_o_mode)3, 0> >::product(ap_fixed<16, 6, (ap_q_mode)5, (ap_o_mode)3, 0>, ap_fixed<8, 1, (ap_q_mode)5, (ap_o_mode)3, 0>) (.37)' into 'void nnet::dense_resource_rf_leq_nin<ap_fixed<16, 6, (ap_q_mode)5, (ap_o_mode)3, 0>, ap_fixed<16, 6, (ap_q_mode)5, (ap_o_mode)3, 0>, config21>(ap_fixed<16, 6, (ap_q_mode)5, (ap_o_mode)3, 0>*, ap_fixed<16, 6, (ap_q_mode)5, (ap_o_mode)3, 0>*, config21::weight_t*, config21::bias_t*) (.31)' (firmware/nnet_utils/nnet_dense_resource.h:54:17)
INFO: [HLS 214-131] Inlining function 'void nnet::dense_resource_rf_leq_nin<ap_fixed<16, 6, (ap_q_mode)5, (ap_o_mode)3, 0>, ap_fixed<16, 6, (ap_q_mode)5, (ap_o_mode)3, 0>, config21>(ap_fixed<16, 6, (ap_q_mode)5, (ap_o_mode)3, 0>*, ap_fixed<16, 6, (ap_q_mode)5, (ap_o_mode)3, 0>*, config21::weight_t*, config21::bias_t*) (.31)' into 'void nnet::dense_resource<ap_fixed<16, 6, (ap_q_mode)5, (ap_o_mode)3, 0>, ap_fixed<16, 6, (ap_q_mode)5, (ap_o_mode)3, 0>, config21>(ap_fixed<16, 6, (ap_q_mode)5, (ap_o_mode)3, 0>*, ap_fixed<16, 6, (ap_q_mode)5, (ap_o_mode)3, 0>*, config21::weight_t*, config21::bias_t*)' (firmware/nnet_utils/nnet_dense_resource.h:240:9)
INFO: [HLS 214-131] Inlining function 'std::enable_if<!(std::is_same<ap_ufixed<8, 0, (ap_q_mode)4, (ap_o_mode)0, 0>, ap_uint<1> >::value), ap_fixed<16, 6, (ap_q_mode)5, (ap_o_mode)3, 0> >::type nnet::cast<ap_ufixed<8, 0, (ap_q_mode)4, (ap_o_mode)0, 0>, ap_fixed<16, 6, (ap_q_mode)5, (ap_o_mode)3, 0>, config24>(config24::accum_t) (.30)' into 'void nnet::dense_resource_rf_leq_nin<ap_ufixed<8, 0, (ap_q_mode)4, (ap_o_mode)0, 0>, ap_fixed<16, 6, (ap_q_mode)5, (ap_o_mode)3, 0>, config24>(ap_ufixed<8, 0, (ap_q_mode)4, (ap_o_mode)0, 0>*, ap_fixed<16, 6, (ap_q_mode)5, (ap_o_mode)3, 0>*, config24::weight_t*, config24::bias_t*) (.29)' (firmware/nnet_utils/nnet_dense_resource.h:76:14)
INFO: [HLS 214-131] Inlining function 'nnet::product::mult<ap_ufixed<8, 0, (ap_q_mode)4, (ap_o_mode)0, 0>, ap_fixed<8, 1, (ap_q_mode)5, (ap_o_mode)3, 0> >::product(ap_ufixed<8, 0, (ap_q_mode)4, (ap_o_mode)0, 0>, ap_fixed<8, 1, (ap_q_mode)5, (ap_o_mode)3, 0>) (.20)' into 'void nnet::dense_resource_rf_leq_nin<ap_ufixed<8, 0, (ap_q_mode)4, (ap_o_mode)0, 0>, ap_fixed<16, 6, (ap_q_mode)5, (ap_o_mode)3, 0>, config24>(ap_ufixed<8, 0, (ap_q_mode)4, (ap_o_mode)0, 0>*, ap_fixed<16, 6, (ap_q_mode)5, (ap_o_mode)3, 0>*, config24::weight_t*, config24::bias_t*) (.29)' (firmware/nnet_utils/nnet_dense_resource.h:54:17)
INFO: [HLS 214-131] Inlining function 'void nnet::dense_resource_rf_leq_nin<ap_ufixed<8, 0, (ap_q_mode)4, (ap_o_mode)0, 0>, ap_fixed<16, 6, (ap_q_mode)5, (ap_o_mode)3, 0>, config24>(ap_ufixed<8, 0, (ap_q_mode)4, (ap_o_mode)0, 0>*, ap_fixed<16, 6, (ap_q_mode)5, (ap_o_mode)3, 0>*, config24::weight_t*, config24::bias_t*) (.29)' into 'void nnet::dense_resource<ap_ufixed<8, 0, (ap_q_mode)4, (ap_o_mode)0, 0>, ap_fixed<16, 6, (ap_q_mode)5, (ap_o_mode)3, 0>, config24>(ap_ufixed<8, 0, (ap_q_mode)4, (ap_o_mode)0, 0>*, ap_fixed<16, 6, (ap_q_mode)5, (ap_o_mode)3, 0>*, config24::weight_t*, config24::bias_t*)' (firmware/nnet_utils/nnet_dense_resource.h:240:9)
INFO: [HLS 214-131] Inlining function 'std::enable_if<!(std::is_same<ap_ufixed<8, 0, (ap_q_mode)4, (ap_o_mode)0, 0>, ap_uint<1> >::value), ap_fixed<16, 6, (ap_q_mode)5, (ap_o_mode)3, 0> >::type nnet::cast<ap_ufixed<8, 0, (ap_q_mode)4, (ap_o_mode)0, 0>, ap_fixed<16, 6, (ap_q_mode)5, (ap_o_mode)3, 0>, config27>(config27::accum_t) (.2)' into 'void nnet::dense_resource_rf_leq_nin<ap_ufixed<8, 0, (ap_q_mode)4, (ap_o_mode)0, 0>, ap_fixed<16, 6, (ap_q_mode)5, (ap_o_mode)3, 0>, config27>(ap_ufixed<8, 0, (ap_q_mode)4, (ap_o_mode)0, 0>*, ap_fixed<16, 6, (ap_q_mode)5, (ap_o_mode)3, 0>*, config27::weight_t*, config27::bias_t*) (.1)' (firmware/nnet_utils/nnet_dense_resource.h:76:14)
INFO: [HLS 214-131] Inlining function 'nnet::product::mult<ap_ufixed<8, 0, (ap_q_mode)4, (ap_o_mode)0, 0>, ap_fixed<8, 1, (ap_q_mode)5, (ap_o_mode)3, 0> >::product(ap_ufixed<8, 0, (ap_q_mode)4, (ap_o_mode)0, 0>, ap_fixed<8, 1, (ap_q_mode)5, (ap_o_mode)3, 0>) (.20)' into 'void nnet::dense_resource_rf_leq_nin<ap_ufixed<8, 0, (ap_q_mode)4, (ap_o_mode)0, 0>, ap_fixed<16, 6, (ap_q_mode)5, (ap_o_mode)3, 0>, config27>(ap_ufixed<8, 0, (ap_q_mode)4, (ap_o_mode)0, 0>*, ap_fixed<16, 6, (ap_q_mode)5, (ap_o_mode)3, 0>*, config27::weight_t*, config27::bias_t*) (.1)' (firmware/nnet_utils/nnet_dense_resource.h:54:17)
INFO: [HLS 214-131] Inlining function 'void nnet::dense_resource_rf_leq_nin<ap_ufixed<8, 0, (ap_q_mode)4, (ap_o_mode)0, 0>, ap_fixed<16, 6, (ap_q_mode)5, (ap_o_mode)3, 0>, config27>(ap_ufixed<8, 0, (ap_q_mode)4, (ap_o_mode)0, 0>*, ap_fixed<16, 6, (ap_q_mode)5, (ap_o_mode)3, 0>*, config27::weight_t*, config27::bias_t*) (.1)' into 'void nnet::dense_resource<ap_ufixed<8, 0, (ap_q_mode)4, (ap_o_mode)0, 0>, ap_fixed<16, 6, (ap_q_mode)5, (ap_o_mode)3, 0>, config27>(ap_ufixed<8, 0, (ap_q_mode)4, (ap_o_mode)0, 0>*, ap_fixed<16, 6, (ap_q_mode)5, (ap_o_mode)3, 0>*, config27::weight_t*, config27::bias_t*)' (firmware/nnet_utils/nnet_dense_resource.h:240:9)
INFO: [HLS 214-131] Inlining function 'void nnet::dense<ap_fixed<16, 6, (ap_q_mode)5, (ap_o_mode)3, 0>, ap_fixed<16, 6, (ap_q_mode)5, (ap_o_mode)3, 0>, config14>(ap_fixed<16, 6, (ap_q_mode)5, (ap_o_mode)3, 0>*, ap_fixed<16, 6, (ap_q_mode)5, (ap_o_mode)3, 0>*, config14::weight_t*, config14::bias_t*)' into 'myproject(ap_fixed<16, 6, (ap_q_mode)5, (ap_o_mode)3, 0>*, ap_fixed<16, 6, (ap_q_mode)5, (ap_o_mode)3, 0>*, ap_fixed<16, 6, (ap_q_mode)5, (ap_o_mode)3, 0>*, ap_fixed<16, 6, (ap_q_mode)5, (ap_o_mode)3, 0>*, ap_fixed<16, 6, (ap_q_mode)5, (ap_o_mode)3, 0>*, ap_ufixed<8, 0, (ap_q_mode)4, (ap_o_mode)0, 0>*, ap_fixed<8, 1, (ap_q_mode)5, (ap_o_mode)3, 0>*, ap_fixed<8, 1, (ap_q_mode)5, (ap_o_mode)3, 0>*, ap_fixed<8, 1, (ap_q_mode)5, (ap_o_mode)3, 0>*, ap_fixed<8, 1, (ap_q_mode)5, (ap_o_mode)3, 0>*, ap_fixed<8, 1, (ap_q_mode)5, (ap_o_mode)3, 0>*, ap_fixed<8, 1, (ap_q_mode)5, (ap_o_mode)3, 0>*, ap_fixed<8, 1, (ap_q_mode)5, (ap_o_mode)3, 0>*, ap_fixed<8, 1, (ap_q_mode)5, (ap_o_mode)3, 0>*, ap_fixed<8, 1, (ap_q_mode)5, (ap_o_mode)3, 0>*, ap_fixed<8, 1, (ap_q_mode)5, (ap_o_mode)3, 0>*)' (firmware/myproject.cpp:89:2)
INFO: [HLS 214-131] Inlining function 'void nnet::dense<ap_fixed<16, 6, (ap_q_mode)5, (ap_o_mode)3, 0>, ap_fixed<16, 6, (ap_q_mode)5, (ap_o_mode)3, 0>, config16>(ap_fixed<16, 6, (ap_q_mode)5, (ap_o_mode)3, 0>*, ap_fixed<16, 6, (ap_q_mode)5, (ap_o_mode)3, 0>*, config16::weight_t*, config16::bias_t*)' into 'myproject(ap_fixed<16, 6, (ap_q_mode)5, (ap_o_mode)3, 0>*, ap_fixed<16, 6, (ap_q_mode)5, (ap_o_mode)3, 0>*, ap_fixed<16, 6, (ap_q_mode)5, (ap_o_mode)3, 0>*, ap_fixed<16, 6, (ap_q_mode)5, (ap_o_mode)3, 0>*, ap_fixed<16, 6, (ap_q_mode)5, (ap_o_mode)3, 0>*, ap_ufixed<8, 0, (ap_q_mode)4, (ap_o_mode)0, 0>*, ap_fixed<8, 1, (ap_q_mode)5, (ap_o_mode)3, 0>*, ap_fixed<8, 1, (ap_q_mode)5, (ap_o_mode)3, 0>*, ap_fixed<8, 1, (ap_q_mode)5, (ap_o_mode)3, 0>*, ap_fixed<8, 1, (ap_q_mode)5, (ap_o_mode)3, 0>*, ap_fixed<8, 1, (ap_q_mode)5, (ap_o_mode)3, 0>*, ap_fixed<8, 1, (ap_q_mode)5, (ap_o_mode)3, 0>*, ap_fixed<8, 1, (ap_q_mode)5, (ap_o_mode)3, 0>*, ap_fixed<8, 1, (ap_q_mode)5, (ap_o_mode)3, 0>*, ap_fixed<8, 1, (ap_q_mode)5, (ap_o_mode)3, 0>*, ap_fixed<8, 1, (ap_q_mode)5, (ap_o_mode)3, 0>*)' (firmware/myproject.cpp:93:2)
INFO: [HLS 214-131] Inlining function 'void nnet::dense<ap_fixed<16, 6, (ap_q_mode)5, (ap_o_mode)3, 0>, ap_fixed<16, 6, (ap_q_mode)5, (ap_o_mode)3, 0>, config21>(ap_fixed<16, 6, (ap_q_mode)5, (ap_o_mode)3, 0>*, ap_fixed<16, 6, (ap_q_mode)5, (ap_o_mode)3, 0>*, config21::weight_t*, config21::bias_t*)' into 'myproject(ap_fixed<16, 6, (ap_q_mode)5, (ap_o_mode)3, 0>*, ap_fixed<16, 6, (ap_q_mode)5, (ap_o_mode)3, 0>*, ap_fixed<16, 6, (ap_q_mode)5, (ap_o_mode)3, 0>*, ap_fixed<16, 6, (ap_q_mode)5, (ap_o_mode)3, 0>*, ap_fixed<16, 6, (ap_q_mode)5, (ap_o_mode)3, 0>*, ap_ufixed<8, 0, (ap_q_mode)4, (ap_o_mode)0, 0>*, ap_fixed<8, 1, (ap_q_mode)5, (ap_o_mode)3, 0>*, ap_fixed<8, 1, (ap_q_mode)5, (ap_o_mode)3, 0>*, ap_fixed<8, 1, (ap_q_mode)5, (ap_o_mode)3, 0>*, ap_fixed<8, 1, (ap_q_mode)5, (ap_o_mode)3, 0>*, ap_fixed<8, 1, (ap_q_mode)5, (ap_o_mode)3, 0>*, ap_fixed<8, 1, (ap_q_mode)5, (ap_o_mode)3, 0>*, ap_fixed<8, 1, (ap_q_mode)5, (ap_o_mode)3, 0>*, ap_fixed<8, 1, (ap_q_mode)5, (ap_o_mode)3, 0>*, ap_fixed<8, 1, (ap_q_mode)5, (ap_o_mode)3, 0>*, ap_fixed<8, 1, (ap_q_mode)5, (ap_o_mode)3, 0>*)' (firmware/myproject.cpp:109:2)
INFO: [HLS 214-131] Inlining function 'void nnet::dense<ap_ufixed<8, 0, (ap_q_mode)4, (ap_o_mode)0, 0>, ap_fixed<16, 6, (ap_q_mode)5, (ap_o_mode)3, 0>, config24>(ap_ufixed<8, 0, (ap_q_mode)4, (ap_o_mode)0, 0>*, ap_fixed<16, 6, (ap_q_mode)5, (ap_o_mode)3, 0>*, config24::weight_t*, config24::bias_t*)' into 'myproject(ap_fixed<16, 6, (ap_q_mode)5, (ap_o_mode)3, 0>*, ap_fixed<16, 6, (ap_q_mode)5, (ap_o_mode)3, 0>*, ap_fixed<16, 6, (ap_q_mode)5, (ap_o_mode)3, 0>*, ap_fixed<16, 6, (ap_q_mode)5, (ap_o_mode)3, 0>*, ap_fixed<16, 6, (ap_q_mode)5, (ap_o_mode)3, 0>*, ap_ufixed<8, 0, (ap_q_mode)4, (ap_o_mode)0, 0>*, ap_fixed<8, 1, (ap_q_mode)5, (ap_o_mode)3, 0>*, ap_fixed<8, 1, (ap_q_mode)5, (ap_o_mode)3, 0>*, ap_fixed<8, 1, (ap_q_mode)5, (ap_o_mode)3, 0>*, ap_fixed<8, 1, (ap_q_mode)5, (ap_o_mode)3, 0>*, ap_fixed<8, 1, (ap_q_mode)5, (ap_o_mode)3, 0>*, ap_fixed<8, 1, (ap_q_mode)5, (ap_o_mode)3, 0>*, ap_fixed<8, 1, (ap_q_mode)5, (ap_o_mode)3, 0>*, ap_fixed<8, 1, (ap_q_mode)5, (ap_o_mode)3, 0>*, ap_fixed<8, 1, (ap_q_mode)5, (ap_o_mode)3, 0>*, ap_fixed<8, 1, (ap_q_mode)5, (ap_o_mode)3, 0>*)' (firmware/myproject.cpp:117:2)
INFO: [HLS 214-131] Inlining function 'void nnet::dense<ap_ufixed<8, 0, (ap_q_mode)4, (ap_o_mode)0, 0>, ap_fixed<16, 6, (ap_q_mode)5, (ap_o_mode)3, 0>, config27>(ap_ufixed<8, 0, (ap_q_mode)4, (ap_o_mode)0, 0>*, ap_fixed<16, 6, (ap_q_mode)5, (ap_o_mode)3, 0>*, config27::weight_t*, config27::bias_t*)' into 'myproject(ap_fixed<16, 6, (ap_q_mode)5, (ap_o_mode)3, 0>*, ap_fixed<16, 6, (ap_q_mode)5, (ap_o_mode)3, 0>*, ap_fixed<16, 6, (ap_q_mode)5, (ap_o_mode)3, 0>*, ap_fixed<16, 6, (ap_q_mode)5, (ap_o_mode)3, 0>*, ap_fixed<16, 6, (ap_q_mode)5, (ap_o_mode)3, 0>*, ap_ufixed<8, 0, (ap_q_mode)4, (ap_o_mode)0, 0>*, ap_fixed<8, 1, (ap_q_mode)5, (ap_o_mode)3, 0>*, ap_fixed<8, 1, (ap_q_mode)5, (ap_o_mode)3, 0>*, ap_fixed<8, 1, (ap_q_mode)5, (ap_o_mode)3, 0>*, ap_fixed<8, 1, (ap_q_mode)5, (ap_o_mode)3, 0>*, ap_fixed<8, 1, (ap_q_mode)5, (ap_o_mode)3, 0>*, ap_fixed<8, 1, (ap_q_mode)5, (ap_o_mode)3, 0>*, ap_fixed<8, 1, (ap_q_mode)5, (ap_o_mode)3, 0>*, ap_fixed<8, 1, (ap_q_mode)5, (ap_o_mode)3, 0>*, ap_fixed<8, 1, (ap_q_mode)5, (ap_o_mode)3, 0>*, ap_fixed<8, 1, (ap_q_mode)5, (ap_o_mode)3, 0>*)' (firmware/myproject.cpp:125:2)
INFO: [HLS 214-291] Loop 'VITIS_LOOP_451_1' is marked as complete unroll implied by the pipeline pragma (firmware/nnet_utils/nnet_activation.h:451:20)
INFO: [HLS 214-291] Loop 'MultLoop' is marked as complete unroll implied by the pipeline pragma (firmware/nnet_utils/nnet_dense_resource.h:50:9)
INFO: [HLS 214-291] Loop 'VITIS_LOOP_43_1' is marked as complete unroll implied by the pipeline pragma (firmware/nnet_utils/nnet_activation.h:43:22)
INFO: [HLS 214-291] Loop 'VITIS_LOOP_122_2' is marked as complete unroll implied by the pipeline pragma (firmware/nnet_utils/nnet_merge.h:122:23)
INFO: [HLS 214-291] Loop 'VITIS_LOOP_119_1' is marked as complete unroll implied by the pipeline pragma (firmware/nnet_utils/nnet_merge.h:119:20)
INFO: [HLS 214-291] Loop 'MultLoop' is marked as complete unroll implied by the pipeline pragma (firmware/nnet_utils/nnet_dense_resource.h:130:9)
INFO: [HLS 214-291] Loop 'VITIS_LOOP_31_1' is marked as complete unroll implied by the pipeline pragma (firmware/nnet_utils/nnet_activation.h:31:19)
INFO: [HLS 214-186] Unrolling loop 'VITIS_LOOP_451_1' (firmware/nnet_utils/nnet_activation.h:451:20) in function 'nnet::hard_sigmoid<ap_fixed<16, 6, (ap_q_mode)5, (ap_o_mode)3, 0>, ap_ufixed<8, 0, (ap_q_mode)4, (ap_o_mode)0, 0>, hard_sigmoid_config29>' completely with a factor of 1 (firmware/nnet_utils/nnet_activation.h:448:0)
INFO: [HLS 214-186] Unrolling loop 'Result' (firmware/nnet_utils/nnet_dense_resource.h:74:5) in function 'nnet::dense_resource<ap_ufixed<8, 0, (ap_q_mode)4, (ap_o_mode)0, 0>, ap_fixed<16, 6, (ap_q_mode)5, (ap_o_mode)3, 0>, config27>' completely with a factor of 1 (firmware/nnet_utils/nnet_dense_resource.h:235:0)
INFO: [HLS 214-186] Unrolling loop 'MultLoop' (firmware/nnet_utils/nnet_dense_resource.h:50:9) in function 'nnet::dense_resource<ap_ufixed<8, 0, (ap_q_mode)4, (ap_o_mode)0, 0>, ap_fixed<16, 6, (ap_q_mode)5, (ap_o_mode)3, 0>, config27>' completely with a factor of 2 (firmware/nnet_utils/nnet_dense_resource.h:235:0)
INFO: [HLS 214-186] Unrolling loop 'InitAccum' (firmware/nnet_utils/nnet_dense_resource.h:36:5) in function 'nnet::dense_resource<ap_ufixed<8, 0, (ap_q_mode)4, (ap_o_mode)0, 0>, ap_fixed<16, 6, (ap_q_mode)5, (ap_o_mode)3, 0>, config27>' completely with a factor of 1 (firmware/nnet_utils/nnet_dense_resource.h:235:0)
INFO: [HLS 214-186] Unrolling loop 'VITIS_LOOP_43_1' (firmware/nnet_utils/nnet_activation.h:43:22) in function 'nnet::relu<ap_fixed<16, 6, (ap_q_mode)5, (ap_o_mode)3, 0>, ap_ufixed<8, 0, (ap_q_mode)4, (ap_o_mode)0, 0>, relu_config26>' completely with a factor of 22 (firmware/nnet_utils/nnet_activation.h:39:0)
INFO: [HLS 214-186] Unrolling loop 'Result' (firmware/nnet_utils/nnet_dense_resource.h:74:5) in function 'nnet::dense_resource<ap_ufixed<8, 0, (ap_q_mode)4, (ap_o_mode)0, 0>, ap_fixed<16, 6, (ap_q_mode)5, (ap_o_mode)3, 0>, config24>' completely with a factor of 22 (firmware/nnet_utils/nnet_dense_resource.h:235:0)
INFO: [HLS 214-186] Unrolling loop 'MultLoop' (firmware/nnet_utils/nnet_dense_resource.h:50:9) in function 'nnet::dense_resource<ap_ufixed<8, 0, (ap_q_mode)4, (ap_o_mode)0, 0>, ap_fixed<16, 6, (ap_q_mode)5, (ap_o_mode)3, 0>, config24>' completely with a factor of 88 (firmware/nnet_utils/nnet_dense_resource.h:235:0)
INFO: [HLS 214-186] Unrolling loop 'InitAccum' (firmware/nnet_utils/nnet_dense_resource.h:36:5) in function 'nnet::dense_resource<ap_ufixed<8, 0, (ap_q_mode)4, (ap_o_mode)0, 0>, ap_fixed<16, 6, (ap_q_mode)5, (ap_o_mode)3, 0>, config24>' completely with a factor of 22 (firmware/nnet_utils/nnet_dense_resource.h:235:0)
INFO: [HLS 214-186] Unrolling loop 'VITIS_LOOP_43_1' (firmware/nnet_utils/nnet_activation.h:43:22) in function 'nnet::relu<ap_fixed<16, 6, (ap_q_mode)5, (ap_o_mode)3, 0>, ap_ufixed<8, 0, (ap_q_mode)4, (ap_o_mode)0, 0>, relu_config23>' completely with a factor of 44 (firmware/nnet_utils/nnet_activation.h:39:0)
INFO: [HLS 214-186] Unrolling loop 'Result' (firmware/nnet_utils/nnet_dense_resource.h:74:5) in function 'nnet::dense_resource<ap_fixed<16, 6, (ap_q_mode)5, (ap_o_mode)3, 0>, ap_fixed<16, 6, (ap_q_mode)5, (ap_o_mode)3, 0>, config21>' completely with a factor of 44 (firmware/nnet_utils/nnet_dense_resource.h:235:0)
INFO: [HLS 214-186] Unrolling loop 'MultLoop' (firmware/nnet_utils/nnet_dense_resource.h:50:9) in function 'nnet::dense_resource<ap_fixed<16, 6, (ap_q_mode)5, (ap_o_mode)3, 0>, ap_fixed<16, 6, (ap_q_mode)5, (ap_o_mode)3, 0>, config21>' completely with a factor of 264 (firmware/nnet_utils/nnet_dense_resource.h:235:0)
INFO: [HLS 214-186] Unrolling loop 'InitAccum' (firmware/nnet_utils/nnet_dense_resource.h:36:5) in function 'nnet::dense_resource<ap_fixed<16, 6, (ap_q_mode)5, (ap_o_mode)3, 0>, ap_fixed<16, 6, (ap_q_mode)5, (ap_o_mode)3, 0>, config21>' completely with a factor of 44 (firmware/nnet_utils/nnet_dense_resource.h:235:0)
INFO: [HLS 214-186] Unrolling loop 'VITIS_LOOP_122_2' (firmware/nnet_utils/nnet_merge.h:122:23) in function 'nnet::concatenate1d<ap_ufixed<8, 0, (ap_q_mode)4, (ap_o_mode)0, 0>, ap_ufixed<8, 0, (ap_q_mode)4, (ap_o_mode)0, 0>, ap_fixed<16, 6, (ap_q_mode)5, (ap_o_mode)3, 0>, config20>' completely with a factor of 2 (firmware/nnet_utils/nnet_merge.h:116:0)
INFO: [HLS 214-186] Unrolling loop 'VITIS_LOOP_119_1' (firmware/nnet_utils/nnet_merge.h:119:20) in function 'nnet::concatenate1d<ap_ufixed<8, 0, (ap_q_mode)4, (ap_o_mode)0, 0>, ap_ufixed<8, 0, (ap_q_mode)4, (ap_o_mode)0, 0>, ap_fixed<16, 6, (ap_q_mode)5, (ap_o_mode)3, 0>, config20>' completely with a factor of 88 (firmware/nnet_utils/nnet_merge.h:116:0)
INFO: [HLS 214-186] Unrolling loop 'VITIS_LOOP_43_1' (firmware/nnet_utils/nnet_activation.h:43:22) in function 'nnet::relu<ap_fixed<16, 6, (ap_q_mode)5, (ap_o_mode)3, 0>, ap_ufixed<8, 0, (ap_q_mode)4, (ap_o_mode)0, 0>, relu_config19>' completely with a factor of 2 (firmware/nnet_utils/nnet_activation.h:39:0)
INFO: [HLS 214-186] Unrolling loop 'VITIS_LOOP_43_1' (firmware/nnet_utils/nnet_activation.h:43:22) in function 'nnet::relu<ap_fixed<16, 6, (ap_q_mode)5, (ap_o_mode)3, 0>, ap_ufixed<8, 0, (ap_q_mode)4, (ap_o_mode)0, 0>, relu_config18>' completely with a factor of 88 (firmware/nnet_utils/nnet_activation.h:39:0)
INFO: [HLS 214-186] Unrolling loop 'Result' (firmware/nnet_utils/nnet_dense_resource.h:149:5) in function 'nnet::dense_resource<ap_fixed<16, 6, (ap_q_mode)5, (ap_o_mode)3, 0>, ap_fixed<16, 6, (ap_q_mode)5, (ap_o_mode)3, 0>, config16>' completely with a factor of 2 (firmware/nnet_utils/nnet_dense_resource.h:235:0)
INFO: [HLS 214-186] Unrolling loop 'MultLoop' (firmware/nnet_utils/nnet_dense_resource.h:130:9) in function 'nnet::dense_resource<ap_fixed<16, 6, (ap_q_mode)5, (ap_o_mode)3, 0>, ap_fixed<16, 6, (ap_q_mode)5, (ap_o_mode)3, 0>, config16>' completely with a factor of 1 (firmware/nnet_utils/nnet_dense_resource.h:235:0)
INFO: [HLS 214-186] Unrolling loop 'InitAccum' (firmware/nnet_utils/nnet_dense_resource.h:104:5) in function 'nnet::dense_resource<ap_fixed<16, 6, (ap_q_mode)5, (ap_o_mode)3, 0>, ap_fixed<16, 6, (ap_q_mode)5, (ap_o_mode)3, 0>, config16>' completely with a factor of 2 (firmware/nnet_utils/nnet_dense_resource.h:235:0)
INFO: [HLS 214-186] Unrolling loop 'Result' (firmware/nnet_utils/nnet_dense_resource.h:74:5) in function 'nnet::dense_resource<ap_fixed<16, 6, (ap_q_mode)5, (ap_o_mode)3, 0>, ap_fixed<16, 6, (ap_q_mode)5, (ap_o_mode)3, 0>, config14>' completely with a factor of 88 (firmware/nnet_utils/nnet_dense_resource.h:235:0)
INFO: [HLS 214-186] Unrolling loop 'MultLoop' (firmware/nnet_utils/nnet_dense_resource.h:50:9) in function 'nnet::dense_resource<ap_fixed<16, 6, (ap_q_mode)5, (ap_o_mode)3, 0>, ap_fixed<16, 6, (ap_q_mode)5, (ap_o_mode)3, 0>, config14>' completely with a factor of 440 (firmware/nnet_utils/nnet_dense_resource.h:235:0)
INFO: [HLS 214-186] Unrolling loop 'InitAccum' (firmware/nnet_utils/nnet_dense_resource.h:36:5) in function 'nnet::dense_resource<ap_fixed<16, 6, (ap_q_mode)5, (ap_o_mode)3, 0>, ap_fixed<16, 6, (ap_q_mode)5, (ap_o_mode)3, 0>, config14>' completely with a factor of 88 (firmware/nnet_utils/nnet_dense_resource.h:235:0)
INFO: [HLS 214-186] Unrolling loop 'VITIS_LOOP_122_2' (firmware/nnet_utils/nnet_merge.h:122:23) in function 'nnet::concatenate1d<ap_fixed<10, 1, (ap_q_mode)4, (ap_o_mode)0, 0>, ap_fixed<10, 1, (ap_q_mode)4, (ap_o_mode)0, 0>, ap_fixed<16, 6, (ap_q_mode)5, (ap_o_mode)3, 0>, config13>' completely with a factor of 1 (firmware/nnet_utils/nnet_merge.h:116:0)
INFO: [HLS 214-186] Unrolling loop 'VITIS_LOOP_119_1' (firmware/nnet_utils/nnet_merge.h:119:20) in function 'nnet::concatenate1d<ap_fixed<10, 1, (ap_q_mode)4, (ap_o_mode)0, 0>, ap_fixed<10, 1, (ap_q_mode)4, (ap_o_mode)0, 0>, ap_fixed<16, 6, (ap_q_mode)5, (ap_o_mode)3, 0>, config13>' completely with a factor of 1 (firmware/nnet_utils/nnet_merge.h:116:0)
INFO: [HLS 214-186] Unrolling loop 'VITIS_LOOP_122_2' (firmware/nnet_utils/nnet_merge.h:122:23) in function 'nnet::concatenate1d<ap_fixed<16, 6, (ap_q_mode)5, (ap_o_mode)3, 0>, ap_fixed<10, 1, (ap_q_mode)4, (ap_o_mode)0, 0>, ap_fixed<16, 6, (ap_q_mode)5, (ap_o_mode)3, 0>, config12>' completely with a factor of 1 (firmware/nnet_utils/nnet_merge.h:116:0)
INFO: [HLS 214-186] Unrolling loop 'VITIS_LOOP_119_1' (firmware/nnet_utils/nnet_merge.h:119:20) in function 'nnet::concatenate1d<ap_fixed<16, 6, (ap_q_mode)5, (ap_o_mode)3, 0>, ap_fixed<10, 1, (ap_q_mode)4, (ap_o_mode)0, 0>, ap_fixed<16, 6, (ap_q_mode)5, (ap_o_mode)3, 0>, config12>' completely with a factor of 34 (firmware/nnet_utils/nnet_merge.h:116:0)
INFO: [HLS 214-186] Unrolling loop 'VITIS_LOOP_31_1' (firmware/nnet_utils/nnet_activation.h:31:19) in function 'nnet::linear<ap_fixed<16, 6, (ap_q_mode)5, (ap_o_mode)3, 0>, ap_fixed<10, 1, (ap_q_mode)4, (ap_o_mode)0, 0>, linear_config11>' completely with a factor of 1 (firmware/nnet_utils/nnet_activation.h:28:0)
INFO: [HLS 214-186] Unrolling loop 'VITIS_LOOP_31_1' (firmware/nnet_utils/nnet_activation.h:31:19) in function 'nnet::linear<ap_fixed<16, 6, (ap_q_mode)5, (ap_o_mode)3, 0>, ap_fixed<10, 1, (ap_q_mode)4, (ap_o_mode)0, 0>, linear_config10>' completely with a factor of 1 (firmware/nnet_utils/nnet_activation.h:28:0)
INFO: [HLS 214-186] Unrolling loop 'VITIS_LOOP_31_1' (firmware/nnet_utils/nnet_activation.h:31:19) in function 'nnet::linear<ap_fixed<16, 6, (ap_q_mode)5, (ap_o_mode)3, 0>, ap_fixed<10, 1, (ap_q_mode)4, (ap_o_mode)0, 0>, linear_config9>' completely with a factor of 1 (firmware/nnet_utils/nnet_activation.h:28:0)
INFO: [HLS 214-186] Unrolling loop 'VITIS_LOOP_122_2' (firmware/nnet_utils/nnet_merge.h:122:23) in function 'nnet::concatenate1d<ap_fixed<10, 1, (ap_q_mode)4, (ap_o_mode)0, 0>, ap_fixed<10, 1, (ap_q_mode)4, (ap_o_mode)0, 0>, ap_fixed<16, 6, (ap_q_mode)5, (ap_o_mode)3, 0>, config8>' completely with a factor of 13 (firmware/nnet_utils/nnet_merge.h:116:0)
INFO: [HLS 214-186] Unrolling loop 'VITIS_LOOP_119_1' (firmware/nnet_utils/nnet_merge.h:119:20) in function 'nnet::concatenate1d<ap_fixed<10, 1, (ap_q_mode)4, (ap_o_mode)0, 0>, ap_fixed<10, 1, (ap_q_mode)4, (ap_o_mode)0, 0>, ap_fixed<16, 6, (ap_q_mode)5, (ap_o_mode)3, 0>, config8>' completely with a factor of 21 (firmware/nnet_utils/nnet_merge.h:116:0)
INFO: [HLS 214-186] Unrolling loop 'VITIS_LOOP_31_1' (firmware/nnet_utils/nnet_activation.h:31:19) in function 'nnet::linear<ap_fixed<16, 6, (ap_q_mode)5, (ap_o_mode)3, 0>, ap_fixed<10, 1, (ap_q_mode)4, (ap_o_mode)0, 0>, linear_config4>' completely with a factor of 13 (firmware/nnet_utils/nnet_activation.h:28:0)
INFO: [HLS 214-186] Unrolling loop 'VITIS_LOOP_31_1' (firmware/nnet_utils/nnet_activation.h:31:19) in function 'nnet::linear<ap_fixed<16, 6, (ap_q_mode)5, (ap_o_mode)3, 0>, ap_fixed<10, 1, (ap_q_mode)4, (ap_o_mode)0, 0>, linear_config3>' completely with a factor of 21 (firmware/nnet_utils/nnet_activation.h:28:0)
WARNING: [HLS 214-167] The program may have out of bound array access on variable 'weights' (firmware/nnet_utils/nnet_mult.h:70:36)
INFO: [HLS 214-248] Applying array_partition to 'acc.i': Complete partitioning on dimension 1. (firmware/nnet_utils/nnet_dense_resource.h:100:29)
INFO: [HLS 214-248] Applying array_partition to 'layer3_out': Complete partitioning on dimension 1. (firmware/myproject.cpp:55:11)
INFO: [HLS 214-248] Applying array_partition to 'layer4_out': Complete partitioning on dimension 1. (firmware/myproject.cpp:59:14)
INFO: [HLS 214-248] Applying array_partition to 'layer8_out': Complete partitioning on dimension 1. (firmware/myproject.cpp:63:14)
INFO: [HLS 214-248] Applying array_partition to 'layer9_out': Complete partitioning on dimension 1. (firmware/myproject.cpp:67:14)
INFO: [HLS 214-248] Applying array_partition to 'layer10_out': Complete partitioning on dimension 1. (firmware/myproject.cpp:71:15)
INFO: [HLS 214-248] Applying array_partition to 'layer11_out': Complete partitioning on dimension 1. (firmware/myproject.cpp:75:15)
INFO: [HLS 214-248] Applying array_partition to 'layer12_out': Complete partitioning on dimension 1. (firmware/myproject.cpp:79:15)
INFO: [HLS 214-248] Applying array_partition to 'layer13_out': Complete partitioning on dimension 1. (firmware/myproject.cpp:83:15)
INFO: [HLS 214-248] Applying array_partition to 'layer14_out': Complete partitioning on dimension 1. (firmware/myproject.cpp:87:15)
INFO: [HLS 214-248] Applying array_partition to 'layer16_out': Complete partitioning on dimension 1. (firmware/myproject.cpp:91:15)
INFO: [HLS 214-248] Applying array_partition to 'layer18_out': Complete partitioning on dimension 1. (firmware/myproject.cpp:95:15)
INFO: [HLS 214-248] Applying array_partition to 'layer19_out': Complete partitioning on dimension 1. (firmware/myproject.cpp:99:15)
INFO: [HLS 214-248] Applying array_partition to 'layer20_out': Complete partitioning on dimension 1. (firmware/myproject.cpp:103:15)
INFO: [HLS 214-248] Applying array_partition to 'layer21_out': Complete partitioning on dimension 1. (firmware/myproject.cpp:107:15)
INFO: [HLS 214-248] Applying array_partition to 'layer23_out': Complete partitioning on dimension 1. (firmware/myproject.cpp:111:15)
INFO: [HLS 214-248] Applying array_partition to 'layer24_out': Complete partitioning on dimension 1. (firmware/myproject.cpp:115:15)
INFO: [HLS 214-248] Applying array_partition to 'layer26_out': Complete partitioning on dimension 1. (firmware/myproject.cpp:119:15)
INFO: [HLS 214-248] Applying array_partition to 'layer27_out': Complete partitioning on dimension 1. (firmware/myproject.cpp:123:15)
INFO: [HLS 214-248] Applying array_partition to 'layer29_out': Complete partitioning on dimension 1. (firmware/myproject.cpp:19:0)
INFO: [HLS 214-248] Applying array_partition to 'b14': Complete partitioning on dimension 1. (firmware/myproject.cpp:19:0)
INFO: [HLS 214-248] Applying array_partition to 'b16': Complete partitioning on dimension 1. (firmware/myproject.cpp:19:0)
INFO: [HLS 214-248] Applying array_partition to 'b21': Complete partitioning on dimension 1. (firmware/myproject.cpp:19:0)
INFO: [HLS 214-248] Applying array_partition to 'b24': Complete partitioning on dimension 1. (firmware/myproject.cpp:19:0)
INFO: [HLS 214-248] Applying array_partition to 'b27': Complete partitioning on dimension 1. (firmware/myproject.cpp:19:0)
INFO: [HLS 214-248] Applying array_reshape to 'x_profile': Complete reshaping on dimension 1. (firmware/myproject.cpp:19:0)
INFO: [HLS 214-248] Applying array_reshape to 'nModule': Complete reshaping on dimension 1. (firmware/myproject.cpp:19:0)
INFO: [HLS 214-248] Applying array_reshape to 'x_local': Complete reshaping on dimension 1. (firmware/myproject.cpp:19:0)
INFO: [HLS 214-248] Applying array_reshape to 'y_profile': Complete reshaping on dimension 1. (firmware/myproject.cpp:19:0)
INFO: [HLS 214-248] Applying array_reshape to 'y_local': Complete reshaping on dimension 1. (firmware/myproject.cpp:19:0)
INFO: [HLS 200-111] Finished Compiling Optimization and Transform: CPU user time: 28.6 seconds. CPU system time: 1.2 seconds. Elapsed time: 31.55 seconds; current allocated memory: 363.414 MB.
INFO: [HLS 200-111] Finished Checking Pragmas: CPU user time: 0 seconds. CPU system time: 0 seconds. Elapsed time: 0 seconds; current allocated memory: 363.414 MB.
INFO: [HLS 200-10] Starting code transformations ...
INFO: [HLS 200-111] Finished Standard Transforms: CPU user time: 0.77 seconds. CPU system time: 0.01 seconds. Elapsed time: 0.78 seconds; current allocated memory: 376.945 MB.
INFO: [HLS 200-10] Checking synthesizability ...
INFO: [HLS 200-111] Finished Checking Synthesizability: CPU user time: 0.94 seconds. CPU system time: 0.01 seconds. Elapsed time: 0.95 seconds; current allocated memory: 396.609 MB.
INFO: [XFORM 203-712] Applying dataflow to function 'myproject' (firmware/myproject.cpp:55:2), detected/extracted 19 process function(s): 
	 'nnet::linear<ap_fixed<16, 6, (ap_q_mode)5, (ap_o_mode)3, 0>, ap_fixed<10, 1, (ap_q_mode)4, (ap_o_mode)0, 0>, linear_config3>'
	 'nnet::linear<ap_fixed<16, 6, (ap_q_mode)5, (ap_o_mode)3, 0>, ap_fixed<10, 1, (ap_q_mode)4, (ap_o_mode)0, 0>, linear_config4>'
	 'nnet::concatenate1d<ap_fixed<10, 1, (ap_q_mode)4, (ap_o_mode)0, 0>, ap_fixed<10, 1, (ap_q_mode)4, (ap_o_mode)0, 0>, ap_fixed<16, 6, (ap_q_mode)5, (ap_o_mode)3, 0>, config8>'
	 'nnet::linear<ap_fixed<16, 6, (ap_q_mode)5, (ap_o_mode)3, 0>, ap_fixed<10, 1, (ap_q_mode)4, (ap_o_mode)0, 0>, linear_config9>'
	 'nnet::linear<ap_fixed<16, 6, (ap_q_mode)5, (ap_o_mode)3, 0>, ap_fixed<10, 1, (ap_q_mode)4, (ap_o_mode)0, 0>, linear_config10>'
	 'nnet::linear<ap_fixed<16, 6, (ap_q_mode)5, (ap_o_mode)3, 0>, ap_fixed<10, 1, (ap_q_mode)4, (ap_o_mode)0, 0>, linear_config11>'
	 'nnet::concatenate1d<ap_fixed<16, 6, (ap_q_mode)5, (ap_o_mode)3, 0>, ap_fixed<10, 1, (ap_q_mode)4, (ap_o_mode)0, 0>, ap_fixed<16, 6, (ap_q_mode)5, (ap_o_mode)3, 0>, config12>'
	 'nnet::concatenate1d<ap_fixed<10, 1, (ap_q_mode)4, (ap_o_mode)0, 0>, ap_fixed<10, 1, (ap_q_mode)4, (ap_o_mode)0, 0>, ap_fixed<16, 6, (ap_q_mode)5, (ap_o_mode)3, 0>, config13>'
	 'nnet::dense_resource<ap_fixed<16, 6, (ap_q_mode)5, (ap_o_mode)3, 0>, ap_fixed<16, 6, (ap_q_mode)5, (ap_o_mode)3, 0>, config14>'
	 'nnet::dense_resource<ap_fixed<16, 6, (ap_q_mode)5, (ap_o_mode)3, 0>, ap_fixed<16, 6, (ap_q_mode)5, (ap_o_mode)3, 0>, config16>'
	 'nnet::relu<ap_fixed<16, 6, (ap_q_mode)5, (ap_o_mode)3, 0>, ap_ufixed<8, 0, (ap_q_mode)4, (ap_o_mode)0, 0>, relu_config18>'
	 'nnet::relu<ap_fixed<16, 6, (ap_q_mode)5, (ap_o_mode)3, 0>, ap_ufixed<8, 0, (ap_q_mode)4, (ap_o_mode)0, 0>, relu_config19>'
	 'nnet::concatenate1d<ap_ufixed<8, 0, (ap_q_mode)4, (ap_o_mode)0, 0>, ap_ufixed<8, 0, (ap_q_mode)4, (ap_o_mode)0, 0>, ap_fixed<16, 6, (ap_q_mode)5, (ap_o_mode)3, 0>, config20>'
	 'nnet::dense_resource<ap_fixed<16, 6, (ap_q_mode)5, (ap_o_mode)3, 0>, ap_fixed<16, 6, (ap_q_mode)5, (ap_o_mode)3, 0>, config21>'
	 'nnet::relu<ap_fixed<16, 6, (ap_q_mode)5, (ap_o_mode)3, 0>, ap_ufixed<8, 0, (ap_q_mode)4, (ap_o_mode)0, 0>, relu_config23>'
	 'nnet::dense_resource<ap_ufixed<8, 0, (ap_q_mode)4, (ap_o_mode)0, 0>, ap_fixed<16, 6, (ap_q_mode)5, (ap_o_mode)3, 0>, config24>'
	 'nnet::relu<ap_fixed<16, 6, (ap_q_mode)5, (ap_o_mode)3, 0>, ap_ufixed<8, 0, (ap_q_mode)4, (ap_o_mode)0, 0>, relu_config26>'
	 'nnet::dense_resource<ap_ufixed<8, 0, (ap_q_mode)4, (ap_o_mode)0, 0>, ap_fixed<16, 6, (ap_q_mode)5, (ap_o_mode)3, 0>, config27>'
	 'nnet::hard_sigmoid<ap_fixed<16, 6, (ap_q_mode)5, (ap_o_mode)3, 0>, ap_ufixed<8, 0, (ap_q_mode)4, (ap_o_mode)0, 0>, hard_sigmoid_config29>'.
INFO: [XFORM 203-401] Performing if-conversion on hyperblock from (firmware/nnet_utils/nnet_activation.h:40:9) to (firmware/nnet_utils/nnet_activation.h:50:1) in function 'nnet::relu<ap_fixed<16, 6, (ap_q_mode)5, (ap_o_mode)3, 0>, ap_ufixed<8, 0, (ap_q_mode)4, (ap_o_mode)0, 0>, relu_config26>'... converting 89 basic blocks.
INFO: [XFORM 203-401] Performing if-conversion on hyperblock from (firmware/nnet_utils/nnet_activation.h:40:9) to (firmware/nnet_utils/nnet_activation.h:50:1) in function 'nnet::relu<ap_fixed<16, 6, (ap_q_mode)5, (ap_o_mode)3, 0>, ap_ufixed<8, 0, (ap_q_mode)4, (ap_o_mode)0, 0>, relu_config23>'... converting 177 basic blocks.
INFO: [XFORM 203-401] Performing if-conversion on hyperblock from (firmware/nnet_utils/nnet_activation.h:40:9) to (firmware/nnet_utils/nnet_activation.h:50:1) in function 'nnet::relu<ap_fixed<16, 6, (ap_q_mode)5, (ap_o_mode)3, 0>, ap_ufixed<8, 0, (ap_q_mode)4, (ap_o_mode)0, 0>, relu_config19>'... converting 9 basic blocks.
INFO: [XFORM 203-401] Performing if-conversion on hyperblock from (firmware/nnet_utils/nnet_activation.h:40:9) to (firmware/nnet_utils/nnet_activation.h:50:1) in function 'nnet::relu<ap_fixed<16, 6, (ap_q_mode)5, (ap_o_mode)3, 0>, ap_ufixed<8, 0, (ap_q_mode)4, (ap_o_mode)0, 0>, relu_config18>'... converting 353 basic blocks.
INFO: [XFORM 203-401] Performing if-conversion on hyperblock from (firmware/nnet_utils/nnet_activation.h:32:19) to (firmware/nnet_utils/nnet_activation.h:34:1) in function 'nnet::linear<ap_fixed<16, 6, (ap_q_mode)5, (ap_o_mode)3, 0>, ap_fixed<10, 1, (ap_q_mode)4, (ap_o_mode)0, 0>, linear_config9>'... converting 3 basic blocks.
INFO: [XFORM 203-401] Performing if-conversion on hyperblock from (firmware/nnet_utils/nnet_activation.h:32:19) to (firmware/nnet_utils/nnet_activation.h:34:1) in function 'nnet::linear<ap_fixed<16, 6, (ap_q_mode)5, (ap_o_mode)3, 0>, ap_fixed<10, 1, (ap_q_mode)4, (ap_o_mode)0, 0>, linear_config4>'... converting 27 basic blocks.
INFO: [XFORM 203-401] Performing if-conversion on hyperblock from (firmware/nnet_utils/nnet_activation.h:32:19) to (firmware/nnet_utils/nnet_activation.h:34:1) in function 'nnet::linear<ap_fixed<16, 6, (ap_q_mode)5, (ap_o_mode)3, 0>, ap_fixed<10, 1, (ap_q_mode)4, (ap_o_mode)0, 0>, linear_config3>'... converting 43 basic blocks.
INFO: [XFORM 203-401] Performing if-conversion on hyperblock from (firmware/nnet_utils/nnet_activation.h:32:19) to (firmware/nnet_utils/nnet_activation.h:34:1) in function 'nnet::linear<ap_fixed<16, 6, (ap_q_mode)5, (ap_o_mode)3, 0>, ap_fixed<10, 1, (ap_q_mode)4, (ap_o_mode)0, 0>, linear_config11>'... converting 3 basic blocks.
INFO: [XFORM 203-401] Performing if-conversion on hyperblock from (firmware/nnet_utils/nnet_activation.h:32:19) to (firmware/nnet_utils/nnet_activation.h:34:1) in function 'nnet::linear<ap_fixed<16, 6, (ap_q_mode)5, (ap_o_mode)3, 0>, ap_fixed<10, 1, (ap_q_mode)4, (ap_o_mode)0, 0>, linear_config10>'... converting 3 basic blocks.
INFO: [XFORM 203-401] Performing if-conversion on hyperblock from (firmware/nnet_utils/nnet_activation.h:449:9) to (firmware/nnet_utils/nnet_activation.h:459:1) in function 'nnet::hard_sigmoid<ap_fixed<16, 6, (ap_q_mode)5, (ap_o_mode)3, 0>, ap_ufixed<8, 0, (ap_q_mode)4, (ap_o_mode)0, 0>, hard_sigmoid_config29>'... converting 3 basic blocks.
INFO: [XFORM 203-401] Performing if-conversion on hyperblock from (firmware/nnet_utils/nnet_dense_resource.h:125:9) to (firmware/nnet_utils/nnet_dense_resource.h:124:5) in function 'nnet::dense_resource<ap_fixed<16, 6, (ap_q_mode)5, (ap_o_mode)3, 0>, ap_fixed<16, 6, (ap_q_mode)5, (ap_o_mode)3, 0>, config16>'... converting 6 basic blocks.
INFO: [XFORM 203-11] Balancing expressions in function 'nnet::dense_resource<ap_ufixed<8, 0, (ap_q_mode)4, (ap_o_mode)0, 0>, ap_fixed<16, 6, (ap_q_mode)5, (ap_o_mode)3, 0>, config24>' (firmware/nnet_utils/nnet_dense_resource.h:38:20)...88 expression(s) balanced.
INFO: [XFORM 203-11] Balancing expressions in function 'nnet::dense_resource<ap_fixed<16, 6, (ap_q_mode)5, (ap_o_mode)3, 0>, ap_fixed<16, 6, (ap_q_mode)5, (ap_o_mode)3, 0>, config21>' (firmware/nnet_utils/nnet_dense_resource.h:38:20)...264 expression(s) balanced.
INFO: [XFORM 203-11] Balancing expressions in function 'nnet::dense_resource<ap_fixed<16, 6, (ap_q_mode)5, (ap_o_mode)3, 0>, ap_fixed<16, 6, (ap_q_mode)5, (ap_o_mode)3, 0>, config14>' (firmware/nnet_utils/nnet_dense_resource.h:38:17)...440 expression(s) balanced.
INFO: [HLS 200-111] Finished Loop, function and other optimizations: CPU user time: 5.26 seconds. CPU system time: 0.06 seconds. Elapsed time: 5.33 seconds; current allocated memory: 464.164 MB.
INFO: [XFORM 203-531] Rewinding loop 'ReuseLoop' (firmware/nnet_utils/nnet_dense_resource.h:42) in function 'dense_resource<ap_ufixed<8, 0, 4, 0, 0>, ap_fixed<16, 6, 5, 3, 0>, config27>'.
INFO: [XFORM 203-531] Rewinding loop 'ReuseLoop' (firmware/nnet_utils/nnet_dense_resource.h:42) in function 'dense_resource<ap_ufixed<8, 0, 4, 0, 0>, ap_fixed<16, 6, 5, 3, 0>, config24>'.
INFO: [XFORM 203-531] Rewinding loop 'ReuseLoop' (firmware/nnet_utils/nnet_dense_resource.h:42) in function 'dense_resource<ap_fixed<16, 6, 5, 3, 0>, ap_fixed<16, 6, 5, 3, 0>, config21>'.
INFO: [XFORM 203-531] Rewinding loop 'ReuseLoop' (firmware/nnet_utils/nnet_dense_resource.h:124) in function 'dense_resource<ap_fixed<16, 6, 5, 3, 0>, ap_fixed<16, 6, 5, 3, 0>, config16>'.
INFO: [XFORM 203-531] Rewinding loop 'ReuseLoop' (firmware/nnet_utils/nnet_dense_resource.h:42) in function 'dense_resource<ap_fixed<16, 6, 5, 3, 0>, ap_fixed<16, 6, 5, 3, 0>, config14>'.
WARNING: [HLS 200-1449] Process dense_resource<ap_fixed<16, 6, 5, 3, 0>, ap_fixed<16, 6, 5, 3, 0>, config14> has both a predecessor and reads an input from its caller (see the GUI dataflow viewer). This may lead to lower throughput. Consider copying this input via a predecessor process.
WARNING: [HLS 200-1449] Process dense_resource<ap_fixed<16, 6, 5, 3, 0>, ap_fixed<16, 6, 5, 3, 0>, config16> has both a predecessor and reads an input from its caller (see the GUI dataflow viewer). This may lead to lower throughput. Consider copying this input via a predecessor process.
WARNING: [HLS 200-1449] Process dense_resource<ap_fixed<16, 6, 5, 3, 0>, ap_fixed<16, 6, 5, 3, 0>, config21> has both a predecessor and reads an input from its caller (see the GUI dataflow viewer). This may lead to lower throughput. Consider copying this input via a predecessor process.
WARNING: [HLS 200-1449] Process dense_resource<ap_ufixed<8, 0, 4, 0, 0>, ap_fixed<16, 6, 5, 3, 0>, config24> has both a predecessor and reads an input from its caller (see the GUI dataflow viewer). This may lead to lower throughput. Consider copying this input via a predecessor process.
WARNING: [HLS 200-1449] Process dense_resource<ap_ufixed<8, 0, 4, 0, 0>, ap_fixed<16, 6, 5, 3, 0>, config27> has both a predecessor and reads an input from its caller (see the GUI dataflow viewer). This may lead to lower throughput. Consider copying this input via a predecessor process.
INFO: [HLS 200-111] Finished Architecture Synthesis: CPU user time: 3.36 seconds. CPU system time: 0.09 seconds. Elapsed time: 3.47 seconds; current allocated memory: 694.391 MB.
INFO: [HLS 200-10] Starting hardware synthesis ...
INFO: [HLS 200-10] Synthesizing 'myproject' ...
WARNING: [SYN 201-103] Legalizing function name 'linear<ap_fixed<16, 6, 5, 3, 0>, ap_fixed<10, 1, 4, 0, 0>, linear_config3>' to 'linear_ap_fixed_16_6_5_3_0_ap_fixed_10_1_4_0_0_linear_config3_s'.
WARNING: [SYN 201-103] Legalizing function name 'linear<ap_fixed<16, 6, 5, 3, 0>, ap_fixed<10, 1, 4, 0, 0>, linear_config4>' to 'linear_ap_fixed_16_6_5_3_0_ap_fixed_10_1_4_0_0_linear_config4_s'.
WARNING: [SYN 201-103] Legalizing function name 'concatenate1d<ap_fixed,ap_fixed,ap_fixed<16,6,5,3,0>,config8>' to 'concatenate1d_ap_fixed_ap_fixed_ap_fixed_16_6_5_3_0_config8_s'.
WARNING: [SYN 201-103] Legalizing function name 'linear<ap_fixed<16, 6, 5, 3, 0>, ap_fixed<10, 1, 4, 0, 0>, linear_config9>' to 'linear_ap_fixed_16_6_5_3_0_ap_fixed_10_1_4_0_0_linear_config9_s'.
WARNING: [SYN 201-103] Legalizing function name 'linear<ap_fixed<16, 6, 5, 3, 0>, ap_fixed<10, 1, 4, 0, 0>, linear_config10>' to 'linear_ap_fixed_16_6_5_3_0_ap_fixed_10_1_4_0_0_linear_config10_s'.
WARNING: [SYN 201-103] Legalizing function name 'linear<ap_fixed<16, 6, 5, 3, 0>, ap_fixed<10, 1, 4, 0, 0>, linear_config11>' to 'linear_ap_fixed_16_6_5_3_0_ap_fixed_10_1_4_0_0_linear_config11_s'.
WARNING: [SYN 201-103] Legalizing function name 'concatenate1d<ap_fixed,ap_fixed,ap_fixed<16,6,5,3,0>,config12>' to 'concatenate1d_ap_fixed_ap_fixed_ap_fixed_16_6_5_3_0_config12_s'.
WARNING: [SYN 201-103] Legalizing function name 'concatenate1d<ap_fixed,ap_fixed,ap_fixed<16,6,5,3,0>,config13>' to 'concatenate1d_ap_fixed_ap_fixed_ap_fixed_16_6_5_3_0_config13_s'.
WARNING: [SYN 201-103] Legalizing function name 'dense_resource<ap_fixed<16, 6, 5, 3, 0>, ap_fixed<16, 6, 5, 3, 0>, config14>' to 'dense_resource_ap_fixed_16_6_5_3_0_ap_fixed_16_6_5_3_0_config14_s'.
WARNING: [SYN 201-103] Legalizing function name 'dense_resource<ap_fixed<16, 6, 5, 3, 0>, ap_fixed<16, 6, 5, 3, 0>, config16>' to 'dense_resource_ap_fixed_16_6_5_3_0_ap_fixed_16_6_5_3_0_config16_s'.
WARNING: [SYN 201-103] Legalizing function name 'relu<ap_fixed<16, 6, 5, 3, 0>, ap_ufixed<8, 0, 4, 0, 0>, relu_config18>' to 'relu_ap_fixed_16_6_5_3_0_ap_ufixed_8_0_4_0_0_relu_config18_s'.
WARNING: [SYN 201-103] Legalizing function name 'relu<ap_fixed<16, 6, 5, 3, 0>, ap_ufixed<8, 0, 4, 0, 0>, relu_config19>' to 'relu_ap_fixed_16_6_5_3_0_ap_ufixed_8_0_4_0_0_relu_config19_s'.
WARNING: [SYN 201-103] Legalizing function name 'concatenate1d<ap_ufixed,ap_ufixed,ap_fixed<16,6,5,3,0>,config20>' to 'concatenate1d_ap_ufixed_ap_ufixed_ap_fixed_16_6_5_3_0_config20_s'.
WARNING: [SYN 201-103] Legalizing function name 'dense_resource<ap_fixed<16, 6, 5, 3, 0>, ap_fixed<16, 6, 5, 3, 0>, config21>' to 'dense_resource_ap_fixed_16_6_5_3_0_ap_fixed_16_6_5_3_0_config21_s'.
WARNING: [SYN 201-103] Legalizing function name 'relu<ap_fixed<16, 6, 5, 3, 0>, ap_ufixed<8, 0, 4, 0, 0>, relu_config23>' to 'relu_ap_fixed_16_6_5_3_0_ap_ufixed_8_0_4_0_0_relu_config23_s'.
WARNING: [SYN 201-103] Legalizing function name 'dense_resource<ap_ufixed<8, 0, 4, 0, 0>, ap_fixed<16, 6, 5, 3, 0>, config24>' to 'dense_resource_ap_ufixed_8_0_4_0_0_ap_fixed_16_6_5_3_0_config24_s'.
WARNING: [SYN 201-103] Legalizing function name 'relu<ap_fixed<16, 6, 5, 3, 0>, ap_ufixed<8, 0, 4, 0, 0>, relu_config26>' to 'relu_ap_fixed_16_6_5_3_0_ap_ufixed_8_0_4_0_0_relu_config26_s'.
WARNING: [SYN 201-103] Legalizing function name 'dense_resource<ap_ufixed<8, 0, 4, 0, 0>, ap_fixed<16, 6, 5, 3, 0>, config27>' to 'dense_resource_ap_ufixed_8_0_4_0_0_ap_fixed_16_6_5_3_0_config27_s'.
WARNING: [SYN 201-103] Legalizing function name 'hard_sigmoid<ap_fixed,ap_ufixed<8,0,4,0,0>,hard_sigmoid_config29>' to 'hard_sigmoid_ap_fixed_ap_ufixed_8_0_4_0_0_hard_sigmoid_config29_s'.
INFO: [HLS 200-10] ----------------------------------------------------------------
INFO: [HLS 200-42] -- Implementing module 'linear_ap_fixed_16_6_5_3_0_ap_fixed_10_1_4_0_0_linear_config3_s' 
INFO: [HLS 200-10] ----------------------------------------------------------------
INFO: [SCHED 204-11] Starting scheduling ...
INFO: [SCHED 204-61] Pipelining function 'linear<ap_fixed<16, 6, 5, 3, 0>, ap_fixed<10, 1, 4, 0, 0>, linear_config3>'.
INFO: [HLS 200-1470] Pipelining result : Target II = NA, Final II = 1, Depth = 1, function 'linear<ap_fixed<16, 6, 5, 3, 0>, ap_fixed<10, 1, 4, 0, 0>, linear_config3>'
INFO: [SCHED 204-11] Finished scheduling.
INFO: [HLS 200-111] Finished Scheduling: CPU user time: 0.42 seconds. CPU system time: 0.05 seconds. Elapsed time: 0.47 seconds; current allocated memory: 704.602 MB.
INFO: [BIND 205-100] Starting micro-architecture generation ...
INFO: [BIND 205-101] Performing variable lifetime analysis.
INFO: [BIND 205-101] Exploring resource sharing.
INFO: [BIND 205-101] Binding ...
INFO: [BIND 205-100] Finished micro-architecture generation.
INFO: [HLS 200-111] Finished Binding: CPU user time: 0.1 seconds. CPU system time: 0.01 seconds. Elapsed time: 0.11 seconds; current allocated memory: 705.734 MB.
INFO: [HLS 200-10] ----------------------------------------------------------------
INFO: [HLS 200-42] -- Implementing module 'linear_ap_fixed_16_6_5_3_0_ap_fixed_10_1_4_0_0_linear_config4_s' 
INFO: [HLS 200-10] ----------------------------------------------------------------
INFO: [SCHED 204-11] Starting scheduling ...
INFO: [SCHED 204-61] Pipelining function 'linear<ap_fixed<16, 6, 5, 3, 0>, ap_fixed<10, 1, 4, 0, 0>, linear_config4>'.
INFO: [HLS 200-1470] Pipelining result : Target II = NA, Final II = 1, Depth = 1, function 'linear<ap_fixed<16, 6, 5, 3, 0>, ap_fixed<10, 1, 4, 0, 0>, linear_config4>'
INFO: [SCHED 204-11] Finished scheduling.
INFO: [HLS 200-111] Finished Scheduling: CPU user time: 0.17 seconds. CPU system time: 0.01 seconds. Elapsed time: 0.17 seconds; current allocated memory: 710.074 MB.
INFO: [BIND 205-100] Starting micro-architecture generation ...
INFO: [BIND 205-101] Performing variable lifetime analysis.
INFO: [BIND 205-101] Exploring resource sharing.
INFO: [BIND 205-101] Binding ...
INFO: [BIND 205-100] Finished micro-architecture generation.
INFO: [HLS 200-111] Finished Binding: CPU user time: 0.06 seconds. CPU system time: 0 seconds. Elapsed time: 0.07 seconds; current allocated memory: 711.098 MB.
INFO: [HLS 200-10] ----------------------------------------------------------------
INFO: [HLS 200-42] -- Implementing module 'concatenate1d_ap_fixed_ap_fixed_ap_fixed_16_6_5_3_0_config8_s' 
INFO: [HLS 200-10] ----------------------------------------------------------------
INFO: [SCHED 204-11] Starting scheduling ...
INFO: [SCHED 204-61] Pipelining function 'concatenate1d<ap_fixed,ap_fixed,ap_fixed<16,6,5,3,0>,config8>'.
INFO: [HLS 200-1470] Pipelining result : Target II = NA, Final II = 1, Depth = 1, function 'concatenate1d<ap_fixed,ap_fixed,ap_fixed<16,6,5,3,0>,config8>'
INFO: [SCHED 204-11] Finished scheduling.
INFO: [HLS 200-111] Finished Scheduling: CPU user time: 0.09 seconds. CPU system time: 0.01 seconds. Elapsed time: 0.1 seconds; current allocated memory: 711.895 MB.
INFO: [BIND 205-100] Starting micro-architecture generation ...
INFO: [BIND 205-101] Performing variable lifetime analysis.
INFO: [BIND 205-101] Exploring resource sharing.
INFO: [BIND 205-101] Binding ...
INFO: [BIND 205-100] Finished micro-architecture generation.
INFO: [HLS 200-111] Finished Binding: CPU user time: 0.03 seconds. CPU system time: 0 seconds. Elapsed time: 0.03 seconds; current allocated memory: 712.082 MB.
INFO: [HLS 200-10] ----------------------------------------------------------------
INFO: [HLS 200-42] -- Implementing module 'linear_ap_fixed_16_6_5_3_0_ap_fixed_10_1_4_0_0_linear_config9_s' 
INFO: [HLS 200-10] ----------------------------------------------------------------
INFO: [SCHED 204-11] Starting scheduling ...
INFO: [SCHED 204-61] Pipelining function 'linear<ap_fixed<16, 6, 5, 3, 0>, ap_fixed<10, 1, 4, 0, 0>, linear_config9>'.
INFO: [HLS 200-1470] Pipelining result : Target II = NA, Final II = 1, Depth = 1, function 'linear<ap_fixed<16, 6, 5, 3, 0>, ap_fixed<10, 1, 4, 0, 0>, linear_config9>'
INFO: [SCHED 204-11] Finished scheduling.
INFO: [HLS 200-111] Finished Scheduling: CPU user time: 0.04 seconds. CPU system time: 0 seconds. Elapsed time: 0.04 seconds; current allocated memory: 712.500 MB.
INFO: [BIND 205-100] Starting micro-architecture generation ...
INFO: [BIND 205-101] Performing variable lifetime analysis.
INFO: [BIND 205-101] Exploring resource sharing.
INFO: [BIND 205-101] Binding ...
INFO: [BIND 205-100] Finished micro-architecture generation.
INFO: [HLS 200-111] Finished Binding: CPU user time: 0.02 seconds. CPU system time: 0.01 seconds. Elapsed time: 0.03 seconds; current allocated memory: 712.688 MB.
INFO: [HLS 200-10] ----------------------------------------------------------------
INFO: [HLS 200-42] -- Implementing module 'linear_ap_fixed_16_6_5_3_0_ap_fixed_10_1_4_0_0_linear_config10_s' 
INFO: [HLS 200-10] ----------------------------------------------------------------
INFO: [SCHED 204-11] Starting scheduling ...
INFO: [SCHED 204-61] Pipelining function 'linear<ap_fixed<16, 6, 5, 3, 0>, ap_fixed<10, 1, 4, 0, 0>, linear_config10>'.
INFO: [HLS 200-1470] Pipelining result : Target II = NA, Final II = 1, Depth = 1, function 'linear<ap_fixed<16, 6, 5, 3, 0>, ap_fixed<10, 1, 4, 0, 0>, linear_config10>'
INFO: [SCHED 204-11] Finished scheduling.
INFO: [HLS 200-111] Finished Scheduling: CPU user time: 0.04 seconds. CPU system time: 0 seconds. Elapsed time: 0.04 seconds; current allocated memory: 713.027 MB.
INFO: [BIND 205-100] Starting micro-architecture generation ...
INFO: [BIND 205-101] Performing variable lifetime analysis.
INFO: [BIND 205-101] Exploring resource sharing.
INFO: [BIND 205-101] Binding ...
INFO: [BIND 205-100] Finished micro-architecture generation.
INFO: [HLS 200-111] Finished Binding: CPU user time: 0.03 seconds. CPU system time: 0 seconds. Elapsed time: 0.03 seconds; current allocated memory: 713.215 MB.
INFO: [HLS 200-10] ----------------------------------------------------------------
INFO: [HLS 200-42] -- Implementing module 'linear_ap_fixed_16_6_5_3_0_ap_fixed_10_1_4_0_0_linear_config11_s' 
INFO: [HLS 200-10] ----------------------------------------------------------------
INFO: [SCHED 204-11] Starting scheduling ...
INFO: [SCHED 204-61] Pipelining function 'linear<ap_fixed<16, 6, 5, 3, 0>, ap_fixed<10, 1, 4, 0, 0>, linear_config11>'.
INFO: [HLS 200-1470] Pipelining result : Target II = NA, Final II = 1, Depth = 1, function 'linear<ap_fixed<16, 6, 5, 3, 0>, ap_fixed<10, 1, 4, 0, 0>, linear_config11>'
INFO: [SCHED 204-11] Finished scheduling.
INFO: [HLS 200-111] Finished Scheduling: CPU user time: 0.04 seconds. CPU system time: 0.01 seconds. Elapsed time: 0.05 seconds; current allocated memory: 713.617 MB.
INFO: [BIND 205-100] Starting micro-architecture generation ...
INFO: [BIND 205-101] Performing variable lifetime analysis.
INFO: [BIND 205-101] Exploring resource sharing.
INFO: [BIND 205-101] Binding ...
INFO: [BIND 205-100] Finished micro-architecture generation.
INFO: [HLS 200-111] Finished Binding: CPU user time: 0.03 seconds. CPU system time: 0 seconds. Elapsed time: 0.03 seconds; current allocated memory: 713.805 MB.
INFO: [HLS 200-10] ----------------------------------------------------------------
INFO: [HLS 200-42] -- Implementing module 'concatenate1d_ap_fixed_ap_fixed_ap_fixed_16_6_5_3_0_config12_s' 
INFO: [HLS 200-10] ----------------------------------------------------------------
INFO: [SCHED 204-11] Starting scheduling ...
INFO: [SCHED 204-61] Pipelining function 'concatenate1d<ap_fixed,ap_fixed,ap_fixed<16,6,5,3,0>,config12>'.
INFO: [HLS 200-1470] Pipelining result : Target II = NA, Final II = 1, Depth = 1, function 'concatenate1d<ap_fixed,ap_fixed,ap_fixed<16,6,5,3,0>,config12>'
INFO: [SCHED 204-11] Finished scheduling.
INFO: [HLS 200-111] Finished Scheduling: CPU user time: 0.06 seconds. CPU system time: 0.01 seconds. Elapsed time: 0.06 seconds; current allocated memory: 714.309 MB.
INFO: [BIND 205-100] Starting micro-architecture generation ...
INFO: [BIND 205-101] Performing variable lifetime analysis.
INFO: [BIND 205-101] Exploring resource sharing.
INFO: [BIND 205-101] Binding ...
INFO: [BIND 205-100] Finished micro-architecture generation.
INFO: [HLS 200-111] Finished Binding: CPU user time: 0.03 seconds. CPU system time: 0 seconds. Elapsed time: 0.04 seconds; current allocated memory: 714.434 MB.
INFO: [HLS 200-10] ----------------------------------------------------------------
INFO: [HLS 200-42] -- Implementing module 'concatenate1d_ap_fixed_ap_fixed_ap_fixed_16_6_5_3_0_config13_s' 
INFO: [HLS 200-10] ----------------------------------------------------------------
INFO: [SCHED 204-11] Starting scheduling ...
INFO: [SCHED 204-61] Pipelining function 'concatenate1d<ap_fixed,ap_fixed,ap_fixed<16,6,5,3,0>,config13>'.
INFO: [HLS 200-1470] Pipelining result : Target II = NA, Final II = 1, Depth = 1, function 'concatenate1d<ap_fixed,ap_fixed,ap_fixed<16,6,5,3,0>,config13>'
INFO: [SCHED 204-11] Finished scheduling.
INFO: [HLS 200-111] Finished Scheduling: CPU user time: 0.03 seconds. CPU system time: 0.01 seconds. Elapsed time: 0.04 seconds; current allocated memory: 714.633 MB.
INFO: [BIND 205-100] Starting micro-architecture generation ...
INFO: [BIND 205-101] Performing variable lifetime analysis.
INFO: [BIND 205-101] Exploring resource sharing.
INFO: [BIND 205-101] Binding ...
INFO: [BIND 205-100] Finished micro-architecture generation.
INFO: [HLS 200-111] Finished Binding: CPU user time: 0.03 seconds. CPU system time: 0 seconds. Elapsed time: 0.02 seconds; current allocated memory: 714.633 MB.
INFO: [HLS 200-10] ----------------------------------------------------------------
INFO: [HLS 200-42] -- Implementing module 'dense_resource_ap_fixed_16_6_5_3_0_ap_fixed_16_6_5_3_0_config14_s' 
INFO: [HLS 200-10] ----------------------------------------------------------------
INFO: [SCHED 204-11] Starting scheduling ...
INFO: [SCHED 204-61] Pipelining loop 'ReuseLoop'.
WARNING: [HLS 200-885] The II Violation in module 'dense_resource_ap_fixed_16_6_5_3_0_ap_fixed_16_6_5_3_0_config14_s' (loop 'ReuseLoop'): Unable to schedule 'load' operation 8 bit ('w', firmware/nnet_utils/nnet_dense_resource.h:55->firmware/nnet_utils/nnet_dense_resource.h:240) on array 'w14' due to limited memory ports (II = 1). Please consider using a memory core with more ports or partitioning the array 'w14'.
Resolution: For help on HLS 200-885 see docs.xilinx.com/access/sources/dita/topic?Doc_Version=2024.1%20English&url=ug1448-hls-guidance&resourceid=200-885.html
WARNING: [HLS 200-885] The II Violation in module 'dense_resource_ap_fixed_16_6_5_3_0_ap_fixed_16_6_5_3_0_config14_s' (loop 'ReuseLoop'): Unable to schedule 'load' operation 8 bit ('w', firmware/nnet_utils/nnet_dense_resource.h:55->firmware/nnet_utils/nnet_dense_resource.h:240) on array 'w14' due to limited memory ports (II = 2). Please consider using a memory core with more ports or partitioning the array 'w14'.
Resolution: For help on HLS 200-885 see docs.xilinx.com/access/sources/dita/topic?Doc_Version=2024.1%20English&url=ug1448-hls-guidance&resourceid=200-885.html
WARNING: [HLS 200-885] The II Violation in module 'dense_resource_ap_fixed_16_6_5_3_0_ap_fixed_16_6_5_3_0_config14_s' (loop 'ReuseLoop'): Unable to schedule 'load' operation 8 bit ('w', firmware/nnet_utils/nnet_dense_resource.h:55->firmware/nnet_utils/nnet_dense_resource.h:240) on array 'w14' due to limited memory ports (II = 3). Please consider using a memory core with more ports or partitioning the array 'w14'.
Resolution: For help on HLS 200-885 see docs.xilinx.com/access/sources/dita/topic?Doc_Version=2024.1%20English&url=ug1448-hls-guidance&resourceid=200-885.html
WARNING: [HLS 200-885] The II Violation in module 'dense_resource_ap_fixed_16_6_5_3_0_ap_fixed_16_6_5_3_0_config14_s' (loop 'ReuseLoop'): Unable to schedule 'load' operation 8 bit ('w', firmware/nnet_utils/nnet_dense_resource.h:55->firmware/nnet_utils/nnet_dense_resource.h:240) on array 'w14' due to limited memory ports (II = 4). Please consider using a memory core with more ports or partitioning the array 'w14'.
Resolution: For help on HLS 200-885 see docs.xilinx.com/access/sources/dita/topic?Doc_Version=2024.1%20English&url=ug1448-hls-guidance&resourceid=200-885.html
WARNING: [HLS 200-885] The II Violation in module 'dense_resource_ap_fixed_16_6_5_3_0_ap_fixed_16_6_5_3_0_config14_s' (loop 'ReuseLoop'): Unable to schedule 'load' operation 8 bit ('w', firmware/nnet_utils/nnet_dense_resource.h:55->firmware/nnet_utils/nnet_dense_resource.h:240) on array 'w14' due to limited memory ports (II = 130). Please consider using a memory core with more ports or partitioning the array 'w14'.
Resolution: For help on HLS 200-885 see docs.xilinx.com/access/sources/dita/topic?Doc_Version=2024.1%20English&url=ug1448-hls-guidance&resourceid=200-885.html
WARNING: [HLS 200-885] The II Violation in module 'dense_resource_ap_fixed_16_6_5_3_0_ap_fixed_16_6_5_3_0_config14_s' (loop 'ReuseLoop'): Unable to schedule 'load' operation 8 bit ('w', firmware/nnet_utils/nnet_dense_resource.h:55->firmware/nnet_utils/nnet_dense_resource.h:240) on array 'w14' due to limited memory ports (II = 193). Please consider using a memory core with more ports or partitioning the array 'w14'.
Resolution: For help on HLS 200-885 see docs.xilinx.com/access/sources/dita/topic?Doc_Version=2024.1%20English&url=ug1448-hls-guidance&resourceid=200-885.html
WARNING: [HLS 200-885] The II Violation in module 'dense_resource_ap_fixed_16_6_5_3_0_ap_fixed_16_6_5_3_0_config14_s' (loop 'ReuseLoop'): Unable to schedule 'load' operation 8 bit ('w', firmware/nnet_utils/nnet_dense_resource.h:55->firmware/nnet_utils/nnet_dense_resource.h:240) on array 'w14' due to limited memory ports (II = 209). Please consider using a memory core with more ports or partitioning the array 'w14'.
Resolution: For help on HLS 200-885 see docs.xilinx.com/access/sources/dita/topic?Doc_Version=2024.1%20English&url=ug1448-hls-guidance&resourceid=200-885.html
WARNING: [HLS 200-885] The II Violation in module 'dense_resource_ap_fixed_16_6_5_3_0_ap_fixed_16_6_5_3_0_config14_s' (loop 'ReuseLoop'): Unable to schedule 'load' operation 8 bit ('w', firmware/nnet_utils/nnet_dense_resource.h:55->firmware/nnet_utils/nnet_dense_resource.h:240) on array 'w14' due to limited memory ports (II = 217). Please consider using a memory core with more ports or partitioning the array 'w14'.
Resolution: For help on HLS 200-885 see docs.xilinx.com/access/sources/dita/topic?Doc_Version=2024.1%20English&url=ug1448-hls-guidance&resourceid=200-885.html
WARNING: [HLS 200-885] The II Violation in module 'dense_resource_ap_fixed_16_6_5_3_0_ap_fixed_16_6_5_3_0_config14_s' (loop 'ReuseLoop'): Unable to schedule 'load' operation 8 bit ('w', firmware/nnet_utils/nnet_dense_resource.h:55->firmware/nnet_utils/nnet_dense_resource.h:240) on array 'w14' due to limited memory ports (II = 219). Please consider using a memory core with more ports or partitioning the array 'w14'.
Resolution: For help on HLS 200-885 see docs.xilinx.com/access/sources/dita/topic?Doc_Version=2024.1%20English&url=ug1448-hls-guidance&resourceid=200-885.html
INFO: [HLS 200-1470] Pipelining result : Target II = 1, Final II = 220, Depth = 221, loop 'ReuseLoop'
INFO: [SCHED 204-11] Finished scheduling.
INFO: [HLS 200-111] Finished Scheduling: CPU user time: 119.01 seconds. CPU system time: 0.24 seconds. Elapsed time: 120.9 seconds; current allocated memory: 805.301 MB.
INFO: [BIND 205-100] Starting micro-architecture generation ...
INFO: [BIND 205-101] Performing variable lifetime analysis.
INFO: [BIND 205-101] Exploring resource sharing.
INFO: [BIND 205-101] Binding ...
INFO: [BIND 205-100] Finished micro-architecture generation.
INFO: [HLS 200-111] Finished Binding: CPU user time: 2.05 seconds. CPU system time: 0.11 seconds. Elapsed time: 3.96 seconds; current allocated memory: 805.301 MB.
INFO: [HLS 200-10] ----------------------------------------------------------------
INFO: [HLS 200-42] -- Implementing module 'dense_resource_ap_fixed_16_6_5_3_0_ap_fixed_16_6_5_3_0_config16_s' 
INFO: [HLS 200-10] ----------------------------------------------------------------
INFO: [SCHED 204-11] Starting scheduling ...
INFO: [SCHED 204-61] Pipelining loop 'ReuseLoop'.
INFO: [HLS 200-1470] Pipelining result : Target II = 1, Final II = 1, Depth = 2, loop 'ReuseLoop'
INFO: [SCHED 204-11] Finished scheduling.
INFO: [HLS 200-111] Finished Scheduling: CPU user time: 0.48 seconds. CPU system time: 0.04 seconds. Elapsed time: 0.68 seconds; current allocated memory: 805.301 MB.
INFO: [BIND 205-100] Starting micro-architecture generation ...
INFO: [BIND 205-101] Performing variable lifetime analysis.
INFO: [BIND 205-101] Exploring resource sharing.
INFO: [BIND 205-101] Binding ...
INFO: [BIND 205-100] Finished micro-architecture generation.
INFO: [HLS 200-111] Finished Binding: CPU user time: 0.03 seconds. CPU system time: 0.01 seconds. Elapsed time: 0.09 seconds; current allocated memory: 805.301 MB.
INFO: [HLS 200-10] ----------------------------------------------------------------
INFO: [HLS 200-42] -- Implementing module 'relu_ap_fixed_16_6_5_3_0_ap_ufixed_8_0_4_0_0_relu_config18_s' 
INFO: [HLS 200-10] ----------------------------------------------------------------
INFO: [SCHED 204-11] Starting scheduling ...
INFO: [SCHED 204-61] Pipelining function 'relu<ap_fixed<16, 6, 5, 3, 0>, ap_ufixed<8, 0, 4, 0, 0>, relu_config18>'.
INFO: [HLS 200-1470] Pipelining result : Target II = NA, Final II = 1, Depth = 1, function 'relu<ap_fixed<16, 6, 5, 3, 0>, ap_ufixed<8, 0, 4, 0, 0>, relu_config18>'
INFO: [SCHED 204-11] Finished scheduling.
INFO: [HLS 200-111] Finished Scheduling: CPU user time: 0.65 seconds. CPU system time: 0.01 seconds. Elapsed time: 0.66 seconds; current allocated memory: 805.301 MB.
INFO: [BIND 205-100] Starting micro-architecture generation ...
INFO: [BIND 205-101] Performing variable lifetime analysis.
INFO: [BIND 205-101] Exploring resource sharing.
INFO: [BIND 205-101] Binding ...
INFO: [BIND 205-100] Finished micro-architecture generation.
INFO: [HLS 200-111] Finished Binding: CPU user time: 0.53 seconds. CPU system time: 0.03 seconds. Elapsed time: 0.63 seconds; current allocated memory: 810.203 MB.
INFO: [HLS 200-10] ----------------------------------------------------------------
INFO: [HLS 200-42] -- Implementing module 'relu_ap_fixed_16_6_5_3_0_ap_ufixed_8_0_4_0_0_relu_config19_s' 
INFO: [HLS 200-10] ----------------------------------------------------------------
INFO: [SCHED 204-11] Starting scheduling ...
INFO: [SCHED 204-61] Pipelining function 'relu<ap_fixed<16, 6, 5, 3, 0>, ap_ufixed<8, 0, 4, 0, 0>, relu_config19>'.
INFO: [HLS 200-1470] Pipelining result : Target II = NA, Final II = 1, Depth = 1, function 'relu<ap_fixed<16, 6, 5, 3, 0>, ap_ufixed<8, 0, 4, 0, 0>, relu_config19>'
INFO: [SCHED 204-11] Finished scheduling.
INFO: [HLS 200-111] Finished Scheduling: CPU user time: 0.38 seconds. CPU system time: 0.04 seconds. Elapsed time: 0.48 seconds; current allocated memory: 810.203 MB.
INFO: [BIND 205-100] Starting micro-architecture generation ...
INFO: [BIND 205-101] Performing variable lifetime analysis.
INFO: [BIND 205-101] Exploring resource sharing.
INFO: [BIND 205-101] Binding ...
INFO: [BIND 205-100] Finished micro-architecture generation.
INFO: [HLS 200-111] Finished Binding: CPU user time: 0.04 seconds. CPU system time: 0.01 seconds. Elapsed time: 0.04 seconds; current allocated memory: 810.203 MB.
INFO: [HLS 200-10] ----------------------------------------------------------------
INFO: [HLS 200-42] -- Implementing module 'concatenate1d_ap_ufixed_ap_ufixed_ap_fixed_16_6_5_3_0_config20_s' 
INFO: [HLS 200-10] ----------------------------------------------------------------
INFO: [SCHED 204-11] Starting scheduling ...
INFO: [SCHED 204-61] Pipelining function 'concatenate1d<ap_ufixed,ap_ufixed,ap_fixed<16,6,5,3,0>,config20>'.
INFO: [HLS 200-1470] Pipelining result : Target II = NA, Final II = 1, Depth = 1, function 'concatenate1d<ap_ufixed,ap_ufixed,ap_fixed<16,6,5,3,0>,config20>'
INFO: [SCHED 204-11] Finished scheduling.
INFO: [HLS 200-111] Finished Scheduling: CPU user time: 0.13 seconds. CPU system time: 0 seconds. Elapsed time: 0.15 seconds; current allocated memory: 810.203 MB.
INFO: [BIND 205-100] Starting micro-architecture generation ...
INFO: [BIND 205-101] Performing variable lifetime analysis.
INFO: [BIND 205-101] Exploring resource sharing.
INFO: [BIND 205-101] Binding ...
INFO: [BIND 205-100] Finished micro-architecture generation.
INFO: [HLS 200-111] Finished Binding: CPU user time: 0.05 seconds. CPU system time: 0.01 seconds. Elapsed time: 0.06 seconds; current allocated memory: 810.203 MB.
INFO: [HLS 200-10] ----------------------------------------------------------------
INFO: [HLS 200-42] -- Implementing module 'dense_resource_ap_fixed_16_6_5_3_0_ap_fixed_16_6_5_3_0_config21_s' 
INFO: [HLS 200-10] ----------------------------------------------------------------
INFO: [SCHED 204-11] Starting scheduling ...
INFO: [SCHED 204-61] Pipelining loop 'ReuseLoop'.
WARNING: [HLS 200-885] The II Violation in module 'dense_resource_ap_fixed_16_6_5_3_0_ap_fixed_16_6_5_3_0_config21_s' (loop 'ReuseLoop'): Unable to schedule 'load' operation 8 bit ('w', firmware/nnet_utils/nnet_dense_resource.h:55->firmware/nnet_utils/nnet_dense_resource.h:240) on array 'w21' due to limited memory ports (II = 1). Please consider using a memory core with more ports or partitioning the array 'w21'.
Resolution: For help on HLS 200-885 see docs.xilinx.com/access/sources/dita/topic?Doc_Version=2024.1%20English&url=ug1448-hls-guidance&resourceid=200-885.html
WARNING: [HLS 200-885] The II Violation in module 'dense_resource_ap_fixed_16_6_5_3_0_ap_fixed_16_6_5_3_0_config21_s' (loop 'ReuseLoop'): Unable to schedule 'load' operation 8 bit ('w', firmware/nnet_utils/nnet_dense_resource.h:55->firmware/nnet_utils/nnet_dense_resource.h:240) on array 'w21' due to limited memory ports (II = 2). Please consider using a memory core with more ports or partitioning the array 'w21'.
Resolution: For help on HLS 200-885 see docs.xilinx.com/access/sources/dita/topic?Doc_Version=2024.1%20English&url=ug1448-hls-guidance&resourceid=200-885.html
WARNING: [HLS 200-885] The II Violation in module 'dense_resource_ap_fixed_16_6_5_3_0_ap_fixed_16_6_5_3_0_config21_s' (loop 'ReuseLoop'): Unable to schedule 'load' operation 8 bit ('w', firmware/nnet_utils/nnet_dense_resource.h:55->firmware/nnet_utils/nnet_dense_resource.h:240) on array 'w21' due to limited memory ports (II = 3). Please consider using a memory core with more ports or partitioning the array 'w21'.
Resolution: For help on HLS 200-885 see docs.xilinx.com/access/sources/dita/topic?Doc_Version=2024.1%20English&url=ug1448-hls-guidance&resourceid=200-885.html
WARNING: [HLS 200-885] The II Violation in module 'dense_resource_ap_fixed_16_6_5_3_0_ap_fixed_16_6_5_3_0_config21_s' (loop 'ReuseLoop'): Unable to schedule 'load' operation 8 bit ('w', firmware/nnet_utils/nnet_dense_resource.h:55->firmware/nnet_utils/nnet_dense_resource.h:240) on array 'w21' due to limited memory ports (II = 4). Please consider using a memory core with more ports or partitioning the array 'w21'.
Resolution: For help on HLS 200-885 see docs.xilinx.com/access/sources/dita/topic?Doc_Version=2024.1%20English&url=ug1448-hls-guidance&resourceid=200-885.html
WARNING: [HLS 200-885] The II Violation in module 'dense_resource_ap_fixed_16_6_5_3_0_ap_fixed_16_6_5_3_0_config21_s' (loop 'ReuseLoop'): Unable to schedule 'load' operation 8 bit ('w', firmware/nnet_utils/nnet_dense_resource.h:55->firmware/nnet_utils/nnet_dense_resource.h:240) on array 'w21' due to limited memory ports (II = 130). Please consider using a memory core with more ports or partitioning the array 'w21'.
Resolution: For help on HLS 200-885 see docs.xilinx.com/access/sources/dita/topic?Doc_Version=2024.1%20English&url=ug1448-hls-guidance&resourceid=200-885.html
WARNING: [HLS 200-885] The II Violation in module 'dense_resource_ap_fixed_16_6_5_3_0_ap_fixed_16_6_5_3_0_config21_s' (loop 'ReuseLoop'): Unable to schedule 'load' operation 8 bit ('w', firmware/nnet_utils/nnet_dense_resource.h:55->firmware/nnet_utils/nnet_dense_resource.h:240) on array 'w21' due to limited memory ports (II = 131). Please consider using a memory core with more ports or partitioning the array 'w21'.
Resolution: For help on HLS 200-885 see docs.xilinx.com/access/sources/dita/topic?Doc_Version=2024.1%20English&url=ug1448-hls-guidance&resourceid=200-885.html
INFO: [HLS 200-1470] Pipelining result : Target II = 1, Final II = 132, Depth = 133, loop 'ReuseLoop'
INFO: [SCHED 204-11] Finished scheduling.
INFO: [HLS 200-111] Finished Scheduling: CPU user time: 22.93 seconds. CPU system time: 0.12 seconds. Elapsed time: 23.48 seconds; current allocated memory: 878.883 MB.
INFO: [BIND 205-100] Starting micro-architecture generation ...
INFO: [BIND 205-101] Performing variable lifetime analysis.
INFO: [BIND 205-101] Exploring resource sharing.
INFO: [BIND 205-101] Binding ...
INFO: [BIND 205-100] Finished micro-architecture generation.
INFO: [HLS 200-111] Finished Binding: CPU user time: 0.83 seconds. CPU system time: 0.02 seconds. Elapsed time: 0.87 seconds; current allocated memory: 878.883 MB.
INFO: [HLS 200-10] ----------------------------------------------------------------
INFO: [HLS 200-42] -- Implementing module 'relu_ap_fixed_16_6_5_3_0_ap_ufixed_8_0_4_0_0_relu_config23_s' 
INFO: [HLS 200-10] ----------------------------------------------------------------
INFO: [SCHED 204-11] Starting scheduling ...
INFO: [SCHED 204-61] Pipelining function 'relu<ap_fixed<16, 6, 5, 3, 0>, ap_ufixed<8, 0, 4, 0, 0>, relu_config23>'.
INFO: [HLS 200-1470] Pipelining result : Target II = NA, Final II = 1, Depth = 1, function 'relu<ap_fixed<16, 6, 5, 3, 0>, ap_ufixed<8, 0, 4, 0, 0>, relu_config23>'
INFO: [SCHED 204-11] Finished scheduling.
INFO: [HLS 200-111] Finished Scheduling: CPU user time: 0.53 seconds. CPU system time: 0.03 seconds. Elapsed time: 0.56 seconds; current allocated memory: 878.883 MB.
INFO: [BIND 205-100] Starting micro-architecture generation ...
INFO: [BIND 205-101] Performing variable lifetime analysis.
INFO: [BIND 205-101] Exploring resource sharing.
INFO: [BIND 205-101] Binding ...
INFO: [BIND 205-100] Finished micro-architecture generation.
INFO: [HLS 200-111] Finished Binding: CPU user time: 0.17 seconds. CPU system time: 0.01 seconds. Elapsed time: 0.17 seconds; current allocated memory: 878.883 MB.
INFO: [HLS 200-10] ----------------------------------------------------------------
INFO: [HLS 200-42] -- Implementing module 'dense_resource_ap_ufixed_8_0_4_0_0_ap_fixed_16_6_5_3_0_config24_s' 
INFO: [HLS 200-10] ----------------------------------------------------------------
INFO: [SCHED 204-11] Starting scheduling ...
INFO: [SCHED 204-61] Pipelining loop 'ReuseLoop'.
WARNING: [HLS 200-885] The II Violation in module 'dense_resource_ap_ufixed_8_0_4_0_0_ap_fixed_16_6_5_3_0_config24_s' (loop 'ReuseLoop'): Unable to schedule 'load' operation 8 bit ('w', firmware/nnet_utils/nnet_dense_resource.h:55->firmware/nnet_utils/nnet_dense_resource.h:240) on array 'w24' due to limited memory ports (II = 1). Please consider using a memory core with more ports or partitioning the array 'w24'.
Resolution: For help on HLS 200-885 see docs.xilinx.com/access/sources/dita/topic?Doc_Version=2024.1%20English&url=ug1448-hls-guidance&resourceid=200-885.html
WARNING: [HLS 200-885] The II Violation in module 'dense_resource_ap_ufixed_8_0_4_0_0_ap_fixed_16_6_5_3_0_config24_s' (loop 'ReuseLoop'): Unable to schedule 'load' operation 8 bit ('w', firmware/nnet_utils/nnet_dense_resource.h:55->firmware/nnet_utils/nnet_dense_resource.h:240) on array 'w24' due to limited memory ports (II = 2). Please consider using a memory core with more ports or partitioning the array 'w24'.
Resolution: For help on HLS 200-885 see docs.xilinx.com/access/sources/dita/topic?Doc_Version=2024.1%20English&url=ug1448-hls-guidance&resourceid=200-885.html
WARNING: [HLS 200-885] The II Violation in module 'dense_resource_ap_ufixed_8_0_4_0_0_ap_fixed_16_6_5_3_0_config24_s' (loop 'ReuseLoop'): Unable to schedule 'load' operation 8 bit ('w', firmware/nnet_utils/nnet_dense_resource.h:55->firmware/nnet_utils/nnet_dense_resource.h:240) on array 'w24' due to limited memory ports (II = 3). Please consider using a memory core with more ports or partitioning the array 'w24'.
Resolution: For help on HLS 200-885 see docs.xilinx.com/access/sources/dita/topic?Doc_Version=2024.1%20English&url=ug1448-hls-guidance&resourceid=200-885.html
WARNING: [HLS 200-885] The II Violation in module 'dense_resource_ap_ufixed_8_0_4_0_0_ap_fixed_16_6_5_3_0_config24_s' (loop 'ReuseLoop'): Unable to schedule 'load' operation 8 bit ('w', firmware/nnet_utils/nnet_dense_resource.h:55->firmware/nnet_utils/nnet_dense_resource.h:240) on array 'w24' due to limited memory ports (II = 4). Please consider using a memory core with more ports or partitioning the array 'w24'.
Resolution: For help on HLS 200-885 see docs.xilinx.com/access/sources/dita/topic?Doc_Version=2024.1%20English&url=ug1448-hls-guidance&resourceid=200-885.html
WARNING: [HLS 200-885] The II Violation in module 'dense_resource_ap_ufixed_8_0_4_0_0_ap_fixed_16_6_5_3_0_config24_s' (loop 'ReuseLoop'): Unable to schedule 'load' operation 8 bit ('w', firmware/nnet_utils/nnet_dense_resource.h:55->firmware/nnet_utils/nnet_dense_resource.h:240) on array 'w24' due to limited memory ports (II = 35). Please consider using a memory core with more ports or partitioning the array 'w24'.
Resolution: For help on HLS 200-885 see docs.xilinx.com/access/sources/dita/topic?Doc_Version=2024.1%20English&url=ug1448-hls-guidance&resourceid=200-885.html
WARNING: [HLS 200-885] The II Violation in module 'dense_resource_ap_ufixed_8_0_4_0_0_ap_fixed_16_6_5_3_0_config24_s' (loop 'ReuseLoop'): Unable to schedule 'load' operation 8 bit ('w', firmware/nnet_utils/nnet_dense_resource.h:55->firmware/nnet_utils/nnet_dense_resource.h:240) on array 'w24' due to limited memory ports (II = 43). Please consider using a memory core with more ports or partitioning the array 'w24'.
Resolution: For help on HLS 200-885 see docs.xilinx.com/access/sources/dita/topic?Doc_Version=2024.1%20English&url=ug1448-hls-guidance&resourceid=200-885.html
INFO: [HLS 200-1470] Pipelining result : Target II = 1, Final II = 44, Depth = 45, loop 'ReuseLoop'
INFO: [SCHED 204-11] Finished scheduling.
INFO: [HLS 200-111] Finished Scheduling: CPU user time: 3.02 seconds. CPU system time: 0.01 seconds. Elapsed time: 3.04 seconds; current allocated memory: 878.883 MB.
INFO: [BIND 205-100] Starting micro-architecture generation ...
INFO: [BIND 205-101] Performing variable lifetime analysis.
INFO: [BIND 205-101] Exploring resource sharing.
INFO: [BIND 205-101] Binding ...
INFO: [BIND 205-100] Finished micro-architecture generation.
INFO: [HLS 200-111] Finished Binding: CPU user time: 0.17 seconds. CPU system time: 0.01 seconds. Elapsed time: 0.21 seconds; current allocated memory: 878.883 MB.
INFO: [HLS 200-10] ----------------------------------------------------------------
INFO: [HLS 200-42] -- Implementing module 'relu_ap_fixed_16_6_5_3_0_ap_ufixed_8_0_4_0_0_relu_config26_s' 
INFO: [HLS 200-10] ----------------------------------------------------------------
INFO: [SCHED 204-11] Starting scheduling ...
INFO: [SCHED 204-61] Pipelining function 'relu<ap_fixed<16, 6, 5, 3, 0>, ap_ufixed<8, 0, 4, 0, 0>, relu_config26>'.
INFO: [HLS 200-1470] Pipelining result : Target II = NA, Final II = 1, Depth = 1, function 'relu<ap_fixed<16, 6, 5, 3, 0>, ap_ufixed<8, 0, 4, 0, 0>, relu_config26>'
INFO: [SCHED 204-11] Finished scheduling.
INFO: [HLS 200-111] Finished Scheduling: CPU user time: 0.21 seconds. CPU system time: 0.02 seconds. Elapsed time: 0.25 seconds; current allocated memory: 878.883 MB.
INFO: [BIND 205-100] Starting micro-architecture generation ...
INFO: [BIND 205-101] Performing variable lifetime analysis.
INFO: [BIND 205-101] Exploring resource sharing.
INFO: [BIND 205-101] Binding ...
INFO: [BIND 205-100] Finished micro-architecture generation.
INFO: [HLS 200-111] Finished Binding: CPU user time: 0.07 seconds. CPU system time: 0.01 seconds. Elapsed time: 0.08 seconds; current allocated memory: 878.883 MB.
INFO: [HLS 200-10] ----------------------------------------------------------------
INFO: [HLS 200-42] -- Implementing module 'dense_resource_ap_ufixed_8_0_4_0_0_ap_fixed_16_6_5_3_0_config27_s' 
INFO: [HLS 200-10] ----------------------------------------------------------------
INFO: [SCHED 204-11] Starting scheduling ...
INFO: [SCHED 204-61] Pipelining loop 'ReuseLoop'.
INFO: [HLS 200-1470] Pipelining result : Target II = 1, Final II = 1, Depth = 2, loop 'ReuseLoop'
INFO: [SCHED 204-11] Finished scheduling.
INFO: [HLS 200-111] Finished Scheduling: CPU user time: 0.1 seconds. CPU system time: 0.01 seconds. Elapsed time: 0.1 seconds; current allocated memory: 878.883 MB.
INFO: [BIND 205-100] Starting micro-architecture generation ...
INFO: [BIND 205-101] Performing variable lifetime analysis.
INFO: [BIND 205-101] Exploring resource sharing.
INFO: [BIND 205-101] Binding ...
INFO: [BIND 205-100] Finished micro-architecture generation.
INFO: [HLS 200-111] Finished Binding: CPU user time: 0.03 seconds. CPU system time: 0 seconds. Elapsed time: 0.03 seconds; current allocated memory: 878.883 MB.
INFO: [HLS 200-10] ----------------------------------------------------------------
INFO: [HLS 200-42] -- Implementing module 'hard_sigmoid_ap_fixed_ap_ufixed_8_0_4_0_0_hard_sigmoid_config29_s' 
INFO: [HLS 200-10] ----------------------------------------------------------------
INFO: [SCHED 204-11] Starting scheduling ...
INFO: [SCHED 204-61] Pipelining function 'hard_sigmoid<ap_fixed,ap_ufixed<8,0,4,0,0>,hard_sigmoid_config29>'.
INFO: [HLS 200-1470] Pipelining result : Target II = NA, Final II = 1, Depth = 1, function 'hard_sigmoid<ap_fixed,ap_ufixed<8,0,4,0,0>,hard_sigmoid_config29>'
INFO: [SCHED 204-11] Finished scheduling.
INFO: [HLS 200-111] Finished Scheduling: CPU user time: 0.05 seconds. CPU system time: 0.01 seconds. Elapsed time: 0.05 seconds; current allocated memory: 878.883 MB.
INFO: [BIND 205-100] Starting micro-architecture generation ...
INFO: [BIND 205-101] Performing variable lifetime analysis.
INFO: [BIND 205-101] Exploring resource sharing.
INFO: [BIND 205-101] Binding ...
INFO: [BIND 205-100] Finished micro-architecture generation.
INFO: [HLS 200-111] Finished Binding: CPU user time: 0.03 seconds. CPU system time: 0 seconds. Elapsed time: 0.03 seconds; current allocated memory: 878.883 MB.
INFO: [HLS 200-10] ----------------------------------------------------------------
INFO: [HLS 200-42] -- Implementing module 'myproject' 
INFO: [HLS 200-10] ----------------------------------------------------------------
INFO: [SCHED 204-11] Starting scheduling ...
INFO: [SCHED 204-11] Finished scheduling.
WARNING: [HLS 200-1020] Increasing the depth of FIFO layer9_out (from linear_ap_fixed_16_6_5_3_0_ap_fixed_10_1_4_0_0_linear_config9_U0 to concatenate1d_ap_fixed_ap_fixed_ap_fixed_16_6_5_3_0_config12_U0) to 3 to improve performance and/or avoid deadlocks.
WARNING: [HLS 200-1020] Increasing the depth of FIFO layer19_out (from relu_ap_fixed_16_6_5_3_0_ap_ufixed_8_0_4_0_0_relu_config19_U0 to concatenate1d_ap_ufixed_ap_ufixed_ap_fixed_16_6_5_3_0_config20_U0) to 3 to improve performance and/or avoid deadlocks.
WARNING: [HLS 200-1020] Increasing the depth of FIFO layer19_out_1 (from relu_ap_fixed_16_6_5_3_0_ap_ufixed_8_0_4_0_0_relu_config19_U0 to concatenate1d_ap_ufixed_ap_ufixed_ap_fixed_16_6_5_3_0_config20_U0) to 3 to improve performance and/or avoid deadlocks.
INFO: [HLS 200-111] Finished Scheduling: CPU user time: 0.18 seconds. CPU system time: 0.01 seconds. Elapsed time: 0.19 seconds; current allocated memory: 878.883 MB.
INFO: [BIND 205-100] Starting micro-architecture generation ...
INFO: [BIND 205-101] Performing variable lifetime analysis.
INFO: [BIND 205-101] Exploring resource sharing.
INFO: [BIND 205-101] Binding ...
INFO: [BIND 205-100] Finished micro-architecture generation.
INFO: [HLS 200-111] Finished Binding: CPU user time: 0.14 seconds. CPU system time: 0.01 seconds. Elapsed time: 0.26 seconds; current allocated memory: 878.883 MB.
INFO: [HLS 200-10] ----------------------------------------------------------------
INFO: [HLS 200-10] -- Generating RTL for module 'linear_ap_fixed_16_6_5_3_0_ap_fixed_10_1_4_0_0_linear_config3_s' 
INFO: [HLS 200-10] ----------------------------------------------------------------
INFO: [RTGEN 206-100] Finished creating RTL model for 'linear_ap_fixed_16_6_5_3_0_ap_fixed_10_1_4_0_0_linear_config3_s'.
INFO: [HLS 200-111] Finished Creating RTL model: CPU user time: 0.3 seconds. CPU system time: 0.01 seconds. Elapsed time: 0.35 seconds; current allocated memory: 878.883 MB.
INFO: [HLS 200-10] ----------------------------------------------------------------
INFO: [HLS 200-10] -- Generating RTL for module 'linear_ap_fixed_16_6_5_3_0_ap_fixed_10_1_4_0_0_linear_config4_s' 
INFO: [HLS 200-10] ----------------------------------------------------------------
INFO: [RTGEN 206-100] Finished creating RTL model for 'linear_ap_fixed_16_6_5_3_0_ap_fixed_10_1_4_0_0_linear_config4_s'.
INFO: [HLS 200-111] Finished Creating RTL model: CPU user time: 0.32 seconds. CPU system time: 0.04 seconds. Elapsed time: 0.5 seconds; current allocated memory: 878.883 MB.
INFO: [HLS 200-10] ----------------------------------------------------------------
INFO: [HLS 200-10] -- Generating RTL for module 'concatenate1d_ap_fixed_ap_fixed_ap_fixed_16_6_5_3_0_config8_s' 
INFO: [HLS 200-10] ----------------------------------------------------------------
INFO: [RTGEN 206-100] Finished creating RTL model for 'concatenate1d_ap_fixed_ap_fixed_ap_fixed_16_6_5_3_0_config8_s'.
INFO: [HLS 200-111] Finished Creating RTL model: CPU user time: 0.21 seconds. CPU system time: 0.05 seconds. Elapsed time: 0.34 seconds; current allocated memory: 890.066 MB.
INFO: [HLS 200-10] ----------------------------------------------------------------
INFO: [HLS 200-10] -- Generating RTL for module 'linear_ap_fixed_16_6_5_3_0_ap_fixed_10_1_4_0_0_linear_config9_s' 
INFO: [HLS 200-10] ----------------------------------------------------------------
INFO: [RTGEN 206-100] Finished creating RTL model for 'linear_ap_fixed_16_6_5_3_0_ap_fixed_10_1_4_0_0_linear_config9_s'.
INFO: [HLS 200-111] Finished Creating RTL model: CPU user time: 0.08 seconds. CPU system time: 0.01 seconds. Elapsed time: 0.11 seconds; current allocated memory: 895.047 MB.
INFO: [HLS 200-10] ----------------------------------------------------------------
INFO: [HLS 200-10] -- Generating RTL for module 'linear_ap_fixed_16_6_5_3_0_ap_fixed_10_1_4_0_0_linear_config10_s' 
INFO: [HLS 200-10] ----------------------------------------------------------------
INFO: [RTGEN 206-100] Finished creating RTL model for 'linear_ap_fixed_16_6_5_3_0_ap_fixed_10_1_4_0_0_linear_config10_s'.
INFO: [HLS 200-111] Finished Creating RTL model: CPU user time: 0.07 seconds. CPU system time: 0.01 seconds. Elapsed time: 0.08 seconds; current allocated memory: 896.988 MB.
INFO: [HLS 200-10] ----------------------------------------------------------------
INFO: [HLS 200-10] -- Generating RTL for module 'linear_ap_fixed_16_6_5_3_0_ap_fixed_10_1_4_0_0_linear_config11_s' 
INFO: [HLS 200-10] ----------------------------------------------------------------
INFO: [RTGEN 206-100] Finished creating RTL model for 'linear_ap_fixed_16_6_5_3_0_ap_fixed_10_1_4_0_0_linear_config11_s'.
INFO: [HLS 200-111] Finished Creating RTL model: CPU user time: 0.07 seconds. CPU system time: 0 seconds. Elapsed time: 0.07 seconds; current allocated memory: 898.215 MB.
INFO: [HLS 200-10] ----------------------------------------------------------------
INFO: [HLS 200-10] -- Generating RTL for module 'concatenate1d_ap_fixed_ap_fixed_ap_fixed_16_6_5_3_0_config12_s' 
INFO: [HLS 200-10] ----------------------------------------------------------------
INFO: [RTGEN 206-100] Finished creating RTL model for 'concatenate1d_ap_fixed_ap_fixed_ap_fixed_16_6_5_3_0_config12_s'.
INFO: [HLS 200-111] Finished Creating RTL model: CPU user time: 0.09 seconds. CPU system time: 0 seconds. Elapsed time: 0.1 seconds; current allocated memory: 899.508 MB.
INFO: [HLS 200-10] ----------------------------------------------------------------
INFO: [HLS 200-10] -- Generating RTL for module 'concatenate1d_ap_fixed_ap_fixed_ap_fixed_16_6_5_3_0_config13_s' 
INFO: [HLS 200-10] ----------------------------------------------------------------
INFO: [RTGEN 206-100] Finished creating RTL model for 'concatenate1d_ap_fixed_ap_fixed_ap_fixed_16_6_5_3_0_config13_s'.
INFO: [HLS 200-111] Finished Creating RTL model: CPU user time: 0.08 seconds. CPU system time: 0 seconds. Elapsed time: 0.09 seconds; current allocated memory: 903.949 MB.
INFO: [HLS 200-10] ----------------------------------------------------------------
INFO: [HLS 200-10] -- Generating RTL for module 'dense_resource_ap_fixed_16_6_5_3_0_ap_fixed_16_6_5_3_0_config14_s' 
INFO: [HLS 200-10] ----------------------------------------------------------------
INFO: [RTGEN 206-100] Generating core module 'mul_11s_8s_19_1_1': 440 instance(s).
INFO: [RTGEN 206-100] Generating core module 'sparsemux_15_3_11_1_1': 5 instance(s).
INFO: [RTGEN 206-100] Finished creating RTL model for 'dense_resource_ap_fixed_16_6_5_3_0_ap_fixed_16_6_5_3_0_config14_s'.
INFO: [HLS 200-111] Finished Creating RTL model: CPU user time: 1.17 seconds. CPU system time: 0.08 seconds. Elapsed time: 1.28 seconds; current allocated memory: 971.281 MB.
INFO: [HLS 200-10] ----------------------------------------------------------------
INFO: [HLS 200-10] -- Generating RTL for module 'dense_resource_ap_fixed_16_6_5_3_0_ap_fixed_16_6_5_3_0_config16_s' 
INFO: [HLS 200-10] ----------------------------------------------------------------
INFO: [SYN 201-210] Renamed object name 'dense_resource_ap_fixed_16_6_5_3_0_ap_fixed_16_6_5_3_0_config16_s_outidx_i_ROM_AUTO_1R' to 'dense_resource_ap_fixed_16_6_5_3_0_ap_fixed_16_6_5_3_0_config16_s_outidx_i_RObkb' due to the length limit 80
INFO: [RTGEN 206-100] Generating core module 'mul_11s_8s_19_1_1': 1 instance(s).
INFO: [RTGEN 206-100] Finished creating RTL model for 'dense_resource_ap_fixed_16_6_5_3_0_ap_fixed_16_6_5_3_0_config16_s'.
INFO: [RTMG 210-279] Implementing memory 'myproject_dense_resource_ap_fixed_16_6_5_3_0_ap_fixed_16_6_5_3_0_config16_s_outidx_i_RObkb' using auto ROMs.
INFO: [HLS 200-111] Finished Creating RTL model: CPU user time: 1.9 seconds. CPU system time: 0.21 seconds. Elapsed time: 2.18 seconds; current allocated memory: 1.014 GB.
INFO: [HLS 200-10] ----------------------------------------------------------------
INFO: [HLS 200-10] -- Generating RTL for module 'relu_ap_fixed_16_6_5_3_0_ap_ufixed_8_0_4_0_0_relu_config18_s' 
INFO: [HLS 200-10] ----------------------------------------------------------------
INFO: [RTGEN 206-100] Finished creating RTL model for 'relu_ap_fixed_16_6_5_3_0_ap_ufixed_8_0_4_0_0_relu_config18_s'.
INFO: [HLS 200-111] Finished Creating RTL model: CPU user time: 0.51 seconds. CPU system time: 0.03 seconds. Elapsed time: 0.53 seconds; current allocated memory: 1.052 GB.
INFO: [HLS 200-10] ----------------------------------------------------------------
INFO: [HLS 200-10] -- Generating RTL for module 'relu_ap_fixed_16_6_5_3_0_ap_ufixed_8_0_4_0_0_relu_config19_s' 
INFO: [HLS 200-10] ----------------------------------------------------------------
INFO: [RTGEN 206-100] Finished creating RTL model for 'relu_ap_fixed_16_6_5_3_0_ap_ufixed_8_0_4_0_0_relu_config19_s'.
INFO: [HLS 200-111] Finished Creating RTL model: CPU user time: 0.95 seconds. CPU system time: 0.08 seconds. Elapsed time: 1.05 seconds; current allocated memory: 1.097 GB.
INFO: [HLS 200-10] ----------------------------------------------------------------
INFO: [HLS 200-10] -- Generating RTL for module 'concatenate1d_ap_ufixed_ap_ufixed_ap_fixed_16_6_5_3_0_config20_s' 
INFO: [HLS 200-10] ----------------------------------------------------------------
INFO: [RTGEN 206-100] Finished creating RTL model for 'concatenate1d_ap_ufixed_ap_ufixed_ap_fixed_16_6_5_3_0_config20_s'.
INFO: [HLS 200-111] Finished Creating RTL model: CPU user time: 0.32 seconds. CPU system time: 0.02 seconds. Elapsed time: 0.33 seconds; current allocated memory: 1.110 GB.
INFO: [HLS 200-10] ----------------------------------------------------------------
INFO: [HLS 200-10] -- Generating RTL for module 'dense_resource_ap_fixed_16_6_5_3_0_ap_fixed_16_6_5_3_0_config21_s' 
INFO: [HLS 200-10] ----------------------------------------------------------------
INFO: [RTGEN 206-100] Generating core module 'mul_10ns_8s_18_1_1': 264 instance(s).
INFO: [RTGEN 206-100] Generating core module 'sparsemux_31_4_10_1_1': 6 instance(s).
INFO: [RTGEN 206-100] Finished creating RTL model for 'dense_resource_ap_fixed_16_6_5_3_0_ap_fixed_16_6_5_3_0_config21_s'.
INFO: [HLS 200-111] Finished Creating RTL model: CPU user time: 0.69 seconds. CPU system time: 0.03 seconds. Elapsed time: 0.72 seconds; current allocated memory: 1.143 GB.
INFO: [HLS 200-10] ----------------------------------------------------------------
INFO: [HLS 200-10] -- Generating RTL for module 'relu_ap_fixed_16_6_5_3_0_ap_ufixed_8_0_4_0_0_relu_config23_s' 
INFO: [HLS 200-10] ----------------------------------------------------------------
INFO: [RTGEN 206-100] Finished creating RTL model for 'relu_ap_fixed_16_6_5_3_0_ap_ufixed_8_0_4_0_0_relu_config23_s'.
INFO: [HLS 200-111] Finished Creating RTL model: CPU user time: 1.3 seconds. CPU system time: 0.15 seconds. Elapsed time: 1.48 seconds; current allocated memory: 1.206 GB.
INFO: [HLS 200-10] ----------------------------------------------------------------
INFO: [HLS 200-10] -- Generating RTL for module 'dense_resource_ap_ufixed_8_0_4_0_0_ap_fixed_16_6_5_3_0_config24_s' 
INFO: [HLS 200-10] ----------------------------------------------------------------
INFO: [RTGEN 206-100] Generating core module 'mul_8s_8ns_16_1_1': 88 instance(s).
INFO: [RTGEN 206-100] Generating core module 'sparsemux_23_4_8_1_1': 4 instance(s).
INFO: [RTGEN 206-100] Finished creating RTL model for 'dense_resource_ap_ufixed_8_0_4_0_0_ap_fixed_16_6_5_3_0_config24_s'.
INFO: [HLS 200-111] Finished Creating RTL model: CPU user time: 0.62 seconds. CPU system time: 0.06 seconds. Elapsed time: 0.7 seconds; current allocated memory: 1.235 GB.
INFO: [HLS 200-10] ----------------------------------------------------------------
INFO: [HLS 200-10] -- Generating RTL for module 'relu_ap_fixed_16_6_5_3_0_ap_ufixed_8_0_4_0_0_relu_config26_s' 
INFO: [HLS 200-10] ----------------------------------------------------------------
INFO: [RTGEN 206-100] Finished creating RTL model for 'relu_ap_fixed_16_6_5_3_0_ap_ufixed_8_0_4_0_0_relu_config26_s'.
INFO: [HLS 200-111] Finished Creating RTL model: CPU user time: 0.52 seconds. CPU system time: 0.06 seconds. Elapsed time: 0.6 seconds; current allocated memory: 1.257 GB.
INFO: [HLS 200-10] ----------------------------------------------------------------
INFO: [HLS 200-10] -- Generating RTL for module 'dense_resource_ap_ufixed_8_0_4_0_0_ap_fixed_16_6_5_3_0_config27_s' 
INFO: [HLS 200-10] ----------------------------------------------------------------
INFO: [RTGEN 206-100] Generating core module 'mul_8s_8ns_16_1_1': 2 instance(s).
INFO: [RTGEN 206-100] Generating core module 'sparsemux_23_4_8_1_1': 2 instance(s).
INFO: [RTGEN 206-100] Finished creating RTL model for 'dense_resource_ap_ufixed_8_0_4_0_0_ap_fixed_16_6_5_3_0_config27_s'.
INFO: [HLS 200-111] Finished Creating RTL model: CPU user time: 0.3 seconds. CPU system time: 0.04 seconds. Elapsed time: 0.35 seconds; current allocated memory: 1.293 GB.
INFO: [HLS 200-10] ----------------------------------------------------------------
INFO: [HLS 200-10] -- Generating RTL for module 'hard_sigmoid_ap_fixed_ap_ufixed_8_0_4_0_0_hard_sigmoid_config29_s' 
INFO: [HLS 200-10] ----------------------------------------------------------------
INFO: [RTGEN 206-100] Finished creating RTL model for 'hard_sigmoid_ap_fixed_ap_ufixed_8_0_4_0_0_hard_sigmoid_config29_s'.
INFO: [HLS 200-111] Finished Creating RTL model: CPU user time: 0.16 seconds. CPU system time: 0.01 seconds. Elapsed time: 0.17 seconds; current allocated memory: 1.308 GB.
INFO: [HLS 200-10] ----------------------------------------------------------------
INFO: [HLS 200-10] -- Generating RTL for module 'myproject' 
INFO: [HLS 200-10] ----------------------------------------------------------------
INFO: [RTGEN 206-500] Setting interface mode on port 'myproject/x_profile' to 'ap_vld'.
INFO: [RTGEN 206-500] Setting interface mode on port 'myproject/nModule' to 'ap_vld'.
INFO: [RTGEN 206-500] Setting interface mode on port 'myproject/x_local' to 'ap_vld'.
INFO: [RTGEN 206-500] Setting interface mode on port 'myproject/y_profile' to 'ap_vld'.
INFO: [RTGEN 206-500] Setting interface mode on port 'myproject/y_local' to 'ap_vld'.
INFO: [RTGEN 206-500] Setting interface mode on port 'myproject/layer29_out' to 'ap_vld'.
INFO: [RTGEN 206-500] Setting interface mode on port 'myproject/w14' to 'ap_memory'.
INFO: [RTGEN 206-500] Setting interface mode on port 'myproject/b14_0' to 'ap_none'.
INFO: [RTGEN 206-500] Setting interface mode on port 'myproject/b14_1' to 'ap_none'.
INFO: [RTGEN 206-500] Setting interface mode on port 'myproject/b14_2' to 'ap_none'.
INFO: [RTGEN 206-500] Setting interface mode on port 'myproject/b14_3' to 'ap_none'.
INFO: [RTGEN 206-500] Setting interface mode on port 'myproject/b14_4' to 'ap_none'.
INFO: [RTGEN 206-500] Setting interface mode on port 'myproject/b14_5' to 'ap_none'.
INFO: [RTGEN 206-500] Setting interface mode on port 'myproject/b14_6' to 'ap_none'.
INFO: [RTGEN 206-500] Setting interface mode on port 'myproject/b14_7' to 'ap_none'.
INFO: [RTGEN 206-500] Setting interface mode on port 'myproject/b14_8' to 'ap_none'.
INFO: [RTGEN 206-500] Setting interface mode on port 'myproject/b14_9' to 'ap_none'.
INFO: [RTGEN 206-500] Setting interface mode on port 'myproject/b14_10' to 'ap_none'.
INFO: [RTGEN 206-500] Setting interface mode on port 'myproject/b14_11' to 'ap_none'.
INFO: [RTGEN 206-500] Setting interface mode on port 'myproject/b14_12' to 'ap_none'.
INFO: [RTGEN 206-500] Setting interface mode on port 'myproject/b14_13' to 'ap_none'.
INFO: [RTGEN 206-500] Setting interface mode on port 'myproject/b14_14' to 'ap_none'.
INFO: [RTGEN 206-500] Setting interface mode on port 'myproject/b14_15' to 'ap_none'.
INFO: [RTGEN 206-500] Setting interface mode on port 'myproject/b14_16' to 'ap_none'.
INFO: [RTGEN 206-500] Setting interface mode on port 'myproject/b14_17' to 'ap_none'.
INFO: [RTGEN 206-500] Setting interface mode on port 'myproject/b14_18' to 'ap_none'.
INFO: [RTGEN 206-500] Setting interface mode on port 'myproject/b14_19' to 'ap_none'.
INFO: [RTGEN 206-500] Setting interface mode on port 'myproject/b14_20' to 'ap_none'.
INFO: [RTGEN 206-500] Setting interface mode on port 'myproject/b14_21' to 'ap_none'.
INFO: [RTGEN 206-500] Setting interface mode on port 'myproject/b14_22' to 'ap_none'.
INFO: [RTGEN 206-500] Setting interface mode on port 'myproject/b14_23' to 'ap_none'.
INFO: [RTGEN 206-500] Setting interface mode on port 'myproject/b14_24' to 'ap_none'.
INFO: [RTGEN 206-500] Setting interface mode on port 'myproject/b14_25' to 'ap_none'.
INFO: [RTGEN 206-500] Setting interface mode on port 'myproject/b14_26' to 'ap_none'.
INFO: [RTGEN 206-500] Setting interface mode on port 'myproject/b14_27' to 'ap_none'.
INFO: [RTGEN 206-500] Setting interface mode on port 'myproject/b14_28' to 'ap_none'.
INFO: [RTGEN 206-500] Setting interface mode on port 'myproject/b14_29' to 'ap_none'.
INFO: [RTGEN 206-500] Setting interface mode on port 'myproject/b14_30' to 'ap_none'.
INFO: [RTGEN 206-500] Setting interface mode on port 'myproject/b14_31' to 'ap_none'.
INFO: [RTGEN 206-500] Setting interface mode on port 'myproject/b14_32' to 'ap_none'.
INFO: [RTGEN 206-500] Setting interface mode on port 'myproject/b14_33' to 'ap_none'.
INFO: [RTGEN 206-500] Setting interface mode on port 'myproject/b14_34' to 'ap_none'.
INFO: [RTGEN 206-500] Setting interface mode on port 'myproject/b14_35' to 'ap_none'.
INFO: [RTGEN 206-500] Setting interface mode on port 'myproject/b14_36' to 'ap_none'.
INFO: [RTGEN 206-500] Setting interface mode on port 'myproject/b14_37' to 'ap_none'.
INFO: [RTGEN 206-500] Setting interface mode on port 'myproject/b14_38' to 'ap_none'.
INFO: [RTGEN 206-500] Setting interface mode on port 'myproject/b14_39' to 'ap_none'.
INFO: [RTGEN 206-500] Setting interface mode on port 'myproject/b14_40' to 'ap_none'.
INFO: [RTGEN 206-500] Setting interface mode on port 'myproject/b14_41' to 'ap_none'.
INFO: [RTGEN 206-500] Setting interface mode on port 'myproject/b14_42' to 'ap_none'.
INFO: [RTGEN 206-500] Setting interface mode on port 'myproject/b14_43' to 'ap_none'.
INFO: [RTGEN 206-500] Setting interface mode on port 'myproject/b14_44' to 'ap_none'.
INFO: [RTGEN 206-500] Setting interface mode on port 'myproject/b14_45' to 'ap_none'.
INFO: [RTGEN 206-500] Setting interface mode on port 'myproject/b14_46' to 'ap_none'.
INFO: [RTGEN 206-500] Setting interface mode on port 'myproject/b14_47' to 'ap_none'.
INFO: [RTGEN 206-500] Setting interface mode on port 'myproject/b14_48' to 'ap_none'.
INFO: [RTGEN 206-500] Setting interface mode on port 'myproject/b14_49' to 'ap_none'.
INFO: [RTGEN 206-500] Setting interface mode on port 'myproject/b14_50' to 'ap_none'.
INFO: [RTGEN 206-500] Setting interface mode on port 'myproject/b14_51' to 'ap_none'.
INFO: [RTGEN 206-500] Setting interface mode on port 'myproject/b14_52' to 'ap_none'.
INFO: [RTGEN 206-500] Setting interface mode on port 'myproject/b14_53' to 'ap_none'.
INFO: [RTGEN 206-500] Setting interface mode on port 'myproject/b14_54' to 'ap_none'.
INFO: [RTGEN 206-500] Setting interface mode on port 'myproject/b14_55' to 'ap_none'.
INFO: [RTGEN 206-500] Setting interface mode on port 'myproject/b14_56' to 'ap_none'.
INFO: [RTGEN 206-500] Setting interface mode on port 'myproject/b14_57' to 'ap_none'.
INFO: [RTGEN 206-500] Setting interface mode on port 'myproject/b14_58' to 'ap_none'.
INFO: [RTGEN 206-500] Setting interface mode on port 'myproject/b14_59' to 'ap_none'.
INFO: [RTGEN 206-500] Setting interface mode on port 'myproject/b14_60' to 'ap_none'.
INFO: [RTGEN 206-500] Setting interface mode on port 'myproject/b14_61' to 'ap_none'.
INFO: [RTGEN 206-500] Setting interface mode on port 'myproject/b14_62' to 'ap_none'.
INFO: [RTGEN 206-500] Setting interface mode on port 'myproject/b14_63' to 'ap_none'.
INFO: [RTGEN 206-500] Setting interface mode on port 'myproject/b14_64' to 'ap_none'.
INFO: [RTGEN 206-500] Setting interface mode on port 'myproject/b14_65' to 'ap_none'.
INFO: [RTGEN 206-500] Setting interface mode on port 'myproject/b14_66' to 'ap_none'.
INFO: [RTGEN 206-500] Setting interface mode on port 'myproject/b14_67' to 'ap_none'.
INFO: [RTGEN 206-500] Setting interface mode on port 'myproject/b14_68' to 'ap_none'.
INFO: [RTGEN 206-500] Setting interface mode on port 'myproject/b14_69' to 'ap_none'.
INFO: [RTGEN 206-500] Setting interface mode on port 'myproject/b14_70' to 'ap_none'.
INFO: [RTGEN 206-500] Setting interface mode on port 'myproject/b14_71' to 'ap_none'.
INFO: [RTGEN 206-500] Setting interface mode on port 'myproject/b14_72' to 'ap_none'.
INFO: [RTGEN 206-500] Setting interface mode on port 'myproject/b14_73' to 'ap_none'.
INFO: [RTGEN 206-500] Setting interface mode on port 'myproject/b14_74' to 'ap_none'.
INFO: [RTGEN 206-500] Setting interface mode on port 'myproject/b14_75' to 'ap_none'.
INFO: [RTGEN 206-500] Setting interface mode on port 'myproject/b14_76' to 'ap_none'.
INFO: [RTGEN 206-500] Setting interface mode on port 'myproject/b14_77' to 'ap_none'.
INFO: [RTGEN 206-500] Setting interface mode on port 'myproject/b14_78' to 'ap_none'.
INFO: [RTGEN 206-500] Setting interface mode on port 'myproject/b14_79' to 'ap_none'.
INFO: [RTGEN 206-500] Setting interface mode on port 'myproject/b14_80' to 'ap_none'.
INFO: [RTGEN 206-500] Setting interface mode on port 'myproject/b14_81' to 'ap_none'.
INFO: [RTGEN 206-500] Setting interface mode on port 'myproject/b14_82' to 'ap_none'.
INFO: [RTGEN 206-500] Setting interface mode on port 'myproject/b14_83' to 'ap_none'.
INFO: [RTGEN 206-500] Setting interface mode on port 'myproject/b14_84' to 'ap_none'.
INFO: [RTGEN 206-500] Setting interface mode on port 'myproject/b14_85' to 'ap_none'.
INFO: [RTGEN 206-500] Setting interface mode on port 'myproject/b14_86' to 'ap_none'.
INFO: [RTGEN 206-500] Setting interface mode on port 'myproject/b14_87' to 'ap_none'.
INFO: [RTGEN 206-500] Setting interface mode on port 'myproject/w16' to 'ap_memory'.
INFO: [RTGEN 206-500] Setting interface mode on port 'myproject/b16_0' to 'ap_none'.
INFO: [RTGEN 206-500] Setting interface mode on port 'myproject/b16_1' to 'ap_none'.
INFO: [RTGEN 206-500] Setting interface mode on port 'myproject/w21' to 'ap_memory'.
INFO: [RTGEN 206-500] Setting interface mode on port 'myproject/b21_0' to 'ap_none'.
INFO: [RTGEN 206-500] Setting interface mode on port 'myproject/b21_1' to 'ap_none'.
INFO: [RTGEN 206-500] Setting interface mode on port 'myproject/b21_2' to 'ap_none'.
INFO: [RTGEN 206-500] Setting interface mode on port 'myproject/b21_3' to 'ap_none'.
INFO: [RTGEN 206-500] Setting interface mode on port 'myproject/b21_4' to 'ap_none'.
INFO: [RTGEN 206-500] Setting interface mode on port 'myproject/b21_5' to 'ap_none'.
INFO: [RTGEN 206-500] Setting interface mode on port 'myproject/b21_6' to 'ap_none'.
INFO: [RTGEN 206-500] Setting interface mode on port 'myproject/b21_7' to 'ap_none'.
INFO: [RTGEN 206-500] Setting interface mode on port 'myproject/b21_8' to 'ap_none'.
INFO: [RTGEN 206-500] Setting interface mode on port 'myproject/b21_9' to 'ap_none'.
INFO: [RTGEN 206-500] Setting interface mode on port 'myproject/b21_10' to 'ap_none'.
INFO: [RTGEN 206-500] Setting interface mode on port 'myproject/b21_11' to 'ap_none'.
INFO: [RTGEN 206-500] Setting interface mode on port 'myproject/b21_12' to 'ap_none'.
INFO: [RTGEN 206-500] Setting interface mode on port 'myproject/b21_13' to 'ap_none'.
INFO: [RTGEN 206-500] Setting interface mode on port 'myproject/b21_14' to 'ap_none'.
INFO: [RTGEN 206-500] Setting interface mode on port 'myproject/b21_15' to 'ap_none'.
INFO: [RTGEN 206-500] Setting interface mode on port 'myproject/b21_16' to 'ap_none'.
INFO: [RTGEN 206-500] Setting interface mode on port 'myproject/b21_17' to 'ap_none'.
INFO: [RTGEN 206-500] Setting interface mode on port 'myproject/b21_18' to 'ap_none'.
INFO: [RTGEN 206-500] Setting interface mode on port 'myproject/b21_19' to 'ap_none'.
INFO: [RTGEN 206-500] Setting interface mode on port 'myproject/b21_20' to 'ap_none'.
INFO: [RTGEN 206-500] Setting interface mode on port 'myproject/b21_21' to 'ap_none'.
INFO: [RTGEN 206-500] Setting interface mode on port 'myproject/b21_22' to 'ap_none'.
INFO: [RTGEN 206-500] Setting interface mode on port 'myproject/b21_23' to 'ap_none'.
INFO: [RTGEN 206-500] Setting interface mode on port 'myproject/b21_24' to 'ap_none'.
INFO: [RTGEN 206-500] Setting interface mode on port 'myproject/b21_25' to 'ap_none'.
INFO: [RTGEN 206-500] Setting interface mode on port 'myproject/b21_26' to 'ap_none'.
INFO: [RTGEN 206-500] Setting interface mode on port 'myproject/b21_27' to 'ap_none'.
INFO: [RTGEN 206-500] Setting interface mode on port 'myproject/b21_28' to 'ap_none'.
INFO: [RTGEN 206-500] Setting interface mode on port 'myproject/b21_29' to 'ap_none'.
INFO: [RTGEN 206-500] Setting interface mode on port 'myproject/b21_30' to 'ap_none'.
INFO: [RTGEN 206-500] Setting interface mode on port 'myproject/b21_31' to 'ap_none'.
INFO: [RTGEN 206-500] Setting interface mode on port 'myproject/b21_32' to 'ap_none'.
INFO: [RTGEN 206-500] Setting interface mode on port 'myproject/b21_33' to 'ap_none'.
INFO: [RTGEN 206-500] Setting interface mode on port 'myproject/b21_34' to 'ap_none'.
INFO: [RTGEN 206-500] Setting interface mode on port 'myproject/b21_35' to 'ap_none'.
INFO: [RTGEN 206-500] Setting interface mode on port 'myproject/b21_36' to 'ap_none'.
INFO: [RTGEN 206-500] Setting interface mode on port 'myproject/b21_37' to 'ap_none'.
INFO: [RTGEN 206-500] Setting interface mode on port 'myproject/b21_38' to 'ap_none'.
INFO: [RTGEN 206-500] Setting interface mode on port 'myproject/b21_39' to 'ap_none'.
INFO: [RTGEN 206-500] Setting interface mode on port 'myproject/b21_40' to 'ap_none'.
INFO: [RTGEN 206-500] Setting interface mode on port 'myproject/b21_41' to 'ap_none'.
INFO: [RTGEN 206-500] Setting interface mode on port 'myproject/b21_42' to 'ap_none'.
INFO: [RTGEN 206-500] Setting interface mode on port 'myproject/b21_43' to 'ap_none'.
INFO: [RTGEN 206-500] Setting interface mode on port 'myproject/w24' to 'ap_memory'.
INFO: [RTGEN 206-500] Setting interface mode on port 'myproject/b24_0' to 'ap_none'.
INFO: [RTGEN 206-500] Setting interface mode on port 'myproject/b24_1' to 'ap_none'.
INFO: [RTGEN 206-500] Setting interface mode on port 'myproject/b24_2' to 'ap_none'.
INFO: [RTGEN 206-500] Setting interface mode on port 'myproject/b24_3' to 'ap_none'.
INFO: [RTGEN 206-500] Setting interface mode on port 'myproject/b24_4' to 'ap_none'.
INFO: [RTGEN 206-500] Setting interface mode on port 'myproject/b24_5' to 'ap_none'.
INFO: [RTGEN 206-500] Setting interface mode on port 'myproject/b24_6' to 'ap_none'.
INFO: [RTGEN 206-500] Setting interface mode on port 'myproject/b24_7' to 'ap_none'.
INFO: [RTGEN 206-500] Setting interface mode on port 'myproject/b24_8' to 'ap_none'.
INFO: [RTGEN 206-500] Setting interface mode on port 'myproject/b24_9' to 'ap_none'.
INFO: [RTGEN 206-500] Setting interface mode on port 'myproject/b24_10' to 'ap_none'.
INFO: [RTGEN 206-500] Setting interface mode on port 'myproject/b24_11' to 'ap_none'.
INFO: [RTGEN 206-500] Setting interface mode on port 'myproject/b24_12' to 'ap_none'.
INFO: [RTGEN 206-500] Setting interface mode on port 'myproject/b24_13' to 'ap_none'.
INFO: [RTGEN 206-500] Setting interface mode on port 'myproject/b24_14' to 'ap_none'.
INFO: [RTGEN 206-500] Setting interface mode on port 'myproject/b24_15' to 'ap_none'.
INFO: [RTGEN 206-500] Setting interface mode on port 'myproject/b24_16' to 'ap_none'.
INFO: [RTGEN 206-500] Setting interface mode on port 'myproject/b24_17' to 'ap_none'.
INFO: [RTGEN 206-500] Setting interface mode on port 'myproject/b24_18' to 'ap_none'.
INFO: [RTGEN 206-500] Setting interface mode on port 'myproject/b24_19' to 'ap_none'.
INFO: [RTGEN 206-500] Setting interface mode on port 'myproject/b24_20' to 'ap_none'.
INFO: [RTGEN 206-500] Setting interface mode on port 'myproject/b24_21' to 'ap_none'.
INFO: [RTGEN 206-500] Setting interface mode on port 'myproject/w27' to 'ap_memory'.
INFO: [RTGEN 206-500] Setting interface mode on port 'myproject/b27' to 'ap_none'.
INFO: [RTGEN 206-500] Setting interface mode on function 'myproject' to 'ap_ctrl_hs'.
INFO: [RTGEN 206-100] Finished creating RTL model for 'myproject'.
INFO: [RTMG 210-285] Implementing FIFO 'layer3_out_U(myproject_fifo_w10_d2_S)' using Shift Registers.
INFO: [RTMG 210-285] Implementing FIFO 'layer3_out_1_U(myproject_fifo_w10_d2_S)' using Shift Registers.
INFO: [RTMG 210-285] Implementing FIFO 'layer3_out_2_U(myproject_fifo_w10_d2_S)' using Shift Registers.
INFO: [RTMG 210-285] Implementing FIFO 'layer3_out_3_U(myproject_fifo_w10_d2_S)' using Shift Registers.
INFO: [RTMG 210-285] Implementing FIFO 'layer3_out_4_U(myproject_fifo_w10_d2_S)' using Shift Registers.
INFO: [RTMG 210-285] Implementing FIFO 'layer3_out_5_U(myproject_fifo_w10_d2_S)' using Shift Registers.
INFO: [RTMG 210-285] Implementing FIFO 'layer3_out_6_U(myproject_fifo_w10_d2_S)' using Shift Registers.
INFO: [RTMG 210-285] Implementing FIFO 'layer3_out_7_U(myproject_fifo_w10_d2_S)' using Shift Registers.
INFO: [RTMG 210-285] Implementing FIFO 'layer3_out_8_U(myproject_fifo_w10_d2_S)' using Shift Registers.
INFO: [RTMG 210-285] Implementing FIFO 'layer3_out_9_U(myproject_fifo_w10_d2_S)' using Shift Registers.
INFO: [RTMG 210-285] Implementing FIFO 'layer3_out_10_U(myproject_fifo_w10_d2_S)' using Shift Registers.
INFO: [RTMG 210-285] Implementing FIFO 'layer3_out_11_U(myproject_fifo_w10_d2_S)' using Shift Registers.
INFO: [RTMG 210-285] Implementing FIFO 'layer3_out_12_U(myproject_fifo_w10_d2_S)' using Shift Registers.
INFO: [RTMG 210-285] Implementing FIFO 'layer3_out_13_U(myproject_fifo_w10_d2_S)' using Shift Registers.
INFO: [RTMG 210-285] Implementing FIFO 'layer3_out_14_U(myproject_fifo_w10_d2_S)' using Shift Registers.
INFO: [RTMG 210-285] Implementing FIFO 'layer3_out_15_U(myproject_fifo_w10_d2_S)' using Shift Registers.
INFO: [RTMG 210-285] Implementing FIFO 'layer3_out_16_U(myproject_fifo_w10_d2_S)' using Shift Registers.
INFO: [RTMG 210-285] Implementing FIFO 'layer3_out_17_U(myproject_fifo_w10_d2_S)' using Shift Registers.
INFO: [RTMG 210-285] Implementing FIFO 'layer3_out_18_U(myproject_fifo_w10_d2_S)' using Shift Registers.
INFO: [RTMG 210-285] Implementing FIFO 'layer3_out_19_U(myproject_fifo_w10_d2_S)' using Shift Registers.
INFO: [RTMG 210-285] Implementing FIFO 'layer3_out_20_U(myproject_fifo_w10_d2_S)' using Shift Registers.
INFO: [RTMG 210-285] Implementing FIFO 'layer4_out_U(myproject_fifo_w10_d2_S)' using Shift Registers.
INFO: [RTMG 210-285] Implementing FIFO 'layer4_out_1_U(myproject_fifo_w10_d2_S)' using Shift Registers.
INFO: [RTMG 210-285] Implementing FIFO 'layer4_out_2_U(myproject_fifo_w10_d2_S)' using Shift Registers.
INFO: [RTMG 210-285] Implementing FIFO 'layer4_out_3_U(myproject_fifo_w10_d2_S)' using Shift Registers.
INFO: [RTMG 210-285] Implementing FIFO 'layer4_out_4_U(myproject_fifo_w10_d2_S)' using Shift Registers.
INFO: [RTMG 210-285] Implementing FIFO 'layer4_out_5_U(myproject_fifo_w10_d2_S)' using Shift Registers.
INFO: [RTMG 210-285] Implementing FIFO 'layer4_out_6_U(myproject_fifo_w10_d2_S)' using Shift Registers.
INFO: [RTMG 210-285] Implementing FIFO 'layer4_out_7_U(myproject_fifo_w10_d2_S)' using Shift Registers.
INFO: [RTMG 210-285] Implementing FIFO 'layer4_out_8_U(myproject_fifo_w10_d2_S)' using Shift Registers.
INFO: [RTMG 210-285] Implementing FIFO 'layer4_out_9_U(myproject_fifo_w10_d2_S)' using Shift Registers.
INFO: [RTMG 210-285] Implementing FIFO 'layer4_out_10_U(myproject_fifo_w10_d2_S)' using Shift Registers.
INFO: [RTMG 210-285] Implementing FIFO 'layer4_out_11_U(myproject_fifo_w10_d2_S)' using Shift Registers.
INFO: [RTMG 210-285] Implementing FIFO 'layer4_out_12_U(myproject_fifo_w10_d2_S)' using Shift Registers.
INFO: [RTMG 210-285] Implementing FIFO 'layer8_out_U(myproject_fifo_w11_d2_S)' using Shift Registers.
INFO: [RTMG 210-285] Implementing FIFO 'layer8_out_1_U(myproject_fifo_w11_d2_S)' using Shift Registers.
INFO: [RTMG 210-285] Implementing FIFO 'layer8_out_2_U(myproject_fifo_w11_d2_S)' using Shift Registers.
INFO: [RTMG 210-285] Implementing FIFO 'layer8_out_3_U(myproject_fifo_w11_d2_S)' using Shift Registers.
INFO: [RTMG 210-285] Implementing FIFO 'layer8_out_4_U(myproject_fifo_w11_d2_S)' using Shift Registers.
INFO: [RTMG 210-285] Implementing FIFO 'layer8_out_5_U(myproject_fifo_w11_d2_S)' using Shift Registers.
INFO: [RTMG 210-285] Implementing FIFO 'layer8_out_6_U(myproject_fifo_w11_d2_S)' using Shift Registers.
INFO: [RTMG 210-285] Implementing FIFO 'layer8_out_7_U(myproject_fifo_w11_d2_S)' using Shift Registers.
INFO: [RTMG 210-285] Implementing FIFO 'layer8_out_8_U(myproject_fifo_w11_d2_S)' using Shift Registers.
INFO: [RTMG 210-285] Implementing FIFO 'layer8_out_9_U(myproject_fifo_w11_d2_S)' using Shift Registers.
INFO: [RTMG 210-285] Implementing FIFO 'layer8_out_10_U(myproject_fifo_w11_d2_S)' using Shift Registers.
INFO: [RTMG 210-285] Implementing FIFO 'layer8_out_11_U(myproject_fifo_w11_d2_S)' using Shift Registers.
INFO: [RTMG 210-285] Implementing FIFO 'layer8_out_12_U(myproject_fifo_w11_d2_S)' using Shift Registers.
INFO: [RTMG 210-285] Implementing FIFO 'layer8_out_13_U(myproject_fifo_w11_d2_S)' using Shift Registers.
INFO: [RTMG 210-285] Implementing FIFO 'layer8_out_14_U(myproject_fifo_w11_d2_S)' using Shift Registers.
INFO: [RTMG 210-285] Implementing FIFO 'layer8_out_15_U(myproject_fifo_w11_d2_S)' using Shift Registers.
INFO: [RTMG 210-285] Implementing FIFO 'layer8_out_16_U(myproject_fifo_w11_d2_S)' using Shift Registers.
INFO: [RTMG 210-285] Implementing FIFO 'layer8_out_17_U(myproject_fifo_w11_d2_S)' using Shift Registers.
INFO: [RTMG 210-285] Implementing FIFO 'layer8_out_18_U(myproject_fifo_w11_d2_S)' using Shift Registers.
INFO: [RTMG 210-285] Implementing FIFO 'layer8_out_19_U(myproject_fifo_w11_d2_S)' using Shift Registers.
INFO: [RTMG 210-285] Implementing FIFO 'layer8_out_20_U(myproject_fifo_w11_d2_S)' using Shift Registers.
INFO: [RTMG 210-285] Implementing FIFO 'layer8_out_21_U(myproject_fifo_w11_d2_S)' using Shift Registers.
INFO: [RTMG 210-285] Implementing FIFO 'layer8_out_22_U(myproject_fifo_w11_d2_S)' using Shift Registers.
INFO: [RTMG 210-285] Implementing FIFO 'layer8_out_23_U(myproject_fifo_w11_d2_S)' using Shift Registers.
INFO: [RTMG 210-285] Implementing FIFO 'layer8_out_24_U(myproject_fifo_w11_d2_S)' using Shift Registers.
INFO: [RTMG 210-285] Implementing FIFO 'layer8_out_25_U(myproject_fifo_w11_d2_S)' using Shift Registers.
INFO: [RTMG 210-285] Implementing FIFO 'layer8_out_26_U(myproject_fifo_w11_d2_S)' using Shift Registers.
INFO: [RTMG 210-285] Implementing FIFO 'layer8_out_27_U(myproject_fifo_w11_d2_S)' using Shift Registers.
INFO: [RTMG 210-285] Implementing FIFO 'layer8_out_28_U(myproject_fifo_w11_d2_S)' using Shift Registers.
INFO: [RTMG 210-285] Implementing FIFO 'layer8_out_29_U(myproject_fifo_w11_d2_S)' using Shift Registers.
INFO: [RTMG 210-285] Implementing FIFO 'layer8_out_30_U(myproject_fifo_w11_d2_S)' using Shift Registers.
INFO: [RTMG 210-285] Implementing FIFO 'layer8_out_31_U(myproject_fifo_w11_d2_S)' using Shift Registers.
INFO: [RTMG 210-285] Implementing FIFO 'layer8_out_32_U(myproject_fifo_w11_d2_S)' using Shift Registers.
INFO: [RTMG 210-285] Implementing FIFO 'layer8_out_33_U(myproject_fifo_w11_d2_S)' using Shift Registers.
INFO: [RTMG 210-285] Implementing FIFO 'layer9_out_U(myproject_fifo_w10_d3_S)' using Shift Registers.
INFO: [RTMG 210-285] Implementing FIFO 'layer10_out_U(myproject_fifo_w10_d2_S)' using Shift Registers.
INFO: [RTMG 210-285] Implementing FIFO 'layer11_out_U(myproject_fifo_w10_d2_S)' using Shift Registers.
INFO: [RTMG 210-285] Implementing FIFO 'layer12_out_U(myproject_fifo_w11_d2_S)' using Shift Registers.
INFO: [RTMG 210-285] Implementing FIFO 'layer12_out_1_U(myproject_fifo_w11_d2_S)' using Shift Registers.
INFO: [RTMG 210-285] Implementing FIFO 'layer12_out_2_U(myproject_fifo_w11_d2_S)' using Shift Registers.
INFO: [RTMG 210-285] Implementing FIFO 'layer12_out_3_U(myproject_fifo_w11_d2_S)' using Shift Registers.
INFO: [RTMG 210-285] Implementing FIFO 'layer12_out_4_U(myproject_fifo_w11_d2_S)' using Shift Registers.
INFO: [RTMG 210-285] Implementing FIFO 'layer12_out_5_U(myproject_fifo_w11_d2_S)' using Shift Registers.
INFO: [RTMG 210-285] Implementing FIFO 'layer12_out_6_U(myproject_fifo_w11_d2_S)' using Shift Registers.
INFO: [RTMG 210-285] Implementing FIFO 'layer12_out_7_U(myproject_fifo_w11_d2_S)' using Shift Registers.
INFO: [RTMG 210-285] Implementing FIFO 'layer12_out_8_U(myproject_fifo_w11_d2_S)' using Shift Registers.
INFO: [RTMG 210-285] Implementing FIFO 'layer12_out_9_U(myproject_fifo_w11_d2_S)' using Shift Registers.
INFO: [RTMG 210-285] Implementing FIFO 'layer12_out_10_U(myproject_fifo_w11_d2_S)' using Shift Registers.
INFO: [RTMG 210-285] Implementing FIFO 'layer12_out_11_U(myproject_fifo_w11_d2_S)' using Shift Registers.
INFO: [RTMG 210-285] Implementing FIFO 'layer12_out_12_U(myproject_fifo_w11_d2_S)' using Shift Registers.
INFO: [RTMG 210-285] Implementing FIFO 'layer12_out_13_U(myproject_fifo_w11_d2_S)' using Shift Registers.
INFO: [RTMG 210-285] Implementing FIFO 'layer12_out_14_U(myproject_fifo_w11_d2_S)' using Shift Registers.
INFO: [RTMG 210-285] Implementing FIFO 'layer12_out_15_U(myproject_fifo_w11_d2_S)' using Shift Registers.
INFO: [RTMG 210-285] Implementing FIFO 'layer12_out_16_U(myproject_fifo_w11_d2_S)' using Shift Registers.
INFO: [RTMG 210-285] Implementing FIFO 'layer12_out_17_U(myproject_fifo_w11_d2_S)' using Shift Registers.
INFO: [RTMG 210-285] Implementing FIFO 'layer12_out_18_U(myproject_fifo_w11_d2_S)' using Shift Registers.
INFO: [RTMG 210-285] Implementing FIFO 'layer12_out_19_U(myproject_fifo_w11_d2_S)' using Shift Registers.
INFO: [RTMG 210-285] Implementing FIFO 'layer12_out_20_U(myproject_fifo_w11_d2_S)' using Shift Registers.
INFO: [RTMG 210-285] Implementing FIFO 'layer12_out_21_U(myproject_fifo_w11_d2_S)' using Shift Registers.
INFO: [RTMG 210-285] Implementing FIFO 'layer12_out_22_U(myproject_fifo_w11_d2_S)' using Shift Registers.
INFO: [RTMG 210-285] Implementing FIFO 'layer12_out_23_U(myproject_fifo_w11_d2_S)' using Shift Registers.
INFO: [RTMG 210-285] Implementing FIFO 'layer12_out_24_U(myproject_fifo_w11_d2_S)' using Shift Registers.
INFO: [RTMG 210-285] Implementing FIFO 'layer12_out_25_U(myproject_fifo_w11_d2_S)' using Shift Registers.
INFO: [RTMG 210-285] Implementing FIFO 'layer12_out_26_U(myproject_fifo_w11_d2_S)' using Shift Registers.
INFO: [RTMG 210-285] Implementing FIFO 'layer12_out_27_U(myproject_fifo_w11_d2_S)' using Shift Registers.
INFO: [RTMG 210-285] Implementing FIFO 'layer12_out_28_U(myproject_fifo_w11_d2_S)' using Shift Registers.
INFO: [RTMG 210-285] Implementing FIFO 'layer12_out_29_U(myproject_fifo_w11_d2_S)' using Shift Registers.
INFO: [RTMG 210-285] Implementing FIFO 'layer12_out_30_U(myproject_fifo_w11_d2_S)' using Shift Registers.
INFO: [RTMG 210-285] Implementing FIFO 'layer12_out_31_U(myproject_fifo_w11_d2_S)' using Shift Registers.
INFO: [RTMG 210-285] Implementing FIFO 'layer12_out_32_U(myproject_fifo_w11_d2_S)' using Shift Registers.
INFO: [RTMG 210-285] Implementing FIFO 'layer12_out_33_U(myproject_fifo_w11_d2_S)' using Shift Registers.
INFO: [RTMG 210-285] Implementing FIFO 'layer12_out_34_U(myproject_fifo_w11_d2_S)' using Shift Registers.
INFO: [RTMG 210-285] Implementing FIFO 'layer13_out_U(myproject_fifo_w11_d2_S)' using Shift Registers.
INFO: [RTMG 210-285] Implementing FIFO 'layer13_out_1_U(myproject_fifo_w11_d2_S)' using Shift Registers.
INFO: [RTMG 210-285] Implementing FIFO 'layer14_out_U(myproject_fifo_w16_d2_S)' using Shift Registers.
INFO: [RTMG 210-285] Implementing FIFO 'layer14_out_1_U(myproject_fifo_w16_d2_S)' using Shift Registers.
INFO: [RTMG 210-285] Implementing FIFO 'layer14_out_2_U(myproject_fifo_w16_d2_S)' using Shift Registers.
INFO: [RTMG 210-285] Implementing FIFO 'layer14_out_3_U(myproject_fifo_w16_d2_S)' using Shift Registers.
INFO: [RTMG 210-285] Implementing FIFO 'layer14_out_4_U(myproject_fifo_w16_d2_S)' using Shift Registers.
INFO: [RTMG 210-285] Implementing FIFO 'layer14_out_5_U(myproject_fifo_w16_d2_S)' using Shift Registers.
INFO: [RTMG 210-285] Implementing FIFO 'layer14_out_6_U(myproject_fifo_w16_d2_S)' using Shift Registers.
INFO: [RTMG 210-285] Implementing FIFO 'layer14_out_7_U(myproject_fifo_w16_d2_S)' using Shift Registers.
INFO: [RTMG 210-285] Implementing FIFO 'layer14_out_8_U(myproject_fifo_w16_d2_S)' using Shift Registers.
INFO: [RTMG 210-285] Implementing FIFO 'layer14_out_9_U(myproject_fifo_w16_d2_S)' using Shift Registers.
INFO: [RTMG 210-285] Implementing FIFO 'layer14_out_10_U(myproject_fifo_w16_d2_S)' using Shift Registers.
INFO: [RTMG 210-285] Implementing FIFO 'layer14_out_11_U(myproject_fifo_w16_d2_S)' using Shift Registers.
INFO: [RTMG 210-285] Implementing FIFO 'layer14_out_12_U(myproject_fifo_w16_d2_S)' using Shift Registers.
INFO: [RTMG 210-285] Implementing FIFO 'layer14_out_13_U(myproject_fifo_w16_d2_S)' using Shift Registers.
INFO: [RTMG 210-285] Implementing FIFO 'layer14_out_14_U(myproject_fifo_w16_d2_S)' using Shift Registers.
INFO: [RTMG 210-285] Implementing FIFO 'layer14_out_15_U(myproject_fifo_w16_d2_S)' using Shift Registers.
INFO: [RTMG 210-285] Implementing FIFO 'layer14_out_16_U(myproject_fifo_w16_d2_S)' using Shift Registers.
INFO: [RTMG 210-285] Implementing FIFO 'layer14_out_17_U(myproject_fifo_w16_d2_S)' using Shift Registers.
INFO: [RTMG 210-285] Implementing FIFO 'layer14_out_18_U(myproject_fifo_w16_d2_S)' using Shift Registers.
INFO: [RTMG 210-285] Implementing FIFO 'layer14_out_19_U(myproject_fifo_w16_d2_S)' using Shift Registers.
INFO: [RTMG 210-285] Implementing FIFO 'layer14_out_20_U(myproject_fifo_w16_d2_S)' using Shift Registers.
INFO: [RTMG 210-285] Implementing FIFO 'layer14_out_21_U(myproject_fifo_w16_d2_S)' using Shift Registers.
INFO: [RTMG 210-285] Implementing FIFO 'layer14_out_22_U(myproject_fifo_w16_d2_S)' using Shift Registers.
INFO: [RTMG 210-285] Implementing FIFO 'layer14_out_23_U(myproject_fifo_w16_d2_S)' using Shift Registers.
INFO: [RTMG 210-285] Implementing FIFO 'layer14_out_24_U(myproject_fifo_w16_d2_S)' using Shift Registers.
INFO: [RTMG 210-285] Implementing FIFO 'layer14_out_25_U(myproject_fifo_w16_d2_S)' using Shift Registers.
INFO: [RTMG 210-285] Implementing FIFO 'layer14_out_26_U(myproject_fifo_w16_d2_S)' using Shift Registers.
INFO: [RTMG 210-285] Implementing FIFO 'layer14_out_27_U(myproject_fifo_w16_d2_S)' using Shift Registers.
INFO: [RTMG 210-285] Implementing FIFO 'layer14_out_28_U(myproject_fifo_w16_d2_S)' using Shift Registers.
INFO: [RTMG 210-285] Implementing FIFO 'layer14_out_29_U(myproject_fifo_w16_d2_S)' using Shift Registers.
INFO: [RTMG 210-285] Implementing FIFO 'layer14_out_30_U(myproject_fifo_w16_d2_S)' using Shift Registers.
INFO: [RTMG 210-285] Implementing FIFO 'layer14_out_31_U(myproject_fifo_w16_d2_S)' using Shift Registers.
INFO: [RTMG 210-285] Implementing FIFO 'layer14_out_32_U(myproject_fifo_w16_d2_S)' using Shift Registers.
INFO: [RTMG 210-285] Implementing FIFO 'layer14_out_33_U(myproject_fifo_w16_d2_S)' using Shift Registers.
INFO: [RTMG 210-285] Implementing FIFO 'layer14_out_34_U(myproject_fifo_w16_d2_S)' using Shift Registers.
INFO: [RTMG 210-285] Implementing FIFO 'layer14_out_35_U(myproject_fifo_w16_d2_S)' using Shift Registers.
INFO: [RTMG 210-285] Implementing FIFO 'layer14_out_36_U(myproject_fifo_w16_d2_S)' using Shift Registers.
INFO: [RTMG 210-285] Implementing FIFO 'layer14_out_37_U(myproject_fifo_w16_d2_S)' using Shift Registers.
INFO: [RTMG 210-285] Implementing FIFO 'layer14_out_38_U(myproject_fifo_w16_d2_S)' using Shift Registers.
INFO: [RTMG 210-285] Implementing FIFO 'layer14_out_39_U(myproject_fifo_w16_d2_S)' using Shift Registers.
INFO: [RTMG 210-285] Implementing FIFO 'layer14_out_40_U(myproject_fifo_w16_d2_S)' using Shift Registers.
INFO: [RTMG 210-285] Implementing FIFO 'layer14_out_41_U(myproject_fifo_w16_d2_S)' using Shift Registers.
INFO: [RTMG 210-285] Implementing FIFO 'layer14_out_42_U(myproject_fifo_w16_d2_S)' using Shift Registers.
INFO: [RTMG 210-285] Implementing FIFO 'layer14_out_43_U(myproject_fifo_w16_d2_S)' using Shift Registers.
INFO: [RTMG 210-285] Implementing FIFO 'layer14_out_44_U(myproject_fifo_w16_d2_S)' using Shift Registers.
INFO: [RTMG 210-285] Implementing FIFO 'layer14_out_45_U(myproject_fifo_w16_d2_S)' using Shift Registers.
INFO: [RTMG 210-285] Implementing FIFO 'layer14_out_46_U(myproject_fifo_w16_d2_S)' using Shift Registers.
INFO: [RTMG 210-285] Implementing FIFO 'layer14_out_47_U(myproject_fifo_w16_d2_S)' using Shift Registers.
INFO: [RTMG 210-285] Implementing FIFO 'layer14_out_48_U(myproject_fifo_w16_d2_S)' using Shift Registers.
INFO: [RTMG 210-285] Implementing FIFO 'layer14_out_49_U(myproject_fifo_w16_d2_S)' using Shift Registers.
INFO: [RTMG 210-285] Implementing FIFO 'layer14_out_50_U(myproject_fifo_w16_d2_S)' using Shift Registers.
INFO: [RTMG 210-285] Implementing FIFO 'layer14_out_51_U(myproject_fifo_w16_d2_S)' using Shift Registers.
INFO: [RTMG 210-285] Implementing FIFO 'layer14_out_52_U(myproject_fifo_w16_d2_S)' using Shift Registers.
INFO: [RTMG 210-285] Implementing FIFO 'layer14_out_53_U(myproject_fifo_w16_d2_S)' using Shift Registers.
INFO: [RTMG 210-285] Implementing FIFO 'layer14_out_54_U(myproject_fifo_w16_d2_S)' using Shift Registers.
INFO: [RTMG 210-285] Implementing FIFO 'layer14_out_55_U(myproject_fifo_w16_d2_S)' using Shift Registers.
INFO: [RTMG 210-285] Implementing FIFO 'layer14_out_56_U(myproject_fifo_w16_d2_S)' using Shift Registers.
INFO: [RTMG 210-285] Implementing FIFO 'layer14_out_57_U(myproject_fifo_w16_d2_S)' using Shift Registers.
INFO: [RTMG 210-285] Implementing FIFO 'layer14_out_58_U(myproject_fifo_w16_d2_S)' using Shift Registers.
INFO: [RTMG 210-285] Implementing FIFO 'layer14_out_59_U(myproject_fifo_w16_d2_S)' using Shift Registers.
INFO: [RTMG 210-285] Implementing FIFO 'layer14_out_60_U(myproject_fifo_w16_d2_S)' using Shift Registers.
INFO: [RTMG 210-285] Implementing FIFO 'layer14_out_61_U(myproject_fifo_w16_d2_S)' using Shift Registers.
INFO: [RTMG 210-285] Implementing FIFO 'layer14_out_62_U(myproject_fifo_w16_d2_S)' using Shift Registers.
INFO: [RTMG 210-285] Implementing FIFO 'layer14_out_63_U(myproject_fifo_w16_d2_S)' using Shift Registers.
INFO: [RTMG 210-285] Implementing FIFO 'layer14_out_64_U(myproject_fifo_w16_d2_S)' using Shift Registers.
INFO: [RTMG 210-285] Implementing FIFO 'layer14_out_65_U(myproject_fifo_w16_d2_S)' using Shift Registers.
INFO: [RTMG 210-285] Implementing FIFO 'layer14_out_66_U(myproject_fifo_w16_d2_S)' using Shift Registers.
INFO: [RTMG 210-285] Implementing FIFO 'layer14_out_67_U(myproject_fifo_w16_d2_S)' using Shift Registers.
INFO: [RTMG 210-285] Implementing FIFO 'layer14_out_68_U(myproject_fifo_w16_d2_S)' using Shift Registers.
INFO: [RTMG 210-285] Implementing FIFO 'layer14_out_69_U(myproject_fifo_w16_d2_S)' using Shift Registers.
INFO: [RTMG 210-285] Implementing FIFO 'layer14_out_70_U(myproject_fifo_w16_d2_S)' using Shift Registers.
INFO: [RTMG 210-285] Implementing FIFO 'layer14_out_71_U(myproject_fifo_w16_d2_S)' using Shift Registers.
INFO: [RTMG 210-285] Implementing FIFO 'layer14_out_72_U(myproject_fifo_w16_d2_S)' using Shift Registers.
INFO: [RTMG 210-285] Implementing FIFO 'layer14_out_73_U(myproject_fifo_w16_d2_S)' using Shift Registers.
INFO: [RTMG 210-285] Implementing FIFO 'layer14_out_74_U(myproject_fifo_w16_d2_S)' using Shift Registers.
INFO: [RTMG 210-285] Implementing FIFO 'layer14_out_75_U(myproject_fifo_w16_d2_S)' using Shift Registers.
INFO: [RTMG 210-285] Implementing FIFO 'layer14_out_76_U(myproject_fifo_w16_d2_S)' using Shift Registers.
INFO: [RTMG 210-285] Implementing FIFO 'layer14_out_77_U(myproject_fifo_w16_d2_S)' using Shift Registers.
INFO: [RTMG 210-285] Implementing FIFO 'layer14_out_78_U(myproject_fifo_w16_d2_S)' using Shift Registers.
INFO: [RTMG 210-285] Implementing FIFO 'layer14_out_79_U(myproject_fifo_w16_d2_S)' using Shift Registers.
INFO: [RTMG 210-285] Implementing FIFO 'layer14_out_80_U(myproject_fifo_w16_d2_S)' using Shift Registers.
INFO: [RTMG 210-285] Implementing FIFO 'layer14_out_81_U(myproject_fifo_w16_d2_S)' using Shift Registers.
INFO: [RTMG 210-285] Implementing FIFO 'layer14_out_82_U(myproject_fifo_w16_d2_S)' using Shift Registers.
INFO: [RTMG 210-285] Implementing FIFO 'layer14_out_83_U(myproject_fifo_w16_d2_S)' using Shift Registers.
INFO: [RTMG 210-285] Implementing FIFO 'layer14_out_84_U(myproject_fifo_w16_d2_S)' using Shift Registers.
INFO: [RTMG 210-285] Implementing FIFO 'layer14_out_85_U(myproject_fifo_w16_d2_S)' using Shift Registers.
INFO: [RTMG 210-285] Implementing FIFO 'layer14_out_86_U(myproject_fifo_w16_d2_S)' using Shift Registers.
INFO: [RTMG 210-285] Implementing FIFO 'layer14_out_87_U(myproject_fifo_w16_d2_S)' using Shift Registers.
INFO: [RTMG 210-285] Implementing FIFO 'layer16_out_U(myproject_fifo_w16_d2_S)' using Shift Registers.
INFO: [RTMG 210-285] Implementing FIFO 'layer16_out_1_U(myproject_fifo_w16_d2_S)' using Shift Registers.
INFO: [RTMG 210-285] Implementing FIFO 'layer18_out_U(myproject_fifo_w8_d2_S)' using Shift Registers.
INFO: [RTMG 210-285] Implementing FIFO 'layer18_out_1_U(myproject_fifo_w8_d2_S)' using Shift Registers.
INFO: [RTMG 210-285] Implementing FIFO 'layer18_out_2_U(myproject_fifo_w8_d2_S)' using Shift Registers.
INFO: [RTMG 210-285] Implementing FIFO 'layer18_out_3_U(myproject_fifo_w8_d2_S)' using Shift Registers.
INFO: [RTMG 210-285] Implementing FIFO 'layer18_out_4_U(myproject_fifo_w8_d2_S)' using Shift Registers.
INFO: [RTMG 210-285] Implementing FIFO 'layer18_out_5_U(myproject_fifo_w8_d2_S)' using Shift Registers.
INFO: [RTMG 210-285] Implementing FIFO 'layer18_out_6_U(myproject_fifo_w8_d2_S)' using Shift Registers.
INFO: [RTMG 210-285] Implementing FIFO 'layer18_out_7_U(myproject_fifo_w8_d2_S)' using Shift Registers.
INFO: [RTMG 210-285] Implementing FIFO 'layer18_out_8_U(myproject_fifo_w8_d2_S)' using Shift Registers.
INFO: [RTMG 210-285] Implementing FIFO 'layer18_out_9_U(myproject_fifo_w8_d2_S)' using Shift Registers.
INFO: [RTMG 210-285] Implementing FIFO 'layer18_out_10_U(myproject_fifo_w8_d2_S)' using Shift Registers.
INFO: [RTMG 210-285] Implementing FIFO 'layer18_out_11_U(myproject_fifo_w8_d2_S)' using Shift Registers.
INFO: [RTMG 210-285] Implementing FIFO 'layer18_out_12_U(myproject_fifo_w8_d2_S)' using Shift Registers.
INFO: [RTMG 210-285] Implementing FIFO 'layer18_out_13_U(myproject_fifo_w8_d2_S)' using Shift Registers.
INFO: [RTMG 210-285] Implementing FIFO 'layer18_out_14_U(myproject_fifo_w8_d2_S)' using Shift Registers.
INFO: [RTMG 210-285] Implementing FIFO 'layer18_out_15_U(myproject_fifo_w8_d2_S)' using Shift Registers.
INFO: [RTMG 210-285] Implementing FIFO 'layer18_out_16_U(myproject_fifo_w8_d2_S)' using Shift Registers.
INFO: [RTMG 210-285] Implementing FIFO 'layer18_out_17_U(myproject_fifo_w8_d2_S)' using Shift Registers.
INFO: [RTMG 210-285] Implementing FIFO 'layer18_out_18_U(myproject_fifo_w8_d2_S)' using Shift Registers.
INFO: [RTMG 210-285] Implementing FIFO 'layer18_out_19_U(myproject_fifo_w8_d2_S)' using Shift Registers.
INFO: [RTMG 210-285] Implementing FIFO 'layer18_out_20_U(myproject_fifo_w8_d2_S)' using Shift Registers.
INFO: [RTMG 210-285] Implementing FIFO 'layer18_out_21_U(myproject_fifo_w8_d2_S)' using Shift Registers.
INFO: [RTMG 210-285] Implementing FIFO 'layer18_out_22_U(myproject_fifo_w8_d2_S)' using Shift Registers.
INFO: [RTMG 210-285] Implementing FIFO 'layer18_out_23_U(myproject_fifo_w8_d2_S)' using Shift Registers.
INFO: [RTMG 210-285] Implementing FIFO 'layer18_out_24_U(myproject_fifo_w8_d2_S)' using Shift Registers.
INFO: [RTMG 210-285] Implementing FIFO 'layer18_out_25_U(myproject_fifo_w8_d2_S)' using Shift Registers.
INFO: [RTMG 210-285] Implementing FIFO 'layer18_out_26_U(myproject_fifo_w8_d2_S)' using Shift Registers.
INFO: [RTMG 210-285] Implementing FIFO 'layer18_out_27_U(myproject_fifo_w8_d2_S)' using Shift Registers.
INFO: [RTMG 210-285] Implementing FIFO 'layer18_out_28_U(myproject_fifo_w8_d2_S)' using Shift Registers.
INFO: [RTMG 210-285] Implementing FIFO 'layer18_out_29_U(myproject_fifo_w8_d2_S)' using Shift Registers.
INFO: [RTMG 210-285] Implementing FIFO 'layer18_out_30_U(myproject_fifo_w8_d2_S)' using Shift Registers.
INFO: [RTMG 210-285] Implementing FIFO 'layer18_out_31_U(myproject_fifo_w8_d2_S)' using Shift Registers.
INFO: [RTMG 210-285] Implementing FIFO 'layer18_out_32_U(myproject_fifo_w8_d2_S)' using Shift Registers.
INFO: [RTMG 210-285] Implementing FIFO 'layer18_out_33_U(myproject_fifo_w8_d2_S)' using Shift Registers.
INFO: [RTMG 210-285] Implementing FIFO 'layer18_out_34_U(myproject_fifo_w8_d2_S)' using Shift Registers.
INFO: [RTMG 210-285] Implementing FIFO 'layer18_out_35_U(myproject_fifo_w8_d2_S)' using Shift Registers.
INFO: [RTMG 210-285] Implementing FIFO 'layer18_out_36_U(myproject_fifo_w8_d2_S)' using Shift Registers.
INFO: [RTMG 210-285] Implementing FIFO 'layer18_out_37_U(myproject_fifo_w8_d2_S)' using Shift Registers.
INFO: [RTMG 210-285] Implementing FIFO 'layer18_out_38_U(myproject_fifo_w8_d2_S)' using Shift Registers.
INFO: [RTMG 210-285] Implementing FIFO 'layer18_out_39_U(myproject_fifo_w8_d2_S)' using Shift Registers.
INFO: [RTMG 210-285] Implementing FIFO 'layer18_out_40_U(myproject_fifo_w8_d2_S)' using Shift Registers.
INFO: [RTMG 210-285] Implementing FIFO 'layer18_out_41_U(myproject_fifo_w8_d2_S)' using Shift Registers.
INFO: [RTMG 210-285] Implementing FIFO 'layer18_out_42_U(myproject_fifo_w8_d2_S)' using Shift Registers.
INFO: [RTMG 210-285] Implementing FIFO 'layer18_out_43_U(myproject_fifo_w8_d2_S)' using Shift Registers.
INFO: [RTMG 210-285] Implementing FIFO 'layer18_out_44_U(myproject_fifo_w8_d2_S)' using Shift Registers.
INFO: [RTMG 210-285] Implementing FIFO 'layer18_out_45_U(myproject_fifo_w8_d2_S)' using Shift Registers.
INFO: [RTMG 210-285] Implementing FIFO 'layer18_out_46_U(myproject_fifo_w8_d2_S)' using Shift Registers.
INFO: [RTMG 210-285] Implementing FIFO 'layer18_out_47_U(myproject_fifo_w8_d2_S)' using Shift Registers.
INFO: [RTMG 210-285] Implementing FIFO 'layer18_out_48_U(myproject_fifo_w8_d2_S)' using Shift Registers.
INFO: [RTMG 210-285] Implementing FIFO 'layer18_out_49_U(myproject_fifo_w8_d2_S)' using Shift Registers.
INFO: [RTMG 210-285] Implementing FIFO 'layer18_out_50_U(myproject_fifo_w8_d2_S)' using Shift Registers.
INFO: [RTMG 210-285] Implementing FIFO 'layer18_out_51_U(myproject_fifo_w8_d2_S)' using Shift Registers.
INFO: [RTMG 210-285] Implementing FIFO 'layer18_out_52_U(myproject_fifo_w8_d2_S)' using Shift Registers.
INFO: [RTMG 210-285] Implementing FIFO 'layer18_out_53_U(myproject_fifo_w8_d2_S)' using Shift Registers.
INFO: [RTMG 210-285] Implementing FIFO 'layer18_out_54_U(myproject_fifo_w8_d2_S)' using Shift Registers.
INFO: [RTMG 210-285] Implementing FIFO 'layer18_out_55_U(myproject_fifo_w8_d2_S)' using Shift Registers.
INFO: [RTMG 210-285] Implementing FIFO 'layer18_out_56_U(myproject_fifo_w8_d2_S)' using Shift Registers.
INFO: [RTMG 210-285] Implementing FIFO 'layer18_out_57_U(myproject_fifo_w8_d2_S)' using Shift Registers.
INFO: [RTMG 210-285] Implementing FIFO 'layer18_out_58_U(myproject_fifo_w8_d2_S)' using Shift Registers.
INFO: [RTMG 210-285] Implementing FIFO 'layer18_out_59_U(myproject_fifo_w8_d2_S)' using Shift Registers.
INFO: [RTMG 210-285] Implementing FIFO 'layer18_out_60_U(myproject_fifo_w8_d2_S)' using Shift Registers.
INFO: [RTMG 210-285] Implementing FIFO 'layer18_out_61_U(myproject_fifo_w8_d2_S)' using Shift Registers.
INFO: [RTMG 210-285] Implementing FIFO 'layer18_out_62_U(myproject_fifo_w8_d2_S)' using Shift Registers.
INFO: [RTMG 210-285] Implementing FIFO 'layer18_out_63_U(myproject_fifo_w8_d2_S)' using Shift Registers.
INFO: [RTMG 210-285] Implementing FIFO 'layer18_out_64_U(myproject_fifo_w8_d2_S)' using Shift Registers.
INFO: [RTMG 210-285] Implementing FIFO 'layer18_out_65_U(myproject_fifo_w8_d2_S)' using Shift Registers.
INFO: [RTMG 210-285] Implementing FIFO 'layer18_out_66_U(myproject_fifo_w8_d2_S)' using Shift Registers.
INFO: [RTMG 210-285] Implementing FIFO 'layer18_out_67_U(myproject_fifo_w8_d2_S)' using Shift Registers.
INFO: [RTMG 210-285] Implementing FIFO 'layer18_out_68_U(myproject_fifo_w8_d2_S)' using Shift Registers.
INFO: [RTMG 210-285] Implementing FIFO 'layer18_out_69_U(myproject_fifo_w8_d2_S)' using Shift Registers.
INFO: [RTMG 210-285] Implementing FIFO 'layer18_out_70_U(myproject_fifo_w8_d2_S)' using Shift Registers.
INFO: [RTMG 210-285] Implementing FIFO 'layer18_out_71_U(myproject_fifo_w8_d2_S)' using Shift Registers.
INFO: [RTMG 210-285] Implementing FIFO 'layer18_out_72_U(myproject_fifo_w8_d2_S)' using Shift Registers.
INFO: [RTMG 210-285] Implementing FIFO 'layer18_out_73_U(myproject_fifo_w8_d2_S)' using Shift Registers.
INFO: [RTMG 210-285] Implementing FIFO 'layer18_out_74_U(myproject_fifo_w8_d2_S)' using Shift Registers.
INFO: [RTMG 210-285] Implementing FIFO 'layer18_out_75_U(myproject_fifo_w8_d2_S)' using Shift Registers.
INFO: [RTMG 210-285] Implementing FIFO 'layer18_out_76_U(myproject_fifo_w8_d2_S)' using Shift Registers.
INFO: [RTMG 210-285] Implementing FIFO 'layer18_out_77_U(myproject_fifo_w8_d2_S)' using Shift Registers.
INFO: [RTMG 210-285] Implementing FIFO 'layer18_out_78_U(myproject_fifo_w8_d2_S)' using Shift Registers.
INFO: [RTMG 210-285] Implementing FIFO 'layer18_out_79_U(myproject_fifo_w8_d2_S)' using Shift Registers.
INFO: [RTMG 210-285] Implementing FIFO 'layer18_out_80_U(myproject_fifo_w8_d2_S)' using Shift Registers.
INFO: [RTMG 210-285] Implementing FIFO 'layer18_out_81_U(myproject_fifo_w8_d2_S)' using Shift Registers.
INFO: [RTMG 210-285] Implementing FIFO 'layer18_out_82_U(myproject_fifo_w8_d2_S)' using Shift Registers.
INFO: [RTMG 210-285] Implementing FIFO 'layer18_out_83_U(myproject_fifo_w8_d2_S)' using Shift Registers.
INFO: [RTMG 210-285] Implementing FIFO 'layer18_out_84_U(myproject_fifo_w8_d2_S)' using Shift Registers.
INFO: [RTMG 210-285] Implementing FIFO 'layer18_out_85_U(myproject_fifo_w8_d2_S)' using Shift Registers.
INFO: [RTMG 210-285] Implementing FIFO 'layer18_out_86_U(myproject_fifo_w8_d2_S)' using Shift Registers.
INFO: [RTMG 210-285] Implementing FIFO 'layer18_out_87_U(myproject_fifo_w8_d2_S)' using Shift Registers.
INFO: [RTMG 210-285] Implementing FIFO 'layer19_out_U(myproject_fifo_w8_d3_S)' using Shift Registers.
INFO: [RTMG 210-285] Implementing FIFO 'layer19_out_1_U(myproject_fifo_w8_d3_S)' using Shift Registers.
INFO: [RTMG 210-285] Implementing FIFO 'layer20_out_U(myproject_fifo_w10_d2_S)' using Shift Registers.
INFO: [RTMG 210-285] Implementing FIFO 'layer20_out_1_U(myproject_fifo_w10_d2_S)' using Shift Registers.
INFO: [RTMG 210-285] Implementing FIFO 'layer20_out_2_U(myproject_fifo_w10_d2_S)' using Shift Registers.
INFO: [RTMG 210-285] Implementing FIFO 'layer20_out_3_U(myproject_fifo_w10_d2_S)' using Shift Registers.
INFO: [RTMG 210-285] Implementing FIFO 'layer20_out_4_U(myproject_fifo_w10_d2_S)' using Shift Registers.
INFO: [RTMG 210-285] Implementing FIFO 'layer20_out_5_U(myproject_fifo_w10_d2_S)' using Shift Registers.
INFO: [RTMG 210-285] Implementing FIFO 'layer20_out_6_U(myproject_fifo_w10_d2_S)' using Shift Registers.
INFO: [RTMG 210-285] Implementing FIFO 'layer20_out_7_U(myproject_fifo_w10_d2_S)' using Shift Registers.
INFO: [RTMG 210-285] Implementing FIFO 'layer20_out_8_U(myproject_fifo_w10_d2_S)' using Shift Registers.
INFO: [RTMG 210-285] Implementing FIFO 'layer20_out_9_U(myproject_fifo_w10_d2_S)' using Shift Registers.
INFO: [RTMG 210-285] Implementing FIFO 'layer20_out_10_U(myproject_fifo_w10_d2_S)' using Shift Registers.
INFO: [RTMG 210-285] Implementing FIFO 'layer20_out_11_U(myproject_fifo_w10_d2_S)' using Shift Registers.
INFO: [RTMG 210-285] Implementing FIFO 'layer20_out_12_U(myproject_fifo_w10_d2_S)' using Shift Registers.
INFO: [RTMG 210-285] Implementing FIFO 'layer20_out_13_U(myproject_fifo_w10_d2_S)' using Shift Registers.
INFO: [RTMG 210-285] Implementing FIFO 'layer20_out_14_U(myproject_fifo_w10_d2_S)' using Shift Registers.
INFO: [RTMG 210-285] Implementing FIFO 'layer20_out_15_U(myproject_fifo_w10_d2_S)' using Shift Registers.
INFO: [RTMG 210-285] Implementing FIFO 'layer20_out_16_U(myproject_fifo_w10_d2_S)' using Shift Registers.
INFO: [RTMG 210-285] Implementing FIFO 'layer20_out_17_U(myproject_fifo_w10_d2_S)' using Shift Registers.
INFO: [RTMG 210-285] Implementing FIFO 'layer20_out_18_U(myproject_fifo_w10_d2_S)' using Shift Registers.
INFO: [RTMG 210-285] Implementing FIFO 'layer20_out_19_U(myproject_fifo_w10_d2_S)' using Shift Registers.
INFO: [RTMG 210-285] Implementing FIFO 'layer20_out_20_U(myproject_fifo_w10_d2_S)' using Shift Registers.
INFO: [RTMG 210-285] Implementing FIFO 'layer20_out_21_U(myproject_fifo_w10_d2_S)' using Shift Registers.
INFO: [RTMG 210-285] Implementing FIFO 'layer20_out_22_U(myproject_fifo_w10_d2_S)' using Shift Registers.
INFO: [RTMG 210-285] Implementing FIFO 'layer20_out_23_U(myproject_fifo_w10_d2_S)' using Shift Registers.
INFO: [RTMG 210-285] Implementing FIFO 'layer20_out_24_U(myproject_fifo_w10_d2_S)' using Shift Registers.
INFO: [RTMG 210-285] Implementing FIFO 'layer20_out_25_U(myproject_fifo_w10_d2_S)' using Shift Registers.
INFO: [RTMG 210-285] Implementing FIFO 'layer20_out_26_U(myproject_fifo_w10_d2_S)' using Shift Registers.
INFO: [RTMG 210-285] Implementing FIFO 'layer20_out_27_U(myproject_fifo_w10_d2_S)' using Shift Registers.
INFO: [RTMG 210-285] Implementing FIFO 'layer20_out_28_U(myproject_fifo_w10_d2_S)' using Shift Registers.
INFO: [RTMG 210-285] Implementing FIFO 'layer20_out_29_U(myproject_fifo_w10_d2_S)' using Shift Registers.
INFO: [RTMG 210-285] Implementing FIFO 'layer20_out_30_U(myproject_fifo_w10_d2_S)' using Shift Registers.
INFO: [RTMG 210-285] Implementing FIFO 'layer20_out_31_U(myproject_fifo_w10_d2_S)' using Shift Registers.
INFO: [RTMG 210-285] Implementing FIFO 'layer20_out_32_U(myproject_fifo_w10_d2_S)' using Shift Registers.
INFO: [RTMG 210-285] Implementing FIFO 'layer20_out_33_U(myproject_fifo_w10_d2_S)' using Shift Registers.
INFO: [RTMG 210-285] Implementing FIFO 'layer20_out_34_U(myproject_fifo_w10_d2_S)' using Shift Registers.
INFO: [RTMG 210-285] Implementing FIFO 'layer20_out_35_U(myproject_fifo_w10_d2_S)' using Shift Registers.
INFO: [RTMG 210-285] Implementing FIFO 'layer20_out_36_U(myproject_fifo_w10_d2_S)' using Shift Registers.
INFO: [RTMG 210-285] Implementing FIFO 'layer20_out_37_U(myproject_fifo_w10_d2_S)' using Shift Registers.
INFO: [RTMG 210-285] Implementing FIFO 'layer20_out_38_U(myproject_fifo_w10_d2_S)' using Shift Registers.
INFO: [RTMG 210-285] Implementing FIFO 'layer20_out_39_U(myproject_fifo_w10_d2_S)' using Shift Registers.
INFO: [RTMG 210-285] Implementing FIFO 'layer20_out_40_U(myproject_fifo_w10_d2_S)' using Shift Registers.
INFO: [RTMG 210-285] Implementing FIFO 'layer20_out_41_U(myproject_fifo_w10_d2_S)' using Shift Registers.
INFO: [RTMG 210-285] Implementing FIFO 'layer20_out_42_U(myproject_fifo_w10_d2_S)' using Shift Registers.
INFO: [RTMG 210-285] Implementing FIFO 'layer20_out_43_U(myproject_fifo_w10_d2_S)' using Shift Registers.
INFO: [RTMG 210-285] Implementing FIFO 'layer20_out_44_U(myproject_fifo_w10_d2_S)' using Shift Registers.
INFO: [RTMG 210-285] Implementing FIFO 'layer20_out_45_U(myproject_fifo_w10_d2_S)' using Shift Registers.
INFO: [RTMG 210-285] Implementing FIFO 'layer20_out_46_U(myproject_fifo_w10_d2_S)' using Shift Registers.
INFO: [RTMG 210-285] Implementing FIFO 'layer20_out_47_U(myproject_fifo_w10_d2_S)' using Shift Registers.
INFO: [RTMG 210-285] Implementing FIFO 'layer20_out_48_U(myproject_fifo_w10_d2_S)' using Shift Registers.
INFO: [RTMG 210-285] Implementing FIFO 'layer20_out_49_U(myproject_fifo_w10_d2_S)' using Shift Registers.
INFO: [RTMG 210-285] Implementing FIFO 'layer20_out_50_U(myproject_fifo_w10_d2_S)' using Shift Registers.
INFO: [RTMG 210-285] Implementing FIFO 'layer20_out_51_U(myproject_fifo_w10_d2_S)' using Shift Registers.
INFO: [RTMG 210-285] Implementing FIFO 'layer20_out_52_U(myproject_fifo_w10_d2_S)' using Shift Registers.
INFO: [RTMG 210-285] Implementing FIFO 'layer20_out_53_U(myproject_fifo_w10_d2_S)' using Shift Registers.
INFO: [RTMG 210-285] Implementing FIFO 'layer20_out_54_U(myproject_fifo_w10_d2_S)' using Shift Registers.
INFO: [RTMG 210-285] Implementing FIFO 'layer20_out_55_U(myproject_fifo_w10_d2_S)' using Shift Registers.
INFO: [RTMG 210-285] Implementing FIFO 'layer20_out_56_U(myproject_fifo_w10_d2_S)' using Shift Registers.
INFO: [RTMG 210-285] Implementing FIFO 'layer20_out_57_U(myproject_fifo_w10_d2_S)' using Shift Registers.
INFO: [RTMG 210-285] Implementing FIFO 'layer20_out_58_U(myproject_fifo_w10_d2_S)' using Shift Registers.
INFO: [RTMG 210-285] Implementing FIFO 'layer20_out_59_U(myproject_fifo_w10_d2_S)' using Shift Registers.
INFO: [RTMG 210-285] Implementing FIFO 'layer20_out_60_U(myproject_fifo_w10_d2_S)' using Shift Registers.
INFO: [RTMG 210-285] Implementing FIFO 'layer20_out_61_U(myproject_fifo_w10_d2_S)' using Shift Registers.
INFO: [RTMG 210-285] Implementing FIFO 'layer20_out_62_U(myproject_fifo_w10_d2_S)' using Shift Registers.
INFO: [RTMG 210-285] Implementing FIFO 'layer20_out_63_U(myproject_fifo_w10_d2_S)' using Shift Registers.
INFO: [RTMG 210-285] Implementing FIFO 'layer20_out_64_U(myproject_fifo_w10_d2_S)' using Shift Registers.
INFO: [RTMG 210-285] Implementing FIFO 'layer20_out_65_U(myproject_fifo_w10_d2_S)' using Shift Registers.
INFO: [RTMG 210-285] Implementing FIFO 'layer20_out_66_U(myproject_fifo_w10_d2_S)' using Shift Registers.
INFO: [RTMG 210-285] Implementing FIFO 'layer20_out_67_U(myproject_fifo_w10_d2_S)' using Shift Registers.
INFO: [RTMG 210-285] Implementing FIFO 'layer20_out_68_U(myproject_fifo_w10_d2_S)' using Shift Registers.
INFO: [RTMG 210-285] Implementing FIFO 'layer20_out_69_U(myproject_fifo_w10_d2_S)' using Shift Registers.
INFO: [RTMG 210-285] Implementing FIFO 'layer20_out_70_U(myproject_fifo_w10_d2_S)' using Shift Registers.
INFO: [RTMG 210-285] Implementing FIFO 'layer20_out_71_U(myproject_fifo_w10_d2_S)' using Shift Registers.
INFO: [RTMG 210-285] Implementing FIFO 'layer20_out_72_U(myproject_fifo_w10_d2_S)' using Shift Registers.
INFO: [RTMG 210-285] Implementing FIFO 'layer20_out_73_U(myproject_fifo_w10_d2_S)' using Shift Registers.
INFO: [RTMG 210-285] Implementing FIFO 'layer20_out_74_U(myproject_fifo_w10_d2_S)' using Shift Registers.
INFO: [RTMG 210-285] Implementing FIFO 'layer20_out_75_U(myproject_fifo_w10_d2_S)' using Shift Registers.
INFO: [RTMG 210-285] Implementing FIFO 'layer20_out_76_U(myproject_fifo_w10_d2_S)' using Shift Registers.
INFO: [RTMG 210-285] Implementing FIFO 'layer20_out_77_U(myproject_fifo_w10_d2_S)' using Shift Registers.
INFO: [RTMG 210-285] Implementing FIFO 'layer20_out_78_U(myproject_fifo_w10_d2_S)' using Shift Registers.
INFO: [RTMG 210-285] Implementing FIFO 'layer20_out_79_U(myproject_fifo_w10_d2_S)' using Shift Registers.
INFO: [RTMG 210-285] Implementing FIFO 'layer20_out_80_U(myproject_fifo_w10_d2_S)' using Shift Registers.
INFO: [RTMG 210-285] Implementing FIFO 'layer20_out_81_U(myproject_fifo_w10_d2_S)' using Shift Registers.
INFO: [RTMG 210-285] Implementing FIFO 'layer20_out_82_U(myproject_fifo_w10_d2_S)' using Shift Registers.
INFO: [RTMG 210-285] Implementing FIFO 'layer20_out_83_U(myproject_fifo_w10_d2_S)' using Shift Registers.
INFO: [RTMG 210-285] Implementing FIFO 'layer20_out_84_U(myproject_fifo_w10_d2_S)' using Shift Registers.
INFO: [RTMG 210-285] Implementing FIFO 'layer20_out_85_U(myproject_fifo_w10_d2_S)' using Shift Registers.
INFO: [RTMG 210-285] Implementing FIFO 'layer20_out_86_U(myproject_fifo_w10_d2_S)' using Shift Registers.
INFO: [RTMG 210-285] Implementing FIFO 'layer20_out_87_U(myproject_fifo_w10_d2_S)' using Shift Registers.
INFO: [RTMG 210-285] Implementing FIFO 'layer20_out_88_U(myproject_fifo_w10_d2_S)' using Shift Registers.
INFO: [RTMG 210-285] Implementing FIFO 'layer20_out_89_U(myproject_fifo_w10_d2_S)' using Shift Registers.
INFO: [RTMG 210-285] Implementing FIFO 'layer21_out_U(myproject_fifo_w16_d2_S)' using Shift Registers.
INFO: [RTMG 210-285] Implementing FIFO 'layer21_out_1_U(myproject_fifo_w16_d2_S)' using Shift Registers.
INFO: [RTMG 210-285] Implementing FIFO 'layer21_out_2_U(myproject_fifo_w16_d2_S)' using Shift Registers.
INFO: [RTMG 210-285] Implementing FIFO 'layer21_out_3_U(myproject_fifo_w16_d2_S)' using Shift Registers.
INFO: [RTMG 210-285] Implementing FIFO 'layer21_out_4_U(myproject_fifo_w16_d2_S)' using Shift Registers.
INFO: [RTMG 210-285] Implementing FIFO 'layer21_out_5_U(myproject_fifo_w16_d2_S)' using Shift Registers.
INFO: [RTMG 210-285] Implementing FIFO 'layer21_out_6_U(myproject_fifo_w16_d2_S)' using Shift Registers.
INFO: [RTMG 210-285] Implementing FIFO 'layer21_out_7_U(myproject_fifo_w16_d2_S)' using Shift Registers.
INFO: [RTMG 210-285] Implementing FIFO 'layer21_out_8_U(myproject_fifo_w16_d2_S)' using Shift Registers.
INFO: [RTMG 210-285] Implementing FIFO 'layer21_out_9_U(myproject_fifo_w16_d2_S)' using Shift Registers.
INFO: [RTMG 210-285] Implementing FIFO 'layer21_out_10_U(myproject_fifo_w16_d2_S)' using Shift Registers.
INFO: [RTMG 210-285] Implementing FIFO 'layer21_out_11_U(myproject_fifo_w16_d2_S)' using Shift Registers.
INFO: [RTMG 210-285] Implementing FIFO 'layer21_out_12_U(myproject_fifo_w16_d2_S)' using Shift Registers.
INFO: [RTMG 210-285] Implementing FIFO 'layer21_out_13_U(myproject_fifo_w16_d2_S)' using Shift Registers.
INFO: [RTMG 210-285] Implementing FIFO 'layer21_out_14_U(myproject_fifo_w16_d2_S)' using Shift Registers.
INFO: [RTMG 210-285] Implementing FIFO 'layer21_out_15_U(myproject_fifo_w16_d2_S)' using Shift Registers.
INFO: [RTMG 210-285] Implementing FIFO 'layer21_out_16_U(myproject_fifo_w16_d2_S)' using Shift Registers.
INFO: [RTMG 210-285] Implementing FIFO 'layer21_out_17_U(myproject_fifo_w16_d2_S)' using Shift Registers.
INFO: [RTMG 210-285] Implementing FIFO 'layer21_out_18_U(myproject_fifo_w16_d2_S)' using Shift Registers.
INFO: [RTMG 210-285] Implementing FIFO 'layer21_out_19_U(myproject_fifo_w16_d2_S)' using Shift Registers.
INFO: [RTMG 210-285] Implementing FIFO 'layer21_out_20_U(myproject_fifo_w16_d2_S)' using Shift Registers.
INFO: [RTMG 210-285] Implementing FIFO 'layer21_out_21_U(myproject_fifo_w16_d2_S)' using Shift Registers.
INFO: [RTMG 210-285] Implementing FIFO 'layer21_out_22_U(myproject_fifo_w16_d2_S)' using Shift Registers.
INFO: [RTMG 210-285] Implementing FIFO 'layer21_out_23_U(myproject_fifo_w16_d2_S)' using Shift Registers.
INFO: [RTMG 210-285] Implementing FIFO 'layer21_out_24_U(myproject_fifo_w16_d2_S)' using Shift Registers.
INFO: [RTMG 210-285] Implementing FIFO 'layer21_out_25_U(myproject_fifo_w16_d2_S)' using Shift Registers.
INFO: [RTMG 210-285] Implementing FIFO 'layer21_out_26_U(myproject_fifo_w16_d2_S)' using Shift Registers.
INFO: [RTMG 210-285] Implementing FIFO 'layer21_out_27_U(myproject_fifo_w16_d2_S)' using Shift Registers.
INFO: [RTMG 210-285] Implementing FIFO 'layer21_out_28_U(myproject_fifo_w16_d2_S)' using Shift Registers.
INFO: [RTMG 210-285] Implementing FIFO 'layer21_out_29_U(myproject_fifo_w16_d2_S)' using Shift Registers.
INFO: [RTMG 210-285] Implementing FIFO 'layer21_out_30_U(myproject_fifo_w16_d2_S)' using Shift Registers.
INFO: [RTMG 210-285] Implementing FIFO 'layer21_out_31_U(myproject_fifo_w16_d2_S)' using Shift Registers.
INFO: [RTMG 210-285] Implementing FIFO 'layer21_out_32_U(myproject_fifo_w16_d2_S)' using Shift Registers.
INFO: [RTMG 210-285] Implementing FIFO 'layer21_out_33_U(myproject_fifo_w16_d2_S)' using Shift Registers.
INFO: [RTMG 210-285] Implementing FIFO 'layer21_out_34_U(myproject_fifo_w16_d2_S)' using Shift Registers.
INFO: [RTMG 210-285] Implementing FIFO 'layer21_out_35_U(myproject_fifo_w16_d2_S)' using Shift Registers.
INFO: [RTMG 210-285] Implementing FIFO 'layer21_out_36_U(myproject_fifo_w16_d2_S)' using Shift Registers.
INFO: [RTMG 210-285] Implementing FIFO 'layer21_out_37_U(myproject_fifo_w16_d2_S)' using Shift Registers.
INFO: [RTMG 210-285] Implementing FIFO 'layer21_out_38_U(myproject_fifo_w16_d2_S)' using Shift Registers.
INFO: [RTMG 210-285] Implementing FIFO 'layer21_out_39_U(myproject_fifo_w16_d2_S)' using Shift Registers.
INFO: [RTMG 210-285] Implementing FIFO 'layer21_out_40_U(myproject_fifo_w16_d2_S)' using Shift Registers.
INFO: [RTMG 210-285] Implementing FIFO 'layer21_out_41_U(myproject_fifo_w16_d2_S)' using Shift Registers.
INFO: [RTMG 210-285] Implementing FIFO 'layer21_out_42_U(myproject_fifo_w16_d2_S)' using Shift Registers.
INFO: [RTMG 210-285] Implementing FIFO 'layer21_out_43_U(myproject_fifo_w16_d2_S)' using Shift Registers.
INFO: [RTMG 210-285] Implementing FIFO 'layer23_out_U(myproject_fifo_w8_d2_S)' using Shift Registers.
INFO: [RTMG 210-285] Implementing FIFO 'layer23_out_1_U(myproject_fifo_w8_d2_S)' using Shift Registers.
INFO: [RTMG 210-285] Implementing FIFO 'layer23_out_2_U(myproject_fifo_w8_d2_S)' using Shift Registers.
INFO: [RTMG 210-285] Implementing FIFO 'layer23_out_3_U(myproject_fifo_w8_d2_S)' using Shift Registers.
INFO: [RTMG 210-285] Implementing FIFO 'layer23_out_4_U(myproject_fifo_w8_d2_S)' using Shift Registers.
INFO: [RTMG 210-285] Implementing FIFO 'layer23_out_5_U(myproject_fifo_w8_d2_S)' using Shift Registers.
INFO: [RTMG 210-285] Implementing FIFO 'layer23_out_6_U(myproject_fifo_w8_d2_S)' using Shift Registers.
INFO: [RTMG 210-285] Implementing FIFO 'layer23_out_7_U(myproject_fifo_w8_d2_S)' using Shift Registers.
INFO: [RTMG 210-285] Implementing FIFO 'layer23_out_8_U(myproject_fifo_w8_d2_S)' using Shift Registers.
INFO: [RTMG 210-285] Implementing FIFO 'layer23_out_9_U(myproject_fifo_w8_d2_S)' using Shift Registers.
INFO: [RTMG 210-285] Implementing FIFO 'layer23_out_10_U(myproject_fifo_w8_d2_S)' using Shift Registers.
INFO: [RTMG 210-285] Implementing FIFO 'layer23_out_11_U(myproject_fifo_w8_d2_S)' using Shift Registers.
INFO: [RTMG 210-285] Implementing FIFO 'layer23_out_12_U(myproject_fifo_w8_d2_S)' using Shift Registers.
INFO: [RTMG 210-285] Implementing FIFO 'layer23_out_13_U(myproject_fifo_w8_d2_S)' using Shift Registers.
INFO: [RTMG 210-285] Implementing FIFO 'layer23_out_14_U(myproject_fifo_w8_d2_S)' using Shift Registers.
INFO: [RTMG 210-285] Implementing FIFO 'layer23_out_15_U(myproject_fifo_w8_d2_S)' using Shift Registers.
INFO: [RTMG 210-285] Implementing FIFO 'layer23_out_16_U(myproject_fifo_w8_d2_S)' using Shift Registers.
INFO: [RTMG 210-285] Implementing FIFO 'layer23_out_17_U(myproject_fifo_w8_d2_S)' using Shift Registers.
INFO: [RTMG 210-285] Implementing FIFO 'layer23_out_18_U(myproject_fifo_w8_d2_S)' using Shift Registers.
INFO: [RTMG 210-285] Implementing FIFO 'layer23_out_19_U(myproject_fifo_w8_d2_S)' using Shift Registers.
INFO: [RTMG 210-285] Implementing FIFO 'layer23_out_20_U(myproject_fifo_w8_d2_S)' using Shift Registers.
INFO: [RTMG 210-285] Implementing FIFO 'layer23_out_21_U(myproject_fifo_w8_d2_S)' using Shift Registers.
INFO: [RTMG 210-285] Implementing FIFO 'layer23_out_22_U(myproject_fifo_w8_d2_S)' using Shift Registers.
INFO: [RTMG 210-285] Implementing FIFO 'layer23_out_23_U(myproject_fifo_w8_d2_S)' using Shift Registers.
INFO: [RTMG 210-285] Implementing FIFO 'layer23_out_24_U(myproject_fifo_w8_d2_S)' using Shift Registers.
INFO: [RTMG 210-285] Implementing FIFO 'layer23_out_25_U(myproject_fifo_w8_d2_S)' using Shift Registers.
INFO: [RTMG 210-285] Implementing FIFO 'layer23_out_26_U(myproject_fifo_w8_d2_S)' using Shift Registers.
INFO: [RTMG 210-285] Implementing FIFO 'layer23_out_27_U(myproject_fifo_w8_d2_S)' using Shift Registers.
INFO: [RTMG 210-285] Implementing FIFO 'layer23_out_28_U(myproject_fifo_w8_d2_S)' using Shift Registers.
INFO: [RTMG 210-285] Implementing FIFO 'layer23_out_29_U(myproject_fifo_w8_d2_S)' using Shift Registers.
INFO: [RTMG 210-285] Implementing FIFO 'layer23_out_30_U(myproject_fifo_w8_d2_S)' using Shift Registers.
INFO: [RTMG 210-285] Implementing FIFO 'layer23_out_31_U(myproject_fifo_w8_d2_S)' using Shift Registers.
INFO: [RTMG 210-285] Implementing FIFO 'layer23_out_32_U(myproject_fifo_w8_d2_S)' using Shift Registers.
INFO: [RTMG 210-285] Implementing FIFO 'layer23_out_33_U(myproject_fifo_w8_d2_S)' using Shift Registers.
INFO: [RTMG 210-285] Implementing FIFO 'layer23_out_34_U(myproject_fifo_w8_d2_S)' using Shift Registers.
INFO: [RTMG 210-285] Implementing FIFO 'layer23_out_35_U(myproject_fifo_w8_d2_S)' using Shift Registers.
INFO: [RTMG 210-285] Implementing FIFO 'layer23_out_36_U(myproject_fifo_w8_d2_S)' using Shift Registers.
INFO: [RTMG 210-285] Implementing FIFO 'layer23_out_37_U(myproject_fifo_w8_d2_S)' using Shift Registers.
INFO: [RTMG 210-285] Implementing FIFO 'layer23_out_38_U(myproject_fifo_w8_d2_S)' using Shift Registers.
INFO: [RTMG 210-285] Implementing FIFO 'layer23_out_39_U(myproject_fifo_w8_d2_S)' using Shift Registers.
INFO: [RTMG 210-285] Implementing FIFO 'layer23_out_40_U(myproject_fifo_w8_d2_S)' using Shift Registers.
INFO: [RTMG 210-285] Implementing FIFO 'layer23_out_41_U(myproject_fifo_w8_d2_S)' using Shift Registers.
INFO: [RTMG 210-285] Implementing FIFO 'layer23_out_42_U(myproject_fifo_w8_d2_S)' using Shift Registers.
INFO: [RTMG 210-285] Implementing FIFO 'layer23_out_43_U(myproject_fifo_w8_d2_S)' using Shift Registers.
INFO: [RTMG 210-285] Implementing FIFO 'layer24_out_U(myproject_fifo_w16_d2_S)' using Shift Registers.
INFO: [RTMG 210-285] Implementing FIFO 'layer24_out_1_U(myproject_fifo_w16_d2_S)' using Shift Registers.
INFO: [RTMG 210-285] Implementing FIFO 'layer24_out_2_U(myproject_fifo_w16_d2_S)' using Shift Registers.
INFO: [RTMG 210-285] Implementing FIFO 'layer24_out_3_U(myproject_fifo_w16_d2_S)' using Shift Registers.
INFO: [RTMG 210-285] Implementing FIFO 'layer24_out_4_U(myproject_fifo_w16_d2_S)' using Shift Registers.
INFO: [RTMG 210-285] Implementing FIFO 'layer24_out_5_U(myproject_fifo_w16_d2_S)' using Shift Registers.
INFO: [RTMG 210-285] Implementing FIFO 'layer24_out_6_U(myproject_fifo_w16_d2_S)' using Shift Registers.
INFO: [RTMG 210-285] Implementing FIFO 'layer24_out_7_U(myproject_fifo_w16_d2_S)' using Shift Registers.
INFO: [RTMG 210-285] Implementing FIFO 'layer24_out_8_U(myproject_fifo_w16_d2_S)' using Shift Registers.
INFO: [RTMG 210-285] Implementing FIFO 'layer24_out_9_U(myproject_fifo_w16_d2_S)' using Shift Registers.
INFO: [RTMG 210-285] Implementing FIFO 'layer24_out_10_U(myproject_fifo_w16_d2_S)' using Shift Registers.
INFO: [RTMG 210-285] Implementing FIFO 'layer24_out_11_U(myproject_fifo_w16_d2_S)' using Shift Registers.
INFO: [RTMG 210-285] Implementing FIFO 'layer24_out_12_U(myproject_fifo_w16_d2_S)' using Shift Registers.
INFO: [RTMG 210-285] Implementing FIFO 'layer24_out_13_U(myproject_fifo_w16_d2_S)' using Shift Registers.
INFO: [RTMG 210-285] Implementing FIFO 'layer24_out_14_U(myproject_fifo_w16_d2_S)' using Shift Registers.
INFO: [RTMG 210-285] Implementing FIFO 'layer24_out_15_U(myproject_fifo_w16_d2_S)' using Shift Registers.
INFO: [RTMG 210-285] Implementing FIFO 'layer24_out_16_U(myproject_fifo_w16_d2_S)' using Shift Registers.
INFO: [RTMG 210-285] Implementing FIFO 'layer24_out_17_U(myproject_fifo_w16_d2_S)' using Shift Registers.
INFO: [RTMG 210-285] Implementing FIFO 'layer24_out_18_U(myproject_fifo_w16_d2_S)' using Shift Registers.
INFO: [RTMG 210-285] Implementing FIFO 'layer24_out_19_U(myproject_fifo_w16_d2_S)' using Shift Registers.
INFO: [RTMG 210-285] Implementing FIFO 'layer24_out_20_U(myproject_fifo_w16_d2_S)' using Shift Registers.
INFO: [RTMG 210-285] Implementing FIFO 'layer24_out_21_U(myproject_fifo_w16_d2_S)' using Shift Registers.
INFO: [RTMG 210-285] Implementing FIFO 'layer26_out_U(myproject_fifo_w8_d2_S)' using Shift Registers.
INFO: [RTMG 210-285] Implementing FIFO 'layer26_out_1_U(myproject_fifo_w8_d2_S)' using Shift Registers.
INFO: [RTMG 210-285] Implementing FIFO 'layer26_out_2_U(myproject_fifo_w8_d2_S)' using Shift Registers.
INFO: [RTMG 210-285] Implementing FIFO 'layer26_out_3_U(myproject_fifo_w8_d2_S)' using Shift Registers.
INFO: [RTMG 210-285] Implementing FIFO 'layer26_out_4_U(myproject_fifo_w8_d2_S)' using Shift Registers.
INFO: [RTMG 210-285] Implementing FIFO 'layer26_out_5_U(myproject_fifo_w8_d2_S)' using Shift Registers.
INFO: [RTMG 210-285] Implementing FIFO 'layer26_out_6_U(myproject_fifo_w8_d2_S)' using Shift Registers.
INFO: [RTMG 210-285] Implementing FIFO 'layer26_out_7_U(myproject_fifo_w8_d2_S)' using Shift Registers.
INFO: [RTMG 210-285] Implementing FIFO 'layer26_out_8_U(myproject_fifo_w8_d2_S)' using Shift Registers.
INFO: [RTMG 210-285] Implementing FIFO 'layer26_out_9_U(myproject_fifo_w8_d2_S)' using Shift Registers.
INFO: [RTMG 210-285] Implementing FIFO 'layer26_out_10_U(myproject_fifo_w8_d2_S)' using Shift Registers.
INFO: [RTMG 210-285] Implementing FIFO 'layer26_out_11_U(myproject_fifo_w8_d2_S)' using Shift Registers.
INFO: [RTMG 210-285] Implementing FIFO 'layer26_out_12_U(myproject_fifo_w8_d2_S)' using Shift Registers.
INFO: [RTMG 210-285] Implementing FIFO 'layer26_out_13_U(myproject_fifo_w8_d2_S)' using Shift Registers.
INFO: [RTMG 210-285] Implementing FIFO 'layer26_out_14_U(myproject_fifo_w8_d2_S)' using Shift Registers.
INFO: [RTMG 210-285] Implementing FIFO 'layer26_out_15_U(myproject_fifo_w8_d2_S)' using Shift Registers.
INFO: [RTMG 210-285] Implementing FIFO 'layer26_out_16_U(myproject_fifo_w8_d2_S)' using Shift Registers.
INFO: [RTMG 210-285] Implementing FIFO 'layer26_out_17_U(myproject_fifo_w8_d2_S)' using Shift Registers.
INFO: [RTMG 210-285] Implementing FIFO 'layer26_out_18_U(myproject_fifo_w8_d2_S)' using Shift Registers.
INFO: [RTMG 210-285] Implementing FIFO 'layer26_out_19_U(myproject_fifo_w8_d2_S)' using Shift Registers.
INFO: [RTMG 210-285] Implementing FIFO 'layer26_out_20_U(myproject_fifo_w8_d2_S)' using Shift Registers.
INFO: [RTMG 210-285] Implementing FIFO 'layer26_out_21_U(myproject_fifo_w8_d2_S)' using Shift Registers.
INFO: [RTMG 210-285] Implementing FIFO 'layer27_out_U(myproject_fifo_w16_d2_S)' using Shift Registers.
INFO: [HLS 200-111] Finished Creating RTL model: CPU user time: 4.64 seconds. CPU system time: 0.43 seconds. Elapsed time: 710.65 seconds; current allocated memory: 1.310 GB.
INFO: [HLS 200-111] Finished Generating all RTL models: CPU user time: 1.91 seconds. CPU system time: 0.21 seconds. Elapsed time: 2.79 seconds; current allocated memory: 1.327 GB.
INFO: [HLS 200-111] Finished Updating report files: CPU user time: 12.32 seconds. CPU system time: 0.1 seconds. Elapsed time: 12.61 seconds; current allocated memory: 1.435 GB.
INFO: [VHDL 208-304] Generating VHDL RTL for myproject.
INFO: [VLOG 209-307] Generating Verilog RTL for myproject.
INFO: [HLS 200-790] **** Loop Constraint Status: All loop constraints were NOT satisfied.
INFO: [HLS 200-789] **** Estimated Fmax: 57.69 MHz
INFO: [HLS 200-2161] Finished Command csynth_design Elapsed time: 00:15:48; Allocated memory: 1.110 GB.
***** C/RTL SYNTHESIS COMPLETED IN 0h15m48s *****
***** VIVADO SYNTHESIS *****

****** Vivado v2024.1 (64-bit)
  **** SW Build 5076996 on Wed May 22 18:36:09 MDT 2024
  **** IP Build 5075265 on Wed May 22 21:45:21 MDT 2024
  **** SharedData Build 5076995 on Wed May 22 18:29:18 MDT 2024
  **** Start of session at: Tue Aug 11 07:10:03 2026
    ** Copyright 1986-2022 Xilinx, Inc. All Rights Reserved.
    ** Copyright 2022-2024 Advanced Micro Devices, Inc. All Rights Reserved.

source vivado_synth.tcl
# set tcldir [file dirname [info script]]
# source [file join $tcldir project.tcl]
## variable project_name
## set project_name "myproject"
## variable backend
## set backend "vivado"
## variable part
## set part "xc7z020clg400-1"
## variable clock_period
## set clock_period 20
## variable clock_uncertainty
## set clock_uncertainty 12.5%
## variable version
## set version "1.0.0"
# add_files ${project_name}_prj/solution1/syn/vhdl
add_files: Time (s): cpu = 00:00:05 ; elapsed = 00:00:06 . Memory (MB): peak = 1674.004 ; gain = 145.805 ; free physical = 87411 ; free virtual = 209877
# synth_design -top ${project_name} -part $part
Command: synth_design -top myproject -part xc7z020clg400-1
Starting synth_design
Attempting to get a license for feature 'Synthesis' and/or device 'xc7z020'
INFO: [Common 17-349] Got license for feature 'Synthesis' and/or device 'xc7z020'
INFO: [Synth 8-7079] Multithreading enabled for synth_design using a maximum of 4 processes.
INFO: [Synth 8-7078] Launching helper process for spawning children vivado processes
INFO: [Synth 8-7075] Helper process launched with PID 3546047
---------------------------------------------------------------------------------
Starting Synthesize : Time (s): cpu = 00:00:04 ; elapsed = 00:00:04 . Memory (MB): peak = 2108.594 ; gain = 428.473 ; free physical = 88138 ; free virtual = 211114
---------------------------------------------------------------------------------
INFO: [Synth 8-638] synthesizing module 'myproject' [/home/dabadjiev/smartpixels_ml_dsabadjiev/Muon_Collider_Smart_Pixels/eric/Results_June2026_99SigEff/model2.5_fin_results/model2_5_8bit_normalised_selected/pareto_secondary/hls_outputs_vsynth/hls_model_trial_074/myproject_prj/solution1/syn/vhdl/myproject.vhd:241]
INFO: [Synth 8-3491] module 'myproject_linear_ap_fixed_16_6_5_3_0_ap_fixed_10_1_4_0_0_linear_config3_s' declared at '/home/dabadjiev/smartpixels_ml_dsabadjiev/Muon_Collider_Smart_Pixels/eric/Results_June2026_99SigEff/model2.5_fin_results/model2_5_8bit_normalised_selected/pareto_secondary/hls_outputs_vsynth/hls_model_trial_074/myproject_prj/solution1/syn/vhdl/myproject_linear_ap_fixed_16_6_5_3_0_ap_fixed_10_1_4_0_0_linear_config3_s.vhd:11' bound to instance 'linear_ap_fixed_16_6_5_3_0_ap_fixed_10_1_4_0_0_linear_config3_U0' of component 'myproject_linear_ap_fixed_16_6_5_3_0_ap_fixed_10_1_4_0_0_linear_config3_s' [/home/dabadjiev/smartpixels_ml_dsabadjiev/Muon_Collider_Smart_Pixels/eric/Results_June2026_99SigEff/model2.5_fin_results/model2_5_8bit_normalised_selected/pareto_secondary/hls_outputs_vsynth/hls_model_trial_074/myproject_prj/solution1/syn/vhdl/myproject.vhd:6539]
INFO: [Synth 8-638] synthesizing module 'myproject_linear_ap_fixed_16_6_5_3_0_ap_fixed_10_1_4_0_0_linear_config3_s' [/home/dabadjiev/smartpixels_ml_dsabadjiev/Muon_Collider_Smart_Pixels/eric/Results_June2026_99SigEff/model2.5_fin_results/model2_5_8bit_normalised_selected/pareto_secondary/hls_outputs_vsynth/hls_model_trial_074/myproject_prj/solution1/syn/vhdl/myproject_linear_ap_fixed_16_6_5_3_0_ap_fixed_10_1_4_0_0_linear_config3_s.vhd:47]
INFO: [Synth 8-256] done synthesizing module 'myproject_linear_ap_fixed_16_6_5_3_0_ap_fixed_10_1_4_0_0_linear_config3_s' (0#1) [/home/dabadjiev/smartpixels_ml_dsabadjiev/Muon_Collider_Smart_Pixels/eric/Results_June2026_99SigEff/model2.5_fin_results/model2_5_8bit_normalised_selected/pareto_secondary/hls_outputs_vsynth/hls_model_trial_074/myproject_prj/solution1/syn/vhdl/myproject_linear_ap_fixed_16_6_5_3_0_ap_fixed_10_1_4_0_0_linear_config3_s.vhd:47]
INFO: [Synth 8-3491] module 'myproject_linear_ap_fixed_16_6_5_3_0_ap_fixed_10_1_4_0_0_linear_config4_s' declared at '/home/dabadjiev/smartpixels_ml_dsabadjiev/Muon_Collider_Smart_Pixels/eric/Results_June2026_99SigEff/model2.5_fin_results/model2_5_8bit_normalised_selected/pareto_secondary/hls_outputs_vsynth/hls_model_trial_074/myproject_prj/solution1/syn/vhdl/myproject_linear_ap_fixed_16_6_5_3_0_ap_fixed_10_1_4_0_0_linear_config4_s.vhd:11' bound to instance 'linear_ap_fixed_16_6_5_3_0_ap_fixed_10_1_4_0_0_linear_config4_U0' of component 'myproject_linear_ap_fixed_16_6_5_3_0_ap_fixed_10_1_4_0_0_linear_config4_s' [/home/dabadjiev/smartpixels_ml_dsabadjiev/Muon_Collider_Smart_Pixels/eric/Results_June2026_99SigEff/model2.5_fin_results/model2_5_8bit_normalised_selected/pareto_secondary/hls_outputs_vsynth/hls_model_trial_074/myproject_prj/solution1/syn/vhdl/myproject.vhd:6573]
INFO: [Synth 8-638] synthesizing module 'myproject_linear_ap_fixed_16_6_5_3_0_ap_fixed_10_1_4_0_0_linear_config4_s' [/home/dabadjiev/smartpixels_ml_dsabadjiev/Muon_Collider_Smart_Pixels/eric/Results_June2026_99SigEff/model2.5_fin_results/model2_5_8bit_normalised_selected/pareto_secondary/hls_outputs_vsynth/hls_model_trial_074/myproject_prj/solution1/syn/vhdl/myproject_linear_ap_fixed_16_6_5_3_0_ap_fixed_10_1_4_0_0_linear_config4_s.vhd:39]
INFO: [Synth 8-256] done synthesizing module 'myproject_linear_ap_fixed_16_6_5_3_0_ap_fixed_10_1_4_0_0_linear_config4_s' (0#1) [/home/dabadjiev/smartpixels_ml_dsabadjiev/Muon_Collider_Smart_Pixels/eric/Results_June2026_99SigEff/model2.5_fin_results/model2_5_8bit_normalised_selected/pareto_secondary/hls_outputs_vsynth/hls_model_trial_074/myproject_prj/solution1/syn/vhdl/myproject_linear_ap_fixed_16_6_5_3_0_ap_fixed_10_1_4_0_0_linear_config4_s.vhd:39]
INFO: [Synth 8-3491] module 'myproject_concatenate1d_ap_fixed_ap_fixed_ap_fixed_16_6_5_3_0_config8_s' declared at '/home/dabadjiev/smartpixels_ml_dsabadjiev/Muon_Collider_Smart_Pixels/eric/Results_June2026_99SigEff/model2.5_fin_results/model2_5_8bit_normalised_selected/pareto_secondary/hls_outputs_vsynth/hls_model_trial_074/myproject_prj/solution1/syn/vhdl/myproject_concatenate1d_ap_fixed_ap_fixed_ap_fixed_16_6_5_3_0_config8_s.vhd:11' bound to instance 'concatenate1d_ap_fixed_ap_fixed_ap_fixed_16_6_5_3_0_config8_U0' of component 'myproject_concatenate1d_ap_fixed_ap_fixed_ap_fixed_16_6_5_3_0_config8_s' [/home/dabadjiev/smartpixels_ml_dsabadjiev/Muon_Collider_Smart_Pixels/eric/Results_June2026_99SigEff/model2.5_fin_results/model2_5_8bit_normalised_selected/pareto_secondary/hls_outputs_vsynth/hls_model_trial_074/myproject_prj/solution1/syn/vhdl/myproject.vhd:6599]
INFO: [Synth 8-638] synthesizing module 'myproject_concatenate1d_ap_fixed_ap_fixed_ap_fixed_16_6_5_3_0_config8_s' [/home/dabadjiev/smartpixels_ml_dsabadjiev/Muon_Collider_Smart_Pixels/eric/Results_June2026_99SigEff/model2.5_fin_results/model2_5_8bit_normalised_selected/pareto_secondary/hls_outputs_vsynth/hls_model_trial_074/myproject_prj/solution1/syn/vhdl/myproject_concatenate1d_ap_fixed_ap_fixed_ap_fixed_16_6_5_3_0_config8_s.vhd:92]
INFO: [Synth 8-256] done synthesizing module 'myproject_concatenate1d_ap_fixed_ap_fixed_ap_fixed_16_6_5_3_0_config8_s' (0#1) [/home/dabadjiev/smartpixels_ml_dsabadjiev/Muon_Collider_Smart_Pixels/eric/Results_June2026_99SigEff/model2.5_fin_results/model2_5_8bit_normalised_selected/pareto_secondary/hls_outputs_vsynth/hls_model_trial_074/myproject_prj/solution1/syn/vhdl/myproject_concatenate1d_ap_fixed_ap_fixed_ap_fixed_16_6_5_3_0_config8_s.vhd:92]
INFO: [Synth 8-3491] module 'myproject_linear_ap_fixed_16_6_5_3_0_ap_fixed_10_1_4_0_0_linear_config9_s' declared at '/home/dabadjiev/smartpixels_ml_dsabadjiev/Muon_Collider_Smart_Pixels/eric/Results_June2026_99SigEff/model2.5_fin_results/model2_5_8bit_normalised_selected/pareto_secondary/hls_outputs_vsynth/hls_model_trial_074/myproject_prj/solution1/syn/vhdl/myproject_linear_ap_fixed_16_6_5_3_0_ap_fixed_10_1_4_0_0_linear_config9_s.vhd:11' bound to instance 'linear_ap_fixed_16_6_5_3_0_ap_fixed_10_1_4_0_0_linear_config9_U0' of component 'myproject_linear_ap_fixed_16_6_5_3_0_ap_fixed_10_1_4_0_0_linear_config9_s' [/home/dabadjiev/smartpixels_ml_dsabadjiev/Muon_Collider_Smart_Pixels/eric/Results_June2026_99SigEff/model2.5_fin_results/model2_5_8bit_normalised_selected/pareto_secondary/hls_outputs_vsynth/hls_model_trial_074/myproject_prj/solution1/syn/vhdl/myproject.vhd:6678]
INFO: [Synth 8-638] synthesizing module 'myproject_linear_ap_fixed_16_6_5_3_0_ap_fixed_10_1_4_0_0_linear_config9_s' [/home/dabadjiev/smartpixels_ml_dsabadjiev/Muon_Collider_Smart_Pixels/eric/Results_June2026_99SigEff/model2.5_fin_results/model2_5_8bit_normalised_selected/pareto_secondary/hls_outputs_vsynth/hls_model_trial_074/myproject_prj/solution1/syn/vhdl/myproject_linear_ap_fixed_16_6_5_3_0_ap_fixed_10_1_4_0_0_linear_config9_s.vhd:27]
INFO: [Synth 8-256] done synthesizing module 'myproject_linear_ap_fixed_16_6_5_3_0_ap_fixed_10_1_4_0_0_linear_config9_s' (0#1) [/home/dabadjiev/smartpixels_ml_dsabadjiev/Muon_Collider_Smart_Pixels/eric/Results_June2026_99SigEff/model2.5_fin_results/model2_5_8bit_normalised_selected/pareto_secondary/hls_outputs_vsynth/hls_model_trial_074/myproject_prj/solution1/syn/vhdl/myproject_linear_ap_fixed_16_6_5_3_0_ap_fixed_10_1_4_0_0_linear_config9_s.vhd:27]
INFO: [Synth 8-3491] module 'myproject_linear_ap_fixed_16_6_5_3_0_ap_fixed_10_1_4_0_0_linear_config10_s' declared at '/home/dabadjiev/smartpixels_ml_dsabadjiev/Muon_Collider_Smart_Pixels/eric/Results_June2026_99SigEff/model2.5_fin_results/model2_5_8bit_normalised_selected/pareto_secondary/hls_outputs_vsynth/hls_model_trial_074/myproject_prj/solution1/syn/vhdl/myproject_linear_ap_fixed_16_6_5_3_0_ap_fixed_10_1_4_0_0_linear_config10_s.vhd:11' bound to instance 'linear_ap_fixed_16_6_5_3_0_ap_fixed_10_1_4_0_0_linear_config10_U0' of component 'myproject_linear_ap_fixed_16_6_5_3_0_ap_fixed_10_1_4_0_0_linear_config10_s' [/home/dabadjiev/smartpixels_ml_dsabadjiev/Muon_Collider_Smart_Pixels/eric/Results_June2026_99SigEff/model2.5_fin_results/model2_5_8bit_normalised_selected/pareto_secondary/hls_outputs_vsynth/hls_model_trial_074/myproject_prj/solution1/syn/vhdl/myproject.vhd:6692]
INFO: [Synth 8-638] synthesizing module 'myproject_linear_ap_fixed_16_6_5_3_0_ap_fixed_10_1_4_0_0_linear_config10_s' [/home/dabadjiev/smartpixels_ml_dsabadjiev/Muon_Collider_Smart_Pixels/eric/Results_June2026_99SigEff/model2.5_fin_results/model2_5_8bit_normalised_selected/pareto_secondary/hls_outputs_vsynth/hls_model_trial_074/myproject_prj/solution1/syn/vhdl/myproject_linear_ap_fixed_16_6_5_3_0_ap_fixed_10_1_4_0_0_linear_config10_s.vhd:27]
INFO: [Synth 8-256] done synthesizing module 'myproject_linear_ap_fixed_16_6_5_3_0_ap_fixed_10_1_4_0_0_linear_config10_s' (0#1) [/home/dabadjiev/smartpixels_ml_dsabadjiev/Muon_Collider_Smart_Pixels/eric/Results_June2026_99SigEff/model2.5_fin_results/model2_5_8bit_normalised_selected/pareto_secondary/hls_outputs_vsynth/hls_model_trial_074/myproject_prj/solution1/syn/vhdl/myproject_linear_ap_fixed_16_6_5_3_0_ap_fixed_10_1_4_0_0_linear_config10_s.vhd:27]
INFO: [Synth 8-3491] module 'myproject_linear_ap_fixed_16_6_5_3_0_ap_fixed_10_1_4_0_0_linear_config11_s' declared at '/home/dabadjiev/smartpixels_ml_dsabadjiev/Muon_Collider_Smart_Pixels/eric/Results_June2026_99SigEff/model2.5_fin_results/model2_5_8bit_normalised_selected/pareto_secondary/hls_outputs_vsynth/hls_model_trial_074/myproject_prj/solution1/syn/vhdl/myproject_linear_ap_fixed_16_6_5_3_0_ap_fixed_10_1_4_0_0_linear_config11_s.vhd:11' bound to instance 'linear_ap_fixed_16_6_5_3_0_ap_fixed_10_1_4_0_0_linear_config11_U0' of component 'myproject_linear_ap_fixed_16_6_5_3_0_ap_fixed_10_1_4_0_0_linear_config11_s' [/home/dabadjiev/smartpixels_ml_dsabadjiev/Muon_Collider_Smart_Pixels/eric/Results_June2026_99SigEff/model2.5_fin_results/model2_5_8bit_normalised_selected/pareto_secondary/hls_outputs_vsynth/hls_model_trial_074/myproject_prj/solution1/syn/vhdl/myproject.vhd:6706]
INFO: [Synth 8-638] synthesizing module 'myproject_linear_ap_fixed_16_6_5_3_0_ap_fixed_10_1_4_0_0_linear_config11_s' [/home/dabadjiev/smartpixels_ml_dsabadjiev/Muon_Collider_Smart_Pixels/eric/Results_June2026_99SigEff/model2.5_fin_results/model2_5_8bit_normalised_selected/pareto_secondary/hls_outputs_vsynth/hls_model_trial_074/myproject_prj/solution1/syn/vhdl/myproject_linear_ap_fixed_16_6_5_3_0_ap_fixed_10_1_4_0_0_linear_config11_s.vhd:27]
INFO: [Synth 8-256] done synthesizing module 'myproject_linear_ap_fixed_16_6_5_3_0_ap_fixed_10_1_4_0_0_linear_config11_s' (0#1) [/home/dabadjiev/smartpixels_ml_dsabadjiev/Muon_Collider_Smart_Pixels/eric/Results_June2026_99SigEff/model2.5_fin_results/model2_5_8bit_normalised_selected/pareto_secondary/hls_outputs_vsynth/hls_model_trial_074/myproject_prj/solution1/syn/vhdl/myproject_linear_ap_fixed_16_6_5_3_0_ap_fixed_10_1_4_0_0_linear_config11_s.vhd:27]
INFO: [Synth 8-3491] module 'myproject_concatenate1d_ap_fixed_ap_fixed_ap_fixed_16_6_5_3_0_config12_s' declared at '/home/dabadjiev/smartpixels_ml_dsabadjiev/Muon_Collider_Smart_Pixels/eric/Results_June2026_99SigEff/model2.5_fin_results/model2_5_8bit_normalised_selected/pareto_secondary/hls_outputs_vsynth/hls_model_trial_074/myproject_prj/solution1/syn/vhdl/myproject_concatenate1d_ap_fixed_ap_fixed_ap_fixed_16_6_5_3_0_config12_s.vhd:11' bound to instance 'concatenate1d_ap_fixed_ap_fixed_ap_fixed_16_6_5_3_0_config12_U0' of component 'myproject_concatenate1d_ap_fixed_ap_fixed_ap_fixed_16_6_5_3_0_config12_s' [/home/dabadjiev/smartpixels_ml_dsabadjiev/Muon_Collider_Smart_Pixels/eric/Results_June2026_99SigEff/model2.5_fin_results/model2_5_8bit_normalised_selected/pareto_secondary/hls_outputs_vsynth/hls_model_trial_074/myproject_prj/solution1/syn/vhdl/myproject.vhd:6720]
INFO: [Synth 8-638] synthesizing module 'myproject_concatenate1d_ap_fixed_ap_fixed_ap_fixed_16_6_5_3_0_config12_s' [/home/dabadjiev/smartpixels_ml_dsabadjiev/Muon_Collider_Smart_Pixels/eric/Results_June2026_99SigEff/model2.5_fin_results/model2_5_8bit_normalised_selected/pareto_secondary/hls_outputs_vsynth/hls_model_trial_074/myproject_prj/solution1/syn/vhdl/myproject_concatenate1d_ap_fixed_ap_fixed_ap_fixed_16_6_5_3_0_config12_s.vhd:94]
INFO: [Synth 8-256] done synthesizing module 'myproject_concatenate1d_ap_fixed_ap_fixed_ap_fixed_16_6_5_3_0_config12_s' (0#1) [/home/dabadjiev/smartpixels_ml_dsabadjiev/Muon_Collider_Smart_Pixels/eric/Results_June2026_99SigEff/model2.5_fin_results/model2_5_8bit_normalised_selected/pareto_secondary/hls_outputs_vsynth/hls_model_trial_074/myproject_prj/solution1/syn/vhdl/myproject_concatenate1d_ap_fixed_ap_fixed_ap_fixed_16_6_5_3_0_config12_s.vhd:94]
INFO: [Synth 8-3491] module 'myproject_concatenate1d_ap_fixed_ap_fixed_ap_fixed_16_6_5_3_0_config13_s' declared at '/home/dabadjiev/smartpixels_ml_dsabadjiev/Muon_Collider_Smart_Pixels/eric/Results_June2026_99SigEff/model2.5_fin_results/model2_5_8bit_normalised_selected/pareto_secondary/hls_outputs_vsynth/hls_model_trial_074/myproject_prj/solution1/syn/vhdl/myproject_concatenate1d_ap_fixed_ap_fixed_ap_fixed_16_6_5_3_0_config13_s.vhd:11' bound to instance 'concatenate1d_ap_fixed_ap_fixed_ap_fixed_16_6_5_3_0_config13_U0' of component 'myproject_concatenate1d_ap_fixed_ap_fixed_ap_fixed_16_6_5_3_0_config13_s' [/home/dabadjiev/smartpixels_ml_dsabadjiev/Muon_Collider_Smart_Pixels/eric/Results_June2026_99SigEff/model2.5_fin_results/model2_5_8bit_normalised_selected/pareto_secondary/hls_outputs_vsynth/hls_model_trial_074/myproject_prj/solution1/syn/vhdl/myproject.vhd:6801]
INFO: [Synth 8-638] synthesizing module 'myproject_concatenate1d_ap_fixed_ap_fixed_ap_fixed_16_6_5_3_0_config13_s' [/home/dabadjiev/smartpixels_ml_dsabadjiev/Muon_Collider_Smart_Pixels/eric/Results_June2026_99SigEff/model2.5_fin_results/model2_5_8bit_normalised_selected/pareto_secondary/hls_outputs_vsynth/hls_model_trial_074/myproject_prj/solution1/syn/vhdl/myproject_concatenate1d_ap_fixed_ap_fixed_ap_fixed_16_6_5_3_0_config13_s.vhd:28]
INFO: [Synth 8-256] done synthesizing module 'myproject_concatenate1d_ap_fixed_ap_fixed_ap_fixed_16_6_5_3_0_config13_s' (0#1) [/home/dabadjiev/smartpixels_ml_dsabadjiev/Muon_Collider_Smart_Pixels/eric/Results_June2026_99SigEff/model2.5_fin_results/model2_5_8bit_normalised_selected/pareto_secondary/hls_outputs_vsynth/hls_model_trial_074/myproject_prj/solution1/syn/vhdl/myproject_concatenate1d_ap_fixed_ap_fixed_ap_fixed_16_6_5_3_0_config13_s.vhd:28]
INFO: [Synth 8-3491] module 'myproject_dense_resource_ap_fixed_16_6_5_3_0_ap_fixed_16_6_5_3_0_config14_s' declared at '/home/dabadjiev/smartpixels_ml_dsabadjiev/Muon_Collider_Smart_Pixels/eric/Results_June2026_99SigEff/model2.5_fin_results/model2_5_8bit_normalised_selected/pareto_secondary/hls_outputs_vsynth/hls_model_trial_074/myproject_prj/solution1/syn/vhdl/myproject_dense_resource_ap_fixed_16_6_5_3_0_ap_fixed_16_6_5_3_0_config14_s.vhd:11' bound to instance 'dense_resource_ap_fixed_16_6_5_3_0_ap_fixed_16_6_5_3_0_config14_U0' of component 'myproject_dense_resource_ap_fixed_16_6_5_3_0_ap_fixed_16_6_5_3_0_config14_s' [/home/dabadjiev/smartpixels_ml_dsabadjiev/Muon_Collider_Smart_Pixels/eric/Results_June2026_99SigEff/model2.5_fin_results/model2_5_8bit_normalised_selected/pareto_secondary/hls_outputs_vsynth/hls_model_trial_074/myproject_prj/solution1/syn/vhdl/myproject.vhd:6816]
INFO: [Synth 8-638] synthesizing module 'myproject_dense_resource_ap_fixed_16_6_5_3_0_ap_fixed_16_6_5_3_0_config14_s' [/home/dabadjiev/smartpixels_ml_dsabadjiev/Muon_Collider_Smart_Pixels/eric/Results_June2026_99SigEff/model2.5_fin_results/model2_5_8bit_normalised_selected/pareto_secondary/hls_outputs_vsynth/hls_model_trial_074/myproject_prj/solution1/syn/vhdl/myproject_dense_resource_ap_fixed_16_6_5_3_0_ap_fixed_16_6_5_3_0_config14_s.vhd:240]
	Parameter ID bound to: 1 - type: integer 
	Parameter NUM_STAGE bound to: 1 - type: integer 
	Parameter CASE0 bound to: 3'b000 
	Parameter din0_WIDTH bound to: 11 - type: integer 
	Parameter CASE1 bound to: 3'b001 
	Parameter din1_WIDTH bound to: 11 - type: integer 
	Parameter CASE2 bound to: 3'b010 
	Parameter din2_WIDTH bound to: 11 - type: integer 
	Parameter CASE3 bound to: 3'b011 
	Parameter din3_WIDTH bound to: 11 - type: integer 
	Parameter CASE4 bound to: 3'b100 
	Parameter din4_WIDTH bound to: 11 - type: integer 
	Parameter CASE5 bound to: 3'b101 
	Parameter din5_WIDTH bound to: 11 - type: integer 
	Parameter CASE6 bound to: 3'b110 
	Parameter din6_WIDTH bound to: 11 - type: integer 
	Parameter def_WIDTH bound to: 11 - type: integer 
	Parameter sel_WIDTH bound to: 3 - type: integer 
	Parameter dout_WIDTH bound to: 11 - type: integer 
INFO: [Synth 8-3491] module 'myproject_sparsemux_15_3_11_1_1' declared at '/home/dabadjiev/smartpixels_ml_dsabadjiev/Muon_Collider_Smart_Pixels/eric/Results_June2026_99SigEff/model2.5_fin_results/model2_5_8bit_normalised_selected/pareto_secondary/hls_outputs_vsynth/hls_model_trial_074/myproject_prj/solution1/syn/vhdl/myproject_sparsemux_15_3_11_1_1.vhd:12' bound to instance 'sparsemux_15_3_11_1_1_U77' of component 'myproject_sparsemux_15_3_11_1_1' [/home/dabadjiev/smartpixels_ml_dsabadjiev/Muon_Collider_Smart_Pixels/eric/Results_June2026_99SigEff/model2.5_fin_results/model2_5_8bit_normalised_selected/pareto_secondary/hls_outputs_vsynth/hls_model_trial_074/myproject_prj/solution1/syn/vhdl/myproject_dense_resource_ap_fixed_16_6_5_3_0_ap_fixed_16_6_5_3_0_config14_s.vhd:6660]
INFO: [Synth 8-638] synthesizing module 'myproject_sparsemux_15_3_11_1_1' [/home/dabadjiev/smartpixels_ml_dsabadjiev/Muon_Collider_Smart_Pixels/eric/Results_June2026_99SigEff/model2.5_fin_results/model2_5_8bit_normalised_selected/pareto_secondary/hls_outputs_vsynth/hls_model_trial_074/myproject_prj/solution1/syn/vhdl/myproject_sparsemux_15_3_11_1_1.vhd:73]
	Parameter din0_WIDTH bound to: 11 - type: integer 
	Parameter din1_WIDTH bound to: 11 - type: integer 
	Parameter din2_WIDTH bound to: 11 - type: integer 
	Parameter din3_WIDTH bound to: 11 - type: integer 
	Parameter din4_WIDTH bound to: 11 - type: integer 
	Parameter din5_WIDTH bound to: 11 - type: integer 
	Parameter din6_WIDTH bound to: 11 - type: integer 
	Parameter def_WIDTH bound to: 11 - type: integer 
	Parameter sel_WIDTH bound to: 3 - type: integer 
	Parameter dout_WIDTH bound to: 11 - type: integer 
	Parameter CASE0 bound to: 3'b000 
	Parameter CASE1 bound to: 3'b001 
	Parameter CASE2 bound to: 3'b010 
	Parameter CASE3 bound to: 3'b011 
	Parameter CASE4 bound to: 3'b100 
	Parameter CASE5 bound to: 3'b101 
	Parameter CASE6 bound to: 3'b110 
	Parameter ID bound to: 1 - type: integer 
	Parameter NUM_STAGE bound to: 1 - type: integer 
WARNING: [Synth 8-614] signal 'def' is read in the process but is not in the sensitivity list [/home/dabadjiev/smartpixels_ml_dsabadjiev/Muon_Collider_Smart_Pixels/eric/Results_June2026_99SigEff/model2.5_fin_results/model2_5_8bit_normalised_selected/pareto_secondary/hls_outputs_vsynth/hls_model_trial_074/myproject_prj/solution1/syn/vhdl/myproject_sparsemux_15_3_11_1_1.vhd:79]
INFO: [Synth 8-256] done synthesizing module 'myproject_sparsemux_15_3_11_1_1' (0#1) [/home/dabadjiev/smartpixels_ml_dsabadjiev/Muon_Collider_Smart_Pixels/eric/Results_June2026_99SigEff/model2.5_fin_results/model2_5_8bit_normalised_selected/pareto_secondary/hls_outputs_vsynth/hls_model_trial_074/myproject_prj/solution1/syn/vhdl/myproject_sparsemux_15_3_11_1_1.vhd:73]
	Parameter ID bound to: 1 - type: integer 
	Parameter NUM_STAGE bound to: 1 - type: integer 
	Parameter din0_WIDTH bound to: 11 - type: integer 
	Parameter din1_WIDTH bound to: 8 - type: integer 
	Parameter dout_WIDTH bound to: 19 - type: integer 
INFO: [Synth 8-3491] module 'myproject_mul_11s_8s_19_1_1' declared at '/home/dabadjiev/smartpixels_ml_dsabadjiev/Muon_Collider_Smart_Pixels/eric/Results_June2026_99SigEff/model2.5_fin_results/model2_5_8bit_normalised_selected/pareto_secondary/hls_outputs_vsynth/hls_model_trial_074/myproject_prj/solution1/syn/vhdl/myproject_mul_11s_8s_19_1_1.vhd:7' bound to instance 'mul_11s_8s_19_1_1_U78' of component 'myproject_mul_11s_8s_19_1_1' [/home/dabadjiev/smartpixels_ml_dsabadjiev/Muon_Collider_Smart_Pixels/eric/Results_June2026_99SigEff/model2.5_fin_results/model2_5_8bit_normalised_selected/pareto_secondary/hls_outputs_vsynth/hls_model_trial_074/myproject_prj/solution1/syn/vhdl/myproject_dense_resource_ap_fixed_16_6_5_3_0_ap_fixed_16_6_5_3_0_config14_s.vhd:6693]
INFO: [Synth 8-638] synthesizing module 'myproject_mul_11s_8s_19_1_1' [/home/dabadjiev/smartpixels_ml_dsabadjiev/Muon_Collider_Smart_Pixels/eric/Results_June2026_99SigEff/model2.5_fin_results/model2_5_8bit_normalised_selected/pareto_secondary/hls_outputs_vsynth/hls_model_trial_074/myproject_prj/solution1/syn/vhdl/myproject_mul_11s_8s_19_1_1.vhd:26]
	Parameter ID bound to: 1 - type: integer 
	Parameter NUM_STAGE bound to: 1 - type: integer 
	Parameter din0_WIDTH bound to: 11 - type: integer 
	Parameter din1_WIDTH bound to: 8 - type: integer 
	Parameter dout_WIDTH bound to: 19 - type: integer 
INFO: [Synth 8-256] done synthesizing module 'myproject_mul_11s_8s_19_1_1' (0#1) [/home/dabadjiev/smartpixels_ml_dsabadjiev/Muon_Collider_Smart_Pixels/eric/Results_June2026_99SigEff/model2.5_fin_results/model2_5_8bit_normalised_selected/pareto_secondary/hls_outputs_vsynth/hls_model_trial_074/myproject_prj/solution1/syn/vhdl/myproject_mul_11s_8s_19_1_1.vhd:26]
	Parameter ID bound to: 1 - type: integer 
	Parameter NUM_STAGE bound to: 1 - type: integer 
	Parameter CASE0 bound to: 3'b000 
	Parameter din0_WIDTH bound to: 11 - type: integer 
	Parameter CASE1 bound to: 3'b001 
	Parameter din1_WIDTH bound to: 11 - type: integer 
	Parameter CASE2 bound to: 3'b010 
	Parameter din2_WIDTH bound to: 11 - type: integer 
	Parameter CASE3 bound to: 3'b011 
	Parameter din3_WIDTH bound to: 11 - type: integer 
	Parameter CASE4 bound to: 3'b100 
	Parameter din4_WIDTH bound to: 11 - type: integer 
	Parameter CASE5 bound to: 3'b101 
	Parameter din5_WIDTH bound to: 11 - type: integer 
	Parameter CASE6 bound to: 3'b110 
	Parameter din6_WIDTH bound to: 11 - type: integer 
	Parameter def_WIDTH bound to: 11 - type: integer 
	Parameter sel_WIDTH bound to: 3 - type: integer 
	Parameter dout_WIDTH bound to: 11 - type: integer 
INFO: [Synth 8-3491] module 'myproject_sparsemux_15_3_11_1_1' declared at '/home/dabadjiev/smartpixels_ml_dsabadjiev/Muon_Collider_Smart_Pixels/eric/Results_June2026_99SigEff/model2.5_fin_results/model2_5_8bit_normalised_selected/pareto_secondary/hls_outputs_vsynth/hls_model_trial_074/myproject_prj/solution1/syn/vhdl/myproject_sparsemux_15_3_11_1_1.vhd:12' bound to instance 'sparsemux_15_3_11_1_1_U79' of component 'myproject_sparsemux_15_3_11_1_1' [/home/dabadjiev/smartpixels_ml_dsabadjiev/Muon_Collider_Smart_Pixels/eric/Results_June2026_99SigEff/model2.5_fin_results/model2_5_8bit_normalised_selected/pareto_secondary/hls_outputs_vsynth/hls_model_trial_074/myproject_prj/solution1/syn/vhdl/myproject_dense_resource_ap_fixed_16_6_5_3_0_ap_fixed_16_6_5_3_0_config14_s.vhd:6705]
	Parameter ID bound to: 1 - type: integer 
	Parameter NUM_STAGE bound to: 1 - type: integer 
	Parameter din0_WIDTH bound to: 11 - type: integer 
	Parameter din1_WIDTH bound to: 8 - type: integer 
	Parameter dout_WIDTH bound to: 19 - type: integer 
INFO: [Synth 8-3491] module 'myproject_mul_11s_8s_19_1_1' declared at '/home/dabadjiev/smartpixels_ml_dsabadjiev/Muon_Collider_Smart_Pixels/eric/Results_June2026_99SigEff/model2.5_fin_results/model2_5_8bit_normalised_selected/pareto_secondary/hls_outputs_vsynth/hls_model_trial_074/myproject_prj/solution1/syn/vhdl/myproject_mul_11s_8s_19_1_1.vhd:7' bound to instance 'mul_11s_8s_19_1_1_U80' of component 'myproject_mul_11s_8s_19_1_1' [/home/dabadjiev/smartpixels_ml_dsabadjiev/Muon_Collider_Smart_Pixels/eric/Results_June2026_99SigEff/model2.5_fin_results/model2_5_8bit_normalised_selected/pareto_secondary/hls_outputs_vsynth/hls_model_trial_074/myproject_prj/solution1/syn/vhdl/myproject_dense_resource_ap_fixed_16_6_5_3_0_ap_fixed_16_6_5_3_0_config14_s.vhd:6738]
	Parameter ID bound to: 1 - type: integer 
	Parameter NUM_STAGE bound to: 1 - type: integer 
	Parameter CASE0 bound to: 3'b000 
	Parameter din0_WIDTH bound to: 11 - type: integer 
	Parameter CASE1 bound to: 3'b001 
	Parameter din1_WIDTH bound to: 11 - type: integer 
	Parameter CASE2 bound to: 3'b010 
	Parameter din2_WIDTH bound to: 11 - type: integer 
	Parameter CASE3 bound to: 3'b011 
	Parameter din3_WIDTH bound to: 11 - type: integer 
	Parameter CASE4 bound to: 3'b100 
	Parameter din4_WIDTH bound to: 11 - type: integer 
	Parameter CASE5 bound to: 3'b101 
	Parameter din5_WIDTH bound to: 11 - type: integer 
	Parameter CASE6 bound to: 3'b110 
	Parameter din6_WIDTH bound to: 11 - type: integer 
	Parameter def_WIDTH bound to: 11 - type: integer 
	Parameter sel_WIDTH bound to: 3 - type: integer 
	Parameter dout_WIDTH bound to: 11 - type: integer 
INFO: [Synth 8-3491] module 'myproject_sparsemux_15_3_11_1_1' declared at '/home/dabadjiev/smartpixels_ml_dsabadjiev/Muon_Collider_Smart_Pixels/eric/Results_June2026_99SigEff/model2.5_fin_results/model2_5_8bit_normalised_selected/pareto_secondary/hls_outputs_vsynth/hls_model_trial_074/myproject_prj/solution1/syn/vhdl/myproject_sparsemux_15_3_11_1_1.vhd:12' bound to instance 'sparsemux_15_3_11_1_1_U81' of component 'myproject_sparsemux_15_3_11_1_1' [/home/dabadjiev/smartpixels_ml_dsabadjiev/Muon_Collider_Smart_Pixels/eric/Results_June2026_99SigEff/model2.5_fin_results/model2_5_8bit_normalised_selected/pareto_secondary/hls_outputs_vsynth/hls_model_trial_074/myproject_prj/solution1/syn/vhdl/myproject_dense_resource_ap_fixed_16_6_5_3_0_ap_fixed_16_6_5_3_0_config14_s.vhd:6750]
	Parameter ID bound to: 1 - type: integer 
	Parameter NUM_STAGE bound to: 1 - type: integer 
	Parameter CASE0 bound to: 3'b000 
	Parameter din0_WIDTH bound to: 11 - type: integer 
	Parameter CASE1 bound to: 3'b001 
	Parameter din1_WIDTH bound to: 11 - type: integer 
	Parameter CASE2 bound to: 3'b010 
	Parameter din2_WIDTH bound to: 11 - type: integer 
	Parameter CASE3 bound to: 3'b011 
	Parameter din3_WIDTH bound to: 11 - type: integer 
	Parameter CASE4 bound to: 3'b100 
	Parameter din4_WIDTH bound to: 11 - type: integer 
	Parameter CASE5 bound to: 3'b101 
	Parameter din5_WIDTH bound to: 11 - type: integer 
	Parameter CASE6 bound to: 3'b110 
	Parameter din6_WIDTH bound to: 11 - type: integer 
	Parameter def_WIDTH bound to: 11 - type: integer 
	Parameter sel_WIDTH bound to: 3 - type: integer 
	Parameter dout_WIDTH bound to: 11 - type: integer 
INFO: [Synth 8-3491] module 'myproject_sparsemux_15_3_11_1_1' declared at '/home/dabadjiev/smartpixels_ml_dsabadjiev/Muon_Collider_Smart_Pixels/eric/Results_June2026_99SigEff/model2.5_fin_results/model2_5_8bit_normalised_selected/pareto_secondary/hls_outputs_vsynth/hls_model_trial_074/myproject_prj/solution1/syn/vhdl/myproject_sparsemux_15_3_11_1_1.vhd:12' bound to instance 'sparsemux_15_3_11_1_1_U82' of component 'myproject_sparsemux_15_3_11_1_1' [/home/dabadjiev/smartpixels_ml_dsabadjiev/Muon_Collider_Smart_Pixels/eric/Results_June2026_99SigEff/model2.5_fin_results/model2_5_8bit_normalised_selected/pareto_secondary/hls_outputs_vsynth/hls_model_trial_074/myproject_prj/solution1/syn/vhdl/myproject_dense_resource_ap_fixed_16_6_5_3_0_ap_fixed_16_6_5_3_0_config14_s.vhd:6783]
	Parameter ID bound to: 1 - type: integer 
	Parameter NUM_STAGE bound to: 1 - type: integer 
	Parameter CASE0 bound to: 3'b000 
	Parameter din0_WIDTH bound to: 11 - type: integer 
	Parameter CASE1 bound to: 3'b001 
	Parameter din1_WIDTH bound to: 11 - type: integer 
	Parameter CASE2 bound to: 3'b010 
	Parameter din2_WIDTH bound to: 11 - type: integer 
	Parameter CASE3 bound to: 3'b011 
	Parameter din3_WIDTH bound to: 11 - type: integer 
	Parameter CASE4 bound to: 3'b100 
	Parameter din4_WIDTH bound to: 11 - type: integer 
	Parameter CASE5 bound to: 3'b101 
	Parameter din5_WIDTH bound to: 11 - type: integer 
	Parameter CASE6 bound to: 3'b110 
	Parameter din6_WIDTH bound to: 11 - type: integer 
	Parameter def_WIDTH bound to: 11 - type: integer 
	Parameter sel_WIDTH bound to: 3 - type: integer 
	Parameter dout_WIDTH bound to: 11 - type: integer 
INFO: [Synth 8-3491] module 'myproject_sparsemux_15_3_11_1_1' declared at '/home/dabadjiev/smartpixels_ml_dsabadjiev/Muon_Collider_Smart_Pixels/eric/Results_June2026_99SigEff/model2.5_fin_results/model2_5_8bit_normalised_selected/pareto_secondary/hls_outputs_vsynth/hls_model_trial_074/myproject_prj/solution1/syn/vhdl/myproject_sparsemux_15_3_11_1_1.vhd:12' bound to instance 'sparsemux_15_3_11_1_1_U83' of component 'myproject_sparsemux_15_3_11_1_1' [/home/dabadjiev/smartpixels_ml_dsabadjiev/Muon_Collider_Smart_Pixels/eric/Results_June2026_99SigEff/model2.5_fin_results/model2_5_8bit_normalised_selected/pareto_secondary/hls_outputs_vsynth/hls_model_trial_074/myproject_prj/solution1/syn/vhdl/myproject_dense_resource_ap_fixed_16_6_5_3_0_ap_fixed_16_6_5_3_0_config14_s.vhd:6816]
	Parameter ID bound to: 1 - type: integer 
	Parameter NUM_STAGE bound to: 1 - type: integer 
	Parameter din0_WIDTH bound to: 11 - type: integer 
	Parameter din1_WIDTH bound to: 8 - type: integer 
	Parameter dout_WIDTH bound to: 19 - type: integer 
INFO: [Synth 8-3491] module 'myproject_mul_11s_8s_19_1_1' declared at '/home/dabadjiev/smartpixels_ml_dsabadjiev/Muon_Collider_Smart_Pixels/eric/Results_June2026_99SigEff/model2.5_fin_results/model2_5_8bit_normalised_selected/pareto_secondary/hls_outputs_vsynth/hls_model_trial_074/myproject_prj/solution1/syn/vhdl/myproject_mul_11s_8s_19_1_1.vhd:7' bound to instance 'mul_11s_8s_19_1_1_U84' of component 'myproject_mul_11s_8s_19_1_1' [/home/dabadjiev/smartpixels_ml_dsabadjiev/Muon_Collider_Smart_Pixels/eric/Results_June2026_99SigEff/model2.5_fin_results/model2_5_8bit_normalised_selected/pareto_secondary/hls_outputs_vsynth/hls_model_trial_074/myproject_prj/solution1/syn/vhdl/myproject_dense_resource_ap_fixed_16_6_5_3_0_ap_fixed_16_6_5_3_0_config14_s.vhd:6849]
	Parameter ID bound to: 1 - type: integer 
	Parameter NUM_STAGE bound to: 1 - type: integer 
	Parameter din0_WIDTH bound to: 11 - type: integer 
	Parameter din1_WIDTH bound to: 8 - type: integer 
	Parameter dout_WIDTH bound to: 19 - type: integer 
INFO: [Synth 8-3491] module 'myproject_mul_11s_8s_19_1_1' declared at '/home/dabadjiev/smartpixels_ml_dsabadjiev/Muon_Collider_Smart_Pixels/eric/Results_June2026_99SigEff/model2.5_fin_results/model2_5_8bit_normalised_selected/pareto_secondary/hls_outputs_vsynth/hls_model_trial_074/myproject_prj/solution1/syn/vhdl/myproject_mul_11s_8s_19_1_1.vhd:7' bound to instance 'mul_11s_8s_19_1_1_U85' of component 'myproject_mul_11s_8s_19_1_1' [/home/dabadjiev/smartpixels_ml_dsabadjiev/Muon_Collider_Smart_Pixels/eric/Results_June2026_99SigEff/model2.5_fin_results/model2_5_8bit_normalised_selected/pareto_secondary/hls_outputs_vsynth/hls_model_trial_074/myproject_prj/solution1/syn/vhdl/myproject_dense_resource_ap_fixed_16_6_5_3_0_ap_fixed_16_6_5_3_0_config14_s.vhd:6861]
	Parameter ID bound to: 1 - type: integer 
	Parameter NUM_STAGE bound to: 1 - type: integer 
	Parameter din0_WIDTH bound to: 11 - type: integer 
	Parameter din1_WIDTH bound to: 8 - type: integer 
	Parameter dout_WIDTH bound to: 19 - type: integer 
INFO: [Synth 8-3491] module 'myproject_mul_11s_8s_19_1_1' declared at '/home/dabadjiev/smartpixels_ml_dsabadjiev/Muon_Collider_Smart_Pixels/eric/Results_June2026_99SigEff/model2.5_fin_results/model2_5_8bit_normalised_selected/pareto_secondary/hls_outputs_vsynth/hls_model_trial_074/myproject_prj/solution1/syn/vhdl/myproject_mul_11s_8s_19_1_1.vhd:7' bound to instance 'mul_11s_8s_19_1_1_U86' of component 'myproject_mul_11s_8s_19_1_1' [/home/dabadjiev/smartpixels_ml_dsabadjiev/Muon_Collider_Smart_Pixels/eric/Results_June2026_99SigEff/model2.5_fin_results/model2_5_8bit_normalised_selected/pareto_secondary/hls_outputs_vsynth/hls_model_trial_074/myproject_prj/solution1/syn/vhdl/myproject_dense_resource_ap_fixed_16_6_5_3_0_ap_fixed_16_6_5_3_0_config14_s.vhd:6873]
	Parameter ID bound to: 1 - type: integer 
	Parameter NUM_STAGE bound to: 1 - type: integer 
	Parameter din0_WIDTH bound to: 11 - type: integer 
	Parameter din1_WIDTH bound to: 8 - type: integer 
	Parameter dout_WIDTH bound to: 19 - type: integer 
INFO: [Synth 8-3491] module 'myproject_mul_11s_8s_19_1_1' declared at '/home/dabadjiev/smartpixels_ml_dsabadjiev/Muon_Collider_Smart_Pixels/eric/Results_June2026_99SigEff/model2.5_fin_results/model2_5_8bit_normalised_selected/pareto_secondary/hls_outputs_vsynth/hls_model_trial_074/myproject_prj/solution1/syn/vhdl/myproject_mul_11s_8s_19_1_1.vhd:7' bound to instance 'mul_11s_8s_19_1_1_U87' of component 'myproject_mul_11s_8s_19_1_1' [/home/dabadjiev/smartpixels_ml_dsabadjiev/Muon_Collider_Smart_Pixels/eric/Results_June2026_99SigEff/model2.5_fin_results/model2_5_8bit_normalised_selected/pareto_secondary/hls_outputs_vsynth/hls_model_trial_074/myproject_prj/solution1/syn/vhdl/myproject_dense_resource_ap_fixed_16_6_5_3_0_ap_fixed_16_6_5_3_0_config14_s.vhd:6885]
	Parameter ID bound to: 1 - type: integer 
	Parameter NUM_STAGE bound to: 1 - type: integer 
	Parameter din0_WIDTH bound to: 11 - type: integer 
	Parameter din1_WIDTH bound to: 8 - type: integer 
	Parameter dout_WIDTH bound to: 19 - type: integer 
INFO: [Synth 8-3491] module 'myproject_mul_11s_8s_19_1_1' declared at '/home/dabadjiev/smartpixels_ml_dsabadjiev/Muon_Collider_Smart_Pixels/eric/Results_June2026_99SigEff/model2.5_fin_results/model2_5_8bit_normalised_selected/pareto_secondary/hls_outputs_vsynth/hls_model_trial_074/myproject_prj/solution1/syn/vhdl/myproject_mul_11s_8s_19_1_1.vhd:7' bound to instance 'mul_11s_8s_19_1_1_U88' of component 'myproject_mul_11s_8s_19_1_1' [/home/dabadjiev/smartpixels_ml_dsabadjiev/Muon_Collider_Smart_Pixels/eric/Results_June2026_99SigEff/model2.5_fin_results/model2_5_8bit_normalised_selected/pareto_secondary/hls_outputs_vsynth/hls_model_trial_074/myproject_prj/solution1/syn/vhdl/myproject_dense_resource_ap_fixed_16_6_5_3_0_ap_fixed_16_6_5_3_0_config14_s.vhd:6897]
	Parameter ID bound to: 1 - type: integer 
	Parameter NUM_STAGE bound to: 1 - type: integer 
	Parameter din0_WIDTH bound to: 11 - type: integer 
	Parameter din1_WIDTH bound to: 8 - type: integer 
	Parameter dout_WIDTH bound to: 19 - type: integer 
INFO: [Synth 8-3491] module 'myproject_mul_11s_8s_19_1_1' declared at '/home/dabadjiev/smartpixels_ml_dsabadjiev/Muon_Collider_Smart_Pixels/eric/Results_June2026_99SigEff/model2.5_fin_results/model2_5_8bit_normalised_selected/pareto_secondary/hls_outputs_vsynth/hls_model_trial_074/myproject_prj/solution1/syn/vhdl/myproject_mul_11s_8s_19_1_1.vhd:7' bound to instance 'mul_11s_8s_19_1_1_U89' of component 'myproject_mul_11s_8s_19_1_1' [/home/dabadjiev/smartpixels_ml_dsabadjiev/Muon_Collider_Smart_Pixels/eric/Results_June2026_99SigEff/model2.5_fin_results/model2_5_8bit_normalised_selected/pareto_secondary/hls_outputs_vsynth/hls_model_trial_074/myproject_prj/solution1/syn/vhdl/myproject_dense_resource_ap_fixed_16_6_5_3_0_ap_fixed_16_6_5_3_0_config14_s.vhd:6909]
	Parameter ID bound to: 1 - type: integer 
	Parameter NUM_STAGE bound to: 1 - type: integer 
	Parameter din0_WIDTH bound to: 11 - type: integer 
	Parameter din1_WIDTH bound to: 8 - type: integer 
	Parameter dout_WIDTH bound to: 19 - type: integer 
INFO: [Synth 8-3491] module 'myproject_mul_11s_8s_19_1_1' declared at '/home/dabadjiev/smartpixels_ml_dsabadjiev/Muon_Collider_Smart_Pixels/eric/Results_June2026_99SigEff/model2.5_fin_results/model2_5_8bit_normalised_selected/pareto_secondary/hls_outputs_vsynth/hls_model_trial_074/myproject_prj/solution1/syn/vhdl/myproject_mul_11s_8s_19_1_1.vhd:7' bound to instance 'mul_11s_8s_19_1_1_U90' of component 'myproject_mul_11s_8s_19_1_1' [/home/dabadjiev/smartpixels_ml_dsabadjiev/Muon_Collider_Smart_Pixels/eric/Results_June2026_99SigEff/model2.5_fin_results/model2_5_8bit_normalised_selected/pareto_secondary/hls_outputs_vsynth/hls_model_trial_074/myproject_prj/solution1/syn/vhdl/myproject_dense_resource_ap_fixed_16_6_5_3_0_ap_fixed_16_6_5_3_0_config14_s.vhd:6921]
	Parameter ID bound to: 1 - type: integer 
	Parameter NUM_STAGE bound to: 1 - type: integer 
	Parameter din0_WIDTH bound to: 11 - type: integer 
	Parameter din1_WIDTH bound to: 8 - type: integer 
	Parameter dout_WIDTH bound to: 19 - type: integer 
INFO: [Synth 8-3491] module 'myproject_mul_11s_8s_19_1_1' declared at '/home/dabadjiev/smartpixels_ml_dsabadjiev/Muon_Collider_Smart_Pixels/eric/Results_June2026_99SigEff/model2.5_fin_results/model2_5_8bit_normalised_selected/pareto_secondary/hls_outputs_vsynth/hls_model_trial_074/myproject_prj/solution1/syn/vhdl/myproject_mul_11s_8s_19_1_1.vhd:7' bound to instance 'mul_11s_8s_19_1_1_U91' of component 'myproject_mul_11s_8s_19_1_1' [/home/dabadjiev/smartpixels_ml_dsabadjiev/Muon_Collider_Smart_Pixels/eric/Results_June2026_99SigEff/model2.5_fin_results/model2_5_8bit_normalised_selected/pareto_secondary/hls_outputs_vsynth/hls_model_trial_074/myproject_prj/solution1/syn/vhdl/myproject_dense_resource_ap_fixed_16_6_5_3_0_ap_fixed_16_6_5_3_0_config14_s.vhd:6933]
	Parameter ID bound to: 1 - type: integer 
	Parameter NUM_STAGE bound to: 1 - type: integer 
	Parameter din0_WIDTH bound to: 11 - type: integer 
	Parameter din1_WIDTH bound to: 8 - type: integer 
	Parameter dout_WIDTH bound to: 19 - type: integer 
INFO: [Synth 8-3491] module 'myproject_mul_11s_8s_19_1_1' declared at '/home/dabadjiev/smartpixels_ml_dsabadjiev/Muon_Collider_Smart_Pixels/eric/Results_June2026_99SigEff/model2.5_fin_results/model2_5_8bit_normalised_selected/pareto_secondary/hls_outputs_vsynth/hls_model_trial_074/myproject_prj/solution1/syn/vhdl/myproject_mul_11s_8s_19_1_1.vhd:7' bound to instance 'mul_11s_8s_19_1_1_U92' of component 'myproject_mul_11s_8s_19_1_1' [/home/dabadjiev/smartpixels_ml_dsabadjiev/Muon_Collider_Smart_Pixels/eric/Results_June2026_99SigEff/model2.5_fin_results/model2_5_8bit_normalised_selected/pareto_secondary/hls_outputs_vsynth/hls_model_trial_074/myproject_prj/solution1/syn/vhdl/myproject_dense_resource_ap_fixed_16_6_5_3_0_ap_fixed_16_6_5_3_0_config14_s.vhd:6945]
	Parameter ID bound to: 1 - type: integer 
	Parameter NUM_STAGE bound to: 1 - type: integer 
	Parameter din0_WIDTH bound to: 11 - type: integer 
	Parameter din1_WIDTH bound to: 8 - type: integer 
	Parameter dout_WIDTH bound to: 19 - type: integer 
INFO: [Synth 8-3491] module 'myproject_mul_11s_8s_19_1_1' declared at '/home/dabadjiev/smartpixels_ml_dsabadjiev/Muon_Collider_Smart_Pixels/eric/Results_June2026_99SigEff/model2.5_fin_results/model2_5_8bit_normalised_selected/pareto_secondary/hls_outputs_vsynth/hls_model_trial_074/myproject_prj/solution1/syn/vhdl/myproject_mul_11s_8s_19_1_1.vhd:7' bound to instance 'mul_11s_8s_19_1_1_U93' of component 'myproject_mul_11s_8s_19_1_1' [/home/dabadjiev/smartpixels_ml_dsabadjiev/Muon_Collider_Smart_Pixels/eric/Results_June2026_99SigEff/model2.5_fin_results/model2_5_8bit_normalised_selected/pareto_secondary/hls_outputs_vsynth/hls_model_trial_074/myproject_prj/solution1/syn/vhdl/myproject_dense_resource_ap_fixed_16_6_5_3_0_ap_fixed_16_6_5_3_0_config14_s.vhd:6957]
	Parameter ID bound to: 1 - type: integer 
	Parameter NUM_STAGE bound to: 1 - type: integer 
	Parameter din0_WIDTH bound to: 11 - type: integer 
	Parameter din1_WIDTH bound to: 8 - type: integer 
	Parameter dout_WIDTH bound to: 19 - type: integer 
INFO: [Synth 8-3491] module 'myproject_mul_11s_8s_19_1_1' declared at '/home/dabadjiev/smartpixels_ml_dsabadjiev/Muon_Collider_Smart_Pixels/eric/Results_June2026_99SigEff/model2.5_fin_results/model2_5_8bit_normalised_selected/pareto_secondary/hls_outputs_vsynth/hls_model_trial_074/myproject_prj/solution1/syn/vhdl/myproject_mul_11s_8s_19_1_1.vhd:7' bound to instance 'mul_11s_8s_19_1_1_U94' of component 'myproject_mul_11s_8s_19_1_1' [/home/dabadjiev/smartpixels_ml_dsabadjiev/Muon_Collider_Smart_Pixels/eric/Results_June2026_99SigEff/model2.5_fin_results/model2_5_8bit_normalised_selected/pareto_secondary/hls_outputs_vsynth/hls_model_trial_074/myproject_prj/solution1/syn/vhdl/myproject_dense_resource_ap_fixed_16_6_5_3_0_ap_fixed_16_6_5_3_0_config14_s.vhd:6969]
	Parameter ID bound to: 1 - type: integer 
	Parameter NUM_STAGE bound to: 1 - type: integer 
	Parameter din0_WIDTH bound to: 11 - type: integer 
	Parameter din1_WIDTH bound to: 8 - type: integer 
	Parameter dout_WIDTH bound to: 19 - type: integer 
INFO: [Synth 8-3491] module 'myproject_mul_11s_8s_19_1_1' declared at '/home/dabadjiev/smartpixels_ml_dsabadjiev/Muon_Collider_Smart_Pixels/eric/Results_June2026_99SigEff/model2.5_fin_results/model2_5_8bit_normalised_selected/pareto_secondary/hls_outputs_vsynth/hls_model_trial_074/myproject_prj/solution1/syn/vhdl/myproject_mul_11s_8s_19_1_1.vhd:7' bound to instance 'mul_11s_8s_19_1_1_U95' of component 'myproject_mul_11s_8s_19_1_1' [/home/dabadjiev/smartpixels_ml_dsabadjiev/Muon_Collider_Smart_Pixels/eric/Results_June2026_99SigEff/model2.5_fin_results/model2_5_8bit_normalised_selected/pareto_secondary/hls_outputs_vsynth/hls_model_trial_074/myproject_prj/solution1/syn/vhdl/myproject_dense_resource_ap_fixed_16_6_5_3_0_ap_fixed_16_6_5_3_0_config14_s.vhd:6981]
	Parameter ID bound to: 1 - type: integer 
	Parameter NUM_STAGE bound to: 1 - type: integer 
	Parameter din0_WIDTH bound to: 11 - type: integer 
	Parameter din1_WIDTH bound to: 8 - type: integer 
	Parameter dout_WIDTH bound to: 19 - type: integer 
INFO: [Synth 8-3491] module 'myproject_mul_11s_8s_19_1_1' declared at '/home/dabadjiev/smartpixels_ml_dsabadjiev/Muon_Collider_Smart_Pixels/eric/Results_June2026_99SigEff/model2.5_fin_results/model2_5_8bit_normalised_selected/pareto_secondary/hls_outputs_vsynth/hls_model_trial_074/myproject_prj/solution1/syn/vhdl/myproject_mul_11s_8s_19_1_1.vhd:7' bound to instance 'mul_11s_8s_19_1_1_U96' of component 'myproject_mul_11s_8s_19_1_1' [/home/dabadjiev/smartpixels_ml_dsabadjiev/Muon_Collider_Smart_Pixels/eric/Results_June2026_99SigEff/model2.5_fin_results/model2_5_8bit_normalised_selected/pareto_secondary/hls_outputs_vsynth/hls_model_trial_074/myproject_prj/solution1/syn/vhdl/myproject_dense_resource_ap_fixed_16_6_5_3_0_ap_fixed_16_6_5_3_0_config14_s.vhd:6993]
	Parameter ID bound to: 1 - type: integer 
	Parameter NUM_STAGE bound to: 1 - type: integer 
	Parameter din0_WIDTH bound to: 11 - type: integer 
	Parameter din1_WIDTH bound to: 8 - type: integer 
	Parameter dout_WIDTH bound to: 19 - type: integer 
INFO: [Synth 8-3491] module 'myproject_mul_11s_8s_19_1_1' declared at '/home/dabadjiev/smartpixels_ml_dsabadjiev/Muon_Collider_Smart_Pixels/eric/Results_June2026_99SigEff/model2.5_fin_results/model2_5_8bit_normalised_selected/pareto_secondary/hls_outputs_vsynth/hls_model_trial_074/myproject_prj/solution1/syn/vhdl/myproject_mul_11s_8s_19_1_1.vhd:7' bound to instance 'mul_11s_8s_19_1_1_U97' of component 'myproject_mul_11s_8s_19_1_1' [/home/dabadjiev/smartpixels_ml_dsabadjiev/Muon_Collider_Smart_Pixels/eric/Results_June2026_99SigEff/model2.5_fin_results/model2_5_8bit_normalised_selected/pareto_secondary/hls_outputs_vsynth/hls_model_trial_074/myproject_prj/solution1/syn/vhdl/myproject_dense_resource_ap_fixed_16_6_5_3_0_ap_fixed_16_6_5_3_0_config14_s.vhd:7005]
	Parameter ID bound to: 1 - type: integer 
	Parameter NUM_STAGE bound to: 1 - type: integer 
	Parameter din0_WIDTH bound to: 11 - type: integer 
	Parameter din1_WIDTH bound to: 8 - type: integer 
	Parameter dout_WIDTH bound to: 19 - type: integer 
INFO: [Synth 8-3491] module 'myproject_mul_11s_8s_19_1_1' declared at '/home/dabadjiev/smartpixels_ml_dsabadjiev/Muon_Collider_Smart_Pixels/eric/Results_June2026_99SigEff/model2.5_fin_results/model2_5_8bit_normalised_selected/pareto_secondary/hls_outputs_vsynth/hls_model_trial_074/myproject_prj/solution1/syn/vhdl/myproject_mul_11s_8s_19_1_1.vhd:7' bound to instance 'mul_11s_8s_19_1_1_U98' of component 'myproject_mul_11s_8s_19_1_1' [/home/dabadjiev/smartpixels_ml_dsabadjiev/Muon_Collider_Smart_Pixels/eric/Results_June2026_99SigEff/model2.5_fin_results/model2_5_8bit_normalised_selected/pareto_secondary/hls_outputs_vsynth/hls_model_trial_074/myproject_prj/solution1/syn/vhdl/myproject_dense_resource_ap_fixed_16_6_5_3_0_ap_fixed_16_6_5_3_0_config14_s.vhd:7017]
	Parameter ID bound to: 1 - type: integer 
	Parameter NUM_STAGE bound to: 1 - type: integer 
	Parameter din0_WIDTH bound to: 11 - type: integer 
	Parameter din1_WIDTH bound to: 8 - type: integer 
	Parameter dout_WIDTH bound to: 19 - type: integer 
INFO: [Synth 8-3491] module 'myproject_mul_11s_8s_19_1_1' declared at '/home/dabadjiev/smartpixels_ml_dsabadjiev/Muon_Collider_Smart_Pixels/eric/Results_June2026_99SigEff/model2.5_fin_results/model2_5_8bit_normalised_selected/pareto_secondary/hls_outputs_vsynth/hls_model_trial_074/myproject_prj/solution1/syn/vhdl/myproject_mul_11s_8s_19_1_1.vhd:7' bound to instance 'mul_11s_8s_19_1_1_U99' of component 'myproject_mul_11s_8s_19_1_1' [/home/dabadjiev/smartpixels_ml_dsabadjiev/Muon_Collider_Smart_Pixels/eric/Results_June2026_99SigEff/model2.5_fin_results/model2_5_8bit_normalised_selected/pareto_secondary/hls_outputs_vsynth/hls_model_trial_074/myproject_prj/solution1/syn/vhdl/myproject_dense_resource_ap_fixed_16_6_5_3_0_ap_fixed_16_6_5_3_0_config14_s.vhd:7029]
	Parameter ID bound to: 1 - type: integer 
	Parameter NUM_STAGE bound to: 1 - type: integer 
	Parameter din0_WIDTH bound to: 11 - type: integer 
	Parameter din1_WIDTH bound to: 8 - type: integer 
	Parameter dout_WIDTH bound to: 19 - type: integer 
INFO: [Synth 8-3491] module 'myproject_mul_11s_8s_19_1_1' declared at '/home/dabadjiev/smartpixels_ml_dsabadjiev/Muon_Collider_Smart_Pixels/eric/Results_June2026_99SigEff/model2.5_fin_results/model2_5_8bit_normalised_selected/pareto_secondary/hls_outputs_vsynth/hls_model_trial_074/myproject_prj/solution1/syn/vhdl/myproject_mul_11s_8s_19_1_1.vhd:7' bound to instance 'mul_11s_8s_19_1_1_U100' of component 'myproject_mul_11s_8s_19_1_1' [/home/dabadjiev/smartpixels_ml_dsabadjiev/Muon_Collider_Smart_Pixels/eric/Results_June2026_99SigEff/model2.5_fin_results/model2_5_8bit_normalised_selected/pareto_secondary/hls_outputs_vsynth/hls_model_trial_074/myproject_prj/solution1/syn/vhdl/myproject_dense_resource_ap_fixed_16_6_5_3_0_ap_fixed_16_6_5_3_0_config14_s.vhd:7041]
	Parameter ID bound to: 1 - type: integer 
	Parameter NUM_STAGE bound to: 1 - type: integer 
	Parameter din0_WIDTH bound to: 11 - type: integer 
	Parameter din1_WIDTH bound to: 8 - type: integer 
	Parameter dout_WIDTH bound to: 19 - type: integer 
INFO: [Synth 8-3491] module 'myproject_mul_11s_8s_19_1_1' declared at '/home/dabadjiev/smartpixels_ml_dsabadjiev/Muon_Collider_Smart_Pixels/eric/Results_June2026_99SigEff/model2.5_fin_results/model2_5_8bit_normalised_selected/pareto_secondary/hls_outputs_vsynth/hls_model_trial_074/myproject_prj/solution1/syn/vhdl/myproject_mul_11s_8s_19_1_1.vhd:7' bound to instance 'mul_11s_8s_19_1_1_U101' of component 'myproject_mul_11s_8s_19_1_1' [/home/dabadjiev/smartpixels_ml_dsabadjiev/Muon_Collider_Smart_Pixels/eric/Results_June2026_99SigEff/model2.5_fin_results/model2_5_8bit_normalised_selected/pareto_secondary/hls_outputs_vsynth/hls_model_trial_074/myproject_prj/solution1/syn/vhdl/myproject_dense_resource_ap_fixed_16_6_5_3_0_ap_fixed_16_6_5_3_0_config14_s.vhd:7053]
	Parameter ID bound to: 1 - type: integer 
	Parameter NUM_STAGE bound to: 1 - type: integer 
	Parameter din0_WIDTH bound to: 11 - type: integer 
	Parameter din1_WIDTH bound to: 8 - type: integer 
	Parameter dout_WIDTH bound to: 19 - type: integer 
INFO: [Synth 8-3491] module 'myproject_mul_11s_8s_19_1_1' declared at '/home/dabadjiev/smartpixels_ml_dsabadjiev/Muon_Collider_Smart_Pixels/eric/Results_June2026_99SigEff/model2.5_fin_results/model2_5_8bit_normalised_selected/pareto_secondary/hls_outputs_vsynth/hls_model_trial_074/myproject_prj/solution1/syn/vhdl/myproject_mul_11s_8s_19_1_1.vhd:7' bound to instance 'mul_11s_8s_19_1_1_U102' of component 'myproject_mul_11s_8s_19_1_1' [/home/dabadjiev/smartpixels_ml_dsabadjiev/Muon_Collider_Smart_Pixels/eric/Results_June2026_99SigEff/model2.5_fin_results/model2_5_8bit_normalised_selected/pareto_secondary/hls_outputs_vsynth/hls_model_trial_074/myproject_prj/solution1/syn/vhdl/myproject_dense_resource_ap_fixed_16_6_5_3_0_ap_fixed_16_6_5_3_0_config14_s.vhd:7065]
	Parameter ID bound to: 1 - type: integer 
	Parameter NUM_STAGE bound to: 1 - type: integer 
	Parameter din0_WIDTH bound to: 11 - type: integer 
	Parameter din1_WIDTH bound to: 8 - type: integer 
	Parameter dout_WIDTH bound to: 19 - type: integer 
INFO: [Synth 8-3491] module 'myproject_mul_11s_8s_19_1_1' declared at '/home/dabadjiev/smartpixels_ml_dsabadjiev/Muon_Collider_Smart_Pixels/eric/Results_June2026_99SigEff/model2.5_fin_results/model2_5_8bit_normalised_selected/pareto_secondary/hls_outputs_vsynth/hls_model_trial_074/myproject_prj/solution1/syn/vhdl/myproject_mul_11s_8s_19_1_1.vhd:7' bound to instance 'mul_11s_8s_19_1_1_U103' of component 'myproject_mul_11s_8s_19_1_1' [/home/dabadjiev/smartpixels_ml_dsabadjiev/Muon_Collider_Smart_Pixels/eric/Results_June2026_99SigEff/model2.5_fin_results/model2_5_8bit_normalised_selected/pareto_secondary/hls_outputs_vsynth/hls_model_trial_074/myproject_prj/solution1/syn/vhdl/myproject_dense_resource_ap_fixed_16_6_5_3_0_ap_fixed_16_6_5_3_0_config14_s.vhd:7077]
	Parameter ID bound to: 1 - type: integer 
	Parameter NUM_STAGE bound to: 1 - type: integer 
	Parameter din0_WIDTH bound to: 11 - type: integer 
	Parameter din1_WIDTH bound to: 8 - type: integer 
	Parameter dout_WIDTH bound to: 19 - type: integer 
INFO: [Synth 8-3491] module 'myproject_mul_11s_8s_19_1_1' declared at '/home/dabadjiev/smartpixels_ml_dsabadjiev/Muon_Collider_Smart_Pixels/eric/Results_June2026_99SigEff/model2.5_fin_results/model2_5_8bit_normalised_selected/pareto_secondary/hls_outputs_vsynth/hls_model_trial_074/myproject_prj/solution1/syn/vhdl/myproject_mul_11s_8s_19_1_1.vhd:7' bound to instance 'mul_11s_8s_19_1_1_U104' of component 'myproject_mul_11s_8s_19_1_1' [/home/dabadjiev/smartpixels_ml_dsabadjiev/Muon_Collider_Smart_Pixels/eric/Results_June2026_99SigEff/model2.5_fin_results/model2_5_8bit_normalised_selected/pareto_secondary/hls_outputs_vsynth/hls_model_trial_074/myproject_prj/solution1/syn/vhdl/myproject_dense_resource_ap_fixed_16_6_5_3_0_ap_fixed_16_6_5_3_0_config14_s.vhd:7089]
	Parameter ID bound to: 1 - type: integer 
	Parameter NUM_STAGE bound to: 1 - type: integer 
	Parameter din0_WIDTH bound to: 11 - type: integer 
	Parameter din1_WIDTH bound to: 8 - type: integer 
	Parameter dout_WIDTH bound to: 19 - type: integer 
INFO: [Synth 8-3491] module 'myproject_mul_11s_8s_19_1_1' declared at '/home/dabadjiev/smartpixels_ml_dsabadjiev/Muon_Collider_Smart_Pixels/eric/Results_June2026_99SigEff/model2.5_fin_results/model2_5_8bit_normalised_selected/pareto_secondary/hls_outputs_vsynth/hls_model_trial_074/myproject_prj/solution1/syn/vhdl/myproject_mul_11s_8s_19_1_1.vhd:7' bound to instance 'mul_11s_8s_19_1_1_U105' of component 'myproject_mul_11s_8s_19_1_1' [/home/dabadjiev/smartpixels_ml_dsabadjiev/Muon_Collider_Smart_Pixels/eric/Results_June2026_99SigEff/model2.5_fin_results/model2_5_8bit_normalised_selected/pareto_secondary/hls_outputs_vsynth/hls_model_trial_074/myproject_prj/solution1/syn/vhdl/myproject_dense_resource_ap_fixed_16_6_5_3_0_ap_fixed_16_6_5_3_0_config14_s.vhd:7101]
	Parameter ID bound to: 1 - type: integer 
	Parameter NUM_STAGE bound to: 1 - type: integer 
	Parameter din0_WIDTH bound to: 11 - type: integer 
	Parameter din1_WIDTH bound to: 8 - type: integer 
	Parameter dout_WIDTH bound to: 19 - type: integer 
INFO: [Synth 8-3491] module 'myproject_mul_11s_8s_19_1_1' declared at '/home/dabadjiev/smartpixels_ml_dsabadjiev/Muon_Collider_Smart_Pixels/eric/Results_June2026_99SigEff/model2.5_fin_results/model2_5_8bit_normalised_selected/pareto_secondary/hls_outputs_vsynth/hls_model_trial_074/myproject_prj/solution1/syn/vhdl/myproject_mul_11s_8s_19_1_1.vhd:7' bound to instance 'mul_11s_8s_19_1_1_U106' of component 'myproject_mul_11s_8s_19_1_1' [/home/dabadjiev/smartpixels_ml_dsabadjiev/Muon_Collider_Smart_Pixels/eric/Results_June2026_99SigEff/model2.5_fin_results/model2_5_8bit_normalised_selected/pareto_secondary/hls_outputs_vsynth/hls_model_trial_074/myproject_prj/solution1/syn/vhdl/myproject_dense_resource_ap_fixed_16_6_5_3_0_ap_fixed_16_6_5_3_0_config14_s.vhd:7113]
	Parameter ID bound to: 1 - type: integer 
	Parameter NUM_STAGE bound to: 1 - type: integer 
	Parameter din0_WIDTH bound to: 11 - type: integer 
	Parameter din1_WIDTH bound to: 8 - type: integer 
	Parameter dout_WIDTH bound to: 19 - type: integer 
INFO: [Synth 8-3491] module 'myproject_mul_11s_8s_19_1_1' declared at '/home/dabadjiev/smartpixels_ml_dsabadjiev/Muon_Collider_Smart_Pixels/eric/Results_June2026_99SigEff/model2.5_fin_results/model2_5_8bit_normalised_selected/pareto_secondary/hls_outputs_vsynth/hls_model_trial_074/myproject_prj/solution1/syn/vhdl/myproject_mul_11s_8s_19_1_1.vhd:7' bound to instance 'mul_11s_8s_19_1_1_U107' of component 'myproject_mul_11s_8s_19_1_1' [/home/dabadjiev/smartpixels_ml_dsabadjiev/Muon_Collider_Smart_Pixels/eric/Results_June2026_99SigEff/model2.5_fin_results/model2_5_8bit_normalised_selected/pareto_secondary/hls_outputs_vsynth/hls_model_trial_074/myproject_prj/solution1/syn/vhdl/myproject_dense_resource_ap_fixed_16_6_5_3_0_ap_fixed_16_6_5_3_0_config14_s.vhd:7125]
	Parameter ID bound to: 1 - type: integer 
	Parameter NUM_STAGE bound to: 1 - type: integer 
	Parameter din0_WIDTH bound to: 11 - type: integer 
	Parameter din1_WIDTH bound to: 8 - type: integer 
	Parameter dout_WIDTH bound to: 19 - type: integer 
INFO: [Synth 8-3491] module 'myproject_mul_11s_8s_19_1_1' declared at '/home/dabadjiev/smartpixels_ml_dsabadjiev/Muon_Collider_Smart_Pixels/eric/Results_June2026_99SigEff/model2.5_fin_results/model2_5_8bit_normalised_selected/pareto_secondary/hls_outputs_vsynth/hls_model_trial_074/myproject_prj/solution1/syn/vhdl/myproject_mul_11s_8s_19_1_1.vhd:7' bound to instance 'mul_11s_8s_19_1_1_U108' of component 'myproject_mul_11s_8s_19_1_1' [/home/dabadjiev/smartpixels_ml_dsabadjiev/Muon_Collider_Smart_Pixels/eric/Results_June2026_99SigEff/model2.5_fin_results/model2_5_8bit_normalised_selected/pareto_secondary/hls_outputs_vsynth/hls_model_trial_074/myproject_prj/solution1/syn/vhdl/myproject_dense_resource_ap_fixed_16_6_5_3_0_ap_fixed_16_6_5_3_0_config14_s.vhd:7137]
	Parameter ID bound to: 1 - type: integer 
	Parameter NUM_STAGE bound to: 1 - type: integer 
	Parameter din0_WIDTH bound to: 11 - type: integer 
	Parameter din1_WIDTH bound to: 8 - type: integer 
	Parameter dout_WIDTH bound to: 19 - type: integer 
INFO: [Synth 8-3491] module 'myproject_mul_11s_8s_19_1_1' declared at '/home/dabadjiev/smartpixels_ml_dsabadjiev/Muon_Collider_Smart_Pixels/eric/Results_June2026_99SigEff/model2.5_fin_results/model2_5_8bit_normalised_selected/pareto_secondary/hls_outputs_vsynth/hls_model_trial_074/myproject_prj/solution1/syn/vhdl/myproject_mul_11s_8s_19_1_1.vhd:7' bound to instance 'mul_11s_8s_19_1_1_U109' of component 'myproject_mul_11s_8s_19_1_1' [/home/dabadjiev/smartpixels_ml_dsabadjiev/Muon_Collider_Smart_Pixels/eric/Results_June2026_99SigEff/model2.5_fin_results/model2_5_8bit_normalised_selected/pareto_secondary/hls_outputs_vsynth/hls_model_trial_074/myproject_prj/solution1/syn/vhdl/myproject_dense_resource_ap_fixed_16_6_5_3_0_ap_fixed_16_6_5_3_0_config14_s.vhd:7149]
	Parameter ID bound to: 1 - type: integer 
	Parameter NUM_STAGE bound to: 1 - type: integer 
	Parameter din0_WIDTH bound to: 11 - type: integer 
	Parameter din1_WIDTH bound to: 8 - type: integer 
	Parameter dout_WIDTH bound to: 19 - type: integer 
INFO: [Synth 8-3491] module 'myproject_mul_11s_8s_19_1_1' declared at '/home/dabadjiev/smartpixels_ml_dsabadjiev/Muon_Collider_Smart_Pixels/eric/Results_June2026_99SigEff/model2.5_fin_results/model2_5_8bit_normalised_selected/pareto_secondary/hls_outputs_vsynth/hls_model_trial_074/myproject_prj/solution1/syn/vhdl/myproject_mul_11s_8s_19_1_1.vhd:7' bound to instance 'mul_11s_8s_19_1_1_U110' of component 'myproject_mul_11s_8s_19_1_1' [/home/dabadjiev/smartpixels_ml_dsabadjiev/Muon_Collider_Smart_Pixels/eric/Results_June2026_99SigEff/model2.5_fin_results/model2_5_8bit_normalised_selected/pareto_secondary/hls_outputs_vsynth/hls_model_trial_074/myproject_prj/solution1/syn/vhdl/myproject_dense_resource_ap_fixed_16_6_5_3_0_ap_fixed_16_6_5_3_0_config14_s.vhd:7161]
	Parameter ID bound to: 1 - type: integer 
	Parameter NUM_STAGE bound to: 1 - type: integer 
	Parameter din0_WIDTH bound to: 11 - type: integer 
	Parameter din1_WIDTH bound to: 8 - type: integer 
	Parameter dout_WIDTH bound to: 19 - type: integer 
INFO: [Synth 8-3491] module 'myproject_mul_11s_8s_19_1_1' declared at '/home/dabadjiev/smartpixels_ml_dsabadjiev/Muon_Collider_Smart_Pixels/eric/Results_June2026_99SigEff/model2.5_fin_results/model2_5_8bit_normalised_selected/pareto_secondary/hls_outputs_vsynth/hls_model_trial_074/myproject_prj/solution1/syn/vhdl/myproject_mul_11s_8s_19_1_1.vhd:7' bound to instance 'mul_11s_8s_19_1_1_U111' of component 'myproject_mul_11s_8s_19_1_1' [/home/dabadjiev/smartpixels_ml_dsabadjiev/Muon_Collider_Smart_Pixels/eric/Results_June2026_99SigEff/model2.5_fin_results/model2_5_8bit_normalised_selected/pareto_secondary/hls_outputs_vsynth/hls_model_trial_074/myproject_prj/solution1/syn/vhdl/myproject_dense_resource_ap_fixed_16_6_5_3_0_ap_fixed_16_6_5_3_0_config14_s.vhd:7173]
	Parameter ID bound to: 1 - type: integer 
	Parameter NUM_STAGE bound to: 1 - type: integer 
	Parameter din0_WIDTH bound to: 11 - type: integer 
	Parameter din1_WIDTH bound to: 8 - type: integer 
	Parameter dout_WIDTH bound to: 19 - type: integer 
INFO: [Synth 8-3491] module 'myproject_mul_11s_8s_19_1_1' declared at '/home/dabadjiev/smartpixels_ml_dsabadjiev/Muon_Collider_Smart_Pixels/eric/Results_June2026_99SigEff/model2.5_fin_results/model2_5_8bit_normalised_selected/pareto_secondary/hls_outputs_vsynth/hls_model_trial_074/myproject_prj/solution1/syn/vhdl/myproject_mul_11s_8s_19_1_1.vhd:7' bound to instance 'mul_11s_8s_19_1_1_U112' of component 'myproject_mul_11s_8s_19_1_1' [/home/dabadjiev/smartpixels_ml_dsabadjiev/Muon_Collider_Smart_Pixels/eric/Results_June2026_99SigEff/model2.5_fin_results/model2_5_8bit_normalised_selected/pareto_secondary/hls_outputs_vsynth/hls_model_trial_074/myproject_prj/solution1/syn/vhdl/myproject_dense_resource_ap_fixed_16_6_5_3_0_ap_fixed_16_6_5_3_0_config14_s.vhd:7185]
	Parameter ID bound to: 1 - type: integer 
	Parameter NUM_STAGE bound to: 1 - type: integer 
	Parameter din0_WIDTH bound to: 11 - type: integer 
	Parameter din1_WIDTH bound to: 8 - type: integer 
	Parameter dout_WIDTH bound to: 19 - type: integer 
INFO: [Synth 8-3491] module 'myproject_mul_11s_8s_19_1_1' declared at '/home/dabadjiev/smartpixels_ml_dsabadjiev/Muon_Collider_Smart_Pixels/eric/Results_June2026_99SigEff/model2.5_fin_results/model2_5_8bit_normalised_selected/pareto_secondary/hls_outputs_vsynth/hls_model_trial_074/myproject_prj/solution1/syn/vhdl/myproject_mul_11s_8s_19_1_1.vhd:7' bound to instance 'mul_11s_8s_19_1_1_U113' of component 'myproject_mul_11s_8s_19_1_1' [/home/dabadjiev/smartpixels_ml_dsabadjiev/Muon_Collider_Smart_Pixels/eric/Results_June2026_99SigEff/model2.5_fin_results/model2_5_8bit_normalised_selected/pareto_secondary/hls_outputs_vsynth/hls_model_trial_074/myproject_prj/solution1/syn/vhdl/myproject_dense_resource_ap_fixed_16_6_5_3_0_ap_fixed_16_6_5_3_0_config14_s.vhd:7197]
	Parameter ID bound to: 1 - type: integer 
	Parameter NUM_STAGE bound to: 1 - type: integer 
	Parameter din0_WIDTH bound to: 11 - type: integer 
	Parameter din1_WIDTH bound to: 8 - type: integer 
	Parameter dout_WIDTH bound to: 19 - type: integer 
INFO: [Synth 8-3491] module 'myproject_mul_11s_8s_19_1_1' declared at '/home/dabadjiev/smartpixels_ml_dsabadjiev/Muon_Collider_Smart_Pixels/eric/Results_June2026_99SigEff/model2.5_fin_results/model2_5_8bit_normalised_selected/pareto_secondary/hls_outputs_vsynth/hls_model_trial_074/myproject_prj/solution1/syn/vhdl/myproject_mul_11s_8s_19_1_1.vhd:7' bound to instance 'mul_11s_8s_19_1_1_U114' of component 'myproject_mul_11s_8s_19_1_1' [/home/dabadjiev/smartpixels_ml_dsabadjiev/Muon_Collider_Smart_Pixels/eric/Results_June2026_99SigEff/model2.5_fin_results/model2_5_8bit_normalised_selected/pareto_secondary/hls_outputs_vsynth/hls_model_trial_074/myproject_prj/solution1/syn/vhdl/myproject_dense_resource_ap_fixed_16_6_5_3_0_ap_fixed_16_6_5_3_0_config14_s.vhd:7209]
	Parameter ID bound to: 1 - type: integer 
	Parameter NUM_STAGE bound to: 1 - type: integer 
	Parameter din0_WIDTH bound to: 11 - type: integer 
	Parameter din1_WIDTH bound to: 8 - type: integer 
	Parameter dout_WIDTH bound to: 19 - type: integer 
INFO: [Synth 8-3491] module 'myproject_mul_11s_8s_19_1_1' declared at '/home/dabadjiev/smartpixels_ml_dsabadjiev/Muon_Collider_Smart_Pixels/eric/Results_June2026_99SigEff/model2.5_fin_results/model2_5_8bit_normalised_selected/pareto_secondary/hls_outputs_vsynth/hls_model_trial_074/myproject_prj/solution1/syn/vhdl/myproject_mul_11s_8s_19_1_1.vhd:7' bound to instance 'mul_11s_8s_19_1_1_U115' of component 'myproject_mul_11s_8s_19_1_1' [/home/dabadjiev/smartpixels_ml_dsabadjiev/Muon_Collider_Smart_Pixels/eric/Results_June2026_99SigEff/model2.5_fin_results/model2_5_8bit_normalised_selected/pareto_secondary/hls_outputs_vsynth/hls_model_trial_074/myproject_prj/solution1/syn/vhdl/myproject_dense_resource_ap_fixed_16_6_5_3_0_ap_fixed_16_6_5_3_0_config14_s.vhd:7221]
	Parameter ID bound to: 1 - type: integer 
	Parameter NUM_STAGE bound to: 1 - type: integer 
	Parameter din0_WIDTH bound to: 11 - type: integer 
	Parameter din1_WIDTH bound to: 8 - type: integer 
	Parameter dout_WIDTH bound to: 19 - type: integer 
INFO: [Synth 8-3491] module 'myproject_mul_11s_8s_19_1_1' declared at '/home/dabadjiev/smartpixels_ml_dsabadjiev/Muon_Collider_Smart_Pixels/eric/Results_June2026_99SigEff/model2.5_fin_results/model2_5_8bit_normalised_selected/pareto_secondary/hls_outputs_vsynth/hls_model_trial_074/myproject_prj/solution1/syn/vhdl/myproject_mul_11s_8s_19_1_1.vhd:7' bound to instance 'mul_11s_8s_19_1_1_U116' of component 'myproject_mul_11s_8s_19_1_1' [/home/dabadjiev/smartpixels_ml_dsabadjiev/Muon_Collider_Smart_Pixels/eric/Results_June2026_99SigEff/model2.5_fin_results/model2_5_8bit_normalised_selected/pareto_secondary/hls_outputs_vsynth/hls_model_trial_074/myproject_prj/solution1/syn/vhdl/myproject_dense_resource_ap_fixed_16_6_5_3_0_ap_fixed_16_6_5_3_0_config14_s.vhd:7233]
	Parameter ID bound to: 1 - type: integer 
	Parameter NUM_STAGE bound to: 1 - type: integer 
	Parameter din0_WIDTH bound to: 11 - type: integer 
	Parameter din1_WIDTH bound to: 8 - type: integer 
	Parameter dout_WIDTH bound to: 19 - type: integer 
INFO: [Synth 8-3491] module 'myproject_mul_11s_8s_19_1_1' declared at '/home/dabadjiev/smartpixels_ml_dsabadjiev/Muon_Collider_Smart_Pixels/eric/Results_June2026_99SigEff/model2.5_fin_results/model2_5_8bit_normalised_selected/pareto_secondary/hls_outputs_vsynth/hls_model_trial_074/myproject_prj/solution1/syn/vhdl/myproject_mul_11s_8s_19_1_1.vhd:7' bound to instance 'mul_11s_8s_19_1_1_U117' of component 'myproject_mul_11s_8s_19_1_1' [/home/dabadjiev/smartpixels_ml_dsabadjiev/Muon_Collider_Smart_Pixels/eric/Results_June2026_99SigEff/model2.5_fin_results/model2_5_8bit_normalised_selected/pareto_secondary/hls_outputs_vsynth/hls_model_trial_074/myproject_prj/solution1/syn/vhdl/myproject_dense_resource_ap_fixed_16_6_5_3_0_ap_fixed_16_6_5_3_0_config14_s.vhd:7245]
	Parameter ID bound to: 1 - type: integer 
	Parameter NUM_STAGE bound to: 1 - type: integer 
	Parameter din0_WIDTH bound to: 11 - type: integer 
	Parameter din1_WIDTH bound to: 8 - type: integer 
	Parameter dout_WIDTH bound to: 19 - type: integer 
INFO: [Synth 8-3491] module 'myproject_mul_11s_8s_19_1_1' declared at '/home/dabadjiev/smartpixels_ml_dsabadjiev/Muon_Collider_Smart_Pixels/eric/Results_June2026_99SigEff/model2.5_fin_results/model2_5_8bit_normalised_selected/pareto_secondary/hls_outputs_vsynth/hls_model_trial_074/myproject_prj/solution1/syn/vhdl/myproject_mul_11s_8s_19_1_1.vhd:7' bound to instance 'mul_11s_8s_19_1_1_U118' of component 'myproject_mul_11s_8s_19_1_1' [/home/dabadjiev/smartpixels_ml_dsabadjiev/Muon_Collider_Smart_Pixels/eric/Results_June2026_99SigEff/model2.5_fin_results/model2_5_8bit_normalised_selected/pareto_secondary/hls_outputs_vsynth/hls_model_trial_074/myproject_prj/solution1/syn/vhdl/myproject_dense_resource_ap_fixed_16_6_5_3_0_ap_fixed_16_6_5_3_0_config14_s.vhd:7257]
	Parameter ID bound to: 1 - type: integer 
	Parameter NUM_STAGE bound to: 1 - type: integer 
	Parameter din0_WIDTH bound to: 11 - type: integer 
	Parameter din1_WIDTH bound to: 8 - type: integer 
	Parameter dout_WIDTH bound to: 19 - type: integer 
INFO: [Synth 8-3491] module 'myproject_mul_11s_8s_19_1_1' declared at '/home/dabadjiev/smartpixels_ml_dsabadjiev/Muon_Collider_Smart_Pixels/eric/Results_June2026_99SigEff/model2.5_fin_results/model2_5_8bit_normalised_selected/pareto_secondary/hls_outputs_vsynth/hls_model_trial_074/myproject_prj/solution1/syn/vhdl/myproject_mul_11s_8s_19_1_1.vhd:7' bound to instance 'mul_11s_8s_19_1_1_U119' of component 'myproject_mul_11s_8s_19_1_1' [/home/dabadjiev/smartpixels_ml_dsabadjiev/Muon_Collider_Smart_Pixels/eric/Results_June2026_99SigEff/model2.5_fin_results/model2_5_8bit_normalised_selected/pareto_secondary/hls_outputs_vsynth/hls_model_trial_074/myproject_prj/solution1/syn/vhdl/myproject_dense_resource_ap_fixed_16_6_5_3_0_ap_fixed_16_6_5_3_0_config14_s.vhd:7269]
	Parameter ID bound to: 1 - type: integer 
	Parameter NUM_STAGE bound to: 1 - type: integer 
	Parameter din0_WIDTH bound to: 11 - type: integer 
	Parameter din1_WIDTH bound to: 8 - type: integer 
	Parameter dout_WIDTH bound to: 19 - type: integer 
INFO: [Synth 8-3491] module 'myproject_mul_11s_8s_19_1_1' declared at '/home/dabadjiev/smartpixels_ml_dsabadjiev/Muon_Collider_Smart_Pixels/eric/Results_June2026_99SigEff/model2.5_fin_results/model2_5_8bit_normalised_selected/pareto_secondary/hls_outputs_vsynth/hls_model_trial_074/myproject_prj/solution1/syn/vhdl/myproject_mul_11s_8s_19_1_1.vhd:7' bound to instance 'mul_11s_8s_19_1_1_U120' of component 'myproject_mul_11s_8s_19_1_1' [/home/dabadjiev/smartpixels_ml_dsabadjiev/Muon_Collider_Smart_Pixels/eric/Results_June2026_99SigEff/model2.5_fin_results/model2_5_8bit_normalised_selected/pareto_secondary/hls_outputs_vsynth/hls_model_trial_074/myproject_prj/solution1/syn/vhdl/myproject_dense_resource_ap_fixed_16_6_5_3_0_ap_fixed_16_6_5_3_0_config14_s.vhd:7281]
	Parameter ID bound to: 1 - type: integer 
	Parameter NUM_STAGE bound to: 1 - type: integer 
	Parameter din0_WIDTH bound to: 11 - type: integer 
	Parameter din1_WIDTH bound to: 8 - type: integer 
	Parameter dout_WIDTH bound to: 19 - type: integer 
INFO: [Synth 8-3491] module 'myproject_mul_11s_8s_19_1_1' declared at '/home/dabadjiev/smartpixels_ml_dsabadjiev/Muon_Collider_Smart_Pixels/eric/Results_June2026_99SigEff/model2.5_fin_results/model2_5_8bit_normalised_selected/pareto_secondary/hls_outputs_vsynth/hls_model_trial_074/myproject_prj/solution1/syn/vhdl/myproject_mul_11s_8s_19_1_1.vhd:7' bound to instance 'mul_11s_8s_19_1_1_U121' of component 'myproject_mul_11s_8s_19_1_1' [/home/dabadjiev/smartpixels_ml_dsabadjiev/Muon_Collider_Smart_Pixels/eric/Results_June2026_99SigEff/model2.5_fin_results/model2_5_8bit_normalised_selected/pareto_secondary/hls_outputs_vsynth/hls_model_trial_074/myproject_prj/solution1/syn/vhdl/myproject_dense_resource_ap_fixed_16_6_5_3_0_ap_fixed_16_6_5_3_0_config14_s.vhd:7293]
	Parameter ID bound to: 1 - type: integer 
	Parameter NUM_STAGE bound to: 1 - type: integer 
	Parameter din0_WIDTH bound to: 11 - type: integer 
	Parameter din1_WIDTH bound to: 8 - type: integer 
	Parameter dout_WIDTH bound to: 19 - type: integer 
INFO: [Synth 8-3491] module 'myproject_mul_11s_8s_19_1_1' declared at '/home/dabadjiev/smartpixels_ml_dsabadjiev/Muon_Collider_Smart_Pixels/eric/Results_June2026_99SigEff/model2.5_fin_results/model2_5_8bit_normalised_selected/pareto_secondary/hls_outputs_vsynth/hls_model_trial_074/myproject_prj/solution1/syn/vhdl/myproject_mul_11s_8s_19_1_1.vhd:7' bound to instance 'mul_11s_8s_19_1_1_U122' of component 'myproject_mul_11s_8s_19_1_1' [/home/dabadjiev/smartpixels_ml_dsabadjiev/Muon_Collider_Smart_Pixels/eric/Results_June2026_99SigEff/model2.5_fin_results/model2_5_8bit_normalised_selected/pareto_secondary/hls_outputs_vsynth/hls_model_trial_074/myproject_prj/solution1/syn/vhdl/myproject_dense_resource_ap_fixed_16_6_5_3_0_ap_fixed_16_6_5_3_0_config14_s.vhd:7305]
	Parameter ID bound to: 1 - type: integer 
	Parameter NUM_STAGE bound to: 1 - type: integer 
	Parameter din0_WIDTH bound to: 11 - type: integer 
	Parameter din1_WIDTH bound to: 8 - type: integer 
	Parameter dout_WIDTH bound to: 19 - type: integer 
INFO: [Synth 8-3491] module 'myproject_mul_11s_8s_19_1_1' declared at '/home/dabadjiev/smartpixels_ml_dsabadjiev/Muon_Collider_Smart_Pixels/eric/Results_June2026_99SigEff/model2.5_fin_results/model2_5_8bit_normalised_selected/pareto_secondary/hls_outputs_vsynth/hls_model_trial_074/myproject_prj/solution1/syn/vhdl/myproject_mul_11s_8s_19_1_1.vhd:7' bound to instance 'mul_11s_8s_19_1_1_U123' of component 'myproject_mul_11s_8s_19_1_1' [/home/dabadjiev/smartpixels_ml_dsabadjiev/Muon_Collider_Smart_Pixels/eric/Results_June2026_99SigEff/model2.5_fin_results/model2_5_8bit_normalised_selected/pareto_secondary/hls_outputs_vsynth/hls_model_trial_074/myproject_prj/solution1/syn/vhdl/myproject_dense_resource_ap_fixed_16_6_5_3_0_ap_fixed_16_6_5_3_0_config14_s.vhd:7317]
	Parameter ID bound to: 1 - type: integer 
	Parameter NUM_STAGE bound to: 1 - type: integer 
	Parameter din0_WIDTH bound to: 11 - type: integer 
	Parameter din1_WIDTH bound to: 8 - type: integer 
	Parameter dout_WIDTH bound to: 19 - type: integer 
INFO: [Synth 8-3491] module 'myproject_mul_11s_8s_19_1_1' declared at '/home/dabadjiev/smartpixels_ml_dsabadjiev/Muon_Collider_Smart_Pixels/eric/Results_June2026_99SigEff/model2.5_fin_results/model2_5_8bit_normalised_selected/pareto_secondary/hls_outputs_vsynth/hls_model_trial_074/myproject_prj/solution1/syn/vhdl/myproject_mul_11s_8s_19_1_1.vhd:7' bound to instance 'mul_11s_8s_19_1_1_U124' of component 'myproject_mul_11s_8s_19_1_1' [/home/dabadjiev/smartpixels_ml_dsabadjiev/Muon_Collider_Smart_Pixels/eric/Results_June2026_99SigEff/model2.5_fin_results/model2_5_8bit_normalised_selected/pareto_secondary/hls_outputs_vsynth/hls_model_trial_074/myproject_prj/solution1/syn/vhdl/myproject_dense_resource_ap_fixed_16_6_5_3_0_ap_fixed_16_6_5_3_0_config14_s.vhd:7329]
	Parameter ID bound to: 1 - type: integer 
	Parameter NUM_STAGE bound to: 1 - type: integer 
	Parameter din0_WIDTH bound to: 11 - type: integer 
	Parameter din1_WIDTH bound to: 8 - type: integer 
	Parameter dout_WIDTH bound to: 19 - type: integer 
INFO: [Synth 8-3491] module 'myproject_mul_11s_8s_19_1_1' declared at '/home/dabadjiev/smartpixels_ml_dsabadjiev/Muon_Collider_Smart_Pixels/eric/Results_June2026_99SigEff/model2.5_fin_results/model2_5_8bit_normalised_selected/pareto_secondary/hls_outputs_vsynth/hls_model_trial_074/myproject_prj/solution1/syn/vhdl/myproject_mul_11s_8s_19_1_1.vhd:7' bound to instance 'mul_11s_8s_19_1_1_U125' of component 'myproject_mul_11s_8s_19_1_1' [/home/dabadjiev/smartpixels_ml_dsabadjiev/Muon_Collider_Smart_Pixels/eric/Results_June2026_99SigEff/model2.5_fin_results/model2_5_8bit_normalised_selected/pareto_secondary/hls_outputs_vsynth/hls_model_trial_074/myproject_prj/solution1/syn/vhdl/myproject_dense_resource_ap_fixed_16_6_5_3_0_ap_fixed_16_6_5_3_0_config14_s.vhd:7341]
	Parameter ID bound to: 1 - type: integer 
	Parameter NUM_STAGE bound to: 1 - type: integer 
	Parameter din0_WIDTH bound to: 11 - type: integer 
	Parameter din1_WIDTH bound to: 8 - type: integer 
	Parameter dout_WIDTH bound to: 19 - type: integer 
INFO: [Synth 8-3491] module 'myproject_mul_11s_8s_19_1_1' declared at '/home/dabadjiev/smartpixels_ml_dsabadjiev/Muon_Collider_Smart_Pixels/eric/Results_June2026_99SigEff/model2.5_fin_results/model2_5_8bit_normalised_selected/pareto_secondary/hls_outputs_vsynth/hls_model_trial_074/myproject_prj/solution1/syn/vhdl/myproject_mul_11s_8s_19_1_1.vhd:7' bound to instance 'mul_11s_8s_19_1_1_U126' of component 'myproject_mul_11s_8s_19_1_1' [/home/dabadjiev/smartpixels_ml_dsabadjiev/Muon_Collider_Smart_Pixels/eric/Results_June2026_99SigEff/model2.5_fin_results/model2_5_8bit_normalised_selected/pareto_secondary/hls_outputs_vsynth/hls_model_trial_074/myproject_prj/solution1/syn/vhdl/myproject_dense_resource_ap_fixed_16_6_5_3_0_ap_fixed_16_6_5_3_0_config14_s.vhd:7353]
	Parameter ID bound to: 1 - type: integer 
	Parameter NUM_STAGE bound to: 1 - type: integer 
	Parameter din0_WIDTH bound to: 11 - type: integer 
	Parameter din1_WIDTH bound to: 8 - type: integer 
	Parameter dout_WIDTH bound to: 19 - type: integer 
INFO: [Synth 8-3491] module 'myproject_mul_11s_8s_19_1_1' declared at '/home/dabadjiev/smartpixels_ml_dsabadjiev/Muon_Collider_Smart_Pixels/eric/Results_June2026_99SigEff/model2.5_fin_results/model2_5_8bit_normalised_selected/pareto_secondary/hls_outputs_vsynth/hls_model_trial_074/myproject_prj/solution1/syn/vhdl/myproject_mul_11s_8s_19_1_1.vhd:7' bound to instance 'mul_11s_8s_19_1_1_U127' of component 'myproject_mul_11s_8s_19_1_1' [/home/dabadjiev/smartpixels_ml_dsabadjiev/Muon_Collider_Smart_Pixels/eric/Results_June2026_99SigEff/model2.5_fin_results/model2_5_8bit_normalised_selected/pareto_secondary/hls_outputs_vsynth/hls_model_trial_074/myproject_prj/solution1/syn/vhdl/myproject_dense_resource_ap_fixed_16_6_5_3_0_ap_fixed_16_6_5_3_0_config14_s.vhd:7365]
	Parameter ID bound to: 1 - type: integer 
	Parameter NUM_STAGE bound to: 1 - type: integer 
	Parameter din0_WIDTH bound to: 11 - type: integer 
	Parameter din1_WIDTH bound to: 8 - type: integer 
	Parameter dout_WIDTH bound to: 19 - type: integer 
INFO: [Synth 8-3491] module 'myproject_mul_11s_8s_19_1_1' declared at '/home/dabadjiev/smartpixels_ml_dsabadjiev/Muon_Collider_Smart_Pixels/eric/Results_June2026_99SigEff/model2.5_fin_results/model2_5_8bit_normalised_selected/pareto_secondary/hls_outputs_vsynth/hls_model_trial_074/myproject_prj/solution1/syn/vhdl/myproject_mul_11s_8s_19_1_1.vhd:7' bound to instance 'mul_11s_8s_19_1_1_U128' of component 'myproject_mul_11s_8s_19_1_1' [/home/dabadjiev/smartpixels_ml_dsabadjiev/Muon_Collider_Smart_Pixels/eric/Results_June2026_99SigEff/model2.5_fin_results/model2_5_8bit_normalised_selected/pareto_secondary/hls_outputs_vsynth/hls_model_trial_074/myproject_prj/solution1/syn/vhdl/myproject_dense_resource_ap_fixed_16_6_5_3_0_ap_fixed_16_6_5_3_0_config14_s.vhd:7377]
	Parameter ID bound to: 1 - type: integer 
	Parameter NUM_STAGE bound to: 1 - type: integer 
	Parameter din0_WIDTH bound to: 11 - type: integer 
	Parameter din1_WIDTH bound to: 8 - type: integer 
	Parameter dout_WIDTH bound to: 19 - type: integer 
INFO: [Synth 8-3491] module 'myproject_mul_11s_8s_19_1_1' declared at '/home/dabadjiev/smartpixels_ml_dsabadjiev/Muon_Collider_Smart_Pixels/eric/Results_June2026_99SigEff/model2.5_fin_results/model2_5_8bit_normalised_selected/pareto_secondary/hls_outputs_vsynth/hls_model_trial_074/myproject_prj/solution1/syn/vhdl/myproject_mul_11s_8s_19_1_1.vhd:7' bound to instance 'mul_11s_8s_19_1_1_U129' of component 'myproject_mul_11s_8s_19_1_1' [/home/dabadjiev/smartpixels_ml_dsabadjiev/Muon_Collider_Smart_Pixels/eric/Results_June2026_99SigEff/model2.5_fin_results/model2_5_8bit_normalised_selected/pareto_secondary/hls_outputs_vsynth/hls_model_trial_074/myproject_prj/solution1/syn/vhdl/myproject_dense_resource_ap_fixed_16_6_5_3_0_ap_fixed_16_6_5_3_0_config14_s.vhd:7389]
	Parameter ID bound to: 1 - type: integer 
	Parameter NUM_STAGE bound to: 1 - type: integer 
	Parameter din0_WIDTH bound to: 11 - type: integer 
	Parameter din1_WIDTH bound to: 8 - type: integer 
	Parameter dout_WIDTH bound to: 19 - type: integer 
INFO: [Synth 8-3491] module 'myproject_mul_11s_8s_19_1_1' declared at '/home/dabadjiev/smartpixels_ml_dsabadjiev/Muon_Collider_Smart_Pixels/eric/Results_June2026_99SigEff/model2.5_fin_results/model2_5_8bit_normalised_selected/pareto_secondary/hls_outputs_vsynth/hls_model_trial_074/myproject_prj/solution1/syn/vhdl/myproject_mul_11s_8s_19_1_1.vhd:7' bound to instance 'mul_11s_8s_19_1_1_U130' of component 'myproject_mul_11s_8s_19_1_1' [/home/dabadjiev/smartpixels_ml_dsabadjiev/Muon_Collider_Smart_Pixels/eric/Results_June2026_99SigEff/model2.5_fin_results/model2_5_8bit_normalised_selected/pareto_secondary/hls_outputs_vsynth/hls_model_trial_074/myproject_prj/solution1/syn/vhdl/myproject_dense_resource_ap_fixed_16_6_5_3_0_ap_fixed_16_6_5_3_0_config14_s.vhd:7401]
	Parameter ID bound to: 1 - type: integer 
	Parameter NUM_STAGE bound to: 1 - type: integer 
	Parameter din0_WIDTH bound to: 11 - type: integer 
	Parameter din1_WIDTH bound to: 8 - type: integer 
	Parameter dout_WIDTH bound to: 19 - type: integer 
INFO: [Synth 8-3491] module 'myproject_mul_11s_8s_19_1_1' declared at '/home/dabadjiev/smartpixels_ml_dsabadjiev/Muon_Collider_Smart_Pixels/eric/Results_June2026_99SigEff/model2.5_fin_results/model2_5_8bit_normalised_selected/pareto_secondary/hls_outputs_vsynth/hls_model_trial_074/myproject_prj/solution1/syn/vhdl/myproject_mul_11s_8s_19_1_1.vhd:7' bound to instance 'mul_11s_8s_19_1_1_U131' of component 'myproject_mul_11s_8s_19_1_1' [/home/dabadjiev/smartpixels_ml_dsabadjiev/Muon_Collider_Smart_Pixels/eric/Results_June2026_99SigEff/model2.5_fin_results/model2_5_8bit_normalised_selected/pareto_secondary/hls_outputs_vsynth/hls_model_trial_074/myproject_prj/solution1/syn/vhdl/myproject_dense_resource_ap_fixed_16_6_5_3_0_ap_fixed_16_6_5_3_0_config14_s.vhd:7413]
	Parameter ID bound to: 1 - type: integer 
	Parameter NUM_STAGE bound to: 1 - type: integer 
	Parameter din0_WIDTH bound to: 11 - type: integer 
	Parameter din1_WIDTH bound to: 8 - type: integer 
	Parameter dout_WIDTH bound to: 19 - type: integer 
INFO: [Synth 8-3491] module 'myproject_mul_11s_8s_19_1_1' declared at '/home/dabadjiev/smartpixels_ml_dsabadjiev/Muon_Collider_Smart_Pixels/eric/Results_June2026_99SigEff/model2.5_fin_results/model2_5_8bit_normalised_selected/pareto_secondary/hls_outputs_vsynth/hls_model_trial_074/myproject_prj/solution1/syn/vhdl/myproject_mul_11s_8s_19_1_1.vhd:7' bound to instance 'mul_11s_8s_19_1_1_U132' of component 'myproject_mul_11s_8s_19_1_1' [/home/dabadjiev/smartpixels_ml_dsabadjiev/Muon_Collider_Smart_Pixels/eric/Results_June2026_99SigEff/model2.5_fin_results/model2_5_8bit_normalised_selected/pareto_secondary/hls_outputs_vsynth/hls_model_trial_074/myproject_prj/solution1/syn/vhdl/myproject_dense_resource_ap_fixed_16_6_5_3_0_ap_fixed_16_6_5_3_0_config14_s.vhd:7425]
	Parameter ID bound to: 1 - type: integer 
	Parameter NUM_STAGE bound to: 1 - type: integer 
	Parameter din0_WIDTH bound to: 11 - type: integer 
	Parameter din1_WIDTH bound to: 8 - type: integer 
	Parameter dout_WIDTH bound to: 19 - type: integer 
INFO: [Synth 8-3491] module 'myproject_mul_11s_8s_19_1_1' declared at '/home/dabadjiev/smartpixels_ml_dsabadjiev/Muon_Collider_Smart_Pixels/eric/Results_June2026_99SigEff/model2.5_fin_results/model2_5_8bit_normalised_selected/pareto_secondary/hls_outputs_vsynth/hls_model_trial_074/myproject_prj/solution1/syn/vhdl/myproject_mul_11s_8s_19_1_1.vhd:7' bound to instance 'mul_11s_8s_19_1_1_U133' of component 'myproject_mul_11s_8s_19_1_1' [/home/dabadjiev/smartpixels_ml_dsabadjiev/Muon_Collider_Smart_Pixels/eric/Results_June2026_99SigEff/model2.5_fin_results/model2_5_8bit_normalised_selected/pareto_secondary/hls_outputs_vsynth/hls_model_trial_074/myproject_prj/solution1/syn/vhdl/myproject_dense_resource_ap_fixed_16_6_5_3_0_ap_fixed_16_6_5_3_0_config14_s.vhd:7437]
	Parameter ID bound to: 1 - type: integer 
	Parameter NUM_STAGE bound to: 1 - type: integer 
	Parameter din0_WIDTH bound to: 11 - type: integer 
	Parameter din1_WIDTH bound to: 8 - type: integer 
	Parameter dout_WIDTH bound to: 19 - type: integer 
INFO: [Synth 8-3491] module 'myproject_mul_11s_8s_19_1_1' declared at '/home/dabadjiev/smartpixels_ml_dsabadjiev/Muon_Collider_Smart_Pixels/eric/Results_June2026_99SigEff/model2.5_fin_results/model2_5_8bit_normalised_selected/pareto_secondary/hls_outputs_vsynth/hls_model_trial_074/myproject_prj/solution1/syn/vhdl/myproject_mul_11s_8s_19_1_1.vhd:7' bound to instance 'mul_11s_8s_19_1_1_U134' of component 'myproject_mul_11s_8s_19_1_1' [/home/dabadjiev/smartpixels_ml_dsabadjiev/Muon_Collider_Smart_Pixels/eric/Results_June2026_99SigEff/model2.5_fin_results/model2_5_8bit_normalised_selected/pareto_secondary/hls_outputs_vsynth/hls_model_trial_074/myproject_prj/solution1/syn/vhdl/myproject_dense_resource_ap_fixed_16_6_5_3_0_ap_fixed_16_6_5_3_0_config14_s.vhd:7449]
	Parameter ID bound to: 1 - type: integer 
	Parameter NUM_STAGE bound to: 1 - type: integer 
	Parameter din0_WIDTH bound to: 11 - type: integer 
	Parameter din1_WIDTH bound to: 8 - type: integer 
	Parameter dout_WIDTH bound to: 19 - type: integer 
INFO: [Synth 8-3491] module 'myproject_mul_11s_8s_19_1_1' declared at '/home/dabadjiev/smartpixels_ml_dsabadjiev/Muon_Collider_Smart_Pixels/eric/Results_June2026_99SigEff/model2.5_fin_results/model2_5_8bit_normalised_selected/pareto_secondary/hls_outputs_vsynth/hls_model_trial_074/myproject_prj/solution1/syn/vhdl/myproject_mul_11s_8s_19_1_1.vhd:7' bound to instance 'mul_11s_8s_19_1_1_U135' of component 'myproject_mul_11s_8s_19_1_1' [/home/dabadjiev/smartpixels_ml_dsabadjiev/Muon_Collider_Smart_Pixels/eric/Results_June2026_99SigEff/model2.5_fin_results/model2_5_8bit_normalised_selected/pareto_secondary/hls_outputs_vsynth/hls_model_trial_074/myproject_prj/solution1/syn/vhdl/myproject_dense_resource_ap_fixed_16_6_5_3_0_ap_fixed_16_6_5_3_0_config14_s.vhd:7461]
	Parameter ID bound to: 1 - type: integer 
	Parameter NUM_STAGE bound to: 1 - type: integer 
	Parameter din0_WIDTH bound to: 11 - type: integer 
	Parameter din1_WIDTH bound to: 8 - type: integer 
	Parameter dout_WIDTH bound to: 19 - type: integer 
INFO: [Synth 8-3491] module 'myproject_mul_11s_8s_19_1_1' declared at '/home/dabadjiev/smartpixels_ml_dsabadjiev/Muon_Collider_Smart_Pixels/eric/Results_June2026_99SigEff/model2.5_fin_results/model2_5_8bit_normalised_selected/pareto_secondary/hls_outputs_vsynth/hls_model_trial_074/myproject_prj/solution1/syn/vhdl/myproject_mul_11s_8s_19_1_1.vhd:7' bound to instance 'mul_11s_8s_19_1_1_U136' of component 'myproject_mul_11s_8s_19_1_1' [/home/dabadjiev/smartpixels_ml_dsabadjiev/Muon_Collider_Smart_Pixels/eric/Results_June2026_99SigEff/model2.5_fin_results/model2_5_8bit_normalised_selected/pareto_secondary/hls_outputs_vsynth/hls_model_trial_074/myproject_prj/solution1/syn/vhdl/myproject_dense_resource_ap_fixed_16_6_5_3_0_ap_fixed_16_6_5_3_0_config14_s.vhd:7473]
	Parameter ID bound to: 1 - type: integer 
	Parameter NUM_STAGE bound to: 1 - type: integer 
	Parameter din0_WIDTH bound to: 11 - type: integer 
	Parameter din1_WIDTH bound to: 8 - type: integer 
	Parameter dout_WIDTH bound to: 19 - type: integer 
INFO: [Synth 8-3491] module 'myproject_mul_11s_8s_19_1_1' declared at '/home/dabadjiev/smartpixels_ml_dsabadjiev/Muon_Collider_Smart_Pixels/eric/Results_June2026_99SigEff/model2.5_fin_results/model2_5_8bit_normalised_selected/pareto_secondary/hls_outputs_vsynth/hls_model_trial_074/myproject_prj/solution1/syn/vhdl/myproject_mul_11s_8s_19_1_1.vhd:7' bound to instance 'mul_11s_8s_19_1_1_U137' of component 'myproject_mul_11s_8s_19_1_1' [/home/dabadjiev/smartpixels_ml_dsabadjiev/Muon_Collider_Smart_Pixels/eric/Results_June2026_99SigEff/model2.5_fin_results/model2_5_8bit_normalised_selected/pareto_secondary/hls_outputs_vsynth/hls_model_trial_074/myproject_prj/solution1/syn/vhdl/myproject_dense_resource_ap_fixed_16_6_5_3_0_ap_fixed_16_6_5_3_0_config14_s.vhd:7485]
	Parameter ID bound to: 1 - type: integer 
	Parameter NUM_STAGE bound to: 1 - type: integer 
	Parameter din0_WIDTH bound to: 11 - type: integer 
	Parameter din1_WIDTH bound to: 8 - type: integer 
	Parameter dout_WIDTH bound to: 19 - type: integer 
INFO: [Synth 8-3491] module 'myproject_mul_11s_8s_19_1_1' declared at '/home/dabadjiev/smartpixels_ml_dsabadjiev/Muon_Collider_Smart_Pixels/eric/Results_June2026_99SigEff/model2.5_fin_results/model2_5_8bit_normalised_selected/pareto_secondary/hls_outputs_vsynth/hls_model_trial_074/myproject_prj/solution1/syn/vhdl/myproject_mul_11s_8s_19_1_1.vhd:7' bound to instance 'mul_11s_8s_19_1_1_U138' of component 'myproject_mul_11s_8s_19_1_1' [/home/dabadjiev/smartpixels_ml_dsabadjiev/Muon_Collider_Smart_Pixels/eric/Results_June2026_99SigEff/model2.5_fin_results/model2_5_8bit_normalised_selected/pareto_secondary/hls_outputs_vsynth/hls_model_trial_074/myproject_prj/solution1/syn/vhdl/myproject_dense_resource_ap_fixed_16_6_5_3_0_ap_fixed_16_6_5_3_0_config14_s.vhd:7497]
	Parameter ID bound to: 1 - type: integer 
	Parameter NUM_STAGE bound to: 1 - type: integer 
	Parameter din0_WIDTH bound to: 11 - type: integer 
	Parameter din1_WIDTH bound to: 8 - type: integer 
	Parameter dout_WIDTH bound to: 19 - type: integer 
INFO: [Synth 8-3491] module 'myproject_mul_11s_8s_19_1_1' declared at '/home/dabadjiev/smartpixels_ml_dsabadjiev/Muon_Collider_Smart_Pixels/eric/Results_June2026_99SigEff/model2.5_fin_results/model2_5_8bit_normalised_selected/pareto_secondary/hls_outputs_vsynth/hls_model_trial_074/myproject_prj/solution1/syn/vhdl/myproject_mul_11s_8s_19_1_1.vhd:7' bound to instance 'mul_11s_8s_19_1_1_U139' of component 'myproject_mul_11s_8s_19_1_1' [/home/dabadjiev/smartpixels_ml_dsabadjiev/Muon_Collider_Smart_Pixels/eric/Results_June2026_99SigEff/model2.5_fin_results/model2_5_8bit_normalised_selected/pareto_secondary/hls_outputs_vsynth/hls_model_trial_074/myproject_prj/solution1/syn/vhdl/myproject_dense_resource_ap_fixed_16_6_5_3_0_ap_fixed_16_6_5_3_0_config14_s.vhd:7509]
	Parameter ID bound to: 1 - type: integer 
	Parameter NUM_STAGE bound to: 1 - type: integer 
	Parameter din0_WIDTH bound to: 11 - type: integer 
	Parameter din1_WIDTH bound to: 8 - type: integer 
	Parameter dout_WIDTH bound to: 19 - type: integer 
INFO: [Synth 8-3491] module 'myproject_mul_11s_8s_19_1_1' declared at '/home/dabadjiev/smartpixels_ml_dsabadjiev/Muon_Collider_Smart_Pixels/eric/Results_June2026_99SigEff/model2.5_fin_results/model2_5_8bit_normalised_selected/pareto_secondary/hls_outputs_vsynth/hls_model_trial_074/myproject_prj/solution1/syn/vhdl/myproject_mul_11s_8s_19_1_1.vhd:7' bound to instance 'mul_11s_8s_19_1_1_U140' of component 'myproject_mul_11s_8s_19_1_1' [/home/dabadjiev/smartpixels_ml_dsabadjiev/Muon_Collider_Smart_Pixels/eric/Results_June2026_99SigEff/model2.5_fin_results/model2_5_8bit_normalised_selected/pareto_secondary/hls_outputs_vsynth/hls_model_trial_074/myproject_prj/solution1/syn/vhdl/myproject_dense_resource_ap_fixed_16_6_5_3_0_ap_fixed_16_6_5_3_0_config14_s.vhd:7521]
	Parameter ID bound to: 1 - type: integer 
	Parameter NUM_STAGE bound to: 1 - type: integer 
	Parameter din0_WIDTH bound to: 11 - type: integer 
	Parameter din1_WIDTH bound to: 8 - type: integer 
	Parameter dout_WIDTH bound to: 19 - type: integer 
INFO: [Synth 8-3491] module 'myproject_mul_11s_8s_19_1_1' declared at '/home/dabadjiev/smartpixels_ml_dsabadjiev/Muon_Collider_Smart_Pixels/eric/Results_June2026_99SigEff/model2.5_fin_results/model2_5_8bit_normalised_selected/pareto_secondary/hls_outputs_vsynth/hls_model_trial_074/myproject_prj/solution1/syn/vhdl/myproject_mul_11s_8s_19_1_1.vhd:7' bound to instance 'mul_11s_8s_19_1_1_U141' of component 'myproject_mul_11s_8s_19_1_1' [/home/dabadjiev/smartpixels_ml_dsabadjiev/Muon_Collider_Smart_Pixels/eric/Results_June2026_99SigEff/model2.5_fin_results/model2_5_8bit_normalised_selected/pareto_secondary/hls_outputs_vsynth/hls_model_trial_074/myproject_prj/solution1/syn/vhdl/myproject_dense_resource_ap_fixed_16_6_5_3_0_ap_fixed_16_6_5_3_0_config14_s.vhd:7533]
	Parameter ID bound to: 1 - type: integer 
	Parameter NUM_STAGE bound to: 1 - type: integer 
	Parameter din0_WIDTH bound to: 11 - type: integer 
	Parameter din1_WIDTH bound to: 8 - type: integer 
	Parameter dout_WIDTH bound to: 19 - type: integer 
INFO: [Synth 8-3491] module 'myproject_mul_11s_8s_19_1_1' declared at '/home/dabadjiev/smartpixels_ml_dsabadjiev/Muon_Collider_Smart_Pixels/eric/Results_June2026_99SigEff/model2.5_fin_results/model2_5_8bit_normalised_selected/pareto_secondary/hls_outputs_vsynth/hls_model_trial_074/myproject_prj/solution1/syn/vhdl/myproject_mul_11s_8s_19_1_1.vhd:7' bound to instance 'mul_11s_8s_19_1_1_U142' of component 'myproject_mul_11s_8s_19_1_1' [/home/dabadjiev/smartpixels_ml_dsabadjiev/Muon_Collider_Smart_Pixels/eric/Results_June2026_99SigEff/model2.5_fin_results/model2_5_8bit_normalised_selected/pareto_secondary/hls_outputs_vsynth/hls_model_trial_074/myproject_prj/solution1/syn/vhdl/myproject_dense_resource_ap_fixed_16_6_5_3_0_ap_fixed_16_6_5_3_0_config14_s.vhd:7545]
	Parameter ID bound to: 1 - type: integer 
	Parameter NUM_STAGE bound to: 1 - type: integer 
	Parameter din0_WIDTH bound to: 11 - type: integer 
	Parameter din1_WIDTH bound to: 8 - type: integer 
	Parameter dout_WIDTH bound to: 19 - type: integer 
INFO: [Synth 8-3491] module 'myproject_mul_11s_8s_19_1_1' declared at '/home/dabadjiev/smartpixels_ml_dsabadjiev/Muon_Collider_Smart_Pixels/eric/Results_June2026_99SigEff/model2.5_fin_results/model2_5_8bit_normalised_selected/pareto_secondary/hls_outputs_vsynth/hls_model_trial_074/myproject_prj/solution1/syn/vhdl/myproject_mul_11s_8s_19_1_1.vhd:7' bound to instance 'mul_11s_8s_19_1_1_U143' of component 'myproject_mul_11s_8s_19_1_1' [/home/dabadjiev/smartpixels_ml_dsabadjiev/Muon_Collider_Smart_Pixels/eric/Results_June2026_99SigEff/model2.5_fin_results/model2_5_8bit_normalised_selected/pareto_secondary/hls_outputs_vsynth/hls_model_trial_074/myproject_prj/solution1/syn/vhdl/myproject_dense_resource_ap_fixed_16_6_5_3_0_ap_fixed_16_6_5_3_0_config14_s.vhd:7557]
	Parameter ID bound to: 1 - type: integer 
	Parameter NUM_STAGE bound to: 1 - type: integer 
	Parameter din0_WIDTH bound to: 11 - type: integer 
	Parameter din1_WIDTH bound to: 8 - type: integer 
	Parameter dout_WIDTH bound to: 19 - type: integer 
INFO: [Synth 8-3491] module 'myproject_mul_11s_8s_19_1_1' declared at '/home/dabadjiev/smartpixels_ml_dsabadjiev/Muon_Collider_Smart_Pixels/eric/Results_June2026_99SigEff/model2.5_fin_results/model2_5_8bit_normalised_selected/pareto_secondary/hls_outputs_vsynth/hls_model_trial_074/myproject_prj/solution1/syn/vhdl/myproject_mul_11s_8s_19_1_1.vhd:7' bound to instance 'mul_11s_8s_19_1_1_U144' of component 'myproject_mul_11s_8s_19_1_1' [/home/dabadjiev/smartpixels_ml_dsabadjiev/Muon_Collider_Smart_Pixels/eric/Results_June2026_99SigEff/model2.5_fin_results/model2_5_8bit_normalised_selected/pareto_secondary/hls_outputs_vsynth/hls_model_trial_074/myproject_prj/solution1/syn/vhdl/myproject_dense_resource_ap_fixed_16_6_5_3_0_ap_fixed_16_6_5_3_0_config14_s.vhd:7569]
	Parameter ID bound to: 1 - type: integer 
	Parameter NUM_STAGE bound to: 1 - type: integer 
	Parameter din0_WIDTH bound to: 11 - type: integer 
	Parameter din1_WIDTH bound to: 8 - type: integer 
	Parameter dout_WIDTH bound to: 19 - type: integer 
INFO: [Synth 8-3491] module 'myproject_mul_11s_8s_19_1_1' declared at '/home/dabadjiev/smartpixels_ml_dsabadjiev/Muon_Collider_Smart_Pixels/eric/Results_June2026_99SigEff/model2.5_fin_results/model2_5_8bit_normalised_selected/pareto_secondary/hls_outputs_vsynth/hls_model_trial_074/myproject_prj/solution1/syn/vhdl/myproject_mul_11s_8s_19_1_1.vhd:7' bound to instance 'mul_11s_8s_19_1_1_U145' of component 'myproject_mul_11s_8s_19_1_1' [/home/dabadjiev/smartpixels_ml_dsabadjiev/Muon_Collider_Smart_Pixels/eric/Results_June2026_99SigEff/model2.5_fin_results/model2_5_8bit_normalised_selected/pareto_secondary/hls_outputs_vsynth/hls_model_trial_074/myproject_prj/solution1/syn/vhdl/myproject_dense_resource_ap_fixed_16_6_5_3_0_ap_fixed_16_6_5_3_0_config14_s.vhd:7581]
	Parameter ID bound to: 1 - type: integer 
	Parameter NUM_STAGE bound to: 1 - type: integer 
	Parameter din0_WIDTH bound to: 11 - type: integer 
	Parameter din1_WIDTH bound to: 8 - type: integer 
	Parameter dout_WIDTH bound to: 19 - type: integer 
INFO: [Synth 8-3491] module 'myproject_mul_11s_8s_19_1_1' declared at '/home/dabadjiev/smartpixels_ml_dsabadjiev/Muon_Collider_Smart_Pixels/eric/Results_June2026_99SigEff/model2.5_fin_results/model2_5_8bit_normalised_selected/pareto_secondary/hls_outputs_vsynth/hls_model_trial_074/myproject_prj/solution1/syn/vhdl/myproject_mul_11s_8s_19_1_1.vhd:7' bound to instance 'mul_11s_8s_19_1_1_U146' of component 'myproject_mul_11s_8s_19_1_1' [/home/dabadjiev/smartpixels_ml_dsabadjiev/Muon_Collider_Smart_Pixels/eric/Results_June2026_99SigEff/model2.5_fin_results/model2_5_8bit_normalised_selected/pareto_secondary/hls_outputs_vsynth/hls_model_trial_074/myproject_prj/solution1/syn/vhdl/myproject_dense_resource_ap_fixed_16_6_5_3_0_ap_fixed_16_6_5_3_0_config14_s.vhd:7593]
	Parameter ID bound to: 1 - type: integer 
	Parameter NUM_STAGE bound to: 1 - type: integer 
	Parameter din0_WIDTH bound to: 11 - type: integer 
	Parameter din1_WIDTH bound to: 8 - type: integer 
	Parameter dout_WIDTH bound to: 19 - type: integer 
INFO: [Synth 8-3491] module 'myproject_mul_11s_8s_19_1_1' declared at '/home/dabadjiev/smartpixels_ml_dsabadjiev/Muon_Collider_Smart_Pixels/eric/Results_June2026_99SigEff/model2.5_fin_results/model2_5_8bit_normalised_selected/pareto_secondary/hls_outputs_vsynth/hls_model_trial_074/myproject_prj/solution1/syn/vhdl/myproject_mul_11s_8s_19_1_1.vhd:7' bound to instance 'mul_11s_8s_19_1_1_U147' of component 'myproject_mul_11s_8s_19_1_1' [/home/dabadjiev/smartpixels_ml_dsabadjiev/Muon_Collider_Smart_Pixels/eric/Results_June2026_99SigEff/model2.5_fin_results/model2_5_8bit_normalised_selected/pareto_secondary/hls_outputs_vsynth/hls_model_trial_074/myproject_prj/solution1/syn/vhdl/myproject_dense_resource_ap_fixed_16_6_5_3_0_ap_fixed_16_6_5_3_0_config14_s.vhd:7605]
	Parameter ID bound to: 1 - type: integer 
	Parameter NUM_STAGE bound to: 1 - type: integer 
	Parameter din0_WIDTH bound to: 11 - type: integer 
	Parameter din1_WIDTH bound to: 8 - type: integer 
	Parameter dout_WIDTH bound to: 19 - type: integer 
INFO: [Synth 8-3491] module 'myproject_mul_11s_8s_19_1_1' declared at '/home/dabadjiev/smartpixels_ml_dsabadjiev/Muon_Collider_Smart_Pixels/eric/Results_June2026_99SigEff/model2.5_fin_results/model2_5_8bit_normalised_selected/pareto_secondary/hls_outputs_vsynth/hls_model_trial_074/myproject_prj/solution1/syn/vhdl/myproject_mul_11s_8s_19_1_1.vhd:7' bound to instance 'mul_11s_8s_19_1_1_U148' of component 'myproject_mul_11s_8s_19_1_1' [/home/dabadjiev/smartpixels_ml_dsabadjiev/Muon_Collider_Smart_Pixels/eric/Results_June2026_99SigEff/model2.5_fin_results/model2_5_8bit_normalised_selected/pareto_secondary/hls_outputs_vsynth/hls_model_trial_074/myproject_prj/solution1/syn/vhdl/myproject_dense_resource_ap_fixed_16_6_5_3_0_ap_fixed_16_6_5_3_0_config14_s.vhd:7617]
	Parameter ID bound to: 1 - type: integer 
	Parameter NUM_STAGE bound to: 1 - type: integer 
	Parameter din0_WIDTH bound to: 11 - type: integer 
	Parameter din1_WIDTH bound to: 8 - type: integer 
	Parameter dout_WIDTH bound to: 19 - type: integer 
INFO: [Synth 8-3491] module 'myproject_mul_11s_8s_19_1_1' declared at '/home/dabadjiev/smartpixels_ml_dsabadjiev/Muon_Collider_Smart_Pixels/eric/Results_June2026_99SigEff/model2.5_fin_results/model2_5_8bit_normalised_selected/pareto_secondary/hls_outputs_vsynth/hls_model_trial_074/myproject_prj/solution1/syn/vhdl/myproject_mul_11s_8s_19_1_1.vhd:7' bound to instance 'mul_11s_8s_19_1_1_U149' of component 'myproject_mul_11s_8s_19_1_1' [/home/dabadjiev/smartpixels_ml_dsabadjiev/Muon_Collider_Smart_Pixels/eric/Results_June2026_99SigEff/model2.5_fin_results/model2_5_8bit_normalised_selected/pareto_secondary/hls_outputs_vsynth/hls_model_trial_074/myproject_prj/solution1/syn/vhdl/myproject_dense_resource_ap_fixed_16_6_5_3_0_ap_fixed_16_6_5_3_0_config14_s.vhd:7629]
	Parameter ID bound to: 1 - type: integer 
	Parameter NUM_STAGE bound to: 1 - type: integer 
	Parameter din0_WIDTH bound to: 11 - type: integer 
	Parameter din1_WIDTH bound to: 8 - type: integer 
	Parameter dout_WIDTH bound to: 19 - type: integer 
INFO: [Synth 8-3491] module 'myproject_mul_11s_8s_19_1_1' declared at '/home/dabadjiev/smartpixels_ml_dsabadjiev/Muon_Collider_Smart_Pixels/eric/Results_June2026_99SigEff/model2.5_fin_results/model2_5_8bit_normalised_selected/pareto_secondary/hls_outputs_vsynth/hls_model_trial_074/myproject_prj/solution1/syn/vhdl/myproject_mul_11s_8s_19_1_1.vhd:7' bound to instance 'mul_11s_8s_19_1_1_U150' of component 'myproject_mul_11s_8s_19_1_1' [/home/dabadjiev/smartpixels_ml_dsabadjiev/Muon_Collider_Smart_Pixels/eric/Results_June2026_99SigEff/model2.5_fin_results/model2_5_8bit_normalised_selected/pareto_secondary/hls_outputs_vsynth/hls_model_trial_074/myproject_prj/solution1/syn/vhdl/myproject_dense_resource_ap_fixed_16_6_5_3_0_ap_fixed_16_6_5_3_0_config14_s.vhd:7641]
	Parameter ID bound to: 1 - type: integer 
	Parameter NUM_STAGE bound to: 1 - type: integer 
	Parameter din0_WIDTH bound to: 11 - type: integer 
	Parameter din1_WIDTH bound to: 8 - type: integer 
	Parameter dout_WIDTH bound to: 19 - type: integer 
INFO: [Synth 8-3491] module 'myproject_mul_11s_8s_19_1_1' declared at '/home/dabadjiev/smartpixels_ml_dsabadjiev/Muon_Collider_Smart_Pixels/eric/Results_June2026_99SigEff/model2.5_fin_results/model2_5_8bit_normalised_selected/pareto_secondary/hls_outputs_vsynth/hls_model_trial_074/myproject_prj/solution1/syn/vhdl/myproject_mul_11s_8s_19_1_1.vhd:7' bound to instance 'mul_11s_8s_19_1_1_U151' of component 'myproject_mul_11s_8s_19_1_1' [/home/dabadjiev/smartpixels_ml_dsabadjiev/Muon_Collider_Smart_Pixels/eric/Results_June2026_99SigEff/model2.5_fin_results/model2_5_8bit_normalised_selected/pareto_secondary/hls_outputs_vsynth/hls_model_trial_074/myproject_prj/solution1/syn/vhdl/myproject_dense_resource_ap_fixed_16_6_5_3_0_ap_fixed_16_6_5_3_0_config14_s.vhd:7653]
	Parameter ID bound to: 1 - type: integer 
	Parameter NUM_STAGE bound to: 1 - type: integer 
	Parameter din0_WIDTH bound to: 11 - type: integer 
	Parameter din1_WIDTH bound to: 8 - type: integer 
	Parameter dout_WIDTH bound to: 19 - type: integer 
INFO: [Synth 8-3491] module 'myproject_mul_11s_8s_19_1_1' declared at '/home/dabadjiev/smartpixels_ml_dsabadjiev/Muon_Collider_Smart_Pixels/eric/Results_June2026_99SigEff/model2.5_fin_results/model2_5_8bit_normalised_selected/pareto_secondary/hls_outputs_vsynth/hls_model_trial_074/myproject_prj/solution1/syn/vhdl/myproject_mul_11s_8s_19_1_1.vhd:7' bound to instance 'mul_11s_8s_19_1_1_U152' of component 'myproject_mul_11s_8s_19_1_1' [/home/dabadjiev/smartpixels_ml_dsabadjiev/Muon_Collider_Smart_Pixels/eric/Results_June2026_99SigEff/model2.5_fin_results/model2_5_8bit_normalised_selected/pareto_secondary/hls_outputs_vsynth/hls_model_trial_074/myproject_prj/solution1/syn/vhdl/myproject_dense_resource_ap_fixed_16_6_5_3_0_ap_fixed_16_6_5_3_0_config14_s.vhd:7665]
	Parameter ID bound to: 1 - type: integer 
	Parameter NUM_STAGE bound to: 1 - type: integer 
	Parameter din0_WIDTH bound to: 11 - type: integer 
	Parameter din1_WIDTH bound to: 8 - type: integer 
	Parameter dout_WIDTH bound to: 19 - type: integer 
INFO: [Synth 8-3491] module 'myproject_mul_11s_8s_19_1_1' declared at '/home/dabadjiev/smartpixels_ml_dsabadjiev/Muon_Collider_Smart_Pixels/eric/Results_June2026_99SigEff/model2.5_fin_results/model2_5_8bit_normalised_selected/pareto_secondary/hls_outputs_vsynth/hls_model_trial_074/myproject_prj/solution1/syn/vhdl/myproject_mul_11s_8s_19_1_1.vhd:7' bound to instance 'mul_11s_8s_19_1_1_U153' of component 'myproject_mul_11s_8s_19_1_1' [/home/dabadjiev/smartpixels_ml_dsabadjiev/Muon_Collider_Smart_Pixels/eric/Results_June2026_99SigEff/model2.5_fin_results/model2_5_8bit_normalised_selected/pareto_secondary/hls_outputs_vsynth/hls_model_trial_074/myproject_prj/solution1/syn/vhdl/myproject_dense_resource_ap_fixed_16_6_5_3_0_ap_fixed_16_6_5_3_0_config14_s.vhd:7677]
	Parameter ID bound to: 1 - type: integer 
	Parameter NUM_STAGE bound to: 1 - type: integer 
	Parameter din0_WIDTH bound to: 11 - type: integer 
	Parameter din1_WIDTH bound to: 8 - type: integer 
	Parameter dout_WIDTH bound to: 19 - type: integer 
INFO: [Synth 8-3491] module 'myproject_mul_11s_8s_19_1_1' declared at '/home/dabadjiev/smartpixels_ml_dsabadjiev/Muon_Collider_Smart_Pixels/eric/Results_June2026_99SigEff/model2.5_fin_results/model2_5_8bit_normalised_selected/pareto_secondary/hls_outputs_vsynth/hls_model_trial_074/myproject_prj/solution1/syn/vhdl/myproject_mul_11s_8s_19_1_1.vhd:7' bound to instance 'mul_11s_8s_19_1_1_U154' of component 'myproject_mul_11s_8s_19_1_1' [/home/dabadjiev/smartpixels_ml_dsabadjiev/Muon_Collider_Smart_Pixels/eric/Results_June2026_99SigEff/model2.5_fin_results/model2_5_8bit_normalised_selected/pareto_secondary/hls_outputs_vsynth/hls_model_trial_074/myproject_prj/solution1/syn/vhdl/myproject_dense_resource_ap_fixed_16_6_5_3_0_ap_fixed_16_6_5_3_0_config14_s.vhd:7689]
	Parameter ID bound to: 1 - type: integer 
	Parameter NUM_STAGE bound to: 1 - type: integer 
	Parameter din0_WIDTH bound to: 11 - type: integer 
	Parameter din1_WIDTH bound to: 8 - type: integer 
	Parameter dout_WIDTH bound to: 19 - type: integer 
INFO: [Synth 8-3491] module 'myproject_mul_11s_8s_19_1_1' declared at '/home/dabadjiev/smartpixels_ml_dsabadjiev/Muon_Collider_Smart_Pixels/eric/Results_June2026_99SigEff/model2.5_fin_results/model2_5_8bit_normalised_selected/pareto_secondary/hls_outputs_vsynth/hls_model_trial_074/myproject_prj/solution1/syn/vhdl/myproject_mul_11s_8s_19_1_1.vhd:7' bound to instance 'mul_11s_8s_19_1_1_U155' of component 'myproject_mul_11s_8s_19_1_1' [/home/dabadjiev/smartpixels_ml_dsabadjiev/Muon_Collider_Smart_Pixels/eric/Results_June2026_99SigEff/model2.5_fin_results/model2_5_8bit_normalised_selected/pareto_secondary/hls_outputs_vsynth/hls_model_trial_074/myproject_prj/solution1/syn/vhdl/myproject_dense_resource_ap_fixed_16_6_5_3_0_ap_fixed_16_6_5_3_0_config14_s.vhd:7701]
	Parameter ID bound to: 1 - type: integer 
	Parameter NUM_STAGE bound to: 1 - type: integer 
	Parameter din0_WIDTH bound to: 11 - type: integer 
	Parameter din1_WIDTH bound to: 8 - type: integer 
	Parameter dout_WIDTH bound to: 19 - type: integer 
INFO: [Synth 8-3491] module 'myproject_mul_11s_8s_19_1_1' declared at '/home/dabadjiev/smartpixels_ml_dsabadjiev/Muon_Collider_Smart_Pixels/eric/Results_June2026_99SigEff/model2.5_fin_results/model2_5_8bit_normalised_selected/pareto_secondary/hls_outputs_vsynth/hls_model_trial_074/myproject_prj/solution1/syn/vhdl/myproject_mul_11s_8s_19_1_1.vhd:7' bound to instance 'mul_11s_8s_19_1_1_U156' of component 'myproject_mul_11s_8s_19_1_1' [/home/dabadjiev/smartpixels_ml_dsabadjiev/Muon_Collider_Smart_Pixels/eric/Results_June2026_99SigEff/model2.5_fin_results/model2_5_8bit_normalised_selected/pareto_secondary/hls_outputs_vsynth/hls_model_trial_074/myproject_prj/solution1/syn/vhdl/myproject_dense_resource_ap_fixed_16_6_5_3_0_ap_fixed_16_6_5_3_0_config14_s.vhd:7713]
	Parameter ID bound to: 1 - type: integer 
	Parameter NUM_STAGE bound to: 1 - type: integer 
	Parameter din0_WIDTH bound to: 11 - type: integer 
	Parameter din1_WIDTH bound to: 8 - type: integer 
	Parameter dout_WIDTH bound to: 19 - type: integer 
INFO: [Synth 8-3491] module 'myproject_mul_11s_8s_19_1_1' declared at '/home/dabadjiev/smartpixels_ml_dsabadjiev/Muon_Collider_Smart_Pixels/eric/Results_June2026_99SigEff/model2.5_fin_results/model2_5_8bit_normalised_selected/pareto_secondary/hls_outputs_vsynth/hls_model_trial_074/myproject_prj/solution1/syn/vhdl/myproject_mul_11s_8s_19_1_1.vhd:7' bound to instance 'mul_11s_8s_19_1_1_U157' of component 'myproject_mul_11s_8s_19_1_1' [/home/dabadjiev/smartpixels_ml_dsabadjiev/Muon_Collider_Smart_Pixels/eric/Results_June2026_99SigEff/model2.5_fin_results/model2_5_8bit_normalised_selected/pareto_secondary/hls_outputs_vsynth/hls_model_trial_074/myproject_prj/solution1/syn/vhdl/myproject_dense_resource_ap_fixed_16_6_5_3_0_ap_fixed_16_6_5_3_0_config14_s.vhd:7725]
	Parameter ID bound to: 1 - type: integer 
	Parameter NUM_STAGE bound to: 1 - type: integer 
	Parameter din0_WIDTH bound to: 11 - type: integer 
	Parameter din1_WIDTH bound to: 8 - type: integer 
	Parameter dout_WIDTH bound to: 19 - type: integer 
INFO: [Synth 8-3491] module 'myproject_mul_11s_8s_19_1_1' declared at '/home/dabadjiev/smartpixels_ml_dsabadjiev/Muon_Collider_Smart_Pixels/eric/Results_June2026_99SigEff/model2.5_fin_results/model2_5_8bit_normalised_selected/pareto_secondary/hls_outputs_vsynth/hls_model_trial_074/myproject_prj/solution1/syn/vhdl/myproject_mul_11s_8s_19_1_1.vhd:7' bound to instance 'mul_11s_8s_19_1_1_U158' of component 'myproject_mul_11s_8s_19_1_1' [/home/dabadjiev/smartpixels_ml_dsabadjiev/Muon_Collider_Smart_Pixels/eric/Results_June2026_99SigEff/model2.5_fin_results/model2_5_8bit_normalised_selected/pareto_secondary/hls_outputs_vsynth/hls_model_trial_074/myproject_prj/solution1/syn/vhdl/myproject_dense_resource_ap_fixed_16_6_5_3_0_ap_fixed_16_6_5_3_0_config14_s.vhd:7737]
	Parameter ID bound to: 1 - type: integer 
	Parameter NUM_STAGE bound to: 1 - type: integer 
	Parameter din0_WIDTH bound to: 11 - type: integer 
	Parameter din1_WIDTH bound to: 8 - type: integer 
	Parameter dout_WIDTH bound to: 19 - type: integer 
INFO: [Synth 8-3491] module 'myproject_mul_11s_8s_19_1_1' declared at '/home/dabadjiev/smartpixels_ml_dsabadjiev/Muon_Collider_Smart_Pixels/eric/Results_June2026_99SigEff/model2.5_fin_results/model2_5_8bit_normalised_selected/pareto_secondary/hls_outputs_vsynth/hls_model_trial_074/myproject_prj/solution1/syn/vhdl/myproject_mul_11s_8s_19_1_1.vhd:7' bound to instance 'mul_11s_8s_19_1_1_U159' of component 'myproject_mul_11s_8s_19_1_1' [/home/dabadjiev/smartpixels_ml_dsabadjiev/Muon_Collider_Smart_Pixels/eric/Results_June2026_99SigEff/model2.5_fin_results/model2_5_8bit_normalised_selected/pareto_secondary/hls_outputs_vsynth/hls_model_trial_074/myproject_prj/solution1/syn/vhdl/myproject_dense_resource_ap_fixed_16_6_5_3_0_ap_fixed_16_6_5_3_0_config14_s.vhd:7749]
	Parameter ID bound to: 1 - type: integer 
	Parameter NUM_STAGE bound to: 1 - type: integer 
	Parameter din0_WIDTH bound to: 11 - type: integer 
	Parameter din1_WIDTH bound to: 8 - type: integer 
	Parameter dout_WIDTH bound to: 19 - type: integer 
INFO: [Synth 8-3491] module 'myproject_mul_11s_8s_19_1_1' declared at '/home/dabadjiev/smartpixels_ml_dsabadjiev/Muon_Collider_Smart_Pixels/eric/Results_June2026_99SigEff/model2.5_fin_results/model2_5_8bit_normalised_selected/pareto_secondary/hls_outputs_vsynth/hls_model_trial_074/myproject_prj/solution1/syn/vhdl/myproject_mul_11s_8s_19_1_1.vhd:7' bound to instance 'mul_11s_8s_19_1_1_U160' of component 'myproject_mul_11s_8s_19_1_1' [/home/dabadjiev/smartpixels_ml_dsabadjiev/Muon_Collider_Smart_Pixels/eric/Results_June2026_99SigEff/model2.5_fin_results/model2_5_8bit_normalised_selected/pareto_secondary/hls_outputs_vsynth/hls_model_trial_074/myproject_prj/solution1/syn/vhdl/myproject_dense_resource_ap_fixed_16_6_5_3_0_ap_fixed_16_6_5_3_0_config14_s.vhd:7761]
	Parameter ID bound to: 1 - type: integer 
	Parameter NUM_STAGE bound to: 1 - type: integer 
	Parameter din0_WIDTH bound to: 11 - type: integer 
	Parameter din1_WIDTH bound to: 8 - type: integer 
	Parameter dout_WIDTH bound to: 19 - type: integer 
INFO: [Synth 8-3491] module 'myproject_mul_11s_8s_19_1_1' declared at '/home/dabadjiev/smartpixels_ml_dsabadjiev/Muon_Collider_Smart_Pixels/eric/Results_June2026_99SigEff/model2.5_fin_results/model2_5_8bit_normalised_selected/pareto_secondary/hls_outputs_vsynth/hls_model_trial_074/myproject_prj/solution1/syn/vhdl/myproject_mul_11s_8s_19_1_1.vhd:7' bound to instance 'mul_11s_8s_19_1_1_U161' of component 'myproject_mul_11s_8s_19_1_1' [/home/dabadjiev/smartpixels_ml_dsabadjiev/Muon_Collider_Smart_Pixels/eric/Results_June2026_99SigEff/model2.5_fin_results/model2_5_8bit_normalised_selected/pareto_secondary/hls_outputs_vsynth/hls_model_trial_074/myproject_prj/solution1/syn/vhdl/myproject_dense_resource_ap_fixed_16_6_5_3_0_ap_fixed_16_6_5_3_0_config14_s.vhd:7773]
	Parameter ID bound to: 1 - type: integer 
	Parameter NUM_STAGE bound to: 1 - type: integer 
	Parameter din0_WIDTH bound to: 11 - type: integer 
	Parameter din1_WIDTH bound to: 8 - type: integer 
	Parameter dout_WIDTH bound to: 19 - type: integer 
INFO: [Synth 8-3491] module 'myproject_mul_11s_8s_19_1_1' declared at '/home/dabadjiev/smartpixels_ml_dsabadjiev/Muon_Collider_Smart_Pixels/eric/Results_June2026_99SigEff/model2.5_fin_results/model2_5_8bit_normalised_selected/pareto_secondary/hls_outputs_vsynth/hls_model_trial_074/myproject_prj/solution1/syn/vhdl/myproject_mul_11s_8s_19_1_1.vhd:7' bound to instance 'mul_11s_8s_19_1_1_U162' of component 'myproject_mul_11s_8s_19_1_1' [/home/dabadjiev/smartpixels_ml_dsabadjiev/Muon_Collider_Smart_Pixels/eric/Results_June2026_99SigEff/model2.5_fin_results/model2_5_8bit_normalised_selected/pareto_secondary/hls_outputs_vsynth/hls_model_trial_074/myproject_prj/solution1/syn/vhdl/myproject_dense_resource_ap_fixed_16_6_5_3_0_ap_fixed_16_6_5_3_0_config14_s.vhd:7785]
	Parameter ID bound to: 1 - type: integer 
	Parameter NUM_STAGE bound to: 1 - type: integer 
	Parameter din0_WIDTH bound to: 11 - type: integer 
	Parameter din1_WIDTH bound to: 8 - type: integer 
	Parameter dout_WIDTH bound to: 19 - type: integer 
INFO: [Synth 8-3491] module 'myproject_mul_11s_8s_19_1_1' declared at '/home/dabadjiev/smartpixels_ml_dsabadjiev/Muon_Collider_Smart_Pixels/eric/Results_June2026_99SigEff/model2.5_fin_results/model2_5_8bit_normalised_selected/pareto_secondary/hls_outputs_vsynth/hls_model_trial_074/myproject_prj/solution1/syn/vhdl/myproject_mul_11s_8s_19_1_1.vhd:7' bound to instance 'mul_11s_8s_19_1_1_U163' of component 'myproject_mul_11s_8s_19_1_1' [/home/dabadjiev/smartpixels_ml_dsabadjiev/Muon_Collider_Smart_Pixels/eric/Results_June2026_99SigEff/model2.5_fin_results/model2_5_8bit_normalised_selected/pareto_secondary/hls_outputs_vsynth/hls_model_trial_074/myproject_prj/solution1/syn/vhdl/myproject_dense_resource_ap_fixed_16_6_5_3_0_ap_fixed_16_6_5_3_0_config14_s.vhd:7797]
	Parameter ID bound to: 1 - type: integer 
	Parameter NUM_STAGE bound to: 1 - type: integer 
	Parameter din0_WIDTH bound to: 11 - type: integer 
	Parameter din1_WIDTH bound to: 8 - type: integer 
	Parameter dout_WIDTH bound to: 19 - type: integer 
INFO: [Synth 8-3491] module 'myproject_mul_11s_8s_19_1_1' declared at '/home/dabadjiev/smartpixels_ml_dsabadjiev/Muon_Collider_Smart_Pixels/eric/Results_June2026_99SigEff/model2.5_fin_results/model2_5_8bit_normalised_selected/pareto_secondary/hls_outputs_vsynth/hls_model_trial_074/myproject_prj/solution1/syn/vhdl/myproject_mul_11s_8s_19_1_1.vhd:7' bound to instance 'mul_11s_8s_19_1_1_U164' of component 'myproject_mul_11s_8s_19_1_1' [/home/dabadjiev/smartpixels_ml_dsabadjiev/Muon_Collider_Smart_Pixels/eric/Results_June2026_99SigEff/model2.5_fin_results/model2_5_8bit_normalised_selected/pareto_secondary/hls_outputs_vsynth/hls_model_trial_074/myproject_prj/solution1/syn/vhdl/myproject_dense_resource_ap_fixed_16_6_5_3_0_ap_fixed_16_6_5_3_0_config14_s.vhd:7809]
	Parameter ID bound to: 1 - type: integer 
	Parameter NUM_STAGE bound to: 1 - type: integer 
	Parameter din0_WIDTH bound to: 11 - type: integer 
	Parameter din1_WIDTH bound to: 8 - type: integer 
	Parameter dout_WIDTH bound to: 19 - type: integer 
INFO: [Synth 8-3491] module 'myproject_mul_11s_8s_19_1_1' declared at '/home/dabadjiev/smartpixels_ml_dsabadjiev/Muon_Collider_Smart_Pixels/eric/Results_June2026_99SigEff/model2.5_fin_results/model2_5_8bit_normalised_selected/pareto_secondary/hls_outputs_vsynth/hls_model_trial_074/myproject_prj/solution1/syn/vhdl/myproject_mul_11s_8s_19_1_1.vhd:7' bound to instance 'mul_11s_8s_19_1_1_U165' of component 'myproject_mul_11s_8s_19_1_1' [/home/dabadjiev/smartpixels_ml_dsabadjiev/Muon_Collider_Smart_Pixels/eric/Results_June2026_99SigEff/model2.5_fin_results/model2_5_8bit_normalised_selected/pareto_secondary/hls_outputs_vsynth/hls_model_trial_074/myproject_prj/solution1/syn/vhdl/myproject_dense_resource_ap_fixed_16_6_5_3_0_ap_fixed_16_6_5_3_0_config14_s.vhd:7821]
	Parameter ID bound to: 1 - type: integer 
	Parameter NUM_STAGE bound to: 1 - type: integer 
	Parameter din0_WIDTH bound to: 11 - type: integer 
	Parameter din1_WIDTH bound to: 8 - type: integer 
	Parameter dout_WIDTH bound to: 19 - type: integer 
INFO: [Synth 8-3491] module 'myproject_mul_11s_8s_19_1_1' declared at '/home/dabadjiev/smartpixels_ml_dsabadjiev/Muon_Collider_Smart_Pixels/eric/Results_June2026_99SigEff/model2.5_fin_results/model2_5_8bit_normalised_selected/pareto_secondary/hls_outputs_vsynth/hls_model_trial_074/myproject_prj/solution1/syn/vhdl/myproject_mul_11s_8s_19_1_1.vhd:7' bound to instance 'mul_11s_8s_19_1_1_U166' of component 'myproject_mul_11s_8s_19_1_1' [/home/dabadjiev/smartpixels_ml_dsabadjiev/Muon_Collider_Smart_Pixels/eric/Results_June2026_99SigEff/model2.5_fin_results/model2_5_8bit_normalised_selected/pareto_secondary/hls_outputs_vsynth/hls_model_trial_074/myproject_prj/solution1/syn/vhdl/myproject_dense_resource_ap_fixed_16_6_5_3_0_ap_fixed_16_6_5_3_0_config14_s.vhd:7833]
	Parameter ID bound to: 1 - type: integer 
	Parameter NUM_STAGE bound to: 1 - type: integer 
	Parameter din0_WIDTH bound to: 11 - type: integer 
	Parameter din1_WIDTH bound to: 8 - type: integer 
	Parameter dout_WIDTH bound to: 19 - type: integer 
INFO: [Synth 8-3491] module 'myproject_mul_11s_8s_19_1_1' declared at '/home/dabadjiev/smartpixels_ml_dsabadjiev/Muon_Collider_Smart_Pixels/eric/Results_June2026_99SigEff/model2.5_fin_results/model2_5_8bit_normalised_selected/pareto_secondary/hls_outputs_vsynth/hls_model_trial_074/myproject_prj/solution1/syn/vhdl/myproject_mul_11s_8s_19_1_1.vhd:7' bound to instance 'mul_11s_8s_19_1_1_U167' of component 'myproject_mul_11s_8s_19_1_1' [/home/dabadjiev/smartpixels_ml_dsabadjiev/Muon_Collider_Smart_Pixels/eric/Results_June2026_99SigEff/model2.5_fin_results/model2_5_8bit_normalised_selected/pareto_secondary/hls_outputs_vsynth/hls_model_trial_074/myproject_prj/solution1/syn/vhdl/myproject_dense_resource_ap_fixed_16_6_5_3_0_ap_fixed_16_6_5_3_0_config14_s.vhd:7845]
INFO: [Common 17-14] Message 'Synth 8-3491' appears 100 times and further instances of the messages will be disabled. Use the Tcl command set_msg_config to change the current settings.
	Parameter ID bound to: 1 - type: integer 
	Parameter NUM_STAGE bound to: 1 - type: integer 
	Parameter din0_WIDTH bound to: 11 - type: integer 
	Parameter din1_WIDTH bound to: 8 - type: integer 
	Parameter dout_WIDTH bound to: 19 - type: integer 
	Parameter ID bound to: 1 - type: integer 
	Parameter NUM_STAGE bound to: 1 - type: integer 
	Parameter din0_WIDTH bound to: 11 - type: integer 
	Parameter din1_WIDTH bound to: 8 - type: integer 
	Parameter dout_WIDTH bound to: 19 - type: integer 
	Parameter ID bound to: 1 - type: integer 
	Parameter NUM_STAGE bound to: 1 - type: integer 
	Parameter din0_WIDTH bound to: 11 - type: integer 
	Parameter din1_WIDTH bound to: 8 - type: integer 
	Parameter dout_WIDTH bound to: 19 - type: integer 
	Parameter ID bound to: 1 - type: integer 
	Parameter NUM_STAGE bound to: 1 - type: integer 
	Parameter din0_WIDTH bound to: 11 - type: integer 
	Parameter din1_WIDTH bound to: 8 - type: integer 
	Parameter dout_WIDTH bound to: 19 - type: integer 
	Parameter ID bound to: 1 - type: integer 
	Parameter NUM_STAGE bound to: 1 - type: integer 
	Parameter din0_WIDTH bound to: 11 - type: integer 
	Parameter din1_WIDTH bound to: 8 - type: integer 
	Parameter dout_WIDTH bound to: 19 - type: integer 
	Parameter ID bound to: 1 - type: integer 
	Parameter NUM_STAGE bound to: 1 - type: integer 
	Parameter din0_WIDTH bound to: 11 - type: integer 
	Parameter din1_WIDTH bound to: 8 - type: integer 
	Parameter dout_WIDTH bound to: 19 - type: integer 
	Parameter ID bound to: 1 - type: integer 
	Parameter NUM_STAGE bound to: 1 - type: integer 
	Parameter din0_WIDTH bound to: 11 - type: integer 
	Parameter din1_WIDTH bound to: 8 - type: integer 
	Parameter dout_WIDTH bound to: 19 - type: integer 
	Parameter ID bound to: 1 - type: integer 
	Parameter NUM_STAGE bound to: 1 - type: integer 
	Parameter din0_WIDTH bound to: 11 - type: integer 
	Parameter din1_WIDTH bound to: 8 - type: integer 
	Parameter dout_WIDTH bound to: 19 - type: integer 
	Parameter ID bound to: 1 - type: integer 
	Parameter NUM_STAGE bound to: 1 - type: integer 
	Parameter din0_WIDTH bound to: 11 - type: integer 
	Parameter din1_WIDTH bound to: 8 - type: integer 
	Parameter dout_WIDTH bound to: 19 - type: integer 
	Parameter ID bound to: 1 - type: integer 
	Parameter NUM_STAGE bound to: 1 - type: integer 
	Parameter din0_WIDTH bound to: 11 - type: integer 
	Parameter din1_WIDTH bound to: 8 - type: integer 
	Parameter dout_WIDTH bound to: 19 - type: integer 
	Parameter ID bound to: 1 - type: integer 
	Parameter NUM_STAGE bound to: 1 - type: integer 
	Parameter din0_WIDTH bound to: 11 - type: integer 
	Parameter din1_WIDTH bound to: 8 - type: integer 
	Parameter dout_WIDTH bound to: 19 - type: integer 
	Parameter ID bound to: 1 - type: integer 
	Parameter NUM_STAGE bound to: 1 - type: integer 
	Parameter din0_WIDTH bound to: 11 - type: integer 
	Parameter din1_WIDTH bound to: 8 - type: integer 
	Parameter dout_WIDTH bound to: 19 - type: integer 
	Parameter ID bound to: 1 - type: integer 
	Parameter NUM_STAGE bound to: 1 - type: integer 
	Parameter din0_WIDTH bound to: 11 - type: integer 
	Parameter din1_WIDTH bound to: 8 - type: integer 
	Parameter dout_WIDTH bound to: 19 - type: integer 
	Parameter ID bound to: 1 - type: integer 
	Parameter NUM_STAGE bound to: 1 - type: integer 
	Parameter din0_WIDTH bound to: 11 - type: integer 
	Parameter din1_WIDTH bound to: 8 - type: integer 
	Parameter dout_WIDTH bound to: 19 - type: integer 
	Parameter ID bound to: 1 - type: integer 
	Parameter NUM_STAGE bound to: 1 - type: integer 
	Parameter din0_WIDTH bound to: 11 - type: integer 
	Parameter din1_WIDTH bound to: 8 - type: integer 
	Parameter dout_WIDTH bound to: 19 - type: integer 
	Parameter ID bound to: 1 - type: integer 
	Parameter NUM_STAGE bound to: 1 - type: integer 
	Parameter din0_WIDTH bound to: 11 - type: integer 
	Parameter din1_WIDTH bound to: 8 - type: integer 
	Parameter dout_WIDTH bound to: 19 - type: integer 
	Parameter ID bound to: 1 - type: integer 
	Parameter NUM_STAGE bound to: 1 - type: integer 
	Parameter din0_WIDTH bound to: 11 - type: integer 
	Parameter din1_WIDTH bound to: 8 - type: integer 
	Parameter dout_WIDTH bound to: 19 - type: integer 
	Parameter ID bound to: 1 - type: integer 
	Parameter NUM_STAGE bound to: 1 - type: integer 
	Parameter din0_WIDTH bound to: 11 - type: integer 
	Parameter din1_WIDTH bound to: 8 - type: integer 
	Parameter dout_WIDTH bound to: 19 - type: integer 
	Parameter ID bound to: 1 - type: integer 
	Parameter NUM_STAGE bound to: 1 - type: integer 
	Parameter din0_WIDTH bound to: 11 - type: integer 
	Parameter din1_WIDTH bound to: 8 - type: integer 
	Parameter dout_WIDTH bound to: 19 - type: integer 
	Parameter ID bound to: 1 - type: integer 
	Parameter NUM_STAGE bound to: 1 - type: integer 
	Parameter din0_WIDTH bound to: 11 - type: integer 
	Parameter din1_WIDTH bound to: 8 - type: integer 
	Parameter dout_WIDTH bound to: 19 - type: integer 
	Parameter ID bound to: 1 - type: integer 
	Parameter NUM_STAGE bound to: 1 - type: integer 
	Parameter din0_WIDTH bound to: 11 - type: integer 
	Parameter din1_WIDTH bound to: 8 - type: integer 
	Parameter dout_WIDTH bound to: 19 - type: integer 
	Parameter ID bound to: 1 - type: integer 
	Parameter NUM_STAGE bound to: 1 - type: integer 
	Parameter din0_WIDTH bound to: 11 - type: integer 
	Parameter din1_WIDTH bound to: 8 - type: integer 
	Parameter dout_WIDTH bound to: 19 - type: integer 
	Parameter ID bound to: 1 - type: integer 
	Parameter NUM_STAGE bound to: 1 - type: integer 
	Parameter din0_WIDTH bound to: 11 - type: integer 
	Parameter din1_WIDTH bound to: 8 - type: integer 
	Parameter dout_WIDTH bound to: 19 - type: integer 
	Parameter ID bound to: 1 - type: integer 
	Parameter NUM_STAGE bound to: 1 - type: integer 
	Parameter din0_WIDTH bound to: 11 - type: integer 
	Parameter din1_WIDTH bound to: 8 - type: integer 
	Parameter dout_WIDTH bound to: 19 - type: integer 
	Parameter ID bound to: 1 - type: integer 
	Parameter NUM_STAGE bound to: 1 - type: integer 
	Parameter din0_WIDTH bound to: 11 - type: integer 
	Parameter din1_WIDTH bound to: 8 - type: integer 
	Parameter dout_WIDTH bound to: 19 - type: integer 
	Parameter ID bound to: 1 - type: integer 
	Parameter NUM_STAGE bound to: 1 - type: integer 
	Parameter din0_WIDTH bound to: 11 - type: integer 
	Parameter din1_WIDTH bound to: 8 - type: integer 
	Parameter dout_WIDTH bound to: 19 - type: integer 
	Parameter ID bound to: 1 - type: integer 
	Parameter NUM_STAGE bound to: 1 - type: integer 
	Parameter din0_WIDTH bound to: 11 - type: integer 
	Parameter din1_WIDTH bound to: 8 - type: integer 
	Parameter dout_WIDTH bound to: 19 - type: integer 
	Parameter ID bound to: 1 - type: integer 
	Parameter NUM_STAGE bound to: 1 - type: integer 
	Parameter din0_WIDTH bound to: 11 - type: integer 
	Parameter din1_WIDTH bound to: 8 - type: integer 
	Parameter dout_WIDTH bound to: 19 - type: integer 
	Parameter ID bound to: 1 - type: integer 
	Parameter NUM_STAGE bound to: 1 - type: integer 
	Parameter din0_WIDTH bound to: 11 - type: integer 
	Parameter din1_WIDTH bound to: 8 - type: integer 
	Parameter dout_WIDTH bound to: 19 - type: integer 
	Parameter ID bound to: 1 - type: integer 
	Parameter NUM_STAGE bound to: 1 - type: integer 
	Parameter din0_WIDTH bound to: 11 - type: integer 
	Parameter din1_WIDTH bound to: 8 - type: integer 
	Parameter dout_WIDTH bound to: 19 - type: integer 
	Parameter ID bound to: 1 - type: integer 
	Parameter NUM_STAGE bound to: 1 - type: integer 
	Parameter din0_WIDTH bound to: 11 - type: integer 
	Parameter din1_WIDTH bound to: 8 - type: integer 
	Parameter dout_WIDTH bound to: 19 - type: integer 
	Parameter ID bound to: 1 - type: integer 
	Parameter NUM_STAGE bound to: 1 - type: integer 
	Parameter din0_WIDTH bound to: 11 - type: integer 
	Parameter din1_WIDTH bound to: 8 - type: integer 
	Parameter dout_WIDTH bound to: 19 - type: integer 
	Parameter ID bound to: 1 - type: integer 
	Parameter NUM_STAGE bound to: 1 - type: integer 
	Parameter din0_WIDTH bound to: 11 - type: integer 
	Parameter din1_WIDTH bound to: 8 - type: integer 
	Parameter dout_WIDTH bound to: 19 - type: integer 
	Parameter ID bound to: 1 - type: integer 
	Parameter NUM_STAGE bound to: 1 - type: integer 
	Parameter din0_WIDTH bound to: 11 - type: integer 
	Parameter din1_WIDTH bound to: 8 - type: integer 
	Parameter dout_WIDTH bound to: 19 - type: integer 
	Parameter ID bound to: 1 - type: integer 
	Parameter NUM_STAGE bound to: 1 - type: integer 
	Parameter din0_WIDTH bound to: 11 - type: integer 
	Parameter din1_WIDTH bound to: 8 - type: integer 
	Parameter dout_WIDTH bound to: 19 - type: integer 
	Parameter ID bound to: 1 - type: integer 
	Parameter NUM_STAGE bound to: 1 - type: integer 
	Parameter din0_WIDTH bound to: 11 - type: integer 
	Parameter din1_WIDTH bound to: 8 - type: integer 
	Parameter dout_WIDTH bound to: 19 - type: integer 
	Parameter ID bound to: 1 - type: integer 
	Parameter NUM_STAGE bound to: 1 - type: integer 
	Parameter din0_WIDTH bound to: 11 - type: integer 
	Parameter din1_WIDTH bound to: 8 - type: integer 
	Parameter dout_WIDTH bound to: 19 - type: integer 
	Parameter ID bound to: 1 - type: integer 
	Parameter NUM_STAGE bound to: 1 - type: integer 
	Parameter din0_WIDTH bound to: 11 - type: integer 
	Parameter din1_WIDTH bound to: 8 - type: integer 
	Parameter dout_WIDTH bound to: 19 - type: integer 
	Parameter ID bound to: 1 - type: integer 
	Parameter NUM_STAGE bound to: 1 - type: integer 
	Parameter din0_WIDTH bound to: 11 - type: integer 
	Parameter din1_WIDTH bound to: 8 - type: integer 
	Parameter dout_WIDTH bound to: 19 - type: integer 
	Parameter ID bound to: 1 - type: integer 
	Parameter NUM_STAGE bound to: 1 - type: integer 
	Parameter din0_WIDTH bound to: 11 - type: integer 
	Parameter din1_WIDTH bound to: 8 - type: integer 
	Parameter dout_WIDTH bound to: 19 - type: integer 
	Parameter ID bound to: 1 - type: integer 
	Parameter NUM_STAGE bound to: 1 - type: integer 
	Parameter din0_WIDTH bound to: 11 - type: integer 
	Parameter din1_WIDTH bound to: 8 - type: integer 
	Parameter dout_WIDTH bound to: 19 - type: integer 
	Parameter ID bound to: 1 - type: integer 
	Parameter NUM_STAGE bound to: 1 - type: integer 
	Parameter din0_WIDTH bound to: 11 - type: integer 
	Parameter din1_WIDTH bound to: 8 - type: integer 
	Parameter dout_WIDTH bound to: 19 - type: integer 
	Parameter ID bound to: 1 - type: integer 
	Parameter NUM_STAGE bound to: 1 - type: integer 
	Parameter din0_WIDTH bound to: 11 - type: integer 
	Parameter din1_WIDTH bound to: 8 - type: integer 
	Parameter dout_WIDTH bound to: 19 - type: integer 
	Parameter ID bound to: 1 - type: integer 
	Parameter NUM_STAGE bound to: 1 - type: integer 
	Parameter din0_WIDTH bound to: 11 - type: integer 
	Parameter din1_WIDTH bound to: 8 - type: integer 
	Parameter dout_WIDTH bound to: 19 - type: integer 
	Parameter ID bound to: 1 - type: integer 
	Parameter NUM_STAGE bound to: 1 - type: integer 
	Parameter din0_WIDTH bound to: 11 - type: integer 
	Parameter din1_WIDTH bound to: 8 - type: integer 
	Parameter dout_WIDTH bound to: 19 - type: integer 
	Parameter ID bound to: 1 - type: integer 
	Parameter NUM_STAGE bound to: 1 - type: integer 
	Parameter din0_WIDTH bound to: 11 - type: integer 
	Parameter din1_WIDTH bound to: 8 - type: integer 
	Parameter dout_WIDTH bound to: 19 - type: integer 
	Parameter ID bound to: 1 - type: integer 
	Parameter NUM_STAGE bound to: 1 - type: integer 
	Parameter din0_WIDTH bound to: 11 - type: integer 
	Parameter din1_WIDTH bound to: 8 - type: integer 
	Parameter dout_WIDTH bound to: 19 - type: integer 
	Parameter ID bound to: 1 - type: integer 
	Parameter NUM_STAGE bound to: 1 - type: integer 
	Parameter din0_WIDTH bound to: 11 - type: integer 
	Parameter din1_WIDTH bound to: 8 - type: integer 
	Parameter dout_WIDTH bound to: 19 - type: integer 
	Parameter ID bound to: 1 - type: integer 
	Parameter NUM_STAGE bound to: 1 - type: integer 
	Parameter din0_WIDTH bound to: 11 - type: integer 
	Parameter din1_WIDTH bound to: 8 - type: integer 
	Parameter dout_WIDTH bound to: 19 - type: integer 
	Parameter ID bound to: 1 - type: integer 
	Parameter NUM_STAGE bound to: 1 - type: integer 
	Parameter din0_WIDTH bound to: 11 - type: integer 
	Parameter din1_WIDTH bound to: 8 - type: integer 
	Parameter dout_WIDTH bound to: 19 - type: integer 
	Parameter ID bound to: 1 - type: integer 
	Parameter NUM_STAGE bound to: 1 - type: integer 
	Parameter din0_WIDTH bound to: 11 - type: integer 
	Parameter din1_WIDTH bound to: 8 - type: integer 
	Parameter dout_WIDTH bound to: 19 - type: integer 
	Parameter ID bound to: 1 - type: integer 
	Parameter NUM_STAGE bound to: 1 - type: integer 
	Parameter din0_WIDTH bound to: 11 - type: integer 
	Parameter din1_WIDTH bound to: 8 - type: integer 
	Parameter dout_WIDTH bound to: 19 - type: integer 
	Parameter ID bound to: 1 - type: integer 
	Parameter NUM_STAGE bound to: 1 - type: integer 
	Parameter din0_WIDTH bound to: 11 - type: integer 
	Parameter din1_WIDTH bound to: 8 - type: integer 
	Parameter dout_WIDTH bound to: 19 - type: integer 
	Parameter ID bound to: 1 - type: integer 
	Parameter NUM_STAGE bound to: 1 - type: integer 
	Parameter din0_WIDTH bound to: 11 - type: integer 
	Parameter din1_WIDTH bound to: 8 - type: integer 
	Parameter dout_WIDTH bound to: 19 - type: integer 
	Parameter ID bound to: 1 - type: integer 
	Parameter NUM_STAGE bound to: 1 - type: integer 
	Parameter din0_WIDTH bound to: 11 - type: integer 
	Parameter din1_WIDTH bound to: 8 - type: integer 
	Parameter dout_WIDTH bound to: 19 - type: integer 
	Parameter ID bound to: 1 - type: integer 
	Parameter NUM_STAGE bound to: 1 - type: integer 
	Parameter din0_WIDTH bound to: 11 - type: integer 
	Parameter din1_WIDTH bound to: 8 - type: integer 
	Parameter dout_WIDTH bound to: 19 - type: integer 
	Parameter ID bound to: 1 - type: integer 
	Parameter NUM_STAGE bound to: 1 - type: integer 
	Parameter din0_WIDTH bound to: 11 - type: integer 
	Parameter din1_WIDTH bound to: 8 - type: integer 
	Parameter dout_WIDTH bound to: 19 - type: integer 
	Parameter ID bound to: 1 - type: integer 
	Parameter NUM_STAGE bound to: 1 - type: integer 
	Parameter din0_WIDTH bound to: 11 - type: integer 
	Parameter din1_WIDTH bound to: 8 - type: integer 
	Parameter dout_WIDTH bound to: 19 - type: integer 
	Parameter ID bound to: 1 - type: integer 
	Parameter NUM_STAGE bound to: 1 - type: integer 
	Parameter din0_WIDTH bound to: 11 - type: integer 
	Parameter din1_WIDTH bound to: 8 - type: integer 
	Parameter dout_WIDTH bound to: 19 - type: integer 
	Parameter ID bound to: 1 - type: integer 
	Parameter NUM_STAGE bound to: 1 - type: integer 
	Parameter din0_WIDTH bound to: 11 - type: integer 
	Parameter din1_WIDTH bound to: 8 - type: integer 
	Parameter dout_WIDTH bound to: 19 - type: integer 
	Parameter ID bound to: 1 - type: integer 
	Parameter NUM_STAGE bound to: 1 - type: integer 
	Parameter din0_WIDTH bound to: 11 - type: integer 
	Parameter din1_WIDTH bound to: 8 - type: integer 
	Parameter dout_WIDTH bound to: 19 - type: integer 
	Parameter ID bound to: 1 - type: integer 
	Parameter NUM_STAGE bound to: 1 - type: integer 
	Parameter din0_WIDTH bound to: 11 - type: integer 
	Parameter din1_WIDTH bound to: 8 - type: integer 
	Parameter dout_WIDTH bound to: 19 - type: integer 
	Parameter ID bound to: 1 - type: integer 
	Parameter NUM_STAGE bound to: 1 - type: integer 
	Parameter din0_WIDTH bound to: 11 - type: integer 
	Parameter din1_WIDTH bound to: 8 - type: integer 
	Parameter dout_WIDTH bound to: 19 - type: integer 
	Parameter ID bound to: 1 - type: integer 
	Parameter NUM_STAGE bound to: 1 - type: integer 
	Parameter din0_WIDTH bound to: 11 - type: integer 
	Parameter din1_WIDTH bound to: 8 - type: integer 
	Parameter dout_WIDTH bound to: 19 - type: integer 
	Parameter ID bound to: 1 - type: integer 
	Parameter NUM_STAGE bound to: 1 - type: integer 
	Parameter din0_WIDTH bound to: 11 - type: integer 
	Parameter din1_WIDTH bound to: 8 - type: integer 
	Parameter dout_WIDTH bound to: 19 - type: integer 
	Parameter ID bound to: 1 - type: integer 
	Parameter NUM_STAGE bound to: 1 - type: integer 
	Parameter din0_WIDTH bound to: 11 - type: integer 
	Parameter din1_WIDTH bound to: 8 - type: integer 
	Parameter dout_WIDTH bound to: 19 - type: integer 
	Parameter ID bound to: 1 - type: integer 
	Parameter NUM_STAGE bound to: 1 - type: integer 
	Parameter din0_WIDTH bound to: 11 - type: integer 
	Parameter din1_WIDTH bound to: 8 - type: integer 
	Parameter dout_WIDTH bound to: 19 - type: integer 
	Parameter ID bound to: 1 - type: integer 
	Parameter NUM_STAGE bound to: 1 - type: integer 
	Parameter din0_WIDTH bound to: 11 - type: integer 
	Parameter din1_WIDTH bound to: 8 - type: integer 
	Parameter dout_WIDTH bound to: 19 - type: integer 
	Parameter ID bound to: 1 - type: integer 
	Parameter NUM_STAGE bound to: 1 - type: integer 
	Parameter din0_WIDTH bound to: 11 - type: integer 
	Parameter din1_WIDTH bound to: 8 - type: integer 
	Parameter dout_WIDTH bound to: 19 - type: integer 
	Parameter ID bound to: 1 - type: integer 
	Parameter NUM_STAGE bound to: 1 - type: integer 
	Parameter din0_WIDTH bound to: 11 - type: integer 
	Parameter din1_WIDTH bound to: 8 - type: integer 
	Parameter dout_WIDTH bound to: 19 - type: integer 
	Parameter ID bound to: 1 - type: integer 
	Parameter NUM_STAGE bound to: 1 - type: integer 
	Parameter din0_WIDTH bound to: 11 - type: integer 
	Parameter din1_WIDTH bound to: 8 - type: integer 
	Parameter dout_WIDTH bound to: 19 - type: integer 
	Parameter ID bound to: 1 - type: integer 
	Parameter NUM_STAGE bound to: 1 - type: integer 
	Parameter din0_WIDTH bound to: 11 - type: integer 
	Parameter din1_WIDTH bound to: 8 - type: integer 
	Parameter dout_WIDTH bound to: 19 - type: integer 
	Parameter ID bound to: 1 - type: integer 
	Parameter NUM_STAGE bound to: 1 - type: integer 
	Parameter din0_WIDTH bound to: 11 - type: integer 
	Parameter din1_WIDTH bound to: 8 - type: integer 
	Parameter dout_WIDTH bound to: 19 - type: integer 
	Parameter ID bound to: 1 - type: integer 
	Parameter NUM_STAGE bound to: 1 - type: integer 
	Parameter din0_WIDTH bound to: 11 - type: integer 
	Parameter din1_WIDTH bound to: 8 - type: integer 
	Parameter dout_WIDTH bound to: 19 - type: integer 
	Parameter ID bound to: 1 - type: integer 
	Parameter NUM_STAGE bound to: 1 - type: integer 
	Parameter din0_WIDTH bound to: 11 - type: integer 
	Parameter din1_WIDTH bound to: 8 - type: integer 
	Parameter dout_WIDTH bound to: 19 - type: integer 
	Parameter ID bound to: 1 - type: integer 
	Parameter NUM_STAGE bound to: 1 - type: integer 
	Parameter din0_WIDTH bound to: 11 - type: integer 
	Parameter din1_WIDTH bound to: 8 - type: integer 
	Parameter dout_WIDTH bound to: 19 - type: integer 
	Parameter ID bound to: 1 - type: integer 
	Parameter NUM_STAGE bound to: 1 - type: integer 
	Parameter din0_WIDTH bound to: 11 - type: integer 
	Parameter din1_WIDTH bound to: 8 - type: integer 
	Parameter dout_WIDTH bound to: 19 - type: integer 
	Parameter ID bound to: 1 - type: integer 
	Parameter NUM_STAGE bound to: 1 - type: integer 
	Parameter din0_WIDTH bound to: 11 - type: integer 
	Parameter din1_WIDTH bound to: 8 - type: integer 
	Parameter dout_WIDTH bound to: 19 - type: integer 
	Parameter ID bound to: 1 - type: integer 
	Parameter NUM_STAGE bound to: 1 - type: integer 
	Parameter din0_WIDTH bound to: 11 - type: integer 
	Parameter din1_WIDTH bound to: 8 - type: integer 
	Parameter dout_WIDTH bound to: 19 - type: integer 
	Parameter ID bound to: 1 - type: integer 
	Parameter NUM_STAGE bound to: 1 - type: integer 
	Parameter din0_WIDTH bound to: 11 - type: integer 
	Parameter din1_WIDTH bound to: 8 - type: integer 
	Parameter dout_WIDTH bound to: 19 - type: integer 
	Parameter ID bound to: 1 - type: integer 
	Parameter NUM_STAGE bound to: 1 - type: integer 
	Parameter din0_WIDTH bound to: 11 - type: integer 
	Parameter din1_WIDTH bound to: 8 - type: integer 
	Parameter dout_WIDTH bound to: 19 - type: integer 
	Parameter ID bound to: 1 - type: integer 
	Parameter NUM_STAGE bound to: 1 - type: integer 
	Parameter din0_WIDTH bound to: 11 - type: integer 
	Parameter din1_WIDTH bound to: 8 - type: integer 
	Parameter dout_WIDTH bound to: 19 - type: integer 
	Parameter ID bound to: 1 - type: integer 
	Parameter NUM_STAGE bound to: 1 - type: integer 
	Parameter din0_WIDTH bound to: 11 - type: integer 
	Parameter din1_WIDTH bound to: 8 - type: integer 
	Parameter dout_WIDTH bound to: 19 - type: integer 
	Parameter ID bound to: 1 - type: integer 
	Parameter NUM_STAGE bound to: 1 - type: integer 
	Parameter din0_WIDTH bound to: 11 - type: integer 
	Parameter din1_WIDTH bound to: 8 - type: integer 
	Parameter dout_WIDTH bound to: 19 - type: integer 
	Parameter ID bound to: 1 - type: integer 
	Parameter NUM_STAGE bound to: 1 - type: integer 
	Parameter din0_WIDTH bound to: 11 - type: integer 
	Parameter din1_WIDTH bound to: 8 - type: integer 
	Parameter dout_WIDTH bound to: 19 - type: integer 
	Parameter ID bound to: 1 - type: integer 
	Parameter NUM_STAGE bound to: 1 - type: integer 
	Parameter din0_WIDTH bound to: 11 - type: integer 
	Parameter din1_WIDTH bound to: 8 - type: integer 
	Parameter dout_WIDTH bound to: 19 - type: integer 
	Parameter ID bound to: 1 - type: integer 
	Parameter NUM_STAGE bound to: 1 - type: integer 
	Parameter din0_WIDTH bound to: 11 - type: integer 
	Parameter din1_WIDTH bound to: 8 - type: integer 
	Parameter dout_WIDTH bound to: 19 - type: integer 
	Parameter ID bound to: 1 - type: integer 
	Parameter NUM_STAGE bound to: 1 - type: integer 
	Parameter din0_WIDTH bound to: 11 - type: integer 
	Parameter din1_WIDTH bound to: 8 - type: integer 
	Parameter dout_WIDTH bound to: 19 - type: integer 
	Parameter ID bound to: 1 - type: integer 
	Parameter NUM_STAGE bound to: 1 - type: integer 
	Parameter din0_WIDTH bound to: 11 - type: integer 
	Parameter din1_WIDTH bound to: 8 - type: integer 
	Parameter dout_WIDTH bound to: 19 - type: integer 
	Parameter ID bound to: 1 - type: integer 
	Parameter NUM_STAGE bound to: 1 - type: integer 
	Parameter din0_WIDTH bound to: 11 - type: integer 
	Parameter din1_WIDTH bound to: 8 - type: integer 
	Parameter dout_WIDTH bound to: 19 - type: integer 
	Parameter ID bound to: 1 - type: integer 
	Parameter NUM_STAGE bound to: 1 - type: integer 
	Parameter din0_WIDTH bound to: 11 - type: integer 
	Parameter din1_WIDTH bound to: 8 - type: integer 
	Parameter dout_WIDTH bound to: 19 - type: integer 
	Parameter ID bound to: 1 - type: integer 
	Parameter NUM_STAGE bound to: 1 - type: integer 
	Parameter din0_WIDTH bound to: 11 - type: integer 
	Parameter din1_WIDTH bound to: 8 - type: integer 
	Parameter dout_WIDTH bound to: 19 - type: integer 
	Parameter ID bound to: 1 - type: integer 
	Parameter NUM_STAGE bound to: 1 - type: integer 
	Parameter din0_WIDTH bound to: 11 - type: integer 
	Parameter din1_WIDTH bound to: 8 - type: integer 
	Parameter dout_WIDTH bound to: 19 - type: integer 
	Parameter ID bound to: 1 - type: integer 
	Parameter NUM_STAGE bound to: 1 - type: integer 
	Parameter din0_WIDTH bound to: 11 - type: integer 
	Parameter din1_WIDTH bound to: 8 - type: integer 
	Parameter dout_WIDTH bound to: 19 - type: integer 
	Parameter ID bound to: 1 - type: integer 
	Parameter NUM_STAGE bound to: 1 - type: integer 
	Parameter din0_WIDTH bound to: 11 - type: integer 
	Parameter din1_WIDTH bound to: 8 - type: integer 
	Parameter dout_WIDTH bound to: 19 - type: integer 
	Parameter ID bound to: 1 - type: integer 
	Parameter NUM_STAGE bound to: 1 - type: integer 
	Parameter din0_WIDTH bound to: 11 - type: integer 
	Parameter din1_WIDTH bound to: 8 - type: integer 
	Parameter dout_WIDTH bound to: 19 - type: integer 
	Parameter ID bound to: 1 - type: integer 
	Parameter NUM_STAGE bound to: 1 - type: integer 
	Parameter din0_WIDTH bound to: 11 - type: integer 
	Parameter din1_WIDTH bound to: 8 - type: integer 
	Parameter dout_WIDTH bound to: 19 - type: integer 
	Parameter ID bound to: 1 - type: integer 
	Parameter NUM_STAGE bound to: 1 - type: integer 
	Parameter din0_WIDTH bound to: 11 - type: integer 
	Parameter din1_WIDTH bound to: 8 - type: integer 
	Parameter dout_WIDTH bound to: 19 - type: integer 
	Parameter ID bound to: 1 - type: integer 
	Parameter NUM_STAGE bound to: 1 - type: integer 
	Parameter din0_WIDTH bound to: 11 - type: integer 
	Parameter din1_WIDTH bound to: 8 - type: integer 
	Parameter dout_WIDTH bound to: 19 - type: integer 
	Parameter ID bound to: 1 - type: integer 
	Parameter NUM_STAGE bound to: 1 - type: integer 
	Parameter din0_WIDTH bound to: 11 - type: integer 
	Parameter din1_WIDTH bound to: 8 - type: integer 
	Parameter dout_WIDTH bound to: 19 - type: integer 
	Parameter ID bound to: 1 - type: integer 
	Parameter NUM_STAGE bound to: 1 - type: integer 
	Parameter din0_WIDTH bound to: 11 - type: integer 
	Parameter din1_WIDTH bound to: 8 - type: integer 
	Parameter dout_WIDTH bound to: 19 - type: integer 
	Parameter ID bound to: 1 - type: integer 
	Parameter NUM_STAGE bound to: 1 - type: integer 
	Parameter din0_WIDTH bound to: 11 - type: integer 
	Parameter din1_WIDTH bound to: 8 - type: integer 
	Parameter dout_WIDTH bound to: 19 - type: integer 
	Parameter ID bound to: 1 - type: integer 
	Parameter NUM_STAGE bound to: 1 - type: integer 
	Parameter din0_WIDTH bound to: 11 - type: integer 
	Parameter din1_WIDTH bound to: 8 - type: integer 
	Parameter dout_WIDTH bound to: 19 - type: integer 
	Parameter ID bound to: 1 - type: integer 
	Parameter NUM_STAGE bound to: 1 - type: integer 
	Parameter din0_WIDTH bound to: 11 - type: integer 
	Parameter din1_WIDTH bound to: 8 - type: integer 
	Parameter dout_WIDTH bound to: 19 - type: integer 
	Parameter ID bound to: 1 - type: integer 
	Parameter NUM_STAGE bound to: 1 - type: integer 
	Parameter din0_WIDTH bound to: 11 - type: integer 
	Parameter din1_WIDTH bound to: 8 - type: integer 
	Parameter dout_WIDTH bound to: 19 - type: integer 
	Parameter ID bound to: 1 - type: integer 
	Parameter NUM_STAGE bound to: 1 - type: integer 
	Parameter din0_WIDTH bound to: 11 - type: integer 
	Parameter din1_WIDTH bound to: 8 - type: integer 
	Parameter dout_WIDTH bound to: 19 - type: integer 
	Parameter ID bound to: 1 - type: integer 
	Parameter NUM_STAGE bound to: 1 - type: integer 
	Parameter din0_WIDTH bound to: 11 - type: integer 
	Parameter din1_WIDTH bound to: 8 - type: integer 
	Parameter dout_WIDTH bound to: 19 - type: integer 
	Parameter ID bound to: 1 - type: integer 
	Parameter NUM_STAGE bound to: 1 - type: integer 
	Parameter din0_WIDTH bound to: 11 - type: integer 
	Parameter din1_WIDTH bound to: 8 - type: integer 
	Parameter dout_WIDTH bound to: 19 - type: integer 
	Parameter ID bound to: 1 - type: integer 
	Parameter NUM_STAGE bound to: 1 - type: integer 
	Parameter din0_WIDTH bound to: 11 - type: integer 
	Parameter din1_WIDTH bound to: 8 - type: integer 
	Parameter dout_WIDTH bound to: 19 - type: integer 
	Parameter ID bound to: 1 - type: integer 
	Parameter NUM_STAGE bound to: 1 - type: integer 
	Parameter din0_WIDTH bound to: 11 - type: integer 
	Parameter din1_WIDTH bound to: 8 - type: integer 
	Parameter dout_WIDTH bound to: 19 - type: integer 
	Parameter ID bound to: 1 - type: integer 
	Parameter NUM_STAGE bound to: 1 - type: integer 
	Parameter din0_WIDTH bound to: 11 - type: integer 
	Parameter din1_WIDTH bound to: 8 - type: integer 
	Parameter dout_WIDTH bound to: 19 - type: integer 
	Parameter ID bound to: 1 - type: integer 
	Parameter NUM_STAGE bound to: 1 - type: integer 
	Parameter din0_WIDTH bound to: 11 - type: integer 
	Parameter din1_WIDTH bound to: 8 - type: integer 
	Parameter dout_WIDTH bound to: 19 - type: integer 
	Parameter ID bound to: 1 - type: integer 
	Parameter NUM_STAGE bound to: 1 - type: integer 
	Parameter din0_WIDTH bound to: 11 - type: integer 
	Parameter din1_WIDTH bound to: 8 - type: integer 
	Parameter dout_WIDTH bound to: 19 - type: integer 
	Parameter ID bound to: 1 - type: integer 
	Parameter NUM_STAGE bound to: 1 - type: integer 
	Parameter din0_WIDTH bound to: 11 - type: integer 
	Parameter din1_WIDTH bound to: 8 - type: integer 
	Parameter dout_WIDTH bound to: 19 - type: integer 
	Parameter ID bound to: 1 - type: integer 
	Parameter NUM_STAGE bound to: 1 - type: integer 
	Parameter din0_WIDTH bound to: 11 - type: integer 
	Parameter din1_WIDTH bound to: 8 - type: integer 
	Parameter dout_WIDTH bound to: 19 - type: integer 
	Parameter ID bound to: 1 - type: integer 
	Parameter NUM_STAGE bound to: 1 - type: integer 
	Parameter din0_WIDTH bound to: 11 - type: integer 
	Parameter din1_WIDTH bound to: 8 - type: integer 
	Parameter dout_WIDTH bound to: 19 - type: integer 
	Parameter ID bound to: 1 - type: integer 
	Parameter NUM_STAGE bound to: 1 - type: integer 
	Parameter din0_WIDTH bound to: 11 - type: integer 
	Parameter din1_WIDTH bound to: 8 - type: integer 
	Parameter dout_WIDTH bound to: 19 - type: integer 
	Parameter ID bound to: 1 - type: integer 
	Parameter NUM_STAGE bound to: 1 - type: integer 
	Parameter din0_WIDTH bound to: 11 - type: integer 
	Parameter din1_WIDTH bound to: 8 - type: integer 
	Parameter dout_WIDTH bound to: 19 - type: integer 
	Parameter ID bound to: 1 - type: integer 
	Parameter NUM_STAGE bound to: 1 - type: integer 
	Parameter din0_WIDTH bound to: 11 - type: integer 
	Parameter din1_WIDTH bound to: 8 - type: integer 
	Parameter dout_WIDTH bound to: 19 - type: integer 
	Parameter ID bound to: 1 - type: integer 
	Parameter NUM_STAGE bound to: 1 - type: integer 
	Parameter din0_WIDTH bound to: 11 - type: integer 
	Parameter din1_WIDTH bound to: 8 - type: integer 
	Parameter dout_WIDTH bound to: 19 - type: integer 
	Parameter ID bound to: 1 - type: integer 
	Parameter NUM_STAGE bound to: 1 - type: integer 
	Parameter din0_WIDTH bound to: 11 - type: integer 
	Parameter din1_WIDTH bound to: 8 - type: integer 
	Parameter dout_WIDTH bound to: 19 - type: integer 
	Parameter ID bound to: 1 - type: integer 
	Parameter NUM_STAGE bound to: 1 - type: integer 
	Parameter din0_WIDTH bound to: 11 - type: integer 
	Parameter din1_WIDTH bound to: 8 - type: integer 
	Parameter dout_WIDTH bound to: 19 - type: integer 
	Parameter ID bound to: 1 - type: integer 
	Parameter NUM_STAGE bound to: 1 - type: integer 
	Parameter din0_WIDTH bound to: 11 - type: integer 
	Parameter din1_WIDTH bound to: 8 - type: integer 
	Parameter dout_WIDTH bound to: 19 - type: integer 
	Parameter ID bound to: 1 - type: integer 
	Parameter NUM_STAGE bound to: 1 - type: integer 
	Parameter din0_WIDTH bound to: 11 - type: integer 
	Parameter din1_WIDTH bound to: 8 - type: integer 
	Parameter dout_WIDTH bound to: 19 - type: integer 
	Parameter ID bound to: 1 - type: integer 
	Parameter NUM_STAGE bound to: 1 - type: integer 
	Parameter din0_WIDTH bound to: 11 - type: integer 
	Parameter din1_WIDTH bound to: 8 - type: integer 
	Parameter dout_WIDTH bound to: 19 - type: integer 
	Parameter ID bound to: 1 - type: integer 
	Parameter NUM_STAGE bound to: 1 - type: integer 
	Parameter din0_WIDTH bound to: 11 - type: integer 
	Parameter din1_WIDTH bound to: 8 - type: integer 
	Parameter dout_WIDTH bound to: 19 - type: integer 
	Parameter ID bound to: 1 - type: integer 
	Parameter NUM_STAGE bound to: 1 - type: integer 
	Parameter din0_WIDTH bound to: 11 - type: integer 
	Parameter din1_WIDTH bound to: 8 - type: integer 
	Parameter dout_WIDTH bound to: 19 - type: integer 
	Parameter ID bound to: 1 - type: integer 
	Parameter NUM_STAGE bound to: 1 - type: integer 
	Parameter din0_WIDTH bound to: 11 - type: integer 
	Parameter din1_WIDTH bound to: 8 - type: integer 
	Parameter dout_WIDTH bound to: 19 - type: integer 
	Parameter ID bound to: 1 - type: integer 
	Parameter NUM_STAGE bound to: 1 - type: integer 
	Parameter din0_WIDTH bound to: 11 - type: integer 
	Parameter din1_WIDTH bound to: 8 - type: integer 
	Parameter dout_WIDTH bound to: 19 - type: integer 
	Parameter ID bound to: 1 - type: integer 
	Parameter NUM_STAGE bound to: 1 - type: integer 
	Parameter din0_WIDTH bound to: 11 - type: integer 
	Parameter din1_WIDTH bound to: 8 - type: integer 
	Parameter dout_WIDTH bound to: 19 - type: integer 
	Parameter ID bound to: 1 - type: integer 
	Parameter NUM_STAGE bound to: 1 - type: integer 
	Parameter din0_WIDTH bound to: 11 - type: integer 
	Parameter din1_WIDTH bound to: 8 - type: integer 
	Parameter dout_WIDTH bound to: 19 - type: integer 
	Parameter ID bound to: 1 - type: integer 
	Parameter NUM_STAGE bound to: 1 - type: integer 
	Parameter din0_WIDTH bound to: 11 - type: integer 
	Parameter din1_WIDTH bound to: 8 - type: integer 
	Parameter dout_WIDTH bound to: 19 - type: integer 
	Parameter ID bound to: 1 - type: integer 
	Parameter NUM_STAGE bound to: 1 - type: integer 
	Parameter din0_WIDTH bound to: 11 - type: integer 
	Parameter din1_WIDTH bound to: 8 - type: integer 
	Parameter dout_WIDTH bound to: 19 - type: integer 
	Parameter ID bound to: 1 - type: integer 
	Parameter NUM_STAGE bound to: 1 - type: integer 
	Parameter din0_WIDTH bound to: 11 - type: integer 
	Parameter din1_WIDTH bound to: 8 - type: integer 
	Parameter dout_WIDTH bound to: 19 - type: integer 
	Parameter ID bound to: 1 - type: integer 
	Parameter NUM_STAGE bound to: 1 - type: integer 
	Parameter din0_WIDTH bound to: 11 - type: integer 
	Parameter din1_WIDTH bound to: 8 - type: integer 
	Parameter dout_WIDTH bound to: 19 - type: integer 
	Parameter ID bound to: 1 - type: integer 
	Parameter NUM_STAGE bound to: 1 - type: integer 
	Parameter din0_WIDTH bound to: 11 - type: integer 
	Parameter din1_WIDTH bound to: 8 - type: integer 
	Parameter dout_WIDTH bound to: 19 - type: integer 
	Parameter ID bound to: 1 - type: integer 
	Parameter NUM_STAGE bound to: 1 - type: integer 
	Parameter din0_WIDTH bound to: 11 - type: integer 
	Parameter din1_WIDTH bound to: 8 - type: integer 
	Parameter dout_WIDTH bound to: 19 - type: integer 
	Parameter ID bound to: 1 - type: integer 
	Parameter NUM_STAGE bound to: 1 - type: integer 
	Parameter din0_WIDTH bound to: 11 - type: integer 
	Parameter din1_WIDTH bound to: 8 - type: integer 
	Parameter dout_WIDTH bound to: 19 - type: integer 
	Parameter ID bound to: 1 - type: integer 
	Parameter NUM_STAGE bound to: 1 - type: integer 
	Parameter din0_WIDTH bound to: 11 - type: integer 
	Parameter din1_WIDTH bound to: 8 - type: integer 
	Parameter dout_WIDTH bound to: 19 - type: integer 
	Parameter ID bound to: 1 - type: integer 
	Parameter NUM_STAGE bound to: 1 - type: integer 
	Parameter din0_WIDTH bound to: 11 - type: integer 
	Parameter din1_WIDTH bound to: 8 - type: integer 
	Parameter dout_WIDTH bound to: 19 - type: integer 
	Parameter ID bound to: 1 - type: integer 
	Parameter NUM_STAGE bound to: 1 - type: integer 
	Parameter din0_WIDTH bound to: 11 - type: integer 
	Parameter din1_WIDTH bound to: 8 - type: integer 
	Parameter dout_WIDTH bound to: 19 - type: integer 
	Parameter ID bound to: 1 - type: integer 
	Parameter NUM_STAGE bound to: 1 - type: integer 
	Parameter din0_WIDTH bound to: 11 - type: integer 
	Parameter din1_WIDTH bound to: 8 - type: integer 
	Parameter dout_WIDTH bound to: 19 - type: integer 
	Parameter ID bound to: 1 - type: integer 
	Parameter NUM_STAGE bound to: 1 - type: integer 
	Parameter din0_WIDTH bound to: 11 - type: integer 
	Parameter din1_WIDTH bound to: 8 - type: integer 
	Parameter dout_WIDTH bound to: 19 - type: integer 
	Parameter ID bound to: 1 - type: integer 
	Parameter NUM_STAGE bound to: 1 - type: integer 
	Parameter din0_WIDTH bound to: 11 - type: integer 
	Parameter din1_WIDTH bound to: 8 - type: integer 
	Parameter dout_WIDTH bound to: 19 - type: integer 
	Parameter ID bound to: 1 - type: integer 
	Parameter NUM_STAGE bound to: 1 - type: integer 
	Parameter din0_WIDTH bound to: 11 - type: integer 
	Parameter din1_WIDTH bound to: 8 - type: integer 
	Parameter dout_WIDTH bound to: 19 - type: integer 
	Parameter ID bound to: 1 - type: integer 
	Parameter NUM_STAGE bound to: 1 - type: integer 
	Parameter din0_WIDTH bound to: 11 - type: integer 
	Parameter din1_WIDTH bound to: 8 - type: integer 
	Parameter dout_WIDTH bound to: 19 - type: integer 
	Parameter ID bound to: 1 - type: integer 
	Parameter NUM_STAGE bound to: 1 - type: integer 
	Parameter din0_WIDTH bound to: 11 - type: integer 
	Parameter din1_WIDTH bound to: 8 - type: integer 
	Parameter dout_WIDTH bound to: 19 - type: integer 
	Parameter ID bound to: 1 - type: integer 
	Parameter NUM_STAGE bound to: 1 - type: integer 
	Parameter din0_WIDTH bound to: 11 - type: integer 
	Parameter din1_WIDTH bound to: 8 - type: integer 
	Parameter dout_WIDTH bound to: 19 - type: integer 
	Parameter ID bound to: 1 - type: integer 
	Parameter NUM_STAGE bound to: 1 - type: integer 
	Parameter din0_WIDTH bound to: 11 - type: integer 
	Parameter din1_WIDTH bound to: 8 - type: integer 
	Parameter dout_WIDTH bound to: 19 - type: integer 
	Parameter ID bound to: 1 - type: integer 
	Parameter NUM_STAGE bound to: 1 - type: integer 
	Parameter din0_WIDTH bound to: 11 - type: integer 
	Parameter din1_WIDTH bound to: 8 - type: integer 
	Parameter dout_WIDTH bound to: 19 - type: integer 
	Parameter ID bound to: 1 - type: integer 
	Parameter NUM_STAGE bound to: 1 - type: integer 
	Parameter din0_WIDTH bound to: 11 - type: integer 
	Parameter din1_WIDTH bound to: 8 - type: integer 
	Parameter dout_WIDTH bound to: 19 - type: integer 
	Parameter ID bound to: 1 - type: integer 
	Parameter NUM_STAGE bound to: 1 - type: integer 
	Parameter din0_WIDTH bound to: 11 - type: integer 
	Parameter din1_WIDTH bound to: 8 - type: integer 
	Parameter dout_WIDTH bound to: 19 - type: integer 
	Parameter ID bound to: 1 - type: integer 
	Parameter NUM_STAGE bound to: 1 - type: integer 
	Parameter din0_WIDTH bound to: 11 - type: integer 
	Parameter din1_WIDTH bound to: 8 - type: integer 
	Parameter dout_WIDTH bound to: 19 - type: integer 
	Parameter ID bound to: 1 - type: integer 
	Parameter NUM_STAGE bound to: 1 - type: integer 
	Parameter din0_WIDTH bound to: 11 - type: integer 
	Parameter din1_WIDTH bound to: 8 - type: integer 
	Parameter dout_WIDTH bound to: 19 - type: integer 
	Parameter ID bound to: 1 - type: integer 
	Parameter NUM_STAGE bound to: 1 - type: integer 
	Parameter din0_WIDTH bound to: 11 - type: integer 
	Parameter din1_WIDTH bound to: 8 - type: integer 
	Parameter dout_WIDTH bound to: 19 - type: integer 
	Parameter ID bound to: 1 - type: integer 
	Parameter NUM_STAGE bound to: 1 - type: integer 
	Parameter din0_WIDTH bound to: 11 - type: integer 
	Parameter din1_WIDTH bound to: 8 - type: integer 
	Parameter dout_WIDTH bound to: 19 - type: integer 
	Parameter ID bound to: 1 - type: integer 
	Parameter NUM_STAGE bound to: 1 - type: integer 
	Parameter din0_WIDTH bound to: 11 - type: integer 
	Parameter din1_WIDTH bound to: 8 - type: integer 
	Parameter dout_WIDTH bound to: 19 - type: integer 
	Parameter ID bound to: 1 - type: integer 
	Parameter NUM_STAGE bound to: 1 - type: integer 
	Parameter din0_WIDTH bound to: 11 - type: integer 
	Parameter din1_WIDTH bound to: 8 - type: integer 
	Parameter dout_WIDTH bound to: 19 - type: integer 
	Parameter ID bound to: 1 - type: integer 
	Parameter NUM_STAGE bound to: 1 - type: integer 
	Parameter din0_WIDTH bound to: 11 - type: integer 
	Parameter din1_WIDTH bound to: 8 - type: integer 
	Parameter dout_WIDTH bound to: 19 - type: integer 
	Parameter ID bound to: 1 - type: integer 
	Parameter NUM_STAGE bound to: 1 - type: integer 
	Parameter din0_WIDTH bound to: 11 - type: integer 
	Parameter din1_WIDTH bound to: 8 - type: integer 
	Parameter dout_WIDTH bound to: 19 - type: integer 
	Parameter ID bound to: 1 - type: integer 
	Parameter NUM_STAGE bound to: 1 - type: integer 
	Parameter din0_WIDTH bound to: 11 - type: integer 
	Parameter din1_WIDTH bound to: 8 - type: integer 
	Parameter dout_WIDTH bound to: 19 - type: integer 
	Parameter ID bound to: 1 - type: integer 
	Parameter NUM_STAGE bound to: 1 - type: integer 
	Parameter din0_WIDTH bound to: 11 - type: integer 
	Parameter din1_WIDTH bound to: 8 - type: integer 
	Parameter dout_WIDTH bound to: 19 - type: integer 
	Parameter ID bound to: 1 - type: integer 
	Parameter NUM_STAGE bound to: 1 - type: integer 
	Parameter din0_WIDTH bound to: 11 - type: integer 
	Parameter din1_WIDTH bound to: 8 - type: integer 
	Parameter dout_WIDTH bound to: 19 - type: integer 
	Parameter ID bound to: 1 - type: integer 
	Parameter NUM_STAGE bound to: 1 - type: integer 
	Parameter din0_WIDTH bound to: 11 - type: integer 
	Parameter din1_WIDTH bound to: 8 - type: integer 
	Parameter dout_WIDTH bound to: 19 - type: integer 
	Parameter ID bound to: 1 - type: integer 
	Parameter NUM_STAGE bound to: 1 - type: integer 
	Parameter din0_WIDTH bound to: 11 - type: integer 
	Parameter din1_WIDTH bound to: 8 - type: integer 
	Parameter dout_WIDTH bound to: 19 - type: integer 
	Parameter ID bound to: 1 - type: integer 
	Parameter NUM_STAGE bound to: 1 - type: integer 
	Parameter din0_WIDTH bound to: 11 - type: integer 
	Parameter din1_WIDTH bound to: 8 - type: integer 
	Parameter dout_WIDTH bound to: 19 - type: integer 
	Parameter ID bound to: 1 - type: integer 
	Parameter NUM_STAGE bound to: 1 - type: integer 
	Parameter din0_WIDTH bound to: 11 - type: integer 
	Parameter din1_WIDTH bound to: 8 - type: integer 
	Parameter dout_WIDTH bound to: 19 - type: integer 
	Parameter ID bound to: 1 - type: integer 
	Parameter NUM_STAGE bound to: 1 - type: integer 
	Parameter din0_WIDTH bound to: 11 - type: integer 
	Parameter din1_WIDTH bound to: 8 - type: integer 
	Parameter dout_WIDTH bound to: 19 - type: integer 
	Parameter ID bound to: 1 - type: integer 
	Parameter NUM_STAGE bound to: 1 - type: integer 
	Parameter din0_WIDTH bound to: 11 - type: integer 
	Parameter din1_WIDTH bound to: 8 - type: integer 
	Parameter dout_WIDTH bound to: 19 - type: integer 
	Parameter ID bound to: 1 - type: integer 
	Parameter NUM_STAGE bound to: 1 - type: integer 
	Parameter din0_WIDTH bound to: 11 - type: integer 
	Parameter din1_WIDTH bound to: 8 - type: integer 
	Parameter dout_WIDTH bound to: 19 - type: integer 
	Parameter ID bound to: 1 - type: integer 
	Parameter NUM_STAGE bound to: 1 - type: integer 
	Parameter din0_WIDTH bound to: 11 - type: integer 
	Parameter din1_WIDTH bound to: 8 - type: integer 
	Parameter dout_WIDTH bound to: 19 - type: integer 
	Parameter ID bound to: 1 - type: integer 
	Parameter NUM_STAGE bound to: 1 - type: integer 
	Parameter din0_WIDTH bound to: 11 - type: integer 
	Parameter din1_WIDTH bound to: 8 - type: integer 
	Parameter dout_WIDTH bound to: 19 - type: integer 
	Parameter ID bound to: 1 - type: integer 
	Parameter NUM_STAGE bound to: 1 - type: integer 
	Parameter din0_WIDTH bound to: 11 - type: integer 
	Parameter din1_WIDTH bound to: 8 - type: integer 
	Parameter dout_WIDTH bound to: 19 - type: integer 
	Parameter ID bound to: 1 - type: integer 
	Parameter NUM_STAGE bound to: 1 - type: integer 
	Parameter din0_WIDTH bound to: 11 - type: integer 
	Parameter din1_WIDTH bound to: 8 - type: integer 
	Parameter dout_WIDTH bound to: 19 - type: integer 
	Parameter ID bound to: 1 - type: integer 
	Parameter NUM_STAGE bound to: 1 - type: integer 
	Parameter din0_WIDTH bound to: 11 - type: integer 
	Parameter din1_WIDTH bound to: 8 - type: integer 
	Parameter dout_WIDTH bound to: 19 - type: integer 
	Parameter ID bound to: 1 - type: integer 
	Parameter NUM_STAGE bound to: 1 - type: integer 
	Parameter din0_WIDTH bound to: 11 - type: integer 
	Parameter din1_WIDTH bound to: 8 - type: integer 
	Parameter dout_WIDTH bound to: 19 - type: integer 
	Parameter ID bound to: 1 - type: integer 
	Parameter NUM_STAGE bound to: 1 - type: integer 
	Parameter din0_WIDTH bound to: 11 - type: integer 
	Parameter din1_WIDTH bound to: 8 - type: integer 
	Parameter dout_WIDTH bound to: 19 - type: integer 
	Parameter ID bound to: 1 - type: integer 
	Parameter NUM_STAGE bound to: 1 - type: integer 
	Parameter din0_WIDTH bound to: 11 - type: integer 
	Parameter din1_WIDTH bound to: 8 - type: integer 
	Parameter dout_WIDTH bound to: 19 - type: integer 
	Parameter ID bound to: 1 - type: integer 
	Parameter NUM_STAGE bound to: 1 - type: integer 
	Parameter din0_WIDTH bound to: 11 - type: integer 
	Parameter din1_WIDTH bound to: 8 - type: integer 
	Parameter dout_WIDTH bound to: 19 - type: integer 
	Parameter ID bound to: 1 - type: integer 
	Parameter NUM_STAGE bound to: 1 - type: integer 
	Parameter din0_WIDTH bound to: 11 - type: integer 
	Parameter din1_WIDTH bound to: 8 - type: integer 
	Parameter dout_WIDTH bound to: 19 - type: integer 
	Parameter ID bound to: 1 - type: integer 
	Parameter NUM_STAGE bound to: 1 - type: integer 
	Parameter din0_WIDTH bound to: 11 - type: integer 
	Parameter din1_WIDTH bound to: 8 - type: integer 
	Parameter dout_WIDTH bound to: 19 - type: integer 
	Parameter ID bound to: 1 - type: integer 
	Parameter NUM_STAGE bound to: 1 - type: integer 
	Parameter din0_WIDTH bound to: 11 - type: integer 
	Parameter din1_WIDTH bound to: 8 - type: integer 
	Parameter dout_WIDTH bound to: 19 - type: integer 
	Parameter ID bound to: 1 - type: integer 
	Parameter NUM_STAGE bound to: 1 - type: integer 
	Parameter din0_WIDTH bound to: 11 - type: integer 
	Parameter din1_WIDTH bound to: 8 - type: integer 
	Parameter dout_WIDTH bound to: 19 - type: integer 
	Parameter ID bound to: 1 - type: integer 
	Parameter NUM_STAGE bound to: 1 - type: integer 
	Parameter din0_WIDTH bound to: 11 - type: integer 
	Parameter din1_WIDTH bound to: 8 - type: integer 
	Parameter dout_WIDTH bound to: 19 - type: integer 
	Parameter ID bound to: 1 - type: integer 
	Parameter NUM_STAGE bound to: 1 - type: integer 
	Parameter din0_WIDTH bound to: 11 - type: integer 
	Parameter din1_WIDTH bound to: 8 - type: integer 
	Parameter dout_WIDTH bound to: 19 - type: integer 
	Parameter ID bound to: 1 - type: integer 
	Parameter NUM_STAGE bound to: 1 - type: integer 
	Parameter din0_WIDTH bound to: 11 - type: integer 
	Parameter din1_WIDTH bound to: 8 - type: integer 
	Parameter dout_WIDTH bound to: 19 - type: integer 
	Parameter ID bound to: 1 - type: integer 
	Parameter NUM_STAGE bound to: 1 - type: integer 
	Parameter din0_WIDTH bound to: 11 - type: integer 
	Parameter din1_WIDTH bound to: 8 - type: integer 
	Parameter dout_WIDTH bound to: 19 - type: integer 
	Parameter ID bound to: 1 - type: integer 
	Parameter NUM_STAGE bound to: 1 - type: integer 
	Parameter din0_WIDTH bound to: 11 - type: integer 
	Parameter din1_WIDTH bound to: 8 - type: integer 
	Parameter dout_WIDTH bound to: 19 - type: integer 
	Parameter ID bound to: 1 - type: integer 
	Parameter NUM_STAGE bound to: 1 - type: integer 
	Parameter din0_WIDTH bound to: 11 - type: integer 
	Parameter din1_WIDTH bound to: 8 - type: integer 
	Parameter dout_WIDTH bound to: 19 - type: integer 
	Parameter ID bound to: 1 - type: integer 
	Parameter NUM_STAGE bound to: 1 - type: integer 
	Parameter din0_WIDTH bound to: 11 - type: integer 
	Parameter din1_WIDTH bound to: 8 - type: integer 
	Parameter dout_WIDTH bound to: 19 - type: integer 
	Parameter ID bound to: 1 - type: integer 
	Parameter NUM_STAGE bound to: 1 - type: integer 
	Parameter din0_WIDTH bound to: 11 - type: integer 
	Parameter din1_WIDTH bound to: 8 - type: integer 
	Parameter dout_WIDTH bound to: 19 - type: integer 
	Parameter ID bound to: 1 - type: integer 
	Parameter NUM_STAGE bound to: 1 - type: integer 
	Parameter din0_WIDTH bound to: 11 - type: integer 
	Parameter din1_WIDTH bound to: 8 - type: integer 
	Parameter dout_WIDTH bound to: 19 - type: integer 
	Parameter ID bound to: 1 - type: integer 
	Parameter NUM_STAGE bound to: 1 - type: integer 
	Parameter din0_WIDTH bound to: 11 - type: integer 
	Parameter din1_WIDTH bound to: 8 - type: integer 
	Parameter dout_WIDTH bound to: 19 - type: integer 
	Parameter ID bound to: 1 - type: integer 
	Parameter NUM_STAGE bound to: 1 - type: integer 
	Parameter din0_WIDTH bound to: 11 - type: integer 
	Parameter din1_WIDTH bound to: 8 - type: integer 
	Parameter dout_WIDTH bound to: 19 - type: integer 
	Parameter ID bound to: 1 - type: integer 
	Parameter NUM_STAGE bound to: 1 - type: integer 
	Parameter din0_WIDTH bound to: 11 - type: integer 
	Parameter din1_WIDTH bound to: 8 - type: integer 
	Parameter dout_WIDTH bound to: 19 - type: integer 
	Parameter ID bound to: 1 - type: integer 
	Parameter NUM_STAGE bound to: 1 - type: integer 
	Parameter din0_WIDTH bound to: 11 - type: integer 
	Parameter din1_WIDTH bound to: 8 - type: integer 
	Parameter dout_WIDTH bound to: 19 - type: integer 
	Parameter ID bound to: 1 - type: integer 
	Parameter NUM_STAGE bound to: 1 - type: integer 
	Parameter din0_WIDTH bound to: 11 - type: integer 
	Parameter din1_WIDTH bound to: 8 - type: integer 
	Parameter dout_WIDTH bound to: 19 - type: integer 
	Parameter ID bound to: 1 - type: integer 
	Parameter NUM_STAGE bound to: 1 - type: integer 
	Parameter din0_WIDTH bound to: 11 - type: integer 
	Parameter din1_WIDTH bound to: 8 - type: integer 
	Parameter dout_WIDTH bound to: 19 - type: integer 
	Parameter ID bound to: 1 - type: integer 
	Parameter NUM_STAGE bound to: 1 - type: integer 
	Parameter din0_WIDTH bound to: 11 - type: integer 
	Parameter din1_WIDTH bound to: 8 - type: integer 
	Parameter dout_WIDTH bound to: 19 - type: integer 
	Parameter ID bound to: 1 - type: integer 
	Parameter NUM_STAGE bound to: 1 - type: integer 
	Parameter din0_WIDTH bound to: 11 - type: integer 
	Parameter din1_WIDTH bound to: 8 - type: integer 
	Parameter dout_WIDTH bound to: 19 - type: integer 
	Parameter ID bound to: 1 - type: integer 
	Parameter NUM_STAGE bound to: 1 - type: integer 
	Parameter din0_WIDTH bound to: 11 - type: integer 
	Parameter din1_WIDTH bound to: 8 - type: integer 
	Parameter dout_WIDTH bound to: 19 - type: integer 
	Parameter ID bound to: 1 - type: integer 
	Parameter NUM_STAGE bound to: 1 - type: integer 
	Parameter din0_WIDTH bound to: 11 - type: integer 
	Parameter din1_WIDTH bound to: 8 - type: integer 
	Parameter dout_WIDTH bound to: 19 - type: integer 
	Parameter ID bound to: 1 - type: integer 
	Parameter NUM_STAGE bound to: 1 - type: integer 
	Parameter din0_WIDTH bound to: 11 - type: integer 
	Parameter din1_WIDTH bound to: 8 - type: integer 
	Parameter dout_WIDTH bound to: 19 - type: integer 
	Parameter ID bound to: 1 - type: integer 
	Parameter NUM_STAGE bound to: 1 - type: integer 
	Parameter din0_WIDTH bound to: 11 - type: integer 
	Parameter din1_WIDTH bound to: 8 - type: integer 
	Parameter dout_WIDTH bound to: 19 - type: integer 
	Parameter ID bound to: 1 - type: integer 
	Parameter NUM_STAGE bound to: 1 - type: integer 
	Parameter din0_WIDTH bound to: 11 - type: integer 
	Parameter din1_WIDTH bound to: 8 - type: integer 
	Parameter dout_WIDTH bound to: 19 - type: integer 
	Parameter ID bound to: 1 - type: integer 
	Parameter NUM_STAGE bound to: 1 - type: integer 
	Parameter din0_WIDTH bound to: 11 - type: integer 
	Parameter din1_WIDTH bound to: 8 - type: integer 
	Parameter dout_WIDTH bound to: 19 - type: integer 
	Parameter ID bound to: 1 - type: integer 
	Parameter NUM_STAGE bound to: 1 - type: integer 
	Parameter din0_WIDTH bound to: 11 - type: integer 
	Parameter din1_WIDTH bound to: 8 - type: integer 
	Parameter dout_WIDTH bound to: 19 - type: integer 
	Parameter ID bound to: 1 - type: integer 
	Parameter NUM_STAGE bound to: 1 - type: integer 
	Parameter din0_WIDTH bound to: 11 - type: integer 
	Parameter din1_WIDTH bound to: 8 - type: integer 
	Parameter dout_WIDTH bound to: 19 - type: integer 
	Parameter ID bound to: 1 - type: integer 
	Parameter NUM_STAGE bound to: 1 - type: integer 
	Parameter din0_WIDTH bound to: 11 - type: integer 
	Parameter din1_WIDTH bound to: 8 - type: integer 
	Parameter dout_WIDTH bound to: 19 - type: integer 
	Parameter ID bound to: 1 - type: integer 
	Parameter NUM_STAGE bound to: 1 - type: integer 
	Parameter din0_WIDTH bound to: 11 - type: integer 
	Parameter din1_WIDTH bound to: 8 - type: integer 
	Parameter dout_WIDTH bound to: 19 - type: integer 
	Parameter ID bound to: 1 - type: integer 
	Parameter NUM_STAGE bound to: 1 - type: integer 
	Parameter din0_WIDTH bound to: 11 - type: integer 
	Parameter din1_WIDTH bound to: 8 - type: integer 
	Parameter dout_WIDTH bound to: 19 - type: integer 
	Parameter ID bound to: 1 - type: integer 
	Parameter NUM_STAGE bound to: 1 - type: integer 
	Parameter din0_WIDTH bound to: 11 - type: integer 
	Parameter din1_WIDTH bound to: 8 - type: integer 
	Parameter dout_WIDTH bound to: 19 - type: integer 
	Parameter ID bound to: 1 - type: integer 
	Parameter NUM_STAGE bound to: 1 - type: integer 
	Parameter din0_WIDTH bound to: 11 - type: integer 
	Parameter din1_WIDTH bound to: 8 - type: integer 
	Parameter dout_WIDTH bound to: 19 - type: integer 
	Parameter ID bound to: 1 - type: integer 
	Parameter NUM_STAGE bound to: 1 - type: integer 
	Parameter din0_WIDTH bound to: 11 - type: integer 
	Parameter din1_WIDTH bound to: 8 - type: integer 
	Parameter dout_WIDTH bound to: 19 - type: integer 
	Parameter ID bound to: 1 - type: integer 
	Parameter NUM_STAGE bound to: 1 - type: integer 
	Parameter din0_WIDTH bound to: 11 - type: integer 
	Parameter din1_WIDTH bound to: 8 - type: integer 
	Parameter dout_WIDTH bound to: 19 - type: integer 
	Parameter ID bound to: 1 - type: integer 
	Parameter NUM_STAGE bound to: 1 - type: integer 
	Parameter din0_WIDTH bound to: 11 - type: integer 
	Parameter din1_WIDTH bound to: 8 - type: integer 
	Parameter dout_WIDTH bound to: 19 - type: integer 
	Parameter ID bound to: 1 - type: integer 
	Parameter NUM_STAGE bound to: 1 - type: integer 
	Parameter din0_WIDTH bound to: 11 - type: integer 
	Parameter din1_WIDTH bound to: 8 - type: integer 
	Parameter dout_WIDTH bound to: 19 - type: integer 
	Parameter ID bound to: 1 - type: integer 
	Parameter NUM_STAGE bound to: 1 - type: integer 
	Parameter din0_WIDTH bound to: 11 - type: integer 
	Parameter din1_WIDTH bound to: 8 - type: integer 
	Parameter dout_WIDTH bound to: 19 - type: integer 
	Parameter ID bound to: 1 - type: integer 
	Parameter NUM_STAGE bound to: 1 - type: integer 
	Parameter din0_WIDTH bound to: 11 - type: integer 
	Parameter din1_WIDTH bound to: 8 - type: integer 
	Parameter dout_WIDTH bound to: 19 - type: integer 
	Parameter ID bound to: 1 - type: integer 
	Parameter NUM_STAGE bound to: 1 - type: integer 
	Parameter din0_WIDTH bound to: 11 - type: integer 
	Parameter din1_WIDTH bound to: 8 - type: integer 
	Parameter dout_WIDTH bound to: 19 - type: integer 
	Parameter ID bound to: 1 - type: integer 
	Parameter NUM_STAGE bound to: 1 - type: integer 
	Parameter din0_WIDTH bound to: 11 - type: integer 
	Parameter din1_WIDTH bound to: 8 - type: integer 
	Parameter dout_WIDTH bound to: 19 - type: integer 
	Parameter ID bound to: 1 - type: integer 
	Parameter NUM_STAGE bound to: 1 - type: integer 
	Parameter din0_WIDTH bound to: 11 - type: integer 
	Parameter din1_WIDTH bound to: 8 - type: integer 
	Parameter dout_WIDTH bound to: 19 - type: integer 
	Parameter ID bound to: 1 - type: integer 
	Parameter NUM_STAGE bound to: 1 - type: integer 
	Parameter din0_WIDTH bound to: 11 - type: integer 
	Parameter din1_WIDTH bound to: 8 - type: integer 
	Parameter dout_WIDTH bound to: 19 - type: integer 
	Parameter ID bound to: 1 - type: integer 
	Parameter NUM_STAGE bound to: 1 - type: integer 
	Parameter din0_WIDTH bound to: 11 - type: integer 
	Parameter din1_WIDTH bound to: 8 - type: integer 
	Parameter dout_WIDTH bound to: 19 - type: integer 
	Parameter ID bound to: 1 - type: integer 
	Parameter NUM_STAGE bound to: 1 - type: integer 
	Parameter din0_WIDTH bound to: 11 - type: integer 
	Parameter din1_WIDTH bound to: 8 - type: integer 
	Parameter dout_WIDTH bound to: 19 - type: integer 
	Parameter ID bound to: 1 - type: integer 
	Parameter NUM_STAGE bound to: 1 - type: integer 
	Parameter din0_WIDTH bound to: 11 - type: integer 
	Parameter din1_WIDTH bound to: 8 - type: integer 
	Parameter dout_WIDTH bound to: 19 - type: integer 
	Parameter ID bound to: 1 - type: integer 
	Parameter NUM_STAGE bound to: 1 - type: integer 
	Parameter din0_WIDTH bound to: 11 - type: integer 
	Parameter din1_WIDTH bound to: 8 - type: integer 
	Parameter dout_WIDTH bound to: 19 - type: integer 
	Parameter ID bound to: 1 - type: integer 
	Parameter NUM_STAGE bound to: 1 - type: integer 
	Parameter din0_WIDTH bound to: 11 - type: integer 
	Parameter din1_WIDTH bound to: 8 - type: integer 
	Parameter dout_WIDTH bound to: 19 - type: integer 
	Parameter ID bound to: 1 - type: integer 
	Parameter NUM_STAGE bound to: 1 - type: integer 
	Parameter din0_WIDTH bound to: 11 - type: integer 
	Parameter din1_WIDTH bound to: 8 - type: integer 
	Parameter dout_WIDTH bound to: 19 - type: integer 
	Parameter ID bound to: 1 - type: integer 
	Parameter NUM_STAGE bound to: 1 - type: integer 
	Parameter din0_WIDTH bound to: 11 - type: integer 
	Parameter din1_WIDTH bound to: 8 - type: integer 
	Parameter dout_WIDTH bound to: 19 - type: integer 
	Parameter ID bound to: 1 - type: integer 
	Parameter NUM_STAGE bound to: 1 - type: integer 
	Parameter din0_WIDTH bound to: 11 - type: integer 
	Parameter din1_WIDTH bound to: 8 - type: integer 
	Parameter dout_WIDTH bound to: 19 - type: integer 
	Parameter ID bound to: 1 - type: integer 
	Parameter NUM_STAGE bound to: 1 - type: integer 
	Parameter din0_WIDTH bound to: 11 - type: integer 
	Parameter din1_WIDTH bound to: 8 - type: integer 
	Parameter dout_WIDTH bound to: 19 - type: integer 
	Parameter ID bound to: 1 - type: integer 
	Parameter NUM_STAGE bound to: 1 - type: integer 
	Parameter din0_WIDTH bound to: 11 - type: integer 
	Parameter din1_WIDTH bound to: 8 - type: integer 
	Parameter dout_WIDTH bound to: 19 - type: integer 
	Parameter ID bound to: 1 - type: integer 
	Parameter NUM_STAGE bound to: 1 - type: integer 
	Parameter din0_WIDTH bound to: 11 - type: integer 
	Parameter din1_WIDTH bound to: 8 - type: integer 
	Parameter dout_WIDTH bound to: 19 - type: integer 
	Parameter ID bound to: 1 - type: integer 
	Parameter NUM_STAGE bound to: 1 - type: integer 
	Parameter din0_WIDTH bound to: 11 - type: integer 
	Parameter din1_WIDTH bound to: 8 - type: integer 
	Parameter dout_WIDTH bound to: 19 - type: integer 
	Parameter ID bound to: 1 - type: integer 
	Parameter NUM_STAGE bound to: 1 - type: integer 
	Parameter din0_WIDTH bound to: 11 - type: integer 
	Parameter din1_WIDTH bound to: 8 - type: integer 
	Parameter dout_WIDTH bound to: 19 - type: integer 
	Parameter ID bound to: 1 - type: integer 
	Parameter NUM_STAGE bound to: 1 - type: integer 
	Parameter din0_WIDTH bound to: 11 - type: integer 
	Parameter din1_WIDTH bound to: 8 - type: integer 
	Parameter dout_WIDTH bound to: 19 - type: integer 
	Parameter ID bound to: 1 - type: integer 
	Parameter NUM_STAGE bound to: 1 - type: integer 
	Parameter din0_WIDTH bound to: 11 - type: integer 
	Parameter din1_WIDTH bound to: 8 - type: integer 
	Parameter dout_WIDTH bound to: 19 - type: integer 
	Parameter ID bound to: 1 - type: integer 
	Parameter NUM_STAGE bound to: 1 - type: integer 
	Parameter din0_WIDTH bound to: 11 - type: integer 
	Parameter din1_WIDTH bound to: 8 - type: integer 
	Parameter dout_WIDTH bound to: 19 - type: integer 
	Parameter ID bound to: 1 - type: integer 
	Parameter NUM_STAGE bound to: 1 - type: integer 
	Parameter din0_WIDTH bound to: 11 - type: integer 
	Parameter din1_WIDTH bound to: 8 - type: integer 
	Parameter dout_WIDTH bound to: 19 - type: integer 
	Parameter ID bound to: 1 - type: integer 
	Parameter NUM_STAGE bound to: 1 - type: integer 
	Parameter din0_WIDTH bound to: 11 - type: integer 
	Parameter din1_WIDTH bound to: 8 - type: integer 
	Parameter dout_WIDTH bound to: 19 - type: integer 
	Parameter ID bound to: 1 - type: integer 
	Parameter NUM_STAGE bound to: 1 - type: integer 
	Parameter din0_WIDTH bound to: 11 - type: integer 
	Parameter din1_WIDTH bound to: 8 - type: integer 
	Parameter dout_WIDTH bound to: 19 - type: integer 
	Parameter ID bound to: 1 - type: integer 
	Parameter NUM_STAGE bound to: 1 - type: integer 
	Parameter din0_WIDTH bound to: 11 - type: integer 
	Parameter din1_WIDTH bound to: 8 - type: integer 
	Parameter dout_WIDTH bound to: 19 - type: integer 
	Parameter ID bound to: 1 - type: integer 
	Parameter NUM_STAGE bound to: 1 - type: integer 
	Parameter din0_WIDTH bound to: 11 - type: integer 
	Parameter din1_WIDTH bound to: 8 - type: integer 
	Parameter dout_WIDTH bound to: 19 - type: integer 
	Parameter ID bound to: 1 - type: integer 
	Parameter NUM_STAGE bound to: 1 - type: integer 
	Parameter din0_WIDTH bound to: 11 - type: integer 
	Parameter din1_WIDTH bound to: 8 - type: integer 
	Parameter dout_WIDTH bound to: 19 - type: integer 
	Parameter ID bound to: 1 - type: integer 
	Parameter NUM_STAGE bound to: 1 - type: integer 
	Parameter din0_WIDTH bound to: 11 - type: integer 
	Parameter din1_WIDTH bound to: 8 - type: integer 
	Parameter dout_WIDTH bound to: 19 - type: integer 
	Parameter ID bound to: 1 - type: integer 
	Parameter NUM_STAGE bound to: 1 - type: integer 
	Parameter din0_WIDTH bound to: 11 - type: integer 
	Parameter din1_WIDTH bound to: 8 - type: integer 
	Parameter dout_WIDTH bound to: 19 - type: integer 
	Parameter ID bound to: 1 - type: integer 
	Parameter NUM_STAGE bound to: 1 - type: integer 
	Parameter din0_WIDTH bound to: 11 - type: integer 
	Parameter din1_WIDTH bound to: 8 - type: integer 
	Parameter dout_WIDTH bound to: 19 - type: integer 
	Parameter ID bound to: 1 - type: integer 
	Parameter NUM_STAGE bound to: 1 - type: integer 
	Parameter din0_WIDTH bound to: 11 - type: integer 
	Parameter din1_WIDTH bound to: 8 - type: integer 
	Parameter dout_WIDTH bound to: 19 - type: integer 
	Parameter ID bound to: 1 - type: integer 
	Parameter NUM_STAGE bound to: 1 - type: integer 
	Parameter din0_WIDTH bound to: 11 - type: integer 
	Parameter din1_WIDTH bound to: 8 - type: integer 
	Parameter dout_WIDTH bound to: 19 - type: integer 
	Parameter ID bound to: 1 - type: integer 
	Parameter NUM_STAGE bound to: 1 - type: integer 
	Parameter din0_WIDTH bound to: 11 - type: integer 
	Parameter din1_WIDTH bound to: 8 - type: integer 
	Parameter dout_WIDTH bound to: 19 - type: integer 
	Parameter ID bound to: 1 - type: integer 
	Parameter NUM_STAGE bound to: 1 - type: integer 
	Parameter din0_WIDTH bound to: 11 - type: integer 
	Parameter din1_WIDTH bound to: 8 - type: integer 
	Parameter dout_WIDTH bound to: 19 - type: integer 
	Parameter ID bound to: 1 - type: integer 
	Parameter NUM_STAGE bound to: 1 - type: integer 
	Parameter din0_WIDTH bound to: 11 - type: integer 
	Parameter din1_WIDTH bound to: 8 - type: integer 
	Parameter dout_WIDTH bound to: 19 - type: integer 
	Parameter ID bound to: 1 - type: integer 
	Parameter NUM_STAGE bound to: 1 - type: integer 
	Parameter din0_WIDTH bound to: 11 - type: integer 
	Parameter din1_WIDTH bound to: 8 - type: integer 
	Parameter dout_WIDTH bound to: 19 - type: integer 
	Parameter ID bound to: 1 - type: integer 
	Parameter NUM_STAGE bound to: 1 - type: integer 
	Parameter din0_WIDTH bound to: 11 - type: integer 
	Parameter din1_WIDTH bound to: 8 - type: integer 
	Parameter dout_WIDTH bound to: 19 - type: integer 
	Parameter ID bound to: 1 - type: integer 
	Parameter NUM_STAGE bound to: 1 - type: integer 
	Parameter din0_WIDTH bound to: 11 - type: integer 
	Parameter din1_WIDTH bound to: 8 - type: integer 
	Parameter dout_WIDTH bound to: 19 - type: integer 
	Parameter ID bound to: 1 - type: integer 
	Parameter NUM_STAGE bound to: 1 - type: integer 
	Parameter din0_WIDTH bound to: 11 - type: integer 
	Parameter din1_WIDTH bound to: 8 - type: integer 
	Parameter dout_WIDTH bound to: 19 - type: integer 
	Parameter ID bound to: 1 - type: integer 
	Parameter NUM_STAGE bound to: 1 - type: integer 
	Parameter din0_WIDTH bound to: 11 - type: integer 
	Parameter din1_WIDTH bound to: 8 - type: integer 
	Parameter dout_WIDTH bound to: 19 - type: integer 
	Parameter ID bound to: 1 - type: integer 
	Parameter NUM_STAGE bound to: 1 - type: integer 
	Parameter din0_WIDTH bound to: 11 - type: integer 
	Parameter din1_WIDTH bound to: 8 - type: integer 
	Parameter dout_WIDTH bound to: 19 - type: integer 
	Parameter ID bound to: 1 - type: integer 
	Parameter NUM_STAGE bound to: 1 - type: integer 
	Parameter din0_WIDTH bound to: 11 - type: integer 
	Parameter din1_WIDTH bound to: 8 - type: integer 
	Parameter dout_WIDTH bound to: 19 - type: integer 
	Parameter ID bound to: 1 - type: integer 
	Parameter NUM_STAGE bound to: 1 - type: integer 
	Parameter din0_WIDTH bound to: 11 - type: integer 
	Parameter din1_WIDTH bound to: 8 - type: integer 
	Parameter dout_WIDTH bound to: 19 - type: integer 
	Parameter ID bound to: 1 - type: integer 
	Parameter NUM_STAGE bound to: 1 - type: integer 
	Parameter din0_WIDTH bound to: 11 - type: integer 
	Parameter din1_WIDTH bound to: 8 - type: integer 
	Parameter dout_WIDTH bound to: 19 - type: integer 
	Parameter ID bound to: 1 - type: integer 
	Parameter NUM_STAGE bound to: 1 - type: integer 
	Parameter din0_WIDTH bound to: 11 - type: integer 
	Parameter din1_WIDTH bound to: 8 - type: integer 
	Parameter dout_WIDTH bound to: 19 - type: integer 
	Parameter ID bound to: 1 - type: integer 
	Parameter NUM_STAGE bound to: 1 - type: integer 
	Parameter din0_WIDTH bound to: 11 - type: integer 
	Parameter din1_WIDTH bound to: 8 - type: integer 
	Parameter dout_WIDTH bound to: 19 - type: integer 
	Parameter ID bound to: 1 - type: integer 
	Parameter NUM_STAGE bound to: 1 - type: integer 
	Parameter din0_WIDTH bound to: 11 - type: integer 
	Parameter din1_WIDTH bound to: 8 - type: integer 
	Parameter dout_WIDTH bound to: 19 - type: integer 
	Parameter ID bound to: 1 - type: integer 
	Parameter NUM_STAGE bound to: 1 - type: integer 
	Parameter din0_WIDTH bound to: 11 - type: integer 
	Parameter din1_WIDTH bound to: 8 - type: integer 
	Parameter dout_WIDTH bound to: 19 - type: integer 
	Parameter ID bound to: 1 - type: integer 
	Parameter NUM_STAGE bound to: 1 - type: integer 
	Parameter din0_WIDTH bound to: 11 - type: integer 
	Parameter din1_WIDTH bound to: 8 - type: integer 
	Parameter dout_WIDTH bound to: 19 - type: integer 
	Parameter ID bound to: 1 - type: integer 
	Parameter NUM_STAGE bound to: 1 - type: integer 
	Parameter din0_WIDTH bound to: 11 - type: integer 
	Parameter din1_WIDTH bound to: 8 - type: integer 
	Parameter dout_WIDTH bound to: 19 - type: integer 
	Parameter ID bound to: 1 - type: integer 
	Parameter NUM_STAGE bound to: 1 - type: integer 
	Parameter din0_WIDTH bound to: 11 - type: integer 
	Parameter din1_WIDTH bound to: 8 - type: integer 
	Parameter dout_WIDTH bound to: 19 - type: integer 
	Parameter ID bound to: 1 - type: integer 
	Parameter NUM_STAGE bound to: 1 - type: integer 
	Parameter din0_WIDTH bound to: 11 - type: integer 
	Parameter din1_WIDTH bound to: 8 - type: integer 
	Parameter dout_WIDTH bound to: 19 - type: integer 
	Parameter ID bound to: 1 - type: integer 
	Parameter NUM_STAGE bound to: 1 - type: integer 
	Parameter din0_WIDTH bound to: 11 - type: integer 
	Parameter din1_WIDTH bound to: 8 - type: integer 
	Parameter dout_WIDTH bound to: 19 - type: integer 
	Parameter ID bound to: 1 - type: integer 
	Parameter NUM_STAGE bound to: 1 - type: integer 
	Parameter din0_WIDTH bound to: 11 - type: integer 
	Parameter din1_WIDTH bound to: 8 - type: integer 
	Parameter dout_WIDTH bound to: 19 - type: integer 
	Parameter ID bound to: 1 - type: integer 
	Parameter NUM_STAGE bound to: 1 - type: integer 
	Parameter din0_WIDTH bound to: 11 - type: integer 
	Parameter din1_WIDTH bound to: 8 - type: integer 
	Parameter dout_WIDTH bound to: 19 - type: integer 
	Parameter ID bound to: 1 - type: integer 
	Parameter NUM_STAGE bound to: 1 - type: integer 
	Parameter din0_WIDTH bound to: 11 - type: integer 
	Parameter din1_WIDTH bound to: 8 - type: integer 
	Parameter dout_WIDTH bound to: 19 - type: integer 
	Parameter ID bound to: 1 - type: integer 
	Parameter NUM_STAGE bound to: 1 - type: integer 
	Parameter din0_WIDTH bound to: 11 - type: integer 
	Parameter din1_WIDTH bound to: 8 - type: integer 
	Parameter dout_WIDTH bound to: 19 - type: integer 
	Parameter ID bound to: 1 - type: integer 
	Parameter NUM_STAGE bound to: 1 - type: integer 
	Parameter din0_WIDTH bound to: 11 - type: integer 
	Parameter din1_WIDTH bound to: 8 - type: integer 
	Parameter dout_WIDTH bound to: 19 - type: integer 
	Parameter ID bound to: 1 - type: integer 
	Parameter NUM_STAGE bound to: 1 - type: integer 
	Parameter din0_WIDTH bound to: 11 - type: integer 
	Parameter din1_WIDTH bound to: 8 - type: integer 
	Parameter dout_WIDTH bound to: 19 - type: integer 
	Parameter ID bound to: 1 - type: integer 
	Parameter NUM_STAGE bound to: 1 - type: integer 
	Parameter din0_WIDTH bound to: 11 - type: integer 
	Parameter din1_WIDTH bound to: 8 - type: integer 
	Parameter dout_WIDTH bound to: 19 - type: integer 
	Parameter ID bound to: 1 - type: integer 
	Parameter NUM_STAGE bound to: 1 - type: integer 
	Parameter din0_WIDTH bound to: 11 - type: integer 
	Parameter din1_WIDTH bound to: 8 - type: integer 
	Parameter dout_WIDTH bound to: 19 - type: integer 
	Parameter ID bound to: 1 - type: integer 
	Parameter NUM_STAGE bound to: 1 - type: integer 
	Parameter din0_WIDTH bound to: 11 - type: integer 
	Parameter din1_WIDTH bound to: 8 - type: integer 
	Parameter dout_WIDTH bound to: 19 - type: integer 
	Parameter ID bound to: 1 - type: integer 
	Parameter NUM_STAGE bound to: 1 - type: integer 
	Parameter din0_WIDTH bound to: 11 - type: integer 
	Parameter din1_WIDTH bound to: 8 - type: integer 
	Parameter dout_WIDTH bound to: 19 - type: integer 
	Parameter ID bound to: 1 - type: integer 
	Parameter NUM_STAGE bound to: 1 - type: integer 
	Parameter din0_WIDTH bound to: 11 - type: integer 
	Parameter din1_WIDTH bound to: 8 - type: integer 
	Parameter dout_WIDTH bound to: 19 - type: integer 
	Parameter ID bound to: 1 - type: integer 
	Parameter NUM_STAGE bound to: 1 - type: integer 
	Parameter din0_WIDTH bound to: 11 - type: integer 
	Parameter din1_WIDTH bound to: 8 - type: integer 
	Parameter dout_WIDTH bound to: 19 - type: integer 
	Parameter ID bound to: 1 - type: integer 
	Parameter NUM_STAGE bound to: 1 - type: integer 
	Parameter din0_WIDTH bound to: 11 - type: integer 
	Parameter din1_WIDTH bound to: 8 - type: integer 
	Parameter dout_WIDTH bound to: 19 - type: integer 
	Parameter ID bound to: 1 - type: integer 
	Parameter NUM_STAGE bound to: 1 - type: integer 
	Parameter din0_WIDTH bound to: 11 - type: integer 
	Parameter din1_WIDTH bound to: 8 - type: integer 
	Parameter dout_WIDTH bound to: 19 - type: integer 
	Parameter ID bound to: 1 - type: integer 
	Parameter NUM_STAGE bound to: 1 - type: integer 
	Parameter din0_WIDTH bound to: 11 - type: integer 
	Parameter din1_WIDTH bound to: 8 - type: integer 
	Parameter dout_WIDTH bound to: 19 - type: integer 
	Parameter ID bound to: 1 - type: integer 
	Parameter NUM_STAGE bound to: 1 - type: integer 
	Parameter din0_WIDTH bound to: 11 - type: integer 
	Parameter din1_WIDTH bound to: 8 - type: integer 
	Parameter dout_WIDTH bound to: 19 - type: integer 
	Parameter ID bound to: 1 - type: integer 
	Parameter NUM_STAGE bound to: 1 - type: integer 
	Parameter din0_WIDTH bound to: 11 - type: integer 
	Parameter din1_WIDTH bound to: 8 - type: integer 
	Parameter dout_WIDTH bound to: 19 - type: integer 
	Parameter ID bound to: 1 - type: integer 
	Parameter NUM_STAGE bound to: 1 - type: integer 
	Parameter din0_WIDTH bound to: 11 - type: integer 
	Parameter din1_WIDTH bound to: 8 - type: integer 
	Parameter dout_WIDTH bound to: 19 - type: integer 
	Parameter ID bound to: 1 - type: integer 
	Parameter NUM_STAGE bound to: 1 - type: integer 
	Parameter din0_WIDTH bound to: 11 - type: integer 
	Parameter din1_WIDTH bound to: 8 - type: integer 
	Parameter dout_WIDTH bound to: 19 - type: integer 
	Parameter ID bound to: 1 - type: integer 
	Parameter NUM_STAGE bound to: 1 - type: integer 
	Parameter din0_WIDTH bound to: 11 - type: integer 
	Parameter din1_WIDTH bound to: 8 - type: integer 
	Parameter dout_WIDTH bound to: 19 - type: integer 
	Parameter ID bound to: 1 - type: integer 
	Parameter NUM_STAGE bound to: 1 - type: integer 
	Parameter din0_WIDTH bound to: 11 - type: integer 
	Parameter din1_WIDTH bound to: 8 - type: integer 
	Parameter dout_WIDTH bound to: 19 - type: integer 
	Parameter ID bound to: 1 - type: integer 
	Parameter NUM_STAGE bound to: 1 - type: integer 
	Parameter din0_WIDTH bound to: 11 - type: integer 
	Parameter din1_WIDTH bound to: 8 - type: integer 
	Parameter dout_WIDTH bound to: 19 - type: integer 
	Parameter ID bound to: 1 - type: integer 
	Parameter NUM_STAGE bound to: 1 - type: integer 
	Parameter din0_WIDTH bound to: 11 - type: integer 
	Parameter din1_WIDTH bound to: 8 - type: integer 
	Parameter dout_WIDTH bound to: 19 - type: integer 
	Parameter ID bound to: 1 - type: integer 
	Parameter NUM_STAGE bound to: 1 - type: integer 
	Parameter din0_WIDTH bound to: 11 - type: integer 
	Parameter din1_WIDTH bound to: 8 - type: integer 
	Parameter dout_WIDTH bound to: 19 - type: integer 
	Parameter ID bound to: 1 - type: integer 
	Parameter NUM_STAGE bound to: 1 - type: integer 
	Parameter din0_WIDTH bound to: 11 - type: integer 
	Parameter din1_WIDTH bound to: 8 - type: integer 
	Parameter dout_WIDTH bound to: 19 - type: integer 
	Parameter ID bound to: 1 - type: integer 
	Parameter NUM_STAGE bound to: 1 - type: integer 
	Parameter din0_WIDTH bound to: 11 - type: integer 
	Parameter din1_WIDTH bound to: 8 - type: integer 
	Parameter dout_WIDTH bound to: 19 - type: integer 
	Parameter ID bound to: 1 - type: integer 
	Parameter NUM_STAGE bound to: 1 - type: integer 
	Parameter din0_WIDTH bound to: 11 - type: integer 
	Parameter din1_WIDTH bound to: 8 - type: integer 
	Parameter dout_WIDTH bound to: 19 - type: integer 
	Parameter ID bound to: 1 - type: integer 
	Parameter NUM_STAGE bound to: 1 - type: integer 
	Parameter din0_WIDTH bound to: 11 - type: integer 
	Parameter din1_WIDTH bound to: 8 - type: integer 
	Parameter dout_WIDTH bound to: 19 - type: integer 
	Parameter ID bound to: 1 - type: integer 
	Parameter NUM_STAGE bound to: 1 - type: integer 
	Parameter din0_WIDTH bound to: 11 - type: integer 
	Parameter din1_WIDTH bound to: 8 - type: integer 
	Parameter dout_WIDTH bound to: 19 - type: integer 
	Parameter ID bound to: 1 - type: integer 
	Parameter NUM_STAGE bound to: 1 - type: integer 
	Parameter din0_WIDTH bound to: 11 - type: integer 
	Parameter din1_WIDTH bound to: 8 - type: integer 
	Parameter dout_WIDTH bound to: 19 - type: integer 
	Parameter ID bound to: 1 - type: integer 
	Parameter NUM_STAGE bound to: 1 - type: integer 
	Parameter din0_WIDTH bound to: 11 - type: integer 
	Parameter din1_WIDTH bound to: 8 - type: integer 
	Parameter dout_WIDTH bound to: 19 - type: integer 
	Parameter ID bound to: 1 - type: integer 
	Parameter NUM_STAGE bound to: 1 - type: integer 
	Parameter din0_WIDTH bound to: 11 - type: integer 
	Parameter din1_WIDTH bound to: 8 - type: integer 
	Parameter dout_WIDTH bound to: 19 - type: integer 
	Parameter ID bound to: 1 - type: integer 
	Parameter NUM_STAGE bound to: 1 - type: integer 
	Parameter din0_WIDTH bound to: 11 - type: integer 
	Parameter din1_WIDTH bound to: 8 - type: integer 
	Parameter dout_WIDTH bound to: 19 - type: integer 
	Parameter ID bound to: 1 - type: integer 
	Parameter NUM_STAGE bound to: 1 - type: integer 
	Parameter din0_WIDTH bound to: 11 - type: integer 
	Parameter din1_WIDTH bound to: 8 - type: integer 
	Parameter dout_WIDTH bound to: 19 - type: integer 
	Parameter ID bound to: 1 - type: integer 
	Parameter NUM_STAGE bound to: 1 - type: integer 
	Parameter din0_WIDTH bound to: 11 - type: integer 
	Parameter din1_WIDTH bound to: 8 - type: integer 
	Parameter dout_WIDTH bound to: 19 - type: integer 
	Parameter ID bound to: 1 - type: integer 
	Parameter NUM_STAGE bound to: 1 - type: integer 
	Parameter din0_WIDTH bound to: 11 - type: integer 
	Parameter din1_WIDTH bound to: 8 - type: integer 
	Parameter dout_WIDTH bound to: 19 - type: integer 
	Parameter ID bound to: 1 - type: integer 
	Parameter NUM_STAGE bound to: 1 - type: integer 
	Parameter din0_WIDTH bound to: 11 - type: integer 
	Parameter din1_WIDTH bound to: 8 - type: integer 
	Parameter dout_WIDTH bound to: 19 - type: integer 
	Parameter ID bound to: 1 - type: integer 
	Parameter NUM_STAGE bound to: 1 - type: integer 
	Parameter din0_WIDTH bound to: 11 - type: integer 
	Parameter din1_WIDTH bound to: 8 - type: integer 
	Parameter dout_WIDTH bound to: 19 - type: integer 
	Parameter ID bound to: 1 - type: integer 
	Parameter NUM_STAGE bound to: 1 - type: integer 
	Parameter din0_WIDTH bound to: 11 - type: integer 
	Parameter din1_WIDTH bound to: 8 - type: integer 
	Parameter dout_WIDTH bound to: 19 - type: integer 
	Parameter ID bound to: 1 - type: integer 
	Parameter NUM_STAGE bound to: 1 - type: integer 
	Parameter din0_WIDTH bound to: 11 - type: integer 
	Parameter din1_WIDTH bound to: 8 - type: integer 
	Parameter dout_WIDTH bound to: 19 - type: integer 
	Parameter ID bound to: 1 - type: integer 
	Parameter NUM_STAGE bound to: 1 - type: integer 
	Parameter din0_WIDTH bound to: 11 - type: integer 
	Parameter din1_WIDTH bound to: 8 - type: integer 
	Parameter dout_WIDTH bound to: 19 - type: integer 
	Parameter ID bound to: 1 - type: integer 
	Parameter NUM_STAGE bound to: 1 - type: integer 
	Parameter din0_WIDTH bound to: 11 - type: integer 
	Parameter din1_WIDTH bound to: 8 - type: integer 
	Parameter dout_WIDTH bound to: 19 - type: integer 
	Parameter ID bound to: 1 - type: integer 
	Parameter NUM_STAGE bound to: 1 - type: integer 
	Parameter din0_WIDTH bound to: 11 - type: integer 
	Parameter din1_WIDTH bound to: 8 - type: integer 
	Parameter dout_WIDTH bound to: 19 - type: integer 
	Parameter ID bound to: 1 - type: integer 
	Parameter NUM_STAGE bound to: 1 - type: integer 
	Parameter din0_WIDTH bound to: 11 - type: integer 
	Parameter din1_WIDTH bound to: 8 - type: integer 
	Parameter dout_WIDTH bound to: 19 - type: integer 
	Parameter ID bound to: 1 - type: integer 
	Parameter NUM_STAGE bound to: 1 - type: integer 
	Parameter din0_WIDTH bound to: 11 - type: integer 
	Parameter din1_WIDTH bound to: 8 - type: integer 
	Parameter dout_WIDTH bound to: 19 - type: integer 
	Parameter ID bound to: 1 - type: integer 
	Parameter NUM_STAGE bound to: 1 - type: integer 
	Parameter din0_WIDTH bound to: 11 - type: integer 
	Parameter din1_WIDTH bound to: 8 - type: integer 
	Parameter dout_WIDTH bound to: 19 - type: integer 
	Parameter ID bound to: 1 - type: integer 
	Parameter NUM_STAGE bound to: 1 - type: integer 
	Parameter din0_WIDTH bound to: 11 - type: integer 
	Parameter din1_WIDTH bound to: 8 - type: integer 
	Parameter dout_WIDTH bound to: 19 - type: integer 
	Parameter ID bound to: 1 - type: integer 
	Parameter NUM_STAGE bound to: 1 - type: integer 
	Parameter din0_WIDTH bound to: 11 - type: integer 
	Parameter din1_WIDTH bound to: 8 - type: integer 
	Parameter dout_WIDTH bound to: 19 - type: integer 
	Parameter ID bound to: 1 - type: integer 
	Parameter NUM_STAGE bound to: 1 - type: integer 
	Parameter din0_WIDTH bound to: 11 - type: integer 
	Parameter din1_WIDTH bound to: 8 - type: integer 
	Parameter dout_WIDTH bound to: 19 - type: integer 
	Parameter ID bound to: 1 - type: integer 
	Parameter NUM_STAGE bound to: 1 - type: integer 
	Parameter din0_WIDTH bound to: 11 - type: integer 
	Parameter din1_WIDTH bound to: 8 - type: integer 
	Parameter dout_WIDTH bound to: 19 - type: integer 
	Parameter ID bound to: 1 - type: integer 
	Parameter NUM_STAGE bound to: 1 - type: integer 
	Parameter din0_WIDTH bound to: 11 - type: integer 
	Parameter din1_WIDTH bound to: 8 - type: integer 
	Parameter dout_WIDTH bound to: 19 - type: integer 
	Parameter ID bound to: 1 - type: integer 
	Parameter NUM_STAGE bound to: 1 - type: integer 
	Parameter din0_WIDTH bound to: 11 - type: integer 
	Parameter din1_WIDTH bound to: 8 - type: integer 
	Parameter dout_WIDTH bound to: 19 - type: integer 
	Parameter ID bound to: 1 - type: integer 
	Parameter NUM_STAGE bound to: 1 - type: integer 
	Parameter din0_WIDTH bound to: 11 - type: integer 
	Parameter din1_WIDTH bound to: 8 - type: integer 
	Parameter dout_WIDTH bound to: 19 - type: integer 
	Parameter ID bound to: 1 - type: integer 
	Parameter NUM_STAGE bound to: 1 - type: integer 
	Parameter din0_WIDTH bound to: 11 - type: integer 
	Parameter din1_WIDTH bound to: 8 - type: integer 
	Parameter dout_WIDTH bound to: 19 - type: integer 
	Parameter ID bound to: 1 - type: integer 
	Parameter NUM_STAGE bound to: 1 - type: integer 
	Parameter din0_WIDTH bound to: 11 - type: integer 
	Parameter din1_WIDTH bound to: 8 - type: integer 
	Parameter dout_WIDTH bound to: 19 - type: integer 
	Parameter ID bound to: 1 - type: integer 
	Parameter NUM_STAGE bound to: 1 - type: integer 
	Parameter din0_WIDTH bound to: 11 - type: integer 
	Parameter din1_WIDTH bound to: 8 - type: integer 
	Parameter dout_WIDTH bound to: 19 - type: integer 
	Parameter ID bound to: 1 - type: integer 
	Parameter NUM_STAGE bound to: 1 - type: integer 
	Parameter din0_WIDTH bound to: 11 - type: integer 
	Parameter din1_WIDTH bound to: 8 - type: integer 
	Parameter dout_WIDTH bound to: 19 - type: integer 
	Parameter ID bound to: 1 - type: integer 
	Parameter NUM_STAGE bound to: 1 - type: integer 
	Parameter din0_WIDTH bound to: 11 - type: integer 
	Parameter din1_WIDTH bound to: 8 - type: integer 
	Parameter dout_WIDTH bound to: 19 - type: integer 
	Parameter ID bound to: 1 - type: integer 
	Parameter NUM_STAGE bound to: 1 - type: integer 
	Parameter din0_WIDTH bound to: 11 - type: integer 
	Parameter din1_WIDTH bound to: 8 - type: integer 
	Parameter dout_WIDTH bound to: 19 - type: integer 
	Parameter ID bound to: 1 - type: integer 
	Parameter NUM_STAGE bound to: 1 - type: integer 
	Parameter din0_WIDTH bound to: 11 - type: integer 
	Parameter din1_WIDTH bound to: 8 - type: integer 
	Parameter dout_WIDTH bound to: 19 - type: integer 
	Parameter ID bound to: 1 - type: integer 
	Parameter NUM_STAGE bound to: 1 - type: integer 
	Parameter din0_WIDTH bound to: 11 - type: integer 
	Parameter din1_WIDTH bound to: 8 - type: integer 
	Parameter dout_WIDTH bound to: 19 - type: integer 
	Parameter ID bound to: 1 - type: integer 
	Parameter NUM_STAGE bound to: 1 - type: integer 
	Parameter din0_WIDTH bound to: 11 - type: integer 
	Parameter din1_WIDTH bound to: 8 - type: integer 
	Parameter dout_WIDTH bound to: 19 - type: integer 
	Parameter ID bound to: 1 - type: integer 
	Parameter NUM_STAGE bound to: 1 - type: integer 
	Parameter din0_WIDTH bound to: 11 - type: integer 
	Parameter din1_WIDTH bound to: 8 - type: integer 
	Parameter dout_WIDTH bound to: 19 - type: integer 
	Parameter ID bound to: 1 - type: integer 
	Parameter NUM_STAGE bound to: 1 - type: integer 
	Parameter din0_WIDTH bound to: 11 - type: integer 
	Parameter din1_WIDTH bound to: 8 - type: integer 
	Parameter dout_WIDTH bound to: 19 - type: integer 
	Parameter ID bound to: 1 - type: integer 
	Parameter NUM_STAGE bound to: 1 - type: integer 
	Parameter din0_WIDTH bound to: 11 - type: integer 
	Parameter din1_WIDTH bound to: 8 - type: integer 
	Parameter dout_WIDTH bound to: 19 - type: integer 
	Parameter ID bound to: 1 - type: integer 
	Parameter NUM_STAGE bound to: 1 - type: integer 
	Parameter din0_WIDTH bound to: 11 - type: integer 
	Parameter din1_WIDTH bound to: 8 - type: integer 
	Parameter dout_WIDTH bound to: 19 - type: integer 
	Parameter ID bound to: 1 - type: integer 
	Parameter NUM_STAGE bound to: 1 - type: integer 
	Parameter din0_WIDTH bound to: 11 - type: integer 
	Parameter din1_WIDTH bound to: 8 - type: integer 
	Parameter dout_WIDTH bound to: 19 - type: integer 
	Parameter ID bound to: 1 - type: integer 
	Parameter NUM_STAGE bound to: 1 - type: integer 
	Parameter din0_WIDTH bound to: 11 - type: integer 
	Parameter din1_WIDTH bound to: 8 - type: integer 
	Parameter dout_WIDTH bound to: 19 - type: integer 
	Parameter ID bound to: 1 - type: integer 
	Parameter NUM_STAGE bound to: 1 - type: integer 
	Parameter din0_WIDTH bound to: 11 - type: integer 
	Parameter din1_WIDTH bound to: 8 - type: integer 
	Parameter dout_WIDTH bound to: 19 - type: integer 
	Parameter ID bound to: 1 - type: integer 
	Parameter NUM_STAGE bound to: 1 - type: integer 
	Parameter din0_WIDTH bound to: 11 - type: integer 
	Parameter din1_WIDTH bound to: 8 - type: integer 
	Parameter dout_WIDTH bound to: 19 - type: integer 
	Parameter ID bound to: 1 - type: integer 
	Parameter NUM_STAGE bound to: 1 - type: integer 
	Parameter din0_WIDTH bound to: 11 - type: integer 
	Parameter din1_WIDTH bound to: 8 - type: integer 
	Parameter dout_WIDTH bound to: 19 - type: integer 
	Parameter ID bound to: 1 - type: integer 
	Parameter NUM_STAGE bound to: 1 - type: integer 
	Parameter din0_WIDTH bound to: 11 - type: integer 
	Parameter din1_WIDTH bound to: 8 - type: integer 
	Parameter dout_WIDTH bound to: 19 - type: integer 
	Parameter ID bound to: 1 - type: integer 
	Parameter NUM_STAGE bound to: 1 - type: integer 
	Parameter din0_WIDTH bound to: 11 - type: integer 
	Parameter din1_WIDTH bound to: 8 - type: integer 
	Parameter dout_WIDTH bound to: 19 - type: integer 
	Parameter ID bound to: 1 - type: integer 
	Parameter NUM_STAGE bound to: 1 - type: integer 
	Parameter din0_WIDTH bound to: 11 - type: integer 
	Parameter din1_WIDTH bound to: 8 - type: integer 
	Parameter dout_WIDTH bound to: 19 - type: integer 
	Parameter ID bound to: 1 - type: integer 
	Parameter NUM_STAGE bound to: 1 - type: integer 
	Parameter din0_WIDTH bound to: 11 - type: integer 
	Parameter din1_WIDTH bound to: 8 - type: integer 
	Parameter dout_WIDTH bound to: 19 - type: integer 
	Parameter ID bound to: 1 - type: integer 
	Parameter NUM_STAGE bound to: 1 - type: integer 
	Parameter din0_WIDTH bound to: 11 - type: integer 
	Parameter din1_WIDTH bound to: 8 - type: integer 
	Parameter dout_WIDTH bound to: 19 - type: integer 
	Parameter ID bound to: 1 - type: integer 
	Parameter NUM_STAGE bound to: 1 - type: integer 
	Parameter din0_WIDTH bound to: 11 - type: integer 
	Parameter din1_WIDTH bound to: 8 - type: integer 
	Parameter dout_WIDTH bound to: 19 - type: integer 
	Parameter ID bound to: 1 - type: integer 
	Parameter NUM_STAGE bound to: 1 - type: integer 
	Parameter din0_WIDTH bound to: 11 - type: integer 
	Parameter din1_WIDTH bound to: 8 - type: integer 
	Parameter dout_WIDTH bound to: 19 - type: integer 
	Parameter ID bound to: 1 - type: integer 
	Parameter NUM_STAGE bound to: 1 - type: integer 
	Parameter din0_WIDTH bound to: 11 - type: integer 
	Parameter din1_WIDTH bound to: 8 - type: integer 
	Parameter dout_WIDTH bound to: 19 - type: integer 
	Parameter ID bound to: 1 - type: integer 
	Parameter NUM_STAGE bound to: 1 - type: integer 
	Parameter din0_WIDTH bound to: 11 - type: integer 
	Parameter din1_WIDTH bound to: 8 - type: integer 
	Parameter dout_WIDTH bound to: 19 - type: integer 
	Parameter ID bound to: 1 - type: integer 
	Parameter NUM_STAGE bound to: 1 - type: integer 
	Parameter din0_WIDTH bound to: 11 - type: integer 
	Parameter din1_WIDTH bound to: 8 - type: integer 
	Parameter dout_WIDTH bound to: 19 - type: integer 
	Parameter ID bound to: 1 - type: integer 
	Parameter NUM_STAGE bound to: 1 - type: integer 
	Parameter din0_WIDTH bound to: 11 - type: integer 
	Parameter din1_WIDTH bound to: 8 - type: integer 
	Parameter dout_WIDTH bound to: 19 - type: integer 
	Parameter ID bound to: 1 - type: integer 
	Parameter NUM_STAGE bound to: 1 - type: integer 
	Parameter din0_WIDTH bound to: 11 - type: integer 
	Parameter din1_WIDTH bound to: 8 - type: integer 
	Parameter dout_WIDTH bound to: 19 - type: integer 
INFO: [Synth 8-256] done synthesizing module 'myproject_dense_resource_ap_fixed_16_6_5_3_0_ap_fixed_16_6_5_3_0_config14_s' (0#1) [/home/dabadjiev/smartpixels_ml_dsabadjiev/Muon_Collider_Smart_Pixels/eric/Results_June2026_99SigEff/model2.5_fin_results/model2_5_8bit_normalised_selected/pareto_secondary/hls_outputs_vsynth/hls_model_trial_074/myproject_prj/solution1/syn/vhdl/myproject_dense_resource_ap_fixed_16_6_5_3_0_ap_fixed_16_6_5_3_0_config14_s.vhd:240]
INFO: [Synth 8-638] synthesizing module 'myproject_dense_resource_ap_fixed_16_6_5_3_0_ap_fixed_16_6_5_3_0_config16_s' [/home/dabadjiev/smartpixels_ml_dsabadjiev/Muon_Collider_Smart_Pixels/eric/Results_June2026_99SigEff/model2.5_fin_results/model2_5_8bit_normalised_selected/pareto_secondary/hls_outputs_vsynth/hls_model_trial_074/myproject_prj/solution1/syn/vhdl/myproject_dense_resource_ap_fixed_16_6_5_3_0_ap_fixed_16_6_5_3_0_config16_s.vhd:32]
	Parameter DataWidth bound to: 1 - type: integer 
	Parameter AddressRange bound to: 4 - type: integer 
	Parameter AddressWidth bound to: 2 - type: integer 
INFO: [Synth 8-638] synthesizing module 'myproject_dense_resource_ap_fixed_16_6_5_3_0_ap_fixed_16_6_5_3_0_config16_s_outidx_i_RObkb' [/home/dabadjiev/smartpixels_ml_dsabadjiev/Muon_Collider_Smart_Pixels/eric/Results_June2026_99SigEff/model2.5_fin_results/model2_5_8bit_normalised_selected/pareto_secondary/hls_outputs_vsynth/hls_model_trial_074/myproject_prj/solution1/syn/vhdl/myproject_dense_resource_ap_fixed_16_6_5_3_0_ap_fixed_16_6_5_3_0_config16_s_outidx_i_RObkb.vhd:28]
	Parameter DataWidth bound to: 1 - type: integer 
	Parameter AddressWidth bound to: 2 - type: integer 
	Parameter AddressRange bound to: 4 - type: integer 
INFO: [Synth 8-256] done synthesizing module 'myproject_dense_resource_ap_fixed_16_6_5_3_0_ap_fixed_16_6_5_3_0_config16_s_outidx_i_RObkb' (0#1) [/home/dabadjiev/smartpixels_ml_dsabadjiev/Muon_Collider_Smart_Pixels/eric/Results_June2026_99SigEff/model2.5_fin_results/model2_5_8bit_normalised_selected/pareto_secondary/hls_outputs_vsynth/hls_model_trial_074/myproject_prj/solution1/syn/vhdl/myproject_dense_resource_ap_fixed_16_6_5_3_0_ap_fixed_16_6_5_3_0_config16_s_outidx_i_RObkb.vhd:28]
	Parameter ID bound to: 1 - type: integer 
	Parameter NUM_STAGE bound to: 1 - type: integer 
	Parameter din0_WIDTH bound to: 11 - type: integer 
	Parameter din1_WIDTH bound to: 8 - type: integer 
	Parameter dout_WIDTH bound to: 19 - type: integer 
INFO: [Synth 8-256] done synthesizing module 'myproject_dense_resource_ap_fixed_16_6_5_3_0_ap_fixed_16_6_5_3_0_config16_s' (0#1) [/home/dabadjiev/smartpixels_ml_dsabadjiev/Muon_Collider_Smart_Pixels/eric/Results_June2026_99SigEff/model2.5_fin_results/model2_5_8bit_normalised_selected/pareto_secondary/hls_outputs_vsynth/hls_model_trial_074/myproject_prj/solution1/syn/vhdl/myproject_dense_resource_ap_fixed_16_6_5_3_0_ap_fixed_16_6_5_3_0_config16_s.vhd:32]
INFO: [Synth 8-638] synthesizing module 'myproject_relu_ap_fixed_16_6_5_3_0_ap_ufixed_8_0_4_0_0_relu_config18_s' [/home/dabadjiev/smartpixels_ml_dsabadjiev/Muon_Collider_Smart_Pixels/eric/Results_June2026_99SigEff/model2.5_fin_results/model2_5_8bit_normalised_selected/pareto_secondary/hls_outputs_vsynth/hls_model_trial_074/myproject_prj/solution1/syn/vhdl/myproject_relu_ap_fixed_16_6_5_3_0_ap_ufixed_8_0_4_0_0_relu_config18_s.vhd:200]
INFO: [Synth 8-256] done synthesizing module 'myproject_relu_ap_fixed_16_6_5_3_0_ap_ufixed_8_0_4_0_0_relu_config18_s' (0#1) [/home/dabadjiev/smartpixels_ml_dsabadjiev/Muon_Collider_Smart_Pixels/eric/Results_June2026_99SigEff/model2.5_fin_results/model2_5_8bit_normalised_selected/pareto_secondary/hls_outputs_vsynth/hls_model_trial_074/myproject_prj/solution1/syn/vhdl/myproject_relu_ap_fixed_16_6_5_3_0_ap_ufixed_8_0_4_0_0_relu_config18_s.vhd:200]
INFO: [Synth 8-638] synthesizing module 'myproject_relu_ap_fixed_16_6_5_3_0_ap_ufixed_8_0_4_0_0_relu_config19_s' [/home/dabadjiev/smartpixels_ml_dsabadjiev/Muon_Collider_Smart_Pixels/eric/Results_June2026_99SigEff/model2.5_fin_results/model2_5_8bit_normalised_selected/pareto_secondary/hls_outputs_vsynth/hls_model_trial_074/myproject_prj/solution1/syn/vhdl/myproject_relu_ap_fixed_16_6_5_3_0_ap_ufixed_8_0_4_0_0_relu_config19_s.vhd:28]
INFO: [Synth 8-256] done synthesizing module 'myproject_relu_ap_fixed_16_6_5_3_0_ap_ufixed_8_0_4_0_0_relu_config19_s' (0#1) [/home/dabadjiev/smartpixels_ml_dsabadjiev/Muon_Collider_Smart_Pixels/eric/Results_June2026_99SigEff/model2.5_fin_results/model2_5_8bit_normalised_selected/pareto_secondary/hls_outputs_vsynth/hls_model_trial_074/myproject_prj/solution1/syn/vhdl/myproject_relu_ap_fixed_16_6_5_3_0_ap_ufixed_8_0_4_0_0_relu_config19_s.vhd:28]
INFO: [Synth 8-638] synthesizing module 'myproject_concatenate1d_ap_ufixed_ap_ufixed_ap_fixed_16_6_5_3_0_config20_s' [/home/dabadjiev/smartpixels_ml_dsabadjiev/Muon_Collider_Smart_Pixels/eric/Results_June2026_99SigEff/model2.5_fin_results/model2_5_8bit_normalised_selected/pareto_secondary/hls_outputs_vsynth/hls_model_trial_074/myproject_prj/solution1/syn/vhdl/myproject_concatenate1d_ap_ufixed_ap_ufixed_ap_fixed_16_6_5_3_0_config20_s.vhd:204]
INFO: [Synth 8-256] done synthesizing module 'myproject_concatenate1d_ap_ufixed_ap_ufixed_ap_fixed_16_6_5_3_0_config20_s' (0#1) [/home/dabadjiev/smartpixels_ml_dsabadjiev/Muon_Collider_Smart_Pixels/eric/Results_June2026_99SigEff/model2.5_fin_results/model2_5_8bit_normalised_selected/pareto_secondary/hls_outputs_vsynth/hls_model_trial_074/myproject_prj/solution1/syn/vhdl/myproject_concatenate1d_ap_ufixed_ap_ufixed_ap_fixed_16_6_5_3_0_config20_s.vhd:204]
INFO: [Synth 8-638] synthesizing module 'myproject_dense_resource_ap_fixed_16_6_5_3_0_ap_fixed_16_6_5_3_0_config21_s' [/home/dabadjiev/smartpixels_ml_dsabadjiev/Muon_Collider_Smart_Pixels/eric/Results_June2026_99SigEff/model2.5_fin_results/model2_5_8bit_normalised_selected/pareto_secondary/hls_outputs_vsynth/hls_model_trial_074/myproject_prj/solution1/syn/vhdl/myproject_dense_resource_ap_fixed_16_6_5_3_0_ap_fixed_16_6_5_3_0_config21_s.vhd:207]
	Parameter ID bound to: 1 - type: integer 
	Parameter NUM_STAGE bound to: 1 - type: integer 
	Parameter CASE0 bound to: 4'b0000 
	Parameter din0_WIDTH bound to: 10 - type: integer 
	Parameter CASE1 bound to: 4'b0001 
	Parameter din1_WIDTH bound to: 10 - type: integer 
	Parameter CASE2 bound to: 4'b0010 
	Parameter din2_WIDTH bound to: 10 - type: integer 
	Parameter CASE3 bound to: 4'b0011 
	Parameter din3_WIDTH bound to: 10 - type: integer 
	Parameter CASE4 bound to: 4'b0100 
	Parameter din4_WIDTH bound to: 10 - type: integer 
	Parameter CASE5 bound to: 4'b0101 
	Parameter din5_WIDTH bound to: 10 - type: integer 
	Parameter CASE6 bound to: 4'b0110 
	Parameter din6_WIDTH bound to: 10 - type: integer 
	Parameter CASE7 bound to: 4'b0111 
	Parameter din7_WIDTH bound to: 10 - type: integer 
	Parameter CASE8 bound to: 4'b1000 
	Parameter din8_WIDTH bound to: 10 - type: integer 
	Parameter CASE9 bound to: 4'b1001 
	Parameter din9_WIDTH bound to: 10 - type: integer 
	Parameter CASE10 bound to: 4'b1010 
	Parameter din10_WIDTH bound to: 10 - type: integer 
	Parameter CASE11 bound to: 4'b1011 
	Parameter din11_WIDTH bound to: 10 - type: integer 
	Parameter CASE12 bound to: 4'b1100 
	Parameter din12_WIDTH bound to: 10 - type: integer 
	Parameter CASE13 bound to: 4'b1101 
	Parameter din13_WIDTH bound to: 10 - type: integer 
	Parameter CASE14 bound to: 4'b1110 
	Parameter din14_WIDTH bound to: 10 - type: integer 
	Parameter def_WIDTH bound to: 10 - type: integer 
	Parameter sel_WIDTH bound to: 4 - type: integer 
	Parameter dout_WIDTH bound to: 10 - type: integer 
INFO: [Synth 8-638] synthesizing module 'myproject_sparsemux_31_4_10_1_1' [/home/dabadjiev/smartpixels_ml_dsabadjiev/Muon_Collider_Smart_Pixels/eric/Results_June2026_99SigEff/model2.5_fin_results/model2_5_8bit_normalised_selected/pareto_secondary/hls_outputs_vsynth/hls_model_trial_074/myproject_prj/solution1/syn/vhdl/myproject_sparsemux_31_4_10_1_1.vhd:121]
	Parameter din0_WIDTH bound to: 10 - type: integer 
	Parameter din1_WIDTH bound to: 10 - type: integer 
	Parameter din2_WIDTH bound to: 10 - type: integer 
	Parameter din3_WIDTH bound to: 10 - type: integer 
	Parameter din4_WIDTH bound to: 10 - type: integer 
	Parameter din5_WIDTH bound to: 10 - type: integer 
	Parameter din6_WIDTH bound to: 10 - type: integer 
	Parameter din7_WIDTH bound to: 10 - type: integer 
	Parameter din8_WIDTH bound to: 10 - type: integer 
	Parameter din9_WIDTH bound to: 10 - type: integer 
	Parameter din10_WIDTH bound to: 10 - type: integer 
	Parameter din11_WIDTH bound to: 10 - type: integer 
	Parameter din12_WIDTH bound to: 10 - type: integer 
	Parameter din13_WIDTH bound to: 10 - type: integer 
	Parameter din14_WIDTH bound to: 10 - type: integer 
	Parameter def_WIDTH bound to: 10 - type: integer 
	Parameter sel_WIDTH bound to: 4 - type: integer 
	Parameter dout_WIDTH bound to: 10 - type: integer 
	Parameter CASE0 bound to: 4'b0000 
	Parameter CASE1 bound to: 4'b0001 
	Parameter CASE2 bound to: 4'b0010 
	Parameter CASE3 bound to: 4'b0011 
	Parameter CASE4 bound to: 4'b0100 
	Parameter CASE5 bound to: 4'b0101 
	Parameter CASE6 bound to: 4'b0110 
	Parameter CASE7 bound to: 4'b0111 
	Parameter CASE8 bound to: 4'b1000 
	Parameter CASE9 bound to: 4'b1001 
	Parameter CASE10 bound to: 4'b1010 
	Parameter CASE11 bound to: 4'b1011 
	Parameter CASE12 bound to: 4'b1100 
	Parameter CASE13 bound to: 4'b1101 
	Parameter CASE14 bound to: 4'b1110 
	Parameter ID bound to: 1 - type: integer 
	Parameter NUM_STAGE bound to: 1 - type: integer 
WARNING: [Synth 8-614] signal 'def' is read in the process but is not in the sensitivity list [/home/dabadjiev/smartpixels_ml_dsabadjiev/Muon_Collider_Smart_Pixels/eric/Results_June2026_99SigEff/model2.5_fin_results/model2_5_8bit_normalised_selected/pareto_secondary/hls_outputs_vsynth/hls_model_trial_074/myproject_prj/solution1/syn/vhdl/myproject_sparsemux_31_4_10_1_1.vhd:127]
INFO: [Synth 8-256] done synthesizing module 'myproject_sparsemux_31_4_10_1_1' (0#1) [/home/dabadjiev/smartpixels_ml_dsabadjiev/Muon_Collider_Smart_Pixels/eric/Results_June2026_99SigEff/model2.5_fin_results/model2_5_8bit_normalised_selected/pareto_secondary/hls_outputs_vsynth/hls_model_trial_074/myproject_prj/solution1/syn/vhdl/myproject_sparsemux_31_4_10_1_1.vhd:121]
	Parameter ID bound to: 1 - type: integer 
	Parameter NUM_STAGE bound to: 1 - type: integer 
	Parameter din0_WIDTH bound to: 10 - type: integer 
	Parameter din1_WIDTH bound to: 8 - type: integer 
	Parameter dout_WIDTH bound to: 18 - type: integer 
INFO: [Synth 8-638] synthesizing module 'myproject_mul_10ns_8s_18_1_1' [/home/dabadjiev/smartpixels_ml_dsabadjiev/Muon_Collider_Smart_Pixels/eric/Results_June2026_99SigEff/model2.5_fin_results/model2_5_8bit_normalised_selected/pareto_secondary/hls_outputs_vsynth/hls_model_trial_074/myproject_prj/solution1/syn/vhdl/myproject_mul_10ns_8s_18_1_1.vhd:26]
	Parameter ID bound to: 1 - type: integer 
	Parameter NUM_STAGE bound to: 1 - type: integer 
	Parameter din0_WIDTH bound to: 10 - type: integer 
	Parameter din1_WIDTH bound to: 8 - type: integer 
	Parameter dout_WIDTH bound to: 18 - type: integer 
INFO: [Synth 8-256] done synthesizing module 'myproject_mul_10ns_8s_18_1_1' (0#1) [/home/dabadjiev/smartpixels_ml_dsabadjiev/Muon_Collider_Smart_Pixels/eric/Results_June2026_99SigEff/model2.5_fin_results/model2_5_8bit_normalised_selected/pareto_secondary/hls_outputs_vsynth/hls_model_trial_074/myproject_prj/solution1/syn/vhdl/myproject_mul_10ns_8s_18_1_1.vhd:26]
	Parameter ID bound to: 1 - type: integer 
	Parameter NUM_STAGE bound to: 1 - type: integer 
	Parameter CASE0 bound to: 4'b0000 
	Parameter din0_WIDTH bound to: 10 - type: integer 
	Parameter CASE1 bound to: 4'b0001 
	Parameter din1_WIDTH bound to: 10 - type: integer 
	Parameter CASE2 bound to: 4'b0010 
	Parameter din2_WIDTH bound to: 10 - type: integer 
	Parameter CASE3 bound to: 4'b0011 
	Parameter din3_WIDTH bound to: 10 - type: integer 
	Parameter CASE4 bound to: 4'b0100 
	Parameter din4_WIDTH bound to: 10 - type: integer 
	Parameter CASE5 bound to: 4'b0101 
	Parameter din5_WIDTH bound to: 10 - type: integer 
	Parameter CASE6 bound to: 4'b0110 
	Parameter din6_WIDTH bound to: 10 - type: integer 
	Parameter CASE7 bound to: 4'b0111 
	Parameter din7_WIDTH bound to: 10 - type: integer 
	Parameter CASE8 bound to: 4'b1000 
	Parameter din8_WIDTH bound to: 10 - type: integer 
	Parameter CASE9 bound to: 4'b1001 
	Parameter din9_WIDTH bound to: 10 - type: integer 
	Parameter CASE10 bound to: 4'b1010 
	Parameter din10_WIDTH bound to: 10 - type: integer 
	Parameter CASE11 bound to: 4'b1011 
	Parameter din11_WIDTH bound to: 10 - type: integer 
	Parameter CASE12 bound to: 4'b1100 
	Parameter din12_WIDTH bound to: 10 - type: integer 
	Parameter CASE13 bound to: 4'b1101 
	Parameter din13_WIDTH bound to: 10 - type: integer 
	Parameter CASE14 bound to: 4'b1110 
	Parameter din14_WIDTH bound to: 10 - type: integer 
	Parameter def_WIDTH bound to: 10 - type: integer 
	Parameter sel_WIDTH bound to: 4 - type: integer 
	Parameter dout_WIDTH bound to: 10 - type: integer 
	Parameter ID bound to: 1 - type: integer 
	Parameter NUM_STAGE bound to: 1 - type: integer 
	Parameter din0_WIDTH bound to: 10 - type: integer 
	Parameter din1_WIDTH bound to: 8 - type: integer 
	Parameter dout_WIDTH bound to: 18 - type: integer 
	Parameter ID bound to: 1 - type: integer 
	Parameter NUM_STAGE bound to: 1 - type: integer 
	Parameter CASE0 bound to: 4'b0000 
	Parameter din0_WIDTH bound to: 10 - type: integer 
	Parameter CASE1 bound to: 4'b0001 
	Parameter din1_WIDTH bound to: 10 - type: integer 
	Parameter CASE2 bound to: 4'b0010 
	Parameter din2_WIDTH bound to: 10 - type: integer 
	Parameter CASE3 bound to: 4'b0011 
	Parameter din3_WIDTH bound to: 10 - type: integer 
	Parameter CASE4 bound to: 4'b0100 
	Parameter din4_WIDTH bound to: 10 - type: integer 
	Parameter CASE5 bound to: 4'b0101 
	Parameter din5_WIDTH bound to: 10 - type: integer 
	Parameter CASE6 bound to: 4'b0110 
	Parameter din6_WIDTH bound to: 10 - type: integer 
	Parameter CASE7 bound to: 4'b0111 
	Parameter din7_WIDTH bound to: 10 - type: integer 
	Parameter CASE8 bound to: 4'b1000 
	Parameter din8_WIDTH bound to: 10 - type: integer 
	Parameter CASE9 bound to: 4'b1001 
	Parameter din9_WIDTH bound to: 10 - type: integer 
	Parameter CASE10 bound to: 4'b1010 
	Parameter din10_WIDTH bound to: 10 - type: integer 
	Parameter CASE11 bound to: 4'b1011 
	Parameter din11_WIDTH bound to: 10 - type: integer 
	Parameter CASE12 bound to: 4'b1100 
	Parameter din12_WIDTH bound to: 10 - type: integer 
	Parameter CASE13 bound to: 4'b1101 
	Parameter din13_WIDTH bound to: 10 - type: integer 
	Parameter CASE14 bound to: 4'b1110 
	Parameter din14_WIDTH bound to: 10 - type: integer 
	Parameter def_WIDTH bound to: 10 - type: integer 
	Parameter sel_WIDTH bound to: 4 - type: integer 
	Parameter dout_WIDTH bound to: 10 - type: integer 
	Parameter ID bound to: 1 - type: integer 
	Parameter NUM_STAGE bound to: 1 - type: integer 
	Parameter din0_WIDTH bound to: 10 - type: integer 
	Parameter din1_WIDTH bound to: 8 - type: integer 
	Parameter dout_WIDTH bound to: 18 - type: integer 
	Parameter ID bound to: 1 - type: integer 
	Parameter NUM_STAGE bound to: 1 - type: integer 
	Parameter CASE0 bound to: 4'b0000 
	Parameter din0_WIDTH bound to: 10 - type: integer 
	Parameter CASE1 bound to: 4'b0001 
	Parameter din1_WIDTH bound to: 10 - type: integer 
	Parameter CASE2 bound to: 4'b0010 
	Parameter din2_WIDTH bound to: 10 - type: integer 
	Parameter CASE3 bound to: 4'b0011 
	Parameter din3_WIDTH bound to: 10 - type: integer 
	Parameter CASE4 bound to: 4'b0100 
	Parameter din4_WIDTH bound to: 10 - type: integer 
	Parameter CASE5 bound to: 4'b0101 
	Parameter din5_WIDTH bound to: 10 - type: integer 
	Parameter CASE6 bound to: 4'b0110 
	Parameter din6_WIDTH bound to: 10 - type: integer 
	Parameter CASE7 bound to: 4'b0111 
	Parameter din7_WIDTH bound to: 10 - type: integer 
	Parameter CASE8 bound to: 4'b1000 
	Parameter din8_WIDTH bound to: 10 - type: integer 
	Parameter CASE9 bound to: 4'b1001 
	Parameter din9_WIDTH bound to: 10 - type: integer 
	Parameter CASE10 bound to: 4'b1010 
	Parameter din10_WIDTH bound to: 10 - type: integer 
	Parameter CASE11 bound to: 4'b1011 
	Parameter din11_WIDTH bound to: 10 - type: integer 
	Parameter CASE12 bound to: 4'b1100 
	Parameter din12_WIDTH bound to: 10 - type: integer 
	Parameter CASE13 bound to: 4'b1101 
	Parameter din13_WIDTH bound to: 10 - type: integer 
	Parameter CASE14 bound to: 4'b1110 
	Parameter din14_WIDTH bound to: 10 - type: integer 
	Parameter def_WIDTH bound to: 10 - type: integer 
	Parameter sel_WIDTH bound to: 4 - type: integer 
	Parameter dout_WIDTH bound to: 10 - type: integer 
	Parameter ID bound to: 1 - type: integer 
	Parameter NUM_STAGE bound to: 1 - type: integer 
	Parameter din0_WIDTH bound to: 10 - type: integer 
	Parameter din1_WIDTH bound to: 8 - type: integer 
	Parameter dout_WIDTH bound to: 18 - type: integer 
	Parameter ID bound to: 1 - type: integer 
	Parameter NUM_STAGE bound to: 1 - type: integer 
	Parameter CASE0 bound to: 4'b0000 
	Parameter din0_WIDTH bound to: 10 - type: integer 
	Parameter CASE1 bound to: 4'b0001 
	Parameter din1_WIDTH bound to: 10 - type: integer 
	Parameter CASE2 bound to: 4'b0010 
	Parameter din2_WIDTH bound to: 10 - type: integer 
	Parameter CASE3 bound to: 4'b0011 
	Parameter din3_WIDTH bound to: 10 - type: integer 
	Parameter CASE4 bound to: 4'b0100 
	Parameter din4_WIDTH bound to: 10 - type: integer 
	Parameter CASE5 bound to: 4'b0101 
	Parameter din5_WIDTH bound to: 10 - type: integer 
	Parameter CASE6 bound to: 4'b0110 
	Parameter din6_WIDTH bound to: 10 - type: integer 
	Parameter CASE7 bound to: 4'b0111 
	Parameter din7_WIDTH bound to: 10 - type: integer 
	Parameter CASE8 bound to: 4'b1000 
	Parameter din8_WIDTH bound to: 10 - type: integer 
	Parameter CASE9 bound to: 4'b1001 
	Parameter din9_WIDTH bound to: 10 - type: integer 
	Parameter CASE10 bound to: 4'b1010 
	Parameter din10_WIDTH bound to: 10 - type: integer 
	Parameter CASE11 bound to: 4'b1011 
	Parameter din11_WIDTH bound to: 10 - type: integer 
	Parameter CASE12 bound to: 4'b1100 
	Parameter din12_WIDTH bound to: 10 - type: integer 
	Parameter CASE13 bound to: 4'b1101 
	Parameter din13_WIDTH bound to: 10 - type: integer 
	Parameter CASE14 bound to: 4'b1110 
	Parameter din14_WIDTH bound to: 10 - type: integer 
	Parameter def_WIDTH bound to: 10 - type: integer 
	Parameter sel_WIDTH bound to: 4 - type: integer 
	Parameter dout_WIDTH bound to: 10 - type: integer 
	Parameter ID bound to: 1 - type: integer 
	Parameter NUM_STAGE bound to: 1 - type: integer 
	Parameter CASE0 bound to: 4'b0000 
	Parameter din0_WIDTH bound to: 10 - type: integer 
	Parameter CASE1 bound to: 4'b0001 
	Parameter din1_WIDTH bound to: 10 - type: integer 
	Parameter CASE2 bound to: 4'b0010 
	Parameter din2_WIDTH bound to: 10 - type: integer 
	Parameter CASE3 bound to: 4'b0011 
	Parameter din3_WIDTH bound to: 10 - type: integer 
	Parameter CASE4 bound to: 4'b0100 
	Parameter din4_WIDTH bound to: 10 - type: integer 
	Parameter CASE5 bound to: 4'b0101 
	Parameter din5_WIDTH bound to: 10 - type: integer 
	Parameter CASE6 bound to: 4'b0110 
	Parameter din6_WIDTH bound to: 10 - type: integer 
	Parameter CASE7 bound to: 4'b0111 
	Parameter din7_WIDTH bound to: 10 - type: integer 
	Parameter CASE8 bound to: 4'b1000 
	Parameter din8_WIDTH bound to: 10 - type: integer 
	Parameter CASE9 bound to: 4'b1001 
	Parameter din9_WIDTH bound to: 10 - type: integer 
	Parameter CASE10 bound to: 4'b1010 
	Parameter din10_WIDTH bound to: 10 - type: integer 
	Parameter CASE11 bound to: 4'b1011 
	Parameter din11_WIDTH bound to: 10 - type: integer 
	Parameter CASE12 bound to: 4'b1100 
	Parameter din12_WIDTH bound to: 10 - type: integer 
	Parameter CASE13 bound to: 4'b1101 
	Parameter din13_WIDTH bound to: 10 - type: integer 
	Parameter CASE14 bound to: 4'b1110 
	Parameter din14_WIDTH bound to: 10 - type: integer 
	Parameter def_WIDTH bound to: 10 - type: integer 
	Parameter sel_WIDTH bound to: 4 - type: integer 
	Parameter dout_WIDTH bound to: 10 - type: integer 
	Parameter ID bound to: 1 - type: integer 
	Parameter NUM_STAGE bound to: 1 - type: integer 
	Parameter din0_WIDTH bound to: 10 - type: integer 
	Parameter din1_WIDTH bound to: 8 - type: integer 
	Parameter dout_WIDTH bound to: 18 - type: integer 
	Parameter ID bound to: 1 - type: integer 
	Parameter NUM_STAGE bound to: 1 - type: integer 
	Parameter din0_WIDTH bound to: 10 - type: integer 
	Parameter din1_WIDTH bound to: 8 - type: integer 
	Parameter dout_WIDTH bound to: 18 - type: integer 
	Parameter ID bound to: 1 - type: integer 
	Parameter NUM_STAGE bound to: 1 - type: integer 
	Parameter din0_WIDTH bound to: 10 - type: integer 
	Parameter din1_WIDTH bound to: 8 - type: integer 
	Parameter dout_WIDTH bound to: 18 - type: integer 
	Parameter ID bound to: 1 - type: integer 
	Parameter NUM_STAGE bound to: 1 - type: integer 
	Parameter din0_WIDTH bound to: 10 - type: integer 
	Parameter din1_WIDTH bound to: 8 - type: integer 
	Parameter dout_WIDTH bound to: 18 - type: integer 
	Parameter ID bound to: 1 - type: integer 
	Parameter NUM_STAGE bound to: 1 - type: integer 
	Parameter din0_WIDTH bound to: 10 - type: integer 
	Parameter din1_WIDTH bound to: 8 - type: integer 
	Parameter dout_WIDTH bound to: 18 - type: integer 
	Parameter ID bound to: 1 - type: integer 
	Parameter NUM_STAGE bound to: 1 - type: integer 
	Parameter din0_WIDTH bound to: 10 - type: integer 
	Parameter din1_WIDTH bound to: 8 - type: integer 
	Parameter dout_WIDTH bound to: 18 - type: integer 
	Parameter ID bound to: 1 - type: integer 
	Parameter NUM_STAGE bound to: 1 - type: integer 
	Parameter din0_WIDTH bound to: 10 - type: integer 
	Parameter din1_WIDTH bound to: 8 - type: integer 
	Parameter dout_WIDTH bound to: 18 - type: integer 
	Parameter ID bound to: 1 - type: integer 
	Parameter NUM_STAGE bound to: 1 - type: integer 
	Parameter din0_WIDTH bound to: 10 - type: integer 
	Parameter din1_WIDTH bound to: 8 - type: integer 
	Parameter dout_WIDTH bound to: 18 - type: integer 
	Parameter ID bound to: 1 - type: integer 
	Parameter NUM_STAGE bound to: 1 - type: integer 
	Parameter din0_WIDTH bound to: 10 - type: integer 
	Parameter din1_WIDTH bound to: 8 - type: integer 
	Parameter dout_WIDTH bound to: 18 - type: integer 
	Parameter ID bound to: 1 - type: integer 
	Parameter NUM_STAGE bound to: 1 - type: integer 
	Parameter din0_WIDTH bound to: 10 - type: integer 
	Parameter din1_WIDTH bound to: 8 - type: integer 
	Parameter dout_WIDTH bound to: 18 - type: integer 
	Parameter ID bound to: 1 - type: integer 
	Parameter NUM_STAGE bound to: 1 - type: integer 
	Parameter din0_WIDTH bound to: 10 - type: integer 
	Parameter din1_WIDTH bound to: 8 - type: integer 
	Parameter dout_WIDTH bound to: 18 - type: integer 
	Parameter ID bound to: 1 - type: integer 
	Parameter NUM_STAGE bound to: 1 - type: integer 
	Parameter din0_WIDTH bound to: 10 - type: integer 
	Parameter din1_WIDTH bound to: 8 - type: integer 
	Parameter dout_WIDTH bound to: 18 - type: integer 
	Parameter ID bound to: 1 - type: integer 
	Parameter NUM_STAGE bound to: 1 - type: integer 
	Parameter din0_WIDTH bound to: 10 - type: integer 
	Parameter din1_WIDTH bound to: 8 - type: integer 
	Parameter dout_WIDTH bound to: 18 - type: integer 
	Parameter ID bound to: 1 - type: integer 
	Parameter NUM_STAGE bound to: 1 - type: integer 
	Parameter din0_WIDTH bound to: 10 - type: integer 
	Parameter din1_WIDTH bound to: 8 - type: integer 
	Parameter dout_WIDTH bound to: 18 - type: integer 
	Parameter ID bound to: 1 - type: integer 
	Parameter NUM_STAGE bound to: 1 - type: integer 
	Parameter din0_WIDTH bound to: 10 - type: integer 
	Parameter din1_WIDTH bound to: 8 - type: integer 
	Parameter dout_WIDTH bound to: 18 - type: integer 
	Parameter ID bound to: 1 - type: integer 
	Parameter NUM_STAGE bound to: 1 - type: integer 
	Parameter din0_WIDTH bound to: 10 - type: integer 
	Parameter din1_WIDTH bound to: 8 - type: integer 
	Parameter dout_WIDTH bound to: 18 - type: integer 
	Parameter ID bound to: 1 - type: integer 
	Parameter NUM_STAGE bound to: 1 - type: integer 
	Parameter din0_WIDTH bound to: 10 - type: integer 
	Parameter din1_WIDTH bound to: 8 - type: integer 
	Parameter dout_WIDTH bound to: 18 - type: integer 
	Parameter ID bound to: 1 - type: integer 
	Parameter NUM_STAGE bound to: 1 - type: integer 
	Parameter din0_WIDTH bound to: 10 - type: integer 
	Parameter din1_WIDTH bound to: 8 - type: integer 
	Parameter dout_WIDTH bound to: 18 - type: integer 
	Parameter ID bound to: 1 - type: integer 
	Parameter NUM_STAGE bound to: 1 - type: integer 
	Parameter din0_WIDTH bound to: 10 - type: integer 
	Parameter din1_WIDTH bound to: 8 - type: integer 
	Parameter dout_WIDTH bound to: 18 - type: integer 
	Parameter ID bound to: 1 - type: integer 
	Parameter NUM_STAGE bound to: 1 - type: integer 
	Parameter din0_WIDTH bound to: 10 - type: integer 
	Parameter din1_WIDTH bound to: 8 - type: integer 
	Parameter dout_WIDTH bound to: 18 - type: integer 
	Parameter ID bound to: 1 - type: integer 
	Parameter NUM_STAGE bound to: 1 - type: integer 
	Parameter din0_WIDTH bound to: 10 - type: integer 
	Parameter din1_WIDTH bound to: 8 - type: integer 
	Parameter dout_WIDTH bound to: 18 - type: integer 
	Parameter ID bound to: 1 - type: integer 
	Parameter NUM_STAGE bound to: 1 - type: integer 
	Parameter din0_WIDTH bound to: 10 - type: integer 
	Parameter din1_WIDTH bound to: 8 - type: integer 
	Parameter dout_WIDTH bound to: 18 - type: integer 
	Parameter ID bound to: 1 - type: integer 
	Parameter NUM_STAGE bound to: 1 - type: integer 
	Parameter din0_WIDTH bound to: 10 - type: integer 
	Parameter din1_WIDTH bound to: 8 - type: integer 
	Parameter dout_WIDTH bound to: 18 - type: integer 
	Parameter ID bound to: 1 - type: integer 
	Parameter NUM_STAGE bound to: 1 - type: integer 
	Parameter din0_WIDTH bound to: 10 - type: integer 
	Parameter din1_WIDTH bound to: 8 - type: integer 
	Parameter dout_WIDTH bound to: 18 - type: integer 
	Parameter ID bound to: 1 - type: integer 
	Parameter NUM_STAGE bound to: 1 - type: integer 
	Parameter din0_WIDTH bound to: 10 - type: integer 
	Parameter din1_WIDTH bound to: 8 - type: integer 
	Parameter dout_WIDTH bound to: 18 - type: integer 
	Parameter ID bound to: 1 - type: integer 
	Parameter NUM_STAGE bound to: 1 - type: integer 
	Parameter din0_WIDTH bound to: 10 - type: integer 
	Parameter din1_WIDTH bound to: 8 - type: integer 
	Parameter dout_WIDTH bound to: 18 - type: integer 
	Parameter ID bound to: 1 - type: integer 
	Parameter NUM_STAGE bound to: 1 - type: integer 
	Parameter din0_WIDTH bound to: 10 - type: integer 
	Parameter din1_WIDTH bound to: 8 - type: integer 
	Parameter dout_WIDTH bound to: 18 - type: integer 
	Parameter ID bound to: 1 - type: integer 
	Parameter NUM_STAGE bound to: 1 - type: integer 
	Parameter din0_WIDTH bound to: 10 - type: integer 
	Parameter din1_WIDTH bound to: 8 - type: integer 
	Parameter dout_WIDTH bound to: 18 - type: integer 
	Parameter ID bound to: 1 - type: integer 
	Parameter NUM_STAGE bound to: 1 - type: integer 
	Parameter din0_WIDTH bound to: 10 - type: integer 
	Parameter din1_WIDTH bound to: 8 - type: integer 
	Parameter dout_WIDTH bound to: 18 - type: integer 
	Parameter ID bound to: 1 - type: integer 
	Parameter NUM_STAGE bound to: 1 - type: integer 
	Parameter din0_WIDTH bound to: 10 - type: integer 
	Parameter din1_WIDTH bound to: 8 - type: integer 
	Parameter dout_WIDTH bound to: 18 - type: integer 
	Parameter ID bound to: 1 - type: integer 
	Parameter NUM_STAGE bound to: 1 - type: integer 
	Parameter din0_WIDTH bound to: 10 - type: integer 
	Parameter din1_WIDTH bound to: 8 - type: integer 
	Parameter dout_WIDTH bound to: 18 - type: integer 
	Parameter ID bound to: 1 - type: integer 
	Parameter NUM_STAGE bound to: 1 - type: integer 
	Parameter din0_WIDTH bound to: 10 - type: integer 
	Parameter din1_WIDTH bound to: 8 - type: integer 
	Parameter dout_WIDTH bound to: 18 - type: integer 
	Parameter ID bound to: 1 - type: integer 
	Parameter NUM_STAGE bound to: 1 - type: integer 
	Parameter din0_WIDTH bound to: 10 - type: integer 
	Parameter din1_WIDTH bound to: 8 - type: integer 
	Parameter dout_WIDTH bound to: 18 - type: integer 
	Parameter ID bound to: 1 - type: integer 
	Parameter NUM_STAGE bound to: 1 - type: integer 
	Parameter din0_WIDTH bound to: 10 - type: integer 
	Parameter din1_WIDTH bound to: 8 - type: integer 
	Parameter dout_WIDTH bound to: 18 - type: integer 
	Parameter ID bound to: 1 - type: integer 
	Parameter NUM_STAGE bound to: 1 - type: integer 
	Parameter din0_WIDTH bound to: 10 - type: integer 
	Parameter din1_WIDTH bound to: 8 - type: integer 
	Parameter dout_WIDTH bound to: 18 - type: integer 
	Parameter ID bound to: 1 - type: integer 
	Parameter NUM_STAGE bound to: 1 - type: integer 
	Parameter din0_WIDTH bound to: 10 - type: integer 
	Parameter din1_WIDTH bound to: 8 - type: integer 
	Parameter dout_WIDTH bound to: 18 - type: integer 
	Parameter ID bound to: 1 - type: integer 
	Parameter NUM_STAGE bound to: 1 - type: integer 
	Parameter din0_WIDTH bound to: 10 - type: integer 
	Parameter din1_WIDTH bound to: 8 - type: integer 
	Parameter dout_WIDTH bound to: 18 - type: integer 
	Parameter ID bound to: 1 - type: integer 
	Parameter NUM_STAGE bound to: 1 - type: integer 
	Parameter din0_WIDTH bound to: 10 - type: integer 
	Parameter din1_WIDTH bound to: 8 - type: integer 
	Parameter dout_WIDTH bound to: 18 - type: integer 
	Parameter ID bound to: 1 - type: integer 
	Parameter NUM_STAGE bound to: 1 - type: integer 
	Parameter din0_WIDTH bound to: 10 - type: integer 
	Parameter din1_WIDTH bound to: 8 - type: integer 
	Parameter dout_WIDTH bound to: 18 - type: integer 
	Parameter ID bound to: 1 - type: integer 
	Parameter NUM_STAGE bound to: 1 - type: integer 
	Parameter din0_WIDTH bound to: 10 - type: integer 
	Parameter din1_WIDTH bound to: 8 - type: integer 
	Parameter dout_WIDTH bound to: 18 - type: integer 
	Parameter ID bound to: 1 - type: integer 
	Parameter NUM_STAGE bound to: 1 - type: integer 
	Parameter din0_WIDTH bound to: 10 - type: integer 
	Parameter din1_WIDTH bound to: 8 - type: integer 
	Parameter dout_WIDTH bound to: 18 - type: integer 
	Parameter ID bound to: 1 - type: integer 
	Parameter NUM_STAGE bound to: 1 - type: integer 
	Parameter din0_WIDTH bound to: 10 - type: integer 
	Parameter din1_WIDTH bound to: 8 - type: integer 
	Parameter dout_WIDTH bound to: 18 - type: integer 
	Parameter ID bound to: 1 - type: integer 
	Parameter NUM_STAGE bound to: 1 - type: integer 
	Parameter din0_WIDTH bound to: 10 - type: integer 
	Parameter din1_WIDTH bound to: 8 - type: integer 
	Parameter dout_WIDTH bound to: 18 - type: integer 
	Parameter ID bound to: 1 - type: integer 
	Parameter NUM_STAGE bound to: 1 - type: integer 
	Parameter din0_WIDTH bound to: 10 - type: integer 
	Parameter din1_WIDTH bound to: 8 - type: integer 
	Parameter dout_WIDTH bound to: 18 - type: integer 
	Parameter ID bound to: 1 - type: integer 
	Parameter NUM_STAGE bound to: 1 - type: integer 
	Parameter din0_WIDTH bound to: 10 - type: integer 
	Parameter din1_WIDTH bound to: 8 - type: integer 
	Parameter dout_WIDTH bound to: 18 - type: integer 
	Parameter ID bound to: 1 - type: integer 
	Parameter NUM_STAGE bound to: 1 - type: integer 
	Parameter din0_WIDTH bound to: 10 - type: integer 
	Parameter din1_WIDTH bound to: 8 - type: integer 
	Parameter dout_WIDTH bound to: 18 - type: integer 
	Parameter ID bound to: 1 - type: integer 
	Parameter NUM_STAGE bound to: 1 - type: integer 
	Parameter din0_WIDTH bound to: 10 - type: integer 
	Parameter din1_WIDTH bound to: 8 - type: integer 
	Parameter dout_WIDTH bound to: 18 - type: integer 
	Parameter ID bound to: 1 - type: integer 
	Parameter NUM_STAGE bound to: 1 - type: integer 
	Parameter din0_WIDTH bound to: 10 - type: integer 
	Parameter din1_WIDTH bound to: 8 - type: integer 
	Parameter dout_WIDTH bound to: 18 - type: integer 
	Parameter ID bound to: 1 - type: integer 
	Parameter NUM_STAGE bound to: 1 - type: integer 
	Parameter din0_WIDTH bound to: 10 - type: integer 
	Parameter din1_WIDTH bound to: 8 - type: integer 
	Parameter dout_WIDTH bound to: 18 - type: integer 
	Parameter ID bound to: 1 - type: integer 
	Parameter NUM_STAGE bound to: 1 - type: integer 
	Parameter din0_WIDTH bound to: 10 - type: integer 
	Parameter din1_WIDTH bound to: 8 - type: integer 
	Parameter dout_WIDTH bound to: 18 - type: integer 
	Parameter ID bound to: 1 - type: integer 
	Parameter NUM_STAGE bound to: 1 - type: integer 
	Parameter din0_WIDTH bound to: 10 - type: integer 
	Parameter din1_WIDTH bound to: 8 - type: integer 
	Parameter dout_WIDTH bound to: 18 - type: integer 
	Parameter ID bound to: 1 - type: integer 
	Parameter NUM_STAGE bound to: 1 - type: integer 
	Parameter din0_WIDTH bound to: 10 - type: integer 
	Parameter din1_WIDTH bound to: 8 - type: integer 
	Parameter dout_WIDTH bound to: 18 - type: integer 
	Parameter ID bound to: 1 - type: integer 
	Parameter NUM_STAGE bound to: 1 - type: integer 
	Parameter din0_WIDTH bound to: 10 - type: integer 
	Parameter din1_WIDTH bound to: 8 - type: integer 
	Parameter dout_WIDTH bound to: 18 - type: integer 
	Parameter ID bound to: 1 - type: integer 
	Parameter NUM_STAGE bound to: 1 - type: integer 
	Parameter din0_WIDTH bound to: 10 - type: integer 
	Parameter din1_WIDTH bound to: 8 - type: integer 
	Parameter dout_WIDTH bound to: 18 - type: integer 
	Parameter ID bound to: 1 - type: integer 
	Parameter NUM_STAGE bound to: 1 - type: integer 
	Parameter din0_WIDTH bound to: 10 - type: integer 
	Parameter din1_WIDTH bound to: 8 - type: integer 
	Parameter dout_WIDTH bound to: 18 - type: integer 
	Parameter ID bound to: 1 - type: integer 
	Parameter NUM_STAGE bound to: 1 - type: integer 
	Parameter din0_WIDTH bound to: 10 - type: integer 
	Parameter din1_WIDTH bound to: 8 - type: integer 
	Parameter dout_WIDTH bound to: 18 - type: integer 
	Parameter ID bound to: 1 - type: integer 
	Parameter NUM_STAGE bound to: 1 - type: integer 
	Parameter din0_WIDTH bound to: 10 - type: integer 
	Parameter din1_WIDTH bound to: 8 - type: integer 
	Parameter dout_WIDTH bound to: 18 - type: integer 
	Parameter ID bound to: 1 - type: integer 
	Parameter NUM_STAGE bound to: 1 - type: integer 
	Parameter din0_WIDTH bound to: 10 - type: integer 
	Parameter din1_WIDTH bound to: 8 - type: integer 
	Parameter dout_WIDTH bound to: 18 - type: integer 
	Parameter ID bound to: 1 - type: integer 
	Parameter NUM_STAGE bound to: 1 - type: integer 
	Parameter din0_WIDTH bound to: 10 - type: integer 
	Parameter din1_WIDTH bound to: 8 - type: integer 
	Parameter dout_WIDTH bound to: 18 - type: integer 
	Parameter ID bound to: 1 - type: integer 
	Parameter NUM_STAGE bound to: 1 - type: integer 
	Parameter din0_WIDTH bound to: 10 - type: integer 
	Parameter din1_WIDTH bound to: 8 - type: integer 
	Parameter dout_WIDTH bound to: 18 - type: integer 
	Parameter ID bound to: 1 - type: integer 
	Parameter NUM_STAGE bound to: 1 - type: integer 
	Parameter din0_WIDTH bound to: 10 - type: integer 
	Parameter din1_WIDTH bound to: 8 - type: integer 
	Parameter dout_WIDTH bound to: 18 - type: integer 
	Parameter ID bound to: 1 - type: integer 
	Parameter NUM_STAGE bound to: 1 - type: integer 
	Parameter din0_WIDTH bound to: 10 - type: integer 
	Parameter din1_WIDTH bound to: 8 - type: integer 
	Parameter dout_WIDTH bound to: 18 - type: integer 
	Parameter ID bound to: 1 - type: integer 
	Parameter NUM_STAGE bound to: 1 - type: integer 
	Parameter din0_WIDTH bound to: 10 - type: integer 
	Parameter din1_WIDTH bound to: 8 - type: integer 
	Parameter dout_WIDTH bound to: 18 - type: integer 
	Parameter ID bound to: 1 - type: integer 
	Parameter NUM_STAGE bound to: 1 - type: integer 
	Parameter din0_WIDTH bound to: 10 - type: integer 
	Parameter din1_WIDTH bound to: 8 - type: integer 
	Parameter dout_WIDTH bound to: 18 - type: integer 
	Parameter ID bound to: 1 - type: integer 
	Parameter NUM_STAGE bound to: 1 - type: integer 
	Parameter din0_WIDTH bound to: 10 - type: integer 
	Parameter din1_WIDTH bound to: 8 - type: integer 
	Parameter dout_WIDTH bound to: 18 - type: integer 
	Parameter ID bound to: 1 - type: integer 
	Parameter NUM_STAGE bound to: 1 - type: integer 
	Parameter din0_WIDTH bound to: 10 - type: integer 
	Parameter din1_WIDTH bound to: 8 - type: integer 
	Parameter dout_WIDTH bound to: 18 - type: integer 
	Parameter ID bound to: 1 - type: integer 
	Parameter NUM_STAGE bound to: 1 - type: integer 
	Parameter din0_WIDTH bound to: 10 - type: integer 
	Parameter din1_WIDTH bound to: 8 - type: integer 
	Parameter dout_WIDTH bound to: 18 - type: integer 
	Parameter ID bound to: 1 - type: integer 
	Parameter NUM_STAGE bound to: 1 - type: integer 
	Parameter din0_WIDTH bound to: 10 - type: integer 
	Parameter din1_WIDTH bound to: 8 - type: integer 
	Parameter dout_WIDTH bound to: 18 - type: integer 
	Parameter ID bound to: 1 - type: integer 
	Parameter NUM_STAGE bound to: 1 - type: integer 
	Parameter din0_WIDTH bound to: 10 - type: integer 
	Parameter din1_WIDTH bound to: 8 - type: integer 
	Parameter dout_WIDTH bound to: 18 - type: integer 
	Parameter ID bound to: 1 - type: integer 
	Parameter NUM_STAGE bound to: 1 - type: integer 
	Parameter din0_WIDTH bound to: 10 - type: integer 
	Parameter din1_WIDTH bound to: 8 - type: integer 
	Parameter dout_WIDTH bound to: 18 - type: integer 
	Parameter ID bound to: 1 - type: integer 
	Parameter NUM_STAGE bound to: 1 - type: integer 
	Parameter din0_WIDTH bound to: 10 - type: integer 
	Parameter din1_WIDTH bound to: 8 - type: integer 
	Parameter dout_WIDTH bound to: 18 - type: integer 
	Parameter ID bound to: 1 - type: integer 
	Parameter NUM_STAGE bound to: 1 - type: integer 
	Parameter din0_WIDTH bound to: 10 - type: integer 
	Parameter din1_WIDTH bound to: 8 - type: integer 
	Parameter dout_WIDTH bound to: 18 - type: integer 
	Parameter ID bound to: 1 - type: integer 
	Parameter NUM_STAGE bound to: 1 - type: integer 
	Parameter din0_WIDTH bound to: 10 - type: integer 
	Parameter din1_WIDTH bound to: 8 - type: integer 
	Parameter dout_WIDTH bound to: 18 - type: integer 
	Parameter ID bound to: 1 - type: integer 
	Parameter NUM_STAGE bound to: 1 - type: integer 
	Parameter din0_WIDTH bound to: 10 - type: integer 
	Parameter din1_WIDTH bound to: 8 - type: integer 
	Parameter dout_WIDTH bound to: 18 - type: integer 
	Parameter ID bound to: 1 - type: integer 
	Parameter NUM_STAGE bound to: 1 - type: integer 
	Parameter din0_WIDTH bound to: 10 - type: integer 
	Parameter din1_WIDTH bound to: 8 - type: integer 
	Parameter dout_WIDTH bound to: 18 - type: integer 
	Parameter ID bound to: 1 - type: integer 
	Parameter NUM_STAGE bound to: 1 - type: integer 
	Parameter din0_WIDTH bound to: 10 - type: integer 
	Parameter din1_WIDTH bound to: 8 - type: integer 
	Parameter dout_WIDTH bound to: 18 - type: integer 
	Parameter ID bound to: 1 - type: integer 
	Parameter NUM_STAGE bound to: 1 - type: integer 
	Parameter din0_WIDTH bound to: 10 - type: integer 
	Parameter din1_WIDTH bound to: 8 - type: integer 
	Parameter dout_WIDTH bound to: 18 - type: integer 
	Parameter ID bound to: 1 - type: integer 
	Parameter NUM_STAGE bound to: 1 - type: integer 
	Parameter din0_WIDTH bound to: 10 - type: integer 
	Parameter din1_WIDTH bound to: 8 - type: integer 
	Parameter dout_WIDTH bound to: 18 - type: integer 
	Parameter ID bound to: 1 - type: integer 
	Parameter NUM_STAGE bound to: 1 - type: integer 
	Parameter din0_WIDTH bound to: 10 - type: integer 
	Parameter din1_WIDTH bound to: 8 - type: integer 
	Parameter dout_WIDTH bound to: 18 - type: integer 
	Parameter ID bound to: 1 - type: integer 
	Parameter NUM_STAGE bound to: 1 - type: integer 
	Parameter din0_WIDTH bound to: 10 - type: integer 
	Parameter din1_WIDTH bound to: 8 - type: integer 
	Parameter dout_WIDTH bound to: 18 - type: integer 
	Parameter ID bound to: 1 - type: integer 
	Parameter NUM_STAGE bound to: 1 - type: integer 
	Parameter din0_WIDTH bound to: 10 - type: integer 
	Parameter din1_WIDTH bound to: 8 - type: integer 
	Parameter dout_WIDTH bound to: 18 - type: integer 
	Parameter ID bound to: 1 - type: integer 
	Parameter NUM_STAGE bound to: 1 - type: integer 
	Parameter din0_WIDTH bound to: 10 - type: integer 
	Parameter din1_WIDTH bound to: 8 - type: integer 
	Parameter dout_WIDTH bound to: 18 - type: integer 
	Parameter ID bound to: 1 - type: integer 
	Parameter NUM_STAGE bound to: 1 - type: integer 
	Parameter din0_WIDTH bound to: 10 - type: integer 
	Parameter din1_WIDTH bound to: 8 - type: integer 
	Parameter dout_WIDTH bound to: 18 - type: integer 
	Parameter ID bound to: 1 - type: integer 
	Parameter NUM_STAGE bound to: 1 - type: integer 
	Parameter din0_WIDTH bound to: 10 - type: integer 
	Parameter din1_WIDTH bound to: 8 - type: integer 
	Parameter dout_WIDTH bound to: 18 - type: integer 
	Parameter ID bound to: 1 - type: integer 
	Parameter NUM_STAGE bound to: 1 - type: integer 
	Parameter din0_WIDTH bound to: 10 - type: integer 
	Parameter din1_WIDTH bound to: 8 - type: integer 
	Parameter dout_WIDTH bound to: 18 - type: integer 
	Parameter ID bound to: 1 - type: integer 
	Parameter NUM_STAGE bound to: 1 - type: integer 
	Parameter din0_WIDTH bound to: 10 - type: integer 
	Parameter din1_WIDTH bound to: 8 - type: integer 
	Parameter dout_WIDTH bound to: 18 - type: integer 
	Parameter ID bound to: 1 - type: integer 
	Parameter NUM_STAGE bound to: 1 - type: integer 
	Parameter din0_WIDTH bound to: 10 - type: integer 
	Parameter din1_WIDTH bound to: 8 - type: integer 
	Parameter dout_WIDTH bound to: 18 - type: integer 
	Parameter ID bound to: 1 - type: integer 
	Parameter NUM_STAGE bound to: 1 - type: integer 
	Parameter din0_WIDTH bound to: 10 - type: integer 
	Parameter din1_WIDTH bound to: 8 - type: integer 
	Parameter dout_WIDTH bound to: 18 - type: integer 
	Parameter ID bound to: 1 - type: integer 
	Parameter NUM_STAGE bound to: 1 - type: integer 
	Parameter din0_WIDTH bound to: 10 - type: integer 
	Parameter din1_WIDTH bound to: 8 - type: integer 
	Parameter dout_WIDTH bound to: 18 - type: integer 
	Parameter ID bound to: 1 - type: integer 
	Parameter NUM_STAGE bound to: 1 - type: integer 
	Parameter din0_WIDTH bound to: 10 - type: integer 
	Parameter din1_WIDTH bound to: 8 - type: integer 
	Parameter dout_WIDTH bound to: 18 - type: integer 
	Parameter ID bound to: 1 - type: integer 
	Parameter NUM_STAGE bound to: 1 - type: integer 
	Parameter din0_WIDTH bound to: 10 - type: integer 
	Parameter din1_WIDTH bound to: 8 - type: integer 
	Parameter dout_WIDTH bound to: 18 - type: integer 
	Parameter ID bound to: 1 - type: integer 
	Parameter NUM_STAGE bound to: 1 - type: integer 
	Parameter din0_WIDTH bound to: 10 - type: integer 
	Parameter din1_WIDTH bound to: 8 - type: integer 
	Parameter dout_WIDTH bound to: 18 - type: integer 
	Parameter ID bound to: 1 - type: integer 
	Parameter NUM_STAGE bound to: 1 - type: integer 
	Parameter din0_WIDTH bound to: 10 - type: integer 
	Parameter din1_WIDTH bound to: 8 - type: integer 
	Parameter dout_WIDTH bound to: 18 - type: integer 
	Parameter ID bound to: 1 - type: integer 
	Parameter NUM_STAGE bound to: 1 - type: integer 
	Parameter din0_WIDTH bound to: 10 - type: integer 
	Parameter din1_WIDTH bound to: 8 - type: integer 
	Parameter dout_WIDTH bound to: 18 - type: integer 
	Parameter ID bound to: 1 - type: integer 
	Parameter NUM_STAGE bound to: 1 - type: integer 
	Parameter din0_WIDTH bound to: 10 - type: integer 
	Parameter din1_WIDTH bound to: 8 - type: integer 
	Parameter dout_WIDTH bound to: 18 - type: integer 
	Parameter ID bound to: 1 - type: integer 
	Parameter NUM_STAGE bound to: 1 - type: integer 
	Parameter din0_WIDTH bound to: 10 - type: integer 
	Parameter din1_WIDTH bound to: 8 - type: integer 
	Parameter dout_WIDTH bound to: 18 - type: integer 
	Parameter ID bound to: 1 - type: integer 
	Parameter NUM_STAGE bound to: 1 - type: integer 
	Parameter din0_WIDTH bound to: 10 - type: integer 
	Parameter din1_WIDTH bound to: 8 - type: integer 
	Parameter dout_WIDTH bound to: 18 - type: integer 
	Parameter ID bound to: 1 - type: integer 
	Parameter NUM_STAGE bound to: 1 - type: integer 
	Parameter din0_WIDTH bound to: 10 - type: integer 
	Parameter din1_WIDTH bound to: 8 - type: integer 
	Parameter dout_WIDTH bound to: 18 - type: integer 
	Parameter ID bound to: 1 - type: integer 
	Parameter NUM_STAGE bound to: 1 - type: integer 
	Parameter din0_WIDTH bound to: 10 - type: integer 
	Parameter din1_WIDTH bound to: 8 - type: integer 
	Parameter dout_WIDTH bound to: 18 - type: integer 
	Parameter ID bound to: 1 - type: integer 
	Parameter NUM_STAGE bound to: 1 - type: integer 
	Parameter din0_WIDTH bound to: 10 - type: integer 
	Parameter din1_WIDTH bound to: 8 - type: integer 
	Parameter dout_WIDTH bound to: 18 - type: integer 
	Parameter ID bound to: 1 - type: integer 
	Parameter NUM_STAGE bound to: 1 - type: integer 
	Parameter din0_WIDTH bound to: 10 - type: integer 
	Parameter din1_WIDTH bound to: 8 - type: integer 
	Parameter dout_WIDTH bound to: 18 - type: integer 
	Parameter ID bound to: 1 - type: integer 
	Parameter NUM_STAGE bound to: 1 - type: integer 
	Parameter din0_WIDTH bound to: 10 - type: integer 
	Parameter din1_WIDTH bound to: 8 - type: integer 
	Parameter dout_WIDTH bound to: 18 - type: integer 
	Parameter ID bound to: 1 - type: integer 
	Parameter NUM_STAGE bound to: 1 - type: integer 
	Parameter din0_WIDTH bound to: 10 - type: integer 
	Parameter din1_WIDTH bound to: 8 - type: integer 
	Parameter dout_WIDTH bound to: 18 - type: integer 
	Parameter ID bound to: 1 - type: integer 
	Parameter NUM_STAGE bound to: 1 - type: integer 
	Parameter din0_WIDTH bound to: 10 - type: integer 
	Parameter din1_WIDTH bound to: 8 - type: integer 
	Parameter dout_WIDTH bound to: 18 - type: integer 
	Parameter ID bound to: 1 - type: integer 
	Parameter NUM_STAGE bound to: 1 - type: integer 
	Parameter din0_WIDTH bound to: 10 - type: integer 
	Parameter din1_WIDTH bound to: 8 - type: integer 
	Parameter dout_WIDTH bound to: 18 - type: integer 
	Parameter ID bound to: 1 - type: integer 
	Parameter NUM_STAGE bound to: 1 - type: integer 
	Parameter din0_WIDTH bound to: 10 - type: integer 
	Parameter din1_WIDTH bound to: 8 - type: integer 
	Parameter dout_WIDTH bound to: 18 - type: integer 
	Parameter ID bound to: 1 - type: integer 
	Parameter NUM_STAGE bound to: 1 - type: integer 
	Parameter din0_WIDTH bound to: 10 - type: integer 
	Parameter din1_WIDTH bound to: 8 - type: integer 
	Parameter dout_WIDTH bound to: 18 - type: integer 
	Parameter ID bound to: 1 - type: integer 
	Parameter NUM_STAGE bound to: 1 - type: integer 
	Parameter din0_WIDTH bound to: 10 - type: integer 
	Parameter din1_WIDTH bound to: 8 - type: integer 
	Parameter dout_WIDTH bound to: 18 - type: integer 
	Parameter ID bound to: 1 - type: integer 
	Parameter NUM_STAGE bound to: 1 - type: integer 
	Parameter din0_WIDTH bound to: 10 - type: integer 
	Parameter din1_WIDTH bound to: 8 - type: integer 
	Parameter dout_WIDTH bound to: 18 - type: integer 
	Parameter ID bound to: 1 - type: integer 
	Parameter NUM_STAGE bound to: 1 - type: integer 
	Parameter din0_WIDTH bound to: 10 - type: integer 
	Parameter din1_WIDTH bound to: 8 - type: integer 
	Parameter dout_WIDTH bound to: 18 - type: integer 
	Parameter ID bound to: 1 - type: integer 
	Parameter NUM_STAGE bound to: 1 - type: integer 
	Parameter din0_WIDTH bound to: 10 - type: integer 
	Parameter din1_WIDTH bound to: 8 - type: integer 
	Parameter dout_WIDTH bound to: 18 - type: integer 
	Parameter ID bound to: 1 - type: integer 
	Parameter NUM_STAGE bound to: 1 - type: integer 
	Parameter din0_WIDTH bound to: 10 - type: integer 
	Parameter din1_WIDTH bound to: 8 - type: integer 
	Parameter dout_WIDTH bound to: 18 - type: integer 
	Parameter ID bound to: 1 - type: integer 
	Parameter NUM_STAGE bound to: 1 - type: integer 
	Parameter din0_WIDTH bound to: 10 - type: integer 
	Parameter din1_WIDTH bound to: 8 - type: integer 
	Parameter dout_WIDTH bound to: 18 - type: integer 
	Parameter ID bound to: 1 - type: integer 
	Parameter NUM_STAGE bound to: 1 - type: integer 
	Parameter din0_WIDTH bound to: 10 - type: integer 
	Parameter din1_WIDTH bound to: 8 - type: integer 
	Parameter dout_WIDTH bound to: 18 - type: integer 
	Parameter ID bound to: 1 - type: integer 
	Parameter NUM_STAGE bound to: 1 - type: integer 
	Parameter din0_WIDTH bound to: 10 - type: integer 
	Parameter din1_WIDTH bound to: 8 - type: integer 
	Parameter dout_WIDTH bound to: 18 - type: integer 
	Parameter ID bound to: 1 - type: integer 
	Parameter NUM_STAGE bound to: 1 - type: integer 
	Parameter din0_WIDTH bound to: 10 - type: integer 
	Parameter din1_WIDTH bound to: 8 - type: integer 
	Parameter dout_WIDTH bound to: 18 - type: integer 
	Parameter ID bound to: 1 - type: integer 
	Parameter NUM_STAGE bound to: 1 - type: integer 
	Parameter din0_WIDTH bound to: 10 - type: integer 
	Parameter din1_WIDTH bound to: 8 - type: integer 
	Parameter dout_WIDTH bound to: 18 - type: integer 
	Parameter ID bound to: 1 - type: integer 
	Parameter NUM_STAGE bound to: 1 - type: integer 
	Parameter din0_WIDTH bound to: 10 - type: integer 
	Parameter din1_WIDTH bound to: 8 - type: integer 
	Parameter dout_WIDTH bound to: 18 - type: integer 
	Parameter ID bound to: 1 - type: integer 
	Parameter NUM_STAGE bound to: 1 - type: integer 
	Parameter din0_WIDTH bound to: 10 - type: integer 
	Parameter din1_WIDTH bound to: 8 - type: integer 
	Parameter dout_WIDTH bound to: 18 - type: integer 
	Parameter ID bound to: 1 - type: integer 
	Parameter NUM_STAGE bound to: 1 - type: integer 
	Parameter din0_WIDTH bound to: 10 - type: integer 
	Parameter din1_WIDTH bound to: 8 - type: integer 
	Parameter dout_WIDTH bound to: 18 - type: integer 
	Parameter ID bound to: 1 - type: integer 
	Parameter NUM_STAGE bound to: 1 - type: integer 
	Parameter din0_WIDTH bound to: 10 - type: integer 
	Parameter din1_WIDTH bound to: 8 - type: integer 
	Parameter dout_WIDTH bound to: 18 - type: integer 
	Parameter ID bound to: 1 - type: integer 
	Parameter NUM_STAGE bound to: 1 - type: integer 
	Parameter din0_WIDTH bound to: 10 - type: integer 
	Parameter din1_WIDTH bound to: 8 - type: integer 
	Parameter dout_WIDTH bound to: 18 - type: integer 
	Parameter ID bound to: 1 - type: integer 
	Parameter NUM_STAGE bound to: 1 - type: integer 
	Parameter din0_WIDTH bound to: 10 - type: integer 
	Parameter din1_WIDTH bound to: 8 - type: integer 
	Parameter dout_WIDTH bound to: 18 - type: integer 
	Parameter ID bound to: 1 - type: integer 
	Parameter NUM_STAGE bound to: 1 - type: integer 
	Parameter din0_WIDTH bound to: 10 - type: integer 
	Parameter din1_WIDTH bound to: 8 - type: integer 
	Parameter dout_WIDTH bound to: 18 - type: integer 
	Parameter ID bound to: 1 - type: integer 
	Parameter NUM_STAGE bound to: 1 - type: integer 
	Parameter din0_WIDTH bound to: 10 - type: integer 
	Parameter din1_WIDTH bound to: 8 - type: integer 
	Parameter dout_WIDTH bound to: 18 - type: integer 
	Parameter ID bound to: 1 - type: integer 
	Parameter NUM_STAGE bound to: 1 - type: integer 
	Parameter din0_WIDTH bound to: 10 - type: integer 
	Parameter din1_WIDTH bound to: 8 - type: integer 
	Parameter dout_WIDTH bound to: 18 - type: integer 
	Parameter ID bound to: 1 - type: integer 
	Parameter NUM_STAGE bound to: 1 - type: integer 
	Parameter din0_WIDTH bound to: 10 - type: integer 
	Parameter din1_WIDTH bound to: 8 - type: integer 
	Parameter dout_WIDTH bound to: 18 - type: integer 
	Parameter ID bound to: 1 - type: integer 
	Parameter NUM_STAGE bound to: 1 - type: integer 
	Parameter din0_WIDTH bound to: 10 - type: integer 
	Parameter din1_WIDTH bound to: 8 - type: integer 
	Parameter dout_WIDTH bound to: 18 - type: integer 
	Parameter ID bound to: 1 - type: integer 
	Parameter NUM_STAGE bound to: 1 - type: integer 
	Parameter din0_WIDTH bound to: 10 - type: integer 
	Parameter din1_WIDTH bound to: 8 - type: integer 
	Parameter dout_WIDTH bound to: 18 - type: integer 
	Parameter ID bound to: 1 - type: integer 
	Parameter NUM_STAGE bound to: 1 - type: integer 
	Parameter din0_WIDTH bound to: 10 - type: integer 
	Parameter din1_WIDTH bound to: 8 - type: integer 
	Parameter dout_WIDTH bound to: 18 - type: integer 
	Parameter ID bound to: 1 - type: integer 
	Parameter NUM_STAGE bound to: 1 - type: integer 
	Parameter din0_WIDTH bound to: 10 - type: integer 
	Parameter din1_WIDTH bound to: 8 - type: integer 
	Parameter dout_WIDTH bound to: 18 - type: integer 
	Parameter ID bound to: 1 - type: integer 
	Parameter NUM_STAGE bound to: 1 - type: integer 
	Parameter din0_WIDTH bound to: 10 - type: integer 
	Parameter din1_WIDTH bound to: 8 - type: integer 
	Parameter dout_WIDTH bound to: 18 - type: integer 
	Parameter ID bound to: 1 - type: integer 
	Parameter NUM_STAGE bound to: 1 - type: integer 
	Parameter din0_WIDTH bound to: 10 - type: integer 
	Parameter din1_WIDTH bound to: 8 - type: integer 
	Parameter dout_WIDTH bound to: 18 - type: integer 
	Parameter ID bound to: 1 - type: integer 
	Parameter NUM_STAGE bound to: 1 - type: integer 
	Parameter din0_WIDTH bound to: 10 - type: integer 
	Parameter din1_WIDTH bound to: 8 - type: integer 
	Parameter dout_WIDTH bound to: 18 - type: integer 
	Parameter ID bound to: 1 - type: integer 
	Parameter NUM_STAGE bound to: 1 - type: integer 
	Parameter din0_WIDTH bound to: 10 - type: integer 
	Parameter din1_WIDTH bound to: 8 - type: integer 
	Parameter dout_WIDTH bound to: 18 - type: integer 
	Parameter ID bound to: 1 - type: integer 
	Parameter NUM_STAGE bound to: 1 - type: integer 
	Parameter din0_WIDTH bound to: 10 - type: integer 
	Parameter din1_WIDTH bound to: 8 - type: integer 
	Parameter dout_WIDTH bound to: 18 - type: integer 
	Parameter ID bound to: 1 - type: integer 
	Parameter NUM_STAGE bound to: 1 - type: integer 
	Parameter din0_WIDTH bound to: 10 - type: integer 
	Parameter din1_WIDTH bound to: 8 - type: integer 
	Parameter dout_WIDTH bound to: 18 - type: integer 
	Parameter ID bound to: 1 - type: integer 
	Parameter NUM_STAGE bound to: 1 - type: integer 
	Parameter din0_WIDTH bound to: 10 - type: integer 
	Parameter din1_WIDTH bound to: 8 - type: integer 
	Parameter dout_WIDTH bound to: 18 - type: integer 
	Parameter ID bound to: 1 - type: integer 
	Parameter NUM_STAGE bound to: 1 - type: integer 
	Parameter din0_WIDTH bound to: 10 - type: integer 
	Parameter din1_WIDTH bound to: 8 - type: integer 
	Parameter dout_WIDTH bound to: 18 - type: integer 
	Parameter ID bound to: 1 - type: integer 
	Parameter NUM_STAGE bound to: 1 - type: integer 
	Parameter din0_WIDTH bound to: 10 - type: integer 
	Parameter din1_WIDTH bound to: 8 - type: integer 
	Parameter dout_WIDTH bound to: 18 - type: integer 
	Parameter ID bound to: 1 - type: integer 
	Parameter NUM_STAGE bound to: 1 - type: integer 
	Parameter din0_WIDTH bound to: 10 - type: integer 
	Parameter din1_WIDTH bound to: 8 - type: integer 
	Parameter dout_WIDTH bound to: 18 - type: integer 
	Parameter ID bound to: 1 - type: integer 
	Parameter NUM_STAGE bound to: 1 - type: integer 
	Parameter din0_WIDTH bound to: 10 - type: integer 
	Parameter din1_WIDTH bound to: 8 - type: integer 
	Parameter dout_WIDTH bound to: 18 - type: integer 
	Parameter ID bound to: 1 - type: integer 
	Parameter NUM_STAGE bound to: 1 - type: integer 
	Parameter din0_WIDTH bound to: 10 - type: integer 
	Parameter din1_WIDTH bound to: 8 - type: integer 
	Parameter dout_WIDTH bound to: 18 - type: integer 
	Parameter ID bound to: 1 - type: integer 
	Parameter NUM_STAGE bound to: 1 - type: integer 
	Parameter din0_WIDTH bound to: 10 - type: integer 
	Parameter din1_WIDTH bound to: 8 - type: integer 
	Parameter dout_WIDTH bound to: 18 - type: integer 
	Parameter ID bound to: 1 - type: integer 
	Parameter NUM_STAGE bound to: 1 - type: integer 
	Parameter din0_WIDTH bound to: 10 - type: integer 
	Parameter din1_WIDTH bound to: 8 - type: integer 
	Parameter dout_WIDTH bound to: 18 - type: integer 
	Parameter ID bound to: 1 - type: integer 
	Parameter NUM_STAGE bound to: 1 - type: integer 
	Parameter din0_WIDTH bound to: 10 - type: integer 
	Parameter din1_WIDTH bound to: 8 - type: integer 
	Parameter dout_WIDTH bound to: 18 - type: integer 
	Parameter ID bound to: 1 - type: integer 
	Parameter NUM_STAGE bound to: 1 - type: integer 
	Parameter din0_WIDTH bound to: 10 - type: integer 
	Parameter din1_WIDTH bound to: 8 - type: integer 
	Parameter dout_WIDTH bound to: 18 - type: integer 
	Parameter ID bound to: 1 - type: integer 
	Parameter NUM_STAGE bound to: 1 - type: integer 
	Parameter din0_WIDTH bound to: 10 - type: integer 
	Parameter din1_WIDTH bound to: 8 - type: integer 
	Parameter dout_WIDTH bound to: 18 - type: integer 
	Parameter ID bound to: 1 - type: integer 
	Parameter NUM_STAGE bound to: 1 - type: integer 
	Parameter din0_WIDTH bound to: 10 - type: integer 
	Parameter din1_WIDTH bound to: 8 - type: integer 
	Parameter dout_WIDTH bound to: 18 - type: integer 
	Parameter ID bound to: 1 - type: integer 
	Parameter NUM_STAGE bound to: 1 - type: integer 
	Parameter din0_WIDTH bound to: 10 - type: integer 
	Parameter din1_WIDTH bound to: 8 - type: integer 
	Parameter dout_WIDTH bound to: 18 - type: integer 
	Parameter ID bound to: 1 - type: integer 
	Parameter NUM_STAGE bound to: 1 - type: integer 
	Parameter din0_WIDTH bound to: 10 - type: integer 
	Parameter din1_WIDTH bound to: 8 - type: integer 
	Parameter dout_WIDTH bound to: 18 - type: integer 
	Parameter ID bound to: 1 - type: integer 
	Parameter NUM_STAGE bound to: 1 - type: integer 
	Parameter din0_WIDTH bound to: 10 - type: integer 
	Parameter din1_WIDTH bound to: 8 - type: integer 
	Parameter dout_WIDTH bound to: 18 - type: integer 
	Parameter ID bound to: 1 - type: integer 
	Parameter NUM_STAGE bound to: 1 - type: integer 
	Parameter din0_WIDTH bound to: 10 - type: integer 
	Parameter din1_WIDTH bound to: 8 - type: integer 
	Parameter dout_WIDTH bound to: 18 - type: integer 
	Parameter ID bound to: 1 - type: integer 
	Parameter NUM_STAGE bound to: 1 - type: integer 
	Parameter din0_WIDTH bound to: 10 - type: integer 
	Parameter din1_WIDTH bound to: 8 - type: integer 
	Parameter dout_WIDTH bound to: 18 - type: integer 
	Parameter ID bound to: 1 - type: integer 
	Parameter NUM_STAGE bound to: 1 - type: integer 
	Parameter din0_WIDTH bound to: 10 - type: integer 
	Parameter din1_WIDTH bound to: 8 - type: integer 
	Parameter dout_WIDTH bound to: 18 - type: integer 
	Parameter ID bound to: 1 - type: integer 
	Parameter NUM_STAGE bound to: 1 - type: integer 
	Parameter din0_WIDTH bound to: 10 - type: integer 
	Parameter din1_WIDTH bound to: 8 - type: integer 
	Parameter dout_WIDTH bound to: 18 - type: integer 
	Parameter ID bound to: 1 - type: integer 
	Parameter NUM_STAGE bound to: 1 - type: integer 
	Parameter din0_WIDTH bound to: 10 - type: integer 
	Parameter din1_WIDTH bound to: 8 - type: integer 
	Parameter dout_WIDTH bound to: 18 - type: integer 
	Parameter ID bound to: 1 - type: integer 
	Parameter NUM_STAGE bound to: 1 - type: integer 
	Parameter din0_WIDTH bound to: 10 - type: integer 
	Parameter din1_WIDTH bound to: 8 - type: integer 
	Parameter dout_WIDTH bound to: 18 - type: integer 
	Parameter ID bound to: 1 - type: integer 
	Parameter NUM_STAGE bound to: 1 - type: integer 
	Parameter din0_WIDTH bound to: 10 - type: integer 
	Parameter din1_WIDTH bound to: 8 - type: integer 
	Parameter dout_WIDTH bound to: 18 - type: integer 
	Parameter ID bound to: 1 - type: integer 
	Parameter NUM_STAGE bound to: 1 - type: integer 
	Parameter din0_WIDTH bound to: 10 - type: integer 
	Parameter din1_WIDTH bound to: 8 - type: integer 
	Parameter dout_WIDTH bound to: 18 - type: integer 
	Parameter ID bound to: 1 - type: integer 
	Parameter NUM_STAGE bound to: 1 - type: integer 
	Parameter din0_WIDTH bound to: 10 - type: integer 
	Parameter din1_WIDTH bound to: 8 - type: integer 
	Parameter dout_WIDTH bound to: 18 - type: integer 
	Parameter ID bound to: 1 - type: integer 
	Parameter NUM_STAGE bound to: 1 - type: integer 
	Parameter din0_WIDTH bound to: 10 - type: integer 
	Parameter din1_WIDTH bound to: 8 - type: integer 
	Parameter dout_WIDTH bound to: 18 - type: integer 
	Parameter ID bound to: 1 - type: integer 
	Parameter NUM_STAGE bound to: 1 - type: integer 
	Parameter din0_WIDTH bound to: 10 - type: integer 
	Parameter din1_WIDTH bound to: 8 - type: integer 
	Parameter dout_WIDTH bound to: 18 - type: integer 
	Parameter ID bound to: 1 - type: integer 
	Parameter NUM_STAGE bound to: 1 - type: integer 
	Parameter din0_WIDTH bound to: 10 - type: integer 
	Parameter din1_WIDTH bound to: 8 - type: integer 
	Parameter dout_WIDTH bound to: 18 - type: integer 
	Parameter ID bound to: 1 - type: integer 
	Parameter NUM_STAGE bound to: 1 - type: integer 
	Parameter din0_WIDTH bound to: 10 - type: integer 
	Parameter din1_WIDTH bound to: 8 - type: integer 
	Parameter dout_WIDTH bound to: 18 - type: integer 
	Parameter ID bound to: 1 - type: integer 
	Parameter NUM_STAGE bound to: 1 - type: integer 
	Parameter din0_WIDTH bound to: 10 - type: integer 
	Parameter din1_WIDTH bound to: 8 - type: integer 
	Parameter dout_WIDTH bound to: 18 - type: integer 
	Parameter ID bound to: 1 - type: integer 
	Parameter NUM_STAGE bound to: 1 - type: integer 
	Parameter din0_WIDTH bound to: 10 - type: integer 
	Parameter din1_WIDTH bound to: 8 - type: integer 
	Parameter dout_WIDTH bound to: 18 - type: integer 
	Parameter ID bound to: 1 - type: integer 
	Parameter NUM_STAGE bound to: 1 - type: integer 
	Parameter din0_WIDTH bound to: 10 - type: integer 
	Parameter din1_WIDTH bound to: 8 - type: integer 
	Parameter dout_WIDTH bound to: 18 - type: integer 
	Parameter ID bound to: 1 - type: integer 
	Parameter NUM_STAGE bound to: 1 - type: integer 
	Parameter din0_WIDTH bound to: 10 - type: integer 
	Parameter din1_WIDTH bound to: 8 - type: integer 
	Parameter dout_WIDTH bound to: 18 - type: integer 
	Parameter ID bound to: 1 - type: integer 
	Parameter NUM_STAGE bound to: 1 - type: integer 
	Parameter din0_WIDTH bound to: 10 - type: integer 
	Parameter din1_WIDTH bound to: 8 - type: integer 
	Parameter dout_WIDTH bound to: 18 - type: integer 
	Parameter ID bound to: 1 - type: integer 
	Parameter NUM_STAGE bound to: 1 - type: integer 
	Parameter din0_WIDTH bound to: 10 - type: integer 
	Parameter din1_WIDTH bound to: 8 - type: integer 
	Parameter dout_WIDTH bound to: 18 - type: integer 
	Parameter ID bound to: 1 - type: integer 
	Parameter NUM_STAGE bound to: 1 - type: integer 
	Parameter din0_WIDTH bound to: 10 - type: integer 
	Parameter din1_WIDTH bound to: 8 - type: integer 
	Parameter dout_WIDTH bound to: 18 - type: integer 
	Parameter ID bound to: 1 - type: integer 
	Parameter NUM_STAGE bound to: 1 - type: integer 
	Parameter din0_WIDTH bound to: 10 - type: integer 
	Parameter din1_WIDTH bound to: 8 - type: integer 
	Parameter dout_WIDTH bound to: 18 - type: integer 
	Parameter ID bound to: 1 - type: integer 
	Parameter NUM_STAGE bound to: 1 - type: integer 
	Parameter din0_WIDTH bound to: 10 - type: integer 
	Parameter din1_WIDTH bound to: 8 - type: integer 
	Parameter dout_WIDTH bound to: 18 - type: integer 
	Parameter ID bound to: 1 - type: integer 
	Parameter NUM_STAGE bound to: 1 - type: integer 
	Parameter din0_WIDTH bound to: 10 - type: integer 
	Parameter din1_WIDTH bound to: 8 - type: integer 
	Parameter dout_WIDTH bound to: 18 - type: integer 
	Parameter ID bound to: 1 - type: integer 
	Parameter NUM_STAGE bound to: 1 - type: integer 
	Parameter din0_WIDTH bound to: 10 - type: integer 
	Parameter din1_WIDTH bound to: 8 - type: integer 
	Parameter dout_WIDTH bound to: 18 - type: integer 
	Parameter ID bound to: 1 - type: integer 
	Parameter NUM_STAGE bound to: 1 - type: integer 
	Parameter din0_WIDTH bound to: 10 - type: integer 
	Parameter din1_WIDTH bound to: 8 - type: integer 
	Parameter dout_WIDTH bound to: 18 - type: integer 
	Parameter ID bound to: 1 - type: integer 
	Parameter NUM_STAGE bound to: 1 - type: integer 
	Parameter din0_WIDTH bound to: 10 - type: integer 
	Parameter din1_WIDTH bound to: 8 - type: integer 
	Parameter dout_WIDTH bound to: 18 - type: integer 
	Parameter ID bound to: 1 - type: integer 
	Parameter NUM_STAGE bound to: 1 - type: integer 
	Parameter din0_WIDTH bound to: 10 - type: integer 
	Parameter din1_WIDTH bound to: 8 - type: integer 
	Parameter dout_WIDTH bound to: 18 - type: integer 
	Parameter ID bound to: 1 - type: integer 
	Parameter NUM_STAGE bound to: 1 - type: integer 
	Parameter din0_WIDTH bound to: 10 - type: integer 
	Parameter din1_WIDTH bound to: 8 - type: integer 
	Parameter dout_WIDTH bound to: 18 - type: integer 
	Parameter ID bound to: 1 - type: integer 
	Parameter NUM_STAGE bound to: 1 - type: integer 
	Parameter din0_WIDTH bound to: 10 - type: integer 
	Parameter din1_WIDTH bound to: 8 - type: integer 
	Parameter dout_WIDTH bound to: 18 - type: integer 
	Parameter ID bound to: 1 - type: integer 
	Parameter NUM_STAGE bound to: 1 - type: integer 
	Parameter din0_WIDTH bound to: 10 - type: integer 
	Parameter din1_WIDTH bound to: 8 - type: integer 
	Parameter dout_WIDTH bound to: 18 - type: integer 
	Parameter ID bound to: 1 - type: integer 
	Parameter NUM_STAGE bound to: 1 - type: integer 
	Parameter din0_WIDTH bound to: 10 - type: integer 
	Parameter din1_WIDTH bound to: 8 - type: integer 
	Parameter dout_WIDTH bound to: 18 - type: integer 
	Parameter ID bound to: 1 - type: integer 
	Parameter NUM_STAGE bound to: 1 - type: integer 
	Parameter din0_WIDTH bound to: 10 - type: integer 
	Parameter din1_WIDTH bound to: 8 - type: integer 
	Parameter dout_WIDTH bound to: 18 - type: integer 
	Parameter ID bound to: 1 - type: integer 
	Parameter NUM_STAGE bound to: 1 - type: integer 
	Parameter din0_WIDTH bound to: 10 - type: integer 
	Parameter din1_WIDTH bound to: 8 - type: integer 
	Parameter dout_WIDTH bound to: 18 - type: integer 
	Parameter ID bound to: 1 - type: integer 
	Parameter NUM_STAGE bound to: 1 - type: integer 
	Parameter din0_WIDTH bound to: 10 - type: integer 
	Parameter din1_WIDTH bound to: 8 - type: integer 
	Parameter dout_WIDTH bound to: 18 - type: integer 
	Parameter ID bound to: 1 - type: integer 
	Parameter NUM_STAGE bound to: 1 - type: integer 
	Parameter din0_WIDTH bound to: 10 - type: integer 
	Parameter din1_WIDTH bound to: 8 - type: integer 
	Parameter dout_WIDTH bound to: 18 - type: integer 
	Parameter ID bound to: 1 - type: integer 
	Parameter NUM_STAGE bound to: 1 - type: integer 
	Parameter din0_WIDTH bound to: 10 - type: integer 
	Parameter din1_WIDTH bound to: 8 - type: integer 
	Parameter dout_WIDTH bound to: 18 - type: integer 
	Parameter ID bound to: 1 - type: integer 
	Parameter NUM_STAGE bound to: 1 - type: integer 
	Parameter din0_WIDTH bound to: 10 - type: integer 
	Parameter din1_WIDTH bound to: 8 - type: integer 
	Parameter dout_WIDTH bound to: 18 - type: integer 
	Parameter ID bound to: 1 - type: integer 
	Parameter NUM_STAGE bound to: 1 - type: integer 
	Parameter din0_WIDTH bound to: 10 - type: integer 
	Parameter din1_WIDTH bound to: 8 - type: integer 
	Parameter dout_WIDTH bound to: 18 - type: integer 
	Parameter ID bound to: 1 - type: integer 
	Parameter NUM_STAGE bound to: 1 - type: integer 
	Parameter din0_WIDTH bound to: 10 - type: integer 
	Parameter din1_WIDTH bound to: 8 - type: integer 
	Parameter dout_WIDTH bound to: 18 - type: integer 
	Parameter ID bound to: 1 - type: integer 
	Parameter NUM_STAGE bound to: 1 - type: integer 
	Parameter din0_WIDTH bound to: 10 - type: integer 
	Parameter din1_WIDTH bound to: 8 - type: integer 
	Parameter dout_WIDTH bound to: 18 - type: integer 
	Parameter ID bound to: 1 - type: integer 
	Parameter NUM_STAGE bound to: 1 - type: integer 
	Parameter din0_WIDTH bound to: 10 - type: integer 
	Parameter din1_WIDTH bound to: 8 - type: integer 
	Parameter dout_WIDTH bound to: 18 - type: integer 
	Parameter ID bound to: 1 - type: integer 
	Parameter NUM_STAGE bound to: 1 - type: integer 
	Parameter din0_WIDTH bound to: 10 - type: integer 
	Parameter din1_WIDTH bound to: 8 - type: integer 
	Parameter dout_WIDTH bound to: 18 - type: integer 
	Parameter ID bound to: 1 - type: integer 
	Parameter NUM_STAGE bound to: 1 - type: integer 
	Parameter din0_WIDTH bound to: 10 - type: integer 
	Parameter din1_WIDTH bound to: 8 - type: integer 
	Parameter dout_WIDTH bound to: 18 - type: integer 
	Parameter ID bound to: 1 - type: integer 
	Parameter NUM_STAGE bound to: 1 - type: integer 
	Parameter din0_WIDTH bound to: 10 - type: integer 
	Parameter din1_WIDTH bound to: 8 - type: integer 
	Parameter dout_WIDTH bound to: 18 - type: integer 
	Parameter ID bound to: 1 - type: integer 
	Parameter NUM_STAGE bound to: 1 - type: integer 
	Parameter din0_WIDTH bound to: 10 - type: integer 
	Parameter din1_WIDTH bound to: 8 - type: integer 
	Parameter dout_WIDTH bound to: 18 - type: integer 
	Parameter ID bound to: 1 - type: integer 
	Parameter NUM_STAGE bound to: 1 - type: integer 
	Parameter din0_WIDTH bound to: 10 - type: integer 
	Parameter din1_WIDTH bound to: 8 - type: integer 
	Parameter dout_WIDTH bound to: 18 - type: integer 
	Parameter ID bound to: 1 - type: integer 
	Parameter NUM_STAGE bound to: 1 - type: integer 
	Parameter din0_WIDTH bound to: 10 - type: integer 
	Parameter din1_WIDTH bound to: 8 - type: integer 
	Parameter dout_WIDTH bound to: 18 - type: integer 
	Parameter ID bound to: 1 - type: integer 
	Parameter NUM_STAGE bound to: 1 - type: integer 
	Parameter din0_WIDTH bound to: 10 - type: integer 
	Parameter din1_WIDTH bound to: 8 - type: integer 
	Parameter dout_WIDTH bound to: 18 - type: integer 
	Parameter ID bound to: 1 - type: integer 
	Parameter NUM_STAGE bound to: 1 - type: integer 
	Parameter din0_WIDTH bound to: 10 - type: integer 
	Parameter din1_WIDTH bound to: 8 - type: integer 
	Parameter dout_WIDTH bound to: 18 - type: integer 
	Parameter ID bound to: 1 - type: integer 
	Parameter NUM_STAGE bound to: 1 - type: integer 
	Parameter din0_WIDTH bound to: 10 - type: integer 
	Parameter din1_WIDTH bound to: 8 - type: integer 
	Parameter dout_WIDTH bound to: 18 - type: integer 
	Parameter ID bound to: 1 - type: integer 
	Parameter NUM_STAGE bound to: 1 - type: integer 
	Parameter din0_WIDTH bound to: 10 - type: integer 
	Parameter din1_WIDTH bound to: 8 - type: integer 
	Parameter dout_WIDTH bound to: 18 - type: integer 
	Parameter ID bound to: 1 - type: integer 
	Parameter NUM_STAGE bound to: 1 - type: integer 
	Parameter din0_WIDTH bound to: 10 - type: integer 
	Parameter din1_WIDTH bound to: 8 - type: integer 
	Parameter dout_WIDTH bound to: 18 - type: integer 
	Parameter ID bound to: 1 - type: integer 
	Parameter NUM_STAGE bound to: 1 - type: integer 
	Parameter din0_WIDTH bound to: 10 - type: integer 
	Parameter din1_WIDTH bound to: 8 - type: integer 
	Parameter dout_WIDTH bound to: 18 - type: integer 
	Parameter ID bound to: 1 - type: integer 
	Parameter NUM_STAGE bound to: 1 - type: integer 
	Parameter din0_WIDTH bound to: 10 - type: integer 
	Parameter din1_WIDTH bound to: 8 - type: integer 
	Parameter dout_WIDTH bound to: 18 - type: integer 
	Parameter ID bound to: 1 - type: integer 
	Parameter NUM_STAGE bound to: 1 - type: integer 
	Parameter din0_WIDTH bound to: 10 - type: integer 
	Parameter din1_WIDTH bound to: 8 - type: integer 
	Parameter dout_WIDTH bound to: 18 - type: integer 
	Parameter ID bound to: 1 - type: integer 
	Parameter NUM_STAGE bound to: 1 - type: integer 
	Parameter din0_WIDTH bound to: 10 - type: integer 
	Parameter din1_WIDTH bound to: 8 - type: integer 
	Parameter dout_WIDTH bound to: 18 - type: integer 
	Parameter ID bound to: 1 - type: integer 
	Parameter NUM_STAGE bound to: 1 - type: integer 
	Parameter din0_WIDTH bound to: 10 - type: integer 
	Parameter din1_WIDTH bound to: 8 - type: integer 
	Parameter dout_WIDTH bound to: 18 - type: integer 
	Parameter ID bound to: 1 - type: integer 
	Parameter NUM_STAGE bound to: 1 - type: integer 
	Parameter din0_WIDTH bound to: 10 - type: integer 
	Parameter din1_WIDTH bound to: 8 - type: integer 
	Parameter dout_WIDTH bound to: 18 - type: integer 
	Parameter ID bound to: 1 - type: integer 
	Parameter NUM_STAGE bound to: 1 - type: integer 
	Parameter din0_WIDTH bound to: 10 - type: integer 
	Parameter din1_WIDTH bound to: 8 - type: integer 
	Parameter dout_WIDTH bound to: 18 - type: integer 
	Parameter ID bound to: 1 - type: integer 
	Parameter NUM_STAGE bound to: 1 - type: integer 
	Parameter din0_WIDTH bound to: 10 - type: integer 
	Parameter din1_WIDTH bound to: 8 - type: integer 
	Parameter dout_WIDTH bound to: 18 - type: integer 
	Parameter ID bound to: 1 - type: integer 
	Parameter NUM_STAGE bound to: 1 - type: integer 
	Parameter din0_WIDTH bound to: 10 - type: integer 
	Parameter din1_WIDTH bound to: 8 - type: integer 
	Parameter dout_WIDTH bound to: 18 - type: integer 
	Parameter ID bound to: 1 - type: integer 
	Parameter NUM_STAGE bound to: 1 - type: integer 
	Parameter din0_WIDTH bound to: 10 - type: integer 
	Parameter din1_WIDTH bound to: 8 - type: integer 
	Parameter dout_WIDTH bound to: 18 - type: integer 
	Parameter ID bound to: 1 - type: integer 
	Parameter NUM_STAGE bound to: 1 - type: integer 
	Parameter din0_WIDTH bound to: 10 - type: integer 
	Parameter din1_WIDTH bound to: 8 - type: integer 
	Parameter dout_WIDTH bound to: 18 - type: integer 
	Parameter ID bound to: 1 - type: integer 
	Parameter NUM_STAGE bound to: 1 - type: integer 
	Parameter din0_WIDTH bound to: 10 - type: integer 
	Parameter din1_WIDTH bound to: 8 - type: integer 
	Parameter dout_WIDTH bound to: 18 - type: integer 
	Parameter ID bound to: 1 - type: integer 
	Parameter NUM_STAGE bound to: 1 - type: integer 
	Parameter din0_WIDTH bound to: 10 - type: integer 
	Parameter din1_WIDTH bound to: 8 - type: integer 
	Parameter dout_WIDTH bound to: 18 - type: integer 
	Parameter ID bound to: 1 - type: integer 
	Parameter NUM_STAGE bound to: 1 - type: integer 
	Parameter din0_WIDTH bound to: 10 - type: integer 
	Parameter din1_WIDTH bound to: 8 - type: integer 
	Parameter dout_WIDTH bound to: 18 - type: integer 
	Parameter ID bound to: 1 - type: integer 
	Parameter NUM_STAGE bound to: 1 - type: integer 
	Parameter din0_WIDTH bound to: 10 - type: integer 
	Parameter din1_WIDTH bound to: 8 - type: integer 
	Parameter dout_WIDTH bound to: 18 - type: integer 
	Parameter ID bound to: 1 - type: integer 
	Parameter NUM_STAGE bound to: 1 - type: integer 
	Parameter din0_WIDTH bound to: 10 - type: integer 
	Parameter din1_WIDTH bound to: 8 - type: integer 
	Parameter dout_WIDTH bound to: 18 - type: integer 
	Parameter ID bound to: 1 - type: integer 
	Parameter NUM_STAGE bound to: 1 - type: integer 
	Parameter din0_WIDTH bound to: 10 - type: integer 
	Parameter din1_WIDTH bound to: 8 - type: integer 
	Parameter dout_WIDTH bound to: 18 - type: integer 
	Parameter ID bound to: 1 - type: integer 
	Parameter NUM_STAGE bound to: 1 - type: integer 
	Parameter din0_WIDTH bound to: 10 - type: integer 
	Parameter din1_WIDTH bound to: 8 - type: integer 
	Parameter dout_WIDTH bound to: 18 - type: integer 
	Parameter ID bound to: 1 - type: integer 
	Parameter NUM_STAGE bound to: 1 - type: integer 
	Parameter din0_WIDTH bound to: 10 - type: integer 
	Parameter din1_WIDTH bound to: 8 - type: integer 
	Parameter dout_WIDTH bound to: 18 - type: integer 
	Parameter ID bound to: 1 - type: integer 
	Parameter NUM_STAGE bound to: 1 - type: integer 
	Parameter din0_WIDTH bound to: 10 - type: integer 
	Parameter din1_WIDTH bound to: 8 - type: integer 
	Parameter dout_WIDTH bound to: 18 - type: integer 
	Parameter ID bound to: 1 - type: integer 
	Parameter NUM_STAGE bound to: 1 - type: integer 
	Parameter din0_WIDTH bound to: 10 - type: integer 
	Parameter din1_WIDTH bound to: 8 - type: integer 
	Parameter dout_WIDTH bound to: 18 - type: integer 
	Parameter ID bound to: 1 - type: integer 
	Parameter NUM_STAGE bound to: 1 - type: integer 
	Parameter din0_WIDTH bound to: 10 - type: integer 
	Parameter din1_WIDTH bound to: 8 - type: integer 
	Parameter dout_WIDTH bound to: 18 - type: integer 
	Parameter ID bound to: 1 - type: integer 
	Parameter NUM_STAGE bound to: 1 - type: integer 
	Parameter din0_WIDTH bound to: 10 - type: integer 
	Parameter din1_WIDTH bound to: 8 - type: integer 
	Parameter dout_WIDTH bound to: 18 - type: integer 
	Parameter ID bound to: 1 - type: integer 
	Parameter NUM_STAGE bound to: 1 - type: integer 
	Parameter din0_WIDTH bound to: 10 - type: integer 
	Parameter din1_WIDTH bound to: 8 - type: integer 
	Parameter dout_WIDTH bound to: 18 - type: integer 
	Parameter ID bound to: 1 - type: integer 
	Parameter NUM_STAGE bound to: 1 - type: integer 
	Parameter din0_WIDTH bound to: 10 - type: integer 
	Parameter din1_WIDTH bound to: 8 - type: integer 
	Parameter dout_WIDTH bound to: 18 - type: integer 
	Parameter ID bound to: 1 - type: integer 
	Parameter NUM_STAGE bound to: 1 - type: integer 
	Parameter din0_WIDTH bound to: 10 - type: integer 
	Parameter din1_WIDTH bound to: 8 - type: integer 
	Parameter dout_WIDTH bound to: 18 - type: integer 
	Parameter ID bound to: 1 - type: integer 
	Parameter NUM_STAGE bound to: 1 - type: integer 
	Parameter din0_WIDTH bound to: 10 - type: integer 
	Parameter din1_WIDTH bound to: 8 - type: integer 
	Parameter dout_WIDTH bound to: 18 - type: integer 
	Parameter ID bound to: 1 - type: integer 
	Parameter NUM_STAGE bound to: 1 - type: integer 
	Parameter din0_WIDTH bound to: 10 - type: integer 
	Parameter din1_WIDTH bound to: 8 - type: integer 
	Parameter dout_WIDTH bound to: 18 - type: integer 
	Parameter ID bound to: 1 - type: integer 
	Parameter NUM_STAGE bound to: 1 - type: integer 
	Parameter din0_WIDTH bound to: 10 - type: integer 
	Parameter din1_WIDTH bound to: 8 - type: integer 
	Parameter dout_WIDTH bound to: 18 - type: integer 
	Parameter ID bound to: 1 - type: integer 
	Parameter NUM_STAGE bound to: 1 - type: integer 
	Parameter din0_WIDTH bound to: 10 - type: integer 
	Parameter din1_WIDTH bound to: 8 - type: integer 
	Parameter dout_WIDTH bound to: 18 - type: integer 
	Parameter ID bound to: 1 - type: integer 
	Parameter NUM_STAGE bound to: 1 - type: integer 
	Parameter din0_WIDTH bound to: 10 - type: integer 
	Parameter din1_WIDTH bound to: 8 - type: integer 
	Parameter dout_WIDTH bound to: 18 - type: integer 
	Parameter ID bound to: 1 - type: integer 
	Parameter NUM_STAGE bound to: 1 - type: integer 
	Parameter din0_WIDTH bound to: 10 - type: integer 
	Parameter din1_WIDTH bound to: 8 - type: integer 
	Parameter dout_WIDTH bound to: 18 - type: integer 
	Parameter ID bound to: 1 - type: integer 
	Parameter NUM_STAGE bound to: 1 - type: integer 
	Parameter din0_WIDTH bound to: 10 - type: integer 
	Parameter din1_WIDTH bound to: 8 - type: integer 
	Parameter dout_WIDTH bound to: 18 - type: integer 
	Parameter ID bound to: 1 - type: integer 
	Parameter NUM_STAGE bound to: 1 - type: integer 
	Parameter din0_WIDTH bound to: 10 - type: integer 
	Parameter din1_WIDTH bound to: 8 - type: integer 
	Parameter dout_WIDTH bound to: 18 - type: integer 
	Parameter ID bound to: 1 - type: integer 
	Parameter NUM_STAGE bound to: 1 - type: integer 
	Parameter din0_WIDTH bound to: 10 - type: integer 
	Parameter din1_WIDTH bound to: 8 - type: integer 
	Parameter dout_WIDTH bound to: 18 - type: integer 
	Parameter ID bound to: 1 - type: integer 
	Parameter NUM_STAGE bound to: 1 - type: integer 
	Parameter din0_WIDTH bound to: 10 - type: integer 
	Parameter din1_WIDTH bound to: 8 - type: integer 
	Parameter dout_WIDTH bound to: 18 - type: integer 
	Parameter ID bound to: 1 - type: integer 
	Parameter NUM_STAGE bound to: 1 - type: integer 
	Parameter din0_WIDTH bound to: 10 - type: integer 
	Parameter din1_WIDTH bound to: 8 - type: integer 
	Parameter dout_WIDTH bound to: 18 - type: integer 
	Parameter ID bound to: 1 - type: integer 
	Parameter NUM_STAGE bound to: 1 - type: integer 
	Parameter din0_WIDTH bound to: 10 - type: integer 
	Parameter din1_WIDTH bound to: 8 - type: integer 
	Parameter dout_WIDTH bound to: 18 - type: integer 
	Parameter ID bound to: 1 - type: integer 
	Parameter NUM_STAGE bound to: 1 - type: integer 
	Parameter din0_WIDTH bound to: 10 - type: integer 
	Parameter din1_WIDTH bound to: 8 - type: integer 
	Parameter dout_WIDTH bound to: 18 - type: integer 
	Parameter ID bound to: 1 - type: integer 
	Parameter NUM_STAGE bound to: 1 - type: integer 
	Parameter din0_WIDTH bound to: 10 - type: integer 
	Parameter din1_WIDTH bound to: 8 - type: integer 
	Parameter dout_WIDTH bound to: 18 - type: integer 
	Parameter ID bound to: 1 - type: integer 
	Parameter NUM_STAGE bound to: 1 - type: integer 
	Parameter din0_WIDTH bound to: 10 - type: integer 
	Parameter din1_WIDTH bound to: 8 - type: integer 
	Parameter dout_WIDTH bound to: 18 - type: integer 
	Parameter ID bound to: 1 - type: integer 
	Parameter NUM_STAGE bound to: 1 - type: integer 
	Parameter din0_WIDTH bound to: 10 - type: integer 
	Parameter din1_WIDTH bound to: 8 - type: integer 
	Parameter dout_WIDTH bound to: 18 - type: integer 
	Parameter ID bound to: 1 - type: integer 
	Parameter NUM_STAGE bound to: 1 - type: integer 
	Parameter din0_WIDTH bound to: 10 - type: integer 
	Parameter din1_WIDTH bound to: 8 - type: integer 
	Parameter dout_WIDTH bound to: 18 - type: integer 
	Parameter ID bound to: 1 - type: integer 
	Parameter NUM_STAGE bound to: 1 - type: integer 
	Parameter din0_WIDTH bound to: 10 - type: integer 
	Parameter din1_WIDTH bound to: 8 - type: integer 
	Parameter dout_WIDTH bound to: 18 - type: integer 
	Parameter ID bound to: 1 - type: integer 
	Parameter NUM_STAGE bound to: 1 - type: integer 
	Parameter din0_WIDTH bound to: 10 - type: integer 
	Parameter din1_WIDTH bound to: 8 - type: integer 
	Parameter dout_WIDTH bound to: 18 - type: integer 
	Parameter ID bound to: 1 - type: integer 
	Parameter NUM_STAGE bound to: 1 - type: integer 
	Parameter din0_WIDTH bound to: 10 - type: integer 
	Parameter din1_WIDTH bound to: 8 - type: integer 
	Parameter dout_WIDTH bound to: 18 - type: integer 
	Parameter ID bound to: 1 - type: integer 
	Parameter NUM_STAGE bound to: 1 - type: integer 
	Parameter din0_WIDTH bound to: 10 - type: integer 
	Parameter din1_WIDTH bound to: 8 - type: integer 
	Parameter dout_WIDTH bound to: 18 - type: integer 
	Parameter ID bound to: 1 - type: integer 
	Parameter NUM_STAGE bound to: 1 - type: integer 
	Parameter din0_WIDTH bound to: 10 - type: integer 
	Parameter din1_WIDTH bound to: 8 - type: integer 
	Parameter dout_WIDTH bound to: 18 - type: integer 
	Parameter ID bound to: 1 - type: integer 
	Parameter NUM_STAGE bound to: 1 - type: integer 
	Parameter din0_WIDTH bound to: 10 - type: integer 
	Parameter din1_WIDTH bound to: 8 - type: integer 
	Parameter dout_WIDTH bound to: 18 - type: integer 
	Parameter ID bound to: 1 - type: integer 
	Parameter NUM_STAGE bound to: 1 - type: integer 
	Parameter din0_WIDTH bound to: 10 - type: integer 
	Parameter din1_WIDTH bound to: 8 - type: integer 
	Parameter dout_WIDTH bound to: 18 - type: integer 
	Parameter ID bound to: 1 - type: integer 
	Parameter NUM_STAGE bound to: 1 - type: integer 
	Parameter din0_WIDTH bound to: 10 - type: integer 
	Parameter din1_WIDTH bound to: 8 - type: integer 
	Parameter dout_WIDTH bound to: 18 - type: integer 
	Parameter ID bound to: 1 - type: integer 
	Parameter NUM_STAGE bound to: 1 - type: integer 
	Parameter din0_WIDTH bound to: 10 - type: integer 
	Parameter din1_WIDTH bound to: 8 - type: integer 
	Parameter dout_WIDTH bound to: 18 - type: integer 
	Parameter ID bound to: 1 - type: integer 
	Parameter NUM_STAGE bound to: 1 - type: integer 
	Parameter din0_WIDTH bound to: 10 - type: integer 
	Parameter din1_WIDTH bound to: 8 - type: integer 
	Parameter dout_WIDTH bound to: 18 - type: integer 
	Parameter ID bound to: 1 - type: integer 
	Parameter NUM_STAGE bound to: 1 - type: integer 
	Parameter din0_WIDTH bound to: 10 - type: integer 
	Parameter din1_WIDTH bound to: 8 - type: integer 
	Parameter dout_WIDTH bound to: 18 - type: integer 
	Parameter ID bound to: 1 - type: integer 
	Parameter NUM_STAGE bound to: 1 - type: integer 
	Parameter din0_WIDTH bound to: 10 - type: integer 
	Parameter din1_WIDTH bound to: 8 - type: integer 
	Parameter dout_WIDTH bound to: 18 - type: integer 
	Parameter ID bound to: 1 - type: integer 
	Parameter NUM_STAGE bound to: 1 - type: integer 
	Parameter din0_WIDTH bound to: 10 - type: integer 
	Parameter din1_WIDTH bound to: 8 - type: integer 
	Parameter dout_WIDTH bound to: 18 - type: integer 
INFO: [Synth 8-256] done synthesizing module 'myproject_dense_resource_ap_fixed_16_6_5_3_0_ap_fixed_16_6_5_3_0_config21_s' (0#1) [/home/dabadjiev/smartpixels_ml_dsabadjiev/Muon_Collider_Smart_Pixels/eric/Results_June2026_99SigEff/model2.5_fin_results/model2_5_8bit_normalised_selected/pareto_secondary/hls_outputs_vsynth/hls_model_trial_074/myproject_prj/solution1/syn/vhdl/myproject_dense_resource_ap_fixed_16_6_5_3_0_ap_fixed_16_6_5_3_0_config21_s.vhd:207]
INFO: [Synth 8-638] synthesizing module 'myproject_relu_ap_fixed_16_6_5_3_0_ap_ufixed_8_0_4_0_0_relu_config23_s' [/home/dabadjiev/smartpixels_ml_dsabadjiev/Muon_Collider_Smart_Pixels/eric/Results_June2026_99SigEff/model2.5_fin_results/model2_5_8bit_normalised_selected/pareto_secondary/hls_outputs_vsynth/hls_model_trial_074/myproject_prj/solution1/syn/vhdl/myproject_relu_ap_fixed_16_6_5_3_0_ap_ufixed_8_0_4_0_0_relu_config23_s.vhd:112]
INFO: [Synth 8-256] done synthesizing module 'myproject_relu_ap_fixed_16_6_5_3_0_ap_ufixed_8_0_4_0_0_relu_config23_s' (0#1) [/home/dabadjiev/smartpixels_ml_dsabadjiev/Muon_Collider_Smart_Pixels/eric/Results_June2026_99SigEff/model2.5_fin_results/model2_5_8bit_normalised_selected/pareto_secondary/hls_outputs_vsynth/hls_model_trial_074/myproject_prj/solution1/syn/vhdl/myproject_relu_ap_fixed_16_6_5_3_0_ap_ufixed_8_0_4_0_0_relu_config23_s.vhd:112]
INFO: [Synth 8-638] synthesizing module 'myproject_dense_resource_ap_ufixed_8_0_4_0_0_ap_fixed_16_6_5_3_0_config24_s' [/home/dabadjiev/smartpixels_ml_dsabadjiev/Muon_Collider_Smart_Pixels/eric/Results_June2026_99SigEff/model2.5_fin_results/model2_5_8bit_normalised_selected/pareto_secondary/hls_outputs_vsynth/hls_model_trial_074/myproject_prj/solution1/syn/vhdl/myproject_dense_resource_ap_ufixed_8_0_4_0_0_ap_fixed_16_6_5_3_0_config24_s.vhd:117]
	Parameter ID bound to: 1 - type: integer 
	Parameter NUM_STAGE bound to: 1 - type: integer 
	Parameter CASE0 bound to: 4'b0000 
	Parameter din0_WIDTH bound to: 8 - type: integer 
	Parameter CASE1 bound to: 4'b0001 
	Parameter din1_WIDTH bound to: 8 - type: integer 
	Parameter CASE2 bound to: 4'b0010 
	Parameter din2_WIDTH bound to: 8 - type: integer 
	Parameter CASE3 bound to: 4'b0011 
	Parameter din3_WIDTH bound to: 8 - type: integer 
	Parameter CASE4 bound to: 4'b0100 
	Parameter din4_WIDTH bound to: 8 - type: integer 
	Parameter CASE5 bound to: 4'b0101 
	Parameter din5_WIDTH bound to: 8 - type: integer 
	Parameter CASE6 bound to: 4'b0110 
	Parameter din6_WIDTH bound to: 8 - type: integer 
	Parameter CASE7 bound to: 4'b0111 
	Parameter din7_WIDTH bound to: 8 - type: integer 
	Parameter CASE8 bound to: 4'b1000 
	Parameter din8_WIDTH bound to: 8 - type: integer 
	Parameter CASE9 bound to: 4'b1001 
	Parameter din9_WIDTH bound to: 8 - type: integer 
	Parameter CASE10 bound to: 4'b1010 
	Parameter din10_WIDTH bound to: 8 - type: integer 
	Parameter def_WIDTH bound to: 8 - type: integer 
	Parameter sel_WIDTH bound to: 4 - type: integer 
	Parameter dout_WIDTH bound to: 8 - type: integer 
INFO: [Synth 8-638] synthesizing module 'myproject_sparsemux_23_4_8_1_1' [/home/dabadjiev/smartpixels_ml_dsabadjiev/Muon_Collider_Smart_Pixels/eric/Results_June2026_99SigEff/model2.5_fin_results/model2_5_8bit_normalised_selected/pareto_secondary/hls_outputs_vsynth/hls_model_trial_074/myproject_prj/solution1/syn/vhdl/myproject_sparsemux_23_4_8_1_1.vhd:97]
	Parameter din0_WIDTH bound to: 8 - type: integer 
	Parameter din1_WIDTH bound to: 8 - type: integer 
	Parameter din2_WIDTH bound to: 8 - type: integer 
	Parameter din3_WIDTH bound to: 8 - type: integer 
	Parameter din4_WIDTH bound to: 8 - type: integer 
	Parameter din5_WIDTH bound to: 8 - type: integer 
	Parameter din6_WIDTH bound to: 8 - type: integer 
	Parameter din7_WIDTH bound to: 8 - type: integer 
	Parameter din8_WIDTH bound to: 8 - type: integer 
	Parameter din9_WIDTH bound to: 8 - type: integer 
	Parameter din10_WIDTH bound to: 8 - type: integer 
	Parameter def_WIDTH bound to: 8 - type: integer 
	Parameter sel_WIDTH bound to: 4 - type: integer 
	Parameter dout_WIDTH bound to: 8 - type: integer 
	Parameter CASE0 bound to: 4'b0000 
	Parameter CASE1 bound to: 4'b0001 
	Parameter CASE2 bound to: 4'b0010 
	Parameter CASE3 bound to: 4'b0011 
	Parameter CASE4 bound to: 4'b0100 
	Parameter CASE5 bound to: 4'b0101 
	Parameter CASE6 bound to: 4'b0110 
	Parameter CASE7 bound to: 4'b0111 
	Parameter CASE8 bound to: 4'b1000 
	Parameter CASE9 bound to: 4'b1001 
	Parameter CASE10 bound to: 4'b1010 
	Parameter ID bound to: 1 - type: integer 
	Parameter NUM_STAGE bound to: 1 - type: integer 
WARNING: [Synth 8-614] signal 'def' is read in the process but is not in the sensitivity list [/home/dabadjiev/smartpixels_ml_dsabadjiev/Muon_Collider_Smart_Pixels/eric/Results_June2026_99SigEff/model2.5_fin_results/model2_5_8bit_normalised_selected/pareto_secondary/hls_outputs_vsynth/hls_model_trial_074/myproject_prj/solution1/syn/vhdl/myproject_sparsemux_23_4_8_1_1.vhd:103]
INFO: [Synth 8-256] done synthesizing module 'myproject_sparsemux_23_4_8_1_1' (0#1) [/home/dabadjiev/smartpixels_ml_dsabadjiev/Muon_Collider_Smart_Pixels/eric/Results_June2026_99SigEff/model2.5_fin_results/model2_5_8bit_normalised_selected/pareto_secondary/hls_outputs_vsynth/hls_model_trial_074/myproject_prj/solution1/syn/vhdl/myproject_sparsemux_23_4_8_1_1.vhd:97]
	Parameter ID bound to: 1 - type: integer 
	Parameter NUM_STAGE bound to: 1 - type: integer 
	Parameter din0_WIDTH bound to: 8 - type: integer 
	Parameter din1_WIDTH bound to: 8 - type: integer 
	Parameter dout_WIDTH bound to: 16 - type: integer 
INFO: [Synth 8-638] synthesizing module 'myproject_mul_8s_8ns_16_1_1' [/home/dabadjiev/smartpixels_ml_dsabadjiev/Muon_Collider_Smart_Pixels/eric/Results_June2026_99SigEff/model2.5_fin_results/model2_5_8bit_normalised_selected/pareto_secondary/hls_outputs_vsynth/hls_model_trial_074/myproject_prj/solution1/syn/vhdl/myproject_mul_8s_8ns_16_1_1.vhd:26]
	Parameter ID bound to: 1 - type: integer 
	Parameter NUM_STAGE bound to: 1 - type: integer 
	Parameter din0_WIDTH bound to: 8 - type: integer 
	Parameter din1_WIDTH bound to: 8 - type: integer 
	Parameter dout_WIDTH bound to: 16 - type: integer 
INFO: [Synth 8-256] done synthesizing module 'myproject_mul_8s_8ns_16_1_1' (0#1) [/home/dabadjiev/smartpixels_ml_dsabadjiev/Muon_Collider_Smart_Pixels/eric/Results_June2026_99SigEff/model2.5_fin_results/model2_5_8bit_normalised_selected/pareto_secondary/hls_outputs_vsynth/hls_model_trial_074/myproject_prj/solution1/syn/vhdl/myproject_mul_8s_8ns_16_1_1.vhd:26]
	Parameter ID bound to: 1 - type: integer 
	Parameter NUM_STAGE bound to: 1 - type: integer 
	Parameter CASE0 bound to: 4'b0000 
	Parameter din0_WIDTH bound to: 8 - type: integer 
	Parameter CASE1 bound to: 4'b0001 
	Parameter din1_WIDTH bound to: 8 - type: integer 
	Parameter CASE2 bound to: 4'b0010 
	Parameter din2_WIDTH bound to: 8 - type: integer 
	Parameter CASE3 bound to: 4'b0011 
	Parameter din3_WIDTH bound to: 8 - type: integer 
	Parameter CASE4 bound to: 4'b0100 
	Parameter din4_WIDTH bound to: 8 - type: integer 
	Parameter CASE5 bound to: 4'b0101 
	Parameter din5_WIDTH bound to: 8 - type: integer 
	Parameter CASE6 bound to: 4'b0110 
	Parameter din6_WIDTH bound to: 8 - type: integer 
	Parameter CASE7 bound to: 4'b0111 
	Parameter din7_WIDTH bound to: 8 - type: integer 
	Parameter CASE8 bound to: 4'b1000 
	Parameter din8_WIDTH bound to: 8 - type: integer 
	Parameter CASE9 bound to: 4'b1001 
	Parameter din9_WIDTH bound to: 8 - type: integer 
	Parameter CASE10 bound to: 4'b1010 
	Parameter din10_WIDTH bound to: 8 - type: integer 
	Parameter def_WIDTH bound to: 8 - type: integer 
	Parameter sel_WIDTH bound to: 4 - type: integer 
	Parameter dout_WIDTH bound to: 8 - type: integer 
	Parameter ID bound to: 1 - type: integer 
	Parameter NUM_STAGE bound to: 1 - type: integer 
	Parameter din0_WIDTH bound to: 8 - type: integer 
	Parameter din1_WIDTH bound to: 8 - type: integer 
	Parameter dout_WIDTH bound to: 16 - type: integer 
	Parameter ID bound to: 1 - type: integer 
	Parameter NUM_STAGE bound to: 1 - type: integer 
	Parameter CASE0 bound to: 4'b0000 
	Parameter din0_WIDTH bound to: 8 - type: integer 
	Parameter CASE1 bound to: 4'b0001 
	Parameter din1_WIDTH bound to: 8 - type: integer 
	Parameter CASE2 bound to: 4'b0010 
	Parameter din2_WIDTH bound to: 8 - type: integer 
	Parameter CASE3 bound to: 4'b0011 
	Parameter din3_WIDTH bound to: 8 - type: integer 
	Parameter CASE4 bound to: 4'b0100 
	Parameter din4_WIDTH bound to: 8 - type: integer 
	Parameter CASE5 bound to: 4'b0101 
	Parameter din5_WIDTH bound to: 8 - type: integer 
	Parameter CASE6 bound to: 4'b0110 
	Parameter din6_WIDTH bound to: 8 - type: integer 
	Parameter CASE7 bound to: 4'b0111 
	Parameter din7_WIDTH bound to: 8 - type: integer 
	Parameter CASE8 bound to: 4'b1000 
	Parameter din8_WIDTH bound to: 8 - type: integer 
	Parameter CASE9 bound to: 4'b1001 
	Parameter din9_WIDTH bound to: 8 - type: integer 
	Parameter CASE10 bound to: 4'b1010 
	Parameter din10_WIDTH bound to: 8 - type: integer 
	Parameter def_WIDTH bound to: 8 - type: integer 
	Parameter sel_WIDTH bound to: 4 - type: integer 
	Parameter dout_WIDTH bound to: 8 - type: integer 
	Parameter ID bound to: 1 - type: integer 
	Parameter NUM_STAGE bound to: 1 - type: integer 
	Parameter din0_WIDTH bound to: 8 - type: integer 
	Parameter din1_WIDTH bound to: 8 - type: integer 
	Parameter dout_WIDTH bound to: 16 - type: integer 
	Parameter ID bound to: 1 - type: integer 
	Parameter NUM_STAGE bound to: 1 - type: integer 
	Parameter CASE0 bound to: 4'b0000 
	Parameter din0_WIDTH bound to: 8 - type: integer 
	Parameter CASE1 bound to: 4'b0001 
	Parameter din1_WIDTH bound to: 8 - type: integer 
	Parameter CASE2 bound to: 4'b0010 
	Parameter din2_WIDTH bound to: 8 - type: integer 
	Parameter CASE3 bound to: 4'b0011 
	Parameter din3_WIDTH bound to: 8 - type: integer 
	Parameter CASE4 bound to: 4'b0100 
	Parameter din4_WIDTH bound to: 8 - type: integer 
	Parameter CASE5 bound to: 4'b0101 
	Parameter din5_WIDTH bound to: 8 - type: integer 
	Parameter CASE6 bound to: 4'b0110 
	Parameter din6_WIDTH bound to: 8 - type: integer 
	Parameter CASE7 bound to: 4'b0111 
	Parameter din7_WIDTH bound to: 8 - type: integer 
	Parameter CASE8 bound to: 4'b1000 
	Parameter din8_WIDTH bound to: 8 - type: integer 
	Parameter CASE9 bound to: 4'b1001 
	Parameter din9_WIDTH bound to: 8 - type: integer 
	Parameter CASE10 bound to: 4'b1010 
	Parameter din10_WIDTH bound to: 8 - type: integer 
	Parameter def_WIDTH bound to: 8 - type: integer 
	Parameter sel_WIDTH bound to: 4 - type: integer 
	Parameter dout_WIDTH bound to: 8 - type: integer 
	Parameter ID bound to: 1 - type: integer 
	Parameter NUM_STAGE bound to: 1 - type: integer 
	Parameter din0_WIDTH bound to: 8 - type: integer 
	Parameter din1_WIDTH bound to: 8 - type: integer 
	Parameter dout_WIDTH bound to: 16 - type: integer 
	Parameter ID bound to: 1 - type: integer 
	Parameter NUM_STAGE bound to: 1 - type: integer 
	Parameter din0_WIDTH bound to: 8 - type: integer 
	Parameter din1_WIDTH bound to: 8 - type: integer 
	Parameter dout_WIDTH bound to: 16 - type: integer 
	Parameter ID bound to: 1 - type: integer 
	Parameter NUM_STAGE bound to: 1 - type: integer 
	Parameter din0_WIDTH bound to: 8 - type: integer 
	Parameter din1_WIDTH bound to: 8 - type: integer 
	Parameter dout_WIDTH bound to: 16 - type: integer 
	Parameter ID bound to: 1 - type: integer 
	Parameter NUM_STAGE bound to: 1 - type: integer 
	Parameter din0_WIDTH bound to: 8 - type: integer 
	Parameter din1_WIDTH bound to: 8 - type: integer 
	Parameter dout_WIDTH bound to: 16 - type: integer 
	Parameter ID bound to: 1 - type: integer 
	Parameter NUM_STAGE bound to: 1 - type: integer 
	Parameter din0_WIDTH bound to: 8 - type: integer 
	Parameter din1_WIDTH bound to: 8 - type: integer 
	Parameter dout_WIDTH bound to: 16 - type: integer 
	Parameter ID bound to: 1 - type: integer 
	Parameter NUM_STAGE bound to: 1 - type: integer 
	Parameter din0_WIDTH bound to: 8 - type: integer 
	Parameter din1_WIDTH bound to: 8 - type: integer 
	Parameter dout_WIDTH bound to: 16 - type: integer 
	Parameter ID bound to: 1 - type: integer 
	Parameter NUM_STAGE bound to: 1 - type: integer 
	Parameter din0_WIDTH bound to: 8 - type: integer 
	Parameter din1_WIDTH bound to: 8 - type: integer 
	Parameter dout_WIDTH bound to: 16 - type: integer 
	Parameter ID bound to: 1 - type: integer 
	Parameter NUM_STAGE bound to: 1 - type: integer 
	Parameter din0_WIDTH bound to: 8 - type: integer 
	Parameter din1_WIDTH bound to: 8 - type: integer 
	Parameter dout_WIDTH bound to: 16 - type: integer 
	Parameter ID bound to: 1 - type: integer 
	Parameter NUM_STAGE bound to: 1 - type: integer 
	Parameter din0_WIDTH bound to: 8 - type: integer 
	Parameter din1_WIDTH bound to: 8 - type: integer 
	Parameter dout_WIDTH bound to: 16 - type: integer 
	Parameter ID bound to: 1 - type: integer 
	Parameter NUM_STAGE bound to: 1 - type: integer 
	Parameter din0_WIDTH bound to: 8 - type: integer 
	Parameter din1_WIDTH bound to: 8 - type: integer 
	Parameter dout_WIDTH bound to: 16 - type: integer 
	Parameter ID bound to: 1 - type: integer 
	Parameter NUM_STAGE bound to: 1 - type: integer 
	Parameter din0_WIDTH bound to: 8 - type: integer 
	Parameter din1_WIDTH bound to: 8 - type: integer 
	Parameter dout_WIDTH bound to: 16 - type: integer 
	Parameter ID bound to: 1 - type: integer 
	Parameter NUM_STAGE bound to: 1 - type: integer 
	Parameter din0_WIDTH bound to: 8 - type: integer 
	Parameter din1_WIDTH bound to: 8 - type: integer 
	Parameter dout_WIDTH bound to: 16 - type: integer 
	Parameter ID bound to: 1 - type: integer 
	Parameter NUM_STAGE bound to: 1 - type: integer 
	Parameter din0_WIDTH bound to: 8 - type: integer 
	Parameter din1_WIDTH bound to: 8 - type: integer 
	Parameter dout_WIDTH bound to: 16 - type: integer 
	Parameter ID bound to: 1 - type: integer 
	Parameter NUM_STAGE bound to: 1 - type: integer 
	Parameter din0_WIDTH bound to: 8 - type: integer 
	Parameter din1_WIDTH bound to: 8 - type: integer 
	Parameter dout_WIDTH bound to: 16 - type: integer 
	Parameter ID bound to: 1 - type: integer 
	Parameter NUM_STAGE bound to: 1 - type: integer 
	Parameter din0_WIDTH bound to: 8 - type: integer 
	Parameter din1_WIDTH bound to: 8 - type: integer 
	Parameter dout_WIDTH bound to: 16 - type: integer 
	Parameter ID bound to: 1 - type: integer 
	Parameter NUM_STAGE bound to: 1 - type: integer 
	Parameter din0_WIDTH bound to: 8 - type: integer 
	Parameter din1_WIDTH bound to: 8 - type: integer 
	Parameter dout_WIDTH bound to: 16 - type: integer 
	Parameter ID bound to: 1 - type: integer 
	Parameter NUM_STAGE bound to: 1 - type: integer 
	Parameter din0_WIDTH bound to: 8 - type: integer 
	Parameter din1_WIDTH bound to: 8 - type: integer 
	Parameter dout_WIDTH bound to: 16 - type: integer 
	Parameter ID bound to: 1 - type: integer 
	Parameter NUM_STAGE bound to: 1 - type: integer 
	Parameter din0_WIDTH bound to: 8 - type: integer 
	Parameter din1_WIDTH bound to: 8 - type: integer 
	Parameter dout_WIDTH bound to: 16 - type: integer 
	Parameter ID bound to: 1 - type: integer 
	Parameter NUM_STAGE bound to: 1 - type: integer 
	Parameter din0_WIDTH bound to: 8 - type: integer 
	Parameter din1_WIDTH bound to: 8 - type: integer 
	Parameter dout_WIDTH bound to: 16 - type: integer 
	Parameter ID bound to: 1 - type: integer 
	Parameter NUM_STAGE bound to: 1 - type: integer 
	Parameter din0_WIDTH bound to: 8 - type: integer 
	Parameter din1_WIDTH bound to: 8 - type: integer 
	Parameter dout_WIDTH bound to: 16 - type: integer 
	Parameter ID bound to: 1 - type: integer 
	Parameter NUM_STAGE bound to: 1 - type: integer 
	Parameter din0_WIDTH bound to: 8 - type: integer 
	Parameter din1_WIDTH bound to: 8 - type: integer 
	Parameter dout_WIDTH bound to: 16 - type: integer 
	Parameter ID bound to: 1 - type: integer 
	Parameter NUM_STAGE bound to: 1 - type: integer 
	Parameter din0_WIDTH bound to: 8 - type: integer 
	Parameter din1_WIDTH bound to: 8 - type: integer 
	Parameter dout_WIDTH bound to: 16 - type: integer 
	Parameter ID bound to: 1 - type: integer 
	Parameter NUM_STAGE bound to: 1 - type: integer 
	Parameter din0_WIDTH bound to: 8 - type: integer 
	Parameter din1_WIDTH bound to: 8 - type: integer 
	Parameter dout_WIDTH bound to: 16 - type: integer 
	Parameter ID bound to: 1 - type: integer 
	Parameter NUM_STAGE bound to: 1 - type: integer 
	Parameter din0_WIDTH bound to: 8 - type: integer 
	Parameter din1_WIDTH bound to: 8 - type: integer 
	Parameter dout_WIDTH bound to: 16 - type: integer 
	Parameter ID bound to: 1 - type: integer 
	Parameter NUM_STAGE bound to: 1 - type: integer 
	Parameter din0_WIDTH bound to: 8 - type: integer 
	Parameter din1_WIDTH bound to: 8 - type: integer 
	Parameter dout_WIDTH bound to: 16 - type: integer 
	Parameter ID bound to: 1 - type: integer 
	Parameter NUM_STAGE bound to: 1 - type: integer 
	Parameter din0_WIDTH bound to: 8 - type: integer 
	Parameter din1_WIDTH bound to: 8 - type: integer 
	Parameter dout_WIDTH bound to: 16 - type: integer 
	Parameter ID bound to: 1 - type: integer 
	Parameter NUM_STAGE bound to: 1 - type: integer 
	Parameter din0_WIDTH bound to: 8 - type: integer 
	Parameter din1_WIDTH bound to: 8 - type: integer 
	Parameter dout_WIDTH bound to: 16 - type: integer 
	Parameter ID bound to: 1 - type: integer 
	Parameter NUM_STAGE bound to: 1 - type: integer 
	Parameter din0_WIDTH bound to: 8 - type: integer 
	Parameter din1_WIDTH bound to: 8 - type: integer 
	Parameter dout_WIDTH bound to: 16 - type: integer 
	Parameter ID bound to: 1 - type: integer 
	Parameter NUM_STAGE bound to: 1 - type: integer 
	Parameter din0_WIDTH bound to: 8 - type: integer 
	Parameter din1_WIDTH bound to: 8 - type: integer 
	Parameter dout_WIDTH bound to: 16 - type: integer 
	Parameter ID bound to: 1 - type: integer 
	Parameter NUM_STAGE bound to: 1 - type: integer 
	Parameter din0_WIDTH bound to: 8 - type: integer 
	Parameter din1_WIDTH bound to: 8 - type: integer 
	Parameter dout_WIDTH bound to: 16 - type: integer 
	Parameter ID bound to: 1 - type: integer 
	Parameter NUM_STAGE bound to: 1 - type: integer 
	Parameter din0_WIDTH bound to: 8 - type: integer 
	Parameter din1_WIDTH bound to: 8 - type: integer 
	Parameter dout_WIDTH bound to: 16 - type: integer 
	Parameter ID bound to: 1 - type: integer 
	Parameter NUM_STAGE bound to: 1 - type: integer 
	Parameter din0_WIDTH bound to: 8 - type: integer 
	Parameter din1_WIDTH bound to: 8 - type: integer 
	Parameter dout_WIDTH bound to: 16 - type: integer 
	Parameter ID bound to: 1 - type: integer 
	Parameter NUM_STAGE bound to: 1 - type: integer 
	Parameter din0_WIDTH bound to: 8 - type: integer 
	Parameter din1_WIDTH bound to: 8 - type: integer 
	Parameter dout_WIDTH bound to: 16 - type: integer 
	Parameter ID bound to: 1 - type: integer 
	Parameter NUM_STAGE bound to: 1 - type: integer 
	Parameter din0_WIDTH bound to: 8 - type: integer 
	Parameter din1_WIDTH bound to: 8 - type: integer 
	Parameter dout_WIDTH bound to: 16 - type: integer 
	Parameter ID bound to: 1 - type: integer 
	Parameter NUM_STAGE bound to: 1 - type: integer 
	Parameter din0_WIDTH bound to: 8 - type: integer 
	Parameter din1_WIDTH bound to: 8 - type: integer 
	Parameter dout_WIDTH bound to: 16 - type: integer 
	Parameter ID bound to: 1 - type: integer 
	Parameter NUM_STAGE bound to: 1 - type: integer 
	Parameter din0_WIDTH bound to: 8 - type: integer 
	Parameter din1_WIDTH bound to: 8 - type: integer 
	Parameter dout_WIDTH bound to: 16 - type: integer 
	Parameter ID bound to: 1 - type: integer 
	Parameter NUM_STAGE bound to: 1 - type: integer 
	Parameter din0_WIDTH bound to: 8 - type: integer 
	Parameter din1_WIDTH bound to: 8 - type: integer 
	Parameter dout_WIDTH bound to: 16 - type: integer 
	Parameter ID bound to: 1 - type: integer 
	Parameter NUM_STAGE bound to: 1 - type: integer 
	Parameter din0_WIDTH bound to: 8 - type: integer 
	Parameter din1_WIDTH bound to: 8 - type: integer 
	Parameter dout_WIDTH bound to: 16 - type: integer 
	Parameter ID bound to: 1 - type: integer 
	Parameter NUM_STAGE bound to: 1 - type: integer 
	Parameter din0_WIDTH bound to: 8 - type: integer 
	Parameter din1_WIDTH bound to: 8 - type: integer 
	Parameter dout_WIDTH bound to: 16 - type: integer 
	Parameter ID bound to: 1 - type: integer 
	Parameter NUM_STAGE bound to: 1 - type: integer 
	Parameter din0_WIDTH bound to: 8 - type: integer 
	Parameter din1_WIDTH bound to: 8 - type: integer 
	Parameter dout_WIDTH bound to: 16 - type: integer 
	Parameter ID bound to: 1 - type: integer 
	Parameter NUM_STAGE bound to: 1 - type: integer 
	Parameter din0_WIDTH bound to: 8 - type: integer 
	Parameter din1_WIDTH bound to: 8 - type: integer 
	Parameter dout_WIDTH bound to: 16 - type: integer 
	Parameter ID bound to: 1 - type: integer 
	Parameter NUM_STAGE bound to: 1 - type: integer 
	Parameter din0_WIDTH bound to: 8 - type: integer 
	Parameter din1_WIDTH bound to: 8 - type: integer 
	Parameter dout_WIDTH bound to: 16 - type: integer 
	Parameter ID bound to: 1 - type: integer 
	Parameter NUM_STAGE bound to: 1 - type: integer 
	Parameter din0_WIDTH bound to: 8 - type: integer 
	Parameter din1_WIDTH bound to: 8 - type: integer 
	Parameter dout_WIDTH bound to: 16 - type: integer 
	Parameter ID bound to: 1 - type: integer 
	Parameter NUM_STAGE bound to: 1 - type: integer 
	Parameter din0_WIDTH bound to: 8 - type: integer 
	Parameter din1_WIDTH bound to: 8 - type: integer 
	Parameter dout_WIDTH bound to: 16 - type: integer 
	Parameter ID bound to: 1 - type: integer 
	Parameter NUM_STAGE bound to: 1 - type: integer 
	Parameter din0_WIDTH bound to: 8 - type: integer 
	Parameter din1_WIDTH bound to: 8 - type: integer 
	Parameter dout_WIDTH bound to: 16 - type: integer 
	Parameter ID bound to: 1 - type: integer 
	Parameter NUM_STAGE bound to: 1 - type: integer 
	Parameter din0_WIDTH bound to: 8 - type: integer 
	Parameter din1_WIDTH bound to: 8 - type: integer 
	Parameter dout_WIDTH bound to: 16 - type: integer 
	Parameter ID bound to: 1 - type: integer 
	Parameter NUM_STAGE bound to: 1 - type: integer 
	Parameter din0_WIDTH bound to: 8 - type: integer 
	Parameter din1_WIDTH bound to: 8 - type: integer 
	Parameter dout_WIDTH bound to: 16 - type: integer 
	Parameter ID bound to: 1 - type: integer 
	Parameter NUM_STAGE bound to: 1 - type: integer 
	Parameter din0_WIDTH bound to: 8 - type: integer 
	Parameter din1_WIDTH bound to: 8 - type: integer 
	Parameter dout_WIDTH bound to: 16 - type: integer 
	Parameter ID bound to: 1 - type: integer 
	Parameter NUM_STAGE bound to: 1 - type: integer 
	Parameter din0_WIDTH bound to: 8 - type: integer 
	Parameter din1_WIDTH bound to: 8 - type: integer 
	Parameter dout_WIDTH bound to: 16 - type: integer 
	Parameter ID bound to: 1 - type: integer 
	Parameter NUM_STAGE bound to: 1 - type: integer 
	Parameter din0_WIDTH bound to: 8 - type: integer 
	Parameter din1_WIDTH bound to: 8 - type: integer 
	Parameter dout_WIDTH bound to: 16 - type: integer 
	Parameter ID bound to: 1 - type: integer 
	Parameter NUM_STAGE bound to: 1 - type: integer 
	Parameter din0_WIDTH bound to: 8 - type: integer 
	Parameter din1_WIDTH bound to: 8 - type: integer 
	Parameter dout_WIDTH bound to: 16 - type: integer 
	Parameter ID bound to: 1 - type: integer 
	Parameter NUM_STAGE bound to: 1 - type: integer 
	Parameter din0_WIDTH bound to: 8 - type: integer 
	Parameter din1_WIDTH bound to: 8 - type: integer 
	Parameter dout_WIDTH bound to: 16 - type: integer 
	Parameter ID bound to: 1 - type: integer 
	Parameter NUM_STAGE bound to: 1 - type: integer 
	Parameter din0_WIDTH bound to: 8 - type: integer 
	Parameter din1_WIDTH bound to: 8 - type: integer 
	Parameter dout_WIDTH bound to: 16 - type: integer 
	Parameter ID bound to: 1 - type: integer 
	Parameter NUM_STAGE bound to: 1 - type: integer 
	Parameter din0_WIDTH bound to: 8 - type: integer 
	Parameter din1_WIDTH bound to: 8 - type: integer 
	Parameter dout_WIDTH bound to: 16 - type: integer 
	Parameter ID bound to: 1 - type: integer 
	Parameter NUM_STAGE bound to: 1 - type: integer 
	Parameter din0_WIDTH bound to: 8 - type: integer 
	Parameter din1_WIDTH bound to: 8 - type: integer 
	Parameter dout_WIDTH bound to: 16 - type: integer 
	Parameter ID bound to: 1 - type: integer 
	Parameter NUM_STAGE bound to: 1 - type: integer 
	Parameter din0_WIDTH bound to: 8 - type: integer 
	Parameter din1_WIDTH bound to: 8 - type: integer 
	Parameter dout_WIDTH bound to: 16 - type: integer 
	Parameter ID bound to: 1 - type: integer 
	Parameter NUM_STAGE bound to: 1 - type: integer 
	Parameter din0_WIDTH bound to: 8 - type: integer 
	Parameter din1_WIDTH bound to: 8 - type: integer 
	Parameter dout_WIDTH bound to: 16 - type: integer 
	Parameter ID bound to: 1 - type: integer 
	Parameter NUM_STAGE bound to: 1 - type: integer 
	Parameter din0_WIDTH bound to: 8 - type: integer 
	Parameter din1_WIDTH bound to: 8 - type: integer 
	Parameter dout_WIDTH bound to: 16 - type: integer 
	Parameter ID bound to: 1 - type: integer 
	Parameter NUM_STAGE bound to: 1 - type: integer 
	Parameter din0_WIDTH bound to: 8 - type: integer 
	Parameter din1_WIDTH bound to: 8 - type: integer 
	Parameter dout_WIDTH bound to: 16 - type: integer 
	Parameter ID bound to: 1 - type: integer 
	Parameter NUM_STAGE bound to: 1 - type: integer 
	Parameter din0_WIDTH bound to: 8 - type: integer 
	Parameter din1_WIDTH bound to: 8 - type: integer 
	Parameter dout_WIDTH bound to: 16 - type: integer 
	Parameter ID bound to: 1 - type: integer 
	Parameter NUM_STAGE bound to: 1 - type: integer 
	Parameter din0_WIDTH bound to: 8 - type: integer 
	Parameter din1_WIDTH bound to: 8 - type: integer 
	Parameter dout_WIDTH bound to: 16 - type: integer 
	Parameter ID bound to: 1 - type: integer 
	Parameter NUM_STAGE bound to: 1 - type: integer 
	Parameter din0_WIDTH bound to: 8 - type: integer 
	Parameter din1_WIDTH bound to: 8 - type: integer 
	Parameter dout_WIDTH bound to: 16 - type: integer 
	Parameter ID bound to: 1 - type: integer 
	Parameter NUM_STAGE bound to: 1 - type: integer 
	Parameter din0_WIDTH bound to: 8 - type: integer 
	Parameter din1_WIDTH bound to: 8 - type: integer 
	Parameter dout_WIDTH bound to: 16 - type: integer 
	Parameter ID bound to: 1 - type: integer 
	Parameter NUM_STAGE bound to: 1 - type: integer 
	Parameter din0_WIDTH bound to: 8 - type: integer 
	Parameter din1_WIDTH bound to: 8 - type: integer 
	Parameter dout_WIDTH bound to: 16 - type: integer 
	Parameter ID bound to: 1 - type: integer 
	Parameter NUM_STAGE bound to: 1 - type: integer 
	Parameter din0_WIDTH bound to: 8 - type: integer 
	Parameter din1_WIDTH bound to: 8 - type: integer 
	Parameter dout_WIDTH bound to: 16 - type: integer 
	Parameter ID bound to: 1 - type: integer 
	Parameter NUM_STAGE bound to: 1 - type: integer 
	Parameter din0_WIDTH bound to: 8 - type: integer 
	Parameter din1_WIDTH bound to: 8 - type: integer 
	Parameter dout_WIDTH bound to: 16 - type: integer 
	Parameter ID bound to: 1 - type: integer 
	Parameter NUM_STAGE bound to: 1 - type: integer 
	Parameter din0_WIDTH bound to: 8 - type: integer 
	Parameter din1_WIDTH bound to: 8 - type: integer 
	Parameter dout_WIDTH bound to: 16 - type: integer 
	Parameter ID bound to: 1 - type: integer 
	Parameter NUM_STAGE bound to: 1 - type: integer 
	Parameter din0_WIDTH bound to: 8 - type: integer 
	Parameter din1_WIDTH bound to: 8 - type: integer 
	Parameter dout_WIDTH bound to: 16 - type: integer 
	Parameter ID bound to: 1 - type: integer 
	Parameter NUM_STAGE bound to: 1 - type: integer 
	Parameter din0_WIDTH bound to: 8 - type: integer 
	Parameter din1_WIDTH bound to: 8 - type: integer 
	Parameter dout_WIDTH bound to: 16 - type: integer 
	Parameter ID bound to: 1 - type: integer 
	Parameter NUM_STAGE bound to: 1 - type: integer 
	Parameter din0_WIDTH bound to: 8 - type: integer 
	Parameter din1_WIDTH bound to: 8 - type: integer 
	Parameter dout_WIDTH bound to: 16 - type: integer 
	Parameter ID bound to: 1 - type: integer 
	Parameter NUM_STAGE bound to: 1 - type: integer 
	Parameter din0_WIDTH bound to: 8 - type: integer 
	Parameter din1_WIDTH bound to: 8 - type: integer 
	Parameter dout_WIDTH bound to: 16 - type: integer 
	Parameter ID bound to: 1 - type: integer 
	Parameter NUM_STAGE bound to: 1 - type: integer 
	Parameter din0_WIDTH bound to: 8 - type: integer 
	Parameter din1_WIDTH bound to: 8 - type: integer 
	Parameter dout_WIDTH bound to: 16 - type: integer 
	Parameter ID bound to: 1 - type: integer 
	Parameter NUM_STAGE bound to: 1 - type: integer 
	Parameter din0_WIDTH bound to: 8 - type: integer 
	Parameter din1_WIDTH bound to: 8 - type: integer 
	Parameter dout_WIDTH bound to: 16 - type: integer 
	Parameter ID bound to: 1 - type: integer 
	Parameter NUM_STAGE bound to: 1 - type: integer 
	Parameter din0_WIDTH bound to: 8 - type: integer 
	Parameter din1_WIDTH bound to: 8 - type: integer 
	Parameter dout_WIDTH bound to: 16 - type: integer 
	Parameter ID bound to: 1 - type: integer 
	Parameter NUM_STAGE bound to: 1 - type: integer 
	Parameter din0_WIDTH bound to: 8 - type: integer 
	Parameter din1_WIDTH bound to: 8 - type: integer 
	Parameter dout_WIDTH bound to: 16 - type: integer 
	Parameter ID bound to: 1 - type: integer 
	Parameter NUM_STAGE bound to: 1 - type: integer 
	Parameter din0_WIDTH bound to: 8 - type: integer 
	Parameter din1_WIDTH bound to: 8 - type: integer 
	Parameter dout_WIDTH bound to: 16 - type: integer 
	Parameter ID bound to: 1 - type: integer 
	Parameter NUM_STAGE bound to: 1 - type: integer 
	Parameter din0_WIDTH bound to: 8 - type: integer 
	Parameter din1_WIDTH bound to: 8 - type: integer 
	Parameter dout_WIDTH bound to: 16 - type: integer 
	Parameter ID bound to: 1 - type: integer 
	Parameter NUM_STAGE bound to: 1 - type: integer 
	Parameter din0_WIDTH bound to: 8 - type: integer 
	Parameter din1_WIDTH bound to: 8 - type: integer 
	Parameter dout_WIDTH bound to: 16 - type: integer 
	Parameter ID bound to: 1 - type: integer 
	Parameter NUM_STAGE bound to: 1 - type: integer 
	Parameter din0_WIDTH bound to: 8 - type: integer 
	Parameter din1_WIDTH bound to: 8 - type: integer 
	Parameter dout_WIDTH bound to: 16 - type: integer 
	Parameter ID bound to: 1 - type: integer 
	Parameter NUM_STAGE bound to: 1 - type: integer 
	Parameter din0_WIDTH bound to: 8 - type: integer 
	Parameter din1_WIDTH bound to: 8 - type: integer 
	Parameter dout_WIDTH bound to: 16 - type: integer 
	Parameter ID bound to: 1 - type: integer 
	Parameter NUM_STAGE bound to: 1 - type: integer 
	Parameter din0_WIDTH bound to: 8 - type: integer 
	Parameter din1_WIDTH bound to: 8 - type: integer 
	Parameter dout_WIDTH bound to: 16 - type: integer 
	Parameter ID bound to: 1 - type: integer 
	Parameter NUM_STAGE bound to: 1 - type: integer 
	Parameter din0_WIDTH bound to: 8 - type: integer 
	Parameter din1_WIDTH bound to: 8 - type: integer 
	Parameter dout_WIDTH bound to: 16 - type: integer 
	Parameter ID bound to: 1 - type: integer 
	Parameter NUM_STAGE bound to: 1 - type: integer 
	Parameter din0_WIDTH bound to: 8 - type: integer 
	Parameter din1_WIDTH bound to: 8 - type: integer 
	Parameter dout_WIDTH bound to: 16 - type: integer 
	Parameter ID bound to: 1 - type: integer 
	Parameter NUM_STAGE bound to: 1 - type: integer 
	Parameter din0_WIDTH bound to: 8 - type: integer 
	Parameter din1_WIDTH bound to: 8 - type: integer 
	Parameter dout_WIDTH bound to: 16 - type: integer 
	Parameter ID bound to: 1 - type: integer 
	Parameter NUM_STAGE bound to: 1 - type: integer 
	Parameter din0_WIDTH bound to: 8 - type: integer 
	Parameter din1_WIDTH bound to: 8 - type: integer 
	Parameter dout_WIDTH bound to: 16 - type: integer 
INFO: [Synth 8-256] done synthesizing module 'myproject_dense_resource_ap_ufixed_8_0_4_0_0_ap_fixed_16_6_5_3_0_config24_s' (0#1) [/home/dabadjiev/smartpixels_ml_dsabadjiev/Muon_Collider_Smart_Pixels/eric/Results_June2026_99SigEff/model2.5_fin_results/model2_5_8bit_normalised_selected/pareto_secondary/hls_outputs_vsynth/hls_model_trial_074/myproject_prj/solution1/syn/vhdl/myproject_dense_resource_ap_ufixed_8_0_4_0_0_ap_fixed_16_6_5_3_0_config24_s.vhd:117]
INFO: [Synth 8-638] synthesizing module 'myproject_relu_ap_fixed_16_6_5_3_0_ap_ufixed_8_0_4_0_0_relu_config26_s' [/home/dabadjiev/smartpixels_ml_dsabadjiev/Muon_Collider_Smart_Pixels/eric/Results_June2026_99SigEff/model2.5_fin_results/model2_5_8bit_normalised_selected/pareto_secondary/hls_outputs_vsynth/hls_model_trial_074/myproject_prj/solution1/syn/vhdl/myproject_relu_ap_fixed_16_6_5_3_0_ap_ufixed_8_0_4_0_0_relu_config26_s.vhd:68]
INFO: [Synth 8-256] done synthesizing module 'myproject_relu_ap_fixed_16_6_5_3_0_ap_ufixed_8_0_4_0_0_relu_config26_s' (0#1) [/home/dabadjiev/smartpixels_ml_dsabadjiev/Muon_Collider_Smart_Pixels/eric/Results_June2026_99SigEff/model2.5_fin_results/model2_5_8bit_normalised_selected/pareto_secondary/hls_outputs_vsynth/hls_model_trial_074/myproject_prj/solution1/syn/vhdl/myproject_relu_ap_fixed_16_6_5_3_0_ap_ufixed_8_0_4_0_0_relu_config26_s.vhd:68]
INFO: [Synth 8-638] synthesizing module 'myproject_dense_resource_ap_ufixed_8_0_4_0_0_ap_fixed_16_6_5_3_0_config27_s' [/home/dabadjiev/smartpixels_ml_dsabadjiev/Muon_Collider_Smart_Pixels/eric/Results_June2026_99SigEff/model2.5_fin_results/model2_5_8bit_normalised_selected/pareto_secondary/hls_outputs_vsynth/hls_model_trial_074/myproject_prj/solution1/syn/vhdl/myproject_dense_resource_ap_ufixed_8_0_4_0_0_ap_fixed_16_6_5_3_0_config27_s.vhd:53]
	Parameter ID bound to: 1 - type: integer 
	Parameter NUM_STAGE bound to: 1 - type: integer 
	Parameter CASE0 bound to: 4'b0000 
	Parameter din0_WIDTH bound to: 8 - type: integer 
	Parameter CASE1 bound to: 4'b0001 
	Parameter din1_WIDTH bound to: 8 - type: integer 
	Parameter CASE2 bound to: 4'b0010 
	Parameter din2_WIDTH bound to: 8 - type: integer 
	Parameter CASE3 bound to: 4'b0011 
	Parameter din3_WIDTH bound to: 8 - type: integer 
	Parameter CASE4 bound to: 4'b0100 
	Parameter din4_WIDTH bound to: 8 - type: integer 
	Parameter CASE5 bound to: 4'b0101 
	Parameter din5_WIDTH bound to: 8 - type: integer 
	Parameter CASE6 bound to: 4'b0110 
	Parameter din6_WIDTH bound to: 8 - type: integer 
	Parameter CASE7 bound to: 4'b0111 
	Parameter din7_WIDTH bound to: 8 - type: integer 
	Parameter CASE8 bound to: 4'b1000 
	Parameter din8_WIDTH bound to: 8 - type: integer 
	Parameter CASE9 bound to: 4'b1001 
	Parameter din9_WIDTH bound to: 8 - type: integer 
	Parameter CASE10 bound to: 4'b1010 
	Parameter din10_WIDTH bound to: 8 - type: integer 
	Parameter def_WIDTH bound to: 8 - type: integer 
	Parameter sel_WIDTH bound to: 4 - type: integer 
	Parameter dout_WIDTH bound to: 8 - type: integer 
	Parameter ID bound to: 1 - type: integer 
	Parameter NUM_STAGE bound to: 1 - type: integer 
	Parameter din0_WIDTH bound to: 8 - type: integer 
	Parameter din1_WIDTH bound to: 8 - type: integer 
	Parameter dout_WIDTH bound to: 16 - type: integer 
	Parameter ID bound to: 1 - type: integer 
	Parameter NUM_STAGE bound to: 1 - type: integer 
	Parameter CASE0 bound to: 4'b0000 
	Parameter din0_WIDTH bound to: 8 - type: integer 
	Parameter CASE1 bound to: 4'b0001 
	Parameter din1_WIDTH bound to: 8 - type: integer 
	Parameter CASE2 bound to: 4'b0010 
	Parameter din2_WIDTH bound to: 8 - type: integer 
	Parameter CASE3 bound to: 4'b0011 
	Parameter din3_WIDTH bound to: 8 - type: integer 
	Parameter CASE4 bound to: 4'b0100 
	Parameter din4_WIDTH bound to: 8 - type: integer 
	Parameter CASE5 bound to: 4'b0101 
	Parameter din5_WIDTH bound to: 8 - type: integer 
	Parameter CASE6 bound to: 4'b0110 
	Parameter din6_WIDTH bound to: 8 - type: integer 
	Parameter CASE7 bound to: 4'b0111 
	Parameter din7_WIDTH bound to: 8 - type: integer 
	Parameter CASE8 bound to: 4'b1000 
	Parameter din8_WIDTH bound to: 8 - type: integer 
	Parameter CASE9 bound to: 4'b1001 
	Parameter din9_WIDTH bound to: 8 - type: integer 
	Parameter CASE10 bound to: 4'b1010 
	Parameter din10_WIDTH bound to: 8 - type: integer 
	Parameter def_WIDTH bound to: 8 - type: integer 
	Parameter sel_WIDTH bound to: 4 - type: integer 
	Parameter dout_WIDTH bound to: 8 - type: integer 
	Parameter ID bound to: 1 - type: integer 
	Parameter NUM_STAGE bound to: 1 - type: integer 
	Parameter din0_WIDTH bound to: 8 - type: integer 
	Parameter din1_WIDTH bound to: 8 - type: integer 
	Parameter dout_WIDTH bound to: 16 - type: integer 
INFO: [Synth 8-256] done synthesizing module 'myproject_dense_resource_ap_ufixed_8_0_4_0_0_ap_fixed_16_6_5_3_0_config27_s' (0#1) [/home/dabadjiev/smartpixels_ml_dsabadjiev/Muon_Collider_Smart_Pixels/eric/Results_June2026_99SigEff/model2.5_fin_results/model2_5_8bit_normalised_selected/pareto_secondary/hls_outputs_vsynth/hls_model_trial_074/myproject_prj/solution1/syn/vhdl/myproject_dense_resource_ap_ufixed_8_0_4_0_0_ap_fixed_16_6_5_3_0_config27_s.vhd:53]
INFO: [Synth 8-638] synthesizing module 'myproject_hard_sigmoid_ap_fixed_ap_ufixed_8_0_4_0_0_hard_sigmoid_config29_s' [/home/dabadjiev/smartpixels_ml_dsabadjiev/Muon_Collider_Smart_Pixels/eric/Results_June2026_99SigEff/model2.5_fin_results/model2_5_8bit_normalised_selected/pareto_secondary/hls_outputs_vsynth/hls_model_trial_074/myproject_prj/solution1/syn/vhdl/myproject_hard_sigmoid_ap_fixed_ap_ufixed_8_0_4_0_0_hard_sigmoid_config29_s.vhd:26]
INFO: [Synth 8-256] done synthesizing module 'myproject_hard_sigmoid_ap_fixed_ap_ufixed_8_0_4_0_0_hard_sigmoid_config29_s' (0#1) [/home/dabadjiev/smartpixels_ml_dsabadjiev/Muon_Collider_Smart_Pixels/eric/Results_June2026_99SigEff/model2.5_fin_results/model2_5_8bit_normalised_selected/pareto_secondary/hls_outputs_vsynth/hls_model_trial_074/myproject_prj/solution1/syn/vhdl/myproject_hard_sigmoid_ap_fixed_ap_ufixed_8_0_4_0_0_hard_sigmoid_config29_s.vhd:26]
INFO: [Synth 8-638] synthesizing module 'myproject_fifo_w10_d2_S' [/home/dabadjiev/smartpixels_ml_dsabadjiev/Muon_Collider_Smart_Pixels/eric/Results_June2026_99SigEff/model2.5_fin_results/model2_5_8bit_normalised_selected/pareto_secondary/hls_outputs_vsynth/hls_model_trial_074/myproject_prj/solution1/syn/vhdl/myproject_fifo_w10_d2_S.vhd:40]
	Parameter DATA_WIDTH bound to: 10 - type: integer 
	Parameter ADDR_WIDTH bound to: 2 - type: integer 
	Parameter DEPTH bound to: 2 - type: integer 
INFO: [Synth 8-638] synthesizing module 'myproject_fifo_w10_d2_S_ShiftReg' [/home/dabadjiev/smartpixels_ml_dsabadjiev/Muon_Collider_Smart_Pixels/eric/Results_June2026_99SigEff/model2.5_fin_results/model2_5_8bit_normalised_selected/pareto_secondary/hls_outputs_vsynth/hls_model_trial_074/myproject_prj/solution1/syn/vhdl/myproject_fifo_w10_d2_S.vhd:179]
	Parameter DATA_WIDTH bound to: 10 - type: integer 
	Parameter ADDR_WIDTH bound to: 2 - type: integer 
	Parameter DEPTH bound to: 2 - type: integer 
INFO: [Synth 8-256] done synthesizing module 'myproject_fifo_w10_d2_S_ShiftReg' (0#1) [/home/dabadjiev/smartpixels_ml_dsabadjiev/Muon_Collider_Smart_Pixels/eric/Results_June2026_99SigEff/model2.5_fin_results/model2_5_8bit_normalised_selected/pareto_secondary/hls_outputs_vsynth/hls_model_trial_074/myproject_prj/solution1/syn/vhdl/myproject_fifo_w10_d2_S.vhd:179]
INFO: [Synth 8-256] done synthesizing module 'myproject_fifo_w10_d2_S' (0#1) [/home/dabadjiev/smartpixels_ml_dsabadjiev/Muon_Collider_Smart_Pixels/eric/Results_June2026_99SigEff/model2.5_fin_results/model2_5_8bit_normalised_selected/pareto_secondary/hls_outputs_vsynth/hls_model_trial_074/myproject_prj/solution1/syn/vhdl/myproject_fifo_w10_d2_S.vhd:40]
INFO: [Synth 8-638] synthesizing module 'myproject_fifo_w11_d2_S' [/home/dabadjiev/smartpixels_ml_dsabadjiev/Muon_Collider_Smart_Pixels/eric/Results_June2026_99SigEff/model2.5_fin_results/model2_5_8bit_normalised_selected/pareto_secondary/hls_outputs_vsynth/hls_model_trial_074/myproject_prj/solution1/syn/vhdl/myproject_fifo_w11_d2_S.vhd:40]
	Parameter DATA_WIDTH bound to: 11 - type: integer 
	Parameter ADDR_WIDTH bound to: 2 - type: integer 
	Parameter DEPTH bound to: 2 - type: integer 
INFO: [Synth 8-638] synthesizing module 'myproject_fifo_w11_d2_S_ShiftReg' [/home/dabadjiev/smartpixels_ml_dsabadjiev/Muon_Collider_Smart_Pixels/eric/Results_June2026_99SigEff/model2.5_fin_results/model2_5_8bit_normalised_selected/pareto_secondary/hls_outputs_vsynth/hls_model_trial_074/myproject_prj/solution1/syn/vhdl/myproject_fifo_w11_d2_S.vhd:179]
	Parameter DATA_WIDTH bound to: 11 - type: integer 
	Parameter ADDR_WIDTH bound to: 2 - type: integer 
	Parameter DEPTH bound to: 2 - type: integer 
INFO: [Synth 8-256] done synthesizing module 'myproject_fifo_w11_d2_S_ShiftReg' (0#1) [/home/dabadjiev/smartpixels_ml_dsabadjiev/Muon_Collider_Smart_Pixels/eric/Results_June2026_99SigEff/model2.5_fin_results/model2_5_8bit_normalised_selected/pareto_secondary/hls_outputs_vsynth/hls_model_trial_074/myproject_prj/solution1/syn/vhdl/myproject_fifo_w11_d2_S.vhd:179]
INFO: [Synth 8-256] done synthesizing module 'myproject_fifo_w11_d2_S' (0#1) [/home/dabadjiev/smartpixels_ml_dsabadjiev/Muon_Collider_Smart_Pixels/eric/Results_June2026_99SigEff/model2.5_fin_results/model2_5_8bit_normalised_selected/pareto_secondary/hls_outputs_vsynth/hls_model_trial_074/myproject_prj/solution1/syn/vhdl/myproject_fifo_w11_d2_S.vhd:40]
INFO: [Synth 8-638] synthesizing module 'myproject_fifo_w10_d3_S' [/home/dabadjiev/smartpixels_ml_dsabadjiev/Muon_Collider_Smart_Pixels/eric/Results_June2026_99SigEff/model2.5_fin_results/model2_5_8bit_normalised_selected/pareto_secondary/hls_outputs_vsynth/hls_model_trial_074/myproject_prj/solution1/syn/vhdl/myproject_fifo_w10_d3_S.vhd:40]
	Parameter DATA_WIDTH bound to: 10 - type: integer 
	Parameter ADDR_WIDTH bound to: 2 - type: integer 
	Parameter DEPTH bound to: 3 - type: integer 
INFO: [Synth 8-638] synthesizing module 'myproject_fifo_w10_d3_S_ShiftReg' [/home/dabadjiev/smartpixels_ml_dsabadjiev/Muon_Collider_Smart_Pixels/eric/Results_June2026_99SigEff/model2.5_fin_results/model2_5_8bit_normalised_selected/pareto_secondary/hls_outputs_vsynth/hls_model_trial_074/myproject_prj/solution1/syn/vhdl/myproject_fifo_w10_d3_S.vhd:179]
	Parameter DATA_WIDTH bound to: 10 - type: integer 
	Parameter ADDR_WIDTH bound to: 2 - type: integer 
	Parameter DEPTH bound to: 3 - type: integer 
INFO: [Synth 8-256] done synthesizing module 'myproject_fifo_w10_d3_S_ShiftReg' (0#1) [/home/dabadjiev/smartpixels_ml_dsabadjiev/Muon_Collider_Smart_Pixels/eric/Results_June2026_99SigEff/model2.5_fin_results/model2_5_8bit_normalised_selected/pareto_secondary/hls_outputs_vsynth/hls_model_trial_074/myproject_prj/solution1/syn/vhdl/myproject_fifo_w10_d3_S.vhd:179]
INFO: [Synth 8-256] done synthesizing module 'myproject_fifo_w10_d3_S' (0#1) [/home/dabadjiev/smartpixels_ml_dsabadjiev/Muon_Collider_Smart_Pixels/eric/Results_June2026_99SigEff/model2.5_fin_results/model2_5_8bit_normalised_selected/pareto_secondary/hls_outputs_vsynth/hls_model_trial_074/myproject_prj/solution1/syn/vhdl/myproject_fifo_w10_d3_S.vhd:40]
INFO: [Synth 8-638] synthesizing module 'myproject_fifo_w16_d2_S' [/home/dabadjiev/smartpixels_ml_dsabadjiev/Muon_Collider_Smart_Pixels/eric/Results_June2026_99SigEff/model2.5_fin_results/model2_5_8bit_normalised_selected/pareto_secondary/hls_outputs_vsynth/hls_model_trial_074/myproject_prj/solution1/syn/vhdl/myproject_fifo_w16_d2_S.vhd:40]
	Parameter DATA_WIDTH bound to: 16 - type: integer 
	Parameter ADDR_WIDTH bound to: 2 - type: integer 
	Parameter DEPTH bound to: 2 - type: integer 
INFO: [Synth 8-638] synthesizing module 'myproject_fifo_w16_d2_S_ShiftReg' [/home/dabadjiev/smartpixels_ml_dsabadjiev/Muon_Collider_Smart_Pixels/eric/Results_June2026_99SigEff/model2.5_fin_results/model2_5_8bit_normalised_selected/pareto_secondary/hls_outputs_vsynth/hls_model_trial_074/myproject_prj/solution1/syn/vhdl/myproject_fifo_w16_d2_S.vhd:179]
	Parameter DATA_WIDTH bound to: 16 - type: integer 
	Parameter ADDR_WIDTH bound to: 2 - type: integer 
	Parameter DEPTH bound to: 2 - type: integer 
INFO: [Synth 8-256] done synthesizing module 'myproject_fifo_w16_d2_S_ShiftReg' (0#1) [/home/dabadjiev/smartpixels_ml_dsabadjiev/Muon_Collider_Smart_Pixels/eric/Results_June2026_99SigEff/model2.5_fin_results/model2_5_8bit_normalised_selected/pareto_secondary/hls_outputs_vsynth/hls_model_trial_074/myproject_prj/solution1/syn/vhdl/myproject_fifo_w16_d2_S.vhd:179]
INFO: [Synth 8-256] done synthesizing module 'myproject_fifo_w16_d2_S' (0#1) [/home/dabadjiev/smartpixels_ml_dsabadjiev/Muon_Collider_Smart_Pixels/eric/Results_June2026_99SigEff/model2.5_fin_results/model2_5_8bit_normalised_selected/pareto_secondary/hls_outputs_vsynth/hls_model_trial_074/myproject_prj/solution1/syn/vhdl/myproject_fifo_w16_d2_S.vhd:40]
INFO: [Synth 8-638] synthesizing module 'myproject_fifo_w8_d2_S' [/home/dabadjiev/smartpixels_ml_dsabadjiev/Muon_Collider_Smart_Pixels/eric/Results_June2026_99SigEff/model2.5_fin_results/model2_5_8bit_normalised_selected/pareto_secondary/hls_outputs_vsynth/hls_model_trial_074/myproject_prj/solution1/syn/vhdl/myproject_fifo_w8_d2_S.vhd:40]
	Parameter DATA_WIDTH bound to: 8 - type: integer 
	Parameter ADDR_WIDTH bound to: 2 - type: integer 
	Parameter DEPTH bound to: 2 - type: integer 
INFO: [Synth 8-638] synthesizing module 'myproject_fifo_w8_d2_S_ShiftReg' [/home/dabadjiev/smartpixels_ml_dsabadjiev/Muon_Collider_Smart_Pixels/eric/Results_June2026_99SigEff/model2.5_fin_results/model2_5_8bit_normalised_selected/pareto_secondary/hls_outputs_vsynth/hls_model_trial_074/myproject_prj/solution1/syn/vhdl/myproject_fifo_w8_d2_S.vhd:179]
	Parameter DATA_WIDTH bound to: 8 - type: integer 
	Parameter ADDR_WIDTH bound to: 2 - type: integer 
	Parameter DEPTH bound to: 2 - type: integer 
INFO: [Synth 8-256] done synthesizing module 'myproject_fifo_w8_d2_S_ShiftReg' (0#1) [/home/dabadjiev/smartpixels_ml_dsabadjiev/Muon_Collider_Smart_Pixels/eric/Results_June2026_99SigEff/model2.5_fin_results/model2_5_8bit_normalised_selected/pareto_secondary/hls_outputs_vsynth/hls_model_trial_074/myproject_prj/solution1/syn/vhdl/myproject_fifo_w8_d2_S.vhd:179]
INFO: [Synth 8-256] done synthesizing module 'myproject_fifo_w8_d2_S' (0#1) [/home/dabadjiev/smartpixels_ml_dsabadjiev/Muon_Collider_Smart_Pixels/eric/Results_June2026_99SigEff/model2.5_fin_results/model2_5_8bit_normalised_selected/pareto_secondary/hls_outputs_vsynth/hls_model_trial_074/myproject_prj/solution1/syn/vhdl/myproject_fifo_w8_d2_S.vhd:40]
INFO: [Synth 8-638] synthesizing module 'myproject_fifo_w8_d3_S' [/home/dabadjiev/smartpixels_ml_dsabadjiev/Muon_Collider_Smart_Pixels/eric/Results_June2026_99SigEff/model2.5_fin_results/model2_5_8bit_normalised_selected/pareto_secondary/hls_outputs_vsynth/hls_model_trial_074/myproject_prj/solution1/syn/vhdl/myproject_fifo_w8_d3_S.vhd:40]
	Parameter DATA_WIDTH bound to: 8 - type: integer 
	Parameter ADDR_WIDTH bound to: 2 - type: integer 
	Parameter DEPTH bound to: 3 - type: integer 
INFO: [Synth 8-638] synthesizing module 'myproject_fifo_w8_d3_S_ShiftReg' [/home/dabadjiev/smartpixels_ml_dsabadjiev/Muon_Collider_Smart_Pixels/eric/Results_June2026_99SigEff/model2.5_fin_results/model2_5_8bit_normalised_selected/pareto_secondary/hls_outputs_vsynth/hls_model_trial_074/myproject_prj/solution1/syn/vhdl/myproject_fifo_w8_d3_S.vhd:179]
	Parameter DATA_WIDTH bound to: 8 - type: integer 
	Parameter ADDR_WIDTH bound to: 2 - type: integer 
	Parameter DEPTH bound to: 3 - type: integer 
INFO: [Synth 8-256] done synthesizing module 'myproject_fifo_w8_d3_S_ShiftReg' (0#1) [/home/dabadjiev/smartpixels_ml_dsabadjiev/Muon_Collider_Smart_Pixels/eric/Results_June2026_99SigEff/model2.5_fin_results/model2_5_8bit_normalised_selected/pareto_secondary/hls_outputs_vsynth/hls_model_trial_074/myproject_prj/solution1/syn/vhdl/myproject_fifo_w8_d3_S.vhd:179]
INFO: [Synth 8-256] done synthesizing module 'myproject_fifo_w8_d3_S' (0#1) [/home/dabadjiev/smartpixels_ml_dsabadjiev/Muon_Collider_Smart_Pixels/eric/Results_June2026_99SigEff/model2.5_fin_results/model2_5_8bit_normalised_selected/pareto_secondary/hls_outputs_vsynth/hls_model_trial_074/myproject_prj/solution1/syn/vhdl/myproject_fifo_w8_d3_S.vhd:40]
INFO: [Synth 8-256] done synthesizing module 'myproject' (0#1) [/home/dabadjiev/smartpixels_ml_dsabadjiev/Muon_Collider_Smart_Pixels/eric/Results_June2026_99SigEff/model2.5_fin_results/model2_5_8bit_normalised_selected/pareto_secondary/hls_outputs_vsynth/hls_model_trial_074/myproject_prj/solution1/syn/vhdl/myproject.vhd:241]
WARNING: [Synth 8-3917] design myproject has port w14_d0[7] driven by constant 0
WARNING: [Synth 8-3917] design myproject has port w14_d0[6] driven by constant 0
WARNING: [Synth 8-3917] design myproject has port w14_d0[5] driven by constant 0
WARNING: [Synth 8-3917] design myproject has port w14_d0[4] driven by constant 0
WARNING: [Synth 8-3917] design myproject has port w14_d0[3] driven by constant 0
WARNING: [Synth 8-3917] design myproject has port w14_d0[2] driven by constant 0
WARNING: [Synth 8-3917] design myproject has port w14_d0[1] driven by constant 0
WARNING: [Synth 8-3917] design myproject has port w14_d0[0] driven by constant 0
WARNING: [Synth 8-3917] design myproject has port w14_we0 driven by constant 0
WARNING: [Synth 8-3917] design myproject has port w14_d1[7] driven by constant 0
WARNING: [Synth 8-3917] design myproject has port w14_d1[6] driven by constant 0
WARNING: [Synth 8-3917] design myproject has port w14_d1[5] driven by constant 0
WARNING: [Synth 8-3917] design myproject has port w14_d1[4] driven by constant 0
WARNING: [Synth 8-3917] design myproject has port w14_d1[3] driven by constant 0
WARNING: [Synth 8-3917] design myproject has port w14_d1[2] driven by constant 0
WARNING: [Synth 8-3917] design myproject has port w14_d1[1] driven by constant 0
WARNING: [Synth 8-3917] design myproject has port w14_d1[0] driven by constant 0
WARNING: [Synth 8-3917] design myproject has port w14_we1 driven by constant 0
WARNING: [Synth 8-3917] design myproject has port w16_d0[7] driven by constant 0
WARNING: [Synth 8-3917] design myproject has port w16_d0[6] driven by constant 0
WARNING: [Synth 8-3917] design myproject has port w16_d0[5] driven by constant 0
WARNING: [Synth 8-3917] design myproject has port w16_d0[4] driven by constant 0
WARNING: [Synth 8-3917] design myproject has port w16_d0[3] driven by constant 0
WARNING: [Synth 8-3917] design myproject has port w16_d0[2] driven by constant 0
WARNING: [Synth 8-3917] design myproject has port w16_d0[1] driven by constant 0
WARNING: [Synth 8-3917] design myproject has port w16_d0[0] driven by constant 0
WARNING: [Synth 8-3917] design myproject has port w16_we0 driven by constant 0
WARNING: [Synth 8-3917] design myproject has port w16_address1[1] driven by constant 0
WARNING: [Synth 8-3917] design myproject has port w16_address1[0] driven by constant 0
WARNING: [Synth 8-3917] design myproject has port w16_ce1 driven by constant 0
WARNING: [Synth 8-3917] design myproject has port w16_d1[7] driven by constant 0
WARNING: [Synth 8-3917] design myproject has port w16_d1[6] driven by constant 0
WARNING: [Synth 8-3917] design myproject has port w16_d1[5] driven by constant 0
WARNING: [Synth 8-3917] design myproject has port w16_d1[4] driven by constant 0
WARNING: [Synth 8-3917] design myproject has port w16_d1[3] driven by constant 0
WARNING: [Synth 8-3917] design myproject has port w16_d1[2] driven by constant 0
WARNING: [Synth 8-3917] design myproject has port w16_d1[1] driven by constant 0
WARNING: [Synth 8-3917] design myproject has port w16_d1[0] driven by constant 0
WARNING: [Synth 8-3917] design myproject has port w16_we1 driven by constant 0
WARNING: [Synth 8-3917] design myproject has port w21_d0[7] driven by constant 0
WARNING: [Synth 8-3917] design myproject has port w21_d0[6] driven by constant 0
WARNING: [Synth 8-3917] design myproject has port w21_d0[5] driven by constant 0
WARNING: [Synth 8-3917] design myproject has port w21_d0[4] driven by constant 0
WARNING: [Synth 8-3917] design myproject has port w21_d0[3] driven by constant 0
WARNING: [Synth 8-3917] design myproject has port w21_d0[2] driven by constant 0
WARNING: [Synth 8-3917] design myproject has port w21_d0[1] driven by constant 0
WARNING: [Synth 8-3917] design myproject has port w21_d0[0] driven by constant 0
WARNING: [Synth 8-3917] design myproject has port w21_we0 driven by constant 0
WARNING: [Synth 8-3917] design myproject has port w21_d1[7] driven by constant 0
WARNING: [Synth 8-3917] design myproject has port w21_d1[6] driven by constant 0
WARNING: [Synth 8-3917] design myproject has port w21_d1[5] driven by constant 0
WARNING: [Synth 8-3917] design myproject has port w21_d1[4] driven by constant 0
WARNING: [Synth 8-3917] design myproject has port w21_d1[3] driven by constant 0
WARNING: [Synth 8-3917] design myproject has port w21_d1[2] driven by constant 0
WARNING: [Synth 8-3917] design myproject has port w21_d1[1] driven by constant 0
WARNING: [Synth 8-3917] design myproject has port w21_d1[0] driven by constant 0
WARNING: [Synth 8-3917] design myproject has port w21_we1 driven by constant 0
WARNING: [Synth 8-3917] design myproject has port w24_d0[7] driven by constant 0
WARNING: [Synth 8-3917] design myproject has port w24_d0[6] driven by constant 0
WARNING: [Synth 8-3917] design myproject has port w24_d0[5] driven by constant 0
WARNING: [Synth 8-3917] design myproject has port w24_d0[4] driven by constant 0
WARNING: [Synth 8-3917] design myproject has port w24_d0[3] driven by constant 0
WARNING: [Synth 8-3917] design myproject has port w24_d0[2] driven by constant 0
WARNING: [Synth 8-3917] design myproject has port w24_d0[1] driven by constant 0
WARNING: [Synth 8-3917] design myproject has port w24_d0[0] driven by constant 0
WARNING: [Synth 8-3917] design myproject has port w24_we0 driven by constant 0
WARNING: [Synth 8-3917] design myproject has port w24_d1[7] driven by constant 0
WARNING: [Synth 8-3917] design myproject has port w24_d1[6] driven by constant 0
WARNING: [Synth 8-3917] design myproject has port w24_d1[5] driven by constant 0
WARNING: [Synth 8-3917] design myproject has port w24_d1[4] driven by constant 0
WARNING: [Synth 8-3917] design myproject has port w24_d1[3] driven by constant 0
WARNING: [Synth 8-3917] design myproject has port w24_d1[2] driven by constant 0
WARNING: [Synth 8-3917] design myproject has port w24_d1[1] driven by constant 0
WARNING: [Synth 8-3917] design myproject has port w24_d1[0] driven by constant 0
WARNING: [Synth 8-3917] design myproject has port w24_we1 driven by constant 0
WARNING: [Synth 8-3917] design myproject has port w27_d0[7] driven by constant 0
WARNING: [Synth 8-3917] design myproject has port w27_d0[6] driven by constant 0
WARNING: [Synth 8-3917] design myproject has port w27_d0[5] driven by constant 0
WARNING: [Synth 8-3917] design myproject has port w27_d0[4] driven by constant 0
WARNING: [Synth 8-3917] design myproject has port w27_d0[3] driven by constant 0
WARNING: [Synth 8-3917] design myproject has port w27_d0[2] driven by constant 0
WARNING: [Synth 8-3917] design myproject has port w27_d0[1] driven by constant 0
WARNING: [Synth 8-3917] design myproject has port w27_d0[0] driven by constant 0
WARNING: [Synth 8-3917] design myproject has port w27_we0 driven by constant 0
WARNING: [Synth 8-3917] design myproject has port w27_d1[7] driven by constant 0
WARNING: [Synth 8-3917] design myproject has port w27_d1[6] driven by constant 0
WARNING: [Synth 8-3917] design myproject has port w27_d1[5] driven by constant 0
WARNING: [Synth 8-3917] design myproject has port w27_d1[4] driven by constant 0
WARNING: [Synth 8-3917] design myproject has port w27_d1[3] driven by constant 0
WARNING: [Synth 8-3917] design myproject has port w27_d1[2] driven by constant 0
WARNING: [Synth 8-3917] design myproject has port w27_d1[1] driven by constant 0
WARNING: [Synth 8-3917] design myproject has port w27_d1[0] driven by constant 0
WARNING: [Synth 8-3917] design myproject has port w27_we1 driven by constant 0
WARNING: [Synth 8-7129] Port addr[1] in module myproject_fifo_w16_d2_S_ShiftReg is either unconnected or has no load
WARNING: [Synth 8-7129] Port addr[1] in module myproject_fifo_w8_d2_S_ShiftReg is either unconnected or has no load
WARNING: [Synth 8-7129] Port addr[1] in module myproject_fifo_w10_d2_S_ShiftReg is either unconnected or has no load
WARNING: [Synth 8-7129] Port addr[1] in module myproject_fifo_w11_d2_S_ShiftReg is either unconnected or has no load
WARNING: [Synth 8-7129] Port reset in module myproject_dense_resource_ap_fixed_16_6_5_3_0_ap_fixed_16_6_5_3_0_config16_s_outidx_i_RObkb is either unconnected or has no load
WARNING: [Synth 8-7129] Port w16_q1[7] in module myproject is either unconnected or has no load
WARNING: [Synth 8-7129] Port w16_q1[6] in module myproject is either unconnected or has no load
WARNING: [Synth 8-7129] Port w16_q1[5] in module myproject is either unconnected or has no load
WARNING: [Synth 8-7129] Port w16_q1[4] in module myproject is either unconnected or has no load
WARNING: [Synth 8-7129] Port w16_q1[3] in module myproject is either unconnected or has no load
WARNING: [Synth 8-7129] Port w16_q1[2] in module myproject is either unconnected or has no load
WARNING: [Synth 8-7129] Port w16_q1[1] in module myproject is either unconnected or has no load
WARNING: [Synth 8-7129] Port w16_q1[0] in module myproject is either unconnected or has no load
---------------------------------------------------------------------------------
Finished Synthesize : Time (s): cpu = 00:00:14 ; elapsed = 00:00:15 . Memory (MB): peak = 2574.961 ; gain = 894.840 ; free physical = 84149 ; free virtual = 207147
---------------------------------------------------------------------------------
---------------------------------------------------------------------------------
Finished Constraint Validation : Time (s): cpu = 00:00:16 ; elapsed = 00:00:17 . Memory (MB): peak = 2574.961 ; gain = 894.840 ; free physical = 83768 ; free virtual = 206793
---------------------------------------------------------------------------------
---------------------------------------------------------------------------------
Start Loading Part and Timing Information
---------------------------------------------------------------------------------
Loading part: xc7z020clg400-1
---------------------------------------------------------------------------------
INFO: [Device 21-403] Loading part xc7z020clg400-1
Finished Loading Part and Timing Information : Time (s): cpu = 00:00:16 ; elapsed = 00:00:17 . Memory (MB): peak = 2582.965 ; gain = 902.844 ; free physical = 83763 ; free virtual = 206789
---------------------------------------------------------------------------------
WARNING: [Synth 8-3936] Found unconnected internal register 'sext_ln73_357_reg_29834_reg' and it is trimmed from '19' to '11' bits. [/home/dabadjiev/smartpixels_ml_dsabadjiev/Muon_Collider_Smart_Pixels/eric/Results_June2026_99SigEff/model2.5_fin_results/model2_5_8bit_normalised_selected/pareto_secondary/hls_outputs_vsynth/hls_model_trial_074/myproject_prj/solution1/syn/vhdl/myproject_dense_resource_ap_fixed_16_6_5_3_0_ap_fixed_16_6_5_3_0_config14_s.vhd:15038]
WARNING: [Synth 8-3936] Found unconnected internal register 'sext_ln73_359_reg_29925_reg' and it is trimmed from '19' to '11' bits. [/home/dabadjiev/smartpixels_ml_dsabadjiev/Muon_Collider_Smart_Pixels/eric/Results_June2026_99SigEff/model2.5_fin_results/model2_5_8bit_normalised_selected/pareto_secondary/hls_outputs_vsynth/hls_model_trial_074/myproject_prj/solution1/syn/vhdl/myproject_dense_resource_ap_fixed_16_6_5_3_0_ap_fixed_16_6_5_3_0_config14_s.vhd:15039]
WARNING: [Synth 8-3936] Found unconnected internal register 'sext_ln73_353_reg_31894_reg' and it is trimmed from '19' to '11' bits. [/home/dabadjiev/smartpixels_ml_dsabadjiev/Muon_Collider_Smart_Pixels/eric/Results_June2026_99SigEff/model2.5_fin_results/model2_5_8bit_normalised_selected/pareto_secondary/hls_outputs_vsynth/hls_model_trial_074/myproject_prj/solution1/syn/vhdl/myproject_dense_resource_ap_fixed_16_6_5_3_0_ap_fixed_16_6_5_3_0_config14_s.vhd:16803]
WARNING: [Synth 8-3936] Found unconnected internal register 'sext_ln73_reg_31803_reg' and it is trimmed from '19' to '11' bits. [/home/dabadjiev/smartpixels_ml_dsabadjiev/Muon_Collider_Smart_Pixels/eric/Results_June2026_99SigEff/model2.5_fin_results/model2_5_8bit_normalised_selected/pareto_secondary/hls_outputs_vsynth/hls_model_trial_074/myproject_prj/solution1/syn/vhdl/myproject_dense_resource_ap_fixed_16_6_5_3_0_ap_fixed_16_6_5_3_0_config14_s.vhd:16804]
WARNING: [Synth 8-3936] Found unconnected internal register 'sext_ln73_355_reg_32000_reg' and it is trimmed from '19' to '11' bits. [/home/dabadjiev/smartpixels_ml_dsabadjiev/Muon_Collider_Smart_Pixels/eric/Results_June2026_99SigEff/model2.5_fin_results/model2_5_8bit_normalised_selected/pareto_secondary/hls_outputs_vsynth/hls_model_trial_074/myproject_prj/solution1/syn/vhdl/myproject_dense_resource_ap_fixed_16_6_5_3_0_ap_fixed_16_6_5_3_0_config14_s.vhd:16824]
INFO: [Device 21-9227] Part: xc7z020clg400-1 does not have CEAM library.
INFO: [Synth 8-4490] FSM extraction disabled for register 'ap_CS_fsm_reg' through user attribute
INFO: [Synth 8-4490] FSM extraction disabled for register 'ap_CS_fsm_reg' through user attribute
INFO: [Synth 8-4490] FSM extraction disabled for register 'ap_CS_fsm_reg' through user attribute
INFO: [Synth 8-4490] FSM extraction disabled for register 'ap_CS_fsm_reg' through user attribute
INFO: [Synth 8-4490] FSM extraction disabled for register 'ap_CS_fsm_reg' through user attribute
INFO: [Synth 8-4490] FSM extraction disabled for register 'ap_CS_fsm_reg' through user attribute
INFO: [Synth 8-4490] FSM extraction disabled for register 'ap_CS_fsm_reg' through user attribute
INFO: [Synth 8-4490] FSM extraction disabled for register 'ap_CS_fsm_reg' through user attribute
INFO: [Synth 8-4490] FSM extraction disabled for register 'ap_CS_fsm_reg' through user attribute
INFO: [Synth 8-4490] FSM extraction disabled for register 'ap_CS_fsm_reg' through user attribute
---------------------------------------------------------------------------------
Finished RTL Optimization Phase 2 : Time (s): cpu = 00:00:34 ; elapsed = 00:00:31 . Memory (MB): peak = 2584.965 ; gain = 904.844 ; free physical = 81544 ; free virtual = 204677
---------------------------------------------------------------------------------
INFO: [Synth 8-223] decloning instance 'dense_resource_ap_fixed_16_6_5_3_0_ap_fixed_16_6_5_3_0_config14_U0/mul_11s_8s_19_1_1_U84' (myproject_mul_11s_8s_19_1_1) to 'dense_resource_ap_fixed_16_6_5_3_0_ap_fixed_16_6_5_3_0_config14_U0/mul_11s_8s_19_1_1_U86'
INFO: [Synth 8-223] decloning instance 'dense_resource_ap_fixed_16_6_5_3_0_ap_fixed_16_6_5_3_0_config14_U0/mul_11s_8s_19_1_1_U84' (myproject_mul_11s_8s_19_1_1) to 'dense_resource_ap_fixed_16_6_5_3_0_ap_fixed_16_6_5_3_0_config14_U0/mul_11s_8s_19_1_1_U88'
INFO: [Synth 8-223] decloning instance 'dense_resource_ap_fixed_16_6_5_3_0_ap_fixed_16_6_5_3_0_config14_U0/mul_11s_8s_19_1_1_U84' (myproject_mul_11s_8s_19_1_1) to 'dense_resource_ap_fixed_16_6_5_3_0_ap_fixed_16_6_5_3_0_config14_U0/mul_11s_8s_19_1_1_U90'
INFO: [Synth 8-223] decloning instance 'dense_resource_ap_fixed_16_6_5_3_0_ap_fixed_16_6_5_3_0_config14_U0/mul_11s_8s_19_1_1_U84' (myproject_mul_11s_8s_19_1_1) to 'dense_resource_ap_fixed_16_6_5_3_0_ap_fixed_16_6_5_3_0_config14_U0/mul_11s_8s_19_1_1_U92'
INFO: [Synth 8-223] decloning instance 'dense_resource_ap_fixed_16_6_5_3_0_ap_fixed_16_6_5_3_0_config14_U0/mul_11s_8s_19_1_1_U84' (myproject_mul_11s_8s_19_1_1) to 'dense_resource_ap_fixed_16_6_5_3_0_ap_fixed_16_6_5_3_0_config14_U0/mul_11s_8s_19_1_1_U94'
INFO: [Synth 8-223] decloning instance 'dense_resource_ap_fixed_16_6_5_3_0_ap_fixed_16_6_5_3_0_config14_U0/mul_11s_8s_19_1_1_U84' (myproject_mul_11s_8s_19_1_1) to 'dense_resource_ap_fixed_16_6_5_3_0_ap_fixed_16_6_5_3_0_config14_U0/mul_11s_8s_19_1_1_U96'
INFO: [Synth 8-223] decloning instance 'dense_resource_ap_fixed_16_6_5_3_0_ap_fixed_16_6_5_3_0_config14_U0/mul_11s_8s_19_1_1_U84' (myproject_mul_11s_8s_19_1_1) to 'dense_resource_ap_fixed_16_6_5_3_0_ap_fixed_16_6_5_3_0_config14_U0/mul_11s_8s_19_1_1_U98'
INFO: [Synth 8-223] decloning instance 'dense_resource_ap_fixed_16_6_5_3_0_ap_fixed_16_6_5_3_0_config14_U0/mul_11s_8s_19_1_1_U84' (myproject_mul_11s_8s_19_1_1) to 'dense_resource_ap_fixed_16_6_5_3_0_ap_fixed_16_6_5_3_0_config14_U0/mul_11s_8s_19_1_1_U100'
INFO: [Synth 8-223] decloning instance 'dense_resource_ap_fixed_16_6_5_3_0_ap_fixed_16_6_5_3_0_config14_U0/mul_11s_8s_19_1_1_U84' (myproject_mul_11s_8s_19_1_1) to 'dense_resource_ap_fixed_16_6_5_3_0_ap_fixed_16_6_5_3_0_config14_U0/mul_11s_8s_19_1_1_U102'
INFO: [Synth 8-223] decloning instance 'dense_resource_ap_fixed_16_6_5_3_0_ap_fixed_16_6_5_3_0_config14_U0/mul_11s_8s_19_1_1_U84' (myproject_mul_11s_8s_19_1_1) to 'dense_resource_ap_fixed_16_6_5_3_0_ap_fixed_16_6_5_3_0_config14_U0/mul_11s_8s_19_1_1_U104'
INFO: [Synth 8-223] decloning instance 'dense_resource_ap_fixed_16_6_5_3_0_ap_fixed_16_6_5_3_0_config14_U0/mul_11s_8s_19_1_1_U84' (myproject_mul_11s_8s_19_1_1) to 'dense_resource_ap_fixed_16_6_5_3_0_ap_fixed_16_6_5_3_0_config14_U0/mul_11s_8s_19_1_1_U106'
INFO: [Synth 8-223] decloning instance 'dense_resource_ap_fixed_16_6_5_3_0_ap_fixed_16_6_5_3_0_config14_U0/mul_11s_8s_19_1_1_U84' (myproject_mul_11s_8s_19_1_1) to 'dense_resource_ap_fixed_16_6_5_3_0_ap_fixed_16_6_5_3_0_config14_U0/mul_11s_8s_19_1_1_U108'
INFO: [Synth 8-223] decloning instance 'dense_resource_ap_fixed_16_6_5_3_0_ap_fixed_16_6_5_3_0_config14_U0/mul_11s_8s_19_1_1_U84' (myproject_mul_11s_8s_19_1_1) to 'dense_resource_ap_fixed_16_6_5_3_0_ap_fixed_16_6_5_3_0_config14_U0/mul_11s_8s_19_1_1_U110'
INFO: [Synth 8-223] decloning instance 'dense_resource_ap_fixed_16_6_5_3_0_ap_fixed_16_6_5_3_0_config14_U0/mul_11s_8s_19_1_1_U84' (myproject_mul_11s_8s_19_1_1) to 'dense_resource_ap_fixed_16_6_5_3_0_ap_fixed_16_6_5_3_0_config14_U0/mul_11s_8s_19_1_1_U112'
INFO: [Synth 8-223] decloning instance 'dense_resource_ap_fixed_16_6_5_3_0_ap_fixed_16_6_5_3_0_config14_U0/mul_11s_8s_19_1_1_U84' (myproject_mul_11s_8s_19_1_1) to 'dense_resource_ap_fixed_16_6_5_3_0_ap_fixed_16_6_5_3_0_config14_U0/mul_11s_8s_19_1_1_U114'
INFO: [Synth 8-223] decloning instance 'dense_resource_ap_fixed_16_6_5_3_0_ap_fixed_16_6_5_3_0_config14_U0/mul_11s_8s_19_1_1_U84' (myproject_mul_11s_8s_19_1_1) to 'dense_resource_ap_fixed_16_6_5_3_0_ap_fixed_16_6_5_3_0_config14_U0/mul_11s_8s_19_1_1_U116'
INFO: [Synth 8-223] decloning instance 'dense_resource_ap_fixed_16_6_5_3_0_ap_fixed_16_6_5_3_0_config14_U0/mul_11s_8s_19_1_1_U84' (myproject_mul_11s_8s_19_1_1) to 'dense_resource_ap_fixed_16_6_5_3_0_ap_fixed_16_6_5_3_0_config14_U0/mul_11s_8s_19_1_1_U118'
INFO: [Synth 8-223] decloning instance 'dense_resource_ap_fixed_16_6_5_3_0_ap_fixed_16_6_5_3_0_config14_U0/mul_11s_8s_19_1_1_U84' (myproject_mul_11s_8s_19_1_1) to 'dense_resource_ap_fixed_16_6_5_3_0_ap_fixed_16_6_5_3_0_config14_U0/mul_11s_8s_19_1_1_U120'
INFO: [Synth 8-223] decloning instance 'dense_resource_ap_fixed_16_6_5_3_0_ap_fixed_16_6_5_3_0_config14_U0/mul_11s_8s_19_1_1_U84' (myproject_mul_11s_8s_19_1_1) to 'dense_resource_ap_fixed_16_6_5_3_0_ap_fixed_16_6_5_3_0_config14_U0/mul_11s_8s_19_1_1_U122'
INFO: [Synth 8-223] decloning instance 'dense_resource_ap_fixed_16_6_5_3_0_ap_fixed_16_6_5_3_0_config14_U0/mul_11s_8s_19_1_1_U84' (myproject_mul_11s_8s_19_1_1) to 'dense_resource_ap_fixed_16_6_5_3_0_ap_fixed_16_6_5_3_0_config14_U0/mul_11s_8s_19_1_1_U124'
INFO: [Synth 8-223] decloning instance 'dense_resource_ap_fixed_16_6_5_3_0_ap_fixed_16_6_5_3_0_config14_U0/mul_11s_8s_19_1_1_U84' (myproject_mul_11s_8s_19_1_1) to 'dense_resource_ap_fixed_16_6_5_3_0_ap_fixed_16_6_5_3_0_config14_U0/mul_11s_8s_19_1_1_U126'
INFO: [Synth 8-223] decloning instance 'dense_resource_ap_fixed_16_6_5_3_0_ap_fixed_16_6_5_3_0_config14_U0/mul_11s_8s_19_1_1_U84' (myproject_mul_11s_8s_19_1_1) to 'dense_resource_ap_fixed_16_6_5_3_0_ap_fixed_16_6_5_3_0_config14_U0/mul_11s_8s_19_1_1_U128'
INFO: [Synth 8-223] decloning instance 'dense_resource_ap_fixed_16_6_5_3_0_ap_fixed_16_6_5_3_0_config14_U0/mul_11s_8s_19_1_1_U84' (myproject_mul_11s_8s_19_1_1) to 'dense_resource_ap_fixed_16_6_5_3_0_ap_fixed_16_6_5_3_0_config14_U0/mul_11s_8s_19_1_1_U130'
INFO: [Synth 8-223] decloning instance 'dense_resource_ap_fixed_16_6_5_3_0_ap_fixed_16_6_5_3_0_config14_U0/mul_11s_8s_19_1_1_U84' (myproject_mul_11s_8s_19_1_1) to 'dense_resource_ap_fixed_16_6_5_3_0_ap_fixed_16_6_5_3_0_config14_U0/mul_11s_8s_19_1_1_U132'
INFO: [Synth 8-223] decloning instance 'dense_resource_ap_fixed_16_6_5_3_0_ap_fixed_16_6_5_3_0_config14_U0/mul_11s_8s_19_1_1_U84' (myproject_mul_11s_8s_19_1_1) to 'dense_resource_ap_fixed_16_6_5_3_0_ap_fixed_16_6_5_3_0_config14_U0/mul_11s_8s_19_1_1_U134'
INFO: [Synth 8-223] decloning instance 'dense_resource_ap_fixed_16_6_5_3_0_ap_fixed_16_6_5_3_0_config14_U0/mul_11s_8s_19_1_1_U84' (myproject_mul_11s_8s_19_1_1) to 'dense_resource_ap_fixed_16_6_5_3_0_ap_fixed_16_6_5_3_0_config14_U0/mul_11s_8s_19_1_1_U136'
INFO: [Synth 8-223] decloning instance 'dense_resource_ap_fixed_16_6_5_3_0_ap_fixed_16_6_5_3_0_config14_U0/mul_11s_8s_19_1_1_U84' (myproject_mul_11s_8s_19_1_1) to 'dense_resource_ap_fixed_16_6_5_3_0_ap_fixed_16_6_5_3_0_config14_U0/mul_11s_8s_19_1_1_U138'
INFO: [Synth 8-223] decloning instance 'dense_resource_ap_fixed_16_6_5_3_0_ap_fixed_16_6_5_3_0_config14_U0/mul_11s_8s_19_1_1_U84' (myproject_mul_11s_8s_19_1_1) to 'dense_resource_ap_fixed_16_6_5_3_0_ap_fixed_16_6_5_3_0_config14_U0/mul_11s_8s_19_1_1_U140'
INFO: [Synth 8-223] decloning instance 'dense_resource_ap_fixed_16_6_5_3_0_ap_fixed_16_6_5_3_0_config14_U0/mul_11s_8s_19_1_1_U84' (myproject_mul_11s_8s_19_1_1) to 'dense_resource_ap_fixed_16_6_5_3_0_ap_fixed_16_6_5_3_0_config14_U0/mul_11s_8s_19_1_1_U142'
INFO: [Synth 8-223] decloning instance 'dense_resource_ap_fixed_16_6_5_3_0_ap_fixed_16_6_5_3_0_config14_U0/mul_11s_8s_19_1_1_U84' (myproject_mul_11s_8s_19_1_1) to 'dense_resource_ap_fixed_16_6_5_3_0_ap_fixed_16_6_5_3_0_config14_U0/mul_11s_8s_19_1_1_U144'
INFO: [Synth 8-223] decloning instance 'dense_resource_ap_fixed_16_6_5_3_0_ap_fixed_16_6_5_3_0_config14_U0/mul_11s_8s_19_1_1_U84' (myproject_mul_11s_8s_19_1_1) to 'dense_resource_ap_fixed_16_6_5_3_0_ap_fixed_16_6_5_3_0_config14_U0/mul_11s_8s_19_1_1_U146'
INFO: [Synth 8-223] decloning instance 'dense_resource_ap_fixed_16_6_5_3_0_ap_fixed_16_6_5_3_0_config14_U0/mul_11s_8s_19_1_1_U84' (myproject_mul_11s_8s_19_1_1) to 'dense_resource_ap_fixed_16_6_5_3_0_ap_fixed_16_6_5_3_0_config14_U0/mul_11s_8s_19_1_1_U148'
INFO: [Synth 8-223] decloning instance 'dense_resource_ap_fixed_16_6_5_3_0_ap_fixed_16_6_5_3_0_config14_U0/mul_11s_8s_19_1_1_U84' (myproject_mul_11s_8s_19_1_1) to 'dense_resource_ap_fixed_16_6_5_3_0_ap_fixed_16_6_5_3_0_config14_U0/mul_11s_8s_19_1_1_U150'
INFO: [Synth 8-223] decloning instance 'dense_resource_ap_fixed_16_6_5_3_0_ap_fixed_16_6_5_3_0_config14_U0/mul_11s_8s_19_1_1_U84' (myproject_mul_11s_8s_19_1_1) to 'dense_resource_ap_fixed_16_6_5_3_0_ap_fixed_16_6_5_3_0_config14_U0/mul_11s_8s_19_1_1_U152'
INFO: [Synth 8-223] decloning instance 'dense_resource_ap_fixed_16_6_5_3_0_ap_fixed_16_6_5_3_0_config14_U0/mul_11s_8s_19_1_1_U84' (myproject_mul_11s_8s_19_1_1) to 'dense_resource_ap_fixed_16_6_5_3_0_ap_fixed_16_6_5_3_0_config14_U0/mul_11s_8s_19_1_1_U154'
INFO: [Synth 8-223] decloning instance 'dense_resource_ap_fixed_16_6_5_3_0_ap_fixed_16_6_5_3_0_config14_U0/mul_11s_8s_19_1_1_U84' (myproject_mul_11s_8s_19_1_1) to 'dense_resource_ap_fixed_16_6_5_3_0_ap_fixed_16_6_5_3_0_config14_U0/mul_11s_8s_19_1_1_U156'
INFO: [Synth 8-223] decloning instance 'dense_resource_ap_fixed_16_6_5_3_0_ap_fixed_16_6_5_3_0_config14_U0/mul_11s_8s_19_1_1_U84' (myproject_mul_11s_8s_19_1_1) to 'dense_resource_ap_fixed_16_6_5_3_0_ap_fixed_16_6_5_3_0_config14_U0/mul_11s_8s_19_1_1_U158'
INFO: [Synth 8-223] decloning instance 'dense_resource_ap_fixed_16_6_5_3_0_ap_fixed_16_6_5_3_0_config14_U0/mul_11s_8s_19_1_1_U84' (myproject_mul_11s_8s_19_1_1) to 'dense_resource_ap_fixed_16_6_5_3_0_ap_fixed_16_6_5_3_0_config14_U0/mul_11s_8s_19_1_1_U160'
INFO: [Synth 8-223] decloning instance 'dense_resource_ap_fixed_16_6_5_3_0_ap_fixed_16_6_5_3_0_config14_U0/mul_11s_8s_19_1_1_U84' (myproject_mul_11s_8s_19_1_1) to 'dense_resource_ap_fixed_16_6_5_3_0_ap_fixed_16_6_5_3_0_config14_U0/mul_11s_8s_19_1_1_U162'
INFO: [Synth 8-223] decloning instance 'dense_resource_ap_fixed_16_6_5_3_0_ap_fixed_16_6_5_3_0_config14_U0/mul_11s_8s_19_1_1_U84' (myproject_mul_11s_8s_19_1_1) to 'dense_resource_ap_fixed_16_6_5_3_0_ap_fixed_16_6_5_3_0_config14_U0/mul_11s_8s_19_1_1_U164'
INFO: [Synth 8-223] decloning instance 'dense_resource_ap_fixed_16_6_5_3_0_ap_fixed_16_6_5_3_0_config14_U0/mul_11s_8s_19_1_1_U84' (myproject_mul_11s_8s_19_1_1) to 'dense_resource_ap_fixed_16_6_5_3_0_ap_fixed_16_6_5_3_0_config14_U0/mul_11s_8s_19_1_1_U166'
INFO: [Synth 8-223] decloning instance 'dense_resource_ap_fixed_16_6_5_3_0_ap_fixed_16_6_5_3_0_config14_U0/mul_11s_8s_19_1_1_U84' (myproject_mul_11s_8s_19_1_1) to 'dense_resource_ap_fixed_16_6_5_3_0_ap_fixed_16_6_5_3_0_config14_U0/mul_11s_8s_19_1_1_U168'
INFO: [Synth 8-223] decloning instance 'dense_resource_ap_fixed_16_6_5_3_0_ap_fixed_16_6_5_3_0_config14_U0/mul_11s_8s_19_1_1_U84' (myproject_mul_11s_8s_19_1_1) to 'dense_resource_ap_fixed_16_6_5_3_0_ap_fixed_16_6_5_3_0_config14_U0/mul_11s_8s_19_1_1_U170'
INFO: [Synth 8-223] decloning instance 'dense_resource_ap_fixed_16_6_5_3_0_ap_fixed_16_6_5_3_0_config14_U0/mul_11s_8s_19_1_1_U84' (myproject_mul_11s_8s_19_1_1) to 'dense_resource_ap_fixed_16_6_5_3_0_ap_fixed_16_6_5_3_0_config14_U0/mul_11s_8s_19_1_1_U172'
INFO: [Synth 8-223] decloning instance 'dense_resource_ap_fixed_16_6_5_3_0_ap_fixed_16_6_5_3_0_config14_U0/mul_11s_8s_19_1_1_U84' (myproject_mul_11s_8s_19_1_1) to 'dense_resource_ap_fixed_16_6_5_3_0_ap_fixed_16_6_5_3_0_config14_U0/mul_11s_8s_19_1_1_U174'
INFO: [Synth 8-223] decloning instance 'dense_resource_ap_fixed_16_6_5_3_0_ap_fixed_16_6_5_3_0_config14_U0/mul_11s_8s_19_1_1_U84' (myproject_mul_11s_8s_19_1_1) to 'dense_resource_ap_fixed_16_6_5_3_0_ap_fixed_16_6_5_3_0_config14_U0/mul_11s_8s_19_1_1_U176'
INFO: [Synth 8-223] decloning instance 'dense_resource_ap_fixed_16_6_5_3_0_ap_fixed_16_6_5_3_0_config14_U0/mul_11s_8s_19_1_1_U84' (myproject_mul_11s_8s_19_1_1) to 'dense_resource_ap_fixed_16_6_5_3_0_ap_fixed_16_6_5_3_0_config14_U0/mul_11s_8s_19_1_1_U178'
INFO: [Synth 8-223] decloning instance 'dense_resource_ap_fixed_16_6_5_3_0_ap_fixed_16_6_5_3_0_config14_U0/mul_11s_8s_19_1_1_U84' (myproject_mul_11s_8s_19_1_1) to 'dense_resource_ap_fixed_16_6_5_3_0_ap_fixed_16_6_5_3_0_config14_U0/mul_11s_8s_19_1_1_U180'
INFO: [Synth 8-223] decloning instance 'dense_resource_ap_fixed_16_6_5_3_0_ap_fixed_16_6_5_3_0_config14_U0/mul_11s_8s_19_1_1_U84' (myproject_mul_11s_8s_19_1_1) to 'dense_resource_ap_fixed_16_6_5_3_0_ap_fixed_16_6_5_3_0_config14_U0/mul_11s_8s_19_1_1_U182'
INFO: [Synth 8-223] decloning instance 'dense_resource_ap_fixed_16_6_5_3_0_ap_fixed_16_6_5_3_0_config14_U0/mul_11s_8s_19_1_1_U84' (myproject_mul_11s_8s_19_1_1) to 'dense_resource_ap_fixed_16_6_5_3_0_ap_fixed_16_6_5_3_0_config14_U0/mul_11s_8s_19_1_1_U184'
INFO: [Synth 8-223] decloning instance 'dense_resource_ap_fixed_16_6_5_3_0_ap_fixed_16_6_5_3_0_config14_U0/mul_11s_8s_19_1_1_U84' (myproject_mul_11s_8s_19_1_1) to 'dense_resource_ap_fixed_16_6_5_3_0_ap_fixed_16_6_5_3_0_config14_U0/mul_11s_8s_19_1_1_U186'
INFO: [Synth 8-223] decloning instance 'dense_resource_ap_fixed_16_6_5_3_0_ap_fixed_16_6_5_3_0_config14_U0/mul_11s_8s_19_1_1_U84' (myproject_mul_11s_8s_19_1_1) to 'dense_resource_ap_fixed_16_6_5_3_0_ap_fixed_16_6_5_3_0_config14_U0/mul_11s_8s_19_1_1_U188'
INFO: [Synth 8-223] decloning instance 'dense_resource_ap_fixed_16_6_5_3_0_ap_fixed_16_6_5_3_0_config14_U0/mul_11s_8s_19_1_1_U84' (myproject_mul_11s_8s_19_1_1) to 'dense_resource_ap_fixed_16_6_5_3_0_ap_fixed_16_6_5_3_0_config14_U0/mul_11s_8s_19_1_1_U190'
INFO: [Synth 8-223] decloning instance 'dense_resource_ap_fixed_16_6_5_3_0_ap_fixed_16_6_5_3_0_config14_U0/mul_11s_8s_19_1_1_U84' (myproject_mul_11s_8s_19_1_1) to 'dense_resource_ap_fixed_16_6_5_3_0_ap_fixed_16_6_5_3_0_config14_U0/mul_11s_8s_19_1_1_U192'
INFO: [Synth 8-223] decloning instance 'dense_resource_ap_fixed_16_6_5_3_0_ap_fixed_16_6_5_3_0_config14_U0/mul_11s_8s_19_1_1_U84' (myproject_mul_11s_8s_19_1_1) to 'dense_resource_ap_fixed_16_6_5_3_0_ap_fixed_16_6_5_3_0_config14_U0/mul_11s_8s_19_1_1_U194'
INFO: [Synth 8-223] decloning instance 'dense_resource_ap_fixed_16_6_5_3_0_ap_fixed_16_6_5_3_0_config14_U0/mul_11s_8s_19_1_1_U84' (myproject_mul_11s_8s_19_1_1) to 'dense_resource_ap_fixed_16_6_5_3_0_ap_fixed_16_6_5_3_0_config14_U0/mul_11s_8s_19_1_1_U196'
INFO: [Synth 8-223] decloning instance 'dense_resource_ap_fixed_16_6_5_3_0_ap_fixed_16_6_5_3_0_config14_U0/mul_11s_8s_19_1_1_U84' (myproject_mul_11s_8s_19_1_1) to 'dense_resource_ap_fixed_16_6_5_3_0_ap_fixed_16_6_5_3_0_config14_U0/mul_11s_8s_19_1_1_U198'
INFO: [Synth 8-223] decloning instance 'dense_resource_ap_fixed_16_6_5_3_0_ap_fixed_16_6_5_3_0_config14_U0/mul_11s_8s_19_1_1_U84' (myproject_mul_11s_8s_19_1_1) to 'dense_resource_ap_fixed_16_6_5_3_0_ap_fixed_16_6_5_3_0_config14_U0/mul_11s_8s_19_1_1_U200'
INFO: [Synth 8-223] decloning instance 'dense_resource_ap_fixed_16_6_5_3_0_ap_fixed_16_6_5_3_0_config14_U0/mul_11s_8s_19_1_1_U84' (myproject_mul_11s_8s_19_1_1) to 'dense_resource_ap_fixed_16_6_5_3_0_ap_fixed_16_6_5_3_0_config14_U0/mul_11s_8s_19_1_1_U202'
INFO: [Synth 8-223] decloning instance 'dense_resource_ap_fixed_16_6_5_3_0_ap_fixed_16_6_5_3_0_config14_U0/mul_11s_8s_19_1_1_U84' (myproject_mul_11s_8s_19_1_1) to 'dense_resource_ap_fixed_16_6_5_3_0_ap_fixed_16_6_5_3_0_config14_U0/mul_11s_8s_19_1_1_U204'
INFO: [Synth 8-223] decloning instance 'dense_resource_ap_fixed_16_6_5_3_0_ap_fixed_16_6_5_3_0_config14_U0/mul_11s_8s_19_1_1_U84' (myproject_mul_11s_8s_19_1_1) to 'dense_resource_ap_fixed_16_6_5_3_0_ap_fixed_16_6_5_3_0_config14_U0/mul_11s_8s_19_1_1_U206'
INFO: [Synth 8-223] decloning instance 'dense_resource_ap_fixed_16_6_5_3_0_ap_fixed_16_6_5_3_0_config14_U0/mul_11s_8s_19_1_1_U84' (myproject_mul_11s_8s_19_1_1) to 'dense_resource_ap_fixed_16_6_5_3_0_ap_fixed_16_6_5_3_0_config14_U0/mul_11s_8s_19_1_1_U208'
INFO: [Synth 8-223] decloning instance 'dense_resource_ap_fixed_16_6_5_3_0_ap_fixed_16_6_5_3_0_config14_U0/mul_11s_8s_19_1_1_U84' (myproject_mul_11s_8s_19_1_1) to 'dense_resource_ap_fixed_16_6_5_3_0_ap_fixed_16_6_5_3_0_config14_U0/mul_11s_8s_19_1_1_U210'
INFO: [Synth 8-223] decloning instance 'dense_resource_ap_fixed_16_6_5_3_0_ap_fixed_16_6_5_3_0_config14_U0/mul_11s_8s_19_1_1_U84' (myproject_mul_11s_8s_19_1_1) to 'dense_resource_ap_fixed_16_6_5_3_0_ap_fixed_16_6_5_3_0_config14_U0/mul_11s_8s_19_1_1_U212'
INFO: [Synth 8-223] decloning instance 'dense_resource_ap_fixed_16_6_5_3_0_ap_fixed_16_6_5_3_0_config14_U0/mul_11s_8s_19_1_1_U84' (myproject_mul_11s_8s_19_1_1) to 'dense_resource_ap_fixed_16_6_5_3_0_ap_fixed_16_6_5_3_0_config14_U0/mul_11s_8s_19_1_1_U214'
INFO: [Synth 8-223] decloning instance 'dense_resource_ap_fixed_16_6_5_3_0_ap_fixed_16_6_5_3_0_config14_U0/mul_11s_8s_19_1_1_U84' (myproject_mul_11s_8s_19_1_1) to 'dense_resource_ap_fixed_16_6_5_3_0_ap_fixed_16_6_5_3_0_config14_U0/mul_11s_8s_19_1_1_U216'
INFO: [Synth 8-223] decloning instance 'dense_resource_ap_fixed_16_6_5_3_0_ap_fixed_16_6_5_3_0_config14_U0/mul_11s_8s_19_1_1_U84' (myproject_mul_11s_8s_19_1_1) to 'dense_resource_ap_fixed_16_6_5_3_0_ap_fixed_16_6_5_3_0_config14_U0/mul_11s_8s_19_1_1_U218'
INFO: [Synth 8-223] decloning instance 'dense_resource_ap_fixed_16_6_5_3_0_ap_fixed_16_6_5_3_0_config14_U0/mul_11s_8s_19_1_1_U84' (myproject_mul_11s_8s_19_1_1) to 'dense_resource_ap_fixed_16_6_5_3_0_ap_fixed_16_6_5_3_0_config14_U0/mul_11s_8s_19_1_1_U220'
INFO: [Synth 8-223] decloning instance 'dense_resource_ap_fixed_16_6_5_3_0_ap_fixed_16_6_5_3_0_config14_U0/mul_11s_8s_19_1_1_U84' (myproject_mul_11s_8s_19_1_1) to 'dense_resource_ap_fixed_16_6_5_3_0_ap_fixed_16_6_5_3_0_config14_U0/mul_11s_8s_19_1_1_U222'
INFO: [Synth 8-223] decloning instance 'dense_resource_ap_fixed_16_6_5_3_0_ap_fixed_16_6_5_3_0_config14_U0/mul_11s_8s_19_1_1_U84' (myproject_mul_11s_8s_19_1_1) to 'dense_resource_ap_fixed_16_6_5_3_0_ap_fixed_16_6_5_3_0_config14_U0/mul_11s_8s_19_1_1_U224'
INFO: [Synth 8-223] decloning instance 'dense_resource_ap_fixed_16_6_5_3_0_ap_fixed_16_6_5_3_0_config14_U0/mul_11s_8s_19_1_1_U84' (myproject_mul_11s_8s_19_1_1) to 'dense_resource_ap_fixed_16_6_5_3_0_ap_fixed_16_6_5_3_0_config14_U0/mul_11s_8s_19_1_1_U226'
INFO: [Synth 8-223] decloning instance 'dense_resource_ap_fixed_16_6_5_3_0_ap_fixed_16_6_5_3_0_config14_U0/mul_11s_8s_19_1_1_U84' (myproject_mul_11s_8s_19_1_1) to 'dense_resource_ap_fixed_16_6_5_3_0_ap_fixed_16_6_5_3_0_config14_U0/mul_11s_8s_19_1_1_U228'
INFO: [Synth 8-223] decloning instance 'dense_resource_ap_fixed_16_6_5_3_0_ap_fixed_16_6_5_3_0_config14_U0/mul_11s_8s_19_1_1_U84' (myproject_mul_11s_8s_19_1_1) to 'dense_resource_ap_fixed_16_6_5_3_0_ap_fixed_16_6_5_3_0_config14_U0/mul_11s_8s_19_1_1_U230'
INFO: [Synth 8-223] decloning instance 'dense_resource_ap_fixed_16_6_5_3_0_ap_fixed_16_6_5_3_0_config14_U0/mul_11s_8s_19_1_1_U84' (myproject_mul_11s_8s_19_1_1) to 'dense_resource_ap_fixed_16_6_5_3_0_ap_fixed_16_6_5_3_0_config14_U0/mul_11s_8s_19_1_1_U232'
INFO: [Synth 8-223] decloning instance 'dense_resource_ap_fixed_16_6_5_3_0_ap_fixed_16_6_5_3_0_config14_U0/mul_11s_8s_19_1_1_U84' (myproject_mul_11s_8s_19_1_1) to 'dense_resource_ap_fixed_16_6_5_3_0_ap_fixed_16_6_5_3_0_config14_U0/mul_11s_8s_19_1_1_U234'
INFO: [Synth 8-223] decloning instance 'dense_resource_ap_fixed_16_6_5_3_0_ap_fixed_16_6_5_3_0_config14_U0/mul_11s_8s_19_1_1_U84' (myproject_mul_11s_8s_19_1_1) to 'dense_resource_ap_fixed_16_6_5_3_0_ap_fixed_16_6_5_3_0_config14_U0/mul_11s_8s_19_1_1_U236'
INFO: [Synth 8-223] decloning instance 'dense_resource_ap_fixed_16_6_5_3_0_ap_fixed_16_6_5_3_0_config14_U0/mul_11s_8s_19_1_1_U84' (myproject_mul_11s_8s_19_1_1) to 'dense_resource_ap_fixed_16_6_5_3_0_ap_fixed_16_6_5_3_0_config14_U0/mul_11s_8s_19_1_1_U238'
INFO: [Synth 8-223] decloning instance 'dense_resource_ap_fixed_16_6_5_3_0_ap_fixed_16_6_5_3_0_config14_U0/mul_11s_8s_19_1_1_U84' (myproject_mul_11s_8s_19_1_1) to 'dense_resource_ap_fixed_16_6_5_3_0_ap_fixed_16_6_5_3_0_config14_U0/mul_11s_8s_19_1_1_U240'
INFO: [Synth 8-223] decloning instance 'dense_resource_ap_fixed_16_6_5_3_0_ap_fixed_16_6_5_3_0_config14_U0/mul_11s_8s_19_1_1_U84' (myproject_mul_11s_8s_19_1_1) to 'dense_resource_ap_fixed_16_6_5_3_0_ap_fixed_16_6_5_3_0_config14_U0/mul_11s_8s_19_1_1_U242'
INFO: [Synth 8-223] decloning instance 'dense_resource_ap_fixed_16_6_5_3_0_ap_fixed_16_6_5_3_0_config14_U0/mul_11s_8s_19_1_1_U84' (myproject_mul_11s_8s_19_1_1) to 'dense_resource_ap_fixed_16_6_5_3_0_ap_fixed_16_6_5_3_0_config14_U0/mul_11s_8s_19_1_1_U244'
INFO: [Synth 8-223] decloning instance 'dense_resource_ap_fixed_16_6_5_3_0_ap_fixed_16_6_5_3_0_config14_U0/mul_11s_8s_19_1_1_U84' (myproject_mul_11s_8s_19_1_1) to 'dense_resource_ap_fixed_16_6_5_3_0_ap_fixed_16_6_5_3_0_config14_U0/mul_11s_8s_19_1_1_U246'
INFO: [Synth 8-223] decloning instance 'dense_resource_ap_fixed_16_6_5_3_0_ap_fixed_16_6_5_3_0_config14_U0/mul_11s_8s_19_1_1_U84' (myproject_mul_11s_8s_19_1_1) to 'dense_resource_ap_fixed_16_6_5_3_0_ap_fixed_16_6_5_3_0_config14_U0/mul_11s_8s_19_1_1_U248'
INFO: [Synth 8-223] decloning instance 'dense_resource_ap_fixed_16_6_5_3_0_ap_fixed_16_6_5_3_0_config14_U0/mul_11s_8s_19_1_1_U84' (myproject_mul_11s_8s_19_1_1) to 'dense_resource_ap_fixed_16_6_5_3_0_ap_fixed_16_6_5_3_0_config14_U0/mul_11s_8s_19_1_1_U250'
INFO: [Synth 8-223] decloning instance 'dense_resource_ap_fixed_16_6_5_3_0_ap_fixed_16_6_5_3_0_config14_U0/mul_11s_8s_19_1_1_U84' (myproject_mul_11s_8s_19_1_1) to 'dense_resource_ap_fixed_16_6_5_3_0_ap_fixed_16_6_5_3_0_config14_U0/mul_11s_8s_19_1_1_U252'
INFO: [Synth 8-223] decloning instance 'dense_resource_ap_fixed_16_6_5_3_0_ap_fixed_16_6_5_3_0_config14_U0/mul_11s_8s_19_1_1_U84' (myproject_mul_11s_8s_19_1_1) to 'dense_resource_ap_fixed_16_6_5_3_0_ap_fixed_16_6_5_3_0_config14_U0/mul_11s_8s_19_1_1_U254'
INFO: [Synth 8-223] decloning instance 'dense_resource_ap_fixed_16_6_5_3_0_ap_fixed_16_6_5_3_0_config14_U0/mul_11s_8s_19_1_1_U84' (myproject_mul_11s_8s_19_1_1) to 'dense_resource_ap_fixed_16_6_5_3_0_ap_fixed_16_6_5_3_0_config14_U0/mul_11s_8s_19_1_1_U256'
INFO: [Synth 8-223] decloning instance 'dense_resource_ap_fixed_16_6_5_3_0_ap_fixed_16_6_5_3_0_config14_U0/mul_11s_8s_19_1_1_U85' (myproject_mul_11s_8s_19_1_1) to 'dense_resource_ap_fixed_16_6_5_3_0_ap_fixed_16_6_5_3_0_config14_U0/mul_11s_8s_19_1_1_U87'
INFO: [Synth 8-223] decloning instance 'dense_resource_ap_fixed_16_6_5_3_0_ap_fixed_16_6_5_3_0_config14_U0/mul_11s_8s_19_1_1_U85' (myproject_mul_11s_8s_19_1_1) to 'dense_resource_ap_fixed_16_6_5_3_0_ap_fixed_16_6_5_3_0_config14_U0/mul_11s_8s_19_1_1_U89'
INFO: [Synth 8-223] decloning instance 'dense_resource_ap_fixed_16_6_5_3_0_ap_fixed_16_6_5_3_0_config14_U0/mul_11s_8s_19_1_1_U85' (myproject_mul_11s_8s_19_1_1) to 'dense_resource_ap_fixed_16_6_5_3_0_ap_fixed_16_6_5_3_0_config14_U0/mul_11s_8s_19_1_1_U91'
INFO: [Synth 8-223] decloning instance 'dense_resource_ap_fixed_16_6_5_3_0_ap_fixed_16_6_5_3_0_config14_U0/mul_11s_8s_19_1_1_U85' (myproject_mul_11s_8s_19_1_1) to 'dense_resource_ap_fixed_16_6_5_3_0_ap_fixed_16_6_5_3_0_config14_U0/mul_11s_8s_19_1_1_U93'
INFO: [Synth 8-223] decloning instance 'dense_resource_ap_fixed_16_6_5_3_0_ap_fixed_16_6_5_3_0_config14_U0/mul_11s_8s_19_1_1_U85' (myproject_mul_11s_8s_19_1_1) to 'dense_resource_ap_fixed_16_6_5_3_0_ap_fixed_16_6_5_3_0_config14_U0/mul_11s_8s_19_1_1_U95'
INFO: [Synth 8-223] decloning instance 'dense_resource_ap_fixed_16_6_5_3_0_ap_fixed_16_6_5_3_0_config14_U0/mul_11s_8s_19_1_1_U85' (myproject_mul_11s_8s_19_1_1) to 'dense_resource_ap_fixed_16_6_5_3_0_ap_fixed_16_6_5_3_0_config14_U0/mul_11s_8s_19_1_1_U97'
INFO: [Synth 8-223] decloning instance 'dense_resource_ap_fixed_16_6_5_3_0_ap_fixed_16_6_5_3_0_config14_U0/mul_11s_8s_19_1_1_U85' (myproject_mul_11s_8s_19_1_1) to 'dense_resource_ap_fixed_16_6_5_3_0_ap_fixed_16_6_5_3_0_config14_U0/mul_11s_8s_19_1_1_U99'
INFO: [Synth 8-223] decloning instance 'dense_resource_ap_fixed_16_6_5_3_0_ap_fixed_16_6_5_3_0_config14_U0/mul_11s_8s_19_1_1_U85' (myproject_mul_11s_8s_19_1_1) to 'dense_resource_ap_fixed_16_6_5_3_0_ap_fixed_16_6_5_3_0_config14_U0/mul_11s_8s_19_1_1_U101'
INFO: [Synth 8-223] decloning instance 'dense_resource_ap_fixed_16_6_5_3_0_ap_fixed_16_6_5_3_0_config14_U0/mul_11s_8s_19_1_1_U85' (myproject_mul_11s_8s_19_1_1) to 'dense_resource_ap_fixed_16_6_5_3_0_ap_fixed_16_6_5_3_0_config14_U0/mul_11s_8s_19_1_1_U103'
INFO: [Synth 8-223] decloning instance 'dense_resource_ap_fixed_16_6_5_3_0_ap_fixed_16_6_5_3_0_config14_U0/mul_11s_8s_19_1_1_U85' (myproject_mul_11s_8s_19_1_1) to 'dense_resource_ap_fixed_16_6_5_3_0_ap_fixed_16_6_5_3_0_config14_U0/mul_11s_8s_19_1_1_U105'
INFO: [Synth 8-223] decloning instance 'dense_resource_ap_fixed_16_6_5_3_0_ap_fixed_16_6_5_3_0_config14_U0/mul_11s_8s_19_1_1_U85' (myproject_mul_11s_8s_19_1_1) to 'dense_resource_ap_fixed_16_6_5_3_0_ap_fixed_16_6_5_3_0_config14_U0/mul_11s_8s_19_1_1_U107'
INFO: [Synth 8-223] decloning instance 'dense_resource_ap_fixed_16_6_5_3_0_ap_fixed_16_6_5_3_0_config14_U0/mul_11s_8s_19_1_1_U85' (myproject_mul_11s_8s_19_1_1) to 'dense_resource_ap_fixed_16_6_5_3_0_ap_fixed_16_6_5_3_0_config14_U0/mul_11s_8s_19_1_1_U109'
INFO: [Synth 8-223] decloning instance 'dense_resource_ap_fixed_16_6_5_3_0_ap_fixed_16_6_5_3_0_config14_U0/mul_11s_8s_19_1_1_U85' (myproject_mul_11s_8s_19_1_1) to 'dense_resource_ap_fixed_16_6_5_3_0_ap_fixed_16_6_5_3_0_config14_U0/mul_11s_8s_19_1_1_U111'
INFO: [Synth 8-223] decloning instance 'dense_resource_ap_fixed_16_6_5_3_0_ap_fixed_16_6_5_3_0_config14_U0/mul_11s_8s_19_1_1_U85' (myproject_mul_11s_8s_19_1_1) to 'dense_resource_ap_fixed_16_6_5_3_0_ap_fixed_16_6_5_3_0_config14_U0/mul_11s_8s_19_1_1_U113'
INFO: [Common 17-14] Message 'Synth 8-223' appears 100 times and further instances of the messages will be disabled. Use the Tcl command set_msg_config to change the current settings.
No constraint files found.
---------------------------------------------------------------------------------
Start RTL Component Statistics 
---------------------------------------------------------------------------------
Detailed RTL Component Info : 
+---Adders : 
	   2 Input   18 Bit       Adders := 1     
	   2 Input   17 Bit       Adders := 1     
	   2 Input   16 Bit       Adders := 155   
	   2 Input   15 Bit       Adders := 88    
	   2 Input   14 Bit       Adders := 132   
	   2 Input   13 Bit       Adders := 286   
	   2 Input   12 Bit       Adders := 327   
	   2 Input   11 Bit       Adders := 131   
	   2 Input   10 Bit       Adders := 173   
	   2 Input    9 Bit       Adders := 103   
	   2 Input    8 Bit       Adders := 217   
	   2 Input    7 Bit       Adders := 32    
	   2 Input    6 Bit       Adders := 20    
	   2 Input    5 Bit       Adders := 8     
	   2 Input    4 Bit       Adders := 4     
	   2 Input    3 Bit       Adders := 512   
	   2 Input    2 Bit       Adders := 512   
+---XORs : 
	   2 Input      1 Bit         XORs := 1565  
+---Registers : 
	               45 Bit    Registers := 1     
	               18 Bit    Registers := 6     
	               16 Bit    Registers := 942   
	               13 Bit    Registers := 176   
	               12 Bit    Registers := 68    
	               11 Bit    Registers := 464   
	               10 Bit    Registers := 654   
	                9 Bit    Registers := 3     
	                8 Bit    Registers := 653   
	                7 Bit    Registers := 13    
	                6 Bit    Registers := 12    
	                5 Bit    Registers := 7     
	                4 Bit    Registers := 8     
	                3 Bit    Registers := 513   
	                2 Bit    Registers := 515   
	                1 Bit    Registers := 1592  
+---Multipliers : 
	               8x11  Multipliers := 26    
	                8x9  Multipliers := 10    
+---Muxes : 
	   2 Input   16 Bit        Muxes := 632   
	   3 Input   13 Bit        Muxes := 1     
	   2 Input   11 Bit        Muxes := 230   
	   2 Input   10 Bit        Muxes := 410   
	   3 Input   10 Bit        Muxes := 74    
	   2 Input    8 Bit        Muxes := 1828  
	   2 Input    4 Bit        Muxes := 9     
	   2 Input    3 Bit        Muxes := 5     
	   2 Input    2 Bit        Muxes := 1028  
	   5 Input    2 Bit        Muxes := 1     
	   6 Input    2 Bit        Muxes := 1     
	   2 Input    1 Bit        Muxes := 2389  
	   5 Input    1 Bit        Muxes := 1     
---------------------------------------------------------------------------------
Finished RTL Component Statistics 
---------------------------------------------------------------------------------
---------------------------------------------------------------------------------
Start Part Resource Summary
---------------------------------------------------------------------------------
Part Resources:
DSPs: 220 (col length:60)
BRAMs: 280 (col length: RAMB18 60 RAMB36 30)
---------------------------------------------------------------------------------
Finished Part Resource Summary
---------------------------------------------------------------------------------
---------------------------------------------------------------------------------
Start Cross Boundary and Area Optimization
---------------------------------------------------------------------------------
WARNING: [Synth 8-3917] design myproject has port w14_d0[7] driven by constant 0
WARNING: [Synth 8-3917] design myproject has port w14_d0[6] driven by constant 0
WARNING: [Synth 8-3917] design myproject has port w14_d0[5] driven by constant 0
WARNING: [Synth 8-3917] design myproject has port w14_d0[4] driven by constant 0
WARNING: [Synth 8-3917] design myproject has port w14_d0[3] driven by constant 0
WARNING: [Synth 8-3917] design myproject has port w14_d0[2] driven by constant 0
WARNING: [Synth 8-3917] design myproject has port w14_d0[1] driven by constant 0
INFO: [Common 17-14] Message 'Synth 8-3917' appears 100 times and further instances of the messages will be disabled. Use the Tcl command set_msg_config to change the current settings.
WARNING: [Synth 8-7129] Port w16_q1[7] in module myproject is either unconnected or has no load
WARNING: [Synth 8-7129] Port w16_q1[6] in module myproject is either unconnected or has no load
WARNING: [Synth 8-7129] Port w16_q1[5] in module myproject is either unconnected or has no load
WARNING: [Synth 8-7129] Port w16_q1[4] in module myproject is either unconnected or has no load
WARNING: [Synth 8-7129] Port w16_q1[3] in module myproject is either unconnected or has no load
WARNING: [Synth 8-7129] Port w16_q1[2] in module myproject is either unconnected or has no load
WARNING: [Synth 8-7129] Port w16_q1[1] in module myproject is either unconnected or has no load
WARNING: [Synth 8-7129] Port w16_q1[0] in module myproject is either unconnected or has no load
INFO: [Synth 8-3886] merging instance 'add_ln55_340_reg_32190_reg[2]' (FDE) to 'add_ln55_340_reg_32190_reg[3]'
INFO: [Synth 8-3886] merging instance 'add_ln55_342_reg_31147_reg[3]' (FDE) to 'add_ln55_342_reg_31147_reg[4]'
INFO: [Synth 8-3886] merging instance 'add_ln55_331_reg_30639_reg[4]' (FDE) to 'add_ln55_332_reg_30644_reg[5]'
INFO: [Synth 8-3886] merging instance 'add_ln55_333_reg_32138_reg[4]' (FDE) to 'add_ln55_333_reg_32138_reg[6]'
INFO: [Synth 8-3333] propagating constant 0 across sequential element (\add_ln55_335_reg_30066_reg[4] )
INFO: [Synth 8-3886] merging instance 'add_ln55_345_reg_32241_reg[4]' (FDE) to 'add_ln55_345_reg_32241_reg[5]'
INFO: [Synth 8-3886] merging instance 'add_ln55_349_reg_32262_reg[4]' (FDE) to 'add_ln55_350_reg_32272_reg[6]'
INFO: [Synth 8-3886] merging instance 'add_ln55_331_reg_30639_reg[5]' (FDE) to 'add_ln55_332_reg_30644_reg[5]'
INFO: [Synth 8-3333] propagating constant 0 across sequential element (\add_ln55_333_reg_32138_reg[5] )
INFO: [Synth 8-3886] merging instance 'add_ln55_340_reg_32190_reg[5]' (FDE) to 'add_ln55_341_reg_32200_reg[5]'
INFO: [Synth 8-3886] merging instance 'add_ln55_345_reg_32241_reg[5]' (FDE) to 'add_ln55_345_reg_32241_reg[7]'
INFO: [Synth 8-3333] propagating constant 0 across sequential element (\add_ln55_349_reg_32262_reg[5] )
INFO: [Synth 8-3886] merging instance 'add_ln55_331_reg_30639_reg[6]' (FDE) to 'add_ln55_332_reg_30644_reg[6]'
INFO: [Synth 8-3333] propagating constant 0 across sequential element (\add_ln55_342_reg_31147_reg[6] )
INFO: [Synth 8-3886] merging instance 'add_ln55_340_reg_32190_reg[6]' (FDE) to 'add_ln55_341_reg_32200_reg[5]'
INFO: [Synth 8-3333] propagating constant 0 across sequential element (\add_ln55_345_reg_32241_reg[6] )
INFO: [Synth 8-3333] propagating constant 1 across sequential element (\add_ln55_342_reg_31147_reg[7] )
INFO: [Synth 8-3886] merging instance 'add_ln55_328_reg_32102_reg[5]' (FDE) to 'add_ln55_329_reg_32112_reg[4]'
INFO: [Synth 8-3333] propagating constant 1 across sequential element (\add_ln55_333_reg_32138_reg[6] )
INFO: [Synth 8-3886] merging instance 'add_ln55_335_reg_30066_reg[5]' (FDE) to 'add_ln55_334_reg_30056_reg[6]'
INFO: [Synth 8-3886] merging instance 'add_ln55_340_reg_32190_reg[7]' (FDE) to 'add_ln55_341_reg_32200_reg[4]'
INFO: [Synth 8-3333] propagating constant 1 across sequential element (\add_ln55_345_reg_32241_reg[7] )
INFO: [Synth 8-3886] merging instance 'add_ln55_349_reg_32262_reg[6]' (FDE) to 'add_ln55_350_reg_32272_reg[6]'
INFO: [Synth 8-3886] merging instance 'add_ln55_352_reg_30189_reg[5]' (FDE) to 'add_ln55_351_reg_30179_reg[5]'
INFO: [Synth 8-3886] merging instance 'zext_ln42_20_reg_29816_reg[0]' (FDE) to 'or_ln_reg_30021_reg[0]'
INFO: [Synth 8-3886] merging instance 'or_ln_reg_30021_reg[1]' (FDE) to 'zext_ln42_20_reg_29816_reg[1]'
INFO: [Synth 8-3886] merging instance 'zext_ln42_19_reg_29787_reg[0]' (FDE) to 'zext_ln42_18_reg_29774_reg[0]'
INFO: [Synth 8-3886] merging instance 'zext_ln42_18_reg_29774_reg[1]' (FDE) to 'zext_ln42_19_reg_29787_reg[1]'
INFO: [Synth 8-3886] merging instance 'zext_ln42_18_reg_29774_reg[2]' (FDE) to 'zext_ln42_19_reg_29787_reg[2]'
INFO: [Synth 8-3886] merging instance 'add_ln55_346_reg_31167_reg[3]' (FDE) to 'add_ln55_346_reg_31167_reg[4]'
INFO: [Synth 8-3886] merging instance 'add_ln55_334_reg_30056_reg[3]' (FDE) to 'add_ln55_334_reg_30056_reg[4]'
INFO: [Synth 8-3886] merging instance 'add_ln55_350_reg_32272_reg[3]' (FDE) to 'add_ln55_350_reg_32272_reg[4]'
INFO: [Synth 8-3886] merging instance 'add_ln55_343_reg_30129_reg[4]' (FDE) to 'add_ln55_343_reg_30129_reg[6]'
INFO: [Synth 8-3886] merging instance 'add_ln55_347_reg_30154_reg[4]' (FDE) to 'add_ln55_347_reg_30154_reg[5]'
INFO: [Synth 8-3333] propagating constant 0 across sequential element (\add_ln55_351_reg_30179_reg[4] )
INFO: [Synth 8-3333] propagating constant 0 across sequential element (\add_ln55_327_reg_30357_reg[4] )
INFO: [Synth 8-3886] merging instance 'add_ln55_346_reg_31167_reg[4]' (FDE) to 'add_ln55_346_reg_31167_reg[5]'
INFO: [Synth 8-3886] merging instance 'add_ln55_339_reg_30114_reg[4]' (FDE) to 'add_ln55_339_reg_30114_reg[6]'
INFO: [Synth 8-3886] merging instance 'add_ln55_341_reg_32200_reg[4]' (FDE) to 'add_ln55_341_reg_32200_reg[7]'
INFO: [Synth 8-3886] merging instance 'or_ln_reg_30021_reg[2]' (FDE) to 'zext_ln42_20_reg_29816_reg[2]'
INFO: [Synth 8-3886] merging instance 'add_ln55_343_reg_30129_reg[5]' (FDE) to 'add_ln55_343_reg_30129_reg[7]'
INFO: [Synth 8-3886] merging instance 'add_ln55_347_reg_30154_reg[5]' (FDE) to 'add_ln55_348_reg_30164_reg[5]'
INFO: [Synth 8-3333] propagating constant 1 across sequential element (\add_ln55_327_reg_30357_reg[5] )
INFO: [Synth 8-3333] propagating constant 0 across sequential element (\add_ln55_332_reg_30644_reg[5] )
INFO: [Synth 8-3886] merging instance 'add_ln55_339_reg_30114_reg[5]' (FDE) to 'add_ln55_339_reg_30114_reg[6]'
INFO: [Synth 8-3886] merging instance 'add_ln55_341_reg_32200_reg[5]' (FDE) to 'add_ln55_341_reg_32200_reg[6]'
INFO: [Synth 8-3886] merging instance 'add_ln55_344_reg_32220_reg[5]' (FDE) to 'add_ln55_344_reg_32220_reg[7]'
INFO: [Synth 8-3333] propagating constant 0 across sequential element (\add_ln55_348_reg_30164_reg[5] )
INFO: [Synth 8-3333] propagating constant 0 across sequential element (\add_ln55_343_reg_30129_reg[6] )
INFO: [Synth 8-3333] propagating constant 1 across sequential element (\add_ln55_332_reg_30644_reg[6] )
INFO: [Synth 8-3333] propagating constant 1 across sequential element (\add_ln55_336_reg_30664_reg[5] )
INFO: [Synth 8-3333] propagating constant 0 across sequential element (\add_ln55_339_reg_30114_reg[6] )
INFO: [Synth 8-3333] propagating constant 0 across sequential element (\add_ln55_341_reg_32200_reg[6] )
INFO: [Synth 8-3333] propagating constant 0 across sequential element (\add_ln55_344_reg_32220_reg[6] )
INFO: [Synth 8-3333] propagating constant 1 across sequential element (\add_ln55_346_reg_31167_reg[7] )
INFO: [Synth 8-3333] propagating constant 1 across sequential element (\add_ln55_329_reg_32112_reg[4] )
INFO: [Synth 8-3333] propagating constant 1 across sequential element (\add_ln55_334_reg_30056_reg[6] )
INFO: [Synth 8-3333] propagating constant 1 across sequential element (\add_ln55_337_reg_32174_reg[4] )
INFO: [Synth 8-3333] propagating constant 1 across sequential element (\add_ln55_343_reg_30129_reg[7] )
INFO: [Synth 8-3886] merging instance 'add_ln55_347_reg_30154_reg[6]' (FDE) to 'add_ln55_348_reg_30164_reg[6]'
INFO: [Synth 8-3333] propagating constant 1 across sequential element (\add_ln55_351_reg_30179_reg[5] )
INFO: [Synth 8-3333] propagating constant 1 across sequential element (\add_ln55_339_reg_30114_reg[7] )
INFO: [Synth 8-3333] propagating constant 1 across sequential element (\add_ln55_341_reg_32200_reg[7] )
INFO: [Synth 8-3333] propagating constant 1 across sequential element (\add_ln55_344_reg_32220_reg[7] )
INFO: [Synth 8-3333] propagating constant 1 across sequential element (\add_ln55_348_reg_30164_reg[6] )
INFO: [Synth 8-3333] propagating constant 1 across sequential element (\add_ln55_350_reg_32272_reg[6] )
INFO: [Synth 8-3333] propagating constant 1 across sequential element (\add_ln55_325_reg_29800_reg[4] )
INFO: [Synth 8-3333] propagating constant 0 across sequential element (\add_ln55_85_reg_20999_reg[5] )
INFO: [Synth 8-3333] propagating constant 1 across sequential element (\add_ln55_83_reg_20863_reg[5] )
INFO: [Synth 8-3333] propagating constant 1 across sequential element (\add_ln55_85_reg_20999_reg[6] )
INFO: [Synth 8-3886] merging instance 'add_ln55_87_reg_21124_reg[5]' (FDE) to 'add_ln55_86_reg_21114_reg[6]'
INFO: [Synth 8-3333] propagating constant 1 across sequential element (\add_ln55_86_reg_21114_reg[6] )
INFO: [Synth 8-3886] merging instance 'layer20_out_47_U/U_myproject_fifo_w10_d2_S_ShiftReg/SRL_SIG_reg[0][0]' (FDE) to 'layer20_out_47_U/U_myproject_fifo_w10_d2_S_ShiftReg/SRL_SIG_reg[0][1]'
INFO: [Synth 8-3886] merging instance 'layer20_out_47_U/U_myproject_fifo_w10_d2_S_ShiftReg/SRL_SIG_reg[1][0]' (FDE) to 'layer20_out_47_U/U_myproject_fifo_w10_d2_S_ShiftReg/SRL_SIG_reg[1][1]'
INFO: [Synth 8-3333] propagating constant 0 across sequential element (layer20_out_47_U/\U_myproject_fifo_w10_d2_S_ShiftReg/SRL_SIG_reg[0][1] )
INFO: [Synth 8-3886] merging instance 'layer20_out_47_U/U_myproject_fifo_w10_d2_S_ShiftReg/SRL_SIG_reg[1][1]' (FDE) to 'layer20_out_47_U/U_myproject_fifo_w10_d2_S_ShiftReg/SRL_SIG_reg[0][1]'
INFO: [Synth 8-3886] merging instance 'layer20_out_46_U/U_myproject_fifo_w10_d2_S_ShiftReg/SRL_SIG_reg[0][0]' (FDE) to 'layer20_out_46_U/U_myproject_fifo_w10_d2_S_ShiftReg/SRL_SIG_reg[0][1]'
INFO: [Synth 8-3886] merging instance 'layer20_out_46_U/U_myproject_fifo_w10_d2_S_ShiftReg/SRL_SIG_reg[1][0]' (FDE) to 'layer20_out_46_U/U_myproject_fifo_w10_d2_S_ShiftReg/SRL_SIG_reg[1][1]'
INFO: [Synth 8-3333] propagating constant 0 across sequential element (layer20_out_46_U/\U_myproject_fifo_w10_d2_S_ShiftReg/SRL_SIG_reg[0][1] )
INFO: [Synth 8-3886] merging instance 'layer20_out_46_U/U_myproject_fifo_w10_d2_S_ShiftReg/SRL_SIG_reg[1][1]' (FDE) to 'layer20_out_46_U/U_myproject_fifo_w10_d2_S_ShiftReg/SRL_SIG_reg[0][1]'
INFO: [Synth 8-3886] merging instance 'layer20_out_45_U/U_myproject_fifo_w10_d2_S_ShiftReg/SRL_SIG_reg[0][0]' (FDE) to 'layer20_out_45_U/U_myproject_fifo_w10_d2_S_ShiftReg/SRL_SIG_reg[0][1]'
INFO: [Synth 8-3886] merging instance 'layer20_out_45_U/U_myproject_fifo_w10_d2_S_ShiftReg/SRL_SIG_reg[1][0]' (FDE) to 'layer20_out_45_U/U_myproject_fifo_w10_d2_S_ShiftReg/SRL_SIG_reg[1][1]'
INFO: [Synth 8-3333] propagating constant 0 across sequential element (layer20_out_45_U/\U_myproject_fifo_w10_d2_S_ShiftReg/SRL_SIG_reg[0][1] )
INFO: [Synth 8-3886] merging instance 'layer20_out_45_U/U_myproject_fifo_w10_d2_S_ShiftReg/SRL_SIG_reg[1][1]' (FDE) to 'layer20_out_45_U/U_myproject_fifo_w10_d2_S_ShiftReg/SRL_SIG_reg[0][1]'
INFO: [Synth 8-3886] merging instance 'layer20_out_44_U/U_myproject_fifo_w10_d2_S_ShiftReg/SRL_SIG_reg[0][0]' (FDE) to 'layer20_out_44_U/U_myproject_fifo_w10_d2_S_ShiftReg/SRL_SIG_reg[0][1]'
INFO: [Synth 8-3886] merging instance 'layer20_out_44_U/U_myproject_fifo_w10_d2_S_ShiftReg/SRL_SIG_reg[1][0]' (FDE) to 'layer20_out_44_U/U_myproject_fifo_w10_d2_S_ShiftReg/SRL_SIG_reg[1][1]'
INFO: [Synth 8-3333] propagating constant 0 across sequential element (layer20_out_44_U/\U_myproject_fifo_w10_d2_S_ShiftReg/SRL_SIG_reg[0][1] )
INFO: [Synth 8-3886] merging instance 'layer20_out_44_U/U_myproject_fifo_w10_d2_S_ShiftReg/SRL_SIG_reg[1][1]' (FDE) to 'layer20_out_44_U/U_myproject_fifo_w10_d2_S_ShiftReg/SRL_SIG_reg[0][1]'
INFO: [Synth 8-3886] merging instance 'layer20_out_43_U/U_myproject_fifo_w10_d2_S_ShiftReg/SRL_SIG_reg[0][0]' (FDE) to 'layer20_out_43_U/U_myproject_fifo_w10_d2_S_ShiftReg/SRL_SIG_reg[0][1]'
INFO: [Synth 8-3886] merging instance 'layer20_out_43_U/U_myproject_fifo_w10_d2_S_ShiftReg/SRL_SIG_reg[1][0]' (FDE) to 'layer20_out_43_U/U_myproject_fifo_w10_d2_S_ShiftReg/SRL_SIG_reg[1][1]'
INFO: [Synth 8-3333] propagating constant 0 across sequential element (layer20_out_43_U/\U_myproject_fifo_w10_d2_S_ShiftReg/SRL_SIG_reg[0][1] )
INFO: [Synth 8-3886] merging instance 'layer20_out_43_U/U_myproject_fifo_w10_d2_S_ShiftReg/SRL_SIG_reg[1][1]' (FDE) to 'layer20_out_43_U/U_myproject_fifo_w10_d2_S_ShiftReg/SRL_SIG_reg[0][1]'
INFO: [Synth 8-3886] merging instance 'layer20_out_42_U/U_myproject_fifo_w10_d2_S_ShiftReg/SRL_SIG_reg[0][0]' (FDE) to 'layer20_out_42_U/U_myproject_fifo_w10_d2_S_ShiftReg/SRL_SIG_reg[0][1]'
INFO: [Synth 8-3886] merging instance 'layer20_out_42_U/U_myproject_fifo_w10_d2_S_ShiftReg/SRL_SIG_reg[1][0]' (FDE) to 'layer20_out_42_U/U_myproject_fifo_w10_d2_S_ShiftReg/SRL_SIG_reg[1][1]'
INFO: [Synth 8-3333] propagating constant 0 across sequential element (layer20_out_42_U/\U_myproject_fifo_w10_d2_S_ShiftReg/SRL_SIG_reg[0][1] )
INFO: [Synth 8-3886] merging instance 'layer20_out_42_U/U_myproject_fifo_w10_d2_S_ShiftReg/SRL_SIG_reg[1][1]' (FDE) to 'layer20_out_42_U/U_myproject_fifo_w10_d2_S_ShiftReg/SRL_SIG_reg[0][1]'
INFO: [Synth 8-3886] merging instance 'layer20_out_41_U/U_myproject_fifo_w10_d2_S_ShiftReg/SRL_SIG_reg[0][0]' (FDE) to 'layer20_out_41_U/U_myproject_fifo_w10_d2_S_ShiftReg/SRL_SIG_reg[0][1]'
INFO: [Synth 8-3886] merging instance 'layer20_out_41_U/U_myproject_fifo_w10_d2_S_ShiftReg/SRL_SIG_reg[1][0]' (FDE) to 'layer20_out_41_U/U_myproject_fifo_w10_d2_S_ShiftReg/SRL_SIG_reg[1][1]'
INFO: [Synth 8-3333] propagating constant 0 across sequential element (layer20_out_41_U/\U_myproject_fifo_w10_d2_S_ShiftReg/SRL_SIG_reg[0][1] )
INFO: [Synth 8-3886] merging instance 'layer20_out_41_U/U_myproject_fifo_w10_d2_S_ShiftReg/SRL_SIG_reg[1][1]' (FDE) to 'layer20_out_41_U/U_myproject_fifo_w10_d2_S_ShiftReg/SRL_SIG_reg[0][1]'
INFO: [Synth 8-3886] merging instance 'layer20_out_40_U/U_myproject_fifo_w10_d2_S_ShiftReg/SRL_SIG_reg[0][0]' (FDE) to 'layer20_out_40_U/U_myproject_fifo_w10_d2_S_ShiftReg/SRL_SIG_reg[0][1]'
INFO: [Synth 8-3886] merging instance 'layer20_out_40_U/U_myproject_fifo_w10_d2_S_ShiftReg/SRL_SIG_reg[1][0]' (FDE) to 'layer20_out_40_U/U_myproject_fifo_w10_d2_S_ShiftReg/SRL_SIG_reg[1][1]'
INFO: [Synth 8-3333] propagating constant 0 across sequential element (layer20_out_40_U/\U_myproject_fifo_w10_d2_S_ShiftReg/SRL_SIG_reg[0][1] )
INFO: [Synth 8-3886] merging instance 'layer20_out_40_U/U_myproject_fifo_w10_d2_S_ShiftReg/SRL_SIG_reg[1][1]' (FDE) to 'layer20_out_40_U/U_myproject_fifo_w10_d2_S_ShiftReg/SRL_SIG_reg[0][1]'
INFO: [Synth 8-3886] merging instance 'layer20_out_39_U/U_myproject_fifo_w10_d2_S_ShiftReg/SRL_SIG_reg[0][0]' (FDE) to 'layer20_out_39_U/U_myproject_fifo_w10_d2_S_ShiftReg/SRL_SIG_reg[0][1]'
INFO: [Synth 8-3886] merging instance 'layer20_out_39_U/U_myproject_fifo_w10_d2_S_ShiftReg/SRL_SIG_reg[1][0]' (FDE) to 'layer20_out_39_U/U_myproject_fifo_w10_d2_S_ShiftReg/SRL_SIG_reg[1][1]'
INFO: [Synth 8-3333] propagating constant 0 across sequential element (layer20_out_39_U/\U_myproject_fifo_w10_d2_S_ShiftReg/SRL_SIG_reg[0][1] )
INFO: [Synth 8-3886] merging instance 'layer20_out_39_U/U_myproject_fifo_w10_d2_S_ShiftReg/SRL_SIG_reg[1][1]' (FDE) to 'layer20_out_39_U/U_myproject_fifo_w10_d2_S_ShiftReg/SRL_SIG_reg[0][1]'
INFO: [Synth 8-3886] merging instance 'layer20_out_38_U/U_myproject_fifo_w10_d2_S_ShiftReg/SRL_SIG_reg[0][0]' (FDE) to 'layer20_out_38_U/U_myproject_fifo_w10_d2_S_ShiftReg/SRL_SIG_reg[0][1]'
INFO: [Synth 8-3886] merging instance 'layer20_out_38_U/U_myproject_fifo_w10_d2_S_ShiftReg/SRL_SIG_reg[1][0]' (FDE) to 'layer20_out_38_U/U_myproject_fifo_w10_d2_S_ShiftReg/SRL_SIG_reg[1][1]'
INFO: [Synth 8-3333] propagating constant 0 across sequential element (layer20_out_38_U/\U_myproject_fifo_w10_d2_S_ShiftReg/SRL_SIG_reg[0][1] )
INFO: [Synth 8-3886] merging instance 'layer20_out_38_U/U_myproject_fifo_w10_d2_S_ShiftReg/SRL_SIG_reg[1][1]' (FDE) to 'layer20_out_38_U/U_myproject_fifo_w10_d2_S_ShiftReg/SRL_SIG_reg[0][1]'
INFO: [Synth 8-3886] merging instance 'layer20_out_8_U/U_myproject_fifo_w10_d2_S_ShiftReg/SRL_SIG_reg[0][0]' (FDE) to 'layer20_out_8_U/U_myproject_fifo_w10_d2_S_ShiftReg/SRL_SIG_reg[0][1]'
INFO: [Synth 8-3886] merging instance 'layer20_out_8_U/U_myproject_fifo_w10_d2_S_ShiftReg/SRL_SIG_reg[1][0]' (FDE) to 'layer20_out_8_U/U_myproject_fifo_w10_d2_S_ShiftReg/SRL_SIG_reg[1][1]'
INFO: [Synth 8-3333] propagating constant 0 across sequential element (layer20_out_8_U/\U_myproject_fifo_w10_d2_S_ShiftReg/SRL_SIG_reg[0][1] )
INFO: [Synth 8-3886] merging instance 'layer20_out_8_U/U_myproject_fifo_w10_d2_S_ShiftReg/SRL_SIG_reg[1][1]' (FDE) to 'layer20_out_8_U/U_myproject_fifo_w10_d2_S_ShiftReg/SRL_SIG_reg[0][1]'
INFO: [Synth 8-3886] merging instance 'layer20_out_7_U/U_myproject_fifo_w10_d2_S_ShiftReg/SRL_SIG_reg[0][0]' (FDE) to 'layer20_out_7_U/U_myproject_fifo_w10_d2_S_ShiftReg/SRL_SIG_reg[0][1]'
INFO: [Synth 8-3886] merging instance 'layer20_out_7_U/U_myproject_fifo_w10_d2_S_ShiftReg/SRL_SIG_reg[1][0]' (FDE) to 'layer20_out_7_U/U_myproject_fifo_w10_d2_S_ShiftReg/SRL_SIG_reg[1][1]'
INFO: [Synth 8-3333] propagating constant 0 across sequential element (layer20_out_7_U/\U_myproject_fifo_w10_d2_S_ShiftReg/SRL_SIG_reg[0][1] )
INFO: [Synth 8-3886] merging instance 'layer20_out_7_U/U_myproject_fifo_w10_d2_S_ShiftReg/SRL_SIG_reg[1][1]' (FDE) to 'layer20_out_7_U/U_myproject_fifo_w10_d2_S_ShiftReg/SRL_SIG_reg[0][1]'
INFO: [Synth 8-3886] merging instance 'layer20_out_6_U/U_myproject_fifo_w10_d2_S_ShiftReg/SRL_SIG_reg[0][0]' (FDE) to 'layer20_out_6_U/U_myproject_fifo_w10_d2_S_ShiftReg/SRL_SIG_reg[0][1]'
INFO: [Synth 8-3886] merging instance 'layer20_out_6_U/U_myproject_fifo_w10_d2_S_ShiftReg/SRL_SIG_reg[1][0]' (FDE) to 'layer20_out_6_U/U_myproject_fifo_w10_d2_S_ShiftReg/SRL_SIG_reg[1][1]'
INFO: [Synth 8-3333] propagating constant 0 across sequential element (layer20_out_6_U/\U_myproject_fifo_w10_d2_S_ShiftReg/SRL_SIG_reg[0][1] )
INFO: [Synth 8-3886] merging instance 'layer20_out_6_U/U_myproject_fifo_w10_d2_S_ShiftReg/SRL_SIG_reg[1][1]' (FDE) to 'layer20_out_6_U/U_myproject_fifo_w10_d2_S_ShiftReg/SRL_SIG_reg[0][1]'
INFO: [Synth 8-3886] merging instance 'layer20_out_5_U/U_myproject_fifo_w10_d2_S_ShiftReg/SRL_SIG_reg[0][0]' (FDE) to 'layer20_out_5_U/U_myproject_fifo_w10_d2_S_ShiftReg/SRL_SIG_reg[0][1]'
INFO: [Synth 8-3886] merging instance 'layer20_out_5_U/U_myproject_fifo_w10_d2_S_ShiftReg/SRL_SIG_reg[1][0]' (FDE) to 'layer20_out_5_U/U_myproject_fifo_w10_d2_S_ShiftReg/SRL_SIG_reg[1][1]'
INFO: [Synth 8-3333] propagating constant 0 across sequential element (layer20_out_5_U/\U_myproject_fifo_w10_d2_S_ShiftReg/SRL_SIG_reg[0][1] )
INFO: [Synth 8-3886] merging instance 'layer20_out_5_U/U_myproject_fifo_w10_d2_S_ShiftReg/SRL_SIG_reg[1][1]' (FDE) to 'layer20_out_5_U/U_myproject_fifo_w10_d2_S_ShiftReg/SRL_SIG_reg[0][1]'
INFO: [Synth 8-3333] propagating constant 0 across sequential element (layer13_out_1_U/\U_myproject_fifo_w11_d2_S_ShiftReg/SRL_SIG_reg[0][0] )
INFO: [Synth 8-3886] merging instance 'layer13_out_1_U/U_myproject_fifo_w11_d2_S_ShiftReg/SRL_SIG_reg[1][0]' (FDE) to 'layer13_out_1_U/U_myproject_fifo_w11_d2_S_ShiftReg/SRL_SIG_reg[0][0]'
INFO: [Synth 8-3333] propagating constant 0 across sequential element (layer13_out_U/\U_myproject_fifo_w11_d2_S_ShiftReg/SRL_SIG_reg[0][0] )
INFO: [Synth 8-3886] merging instance 'layer13_out_U/U_myproject_fifo_w11_d2_S_ShiftReg/SRL_SIG_reg[1][0]' (FDE) to 'layer13_out_U/U_myproject_fifo_w11_d2_S_ShiftReg/SRL_SIG_reg[0][0]'
INFO: [Synth 8-3333] propagating constant 1 across sequential element (relu_ap_fixed_16_6_5_3_0_ap_ufixed_8_0_4_0_0_relu_config18_U0/\ap_CS_fsm_reg[0] )
INFO: [Synth 8-3333] propagating constant 1 across sequential element (concatenate1d_ap_fixed_ap_fixed_ap_fixed_16_6_5_3_0_config13_U0/\ap_CS_fsm_reg[0] )
INFO: [Synth 8-3333] propagating constant 1 across sequential element (concatenate1d_ap_ufixed_ap_ufixed_ap_fixed_16_6_5_3_0_config20_U0/\ap_CS_fsm_reg[0] )
INFO: [Synth 8-3333] propagating constant 0 across sequential element (layer20_out_47_U/\U_myproject_fifo_w10_d2_S_ShiftReg/SRL_SIG_reg[0][1] )
INFO: [Synth 8-3333] propagating constant 0 across sequential element (layer20_out_46_U/\U_myproject_fifo_w10_d2_S_ShiftReg/SRL_SIG_reg[0][1] )
INFO: [Synth 8-3333] propagating constant 0 across sequential element (layer20_out_45_U/\U_myproject_fifo_w10_d2_S_ShiftReg/SRL_SIG_reg[0][1] )
INFO: [Synth 8-3333] propagating constant 0 across sequential element (layer20_out_44_U/\U_myproject_fifo_w10_d2_S_ShiftReg/SRL_SIG_reg[0][1] )
INFO: [Synth 8-3333] propagating constant 0 across sequential element (layer20_out_43_U/\U_myproject_fifo_w10_d2_S_ShiftReg/SRL_SIG_reg[0][1] )
INFO: [Synth 8-3333] propagating constant 0 across sequential element (layer20_out_42_U/\U_myproject_fifo_w10_d2_S_ShiftReg/SRL_SIG_reg[0][1] )
INFO: [Synth 8-3333] propagating constant 0 across sequential element (layer20_out_41_U/\U_myproject_fifo_w10_d2_S_ShiftReg/SRL_SIG_reg[0][1] )
INFO: [Synth 8-3333] propagating constant 0 across sequential element (layer20_out_40_U/\U_myproject_fifo_w10_d2_S_ShiftReg/SRL_SIG_reg[0][1] )
INFO: [Synth 8-3333] propagating constant 0 across sequential element (layer20_out_39_U/\U_myproject_fifo_w10_d2_S_ShiftReg/SRL_SIG_reg[0][1] )
INFO: [Synth 8-3333] propagating constant 0 across sequential element (layer20_out_38_U/\U_myproject_fifo_w10_d2_S_ShiftReg/SRL_SIG_reg[0][1] )
INFO: [Synth 8-3333] propagating constant 0 across sequential element (layer20_out_8_U/\U_myproject_fifo_w10_d2_S_ShiftReg/SRL_SIG_reg[0][1] )
INFO: [Synth 8-3333] propagating constant 0 across sequential element (layer20_out_7_U/\U_myproject_fifo_w10_d2_S_ShiftReg/SRL_SIG_reg[0][1] )
INFO: [Synth 8-3333] propagating constant 0 across sequential element (layer20_out_6_U/\U_myproject_fifo_w10_d2_S_ShiftReg/SRL_SIG_reg[0][1] )
INFO: [Synth 8-3333] propagating constant 0 across sequential element (layer20_out_5_U/\U_myproject_fifo_w10_d2_S_ShiftReg/SRL_SIG_reg[0][1] )
INFO: [Synth 8-3333] propagating constant 0 across sequential element (layer13_out_1_U/\U_myproject_fifo_w11_d2_S_ShiftReg/SRL_SIG_reg[0][0] )
INFO: [Synth 8-3333] propagating constant 0 across sequential element (layer13_out_U/\U_myproject_fifo_w11_d2_S_ShiftReg/SRL_SIG_reg[0][0] )
INFO: [Synth 8-3333] propagating constant 0 across sequential element (layer8_out_U/\U_myproject_fifo_w11_d2_S_ShiftReg/SRL_SIG_reg[0][0] )
INFO: [Synth 8-3886] merging instance 'layer8_out_U/U_myproject_fifo_w11_d2_S_ShiftReg/SRL_SIG_reg[1][0]' (FDE) to 'layer8_out_U/U_myproject_fifo_w11_d2_S_ShiftReg/SRL_SIG_reg[0][0]'
INFO: [Synth 8-3333] propagating constant 0 across sequential element (layer8_out_1_U/\U_myproject_fifo_w11_d2_S_ShiftReg/SRL_SIG_reg[0][0] )
INFO: [Synth 8-3886] merging instance 'layer8_out_1_U/U_myproject_fifo_w11_d2_S_ShiftReg/SRL_SIG_reg[1][0]' (FDE) to 'layer8_out_1_U/U_myproject_fifo_w11_d2_S_ShiftReg/SRL_SIG_reg[0][0]'
INFO: [Synth 8-3333] propagating constant 0 across sequential element (layer8_out_2_U/\U_myproject_fifo_w11_d2_S_ShiftReg/SRL_SIG_reg[0][0] )
INFO: [Synth 8-3886] merging instance 'layer8_out_2_U/U_myproject_fifo_w11_d2_S_ShiftReg/SRL_SIG_reg[1][0]' (FDE) to 'layer8_out_2_U/U_myproject_fifo_w11_d2_S_ShiftReg/SRL_SIG_reg[0][0]'
INFO: [Synth 8-3333] propagating constant 0 across sequential element (layer8_out_3_U/\U_myproject_fifo_w11_d2_S_ShiftReg/SRL_SIG_reg[0][0] )
INFO: [Synth 8-3886] merging instance 'layer8_out_3_U/U_myproject_fifo_w11_d2_S_ShiftReg/SRL_SIG_reg[1][0]' (FDE) to 'layer8_out_3_U/U_myproject_fifo_w11_d2_S_ShiftReg/SRL_SIG_reg[0][0]'
INFO: [Synth 8-3333] propagating constant 0 across sequential element (layer8_out_4_U/\U_myproject_fifo_w11_d2_S_ShiftReg/SRL_SIG_reg[0][0] )
INFO: [Synth 8-3886] merging instance 'layer8_out_4_U/U_myproject_fifo_w11_d2_S_ShiftReg/SRL_SIG_reg[1][0]' (FDE) to 'layer8_out_4_U/U_myproject_fifo_w11_d2_S_ShiftReg/SRL_SIG_reg[0][0]'
INFO: [Synth 8-3333] propagating constant 0 across sequential element (layer8_out_5_U/\U_myproject_fifo_w11_d2_S_ShiftReg/SRL_SIG_reg[0][0] )
INFO: [Synth 8-3886] merging instance 'layer8_out_5_U/U_myproject_fifo_w11_d2_S_ShiftReg/SRL_SIG_reg[1][0]' (FDE) to 'layer8_out_5_U/U_myproject_fifo_w11_d2_S_ShiftReg/SRL_SIG_reg[0][0]'
INFO: [Synth 8-3333] propagating constant 0 across sequential element (layer8_out_6_U/\U_myproject_fifo_w11_d2_S_ShiftReg/SRL_SIG_reg[0][0] )
INFO: [Synth 8-3886] merging instance 'layer8_out_6_U/U_myproject_fifo_w11_d2_S_ShiftReg/SRL_SIG_reg[1][0]' (FDE) to 'layer8_out_6_U/U_myproject_fifo_w11_d2_S_ShiftReg/SRL_SIG_reg[0][0]'
INFO: [Synth 8-3333] propagating constant 0 across sequential element (layer8_out_7_U/\U_myproject_fifo_w11_d2_S_ShiftReg/SRL_SIG_reg[0][0] )
INFO: [Synth 8-3886] merging instance 'layer8_out_7_U/U_myproject_fifo_w11_d2_S_ShiftReg/SRL_SIG_reg[1][0]' (FDE) to 'layer8_out_7_U/U_myproject_fifo_w11_d2_S_ShiftReg/SRL_SIG_reg[0][0]'
INFO: [Synth 8-3333] propagating constant 0 across sequential element (layer8_out_8_U/\U_myproject_fifo_w11_d2_S_ShiftReg/SRL_SIG_reg[0][0] )
INFO: [Synth 8-3886] merging instance 'layer8_out_8_U/U_myproject_fifo_w11_d2_S_ShiftReg/SRL_SIG_reg[1][0]' (FDE) to 'layer8_out_8_U/U_myproject_fifo_w11_d2_S_ShiftReg/SRL_SIG_reg[0][0]'
INFO: [Synth 8-3333] propagating constant 0 across sequential element (layer8_out_9_U/\U_myproject_fifo_w11_d2_S_ShiftReg/SRL_SIG_reg[0][0] )
INFO: [Synth 8-3886] merging instance 'layer8_out_9_U/U_myproject_fifo_w11_d2_S_ShiftReg/SRL_SIG_reg[1][0]' (FDE) to 'layer8_out_9_U/U_myproject_fifo_w11_d2_S_ShiftReg/SRL_SIG_reg[0][0]'
INFO: [Synth 8-3333] propagating constant 0 across sequential element (layer8_out_10_U/\U_myproject_fifo_w11_d2_S_ShiftReg/SRL_SIG_reg[0][0] )
INFO: [Synth 8-3886] merging instance 'layer8_out_10_U/U_myproject_fifo_w11_d2_S_ShiftReg/SRL_SIG_reg[1][0]' (FDE) to 'layer8_out_10_U/U_myproject_fifo_w11_d2_S_ShiftReg/SRL_SIG_reg[0][0]'
INFO: [Synth 8-3333] propagating constant 0 across sequential element (layer8_out_11_U/\U_myproject_fifo_w11_d2_S_ShiftReg/SRL_SIG_reg[0][0] )
INFO: [Synth 8-3886] merging instance 'layer8_out_11_U/U_myproject_fifo_w11_d2_S_ShiftReg/SRL_SIG_reg[1][0]' (FDE) to 'layer8_out_11_U/U_myproject_fifo_w11_d2_S_ShiftReg/SRL_SIG_reg[0][0]'
INFO: [Synth 8-3333] propagating constant 0 across sequential element (layer8_out_12_U/\U_myproject_fifo_w11_d2_S_ShiftReg/SRL_SIG_reg[0][0] )
INFO: [Synth 8-3886] merging instance 'layer8_out_12_U/U_myproject_fifo_w11_d2_S_ShiftReg/SRL_SIG_reg[1][0]' (FDE) to 'layer8_out_12_U/U_myproject_fifo_w11_d2_S_ShiftReg/SRL_SIG_reg[0][0]'
INFO: [Synth 8-3333] propagating constant 0 across sequential element (layer8_out_13_U/\U_myproject_fifo_w11_d2_S_ShiftReg/SRL_SIG_reg[0][0] )
INFO: [Synth 8-3886] merging instance 'layer8_out_13_U/U_myproject_fifo_w11_d2_S_ShiftReg/SRL_SIG_reg[1][0]' (FDE) to 'layer8_out_13_U/U_myproject_fifo_w11_d2_S_ShiftReg/SRL_SIG_reg[0][0]'
INFO: [Synth 8-3333] propagating constant 0 across sequential element (layer8_out_14_U/\U_myproject_fifo_w11_d2_S_ShiftReg/SRL_SIG_reg[0][0] )
INFO: [Synth 8-3886] merging instance 'layer8_out_14_U/U_myproject_fifo_w11_d2_S_ShiftReg/SRL_SIG_reg[1][0]' (FDE) to 'layer8_out_14_U/U_myproject_fifo_w11_d2_S_ShiftReg/SRL_SIG_reg[0][0]'
INFO: [Synth 8-3333] propagating constant 0 across sequential element (layer8_out_15_U/\U_myproject_fifo_w11_d2_S_ShiftReg/SRL_SIG_reg[0][0] )
INFO: [Synth 8-3886] merging instance 'layer8_out_15_U/U_myproject_fifo_w11_d2_S_ShiftReg/SRL_SIG_reg[1][0]' (FDE) to 'layer8_out_15_U/U_myproject_fifo_w11_d2_S_ShiftReg/SRL_SIG_reg[0][0]'
INFO: [Synth 8-3333] propagating constant 0 across sequential element (layer8_out_16_U/\U_myproject_fifo_w11_d2_S_ShiftReg/SRL_SIG_reg[0][0] )
INFO: [Synth 8-3886] merging instance 'layer8_out_16_U/U_myproject_fifo_w11_d2_S_ShiftReg/SRL_SIG_reg[1][0]' (FDE) to 'layer8_out_16_U/U_myproject_fifo_w11_d2_S_ShiftReg/SRL_SIG_reg[0][0]'
INFO: [Synth 8-3333] propagating constant 0 across sequential element (layer8_out_17_U/\U_myproject_fifo_w11_d2_S_ShiftReg/SRL_SIG_reg[0][0] )
INFO: [Synth 8-3886] merging instance 'layer8_out_17_U/U_myproject_fifo_w11_d2_S_ShiftReg/SRL_SIG_reg[1][0]' (FDE) to 'layer8_out_17_U/U_myproject_fifo_w11_d2_S_ShiftReg/SRL_SIG_reg[0][0]'
INFO: [Synth 8-3333] propagating constant 0 across sequential element (layer8_out_18_U/\U_myproject_fifo_w11_d2_S_ShiftReg/SRL_SIG_reg[0][0] )
INFO: [Synth 8-3886] merging instance 'layer8_out_18_U/U_myproject_fifo_w11_d2_S_ShiftReg/SRL_SIG_reg[1][0]' (FDE) to 'layer8_out_18_U/U_myproject_fifo_w11_d2_S_ShiftReg/SRL_SIG_reg[0][0]'
INFO: [Common 17-14] Message 'Synth 8-3886' appears 100 times and further instances of the messages will be disabled. Use the Tcl command set_msg_config to change the current settings.
INFO: [Synth 8-3333] propagating constant 0 across sequential element (layer8_out_19_U/\U_myproject_fifo_w11_d2_S_ShiftReg/SRL_SIG_reg[0][0] )
INFO: [Synth 8-3333] propagating constant 0 across sequential element (layer8_out_20_U/\U_myproject_fifo_w11_d2_S_ShiftReg/SRL_SIG_reg[0][0] )
INFO: [Synth 8-3333] propagating constant 0 across sequential element (layer8_out_21_U/\U_myproject_fifo_w11_d2_S_ShiftReg/SRL_SIG_reg[0][0] )
INFO: [Synth 8-3333] propagating constant 0 across sequential element (layer8_out_22_U/\U_myproject_fifo_w11_d2_S_ShiftReg/SRL_SIG_reg[0][0] )
INFO: [Synth 8-3333] propagating constant 0 across sequential element (layer8_out_23_U/\U_myproject_fifo_w11_d2_S_ShiftReg/SRL_SIG_reg[0][0] )
INFO: [Synth 8-3333] propagating constant 0 across sequential element (layer8_out_24_U/\U_myproject_fifo_w11_d2_S_ShiftReg/SRL_SIG_reg[0][0] )
INFO: [Synth 8-3333] propagating constant 0 across sequential element (layer8_out_25_U/\U_myproject_fifo_w11_d2_S_ShiftReg/SRL_SIG_reg[0][0] )
INFO: [Synth 8-3333] propagating constant 0 across sequential element (layer8_out_26_U/\U_myproject_fifo_w11_d2_S_ShiftReg/SRL_SIG_reg[0][0] )
INFO: [Synth 8-3333] propagating constant 0 across sequential element (layer8_out_27_U/\U_myproject_fifo_w11_d2_S_ShiftReg/SRL_SIG_reg[0][0] )
INFO: [Synth 8-3333] propagating constant 0 across sequential element (layer8_out_28_U/\U_myproject_fifo_w11_d2_S_ShiftReg/SRL_SIG_reg[0][0] )
INFO: [Synth 8-3333] propagating constant 0 across sequential element (layer8_out_29_U/\U_myproject_fifo_w11_d2_S_ShiftReg/SRL_SIG_reg[0][0] )
INFO: [Common 17-14] Message 'Synth 8-3333' appears 100 times and further instances of the messages will be disabled. Use the Tcl command set_msg_config to change the current settings.
INFO: [Common 17-14] Message 'Synth 8-3333' appears 100 times and further instances of the messages will be disabled. Use the Tcl command set_msg_config to change the current settings.
---------------------------------------------------------------------------------
Finished Cross Boundary and Area Optimization : Time (s): cpu = 00:01:05 ; elapsed = 00:01:28 . Memory (MB): peak = 2717.617 ; gain = 1037.496 ; free physical = 72439 ; free virtual = 196372
---------------------------------------------------------------------------------
No constraint files found.
---------------------------------------------------------------------------------
Start Timing Optimization
---------------------------------------------------------------------------------
---------------------------------------------------------------------------------
Finished Timing Optimization : Time (s): cpu = 00:01:11 ; elapsed = 00:01:35 . Memory (MB): peak = 2717.617 ; gain = 1037.496 ; free physical = 71377 ; free virtual = 195414
---------------------------------------------------------------------------------
---------------------------------------------------------------------------------
Start Technology Mapping
---------------------------------------------------------------------------------
---------------------------------------------------------------------------------
Finished Technology Mapping : Time (s): cpu = 00:01:16 ; elapsed = 00:01:40 . Memory (MB): peak = 2725.621 ; gain = 1045.500 ; free physical = 70975 ; free virtual = 195015
---------------------------------------------------------------------------------
---------------------------------------------------------------------------------
Start IO Insertion
---------------------------------------------------------------------------------
---------------------------------------------------------------------------------
Start Flattening Before IO Insertion
---------------------------------------------------------------------------------
---------------------------------------------------------------------------------
Finished Flattening Before IO Insertion
---------------------------------------------------------------------------------
---------------------------------------------------------------------------------
Start Final Netlist Cleanup
---------------------------------------------------------------------------------
---------------------------------------------------------------------------------
Finished Final Netlist Cleanup
---------------------------------------------------------------------------------
---------------------------------------------------------------------------------
Finished IO Insertion : Time (s): cpu = 00:01:26 ; elapsed = 00:01:51 . Memory (MB): peak = 2761.371 ; gain = 1081.250 ; free physical = 70660 ; free virtual = 194772
---------------------------------------------------------------------------------
---------------------------------------------------------------------------------
Start Renaming Generated Instances
---------------------------------------------------------------------------------
---------------------------------------------------------------------------------
Finished Renaming Generated Instances : Time (s): cpu = 00:01:27 ; elapsed = 00:01:51 . Memory (MB): peak = 2761.371 ; gain = 1081.250 ; free physical = 70661 ; free virtual = 194776
---------------------------------------------------------------------------------
---------------------------------------------------------------------------------
Start Rebuilding User Hierarchy
---------------------------------------------------------------------------------
---------------------------------------------------------------------------------
Finished Rebuilding User Hierarchy : Time (s): cpu = 00:01:30 ; elapsed = 00:01:55 . Memory (MB): peak = 2761.371 ; gain = 1081.250 ; free physical = 70671 ; free virtual = 194779
---------------------------------------------------------------------------------
---------------------------------------------------------------------------------
Start Renaming Generated Ports
---------------------------------------------------------------------------------
---------------------------------------------------------------------------------
Finished Renaming Generated Ports : Time (s): cpu = 00:01:30 ; elapsed = 00:01:55 . Memory (MB): peak = 2761.371 ; gain = 1081.250 ; free physical = 70671 ; free virtual = 194779
---------------------------------------------------------------------------------
---------------------------------------------------------------------------------
Start Handling Custom Attributes
---------------------------------------------------------------------------------
---------------------------------------------------------------------------------
Finished Handling Custom Attributes : Time (s): cpu = 00:01:32 ; elapsed = 00:01:56 . Memory (MB): peak = 2761.371 ; gain = 1081.250 ; free physical = 69606 ; free virtual = 194746
---------------------------------------------------------------------------------
---------------------------------------------------------------------------------
Start Renaming Generated Nets
---------------------------------------------------------------------------------
---------------------------------------------------------------------------------
Finished Renaming Generated Nets : Time (s): cpu = 00:01:32 ; elapsed = 00:01:56 . Memory (MB): peak = 2761.371 ; gain = 1081.250 ; free physical = 69601 ; free virtual = 194746
---------------------------------------------------------------------------------
---------------------------------------------------------------------------------
Start ROM, RAM, DSP, Shift Register and Retiming Reporting
---------------------------------------------------------------------------------

Dynamic Shift Register Report:
+------------+----------------+--------+------------+--------+---------+--------+--------+--------+
|Module Name | RTL Name       | Length | Data Width | SRL16E | SRLC32E | Mux F7 | Mux F8 | Mux F9 | 
+------------+----------------+--------+------------+--------+---------+--------+--------+--------+
|dsrl        | SRL_SIG_reg[2] | 10     | 10         | 10     | 0       | 0      | 0      | 0      | 
|dsrl__1     | SRL_SIG_reg[2] | 8      | 8          | 8      | 0       | 0      | 0      | 0      | 
+------------+----------------+--------+------------+--------+---------+--------+--------+--------+

---------------------------------------------------------------------------------
Finished ROM, RAM, DSP, Shift Register and Retiming Reporting
---------------------------------------------------------------------------------
---------------------------------------------------------------------------------
Start Writing Synthesis Report
---------------------------------------------------------------------------------

Report BlackBoxes: 
+-+--------------+----------+
| |BlackBox name |Instances |
+-+--------------+----------+
+-+--------------+----------+

Report Cell Usage: 
+------+-------+------+
|      |Cell   |Count |
+------+-------+------+
|1     |BUFG   |     1|
|2     |CARRY4 |  3167|
|3     |LUT1   |   218|
|4     |LUT2   | 10265|
|5     |LUT3   | 11875|
|6     |LUT4   |  2803|
|7     |LUT5   |  7308|
|8     |LUT6   | 10881|
|9     |MUXF7  |   248|
|10    |MUXF8  |    42|
|11    |SRL16E |    26|
|12    |FDRE   | 37518|
|13    |FDSE   |   516|
|14    |IBUF   |  1928|
|15    |OBUF   |   194|
+------+-------+------+

Report Instance Areas: 
+------+---------------------------------------------------------------------+-------------------------------------------------------------------------------------------+------+
|      |Instance                                                             |Module                                                                                     |Cells |
+------+---------------------------------------------------------------------+-------------------------------------------------------------------------------------------+------+
|1     |top                                                                  |                                                                                           | 86990|
|2     |  concatenate1d_ap_fixed_ap_fixed_ap_fixed_16_6_5_3_0_config13_U0    |myproject_concatenate1d_ap_fixed_ap_fixed_ap_fixed_16_6_5_3_0_config13_s                   |    41|
|3     |  hard_sigmoid_ap_fixed_ap_ufixed_8_0_4_0_0_hard_sigmoid_config29_U0 |myproject_hard_sigmoid_ap_fixed_ap_ufixed_8_0_4_0_0_hard_sigmoid_config29_s                |     8|
|4     |  concatenate1d_ap_fixed_ap_fixed_ap_fixed_16_6_5_3_0_config12_U0    |myproject_concatenate1d_ap_fixed_ap_fixed_ap_fixed_16_6_5_3_0_config12_s                   |   490|
|5     |  concatenate1d_ap_fixed_ap_fixed_ap_fixed_16_6_5_3_0_config8_U0     |myproject_concatenate1d_ap_fixed_ap_fixed_ap_fixed_16_6_5_3_0_config8_s                    |   439|
|6     |  concatenate1d_ap_ufixed_ap_ufixed_ap_fixed_16_6_5_3_0_config20_U0  |myproject_concatenate1d_ap_ufixed_ap_ufixed_ap_fixed_16_6_5_3_0_config20_s                 |   896|
|7     |  dense_resource_ap_fixed_16_6_5_3_0_ap_fixed_16_6_5_3_0_config14_U0 |myproject_dense_resource_ap_fixed_16_6_5_3_0_ap_fixed_16_6_5_3_0_config14_s                | 21937|
|8     |    mul_11s_8s_19_1_1_U258                                           |myproject_mul_11s_8s_19_1_1_1034                                                           |    98|
|9     |    mul_11s_8s_19_1_1_U259                                           |myproject_mul_11s_8s_19_1_1_1035                                                           |    87|
|10    |    mul_11s_8s_19_1_1_U260                                           |myproject_mul_11s_8s_19_1_1_1036                                                           |    87|
|11    |    mul_11s_8s_19_1_1_U261                                           |myproject_mul_11s_8s_19_1_1_1037                                                           |    87|
|12    |    mul_11s_8s_19_1_1_U262                                           |myproject_mul_11s_8s_19_1_1_1038                                                           |    87|
|13    |    mul_11s_8s_19_1_1_U263                                           |myproject_mul_11s_8s_19_1_1_1039                                                           |    87|
|14    |    mul_11s_8s_19_1_1_U264                                           |myproject_mul_11s_8s_19_1_1_1040                                                           |   131|
|15    |    mul_11s_8s_19_1_1_U265                                           |myproject_mul_11s_8s_19_1_1_1041                                                           |    87|
|16    |    mul_11s_8s_19_1_1_U266                                           |myproject_mul_11s_8s_19_1_1_1042                                                           |    87|
|17    |    mul_11s_8s_19_1_1_U78                                            |myproject_mul_11s_8s_19_1_1_1043                                                           |   199|
|18    |    mul_11s_8s_19_1_1_U80                                            |myproject_mul_11s_8s_19_1_1_1044                                                           |   188|
|19    |    mul_11s_8s_19_1_1_U84                                            |myproject_mul_11s_8s_19_1_1_1045                                                           |   131|
|20    |    mul_11s_8s_19_1_1_U85                                            |myproject_mul_11s_8s_19_1_1_1046                                                           |    87|
|21    |  dense_resource_ap_fixed_16_6_5_3_0_ap_fixed_16_6_5_3_0_config16_U0 |myproject_dense_resource_ap_fixed_16_6_5_3_0_ap_fixed_16_6_5_3_0_config16_s                |   470|
|22    |    mul_11s_8s_19_1_1_U648                                           |myproject_mul_11s_8s_19_1_1                                                                |   213|
|23    |    outidx_i_U                                                       |myproject_dense_resource_ap_fixed_16_6_5_3_0_ap_fixed_16_6_5_3_0_config16_s_outidx_i_RObkb |    55|
|24    |  dense_resource_ap_fixed_16_6_5_3_0_ap_fixed_16_6_5_3_0_config21_U0 |myproject_dense_resource_ap_fixed_16_6_5_3_0_ap_fixed_16_6_5_3_0_config21_s                | 15930|
|25    |    mul_10ns_8s_18_1_1_U836                                          |myproject_mul_10ns_8s_18_1_1                                                               |    85|
|26    |    mul_10ns_8s_18_1_1_U838                                          |myproject_mul_10ns_8s_18_1_1_1022                                                          |   209|
|27    |    mul_10ns_8s_18_1_1_U840                                          |myproject_mul_10ns_8s_18_1_1_1023                                                          |   127|
|28    |    mul_10ns_8s_18_1_1_U842                                          |myproject_mul_10ns_8s_18_1_1_1024                                                          |    85|
|29    |    mul_10ns_8s_18_1_1_U845                                          |myproject_mul_10ns_8s_18_1_1_1025                                                          |   102|
|30    |    mul_10ns_8s_18_1_1_U846                                          |myproject_mul_10ns_8s_18_1_1_1026                                                          |    71|
|31    |    mul_10ns_8s_18_1_1_U847                                          |myproject_mul_10ns_8s_18_1_1_1027                                                          |    85|
|32    |    mul_10ns_8s_18_1_1_U848                                          |myproject_mul_10ns_8s_18_1_1_1028                                                          |    71|
|33    |    mul_10ns_8s_18_1_1_U849                                          |myproject_mul_10ns_8s_18_1_1_1029                                                          |    71|
|34    |    mul_10ns_8s_18_1_1_U850                                          |myproject_mul_10ns_8s_18_1_1_1030                                                          |    85|
|35    |    mul_10ns_8s_18_1_1_U851                                          |myproject_mul_10ns_8s_18_1_1_1031                                                          |   956|
|36    |    mul_10ns_8s_18_1_1_U852                                          |myproject_mul_10ns_8s_18_1_1_1032                                                          |    71|
|37    |    sparsemux_31_4_10_1_1_U835                                       |myproject_sparsemux_31_4_10_1_1                                                            |   112|
|38    |    sparsemux_31_4_10_1_1_U841                                       |myproject_sparsemux_31_4_10_1_1_1033                                                       |    70|
|39    |  dense_resource_ap_ufixed_8_0_4_0_0_ap_fixed_16_6_5_3_0_config24_U0 |myproject_dense_resource_ap_ufixed_8_0_4_0_0_ap_fixed_16_6_5_3_0_config24_s                |  6143|
|40    |    mul_8s_8ns_16_1_1_U1287                                          |myproject_mul_8s_8ns_16_1_1_1011                                                           |   117|
|41    |    mul_8s_8ns_16_1_1_U1289                                          |myproject_mul_8s_8ns_16_1_1_1012                                                           |   116|
|42    |    mul_8s_8ns_16_1_1_U1291                                          |myproject_mul_8s_8ns_16_1_1_1013                                                           |   157|
|43    |    mul_8s_8ns_16_1_1_U1293                                          |myproject_mul_8s_8ns_16_1_1_1014                                                           |   108|
|44    |    mul_8s_8ns_16_1_1_U1294                                          |myproject_mul_8s_8ns_16_1_1_1015                                                           |   101|
|45    |    mul_8s_8ns_16_1_1_U1295                                          |myproject_mul_8s_8ns_16_1_1_1016                                                           |   100|
|46    |    mul_8s_8ns_16_1_1_U1296                                          |myproject_mul_8s_8ns_16_1_1_1017                                                           |   880|
|47    |    mul_8s_8ns_16_1_1_U1297                                          |myproject_mul_8s_8ns_16_1_1_1018                                                           |   100|
|48    |    sparsemux_23_4_8_1_1_U1286                                       |myproject_sparsemux_23_4_8_1_1                                                             |    73|
|49    |    sparsemux_23_4_8_1_1_U1288                                       |myproject_sparsemux_23_4_8_1_1_1019                                                        |    72|
|50    |    sparsemux_23_4_8_1_1_U1290                                       |myproject_sparsemux_23_4_8_1_1_1020                                                        |    24|
|51    |    sparsemux_23_4_8_1_1_U1292                                       |myproject_sparsemux_23_4_8_1_1_1021                                                        |    24|
|52    |  dense_resource_ap_ufixed_8_0_4_0_0_ap_fixed_16_6_5_3_0_config27_U0 |myproject_dense_resource_ap_ufixed_8_0_4_0_0_ap_fixed_16_6_5_3_0_config27_s                |  1106|
|53    |    mul_8s_8ns_16_1_1_U1470                                          |myproject_mul_8s_8ns_16_1_1                                                                |   188|
|54    |    mul_8s_8ns_16_1_1_U1472                                          |myproject_mul_8s_8ns_16_1_1_1010                                                           |   293|
|55    |  layer10_out_U                                                      |myproject_fifo_w10_d2_S                                                                    |    47|
|56    |    U_myproject_fifo_w10_d2_S_ShiftReg                               |myproject_fifo_w10_d2_S_ShiftReg_1009                                                      |    31|
|57    |  layer11_out_U                                                      |myproject_fifo_w10_d2_S_0                                                                  |    51|
|58    |    U_myproject_fifo_w10_d2_S_ShiftReg                               |myproject_fifo_w10_d2_S_ShiftReg_1008                                                      |    31|
|59    |  layer12_out_10_U                                                   |myproject_fifo_w11_d2_S                                                                    |    44|
|60    |    U_myproject_fifo_w11_d2_S_ShiftReg                               |myproject_fifo_w11_d2_S_ShiftReg_1007                                                      |    30|
|61    |  layer12_out_11_U                                                   |myproject_fifo_w11_d2_S_1                                                                  |    44|
|62    |    U_myproject_fifo_w11_d2_S_ShiftReg                               |myproject_fifo_w11_d2_S_ShiftReg_1006                                                      |    30|
|63    |  layer12_out_12_U                                                   |myproject_fifo_w11_d2_S_2                                                                  |    44|
|64    |    U_myproject_fifo_w11_d2_S_ShiftReg                               |myproject_fifo_w11_d2_S_ShiftReg_1005                                                      |    30|
|65    |  layer12_out_13_U                                                   |myproject_fifo_w11_d2_S_3                                                                  |    44|
|66    |    U_myproject_fifo_w11_d2_S_ShiftReg                               |myproject_fifo_w11_d2_S_ShiftReg_1004                                                      |    30|
|67    |  layer12_out_14_U                                                   |myproject_fifo_w11_d2_S_4                                                                  |    45|
|68    |    U_myproject_fifo_w11_d2_S_ShiftReg                               |myproject_fifo_w11_d2_S_ShiftReg_1003                                                      |    30|
|69    |  layer12_out_15_U                                                   |myproject_fifo_w11_d2_S_5                                                                  |    47|
|70    |    U_myproject_fifo_w11_d2_S_ShiftReg                               |myproject_fifo_w11_d2_S_ShiftReg_1002                                                      |    30|
|71    |  layer12_out_16_U                                                   |myproject_fifo_w11_d2_S_6                                                                  |    44|
|72    |    U_myproject_fifo_w11_d2_S_ShiftReg                               |myproject_fifo_w11_d2_S_ShiftReg_1001                                                      |    30|
|73    |  layer12_out_17_U                                                   |myproject_fifo_w11_d2_S_7                                                                  |    44|
|74    |    U_myproject_fifo_w11_d2_S_ShiftReg                               |myproject_fifo_w11_d2_S_ShiftReg_1000                                                      |    30|
|75    |  layer12_out_18_U                                                   |myproject_fifo_w11_d2_S_8                                                                  |    44|
|76    |    U_myproject_fifo_w11_d2_S_ShiftReg                               |myproject_fifo_w11_d2_S_ShiftReg_999                                                       |    30|
|77    |  layer12_out_19_U                                                   |myproject_fifo_w11_d2_S_9                                                                  |    44|
|78    |    U_myproject_fifo_w11_d2_S_ShiftReg                               |myproject_fifo_w11_d2_S_ShiftReg_998                                                       |    30|
|79    |  layer12_out_1_U                                                    |myproject_fifo_w11_d2_S_10                                                                 |    44|
|80    |    U_myproject_fifo_w11_d2_S_ShiftReg                               |myproject_fifo_w11_d2_S_ShiftReg_997                                                       |    30|
|81    |  layer12_out_20_U                                                   |myproject_fifo_w11_d2_S_11                                                                 |    45|
|82    |    U_myproject_fifo_w11_d2_S_ShiftReg                               |myproject_fifo_w11_d2_S_ShiftReg_996                                                       |    30|
|83    |  layer12_out_21_U                                                   |myproject_fifo_w11_d2_S_12                                                                 |    45|
|84    |    U_myproject_fifo_w11_d2_S_ShiftReg                               |myproject_fifo_w11_d2_S_ShiftReg_995                                                       |    30|
|85    |  layer12_out_22_U                                                   |myproject_fifo_w11_d2_S_13                                                                 |    44|
|86    |    U_myproject_fifo_w11_d2_S_ShiftReg                               |myproject_fifo_w11_d2_S_ShiftReg_994                                                       |    30|
|87    |  layer12_out_23_U                                                   |myproject_fifo_w11_d2_S_14                                                                 |    44|
|88    |    U_myproject_fifo_w11_d2_S_ShiftReg                               |myproject_fifo_w11_d2_S_ShiftReg_993                                                       |    30|
|89    |  layer12_out_24_U                                                   |myproject_fifo_w11_d2_S_15                                                                 |    44|
|90    |    U_myproject_fifo_w11_d2_S_ShiftReg                               |myproject_fifo_w11_d2_S_ShiftReg_992                                                       |    30|
|91    |  layer12_out_25_U                                                   |myproject_fifo_w11_d2_S_16                                                                 |    44|
|92    |    U_myproject_fifo_w11_d2_S_ShiftReg                               |myproject_fifo_w11_d2_S_ShiftReg_991                                                       |    30|
|93    |  layer12_out_26_U                                                   |myproject_fifo_w11_d2_S_17                                                                 |    46|
|94    |    U_myproject_fifo_w11_d2_S_ShiftReg                               |myproject_fifo_w11_d2_S_ShiftReg_990                                                       |    30|
|95    |  layer12_out_27_U                                                   |myproject_fifo_w11_d2_S_18                                                                 |    45|
|96    |    U_myproject_fifo_w11_d2_S_ShiftReg                               |myproject_fifo_w11_d2_S_ShiftReg_989                                                       |    30|
|97    |  layer12_out_28_U                                                   |myproject_fifo_w11_d2_S_19                                                                 |    44|
|98    |    U_myproject_fifo_w11_d2_S_ShiftReg                               |myproject_fifo_w11_d2_S_ShiftReg_988                                                       |    30|
|99    |  layer12_out_29_U                                                   |myproject_fifo_w11_d2_S_20                                                                 |    44|
|100   |    U_myproject_fifo_w11_d2_S_ShiftReg                               |myproject_fifo_w11_d2_S_ShiftReg_987                                                       |    30|
|101   |  layer12_out_2_U                                                    |myproject_fifo_w11_d2_S_21                                                                 |    45|
|102   |    U_myproject_fifo_w11_d2_S_ShiftReg                               |myproject_fifo_w11_d2_S_ShiftReg_986                                                       |    30|
|103   |  layer12_out_30_U                                                   |myproject_fifo_w11_d2_S_22                                                                 |    44|
|104   |    U_myproject_fifo_w11_d2_S_ShiftReg                               |myproject_fifo_w11_d2_S_ShiftReg_985                                                       |    30|
|105   |  layer12_out_31_U                                                   |myproject_fifo_w11_d2_S_23                                                                 |    44|
|106   |    U_myproject_fifo_w11_d2_S_ShiftReg                               |myproject_fifo_w11_d2_S_ShiftReg_984                                                       |    30|
|107   |  layer12_out_32_U                                                   |myproject_fifo_w11_d2_S_24                                                                 |    45|
|108   |    U_myproject_fifo_w11_d2_S_ShiftReg                               |myproject_fifo_w11_d2_S_ShiftReg_983                                                       |    30|
|109   |  layer12_out_33_U                                                   |myproject_fifo_w11_d2_S_25                                                                 |    45|
|110   |    U_myproject_fifo_w11_d2_S_ShiftReg                               |myproject_fifo_w11_d2_S_ShiftReg_982                                                       |    30|
|111   |  layer12_out_34_U                                                   |myproject_fifo_w11_d2_S_26                                                                 |    44|
|112   |    U_myproject_fifo_w11_d2_S_ShiftReg                               |myproject_fifo_w11_d2_S_ShiftReg_981                                                       |    30|
|113   |  layer12_out_3_U                                                    |myproject_fifo_w11_d2_S_27                                                                 |    45|
|114   |    U_myproject_fifo_w11_d2_S_ShiftReg                               |myproject_fifo_w11_d2_S_ShiftReg_980                                                       |    30|
|115   |  layer12_out_4_U                                                    |myproject_fifo_w11_d2_S_28                                                                 |    44|
|116   |    U_myproject_fifo_w11_d2_S_ShiftReg                               |myproject_fifo_w11_d2_S_ShiftReg_979                                                       |    30|
|117   |  layer12_out_5_U                                                    |myproject_fifo_w11_d2_S_29                                                                 |    44|
|118   |    U_myproject_fifo_w11_d2_S_ShiftReg                               |myproject_fifo_w11_d2_S_ShiftReg_978                                                       |    30|
|119   |  layer12_out_6_U                                                    |myproject_fifo_w11_d2_S_30                                                                 |    44|
|120   |    U_myproject_fifo_w11_d2_S_ShiftReg                               |myproject_fifo_w11_d2_S_ShiftReg_977                                                       |    30|
|121   |  layer12_out_7_U                                                    |myproject_fifo_w11_d2_S_31                                                                 |    44|
|122   |    U_myproject_fifo_w11_d2_S_ShiftReg                               |myproject_fifo_w11_d2_S_ShiftReg_976                                                       |    30|
|123   |  layer12_out_8_U                                                    |myproject_fifo_w11_d2_S_32                                                                 |    45|
|124   |    U_myproject_fifo_w11_d2_S_ShiftReg                               |myproject_fifo_w11_d2_S_ShiftReg_975                                                       |    30|
|125   |  layer12_out_9_U                                                    |myproject_fifo_w11_d2_S_33                                                                 |    45|
|126   |    U_myproject_fifo_w11_d2_S_ShiftReg                               |myproject_fifo_w11_d2_S_ShiftReg_974                                                       |    30|
|127   |  layer12_out_U                                                      |myproject_fifo_w11_d2_S_34                                                                 |    44|
|128   |    U_myproject_fifo_w11_d2_S_ShiftReg                               |myproject_fifo_w11_d2_S_ShiftReg_973                                                       |    30|
|129   |  layer13_out_1_U                                                    |myproject_fifo_w11_d2_S_35                                                                 |    47|
|130   |    U_myproject_fifo_w11_d2_S_ShiftReg                               |myproject_fifo_w11_d2_S_ShiftReg_972                                                       |    31|
|131   |  layer13_out_U                                                      |myproject_fifo_w11_d2_S_36                                                                 |    45|
|132   |    U_myproject_fifo_w11_d2_S_ShiftReg                               |myproject_fifo_w11_d2_S_ShiftReg_971                                                       |    31|
|133   |  layer14_out_10_U                                                   |myproject_fifo_w16_d2_S                                                                    |   109|
|134   |    U_myproject_fifo_w16_d2_S_ShiftReg                               |myproject_fifo_w16_d2_S_ShiftReg_970                                                       |    94|
|135   |  layer14_out_11_U                                                   |myproject_fifo_w16_d2_S_37                                                                 |   109|
|136   |    U_myproject_fifo_w16_d2_S_ShiftReg                               |myproject_fifo_w16_d2_S_ShiftReg_969                                                       |    94|
|137   |  layer14_out_12_U                                                   |myproject_fifo_w16_d2_S_38                                                                 |   111|
|138   |    U_myproject_fifo_w16_d2_S_ShiftReg                               |myproject_fifo_w16_d2_S_ShiftReg_968                                                       |    94|
|139   |  layer14_out_13_U                                                   |myproject_fifo_w16_d2_S_39                                                                 |   110|
|140   |    U_myproject_fifo_w16_d2_S_ShiftReg                               |myproject_fifo_w16_d2_S_ShiftReg_967                                                       |    94|
|141   |  layer14_out_14_U                                                   |myproject_fifo_w16_d2_S_40                                                                 |   109|
|142   |    U_myproject_fifo_w16_d2_S_ShiftReg                               |myproject_fifo_w16_d2_S_ShiftReg_966                                                       |    94|
|143   |  layer14_out_15_U                                                   |myproject_fifo_w16_d2_S_41                                                                 |   109|
|144   |    U_myproject_fifo_w16_d2_S_ShiftReg                               |myproject_fifo_w16_d2_S_ShiftReg_965                                                       |    94|
|145   |  layer14_out_16_U                                                   |myproject_fifo_w16_d2_S_42                                                                 |   108|
|146   |    U_myproject_fifo_w16_d2_S_ShiftReg                               |myproject_fifo_w16_d2_S_ShiftReg_964                                                       |    94|
|147   |  layer14_out_17_U                                                   |myproject_fifo_w16_d2_S_43                                                                 |   109|
|148   |    U_myproject_fifo_w16_d2_S_ShiftReg                               |myproject_fifo_w16_d2_S_ShiftReg_963                                                       |    94|
|149   |  layer14_out_18_U                                                   |myproject_fifo_w16_d2_S_44                                                                 |   109|
|150   |    U_myproject_fifo_w16_d2_S_ShiftReg                               |myproject_fifo_w16_d2_S_ShiftReg_962                                                       |    94|
|151   |  layer14_out_19_U                                                   |myproject_fifo_w16_d2_S_45                                                                 |   109|
|152   |    U_myproject_fifo_w16_d2_S_ShiftReg                               |myproject_fifo_w16_d2_S_ShiftReg_961                                                       |    94|
|153   |  layer14_out_1_U                                                    |myproject_fifo_w16_d2_S_46                                                                 |   110|
|154   |    U_myproject_fifo_w16_d2_S_ShiftReg                               |myproject_fifo_w16_d2_S_ShiftReg_960                                                       |    94|
|155   |  layer14_out_20_U                                                   |myproject_fifo_w16_d2_S_47                                                                 |   109|
|156   |    U_myproject_fifo_w16_d2_S_ShiftReg                               |myproject_fifo_w16_d2_S_ShiftReg_959                                                       |    94|
|157   |  layer14_out_21_U                                                   |myproject_fifo_w16_d2_S_48                                                                 |   108|
|158   |    U_myproject_fifo_w16_d2_S_ShiftReg                               |myproject_fifo_w16_d2_S_ShiftReg_958                                                       |    94|
|159   |  layer14_out_22_U                                                   |myproject_fifo_w16_d2_S_49                                                                 |   108|
|160   |    U_myproject_fifo_w16_d2_S_ShiftReg                               |myproject_fifo_w16_d2_S_ShiftReg_957                                                       |    94|
|161   |  layer14_out_23_U                                                   |myproject_fifo_w16_d2_S_50                                                                 |   108|
|162   |    U_myproject_fifo_w16_d2_S_ShiftReg                               |myproject_fifo_w16_d2_S_ShiftReg_956                                                       |    94|
|163   |  layer14_out_24_U                                                   |myproject_fifo_w16_d2_S_51                                                                 |   110|
|164   |    U_myproject_fifo_w16_d2_S_ShiftReg                               |myproject_fifo_w16_d2_S_ShiftReg_955                                                       |    94|
|165   |  layer14_out_25_U                                                   |myproject_fifo_w16_d2_S_52                                                                 |   110|
|166   |    U_myproject_fifo_w16_d2_S_ShiftReg                               |myproject_fifo_w16_d2_S_ShiftReg_954                                                       |    94|
|167   |  layer14_out_26_U                                                   |myproject_fifo_w16_d2_S_53                                                                 |   108|
|168   |    U_myproject_fifo_w16_d2_S_ShiftReg                               |myproject_fifo_w16_d2_S_ShiftReg_953                                                       |    94|
|169   |  layer14_out_27_U                                                   |myproject_fifo_w16_d2_S_54                                                                 |   108|
|170   |    U_myproject_fifo_w16_d2_S_ShiftReg                               |myproject_fifo_w16_d2_S_ShiftReg_952                                                       |    94|
|171   |  layer14_out_28_U                                                   |myproject_fifo_w16_d2_S_55                                                                 |   108|
|172   |    U_myproject_fifo_w16_d2_S_ShiftReg                               |myproject_fifo_w16_d2_S_ShiftReg_951                                                       |    94|
|173   |  layer14_out_29_U                                                   |myproject_fifo_w16_d2_S_56                                                                 |   109|
|174   |    U_myproject_fifo_w16_d2_S_ShiftReg                               |myproject_fifo_w16_d2_S_ShiftReg_950                                                       |    94|
|175   |  layer14_out_2_U                                                    |myproject_fifo_w16_d2_S_57                                                                 |   108|
|176   |    U_myproject_fifo_w16_d2_S_ShiftReg                               |myproject_fifo_w16_d2_S_ShiftReg_949                                                       |    94|
|177   |  layer14_out_30_U                                                   |myproject_fifo_w16_d2_S_58                                                                 |   109|
|178   |    U_myproject_fifo_w16_d2_S_ShiftReg                               |myproject_fifo_w16_d2_S_ShiftReg_948                                                       |    94|
|179   |  layer14_out_31_U                                                   |myproject_fifo_w16_d2_S_59                                                                 |   109|
|180   |    U_myproject_fifo_w16_d2_S_ShiftReg                               |myproject_fifo_w16_d2_S_ShiftReg_947                                                       |    94|
|181   |  layer14_out_32_U                                                   |myproject_fifo_w16_d2_S_60                                                                 |   108|
|182   |    U_myproject_fifo_w16_d2_S_ShiftReg                               |myproject_fifo_w16_d2_S_ShiftReg_946                                                       |    94|
|183   |  layer14_out_33_U                                                   |myproject_fifo_w16_d2_S_61                                                                 |   109|
|184   |    U_myproject_fifo_w16_d2_S_ShiftReg                               |myproject_fifo_w16_d2_S_ShiftReg_945                                                       |    94|
|185   |  layer14_out_34_U                                                   |myproject_fifo_w16_d2_S_62                                                                 |   108|
|186   |    U_myproject_fifo_w16_d2_S_ShiftReg                               |myproject_fifo_w16_d2_S_ShiftReg_944                                                       |    94|
|187   |  layer14_out_35_U                                                   |myproject_fifo_w16_d2_S_63                                                                 |   108|
|188   |    U_myproject_fifo_w16_d2_S_ShiftReg                               |myproject_fifo_w16_d2_S_ShiftReg_943                                                       |    94|
|189   |  layer14_out_36_U                                                   |myproject_fifo_w16_d2_S_64                                                                 |   110|
|190   |    U_myproject_fifo_w16_d2_S_ShiftReg                               |myproject_fifo_w16_d2_S_ShiftReg_942                                                       |    94|
|191   |  layer14_out_37_U                                                   |myproject_fifo_w16_d2_S_65                                                                 |   110|
|192   |    U_myproject_fifo_w16_d2_S_ShiftReg                               |myproject_fifo_w16_d2_S_ShiftReg_941                                                       |    94|
|193   |  layer14_out_38_U                                                   |myproject_fifo_w16_d2_S_66                                                                 |   108|
|194   |    U_myproject_fifo_w16_d2_S_ShiftReg                               |myproject_fifo_w16_d2_S_ShiftReg_940                                                       |    94|
|195   |  layer14_out_39_U                                                   |myproject_fifo_w16_d2_S_67                                                                 |   108|
|196   |    U_myproject_fifo_w16_d2_S_ShiftReg                               |myproject_fifo_w16_d2_S_ShiftReg_939                                                       |    94|
|197   |  layer14_out_3_U                                                    |myproject_fifo_w16_d2_S_68                                                                 |   109|
|198   |    U_myproject_fifo_w16_d2_S_ShiftReg                               |myproject_fifo_w16_d2_S_ShiftReg_938                                                       |    94|
|199   |  layer14_out_40_U                                                   |myproject_fifo_w16_d2_S_69                                                                 |   109|
|200   |    U_myproject_fifo_w16_d2_S_ShiftReg                               |myproject_fifo_w16_d2_S_ShiftReg_937                                                       |    94|
|201   |  layer14_out_41_U                                                   |myproject_fifo_w16_d2_S_70                                                                 |   108|
|202   |    U_myproject_fifo_w16_d2_S_ShiftReg                               |myproject_fifo_w16_d2_S_ShiftReg_936                                                       |    94|
|203   |  layer14_out_42_U                                                   |myproject_fifo_w16_d2_S_71                                                                 |   109|
|204   |    U_myproject_fifo_w16_d2_S_ShiftReg                               |myproject_fifo_w16_d2_S_ShiftReg_935                                                       |    94|
|205   |  layer14_out_43_U                                                   |myproject_fifo_w16_d2_S_72                                                                 |   110|
|206   |    U_myproject_fifo_w16_d2_S_ShiftReg                               |myproject_fifo_w16_d2_S_ShiftReg_934                                                       |    94|
|207   |  layer14_out_44_U                                                   |myproject_fifo_w16_d2_S_73                                                                 |   109|
|208   |    U_myproject_fifo_w16_d2_S_ShiftReg                               |myproject_fifo_w16_d2_S_ShiftReg_933                                                       |    94|
|209   |  layer14_out_45_U                                                   |myproject_fifo_w16_d2_S_74                                                                 |   108|
|210   |    U_myproject_fifo_w16_d2_S_ShiftReg                               |myproject_fifo_w16_d2_S_ShiftReg_932                                                       |    94|
|211   |  layer14_out_46_U                                                   |myproject_fifo_w16_d2_S_75                                                                 |   109|
|212   |    U_myproject_fifo_w16_d2_S_ShiftReg                               |myproject_fifo_w16_d2_S_ShiftReg_931                                                       |    94|
|213   |  layer14_out_47_U                                                   |myproject_fifo_w16_d2_S_76                                                                 |   108|
|214   |    U_myproject_fifo_w16_d2_S_ShiftReg                               |myproject_fifo_w16_d2_S_ShiftReg_930                                                       |    94|
|215   |  layer14_out_48_U                                                   |myproject_fifo_w16_d2_S_77                                                                 |   109|
|216   |    U_myproject_fifo_w16_d2_S_ShiftReg                               |myproject_fifo_w16_d2_S_ShiftReg_929                                                       |    94|
|217   |  layer14_out_49_U                                                   |myproject_fifo_w16_d2_S_78                                                                 |   109|
|218   |    U_myproject_fifo_w16_d2_S_ShiftReg                               |myproject_fifo_w16_d2_S_ShiftReg_928                                                       |    94|
|219   |  layer14_out_4_U                                                    |myproject_fifo_w16_d2_S_79                                                                 |   108|
|220   |    U_myproject_fifo_w16_d2_S_ShiftReg                               |myproject_fifo_w16_d2_S_ShiftReg_927                                                       |    94|
|221   |  layer14_out_50_U                                                   |myproject_fifo_w16_d2_S_80                                                                 |   108|
|222   |    U_myproject_fifo_w16_d2_S_ShiftReg                               |myproject_fifo_w16_d2_S_ShiftReg_926                                                       |    94|
|223   |  layer14_out_51_U                                                   |myproject_fifo_w16_d2_S_81                                                                 |   108|
|224   |    U_myproject_fifo_w16_d2_S_ShiftReg                               |myproject_fifo_w16_d2_S_ShiftReg_925                                                       |    94|
|225   |  layer14_out_52_U                                                   |myproject_fifo_w16_d2_S_82                                                                 |   108|
|226   |    U_myproject_fifo_w16_d2_S_ShiftReg                               |myproject_fifo_w16_d2_S_ShiftReg_924                                                       |    94|
|227   |  layer14_out_53_U                                                   |myproject_fifo_w16_d2_S_83                                                                 |   109|
|228   |    U_myproject_fifo_w16_d2_S_ShiftReg                               |myproject_fifo_w16_d2_S_ShiftReg_923                                                       |    94|
|229   |  layer14_out_54_U                                                   |myproject_fifo_w16_d2_S_84                                                                 |   109|
|230   |    U_myproject_fifo_w16_d2_S_ShiftReg                               |myproject_fifo_w16_d2_S_ShiftReg_922                                                       |    94|
|231   |  layer14_out_55_U                                                   |myproject_fifo_w16_d2_S_85                                                                 |   109|
|232   |    U_myproject_fifo_w16_d2_S_ShiftReg                               |myproject_fifo_w16_d2_S_ShiftReg_921                                                       |    94|
|233   |  layer14_out_56_U                                                   |myproject_fifo_w16_d2_S_86                                                                 |   108|
|234   |    U_myproject_fifo_w16_d2_S_ShiftReg                               |myproject_fifo_w16_d2_S_ShiftReg_920                                                       |    94|
|235   |  layer14_out_57_U                                                   |myproject_fifo_w16_d2_S_87                                                                 |   108|
|236   |    U_myproject_fifo_w16_d2_S_ShiftReg                               |myproject_fifo_w16_d2_S_ShiftReg_919                                                       |    94|
|237   |  layer14_out_58_U                                                   |myproject_fifo_w16_d2_S_88                                                                 |   109|
|238   |    U_myproject_fifo_w16_d2_S_ShiftReg                               |myproject_fifo_w16_d2_S_ShiftReg_918                                                       |    94|
|239   |  layer14_out_59_U                                                   |myproject_fifo_w16_d2_S_89                                                                 |   108|
|240   |    U_myproject_fifo_w16_d2_S_ShiftReg                               |myproject_fifo_w16_d2_S_ShiftReg_917                                                       |    94|
|241   |  layer14_out_5_U                                                    |myproject_fifo_w16_d2_S_90                                                                 |   109|
|242   |    U_myproject_fifo_w16_d2_S_ShiftReg                               |myproject_fifo_w16_d2_S_ShiftReg_916                                                       |    94|
|243   |  layer14_out_60_U                                                   |myproject_fifo_w16_d2_S_91                                                                 |   100|
|244   |    U_myproject_fifo_w16_d2_S_ShiftReg                               |myproject_fifo_w16_d2_S_ShiftReg_915                                                       |    86|
|245   |  layer14_out_61_U                                                   |myproject_fifo_w16_d2_S_92                                                                 |   102|
|246   |    U_myproject_fifo_w16_d2_S_ShiftReg                               |myproject_fifo_w16_d2_S_ShiftReg_914                                                       |    86|
|247   |  layer14_out_62_U                                                   |myproject_fifo_w16_d2_S_93                                                                 |    99|
|248   |    U_myproject_fifo_w16_d2_S_ShiftReg                               |myproject_fifo_w16_d2_S_ShiftReg_913                                                       |    86|
|249   |  layer14_out_63_U                                                   |myproject_fifo_w16_d2_S_94                                                                 |   108|
|250   |    U_myproject_fifo_w16_d2_S_ShiftReg                               |myproject_fifo_w16_d2_S_ShiftReg_912                                                       |    94|
|251   |  layer14_out_64_U                                                   |myproject_fifo_w16_d2_S_95                                                                 |   108|
|252   |    U_myproject_fifo_w16_d2_S_ShiftReg                               |myproject_fifo_w16_d2_S_ShiftReg_911                                                       |    94|
|253   |  layer14_out_65_U                                                   |myproject_fifo_w16_d2_S_96                                                                 |   108|
|254   |    U_myproject_fifo_w16_d2_S_ShiftReg                               |myproject_fifo_w16_d2_S_ShiftReg_910                                                       |    94|
|255   |  layer14_out_66_U                                                   |myproject_fifo_w16_d2_S_97                                                                 |   109|
|256   |    U_myproject_fifo_w16_d2_S_ShiftReg                               |myproject_fifo_w16_d2_S_ShiftReg_909                                                       |    94|
|257   |  layer14_out_67_U                                                   |myproject_fifo_w16_d2_S_98                                                                 |   109|
|258   |    U_myproject_fifo_w16_d2_S_ShiftReg                               |myproject_fifo_w16_d2_S_ShiftReg_908                                                       |    94|
|259   |  layer14_out_68_U                                                   |myproject_fifo_w16_d2_S_99                                                                 |   108|
|260   |    U_myproject_fifo_w16_d2_S_ShiftReg                               |myproject_fifo_w16_d2_S_ShiftReg_907                                                       |    94|
|261   |  layer14_out_69_U                                                   |myproject_fifo_w16_d2_S_100                                                                |   108|
|262   |    U_myproject_fifo_w16_d2_S_ShiftReg                               |myproject_fifo_w16_d2_S_ShiftReg_906                                                       |    94|
|263   |  layer14_out_6_U                                                    |myproject_fifo_w16_d2_S_101                                                                |   111|
|264   |    U_myproject_fifo_w16_d2_S_ShiftReg                               |myproject_fifo_w16_d2_S_ShiftReg_905                                                       |    94|
|265   |  layer14_out_70_U                                                   |myproject_fifo_w16_d2_S_102                                                                |   108|
|266   |    U_myproject_fifo_w16_d2_S_ShiftReg                               |myproject_fifo_w16_d2_S_ShiftReg_904                                                       |    94|
|267   |  layer14_out_71_U                                                   |myproject_fifo_w16_d2_S_103                                                                |   108|
|268   |    U_myproject_fifo_w16_d2_S_ShiftReg                               |myproject_fifo_w16_d2_S_ShiftReg_903                                                       |    94|
|269   |  layer14_out_72_U                                                   |myproject_fifo_w16_d2_S_104                                                                |   110|
|270   |    U_myproject_fifo_w16_d2_S_ShiftReg                               |myproject_fifo_w16_d2_S_ShiftReg_902                                                       |    94|
|271   |  layer14_out_73_U                                                   |myproject_fifo_w16_d2_S_105                                                                |   109|
|272   |    U_myproject_fifo_w16_d2_S_ShiftReg                               |myproject_fifo_w16_d2_S_ShiftReg_901                                                       |    94|
|273   |  layer14_out_74_U                                                   |myproject_fifo_w16_d2_S_106                                                                |   108|
|274   |    U_myproject_fifo_w16_d2_S_ShiftReg                               |myproject_fifo_w16_d2_S_ShiftReg_900                                                       |    94|
|275   |  layer14_out_75_U                                                   |myproject_fifo_w16_d2_S_107                                                                |   108|
|276   |    U_myproject_fifo_w16_d2_S_ShiftReg                               |myproject_fifo_w16_d2_S_ShiftReg_899                                                       |    94|
|277   |  layer14_out_76_U                                                   |myproject_fifo_w16_d2_S_108                                                                |   108|
|278   |    U_myproject_fifo_w16_d2_S_ShiftReg                               |myproject_fifo_w16_d2_S_ShiftReg_898                                                       |    94|
|279   |  layer14_out_77_U                                                   |myproject_fifo_w16_d2_S_109                                                                |   108|
|280   |    U_myproject_fifo_w16_d2_S_ShiftReg                               |myproject_fifo_w16_d2_S_ShiftReg_897                                                       |    94|
|281   |  layer14_out_78_U                                                   |myproject_fifo_w16_d2_S_110                                                                |   109|
|282   |    U_myproject_fifo_w16_d2_S_ShiftReg                               |myproject_fifo_w16_d2_S_ShiftReg_896                                                       |    94|
|283   |  layer14_out_79_U                                                   |myproject_fifo_w16_d2_S_111                                                                |   109|
|284   |    U_myproject_fifo_w16_d2_S_ShiftReg                               |myproject_fifo_w16_d2_S_ShiftReg_895                                                       |    94|
|285   |  layer14_out_7_U                                                    |myproject_fifo_w16_d2_S_112                                                                |   100|
|286   |    U_myproject_fifo_w16_d2_S_ShiftReg                               |myproject_fifo_w16_d2_S_ShiftReg_894                                                       |    86|
|287   |  layer14_out_80_U                                                   |myproject_fifo_w16_d2_S_113                                                                |   108|
|288   |    U_myproject_fifo_w16_d2_S_ShiftReg                               |myproject_fifo_w16_d2_S_ShiftReg_893                                                       |    94|
|289   |  layer14_out_81_U                                                   |myproject_fifo_w16_d2_S_114                                                                |   108|
|290   |    U_myproject_fifo_w16_d2_S_ShiftReg                               |myproject_fifo_w16_d2_S_ShiftReg_892                                                       |    94|
|291   |  layer14_out_82_U                                                   |myproject_fifo_w16_d2_S_115                                                                |   108|
|292   |    U_myproject_fifo_w16_d2_S_ShiftReg                               |myproject_fifo_w16_d2_S_ShiftReg_891                                                       |    94|
|293   |  layer14_out_83_U                                                   |myproject_fifo_w16_d2_S_116                                                                |   108|
|294   |    U_myproject_fifo_w16_d2_S_ShiftReg                               |myproject_fifo_w16_d2_S_ShiftReg_890                                                       |    94|
|295   |  layer14_out_84_U                                                   |myproject_fifo_w16_d2_S_117                                                                |   109|
|296   |    U_myproject_fifo_w16_d2_S_ShiftReg                               |myproject_fifo_w16_d2_S_ShiftReg_889                                                       |    94|
|297   |  layer14_out_85_U                                                   |myproject_fifo_w16_d2_S_118                                                                |   109|
|298   |    U_myproject_fifo_w16_d2_S_ShiftReg                               |myproject_fifo_w16_d2_S_ShiftReg_888                                                       |    94|
|299   |  layer14_out_86_U                                                   |myproject_fifo_w16_d2_S_119                                                                |   108|
|300   |    U_myproject_fifo_w16_d2_S_ShiftReg                               |myproject_fifo_w16_d2_S_ShiftReg_887                                                       |    94|
|301   |  layer14_out_87_U                                                   |myproject_fifo_w16_d2_S_120                                                                |   108|
|302   |    U_myproject_fifo_w16_d2_S_ShiftReg                               |myproject_fifo_w16_d2_S_ShiftReg_886                                                       |    94|
|303   |  layer14_out_8_U                                                    |myproject_fifo_w16_d2_S_121                                                                |    99|
|304   |    U_myproject_fifo_w16_d2_S_ShiftReg                               |myproject_fifo_w16_d2_S_ShiftReg_885                                                       |    86|
|305   |  layer14_out_9_U                                                    |myproject_fifo_w16_d2_S_122                                                                |   109|
|306   |    U_myproject_fifo_w16_d2_S_ShiftReg                               |myproject_fifo_w16_d2_S_ShiftReg_884                                                       |    94|
|307   |  layer14_out_U                                                      |myproject_fifo_w16_d2_S_123                                                                |   110|
|308   |    U_myproject_fifo_w16_d2_S_ShiftReg                               |myproject_fifo_w16_d2_S_ShiftReg_883                                                       |    94|
|309   |  layer16_out_1_U                                                    |myproject_fifo_w16_d2_S_124                                                                |   111|
|310   |    U_myproject_fifo_w16_d2_S_ShiftReg                               |myproject_fifo_w16_d2_S_ShiftReg_882                                                       |    96|
|311   |  layer16_out_U                                                      |myproject_fifo_w16_d2_S_125                                                                |   115|
|312   |    U_myproject_fifo_w16_d2_S_ShiftReg                               |myproject_fifo_w16_d2_S_ShiftReg_881                                                       |    96|
|313   |  layer18_out_10_U                                                   |myproject_fifo_w8_d2_S                                                                     |    47|
|314   |    U_myproject_fifo_w8_d2_S_ShiftReg                                |myproject_fifo_w8_d2_S_ShiftReg_880                                                        |    33|
|315   |  layer18_out_11_U                                                   |myproject_fifo_w8_d2_S_126                                                                 |    47|
|316   |    U_myproject_fifo_w8_d2_S_ShiftReg                                |myproject_fifo_w8_d2_S_ShiftReg_879                                                        |    33|
|317   |  layer18_out_12_U                                                   |myproject_fifo_w8_d2_S_127                                                                 |    47|
|318   |    U_myproject_fifo_w8_d2_S_ShiftReg                                |myproject_fifo_w8_d2_S_ShiftReg_878                                                        |    33|
|319   |  layer18_out_13_U                                                   |myproject_fifo_w8_d2_S_128                                                                 |    48|
|320   |    U_myproject_fifo_w8_d2_S_ShiftReg                                |myproject_fifo_w8_d2_S_ShiftReg_877                                                        |    33|
|321   |  layer18_out_14_U                                                   |myproject_fifo_w8_d2_S_129                                                                 |    48|
|322   |    U_myproject_fifo_w8_d2_S_ShiftReg                                |myproject_fifo_w8_d2_S_ShiftReg_876                                                        |    33|
|323   |  layer18_out_15_U                                                   |myproject_fifo_w8_d2_S_130                                                                 |    48|
|324   |    U_myproject_fifo_w8_d2_S_ShiftReg                                |myproject_fifo_w8_d2_S_ShiftReg_875                                                        |    33|
|325   |  layer18_out_16_U                                                   |myproject_fifo_w8_d2_S_131                                                                 |    47|
|326   |    U_myproject_fifo_w8_d2_S_ShiftReg                                |myproject_fifo_w8_d2_S_ShiftReg_874                                                        |    33|
|327   |  layer18_out_17_U                                                   |myproject_fifo_w8_d2_S_132                                                                 |    48|
|328   |    U_myproject_fifo_w8_d2_S_ShiftReg                                |myproject_fifo_w8_d2_S_ShiftReg_873                                                        |    33|
|329   |  layer18_out_18_U                                                   |myproject_fifo_w8_d2_S_133                                                                 |    47|
|330   |    U_myproject_fifo_w8_d2_S_ShiftReg                                |myproject_fifo_w8_d2_S_ShiftReg_872                                                        |    33|
|331   |  layer18_out_19_U                                                   |myproject_fifo_w8_d2_S_134                                                                 |    47|
|332   |    U_myproject_fifo_w8_d2_S_ShiftReg                                |myproject_fifo_w8_d2_S_ShiftReg_871                                                        |    33|
|333   |  layer18_out_1_U                                                    |myproject_fifo_w8_d2_S_135                                                                 |    48|
|334   |    U_myproject_fifo_w8_d2_S_ShiftReg                                |myproject_fifo_w8_d2_S_ShiftReg_870                                                        |    33|
|335   |  layer18_out_20_U                                                   |myproject_fifo_w8_d2_S_136                                                                 |    51|
|336   |    U_myproject_fifo_w8_d2_S_ShiftReg                                |myproject_fifo_w8_d2_S_ShiftReg_869                                                        |    33|
|337   |  layer18_out_21_U                                                   |myproject_fifo_w8_d2_S_137                                                                 |    48|
|338   |    U_myproject_fifo_w8_d2_S_ShiftReg                                |myproject_fifo_w8_d2_S_ShiftReg_868                                                        |    33|
|339   |  layer18_out_22_U                                                   |myproject_fifo_w8_d2_S_138                                                                 |    47|
|340   |    U_myproject_fifo_w8_d2_S_ShiftReg                                |myproject_fifo_w8_d2_S_ShiftReg_867                                                        |    33|
|341   |  layer18_out_23_U                                                   |myproject_fifo_w8_d2_S_139                                                                 |    47|
|342   |    U_myproject_fifo_w8_d2_S_ShiftReg                                |myproject_fifo_w8_d2_S_ShiftReg_866                                                        |    33|
|343   |  layer18_out_24_U                                                   |myproject_fifo_w8_d2_S_140                                                                 |    48|
|344   |    U_myproject_fifo_w8_d2_S_ShiftReg                                |myproject_fifo_w8_d2_S_ShiftReg_865                                                        |    33|
|345   |  layer18_out_25_U                                                   |myproject_fifo_w8_d2_S_141                                                                 |    47|
|346   |    U_myproject_fifo_w8_d2_S_ShiftReg                                |myproject_fifo_w8_d2_S_ShiftReg_864                                                        |    33|
|347   |  layer18_out_26_U                                                   |myproject_fifo_w8_d2_S_142                                                                 |    48|
|348   |    U_myproject_fifo_w8_d2_S_ShiftReg                                |myproject_fifo_w8_d2_S_ShiftReg_863                                                        |    33|
|349   |  layer18_out_27_U                                                   |myproject_fifo_w8_d2_S_143                                                                 |    48|
|350   |    U_myproject_fifo_w8_d2_S_ShiftReg                                |myproject_fifo_w8_d2_S_ShiftReg_862                                                        |    33|
|351   |  layer18_out_28_U                                                   |myproject_fifo_w8_d2_S_144                                                                 |    48|
|352   |    U_myproject_fifo_w8_d2_S_ShiftReg                                |myproject_fifo_w8_d2_S_ShiftReg_861                                                        |    33|
|353   |  layer18_out_29_U                                                   |myproject_fifo_w8_d2_S_145                                                                 |    47|
|354   |    U_myproject_fifo_w8_d2_S_ShiftReg                                |myproject_fifo_w8_d2_S_ShiftReg_860                                                        |    33|
|355   |  layer18_out_2_U                                                    |myproject_fifo_w8_d2_S_146                                                                 |    48|
|356   |    U_myproject_fifo_w8_d2_S_ShiftReg                                |myproject_fifo_w8_d2_S_ShiftReg_859                                                        |    33|
|357   |  layer18_out_30_U                                                   |myproject_fifo_w8_d2_S_147                                                                 |    47|
|358   |    U_myproject_fifo_w8_d2_S_ShiftReg                                |myproject_fifo_w8_d2_S_ShiftReg_858                                                        |    33|
|359   |  layer18_out_31_U                                                   |myproject_fifo_w8_d2_S_148                                                                 |    48|
|360   |    U_myproject_fifo_w8_d2_S_ShiftReg                                |myproject_fifo_w8_d2_S_ShiftReg_857                                                        |    33|
|361   |  layer18_out_32_U                                                   |myproject_fifo_w8_d2_S_149                                                                 |    48|
|362   |    U_myproject_fifo_w8_d2_S_ShiftReg                                |myproject_fifo_w8_d2_S_ShiftReg_856                                                        |    33|
|363   |  layer18_out_33_U                                                   |myproject_fifo_w8_d2_S_150                                                                 |    48|
|364   |    U_myproject_fifo_w8_d2_S_ShiftReg                                |myproject_fifo_w8_d2_S_ShiftReg_855                                                        |    33|
|365   |  layer18_out_34_U                                                   |myproject_fifo_w8_d2_S_151                                                                 |    47|
|366   |    U_myproject_fifo_w8_d2_S_ShiftReg                                |myproject_fifo_w8_d2_S_ShiftReg_854                                                        |    33|
|367   |  layer18_out_35_U                                                   |myproject_fifo_w8_d2_S_152                                                                 |    48|
|368   |    U_myproject_fifo_w8_d2_S_ShiftReg                                |myproject_fifo_w8_d2_S_ShiftReg_853                                                        |    33|
|369   |  layer18_out_36_U                                                   |myproject_fifo_w8_d2_S_153                                                                 |    47|
|370   |    U_myproject_fifo_w8_d2_S_ShiftReg                                |myproject_fifo_w8_d2_S_ShiftReg_852                                                        |    33|
|371   |  layer18_out_37_U                                                   |myproject_fifo_w8_d2_S_154                                                                 |    47|
|372   |    U_myproject_fifo_w8_d2_S_ShiftReg                                |myproject_fifo_w8_d2_S_ShiftReg_851                                                        |    33|
|373   |  layer18_out_38_U                                                   |myproject_fifo_w8_d2_S_155                                                                 |    48|
|374   |    U_myproject_fifo_w8_d2_S_ShiftReg                                |myproject_fifo_w8_d2_S_ShiftReg_850                                                        |    33|
|375   |  layer18_out_39_U                                                   |myproject_fifo_w8_d2_S_156                                                                 |    49|
|376   |    U_myproject_fifo_w8_d2_S_ShiftReg                                |myproject_fifo_w8_d2_S_ShiftReg_849                                                        |    33|
|377   |  layer18_out_3_U                                                    |myproject_fifo_w8_d2_S_157                                                                 |    48|
|378   |    U_myproject_fifo_w8_d2_S_ShiftReg                                |myproject_fifo_w8_d2_S_ShiftReg_848                                                        |    33|
|379   |  layer18_out_40_U                                                   |myproject_fifo_w8_d2_S_158                                                                 |    47|
|380   |    U_myproject_fifo_w8_d2_S_ShiftReg                                |myproject_fifo_w8_d2_S_ShiftReg_847                                                        |    33|
|381   |  layer18_out_41_U                                                   |myproject_fifo_w8_d2_S_159                                                                 |    47|
|382   |    U_myproject_fifo_w8_d2_S_ShiftReg                                |myproject_fifo_w8_d2_S_ShiftReg_846                                                        |    33|
|383   |  layer18_out_42_U                                                   |myproject_fifo_w8_d2_S_160                                                                 |    48|
|384   |    U_myproject_fifo_w8_d2_S_ShiftReg                                |myproject_fifo_w8_d2_S_ShiftReg_845                                                        |    33|
|385   |  layer18_out_43_U                                                   |myproject_fifo_w8_d2_S_161                                                                 |    47|
|386   |    U_myproject_fifo_w8_d2_S_ShiftReg                                |myproject_fifo_w8_d2_S_ShiftReg_844                                                        |    33|
|387   |  layer18_out_44_U                                                   |myproject_fifo_w8_d2_S_162                                                                 |    49|
|388   |    U_myproject_fifo_w8_d2_S_ShiftReg                                |myproject_fifo_w8_d2_S_ShiftReg_843                                                        |    33|
|389   |  layer18_out_45_U                                                   |myproject_fifo_w8_d2_S_163                                                                 |    49|
|390   |    U_myproject_fifo_w8_d2_S_ShiftReg                                |myproject_fifo_w8_d2_S_ShiftReg_842                                                        |    33|
|391   |  layer18_out_46_U                                                   |myproject_fifo_w8_d2_S_164                                                                 |    48|
|392   |    U_myproject_fifo_w8_d2_S_ShiftReg                                |myproject_fifo_w8_d2_S_ShiftReg_841                                                        |    33|
|393   |  layer18_out_47_U                                                   |myproject_fifo_w8_d2_S_165                                                                 |    47|
|394   |    U_myproject_fifo_w8_d2_S_ShiftReg                                |myproject_fifo_w8_d2_S_ShiftReg_840                                                        |    33|
|395   |  layer18_out_48_U                                                   |myproject_fifo_w8_d2_S_166                                                                 |    48|
|396   |    U_myproject_fifo_w8_d2_S_ShiftReg                                |myproject_fifo_w8_d2_S_ShiftReg_839                                                        |    33|
|397   |  layer18_out_49_U                                                   |myproject_fifo_w8_d2_S_167                                                                 |    47|
|398   |    U_myproject_fifo_w8_d2_S_ShiftReg                                |myproject_fifo_w8_d2_S_ShiftReg_838                                                        |    33|
|399   |  layer18_out_4_U                                                    |myproject_fifo_w8_d2_S_168                                                                 |    47|
|400   |    U_myproject_fifo_w8_d2_S_ShiftReg                                |myproject_fifo_w8_d2_S_ShiftReg_837                                                        |    33|
|401   |  layer18_out_50_U                                                   |myproject_fifo_w8_d2_S_169                                                                 |    47|
|402   |    U_myproject_fifo_w8_d2_S_ShiftReg                                |myproject_fifo_w8_d2_S_ShiftReg_836                                                        |    32|
|403   |  layer18_out_51_U                                                   |myproject_fifo_w8_d2_S_170                                                                 |    47|
|404   |    U_myproject_fifo_w8_d2_S_ShiftReg                                |myproject_fifo_w8_d2_S_ShiftReg_835                                                        |    32|
|405   |  layer18_out_52_U                                                   |myproject_fifo_w8_d2_S_171                                                                 |    46|
|406   |    U_myproject_fifo_w8_d2_S_ShiftReg                                |myproject_fifo_w8_d2_S_ShiftReg_834                                                        |    32|
|407   |  layer18_out_53_U                                                   |myproject_fifo_w8_d2_S_172                                                                 |    46|
|408   |    U_myproject_fifo_w8_d2_S_ShiftReg                                |myproject_fifo_w8_d2_S_ShiftReg_833                                                        |    32|
|409   |  layer18_out_54_U                                                   |myproject_fifo_w8_d2_S_173                                                                 |    46|
|410   |    U_myproject_fifo_w8_d2_S_ShiftReg                                |myproject_fifo_w8_d2_S_ShiftReg_832                                                        |    32|
|411   |  layer18_out_55_U                                                   |myproject_fifo_w8_d2_S_174                                                                 |    46|
|412   |    U_myproject_fifo_w8_d2_S_ShiftReg                                |myproject_fifo_w8_d2_S_ShiftReg_831                                                        |    32|
|413   |  layer18_out_56_U                                                   |myproject_fifo_w8_d2_S_175                                                                 |    48|
|414   |    U_myproject_fifo_w8_d2_S_ShiftReg                                |myproject_fifo_w8_d2_S_ShiftReg_830                                                        |    32|
|415   |  layer18_out_57_U                                                   |myproject_fifo_w8_d2_S_176                                                                 |    47|
|416   |    U_myproject_fifo_w8_d2_S_ShiftReg                                |myproject_fifo_w8_d2_S_ShiftReg_829                                                        |    32|
|417   |  layer18_out_58_U                                                   |myproject_fifo_w8_d2_S_177                                                                 |    46|
|418   |    U_myproject_fifo_w8_d2_S_ShiftReg                                |myproject_fifo_w8_d2_S_ShiftReg_828                                                        |    32|
|419   |  layer18_out_59_U                                                   |myproject_fifo_w8_d2_S_178                                                                 |    46|
|420   |    U_myproject_fifo_w8_d2_S_ShiftReg                                |myproject_fifo_w8_d2_S_ShiftReg_827                                                        |    32|
|421   |  layer18_out_5_U                                                    |myproject_fifo_w8_d2_S_179                                                                 |    47|
|422   |    U_myproject_fifo_w8_d2_S_ShiftReg                                |myproject_fifo_w8_d2_S_ShiftReg_826                                                        |    33|
|423   |  layer18_out_60_U                                                   |myproject_fifo_w8_d2_S_180                                                                 |    46|
|424   |    U_myproject_fifo_w8_d2_S_ShiftReg                                |myproject_fifo_w8_d2_S_ShiftReg_825                                                        |    32|
|425   |  layer18_out_61_U                                                   |myproject_fifo_w8_d2_S_181                                                                 |    46|
|426   |    U_myproject_fifo_w8_d2_S_ShiftReg                                |myproject_fifo_w8_d2_S_ShiftReg_824                                                        |    32|
|427   |  layer18_out_62_U                                                   |myproject_fifo_w8_d2_S_182                                                                 |    47|
|428   |    U_myproject_fifo_w8_d2_S_ShiftReg                                |myproject_fifo_w8_d2_S_ShiftReg_823                                                        |    32|
|429   |  layer18_out_63_U                                                   |myproject_fifo_w8_d2_S_183                                                                 |    47|
|430   |    U_myproject_fifo_w8_d2_S_ShiftReg                                |myproject_fifo_w8_d2_S_ShiftReg_822                                                        |    32|
|431   |  layer18_out_64_U                                                   |myproject_fifo_w8_d2_S_184                                                                 |    46|
|432   |    U_myproject_fifo_w8_d2_S_ShiftReg                                |myproject_fifo_w8_d2_S_ShiftReg_821                                                        |    32|
|433   |  layer18_out_65_U                                                   |myproject_fifo_w8_d2_S_185                                                                 |    46|
|434   |    U_myproject_fifo_w8_d2_S_ShiftReg                                |myproject_fifo_w8_d2_S_ShiftReg_820                                                        |    32|
|435   |  layer18_out_66_U                                                   |myproject_fifo_w8_d2_S_186                                                                 |    46|
|436   |    U_myproject_fifo_w8_d2_S_ShiftReg                                |myproject_fifo_w8_d2_S_ShiftReg_819                                                        |    32|
|437   |  layer18_out_67_U                                                   |myproject_fifo_w8_d2_S_187                                                                 |    46|
|438   |    U_myproject_fifo_w8_d2_S_ShiftReg                                |myproject_fifo_w8_d2_S_ShiftReg_818                                                        |    32|
|439   |  layer18_out_68_U                                                   |myproject_fifo_w8_d2_S_188                                                                 |    47|
|440   |    U_myproject_fifo_w8_d2_S_ShiftReg                                |myproject_fifo_w8_d2_S_ShiftReg_817                                                        |    32|
|441   |  layer18_out_69_U                                                   |myproject_fifo_w8_d2_S_189                                                                 |    47|
|442   |    U_myproject_fifo_w8_d2_S_ShiftReg                                |myproject_fifo_w8_d2_S_ShiftReg_816                                                        |    32|
|443   |  layer18_out_6_U                                                    |myproject_fifo_w8_d2_S_190                                                                 |    47|
|444   |    U_myproject_fifo_w8_d2_S_ShiftReg                                |myproject_fifo_w8_d2_S_ShiftReg_815                                                        |    33|
|445   |  layer18_out_70_U                                                   |myproject_fifo_w8_d2_S_191                                                                 |    46|
|446   |    U_myproject_fifo_w8_d2_S_ShiftReg                                |myproject_fifo_w8_d2_S_ShiftReg_814                                                        |    32|
|447   |  layer18_out_71_U                                                   |myproject_fifo_w8_d2_S_192                                                                 |    46|
|448   |    U_myproject_fifo_w8_d2_S_ShiftReg                                |myproject_fifo_w8_d2_S_ShiftReg_813                                                        |    32|
|449   |  layer18_out_72_U                                                   |myproject_fifo_w8_d2_S_193                                                                 |    46|
|450   |    U_myproject_fifo_w8_d2_S_ShiftReg                                |myproject_fifo_w8_d2_S_ShiftReg_812                                                        |    32|
|451   |  layer18_out_73_U                                                   |myproject_fifo_w8_d2_S_194                                                                 |    46|
|452   |    U_myproject_fifo_w8_d2_S_ShiftReg                                |myproject_fifo_w8_d2_S_ShiftReg_811                                                        |    32|
|453   |  layer18_out_74_U                                                   |myproject_fifo_w8_d2_S_195                                                                 |    47|
|454   |    U_myproject_fifo_w8_d2_S_ShiftReg                                |myproject_fifo_w8_d2_S_ShiftReg_810                                                        |    32|
|455   |  layer18_out_75_U                                                   |myproject_fifo_w8_d2_S_196                                                                 |    47|
|456   |    U_myproject_fifo_w8_d2_S_ShiftReg                                |myproject_fifo_w8_d2_S_ShiftReg_809                                                        |    32|
|457   |  layer18_out_76_U                                                   |myproject_fifo_w8_d2_S_197                                                                 |    46|
|458   |    U_myproject_fifo_w8_d2_S_ShiftReg                                |myproject_fifo_w8_d2_S_ShiftReg_808                                                        |    32|
|459   |  layer18_out_77_U                                                   |myproject_fifo_w8_d2_S_198                                                                 |    46|
|460   |    U_myproject_fifo_w8_d2_S_ShiftReg                                |myproject_fifo_w8_d2_S_ShiftReg_807                                                        |    32|
|461   |  layer18_out_78_U                                                   |myproject_fifo_w8_d2_S_199                                                                 |    46|
|462   |    U_myproject_fifo_w8_d2_S_ShiftReg                                |myproject_fifo_w8_d2_S_ShiftReg_806                                                        |    32|
|463   |  layer18_out_79_U                                                   |myproject_fifo_w8_d2_S_200                                                                 |    46|
|464   |    U_myproject_fifo_w8_d2_S_ShiftReg                                |myproject_fifo_w8_d2_S_ShiftReg_805                                                        |    32|
|465   |  layer18_out_7_U                                                    |myproject_fifo_w8_d2_S_201                                                                 |    47|
|466   |    U_myproject_fifo_w8_d2_S_ShiftReg                                |myproject_fifo_w8_d2_S_ShiftReg_804                                                        |    33|
|467   |  layer18_out_80_U                                                   |myproject_fifo_w8_d2_S_202                                                                 |    47|
|468   |    U_myproject_fifo_w8_d2_S_ShiftReg                                |myproject_fifo_w8_d2_S_ShiftReg_803                                                        |    32|
|469   |  layer18_out_81_U                                                   |myproject_fifo_w8_d2_S_203                                                                 |    48|
|470   |    U_myproject_fifo_w8_d2_S_ShiftReg                                |myproject_fifo_w8_d2_S_ShiftReg_802                                                        |    32|
|471   |  layer18_out_82_U                                                   |myproject_fifo_w8_d2_S_204                                                                 |    46|
|472   |    U_myproject_fifo_w8_d2_S_ShiftReg                                |myproject_fifo_w8_d2_S_ShiftReg_801                                                        |    32|
|473   |  layer18_out_83_U                                                   |myproject_fifo_w8_d2_S_205                                                                 |    46|
|474   |    U_myproject_fifo_w8_d2_S_ShiftReg                                |myproject_fifo_w8_d2_S_ShiftReg_800                                                        |    32|
|475   |  layer18_out_84_U                                                   |myproject_fifo_w8_d2_S_206                                                                 |    46|
|476   |    U_myproject_fifo_w8_d2_S_ShiftReg                                |myproject_fifo_w8_d2_S_ShiftReg_799                                                        |    32|
|477   |  layer18_out_85_U                                                   |myproject_fifo_w8_d2_S_207                                                                 |    46|
|478   |    U_myproject_fifo_w8_d2_S_ShiftReg                                |myproject_fifo_w8_d2_S_ShiftReg_798                                                        |    32|
|479   |  layer18_out_86_U                                                   |myproject_fifo_w8_d2_S_208                                                                 |    47|
|480   |    U_myproject_fifo_w8_d2_S_ShiftReg                                |myproject_fifo_w8_d2_S_ShiftReg_797                                                        |    32|
|481   |  layer18_out_87_U                                                   |myproject_fifo_w8_d2_S_209                                                                 |    47|
|482   |    U_myproject_fifo_w8_d2_S_ShiftReg                                |myproject_fifo_w8_d2_S_ShiftReg_796                                                        |    32|
|483   |  layer18_out_8_U                                                    |myproject_fifo_w8_d2_S_210                                                                 |    48|
|484   |    U_myproject_fifo_w8_d2_S_ShiftReg                                |myproject_fifo_w8_d2_S_ShiftReg_795                                                        |    33|
|485   |  layer18_out_9_U                                                    |myproject_fifo_w8_d2_S_211                                                                 |    49|
|486   |    U_myproject_fifo_w8_d2_S_ShiftReg                                |myproject_fifo_w8_d2_S_ShiftReg_794                                                        |    33|
|487   |  layer18_out_U                                                      |myproject_fifo_w8_d2_S_212                                                                 |    47|
|488   |    U_myproject_fifo_w8_d2_S_ShiftReg                                |myproject_fifo_w8_d2_S_ShiftReg_793                                                        |    33|
|489   |  layer19_out_1_U                                                    |myproject_fifo_w8_d3_S                                                                     |    28|
|490   |    U_myproject_fifo_w8_d3_S_ShiftReg                                |myproject_fifo_w8_d3_S_ShiftReg_792                                                        |     9|
|491   |  layer19_out_U                                                      |myproject_fifo_w8_d3_S_213                                                                 |    29|
|492   |    U_myproject_fifo_w8_d3_S_ShiftReg                                |myproject_fifo_w8_d3_S_ShiftReg                                                            |     9|
|493   |  layer20_out_10_U                                                   |myproject_fifo_w10_d2_S_214                                                                |    40|
|494   |    U_myproject_fifo_w10_d2_S_ShiftReg                               |myproject_fifo_w10_d2_S_ShiftReg_791                                                       |    25|
|495   |  layer20_out_11_U                                                   |myproject_fifo_w10_d2_S_215                                                                |    41|
|496   |    U_myproject_fifo_w10_d2_S_ShiftReg                               |myproject_fifo_w10_d2_S_ShiftReg_790                                                       |    25|
|497   |  layer20_out_12_U                                                   |myproject_fifo_w10_d2_S_216                                                                |    41|
|498   |    U_myproject_fifo_w10_d2_S_ShiftReg                               |myproject_fifo_w10_d2_S_ShiftReg_789                                                       |    25|
|499   |  layer20_out_13_U                                                   |myproject_fifo_w10_d2_S_217                                                                |    42|
|500   |    U_myproject_fifo_w10_d2_S_ShiftReg                               |myproject_fifo_w10_d2_S_ShiftReg_788                                                       |    25|
|501   |  layer20_out_14_U                                                   |myproject_fifo_w10_d2_S_218                                                                |    40|
|502   |    U_myproject_fifo_w10_d2_S_ShiftReg                               |myproject_fifo_w10_d2_S_ShiftReg_787                                                       |    25|
|503   |  layer20_out_15_U                                                   |myproject_fifo_w10_d2_S_219                                                                |    41|
|504   |    U_myproject_fifo_w10_d2_S_ShiftReg                               |myproject_fifo_w10_d2_S_ShiftReg_786                                                       |    25|
|505   |  layer20_out_16_U                                                   |myproject_fifo_w10_d2_S_220                                                                |    40|
|506   |    U_myproject_fifo_w10_d2_S_ShiftReg                               |myproject_fifo_w10_d2_S_ShiftReg_785                                                       |    25|
|507   |  layer20_out_17_U                                                   |myproject_fifo_w10_d2_S_221                                                                |    40|
|508   |    U_myproject_fifo_w10_d2_S_ShiftReg                               |myproject_fifo_w10_d2_S_ShiftReg_784                                                       |    25|
|509   |  layer20_out_18_U                                                   |myproject_fifo_w10_d2_S_222                                                                |    42|
|510   |    U_myproject_fifo_w10_d2_S_ShiftReg                               |myproject_fifo_w10_d2_S_ShiftReg_783                                                       |    25|
|511   |  layer20_out_19_U                                                   |myproject_fifo_w10_d2_S_223                                                                |    42|
|512   |    U_myproject_fifo_w10_d2_S_ShiftReg                               |myproject_fifo_w10_d2_S_ShiftReg_782                                                       |    25|
|513   |  layer20_out_1_U                                                    |myproject_fifo_w10_d2_S_224                                                                |    41|
|514   |    U_myproject_fifo_w10_d2_S_ShiftReg                               |myproject_fifo_w10_d2_S_ShiftReg_781                                                       |    25|
|515   |  layer20_out_20_U                                                   |myproject_fifo_w10_d2_S_225                                                                |    40|
|516   |    U_myproject_fifo_w10_d2_S_ShiftReg                               |myproject_fifo_w10_d2_S_ShiftReg_780                                                       |    25|
|517   |  layer20_out_21_U                                                   |myproject_fifo_w10_d2_S_226                                                                |    40|
|518   |    U_myproject_fifo_w10_d2_S_ShiftReg                               |myproject_fifo_w10_d2_S_ShiftReg_779                                                       |    25|
|519   |  layer20_out_22_U                                                   |myproject_fifo_w10_d2_S_227                                                                |    41|
|520   |    U_myproject_fifo_w10_d2_S_ShiftReg                               |myproject_fifo_w10_d2_S_ShiftReg_778                                                       |    25|
|521   |  layer20_out_23_U                                                   |myproject_fifo_w10_d2_S_228                                                                |    40|
|522   |    U_myproject_fifo_w10_d2_S_ShiftReg                               |myproject_fifo_w10_d2_S_ShiftReg_777                                                       |    25|
|523   |  layer20_out_24_U                                                   |myproject_fifo_w10_d2_S_229                                                                |    41|
|524   |    U_myproject_fifo_w10_d2_S_ShiftReg                               |myproject_fifo_w10_d2_S_ShiftReg_776                                                       |    25|
|525   |  layer20_out_25_U                                                   |myproject_fifo_w10_d2_S_230                                                                |    41|
|526   |    U_myproject_fifo_w10_d2_S_ShiftReg                               |myproject_fifo_w10_d2_S_ShiftReg_775                                                       |    25|
|527   |  layer20_out_26_U                                                   |myproject_fifo_w10_d2_S_231                                                                |    41|
|528   |    U_myproject_fifo_w10_d2_S_ShiftReg                               |myproject_fifo_w10_d2_S_ShiftReg_774                                                       |    25|
|529   |  layer20_out_27_U                                                   |myproject_fifo_w10_d2_S_232                                                                |    40|
|530   |    U_myproject_fifo_w10_d2_S_ShiftReg                               |myproject_fifo_w10_d2_S_ShiftReg_773                                                       |    25|
|531   |  layer20_out_28_U                                                   |myproject_fifo_w10_d2_S_233                                                                |    40|
|532   |    U_myproject_fifo_w10_d2_S_ShiftReg                               |myproject_fifo_w10_d2_S_ShiftReg_772                                                       |    25|
|533   |  layer20_out_29_U                                                   |myproject_fifo_w10_d2_S_234                                                                |    40|
|534   |    U_myproject_fifo_w10_d2_S_ShiftReg                               |myproject_fifo_w10_d2_S_ShiftReg_771                                                       |    25|
|535   |  layer20_out_2_U                                                    |myproject_fifo_w10_d2_S_235                                                                |    40|
|536   |    U_myproject_fifo_w10_d2_S_ShiftReg                               |myproject_fifo_w10_d2_S_ShiftReg_770                                                       |    25|
|537   |  layer20_out_30_U                                                   |myproject_fifo_w10_d2_S_236                                                                |    41|
|538   |    U_myproject_fifo_w10_d2_S_ShiftReg                               |myproject_fifo_w10_d2_S_ShiftReg_769                                                       |    25|
|539   |  layer20_out_31_U                                                   |myproject_fifo_w10_d2_S_237                                                                |    41|
|540   |    U_myproject_fifo_w10_d2_S_ShiftReg                               |myproject_fifo_w10_d2_S_ShiftReg_768                                                       |    25|
|541   |  layer20_out_32_U                                                   |myproject_fifo_w10_d2_S_238                                                                |    40|
|542   |    U_myproject_fifo_w10_d2_S_ShiftReg                               |myproject_fifo_w10_d2_S_ShiftReg_767                                                       |    25|
|543   |  layer20_out_33_U                                                   |myproject_fifo_w10_d2_S_239                                                                |    41|
|544   |    U_myproject_fifo_w10_d2_S_ShiftReg                               |myproject_fifo_w10_d2_S_ShiftReg_766                                                       |    25|
|545   |  layer20_out_34_U                                                   |myproject_fifo_w10_d2_S_240                                                                |    40|
|546   |    U_myproject_fifo_w10_d2_S_ShiftReg                               |myproject_fifo_w10_d2_S_ShiftReg_765                                                       |    25|
|547   |  layer20_out_35_U                                                   |myproject_fifo_w10_d2_S_241                                                                |    41|
|548   |    U_myproject_fifo_w10_d2_S_ShiftReg                               |myproject_fifo_w10_d2_S_ShiftReg_764                                                       |    25|
|549   |  layer20_out_36_U                                                   |myproject_fifo_w10_d2_S_242                                                                |    41|
|550   |    U_myproject_fifo_w10_d2_S_ShiftReg                               |myproject_fifo_w10_d2_S_ShiftReg_763                                                       |    25|
|551   |  layer20_out_37_U                                                   |myproject_fifo_w10_d2_S_243                                                                |    41|
|552   |    U_myproject_fifo_w10_d2_S_ShiftReg                               |myproject_fifo_w10_d2_S_ShiftReg_762                                                       |    25|
|553   |  layer20_out_38_U                                                   |myproject_fifo_w10_d2_S_244                                                                |    38|
|554   |    U_myproject_fifo_w10_d2_S_ShiftReg                               |myproject_fifo_w10_d2_S_ShiftReg_761                                                       |    24|
|555   |  layer20_out_39_U                                                   |myproject_fifo_w10_d2_S_245                                                                |    38|
|556   |    U_myproject_fifo_w10_d2_S_ShiftReg                               |myproject_fifo_w10_d2_S_ShiftReg_760                                                       |    24|
|557   |  layer20_out_3_U                                                    |myproject_fifo_w10_d2_S_246                                                                |    43|
|558   |    U_myproject_fifo_w10_d2_S_ShiftReg                               |myproject_fifo_w10_d2_S_ShiftReg_759                                                       |    25|
|559   |  layer20_out_40_U                                                   |myproject_fifo_w10_d2_S_247                                                                |    38|
|560   |    U_myproject_fifo_w10_d2_S_ShiftReg                               |myproject_fifo_w10_d2_S_ShiftReg_758                                                       |    24|
|561   |  layer20_out_41_U                                                   |myproject_fifo_w10_d2_S_248                                                                |    38|
|562   |    U_myproject_fifo_w10_d2_S_ShiftReg                               |myproject_fifo_w10_d2_S_ShiftReg_757                                                       |    24|
|563   |  layer20_out_42_U                                                   |myproject_fifo_w10_d2_S_249                                                                |    39|
|564   |    U_myproject_fifo_w10_d2_S_ShiftReg                               |myproject_fifo_w10_d2_S_ShiftReg_756                                                       |    24|
|565   |  layer20_out_43_U                                                   |myproject_fifo_w10_d2_S_250                                                                |    41|
|566   |    U_myproject_fifo_w10_d2_S_ShiftReg                               |myproject_fifo_w10_d2_S_ShiftReg_755                                                       |    24|
|567   |  layer20_out_44_U                                                   |myproject_fifo_w10_d2_S_251                                                                |    38|
|568   |    U_myproject_fifo_w10_d2_S_ShiftReg                               |myproject_fifo_w10_d2_S_ShiftReg_754                                                       |    24|
|569   |  layer20_out_45_U                                                   |myproject_fifo_w10_d2_S_252                                                                |    38|
|570   |    U_myproject_fifo_w10_d2_S_ShiftReg                               |myproject_fifo_w10_d2_S_ShiftReg_753                                                       |    24|
|571   |  layer20_out_46_U                                                   |myproject_fifo_w10_d2_S_253                                                                |    38|
|572   |    U_myproject_fifo_w10_d2_S_ShiftReg                               |myproject_fifo_w10_d2_S_ShiftReg_752                                                       |    24|
|573   |  layer20_out_47_U                                                   |myproject_fifo_w10_d2_S_254                                                                |    38|
|574   |    U_myproject_fifo_w10_d2_S_ShiftReg                               |myproject_fifo_w10_d2_S_ShiftReg_751                                                       |    24|
|575   |  layer20_out_48_U                                                   |myproject_fifo_w10_d2_S_255                                                                |    42|
|576   |    U_myproject_fifo_w10_d2_S_ShiftReg                               |myproject_fifo_w10_d2_S_ShiftReg_750                                                       |    25|
|577   |  layer20_out_49_U                                                   |myproject_fifo_w10_d2_S_256                                                                |    41|
|578   |    U_myproject_fifo_w10_d2_S_ShiftReg                               |myproject_fifo_w10_d2_S_ShiftReg_749                                                       |    25|
|579   |  layer20_out_4_U                                                    |myproject_fifo_w10_d2_S_257                                                                |    40|
|580   |    U_myproject_fifo_w10_d2_S_ShiftReg                               |myproject_fifo_w10_d2_S_ShiftReg_748                                                       |    25|
|581   |  layer20_out_50_U                                                   |myproject_fifo_w10_d2_S_258                                                                |    40|
|582   |    U_myproject_fifo_w10_d2_S_ShiftReg                               |myproject_fifo_w10_d2_S_ShiftReg_747                                                       |    25|
|583   |  layer20_out_51_U                                                   |myproject_fifo_w10_d2_S_259                                                                |    41|
|584   |    U_myproject_fifo_w10_d2_S_ShiftReg                               |myproject_fifo_w10_d2_S_ShiftReg_746                                                       |    25|
|585   |  layer20_out_52_U                                                   |myproject_fifo_w10_d2_S_260                                                                |    40|
|586   |    U_myproject_fifo_w10_d2_S_ShiftReg                               |myproject_fifo_w10_d2_S_ShiftReg_745                                                       |    25|
|587   |  layer20_out_53_U                                                   |myproject_fifo_w10_d2_S_261                                                                |    40|
|588   |    U_myproject_fifo_w10_d2_S_ShiftReg                               |myproject_fifo_w10_d2_S_ShiftReg_744                                                       |    25|
|589   |  layer20_out_54_U                                                   |myproject_fifo_w10_d2_S_262                                                                |    43|
|590   |    U_myproject_fifo_w10_d2_S_ShiftReg                               |myproject_fifo_w10_d2_S_ShiftReg_743                                                       |    25|
|591   |  layer20_out_55_U                                                   |myproject_fifo_w10_d2_S_263                                                                |    42|
|592   |    U_myproject_fifo_w10_d2_S_ShiftReg                               |myproject_fifo_w10_d2_S_ShiftReg_742                                                       |    25|
|593   |  layer20_out_56_U                                                   |myproject_fifo_w10_d2_S_264                                                                |    40|
|594   |    U_myproject_fifo_w10_d2_S_ShiftReg                               |myproject_fifo_w10_d2_S_ShiftReg_741                                                       |    25|
|595   |  layer20_out_57_U                                                   |myproject_fifo_w10_d2_S_265                                                                |    41|
|596   |    U_myproject_fifo_w10_d2_S_ShiftReg                               |myproject_fifo_w10_d2_S_ShiftReg_740                                                       |    25|
|597   |  layer20_out_58_U                                                   |myproject_fifo_w10_d2_S_266                                                                |    40|
|598   |    U_myproject_fifo_w10_d2_S_ShiftReg                               |myproject_fifo_w10_d2_S_ShiftReg_739                                                       |    25|
|599   |  layer20_out_59_U                                                   |myproject_fifo_w10_d2_S_267                                                                |    40|
|600   |    U_myproject_fifo_w10_d2_S_ShiftReg                               |myproject_fifo_w10_d2_S_ShiftReg_738                                                       |    25|
|601   |  layer20_out_5_U                                                    |myproject_fifo_w10_d2_S_268                                                                |    38|
|602   |    U_myproject_fifo_w10_d2_S_ShiftReg                               |myproject_fifo_w10_d2_S_ShiftReg_737                                                       |    24|
|603   |  layer20_out_60_U                                                   |myproject_fifo_w10_d2_S_269                                                                |    41|
|604   |    U_myproject_fifo_w10_d2_S_ShiftReg                               |myproject_fifo_w10_d2_S_ShiftReg_736                                                       |    25|
|605   |  layer20_out_61_U                                                   |myproject_fifo_w10_d2_S_270                                                                |    41|
|606   |    U_myproject_fifo_w10_d2_S_ShiftReg                               |myproject_fifo_w10_d2_S_ShiftReg_735                                                       |    25|
|607   |  layer20_out_62_U                                                   |myproject_fifo_w10_d2_S_271                                                                |    41|
|608   |    U_myproject_fifo_w10_d2_S_ShiftReg                               |myproject_fifo_w10_d2_S_ShiftReg_734                                                       |    25|
|609   |  layer20_out_63_U                                                   |myproject_fifo_w10_d2_S_272                                                                |    40|
|610   |    U_myproject_fifo_w10_d2_S_ShiftReg                               |myproject_fifo_w10_d2_S_ShiftReg_733                                                       |    25|
|611   |  layer20_out_64_U                                                   |myproject_fifo_w10_d2_S_273                                                                |    40|
|612   |    U_myproject_fifo_w10_d2_S_ShiftReg                               |myproject_fifo_w10_d2_S_ShiftReg_732                                                       |    25|
|613   |  layer20_out_65_U                                                   |myproject_fifo_w10_d2_S_274                                                                |    40|
|614   |    U_myproject_fifo_w10_d2_S_ShiftReg                               |myproject_fifo_w10_d2_S_ShiftReg_731                                                       |    25|
|615   |  layer20_out_66_U                                                   |myproject_fifo_w10_d2_S_275                                                                |    42|
|616   |    U_myproject_fifo_w10_d2_S_ShiftReg                               |myproject_fifo_w10_d2_S_ShiftReg_730                                                       |    25|
|617   |  layer20_out_67_U                                                   |myproject_fifo_w10_d2_S_276                                                                |    42|
|618   |    U_myproject_fifo_w10_d2_S_ShiftReg                               |myproject_fifo_w10_d2_S_ShiftReg_729                                                       |    25|
|619   |  layer20_out_68_U                                                   |myproject_fifo_w10_d2_S_277                                                                |    41|
|620   |    U_myproject_fifo_w10_d2_S_ShiftReg                               |myproject_fifo_w10_d2_S_ShiftReg_728                                                       |    25|
|621   |  layer20_out_69_U                                                   |myproject_fifo_w10_d2_S_278                                                                |    40|
|622   |    U_myproject_fifo_w10_d2_S_ShiftReg                               |myproject_fifo_w10_d2_S_ShiftReg_727                                                       |    25|
|623   |  layer20_out_6_U                                                    |myproject_fifo_w10_d2_S_279                                                                |    39|
|624   |    U_myproject_fifo_w10_d2_S_ShiftReg                               |myproject_fifo_w10_d2_S_ShiftReg_726                                                       |    24|
|625   |  layer20_out_70_U                                                   |myproject_fifo_w10_d2_S_280                                                                |    40|
|626   |    U_myproject_fifo_w10_d2_S_ShiftReg                               |myproject_fifo_w10_d2_S_ShiftReg_725                                                       |    25|
|627   |  layer20_out_71_U                                                   |myproject_fifo_w10_d2_S_281                                                                |    40|
|628   |    U_myproject_fifo_w10_d2_S_ShiftReg                               |myproject_fifo_w10_d2_S_ShiftReg_724                                                       |    25|
|629   |  layer20_out_72_U                                                   |myproject_fifo_w10_d2_S_282                                                                |    41|
|630   |    U_myproject_fifo_w10_d2_S_ShiftReg                               |myproject_fifo_w10_d2_S_ShiftReg_723                                                       |    25|
|631   |  layer20_out_73_U                                                   |myproject_fifo_w10_d2_S_283                                                                |    42|
|632   |    U_myproject_fifo_w10_d2_S_ShiftReg                               |myproject_fifo_w10_d2_S_ShiftReg_722                                                       |    25|
|633   |  layer20_out_74_U                                                   |myproject_fifo_w10_d2_S_284                                                                |    40|
|634   |    U_myproject_fifo_w10_d2_S_ShiftReg                               |myproject_fifo_w10_d2_S_ShiftReg_721                                                       |    25|
|635   |  layer20_out_75_U                                                   |myproject_fifo_w10_d2_S_285                                                                |    40|
|636   |    U_myproject_fifo_w10_d2_S_ShiftReg                               |myproject_fifo_w10_d2_S_ShiftReg_720                                                       |    25|
|637   |  layer20_out_76_U                                                   |myproject_fifo_w10_d2_S_286                                                                |    40|
|638   |    U_myproject_fifo_w10_d2_S_ShiftReg                               |myproject_fifo_w10_d2_S_ShiftReg_719                                                       |    25|
|639   |  layer20_out_77_U                                                   |myproject_fifo_w10_d2_S_287                                                                |    41|
|640   |    U_myproject_fifo_w10_d2_S_ShiftReg                               |myproject_fifo_w10_d2_S_ShiftReg_718                                                       |    25|
|641   |  layer20_out_78_U                                                   |myproject_fifo_w10_d2_S_288                                                                |    42|
|642   |    U_myproject_fifo_w10_d2_S_ShiftReg                               |myproject_fifo_w10_d2_S_ShiftReg_717                                                       |    25|
|643   |  layer20_out_79_U                                                   |myproject_fifo_w10_d2_S_289                                                                |    41|
|644   |    U_myproject_fifo_w10_d2_S_ShiftReg                               |myproject_fifo_w10_d2_S_ShiftReg_716                                                       |    25|
|645   |  layer20_out_7_U                                                    |myproject_fifo_w10_d2_S_290                                                                |    39|
|646   |    U_myproject_fifo_w10_d2_S_ShiftReg                               |myproject_fifo_w10_d2_S_ShiftReg_715                                                       |    24|
|647   |  layer20_out_80_U                                                   |myproject_fifo_w10_d2_S_291                                                                |    41|
|648   |    U_myproject_fifo_w10_d2_S_ShiftReg                               |myproject_fifo_w10_d2_S_ShiftReg_714                                                       |    25|
|649   |  layer20_out_81_U                                                   |myproject_fifo_w10_d2_S_292                                                                |    40|
|650   |    U_myproject_fifo_w10_d2_S_ShiftReg                               |myproject_fifo_w10_d2_S_ShiftReg_713                                                       |    25|
|651   |  layer20_out_82_U                                                   |myproject_fifo_w10_d2_S_293                                                                |    40|
|652   |    U_myproject_fifo_w10_d2_S_ShiftReg                               |myproject_fifo_w10_d2_S_ShiftReg_712                                                       |    25|
|653   |  layer20_out_83_U                                                   |myproject_fifo_w10_d2_S_294                                                                |    40|
|654   |    U_myproject_fifo_w10_d2_S_ShiftReg                               |myproject_fifo_w10_d2_S_ShiftReg_711                                                       |    25|
|655   |  layer20_out_84_U                                                   |myproject_fifo_w10_d2_S_295                                                                |    42|
|656   |    U_myproject_fifo_w10_d2_S_ShiftReg                               |myproject_fifo_w10_d2_S_ShiftReg_710                                                       |    25|
|657   |  layer20_out_85_U                                                   |myproject_fifo_w10_d2_S_296                                                                |    41|
|658   |    U_myproject_fifo_w10_d2_S_ShiftReg                               |myproject_fifo_w10_d2_S_ShiftReg_709                                                       |    25|
|659   |  layer20_out_86_U                                                   |myproject_fifo_w10_d2_S_297                                                                |    40|
|660   |    U_myproject_fifo_w10_d2_S_ShiftReg                               |myproject_fifo_w10_d2_S_ShiftReg_708                                                       |    25|
|661   |  layer20_out_87_U                                                   |myproject_fifo_w10_d2_S_298                                                                |    40|
|662   |    U_myproject_fifo_w10_d2_S_ShiftReg                               |myproject_fifo_w10_d2_S_ShiftReg_707                                                       |    25|
|663   |  layer20_out_88_U                                                   |myproject_fifo_w10_d2_S_299                                                                |    42|
|664   |    U_myproject_fifo_w10_d2_S_ShiftReg                               |myproject_fifo_w10_d2_S_ShiftReg_706                                                       |    25|
|665   |  layer20_out_89_U                                                   |myproject_fifo_w10_d2_S_300                                                                |    40|
|666   |    U_myproject_fifo_w10_d2_S_ShiftReg                               |myproject_fifo_w10_d2_S_ShiftReg_705                                                       |    25|
|667   |  layer20_out_8_U                                                    |myproject_fifo_w10_d2_S_301                                                                |    38|
|668   |    U_myproject_fifo_w10_d2_S_ShiftReg                               |myproject_fifo_w10_d2_S_ShiftReg_704                                                       |    24|
|669   |  layer20_out_9_U                                                    |myproject_fifo_w10_d2_S_302                                                                |    42|
|670   |    U_myproject_fifo_w10_d2_S_ShiftReg                               |myproject_fifo_w10_d2_S_ShiftReg_703                                                       |    25|
|671   |  layer20_out_U                                                      |myproject_fifo_w10_d2_S_303                                                                |    40|
|672   |    U_myproject_fifo_w10_d2_S_ShiftReg                               |myproject_fifo_w10_d2_S_ShiftReg_702                                                       |    25|
|673   |  layer21_out_10_U                                                   |myproject_fifo_w16_d2_S_304                                                                |   104|
|674   |    U_myproject_fifo_w16_d2_S_ShiftReg                               |myproject_fifo_w16_d2_S_ShiftReg_701                                                       |    89|
|675   |  layer21_out_11_U                                                   |myproject_fifo_w16_d2_S_305                                                                |   103|
|676   |    U_myproject_fifo_w16_d2_S_ShiftReg                               |myproject_fifo_w16_d2_S_ShiftReg_700                                                       |    89|
|677   |  layer21_out_12_U                                                   |myproject_fifo_w16_d2_S_306                                                                |   104|
|678   |    U_myproject_fifo_w16_d2_S_ShiftReg                               |myproject_fifo_w16_d2_S_ShiftReg_699                                                       |    89|
|679   |  layer21_out_13_U                                                   |myproject_fifo_w16_d2_S_307                                                                |   104|
|680   |    U_myproject_fifo_w16_d2_S_ShiftReg                               |myproject_fifo_w16_d2_S_ShiftReg_698                                                       |    89|
|681   |  layer21_out_14_U                                                   |myproject_fifo_w16_d2_S_308                                                                |   104|
|682   |    U_myproject_fifo_w16_d2_S_ShiftReg                               |myproject_fifo_w16_d2_S_ShiftReg_697                                                       |    89|
|683   |  layer21_out_15_U                                                   |myproject_fifo_w16_d2_S_309                                                                |   107|
|684   |    U_myproject_fifo_w16_d2_S_ShiftReg                               |myproject_fifo_w16_d2_S_ShiftReg_696                                                       |    89|
|685   |  layer21_out_16_U                                                   |myproject_fifo_w16_d2_S_310                                                                |   104|
|686   |    U_myproject_fifo_w16_d2_S_ShiftReg                               |myproject_fifo_w16_d2_S_ShiftReg_695                                                       |    89|
|687   |  layer21_out_17_U                                                   |myproject_fifo_w16_d2_S_311                                                                |   104|
|688   |    U_myproject_fifo_w16_d2_S_ShiftReg                               |myproject_fifo_w16_d2_S_ShiftReg_694                                                       |    89|
|689   |  layer21_out_18_U                                                   |myproject_fifo_w16_d2_S_312                                                                |   103|
|690   |    U_myproject_fifo_w16_d2_S_ShiftReg                               |myproject_fifo_w16_d2_S_ShiftReg_693                                                       |    89|
|691   |  layer21_out_19_U                                                   |myproject_fifo_w16_d2_S_313                                                                |   103|
|692   |    U_myproject_fifo_w16_d2_S_ShiftReg                               |myproject_fifo_w16_d2_S_ShiftReg_692                                                       |    89|
|693   |  layer21_out_1_U                                                    |myproject_fifo_w16_d2_S_314                                                                |   103|
|694   |    U_myproject_fifo_w16_d2_S_ShiftReg                               |myproject_fifo_w16_d2_S_ShiftReg_691                                                       |    89|
|695   |  layer21_out_20_U                                                   |myproject_fifo_w16_d2_S_315                                                                |   103|
|696   |    U_myproject_fifo_w16_d2_S_ShiftReg                               |myproject_fifo_w16_d2_S_ShiftReg_690                                                       |    89|
|697   |  layer21_out_21_U                                                   |myproject_fifo_w16_d2_S_316                                                                |   107|
|698   |    U_myproject_fifo_w16_d2_S_ShiftReg                               |myproject_fifo_w16_d2_S_ShiftReg_689                                                       |    89|
|699   |  layer21_out_22_U                                                   |myproject_fifo_w16_d2_S_317                                                                |   103|
|700   |    U_myproject_fifo_w16_d2_S_ShiftReg                               |myproject_fifo_w16_d2_S_ShiftReg_688                                                       |    89|
|701   |  layer21_out_23_U                                                   |myproject_fifo_w16_d2_S_318                                                                |   104|
|702   |    U_myproject_fifo_w16_d2_S_ShiftReg                               |myproject_fifo_w16_d2_S_ShiftReg_687                                                       |    89|
|703   |  layer21_out_24_U                                                   |myproject_fifo_w16_d2_S_319                                                                |   103|
|704   |    U_myproject_fifo_w16_d2_S_ShiftReg                               |myproject_fifo_w16_d2_S_ShiftReg_686                                                       |    89|
|705   |  layer21_out_25_U                                                   |myproject_fifo_w16_d2_S_320                                                                |   103|
|706   |    U_myproject_fifo_w16_d2_S_ShiftReg                               |myproject_fifo_w16_d2_S_ShiftReg_685                                                       |    89|
|707   |  layer21_out_26_U                                                   |myproject_fifo_w16_d2_S_321                                                                |   103|
|708   |    U_myproject_fifo_w16_d2_S_ShiftReg                               |myproject_fifo_w16_d2_S_ShiftReg_684                                                       |    89|
|709   |  layer21_out_27_U                                                   |myproject_fifo_w16_d2_S_322                                                                |   106|
|710   |    U_myproject_fifo_w16_d2_S_ShiftReg                               |myproject_fifo_w16_d2_S_ShiftReg_683                                                       |    89|
|711   |  layer21_out_28_U                                                   |myproject_fifo_w16_d2_S_323                                                                |   103|
|712   |    U_myproject_fifo_w16_d2_S_ShiftReg                               |myproject_fifo_w16_d2_S_ShiftReg_682                                                       |    89|
|713   |  layer21_out_29_U                                                   |myproject_fifo_w16_d2_S_324                                                                |   103|
|714   |    U_myproject_fifo_w16_d2_S_ShiftReg                               |myproject_fifo_w16_d2_S_ShiftReg_681                                                       |    89|
|715   |  layer21_out_2_U                                                    |myproject_fifo_w16_d2_S_325                                                                |   103|
|716   |    U_myproject_fifo_w16_d2_S_ShiftReg                               |myproject_fifo_w16_d2_S_ShiftReg_680                                                       |    89|
|717   |  layer21_out_30_U                                                   |myproject_fifo_w16_d2_S_326                                                                |   104|
|718   |    U_myproject_fifo_w16_d2_S_ShiftReg                               |myproject_fifo_w16_d2_S_ShiftReg_679                                                       |    89|
|719   |  layer21_out_31_U                                                   |myproject_fifo_w16_d2_S_327                                                                |   103|
|720   |    U_myproject_fifo_w16_d2_S_ShiftReg                               |myproject_fifo_w16_d2_S_ShiftReg_678                                                       |    89|
|721   |  layer21_out_32_U                                                   |myproject_fifo_w16_d2_S_328                                                                |   104|
|722   |    U_myproject_fifo_w16_d2_S_ShiftReg                               |myproject_fifo_w16_d2_S_ShiftReg_677                                                       |    89|
|723   |  layer21_out_33_U                                                   |myproject_fifo_w16_d2_S_329                                                                |   105|
|724   |    U_myproject_fifo_w16_d2_S_ShiftReg                               |myproject_fifo_w16_d2_S_ShiftReg_676                                                       |    89|
|725   |  layer21_out_34_U                                                   |myproject_fifo_w16_d2_S_330                                                                |   103|
|726   |    U_myproject_fifo_w16_d2_S_ShiftReg                               |myproject_fifo_w16_d2_S_ShiftReg_675                                                       |    89|
|727   |  layer21_out_35_U                                                   |myproject_fifo_w16_d2_S_331                                                                |   103|
|728   |    U_myproject_fifo_w16_d2_S_ShiftReg                               |myproject_fifo_w16_d2_S_ShiftReg_674                                                       |    89|
|729   |  layer21_out_36_U                                                   |myproject_fifo_w16_d2_S_332                                                                |   104|
|730   |    U_myproject_fifo_w16_d2_S_ShiftReg                               |myproject_fifo_w16_d2_S_ShiftReg_673                                                       |    89|
|731   |  layer21_out_37_U                                                   |myproject_fifo_w16_d2_S_333                                                                |   103|
|732   |    U_myproject_fifo_w16_d2_S_ShiftReg                               |myproject_fifo_w16_d2_S_ShiftReg_672                                                       |    89|
|733   |  layer21_out_38_U                                                   |myproject_fifo_w16_d2_S_334                                                                |   103|
|734   |    U_myproject_fifo_w16_d2_S_ShiftReg                               |myproject_fifo_w16_d2_S_ShiftReg_671                                                       |    89|
|735   |  layer21_out_39_U                                                   |myproject_fifo_w16_d2_S_335                                                                |   106|
|736   |    U_myproject_fifo_w16_d2_S_ShiftReg                               |myproject_fifo_w16_d2_S_ShiftReg_670                                                       |    89|
|737   |  layer21_out_3_U                                                    |myproject_fifo_w16_d2_S_336                                                                |   111|
|738   |    U_myproject_fifo_w16_d2_S_ShiftReg                               |myproject_fifo_w16_d2_S_ShiftReg_669                                                       |    89|
|739   |  layer21_out_40_U                                                   |myproject_fifo_w16_d2_S_337                                                                |   104|
|740   |    U_myproject_fifo_w16_d2_S_ShiftReg                               |myproject_fifo_w16_d2_S_ShiftReg_668                                                       |    89|
|741   |  layer21_out_41_U                                                   |myproject_fifo_w16_d2_S_338                                                                |   103|
|742   |    U_myproject_fifo_w16_d2_S_ShiftReg                               |myproject_fifo_w16_d2_S_ShiftReg_667                                                       |    89|
|743   |  layer21_out_42_U                                                   |myproject_fifo_w16_d2_S_339                                                                |   103|
|744   |    U_myproject_fifo_w16_d2_S_ShiftReg                               |myproject_fifo_w16_d2_S_ShiftReg_666                                                       |    89|
|745   |  layer21_out_43_U                                                   |myproject_fifo_w16_d2_S_340                                                                |   103|
|746   |    U_myproject_fifo_w16_d2_S_ShiftReg                               |myproject_fifo_w16_d2_S_ShiftReg_665                                                       |    89|
|747   |  layer21_out_4_U                                                    |myproject_fifo_w16_d2_S_341                                                                |   103|
|748   |    U_myproject_fifo_w16_d2_S_ShiftReg                               |myproject_fifo_w16_d2_S_ShiftReg_664                                                       |    89|
|749   |  layer21_out_5_U                                                    |myproject_fifo_w16_d2_S_342                                                                |   103|
|750   |    U_myproject_fifo_w16_d2_S_ShiftReg                               |myproject_fifo_w16_d2_S_ShiftReg_663                                                       |    89|
|751   |  layer21_out_6_U                                                    |myproject_fifo_w16_d2_S_343                                                                |   103|
|752   |    U_myproject_fifo_w16_d2_S_ShiftReg                               |myproject_fifo_w16_d2_S_ShiftReg_662                                                       |    89|
|753   |  layer21_out_7_U                                                    |myproject_fifo_w16_d2_S_344                                                                |   103|
|754   |    U_myproject_fifo_w16_d2_S_ShiftReg                               |myproject_fifo_w16_d2_S_ShiftReg_661                                                       |    89|
|755   |  layer21_out_8_U                                                    |myproject_fifo_w16_d2_S_345                                                                |   103|
|756   |    U_myproject_fifo_w16_d2_S_ShiftReg                               |myproject_fifo_w16_d2_S_ShiftReg_660                                                       |    89|
|757   |  layer21_out_9_U                                                    |myproject_fifo_w16_d2_S_346                                                                |   105|
|758   |    U_myproject_fifo_w16_d2_S_ShiftReg                               |myproject_fifo_w16_d2_S_ShiftReg_659                                                       |    89|
|759   |  layer21_out_U                                                      |myproject_fifo_w16_d2_S_347                                                                |   103|
|760   |    U_myproject_fifo_w16_d2_S_ShiftReg                               |myproject_fifo_w16_d2_S_ShiftReg_658                                                       |    89|
|761   |  layer23_out_10_U                                                   |myproject_fifo_w8_d2_S_348                                                                 |    40|
|762   |    U_myproject_fifo_w8_d2_S_ShiftReg                                |myproject_fifo_w8_d2_S_ShiftReg_657                                                        |    25|
|763   |  layer23_out_11_U                                                   |myproject_fifo_w8_d2_S_349                                                                 |    40|
|764   |    U_myproject_fifo_w8_d2_S_ShiftReg                                |myproject_fifo_w8_d2_S_ShiftReg_656                                                        |    25|
|765   |  layer23_out_12_U                                                   |myproject_fifo_w8_d2_S_350                                                                 |    40|
|766   |    U_myproject_fifo_w8_d2_S_ShiftReg                                |myproject_fifo_w8_d2_S_ShiftReg_655                                                        |    25|
|767   |  layer23_out_13_U                                                   |myproject_fifo_w8_d2_S_351                                                                 |    41|
|768   |    U_myproject_fifo_w8_d2_S_ShiftReg                                |myproject_fifo_w8_d2_S_ShiftReg_654                                                        |    25|
|769   |  layer23_out_14_U                                                   |myproject_fifo_w8_d2_S_352                                                                 |    41|
|770   |    U_myproject_fifo_w8_d2_S_ShiftReg                                |myproject_fifo_w8_d2_S_ShiftReg_653                                                        |    25|
|771   |  layer23_out_15_U                                                   |myproject_fifo_w8_d2_S_353                                                                 |    40|
|772   |    U_myproject_fifo_w8_d2_S_ShiftReg                                |myproject_fifo_w8_d2_S_ShiftReg_652                                                        |    25|
|773   |  layer23_out_16_U                                                   |myproject_fifo_w8_d2_S_354                                                                 |    40|
|774   |    U_myproject_fifo_w8_d2_S_ShiftReg                                |myproject_fifo_w8_d2_S_ShiftReg_651                                                        |    25|
|775   |  layer23_out_17_U                                                   |myproject_fifo_w8_d2_S_355                                                                 |    40|
|776   |    U_myproject_fifo_w8_d2_S_ShiftReg                                |myproject_fifo_w8_d2_S_ShiftReg_650                                                        |    25|
|777   |  layer23_out_18_U                                                   |myproject_fifo_w8_d2_S_356                                                                 |    40|
|778   |    U_myproject_fifo_w8_d2_S_ShiftReg                                |myproject_fifo_w8_d2_S_ShiftReg_649                                                        |    25|
|779   |  layer23_out_19_U                                                   |myproject_fifo_w8_d2_S_357                                                                 |    41|
|780   |    U_myproject_fifo_w8_d2_S_ShiftReg                                |myproject_fifo_w8_d2_S_ShiftReg_648                                                        |    25|
|781   |  layer23_out_1_U                                                    |myproject_fifo_w8_d2_S_358                                                                 |    41|
|782   |    U_myproject_fifo_w8_d2_S_ShiftReg                                |myproject_fifo_w8_d2_S_ShiftReg_647                                                        |    25|
|783   |  layer23_out_20_U                                                   |myproject_fifo_w8_d2_S_359                                                                 |    42|
|784   |    U_myproject_fifo_w8_d2_S_ShiftReg                                |myproject_fifo_w8_d2_S_ShiftReg_646                                                        |    25|
|785   |  layer23_out_21_U                                                   |myproject_fifo_w8_d2_S_360                                                                 |    40|
|786   |    U_myproject_fifo_w8_d2_S_ShiftReg                                |myproject_fifo_w8_d2_S_ShiftReg_645                                                        |    25|
|787   |  layer23_out_22_U                                                   |myproject_fifo_w8_d2_S_361                                                                 |    40|
|788   |    U_myproject_fifo_w8_d2_S_ShiftReg                                |myproject_fifo_w8_d2_S_ShiftReg_644                                                        |    25|
|789   |  layer23_out_23_U                                                   |myproject_fifo_w8_d2_S_362                                                                 |    40|
|790   |    U_myproject_fifo_w8_d2_S_ShiftReg                                |myproject_fifo_w8_d2_S_ShiftReg_643                                                        |    25|
|791   |  layer23_out_24_U                                                   |myproject_fifo_w8_d2_S_363                                                                 |    40|
|792   |    U_myproject_fifo_w8_d2_S_ShiftReg                                |myproject_fifo_w8_d2_S_ShiftReg_642                                                        |    25|
|793   |  layer23_out_25_U                                                   |myproject_fifo_w8_d2_S_364                                                                 |    41|
|794   |    U_myproject_fifo_w8_d2_S_ShiftReg                                |myproject_fifo_w8_d2_S_ShiftReg_641                                                        |    25|
|795   |  layer23_out_26_U                                                   |myproject_fifo_w8_d2_S_365                                                                 |    41|
|796   |    U_myproject_fifo_w8_d2_S_ShiftReg                                |myproject_fifo_w8_d2_S_ShiftReg_640                                                        |    25|
|797   |  layer23_out_27_U                                                   |myproject_fifo_w8_d2_S_366                                                                 |    40|
|798   |    U_myproject_fifo_w8_d2_S_ShiftReg                                |myproject_fifo_w8_d2_S_ShiftReg_639                                                        |    25|
|799   |  layer23_out_28_U                                                   |myproject_fifo_w8_d2_S_367                                                                 |    40|
|800   |    U_myproject_fifo_w8_d2_S_ShiftReg                                |myproject_fifo_w8_d2_S_ShiftReg_638                                                        |    25|
|801   |  layer23_out_29_U                                                   |myproject_fifo_w8_d2_S_368                                                                 |    40|
|802   |    U_myproject_fifo_w8_d2_S_ShiftReg                                |myproject_fifo_w8_d2_S_ShiftReg_637                                                        |    25|
|803   |  layer23_out_2_U                                                    |myproject_fifo_w8_d2_S_369                                                                 |    41|
|804   |    U_myproject_fifo_w8_d2_S_ShiftReg                                |myproject_fifo_w8_d2_S_ShiftReg_636                                                        |    25|
|805   |  layer23_out_30_U                                                   |myproject_fifo_w8_d2_S_370                                                                 |    40|
|806   |    U_myproject_fifo_w8_d2_S_ShiftReg                                |myproject_fifo_w8_d2_S_ShiftReg_635                                                        |    25|
|807   |  layer23_out_31_U                                                   |myproject_fifo_w8_d2_S_371                                                                 |    42|
|808   |    U_myproject_fifo_w8_d2_S_ShiftReg                                |myproject_fifo_w8_d2_S_ShiftReg_634                                                        |    25|
|809   |  layer23_out_32_U                                                   |myproject_fifo_w8_d2_S_372                                                                 |    41|
|810   |    U_myproject_fifo_w8_d2_S_ShiftReg                                |myproject_fifo_w8_d2_S_ShiftReg_633                                                        |    25|
|811   |  layer23_out_33_U                                                   |myproject_fifo_w8_d2_S_373                                                                 |    40|
|812   |    U_myproject_fifo_w8_d2_S_ShiftReg                                |myproject_fifo_w8_d2_S_ShiftReg_632                                                        |    25|
|813   |  layer23_out_34_U                                                   |myproject_fifo_w8_d2_S_374                                                                 |    40|
|814   |    U_myproject_fifo_w8_d2_S_ShiftReg                                |myproject_fifo_w8_d2_S_ShiftReg_631                                                        |    25|
|815   |  layer23_out_35_U                                                   |myproject_fifo_w8_d2_S_375                                                                 |    40|
|816   |    U_myproject_fifo_w8_d2_S_ShiftReg                                |myproject_fifo_w8_d2_S_ShiftReg_630                                                        |    25|
|817   |  layer23_out_36_U                                                   |myproject_fifo_w8_d2_S_376                                                                 |    40|
|818   |    U_myproject_fifo_w8_d2_S_ShiftReg                                |myproject_fifo_w8_d2_S_ShiftReg_629                                                        |    25|
|819   |  layer23_out_37_U                                                   |myproject_fifo_w8_d2_S_377                                                                 |    41|
|820   |    U_myproject_fifo_w8_d2_S_ShiftReg                                |myproject_fifo_w8_d2_S_ShiftReg_628                                                        |    25|
|821   |  layer23_out_38_U                                                   |myproject_fifo_w8_d2_S_378                                                                 |    42|
|822   |    U_myproject_fifo_w8_d2_S_ShiftReg                                |myproject_fifo_w8_d2_S_ShiftReg_627                                                        |    25|
|823   |  layer23_out_39_U                                                   |myproject_fifo_w8_d2_S_379                                                                 |    40|
|824   |    U_myproject_fifo_w8_d2_S_ShiftReg                                |myproject_fifo_w8_d2_S_ShiftReg_626                                                        |    25|
|825   |  layer23_out_3_U                                                    |myproject_fifo_w8_d2_S_380                                                                 |    40|
|826   |    U_myproject_fifo_w8_d2_S_ShiftReg                                |myproject_fifo_w8_d2_S_ShiftReg_625                                                        |    25|
|827   |  layer23_out_40_U                                                   |myproject_fifo_w8_d2_S_381                                                                 |    40|
|828   |    U_myproject_fifo_w8_d2_S_ShiftReg                                |myproject_fifo_w8_d2_S_ShiftReg_624                                                        |    25|
|829   |  layer23_out_41_U                                                   |myproject_fifo_w8_d2_S_382                                                                 |    40|
|830   |    U_myproject_fifo_w8_d2_S_ShiftReg                                |myproject_fifo_w8_d2_S_ShiftReg_623                                                        |    25|
|831   |  layer23_out_42_U                                                   |myproject_fifo_w8_d2_S_383                                                                 |    40|
|832   |    U_myproject_fifo_w8_d2_S_ShiftReg                                |myproject_fifo_w8_d2_S_ShiftReg_622                                                        |    25|
|833   |  layer23_out_43_U                                                   |myproject_fifo_w8_d2_S_384                                                                 |    41|
|834   |    U_myproject_fifo_w8_d2_S_ShiftReg                                |myproject_fifo_w8_d2_S_ShiftReg_621                                                        |    25|
|835   |  layer23_out_4_U                                                    |myproject_fifo_w8_d2_S_385                                                                 |    40|
|836   |    U_myproject_fifo_w8_d2_S_ShiftReg                                |myproject_fifo_w8_d2_S_ShiftReg_620                                                        |    25|
|837   |  layer23_out_5_U                                                    |myproject_fifo_w8_d2_S_386                                                                 |    40|
|838   |    U_myproject_fifo_w8_d2_S_ShiftReg                                |myproject_fifo_w8_d2_S_ShiftReg_619                                                        |    25|
|839   |  layer23_out_6_U                                                    |myproject_fifo_w8_d2_S_387                                                                 |    40|
|840   |    U_myproject_fifo_w8_d2_S_ShiftReg                                |myproject_fifo_w8_d2_S_ShiftReg_618                                                        |    25|
|841   |  layer23_out_7_U                                                    |myproject_fifo_w8_d2_S_388                                                                 |    41|
|842   |    U_myproject_fifo_w8_d2_S_ShiftReg                                |myproject_fifo_w8_d2_S_ShiftReg_617                                                        |    25|
|843   |  layer23_out_8_U                                                    |myproject_fifo_w8_d2_S_389                                                                 |    41|
|844   |    U_myproject_fifo_w8_d2_S_ShiftReg                                |myproject_fifo_w8_d2_S_ShiftReg_616                                                        |    25|
|845   |  layer23_out_9_U                                                    |myproject_fifo_w8_d2_S_390                                                                 |    40|
|846   |    U_myproject_fifo_w8_d2_S_ShiftReg                                |myproject_fifo_w8_d2_S_ShiftReg_615                                                        |    25|
|847   |  layer23_out_U                                                      |myproject_fifo_w8_d2_S_391                                                                 |    40|
|848   |    U_myproject_fifo_w8_d2_S_ShiftReg                                |myproject_fifo_w8_d2_S_ShiftReg_614                                                        |    25|
|849   |  layer24_out_10_U                                                   |myproject_fifo_w16_d2_S_392                                                                |    99|
|850   |    U_myproject_fifo_w16_d2_S_ShiftReg                               |myproject_fifo_w16_d2_S_ShiftReg_613                                                       |    86|
|851   |  layer24_out_11_U                                                   |myproject_fifo_w16_d2_S_393                                                                |   100|
|852   |    U_myproject_fifo_w16_d2_S_ShiftReg                               |myproject_fifo_w16_d2_S_ShiftReg_612                                                       |    86|
|853   |  layer24_out_12_U                                                   |myproject_fifo_w16_d2_S_394                                                                |   102|
|854   |    U_myproject_fifo_w16_d2_S_ShiftReg                               |myproject_fifo_w16_d2_S_ShiftReg_611                                                       |    86|
|855   |  layer24_out_13_U                                                   |myproject_fifo_w16_d2_S_395                                                                |    99|
|856   |    U_myproject_fifo_w16_d2_S_ShiftReg                               |myproject_fifo_w16_d2_S_ShiftReg_610                                                       |    86|
|857   |  layer24_out_14_U                                                   |myproject_fifo_w16_d2_S_396                                                                |    99|
|858   |    U_myproject_fifo_w16_d2_S_ShiftReg                               |myproject_fifo_w16_d2_S_ShiftReg_609                                                       |    86|
|859   |  layer24_out_15_U                                                   |myproject_fifo_w16_d2_S_397                                                                |   100|
|860   |    U_myproject_fifo_w16_d2_S_ShiftReg                               |myproject_fifo_w16_d2_S_ShiftReg_608                                                       |    86|
|861   |  layer24_out_16_U                                                   |myproject_fifo_w16_d2_S_398                                                                |    99|
|862   |    U_myproject_fifo_w16_d2_S_ShiftReg                               |myproject_fifo_w16_d2_S_ShiftReg_607                                                       |    86|
|863   |  layer24_out_17_U                                                   |myproject_fifo_w16_d2_S_399                                                                |    99|
|864   |    U_myproject_fifo_w16_d2_S_ShiftReg                               |myproject_fifo_w16_d2_S_ShiftReg_606                                                       |    86|
|865   |  layer24_out_18_U                                                   |myproject_fifo_w16_d2_S_400                                                                |   102|
|866   |    U_myproject_fifo_w16_d2_S_ShiftReg                               |myproject_fifo_w16_d2_S_ShiftReg_605                                                       |    86|
|867   |  layer24_out_19_U                                                   |myproject_fifo_w16_d2_S_401                                                                |   100|
|868   |    U_myproject_fifo_w16_d2_S_ShiftReg                               |myproject_fifo_w16_d2_S_ShiftReg_604                                                       |    86|
|869   |  layer24_out_1_U                                                    |myproject_fifo_w16_d2_S_402                                                                |   100|
|870   |    U_myproject_fifo_w16_d2_S_ShiftReg                               |myproject_fifo_w16_d2_S_ShiftReg_603                                                       |    86|
|871   |  layer24_out_20_U                                                   |myproject_fifo_w16_d2_S_403                                                                |    99|
|872   |    U_myproject_fifo_w16_d2_S_ShiftReg                               |myproject_fifo_w16_d2_S_ShiftReg_602                                                       |    86|
|873   |  layer24_out_21_U                                                   |myproject_fifo_w16_d2_S_404                                                                |    99|
|874   |    U_myproject_fifo_w16_d2_S_ShiftReg                               |myproject_fifo_w16_d2_S_ShiftReg_601                                                       |    86|
|875   |  layer24_out_2_U                                                    |myproject_fifo_w16_d2_S_405                                                                |    99|
|876   |    U_myproject_fifo_w16_d2_S_ShiftReg                               |myproject_fifo_w16_d2_S_ShiftReg_600                                                       |    86|
|877   |  layer24_out_3_U                                                    |myproject_fifo_w16_d2_S_406                                                                |   100|
|878   |    U_myproject_fifo_w16_d2_S_ShiftReg                               |myproject_fifo_w16_d2_S_ShiftReg_599                                                       |    86|
|879   |  layer24_out_4_U                                                    |myproject_fifo_w16_d2_S_407                                                                |    99|
|880   |    U_myproject_fifo_w16_d2_S_ShiftReg                               |myproject_fifo_w16_d2_S_ShiftReg_598                                                       |    86|
|881   |  layer24_out_5_U                                                    |myproject_fifo_w16_d2_S_408                                                                |    99|
|882   |    U_myproject_fifo_w16_d2_S_ShiftReg                               |myproject_fifo_w16_d2_S_ShiftReg_597                                                       |    86|
|883   |  layer24_out_6_U                                                    |myproject_fifo_w16_d2_S_409                                                                |   101|
|884   |    U_myproject_fifo_w16_d2_S_ShiftReg                               |myproject_fifo_w16_d2_S_ShiftReg_596                                                       |    86|
|885   |  layer24_out_7_U                                                    |myproject_fifo_w16_d2_S_410                                                                |   100|
|886   |    U_myproject_fifo_w16_d2_S_ShiftReg                               |myproject_fifo_w16_d2_S_ShiftReg_595                                                       |    86|
|887   |  layer24_out_8_U                                                    |myproject_fifo_w16_d2_S_411                                                                |    99|
|888   |    U_myproject_fifo_w16_d2_S_ShiftReg                               |myproject_fifo_w16_d2_S_ShiftReg_594                                                       |    86|
|889   |  layer24_out_9_U                                                    |myproject_fifo_w16_d2_S_412                                                                |   100|
|890   |    U_myproject_fifo_w16_d2_S_ShiftReg                               |myproject_fifo_w16_d2_S_ShiftReg_593                                                       |    86|
|891   |  layer24_out_U                                                      |myproject_fifo_w16_d2_S_413                                                                |   100|
|892   |    U_myproject_fifo_w16_d2_S_ShiftReg                               |myproject_fifo_w16_d2_S_ShiftReg_592                                                       |    86|
|893   |  layer26_out_10_U                                                   |myproject_fifo_w8_d2_S_414                                                                 |    40|
|894   |    U_myproject_fifo_w8_d2_S_ShiftReg                                |myproject_fifo_w8_d2_S_ShiftReg_591                                                        |    25|
|895   |  layer26_out_11_U                                                   |myproject_fifo_w8_d2_S_415                                                                 |    40|
|896   |    U_myproject_fifo_w8_d2_S_ShiftReg                                |myproject_fifo_w8_d2_S_ShiftReg_590                                                        |    25|
|897   |  layer26_out_12_U                                                   |myproject_fifo_w8_d2_S_416                                                                 |    40|
|898   |    U_myproject_fifo_w8_d2_S_ShiftReg                                |myproject_fifo_w8_d2_S_ShiftReg_589                                                        |    25|
|899   |  layer26_out_13_U                                                   |myproject_fifo_w8_d2_S_417                                                                 |    42|
|900   |    U_myproject_fifo_w8_d2_S_ShiftReg                                |myproject_fifo_w8_d2_S_ShiftReg_588                                                        |    25|
|901   |  layer26_out_14_U                                                   |myproject_fifo_w8_d2_S_418                                                                 |    40|
|902   |    U_myproject_fifo_w8_d2_S_ShiftReg                                |myproject_fifo_w8_d2_S_ShiftReg_587                                                        |    25|
|903   |  layer26_out_15_U                                                   |myproject_fifo_w8_d2_S_419                                                                 |    39|
|904   |    U_myproject_fifo_w8_d2_S_ShiftReg                                |myproject_fifo_w8_d2_S_ShiftReg_586                                                        |    25|
|905   |  layer26_out_16_U                                                   |myproject_fifo_w8_d2_S_420                                                                 |    39|
|906   |    U_myproject_fifo_w8_d2_S_ShiftReg                                |myproject_fifo_w8_d2_S_ShiftReg_585                                                        |    25|
|907   |  layer26_out_17_U                                                   |myproject_fifo_w8_d2_S_421                                                                 |    39|
|908   |    U_myproject_fifo_w8_d2_S_ShiftReg                                |myproject_fifo_w8_d2_S_ShiftReg_584                                                        |    25|
|909   |  layer26_out_18_U                                                   |myproject_fifo_w8_d2_S_422                                                                 |    39|
|910   |    U_myproject_fifo_w8_d2_S_ShiftReg                                |myproject_fifo_w8_d2_S_ShiftReg_583                                                        |    25|
|911   |  layer26_out_19_U                                                   |myproject_fifo_w8_d2_S_423                                                                 |    40|
|912   |    U_myproject_fifo_w8_d2_S_ShiftReg                                |myproject_fifo_w8_d2_S_ShiftReg_582                                                        |    25|
|913   |  layer26_out_1_U                                                    |myproject_fifo_w8_d2_S_424                                                                 |    41|
|914   |    U_myproject_fifo_w8_d2_S_ShiftReg                                |myproject_fifo_w8_d2_S_ShiftReg_581                                                        |    25|
|915   |  layer26_out_20_U                                                   |myproject_fifo_w8_d2_S_425                                                                 |    41|
|916   |    U_myproject_fifo_w8_d2_S_ShiftReg                                |myproject_fifo_w8_d2_S_ShiftReg_580                                                        |    25|
|917   |  layer26_out_21_U                                                   |myproject_fifo_w8_d2_S_426                                                                 |    39|
|918   |    U_myproject_fifo_w8_d2_S_ShiftReg                                |myproject_fifo_w8_d2_S_ShiftReg_579                                                        |    25|
|919   |  layer26_out_2_U                                                    |myproject_fifo_w8_d2_S_427                                                                 |    40|
|920   |    U_myproject_fifo_w8_d2_S_ShiftReg                                |myproject_fifo_w8_d2_S_ShiftReg_578                                                        |    25|
|921   |  layer26_out_3_U                                                    |myproject_fifo_w8_d2_S_428                                                                 |    39|
|922   |    U_myproject_fifo_w8_d2_S_ShiftReg                                |myproject_fifo_w8_d2_S_ShiftReg_577                                                        |    25|
|923   |  layer26_out_4_U                                                    |myproject_fifo_w8_d2_S_429                                                                 |    39|
|924   |    U_myproject_fifo_w8_d2_S_ShiftReg                                |myproject_fifo_w8_d2_S_ShiftReg_576                                                        |    25|
|925   |  layer26_out_5_U                                                    |myproject_fifo_w8_d2_S_430                                                                 |    39|
|926   |    U_myproject_fifo_w8_d2_S_ShiftReg                                |myproject_fifo_w8_d2_S_ShiftReg_575                                                        |    25|
|927   |  layer26_out_6_U                                                    |myproject_fifo_w8_d2_S_431                                                                 |    39|
|928   |    U_myproject_fifo_w8_d2_S_ShiftReg                                |myproject_fifo_w8_d2_S_ShiftReg_574                                                        |    25|
|929   |  layer26_out_7_U                                                    |myproject_fifo_w8_d2_S_432                                                                 |    40|
|930   |    U_myproject_fifo_w8_d2_S_ShiftReg                                |myproject_fifo_w8_d2_S_ShiftReg_573                                                        |    25|
|931   |  layer26_out_8_U                                                    |myproject_fifo_w8_d2_S_433                                                                 |    40|
|932   |    U_myproject_fifo_w8_d2_S_ShiftReg                                |myproject_fifo_w8_d2_S_ShiftReg_572                                                        |    25|
|933   |  layer26_out_9_U                                                    |myproject_fifo_w8_d2_S_434                                                                 |    40|
|934   |    U_myproject_fifo_w8_d2_S_ShiftReg                                |myproject_fifo_w8_d2_S_ShiftReg_571                                                        |    25|
|935   |  layer26_out_U                                                      |myproject_fifo_w8_d2_S_435                                                                 |    40|
|936   |    U_myproject_fifo_w8_d2_S_ShiftReg                                |myproject_fifo_w8_d2_S_ShiftReg                                                            |    25|
|937   |  layer27_out_U                                                      |myproject_fifo_w16_d2_S_436                                                                |   108|
|938   |    U_myproject_fifo_w16_d2_S_ShiftReg                               |myproject_fifo_w16_d2_S_ShiftReg                                                           |    93|
|939   |  layer3_out_10_U                                                    |myproject_fifo_w10_d2_S_437                                                                |    62|
|940   |    U_myproject_fifo_w10_d2_S_ShiftReg                               |myproject_fifo_w10_d2_S_ShiftReg_570                                                       |    45|
|941   |  layer3_out_11_U                                                    |myproject_fifo_w10_d2_S_438                                                                |    62|
|942   |    U_myproject_fifo_w10_d2_S_ShiftReg                               |myproject_fifo_w10_d2_S_ShiftReg_569                                                       |    45|
|943   |  layer3_out_12_U                                                    |myproject_fifo_w10_d2_S_439                                                                |    60|
|944   |    U_myproject_fifo_w10_d2_S_ShiftReg                               |myproject_fifo_w10_d2_S_ShiftReg_568                                                       |    45|
|945   |  layer3_out_13_U                                                    |myproject_fifo_w10_d2_S_440                                                                |    60|
|946   |    U_myproject_fifo_w10_d2_S_ShiftReg                               |myproject_fifo_w10_d2_S_ShiftReg_567                                                       |    45|
|947   |  layer3_out_14_U                                                    |myproject_fifo_w10_d2_S_441                                                                |    61|
|948   |    U_myproject_fifo_w10_d2_S_ShiftReg                               |myproject_fifo_w10_d2_S_ShiftReg_566                                                       |    45|
|949   |  layer3_out_15_U                                                    |myproject_fifo_w10_d2_S_442                                                                |    61|
|950   |    U_myproject_fifo_w10_d2_S_ShiftReg                               |myproject_fifo_w10_d2_S_ShiftReg_565                                                       |    45|
|951   |  layer3_out_16_U                                                    |myproject_fifo_w10_d2_S_443                                                                |    60|
|952   |    U_myproject_fifo_w10_d2_S_ShiftReg                               |myproject_fifo_w10_d2_S_ShiftReg_564                                                       |    45|
|953   |  layer3_out_17_U                                                    |myproject_fifo_w10_d2_S_444                                                                |    61|
|954   |    U_myproject_fifo_w10_d2_S_ShiftReg                               |myproject_fifo_w10_d2_S_ShiftReg_563                                                       |    45|
|955   |  layer3_out_18_U                                                    |myproject_fifo_w10_d2_S_445                                                                |    61|
|956   |    U_myproject_fifo_w10_d2_S_ShiftReg                               |myproject_fifo_w10_d2_S_ShiftReg_562                                                       |    45|
|957   |  layer3_out_19_U                                                    |myproject_fifo_w10_d2_S_446                                                                |    60|
|958   |    U_myproject_fifo_w10_d2_S_ShiftReg                               |myproject_fifo_w10_d2_S_ShiftReg_561                                                       |    45|
|959   |  layer3_out_1_U                                                     |myproject_fifo_w10_d2_S_447                                                                |    61|
|960   |    U_myproject_fifo_w10_d2_S_ShiftReg                               |myproject_fifo_w10_d2_S_ShiftReg_560                                                       |    45|
|961   |  layer3_out_20_U                                                    |myproject_fifo_w10_d2_S_448                                                                |    61|
|962   |    U_myproject_fifo_w10_d2_S_ShiftReg                               |myproject_fifo_w10_d2_S_ShiftReg_559                                                       |    45|
|963   |  layer3_out_2_U                                                     |myproject_fifo_w10_d2_S_449                                                                |    60|
|964   |    U_myproject_fifo_w10_d2_S_ShiftReg                               |myproject_fifo_w10_d2_S_ShiftReg_558                                                       |    45|
|965   |  layer3_out_3_U                                                     |myproject_fifo_w10_d2_S_450                                                                |    61|
|966   |    U_myproject_fifo_w10_d2_S_ShiftReg                               |myproject_fifo_w10_d2_S_ShiftReg_557                                                       |    45|
|967   |  layer3_out_4_U                                                     |myproject_fifo_w10_d2_S_451                                                                |    60|
|968   |    U_myproject_fifo_w10_d2_S_ShiftReg                               |myproject_fifo_w10_d2_S_ShiftReg_556                                                       |    45|
|969   |  layer3_out_5_U                                                     |myproject_fifo_w10_d2_S_452                                                                |    62|
|970   |    U_myproject_fifo_w10_d2_S_ShiftReg                               |myproject_fifo_w10_d2_S_ShiftReg_555                                                       |    45|
|971   |  layer3_out_6_U                                                     |myproject_fifo_w10_d2_S_453                                                                |    60|
|972   |    U_myproject_fifo_w10_d2_S_ShiftReg                               |myproject_fifo_w10_d2_S_ShiftReg_554                                                       |    45|
|973   |  layer3_out_7_U                                                     |myproject_fifo_w10_d2_S_454                                                                |    61|
|974   |    U_myproject_fifo_w10_d2_S_ShiftReg                               |myproject_fifo_w10_d2_S_ShiftReg_553                                                       |    45|
|975   |  layer3_out_8_U                                                     |myproject_fifo_w10_d2_S_455                                                                |    60|
|976   |    U_myproject_fifo_w10_d2_S_ShiftReg                               |myproject_fifo_w10_d2_S_ShiftReg_552                                                       |    45|
|977   |  layer3_out_9_U                                                     |myproject_fifo_w10_d2_S_456                                                                |    61|
|978   |    U_myproject_fifo_w10_d2_S_ShiftReg                               |myproject_fifo_w10_d2_S_ShiftReg_551                                                       |    45|
|979   |  layer3_out_U                                                       |myproject_fifo_w10_d2_S_457                                                                |    62|
|980   |    U_myproject_fifo_w10_d2_S_ShiftReg                               |myproject_fifo_w10_d2_S_ShiftReg_550                                                       |    45|
|981   |  layer4_out_10_U                                                    |myproject_fifo_w10_d2_S_458                                                                |    67|
|982   |    U_myproject_fifo_w10_d2_S_ShiftReg                               |myproject_fifo_w10_d2_S_ShiftReg_549                                                       |    53|
|983   |  layer4_out_11_U                                                    |myproject_fifo_w10_d2_S_459                                                                |    67|
|984   |    U_myproject_fifo_w10_d2_S_ShiftReg                               |myproject_fifo_w10_d2_S_ShiftReg_548                                                       |    53|
|985   |  layer4_out_12_U                                                    |myproject_fifo_w10_d2_S_460                                                                |    67|
|986   |    U_myproject_fifo_w10_d2_S_ShiftReg                               |myproject_fifo_w10_d2_S_ShiftReg_547                                                       |    53|
|987   |  layer4_out_1_U                                                     |myproject_fifo_w10_d2_S_461                                                                |    70|
|988   |    U_myproject_fifo_w10_d2_S_ShiftReg                               |myproject_fifo_w10_d2_S_ShiftReg_546                                                       |    53|
|989   |  layer4_out_2_U                                                     |myproject_fifo_w10_d2_S_462                                                                |    70|
|990   |    U_myproject_fifo_w10_d2_S_ShiftReg                               |myproject_fifo_w10_d2_S_ShiftReg_545                                                       |    53|
|991   |  layer4_out_3_U                                                     |myproject_fifo_w10_d2_S_463                                                                |    67|
|992   |    U_myproject_fifo_w10_d2_S_ShiftReg                               |myproject_fifo_w10_d2_S_ShiftReg_544                                                       |    53|
|993   |  layer4_out_4_U                                                     |myproject_fifo_w10_d2_S_464                                                                |    67|
|994   |    U_myproject_fifo_w10_d2_S_ShiftReg                               |myproject_fifo_w10_d2_S_ShiftReg_543                                                       |    53|
|995   |  layer4_out_5_U                                                     |myproject_fifo_w10_d2_S_465                                                                |    67|
|996   |    U_myproject_fifo_w10_d2_S_ShiftReg                               |myproject_fifo_w10_d2_S_ShiftReg_542                                                       |    53|
|997   |  layer4_out_6_U                                                     |myproject_fifo_w10_d2_S_466                                                                |    67|
|998   |    U_myproject_fifo_w10_d2_S_ShiftReg                               |myproject_fifo_w10_d2_S_ShiftReg_541                                                       |    53|
|999   |  layer4_out_7_U                                                     |myproject_fifo_w10_d2_S_467                                                                |    68|
|1000  |    U_myproject_fifo_w10_d2_S_ShiftReg                               |myproject_fifo_w10_d2_S_ShiftReg_540                                                       |    53|
|1001  |  layer4_out_8_U                                                     |myproject_fifo_w10_d2_S_468                                                                |    68|
|1002  |    U_myproject_fifo_w10_d2_S_ShiftReg                               |myproject_fifo_w10_d2_S_ShiftReg_539                                                       |    53|
|1003  |  layer4_out_9_U                                                     |myproject_fifo_w10_d2_S_469                                                                |    67|
|1004  |    U_myproject_fifo_w10_d2_S_ShiftReg                               |myproject_fifo_w10_d2_S_ShiftReg_538                                                       |    53|
|1005  |  layer4_out_U                                                       |myproject_fifo_w10_d2_S_470                                                                |    67|
|1006  |    U_myproject_fifo_w10_d2_S_ShiftReg                               |myproject_fifo_w10_d2_S_ShiftReg                                                           |    53|
|1007  |  layer8_out_10_U                                                    |myproject_fifo_w11_d2_S_471                                                                |    54|
|1008  |    U_myproject_fifo_w11_d2_S_ShiftReg                               |myproject_fifo_w11_d2_S_ShiftReg_537                                                       |    40|
|1009  |  layer8_out_11_U                                                    |myproject_fifo_w11_d2_S_472                                                                |    54|
|1010  |    U_myproject_fifo_w11_d2_S_ShiftReg                               |myproject_fifo_w11_d2_S_ShiftReg_536                                                       |    40|
|1011  |  layer8_out_12_U                                                    |myproject_fifo_w11_d2_S_473                                                                |    54|
|1012  |    U_myproject_fifo_w11_d2_S_ShiftReg                               |myproject_fifo_w11_d2_S_ShiftReg_535                                                       |    40|
|1013  |  layer8_out_13_U                                                    |myproject_fifo_w11_d2_S_474                                                                |    56|
|1014  |    U_myproject_fifo_w11_d2_S_ShiftReg                               |myproject_fifo_w11_d2_S_ShiftReg_534                                                       |    40|
|1015  |  layer8_out_14_U                                                    |myproject_fifo_w11_d2_S_475                                                                |    54|
|1016  |    U_myproject_fifo_w11_d2_S_ShiftReg                               |myproject_fifo_w11_d2_S_ShiftReg_533                                                       |    40|
|1017  |  layer8_out_15_U                                                    |myproject_fifo_w11_d2_S_476                                                                |    54|
|1018  |    U_myproject_fifo_w11_d2_S_ShiftReg                               |myproject_fifo_w11_d2_S_ShiftReg_532                                                       |    40|
|1019  |  layer8_out_16_U                                                    |myproject_fifo_w11_d2_S_477                                                                |    54|
|1020  |    U_myproject_fifo_w11_d2_S_ShiftReg                               |myproject_fifo_w11_d2_S_ShiftReg_531                                                       |    40|
|1021  |  layer8_out_17_U                                                    |myproject_fifo_w11_d2_S_478                                                                |    54|
|1022  |    U_myproject_fifo_w11_d2_S_ShiftReg                               |myproject_fifo_w11_d2_S_ShiftReg_530                                                       |    40|
|1023  |  layer8_out_18_U                                                    |myproject_fifo_w11_d2_S_479                                                                |    54|
|1024  |    U_myproject_fifo_w11_d2_S_ShiftReg                               |myproject_fifo_w11_d2_S_ShiftReg_529                                                       |    40|
|1025  |  layer8_out_19_U                                                    |myproject_fifo_w11_d2_S_480                                                                |    58|
|1026  |    U_myproject_fifo_w11_d2_S_ShiftReg                               |myproject_fifo_w11_d2_S_ShiftReg_528                                                       |    40|
|1027  |  layer8_out_1_U                                                     |myproject_fifo_w11_d2_S_481                                                                |    55|
|1028  |    U_myproject_fifo_w11_d2_S_ShiftReg                               |myproject_fifo_w11_d2_S_ShiftReg_527                                                       |    40|
|1029  |  layer8_out_20_U                                                    |myproject_fifo_w11_d2_S_482                                                                |    54|
|1030  |    U_myproject_fifo_w11_d2_S_ShiftReg                               |myproject_fifo_w11_d2_S_ShiftReg_526                                                       |    40|
|1031  |  layer8_out_21_U                                                    |myproject_fifo_w11_d2_S_483                                                                |    54|
|1032  |    U_myproject_fifo_w11_d2_S_ShiftReg                               |myproject_fifo_w11_d2_S_ShiftReg_525                                                       |    40|
|1033  |  layer8_out_22_U                                                    |myproject_fifo_w11_d2_S_484                                                                |    54|
|1034  |    U_myproject_fifo_w11_d2_S_ShiftReg                               |myproject_fifo_w11_d2_S_ShiftReg_524                                                       |    40|
|1035  |  layer8_out_23_U                                                    |myproject_fifo_w11_d2_S_485                                                                |    54|
|1036  |    U_myproject_fifo_w11_d2_S_ShiftReg                               |myproject_fifo_w11_d2_S_ShiftReg_523                                                       |    40|
|1037  |  layer8_out_24_U                                                    |myproject_fifo_w11_d2_S_486                                                                |    54|
|1038  |    U_myproject_fifo_w11_d2_S_ShiftReg                               |myproject_fifo_w11_d2_S_ShiftReg_522                                                       |    40|
|1039  |  layer8_out_25_U                                                    |myproject_fifo_w11_d2_S_487                                                                |    57|
|1040  |    U_myproject_fifo_w11_d2_S_ShiftReg                               |myproject_fifo_w11_d2_S_ShiftReg_521                                                       |    40|
|1041  |  layer8_out_26_U                                                    |myproject_fifo_w11_d2_S_488                                                                |    54|
|1042  |    U_myproject_fifo_w11_d2_S_ShiftReg                               |myproject_fifo_w11_d2_S_ShiftReg_520                                                       |    40|
|1043  |  layer8_out_27_U                                                    |myproject_fifo_w11_d2_S_489                                                                |    54|
|1044  |    U_myproject_fifo_w11_d2_S_ShiftReg                               |myproject_fifo_w11_d2_S_ShiftReg_519                                                       |    40|
|1045  |  layer8_out_28_U                                                    |myproject_fifo_w11_d2_S_490                                                                |    54|
|1046  |    U_myproject_fifo_w11_d2_S_ShiftReg                               |myproject_fifo_w11_d2_S_ShiftReg_518                                                       |    40|
|1047  |  layer8_out_29_U                                                    |myproject_fifo_w11_d2_S_491                                                                |    54|
|1048  |    U_myproject_fifo_w11_d2_S_ShiftReg                               |myproject_fifo_w11_d2_S_ShiftReg_517                                                       |    40|
|1049  |  layer8_out_2_U                                                     |myproject_fifo_w11_d2_S_492                                                                |    54|
|1050  |    U_myproject_fifo_w11_d2_S_ShiftReg                               |myproject_fifo_w11_d2_S_ShiftReg_516                                                       |    40|
|1051  |  layer8_out_30_U                                                    |myproject_fifo_w11_d2_S_493                                                                |    54|
|1052  |    U_myproject_fifo_w11_d2_S_ShiftReg                               |myproject_fifo_w11_d2_S_ShiftReg_515                                                       |    40|
|1053  |  layer8_out_31_U                                                    |myproject_fifo_w11_d2_S_494                                                                |    56|
|1054  |    U_myproject_fifo_w11_d2_S_ShiftReg                               |myproject_fifo_w11_d2_S_ShiftReg_514                                                       |    40|
|1055  |  layer8_out_32_U                                                    |myproject_fifo_w11_d2_S_495                                                                |    54|
|1056  |    U_myproject_fifo_w11_d2_S_ShiftReg                               |myproject_fifo_w11_d2_S_ShiftReg_513                                                       |    40|
|1057  |  layer8_out_33_U                                                    |myproject_fifo_w11_d2_S_496                                                                |    54|
|1058  |    U_myproject_fifo_w11_d2_S_ShiftReg                               |myproject_fifo_w11_d2_S_ShiftReg_512                                                       |    40|
|1059  |  layer8_out_3_U                                                     |myproject_fifo_w11_d2_S_497                                                                |    54|
|1060  |    U_myproject_fifo_w11_d2_S_ShiftReg                               |myproject_fifo_w11_d2_S_ShiftReg_511                                                       |    40|
|1061  |  layer8_out_4_U                                                     |myproject_fifo_w11_d2_S_498                                                                |    54|
|1062  |    U_myproject_fifo_w11_d2_S_ShiftReg                               |myproject_fifo_w11_d2_S_ShiftReg_510                                                       |    40|
|1063  |  layer8_out_5_U                                                     |myproject_fifo_w11_d2_S_499                                                                |    54|
|1064  |    U_myproject_fifo_w11_d2_S_ShiftReg                               |myproject_fifo_w11_d2_S_ShiftReg_509                                                       |    40|
|1065  |  layer8_out_6_U                                                     |myproject_fifo_w11_d2_S_500                                                                |    54|
|1066  |    U_myproject_fifo_w11_d2_S_ShiftReg                               |myproject_fifo_w11_d2_S_ShiftReg_508                                                       |    40|
|1067  |  layer8_out_7_U                                                     |myproject_fifo_w11_d2_S_501                                                                |    56|
|1068  |    U_myproject_fifo_w11_d2_S_ShiftReg                               |myproject_fifo_w11_d2_S_ShiftReg_507                                                       |    40|
|1069  |  layer8_out_8_U                                                     |myproject_fifo_w11_d2_S_502                                                                |    54|
|1070  |    U_myproject_fifo_w11_d2_S_ShiftReg                               |myproject_fifo_w11_d2_S_ShiftReg_506                                                       |    40|
|1071  |  layer8_out_9_U                                                     |myproject_fifo_w11_d2_S_503                                                                |    54|
|1072  |    U_myproject_fifo_w11_d2_S_ShiftReg                               |myproject_fifo_w11_d2_S_ShiftReg_505                                                       |    40|
|1073  |  layer8_out_U                                                       |myproject_fifo_w11_d2_S_504                                                                |    55|
|1074  |    U_myproject_fifo_w11_d2_S_ShiftReg                               |myproject_fifo_w11_d2_S_ShiftReg                                                           |    40|
|1075  |  layer9_out_U                                                       |myproject_fifo_w10_d3_S                                                                    |    47|
|1076  |    U_myproject_fifo_w10_d3_S_ShiftReg                               |myproject_fifo_w10_d3_S_ShiftReg                                                           |    28|
|1077  |  linear_ap_fixed_16_6_5_3_0_ap_fixed_10_1_4_0_0_linear_config10_U0  |myproject_linear_ap_fixed_16_6_5_3_0_ap_fixed_10_1_4_0_0_linear_config10_s                 |    42|
|1078  |  linear_ap_fixed_16_6_5_3_0_ap_fixed_10_1_4_0_0_linear_config11_U0  |myproject_linear_ap_fixed_16_6_5_3_0_ap_fixed_10_1_4_0_0_linear_config11_s                 |    41|
|1079  |  linear_ap_fixed_16_6_5_3_0_ap_fixed_10_1_4_0_0_linear_config3_U0   |myproject_linear_ap_fixed_16_6_5_3_0_ap_fixed_10_1_4_0_0_linear_config3_s                  |   852|
|1080  |  linear_ap_fixed_16_6_5_3_0_ap_fixed_10_1_4_0_0_linear_config4_U0   |myproject_linear_ap_fixed_16_6_5_3_0_ap_fixed_10_1_4_0_0_linear_config4_s                  |   380|
|1081  |  linear_ap_fixed_16_6_5_3_0_ap_fixed_10_1_4_0_0_linear_config9_U0   |myproject_linear_ap_fixed_16_6_5_3_0_ap_fixed_10_1_4_0_0_linear_config9_s                  |    29|
|1082  |  relu_ap_fixed_16_6_5_3_0_ap_ufixed_8_0_4_0_0_relu_config18_U0      |myproject_relu_ap_fixed_16_6_5_3_0_ap_ufixed_8_0_4_0_0_relu_config18_s                     |   984|
|1083  |  relu_ap_fixed_16_6_5_3_0_ap_ufixed_8_0_4_0_0_relu_config19_U0      |myproject_relu_ap_fixed_16_6_5_3_0_ap_ufixed_8_0_4_0_0_relu_config19_s                     |    18|
|1084  |  relu_ap_fixed_16_6_5_3_0_ap_ufixed_8_0_4_0_0_relu_config23_U0      |myproject_relu_ap_fixed_16_6_5_3_0_ap_ufixed_8_0_4_0_0_relu_config23_s                     |   429|
|1085  |  relu_ap_fixed_16_6_5_3_0_ap_ufixed_8_0_4_0_0_relu_config26_U0      |myproject_relu_ap_fixed_16_6_5_3_0_ap_ufixed_8_0_4_0_0_relu_config26_s                     |   323|
+------+---------------------------------------------------------------------+-------------------------------------------------------------------------------------------+------+
---------------------------------------------------------------------------------
Finished Writing Synthesis Report : Time (s): cpu = 00:01:32 ; elapsed = 00:01:57 . Memory (MB): peak = 2761.371 ; gain = 1081.250 ; free physical = 69598 ; free virtual = 194747
---------------------------------------------------------------------------------
Synthesis finished with 0 errors, 0 critical warnings and 215 warnings.
Synthesis Optimization Runtime : Time (s): cpu = 00:01:35 ; elapsed = 00:02:02 . Memory (MB): peak = 2765.281 ; gain = 1085.160 ; free physical = 87345 ; free virtual = 211515
Synthesis Optimization Complete : Time (s): cpu = 00:01:35 ; elapsed = 00:02:02 . Memory (MB): peak = 2765.281 ; gain = 1085.160 ; free physical = 87357 ; free virtual = 211516
INFO: [Project 1-571] Translating synthesized netlist
Netlist sorting complete. Time (s): cpu = 00:00:00.5 ; elapsed = 00:00:00.5 . Memory (MB): peak = 2765.281 ; gain = 0.000 ; free physical = 86985 ; free virtual = 211144
INFO: [Netlist 29-17] Analyzing 3457 Unisim elements for replacement
INFO: [Netlist 29-28] Unisim Transformation completed in 0 CPU seconds
INFO: [Project 1-570] Preparing netlist for logic optimization
INFO: [Opt 31-138] Pushed 0 inverter(s) to 0 load pin(s).
Netlist sorting complete. Time (s): cpu = 00:00:00.01 ; elapsed = 00:00:00.01 . Memory (MB): peak = 2869.895 ; gain = 0.000 ; free physical = 86212 ; free virtual = 210223
INFO: [Project 1-111] Unisim Transformation Summary:
No Unisim elements were transformed.

Synth Design complete | Checksum: c3d6cbe9
INFO: [Common 17-83] Releasing license: Synthesis
507 Infos, 129 Warnings, 0 Critical Warnings and 0 Errors encountered.
synth_design completed successfully
synth_design: Time (s): cpu = 00:01:49 ; elapsed = 00:02:15 . Memory (MB): peak = 2869.895 ; gain = 1195.891 ; free physical = 86155 ; free virtual = 210169
INFO: [Common 17-2834] synth_design peak Physical Memory [PSS] (MB): overall = 8055.250; main = 1670.033; forked = 6485.832
INFO: [Common 17-2834] synth_design peak Virtual Memory [VSS] (MB): overall = 16943.613; main = 2869.898; forked = 14182.238
# report_utilization -file vivado_synth.rpt
INFO: [Common 17-206] Exiting Vivado at Tue Aug 11 07:12:39 2026...
***** VIVADO SYNTHESIS COMPLETED IN 0h2m40s *****
INFO: [HLS 200-112] Total CPU user time: 354.1 seconds. Total CPU system time: 12.02 seconds. Total elapsed time: 1113.7 seconds; peak allocated memory: 1.435 GB.
