{
    "conv_filters": 2,
    "kernel_rows": 3,
    "kernel_cols": 3,
    "scalar_dense_units": 16,
    "merged_dense_1": 72,
    "merged_multiplier_2": 0.30000000000000004,
    "learning_rate": 0.0007236440598404395
}