{
    "conv_filters": 8,
    "kernel_rows": 3,
    "kernel_cols": 3,
    "scalar_dense_units": 24,
    "merged_dense_1": 56,
    "merged_multiplier_2": 0.30000000000000004,
    "learning_rate": 0.00026747337227559095
}