{"test_loss": 0.25325366854667664, "test_accuracy": 0.9242504239082336, "roc_auc": 0.9563202026937888, "fpr": [0.0, 0.000481986146687482, 0.0018370038043560636, 0.00476832835685163, 0.007766342816436031, 0.01084317262076178, 0.011907179774769995, 0.013965472816284463, 0.0161995847037604, 0.018548888248935236, 0.019964533094866392, 0.022668505691377298, 0.023189899510435454, 0.02579080588689998, 0.027524743471209662, 0.029264743774345604, 0.031116904375767314, 0.03304181760310411, 0.03627930945632569, 0.03708261970080483, 0.040317080194613275, 0.041077951407308605, 0.04437303908937963, 0.04622519969080134, 0.0480197644633736, 0.05117237825302757, 0.0520272216075299, 0.05489488761234976, 0.05582854631159343, 0.058617396971671946, 0.06042408718189672, 0.06217015020385892, 0.06381314700577474, 0.06546826924534307, 0.0676902556951665, 0.06863907119147582, 0.07063976840414084, 0.07827576276581233, 0.07927004865331858, 0.08018855055549662, 0.08118283644300286, 0.08212558922048592, 0.08298952665322765, 0.08394440486836321, 0.08488715764584628, 0.08585416129863438, 0.08685450990496688, 0.08774876093183988, 0.08875214089758553, 0.08966761144035043, 0.09052245479485276, 0.09136820407111569, 0.09221698470679177, 0.09298391863831335, 0.09374175849159555, 0.0945450687360747, 0.0955241978265153, 0.09625475544507935, 0.09711869287782106, 0.09783106233990634, 0.09863134122497234, 0.09949831001712718, 0.1000166724767722, 0.10086545311244828, 0.10147172499507404, 0.10217803173833305, 0.10275399002682753, 0.10338451278475833, 0.10384831077496703, 0.10457280567470482, 0.10510329357200236, 0.10587325886293708, 0.10645527987025782, 0.10712824165997241, 0.1076526668384437, 0.10832865998757142, 0.10890158691665278, 0.10971095987995817, 0.11022022826136381, 0.1109447231611016, 0.11147217969898601, 0.11218151780165815, 0.11261197083832244, 0.11336071661336526, 0.1138275459629871, 0.11454597814389864, 0.11497643118056293, 0.11565545568910378, 0.11612531639813875, 0.1168467799384634, 0.11728632705336708, 0.11800779059369174, 0.11842308683329039, 0.11911120542007063, 0.11959319156675811, 0.12032678054473529, 0.12075420222198645, 0.12149991663761614, 0.12192127559604105, 0.1226215196204738, 0.12300953362535429, 0.1236734013368295, 0.12404019582581809, 0.12461918547372569, 0.12503145035391122, 0.12566500447125514, 0.1260712066326144, 0.12671991754702397, 0.12706246116070752, 0.1276293253709626, 0.1279779317034724, 0.12862361125846886, 0.12898434302863118, 0.12958152083301758, 0.12993012716552738, 0.13060005759582885, 0.1309729148036437, 0.1315822180456826, 0.13191263622171362, 0.1324976885884475, 0.13291601618745927, 0.13356472710186884, 0.13381936129257166, 0.13441047637813178, 0.13481667853949103, 0.13535626051502797, 0.1356745532534065, 0.13630204465192416, 0.1366203373903027, 0.13717507616290525, 0.1375176197765888, 0.1380723585491914, 0.1383785258499174, 0.13898176637313003, 0.13933037270563983, 0.13994270730709188, 0.14026403140488353, 0.14073086075450536, 0.14110978068114646, 0.14165542537550965, 0.14200100034860633, 0.14254967640238264, 0.14291040817254497, 0.14341664519453748, 0.14375615744880793, 0.14433514709671552, 0.1446898161480516, 0.14526274307713294, 0.1456356002849478, 0.14626309168346546, 0.14665413704775906, 0.1472695030086242, 0.14761204662230779, 0.1480667505342771, 0.14837594919441624, 0.14897009563938948, 0.1493308274095518, 0.1499280052139382, 0.15030086242175303, 0.1508010367249193, 0.15118601937038664, 0.15171650726768418, 0.15208330175667278, 0.15266835412340665, 0.15300786637767708, 0.15362323233854222, 0.15396577595222577, 0.1543992603483032, 0.15472361580550797, 0.15536323264167817, 0.1557239644118405, 0.15630901677857434, 0.15671521893993362, 0.15722145596192613, 0.15766100307682981, 0.15823089864649803, 0.15857344226018158, 0.15917062006456795, 0.15966776300832108, 0.16014368643618232, 0.16057110811343348, 0.1610985646513179, 0.16147445321854587, 0.16201403519408278, 0.16244145687133396, 0.16296891340921837, 0.16350243266592904, 0.16398441881261652, 0.16446034224047773, 0.16496354790305712, 0.16556375706685664, 0.16597299058762902, 0.16651257256316596, 0.16697637055337466, 0.16743107446534397, 0.16789184109613955, 0.168349576367522, 0.16887703290540643, 0.1694105521621171, 0.16980159752641072, 0.17054124922321415, 0.17075344438213316, 0.17148703336011034, 0.1718113888173151, 0.1726177304212074, 0.17305424617669793, 0.1737969292329145, 0.1740394379859648, 0.1748184973551389, 0.17510950785879928, 0.1759522257756491, 0.17644936871940223, 0.17731330615214394, 0.17755581490519423, 0.17842884641617535, 0.17871076284159632, 0.17951407308607545, 0.1799930278733498, 0.1808327144307865, 0.18109341134031556, 0.18195734877305728, 0.18215438713491064, 0.1829698228170423, 0.18346090304196916, 0.18437637358473408, 0.1846522272913288, 0.1855555723964412, 0.18581930066538338, 0.18671658305166952, 0.18720160055777013, 0.18807766342816437, 0.1883444230565197, 0.18927808175576338, 0.18954181002470558, 0.1906179426163663, 0.19121815178016582, 0.19219728087060642, 0.1924276641860042, 0.19341285599527108, 0.19361292571653757, 0.19459811752580444, 0.19507404095366568, 0.19611076587295573, 0.19633205511011412, 0.1972869333252497, 0.1975294420783, 0.19859344923230823, 0.19915121936432392, 1.0],