{
    "loss": [
        0.35053202509880066,
        0.24003367125988007,
        0.2161867916584015,
        0.20403657853603363,
        0.19211554527282715,
        0.18652255833148956,
        0.1833898425102234,
        0.18041463196277618,
        0.17902836203575134,
        0.17915262281894684,
        0.17799828946590424,
        0.1775231808423996,
        0.17677336931228638,
        0.1764732152223587,
        0.17632359266281128,
        0.1754169762134552,
        0.1750124990940094,
        0.18266913294792175,
        0.17516261339187622,
        0.17405666410923004,
        0.17323990166187286,
        0.17296528816223145,
        0.17182405292987823,
        0.1724003702402115,
        0.1719079613685608,
        0.17212426662445068,
        0.17172956466674805,
        0.17099374532699585,
        0.17069581151008606,
        0.17148561775684357,
        0.17027418315410614,
        0.17050595581531525,
        0.1698954999446869,
        0.1694195568561554,
        0.16985657811164856,
        0.16899912059307098,
        0.16968934237957,
        0.16896702349185944,
        0.16881339251995087,
        0.1689157783985138
    ],
    "binary_accuracy": [
        0.8612146973609924,
        0.9219030141830444,
        0.932589590549469,
        0.9386665225028992,
        0.941108226776123,
        0.9422335028648376,
        0.9428904056549072,
        0.9434828162193298,
        0.9437652230262756,
        0.944185733795166,
        0.9442580938339233,
        0.9445462226867676,
        0.9447155594825745,
        0.9448267817497253,
        0.9449870586395264,
        0.9452615976333618,
        0.9451619982719421,
        0.9426000118255615,
        0.9452415704727173,
        0.9454904794692993,
        0.9456356763839722,
        0.9455127120018005,
        0.9458343982696533,
        0.9457321763038635,
        0.9458038210868835,
        0.9460323452949524,
        0.9458736181259155,
        0.9458977580070496,
        0.9461541771888733,
        0.9460086226463318,
        0.9462299346923828,
        0.9461843371391296,
        0.9463487267494202,
        0.9464520812034607,
        0.9463517665863037,
        0.9463400840759277,
        0.9463551640510559,
        0.9465267658233643,
        0.9464543461799622,
        0.9465191960334778
    ],
    "val_loss": [
        0.24226747453212738,
        0.21159686148166656,
        0.19955968856811523,
        0.19052056968212128,
        0.17982453107833862,
        0.17487330734729767,
        0.17279401421546936,
        0.1691964715719223,
        0.17142997682094574,
        0.17046871781349182,
        0.16847777366638184,
        0.17012470960617065,
        0.16726641356945038,
        0.17023606598377228,
        0.16738314926624298,
        0.16522936522960663,
        0.16514527797698975,
        0.1670054942369461,
        0.16587495803833008,
        0.16374428570270538,
        0.1644073873758316,
        0.16167762875556946,
        0.1613135188817978,
        0.16218186914920807,
        0.163003072142601,
        0.16190938651561737,
        0.16037116944789886,
        0.16151753067970276,
        0.16142842173576355,
        0.16353507339954376,
        0.1604752093553543,
        0.1602398157119751,
        0.15957459807395935,
        0.1630038619041443,
        0.16053831577301025,
        0.15888722240924835,
        0.15945467352867126,
        0.15842707455158234,
        0.1587979942560196,
        0.15880155563354492
    ],
    "val_binary_accuracy": [
        0.9203651547431946,
        0.931296706199646,
        0.940769374370575,
        0.9434723854064941,
        0.9456387162208557,
        0.9456886053085327,
        0.9461466670036316,
        0.9468557238578796,
        0.9469645619392395,
        0.9474150538444519,
        0.9470869898796082,
        0.9474271535873413,
        0.9482132792472839,
        0.9477355480194092,
        0.9480998516082764,
        0.9485050439834595,
        0.9483100175857544,
        0.9482223391532898,
        0.9488330483436584,
        0.9487922787666321,
        0.9487498998641968,
        0.9487423896789551,
        0.9482691884040833,
        0.9491006731987,
        0.9491323828697205,
        0.9489434361457825,
        0.9489766955375671,
        0.9492170810699463,
        0.9491762518882751,
        0.9491520524024963,
        0.9494377970695496,
        0.9492170810699463,
        0.9494544267654419,
        0.9486804008483887,
        0.949096143245697,
        0.9490916132926941,
        0.9495209455490112,
        0.9497537612915039,
        0.9494060277938843,
        0.948951005935669
    ]
}