{
    "loss": [
        0.28651389479637146,
        0.2159600704908371,
        0.20872986316680908,
        0.2036767303943634,
        0.20183566212654114,
        0.19742892682552338,
        0.193618506193161,
        0.19141635298728943,
        0.18447935581207275,
        0.177683025598526,
        0.1760624647140503,
        0.17286963760852814,
        0.1709149032831192,
        0.1689489483833313,
        0.16787944734096527,
        0.16669566929340363,
        0.1650087982416153,
        0.16410423815250397,
        0.16398684680461884,
        0.16321003437042236,
        0.16385987401008606,
        0.16181819140911102,
        0.16185151040554047,
        0.16046100854873657,
        0.16083340346813202,
        0.15992555022239685,
        0.15973997116088867,
        0.15891936421394348,
        0.15955878794193268,
        0.1589968204498291,
        0.158085435628891,
        0.15820802748203278,
        0.15817861258983612,
        0.1581716239452362,
        0.15724188089370728,
        0.15706221759319305,
        0.15757668018341064,
        0.1572476327419281,
        0.1561635285615921,
        0.1570560783147812
    ],
    "binary_accuracy": [
        0.899671196937561,
        0.9395372271537781,
        0.941749632358551,
        0.9426788091659546,
        0.9429265856742859,
        0.9437301754951477,
        0.9444953203201294,
        0.943953812122345,
        0.9452023506164551,
        0.9458739757537842,
        0.9457363486289978,
        0.9462646842002869,
        0.9468242526054382,
        0.9472454786300659,
        0.9472202062606812,
        0.9472730159759521,
        0.9477134943008423,
        0.9480449557304382,
        0.9481229782104492,
        0.9481388330459595,
        0.9480592608451843,
        0.9483088850975037,
        0.948391854763031,
        0.9490159749984741,
        0.9487271308898926,
        0.9488040208816528,
        0.94898921251297,
        0.9492471218109131,
        0.9489797353744507,
        0.9490717649459839,
        0.9493904113769531,
        0.9493579864501953,
        0.9494398236274719,
        0.9493353366851807,
        0.949809730052948,
        0.9496513605117798,
        0.9497128129005432,
        0.9496464729309082,
        0.9500137567520142,
        0.9497399926185608
    ],
    "val_loss": [
        0.21711012721061707,
        0.20610469579696655,
        0.20207957923412323,
        0.20075082778930664,
        0.19263242185115814,
        0.19495616853237152,
        0.18777960538864136,
        0.18580566346645355,
        0.17614956200122833,
        0.17467950284481049,
        0.1692943423986435,
        0.16582779586315155,
        0.16607092320919037,
        0.161930114030838,
        0.16431069374084473,
        0.16018612682819366,
        0.16646447777748108,
        0.161657452583313,
        0.15717902779579163,
        0.16525939106941223,
        0.15567824244499207,
        0.15724590420722961,
        0.15971140563488007,
        0.15945415198802948,
        0.1577947735786438,
        0.15515173971652985,
        0.15318940579891205,
        0.15566469728946686,
        0.15677395462989807,
        0.1532248854637146,
        0.15503737330436707,
        0.1561027467250824,
        0.15444502234458923,
        0.15278847515583038,
        0.15460804104804993,
        0.15231524407863617,
        0.1536504179239273,
        0.1519421637058258,
        0.14906807243824005,
        0.1515468955039978
    ],
    "val_binary_accuracy": [
        0.9372878074645996,
        0.9424232244491577,
        0.9417126774787903,
        0.9447422623634338,
        0.9459562301635742,
        0.944418728351593,
        0.9457974433898926,
        0.9450763463973999,
        0.9473666548728943,
        0.9450627565383911,
        0.9481180310249329,
        0.9482797980308533,
        0.9484808444976807,
        0.9484007358551025,
        0.9488481879234314,
        0.9489706158638,
        0.9485518932342529,
        0.9492261409759521,
        0.9491641521453857,
        0.9493168592453003,
        0.9491173028945923,
        0.9501059651374817,
        0.9497053623199463,
        0.9486108422279358,
        0.9500848054885864,
        0.9495663046836853,
        0.949489176273346,
        0.9503735303878784,
        0.9493969678878784,
        0.9504975080490112,
        0.9500606060028076,
        0.9495783448219299,
        0.950127124786377,
        0.9512110948562622,
        0.9515073895454407,
        0.9511959552764893,
        0.9513667821884155,
        0.9506577849388123,
        0.951673686504364,
        0.9506592750549316
    ]
}