{
    "loss": [
        0.4648706614971161,
        0.2648245096206665,
        0.23192036151885986,
        0.2222256362438202,
        0.21715734899044037,
        0.21362155675888062,
        0.21071766316890717,
        0.20858782529830933,
        0.20656441152095795,
        0.20460811257362366,
        0.2029770314693451,
        0.2010461688041687,
        0.19908855855464935,
        0.1975613832473755,
        0.1964552402496338,
        0.1954612135887146,
        0.19393393397331238,
        0.1925264298915863,
        0.19078755378723145,
        0.18976034224033356,
        0.18864287436008453,
        0.18695342540740967,
        0.18593060970306396,
        0.18475982546806335,
        0.1834726333618164,
        0.18194134533405304,
        0.18133290112018585,
        0.1810043603181839,
        0.17899009585380554,
        0.17848826944828033,
        0.17745348811149597,
        0.17646588385105133,
        0.17497417330741882,
        0.1735374927520752,
        0.17267148196697235,
        0.17185203731060028,
        0.17129816114902496,
        0.16995474696159363,
        0.1690613329410553,
        0.16866165399551392
    ],
    "binary_accuracy": [
        0.7827666401863098,
        0.9159089922904968,
        0.9325948357582092,
        0.9362545609474182,
        0.9382094740867615,
        0.9396680593490601,
        0.9407763481140137,
        0.9414385557174683,
        0.942115068435669,
        0.942838728427887,
        0.9430996775627136,
        0.9437516927719116,
        0.9441306591033936,
        0.9445741176605225,
        0.9450051188468933,
        0.9452276229858398,
        0.9453898072242737,
        0.9454535245895386,
        0.9458438158035278,
        0.9459799528121948,
        0.9460225701332092,
        0.9464143514633179,
        0.9465678334236145,
        0.9468061923980713,
        0.9468887448310852,
        0.9468593597412109,
        0.9470614790916443,
        0.9471696615219116,
        0.9472817182540894,
        0.9473461508750916,
        0.9475449323654175,
        0.947525680065155,
        0.9476172924041748,
        0.9478333592414856,
        0.9478307366371155,
        0.9478737115859985,
        0.9478036165237427,
        0.9479721784591675,
        0.9479151964187622,
        0.948201060295105
    ],
    "val_loss": [
        0.30565860867500305,
        0.23064707219600677,
        0.2194904088973999,
        0.21540828049182892,
        0.2121206820011139,
        0.20895692706108093,
        0.20781604945659637,
        0.20504842698574066,
        0.20303191244602203,
        0.20124545693397522,
        0.20014841854572296,
        0.19805914163589478,
        0.19843338429927826,
        0.1933262050151825,
        0.19455139338970184,
        0.19113600254058838,
        0.19038578867912292,
        0.18928854167461395,
        0.18642054498195648,
        0.18608596920967102,
        0.18448340892791748,
        0.1842617243528366,
        0.18304705619812012,
        0.18051819503307343,
        0.1812860667705536,
        0.1798115372657776,
        0.17717690765857697,
        0.17507696151733398,
        0.17514686286449432,
        0.1739523857831955,
        0.17373637855052948,
        0.1738641858100891,
        0.169424369931221,
        0.17087393999099731,
        0.16913765668869019,
        0.16995075345039368,
        0.16436371207237244,
        0.16687138378620148,
        0.16575811803340912,
        0.16318802535533905
    ],
    "val_binary_accuracy": [
        0.8910219669342041,
        0.9307569861412048,
        0.9352771639823914,
        0.9379847049713135,
        0.9404125809669495,
        0.9419575929641724,
        0.9421042203903198,
        0.9432486295700073,
        0.9435615539550781,
        0.9435600638389587,
        0.9449282288551331,
        0.9453136920928955,
        0.9461164474487305,
        0.9454981684684753,
        0.9455510377883911,
        0.9459924697875977,
        0.9456795454025269,
        0.9465699791908264,
        0.9466742873191833,
        0.9467498660087585,
        0.9468708038330078,
        0.9475117921829224,
        0.9470159411430359,
        0.9478957653045654,
        0.9478882551193237,
        0.9475163221359253,
        0.9480409026145935,
        0.9479320645332336,
        0.9485095739364624,
        0.9483447670936584,
        0.94853675365448,
        0.948746919631958,
        0.9487272500991821,
        0.9489419460296631,
        0.9483387470245361,
        0.9489403963088989,
        0.9485262036323547,
        0.9474906325340271,
        0.9497900009155273,
        0.9498398900032043
    ]
}