{
    "loss": [
        0.7034019231796265,
        0.38387376070022583,
        0.3599253296852112,
        0.33676594495773315,
        0.3376557528972626,
        0.32322126626968384,
        0.3280516564846039,
        0.32058900594711304,
        0.31345734000205994,
        0.36228567361831665,
        0.3404984176158905,
        0.39327898621559143,
        0.335633248090744,
        0.35448893904685974,
        0.3686663806438446,
        0.3134416937828064,
        0.3117738962173462,
        0.3471551835536957,
        0.29863491654396057,
        0.29339417815208435,
        0.2926197946071625,
        0.29398924112319946,
        0.2846516966819763,
        0.2861124575138092,
        0.2768409550189972,
        0.27598318457603455,
        0.26218998432159424,
        0.27795496582984924,
        0.26738524436950684,
        0.27815383672714233,
        0.2702420949935913,
        0.2658155858516693,
        0.2692616879940033,
        0.26528221368789673,
        0.270220011472702,
        0.2671668827533722,
        0.2729962468147278,
        0.3530566394329071,
        0.2966116964817047,
        0.29584795236587524
    ],
    "binary_accuracy": [
        0.7439130544662476,
        0.8491995930671692,
        0.8649747371673584,
        0.879534900188446,
        0.8796265125274658,
        0.8898372054100037,
        0.8826459646224976,
        0.8894653916358948,
        0.895365834236145,
        0.8807125687599182,
        0.8687374591827393,
        0.8718684911727905,
        0.8850989937782288,
        0.8861755728721619,
        0.8874713182449341,
        0.8958255052566528,
        0.9012184143066406,
        0.8965457677841187,
        0.9072391390800476,
        0.910258948802948,
        0.9094221591949463,
        0.9058718085289001,
        0.9102272987365723,
        0.9084880948066711,
        0.9121425747871399,
        0.9126784205436707,
        0.9172989726066589,
        0.9111202359199524,
        0.9171888828277588,
        0.912376344203949,
        0.9163373708724976,
        0.9192070960998535,
        0.9174389243125916,
        0.9187949299812317,
        0.9166123270988464,
        0.9181463122367859,
        0.917887270450592,
        0.8834959268569946,
        0.9119351506233215,
        0.8963655233383179
    ],
    "val_loss": [
        0.39989203214645386,
        0.32662153244018555,
        0.4105767011642456,
        0.2906704246997833,
        0.2869979739189148,
        0.2826950252056122,
        0.28337112069129944,
        0.2763233780860901,
        0.28285494446754456,
        0.42909303307533264,
        0.2719835340976715,
        0.34742459654808044,
        0.31823867559432983,
        0.8205582499504089,
        0.2806602120399475,
        0.2901819944381714,
        0.2921823561191559,
        0.28482383489608765,
        0.2841193675994873,
        0.27128008008003235,
        0.2583692967891693,
        0.27809420228004456,
        0.2885805666446686,
        0.25211086869239807,
        0.25231578946113586,
        0.23405881226062775,
        0.23656974732875824,
        0.23540882766246796,
        0.2591640055179596,
        0.24336886405944824,
        0.2396683394908905,
        0.2560160458087921,
        0.24567849934101105,
        0.24845431745052338,
        0.22972190380096436,
        0.27446189522743225,
        0.2779380679130554,
        0.3166956305503845,
        0.3137013912200928,
        0.26837629079818726
    ],
    "val_binary_accuracy": [
        0.8542575836181641,
        0.8872063159942627,
        0.8350386023521423,
        0.9055711030960083,
        0.9055318236351013,
        0.9106007218360901,
        0.909090518951416,
        0.9130104780197144,
        0.910555362701416,
        0.808348536491394,
        0.9144526720046997,
        0.8864715695381165,
        0.8988982439041138,
        0.6878600120544434,
        0.9140021800994873,
        0.907943069934845,
        0.9094623923301697,
        0.9104888439178467,
        0.9167808294296265,
        0.9203062057495117,
        0.918752133846283,
        0.9140112400054932,
        0.9070375561714172,
        0.9188836812973022,
        0.929172694683075,
        0.9286224246025085,
        0.9291908144950867,
        0.932687520980835,
        0.9271862506866455,
        0.9279406070709229,
        0.9303125143051147,
        0.9229941368103027,
        0.9304727911949158,
        0.9220417141914368,
        0.9263895153999329,
        0.9186856150627136,
        0.9159931540489197,
        0.9094306230545044,
        0.8918851613998413,
        0.906840980052948
    ]
}