{
    "loss": [
        0.5386438965797424,
        0.39418303966522217,
        0.3412878215312958,
        0.31787410378456116,
        0.2972068190574646,
        0.2812421917915344,
        0.2680859863758087,
        0.2646012306213379,
        0.25608691573143005,
        0.24906229972839355,
        0.24829453229904175,
        0.2454098016023636,
        0.2415294647216797,
        0.23885804414749146,
        0.2373843938112259,
        0.23626844584941864,
        0.23396126925945282,
        0.232201486825943,
        0.2294720709323883,
        0.2279018610715866,
        0.22489148378372192,
        0.22381126880645752,
        0.22283050417900085,
        0.2210347205400467,
        0.24203288555145264,
        0.21939535439014435,
        0.21996022760868073,
        0.21837948262691498,
        0.21692690253257751,
        0.21554845571517944,
        0.2145819365978241,
        0.21455900371074677,
        0.21319808065891266,
        0.2134438306093216,
        0.21183931827545166,
        0.21057003736495972,
        0.21127119660377502,
        0.2109876424074173,
        0.21066749095916748,
        0.20935627818107605
    ],
    "binary_accuracy": [
        0.7347793579101562,
        0.8550238609313965,
        0.8830788731575012,
        0.891687273979187,
        0.9010573625564575,
        0.9095070362091064,
        0.9154361486434937,
        0.9172446727752686,
        0.9211570620536804,
        0.924018144607544,
        0.9235256314277649,
        0.925371527671814,
        0.9274048209190369,
        0.928248405456543,
        0.9290754199028015,
        0.9298684597015381,
        0.9302485585212708,
        0.9313730597496033,
        0.9318123459815979,
        0.932080090045929,
        0.9332656860351562,
        0.9332019686698914,
        0.9334056377410889,
        0.9344550967216492,
        0.9266616106033325,
        0.9336948394775391,
        0.9337902665138245,
        0.93488609790802,
        0.9355554580688477,
        0.9358816146850586,
        0.9357417225837708,
        0.9358024597167969,
        0.9362353682518005,
        0.9362692832946777,
        0.9368963837623596,
        0.9369624257087708,
        0.9372610449790955,
        0.9371607303619385,
        0.9371192455291748,
        0.9372279047966003
    ],
    "val_loss": [
        0.4339279532432556,
        0.37914901971817017,
        0.3071909248828888,
        0.28859925270080566,
        0.2741025388240814,
        0.26057231426239014,
        0.25425201654434204,
        0.25016942620277405,
        0.23976702988147736,
        0.23651857674121857,
        0.24567414820194244,
        0.22846317291259766,
        0.2278042435646057,
        0.22733500599861145,
        0.2237243950366974,
        0.2236189842224121,
        0.22584110498428345,
        0.25418558716773987,
        0.2176300287246704,
        0.22634457051753998,
        0.23162521421909332,
        0.2185482680797577,
        0.22238022089004517,
        0.2110687792301178,
        0.21575546264648438,
        0.2222537398338318,
        0.211137592792511,
        0.21115729212760925,
        0.2092013955116272,
        0.21645550429821014,
        0.21053846180438995,
        0.21109668910503387,
        0.20713651180267334,
        0.2042168378829956,
        0.20782460272312164,
        0.20506994426250458,
        0.20669713616371155,
        0.20420314371585846,
        0.2056794911623001,
        0.20186598598957062
    ],
    "val_binary_accuracy": [
        0.8294224143028259,
        0.8518946766853333,
        0.8997357487678528,
        0.9072355628013611,
        0.9081124067306519,
        0.918463408946991,
        0.9205042719841003,
        0.9167868494987488,
        0.9240765571594238,
        0.9257606267929077,
        0.9263003468513489,
        0.9312876462936401,
        0.9292770028114319,
        0.9317169785499573,
        0.9331455826759338,
        0.9339196085929871,
        0.9323942065238953,
        0.9270758628845215,
        0.9339528679847717,
        0.9375402331352234,
        0.9283109903335571,
        0.9352045655250549,
        0.9334524869918823,
        0.9377413392066956,
        0.9366180896759033,
        0.9374359250068665,
        0.9360949993133545,
        0.936113178730011,
        0.9372817277908325,
        0.936042070388794,
        0.9365485310554504,
        0.938476026058197,
        0.936497151851654,
        0.9386513829231262,
        0.937987744808197,
        0.9390353560447693,
        0.9373981356620789,
        0.9398955702781677,
        0.9390262961387634,
        0.9400089383125305
    ]
}