{
    "loss": [
        0.6329231262207031,
        0.5528157353401184,
        3.597487449645996,
        3.026522159576416,
        0.4577837884426117,
        0.4350697100162506,
        0.4184322655200958,
        0.39934206008911133,
        0.3747217059135437,
        0.35550248622894287,
        0.3584422469139099,
        0.3448083996772766,
        0.3324582278728485,
        0.32862958312034607,
        0.3198850750923157,
        0.3118354380130768,
        0.30801957845687866,
        0.3014551103115082,
        0.29434987902641296,
        0.2898856997489929,
        0.2881111204624176,
        0.2863296866416931,
        0.2815758287906647,
        0.2780892252922058,
        0.2744484841823578,
        0.27213743329048157,
        0.2704221308231354,
        0.26889458298683167,
        0.26814696192741394,
        0.2687152028083801,
        0.2656426429748535,
        0.2615123987197876,
        0.26705485582351685,
        0.26570630073547363,
        0.2634930908679962,
        0.26210877299308777,
        0.2630921006202698,
        0.2631707787513733,
        0.26325324177742004,
        0.2624407708644867
    ],
    "binary_accuracy": [
        0.6128051280975342,
        0.7608689069747925,
        0.6691545248031616,
        0.6963496804237366,
        0.8192644119262695,
        0.8302360773086548,
        0.8403917551040649,
        0.8499666452407837,
        0.8577623963356018,
        0.8662761449813843,
        0.8652802109718323,
        0.8703921437263489,
        0.8748388886451721,
        0.8749237060546875,
        0.8813698291778564,
        0.8862106800079346,
        0.8887372016906738,
        0.8935161828994751,
        0.8982087969779968,
        0.9004608392715454,
        0.901296854019165,
        0.9026830792427063,
        0.9049520492553711,
        0.9067304730415344,
        0.9090492129325867,
        0.9101356267929077,
        0.9114735722541809,
        0.9121320247650146,
        0.9133496284484863,
        0.9132229685783386,
        0.9152366518974304,
        0.9171998500823975,
        0.9163894653320312,
        0.9168325066566467,
        0.9175237417221069,
        0.9177888631820679,
        0.9183043241500854,
        0.9178401231765747,
        0.9181271195411682,
        0.9183024764060974
    ],
    "val_loss": [
        0.5583303570747375,
        0.4660334289073944,
        7.712474346160889,
        0.4276259243488312,
        0.4214334785938263,
        0.3918476104736328,
        0.3773352801799774,
        0.37317416071891785,
        0.3505524694919586,
        0.3404983878135681,
        0.3366874158382416,
        0.3300790786743164,
        0.6451178193092346,
        0.3037918210029602,
        0.2985820174217224,
        0.3231627643108368,
        0.3526066839694977,
        0.3203584849834442,
        0.2764853239059448,
        0.2772384583950043,
        0.27195584774017334,
        0.26766151189804077,
        0.27284637093544006,
        0.26678502559661865,
        0.261526495218277,
        0.2626511752605438,
        0.25894996523857117,
        0.2622282803058624,
        0.25604182481765747,
        0.25529953837394714,
        0.25085511803627014,
        0.24810917675495148,
        0.25172296166419983,
        0.26927682757377625,
        0.2606061100959778,
        0.24982161819934845,
        0.2518947720527649,
        0.2604992091655731,
        0.2501075267791748,
        0.2921290993690491
    ],
    "val_binary_accuracy": [
        0.7351991534233093,
        0.7981864809989929,
        0.5,
        0.8235840201377869,
        0.832080066204071,
        0.8460078835487366,
        0.8569560647010803,
        0.8606900572776794,
        0.8676623106002808,
        0.8771002292633057,
        0.8752044439315796,
        0.8835433125495911,
        0.5329003930091858,
        0.8886923789978027,
        0.8910582661628723,
        0.8908738493919373,
        0.8765982985496521,
        0.8942117691040039,
        0.9048318862915039,
        0.9076634049415588,
        0.9073111414909363,
        0.9090753793716431,
        0.9087821245193481,
        0.9130467772483826,
        0.9121789932250977,
        0.9125221967697144,
        0.918059766292572,
        0.9205541610717773,
        0.9135743975639343,
        0.9135834574699402,
        0.9192842841148376,
        0.9194384813308716,
        0.9212661981582642,
        0.921175479888916,
        0.9212616682052612,
        0.9179856777191162,
        0.9232163429260254,
        0.9214853644371033,
        0.9213281869888306,
        0.9170982837677002
    ]
}