{
  "timestamp": "2026-05-05T19:59:26.587045",
  "metric_name": "weighted_bkg_rej",
  "bkg_rej_weights": {
    "0.95": 0.1,
    "0.98": 0.7,
    "0.99": 0.2
  },
  "total_models": 114,
  "primary_pareto_models": 17,
  "secondary_pareto_models": 15,
  "primary_metric_range": {
    "min": 0.6846163614429417,
    "max": 0.9077084486047996,
    "mean": 0.8681110204587391
  },
  "parameters_range": {
    "min": 377,
    "max": 14399,
    "mean": 5104.368421052632
  },
  "auc_range": {
    "min": 0.8962041538187366,
    "max": 0.9760756491728376,
    "mean": 0.9621157203258294
  }
}