fpr,tpr,thresholds
0.0,0.0,inf
6.047027734692705e-06,0.0,0.5703125
9.070541602039058e-06,0.0,0.5625
1.8141083204078116e-05,6.047027734692705e-06,0.5546875
1.0,1.0,0.546875
