fpr,tpr,thresholds
0.0,0.0,inf
0.999990929458398,0.9999969764861326,0.0
0.9999939529722653,0.9999969764861326,-0.0078125
1.0,0.9999969764861326,-0.015625
1.0,1.0,-0.0234375
