trial_id,parameters,auc,primary_metric
019,59073,0.9810179280742977,0.9147580735379043
045,52213,0.9809403473463721,0.9143952518738228
033,46735,0.9813267783872646,0.9140203361542718
007,39613,0.9806081271903142,0.9131979403823536
014,36393,0.9805147782005355,0.9102530378755582
006,22223,0.9803305073482184,0.9092885369518747
027,21701,0.9785044093195464,0.9040548344474982
119,18383,0.9777463894518769,0.9038643530738554
101,16095,0.9786282129661066,0.9031114981208861
085,12081,0.9781829262847733,0.9025491245415597
100,11225,0.9778223416110426,0.9020290801563762
077,11057,0.9770242261754591,0.8969193417205608
043,6413,0.9749266983944602,0.8929706326098065
112,5549,0.9756544763083665,0.8869750046108587
072,3095,0.9710154628521229,0.88527578981741
062,1433,0.9618100148807863,0.8225439240977079
