{
    "input_bits": 6,
    "input_int_bits": 3,
    "spatial_units": 112,
    "nmodule_xlocal_units": 6,
    "dense2_ratio": 0.6000000000000001,
    "dense3_ratio": 0.6000000000000001,
    "dropout_rate": 0.0,
    "learning_rate": 0.0022466970035351194
}