
****** Vitis HLS - High-Level Synthesis from C, C++ and OpenCL v2024.1 (64-bit)
  **** SW Build 5069499 on May 21 2024
  **** IP Build 5075265 on Wed May 22 21:45:21 MDT 2024
  **** SharedData Build 5076995 on Wed May 22 18:29:18 MDT 2024
  **** Start of session at: Tue Aug 11 05:36:58 2026
    ** Copyright 1986-2022 Xilinx, Inc. All Rights Reserved.
    ** Copyright 2022-2024 Advanced Micro Devices, Inc. All Rights Reserved.

source /code/Xilinx_2024.1/Vitis_HLS/2024.1/scripts/vitis_hls/hls.tcl -notrace
INFO: [HLS 200-10] For user 'dabadjiev' on host 'kdplab01' (Linux_x86_64 version 5.14.0-687.17.1.el9_8.x86_64) on Tue Aug 11 05:37:00 CDT 2026
INFO: [HLS 200-10] In directory '/home/dabadjiev/smartpixels_ml_dsabadjiev/Muon_Collider_Smart_Pixels/eric/Results_June2026_99SigEff/model2.5_fin_results/model2_5_8bit_normalised_selected/pareto_primary/hls_outputs_vsynth/hls_model_trial_075'
WARNING: [HLS 200-2053] The vitis_hls executable is deprecated. Consider using vitis-run --mode hls --tcl
Sourcing Tcl script 'build_prj.tcl'
INFO: hls4ml requested max HLS threads: 4
INFO: [HLS 200-1510] Running: open_project -reset myproject_prj 
INFO: [HLS 200-10] Creating and opening project '/home/dabadjiev/smartpixels_ml_dsabadjiev/Muon_Collider_Smart_Pixels/eric/Results_June2026_99SigEff/model2.5_fin_results/model2_5_8bit_normalised_selected/pareto_primary/hls_outputs_vsynth/hls_model_trial_075/myproject_prj'.
INFO: [HLS 200-1510] Running: set_top myproject 
INFO: [HLS 200-1510] Running: add_files firmware/myproject.cpp -cflags -std=c++0x 
INFO: [HLS 200-10] Adding design file 'firmware/myproject.cpp' to the project
INFO: [HLS 200-1510] Running: add_files -tb myproject_test.cpp -cflags -std=c++0x 
INFO: [HLS 200-10] Adding test bench file 'myproject_test.cpp' to the project
INFO: [HLS 200-1510] Running: add_files -tb firmware/weights 
INFO: [HLS 200-10] Adding test bench file 'firmware/weights' to the project
INFO: [HLS 200-1510] Running: add_files -tb tb_data 
INFO: [HLS 200-10] Adding test bench file 'tb_data' to the project
INFO: [HLS 200-1510] Running: open_solution -reset solution1 
INFO: [HLS 200-10] Creating and opening solution '/home/dabadjiev/smartpixels_ml_dsabadjiev/Muon_Collider_Smart_Pixels/eric/Results_June2026_99SigEff/model2.5_fin_results/model2_5_8bit_normalised_selected/pareto_primary/hls_outputs_vsynth/hls_model_trial_075/myproject_prj/solution1'.
INFO: [HLS 200-10] Cleaning up the solution database.
INFO: [HLS 200-1505] Using default flow_target 'vivado'
Resolution: For help on HLS 200-1505 see docs.xilinx.com/access/sources/dita/topic?Doc_Version=2024.1%20English&url=ug1448-hls-guidance&resourceid=200-1505.html
INFO: [HLS 200-1510] Running: config_compile -name_max_length 80 
INFO: [XFORM 203-1161] The maximum of name length is set to 80.
INFO: [HLS 200-1510] Running: set_part xc7z020clg400-1 
INFO: [HLS 200-1611] Setting target device to 'xc7z020-clg400-1'
INFO: [XFORM 203-1161] The maximum of name length is set to 80.
INFO: [HLS 200-1510] Running: config_schedule -enable_dsp_full_reg=false 
INFO: [HLS 200-1510] Running: create_clock -period 20 -name default 
INFO: [SYN 201-201] Setting up clock 'default' with a period of 20ns.
INFO: [HLS 200-1510] Running: set_clock_uncertainty 12.5% default 
INFO: [SYN 201-201] Setting up clock 'default' with an uncertainty of 2.5ns.
***** C/RTL SYNTHESIS *****
INFO: [HLS 200-1510] Running: config_op mul -impl fabric 
INFO: [HLS 200-1445] Configure operator 'mul' with implementation style 'fabric'.
INFO: [HLS 200-1510] Running: config_op add -impl fabric 
INFO: [HLS 200-1445] Configure operator 'add' with implementation style 'fabric'.
INFO: [HLS 200-1510] Running: csynth_design 
INFO: [HLS 200-111] Finished File checks and directory preparation: CPU user time: 0.07 seconds. CPU system time: 0.02 seconds. Elapsed time: 0.08 seconds; current allocated memory: 333.207 MB.
INFO: [HLS 200-10] Analyzing design file 'firmware/myproject.cpp' ... 
WARNING: [HLS 207-5292] unused parameter 'keep' (firmware/nnet_utils/nnet_helpers.h:285:99)
WARNING: [HLS 207-5292] unused parameter 'data' (firmware/nnet_utils/nnet_code_gen.h:11:36)
WARNING: [HLS 207-5292] unused parameter 'buffer' (firmware/nnet_utils/nnet_code_gen.h:12:36)
WARNING: [HLS 207-5292] unused parameter 'partition' (firmware/nnet_utils/nnet_code_gen.h:13:44)
WARNING: [HLS 207-5292] unused parameter 'data' (firmware/nnet_utils/nnet_code_gen.h:21:24)
WARNING: [HLS 207-5292] unused parameter 'buffer' (firmware/nnet_utils/nnet_code_gen.h:22:24)
WARNING: [HLS 207-5292] unused parameter 'partition' (firmware/nnet_utils/nnet_code_gen.h:23:32)
INFO: [HLS 200-111] Finished Source Code Analysis and Preprocessing: CPU user time: 8.39 seconds. CPU system time: 1.39 seconds. Elapsed time: 11 seconds; current allocated memory: 340.012 MB.
INFO: [HLS 200-777] Using interface defaults for 'Vivado' flow target.
INFO: [HLS 200-1995] There were 10,144 instructions in the design after the 'Compile/Link' phase of compilation. See the Design Size Report for more details: /home/dabadjiev/smartpixels_ml_dsabadjiev/Muon_Collider_Smart_Pixels/eric/Results_June2026_99SigEff/model2.5_fin_results/model2_5_8bit_normalised_selected/pareto_primary/hls_outputs_vsynth/hls_model_trial_075/myproject_prj/solution1/syn/report/csynth_design_size.rpt
INFO: [HLS 200-1995] There were 30,980 instructions in the design after the 'Unroll/Inline (step 1)' phase of compilation. See the Design Size Report for more details: /home/dabadjiev/smartpixels_ml_dsabadjiev/Muon_Collider_Smart_Pixels/eric/Results_June2026_99SigEff/model2.5_fin_results/model2_5_8bit_normalised_selected/pareto_primary/hls_outputs_vsynth/hls_model_trial_075/myproject_prj/solution1/syn/report/csynth_design_size.rpt
INFO: [HLS 200-1995] There were 13,486 instructions in the design after the 'Unroll/Inline (step 2)' phase of compilation. See the Design Size Report for more details: /home/dabadjiev/smartpixels_ml_dsabadjiev/Muon_Collider_Smart_Pixels/eric/Results_June2026_99SigEff/model2.5_fin_results/model2_5_8bit_normalised_selected/pareto_primary/hls_outputs_vsynth/hls_model_trial_075/myproject_prj/solution1/syn/report/csynth_design_size.rpt
INFO: [HLS 200-1995] There were 9,902 instructions in the design after the 'Unroll/Inline (step 3)' phase of compilation. See the Design Size Report for more details: /home/dabadjiev/smartpixels_ml_dsabadjiev/Muon_Collider_Smart_Pixels/eric/Results_June2026_99SigEff/model2.5_fin_results/model2_5_8bit_normalised_selected/pareto_primary/hls_outputs_vsynth/hls_model_trial_075/myproject_prj/solution1/syn/report/csynth_design_size.rpt
INFO: [HLS 200-1995] There were 8,506 instructions in the design after the 'Unroll/Inline (step 4)' phase of compilation. See the Design Size Report for more details: /home/dabadjiev/smartpixels_ml_dsabadjiev/Muon_Collider_Smart_Pixels/eric/Results_June2026_99SigEff/model2.5_fin_results/model2_5_8bit_normalised_selected/pareto_primary/hls_outputs_vsynth/hls_model_trial_075/myproject_prj/solution1/syn/report/csynth_design_size.rpt
INFO: [HLS 200-1995] There were 8,469 instructions in the design after the 'Array/Struct (step 1)' phase of compilation. See the Design Size Report for more details: /home/dabadjiev/smartpixels_ml_dsabadjiev/Muon_Collider_Smart_Pixels/eric/Results_June2026_99SigEff/model2.5_fin_results/model2_5_8bit_normalised_selected/pareto_primary/hls_outputs_vsynth/hls_model_trial_075/myproject_prj/solution1/syn/report/csynth_design_size.rpt
INFO: [HLS 200-1995] There were 8,361 instructions in the design after the 'Array/Struct (step 2)' phase of compilation. See the Design Size Report for more details: /home/dabadjiev/smartpixels_ml_dsabadjiev/Muon_Collider_Smart_Pixels/eric/Results_June2026_99SigEff/model2.5_fin_results/model2_5_8bit_normalised_selected/pareto_primary/hls_outputs_vsynth/hls_model_trial_075/myproject_prj/solution1/syn/report/csynth_design_size.rpt
INFO: [HLS 200-1995] There were 8,361 instructions in the design after the 'Array/Struct (step 3)' phase of compilation. See the Design Size Report for more details: /home/dabadjiev/smartpixels_ml_dsabadjiev/Muon_Collider_Smart_Pixels/eric/Results_June2026_99SigEff/model2.5_fin_results/model2_5_8bit_normalised_selected/pareto_primary/hls_outputs_vsynth/hls_model_trial_075/myproject_prj/solution1/syn/report/csynth_design_size.rpt
INFO: [HLS 200-1995] There were 8,432 instructions in the design after the 'Array/Struct (step 4)' phase of compilation. See the Design Size Report for more details: /home/dabadjiev/smartpixels_ml_dsabadjiev/Muon_Collider_Smart_Pixels/eric/Results_June2026_99SigEff/model2.5_fin_results/model2_5_8bit_normalised_selected/pareto_primary/hls_outputs_vsynth/hls_model_trial_075/myproject_prj/solution1/syn/report/csynth_design_size.rpt
INFO: [HLS 200-1995] There were 8,397 instructions in the design after the 'Array/Struct (step 5)' phase of compilation. See the Design Size Report for more details: /home/dabadjiev/smartpixels_ml_dsabadjiev/Muon_Collider_Smart_Pixels/eric/Results_June2026_99SigEff/model2.5_fin_results/model2_5_8bit_normalised_selected/pareto_primary/hls_outputs_vsynth/hls_model_trial_075/myproject_prj/solution1/syn/report/csynth_design_size.rpt
INFO: [HLS 200-1995] There were 8,393 instructions in the design after the 'Performance (step 1)' phase of compilation. See the Design Size Report for more details: /home/dabadjiev/smartpixels_ml_dsabadjiev/Muon_Collider_Smart_Pixels/eric/Results_June2026_99SigEff/model2.5_fin_results/model2_5_8bit_normalised_selected/pareto_primary/hls_outputs_vsynth/hls_model_trial_075/myproject_prj/solution1/syn/report/csynth_design_size.rpt
INFO: [HLS 200-1995] There were 8,322 instructions in the design after the 'Performance (step 2)' phase of compilation. See the Design Size Report for more details: /home/dabadjiev/smartpixels_ml_dsabadjiev/Muon_Collider_Smart_Pixels/eric/Results_June2026_99SigEff/model2.5_fin_results/model2_5_8bit_normalised_selected/pareto_primary/hls_outputs_vsynth/hls_model_trial_075/myproject_prj/solution1/syn/report/csynth_design_size.rpt
INFO: [HLS 200-1995] There were 8,322 instructions in the design after the 'Performance (step 3)' phase of compilation. See the Design Size Report for more details: /home/dabadjiev/smartpixels_ml_dsabadjiev/Muon_Collider_Smart_Pixels/eric/Results_June2026_99SigEff/model2.5_fin_results/model2_5_8bit_normalised_selected/pareto_primary/hls_outputs_vsynth/hls_model_trial_075/myproject_prj/solution1/syn/report/csynth_design_size.rpt
INFO: [HLS 200-1995] There were 8,322 instructions in the design after the 'Performance (step 4)' phase of compilation. See the Design Size Report for more details: /home/dabadjiev/smartpixels_ml_dsabadjiev/Muon_Collider_Smart_Pixels/eric/Results_June2026_99SigEff/model2.5_fin_results/model2_5_8bit_normalised_selected/pareto_primary/hls_outputs_vsynth/hls_model_trial_075/myproject_prj/solution1/syn/report/csynth_design_size.rpt
INFO: [HLS 200-1995] There were 8,732 instructions in the design after the 'HW Transforms (step 1)' phase of compilation. See the Design Size Report for more details: /home/dabadjiev/smartpixels_ml_dsabadjiev/Muon_Collider_Smart_Pixels/eric/Results_June2026_99SigEff/model2.5_fin_results/model2_5_8bit_normalised_selected/pareto_primary/hls_outputs_vsynth/hls_model_trial_075/myproject_prj/solution1/syn/report/csynth_design_size.rpt
INFO: [HLS 200-1995] There were 8,784 instructions in the design after the 'HW Transforms (step 2)' phase of compilation. See the Design Size Report for more details: /home/dabadjiev/smartpixels_ml_dsabadjiev/Muon_Collider_Smart_Pixels/eric/Results_June2026_99SigEff/model2.5_fin_results/model2_5_8bit_normalised_selected/pareto_primary/hls_outputs_vsynth/hls_model_trial_075/myproject_prj/solution1/syn/report/csynth_design_size.rpt
INFO: [HLS 214-415] Performing recursive inline in function 'nnet::dense_resource<ap_fixed<16, 6, (ap_q_mode)5, (ap_o_mode)3, 0>, ap_fixed<16, 6, (ap_q_mode)5, (ap_o_mode)3, 0>, config14>' (firmware/nnet_utils/nnet_dense_resource.h:237:9)
INFO: [HLS 214-415] Performing recursive inline in function 'nnet::dense_resource<ap_fixed<16, 6, (ap_q_mode)5, (ap_o_mode)3, 0>, ap_fixed<16, 6, (ap_q_mode)5, (ap_o_mode)3, 0>, config16>' (firmware/nnet_utils/nnet_dense_resource.h:237:9)
INFO: [HLS 214-415] Performing recursive inline in function 'nnet::dense_resource<ap_fixed<16, 6, (ap_q_mode)5, (ap_o_mode)3, 0>, ap_fixed<16, 6, (ap_q_mode)5, (ap_o_mode)3, 0>, config21>' (firmware/nnet_utils/nnet_dense_resource.h:237:9)
INFO: [HLS 214-415] Performing recursive inline in function 'nnet::dense_resource<ap_ufixed<8, 0, (ap_q_mode)4, (ap_o_mode)0, 0>, ap_fixed<16, 6, (ap_q_mode)5, (ap_o_mode)3, 0>, config24>' (firmware/nnet_utils/nnet_dense_resource.h:237:9)
INFO: [HLS 214-415] Performing recursive inline in function 'nnet::dense_resource<ap_ufixed<8, 0, (ap_q_mode)4, (ap_o_mode)0, 0>, ap_fixed<16, 6, (ap_q_mode)5, (ap_o_mode)3, 0>, config27>' (firmware/nnet_utils/nnet_dense_resource.h:237:9)
WARNING: [HLS 214-273] In function 'void nnet::dense<ap_fixed<16, 6, (ap_q_mode)5, (ap_o_mode)3, 0>, ap_fixed<16, 6, (ap_q_mode)5, (ap_o_mode)3, 0>, config14>(ap_fixed<16, 6, (ap_q_mode)5, (ap_o_mode)3, 0>*, ap_fixed<16, 6, (ap_q_mode)5, (ap_o_mode)3, 0>*, config14::weight_t*, config14::bias_t*)', Pragma conflict happens on 'INLINE' and DATAFLOW pragmas: Inline into dataflow region may break the canonical form (firmware/nnet_utils/nnet_dense.h:38:0)
WARNING: [HLS 214-273] In function 'void nnet::dense<ap_fixed<16, 6, (ap_q_mode)5, (ap_o_mode)3, 0>, ap_fixed<16, 6, (ap_q_mode)5, (ap_o_mode)3, 0>, config16>(ap_fixed<16, 6, (ap_q_mode)5, (ap_o_mode)3, 0>*, ap_fixed<16, 6, (ap_q_mode)5, (ap_o_mode)3, 0>*, config16::weight_t*, config16::bias_t*)', Pragma conflict happens on 'INLINE' and DATAFLOW pragmas: Inline into dataflow region may break the canonical form (firmware/nnet_utils/nnet_dense.h:38:0)
WARNING: [HLS 214-273] In function 'void nnet::dense<ap_fixed<16, 6, (ap_q_mode)5, (ap_o_mode)3, 0>, ap_fixed<16, 6, (ap_q_mode)5, (ap_o_mode)3, 0>, config21>(ap_fixed<16, 6, (ap_q_mode)5, (ap_o_mode)3, 0>*, ap_fixed<16, 6, (ap_q_mode)5, (ap_o_mode)3, 0>*, config21::weight_t*, config21::bias_t*)', Pragma conflict happens on 'INLINE' and DATAFLOW pragmas: Inline into dataflow region may break the canonical form (firmware/nnet_utils/nnet_dense.h:38:0)
WARNING: [HLS 214-273] In function 'void nnet::dense<ap_ufixed<8, 0, (ap_q_mode)4, (ap_o_mode)0, 0>, ap_fixed<16, 6, (ap_q_mode)5, (ap_o_mode)3, 0>, config24>(ap_ufixed<8, 0, (ap_q_mode)4, (ap_o_mode)0, 0>*, ap_fixed<16, 6, (ap_q_mode)5, (ap_o_mode)3, 0>*, config24::weight_t*, config24::bias_t*)', Pragma conflict happens on 'INLINE' and DATAFLOW pragmas: Inline into dataflow region may break the canonical form (firmware/nnet_utils/nnet_dense.h:38:0)
WARNING: [HLS 214-273] In function 'void nnet::dense<ap_ufixed<8, 0, (ap_q_mode)4, (ap_o_mode)0, 0>, ap_fixed<16, 6, (ap_q_mode)5, (ap_o_mode)3, 0>, config27>(ap_ufixed<8, 0, (ap_q_mode)4, (ap_o_mode)0, 0>*, ap_fixed<16, 6, (ap_q_mode)5, (ap_o_mode)3, 0>*, config27::weight_t*, config27::bias_t*)', Pragma conflict happens on 'INLINE' and DATAFLOW pragmas: Inline into dataflow region may break the canonical form (firmware/nnet_utils/nnet_dense.h:38:0)
INFO: [HLS 214-131] Inlining function 'std::enable_if<!(std::is_same<ap_fixed<16, 6, (ap_q_mode)5, (ap_o_mode)3, 0>, ap_uint<1> >::value), ap_fixed<16, 6, (ap_q_mode)5, (ap_o_mode)3, 0> >::type nnet::cast<ap_fixed<16, 6, (ap_q_mode)5, (ap_o_mode)3, 0>, ap_fixed<16, 6, (ap_q_mode)5, (ap_o_mode)3, 0>, config14>(config14::accum_t) (.45)' into 'void nnet::dense_resource_rf_leq_nin<ap_fixed<16, 6, (ap_q_mode)5, (ap_o_mode)3, 0>, ap_fixed<16, 6, (ap_q_mode)5, (ap_o_mode)3, 0>, config14>(ap_fixed<16, 6, (ap_q_mode)5, (ap_o_mode)3, 0>*, ap_fixed<16, 6, (ap_q_mode)5, (ap_o_mode)3, 0>*, config14::weight_t*, config14::bias_t*) (.44)' (firmware/nnet_utils/nnet_dense_resource.h:76:14)
INFO: [HLS 214-131] Inlining function 'nnet::product::mult<ap_fixed<16, 6, (ap_q_mode)5, (ap_o_mode)3, 0>, ap_fixed<8, 1, (ap_q_mode)5, (ap_o_mode)3, 0> >::product(ap_fixed<16, 6, (ap_q_mode)5, (ap_o_mode)3, 0>, ap_fixed<8, 1, (ap_q_mode)5, (ap_o_mode)3, 0>) (.37)' into 'void nnet::dense_resource_rf_leq_nin<ap_fixed<16, 6, (ap_q_mode)5, (ap_o_mode)3, 0>, ap_fixed<16, 6, (ap_q_mode)5, (ap_o_mode)3, 0>, config14>(ap_fixed<16, 6, (ap_q_mode)5, (ap_o_mode)3, 0>*, ap_fixed<16, 6, (ap_q_mode)5, (ap_o_mode)3, 0>*, config14::weight_t*, config14::bias_t*) (.44)' (firmware/nnet_utils/nnet_dense_resource.h:54:17)
INFO: [HLS 214-131] Inlining function 'void nnet::dense_resource_rf_leq_nin<ap_fixed<16, 6, (ap_q_mode)5, (ap_o_mode)3, 0>, ap_fixed<16, 6, (ap_q_mode)5, (ap_o_mode)3, 0>, config14>(ap_fixed<16, 6, (ap_q_mode)5, (ap_o_mode)3, 0>*, ap_fixed<16, 6, (ap_q_mode)5, (ap_o_mode)3, 0>*, config14::weight_t*, config14::bias_t*) (.44)' into 'void nnet::dense_resource<ap_fixed<16, 6, (ap_q_mode)5, (ap_o_mode)3, 0>, ap_fixed<16, 6, (ap_q_mode)5, (ap_o_mode)3, 0>, config14>(ap_fixed<16, 6, (ap_q_mode)5, (ap_o_mode)3, 0>*, ap_fixed<16, 6, (ap_q_mode)5, (ap_o_mode)3, 0>*, config14::weight_t*, config14::bias_t*)' (firmware/nnet_utils/nnet_dense_resource.h:240:9)
INFO: [HLS 214-131] Inlining function 'std::enable_if<!(std::is_same<ap_fixed<16, 6, (ap_q_mode)5, (ap_o_mode)3, 0>, ap_uint<1> >::value), ap_fixed<16, 6, (ap_q_mode)5, (ap_o_mode)3, 0> >::type nnet::cast<ap_fixed<16, 6, (ap_q_mode)5, (ap_o_mode)3, 0>, ap_fixed<16, 6, (ap_q_mode)5, (ap_o_mode)3, 0>, config16>(config16::accum_t) (.43)' into 'void nnet::dense_resource_rf_gt_nin_rem0<ap_fixed<16, 6, (ap_q_mode)5, (ap_o_mode)3, 0>, ap_fixed<16, 6, (ap_q_mode)5, (ap_o_mode)3, 0>, config16>(ap_fixed<16, 6, (ap_q_mode)5, (ap_o_mode)3, 0>*, ap_fixed<16, 6, (ap_q_mode)5, (ap_o_mode)3, 0>*, config16::weight_t*, config16::bias_t*) (.42)' (firmware/nnet_utils/nnet_dense_resource.h:151:14)
INFO: [HLS 214-131] Inlining function 'nnet::product::mult<ap_fixed<16, 6, (ap_q_mode)5, (ap_o_mode)3, 0>, ap_fixed<8, 1, (ap_q_mode)5, (ap_o_mode)3, 0> >::product(ap_fixed<16, 6, (ap_q_mode)5, (ap_o_mode)3, 0>, ap_fixed<8, 1, (ap_q_mode)5, (ap_o_mode)3, 0>) (.37)' into 'void nnet::dense_resource_rf_gt_nin_rem0<ap_fixed<16, 6, (ap_q_mode)5, (ap_o_mode)3, 0>, ap_fixed<16, 6, (ap_q_mode)5, (ap_o_mode)3, 0>, config16>(ap_fixed<16, 6, (ap_q_mode)5, (ap_o_mode)3, 0>*, ap_fixed<16, 6, (ap_q_mode)5, (ap_o_mode)3, 0>*, config16::weight_t*, config16::bias_t*) (.42)' (firmware/nnet_utils/nnet_dense_resource.h:134:17)
INFO: [HLS 214-131] Inlining function 'void nnet::dense_resource_rf_gt_nin_rem0<ap_fixed<16, 6, (ap_q_mode)5, (ap_o_mode)3, 0>, ap_fixed<16, 6, (ap_q_mode)5, (ap_o_mode)3, 0>, config16>(ap_fixed<16, 6, (ap_q_mode)5, (ap_o_mode)3, 0>*, ap_fixed<16, 6, (ap_q_mode)5, (ap_o_mode)3, 0>*, config16::weight_t*, config16::bias_t*) (.42)' into 'void nnet::dense_resource<ap_fixed<16, 6, (ap_q_mode)5, (ap_o_mode)3, 0>, ap_fixed<16, 6, (ap_q_mode)5, (ap_o_mode)3, 0>, config16>(ap_fixed<16, 6, (ap_q_mode)5, (ap_o_mode)3, 0>*, ap_fixed<16, 6, (ap_q_mode)5, (ap_o_mode)3, 0>*, config16::weight_t*, config16::bias_t*)' (firmware/nnet_utils/nnet_dense_resource.h:242:9)
INFO: [HLS 214-131] Inlining function 'std::enable_if<!(std::is_same<ap_fixed<16, 6, (ap_q_mode)5, (ap_o_mode)3, 0>, ap_uint<1> >::value), ap_fixed<16, 6, (ap_q_mode)5, (ap_o_mode)3, 0> >::type nnet::cast<ap_fixed<16, 6, (ap_q_mode)5, (ap_o_mode)3, 0>, ap_fixed<16, 6, (ap_q_mode)5, (ap_o_mode)3, 0>, config21>(config21::accum_t) (.32)' into 'void nnet::dense_resource_rf_leq_nin<ap_fixed<16, 6, (ap_q_mode)5, (ap_o_mode)3, 0>, ap_fixed<16, 6, (ap_q_mode)5, (ap_o_mode)3, 0>, config21>(ap_fixed<16, 6, (ap_q_mode)5, (ap_o_mode)3, 0>*, ap_fixed<16, 6, (ap_q_mode)5, (ap_o_mode)3, 0>*, config21::weight_t*, config21::bias_t*) (.31)' (firmware/nnet_utils/nnet_dense_resource.h:76:14)
INFO: [HLS 214-131] Inlining function 'nnet::product::mult<ap_fixed<16, 6, (ap_q_mode)5, (ap_o_mode)3, 0>, ap_fixed<8, 1, (ap_q_mode)5, (ap_o_mode)3, 0> >::product(ap_fixed<16, 6, (ap_q_mode)5, (ap_o_mode)3, 0>, ap_fixed<8, 1, (ap_q_mode)5, (ap_o_mode)3, 0>) (.37)' into 'void nnet::dense_resource_rf_leq_nin<ap_fixed<16, 6, (ap_q_mode)5, (ap_o_mode)3, 0>, ap_fixed<16, 6, (ap_q_mode)5, (ap_o_mode)3, 0>, config21>(ap_fixed<16, 6, (ap_q_mode)5, (ap_o_mode)3, 0>*, ap_fixed<16, 6, (ap_q_mode)5, (ap_o_mode)3, 0>*, config21::weight_t*, config21::bias_t*) (.31)' (firmware/nnet_utils/nnet_dense_resource.h:54:17)
INFO: [HLS 214-131] Inlining function 'void nnet::dense_resource_rf_leq_nin<ap_fixed<16, 6, (ap_q_mode)5, (ap_o_mode)3, 0>, ap_fixed<16, 6, (ap_q_mode)5, (ap_o_mode)3, 0>, config21>(ap_fixed<16, 6, (ap_q_mode)5, (ap_o_mode)3, 0>*, ap_fixed<16, 6, (ap_q_mode)5, (ap_o_mode)3, 0>*, config21::weight_t*, config21::bias_t*) (.31)' into 'void nnet::dense_resource<ap_fixed<16, 6, (ap_q_mode)5, (ap_o_mode)3, 0>, ap_fixed<16, 6, (ap_q_mode)5, (ap_o_mode)3, 0>, config21>(ap_fixed<16, 6, (ap_q_mode)5, (ap_o_mode)3, 0>*, ap_fixed<16, 6, (ap_q_mode)5, (ap_o_mode)3, 0>*, config21::weight_t*, config21::bias_t*)' (firmware/nnet_utils/nnet_dense_resource.h:240:9)
INFO: [HLS 214-131] Inlining function 'std::enable_if<!(std::is_same<ap_ufixed<8, 0, (ap_q_mode)4, (ap_o_mode)0, 0>, ap_uint<1> >::value), ap_fixed<16, 6, (ap_q_mode)5, (ap_o_mode)3, 0> >::type nnet::cast<ap_ufixed<8, 0, (ap_q_mode)4, (ap_o_mode)0, 0>, ap_fixed<16, 6, (ap_q_mode)5, (ap_o_mode)3, 0>, config24>(config24::accum_t) (.30)' into 'void nnet::dense_resource_rf_gt_nin_rem0<ap_ufixed<8, 0, (ap_q_mode)4, (ap_o_mode)0, 0>, ap_fixed<16, 6, (ap_q_mode)5, (ap_o_mode)3, 0>, config24>(ap_ufixed<8, 0, (ap_q_mode)4, (ap_o_mode)0, 0>*, ap_fixed<16, 6, (ap_q_mode)5, (ap_o_mode)3, 0>*, config24::weight_t*, config24::bias_t*) (.29)' (firmware/nnet_utils/nnet_dense_resource.h:151:14)
INFO: [HLS 214-131] Inlining function 'nnet::product::mult<ap_ufixed<8, 0, (ap_q_mode)4, (ap_o_mode)0, 0>, ap_fixed<8, 1, (ap_q_mode)5, (ap_o_mode)3, 0> >::product(ap_ufixed<8, 0, (ap_q_mode)4, (ap_o_mode)0, 0>, ap_fixed<8, 1, (ap_q_mode)5, (ap_o_mode)3, 0>) (.20)' into 'void nnet::dense_resource_rf_gt_nin_rem0<ap_ufixed<8, 0, (ap_q_mode)4, (ap_o_mode)0, 0>, ap_fixed<16, 6, (ap_q_mode)5, (ap_o_mode)3, 0>, config24>(ap_ufixed<8, 0, (ap_q_mode)4, (ap_o_mode)0, 0>*, ap_fixed<16, 6, (ap_q_mode)5, (ap_o_mode)3, 0>*, config24::weight_t*, config24::bias_t*) (.29)' (firmware/nnet_utils/nnet_dense_resource.h:134:17)
INFO: [HLS 214-131] Inlining function 'void nnet::dense_resource_rf_gt_nin_rem0<ap_ufixed<8, 0, (ap_q_mode)4, (ap_o_mode)0, 0>, ap_fixed<16, 6, (ap_q_mode)5, (ap_o_mode)3, 0>, config24>(ap_ufixed<8, 0, (ap_q_mode)4, (ap_o_mode)0, 0>*, ap_fixed<16, 6, (ap_q_mode)5, (ap_o_mode)3, 0>*, config24::weight_t*, config24::bias_t*) (.29)' into 'void nnet::dense_resource<ap_ufixed<8, 0, (ap_q_mode)4, (ap_o_mode)0, 0>, ap_fixed<16, 6, (ap_q_mode)5, (ap_o_mode)3, 0>, config24>(ap_ufixed<8, 0, (ap_q_mode)4, (ap_o_mode)0, 0>*, ap_fixed<16, 6, (ap_q_mode)5, (ap_o_mode)3, 0>*, config24::weight_t*, config24::bias_t*)' (firmware/nnet_utils/nnet_dense_resource.h:242:9)
INFO: [HLS 214-131] Inlining function 'std::enable_if<!(std::is_same<ap_ufixed<8, 0, (ap_q_mode)4, (ap_o_mode)0, 0>, ap_uint<1> >::value), ap_fixed<16, 6, (ap_q_mode)5, (ap_o_mode)3, 0> >::type nnet::cast<ap_ufixed<8, 0, (ap_q_mode)4, (ap_o_mode)0, 0>, ap_fixed<16, 6, (ap_q_mode)5, (ap_o_mode)3, 0>, config27>(config27::accum_t) (.2)' into 'void nnet::dense_resource_rf_leq_nin<ap_ufixed<8, 0, (ap_q_mode)4, (ap_o_mode)0, 0>, ap_fixed<16, 6, (ap_q_mode)5, (ap_o_mode)3, 0>, config27>(ap_ufixed<8, 0, (ap_q_mode)4, (ap_o_mode)0, 0>*, ap_fixed<16, 6, (ap_q_mode)5, (ap_o_mode)3, 0>*, config27::weight_t*, config27::bias_t*) (.1)' (firmware/nnet_utils/nnet_dense_resource.h:76:14)
INFO: [HLS 214-131] Inlining function 'nnet::product::mult<ap_ufixed<8, 0, (ap_q_mode)4, (ap_o_mode)0, 0>, ap_fixed<8, 1, (ap_q_mode)5, (ap_o_mode)3, 0> >::product(ap_ufixed<8, 0, (ap_q_mode)4, (ap_o_mode)0, 0>, ap_fixed<8, 1, (ap_q_mode)5, (ap_o_mode)3, 0>) (.20)' into 'void nnet::dense_resource_rf_leq_nin<ap_ufixed<8, 0, (ap_q_mode)4, (ap_o_mode)0, 0>, ap_fixed<16, 6, (ap_q_mode)5, (ap_o_mode)3, 0>, config27>(ap_ufixed<8, 0, (ap_q_mode)4, (ap_o_mode)0, 0>*, ap_fixed<16, 6, (ap_q_mode)5, (ap_o_mode)3, 0>*, config27::weight_t*, config27::bias_t*) (.1)' (firmware/nnet_utils/nnet_dense_resource.h:54:17)
INFO: [HLS 214-131] Inlining function 'void nnet::dense_resource_rf_leq_nin<ap_ufixed<8, 0, (ap_q_mode)4, (ap_o_mode)0, 0>, ap_fixed<16, 6, (ap_q_mode)5, (ap_o_mode)3, 0>, config27>(ap_ufixed<8, 0, (ap_q_mode)4, (ap_o_mode)0, 0>*, ap_fixed<16, 6, (ap_q_mode)5, (ap_o_mode)3, 0>*, config27::weight_t*, config27::bias_t*) (.1)' into 'void nnet::dense_resource<ap_ufixed<8, 0, (ap_q_mode)4, (ap_o_mode)0, 0>, ap_fixed<16, 6, (ap_q_mode)5, (ap_o_mode)3, 0>, config27>(ap_ufixed<8, 0, (ap_q_mode)4, (ap_o_mode)0, 0>*, ap_fixed<16, 6, (ap_q_mode)5, (ap_o_mode)3, 0>*, config27::weight_t*, config27::bias_t*)' (firmware/nnet_utils/nnet_dense_resource.h:240:9)
INFO: [HLS 214-131] Inlining function 'void nnet::dense<ap_fixed<16, 6, (ap_q_mode)5, (ap_o_mode)3, 0>, ap_fixed<16, 6, (ap_q_mode)5, (ap_o_mode)3, 0>, config14>(ap_fixed<16, 6, (ap_q_mode)5, (ap_o_mode)3, 0>*, ap_fixed<16, 6, (ap_q_mode)5, (ap_o_mode)3, 0>*, config14::weight_t*, config14::bias_t*)' into 'myproject(ap_fixed<16, 6, (ap_q_mode)5, (ap_o_mode)3, 0>*, ap_fixed<16, 6, (ap_q_mode)5, (ap_o_mode)3, 0>*, ap_fixed<16, 6, (ap_q_mode)5, (ap_o_mode)3, 0>*, ap_fixed<16, 6, (ap_q_mode)5, (ap_o_mode)3, 0>*, ap_fixed<16, 6, (ap_q_mode)5, (ap_o_mode)3, 0>*, ap_ufixed<8, 0, (ap_q_mode)4, (ap_o_mode)0, 0>*, ap_fixed<8, 1, (ap_q_mode)5, (ap_o_mode)3, 0>*, ap_fixed<8, 1, (ap_q_mode)5, (ap_o_mode)3, 0>*, ap_fixed<8, 1, (ap_q_mode)5, (ap_o_mode)3, 0>*, ap_fixed<8, 1, (ap_q_mode)5, (ap_o_mode)3, 0>*, ap_fixed<8, 1, (ap_q_mode)5, (ap_o_mode)3, 0>*, ap_fixed<8, 1, (ap_q_mode)5, (ap_o_mode)3, 0>*, ap_fixed<8, 1, (ap_q_mode)5, (ap_o_mode)3, 0>*, ap_fixed<8, 1, (ap_q_mode)5, (ap_o_mode)3, 0>*, ap_fixed<8, 1, (ap_q_mode)5, (ap_o_mode)3, 0>*, ap_fixed<8, 1, (ap_q_mode)5, (ap_o_mode)3, 0>*)' (firmware/myproject.cpp:89:2)
INFO: [HLS 214-131] Inlining function 'void nnet::dense<ap_fixed<16, 6, (ap_q_mode)5, (ap_o_mode)3, 0>, ap_fixed<16, 6, (ap_q_mode)5, (ap_o_mode)3, 0>, config16>(ap_fixed<16, 6, (ap_q_mode)5, (ap_o_mode)3, 0>*, ap_fixed<16, 6, (ap_q_mode)5, (ap_o_mode)3, 0>*, config16::weight_t*, config16::bias_t*)' into 'myproject(ap_fixed<16, 6, (ap_q_mode)5, (ap_o_mode)3, 0>*, ap_fixed<16, 6, (ap_q_mode)5, (ap_o_mode)3, 0>*, ap_fixed<16, 6, (ap_q_mode)5, (ap_o_mode)3, 0>*, ap_fixed<16, 6, (ap_q_mode)5, (ap_o_mode)3, 0>*, ap_fixed<16, 6, (ap_q_mode)5, (ap_o_mode)3, 0>*, ap_ufixed<8, 0, (ap_q_mode)4, (ap_o_mode)0, 0>*, ap_fixed<8, 1, (ap_q_mode)5, (ap_o_mode)3, 0>*, ap_fixed<8, 1, (ap_q_mode)5, (ap_o_mode)3, 0>*, ap_fixed<8, 1, (ap_q_mode)5, (ap_o_mode)3, 0>*, ap_fixed<8, 1, (ap_q_mode)5, (ap_o_mode)3, 0>*, ap_fixed<8, 1, (ap_q_mode)5, (ap_o_mode)3, 0>*, ap_fixed<8, 1, (ap_q_mode)5, (ap_o_mode)3, 0>*, ap_fixed<8, 1, (ap_q_mode)5, (ap_o_mode)3, 0>*, ap_fixed<8, 1, (ap_q_mode)5, (ap_o_mode)3, 0>*, ap_fixed<8, 1, (ap_q_mode)5, (ap_o_mode)3, 0>*, ap_fixed<8, 1, (ap_q_mode)5, (ap_o_mode)3, 0>*)' (firmware/myproject.cpp:93:2)
INFO: [HLS 214-131] Inlining function 'void nnet::dense<ap_fixed<16, 6, (ap_q_mode)5, (ap_o_mode)3, 0>, ap_fixed<16, 6, (ap_q_mode)5, (ap_o_mode)3, 0>, config21>(ap_fixed<16, 6, (ap_q_mode)5, (ap_o_mode)3, 0>*, ap_fixed<16, 6, (ap_q_mode)5, (ap_o_mode)3, 0>*, config21::weight_t*, config21::bias_t*)' into 'myproject(ap_fixed<16, 6, (ap_q_mode)5, (ap_o_mode)3, 0>*, ap_fixed<16, 6, (ap_q_mode)5, (ap_o_mode)3, 0>*, ap_fixed<16, 6, (ap_q_mode)5, (ap_o_mode)3, 0>*, ap_fixed<16, 6, (ap_q_mode)5, (ap_o_mode)3, 0>*, ap_fixed<16, 6, (ap_q_mode)5, (ap_o_mode)3, 0>*, ap_ufixed<8, 0, (ap_q_mode)4, (ap_o_mode)0, 0>*, ap_fixed<8, 1, (ap_q_mode)5, (ap_o_mode)3, 0>*, ap_fixed<8, 1, (ap_q_mode)5, (ap_o_mode)3, 0>*, ap_fixed<8, 1, (ap_q_mode)5, (ap_o_mode)3, 0>*, ap_fixed<8, 1, (ap_q_mode)5, (ap_o_mode)3, 0>*, ap_fixed<8, 1, (ap_q_mode)5, (ap_o_mode)3, 0>*, ap_fixed<8, 1, (ap_q_mode)5, (ap_o_mode)3, 0>*, ap_fixed<8, 1, (ap_q_mode)5, (ap_o_mode)3, 0>*, ap_fixed<8, 1, (ap_q_mode)5, (ap_o_mode)3, 0>*, ap_fixed<8, 1, (ap_q_mode)5, (ap_o_mode)3, 0>*, ap_fixed<8, 1, (ap_q_mode)5, (ap_o_mode)3, 0>*)' (firmware/myproject.cpp:109:2)
INFO: [HLS 214-131] Inlining function 'void nnet::dense<ap_ufixed<8, 0, (ap_q_mode)4, (ap_o_mode)0, 0>, ap_fixed<16, 6, (ap_q_mode)5, (ap_o_mode)3, 0>, config24>(ap_ufixed<8, 0, (ap_q_mode)4, (ap_o_mode)0, 0>*, ap_fixed<16, 6, (ap_q_mode)5, (ap_o_mode)3, 0>*, config24::weight_t*, config24::bias_t*)' into 'myproject(ap_fixed<16, 6, (ap_q_mode)5, (ap_o_mode)3, 0>*, ap_fixed<16, 6, (ap_q_mode)5, (ap_o_mode)3, 0>*, ap_fixed<16, 6, (ap_q_mode)5, (ap_o_mode)3, 0>*, ap_fixed<16, 6, (ap_q_mode)5, (ap_o_mode)3, 0>*, ap_fixed<16, 6, (ap_q_mode)5, (ap_o_mode)3, 0>*, ap_ufixed<8, 0, (ap_q_mode)4, (ap_o_mode)0, 0>*, ap_fixed<8, 1, (ap_q_mode)5, (ap_o_mode)3, 0>*, ap_fixed<8, 1, (ap_q_mode)5, (ap_o_mode)3, 0>*, ap_fixed<8, 1, (ap_q_mode)5, (ap_o_mode)3, 0>*, ap_fixed<8, 1, (ap_q_mode)5, (ap_o_mode)3, 0>*, ap_fixed<8, 1, (ap_q_mode)5, (ap_o_mode)3, 0>*, ap_fixed<8, 1, (ap_q_mode)5, (ap_o_mode)3, 0>*, ap_fixed<8, 1, (ap_q_mode)5, (ap_o_mode)3, 0>*, ap_fixed<8, 1, (ap_q_mode)5, (ap_o_mode)3, 0>*, ap_fixed<8, 1, (ap_q_mode)5, (ap_o_mode)3, 0>*, ap_fixed<8, 1, (ap_q_mode)5, (ap_o_mode)3, 0>*)' (firmware/myproject.cpp:117:2)
INFO: [HLS 214-131] Inlining function 'void nnet::dense<ap_ufixed<8, 0, (ap_q_mode)4, (ap_o_mode)0, 0>, ap_fixed<16, 6, (ap_q_mode)5, (ap_o_mode)3, 0>, config27>(ap_ufixed<8, 0, (ap_q_mode)4, (ap_o_mode)0, 0>*, ap_fixed<16, 6, (ap_q_mode)5, (ap_o_mode)3, 0>*, config27::weight_t*, config27::bias_t*)' into 'myproject(ap_fixed<16, 6, (ap_q_mode)5, (ap_o_mode)3, 0>*, ap_fixed<16, 6, (ap_q_mode)5, (ap_o_mode)3, 0>*, ap_fixed<16, 6, (ap_q_mode)5, (ap_o_mode)3, 0>*, ap_fixed<16, 6, (ap_q_mode)5, (ap_o_mode)3, 0>*, ap_fixed<16, 6, (ap_q_mode)5, (ap_o_mode)3, 0>*, ap_ufixed<8, 0, (ap_q_mode)4, (ap_o_mode)0, 0>*, ap_fixed<8, 1, (ap_q_mode)5, (ap_o_mode)3, 0>*, ap_fixed<8, 1, (ap_q_mode)5, (ap_o_mode)3, 0>*, ap_fixed<8, 1, (ap_q_mode)5, (ap_o_mode)3, 0>*, ap_fixed<8, 1, (ap_q_mode)5, (ap_o_mode)3, 0>*, ap_fixed<8, 1, (ap_q_mode)5, (ap_o_mode)3, 0>*, ap_fixed<8, 1, (ap_q_mode)5, (ap_o_mode)3, 0>*, ap_fixed<8, 1, (ap_q_mode)5, (ap_o_mode)3, 0>*, ap_fixed<8, 1, (ap_q_mode)5, (ap_o_mode)3, 0>*, ap_fixed<8, 1, (ap_q_mode)5, (ap_o_mode)3, 0>*, ap_fixed<8, 1, (ap_q_mode)5, (ap_o_mode)3, 0>*)' (firmware/myproject.cpp:125:2)
INFO: [HLS 214-291] Loop 'VITIS_LOOP_451_1' is marked as complete unroll implied by the pipeline pragma (firmware/nnet_utils/nnet_activation.h:451:20)
INFO: [HLS 214-291] Loop 'MultLoop' is marked as complete unroll implied by the pipeline pragma (firmware/nnet_utils/nnet_dense_resource.h:50:9)
INFO: [HLS 214-291] Loop 'VITIS_LOOP_43_1' is marked as complete unroll implied by the pipeline pragma (firmware/nnet_utils/nnet_activation.h:43:22)
INFO: [HLS 214-291] Loop 'MultLoop' is marked as complete unroll implied by the pipeline pragma (firmware/nnet_utils/nnet_dense_resource.h:130:9)
INFO: [HLS 214-291] Loop 'VITIS_LOOP_122_2' is marked as complete unroll implied by the pipeline pragma (firmware/nnet_utils/nnet_merge.h:122:23)
INFO: [HLS 214-291] Loop 'VITIS_LOOP_119_1' is marked as complete unroll implied by the pipeline pragma (firmware/nnet_utils/nnet_merge.h:119:20)
INFO: [HLS 214-291] Loop 'VITIS_LOOP_31_1' is marked as complete unroll implied by the pipeline pragma (firmware/nnet_utils/nnet_activation.h:31:19)
INFO: [HLS 214-186] Unrolling loop 'VITIS_LOOP_451_1' (firmware/nnet_utils/nnet_activation.h:451:20) in function 'nnet::hard_sigmoid<ap_fixed<16, 6, (ap_q_mode)5, (ap_o_mode)3, 0>, ap_ufixed<8, 0, (ap_q_mode)4, (ap_o_mode)0, 0>, hard_sigmoid_config29>' completely with a factor of 1 (firmware/nnet_utils/nnet_activation.h:448:0)
INFO: [HLS 214-186] Unrolling loop 'Result' (firmware/nnet_utils/nnet_dense_resource.h:74:5) in function 'nnet::dense_resource<ap_ufixed<8, 0, (ap_q_mode)4, (ap_o_mode)0, 0>, ap_fixed<16, 6, (ap_q_mode)5, (ap_o_mode)3, 0>, config27>' completely with a factor of 1 (firmware/nnet_utils/nnet_dense_resource.h:235:0)
INFO: [HLS 214-186] Unrolling loop 'MultLoop' (firmware/nnet_utils/nnet_dense_resource.h:50:9) in function 'nnet::dense_resource<ap_ufixed<8, 0, (ap_q_mode)4, (ap_o_mode)0, 0>, ap_fixed<16, 6, (ap_q_mode)5, (ap_o_mode)3, 0>, config27>' completely with a factor of 1 (firmware/nnet_utils/nnet_dense_resource.h:235:0)
INFO: [HLS 214-186] Unrolling loop 'InitAccum' (firmware/nnet_utils/nnet_dense_resource.h:36:5) in function 'nnet::dense_resource<ap_ufixed<8, 0, (ap_q_mode)4, (ap_o_mode)0, 0>, ap_fixed<16, 6, (ap_q_mode)5, (ap_o_mode)3, 0>, config27>' completely with a factor of 1 (firmware/nnet_utils/nnet_dense_resource.h:235:0)
INFO: [HLS 214-186] Unrolling loop 'VITIS_LOOP_43_1' (firmware/nnet_utils/nnet_activation.h:43:22) in function 'nnet::relu<ap_fixed<16, 6, (ap_q_mode)5, (ap_o_mode)3, 0>, ap_ufixed<8, 0, (ap_q_mode)4, (ap_o_mode)0, 0>, relu_config26>' completely with a factor of 4 (firmware/nnet_utils/nnet_activation.h:39:0)
INFO: [HLS 214-186] Unrolling loop 'Result' (firmware/nnet_utils/nnet_dense_resource.h:149:5) in function 'nnet::dense_resource<ap_ufixed<8, 0, (ap_q_mode)4, (ap_o_mode)0, 0>, ap_fixed<16, 6, (ap_q_mode)5, (ap_o_mode)3, 0>, config24>' completely with a factor of 4 (firmware/nnet_utils/nnet_dense_resource.h:235:0)
INFO: [HLS 214-186] Unrolling loop 'MultLoop' (firmware/nnet_utils/nnet_dense_resource.h:130:9) in function 'nnet::dense_resource<ap_ufixed<8, 0, (ap_q_mode)4, (ap_o_mode)0, 0>, ap_fixed<16, 6, (ap_q_mode)5, (ap_o_mode)3, 0>, config24>' completely with a factor of 2 (firmware/nnet_utils/nnet_dense_resource.h:235:0)
INFO: [HLS 214-186] Unrolling loop 'InitAccum' (firmware/nnet_utils/nnet_dense_resource.h:104:5) in function 'nnet::dense_resource<ap_ufixed<8, 0, (ap_q_mode)4, (ap_o_mode)0, 0>, ap_fixed<16, 6, (ap_q_mode)5, (ap_o_mode)3, 0>, config24>' completely with a factor of 4 (firmware/nnet_utils/nnet_dense_resource.h:235:0)
INFO: [HLS 214-186] Unrolling loop 'VITIS_LOOP_43_1' (firmware/nnet_utils/nnet_activation.h:43:22) in function 'nnet::relu<ap_fixed<16, 6, (ap_q_mode)5, (ap_o_mode)3, 0>, ap_ufixed<8, 0, (ap_q_mode)4, (ap_o_mode)0, 0>, relu_config23>' completely with a factor of 8 (firmware/nnet_utils/nnet_activation.h:39:0)
INFO: [HLS 214-186] Unrolling loop 'Result' (firmware/nnet_utils/nnet_dense_resource.h:74:5) in function 'nnet::dense_resource<ap_fixed<16, 6, (ap_q_mode)5, (ap_o_mode)3, 0>, ap_fixed<16, 6, (ap_q_mode)5, (ap_o_mode)3, 0>, config21>' completely with a factor of 8 (firmware/nnet_utils/nnet_dense_resource.h:235:0)
INFO: [HLS 214-186] Unrolling loop 'MultLoop' (firmware/nnet_utils/nnet_dense_resource.h:50:9) in function 'nnet::dense_resource<ap_fixed<16, 6, (ap_q_mode)5, (ap_o_mode)3, 0>, ap_fixed<16, 6, (ap_q_mode)5, (ap_o_mode)3, 0>, config21>' completely with a factor of 16 (firmware/nnet_utils/nnet_dense_resource.h:235:0)
INFO: [HLS 214-186] Unrolling loop 'InitAccum' (firmware/nnet_utils/nnet_dense_resource.h:36:5) in function 'nnet::dense_resource<ap_fixed<16, 6, (ap_q_mode)5, (ap_o_mode)3, 0>, ap_fixed<16, 6, (ap_q_mode)5, (ap_o_mode)3, 0>, config21>' completely with a factor of 8 (firmware/nnet_utils/nnet_dense_resource.h:235:0)
INFO: [HLS 214-186] Unrolling loop 'VITIS_LOOP_122_2' (firmware/nnet_utils/nnet_merge.h:122:23) in function 'nnet::concatenate1d<ap_ufixed<8, 0, (ap_q_mode)4, (ap_o_mode)0, 0>, ap_ufixed<8, 0, (ap_q_mode)4, (ap_o_mode)0, 0>, ap_fixed<16, 6, (ap_q_mode)5, (ap_o_mode)3, 0>, config20>' completely with a factor of 10 (firmware/nnet_utils/nnet_merge.h:116:0)
INFO: [HLS 214-186] Unrolling loop 'VITIS_LOOP_119_1' (firmware/nnet_utils/nnet_merge.h:119:20) in function 'nnet::concatenate1d<ap_ufixed<8, 0, (ap_q_mode)4, (ap_o_mode)0, 0>, ap_ufixed<8, 0, (ap_q_mode)4, (ap_o_mode)0, 0>, ap_fixed<16, 6, (ap_q_mode)5, (ap_o_mode)3, 0>, config20>' completely with a factor of 48 (firmware/nnet_utils/nnet_merge.h:116:0)
INFO: [HLS 214-186] Unrolling loop 'VITIS_LOOP_43_1' (firmware/nnet_utils/nnet_activation.h:43:22) in function 'nnet::relu<ap_fixed<16, 6, (ap_q_mode)5, (ap_o_mode)3, 0>, ap_ufixed<8, 0, (ap_q_mode)4, (ap_o_mode)0, 0>, relu_config19>' completely with a factor of 10 (firmware/nnet_utils/nnet_activation.h:39:0)
INFO: [HLS 214-186] Unrolling loop 'VITIS_LOOP_43_1' (firmware/nnet_utils/nnet_activation.h:43:22) in function 'nnet::relu<ap_fixed<16, 6, (ap_q_mode)5, (ap_o_mode)3, 0>, ap_ufixed<8, 0, (ap_q_mode)4, (ap_o_mode)0, 0>, relu_config18>' completely with a factor of 48 (firmware/nnet_utils/nnet_activation.h:39:0)
INFO: [HLS 214-186] Unrolling loop 'Result' (firmware/nnet_utils/nnet_dense_resource.h:149:5) in function 'nnet::dense_resource<ap_fixed<16, 6, (ap_q_mode)5, (ap_o_mode)3, 0>, ap_fixed<16, 6, (ap_q_mode)5, (ap_o_mode)3, 0>, config16>' completely with a factor of 10 (firmware/nnet_utils/nnet_dense_resource.h:235:0)
INFO: [HLS 214-186] Unrolling loop 'MultLoop' (firmware/nnet_utils/nnet_dense_resource.h:130:9) in function 'nnet::dense_resource<ap_fixed<16, 6, (ap_q_mode)5, (ap_o_mode)3, 0>, ap_fixed<16, 6, (ap_q_mode)5, (ap_o_mode)3, 0>, config16>' completely with a factor of 1 (firmware/nnet_utils/nnet_dense_resource.h:235:0)
INFO: [HLS 214-186] Unrolling loop 'InitAccum' (firmware/nnet_utils/nnet_dense_resource.h:104:5) in function 'nnet::dense_resource<ap_fixed<16, 6, (ap_q_mode)5, (ap_o_mode)3, 0>, ap_fixed<16, 6, (ap_q_mode)5, (ap_o_mode)3, 0>, config16>' completely with a factor of 10 (firmware/nnet_utils/nnet_dense_resource.h:235:0)
INFO: [HLS 214-186] Unrolling loop 'Result' (firmware/nnet_utils/nnet_dense_resource.h:74:5) in function 'nnet::dense_resource<ap_fixed<16, 6, (ap_q_mode)5, (ap_o_mode)3, 0>, ap_fixed<16, 6, (ap_q_mode)5, (ap_o_mode)3, 0>, config14>' completely with a factor of 48 (firmware/nnet_utils/nnet_dense_resource.h:235:0)
INFO: [HLS 214-186] Unrolling loop 'MultLoop' (firmware/nnet_utils/nnet_dense_resource.h:50:9) in function 'nnet::dense_resource<ap_fixed<16, 6, (ap_q_mode)5, (ap_o_mode)3, 0>, ap_fixed<16, 6, (ap_q_mode)5, (ap_o_mode)3, 0>, config14>' completely with a factor of 240 (firmware/nnet_utils/nnet_dense_resource.h:235:0)
INFO: [HLS 214-186] Unrolling loop 'InitAccum' (firmware/nnet_utils/nnet_dense_resource.h:36:5) in function 'nnet::dense_resource<ap_fixed<16, 6, (ap_q_mode)5, (ap_o_mode)3, 0>, ap_fixed<16, 6, (ap_q_mode)5, (ap_o_mode)3, 0>, config14>' completely with a factor of 48 (firmware/nnet_utils/nnet_dense_resource.h:235:0)
INFO: [HLS 214-186] Unrolling loop 'VITIS_LOOP_122_2' (firmware/nnet_utils/nnet_merge.h:122:23) in function 'nnet::concatenate1d<ap_fixed<10, 1, (ap_q_mode)4, (ap_o_mode)0, 0>, ap_fixed<10, 1, (ap_q_mode)4, (ap_o_mode)0, 0>, ap_fixed<16, 6, (ap_q_mode)5, (ap_o_mode)3, 0>, config13>' completely with a factor of 1 (firmware/nnet_utils/nnet_merge.h:116:0)
INFO: [HLS 214-186] Unrolling loop 'VITIS_LOOP_119_1' (firmware/nnet_utils/nnet_merge.h:119:20) in function 'nnet::concatenate1d<ap_fixed<10, 1, (ap_q_mode)4, (ap_o_mode)0, 0>, ap_fixed<10, 1, (ap_q_mode)4, (ap_o_mode)0, 0>, ap_fixed<16, 6, (ap_q_mode)5, (ap_o_mode)3, 0>, config13>' completely with a factor of 1 (firmware/nnet_utils/nnet_merge.h:116:0)
INFO: [HLS 214-186] Unrolling loop 'VITIS_LOOP_122_2' (firmware/nnet_utils/nnet_merge.h:122:23) in function 'nnet::concatenate1d<ap_fixed<16, 6, (ap_q_mode)5, (ap_o_mode)3, 0>, ap_fixed<10, 1, (ap_q_mode)4, (ap_o_mode)0, 0>, ap_fixed<16, 6, (ap_q_mode)5, (ap_o_mode)3, 0>, config12>' completely with a factor of 1 (firmware/nnet_utils/nnet_merge.h:116:0)
INFO: [HLS 214-186] Unrolling loop 'VITIS_LOOP_119_1' (firmware/nnet_utils/nnet_merge.h:119:20) in function 'nnet::concatenate1d<ap_fixed<16, 6, (ap_q_mode)5, (ap_o_mode)3, 0>, ap_fixed<10, 1, (ap_q_mode)4, (ap_o_mode)0, 0>, ap_fixed<16, 6, (ap_q_mode)5, (ap_o_mode)3, 0>, config12>' completely with a factor of 34 (firmware/nnet_utils/nnet_merge.h:116:0)
INFO: [HLS 214-186] Unrolling loop 'VITIS_LOOP_31_1' (firmware/nnet_utils/nnet_activation.h:31:19) in function 'nnet::linear<ap_fixed<16, 6, (ap_q_mode)5, (ap_o_mode)3, 0>, ap_fixed<10, 1, (ap_q_mode)4, (ap_o_mode)0, 0>, linear_config11>' completely with a factor of 1 (firmware/nnet_utils/nnet_activation.h:28:0)
INFO: [HLS 214-186] Unrolling loop 'VITIS_LOOP_31_1' (firmware/nnet_utils/nnet_activation.h:31:19) in function 'nnet::linear<ap_fixed<16, 6, (ap_q_mode)5, (ap_o_mode)3, 0>, ap_fixed<10, 1, (ap_q_mode)4, (ap_o_mode)0, 0>, linear_config10>' completely with a factor of 1 (firmware/nnet_utils/nnet_activation.h:28:0)
INFO: [HLS 214-186] Unrolling loop 'VITIS_LOOP_31_1' (firmware/nnet_utils/nnet_activation.h:31:19) in function 'nnet::linear<ap_fixed<16, 6, (ap_q_mode)5, (ap_o_mode)3, 0>, ap_fixed<10, 1, (ap_q_mode)4, (ap_o_mode)0, 0>, linear_config9>' completely with a factor of 1 (firmware/nnet_utils/nnet_activation.h:28:0)
INFO: [HLS 214-186] Unrolling loop 'VITIS_LOOP_122_2' (firmware/nnet_utils/nnet_merge.h:122:23) in function 'nnet::concatenate1d<ap_fixed<10, 1, (ap_q_mode)4, (ap_o_mode)0, 0>, ap_fixed<10, 1, (ap_q_mode)4, (ap_o_mode)0, 0>, ap_fixed<16, 6, (ap_q_mode)5, (ap_o_mode)3, 0>, config8>' completely with a factor of 13 (firmware/nnet_utils/nnet_merge.h:116:0)
INFO: [HLS 214-186] Unrolling loop 'VITIS_LOOP_119_1' (firmware/nnet_utils/nnet_merge.h:119:20) in function 'nnet::concatenate1d<ap_fixed<10, 1, (ap_q_mode)4, (ap_o_mode)0, 0>, ap_fixed<10, 1, (ap_q_mode)4, (ap_o_mode)0, 0>, ap_fixed<16, 6, (ap_q_mode)5, (ap_o_mode)3, 0>, config8>' completely with a factor of 21 (firmware/nnet_utils/nnet_merge.h:116:0)
INFO: [HLS 214-186] Unrolling loop 'VITIS_LOOP_31_1' (firmware/nnet_utils/nnet_activation.h:31:19) in function 'nnet::linear<ap_fixed<16, 6, (ap_q_mode)5, (ap_o_mode)3, 0>, ap_fixed<10, 1, (ap_q_mode)4, (ap_o_mode)0, 0>, linear_config4>' completely with a factor of 13 (firmware/nnet_utils/nnet_activation.h:28:0)
INFO: [HLS 214-186] Unrolling loop 'VITIS_LOOP_31_1' (firmware/nnet_utils/nnet_activation.h:31:19) in function 'nnet::linear<ap_fixed<16, 6, (ap_q_mode)5, (ap_o_mode)3, 0>, ap_fixed<10, 1, (ap_q_mode)4, (ap_o_mode)0, 0>, linear_config3>' completely with a factor of 21 (firmware/nnet_utils/nnet_activation.h:28:0)
WARNING: [HLS 214-167] The program may have out of bound array access on variable 'weights' (firmware/nnet_utils/nnet_mult.h:70:36)
INFO: [HLS 214-248] Applying array_partition to 'acc.i': Complete partitioning on dimension 1. (firmware/nnet_utils/nnet_dense_resource.h:100:29)
INFO: [HLS 214-248] Applying array_partition to 'layer3_out': Complete partitioning on dimension 1. (firmware/myproject.cpp:55:11)
INFO: [HLS 214-248] Applying array_partition to 'layer4_out': Complete partitioning on dimension 1. (firmware/myproject.cpp:59:14)
INFO: [HLS 214-248] Applying array_partition to 'layer8_out': Complete partitioning on dimension 1. (firmware/myproject.cpp:63:14)
INFO: [HLS 214-248] Applying array_partition to 'layer9_out': Complete partitioning on dimension 1. (firmware/myproject.cpp:67:14)
INFO: [HLS 214-248] Applying array_partition to 'layer10_out': Complete partitioning on dimension 1. (firmware/myproject.cpp:71:15)
INFO: [HLS 214-248] Applying array_partition to 'layer11_out': Complete partitioning on dimension 1. (firmware/myproject.cpp:75:15)
INFO: [HLS 214-248] Applying array_partition to 'layer12_out': Complete partitioning on dimension 1. (firmware/myproject.cpp:79:15)
INFO: [HLS 214-248] Applying array_partition to 'layer13_out': Complete partitioning on dimension 1. (firmware/myproject.cpp:83:15)
INFO: [HLS 214-248] Applying array_partition to 'layer14_out': Complete partitioning on dimension 1. (firmware/myproject.cpp:87:15)
INFO: [HLS 214-248] Applying array_partition to 'layer16_out': Complete partitioning on dimension 1. (firmware/myproject.cpp:91:15)
INFO: [HLS 214-248] Applying array_partition to 'layer18_out': Complete partitioning on dimension 1. (firmware/myproject.cpp:95:15)
INFO: [HLS 214-248] Applying array_partition to 'layer19_out': Complete partitioning on dimension 1. (firmware/myproject.cpp:99:15)
INFO: [HLS 214-248] Applying array_partition to 'layer20_out': Complete partitioning on dimension 1. (firmware/myproject.cpp:103:15)
INFO: [HLS 214-248] Applying array_partition to 'layer21_out': Complete partitioning on dimension 1. (firmware/myproject.cpp:107:15)
INFO: [HLS 214-248] Applying array_partition to 'layer23_out': Complete partitioning on dimension 1. (firmware/myproject.cpp:111:15)
INFO: [HLS 214-248] Applying array_partition to 'layer24_out': Complete partitioning on dimension 1. (firmware/myproject.cpp:115:15)
INFO: [HLS 214-248] Applying array_partition to 'layer26_out': Complete partitioning on dimension 1. (firmware/myproject.cpp:119:15)
INFO: [HLS 214-248] Applying array_partition to 'layer27_out': Complete partitioning on dimension 1. (firmware/myproject.cpp:123:15)
INFO: [HLS 214-248] Applying array_partition to 'layer29_out': Complete partitioning on dimension 1. (firmware/myproject.cpp:19:0)
INFO: [HLS 214-248] Applying array_partition to 'b14': Complete partitioning on dimension 1. (firmware/myproject.cpp:19:0)
INFO: [HLS 214-248] Applying array_partition to 'b16': Complete partitioning on dimension 1. (firmware/myproject.cpp:19:0)
INFO: [HLS 214-248] Applying array_partition to 'b21': Complete partitioning on dimension 1. (firmware/myproject.cpp:19:0)
INFO: [HLS 214-248] Applying array_partition to 'b24': Complete partitioning on dimension 1. (firmware/myproject.cpp:19:0)
INFO: [HLS 214-248] Applying array_partition to 'b27': Complete partitioning on dimension 1. (firmware/myproject.cpp:19:0)
INFO: [HLS 214-248] Applying array_reshape to 'x_profile': Complete reshaping on dimension 1. (firmware/myproject.cpp:19:0)
INFO: [HLS 214-248] Applying array_reshape to 'nModule': Complete reshaping on dimension 1. (firmware/myproject.cpp:19:0)
INFO: [HLS 214-248] Applying array_reshape to 'x_local': Complete reshaping on dimension 1. (firmware/myproject.cpp:19:0)
INFO: [HLS 214-248] Applying array_reshape to 'y_profile': Complete reshaping on dimension 1. (firmware/myproject.cpp:19:0)
INFO: [HLS 214-248] Applying array_reshape to 'y_local': Complete reshaping on dimension 1. (firmware/myproject.cpp:19:0)
INFO: [HLS 200-111] Finished Compiling Optimization and Transform: CPU user time: 11.94 seconds. CPU system time: 1 seconds. Elapsed time: 17.56 seconds; current allocated memory: 354.336 MB.
INFO: [HLS 200-111] Finished Checking Pragmas: CPU user time: 0 seconds. CPU system time: 0 seconds. Elapsed time: 0.01 seconds; current allocated memory: 354.336 MB.
INFO: [HLS 200-10] Starting code transformations ...
INFO: [HLS 200-111] Finished Standard Transforms: CPU user time: 0.31 seconds. CPU system time: 0 seconds. Elapsed time: 0.31 seconds; current allocated memory: 361.988 MB.
INFO: [HLS 200-10] Checking synthesizability ...
INFO: [HLS 200-111] Finished Checking Synthesizability: CPU user time: 0.41 seconds. CPU system time: 0.01 seconds. Elapsed time: 0.42 seconds; current allocated memory: 373.633 MB.
INFO: [XFORM 203-712] Applying dataflow to function 'myproject' (firmware/myproject.cpp:43:1), detected/extracted 19 process function(s): 
	 'nnet::linear<ap_fixed<16, 6, (ap_q_mode)5, (ap_o_mode)3, 0>, ap_fixed<10, 1, (ap_q_mode)4, (ap_o_mode)0, 0>, linear_config3>'
	 'nnet::linear<ap_fixed<16, 6, (ap_q_mode)5, (ap_o_mode)3, 0>, ap_fixed<10, 1, (ap_q_mode)4, (ap_o_mode)0, 0>, linear_config4>'
	 'nnet::concatenate1d<ap_fixed<10, 1, (ap_q_mode)4, (ap_o_mode)0, 0>, ap_fixed<10, 1, (ap_q_mode)4, (ap_o_mode)0, 0>, ap_fixed<16, 6, (ap_q_mode)5, (ap_o_mode)3, 0>, config8>'
	 'nnet::linear<ap_fixed<16, 6, (ap_q_mode)5, (ap_o_mode)3, 0>, ap_fixed<10, 1, (ap_q_mode)4, (ap_o_mode)0, 0>, linear_config9>'
	 'nnet::linear<ap_fixed<16, 6, (ap_q_mode)5, (ap_o_mode)3, 0>, ap_fixed<10, 1, (ap_q_mode)4, (ap_o_mode)0, 0>, linear_config10>'
	 'nnet::linear<ap_fixed<16, 6, (ap_q_mode)5, (ap_o_mode)3, 0>, ap_fixed<10, 1, (ap_q_mode)4, (ap_o_mode)0, 0>, linear_config11>'
	 'nnet::concatenate1d<ap_fixed<16, 6, (ap_q_mode)5, (ap_o_mode)3, 0>, ap_fixed<10, 1, (ap_q_mode)4, (ap_o_mode)0, 0>, ap_fixed<16, 6, (ap_q_mode)5, (ap_o_mode)3, 0>, config12>'
	 'nnet::concatenate1d<ap_fixed<10, 1, (ap_q_mode)4, (ap_o_mode)0, 0>, ap_fixed<10, 1, (ap_q_mode)4, (ap_o_mode)0, 0>, ap_fixed<16, 6, (ap_q_mode)5, (ap_o_mode)3, 0>, config13>'
	 'nnet::dense_resource<ap_fixed<16, 6, (ap_q_mode)5, (ap_o_mode)3, 0>, ap_fixed<16, 6, (ap_q_mode)5, (ap_o_mode)3, 0>, config14>'
	 'nnet::dense_resource<ap_fixed<16, 6, (ap_q_mode)5, (ap_o_mode)3, 0>, ap_fixed<16, 6, (ap_q_mode)5, (ap_o_mode)3, 0>, config16>'
	 'nnet::relu<ap_fixed<16, 6, (ap_q_mode)5, (ap_o_mode)3, 0>, ap_ufixed<8, 0, (ap_q_mode)4, (ap_o_mode)0, 0>, relu_config18>'
	 'nnet::relu<ap_fixed<16, 6, (ap_q_mode)5, (ap_o_mode)3, 0>, ap_ufixed<8, 0, (ap_q_mode)4, (ap_o_mode)0, 0>, relu_config19>'
	 'nnet::concatenate1d<ap_ufixed<8, 0, (ap_q_mode)4, (ap_o_mode)0, 0>, ap_ufixed<8, 0, (ap_q_mode)4, (ap_o_mode)0, 0>, ap_fixed<16, 6, (ap_q_mode)5, (ap_o_mode)3, 0>, config20>'
	 'nnet::dense_resource<ap_fixed<16, 6, (ap_q_mode)5, (ap_o_mode)3, 0>, ap_fixed<16, 6, (ap_q_mode)5, (ap_o_mode)3, 0>, config21>'
	 'nnet::relu<ap_fixed<16, 6, (ap_q_mode)5, (ap_o_mode)3, 0>, ap_ufixed<8, 0, (ap_q_mode)4, (ap_o_mode)0, 0>, relu_config23>'
	 'nnet::dense_resource<ap_ufixed<8, 0, (ap_q_mode)4, (ap_o_mode)0, 0>, ap_fixed<16, 6, (ap_q_mode)5, (ap_o_mode)3, 0>, config24>'
	 'nnet::relu<ap_fixed<16, 6, (ap_q_mode)5, (ap_o_mode)3, 0>, ap_ufixed<8, 0, (ap_q_mode)4, (ap_o_mode)0, 0>, relu_config26>'
	 'nnet::dense_resource<ap_ufixed<8, 0, (ap_q_mode)4, (ap_o_mode)0, 0>, ap_fixed<16, 6, (ap_q_mode)5, (ap_o_mode)3, 0>, config27>'
	 'nnet::hard_sigmoid<ap_fixed<16, 6, (ap_q_mode)5, (ap_o_mode)3, 0>, ap_ufixed<8, 0, (ap_q_mode)4, (ap_o_mode)0, 0>, hard_sigmoid_config29>'.
INFO: [XFORM 203-401] Performing if-conversion on hyperblock from (firmware/nnet_utils/nnet_activation.h:40:9) to (firmware/nnet_utils/nnet_activation.h:50:1) in function 'nnet::relu<ap_fixed<16, 6, (ap_q_mode)5, (ap_o_mode)3, 0>, ap_ufixed<8, 0, (ap_q_mode)4, (ap_o_mode)0, 0>, relu_config26>'... converting 17 basic blocks.
INFO: [XFORM 203-401] Performing if-conversion on hyperblock from (firmware/nnet_utils/nnet_activation.h:40:9) to (firmware/nnet_utils/nnet_activation.h:50:1) in function 'nnet::relu<ap_fixed<16, 6, (ap_q_mode)5, (ap_o_mode)3, 0>, ap_ufixed<8, 0, (ap_q_mode)4, (ap_o_mode)0, 0>, relu_config23>'... converting 33 basic blocks.
INFO: [XFORM 203-401] Performing if-conversion on hyperblock from (firmware/nnet_utils/nnet_activation.h:40:9) to (firmware/nnet_utils/nnet_activation.h:50:1) in function 'nnet::relu<ap_fixed<16, 6, (ap_q_mode)5, (ap_o_mode)3, 0>, ap_ufixed<8, 0, (ap_q_mode)4, (ap_o_mode)0, 0>, relu_config19>'... converting 41 basic blocks.
INFO: [XFORM 203-401] Performing if-conversion on hyperblock from (firmware/nnet_utils/nnet_activation.h:40:9) to (firmware/nnet_utils/nnet_activation.h:50:1) in function 'nnet::relu<ap_fixed<16, 6, (ap_q_mode)5, (ap_o_mode)3, 0>, ap_ufixed<8, 0, (ap_q_mode)4, (ap_o_mode)0, 0>, relu_config18>'... converting 193 basic blocks.
INFO: [XFORM 203-401] Performing if-conversion on hyperblock from (firmware/nnet_utils/nnet_activation.h:32:19) to (firmware/nnet_utils/nnet_activation.h:34:1) in function 'nnet::linear<ap_fixed<16, 6, (ap_q_mode)5, (ap_o_mode)3, 0>, ap_fixed<10, 1, (ap_q_mode)4, (ap_o_mode)0, 0>, linear_config9>'... converting 3 basic blocks.
INFO: [XFORM 203-401] Performing if-conversion on hyperblock from (firmware/nnet_utils/nnet_activation.h:32:19) to (firmware/nnet_utils/nnet_activation.h:34:1) in function 'nnet::linear<ap_fixed<16, 6, (ap_q_mode)5, (ap_o_mode)3, 0>, ap_fixed<10, 1, (ap_q_mode)4, (ap_o_mode)0, 0>, linear_config4>'... converting 27 basic blocks.
INFO: [XFORM 203-401] Performing if-conversion on hyperblock from (firmware/nnet_utils/nnet_activation.h:32:19) to (firmware/nnet_utils/nnet_activation.h:34:1) in function 'nnet::linear<ap_fixed<16, 6, (ap_q_mode)5, (ap_o_mode)3, 0>, ap_fixed<10, 1, (ap_q_mode)4, (ap_o_mode)0, 0>, linear_config3>'... converting 43 basic blocks.
INFO: [XFORM 203-401] Performing if-conversion on hyperblock from (firmware/nnet_utils/nnet_activation.h:32:19) to (firmware/nnet_utils/nnet_activation.h:34:1) in function 'nnet::linear<ap_fixed<16, 6, (ap_q_mode)5, (ap_o_mode)3, 0>, ap_fixed<10, 1, (ap_q_mode)4, (ap_o_mode)0, 0>, linear_config11>'... converting 3 basic blocks.
INFO: [XFORM 203-401] Performing if-conversion on hyperblock from (firmware/nnet_utils/nnet_activation.h:32:19) to (firmware/nnet_utils/nnet_activation.h:34:1) in function 'nnet::linear<ap_fixed<16, 6, (ap_q_mode)5, (ap_o_mode)3, 0>, ap_fixed<10, 1, (ap_q_mode)4, (ap_o_mode)0, 0>, linear_config10>'... converting 3 basic blocks.
INFO: [XFORM 203-401] Performing if-conversion on hyperblock from (firmware/nnet_utils/nnet_activation.h:449:9) to (firmware/nnet_utils/nnet_activation.h:459:1) in function 'nnet::hard_sigmoid<ap_fixed<16, 6, (ap_q_mode)5, (ap_o_mode)3, 0>, ap_ufixed<8, 0, (ap_q_mode)4, (ap_o_mode)0, 0>, hard_sigmoid_config29>'... converting 3 basic blocks.
INFO: [XFORM 203-401] Performing if-conversion on hyperblock from (firmware/nnet_utils/nnet_dense_resource.h:125:9) to (firmware/nnet_utils/nnet_dense_resource.h:124:5) in function 'nnet::dense_resource<ap_ufixed<8, 0, (ap_q_mode)4, (ap_o_mode)0, 0>, ap_fixed<16, 6, (ap_q_mode)5, (ap_o_mode)3, 0>, config24>'... converting 5 basic blocks.
INFO: [XFORM 203-401] Performing if-conversion on hyperblock from (firmware/nnet_utils/nnet_dense_resource.h:125:9) to (firmware/nnet_utils/nnet_dense_resource.h:133:17) in function 'nnet::dense_resource<ap_fixed<16, 6, (ap_q_mode)5, (ap_o_mode)3, 0>, ap_fixed<16, 6, (ap_q_mode)5, (ap_o_mode)3, 0>, config16>'... converting 12 basic blocks.
INFO: [XFORM 203-11] Balancing expressions in function 'nnet::dense_resource<ap_fixed<16, 6, (ap_q_mode)5, (ap_o_mode)3, 0>, ap_fixed<16, 6, (ap_q_mode)5, (ap_o_mode)3, 0>, config14>' (firmware/nnet_utils/nnet_dense_resource.h:38:17)...240 expression(s) balanced.
INFO: [HLS 200-111] Finished Loop, function and other optimizations: CPU user time: 2.28 seconds. CPU system time: 0.02 seconds. Elapsed time: 2.31 seconds; current allocated memory: 418.305 MB.
INFO: [XFORM 203-531] Rewinding loop 'ReuseLoop' (firmware/nnet_utils/nnet_dense_resource.h:42) in function 'dense_resource<ap_ufixed<8, 0, 4, 0, 0>, ap_fixed<16, 6, 5, 3, 0>, config27>'.
INFO: [XFORM 203-531] Rewinding loop 'ReuseLoop' (firmware/nnet_utils/nnet_dense_resource.h:124) in function 'dense_resource<ap_ufixed<8, 0, 4, 0, 0>, ap_fixed<16, 6, 5, 3, 0>, config24>'.
INFO: [XFORM 203-531] Rewinding loop 'ReuseLoop' (firmware/nnet_utils/nnet_dense_resource.h:42) in function 'dense_resource<ap_fixed<16, 6, 5, 3, 0>, ap_fixed<16, 6, 5, 3, 0>, config21>'.
INFO: [XFORM 203-531] Rewinding loop 'ReuseLoop' (firmware/nnet_utils/nnet_dense_resource.h:124) in function 'dense_resource<ap_fixed<16, 6, 5, 3, 0>, ap_fixed<16, 6, 5, 3, 0>, config16>'.
INFO: [XFORM 203-531] Rewinding loop 'ReuseLoop' (firmware/nnet_utils/nnet_dense_resource.h:42) in function 'dense_resource<ap_fixed<16, 6, 5, 3, 0>, ap_fixed<16, 6, 5, 3, 0>, config14>'.
WARNING: [HLS 200-1449] Process dense_resource<ap_fixed<16, 6, 5, 3, 0>, ap_fixed<16, 6, 5, 3, 0>, config14> has both a predecessor and reads an input from its caller (see the GUI dataflow viewer). This may lead to lower throughput. Consider copying this input via a predecessor process.
WARNING: [HLS 200-1449] Process dense_resource<ap_fixed<16, 6, 5, 3, 0>, ap_fixed<16, 6, 5, 3, 0>, config16> has both a predecessor and reads an input from its caller (see the GUI dataflow viewer). This may lead to lower throughput. Consider copying this input via a predecessor process.
WARNING: [HLS 200-1449] Process dense_resource<ap_fixed<16, 6, 5, 3, 0>, ap_fixed<16, 6, 5, 3, 0>, config21> has both a predecessor and reads an input from its caller (see the GUI dataflow viewer). This may lead to lower throughput. Consider copying this input via a predecessor process.
WARNING: [HLS 200-1449] Process dense_resource<ap_ufixed<8, 0, 4, 0, 0>, ap_fixed<16, 6, 5, 3, 0>, config24> has both a predecessor and reads an input from its caller (see the GUI dataflow viewer). This may lead to lower throughput. Consider copying this input via a predecessor process.
WARNING: [HLS 200-1449] Process dense_resource<ap_ufixed<8, 0, 4, 0, 0>, ap_fixed<16, 6, 5, 3, 0>, config27> has both a predecessor and reads an input from its caller (see the GUI dataflow viewer). This may lead to lower throughput. Consider copying this input via a predecessor process.
INFO: [HLS 200-111] Finished Architecture Synthesis: CPU user time: 1.35 seconds. CPU system time: 0.07 seconds. Elapsed time: 1.41 seconds; current allocated memory: 622.484 MB.
INFO: [HLS 200-10] Starting hardware synthesis ...
INFO: [HLS 200-10] Synthesizing 'myproject' ...
WARNING: [SYN 201-103] Legalizing function name 'linear<ap_fixed<16, 6, 5, 3, 0>, ap_fixed<10, 1, 4, 0, 0>, linear_config3>' to 'linear_ap_fixed_16_6_5_3_0_ap_fixed_10_1_4_0_0_linear_config3_s'.
WARNING: [SYN 201-103] Legalizing function name 'linear<ap_fixed<16, 6, 5, 3, 0>, ap_fixed<10, 1, 4, 0, 0>, linear_config4>' to 'linear_ap_fixed_16_6_5_3_0_ap_fixed_10_1_4_0_0_linear_config4_s'.
WARNING: [SYN 201-103] Legalizing function name 'concatenate1d<ap_fixed,ap_fixed,ap_fixed<16,6,5,3,0>,config8>' to 'concatenate1d_ap_fixed_ap_fixed_ap_fixed_16_6_5_3_0_config8_s'.
WARNING: [SYN 201-103] Legalizing function name 'linear<ap_fixed<16, 6, 5, 3, 0>, ap_fixed<10, 1, 4, 0, 0>, linear_config9>' to 'linear_ap_fixed_16_6_5_3_0_ap_fixed_10_1_4_0_0_linear_config9_s'.
WARNING: [SYN 201-103] Legalizing function name 'linear<ap_fixed<16, 6, 5, 3, 0>, ap_fixed<10, 1, 4, 0, 0>, linear_config10>' to 'linear_ap_fixed_16_6_5_3_0_ap_fixed_10_1_4_0_0_linear_config10_s'.
WARNING: [SYN 201-103] Legalizing function name 'linear<ap_fixed<16, 6, 5, 3, 0>, ap_fixed<10, 1, 4, 0, 0>, linear_config11>' to 'linear_ap_fixed_16_6_5_3_0_ap_fixed_10_1_4_0_0_linear_config11_s'.
WARNING: [SYN 201-103] Legalizing function name 'concatenate1d<ap_fixed,ap_fixed,ap_fixed<16,6,5,3,0>,config12>' to 'concatenate1d_ap_fixed_ap_fixed_ap_fixed_16_6_5_3_0_config12_s'.
WARNING: [SYN 201-103] Legalizing function name 'concatenate1d<ap_fixed,ap_fixed,ap_fixed<16,6,5,3,0>,config13>' to 'concatenate1d_ap_fixed_ap_fixed_ap_fixed_16_6_5_3_0_config13_s'.
WARNING: [SYN 201-103] Legalizing function name 'dense_resource<ap_fixed<16, 6, 5, 3, 0>, ap_fixed<16, 6, 5, 3, 0>, config14>' to 'dense_resource_ap_fixed_16_6_5_3_0_ap_fixed_16_6_5_3_0_config14_s'.
WARNING: [SYN 201-103] Legalizing function name 'dense_resource<ap_fixed<16, 6, 5, 3, 0>, ap_fixed<16, 6, 5, 3, 0>, config16>' to 'dense_resource_ap_fixed_16_6_5_3_0_ap_fixed_16_6_5_3_0_config16_s'.
WARNING: [SYN 201-103] Legalizing function name 'relu<ap_fixed<16, 6, 5, 3, 0>, ap_ufixed<8, 0, 4, 0, 0>, relu_config18>' to 'relu_ap_fixed_16_6_5_3_0_ap_ufixed_8_0_4_0_0_relu_config18_s'.
WARNING: [SYN 201-103] Legalizing function name 'relu<ap_fixed<16, 6, 5, 3, 0>, ap_ufixed<8, 0, 4, 0, 0>, relu_config19>' to 'relu_ap_fixed_16_6_5_3_0_ap_ufixed_8_0_4_0_0_relu_config19_s'.
WARNING: [SYN 201-103] Legalizing function name 'concatenate1d<ap_ufixed,ap_ufixed,ap_fixed<16,6,5,3,0>,config20>' to 'concatenate1d_ap_ufixed_ap_ufixed_ap_fixed_16_6_5_3_0_config20_s'.
WARNING: [SYN 201-103] Legalizing function name 'dense_resource<ap_fixed<16, 6, 5, 3, 0>, ap_fixed<16, 6, 5, 3, 0>, config21>' to 'dense_resource_ap_fixed_16_6_5_3_0_ap_fixed_16_6_5_3_0_config21_s'.
WARNING: [SYN 201-103] Legalizing function name 'relu<ap_fixed<16, 6, 5, 3, 0>, ap_ufixed<8, 0, 4, 0, 0>, relu_config23>' to 'relu_ap_fixed_16_6_5_3_0_ap_ufixed_8_0_4_0_0_relu_config23_s'.
WARNING: [SYN 201-103] Legalizing function name 'dense_resource<ap_ufixed<8, 0, 4, 0, 0>, ap_fixed<16, 6, 5, 3, 0>, config24>' to 'dense_resource_ap_ufixed_8_0_4_0_0_ap_fixed_16_6_5_3_0_config24_s'.
WARNING: [SYN 201-103] Legalizing function name 'relu<ap_fixed<16, 6, 5, 3, 0>, ap_ufixed<8, 0, 4, 0, 0>, relu_config26>' to 'relu_ap_fixed_16_6_5_3_0_ap_ufixed_8_0_4_0_0_relu_config26_s'.
WARNING: [SYN 201-103] Legalizing function name 'dense_resource<ap_ufixed<8, 0, 4, 0, 0>, ap_fixed<16, 6, 5, 3, 0>, config27>' to 'dense_resource_ap_ufixed_8_0_4_0_0_ap_fixed_16_6_5_3_0_config27_s'.
WARNING: [SYN 201-103] Legalizing function name 'hard_sigmoid<ap_fixed,ap_ufixed<8,0,4,0,0>,hard_sigmoid_config29>' to 'hard_sigmoid_ap_fixed_ap_ufixed_8_0_4_0_0_hard_sigmoid_config29_s'.
INFO: [HLS 200-10] ----------------------------------------------------------------
INFO: [HLS 200-42] -- Implementing module 'linear_ap_fixed_16_6_5_3_0_ap_fixed_10_1_4_0_0_linear_config3_s' 
INFO: [HLS 200-10] ----------------------------------------------------------------
INFO: [SCHED 204-11] Starting scheduling ...
INFO: [SCHED 204-61] Pipelining function 'linear<ap_fixed<16, 6, 5, 3, 0>, ap_fixed<10, 1, 4, 0, 0>, linear_config3>'.
INFO: [HLS 200-1470] Pipelining result : Target II = NA, Final II = 1, Depth = 1, function 'linear<ap_fixed<16, 6, 5, 3, 0>, ap_fixed<10, 1, 4, 0, 0>, linear_config3>'
INFO: [SCHED 204-11] Finished scheduling.
INFO: [HLS 200-111] Finished Scheduling: CPU user time: 0.26 seconds. CPU system time: 0.06 seconds. Elapsed time: 0.33 seconds; current allocated memory: 631.613 MB.
INFO: [BIND 205-100] Starting micro-architecture generation ...
INFO: [BIND 205-101] Performing variable lifetime analysis.
INFO: [BIND 205-101] Exploring resource sharing.
INFO: [BIND 205-101] Binding ...
INFO: [BIND 205-100] Finished micro-architecture generation.
INFO: [HLS 200-111] Finished Binding: CPU user time: 0.1 seconds. CPU system time: 0.01 seconds. Elapsed time: 0.11 seconds; current allocated memory: 632.711 MB.
INFO: [HLS 200-10] ----------------------------------------------------------------
INFO: [HLS 200-42] -- Implementing module 'linear_ap_fixed_16_6_5_3_0_ap_fixed_10_1_4_0_0_linear_config4_s' 
INFO: [HLS 200-10] ----------------------------------------------------------------
INFO: [SCHED 204-11] Starting scheduling ...
INFO: [SCHED 204-61] Pipelining function 'linear<ap_fixed<16, 6, 5, 3, 0>, ap_fixed<10, 1, 4, 0, 0>, linear_config4>'.
INFO: [HLS 200-1470] Pipelining result : Target II = NA, Final II = 1, Depth = 1, function 'linear<ap_fixed<16, 6, 5, 3, 0>, ap_fixed<10, 1, 4, 0, 0>, linear_config4>'
INFO: [SCHED 204-11] Finished scheduling.
INFO: [HLS 200-111] Finished Scheduling: CPU user time: 0.16 seconds. CPU system time: 0.01 seconds. Elapsed time: 0.17 seconds; current allocated memory: 637.051 MB.
INFO: [BIND 205-100] Starting micro-architecture generation ...
INFO: [BIND 205-101] Performing variable lifetime analysis.
INFO: [BIND 205-101] Exploring resource sharing.
INFO: [BIND 205-101] Binding ...
INFO: [BIND 205-100] Finished micro-architecture generation.
INFO: [HLS 200-111] Finished Binding: CPU user time: 0.07 seconds. CPU system time: 0 seconds. Elapsed time: 0.07 seconds; current allocated memory: 638.078 MB.
INFO: [HLS 200-10] ----------------------------------------------------------------
INFO: [HLS 200-42] -- Implementing module 'concatenate1d_ap_fixed_ap_fixed_ap_fixed_16_6_5_3_0_config8_s' 
INFO: [HLS 200-10] ----------------------------------------------------------------
INFO: [SCHED 204-11] Starting scheduling ...
INFO: [SCHED 204-61] Pipelining function 'concatenate1d<ap_fixed,ap_fixed,ap_fixed<16,6,5,3,0>,config8>'.
INFO: [HLS 200-1470] Pipelining result : Target II = NA, Final II = 1, Depth = 1, function 'concatenate1d<ap_fixed,ap_fixed,ap_fixed<16,6,5,3,0>,config8>'
INFO: [SCHED 204-11] Finished scheduling.
INFO: [HLS 200-111] Finished Scheduling: CPU user time: 0.08 seconds. CPU system time: 0.01 seconds. Elapsed time: 0.1 seconds; current allocated memory: 638.871 MB.
INFO: [BIND 205-100] Starting micro-architecture generation ...
INFO: [BIND 205-101] Performing variable lifetime analysis.
INFO: [BIND 205-101] Exploring resource sharing.
INFO: [BIND 205-101] Binding ...
INFO: [BIND 205-100] Finished micro-architecture generation.
INFO: [HLS 200-111] Finished Binding: CPU user time: 0.03 seconds. CPU system time: 0.01 seconds. Elapsed time: 0.03 seconds; current allocated memory: 639.086 MB.
INFO: [HLS 200-10] ----------------------------------------------------------------
INFO: [HLS 200-42] -- Implementing module 'linear_ap_fixed_16_6_5_3_0_ap_fixed_10_1_4_0_0_linear_config9_s' 
INFO: [HLS 200-10] ----------------------------------------------------------------
INFO: [SCHED 204-11] Starting scheduling ...
INFO: [SCHED 204-61] Pipelining function 'linear<ap_fixed<16, 6, 5, 3, 0>, ap_fixed<10, 1, 4, 0, 0>, linear_config9>'.
INFO: [HLS 200-1470] Pipelining result : Target II = NA, Final II = 1, Depth = 1, function 'linear<ap_fixed<16, 6, 5, 3, 0>, ap_fixed<10, 1, 4, 0, 0>, linear_config9>'
INFO: [SCHED 204-11] Finished scheduling.
INFO: [HLS 200-111] Finished Scheduling: CPU user time: 0.03 seconds. CPU system time: 0 seconds. Elapsed time: 0.04 seconds; current allocated memory: 639.508 MB.
INFO: [BIND 205-100] Starting micro-architecture generation ...
INFO: [BIND 205-101] Performing variable lifetime analysis.
INFO: [BIND 205-101] Exploring resource sharing.
INFO: [BIND 205-101] Binding ...
INFO: [BIND 205-100] Finished micro-architecture generation.
INFO: [HLS 200-111] Finished Binding: CPU user time: 0.02 seconds. CPU system time: 0.01 seconds. Elapsed time: 0.03 seconds; current allocated memory: 639.695 MB.
INFO: [HLS 200-10] ----------------------------------------------------------------
INFO: [HLS 200-42] -- Implementing module 'linear_ap_fixed_16_6_5_3_0_ap_fixed_10_1_4_0_0_linear_config10_s' 
INFO: [HLS 200-10] ----------------------------------------------------------------
INFO: [SCHED 204-11] Starting scheduling ...
INFO: [SCHED 204-61] Pipelining function 'linear<ap_fixed<16, 6, 5, 3, 0>, ap_fixed<10, 1, 4, 0, 0>, linear_config10>'.
INFO: [HLS 200-1470] Pipelining result : Target II = NA, Final II = 1, Depth = 1, function 'linear<ap_fixed<16, 6, 5, 3, 0>, ap_fixed<10, 1, 4, 0, 0>, linear_config10>'
INFO: [SCHED 204-11] Finished scheduling.
INFO: [HLS 200-111] Finished Scheduling: CPU user time: 0.04 seconds. CPU system time: 0 seconds. Elapsed time: 0.04 seconds; current allocated memory: 640.039 MB.
INFO: [BIND 205-100] Starting micro-architecture generation ...
INFO: [BIND 205-101] Performing variable lifetime analysis.
INFO: [BIND 205-101] Exploring resource sharing.
INFO: [BIND 205-101] Binding ...
INFO: [BIND 205-100] Finished micro-architecture generation.
INFO: [HLS 200-111] Finished Binding: CPU user time: 0.02 seconds. CPU system time: 0.01 seconds. Elapsed time: 0.03 seconds; current allocated memory: 640.227 MB.
INFO: [HLS 200-10] ----------------------------------------------------------------
INFO: [HLS 200-42] -- Implementing module 'linear_ap_fixed_16_6_5_3_0_ap_fixed_10_1_4_0_0_linear_config11_s' 
INFO: [HLS 200-10] ----------------------------------------------------------------
INFO: [SCHED 204-11] Starting scheduling ...
INFO: [SCHED 204-61] Pipelining function 'linear<ap_fixed<16, 6, 5, 3, 0>, ap_fixed<10, 1, 4, 0, 0>, linear_config11>'.
INFO: [HLS 200-1470] Pipelining result : Target II = NA, Final II = 1, Depth = 1, function 'linear<ap_fixed<16, 6, 5, 3, 0>, ap_fixed<10, 1, 4, 0, 0>, linear_config11>'
INFO: [SCHED 204-11] Finished scheduling.
INFO: [HLS 200-111] Finished Scheduling: CPU user time: 0.04 seconds. CPU system time: 0 seconds. Elapsed time: 0.05 seconds; current allocated memory: 640.590 MB.
INFO: [BIND 205-100] Starting micro-architecture generation ...
INFO: [BIND 205-101] Performing variable lifetime analysis.
INFO: [BIND 205-101] Exploring resource sharing.
INFO: [BIND 205-101] Binding ...
INFO: [BIND 205-100] Finished micro-architecture generation.
INFO: [HLS 200-111] Finished Binding: CPU user time: 0.03 seconds. CPU system time: 0.01 seconds. Elapsed time: 0.03 seconds; current allocated memory: 640.777 MB.
INFO: [HLS 200-10] ----------------------------------------------------------------
INFO: [HLS 200-42] -- Implementing module 'concatenate1d_ap_fixed_ap_fixed_ap_fixed_16_6_5_3_0_config12_s' 
INFO: [HLS 200-10] ----------------------------------------------------------------
INFO: [SCHED 204-11] Starting scheduling ...
INFO: [SCHED 204-61] Pipelining function 'concatenate1d<ap_fixed,ap_fixed,ap_fixed<16,6,5,3,0>,config12>'.
INFO: [HLS 200-1470] Pipelining result : Target II = NA, Final II = 1, Depth = 1, function 'concatenate1d<ap_fixed,ap_fixed,ap_fixed<16,6,5,3,0>,config12>'
INFO: [SCHED 204-11] Finished scheduling.
INFO: [HLS 200-111] Finished Scheduling: CPU user time: 0.05 seconds. CPU system time: 0 seconds. Elapsed time: 0.06 seconds; current allocated memory: 641.289 MB.
INFO: [BIND 205-100] Starting micro-architecture generation ...
INFO: [BIND 205-101] Performing variable lifetime analysis.
INFO: [BIND 205-101] Exploring resource sharing.
INFO: [BIND 205-101] Binding ...
INFO: [BIND 205-100] Finished micro-architecture generation.
INFO: [HLS 200-111] Finished Binding: CPU user time: 0.03 seconds. CPU system time: 0.01 seconds. Elapsed time: 0.03 seconds; current allocated memory: 641.477 MB.
INFO: [HLS 200-10] ----------------------------------------------------------------
INFO: [HLS 200-42] -- Implementing module 'concatenate1d_ap_fixed_ap_fixed_ap_fixed_16_6_5_3_0_config13_s' 
INFO: [HLS 200-10] ----------------------------------------------------------------
INFO: [SCHED 204-11] Starting scheduling ...
INFO: [SCHED 204-61] Pipelining function 'concatenate1d<ap_fixed,ap_fixed,ap_fixed<16,6,5,3,0>,config13>'.
INFO: [HLS 200-1470] Pipelining result : Target II = NA, Final II = 1, Depth = 1, function 'concatenate1d<ap_fixed,ap_fixed,ap_fixed<16,6,5,3,0>,config13>'
INFO: [SCHED 204-11] Finished scheduling.
INFO: [HLS 200-111] Finished Scheduling: CPU user time: 0.03 seconds. CPU system time: 0 seconds. Elapsed time: 0.04 seconds; current allocated memory: 641.637 MB.
INFO: [BIND 205-100] Starting micro-architecture generation ...
INFO: [BIND 205-101] Performing variable lifetime analysis.
INFO: [BIND 205-101] Exploring resource sharing.
INFO: [BIND 205-101] Binding ...
INFO: [BIND 205-100] Finished micro-architecture generation.
INFO: [HLS 200-111] Finished Binding: CPU user time: 0.03 seconds. CPU system time: 0.01 seconds. Elapsed time: 0.03 seconds; current allocated memory: 641.656 MB.
INFO: [HLS 200-10] ----------------------------------------------------------------
INFO: [HLS 200-42] -- Implementing module 'dense_resource_ap_fixed_16_6_5_3_0_ap_fixed_16_6_5_3_0_config14_s' 
INFO: [HLS 200-10] ----------------------------------------------------------------
INFO: [SCHED 204-11] Starting scheduling ...
INFO: [SCHED 204-61] Pipelining loop 'ReuseLoop'.
WARNING: [HLS 200-885] The II Violation in module 'dense_resource_ap_fixed_16_6_5_3_0_ap_fixed_16_6_5_3_0_config14_s' (loop 'ReuseLoop'): Unable to schedule 'load' operation 8 bit ('w', firmware/nnet_utils/nnet_dense_resource.h:55->firmware/nnet_utils/nnet_dense_resource.h:240) on array 'w14' due to limited memory ports (II = 1). Please consider using a memory core with more ports or partitioning the array 'w14'.
Resolution: For help on HLS 200-885 see docs.xilinx.com/access/sources/dita/topic?Doc_Version=2024.1%20English&url=ug1448-hls-guidance&resourceid=200-885.html
WARNING: [HLS 200-885] The II Violation in module 'dense_resource_ap_fixed_16_6_5_3_0_ap_fixed_16_6_5_3_0_config14_s' (loop 'ReuseLoop'): Unable to schedule 'load' operation 8 bit ('w', firmware/nnet_utils/nnet_dense_resource.h:55->firmware/nnet_utils/nnet_dense_resource.h:240) on array 'w14' due to limited memory ports (II = 2). Please consider using a memory core with more ports or partitioning the array 'w14'.
Resolution: For help on HLS 200-885 see docs.xilinx.com/access/sources/dita/topic?Doc_Version=2024.1%20English&url=ug1448-hls-guidance&resourceid=200-885.html
WARNING: [HLS 200-885] The II Violation in module 'dense_resource_ap_fixed_16_6_5_3_0_ap_fixed_16_6_5_3_0_config14_s' (loop 'ReuseLoop'): Unable to schedule 'load' operation 8 bit ('w', firmware/nnet_utils/nnet_dense_resource.h:55->firmware/nnet_utils/nnet_dense_resource.h:240) on array 'w14' due to limited memory ports (II = 3). Please consider using a memory core with more ports or partitioning the array 'w14'.
Resolution: For help on HLS 200-885 see docs.xilinx.com/access/sources/dita/topic?Doc_Version=2024.1%20English&url=ug1448-hls-guidance&resourceid=200-885.html
WARNING: [HLS 200-885] The II Violation in module 'dense_resource_ap_fixed_16_6_5_3_0_ap_fixed_16_6_5_3_0_config14_s' (loop 'ReuseLoop'): Unable to schedule 'load' operation 8 bit ('w', firmware/nnet_utils/nnet_dense_resource.h:55->firmware/nnet_utils/nnet_dense_resource.h:240) on array 'w14' due to limited memory ports (II = 4). Please consider using a memory core with more ports or partitioning the array 'w14'.
Resolution: For help on HLS 200-885 see docs.xilinx.com/access/sources/dita/topic?Doc_Version=2024.1%20English&url=ug1448-hls-guidance&resourceid=200-885.html
WARNING: [HLS 200-885] The II Violation in module 'dense_resource_ap_fixed_16_6_5_3_0_ap_fixed_16_6_5_3_0_config14_s' (loop 'ReuseLoop'): Unable to schedule 'load' operation 8 bit ('w', firmware/nnet_utils/nnet_dense_resource.h:55->firmware/nnet_utils/nnet_dense_resource.h:240) on array 'w14' due to limited memory ports (II = 67). Please consider using a memory core with more ports or partitioning the array 'w14'.
Resolution: For help on HLS 200-885 see docs.xilinx.com/access/sources/dita/topic?Doc_Version=2024.1%20English&url=ug1448-hls-guidance&resourceid=200-885.html
WARNING: [HLS 200-885] The II Violation in module 'dense_resource_ap_fixed_16_6_5_3_0_ap_fixed_16_6_5_3_0_config14_s' (loop 'ReuseLoop'): Unable to schedule 'load' operation 8 bit ('w', firmware/nnet_utils/nnet_dense_resource.h:55->firmware/nnet_utils/nnet_dense_resource.h:240) on array 'w14' due to limited memory ports (II = 98). Please consider using a memory core with more ports or partitioning the array 'w14'.
Resolution: For help on HLS 200-885 see docs.xilinx.com/access/sources/dita/topic?Doc_Version=2024.1%20English&url=ug1448-hls-guidance&resourceid=200-885.html
WARNING: [HLS 200-885] The II Violation in module 'dense_resource_ap_fixed_16_6_5_3_0_ap_fixed_16_6_5_3_0_config14_s' (loop 'ReuseLoop'): Unable to schedule 'load' operation 8 bit ('w', firmware/nnet_utils/nnet_dense_resource.h:55->firmware/nnet_utils/nnet_dense_resource.h:240) on array 'w14' due to limited memory ports (II = 114). Please consider using a memory core with more ports or partitioning the array 'w14'.
Resolution: For help on HLS 200-885 see docs.xilinx.com/access/sources/dita/topic?Doc_Version=2024.1%20English&url=ug1448-hls-guidance&resourceid=200-885.html
WARNING: [HLS 200-885] The II Violation in module 'dense_resource_ap_fixed_16_6_5_3_0_ap_fixed_16_6_5_3_0_config14_s' (loop 'ReuseLoop'): Unable to schedule 'load' operation 8 bit ('w', firmware/nnet_utils/nnet_dense_resource.h:55->firmware/nnet_utils/nnet_dense_resource.h:240) on array 'w14' due to limited memory ports (II = 118). Please consider using a memory core with more ports or partitioning the array 'w14'.
Resolution: For help on HLS 200-885 see docs.xilinx.com/access/sources/dita/topic?Doc_Version=2024.1%20English&url=ug1448-hls-guidance&resourceid=200-885.html
WARNING: [HLS 200-885] The II Violation in module 'dense_resource_ap_fixed_16_6_5_3_0_ap_fixed_16_6_5_3_0_config14_s' (loop 'ReuseLoop'): Unable to schedule 'load' operation 8 bit ('w', firmware/nnet_utils/nnet_dense_resource.h:55->firmware/nnet_utils/nnet_dense_resource.h:240) on array 'w14' due to limited memory ports (II = 119). Please consider using a memory core with more ports or partitioning the array 'w14'.
Resolution: For help on HLS 200-885 see docs.xilinx.com/access/sources/dita/topic?Doc_Version=2024.1%20English&url=ug1448-hls-guidance&resourceid=200-885.html
INFO: [HLS 200-1470] Pipelining result : Target II = 1, Final II = 120, Depth = 121, loop 'ReuseLoop'
INFO: [SCHED 204-11] Finished scheduling.
INFO: [HLS 200-111] Finished Scheduling: CPU user time: 24.42 seconds. CPU system time: 0.07 seconds. Elapsed time: 24.59 seconds; current allocated memory: 689.875 MB.
INFO: [BIND 205-100] Starting micro-architecture generation ...
INFO: [BIND 205-101] Performing variable lifetime analysis.
INFO: [BIND 205-101] Exploring resource sharing.
INFO: [BIND 205-101] Binding ...
INFO: [BIND 205-100] Finished micro-architecture generation.
INFO: [HLS 200-111] Finished Binding: CPU user time: 0.68 seconds. CPU system time: 0.02 seconds. Elapsed time: 0.71 seconds; current allocated memory: 689.875 MB.
INFO: [HLS 200-10] ----------------------------------------------------------------
INFO: [HLS 200-42] -- Implementing module 'dense_resource_ap_fixed_16_6_5_3_0_ap_fixed_16_6_5_3_0_config16_s' 
INFO: [HLS 200-10] ----------------------------------------------------------------
INFO: [SCHED 204-11] Starting scheduling ...
INFO: [SCHED 204-61] Pipelining loop 'ReuseLoop'.
INFO: [HLS 200-1470] Pipelining result : Target II = 1, Final II = 1, Depth = 2, loop 'ReuseLoop'
INFO: [SCHED 204-11] Finished scheduling.
INFO: [HLS 200-111] Finished Scheduling: CPU user time: 0.36 seconds. CPU system time: 0.01 seconds. Elapsed time: 0.38 seconds; current allocated memory: 689.875 MB.
INFO: [BIND 205-100] Starting micro-architecture generation ...
INFO: [BIND 205-101] Performing variable lifetime analysis.
INFO: [BIND 205-101] Exploring resource sharing.
INFO: [BIND 205-101] Binding ...
INFO: [BIND 205-100] Finished micro-architecture generation.
INFO: [HLS 200-111] Finished Binding: CPU user time: 0.05 seconds. CPU system time: 0 seconds. Elapsed time: 0.04 seconds; current allocated memory: 689.875 MB.
INFO: [HLS 200-10] ----------------------------------------------------------------
INFO: [HLS 200-42] -- Implementing module 'relu_ap_fixed_16_6_5_3_0_ap_ufixed_8_0_4_0_0_relu_config18_s' 
INFO: [HLS 200-10] ----------------------------------------------------------------
INFO: [SCHED 204-11] Starting scheduling ...
INFO: [SCHED 204-61] Pipelining function 'relu<ap_fixed<16, 6, 5, 3, 0>, ap_ufixed<8, 0, 4, 0, 0>, relu_config18>'.
INFO: [HLS 200-1470] Pipelining result : Target II = NA, Final II = 1, Depth = 1, function 'relu<ap_fixed<16, 6, 5, 3, 0>, ap_ufixed<8, 0, 4, 0, 0>, relu_config18>'
INFO: [SCHED 204-11] Finished scheduling.
INFO: [HLS 200-111] Finished Scheduling: CPU user time: 0.31 seconds. CPU system time: 0 seconds. Elapsed time: 0.32 seconds; current allocated memory: 689.875 MB.
INFO: [BIND 205-100] Starting micro-architecture generation ...
INFO: [BIND 205-101] Performing variable lifetime analysis.
INFO: [BIND 205-101] Exploring resource sharing.
INFO: [BIND 205-101] Binding ...
INFO: [BIND 205-100] Finished micro-architecture generation.
INFO: [HLS 200-111] Finished Binding: CPU user time: 0.18 seconds. CPU system time: 0.01 seconds. Elapsed time: 0.2 seconds; current allocated memory: 689.875 MB.
INFO: [HLS 200-10] ----------------------------------------------------------------
INFO: [HLS 200-42] -- Implementing module 'relu_ap_fixed_16_6_5_3_0_ap_ufixed_8_0_4_0_0_relu_config19_s' 
INFO: [HLS 200-10] ----------------------------------------------------------------
INFO: [SCHED 204-11] Starting scheduling ...
INFO: [SCHED 204-61] Pipelining function 'relu<ap_fixed<16, 6, 5, 3, 0>, ap_ufixed<8, 0, 4, 0, 0>, relu_config19>'.
INFO: [HLS 200-1470] Pipelining result : Target II = NA, Final II = 1, Depth = 1, function 'relu<ap_fixed<16, 6, 5, 3, 0>, ap_ufixed<8, 0, 4, 0, 0>, relu_config19>'
INFO: [SCHED 204-11] Finished scheduling.
INFO: [HLS 200-111] Finished Scheduling: CPU user time: 0.21 seconds. CPU system time: 0.01 seconds. Elapsed time: 0.21 seconds; current allocated memory: 689.875 MB.
INFO: [BIND 205-100] Starting micro-architecture generation ...
INFO: [BIND 205-101] Performing variable lifetime analysis.
INFO: [BIND 205-101] Exploring resource sharing.
INFO: [BIND 205-101] Binding ...
INFO: [BIND 205-100] Finished micro-architecture generation.
INFO: [HLS 200-111] Finished Binding: CPU user time: 0.04 seconds. CPU system time: 0.01 seconds. Elapsed time: 0.05 seconds; current allocated memory: 689.875 MB.
INFO: [HLS 200-10] ----------------------------------------------------------------
INFO: [HLS 200-42] -- Implementing module 'concatenate1d_ap_ufixed_ap_ufixed_ap_fixed_16_6_5_3_0_config20_s' 
INFO: [HLS 200-10] ----------------------------------------------------------------
INFO: [SCHED 204-11] Starting scheduling ...
INFO: [SCHED 204-61] Pipelining function 'concatenate1d<ap_ufixed,ap_ufixed,ap_fixed<16,6,5,3,0>,config20>'.
INFO: [HLS 200-1470] Pipelining result : Target II = NA, Final II = 1, Depth = 1, function 'concatenate1d<ap_ufixed,ap_ufixed,ap_fixed<16,6,5,3,0>,config20>'
INFO: [SCHED 204-11] Finished scheduling.
INFO: [HLS 200-111] Finished Scheduling: CPU user time: 0.09 seconds. CPU system time: 0.01 seconds. Elapsed time: 0.1 seconds; current allocated memory: 689.875 MB.
INFO: [BIND 205-100] Starting micro-architecture generation ...
INFO: [BIND 205-101] Performing variable lifetime analysis.
INFO: [BIND 205-101] Exploring resource sharing.
INFO: [BIND 205-101] Binding ...
INFO: [BIND 205-100] Finished micro-architecture generation.
INFO: [HLS 200-111] Finished Binding: CPU user time: 0.04 seconds. CPU system time: 0 seconds. Elapsed time: 0.04 seconds; current allocated memory: 689.875 MB.
INFO: [HLS 200-10] ----------------------------------------------------------------
INFO: [HLS 200-42] -- Implementing module 'dense_resource_ap_fixed_16_6_5_3_0_ap_fixed_16_6_5_3_0_config21_s' 
INFO: [HLS 200-10] ----------------------------------------------------------------
INFO: [SCHED 204-11] Starting scheduling ...
INFO: [SCHED 204-61] Pipelining loop 'ReuseLoop'.
WARNING: [HLS 200-885] The II Violation in module 'dense_resource_ap_fixed_16_6_5_3_0_ap_fixed_16_6_5_3_0_config21_s' (loop 'ReuseLoop'): Unable to schedule 'load' operation 8 bit ('w', firmware/nnet_utils/nnet_dense_resource.h:55->firmware/nnet_utils/nnet_dense_resource.h:240) on array 'w21' due to limited memory ports (II = 1). Please consider using a memory core with more ports or partitioning the array 'w21'.
Resolution: For help on HLS 200-885 see docs.xilinx.com/access/sources/dita/topic?Doc_Version=2024.1%20English&url=ug1448-hls-guidance&resourceid=200-885.html
WARNING: [HLS 200-885] The II Violation in module 'dense_resource_ap_fixed_16_6_5_3_0_ap_fixed_16_6_5_3_0_config21_s' (loop 'ReuseLoop'): Unable to schedule 'load' operation 8 bit ('w', firmware/nnet_utils/nnet_dense_resource.h:55->firmware/nnet_utils/nnet_dense_resource.h:240) on array 'w21' due to limited memory ports (II = 2). Please consider using a memory core with more ports or partitioning the array 'w21'.
Resolution: For help on HLS 200-885 see docs.xilinx.com/access/sources/dita/topic?Doc_Version=2024.1%20English&url=ug1448-hls-guidance&resourceid=200-885.html
WARNING: [HLS 200-885] The II Violation in module 'dense_resource_ap_fixed_16_6_5_3_0_ap_fixed_16_6_5_3_0_config21_s' (loop 'ReuseLoop'): Unable to schedule 'load' operation 8 bit ('w', firmware/nnet_utils/nnet_dense_resource.h:55->firmware/nnet_utils/nnet_dense_resource.h:240) on array 'w21' due to limited memory ports (II = 3). Please consider using a memory core with more ports or partitioning the array 'w21'.
Resolution: For help on HLS 200-885 see docs.xilinx.com/access/sources/dita/topic?Doc_Version=2024.1%20English&url=ug1448-hls-guidance&resourceid=200-885.html
WARNING: [HLS 200-885] The II Violation in module 'dense_resource_ap_fixed_16_6_5_3_0_ap_fixed_16_6_5_3_0_config21_s' (loop 'ReuseLoop'): Unable to schedule 'load' operation 8 bit ('w', firmware/nnet_utils/nnet_dense_resource.h:55->firmware/nnet_utils/nnet_dense_resource.h:240) on array 'w21' due to limited memory ports (II = 4). Please consider using a memory core with more ports or partitioning the array 'w21'.
Resolution: For help on HLS 200-885 see docs.xilinx.com/access/sources/dita/topic?Doc_Version=2024.1%20English&url=ug1448-hls-guidance&resourceid=200-885.html
WARNING: [HLS 200-885] The II Violation in module 'dense_resource_ap_fixed_16_6_5_3_0_ap_fixed_16_6_5_3_0_config21_s' (loop 'ReuseLoop'): Unable to schedule 'load' operation 8 bit ('w', firmware/nnet_utils/nnet_dense_resource.h:55->firmware/nnet_utils/nnet_dense_resource.h:240) on array 'w21' due to limited memory ports (II = 7). Please consider using a memory core with more ports or partitioning the array 'w21'.
Resolution: For help on HLS 200-885 see docs.xilinx.com/access/sources/dita/topic?Doc_Version=2024.1%20English&url=ug1448-hls-guidance&resourceid=200-885.html
INFO: [HLS 200-1470] Pipelining result : Target II = 1, Final II = 8, Depth = 9, loop 'ReuseLoop'
INFO: [SCHED 204-11] Finished scheduling.
INFO: [HLS 200-111] Finished Scheduling: CPU user time: 0.76 seconds. CPU system time: 0.01 seconds. Elapsed time: 0.77 seconds; current allocated memory: 691.105 MB.
INFO: [BIND 205-100] Starting micro-architecture generation ...
INFO: [BIND 205-101] Performing variable lifetime analysis.
INFO: [BIND 205-101] Exploring resource sharing.
INFO: [BIND 205-101] Binding ...
INFO: [BIND 205-100] Finished micro-architecture generation.
INFO: [HLS 200-111] Finished Binding: CPU user time: 0.08 seconds. CPU system time: 0 seconds. Elapsed time: 0.07 seconds; current allocated memory: 691.105 MB.
INFO: [HLS 200-10] ----------------------------------------------------------------
INFO: [HLS 200-42] -- Implementing module 'relu_ap_fixed_16_6_5_3_0_ap_ufixed_8_0_4_0_0_relu_config23_s' 
INFO: [HLS 200-10] ----------------------------------------------------------------
INFO: [SCHED 204-11] Starting scheduling ...
INFO: [SCHED 204-61] Pipelining function 'relu<ap_fixed<16, 6, 5, 3, 0>, ap_ufixed<8, 0, 4, 0, 0>, relu_config23>'.
INFO: [HLS 200-1470] Pipelining result : Target II = NA, Final II = 1, Depth = 1, function 'relu<ap_fixed<16, 6, 5, 3, 0>, ap_ufixed<8, 0, 4, 0, 0>, relu_config23>'
INFO: [SCHED 204-11] Finished scheduling.
INFO: [HLS 200-111] Finished Scheduling: CPU user time: 0.11 seconds. CPU system time: 0.01 seconds. Elapsed time: 0.12 seconds; current allocated memory: 691.105 MB.
INFO: [BIND 205-100] Starting micro-architecture generation ...
INFO: [BIND 205-101] Performing variable lifetime analysis.
INFO: [BIND 205-101] Exploring resource sharing.
INFO: [BIND 205-101] Binding ...
INFO: [BIND 205-100] Finished micro-architecture generation.
INFO: [HLS 200-111] Finished Binding: CPU user time: 0.04 seconds. CPU system time: 0.01 seconds. Elapsed time: 0.06 seconds; current allocated memory: 691.105 MB.
INFO: [HLS 200-10] ----------------------------------------------------------------
INFO: [HLS 200-42] -- Implementing module 'dense_resource_ap_ufixed_8_0_4_0_0_ap_fixed_16_6_5_3_0_config24_s' 
INFO: [HLS 200-10] ----------------------------------------------------------------
INFO: [SCHED 204-11] Starting scheduling ...
INFO: [SCHED 204-61] Pipelining loop 'ReuseLoop'.
INFO: [HLS 200-1470] Pipelining result : Target II = 1, Final II = 1, Depth = 2, loop 'ReuseLoop'
INFO: [SCHED 204-11] Finished scheduling.
INFO: [HLS 200-111] Finished Scheduling: CPU user time: 0.08 seconds. CPU system time: 0.01 seconds. Elapsed time: 0.1 seconds; current allocated memory: 691.105 MB.
INFO: [BIND 205-100] Starting micro-architecture generation ...
INFO: [BIND 205-101] Performing variable lifetime analysis.
INFO: [BIND 205-101] Exploring resource sharing.
INFO: [BIND 205-101] Binding ...
INFO: [BIND 205-100] Finished micro-architecture generation.
INFO: [HLS 200-111] Finished Binding: CPU user time: 0.04 seconds. CPU system time: 0.01 seconds. Elapsed time: 0.04 seconds; current allocated memory: 691.105 MB.
INFO: [HLS 200-10] ----------------------------------------------------------------
INFO: [HLS 200-42] -- Implementing module 'relu_ap_fixed_16_6_5_3_0_ap_ufixed_8_0_4_0_0_relu_config26_s' 
INFO: [HLS 200-10] ----------------------------------------------------------------
INFO: [SCHED 204-11] Starting scheduling ...
INFO: [SCHED 204-61] Pipelining function 'relu<ap_fixed<16, 6, 5, 3, 0>, ap_ufixed<8, 0, 4, 0, 0>, relu_config26>'.
INFO: [HLS 200-1470] Pipelining result : Target II = NA, Final II = 1, Depth = 1, function 'relu<ap_fixed<16, 6, 5, 3, 0>, ap_ufixed<8, 0, 4, 0, 0>, relu_config26>'
INFO: [SCHED 204-11] Finished scheduling.
INFO: [HLS 200-111] Finished Scheduling: CPU user time: 0.07 seconds. CPU system time: 0.01 seconds. Elapsed time: 0.08 seconds; current allocated memory: 691.105 MB.
INFO: [BIND 205-100] Starting micro-architecture generation ...
INFO: [BIND 205-101] Performing variable lifetime analysis.
INFO: [BIND 205-101] Exploring resource sharing.
INFO: [BIND 205-101] Binding ...
INFO: [BIND 205-100] Finished micro-architecture generation.
INFO: [HLS 200-111] Finished Binding: CPU user time: 0.04 seconds. CPU system time: 0 seconds. Elapsed time: 0.04 seconds; current allocated memory: 691.105 MB.
INFO: [HLS 200-10] ----------------------------------------------------------------
INFO: [HLS 200-42] -- Implementing module 'dense_resource_ap_ufixed_8_0_4_0_0_ap_fixed_16_6_5_3_0_config27_s' 
INFO: [HLS 200-10] ----------------------------------------------------------------
INFO: [SCHED 204-11] Starting scheduling ...
INFO: [SCHED 204-61] Pipelining loop 'ReuseLoop'.
INFO: [HLS 200-1470] Pipelining result : Target II = 1, Final II = 1, Depth = 2, loop 'ReuseLoop'
INFO: [SCHED 204-11] Finished scheduling.
INFO: [HLS 200-111] Finished Scheduling: CPU user time: 0.06 seconds. CPU system time: 0.01 seconds. Elapsed time: 0.08 seconds; current allocated memory: 692.008 MB.
INFO: [BIND 205-100] Starting micro-architecture generation ...
INFO: [BIND 205-101] Performing variable lifetime analysis.
INFO: [BIND 205-101] Exploring resource sharing.
INFO: [BIND 205-101] Binding ...
INFO: [BIND 205-100] Finished micro-architecture generation.
INFO: [HLS 200-111] Finished Binding: CPU user time: 0.03 seconds. CPU system time: 0 seconds. Elapsed time: 0.04 seconds; current allocated memory: 692.008 MB.
INFO: [HLS 200-10] ----------------------------------------------------------------
INFO: [HLS 200-42] -- Implementing module 'hard_sigmoid_ap_fixed_ap_ufixed_8_0_4_0_0_hard_sigmoid_config29_s' 
INFO: [HLS 200-10] ----------------------------------------------------------------
INFO: [SCHED 204-11] Starting scheduling ...
INFO: [SCHED 204-61] Pipelining function 'hard_sigmoid<ap_fixed,ap_ufixed<8,0,4,0,0>,hard_sigmoid_config29>'.
INFO: [HLS 200-1470] Pipelining result : Target II = NA, Final II = 1, Depth = 1, function 'hard_sigmoid<ap_fixed,ap_ufixed<8,0,4,0,0>,hard_sigmoid_config29>'
INFO: [SCHED 204-11] Finished scheduling.
INFO: [HLS 200-111] Finished Scheduling: CPU user time: 0.06 seconds. CPU system time: 0.01 seconds. Elapsed time: 0.06 seconds; current allocated memory: 692.008 MB.
INFO: [BIND 205-100] Starting micro-architecture generation ...
INFO: [BIND 205-101] Performing variable lifetime analysis.
INFO: [BIND 205-101] Exploring resource sharing.
INFO: [BIND 205-101] Binding ...
INFO: [BIND 205-100] Finished micro-architecture generation.
INFO: [HLS 200-111] Finished Binding: CPU user time: 0.04 seconds. CPU system time: 0 seconds. Elapsed time: 0.04 seconds; current allocated memory: 692.023 MB.
INFO: [HLS 200-10] ----------------------------------------------------------------
INFO: [HLS 200-42] -- Implementing module 'myproject' 
INFO: [HLS 200-10] ----------------------------------------------------------------
INFO: [SCHED 204-11] Starting scheduling ...
INFO: [SCHED 204-11] Finished scheduling.
WARNING: [HLS 200-1020] Increasing the depth of FIFO layer9_out (from linear_ap_fixed_16_6_5_3_0_ap_fixed_10_1_4_0_0_linear_config9_U0 to concatenate1d_ap_fixed_ap_fixed_ap_fixed_16_6_5_3_0_config12_U0) to 3 to improve performance and/or avoid deadlocks.
WARNING: [HLS 200-1020] Increasing the depth of FIFO layer19_out (from relu_ap_fixed_16_6_5_3_0_ap_ufixed_8_0_4_0_0_relu_config19_U0 to concatenate1d_ap_ufixed_ap_ufixed_ap_fixed_16_6_5_3_0_config20_U0) to 3 to improve performance and/or avoid deadlocks.
WARNING: [HLS 200-1020] Increasing the depth of FIFO layer19_out_1 (from relu_ap_fixed_16_6_5_3_0_ap_ufixed_8_0_4_0_0_relu_config19_U0 to concatenate1d_ap_ufixed_ap_ufixed_ap_fixed_16_6_5_3_0_config20_U0) to 3 to improve performance and/or avoid deadlocks.
WARNING: [HLS 200-1020] Increasing the depth of FIFO layer19_out_2 (from relu_ap_fixed_16_6_5_3_0_ap_ufixed_8_0_4_0_0_relu_config19_U0 to concatenate1d_ap_ufixed_ap_ufixed_ap_fixed_16_6_5_3_0_config20_U0) to 3 to improve performance and/or avoid deadlocks.
WARNING: [HLS 200-1020] Increasing the depth of FIFO layer19_out_3 (from relu_ap_fixed_16_6_5_3_0_ap_ufixed_8_0_4_0_0_relu_config19_U0 to concatenate1d_ap_ufixed_ap_ufixed_ap_fixed_16_6_5_3_0_config20_U0) to 3 to improve performance and/or avoid deadlocks.
WARNING: [HLS 200-1020] Increasing the depth of FIFO layer19_out_4 (from relu_ap_fixed_16_6_5_3_0_ap_ufixed_8_0_4_0_0_relu_config19_U0 to concatenate1d_ap_ufixed_ap_ufixed_ap_fixed_16_6_5_3_0_config20_U0) to 3 to improve performance and/or avoid deadlocks.
WARNING: [HLS 200-1020] Increasing the depth of FIFO layer19_out_5 (from relu_ap_fixed_16_6_5_3_0_ap_ufixed_8_0_4_0_0_relu_config19_U0 to concatenate1d_ap_ufixed_ap_ufixed_ap_fixed_16_6_5_3_0_config20_U0) to 3 to improve performance and/or avoid deadlocks.
WARNING: [HLS 200-1020] Increasing the depth of FIFO layer19_out_6 (from relu_ap_fixed_16_6_5_3_0_ap_ufixed_8_0_4_0_0_relu_config19_U0 to concatenate1d_ap_ufixed_ap_ufixed_ap_fixed_16_6_5_3_0_config20_U0) to 3 to improve performance and/or avoid deadlocks.
WARNING: [HLS 200-1020] Increasing the depth of FIFO layer19_out_7 (from relu_ap_fixed_16_6_5_3_0_ap_ufixed_8_0_4_0_0_relu_config19_U0 to concatenate1d_ap_ufixed_ap_ufixed_ap_fixed_16_6_5_3_0_config20_U0) to 3 to improve performance and/or avoid deadlocks.
WARNING: [HLS 200-1020] Increasing the depth of FIFO layer19_out_8 (from relu_ap_fixed_16_6_5_3_0_ap_ufixed_8_0_4_0_0_relu_config19_U0 to concatenate1d_ap_ufixed_ap_ufixed_ap_fixed_16_6_5_3_0_config20_U0) to 3 to improve performance and/or avoid deadlocks.
WARNING: [HLS 200-1020] Increasing the depth of FIFO layer19_out_9 (from relu_ap_fixed_16_6_5_3_0_ap_ufixed_8_0_4_0_0_relu_config19_U0 to concatenate1d_ap_ufixed_ap_ufixed_ap_fixed_16_6_5_3_0_config20_U0) to 3 to improve performance and/or avoid deadlocks.
INFO: [HLS 200-111] Finished Scheduling: CPU user time: 0.17 seconds. CPU system time: 0.02 seconds. Elapsed time: 0.19 seconds; current allocated memory: 694.629 MB.
INFO: [BIND 205-100] Starting micro-architecture generation ...
INFO: [BIND 205-101] Performing variable lifetime analysis.
INFO: [BIND 205-101] Exploring resource sharing.
INFO: [BIND 205-101] Binding ...
INFO: [BIND 205-100] Finished micro-architecture generation.
INFO: [HLS 200-111] Finished Binding: CPU user time: 0.1 seconds. CPU system time: 0.01 seconds. Elapsed time: 0.12 seconds; current allocated memory: 695.496 MB.
INFO: [HLS 200-10] ----------------------------------------------------------------
INFO: [HLS 200-10] -- Generating RTL for module 'linear_ap_fixed_16_6_5_3_0_ap_fixed_10_1_4_0_0_linear_config3_s' 
INFO: [HLS 200-10] ----------------------------------------------------------------
INFO: [RTGEN 206-100] Finished creating RTL model for 'linear_ap_fixed_16_6_5_3_0_ap_fixed_10_1_4_0_0_linear_config3_s'.
INFO: [HLS 200-111] Finished Creating RTL model: CPU user time: 0.25 seconds. CPU system time: 0.01 seconds. Elapsed time: 0.26 seconds; current allocated memory: 701.934 MB.
INFO: [HLS 200-10] ----------------------------------------------------------------
INFO: [HLS 200-10] -- Generating RTL for module 'linear_ap_fixed_16_6_5_3_0_ap_fixed_10_1_4_0_0_linear_config4_s' 
INFO: [HLS 200-10] ----------------------------------------------------------------
INFO: [RTGEN 206-100] Finished creating RTL model for 'linear_ap_fixed_16_6_5_3_0_ap_fixed_10_1_4_0_0_linear_config4_s'.
INFO: [HLS 200-111] Finished Creating RTL model: CPU user time: 0.38 seconds. CPU system time: 0.07 seconds. Elapsed time: 0.45 seconds; current allocated memory: 718.375 MB.
INFO: [HLS 200-10] ----------------------------------------------------------------
INFO: [HLS 200-10] -- Generating RTL for module 'concatenate1d_ap_fixed_ap_fixed_ap_fixed_16_6_5_3_0_config8_s' 
INFO: [HLS 200-10] ----------------------------------------------------------------
INFO: [RTGEN 206-100] Finished creating RTL model for 'concatenate1d_ap_fixed_ap_fixed_ap_fixed_16_6_5_3_0_config8_s'.
INFO: [HLS 200-111] Finished Creating RTL model: CPU user time: 0.28 seconds. CPU system time: 0.03 seconds. Elapsed time: 0.31 seconds; current allocated memory: 730.012 MB.
INFO: [HLS 200-10] ----------------------------------------------------------------
INFO: [HLS 200-10] -- Generating RTL for module 'linear_ap_fixed_16_6_5_3_0_ap_fixed_10_1_4_0_0_linear_config9_s' 
INFO: [HLS 200-10] ----------------------------------------------------------------
INFO: [RTGEN 206-100] Finished creating RTL model for 'linear_ap_fixed_16_6_5_3_0_ap_fixed_10_1_4_0_0_linear_config9_s'.
INFO: [HLS 200-111] Finished Creating RTL model: CPU user time: 0.12 seconds. CPU system time: 0.02 seconds. Elapsed time: 0.14 seconds; current allocated memory: 734.961 MB.
INFO: [HLS 200-10] ----------------------------------------------------------------
INFO: [HLS 200-10] -- Generating RTL for module 'linear_ap_fixed_16_6_5_3_0_ap_fixed_10_1_4_0_0_linear_config10_s' 
INFO: [HLS 200-10] ----------------------------------------------------------------
INFO: [RTGEN 206-100] Finished creating RTL model for 'linear_ap_fixed_16_6_5_3_0_ap_fixed_10_1_4_0_0_linear_config10_s'.
INFO: [HLS 200-111] Finished Creating RTL model: CPU user time: 0.08 seconds. CPU system time: 0.01 seconds. Elapsed time: 0.1 seconds; current allocated memory: 736.938 MB.
INFO: [HLS 200-10] ----------------------------------------------------------------
INFO: [HLS 200-10] -- Generating RTL for module 'linear_ap_fixed_16_6_5_3_0_ap_fixed_10_1_4_0_0_linear_config11_s' 
INFO: [HLS 200-10] ----------------------------------------------------------------
INFO: [RTGEN 206-100] Finished creating RTL model for 'linear_ap_fixed_16_6_5_3_0_ap_fixed_10_1_4_0_0_linear_config11_s'.
INFO: [HLS 200-111] Finished Creating RTL model: CPU user time: 0.11 seconds. CPU system time: 0.01 seconds. Elapsed time: 0.11 seconds; current allocated memory: 738.164 MB.
INFO: [HLS 200-10] ----------------------------------------------------------------
INFO: [HLS 200-10] -- Generating RTL for module 'concatenate1d_ap_fixed_ap_fixed_ap_fixed_16_6_5_3_0_config12_s' 
INFO: [HLS 200-10] ----------------------------------------------------------------
INFO: [RTGEN 206-100] Finished creating RTL model for 'concatenate1d_ap_fixed_ap_fixed_ap_fixed_16_6_5_3_0_config12_s'.
INFO: [HLS 200-111] Finished Creating RTL model: CPU user time: 0.11 seconds. CPU system time: 0 seconds. Elapsed time: 0.12 seconds; current allocated memory: 739.469 MB.
INFO: [HLS 200-10] ----------------------------------------------------------------
INFO: [HLS 200-10] -- Generating RTL for module 'concatenate1d_ap_fixed_ap_fixed_ap_fixed_16_6_5_3_0_config13_s' 
INFO: [HLS 200-10] ----------------------------------------------------------------
INFO: [RTGEN 206-100] Finished creating RTL model for 'concatenate1d_ap_fixed_ap_fixed_ap_fixed_16_6_5_3_0_config13_s'.
INFO: [HLS 200-111] Finished Creating RTL model: CPU user time: 0.1 seconds. CPU system time: 0.01 seconds. Elapsed time: 0.11 seconds; current allocated memory: 743.902 MB.
INFO: [HLS 200-10] ----------------------------------------------------------------
INFO: [HLS 200-10] -- Generating RTL for module 'dense_resource_ap_fixed_16_6_5_3_0_ap_fixed_16_6_5_3_0_config14_s' 
INFO: [HLS 200-10] ----------------------------------------------------------------
INFO: [RTGEN 206-100] Generating core module 'mul_11s_8s_19_1_1': 240 instance(s).
INFO: [RTGEN 206-100] Generating core module 'sparsemux_15_3_11_1_1': 5 instance(s).
INFO: [RTGEN 206-100] Finished creating RTL model for 'dense_resource_ap_fixed_16_6_5_3_0_ap_fixed_16_6_5_3_0_config14_s'.
INFO: [HLS 200-111] Finished Creating RTL model: CPU user time: 0.64 seconds. CPU system time: 0.01 seconds. Elapsed time: 0.66 seconds; current allocated memory: 772.824 MB.
INFO: [HLS 200-10] ----------------------------------------------------------------
INFO: [HLS 200-10] -- Generating RTL for module 'dense_resource_ap_fixed_16_6_5_3_0_ap_fixed_16_6_5_3_0_config16_s' 
INFO: [HLS 200-10] ----------------------------------------------------------------
INFO: [SYN 201-210] Renamed object name 'dense_resource_ap_fixed_16_6_5_3_0_ap_fixed_16_6_5_3_0_config16_s_outidx_i_90_ROM_AUTO_1R' to 'dense_resource_ap_fixed_16_6_5_3_0_ap_fixed_16_6_5_3_0_config16_s_outidx_i_90bkb' due to the length limit 80
INFO: [RTGEN 206-100] Generating core module 'mul_11s_8s_19_1_1': 1 instance(s).
INFO: [RTGEN 206-100] Generating core module 'sparsemux_21_4_16_1_1': 1 instance(s).
INFO: [RTGEN 206-100] Finished creating RTL model for 'dense_resource_ap_fixed_16_6_5_3_0_ap_fixed_16_6_5_3_0_config16_s'.
INFO: [RTMG 210-279] Implementing memory 'myproject_dense_resource_ap_fixed_16_6_5_3_0_ap_fixed_16_6_5_3_0_config16_s_outidx_i_90bkb' using auto ROMs.
INFO: [HLS 200-111] Finished Creating RTL model: CPU user time: 1.13 seconds. CPU system time: 0.15 seconds. Elapsed time: 1.31 seconds; current allocated memory: 828.719 MB.
INFO: [HLS 200-10] ----------------------------------------------------------------
INFO: [HLS 200-10] -- Generating RTL for module 'relu_ap_fixed_16_6_5_3_0_ap_ufixed_8_0_4_0_0_relu_config18_s' 
INFO: [HLS 200-10] ----------------------------------------------------------------
INFO: [RTGEN 206-100] Finished creating RTL model for 'relu_ap_fixed_16_6_5_3_0_ap_ufixed_8_0_4_0_0_relu_config18_s'.
INFO: [HLS 200-111] Finished Creating RTL model: CPU user time: 0.33 seconds. CPU system time: 0.02 seconds. Elapsed time: 0.35 seconds; current allocated memory: 833.758 MB.
INFO: [HLS 200-10] ----------------------------------------------------------------
INFO: [HLS 200-10] -- Generating RTL for module 'relu_ap_fixed_16_6_5_3_0_ap_ufixed_8_0_4_0_0_relu_config19_s' 
INFO: [HLS 200-10] ----------------------------------------------------------------
INFO: [RTGEN 206-100] Finished creating RTL model for 'relu_ap_fixed_16_6_5_3_0_ap_ufixed_8_0_4_0_0_relu_config19_s'.
INFO: [HLS 200-111] Finished Creating RTL model: CPU user time: 0.57 seconds. CPU system time: 0.08 seconds. Elapsed time: 0.65 seconds; current allocated memory: 859.402 MB.
INFO: [HLS 200-10] ----------------------------------------------------------------
INFO: [HLS 200-10] -- Generating RTL for module 'concatenate1d_ap_ufixed_ap_ufixed_ap_fixed_16_6_5_3_0_config20_s' 
INFO: [HLS 200-10] ----------------------------------------------------------------
INFO: [RTGEN 206-100] Finished creating RTL model for 'concatenate1d_ap_ufixed_ap_ufixed_ap_fixed_16_6_5_3_0_config20_s'.
INFO: [HLS 200-111] Finished Creating RTL model: CPU user time: 0.28 seconds. CPU system time: 0.03 seconds. Elapsed time: 0.31 seconds; current allocated memory: 871.117 MB.
INFO: [HLS 200-10] ----------------------------------------------------------------
INFO: [HLS 200-10] -- Generating RTL for module 'dense_resource_ap_fixed_16_6_5_3_0_ap_fixed_16_6_5_3_0_config21_s' 
INFO: [HLS 200-10] ----------------------------------------------------------------
INFO: [RTGEN 206-100] Generating core module 'mul_10ns_8s_18_1_1': 16 instance(s).
INFO: [RTGEN 206-100] Generating core module 'sparsemux_59_5_10_1_1': 2 instance(s).
INFO: [RTGEN 206-100] Finished creating RTL model for 'dense_resource_ap_fixed_16_6_5_3_0_ap_fixed_16_6_5_3_0_config21_s'.
INFO: [HLS 200-111] Finished Creating RTL model: CPU user time: 0.21 seconds. CPU system time: 0.03 seconds. Elapsed time: 0.24 seconds; current allocated memory: 886.086 MB.
INFO: [HLS 200-10] ----------------------------------------------------------------
INFO: [HLS 200-10] -- Generating RTL for module 'relu_ap_fixed_16_6_5_3_0_ap_ufixed_8_0_4_0_0_relu_config23_s' 
INFO: [HLS 200-10] ----------------------------------------------------------------
INFO: [RTGEN 206-100] Finished creating RTL model for 'relu_ap_fixed_16_6_5_3_0_ap_ufixed_8_0_4_0_0_relu_config23_s'.
INFO: [HLS 200-111] Finished Creating RTL model: CPU user time: 0.25 seconds. CPU system time: 0.03 seconds. Elapsed time: 0.29 seconds; current allocated memory: 892.504 MB.
INFO: [HLS 200-10] ----------------------------------------------------------------
INFO: [HLS 200-10] -- Generating RTL for module 'dense_resource_ap_ufixed_8_0_4_0_0_ap_fixed_16_6_5_3_0_config24_s' 
INFO: [HLS 200-10] ----------------------------------------------------------------
INFO: [SYN 201-210] Renamed object name 'dense_resource_ap_ufixed_8_0_4_0_0_ap_fixed_16_6_5_3_0_config24_s_outidx_i_ROM_AUTO_1R' to 'dense_resource_ap_ufixed_8_0_4_0_0_ap_fixed_16_6_5_3_0_config24_s_outidx_i_ROcud' due to the length limit 80
INFO: [RTGEN 206-100] Generating core module 'mul_8s_8ns_16_1_1': 2 instance(s).
INFO: [RTGEN 206-100] Generating core module 'sparsemux_17_3_8_1_1': 1 instance(s).
INFO: [RTGEN 206-100] Finished creating RTL model for 'dense_resource_ap_ufixed_8_0_4_0_0_ap_fixed_16_6_5_3_0_config24_s'.
INFO: [RTMG 210-279] Implementing memory 'myproject_dense_resource_ap_ufixed_8_0_4_0_0_ap_fixed_16_6_5_3_0_config24_s_outidx_i_ROcud' using auto ROMs.
INFO: [HLS 200-111] Finished Creating RTL model: CPU user time: 0.19 seconds. CPU system time: 0.03 seconds. Elapsed time: 0.21 seconds; current allocated memory: 902.695 MB.
INFO: [HLS 200-10] ----------------------------------------------------------------
INFO: [HLS 200-10] -- Generating RTL for module 'relu_ap_fixed_16_6_5_3_0_ap_ufixed_8_0_4_0_0_relu_config26_s' 
INFO: [HLS 200-10] ----------------------------------------------------------------
INFO: [RTGEN 206-100] Finished creating RTL model for 'relu_ap_fixed_16_6_5_3_0_ap_ufixed_8_0_4_0_0_relu_config26_s'.
INFO: [HLS 200-111] Finished Creating RTL model: CPU user time: 0.14 seconds. CPU system time: 0.01 seconds. Elapsed time: 0.15 seconds; current allocated memory: 908.043 MB.
INFO: [HLS 200-10] ----------------------------------------------------------------
INFO: [HLS 200-10] -- Generating RTL for module 'dense_resource_ap_ufixed_8_0_4_0_0_ap_fixed_16_6_5_3_0_config27_s' 
INFO: [HLS 200-10] ----------------------------------------------------------------
INFO: [RTGEN 206-100] Generating core module 'mul_8s_8ns_16_1_1': 1 instance(s).
INFO: [RTGEN 206-100] Generating core module 'sparsemux_9_2_8_1_1': 1 instance(s).
INFO: [RTGEN 206-100] Finished creating RTL model for 'dense_resource_ap_ufixed_8_0_4_0_0_ap_fixed_16_6_5_3_0_config27_s'.
INFO: [HLS 200-111] Finished Creating RTL model: CPU user time: 0.14 seconds. CPU system time: 0.01 seconds. Elapsed time: 0.16 seconds; current allocated memory: 911.289 MB.
INFO: [HLS 200-10] ----------------------------------------------------------------
INFO: [HLS 200-10] -- Generating RTL for module 'hard_sigmoid_ap_fixed_ap_ufixed_8_0_4_0_0_hard_sigmoid_config29_s' 
INFO: [HLS 200-10] ----------------------------------------------------------------
INFO: [RTGEN 206-100] Finished creating RTL model for 'hard_sigmoid_ap_fixed_ap_ufixed_8_0_4_0_0_hard_sigmoid_config29_s'.
INFO: [HLS 200-111] Finished Creating RTL model: CPU user time: 0.1 seconds. CPU system time: 0.01 seconds. Elapsed time: 0.12 seconds; current allocated memory: 914.000 MB.
INFO: [HLS 200-10] ----------------------------------------------------------------
INFO: [HLS 200-10] -- Generating RTL for module 'myproject' 
INFO: [HLS 200-10] ----------------------------------------------------------------
INFO: [RTGEN 206-500] Setting interface mode on port 'myproject/x_profile' to 'ap_vld'.
INFO: [RTGEN 206-500] Setting interface mode on port 'myproject/nModule' to 'ap_vld'.
INFO: [RTGEN 206-500] Setting interface mode on port 'myproject/x_local' to 'ap_vld'.
INFO: [RTGEN 206-500] Setting interface mode on port 'myproject/y_profile' to 'ap_vld'.
INFO: [RTGEN 206-500] Setting interface mode on port 'myproject/y_local' to 'ap_vld'.
INFO: [RTGEN 206-500] Setting interface mode on port 'myproject/layer29_out' to 'ap_vld'.
INFO: [RTGEN 206-500] Setting interface mode on port 'myproject/w14' to 'ap_memory'.
INFO: [RTGEN 206-500] Setting interface mode on port 'myproject/b14_0' to 'ap_none'.
INFO: [RTGEN 206-500] Setting interface mode on port 'myproject/b14_1' to 'ap_none'.
INFO: [RTGEN 206-500] Setting interface mode on port 'myproject/b14_2' to 'ap_none'.
INFO: [RTGEN 206-500] Setting interface mode on port 'myproject/b14_3' to 'ap_none'.
INFO: [RTGEN 206-500] Setting interface mode on port 'myproject/b14_4' to 'ap_none'.
INFO: [RTGEN 206-500] Setting interface mode on port 'myproject/b14_5' to 'ap_none'.
INFO: [RTGEN 206-500] Setting interface mode on port 'myproject/b14_6' to 'ap_none'.
INFO: [RTGEN 206-500] Setting interface mode on port 'myproject/b14_7' to 'ap_none'.
INFO: [RTGEN 206-500] Setting interface mode on port 'myproject/b14_8' to 'ap_none'.
INFO: [RTGEN 206-500] Setting interface mode on port 'myproject/b14_9' to 'ap_none'.
INFO: [RTGEN 206-500] Setting interface mode on port 'myproject/b14_10' to 'ap_none'.
INFO: [RTGEN 206-500] Setting interface mode on port 'myproject/b14_11' to 'ap_none'.
INFO: [RTGEN 206-500] Setting interface mode on port 'myproject/b14_12' to 'ap_none'.
INFO: [RTGEN 206-500] Setting interface mode on port 'myproject/b14_13' to 'ap_none'.
INFO: [RTGEN 206-500] Setting interface mode on port 'myproject/b14_14' to 'ap_none'.
INFO: [RTGEN 206-500] Setting interface mode on port 'myproject/b14_15' to 'ap_none'.
INFO: [RTGEN 206-500] Setting interface mode on port 'myproject/b14_16' to 'ap_none'.
INFO: [RTGEN 206-500] Setting interface mode on port 'myproject/b14_17' to 'ap_none'.
INFO: [RTGEN 206-500] Setting interface mode on port 'myproject/b14_18' to 'ap_none'.
INFO: [RTGEN 206-500] Setting interface mode on port 'myproject/b14_19' to 'ap_none'.
INFO: [RTGEN 206-500] Setting interface mode on port 'myproject/b14_20' to 'ap_none'.
INFO: [RTGEN 206-500] Setting interface mode on port 'myproject/b14_21' to 'ap_none'.
INFO: [RTGEN 206-500] Setting interface mode on port 'myproject/b14_22' to 'ap_none'.
INFO: [RTGEN 206-500] Setting interface mode on port 'myproject/b14_23' to 'ap_none'.
INFO: [RTGEN 206-500] Setting interface mode on port 'myproject/b14_24' to 'ap_none'.
INFO: [RTGEN 206-500] Setting interface mode on port 'myproject/b14_25' to 'ap_none'.
INFO: [RTGEN 206-500] Setting interface mode on port 'myproject/b14_26' to 'ap_none'.
INFO: [RTGEN 206-500] Setting interface mode on port 'myproject/b14_27' to 'ap_none'.
INFO: [RTGEN 206-500] Setting interface mode on port 'myproject/b14_28' to 'ap_none'.
INFO: [RTGEN 206-500] Setting interface mode on port 'myproject/b14_29' to 'ap_none'.
INFO: [RTGEN 206-500] Setting interface mode on port 'myproject/b14_30' to 'ap_none'.
INFO: [RTGEN 206-500] Setting interface mode on port 'myproject/b14_31' to 'ap_none'.
INFO: [RTGEN 206-500] Setting interface mode on port 'myproject/b14_32' to 'ap_none'.
INFO: [RTGEN 206-500] Setting interface mode on port 'myproject/b14_33' to 'ap_none'.
INFO: [RTGEN 206-500] Setting interface mode on port 'myproject/b14_34' to 'ap_none'.
INFO: [RTGEN 206-500] Setting interface mode on port 'myproject/b14_35' to 'ap_none'.
INFO: [RTGEN 206-500] Setting interface mode on port 'myproject/b14_36' to 'ap_none'.
INFO: [RTGEN 206-500] Setting interface mode on port 'myproject/b14_37' to 'ap_none'.
INFO: [RTGEN 206-500] Setting interface mode on port 'myproject/b14_38' to 'ap_none'.
INFO: [RTGEN 206-500] Setting interface mode on port 'myproject/b14_39' to 'ap_none'.
INFO: [RTGEN 206-500] Setting interface mode on port 'myproject/b14_40' to 'ap_none'.
INFO: [RTGEN 206-500] Setting interface mode on port 'myproject/b14_41' to 'ap_none'.
INFO: [RTGEN 206-500] Setting interface mode on port 'myproject/b14_42' to 'ap_none'.
INFO: [RTGEN 206-500] Setting interface mode on port 'myproject/b14_43' to 'ap_none'.
INFO: [RTGEN 206-500] Setting interface mode on port 'myproject/b14_44' to 'ap_none'.
INFO: [RTGEN 206-500] Setting interface mode on port 'myproject/b14_45' to 'ap_none'.
INFO: [RTGEN 206-500] Setting interface mode on port 'myproject/b14_46' to 'ap_none'.
INFO: [RTGEN 206-500] Setting interface mode on port 'myproject/b14_47' to 'ap_none'.
INFO: [RTGEN 206-500] Setting interface mode on port 'myproject/w16' to 'ap_memory'.
INFO: [RTGEN 206-500] Setting interface mode on port 'myproject/b16_0' to 'ap_none'.
INFO: [RTGEN 206-500] Setting interface mode on port 'myproject/b16_1' to 'ap_none'.
INFO: [RTGEN 206-500] Setting interface mode on port 'myproject/b16_2' to 'ap_none'.
INFO: [RTGEN 206-500] Setting interface mode on port 'myproject/b16_3' to 'ap_none'.
INFO: [RTGEN 206-500] Setting interface mode on port 'myproject/b16_4' to 'ap_none'.
INFO: [RTGEN 206-500] Setting interface mode on port 'myproject/b16_5' to 'ap_none'.
INFO: [RTGEN 206-500] Setting interface mode on port 'myproject/b16_6' to 'ap_none'.
INFO: [RTGEN 206-500] Setting interface mode on port 'myproject/b16_7' to 'ap_none'.
INFO: [RTGEN 206-500] Setting interface mode on port 'myproject/b16_8' to 'ap_none'.
INFO: [RTGEN 206-500] Setting interface mode on port 'myproject/b16_9' to 'ap_none'.
INFO: [RTGEN 206-500] Setting interface mode on port 'myproject/w21' to 'ap_memory'.
INFO: [RTGEN 206-500] Setting interface mode on port 'myproject/b21_0' to 'ap_none'.
INFO: [RTGEN 206-500] Setting interface mode on port 'myproject/b21_1' to 'ap_none'.
INFO: [RTGEN 206-500] Setting interface mode on port 'myproject/b21_2' to 'ap_none'.
INFO: [RTGEN 206-500] Setting interface mode on port 'myproject/b21_3' to 'ap_none'.
INFO: [RTGEN 206-500] Setting interface mode on port 'myproject/b21_4' to 'ap_none'.
INFO: [RTGEN 206-500] Setting interface mode on port 'myproject/b21_5' to 'ap_none'.
INFO: [RTGEN 206-500] Setting interface mode on port 'myproject/b21_6' to 'ap_none'.
INFO: [RTGEN 206-500] Setting interface mode on port 'myproject/b21_7' to 'ap_none'.
INFO: [RTGEN 206-500] Setting interface mode on port 'myproject/w24' to 'ap_memory'.
INFO: [RTGEN 206-500] Setting interface mode on port 'myproject/b24_0' to 'ap_none'.
INFO: [RTGEN 206-500] Setting interface mode on port 'myproject/b24_1' to 'ap_none'.
INFO: [RTGEN 206-500] Setting interface mode on port 'myproject/b24_2' to 'ap_none'.
INFO: [RTGEN 206-500] Setting interface mode on port 'myproject/b24_3' to 'ap_none'.
INFO: [RTGEN 206-500] Setting interface mode on port 'myproject/w27' to 'ap_memory'.
INFO: [RTGEN 206-500] Setting interface mode on port 'myproject/b27' to 'ap_none'.
INFO: [RTGEN 206-500] Setting interface mode on function 'myproject' to 'ap_ctrl_hs'.
INFO: [RTGEN 206-100] Finished creating RTL model for 'myproject'.
INFO: [RTMG 210-285] Implementing FIFO 'layer3_out_U(myproject_fifo_w10_d2_S)' using Shift Registers.
INFO: [RTMG 210-285] Implementing FIFO 'layer3_out_1_U(myproject_fifo_w10_d2_S)' using Shift Registers.
INFO: [RTMG 210-285] Implementing FIFO 'layer3_out_2_U(myproject_fifo_w10_d2_S)' using Shift Registers.
INFO: [RTMG 210-285] Implementing FIFO 'layer3_out_3_U(myproject_fifo_w10_d2_S)' using Shift Registers.
INFO: [RTMG 210-285] Implementing FIFO 'layer3_out_4_U(myproject_fifo_w10_d2_S)' using Shift Registers.
INFO: [RTMG 210-285] Implementing FIFO 'layer3_out_5_U(myproject_fifo_w10_d2_S)' using Shift Registers.
INFO: [RTMG 210-285] Implementing FIFO 'layer3_out_6_U(myproject_fifo_w10_d2_S)' using Shift Registers.
INFO: [RTMG 210-285] Implementing FIFO 'layer3_out_7_U(myproject_fifo_w10_d2_S)' using Shift Registers.
INFO: [RTMG 210-285] Implementing FIFO 'layer3_out_8_U(myproject_fifo_w10_d2_S)' using Shift Registers.
INFO: [RTMG 210-285] Implementing FIFO 'layer3_out_9_U(myproject_fifo_w10_d2_S)' using Shift Registers.
INFO: [RTMG 210-285] Implementing FIFO 'layer3_out_10_U(myproject_fifo_w10_d2_S)' using Shift Registers.
INFO: [RTMG 210-285] Implementing FIFO 'layer3_out_11_U(myproject_fifo_w10_d2_S)' using Shift Registers.
INFO: [RTMG 210-285] Implementing FIFO 'layer3_out_12_U(myproject_fifo_w10_d2_S)' using Shift Registers.
INFO: [RTMG 210-285] Implementing FIFO 'layer3_out_13_U(myproject_fifo_w10_d2_S)' using Shift Registers.
INFO: [RTMG 210-285] Implementing FIFO 'layer3_out_14_U(myproject_fifo_w10_d2_S)' using Shift Registers.
INFO: [RTMG 210-285] Implementing FIFO 'layer3_out_15_U(myproject_fifo_w10_d2_S)' using Shift Registers.
INFO: [RTMG 210-285] Implementing FIFO 'layer3_out_16_U(myproject_fifo_w10_d2_S)' using Shift Registers.
INFO: [RTMG 210-285] Implementing FIFO 'layer3_out_17_U(myproject_fifo_w10_d2_S)' using Shift Registers.
INFO: [RTMG 210-285] Implementing FIFO 'layer3_out_18_U(myproject_fifo_w10_d2_S)' using Shift Registers.
INFO: [RTMG 210-285] Implementing FIFO 'layer3_out_19_U(myproject_fifo_w10_d2_S)' using Shift Registers.
INFO: [RTMG 210-285] Implementing FIFO 'layer3_out_20_U(myproject_fifo_w10_d2_S)' using Shift Registers.
INFO: [RTMG 210-285] Implementing FIFO 'layer4_out_U(myproject_fifo_w10_d2_S)' using Shift Registers.
INFO: [RTMG 210-285] Implementing FIFO 'layer4_out_1_U(myproject_fifo_w10_d2_S)' using Shift Registers.
INFO: [RTMG 210-285] Implementing FIFO 'layer4_out_2_U(myproject_fifo_w10_d2_S)' using Shift Registers.
INFO: [RTMG 210-285] Implementing FIFO 'layer4_out_3_U(myproject_fifo_w10_d2_S)' using Shift Registers.
INFO: [RTMG 210-285] Implementing FIFO 'layer4_out_4_U(myproject_fifo_w10_d2_S)' using Shift Registers.
INFO: [RTMG 210-285] Implementing FIFO 'layer4_out_5_U(myproject_fifo_w10_d2_S)' using Shift Registers.
INFO: [RTMG 210-285] Implementing FIFO 'layer4_out_6_U(myproject_fifo_w10_d2_S)' using Shift Registers.
INFO: [RTMG 210-285] Implementing FIFO 'layer4_out_7_U(myproject_fifo_w10_d2_S)' using Shift Registers.
INFO: [RTMG 210-285] Implementing FIFO 'layer4_out_8_U(myproject_fifo_w10_d2_S)' using Shift Registers.
INFO: [RTMG 210-285] Implementing FIFO 'layer4_out_9_U(myproject_fifo_w10_d2_S)' using Shift Registers.
INFO: [RTMG 210-285] Implementing FIFO 'layer4_out_10_U(myproject_fifo_w10_d2_S)' using Shift Registers.
INFO: [RTMG 210-285] Implementing FIFO 'layer4_out_11_U(myproject_fifo_w10_d2_S)' using Shift Registers.
INFO: [RTMG 210-285] Implementing FIFO 'layer4_out_12_U(myproject_fifo_w10_d2_S)' using Shift Registers.
INFO: [RTMG 210-285] Implementing FIFO 'layer8_out_U(myproject_fifo_w11_d2_S)' using Shift Registers.
INFO: [RTMG 210-285] Implementing FIFO 'layer8_out_1_U(myproject_fifo_w11_d2_S)' using Shift Registers.
INFO: [RTMG 210-285] Implementing FIFO 'layer8_out_2_U(myproject_fifo_w11_d2_S)' using Shift Registers.
INFO: [RTMG 210-285] Implementing FIFO 'layer8_out_3_U(myproject_fifo_w11_d2_S)' using Shift Registers.
INFO: [RTMG 210-285] Implementing FIFO 'layer8_out_4_U(myproject_fifo_w11_d2_S)' using Shift Registers.
INFO: [RTMG 210-285] Implementing FIFO 'layer8_out_5_U(myproject_fifo_w11_d2_S)' using Shift Registers.
INFO: [RTMG 210-285] Implementing FIFO 'layer8_out_6_U(myproject_fifo_w11_d2_S)' using Shift Registers.
INFO: [RTMG 210-285] Implementing FIFO 'layer8_out_7_U(myproject_fifo_w11_d2_S)' using Shift Registers.
INFO: [RTMG 210-285] Implementing FIFO 'layer8_out_8_U(myproject_fifo_w11_d2_S)' using Shift Registers.
INFO: [RTMG 210-285] Implementing FIFO 'layer8_out_9_U(myproject_fifo_w11_d2_S)' using Shift Registers.
INFO: [RTMG 210-285] Implementing FIFO 'layer8_out_10_U(myproject_fifo_w11_d2_S)' using Shift Registers.
INFO: [RTMG 210-285] Implementing FIFO 'layer8_out_11_U(myproject_fifo_w11_d2_S)' using Shift Registers.
INFO: [RTMG 210-285] Implementing FIFO 'layer8_out_12_U(myproject_fifo_w11_d2_S)' using Shift Registers.
INFO: [RTMG 210-285] Implementing FIFO 'layer8_out_13_U(myproject_fifo_w11_d2_S)' using Shift Registers.
INFO: [RTMG 210-285] Implementing FIFO 'layer8_out_14_U(myproject_fifo_w11_d2_S)' using Shift Registers.
INFO: [RTMG 210-285] Implementing FIFO 'layer8_out_15_U(myproject_fifo_w11_d2_S)' using Shift Registers.
INFO: [RTMG 210-285] Implementing FIFO 'layer8_out_16_U(myproject_fifo_w11_d2_S)' using Shift Registers.
INFO: [RTMG 210-285] Implementing FIFO 'layer8_out_17_U(myproject_fifo_w11_d2_S)' using Shift Registers.
INFO: [RTMG 210-285] Implementing FIFO 'layer8_out_18_U(myproject_fifo_w11_d2_S)' using Shift Registers.
INFO: [RTMG 210-285] Implementing FIFO 'layer8_out_19_U(myproject_fifo_w11_d2_S)' using Shift Registers.
INFO: [RTMG 210-285] Implementing FIFO 'layer8_out_20_U(myproject_fifo_w11_d2_S)' using Shift Registers.
INFO: [RTMG 210-285] Implementing FIFO 'layer8_out_21_U(myproject_fifo_w11_d2_S)' using Shift Registers.
INFO: [RTMG 210-285] Implementing FIFO 'layer8_out_22_U(myproject_fifo_w11_d2_S)' using Shift Registers.
INFO: [RTMG 210-285] Implementing FIFO 'layer8_out_23_U(myproject_fifo_w11_d2_S)' using Shift Registers.
INFO: [RTMG 210-285] Implementing FIFO 'layer8_out_24_U(myproject_fifo_w11_d2_S)' using Shift Registers.
INFO: [RTMG 210-285] Implementing FIFO 'layer8_out_25_U(myproject_fifo_w11_d2_S)' using Shift Registers.
INFO: [RTMG 210-285] Implementing FIFO 'layer8_out_26_U(myproject_fifo_w11_d2_S)' using Shift Registers.
INFO: [RTMG 210-285] Implementing FIFO 'layer8_out_27_U(myproject_fifo_w11_d2_S)' using Shift Registers.
INFO: [RTMG 210-285] Implementing FIFO 'layer8_out_28_U(myproject_fifo_w11_d2_S)' using Shift Registers.
INFO: [RTMG 210-285] Implementing FIFO 'layer8_out_29_U(myproject_fifo_w11_d2_S)' using Shift Registers.
INFO: [RTMG 210-285] Implementing FIFO 'layer8_out_30_U(myproject_fifo_w11_d2_S)' using Shift Registers.
INFO: [RTMG 210-285] Implementing FIFO 'layer8_out_31_U(myproject_fifo_w11_d2_S)' using Shift Registers.
INFO: [RTMG 210-285] Implementing FIFO 'layer8_out_32_U(myproject_fifo_w11_d2_S)' using Shift Registers.
INFO: [RTMG 210-285] Implementing FIFO 'layer8_out_33_U(myproject_fifo_w11_d2_S)' using Shift Registers.
INFO: [RTMG 210-285] Implementing FIFO 'layer9_out_U(myproject_fifo_w10_d3_S)' using Shift Registers.
INFO: [RTMG 210-285] Implementing FIFO 'layer10_out_U(myproject_fifo_w10_d2_S)' using Shift Registers.
INFO: [RTMG 210-285] Implementing FIFO 'layer11_out_U(myproject_fifo_w10_d2_S)' using Shift Registers.
INFO: [RTMG 210-285] Implementing FIFO 'layer12_out_U(myproject_fifo_w11_d2_S)' using Shift Registers.
INFO: [RTMG 210-285] Implementing FIFO 'layer12_out_1_U(myproject_fifo_w11_d2_S)' using Shift Registers.
INFO: [RTMG 210-285] Implementing FIFO 'layer12_out_2_U(myproject_fifo_w11_d2_S)' using Shift Registers.
INFO: [RTMG 210-285] Implementing FIFO 'layer12_out_3_U(myproject_fifo_w11_d2_S)' using Shift Registers.
INFO: [RTMG 210-285] Implementing FIFO 'layer12_out_4_U(myproject_fifo_w11_d2_S)' using Shift Registers.
INFO: [RTMG 210-285] Implementing FIFO 'layer12_out_5_U(myproject_fifo_w11_d2_S)' using Shift Registers.
INFO: [RTMG 210-285] Implementing FIFO 'layer12_out_6_U(myproject_fifo_w11_d2_S)' using Shift Registers.
INFO: [RTMG 210-285] Implementing FIFO 'layer12_out_7_U(myproject_fifo_w11_d2_S)' using Shift Registers.
INFO: [RTMG 210-285] Implementing FIFO 'layer12_out_8_U(myproject_fifo_w11_d2_S)' using Shift Registers.
INFO: [RTMG 210-285] Implementing FIFO 'layer12_out_9_U(myproject_fifo_w11_d2_S)' using Shift Registers.
INFO: [RTMG 210-285] Implementing FIFO 'layer12_out_10_U(myproject_fifo_w11_d2_S)' using Shift Registers.
INFO: [RTMG 210-285] Implementing FIFO 'layer12_out_11_U(myproject_fifo_w11_d2_S)' using Shift Registers.
INFO: [RTMG 210-285] Implementing FIFO 'layer12_out_12_U(myproject_fifo_w11_d2_S)' using Shift Registers.
INFO: [RTMG 210-285] Implementing FIFO 'layer12_out_13_U(myproject_fifo_w11_d2_S)' using Shift Registers.
INFO: [RTMG 210-285] Implementing FIFO 'layer12_out_14_U(myproject_fifo_w11_d2_S)' using Shift Registers.
INFO: [RTMG 210-285] Implementing FIFO 'layer12_out_15_U(myproject_fifo_w11_d2_S)' using Shift Registers.
INFO: [RTMG 210-285] Implementing FIFO 'layer12_out_16_U(myproject_fifo_w11_d2_S)' using Shift Registers.
INFO: [RTMG 210-285] Implementing FIFO 'layer12_out_17_U(myproject_fifo_w11_d2_S)' using Shift Registers.
INFO: [RTMG 210-285] Implementing FIFO 'layer12_out_18_U(myproject_fifo_w11_d2_S)' using Shift Registers.
INFO: [RTMG 210-285] Implementing FIFO 'layer12_out_19_U(myproject_fifo_w11_d2_S)' using Shift Registers.
INFO: [RTMG 210-285] Implementing FIFO 'layer12_out_20_U(myproject_fifo_w11_d2_S)' using Shift Registers.
INFO: [RTMG 210-285] Implementing FIFO 'layer12_out_21_U(myproject_fifo_w11_d2_S)' using Shift Registers.
INFO: [RTMG 210-285] Implementing FIFO 'layer12_out_22_U(myproject_fifo_w11_d2_S)' using Shift Registers.
INFO: [RTMG 210-285] Implementing FIFO 'layer12_out_23_U(myproject_fifo_w11_d2_S)' using Shift Registers.
INFO: [RTMG 210-285] Implementing FIFO 'layer12_out_24_U(myproject_fifo_w11_d2_S)' using Shift Registers.
INFO: [RTMG 210-285] Implementing FIFO 'layer12_out_25_U(myproject_fifo_w11_d2_S)' using Shift Registers.
INFO: [RTMG 210-285] Implementing FIFO 'layer12_out_26_U(myproject_fifo_w11_d2_S)' using Shift Registers.
INFO: [RTMG 210-285] Implementing FIFO 'layer12_out_27_U(myproject_fifo_w11_d2_S)' using Shift Registers.
INFO: [RTMG 210-285] Implementing FIFO 'layer12_out_28_U(myproject_fifo_w11_d2_S)' using Shift Registers.
INFO: [RTMG 210-285] Implementing FIFO 'layer12_out_29_U(myproject_fifo_w11_d2_S)' using Shift Registers.
INFO: [RTMG 210-285] Implementing FIFO 'layer12_out_30_U(myproject_fifo_w11_d2_S)' using Shift Registers.
INFO: [RTMG 210-285] Implementing FIFO 'layer12_out_31_U(myproject_fifo_w11_d2_S)' using Shift Registers.
INFO: [RTMG 210-285] Implementing FIFO 'layer12_out_32_U(myproject_fifo_w11_d2_S)' using Shift Registers.
INFO: [RTMG 210-285] Implementing FIFO 'layer12_out_33_U(myproject_fifo_w11_d2_S)' using Shift Registers.
INFO: [RTMG 210-285] Implementing FIFO 'layer12_out_34_U(myproject_fifo_w11_d2_S)' using Shift Registers.
INFO: [RTMG 210-285] Implementing FIFO 'layer13_out_U(myproject_fifo_w11_d2_S)' using Shift Registers.
INFO: [RTMG 210-285] Implementing FIFO 'layer13_out_1_U(myproject_fifo_w11_d2_S)' using Shift Registers.
INFO: [RTMG 210-285] Implementing FIFO 'layer14_out_U(myproject_fifo_w16_d2_S)' using Shift Registers.
INFO: [RTMG 210-285] Implementing FIFO 'layer14_out_1_U(myproject_fifo_w16_d2_S)' using Shift Registers.
INFO: [RTMG 210-285] Implementing FIFO 'layer14_out_2_U(myproject_fifo_w16_d2_S)' using Shift Registers.
INFO: [RTMG 210-285] Implementing FIFO 'layer14_out_3_U(myproject_fifo_w16_d2_S)' using Shift Registers.
INFO: [RTMG 210-285] Implementing FIFO 'layer14_out_4_U(myproject_fifo_w16_d2_S)' using Shift Registers.
INFO: [RTMG 210-285] Implementing FIFO 'layer14_out_5_U(myproject_fifo_w16_d2_S)' using Shift Registers.
INFO: [RTMG 210-285] Implementing FIFO 'layer14_out_6_U(myproject_fifo_w16_d2_S)' using Shift Registers.
INFO: [RTMG 210-285] Implementing FIFO 'layer14_out_7_U(myproject_fifo_w16_d2_S)' using Shift Registers.
INFO: [RTMG 210-285] Implementing FIFO 'layer14_out_8_U(myproject_fifo_w16_d2_S)' using Shift Registers.
INFO: [RTMG 210-285] Implementing FIFO 'layer14_out_9_U(myproject_fifo_w16_d2_S)' using Shift Registers.
INFO: [RTMG 210-285] Implementing FIFO 'layer14_out_10_U(myproject_fifo_w16_d2_S)' using Shift Registers.
INFO: [RTMG 210-285] Implementing FIFO 'layer14_out_11_U(myproject_fifo_w16_d2_S)' using Shift Registers.
INFO: [RTMG 210-285] Implementing FIFO 'layer14_out_12_U(myproject_fifo_w16_d2_S)' using Shift Registers.
INFO: [RTMG 210-285] Implementing FIFO 'layer14_out_13_U(myproject_fifo_w16_d2_S)' using Shift Registers.
INFO: [RTMG 210-285] Implementing FIFO 'layer14_out_14_U(myproject_fifo_w16_d2_S)' using Shift Registers.
INFO: [RTMG 210-285] Implementing FIFO 'layer14_out_15_U(myproject_fifo_w16_d2_S)' using Shift Registers.
INFO: [RTMG 210-285] Implementing FIFO 'layer14_out_16_U(myproject_fifo_w16_d2_S)' using Shift Registers.
INFO: [RTMG 210-285] Implementing FIFO 'layer14_out_17_U(myproject_fifo_w16_d2_S)' using Shift Registers.
INFO: [RTMG 210-285] Implementing FIFO 'layer14_out_18_U(myproject_fifo_w16_d2_S)' using Shift Registers.
INFO: [RTMG 210-285] Implementing FIFO 'layer14_out_19_U(myproject_fifo_w16_d2_S)' using Shift Registers.
INFO: [RTMG 210-285] Implementing FIFO 'layer14_out_20_U(myproject_fifo_w16_d2_S)' using Shift Registers.
INFO: [RTMG 210-285] Implementing FIFO 'layer14_out_21_U(myproject_fifo_w16_d2_S)' using Shift Registers.
INFO: [RTMG 210-285] Implementing FIFO 'layer14_out_22_U(myproject_fifo_w16_d2_S)' using Shift Registers.
INFO: [RTMG 210-285] Implementing FIFO 'layer14_out_23_U(myproject_fifo_w16_d2_S)' using Shift Registers.
INFO: [RTMG 210-285] Implementing FIFO 'layer14_out_24_U(myproject_fifo_w16_d2_S)' using Shift Registers.
INFO: [RTMG 210-285] Implementing FIFO 'layer14_out_25_U(myproject_fifo_w16_d2_S)' using Shift Registers.
INFO: [RTMG 210-285] Implementing FIFO 'layer14_out_26_U(myproject_fifo_w16_d2_S)' using Shift Registers.
INFO: [RTMG 210-285] Implementing FIFO 'layer14_out_27_U(myproject_fifo_w16_d2_S)' using Shift Registers.
INFO: [RTMG 210-285] Implementing FIFO 'layer14_out_28_U(myproject_fifo_w16_d2_S)' using Shift Registers.
INFO: [RTMG 210-285] Implementing FIFO 'layer14_out_29_U(myproject_fifo_w16_d2_S)' using Shift Registers.
INFO: [RTMG 210-285] Implementing FIFO 'layer14_out_30_U(myproject_fifo_w16_d2_S)' using Shift Registers.
INFO: [RTMG 210-285] Implementing FIFO 'layer14_out_31_U(myproject_fifo_w16_d2_S)' using Shift Registers.
INFO: [RTMG 210-285] Implementing FIFO 'layer14_out_32_U(myproject_fifo_w16_d2_S)' using Shift Registers.
INFO: [RTMG 210-285] Implementing FIFO 'layer14_out_33_U(myproject_fifo_w16_d2_S)' using Shift Registers.
INFO: [RTMG 210-285] Implementing FIFO 'layer14_out_34_U(myproject_fifo_w16_d2_S)' using Shift Registers.
INFO: [RTMG 210-285] Implementing FIFO 'layer14_out_35_U(myproject_fifo_w16_d2_S)' using Shift Registers.
INFO: [RTMG 210-285] Implementing FIFO 'layer14_out_36_U(myproject_fifo_w16_d2_S)' using Shift Registers.
INFO: [RTMG 210-285] Implementing FIFO 'layer14_out_37_U(myproject_fifo_w16_d2_S)' using Shift Registers.
INFO: [RTMG 210-285] Implementing FIFO 'layer14_out_38_U(myproject_fifo_w16_d2_S)' using Shift Registers.
INFO: [RTMG 210-285] Implementing FIFO 'layer14_out_39_U(myproject_fifo_w16_d2_S)' using Shift Registers.
INFO: [RTMG 210-285] Implementing FIFO 'layer14_out_40_U(myproject_fifo_w16_d2_S)' using Shift Registers.
INFO: [RTMG 210-285] Implementing FIFO 'layer14_out_41_U(myproject_fifo_w16_d2_S)' using Shift Registers.
INFO: [RTMG 210-285] Implementing FIFO 'layer14_out_42_U(myproject_fifo_w16_d2_S)' using Shift Registers.
INFO: [RTMG 210-285] Implementing FIFO 'layer14_out_43_U(myproject_fifo_w16_d2_S)' using Shift Registers.
INFO: [RTMG 210-285] Implementing FIFO 'layer14_out_44_U(myproject_fifo_w16_d2_S)' using Shift Registers.
INFO: [RTMG 210-285] Implementing FIFO 'layer14_out_45_U(myproject_fifo_w16_d2_S)' using Shift Registers.
INFO: [RTMG 210-285] Implementing FIFO 'layer14_out_46_U(myproject_fifo_w16_d2_S)' using Shift Registers.
INFO: [RTMG 210-285] Implementing FIFO 'layer14_out_47_U(myproject_fifo_w16_d2_S)' using Shift Registers.
INFO: [RTMG 210-285] Implementing FIFO 'layer16_out_U(myproject_fifo_w16_d2_S)' using Shift Registers.
INFO: [RTMG 210-285] Implementing FIFO 'layer16_out_1_U(myproject_fifo_w16_d2_S)' using Shift Registers.
INFO: [RTMG 210-285] Implementing FIFO 'layer16_out_2_U(myproject_fifo_w16_d2_S)' using Shift Registers.
INFO: [RTMG 210-285] Implementing FIFO 'layer16_out_3_U(myproject_fifo_w16_d2_S)' using Shift Registers.
INFO: [RTMG 210-285] Implementing FIFO 'layer16_out_4_U(myproject_fifo_w16_d2_S)' using Shift Registers.
INFO: [RTMG 210-285] Implementing FIFO 'layer16_out_5_U(myproject_fifo_w16_d2_S)' using Shift Registers.
INFO: [RTMG 210-285] Implementing FIFO 'layer16_out_6_U(myproject_fifo_w16_d2_S)' using Shift Registers.
INFO: [RTMG 210-285] Implementing FIFO 'layer16_out_7_U(myproject_fifo_w16_d2_S)' using Shift Registers.
INFO: [RTMG 210-285] Implementing FIFO 'layer16_out_8_U(myproject_fifo_w16_d2_S)' using Shift Registers.
INFO: [RTMG 210-285] Implementing FIFO 'layer16_out_9_U(myproject_fifo_w16_d2_S)' using Shift Registers.
INFO: [RTMG 210-285] Implementing FIFO 'layer18_out_U(myproject_fifo_w8_d2_S)' using Shift Registers.
INFO: [RTMG 210-285] Implementing FIFO 'layer18_out_1_U(myproject_fifo_w8_d2_S)' using Shift Registers.
INFO: [RTMG 210-285] Implementing FIFO 'layer18_out_2_U(myproject_fifo_w8_d2_S)' using Shift Registers.
INFO: [RTMG 210-285] Implementing FIFO 'layer18_out_3_U(myproject_fifo_w8_d2_S)' using Shift Registers.
INFO: [RTMG 210-285] Implementing FIFO 'layer18_out_4_U(myproject_fifo_w8_d2_S)' using Shift Registers.
INFO: [RTMG 210-285] Implementing FIFO 'layer18_out_5_U(myproject_fifo_w8_d2_S)' using Shift Registers.
INFO: [RTMG 210-285] Implementing FIFO 'layer18_out_6_U(myproject_fifo_w8_d2_S)' using Shift Registers.
INFO: [RTMG 210-285] Implementing FIFO 'layer18_out_7_U(myproject_fifo_w8_d2_S)' using Shift Registers.
INFO: [RTMG 210-285] Implementing FIFO 'layer18_out_8_U(myproject_fifo_w8_d2_S)' using Shift Registers.
INFO: [RTMG 210-285] Implementing FIFO 'layer18_out_9_U(myproject_fifo_w8_d2_S)' using Shift Registers.
INFO: [RTMG 210-285] Implementing FIFO 'layer18_out_10_U(myproject_fifo_w8_d2_S)' using Shift Registers.
INFO: [RTMG 210-285] Implementing FIFO 'layer18_out_11_U(myproject_fifo_w8_d2_S)' using Shift Registers.
INFO: [RTMG 210-285] Implementing FIFO 'layer18_out_12_U(myproject_fifo_w8_d2_S)' using Shift Registers.
INFO: [RTMG 210-285] Implementing FIFO 'layer18_out_13_U(myproject_fifo_w8_d2_S)' using Shift Registers.
INFO: [RTMG 210-285] Implementing FIFO 'layer18_out_14_U(myproject_fifo_w8_d2_S)' using Shift Registers.
INFO: [RTMG 210-285] Implementing FIFO 'layer18_out_15_U(myproject_fifo_w8_d2_S)' using Shift Registers.
INFO: [RTMG 210-285] Implementing FIFO 'layer18_out_16_U(myproject_fifo_w8_d2_S)' using Shift Registers.
INFO: [RTMG 210-285] Implementing FIFO 'layer18_out_17_U(myproject_fifo_w8_d2_S)' using Shift Registers.
INFO: [RTMG 210-285] Implementing FIFO 'layer18_out_18_U(myproject_fifo_w8_d2_S)' using Shift Registers.
INFO: [RTMG 210-285] Implementing FIFO 'layer18_out_19_U(myproject_fifo_w8_d2_S)' using Shift Registers.
INFO: [RTMG 210-285] Implementing FIFO 'layer18_out_20_U(myproject_fifo_w8_d2_S)' using Shift Registers.
INFO: [RTMG 210-285] Implementing FIFO 'layer18_out_21_U(myproject_fifo_w8_d2_S)' using Shift Registers.
INFO: [RTMG 210-285] Implementing FIFO 'layer18_out_22_U(myproject_fifo_w8_d2_S)' using Shift Registers.
INFO: [RTMG 210-285] Implementing FIFO 'layer18_out_23_U(myproject_fifo_w8_d2_S)' using Shift Registers.
INFO: [RTMG 210-285] Implementing FIFO 'layer18_out_24_U(myproject_fifo_w8_d2_S)' using Shift Registers.
INFO: [RTMG 210-285] Implementing FIFO 'layer18_out_25_U(myproject_fifo_w8_d2_S)' using Shift Registers.
INFO: [RTMG 210-285] Implementing FIFO 'layer18_out_26_U(myproject_fifo_w8_d2_S)' using Shift Registers.
INFO: [RTMG 210-285] Implementing FIFO 'layer18_out_27_U(myproject_fifo_w8_d2_S)' using Shift Registers.
INFO: [RTMG 210-285] Implementing FIFO 'layer18_out_28_U(myproject_fifo_w8_d2_S)' using Shift Registers.
INFO: [RTMG 210-285] Implementing FIFO 'layer18_out_29_U(myproject_fifo_w8_d2_S)' using Shift Registers.
INFO: [RTMG 210-285] Implementing FIFO 'layer18_out_30_U(myproject_fifo_w8_d2_S)' using Shift Registers.
INFO: [RTMG 210-285] Implementing FIFO 'layer18_out_31_U(myproject_fifo_w8_d2_S)' using Shift Registers.
INFO: [RTMG 210-285] Implementing FIFO 'layer18_out_32_U(myproject_fifo_w8_d2_S)' using Shift Registers.
INFO: [RTMG 210-285] Implementing FIFO 'layer18_out_33_U(myproject_fifo_w8_d2_S)' using Shift Registers.
INFO: [RTMG 210-285] Implementing FIFO 'layer18_out_34_U(myproject_fifo_w8_d2_S)' using Shift Registers.
INFO: [RTMG 210-285] Implementing FIFO 'layer18_out_35_U(myproject_fifo_w8_d2_S)' using Shift Registers.
INFO: [RTMG 210-285] Implementing FIFO 'layer18_out_36_U(myproject_fifo_w8_d2_S)' using Shift Registers.
INFO: [RTMG 210-285] Implementing FIFO 'layer18_out_37_U(myproject_fifo_w8_d2_S)' using Shift Registers.
INFO: [RTMG 210-285] Implementing FIFO 'layer18_out_38_U(myproject_fifo_w8_d2_S)' using Shift Registers.
INFO: [RTMG 210-285] Implementing FIFO 'layer18_out_39_U(myproject_fifo_w8_d2_S)' using Shift Registers.
INFO: [RTMG 210-285] Implementing FIFO 'layer18_out_40_U(myproject_fifo_w8_d2_S)' using Shift Registers.
INFO: [RTMG 210-285] Implementing FIFO 'layer18_out_41_U(myproject_fifo_w8_d2_S)' using Shift Registers.
INFO: [RTMG 210-285] Implementing FIFO 'layer18_out_42_U(myproject_fifo_w8_d2_S)' using Shift Registers.
INFO: [RTMG 210-285] Implementing FIFO 'layer18_out_43_U(myproject_fifo_w8_d2_S)' using Shift Registers.
INFO: [RTMG 210-285] Implementing FIFO 'layer18_out_44_U(myproject_fifo_w8_d2_S)' using Shift Registers.
INFO: [RTMG 210-285] Implementing FIFO 'layer18_out_45_U(myproject_fifo_w8_d2_S)' using Shift Registers.
INFO: [RTMG 210-285] Implementing FIFO 'layer18_out_46_U(myproject_fifo_w8_d2_S)' using Shift Registers.
INFO: [RTMG 210-285] Implementing FIFO 'layer18_out_47_U(myproject_fifo_w8_d2_S)' using Shift Registers.
INFO: [RTMG 210-285] Implementing FIFO 'layer19_out_U(myproject_fifo_w8_d3_S)' using Shift Registers.
INFO: [RTMG 210-285] Implementing FIFO 'layer19_out_1_U(myproject_fifo_w8_d3_S)' using Shift Registers.
INFO: [RTMG 210-285] Implementing FIFO 'layer19_out_2_U(myproject_fifo_w8_d3_S)' using Shift Registers.
INFO: [RTMG 210-285] Implementing FIFO 'layer19_out_3_U(myproject_fifo_w8_d3_S)' using Shift Registers.
INFO: [RTMG 210-285] Implementing FIFO 'layer19_out_4_U(myproject_fifo_w8_d3_S)' using Shift Registers.
INFO: [RTMG 210-285] Implementing FIFO 'layer19_out_5_U(myproject_fifo_w8_d3_S)' using Shift Registers.
INFO: [RTMG 210-285] Implementing FIFO 'layer19_out_6_U(myproject_fifo_w8_d3_S)' using Shift Registers.
INFO: [RTMG 210-285] Implementing FIFO 'layer19_out_7_U(myproject_fifo_w8_d3_S)' using Shift Registers.
INFO: [RTMG 210-285] Implementing FIFO 'layer19_out_8_U(myproject_fifo_w8_d3_S)' using Shift Registers.
INFO: [RTMG 210-285] Implementing FIFO 'layer19_out_9_U(myproject_fifo_w8_d3_S)' using Shift Registers.
INFO: [RTMG 210-285] Implementing FIFO 'layer20_out_U(myproject_fifo_w10_d2_S)' using Shift Registers.
INFO: [RTMG 210-285] Implementing FIFO 'layer20_out_1_U(myproject_fifo_w10_d2_S)' using Shift Registers.
INFO: [RTMG 210-285] Implementing FIFO 'layer20_out_2_U(myproject_fifo_w10_d2_S)' using Shift Registers.
INFO: [RTMG 210-285] Implementing FIFO 'layer20_out_3_U(myproject_fifo_w10_d2_S)' using Shift Registers.
INFO: [RTMG 210-285] Implementing FIFO 'layer20_out_4_U(myproject_fifo_w10_d2_S)' using Shift Registers.
INFO: [RTMG 210-285] Implementing FIFO 'layer20_out_5_U(myproject_fifo_w10_d2_S)' using Shift Registers.
INFO: [RTMG 210-285] Implementing FIFO 'layer20_out_6_U(myproject_fifo_w10_d2_S)' using Shift Registers.
INFO: [RTMG 210-285] Implementing FIFO 'layer20_out_7_U(myproject_fifo_w10_d2_S)' using Shift Registers.
INFO: [RTMG 210-285] Implementing FIFO 'layer20_out_8_U(myproject_fifo_w10_d2_S)' using Shift Registers.
INFO: [RTMG 210-285] Implementing FIFO 'layer20_out_9_U(myproject_fifo_w10_d2_S)' using Shift Registers.
INFO: [RTMG 210-285] Implementing FIFO 'layer20_out_10_U(myproject_fifo_w10_d2_S)' using Shift Registers.
INFO: [RTMG 210-285] Implementing FIFO 'layer20_out_11_U(myproject_fifo_w10_d2_S)' using Shift Registers.
INFO: [RTMG 210-285] Implementing FIFO 'layer20_out_12_U(myproject_fifo_w10_d2_S)' using Shift Registers.
INFO: [RTMG 210-285] Implementing FIFO 'layer20_out_13_U(myproject_fifo_w10_d2_S)' using Shift Registers.
INFO: [RTMG 210-285] Implementing FIFO 'layer20_out_14_U(myproject_fifo_w10_d2_S)' using Shift Registers.
INFO: [RTMG 210-285] Implementing FIFO 'layer20_out_15_U(myproject_fifo_w10_d2_S)' using Shift Registers.
INFO: [RTMG 210-285] Implementing FIFO 'layer20_out_16_U(myproject_fifo_w10_d2_S)' using Shift Registers.
INFO: [RTMG 210-285] Implementing FIFO 'layer20_out_17_U(myproject_fifo_w10_d2_S)' using Shift Registers.
INFO: [RTMG 210-285] Implementing FIFO 'layer20_out_18_U(myproject_fifo_w10_d2_S)' using Shift Registers.
INFO: [RTMG 210-285] Implementing FIFO 'layer20_out_19_U(myproject_fifo_w10_d2_S)' using Shift Registers.
INFO: [RTMG 210-285] Implementing FIFO 'layer20_out_20_U(myproject_fifo_w10_d2_S)' using Shift Registers.
INFO: [RTMG 210-285] Implementing FIFO 'layer20_out_21_U(myproject_fifo_w10_d2_S)' using Shift Registers.
INFO: [RTMG 210-285] Implementing FIFO 'layer20_out_22_U(myproject_fifo_w10_d2_S)' using Shift Registers.
INFO: [RTMG 210-285] Implementing FIFO 'layer20_out_23_U(myproject_fifo_w10_d2_S)' using Shift Registers.
INFO: [RTMG 210-285] Implementing FIFO 'layer20_out_24_U(myproject_fifo_w10_d2_S)' using Shift Registers.
INFO: [RTMG 210-285] Implementing FIFO 'layer20_out_25_U(myproject_fifo_w10_d2_S)' using Shift Registers.
INFO: [RTMG 210-285] Implementing FIFO 'layer20_out_26_U(myproject_fifo_w10_d2_S)' using Shift Registers.
INFO: [RTMG 210-285] Implementing FIFO 'layer20_out_27_U(myproject_fifo_w10_d2_S)' using Shift Registers.
INFO: [RTMG 210-285] Implementing FIFO 'layer20_out_28_U(myproject_fifo_w10_d2_S)' using Shift Registers.
INFO: [RTMG 210-285] Implementing FIFO 'layer20_out_29_U(myproject_fifo_w10_d2_S)' using Shift Registers.
INFO: [RTMG 210-285] Implementing FIFO 'layer20_out_30_U(myproject_fifo_w10_d2_S)' using Shift Registers.
INFO: [RTMG 210-285] Implementing FIFO 'layer20_out_31_U(myproject_fifo_w10_d2_S)' using Shift Registers.
INFO: [RTMG 210-285] Implementing FIFO 'layer20_out_32_U(myproject_fifo_w10_d2_S)' using Shift Registers.
INFO: [RTMG 210-285] Implementing FIFO 'layer20_out_33_U(myproject_fifo_w10_d2_S)' using Shift Registers.
INFO: [RTMG 210-285] Implementing FIFO 'layer20_out_34_U(myproject_fifo_w10_d2_S)' using Shift Registers.
INFO: [RTMG 210-285] Implementing FIFO 'layer20_out_35_U(myproject_fifo_w10_d2_S)' using Shift Registers.
INFO: [RTMG 210-285] Implementing FIFO 'layer20_out_36_U(myproject_fifo_w10_d2_S)' using Shift Registers.
INFO: [RTMG 210-285] Implementing FIFO 'layer20_out_37_U(myproject_fifo_w10_d2_S)' using Shift Registers.
INFO: [RTMG 210-285] Implementing FIFO 'layer20_out_38_U(myproject_fifo_w10_d2_S)' using Shift Registers.
INFO: [RTMG 210-285] Implementing FIFO 'layer20_out_39_U(myproject_fifo_w10_d2_S)' using Shift Registers.
INFO: [RTMG 210-285] Implementing FIFO 'layer20_out_40_U(myproject_fifo_w10_d2_S)' using Shift Registers.
INFO: [RTMG 210-285] Implementing FIFO 'layer20_out_41_U(myproject_fifo_w10_d2_S)' using Shift Registers.
INFO: [RTMG 210-285] Implementing FIFO 'layer20_out_42_U(myproject_fifo_w10_d2_S)' using Shift Registers.
INFO: [RTMG 210-285] Implementing FIFO 'layer20_out_43_U(myproject_fifo_w10_d2_S)' using Shift Registers.
INFO: [RTMG 210-285] Implementing FIFO 'layer20_out_44_U(myproject_fifo_w10_d2_S)' using Shift Registers.
INFO: [RTMG 210-285] Implementing FIFO 'layer20_out_45_U(myproject_fifo_w10_d2_S)' using Shift Registers.
INFO: [RTMG 210-285] Implementing FIFO 'layer20_out_46_U(myproject_fifo_w10_d2_S)' using Shift Registers.
INFO: [RTMG 210-285] Implementing FIFO 'layer20_out_47_U(myproject_fifo_w10_d2_S)' using Shift Registers.
INFO: [RTMG 210-285] Implementing FIFO 'layer20_out_48_U(myproject_fifo_w10_d2_S)' using Shift Registers.
INFO: [RTMG 210-285] Implementing FIFO 'layer20_out_49_U(myproject_fifo_w10_d2_S)' using Shift Registers.
INFO: [RTMG 210-285] Implementing FIFO 'layer20_out_50_U(myproject_fifo_w10_d2_S)' using Shift Registers.
INFO: [RTMG 210-285] Implementing FIFO 'layer20_out_51_U(myproject_fifo_w10_d2_S)' using Shift Registers.
INFO: [RTMG 210-285] Implementing FIFO 'layer20_out_52_U(myproject_fifo_w10_d2_S)' using Shift Registers.
INFO: [RTMG 210-285] Implementing FIFO 'layer20_out_53_U(myproject_fifo_w10_d2_S)' using Shift Registers.
INFO: [RTMG 210-285] Implementing FIFO 'layer20_out_54_U(myproject_fifo_w10_d2_S)' using Shift Registers.
INFO: [RTMG 210-285] Implementing FIFO 'layer20_out_55_U(myproject_fifo_w10_d2_S)' using Shift Registers.
INFO: [RTMG 210-285] Implementing FIFO 'layer20_out_56_U(myproject_fifo_w10_d2_S)' using Shift Registers.
INFO: [RTMG 210-285] Implementing FIFO 'layer20_out_57_U(myproject_fifo_w10_d2_S)' using Shift Registers.
INFO: [RTMG 210-285] Implementing FIFO 'layer21_out_U(myproject_fifo_w16_d2_S)' using Shift Registers.
INFO: [RTMG 210-285] Implementing FIFO 'layer21_out_1_U(myproject_fifo_w16_d2_S)' using Shift Registers.
INFO: [RTMG 210-285] Implementing FIFO 'layer21_out_2_U(myproject_fifo_w16_d2_S)' using Shift Registers.
INFO: [RTMG 210-285] Implementing FIFO 'layer21_out_3_U(myproject_fifo_w16_d2_S)' using Shift Registers.
INFO: [RTMG 210-285] Implementing FIFO 'layer21_out_4_U(myproject_fifo_w16_d2_S)' using Shift Registers.
INFO: [RTMG 210-285] Implementing FIFO 'layer21_out_5_U(myproject_fifo_w16_d2_S)' using Shift Registers.
INFO: [RTMG 210-285] Implementing FIFO 'layer21_out_6_U(myproject_fifo_w16_d2_S)' using Shift Registers.
INFO: [RTMG 210-285] Implementing FIFO 'layer21_out_7_U(myproject_fifo_w16_d2_S)' using Shift Registers.
INFO: [RTMG 210-285] Implementing FIFO 'layer23_out_U(myproject_fifo_w8_d2_S)' using Shift Registers.
INFO: [RTMG 210-285] Implementing FIFO 'layer23_out_1_U(myproject_fifo_w8_d2_S)' using Shift Registers.
INFO: [RTMG 210-285] Implementing FIFO 'layer23_out_2_U(myproject_fifo_w8_d2_S)' using Shift Registers.
INFO: [RTMG 210-285] Implementing FIFO 'layer23_out_3_U(myproject_fifo_w8_d2_S)' using Shift Registers.
INFO: [RTMG 210-285] Implementing FIFO 'layer23_out_4_U(myproject_fifo_w8_d2_S)' using Shift Registers.
INFO: [RTMG 210-285] Implementing FIFO 'layer23_out_5_U(myproject_fifo_w8_d2_S)' using Shift Registers.
INFO: [RTMG 210-285] Implementing FIFO 'layer23_out_6_U(myproject_fifo_w8_d2_S)' using Shift Registers.
INFO: [RTMG 210-285] Implementing FIFO 'layer23_out_7_U(myproject_fifo_w8_d2_S)' using Shift Registers.
INFO: [RTMG 210-285] Implementing FIFO 'layer24_out_U(myproject_fifo_w16_d2_S)' using Shift Registers.
INFO: [RTMG 210-285] Implementing FIFO 'layer24_out_1_U(myproject_fifo_w16_d2_S)' using Shift Registers.
INFO: [RTMG 210-285] Implementing FIFO 'layer24_out_2_U(myproject_fifo_w16_d2_S)' using Shift Registers.
INFO: [RTMG 210-285] Implementing FIFO 'layer24_out_3_U(myproject_fifo_w16_d2_S)' using Shift Registers.
INFO: [RTMG 210-285] Implementing FIFO 'layer26_out_U(myproject_fifo_w8_d2_S)' using Shift Registers.
INFO: [RTMG 210-285] Implementing FIFO 'layer26_out_1_U(myproject_fifo_w8_d2_S)' using Shift Registers.
INFO: [RTMG 210-285] Implementing FIFO 'layer26_out_2_U(myproject_fifo_w8_d2_S)' using Shift Registers.
INFO: [RTMG 210-285] Implementing FIFO 'layer26_out_3_U(myproject_fifo_w8_d2_S)' using Shift Registers.
INFO: [RTMG 210-285] Implementing FIFO 'layer27_out_U(myproject_fifo_w14_d2_S)' using Shift Registers.
INFO: [HLS 200-111] Finished Creating RTL model: CPU user time: 2.4 seconds. CPU system time: 0.33 seconds. Elapsed time: 2.76 seconds; current allocated memory: 915.316 MB.
INFO: [HLS 200-111] Finished Generating all RTL models: CPU user time: 1.01 seconds. CPU system time: 0.17 seconds. Elapsed time: 1.18 seconds; current allocated memory: 934.113 MB.
INFO: [HLS 200-111] Finished Updating report files: CPU user time: 5.73 seconds. CPU system time: 0.07 seconds. Elapsed time: 5.83 seconds; current allocated memory: 995.766 MB.
INFO: [VHDL 208-304] Generating VHDL RTL for myproject.
INFO: [VLOG 209-307] Generating Verilog RTL for myproject.
INFO: [HLS 200-790] **** Loop Constraint Status: All loop constraints were NOT satisfied.
INFO: [HLS 200-789] **** Estimated Fmax: 57.23 MHz
INFO: [HLS 200-2161] Finished Command csynth_design Elapsed time: 00:01:18; Allocated memory: 662.559 MB.
***** C/RTL SYNTHESIS COMPLETED IN 0h1m18s *****
***** VIVADO SYNTHESIS *****

****** Vivado v2024.1 (64-bit)
  **** SW Build 5076996 on Wed May 22 18:36:09 MDT 2024
  **** IP Build 5075265 on Wed May 22 21:45:21 MDT 2024
  **** SharedData Build 5076995 on Wed May 22 18:29:18 MDT 2024
  **** Start of session at: Tue Aug 11 05:38:23 2026
    ** Copyright 1986-2022 Xilinx, Inc. All Rights Reserved.
    ** Copyright 2022-2024 Advanced Micro Devices, Inc. All Rights Reserved.

source vivado_synth.tcl
# set tcldir [file dirname [info script]]
# source [file join $tcldir project.tcl]
## variable project_name
## set project_name "myproject"
## variable backend
## set backend "vivado"
## variable part
## set part "xc7z020clg400-1"
## variable clock_period
## set clock_period 20
## variable clock_uncertainty
## set clock_uncertainty 12.5%
## variable version
## set version "1.0.0"
# add_files ${project_name}_prj/solution1/syn/vhdl
add_files: Time (s): cpu = 00:00:05 ; elapsed = 00:00:06 . Memory (MB): peak = 1674.137 ; gain = 46.836 ; free physical = 67414 ; free virtual = 197295
# synth_design -top ${project_name} -part $part
Command: synth_design -top myproject -part xc7z020clg400-1
Starting synth_design
Attempting to get a license for feature 'Synthesis' and/or device 'xc7z020'
INFO: [Common 17-349] Got license for feature 'Synthesis' and/or device 'xc7z020'
INFO: [Synth 8-7079] Multithreading enabled for synth_design using a maximum of 4 processes.
INFO: [Synth 8-7078] Launching helper process for spawning children vivado processes
INFO: [Synth 8-7075] Helper process launched with PID 3519614
---------------------------------------------------------------------------------
Starting Synthesize : Time (s): cpu = 00:00:04 ; elapsed = 00:00:04 . Memory (MB): peak = 2106.758 ; gain = 428.539 ; free physical = 63681 ; free virtual = 193638
---------------------------------------------------------------------------------
INFO: [Synth 8-638] synthesizing module 'myproject' [/home/dabadjiev/smartpixels_ml_dsabadjiev/Muon_Collider_Smart_Pixels/eric/Results_June2026_99SigEff/model2.5_fin_results/model2_5_8bit_normalised_selected/pareto_primary/hls_outputs_vsynth/hls_model_trial_075/myproject_prj/solution1/syn/vhdl/myproject.vhd:155]
INFO: [Synth 8-3491] module 'myproject_linear_ap_fixed_16_6_5_3_0_ap_fixed_10_1_4_0_0_linear_config3_s' declared at '/home/dabadjiev/smartpixels_ml_dsabadjiev/Muon_Collider_Smart_Pixels/eric/Results_June2026_99SigEff/model2.5_fin_results/model2_5_8bit_normalised_selected/pareto_primary/hls_outputs_vsynth/hls_model_trial_075/myproject_prj/solution1/syn/vhdl/myproject_linear_ap_fixed_16_6_5_3_0_ap_fixed_10_1_4_0_0_linear_config3_s.vhd:11' bound to instance 'linear_ap_fixed_16_6_5_3_0_ap_fixed_10_1_4_0_0_linear_config3_U0' of component 'myproject_linear_ap_fixed_16_6_5_3_0_ap_fixed_10_1_4_0_0_linear_config3_s' [/home/dabadjiev/smartpixels_ml_dsabadjiev/Muon_Collider_Smart_Pixels/eric/Results_June2026_99SigEff/model2.5_fin_results/model2_5_8bit_normalised_selected/pareto_primary/hls_outputs_vsynth/hls_model_trial_075/myproject_prj/solution1/syn/vhdl/myproject.vhd:4136]
INFO: [Synth 8-638] synthesizing module 'myproject_linear_ap_fixed_16_6_5_3_0_ap_fixed_10_1_4_0_0_linear_config3_s' [/home/dabadjiev/smartpixels_ml_dsabadjiev/Muon_Collider_Smart_Pixels/eric/Results_June2026_99SigEff/model2.5_fin_results/model2_5_8bit_normalised_selected/pareto_primary/hls_outputs_vsynth/hls_model_trial_075/myproject_prj/solution1/syn/vhdl/myproject_linear_ap_fixed_16_6_5_3_0_ap_fixed_10_1_4_0_0_linear_config3_s.vhd:47]
INFO: [Synth 8-256] done synthesizing module 'myproject_linear_ap_fixed_16_6_5_3_0_ap_fixed_10_1_4_0_0_linear_config3_s' (0#1) [/home/dabadjiev/smartpixels_ml_dsabadjiev/Muon_Collider_Smart_Pixels/eric/Results_June2026_99SigEff/model2.5_fin_results/model2_5_8bit_normalised_selected/pareto_primary/hls_outputs_vsynth/hls_model_trial_075/myproject_prj/solution1/syn/vhdl/myproject_linear_ap_fixed_16_6_5_3_0_ap_fixed_10_1_4_0_0_linear_config3_s.vhd:47]
INFO: [Synth 8-3491] module 'myproject_linear_ap_fixed_16_6_5_3_0_ap_fixed_10_1_4_0_0_linear_config4_s' declared at '/home/dabadjiev/smartpixels_ml_dsabadjiev/Muon_Collider_Smart_Pixels/eric/Results_June2026_99SigEff/model2.5_fin_results/model2_5_8bit_normalised_selected/pareto_primary/hls_outputs_vsynth/hls_model_trial_075/myproject_prj/solution1/syn/vhdl/myproject_linear_ap_fixed_16_6_5_3_0_ap_fixed_10_1_4_0_0_linear_config4_s.vhd:11' bound to instance 'linear_ap_fixed_16_6_5_3_0_ap_fixed_10_1_4_0_0_linear_config4_U0' of component 'myproject_linear_ap_fixed_16_6_5_3_0_ap_fixed_10_1_4_0_0_linear_config4_s' [/home/dabadjiev/smartpixels_ml_dsabadjiev/Muon_Collider_Smart_Pixels/eric/Results_June2026_99SigEff/model2.5_fin_results/model2_5_8bit_normalised_selected/pareto_primary/hls_outputs_vsynth/hls_model_trial_075/myproject_prj/solution1/syn/vhdl/myproject.vhd:4170]
INFO: [Synth 8-638] synthesizing module 'myproject_linear_ap_fixed_16_6_5_3_0_ap_fixed_10_1_4_0_0_linear_config4_s' [/home/dabadjiev/smartpixels_ml_dsabadjiev/Muon_Collider_Smart_Pixels/eric/Results_June2026_99SigEff/model2.5_fin_results/model2_5_8bit_normalised_selected/pareto_primary/hls_outputs_vsynth/hls_model_trial_075/myproject_prj/solution1/syn/vhdl/myproject_linear_ap_fixed_16_6_5_3_0_ap_fixed_10_1_4_0_0_linear_config4_s.vhd:39]
INFO: [Synth 8-256] done synthesizing module 'myproject_linear_ap_fixed_16_6_5_3_0_ap_fixed_10_1_4_0_0_linear_config4_s' (0#1) [/home/dabadjiev/smartpixels_ml_dsabadjiev/Muon_Collider_Smart_Pixels/eric/Results_June2026_99SigEff/model2.5_fin_results/model2_5_8bit_normalised_selected/pareto_primary/hls_outputs_vsynth/hls_model_trial_075/myproject_prj/solution1/syn/vhdl/myproject_linear_ap_fixed_16_6_5_3_0_ap_fixed_10_1_4_0_0_linear_config4_s.vhd:39]
INFO: [Synth 8-3491] module 'myproject_concatenate1d_ap_fixed_ap_fixed_ap_fixed_16_6_5_3_0_config8_s' declared at '/home/dabadjiev/smartpixels_ml_dsabadjiev/Muon_Collider_Smart_Pixels/eric/Results_June2026_99SigEff/model2.5_fin_results/model2_5_8bit_normalised_selected/pareto_primary/hls_outputs_vsynth/hls_model_trial_075/myproject_prj/solution1/syn/vhdl/myproject_concatenate1d_ap_fixed_ap_fixed_ap_fixed_16_6_5_3_0_config8_s.vhd:11' bound to instance 'concatenate1d_ap_fixed_ap_fixed_ap_fixed_16_6_5_3_0_config8_U0' of component 'myproject_concatenate1d_ap_fixed_ap_fixed_ap_fixed_16_6_5_3_0_config8_s' [/home/dabadjiev/smartpixels_ml_dsabadjiev/Muon_Collider_Smart_Pixels/eric/Results_June2026_99SigEff/model2.5_fin_results/model2_5_8bit_normalised_selected/pareto_primary/hls_outputs_vsynth/hls_model_trial_075/myproject_prj/solution1/syn/vhdl/myproject.vhd:4196]
INFO: [Synth 8-638] synthesizing module 'myproject_concatenate1d_ap_fixed_ap_fixed_ap_fixed_16_6_5_3_0_config8_s' [/home/dabadjiev/smartpixels_ml_dsabadjiev/Muon_Collider_Smart_Pixels/eric/Results_June2026_99SigEff/model2.5_fin_results/model2_5_8bit_normalised_selected/pareto_primary/hls_outputs_vsynth/hls_model_trial_075/myproject_prj/solution1/syn/vhdl/myproject_concatenate1d_ap_fixed_ap_fixed_ap_fixed_16_6_5_3_0_config8_s.vhd:92]
INFO: [Synth 8-256] done synthesizing module 'myproject_concatenate1d_ap_fixed_ap_fixed_ap_fixed_16_6_5_3_0_config8_s' (0#1) [/home/dabadjiev/smartpixels_ml_dsabadjiev/Muon_Collider_Smart_Pixels/eric/Results_June2026_99SigEff/model2.5_fin_results/model2_5_8bit_normalised_selected/pareto_primary/hls_outputs_vsynth/hls_model_trial_075/myproject_prj/solution1/syn/vhdl/myproject_concatenate1d_ap_fixed_ap_fixed_ap_fixed_16_6_5_3_0_config8_s.vhd:92]
INFO: [Synth 8-3491] module 'myproject_linear_ap_fixed_16_6_5_3_0_ap_fixed_10_1_4_0_0_linear_config9_s' declared at '/home/dabadjiev/smartpixels_ml_dsabadjiev/Muon_Collider_Smart_Pixels/eric/Results_June2026_99SigEff/model2.5_fin_results/model2_5_8bit_normalised_selected/pareto_primary/hls_outputs_vsynth/hls_model_trial_075/myproject_prj/solution1/syn/vhdl/myproject_linear_ap_fixed_16_6_5_3_0_ap_fixed_10_1_4_0_0_linear_config9_s.vhd:11' bound to instance 'linear_ap_fixed_16_6_5_3_0_ap_fixed_10_1_4_0_0_linear_config9_U0' of component 'myproject_linear_ap_fixed_16_6_5_3_0_ap_fixed_10_1_4_0_0_linear_config9_s' [/home/dabadjiev/smartpixels_ml_dsabadjiev/Muon_Collider_Smart_Pixels/eric/Results_June2026_99SigEff/model2.5_fin_results/model2_5_8bit_normalised_selected/pareto_primary/hls_outputs_vsynth/hls_model_trial_075/myproject_prj/solution1/syn/vhdl/myproject.vhd:4275]
INFO: [Synth 8-638] synthesizing module 'myproject_linear_ap_fixed_16_6_5_3_0_ap_fixed_10_1_4_0_0_linear_config9_s' [/home/dabadjiev/smartpixels_ml_dsabadjiev/Muon_Collider_Smart_Pixels/eric/Results_June2026_99SigEff/model2.5_fin_results/model2_5_8bit_normalised_selected/pareto_primary/hls_outputs_vsynth/hls_model_trial_075/myproject_prj/solution1/syn/vhdl/myproject_linear_ap_fixed_16_6_5_3_0_ap_fixed_10_1_4_0_0_linear_config9_s.vhd:27]
INFO: [Synth 8-256] done synthesizing module 'myproject_linear_ap_fixed_16_6_5_3_0_ap_fixed_10_1_4_0_0_linear_config9_s' (0#1) [/home/dabadjiev/smartpixels_ml_dsabadjiev/Muon_Collider_Smart_Pixels/eric/Results_June2026_99SigEff/model2.5_fin_results/model2_5_8bit_normalised_selected/pareto_primary/hls_outputs_vsynth/hls_model_trial_075/myproject_prj/solution1/syn/vhdl/myproject_linear_ap_fixed_16_6_5_3_0_ap_fixed_10_1_4_0_0_linear_config9_s.vhd:27]
INFO: [Synth 8-3491] module 'myproject_linear_ap_fixed_16_6_5_3_0_ap_fixed_10_1_4_0_0_linear_config10_s' declared at '/home/dabadjiev/smartpixels_ml_dsabadjiev/Muon_Collider_Smart_Pixels/eric/Results_June2026_99SigEff/model2.5_fin_results/model2_5_8bit_normalised_selected/pareto_primary/hls_outputs_vsynth/hls_model_trial_075/myproject_prj/solution1/syn/vhdl/myproject_linear_ap_fixed_16_6_5_3_0_ap_fixed_10_1_4_0_0_linear_config10_s.vhd:11' bound to instance 'linear_ap_fixed_16_6_5_3_0_ap_fixed_10_1_4_0_0_linear_config10_U0' of component 'myproject_linear_ap_fixed_16_6_5_3_0_ap_fixed_10_1_4_0_0_linear_config10_s' [/home/dabadjiev/smartpixels_ml_dsabadjiev/Muon_Collider_Smart_Pixels/eric/Results_June2026_99SigEff/model2.5_fin_results/model2_5_8bit_normalised_selected/pareto_primary/hls_outputs_vsynth/hls_model_trial_075/myproject_prj/solution1/syn/vhdl/myproject.vhd:4289]
INFO: [Synth 8-638] synthesizing module 'myproject_linear_ap_fixed_16_6_5_3_0_ap_fixed_10_1_4_0_0_linear_config10_s' [/home/dabadjiev/smartpixels_ml_dsabadjiev/Muon_Collider_Smart_Pixels/eric/Results_June2026_99SigEff/model2.5_fin_results/model2_5_8bit_normalised_selected/pareto_primary/hls_outputs_vsynth/hls_model_trial_075/myproject_prj/solution1/syn/vhdl/myproject_linear_ap_fixed_16_6_5_3_0_ap_fixed_10_1_4_0_0_linear_config10_s.vhd:27]
INFO: [Synth 8-256] done synthesizing module 'myproject_linear_ap_fixed_16_6_5_3_0_ap_fixed_10_1_4_0_0_linear_config10_s' (0#1) [/home/dabadjiev/smartpixels_ml_dsabadjiev/Muon_Collider_Smart_Pixels/eric/Results_June2026_99SigEff/model2.5_fin_results/model2_5_8bit_normalised_selected/pareto_primary/hls_outputs_vsynth/hls_model_trial_075/myproject_prj/solution1/syn/vhdl/myproject_linear_ap_fixed_16_6_5_3_0_ap_fixed_10_1_4_0_0_linear_config10_s.vhd:27]
INFO: [Synth 8-3491] module 'myproject_linear_ap_fixed_16_6_5_3_0_ap_fixed_10_1_4_0_0_linear_config11_s' declared at '/home/dabadjiev/smartpixels_ml_dsabadjiev/Muon_Collider_Smart_Pixels/eric/Results_June2026_99SigEff/model2.5_fin_results/model2_5_8bit_normalised_selected/pareto_primary/hls_outputs_vsynth/hls_model_trial_075/myproject_prj/solution1/syn/vhdl/myproject_linear_ap_fixed_16_6_5_3_0_ap_fixed_10_1_4_0_0_linear_config11_s.vhd:11' bound to instance 'linear_ap_fixed_16_6_5_3_0_ap_fixed_10_1_4_0_0_linear_config11_U0' of component 'myproject_linear_ap_fixed_16_6_5_3_0_ap_fixed_10_1_4_0_0_linear_config11_s' [/home/dabadjiev/smartpixels_ml_dsabadjiev/Muon_Collider_Smart_Pixels/eric/Results_June2026_99SigEff/model2.5_fin_results/model2_5_8bit_normalised_selected/pareto_primary/hls_outputs_vsynth/hls_model_trial_075/myproject_prj/solution1/syn/vhdl/myproject.vhd:4303]
INFO: [Synth 8-638] synthesizing module 'myproject_linear_ap_fixed_16_6_5_3_0_ap_fixed_10_1_4_0_0_linear_config11_s' [/home/dabadjiev/smartpixels_ml_dsabadjiev/Muon_Collider_Smart_Pixels/eric/Results_June2026_99SigEff/model2.5_fin_results/model2_5_8bit_normalised_selected/pareto_primary/hls_outputs_vsynth/hls_model_trial_075/myproject_prj/solution1/syn/vhdl/myproject_linear_ap_fixed_16_6_5_3_0_ap_fixed_10_1_4_0_0_linear_config11_s.vhd:27]
INFO: [Synth 8-256] done synthesizing module 'myproject_linear_ap_fixed_16_6_5_3_0_ap_fixed_10_1_4_0_0_linear_config11_s' (0#1) [/home/dabadjiev/smartpixels_ml_dsabadjiev/Muon_Collider_Smart_Pixels/eric/Results_June2026_99SigEff/model2.5_fin_results/model2_5_8bit_normalised_selected/pareto_primary/hls_outputs_vsynth/hls_model_trial_075/myproject_prj/solution1/syn/vhdl/myproject_linear_ap_fixed_16_6_5_3_0_ap_fixed_10_1_4_0_0_linear_config11_s.vhd:27]
INFO: [Synth 8-3491] module 'myproject_concatenate1d_ap_fixed_ap_fixed_ap_fixed_16_6_5_3_0_config12_s' declared at '/home/dabadjiev/smartpixels_ml_dsabadjiev/Muon_Collider_Smart_Pixels/eric/Results_June2026_99SigEff/model2.5_fin_results/model2_5_8bit_normalised_selected/pareto_primary/hls_outputs_vsynth/hls_model_trial_075/myproject_prj/solution1/syn/vhdl/myproject_concatenate1d_ap_fixed_ap_fixed_ap_fixed_16_6_5_3_0_config12_s.vhd:11' bound to instance 'concatenate1d_ap_fixed_ap_fixed_ap_fixed_16_6_5_3_0_config12_U0' of component 'myproject_concatenate1d_ap_fixed_ap_fixed_ap_fixed_16_6_5_3_0_config12_s' [/home/dabadjiev/smartpixels_ml_dsabadjiev/Muon_Collider_Smart_Pixels/eric/Results_June2026_99SigEff/model2.5_fin_results/model2_5_8bit_normalised_selected/pareto_primary/hls_outputs_vsynth/hls_model_trial_075/myproject_prj/solution1/syn/vhdl/myproject.vhd:4317]
INFO: [Synth 8-638] synthesizing module 'myproject_concatenate1d_ap_fixed_ap_fixed_ap_fixed_16_6_5_3_0_config12_s' [/home/dabadjiev/smartpixels_ml_dsabadjiev/Muon_Collider_Smart_Pixels/eric/Results_June2026_99SigEff/model2.5_fin_results/model2_5_8bit_normalised_selected/pareto_primary/hls_outputs_vsynth/hls_model_trial_075/myproject_prj/solution1/syn/vhdl/myproject_concatenate1d_ap_fixed_ap_fixed_ap_fixed_16_6_5_3_0_config12_s.vhd:94]
INFO: [Synth 8-256] done synthesizing module 'myproject_concatenate1d_ap_fixed_ap_fixed_ap_fixed_16_6_5_3_0_config12_s' (0#1) [/home/dabadjiev/smartpixels_ml_dsabadjiev/Muon_Collider_Smart_Pixels/eric/Results_June2026_99SigEff/model2.5_fin_results/model2_5_8bit_normalised_selected/pareto_primary/hls_outputs_vsynth/hls_model_trial_075/myproject_prj/solution1/syn/vhdl/myproject_concatenate1d_ap_fixed_ap_fixed_ap_fixed_16_6_5_3_0_config12_s.vhd:94]
INFO: [Synth 8-3491] module 'myproject_concatenate1d_ap_fixed_ap_fixed_ap_fixed_16_6_5_3_0_config13_s' declared at '/home/dabadjiev/smartpixels_ml_dsabadjiev/Muon_Collider_Smart_Pixels/eric/Results_June2026_99SigEff/model2.5_fin_results/model2_5_8bit_normalised_selected/pareto_primary/hls_outputs_vsynth/hls_model_trial_075/myproject_prj/solution1/syn/vhdl/myproject_concatenate1d_ap_fixed_ap_fixed_ap_fixed_16_6_5_3_0_config13_s.vhd:11' bound to instance 'concatenate1d_ap_fixed_ap_fixed_ap_fixed_16_6_5_3_0_config13_U0' of component 'myproject_concatenate1d_ap_fixed_ap_fixed_ap_fixed_16_6_5_3_0_config13_s' [/home/dabadjiev/smartpixels_ml_dsabadjiev/Muon_Collider_Smart_Pixels/eric/Results_June2026_99SigEff/model2.5_fin_results/model2_5_8bit_normalised_selected/pareto_primary/hls_outputs_vsynth/hls_model_trial_075/myproject_prj/solution1/syn/vhdl/myproject.vhd:4398]
INFO: [Synth 8-638] synthesizing module 'myproject_concatenate1d_ap_fixed_ap_fixed_ap_fixed_16_6_5_3_0_config13_s' [/home/dabadjiev/smartpixels_ml_dsabadjiev/Muon_Collider_Smart_Pixels/eric/Results_June2026_99SigEff/model2.5_fin_results/model2_5_8bit_normalised_selected/pareto_primary/hls_outputs_vsynth/hls_model_trial_075/myproject_prj/solution1/syn/vhdl/myproject_concatenate1d_ap_fixed_ap_fixed_ap_fixed_16_6_5_3_0_config13_s.vhd:28]
INFO: [Synth 8-256] done synthesizing module 'myproject_concatenate1d_ap_fixed_ap_fixed_ap_fixed_16_6_5_3_0_config13_s' (0#1) [/home/dabadjiev/smartpixels_ml_dsabadjiev/Muon_Collider_Smart_Pixels/eric/Results_June2026_99SigEff/model2.5_fin_results/model2_5_8bit_normalised_selected/pareto_primary/hls_outputs_vsynth/hls_model_trial_075/myproject_prj/solution1/syn/vhdl/myproject_concatenate1d_ap_fixed_ap_fixed_ap_fixed_16_6_5_3_0_config13_s.vhd:28]
INFO: [Synth 8-3491] module 'myproject_dense_resource_ap_fixed_16_6_5_3_0_ap_fixed_16_6_5_3_0_config14_s' declared at '/home/dabadjiev/smartpixels_ml_dsabadjiev/Muon_Collider_Smart_Pixels/eric/Results_June2026_99SigEff/model2.5_fin_results/model2_5_8bit_normalised_selected/pareto_primary/hls_outputs_vsynth/hls_model_trial_075/myproject_prj/solution1/syn/vhdl/myproject_dense_resource_ap_fixed_16_6_5_3_0_ap_fixed_16_6_5_3_0_config14_s.vhd:11' bound to instance 'dense_resource_ap_fixed_16_6_5_3_0_ap_fixed_16_6_5_3_0_config14_U0' of component 'myproject_dense_resource_ap_fixed_16_6_5_3_0_ap_fixed_16_6_5_3_0_config14_s' [/home/dabadjiev/smartpixels_ml_dsabadjiev/Muon_Collider_Smart_Pixels/eric/Results_June2026_99SigEff/model2.5_fin_results/model2_5_8bit_normalised_selected/pareto_primary/hls_outputs_vsynth/hls_model_trial_075/myproject_prj/solution1/syn/vhdl/myproject.vhd:4413]
INFO: [Synth 8-638] synthesizing module 'myproject_dense_resource_ap_fixed_16_6_5_3_0_ap_fixed_16_6_5_3_0_config14_s' [/home/dabadjiev/smartpixels_ml_dsabadjiev/Muon_Collider_Smart_Pixels/eric/Results_June2026_99SigEff/model2.5_fin_results/model2_5_8bit_normalised_selected/pareto_primary/hls_outputs_vsynth/hls_model_trial_075/myproject_prj/solution1/syn/vhdl/myproject_dense_resource_ap_fixed_16_6_5_3_0_ap_fixed_16_6_5_3_0_config14_s.vhd:160]
	Parameter ID bound to: 1 - type: integer 
	Parameter NUM_STAGE bound to: 1 - type: integer 
	Parameter CASE0 bound to: 3'b000 
	Parameter din0_WIDTH bound to: 11 - type: integer 
	Parameter CASE1 bound to: 3'b001 
	Parameter din1_WIDTH bound to: 11 - type: integer 
	Parameter CASE2 bound to: 3'b010 
	Parameter din2_WIDTH bound to: 11 - type: integer 
	Parameter CASE3 bound to: 3'b011 
	Parameter din3_WIDTH bound to: 11 - type: integer 
	Parameter CASE4 bound to: 3'b100 
	Parameter din4_WIDTH bound to: 11 - type: integer 
	Parameter CASE5 bound to: 3'b101 
	Parameter din5_WIDTH bound to: 11 - type: integer 
	Parameter CASE6 bound to: 3'b110 
	Parameter din6_WIDTH bound to: 11 - type: integer 
	Parameter def_WIDTH bound to: 11 - type: integer 
	Parameter sel_WIDTH bound to: 3 - type: integer 
	Parameter dout_WIDTH bound to: 11 - type: integer 
INFO: [Synth 8-3491] module 'myproject_sparsemux_15_3_11_1_1' declared at '/home/dabadjiev/smartpixels_ml_dsabadjiev/Muon_Collider_Smart_Pixels/eric/Results_June2026_99SigEff/model2.5_fin_results/model2_5_8bit_normalised_selected/pareto_primary/hls_outputs_vsynth/hls_model_trial_075/myproject_prj/solution1/syn/vhdl/myproject_sparsemux_15_3_11_1_1.vhd:12' bound to instance 'sparsemux_15_3_11_1_1_U77' of component 'myproject_sparsemux_15_3_11_1_1' [/home/dabadjiev/smartpixels_ml_dsabadjiev/Muon_Collider_Smart_Pixels/eric/Results_June2026_99SigEff/model2.5_fin_results/model2_5_8bit_normalised_selected/pareto_primary/hls_outputs_vsynth/hls_model_trial_075/myproject_prj/solution1/syn/vhdl/myproject_dense_resource_ap_fixed_16_6_5_3_0_ap_fixed_16_6_5_3_0_config14_s.vhd:3806]
INFO: [Synth 8-638] synthesizing module 'myproject_sparsemux_15_3_11_1_1' [/home/dabadjiev/smartpixels_ml_dsabadjiev/Muon_Collider_Smart_Pixels/eric/Results_June2026_99SigEff/model2.5_fin_results/model2_5_8bit_normalised_selected/pareto_primary/hls_outputs_vsynth/hls_model_trial_075/myproject_prj/solution1/syn/vhdl/myproject_sparsemux_15_3_11_1_1.vhd:73]
	Parameter din0_WIDTH bound to: 11 - type: integer 
	Parameter din1_WIDTH bound to: 11 - type: integer 
	Parameter din2_WIDTH bound to: 11 - type: integer 
	Parameter din3_WIDTH bound to: 11 - type: integer 
	Parameter din4_WIDTH bound to: 11 - type: integer 
	Parameter din5_WIDTH bound to: 11 - type: integer 
	Parameter din6_WIDTH bound to: 11 - type: integer 
	Parameter def_WIDTH bound to: 11 - type: integer 
	Parameter sel_WIDTH bound to: 3 - type: integer 
	Parameter dout_WIDTH bound to: 11 - type: integer 
	Parameter CASE0 bound to: 3'b000 
	Parameter CASE1 bound to: 3'b001 
	Parameter CASE2 bound to: 3'b010 
	Parameter CASE3 bound to: 3'b011 
	Parameter CASE4 bound to: 3'b100 
	Parameter CASE5 bound to: 3'b101 
	Parameter CASE6 bound to: 3'b110 
	Parameter ID bound to: 1 - type: integer 
	Parameter NUM_STAGE bound to: 1 - type: integer 
WARNING: [Synth 8-614] signal 'def' is read in the process but is not in the sensitivity list [/home/dabadjiev/smartpixels_ml_dsabadjiev/Muon_Collider_Smart_Pixels/eric/Results_June2026_99SigEff/model2.5_fin_results/model2_5_8bit_normalised_selected/pareto_primary/hls_outputs_vsynth/hls_model_trial_075/myproject_prj/solution1/syn/vhdl/myproject_sparsemux_15_3_11_1_1.vhd:79]
INFO: [Synth 8-256] done synthesizing module 'myproject_sparsemux_15_3_11_1_1' (0#1) [/home/dabadjiev/smartpixels_ml_dsabadjiev/Muon_Collider_Smart_Pixels/eric/Results_June2026_99SigEff/model2.5_fin_results/model2_5_8bit_normalised_selected/pareto_primary/hls_outputs_vsynth/hls_model_trial_075/myproject_prj/solution1/syn/vhdl/myproject_sparsemux_15_3_11_1_1.vhd:73]
	Parameter ID bound to: 1 - type: integer 
	Parameter NUM_STAGE bound to: 1 - type: integer 
	Parameter din0_WIDTH bound to: 11 - type: integer 
	Parameter din1_WIDTH bound to: 8 - type: integer 
	Parameter dout_WIDTH bound to: 19 - type: integer 
INFO: [Synth 8-3491] module 'myproject_mul_11s_8s_19_1_1' declared at '/home/dabadjiev/smartpixels_ml_dsabadjiev/Muon_Collider_Smart_Pixels/eric/Results_June2026_99SigEff/model2.5_fin_results/model2_5_8bit_normalised_selected/pareto_primary/hls_outputs_vsynth/hls_model_trial_075/myproject_prj/solution1/syn/vhdl/myproject_mul_11s_8s_19_1_1.vhd:7' bound to instance 'mul_11s_8s_19_1_1_U78' of component 'myproject_mul_11s_8s_19_1_1' [/home/dabadjiev/smartpixels_ml_dsabadjiev/Muon_Collider_Smart_Pixels/eric/Results_June2026_99SigEff/model2.5_fin_results/model2_5_8bit_normalised_selected/pareto_primary/hls_outputs_vsynth/hls_model_trial_075/myproject_prj/solution1/syn/vhdl/myproject_dense_resource_ap_fixed_16_6_5_3_0_ap_fixed_16_6_5_3_0_config14_s.vhd:3839]
INFO: [Synth 8-638] synthesizing module 'myproject_mul_11s_8s_19_1_1' [/home/dabadjiev/smartpixels_ml_dsabadjiev/Muon_Collider_Smart_Pixels/eric/Results_June2026_99SigEff/model2.5_fin_results/model2_5_8bit_normalised_selected/pareto_primary/hls_outputs_vsynth/hls_model_trial_075/myproject_prj/solution1/syn/vhdl/myproject_mul_11s_8s_19_1_1.vhd:26]
	Parameter ID bound to: 1 - type: integer 
	Parameter NUM_STAGE bound to: 1 - type: integer 
	Parameter din0_WIDTH bound to: 11 - type: integer 
	Parameter din1_WIDTH bound to: 8 - type: integer 
	Parameter dout_WIDTH bound to: 19 - type: integer 
INFO: [Synth 8-256] done synthesizing module 'myproject_mul_11s_8s_19_1_1' (0#1) [/home/dabadjiev/smartpixels_ml_dsabadjiev/Muon_Collider_Smart_Pixels/eric/Results_June2026_99SigEff/model2.5_fin_results/model2_5_8bit_normalised_selected/pareto_primary/hls_outputs_vsynth/hls_model_trial_075/myproject_prj/solution1/syn/vhdl/myproject_mul_11s_8s_19_1_1.vhd:26]
	Parameter ID bound to: 1 - type: integer 
	Parameter NUM_STAGE bound to: 1 - type: integer 
	Parameter CASE0 bound to: 3'b000 
	Parameter din0_WIDTH bound to: 11 - type: integer 
	Parameter CASE1 bound to: 3'b001 
	Parameter din1_WIDTH bound to: 11 - type: integer 
	Parameter CASE2 bound to: 3'b010 
	Parameter din2_WIDTH bound to: 11 - type: integer 
	Parameter CASE3 bound to: 3'b011 
	Parameter din3_WIDTH bound to: 11 - type: integer 
	Parameter CASE4 bound to: 3'b100 
	Parameter din4_WIDTH bound to: 11 - type: integer 
	Parameter CASE5 bound to: 3'b101 
	Parameter din5_WIDTH bound to: 11 - type: integer 
	Parameter CASE6 bound to: 3'b110 
	Parameter din6_WIDTH bound to: 11 - type: integer 
	Parameter def_WIDTH bound to: 11 - type: integer 
	Parameter sel_WIDTH bound to: 3 - type: integer 
	Parameter dout_WIDTH bound to: 11 - type: integer 
INFO: [Synth 8-3491] module 'myproject_sparsemux_15_3_11_1_1' declared at '/home/dabadjiev/smartpixels_ml_dsabadjiev/Muon_Collider_Smart_Pixels/eric/Results_June2026_99SigEff/model2.5_fin_results/model2_5_8bit_normalised_selected/pareto_primary/hls_outputs_vsynth/hls_model_trial_075/myproject_prj/solution1/syn/vhdl/myproject_sparsemux_15_3_11_1_1.vhd:12' bound to instance 'sparsemux_15_3_11_1_1_U79' of component 'myproject_sparsemux_15_3_11_1_1' [/home/dabadjiev/smartpixels_ml_dsabadjiev/Muon_Collider_Smart_Pixels/eric/Results_June2026_99SigEff/model2.5_fin_results/model2_5_8bit_normalised_selected/pareto_primary/hls_outputs_vsynth/hls_model_trial_075/myproject_prj/solution1/syn/vhdl/myproject_dense_resource_ap_fixed_16_6_5_3_0_ap_fixed_16_6_5_3_0_config14_s.vhd:3851]
	Parameter ID bound to: 1 - type: integer 
	Parameter NUM_STAGE bound to: 1 - type: integer 
	Parameter din0_WIDTH bound to: 11 - type: integer 
	Parameter din1_WIDTH bound to: 8 - type: integer 
	Parameter dout_WIDTH bound to: 19 - type: integer 
INFO: [Synth 8-3491] module 'myproject_mul_11s_8s_19_1_1' declared at '/home/dabadjiev/smartpixels_ml_dsabadjiev/Muon_Collider_Smart_Pixels/eric/Results_June2026_99SigEff/model2.5_fin_results/model2_5_8bit_normalised_selected/pareto_primary/hls_outputs_vsynth/hls_model_trial_075/myproject_prj/solution1/syn/vhdl/myproject_mul_11s_8s_19_1_1.vhd:7' bound to instance 'mul_11s_8s_19_1_1_U80' of component 'myproject_mul_11s_8s_19_1_1' [/home/dabadjiev/smartpixels_ml_dsabadjiev/Muon_Collider_Smart_Pixels/eric/Results_June2026_99SigEff/model2.5_fin_results/model2_5_8bit_normalised_selected/pareto_primary/hls_outputs_vsynth/hls_model_trial_075/myproject_prj/solution1/syn/vhdl/myproject_dense_resource_ap_fixed_16_6_5_3_0_ap_fixed_16_6_5_3_0_config14_s.vhd:3884]
	Parameter ID bound to: 1 - type: integer 
	Parameter NUM_STAGE bound to: 1 - type: integer 
	Parameter CASE0 bound to: 3'b000 
	Parameter din0_WIDTH bound to: 11 - type: integer 
	Parameter CASE1 bound to: 3'b001 
	Parameter din1_WIDTH bound to: 11 - type: integer 
	Parameter CASE2 bound to: 3'b010 
	Parameter din2_WIDTH bound to: 11 - type: integer 
	Parameter CASE3 bound to: 3'b011 
	Parameter din3_WIDTH bound to: 11 - type: integer 
	Parameter CASE4 bound to: 3'b100 
	Parameter din4_WIDTH bound to: 11 - type: integer 
	Parameter CASE5 bound to: 3'b101 
	Parameter din5_WIDTH bound to: 11 - type: integer 
	Parameter CASE6 bound to: 3'b110 
	Parameter din6_WIDTH bound to: 11 - type: integer 
	Parameter def_WIDTH bound to: 11 - type: integer 
	Parameter sel_WIDTH bound to: 3 - type: integer 
	Parameter dout_WIDTH bound to: 11 - type: integer 
INFO: [Synth 8-3491] module 'myproject_sparsemux_15_3_11_1_1' declared at '/home/dabadjiev/smartpixels_ml_dsabadjiev/Muon_Collider_Smart_Pixels/eric/Results_June2026_99SigEff/model2.5_fin_results/model2_5_8bit_normalised_selected/pareto_primary/hls_outputs_vsynth/hls_model_trial_075/myproject_prj/solution1/syn/vhdl/myproject_sparsemux_15_3_11_1_1.vhd:12' bound to instance 'sparsemux_15_3_11_1_1_U81' of component 'myproject_sparsemux_15_3_11_1_1' [/home/dabadjiev/smartpixels_ml_dsabadjiev/Muon_Collider_Smart_Pixels/eric/Results_June2026_99SigEff/model2.5_fin_results/model2_5_8bit_normalised_selected/pareto_primary/hls_outputs_vsynth/hls_model_trial_075/myproject_prj/solution1/syn/vhdl/myproject_dense_resource_ap_fixed_16_6_5_3_0_ap_fixed_16_6_5_3_0_config14_s.vhd:3896]
	Parameter ID bound to: 1 - type: integer 
	Parameter NUM_STAGE bound to: 1 - type: integer 
	Parameter CASE0 bound to: 3'b000 
	Parameter din0_WIDTH bound to: 11 - type: integer 
	Parameter CASE1 bound to: 3'b001 
	Parameter din1_WIDTH bound to: 11 - type: integer 
	Parameter CASE2 bound to: 3'b010 
	Parameter din2_WIDTH bound to: 11 - type: integer 
	Parameter CASE3 bound to: 3'b011 
	Parameter din3_WIDTH bound to: 11 - type: integer 
	Parameter CASE4 bound to: 3'b100 
	Parameter din4_WIDTH bound to: 11 - type: integer 
	Parameter CASE5 bound to: 3'b101 
	Parameter din5_WIDTH bound to: 11 - type: integer 
	Parameter CASE6 bound to: 3'b110 
	Parameter din6_WIDTH bound to: 11 - type: integer 
	Parameter def_WIDTH bound to: 11 - type: integer 
	Parameter sel_WIDTH bound to: 3 - type: integer 
	Parameter dout_WIDTH bound to: 11 - type: integer 
INFO: [Synth 8-3491] module 'myproject_sparsemux_15_3_11_1_1' declared at '/home/dabadjiev/smartpixels_ml_dsabadjiev/Muon_Collider_Smart_Pixels/eric/Results_June2026_99SigEff/model2.5_fin_results/model2_5_8bit_normalised_selected/pareto_primary/hls_outputs_vsynth/hls_model_trial_075/myproject_prj/solution1/syn/vhdl/myproject_sparsemux_15_3_11_1_1.vhd:12' bound to instance 'sparsemux_15_3_11_1_1_U82' of component 'myproject_sparsemux_15_3_11_1_1' [/home/dabadjiev/smartpixels_ml_dsabadjiev/Muon_Collider_Smart_Pixels/eric/Results_June2026_99SigEff/model2.5_fin_results/model2_5_8bit_normalised_selected/pareto_primary/hls_outputs_vsynth/hls_model_trial_075/myproject_prj/solution1/syn/vhdl/myproject_dense_resource_ap_fixed_16_6_5_3_0_ap_fixed_16_6_5_3_0_config14_s.vhd:3929]
	Parameter ID bound to: 1 - type: integer 
	Parameter NUM_STAGE bound to: 1 - type: integer 
	Parameter CASE0 bound to: 3'b000 
	Parameter din0_WIDTH bound to: 11 - type: integer 
	Parameter CASE1 bound to: 3'b001 
	Parameter din1_WIDTH bound to: 11 - type: integer 
	Parameter CASE2 bound to: 3'b010 
	Parameter din2_WIDTH bound to: 11 - type: integer 
	Parameter CASE3 bound to: 3'b011 
	Parameter din3_WIDTH bound to: 11 - type: integer 
	Parameter CASE4 bound to: 3'b100 
	Parameter din4_WIDTH bound to: 11 - type: integer 
	Parameter CASE5 bound to: 3'b101 
	Parameter din5_WIDTH bound to: 11 - type: integer 
	Parameter CASE6 bound to: 3'b110 
	Parameter din6_WIDTH bound to: 11 - type: integer 
	Parameter def_WIDTH bound to: 11 - type: integer 
	Parameter sel_WIDTH bound to: 3 - type: integer 
	Parameter dout_WIDTH bound to: 11 - type: integer 
INFO: [Synth 8-3491] module 'myproject_sparsemux_15_3_11_1_1' declared at '/home/dabadjiev/smartpixels_ml_dsabadjiev/Muon_Collider_Smart_Pixels/eric/Results_June2026_99SigEff/model2.5_fin_results/model2_5_8bit_normalised_selected/pareto_primary/hls_outputs_vsynth/hls_model_trial_075/myproject_prj/solution1/syn/vhdl/myproject_sparsemux_15_3_11_1_1.vhd:12' bound to instance 'sparsemux_15_3_11_1_1_U83' of component 'myproject_sparsemux_15_3_11_1_1' [/home/dabadjiev/smartpixels_ml_dsabadjiev/Muon_Collider_Smart_Pixels/eric/Results_June2026_99SigEff/model2.5_fin_results/model2_5_8bit_normalised_selected/pareto_primary/hls_outputs_vsynth/hls_model_trial_075/myproject_prj/solution1/syn/vhdl/myproject_dense_resource_ap_fixed_16_6_5_3_0_ap_fixed_16_6_5_3_0_config14_s.vhd:3962]
	Parameter ID bound to: 1 - type: integer 
	Parameter NUM_STAGE bound to: 1 - type: integer 
	Parameter din0_WIDTH bound to: 11 - type: integer 
	Parameter din1_WIDTH bound to: 8 - type: integer 
	Parameter dout_WIDTH bound to: 19 - type: integer 
INFO: [Synth 8-3491] module 'myproject_mul_11s_8s_19_1_1' declared at '/home/dabadjiev/smartpixels_ml_dsabadjiev/Muon_Collider_Smart_Pixels/eric/Results_June2026_99SigEff/model2.5_fin_results/model2_5_8bit_normalised_selected/pareto_primary/hls_outputs_vsynth/hls_model_trial_075/myproject_prj/solution1/syn/vhdl/myproject_mul_11s_8s_19_1_1.vhd:7' bound to instance 'mul_11s_8s_19_1_1_U84' of component 'myproject_mul_11s_8s_19_1_1' [/home/dabadjiev/smartpixels_ml_dsabadjiev/Muon_Collider_Smart_Pixels/eric/Results_June2026_99SigEff/model2.5_fin_results/model2_5_8bit_normalised_selected/pareto_primary/hls_outputs_vsynth/hls_model_trial_075/myproject_prj/solution1/syn/vhdl/myproject_dense_resource_ap_fixed_16_6_5_3_0_ap_fixed_16_6_5_3_0_config14_s.vhd:3995]
	Parameter ID bound to: 1 - type: integer 
	Parameter NUM_STAGE bound to: 1 - type: integer 
	Parameter din0_WIDTH bound to: 11 - type: integer 
	Parameter din1_WIDTH bound to: 8 - type: integer 
	Parameter dout_WIDTH bound to: 19 - type: integer 
INFO: [Synth 8-3491] module 'myproject_mul_11s_8s_19_1_1' declared at '/home/dabadjiev/smartpixels_ml_dsabadjiev/Muon_Collider_Smart_Pixels/eric/Results_June2026_99SigEff/model2.5_fin_results/model2_5_8bit_normalised_selected/pareto_primary/hls_outputs_vsynth/hls_model_trial_075/myproject_prj/solution1/syn/vhdl/myproject_mul_11s_8s_19_1_1.vhd:7' bound to instance 'mul_11s_8s_19_1_1_U85' of component 'myproject_mul_11s_8s_19_1_1' [/home/dabadjiev/smartpixels_ml_dsabadjiev/Muon_Collider_Smart_Pixels/eric/Results_June2026_99SigEff/model2.5_fin_results/model2_5_8bit_normalised_selected/pareto_primary/hls_outputs_vsynth/hls_model_trial_075/myproject_prj/solution1/syn/vhdl/myproject_dense_resource_ap_fixed_16_6_5_3_0_ap_fixed_16_6_5_3_0_config14_s.vhd:4007]
	Parameter ID bound to: 1 - type: integer 
	Parameter NUM_STAGE bound to: 1 - type: integer 
	Parameter din0_WIDTH bound to: 11 - type: integer 
	Parameter din1_WIDTH bound to: 8 - type: integer 
	Parameter dout_WIDTH bound to: 19 - type: integer 
INFO: [Synth 8-3491] module 'myproject_mul_11s_8s_19_1_1' declared at '/home/dabadjiev/smartpixels_ml_dsabadjiev/Muon_Collider_Smart_Pixels/eric/Results_June2026_99SigEff/model2.5_fin_results/model2_5_8bit_normalised_selected/pareto_primary/hls_outputs_vsynth/hls_model_trial_075/myproject_prj/solution1/syn/vhdl/myproject_mul_11s_8s_19_1_1.vhd:7' bound to instance 'mul_11s_8s_19_1_1_U86' of component 'myproject_mul_11s_8s_19_1_1' [/home/dabadjiev/smartpixels_ml_dsabadjiev/Muon_Collider_Smart_Pixels/eric/Results_June2026_99SigEff/model2.5_fin_results/model2_5_8bit_normalised_selected/pareto_primary/hls_outputs_vsynth/hls_model_trial_075/myproject_prj/solution1/syn/vhdl/myproject_dense_resource_ap_fixed_16_6_5_3_0_ap_fixed_16_6_5_3_0_config14_s.vhd:4019]
	Parameter ID bound to: 1 - type: integer 
	Parameter NUM_STAGE bound to: 1 - type: integer 
	Parameter din0_WIDTH bound to: 11 - type: integer 
	Parameter din1_WIDTH bound to: 8 - type: integer 
	Parameter dout_WIDTH bound to: 19 - type: integer 
INFO: [Synth 8-3491] module 'myproject_mul_11s_8s_19_1_1' declared at '/home/dabadjiev/smartpixels_ml_dsabadjiev/Muon_Collider_Smart_Pixels/eric/Results_June2026_99SigEff/model2.5_fin_results/model2_5_8bit_normalised_selected/pareto_primary/hls_outputs_vsynth/hls_model_trial_075/myproject_prj/solution1/syn/vhdl/myproject_mul_11s_8s_19_1_1.vhd:7' bound to instance 'mul_11s_8s_19_1_1_U87' of component 'myproject_mul_11s_8s_19_1_1' [/home/dabadjiev/smartpixels_ml_dsabadjiev/Muon_Collider_Smart_Pixels/eric/Results_June2026_99SigEff/model2.5_fin_results/model2_5_8bit_normalised_selected/pareto_primary/hls_outputs_vsynth/hls_model_trial_075/myproject_prj/solution1/syn/vhdl/myproject_dense_resource_ap_fixed_16_6_5_3_0_ap_fixed_16_6_5_3_0_config14_s.vhd:4031]
	Parameter ID bound to: 1 - type: integer 
	Parameter NUM_STAGE bound to: 1 - type: integer 
	Parameter din0_WIDTH bound to: 11 - type: integer 
	Parameter din1_WIDTH bound to: 8 - type: integer 
	Parameter dout_WIDTH bound to: 19 - type: integer 
INFO: [Synth 8-3491] module 'myproject_mul_11s_8s_19_1_1' declared at '/home/dabadjiev/smartpixels_ml_dsabadjiev/Muon_Collider_Smart_Pixels/eric/Results_June2026_99SigEff/model2.5_fin_results/model2_5_8bit_normalised_selected/pareto_primary/hls_outputs_vsynth/hls_model_trial_075/myproject_prj/solution1/syn/vhdl/myproject_mul_11s_8s_19_1_1.vhd:7' bound to instance 'mul_11s_8s_19_1_1_U88' of component 'myproject_mul_11s_8s_19_1_1' [/home/dabadjiev/smartpixels_ml_dsabadjiev/Muon_Collider_Smart_Pixels/eric/Results_June2026_99SigEff/model2.5_fin_results/model2_5_8bit_normalised_selected/pareto_primary/hls_outputs_vsynth/hls_model_trial_075/myproject_prj/solution1/syn/vhdl/myproject_dense_resource_ap_fixed_16_6_5_3_0_ap_fixed_16_6_5_3_0_config14_s.vhd:4043]
	Parameter ID bound to: 1 - type: integer 
	Parameter NUM_STAGE bound to: 1 - type: integer 
	Parameter din0_WIDTH bound to: 11 - type: integer 
	Parameter din1_WIDTH bound to: 8 - type: integer 
	Parameter dout_WIDTH bound to: 19 - type: integer 
INFO: [Synth 8-3491] module 'myproject_mul_11s_8s_19_1_1' declared at '/home/dabadjiev/smartpixels_ml_dsabadjiev/Muon_Collider_Smart_Pixels/eric/Results_June2026_99SigEff/model2.5_fin_results/model2_5_8bit_normalised_selected/pareto_primary/hls_outputs_vsynth/hls_model_trial_075/myproject_prj/solution1/syn/vhdl/myproject_mul_11s_8s_19_1_1.vhd:7' bound to instance 'mul_11s_8s_19_1_1_U89' of component 'myproject_mul_11s_8s_19_1_1' [/home/dabadjiev/smartpixels_ml_dsabadjiev/Muon_Collider_Smart_Pixels/eric/Results_June2026_99SigEff/model2.5_fin_results/model2_5_8bit_normalised_selected/pareto_primary/hls_outputs_vsynth/hls_model_trial_075/myproject_prj/solution1/syn/vhdl/myproject_dense_resource_ap_fixed_16_6_5_3_0_ap_fixed_16_6_5_3_0_config14_s.vhd:4055]
	Parameter ID bound to: 1 - type: integer 
	Parameter NUM_STAGE bound to: 1 - type: integer 
	Parameter din0_WIDTH bound to: 11 - type: integer 
	Parameter din1_WIDTH bound to: 8 - type: integer 
	Parameter dout_WIDTH bound to: 19 - type: integer 
INFO: [Synth 8-3491] module 'myproject_mul_11s_8s_19_1_1' declared at '/home/dabadjiev/smartpixels_ml_dsabadjiev/Muon_Collider_Smart_Pixels/eric/Results_June2026_99SigEff/model2.5_fin_results/model2_5_8bit_normalised_selected/pareto_primary/hls_outputs_vsynth/hls_model_trial_075/myproject_prj/solution1/syn/vhdl/myproject_mul_11s_8s_19_1_1.vhd:7' bound to instance 'mul_11s_8s_19_1_1_U90' of component 'myproject_mul_11s_8s_19_1_1' [/home/dabadjiev/smartpixels_ml_dsabadjiev/Muon_Collider_Smart_Pixels/eric/Results_June2026_99SigEff/model2.5_fin_results/model2_5_8bit_normalised_selected/pareto_primary/hls_outputs_vsynth/hls_model_trial_075/myproject_prj/solution1/syn/vhdl/myproject_dense_resource_ap_fixed_16_6_5_3_0_ap_fixed_16_6_5_3_0_config14_s.vhd:4067]
	Parameter ID bound to: 1 - type: integer 
	Parameter NUM_STAGE bound to: 1 - type: integer 
	Parameter din0_WIDTH bound to: 11 - type: integer 
	Parameter din1_WIDTH bound to: 8 - type: integer 
	Parameter dout_WIDTH bound to: 19 - type: integer 
INFO: [Synth 8-3491] module 'myproject_mul_11s_8s_19_1_1' declared at '/home/dabadjiev/smartpixels_ml_dsabadjiev/Muon_Collider_Smart_Pixels/eric/Results_June2026_99SigEff/model2.5_fin_results/model2_5_8bit_normalised_selected/pareto_primary/hls_outputs_vsynth/hls_model_trial_075/myproject_prj/solution1/syn/vhdl/myproject_mul_11s_8s_19_1_1.vhd:7' bound to instance 'mul_11s_8s_19_1_1_U91' of component 'myproject_mul_11s_8s_19_1_1' [/home/dabadjiev/smartpixels_ml_dsabadjiev/Muon_Collider_Smart_Pixels/eric/Results_June2026_99SigEff/model2.5_fin_results/model2_5_8bit_normalised_selected/pareto_primary/hls_outputs_vsynth/hls_model_trial_075/myproject_prj/solution1/syn/vhdl/myproject_dense_resource_ap_fixed_16_6_5_3_0_ap_fixed_16_6_5_3_0_config14_s.vhd:4079]
	Parameter ID bound to: 1 - type: integer 
	Parameter NUM_STAGE bound to: 1 - type: integer 
	Parameter din0_WIDTH bound to: 11 - type: integer 
	Parameter din1_WIDTH bound to: 8 - type: integer 
	Parameter dout_WIDTH bound to: 19 - type: integer 
INFO: [Synth 8-3491] module 'myproject_mul_11s_8s_19_1_1' declared at '/home/dabadjiev/smartpixels_ml_dsabadjiev/Muon_Collider_Smart_Pixels/eric/Results_June2026_99SigEff/model2.5_fin_results/model2_5_8bit_normalised_selected/pareto_primary/hls_outputs_vsynth/hls_model_trial_075/myproject_prj/solution1/syn/vhdl/myproject_mul_11s_8s_19_1_1.vhd:7' bound to instance 'mul_11s_8s_19_1_1_U92' of component 'myproject_mul_11s_8s_19_1_1' [/home/dabadjiev/smartpixels_ml_dsabadjiev/Muon_Collider_Smart_Pixels/eric/Results_June2026_99SigEff/model2.5_fin_results/model2_5_8bit_normalised_selected/pareto_primary/hls_outputs_vsynth/hls_model_trial_075/myproject_prj/solution1/syn/vhdl/myproject_dense_resource_ap_fixed_16_6_5_3_0_ap_fixed_16_6_5_3_0_config14_s.vhd:4091]
	Parameter ID bound to: 1 - type: integer 
	Parameter NUM_STAGE bound to: 1 - type: integer 
	Parameter din0_WIDTH bound to: 11 - type: integer 
	Parameter din1_WIDTH bound to: 8 - type: integer 
	Parameter dout_WIDTH bound to: 19 - type: integer 
INFO: [Synth 8-3491] module 'myproject_mul_11s_8s_19_1_1' declared at '/home/dabadjiev/smartpixels_ml_dsabadjiev/Muon_Collider_Smart_Pixels/eric/Results_June2026_99SigEff/model2.5_fin_results/model2_5_8bit_normalised_selected/pareto_primary/hls_outputs_vsynth/hls_model_trial_075/myproject_prj/solution1/syn/vhdl/myproject_mul_11s_8s_19_1_1.vhd:7' bound to instance 'mul_11s_8s_19_1_1_U93' of component 'myproject_mul_11s_8s_19_1_1' [/home/dabadjiev/smartpixels_ml_dsabadjiev/Muon_Collider_Smart_Pixels/eric/Results_June2026_99SigEff/model2.5_fin_results/model2_5_8bit_normalised_selected/pareto_primary/hls_outputs_vsynth/hls_model_trial_075/myproject_prj/solution1/syn/vhdl/myproject_dense_resource_ap_fixed_16_6_5_3_0_ap_fixed_16_6_5_3_0_config14_s.vhd:4103]
	Parameter ID bound to: 1 - type: integer 
	Parameter NUM_STAGE bound to: 1 - type: integer 
	Parameter din0_WIDTH bound to: 11 - type: integer 
	Parameter din1_WIDTH bound to: 8 - type: integer 
	Parameter dout_WIDTH bound to: 19 - type: integer 
INFO: [Synth 8-3491] module 'myproject_mul_11s_8s_19_1_1' declared at '/home/dabadjiev/smartpixels_ml_dsabadjiev/Muon_Collider_Smart_Pixels/eric/Results_June2026_99SigEff/model2.5_fin_results/model2_5_8bit_normalised_selected/pareto_primary/hls_outputs_vsynth/hls_model_trial_075/myproject_prj/solution1/syn/vhdl/myproject_mul_11s_8s_19_1_1.vhd:7' bound to instance 'mul_11s_8s_19_1_1_U94' of component 'myproject_mul_11s_8s_19_1_1' [/home/dabadjiev/smartpixels_ml_dsabadjiev/Muon_Collider_Smart_Pixels/eric/Results_June2026_99SigEff/model2.5_fin_results/model2_5_8bit_normalised_selected/pareto_primary/hls_outputs_vsynth/hls_model_trial_075/myproject_prj/solution1/syn/vhdl/myproject_dense_resource_ap_fixed_16_6_5_3_0_ap_fixed_16_6_5_3_0_config14_s.vhd:4115]
	Parameter ID bound to: 1 - type: integer 
	Parameter NUM_STAGE bound to: 1 - type: integer 
	Parameter din0_WIDTH bound to: 11 - type: integer 
	Parameter din1_WIDTH bound to: 8 - type: integer 
	Parameter dout_WIDTH bound to: 19 - type: integer 
INFO: [Synth 8-3491] module 'myproject_mul_11s_8s_19_1_1' declared at '/home/dabadjiev/smartpixels_ml_dsabadjiev/Muon_Collider_Smart_Pixels/eric/Results_June2026_99SigEff/model2.5_fin_results/model2_5_8bit_normalised_selected/pareto_primary/hls_outputs_vsynth/hls_model_trial_075/myproject_prj/solution1/syn/vhdl/myproject_mul_11s_8s_19_1_1.vhd:7' bound to instance 'mul_11s_8s_19_1_1_U95' of component 'myproject_mul_11s_8s_19_1_1' [/home/dabadjiev/smartpixels_ml_dsabadjiev/Muon_Collider_Smart_Pixels/eric/Results_June2026_99SigEff/model2.5_fin_results/model2_5_8bit_normalised_selected/pareto_primary/hls_outputs_vsynth/hls_model_trial_075/myproject_prj/solution1/syn/vhdl/myproject_dense_resource_ap_fixed_16_6_5_3_0_ap_fixed_16_6_5_3_0_config14_s.vhd:4127]
	Parameter ID bound to: 1 - type: integer 
	Parameter NUM_STAGE bound to: 1 - type: integer 
	Parameter din0_WIDTH bound to: 11 - type: integer 
	Parameter din1_WIDTH bound to: 8 - type: integer 
	Parameter dout_WIDTH bound to: 19 - type: integer 
INFO: [Synth 8-3491] module 'myproject_mul_11s_8s_19_1_1' declared at '/home/dabadjiev/smartpixels_ml_dsabadjiev/Muon_Collider_Smart_Pixels/eric/Results_June2026_99SigEff/model2.5_fin_results/model2_5_8bit_normalised_selected/pareto_primary/hls_outputs_vsynth/hls_model_trial_075/myproject_prj/solution1/syn/vhdl/myproject_mul_11s_8s_19_1_1.vhd:7' bound to instance 'mul_11s_8s_19_1_1_U96' of component 'myproject_mul_11s_8s_19_1_1' [/home/dabadjiev/smartpixels_ml_dsabadjiev/Muon_Collider_Smart_Pixels/eric/Results_June2026_99SigEff/model2.5_fin_results/model2_5_8bit_normalised_selected/pareto_primary/hls_outputs_vsynth/hls_model_trial_075/myproject_prj/solution1/syn/vhdl/myproject_dense_resource_ap_fixed_16_6_5_3_0_ap_fixed_16_6_5_3_0_config14_s.vhd:4139]
	Parameter ID bound to: 1 - type: integer 
	Parameter NUM_STAGE bound to: 1 - type: integer 
	Parameter din0_WIDTH bound to: 11 - type: integer 
	Parameter din1_WIDTH bound to: 8 - type: integer 
	Parameter dout_WIDTH bound to: 19 - type: integer 
INFO: [Synth 8-3491] module 'myproject_mul_11s_8s_19_1_1' declared at '/home/dabadjiev/smartpixels_ml_dsabadjiev/Muon_Collider_Smart_Pixels/eric/Results_June2026_99SigEff/model2.5_fin_results/model2_5_8bit_normalised_selected/pareto_primary/hls_outputs_vsynth/hls_model_trial_075/myproject_prj/solution1/syn/vhdl/myproject_mul_11s_8s_19_1_1.vhd:7' bound to instance 'mul_11s_8s_19_1_1_U97' of component 'myproject_mul_11s_8s_19_1_1' [/home/dabadjiev/smartpixels_ml_dsabadjiev/Muon_Collider_Smart_Pixels/eric/Results_June2026_99SigEff/model2.5_fin_results/model2_5_8bit_normalised_selected/pareto_primary/hls_outputs_vsynth/hls_model_trial_075/myproject_prj/solution1/syn/vhdl/myproject_dense_resource_ap_fixed_16_6_5_3_0_ap_fixed_16_6_5_3_0_config14_s.vhd:4151]
	Parameter ID bound to: 1 - type: integer 
	Parameter NUM_STAGE bound to: 1 - type: integer 
	Parameter din0_WIDTH bound to: 11 - type: integer 
	Parameter din1_WIDTH bound to: 8 - type: integer 
	Parameter dout_WIDTH bound to: 19 - type: integer 
INFO: [Synth 8-3491] module 'myproject_mul_11s_8s_19_1_1' declared at '/home/dabadjiev/smartpixels_ml_dsabadjiev/Muon_Collider_Smart_Pixels/eric/Results_June2026_99SigEff/model2.5_fin_results/model2_5_8bit_normalised_selected/pareto_primary/hls_outputs_vsynth/hls_model_trial_075/myproject_prj/solution1/syn/vhdl/myproject_mul_11s_8s_19_1_1.vhd:7' bound to instance 'mul_11s_8s_19_1_1_U98' of component 'myproject_mul_11s_8s_19_1_1' [/home/dabadjiev/smartpixels_ml_dsabadjiev/Muon_Collider_Smart_Pixels/eric/Results_June2026_99SigEff/model2.5_fin_results/model2_5_8bit_normalised_selected/pareto_primary/hls_outputs_vsynth/hls_model_trial_075/myproject_prj/solution1/syn/vhdl/myproject_dense_resource_ap_fixed_16_6_5_3_0_ap_fixed_16_6_5_3_0_config14_s.vhd:4163]
	Parameter ID bound to: 1 - type: integer 
	Parameter NUM_STAGE bound to: 1 - type: integer 
	Parameter din0_WIDTH bound to: 11 - type: integer 
	Parameter din1_WIDTH bound to: 8 - type: integer 
	Parameter dout_WIDTH bound to: 19 - type: integer 
INFO: [Synth 8-3491] module 'myproject_mul_11s_8s_19_1_1' declared at '/home/dabadjiev/smartpixels_ml_dsabadjiev/Muon_Collider_Smart_Pixels/eric/Results_June2026_99SigEff/model2.5_fin_results/model2_5_8bit_normalised_selected/pareto_primary/hls_outputs_vsynth/hls_model_trial_075/myproject_prj/solution1/syn/vhdl/myproject_mul_11s_8s_19_1_1.vhd:7' bound to instance 'mul_11s_8s_19_1_1_U99' of component 'myproject_mul_11s_8s_19_1_1' [/home/dabadjiev/smartpixels_ml_dsabadjiev/Muon_Collider_Smart_Pixels/eric/Results_June2026_99SigEff/model2.5_fin_results/model2_5_8bit_normalised_selected/pareto_primary/hls_outputs_vsynth/hls_model_trial_075/myproject_prj/solution1/syn/vhdl/myproject_dense_resource_ap_fixed_16_6_5_3_0_ap_fixed_16_6_5_3_0_config14_s.vhd:4175]
	Parameter ID bound to: 1 - type: integer 
	Parameter NUM_STAGE bound to: 1 - type: integer 
	Parameter din0_WIDTH bound to: 11 - type: integer 
	Parameter din1_WIDTH bound to: 8 - type: integer 
	Parameter dout_WIDTH bound to: 19 - type: integer 
INFO: [Synth 8-3491] module 'myproject_mul_11s_8s_19_1_1' declared at '/home/dabadjiev/smartpixels_ml_dsabadjiev/Muon_Collider_Smart_Pixels/eric/Results_June2026_99SigEff/model2.5_fin_results/model2_5_8bit_normalised_selected/pareto_primary/hls_outputs_vsynth/hls_model_trial_075/myproject_prj/solution1/syn/vhdl/myproject_mul_11s_8s_19_1_1.vhd:7' bound to instance 'mul_11s_8s_19_1_1_U100' of component 'myproject_mul_11s_8s_19_1_1' [/home/dabadjiev/smartpixels_ml_dsabadjiev/Muon_Collider_Smart_Pixels/eric/Results_June2026_99SigEff/model2.5_fin_results/model2_5_8bit_normalised_selected/pareto_primary/hls_outputs_vsynth/hls_model_trial_075/myproject_prj/solution1/syn/vhdl/myproject_dense_resource_ap_fixed_16_6_5_3_0_ap_fixed_16_6_5_3_0_config14_s.vhd:4187]
	Parameter ID bound to: 1 - type: integer 
	Parameter NUM_STAGE bound to: 1 - type: integer 
	Parameter din0_WIDTH bound to: 11 - type: integer 
	Parameter din1_WIDTH bound to: 8 - type: integer 
	Parameter dout_WIDTH bound to: 19 - type: integer 
INFO: [Synth 8-3491] module 'myproject_mul_11s_8s_19_1_1' declared at '/home/dabadjiev/smartpixels_ml_dsabadjiev/Muon_Collider_Smart_Pixels/eric/Results_June2026_99SigEff/model2.5_fin_results/model2_5_8bit_normalised_selected/pareto_primary/hls_outputs_vsynth/hls_model_trial_075/myproject_prj/solution1/syn/vhdl/myproject_mul_11s_8s_19_1_1.vhd:7' bound to instance 'mul_11s_8s_19_1_1_U101' of component 'myproject_mul_11s_8s_19_1_1' [/home/dabadjiev/smartpixels_ml_dsabadjiev/Muon_Collider_Smart_Pixels/eric/Results_June2026_99SigEff/model2.5_fin_results/model2_5_8bit_normalised_selected/pareto_primary/hls_outputs_vsynth/hls_model_trial_075/myproject_prj/solution1/syn/vhdl/myproject_dense_resource_ap_fixed_16_6_5_3_0_ap_fixed_16_6_5_3_0_config14_s.vhd:4199]
	Parameter ID bound to: 1 - type: integer 
	Parameter NUM_STAGE bound to: 1 - type: integer 
	Parameter din0_WIDTH bound to: 11 - type: integer 
	Parameter din1_WIDTH bound to: 8 - type: integer 
	Parameter dout_WIDTH bound to: 19 - type: integer 
INFO: [Synth 8-3491] module 'myproject_mul_11s_8s_19_1_1' declared at '/home/dabadjiev/smartpixels_ml_dsabadjiev/Muon_Collider_Smart_Pixels/eric/Results_June2026_99SigEff/model2.5_fin_results/model2_5_8bit_normalised_selected/pareto_primary/hls_outputs_vsynth/hls_model_trial_075/myproject_prj/solution1/syn/vhdl/myproject_mul_11s_8s_19_1_1.vhd:7' bound to instance 'mul_11s_8s_19_1_1_U102' of component 'myproject_mul_11s_8s_19_1_1' [/home/dabadjiev/smartpixels_ml_dsabadjiev/Muon_Collider_Smart_Pixels/eric/Results_June2026_99SigEff/model2.5_fin_results/model2_5_8bit_normalised_selected/pareto_primary/hls_outputs_vsynth/hls_model_trial_075/myproject_prj/solution1/syn/vhdl/myproject_dense_resource_ap_fixed_16_6_5_3_0_ap_fixed_16_6_5_3_0_config14_s.vhd:4211]
	Parameter ID bound to: 1 - type: integer 
	Parameter NUM_STAGE bound to: 1 - type: integer 
	Parameter din0_WIDTH bound to: 11 - type: integer 
	Parameter din1_WIDTH bound to: 8 - type: integer 
	Parameter dout_WIDTH bound to: 19 - type: integer 
INFO: [Synth 8-3491] module 'myproject_mul_11s_8s_19_1_1' declared at '/home/dabadjiev/smartpixels_ml_dsabadjiev/Muon_Collider_Smart_Pixels/eric/Results_June2026_99SigEff/model2.5_fin_results/model2_5_8bit_normalised_selected/pareto_primary/hls_outputs_vsynth/hls_model_trial_075/myproject_prj/solution1/syn/vhdl/myproject_mul_11s_8s_19_1_1.vhd:7' bound to instance 'mul_11s_8s_19_1_1_U103' of component 'myproject_mul_11s_8s_19_1_1' [/home/dabadjiev/smartpixels_ml_dsabadjiev/Muon_Collider_Smart_Pixels/eric/Results_June2026_99SigEff/model2.5_fin_results/model2_5_8bit_normalised_selected/pareto_primary/hls_outputs_vsynth/hls_model_trial_075/myproject_prj/solution1/syn/vhdl/myproject_dense_resource_ap_fixed_16_6_5_3_0_ap_fixed_16_6_5_3_0_config14_s.vhd:4223]
	Parameter ID bound to: 1 - type: integer 
	Parameter NUM_STAGE bound to: 1 - type: integer 
	Parameter din0_WIDTH bound to: 11 - type: integer 
	Parameter din1_WIDTH bound to: 8 - type: integer 
	Parameter dout_WIDTH bound to: 19 - type: integer 
INFO: [Synth 8-3491] module 'myproject_mul_11s_8s_19_1_1' declared at '/home/dabadjiev/smartpixels_ml_dsabadjiev/Muon_Collider_Smart_Pixels/eric/Results_June2026_99SigEff/model2.5_fin_results/model2_5_8bit_normalised_selected/pareto_primary/hls_outputs_vsynth/hls_model_trial_075/myproject_prj/solution1/syn/vhdl/myproject_mul_11s_8s_19_1_1.vhd:7' bound to instance 'mul_11s_8s_19_1_1_U104' of component 'myproject_mul_11s_8s_19_1_1' [/home/dabadjiev/smartpixels_ml_dsabadjiev/Muon_Collider_Smart_Pixels/eric/Results_June2026_99SigEff/model2.5_fin_results/model2_5_8bit_normalised_selected/pareto_primary/hls_outputs_vsynth/hls_model_trial_075/myproject_prj/solution1/syn/vhdl/myproject_dense_resource_ap_fixed_16_6_5_3_0_ap_fixed_16_6_5_3_0_config14_s.vhd:4235]
	Parameter ID bound to: 1 - type: integer 
	Parameter NUM_STAGE bound to: 1 - type: integer 
	Parameter din0_WIDTH bound to: 11 - type: integer 
	Parameter din1_WIDTH bound to: 8 - type: integer 
	Parameter dout_WIDTH bound to: 19 - type: integer 
INFO: [Synth 8-3491] module 'myproject_mul_11s_8s_19_1_1' declared at '/home/dabadjiev/smartpixels_ml_dsabadjiev/Muon_Collider_Smart_Pixels/eric/Results_June2026_99SigEff/model2.5_fin_results/model2_5_8bit_normalised_selected/pareto_primary/hls_outputs_vsynth/hls_model_trial_075/myproject_prj/solution1/syn/vhdl/myproject_mul_11s_8s_19_1_1.vhd:7' bound to instance 'mul_11s_8s_19_1_1_U105' of component 'myproject_mul_11s_8s_19_1_1' [/home/dabadjiev/smartpixels_ml_dsabadjiev/Muon_Collider_Smart_Pixels/eric/Results_June2026_99SigEff/model2.5_fin_results/model2_5_8bit_normalised_selected/pareto_primary/hls_outputs_vsynth/hls_model_trial_075/myproject_prj/solution1/syn/vhdl/myproject_dense_resource_ap_fixed_16_6_5_3_0_ap_fixed_16_6_5_3_0_config14_s.vhd:4247]
	Parameter ID bound to: 1 - type: integer 
	Parameter NUM_STAGE bound to: 1 - type: integer 
	Parameter din0_WIDTH bound to: 11 - type: integer 
	Parameter din1_WIDTH bound to: 8 - type: integer 
	Parameter dout_WIDTH bound to: 19 - type: integer 
INFO: [Synth 8-3491] module 'myproject_mul_11s_8s_19_1_1' declared at '/home/dabadjiev/smartpixels_ml_dsabadjiev/Muon_Collider_Smart_Pixels/eric/Results_June2026_99SigEff/model2.5_fin_results/model2_5_8bit_normalised_selected/pareto_primary/hls_outputs_vsynth/hls_model_trial_075/myproject_prj/solution1/syn/vhdl/myproject_mul_11s_8s_19_1_1.vhd:7' bound to instance 'mul_11s_8s_19_1_1_U106' of component 'myproject_mul_11s_8s_19_1_1' [/home/dabadjiev/smartpixels_ml_dsabadjiev/Muon_Collider_Smart_Pixels/eric/Results_June2026_99SigEff/model2.5_fin_results/model2_5_8bit_normalised_selected/pareto_primary/hls_outputs_vsynth/hls_model_trial_075/myproject_prj/solution1/syn/vhdl/myproject_dense_resource_ap_fixed_16_6_5_3_0_ap_fixed_16_6_5_3_0_config14_s.vhd:4259]
	Parameter ID bound to: 1 - type: integer 
	Parameter NUM_STAGE bound to: 1 - type: integer 
	Parameter din0_WIDTH bound to: 11 - type: integer 
	Parameter din1_WIDTH bound to: 8 - type: integer 
	Parameter dout_WIDTH bound to: 19 - type: integer 
INFO: [Synth 8-3491] module 'myproject_mul_11s_8s_19_1_1' declared at '/home/dabadjiev/smartpixels_ml_dsabadjiev/Muon_Collider_Smart_Pixels/eric/Results_June2026_99SigEff/model2.5_fin_results/model2_5_8bit_normalised_selected/pareto_primary/hls_outputs_vsynth/hls_model_trial_075/myproject_prj/solution1/syn/vhdl/myproject_mul_11s_8s_19_1_1.vhd:7' bound to instance 'mul_11s_8s_19_1_1_U107' of component 'myproject_mul_11s_8s_19_1_1' [/home/dabadjiev/smartpixels_ml_dsabadjiev/Muon_Collider_Smart_Pixels/eric/Results_June2026_99SigEff/model2.5_fin_results/model2_5_8bit_normalised_selected/pareto_primary/hls_outputs_vsynth/hls_model_trial_075/myproject_prj/solution1/syn/vhdl/myproject_dense_resource_ap_fixed_16_6_5_3_0_ap_fixed_16_6_5_3_0_config14_s.vhd:4271]
	Parameter ID bound to: 1 - type: integer 
	Parameter NUM_STAGE bound to: 1 - type: integer 
	Parameter din0_WIDTH bound to: 11 - type: integer 
	Parameter din1_WIDTH bound to: 8 - type: integer 
	Parameter dout_WIDTH bound to: 19 - type: integer 
INFO: [Synth 8-3491] module 'myproject_mul_11s_8s_19_1_1' declared at '/home/dabadjiev/smartpixels_ml_dsabadjiev/Muon_Collider_Smart_Pixels/eric/Results_June2026_99SigEff/model2.5_fin_results/model2_5_8bit_normalised_selected/pareto_primary/hls_outputs_vsynth/hls_model_trial_075/myproject_prj/solution1/syn/vhdl/myproject_mul_11s_8s_19_1_1.vhd:7' bound to instance 'mul_11s_8s_19_1_1_U108' of component 'myproject_mul_11s_8s_19_1_1' [/home/dabadjiev/smartpixels_ml_dsabadjiev/Muon_Collider_Smart_Pixels/eric/Results_June2026_99SigEff/model2.5_fin_results/model2_5_8bit_normalised_selected/pareto_primary/hls_outputs_vsynth/hls_model_trial_075/myproject_prj/solution1/syn/vhdl/myproject_dense_resource_ap_fixed_16_6_5_3_0_ap_fixed_16_6_5_3_0_config14_s.vhd:4283]
	Parameter ID bound to: 1 - type: integer 
	Parameter NUM_STAGE bound to: 1 - type: integer 
	Parameter din0_WIDTH bound to: 11 - type: integer 
	Parameter din1_WIDTH bound to: 8 - type: integer 
	Parameter dout_WIDTH bound to: 19 - type: integer 
INFO: [Synth 8-3491] module 'myproject_mul_11s_8s_19_1_1' declared at '/home/dabadjiev/smartpixels_ml_dsabadjiev/Muon_Collider_Smart_Pixels/eric/Results_June2026_99SigEff/model2.5_fin_results/model2_5_8bit_normalised_selected/pareto_primary/hls_outputs_vsynth/hls_model_trial_075/myproject_prj/solution1/syn/vhdl/myproject_mul_11s_8s_19_1_1.vhd:7' bound to instance 'mul_11s_8s_19_1_1_U109' of component 'myproject_mul_11s_8s_19_1_1' [/home/dabadjiev/smartpixels_ml_dsabadjiev/Muon_Collider_Smart_Pixels/eric/Results_June2026_99SigEff/model2.5_fin_results/model2_5_8bit_normalised_selected/pareto_primary/hls_outputs_vsynth/hls_model_trial_075/myproject_prj/solution1/syn/vhdl/myproject_dense_resource_ap_fixed_16_6_5_3_0_ap_fixed_16_6_5_3_0_config14_s.vhd:4295]
	Parameter ID bound to: 1 - type: integer 
	Parameter NUM_STAGE bound to: 1 - type: integer 
	Parameter din0_WIDTH bound to: 11 - type: integer 
	Parameter din1_WIDTH bound to: 8 - type: integer 
	Parameter dout_WIDTH bound to: 19 - type: integer 
INFO: [Synth 8-3491] module 'myproject_mul_11s_8s_19_1_1' declared at '/home/dabadjiev/smartpixels_ml_dsabadjiev/Muon_Collider_Smart_Pixels/eric/Results_June2026_99SigEff/model2.5_fin_results/model2_5_8bit_normalised_selected/pareto_primary/hls_outputs_vsynth/hls_model_trial_075/myproject_prj/solution1/syn/vhdl/myproject_mul_11s_8s_19_1_1.vhd:7' bound to instance 'mul_11s_8s_19_1_1_U110' of component 'myproject_mul_11s_8s_19_1_1' [/home/dabadjiev/smartpixels_ml_dsabadjiev/Muon_Collider_Smart_Pixels/eric/Results_June2026_99SigEff/model2.5_fin_results/model2_5_8bit_normalised_selected/pareto_primary/hls_outputs_vsynth/hls_model_trial_075/myproject_prj/solution1/syn/vhdl/myproject_dense_resource_ap_fixed_16_6_5_3_0_ap_fixed_16_6_5_3_0_config14_s.vhd:4307]
	Parameter ID bound to: 1 - type: integer 
	Parameter NUM_STAGE bound to: 1 - type: integer 
	Parameter din0_WIDTH bound to: 11 - type: integer 
	Parameter din1_WIDTH bound to: 8 - type: integer 
	Parameter dout_WIDTH bound to: 19 - type: integer 
INFO: [Synth 8-3491] module 'myproject_mul_11s_8s_19_1_1' declared at '/home/dabadjiev/smartpixels_ml_dsabadjiev/Muon_Collider_Smart_Pixels/eric/Results_June2026_99SigEff/model2.5_fin_results/model2_5_8bit_normalised_selected/pareto_primary/hls_outputs_vsynth/hls_model_trial_075/myproject_prj/solution1/syn/vhdl/myproject_mul_11s_8s_19_1_1.vhd:7' bound to instance 'mul_11s_8s_19_1_1_U111' of component 'myproject_mul_11s_8s_19_1_1' [/home/dabadjiev/smartpixels_ml_dsabadjiev/Muon_Collider_Smart_Pixels/eric/Results_June2026_99SigEff/model2.5_fin_results/model2_5_8bit_normalised_selected/pareto_primary/hls_outputs_vsynth/hls_model_trial_075/myproject_prj/solution1/syn/vhdl/myproject_dense_resource_ap_fixed_16_6_5_3_0_ap_fixed_16_6_5_3_0_config14_s.vhd:4319]
	Parameter ID bound to: 1 - type: integer 
	Parameter NUM_STAGE bound to: 1 - type: integer 
	Parameter din0_WIDTH bound to: 11 - type: integer 
	Parameter din1_WIDTH bound to: 8 - type: integer 
	Parameter dout_WIDTH bound to: 19 - type: integer 
INFO: [Synth 8-3491] module 'myproject_mul_11s_8s_19_1_1' declared at '/home/dabadjiev/smartpixels_ml_dsabadjiev/Muon_Collider_Smart_Pixels/eric/Results_June2026_99SigEff/model2.5_fin_results/model2_5_8bit_normalised_selected/pareto_primary/hls_outputs_vsynth/hls_model_trial_075/myproject_prj/solution1/syn/vhdl/myproject_mul_11s_8s_19_1_1.vhd:7' bound to instance 'mul_11s_8s_19_1_1_U112' of component 'myproject_mul_11s_8s_19_1_1' [/home/dabadjiev/smartpixels_ml_dsabadjiev/Muon_Collider_Smart_Pixels/eric/Results_June2026_99SigEff/model2.5_fin_results/model2_5_8bit_normalised_selected/pareto_primary/hls_outputs_vsynth/hls_model_trial_075/myproject_prj/solution1/syn/vhdl/myproject_dense_resource_ap_fixed_16_6_5_3_0_ap_fixed_16_6_5_3_0_config14_s.vhd:4331]
	Parameter ID bound to: 1 - type: integer 
	Parameter NUM_STAGE bound to: 1 - type: integer 
	Parameter din0_WIDTH bound to: 11 - type: integer 
	Parameter din1_WIDTH bound to: 8 - type: integer 
	Parameter dout_WIDTH bound to: 19 - type: integer 
INFO: [Synth 8-3491] module 'myproject_mul_11s_8s_19_1_1' declared at '/home/dabadjiev/smartpixels_ml_dsabadjiev/Muon_Collider_Smart_Pixels/eric/Results_June2026_99SigEff/model2.5_fin_results/model2_5_8bit_normalised_selected/pareto_primary/hls_outputs_vsynth/hls_model_trial_075/myproject_prj/solution1/syn/vhdl/myproject_mul_11s_8s_19_1_1.vhd:7' bound to instance 'mul_11s_8s_19_1_1_U113' of component 'myproject_mul_11s_8s_19_1_1' [/home/dabadjiev/smartpixels_ml_dsabadjiev/Muon_Collider_Smart_Pixels/eric/Results_June2026_99SigEff/model2.5_fin_results/model2_5_8bit_normalised_selected/pareto_primary/hls_outputs_vsynth/hls_model_trial_075/myproject_prj/solution1/syn/vhdl/myproject_dense_resource_ap_fixed_16_6_5_3_0_ap_fixed_16_6_5_3_0_config14_s.vhd:4343]
	Parameter ID bound to: 1 - type: integer 
	Parameter NUM_STAGE bound to: 1 - type: integer 
	Parameter din0_WIDTH bound to: 11 - type: integer 
	Parameter din1_WIDTH bound to: 8 - type: integer 
	Parameter dout_WIDTH bound to: 19 - type: integer 
INFO: [Synth 8-3491] module 'myproject_mul_11s_8s_19_1_1' declared at '/home/dabadjiev/smartpixels_ml_dsabadjiev/Muon_Collider_Smart_Pixels/eric/Results_June2026_99SigEff/model2.5_fin_results/model2_5_8bit_normalised_selected/pareto_primary/hls_outputs_vsynth/hls_model_trial_075/myproject_prj/solution1/syn/vhdl/myproject_mul_11s_8s_19_1_1.vhd:7' bound to instance 'mul_11s_8s_19_1_1_U114' of component 'myproject_mul_11s_8s_19_1_1' [/home/dabadjiev/smartpixels_ml_dsabadjiev/Muon_Collider_Smart_Pixels/eric/Results_June2026_99SigEff/model2.5_fin_results/model2_5_8bit_normalised_selected/pareto_primary/hls_outputs_vsynth/hls_model_trial_075/myproject_prj/solution1/syn/vhdl/myproject_dense_resource_ap_fixed_16_6_5_3_0_ap_fixed_16_6_5_3_0_config14_s.vhd:4355]
	Parameter ID bound to: 1 - type: integer 
	Parameter NUM_STAGE bound to: 1 - type: integer 
	Parameter din0_WIDTH bound to: 11 - type: integer 
	Parameter din1_WIDTH bound to: 8 - type: integer 
	Parameter dout_WIDTH bound to: 19 - type: integer 
INFO: [Synth 8-3491] module 'myproject_mul_11s_8s_19_1_1' declared at '/home/dabadjiev/smartpixels_ml_dsabadjiev/Muon_Collider_Smart_Pixels/eric/Results_June2026_99SigEff/model2.5_fin_results/model2_5_8bit_normalised_selected/pareto_primary/hls_outputs_vsynth/hls_model_trial_075/myproject_prj/solution1/syn/vhdl/myproject_mul_11s_8s_19_1_1.vhd:7' bound to instance 'mul_11s_8s_19_1_1_U115' of component 'myproject_mul_11s_8s_19_1_1' [/home/dabadjiev/smartpixels_ml_dsabadjiev/Muon_Collider_Smart_Pixels/eric/Results_June2026_99SigEff/model2.5_fin_results/model2_5_8bit_normalised_selected/pareto_primary/hls_outputs_vsynth/hls_model_trial_075/myproject_prj/solution1/syn/vhdl/myproject_dense_resource_ap_fixed_16_6_5_3_0_ap_fixed_16_6_5_3_0_config14_s.vhd:4367]
	Parameter ID bound to: 1 - type: integer 
	Parameter NUM_STAGE bound to: 1 - type: integer 
	Parameter din0_WIDTH bound to: 11 - type: integer 
	Parameter din1_WIDTH bound to: 8 - type: integer 
	Parameter dout_WIDTH bound to: 19 - type: integer 
INFO: [Synth 8-3491] module 'myproject_mul_11s_8s_19_1_1' declared at '/home/dabadjiev/smartpixels_ml_dsabadjiev/Muon_Collider_Smart_Pixels/eric/Results_June2026_99SigEff/model2.5_fin_results/model2_5_8bit_normalised_selected/pareto_primary/hls_outputs_vsynth/hls_model_trial_075/myproject_prj/solution1/syn/vhdl/myproject_mul_11s_8s_19_1_1.vhd:7' bound to instance 'mul_11s_8s_19_1_1_U116' of component 'myproject_mul_11s_8s_19_1_1' [/home/dabadjiev/smartpixels_ml_dsabadjiev/Muon_Collider_Smart_Pixels/eric/Results_June2026_99SigEff/model2.5_fin_results/model2_5_8bit_normalised_selected/pareto_primary/hls_outputs_vsynth/hls_model_trial_075/myproject_prj/solution1/syn/vhdl/myproject_dense_resource_ap_fixed_16_6_5_3_0_ap_fixed_16_6_5_3_0_config14_s.vhd:4379]
	Parameter ID bound to: 1 - type: integer 
	Parameter NUM_STAGE bound to: 1 - type: integer 
	Parameter din0_WIDTH bound to: 11 - type: integer 
	Parameter din1_WIDTH bound to: 8 - type: integer 
	Parameter dout_WIDTH bound to: 19 - type: integer 
INFO: [Synth 8-3491] module 'myproject_mul_11s_8s_19_1_1' declared at '/home/dabadjiev/smartpixels_ml_dsabadjiev/Muon_Collider_Smart_Pixels/eric/Results_June2026_99SigEff/model2.5_fin_results/model2_5_8bit_normalised_selected/pareto_primary/hls_outputs_vsynth/hls_model_trial_075/myproject_prj/solution1/syn/vhdl/myproject_mul_11s_8s_19_1_1.vhd:7' bound to instance 'mul_11s_8s_19_1_1_U117' of component 'myproject_mul_11s_8s_19_1_1' [/home/dabadjiev/smartpixels_ml_dsabadjiev/Muon_Collider_Smart_Pixels/eric/Results_June2026_99SigEff/model2.5_fin_results/model2_5_8bit_normalised_selected/pareto_primary/hls_outputs_vsynth/hls_model_trial_075/myproject_prj/solution1/syn/vhdl/myproject_dense_resource_ap_fixed_16_6_5_3_0_ap_fixed_16_6_5_3_0_config14_s.vhd:4391]
	Parameter ID bound to: 1 - type: integer 
	Parameter NUM_STAGE bound to: 1 - type: integer 
	Parameter din0_WIDTH bound to: 11 - type: integer 
	Parameter din1_WIDTH bound to: 8 - type: integer 
	Parameter dout_WIDTH bound to: 19 - type: integer 
INFO: [Synth 8-3491] module 'myproject_mul_11s_8s_19_1_1' declared at '/home/dabadjiev/smartpixels_ml_dsabadjiev/Muon_Collider_Smart_Pixels/eric/Results_June2026_99SigEff/model2.5_fin_results/model2_5_8bit_normalised_selected/pareto_primary/hls_outputs_vsynth/hls_model_trial_075/myproject_prj/solution1/syn/vhdl/myproject_mul_11s_8s_19_1_1.vhd:7' bound to instance 'mul_11s_8s_19_1_1_U118' of component 'myproject_mul_11s_8s_19_1_1' [/home/dabadjiev/smartpixels_ml_dsabadjiev/Muon_Collider_Smart_Pixels/eric/Results_June2026_99SigEff/model2.5_fin_results/model2_5_8bit_normalised_selected/pareto_primary/hls_outputs_vsynth/hls_model_trial_075/myproject_prj/solution1/syn/vhdl/myproject_dense_resource_ap_fixed_16_6_5_3_0_ap_fixed_16_6_5_3_0_config14_s.vhd:4403]
	Parameter ID bound to: 1 - type: integer 
	Parameter NUM_STAGE bound to: 1 - type: integer 
	Parameter din0_WIDTH bound to: 11 - type: integer 
	Parameter din1_WIDTH bound to: 8 - type: integer 
	Parameter dout_WIDTH bound to: 19 - type: integer 
INFO: [Synth 8-3491] module 'myproject_mul_11s_8s_19_1_1' declared at '/home/dabadjiev/smartpixels_ml_dsabadjiev/Muon_Collider_Smart_Pixels/eric/Results_June2026_99SigEff/model2.5_fin_results/model2_5_8bit_normalised_selected/pareto_primary/hls_outputs_vsynth/hls_model_trial_075/myproject_prj/solution1/syn/vhdl/myproject_mul_11s_8s_19_1_1.vhd:7' bound to instance 'mul_11s_8s_19_1_1_U119' of component 'myproject_mul_11s_8s_19_1_1' [/home/dabadjiev/smartpixels_ml_dsabadjiev/Muon_Collider_Smart_Pixels/eric/Results_June2026_99SigEff/model2.5_fin_results/model2_5_8bit_normalised_selected/pareto_primary/hls_outputs_vsynth/hls_model_trial_075/myproject_prj/solution1/syn/vhdl/myproject_dense_resource_ap_fixed_16_6_5_3_0_ap_fixed_16_6_5_3_0_config14_s.vhd:4415]
	Parameter ID bound to: 1 - type: integer 
	Parameter NUM_STAGE bound to: 1 - type: integer 
	Parameter din0_WIDTH bound to: 11 - type: integer 
	Parameter din1_WIDTH bound to: 8 - type: integer 
	Parameter dout_WIDTH bound to: 19 - type: integer 
INFO: [Synth 8-3491] module 'myproject_mul_11s_8s_19_1_1' declared at '/home/dabadjiev/smartpixels_ml_dsabadjiev/Muon_Collider_Smart_Pixels/eric/Results_June2026_99SigEff/model2.5_fin_results/model2_5_8bit_normalised_selected/pareto_primary/hls_outputs_vsynth/hls_model_trial_075/myproject_prj/solution1/syn/vhdl/myproject_mul_11s_8s_19_1_1.vhd:7' bound to instance 'mul_11s_8s_19_1_1_U120' of component 'myproject_mul_11s_8s_19_1_1' [/home/dabadjiev/smartpixels_ml_dsabadjiev/Muon_Collider_Smart_Pixels/eric/Results_June2026_99SigEff/model2.5_fin_results/model2_5_8bit_normalised_selected/pareto_primary/hls_outputs_vsynth/hls_model_trial_075/myproject_prj/solution1/syn/vhdl/myproject_dense_resource_ap_fixed_16_6_5_3_0_ap_fixed_16_6_5_3_0_config14_s.vhd:4427]
	Parameter ID bound to: 1 - type: integer 
	Parameter NUM_STAGE bound to: 1 - type: integer 
	Parameter din0_WIDTH bound to: 11 - type: integer 
	Parameter din1_WIDTH bound to: 8 - type: integer 
	Parameter dout_WIDTH bound to: 19 - type: integer 
INFO: [Synth 8-3491] module 'myproject_mul_11s_8s_19_1_1' declared at '/home/dabadjiev/smartpixels_ml_dsabadjiev/Muon_Collider_Smart_Pixels/eric/Results_June2026_99SigEff/model2.5_fin_results/model2_5_8bit_normalised_selected/pareto_primary/hls_outputs_vsynth/hls_model_trial_075/myproject_prj/solution1/syn/vhdl/myproject_mul_11s_8s_19_1_1.vhd:7' bound to instance 'mul_11s_8s_19_1_1_U121' of component 'myproject_mul_11s_8s_19_1_1' [/home/dabadjiev/smartpixels_ml_dsabadjiev/Muon_Collider_Smart_Pixels/eric/Results_June2026_99SigEff/model2.5_fin_results/model2_5_8bit_normalised_selected/pareto_primary/hls_outputs_vsynth/hls_model_trial_075/myproject_prj/solution1/syn/vhdl/myproject_dense_resource_ap_fixed_16_6_5_3_0_ap_fixed_16_6_5_3_0_config14_s.vhd:4439]
	Parameter ID bound to: 1 - type: integer 
	Parameter NUM_STAGE bound to: 1 - type: integer 
	Parameter din0_WIDTH bound to: 11 - type: integer 
	Parameter din1_WIDTH bound to: 8 - type: integer 
	Parameter dout_WIDTH bound to: 19 - type: integer 
INFO: [Synth 8-3491] module 'myproject_mul_11s_8s_19_1_1' declared at '/home/dabadjiev/smartpixels_ml_dsabadjiev/Muon_Collider_Smart_Pixels/eric/Results_June2026_99SigEff/model2.5_fin_results/model2_5_8bit_normalised_selected/pareto_primary/hls_outputs_vsynth/hls_model_trial_075/myproject_prj/solution1/syn/vhdl/myproject_mul_11s_8s_19_1_1.vhd:7' bound to instance 'mul_11s_8s_19_1_1_U122' of component 'myproject_mul_11s_8s_19_1_1' [/home/dabadjiev/smartpixels_ml_dsabadjiev/Muon_Collider_Smart_Pixels/eric/Results_June2026_99SigEff/model2.5_fin_results/model2_5_8bit_normalised_selected/pareto_primary/hls_outputs_vsynth/hls_model_trial_075/myproject_prj/solution1/syn/vhdl/myproject_dense_resource_ap_fixed_16_6_5_3_0_ap_fixed_16_6_5_3_0_config14_s.vhd:4451]
	Parameter ID bound to: 1 - type: integer 
	Parameter NUM_STAGE bound to: 1 - type: integer 
	Parameter din0_WIDTH bound to: 11 - type: integer 
	Parameter din1_WIDTH bound to: 8 - type: integer 
	Parameter dout_WIDTH bound to: 19 - type: integer 
INFO: [Synth 8-3491] module 'myproject_mul_11s_8s_19_1_1' declared at '/home/dabadjiev/smartpixels_ml_dsabadjiev/Muon_Collider_Smart_Pixels/eric/Results_June2026_99SigEff/model2.5_fin_results/model2_5_8bit_normalised_selected/pareto_primary/hls_outputs_vsynth/hls_model_trial_075/myproject_prj/solution1/syn/vhdl/myproject_mul_11s_8s_19_1_1.vhd:7' bound to instance 'mul_11s_8s_19_1_1_U123' of component 'myproject_mul_11s_8s_19_1_1' [/home/dabadjiev/smartpixels_ml_dsabadjiev/Muon_Collider_Smart_Pixels/eric/Results_June2026_99SigEff/model2.5_fin_results/model2_5_8bit_normalised_selected/pareto_primary/hls_outputs_vsynth/hls_model_trial_075/myproject_prj/solution1/syn/vhdl/myproject_dense_resource_ap_fixed_16_6_5_3_0_ap_fixed_16_6_5_3_0_config14_s.vhd:4463]
	Parameter ID bound to: 1 - type: integer 
	Parameter NUM_STAGE bound to: 1 - type: integer 
	Parameter din0_WIDTH bound to: 11 - type: integer 
	Parameter din1_WIDTH bound to: 8 - type: integer 
	Parameter dout_WIDTH bound to: 19 - type: integer 
INFO: [Synth 8-3491] module 'myproject_mul_11s_8s_19_1_1' declared at '/home/dabadjiev/smartpixels_ml_dsabadjiev/Muon_Collider_Smart_Pixels/eric/Results_June2026_99SigEff/model2.5_fin_results/model2_5_8bit_normalised_selected/pareto_primary/hls_outputs_vsynth/hls_model_trial_075/myproject_prj/solution1/syn/vhdl/myproject_mul_11s_8s_19_1_1.vhd:7' bound to instance 'mul_11s_8s_19_1_1_U124' of component 'myproject_mul_11s_8s_19_1_1' [/home/dabadjiev/smartpixels_ml_dsabadjiev/Muon_Collider_Smart_Pixels/eric/Results_June2026_99SigEff/model2.5_fin_results/model2_5_8bit_normalised_selected/pareto_primary/hls_outputs_vsynth/hls_model_trial_075/myproject_prj/solution1/syn/vhdl/myproject_dense_resource_ap_fixed_16_6_5_3_0_ap_fixed_16_6_5_3_0_config14_s.vhd:4475]
	Parameter ID bound to: 1 - type: integer 
	Parameter NUM_STAGE bound to: 1 - type: integer 
	Parameter din0_WIDTH bound to: 11 - type: integer 
	Parameter din1_WIDTH bound to: 8 - type: integer 
	Parameter dout_WIDTH bound to: 19 - type: integer 
INFO: [Synth 8-3491] module 'myproject_mul_11s_8s_19_1_1' declared at '/home/dabadjiev/smartpixels_ml_dsabadjiev/Muon_Collider_Smart_Pixels/eric/Results_June2026_99SigEff/model2.5_fin_results/model2_5_8bit_normalised_selected/pareto_primary/hls_outputs_vsynth/hls_model_trial_075/myproject_prj/solution1/syn/vhdl/myproject_mul_11s_8s_19_1_1.vhd:7' bound to instance 'mul_11s_8s_19_1_1_U125' of component 'myproject_mul_11s_8s_19_1_1' [/home/dabadjiev/smartpixels_ml_dsabadjiev/Muon_Collider_Smart_Pixels/eric/Results_June2026_99SigEff/model2.5_fin_results/model2_5_8bit_normalised_selected/pareto_primary/hls_outputs_vsynth/hls_model_trial_075/myproject_prj/solution1/syn/vhdl/myproject_dense_resource_ap_fixed_16_6_5_3_0_ap_fixed_16_6_5_3_0_config14_s.vhd:4487]
	Parameter ID bound to: 1 - type: integer 
	Parameter NUM_STAGE bound to: 1 - type: integer 
	Parameter din0_WIDTH bound to: 11 - type: integer 
	Parameter din1_WIDTH bound to: 8 - type: integer 
	Parameter dout_WIDTH bound to: 19 - type: integer 
INFO: [Synth 8-3491] module 'myproject_mul_11s_8s_19_1_1' declared at '/home/dabadjiev/smartpixels_ml_dsabadjiev/Muon_Collider_Smart_Pixels/eric/Results_June2026_99SigEff/model2.5_fin_results/model2_5_8bit_normalised_selected/pareto_primary/hls_outputs_vsynth/hls_model_trial_075/myproject_prj/solution1/syn/vhdl/myproject_mul_11s_8s_19_1_1.vhd:7' bound to instance 'mul_11s_8s_19_1_1_U126' of component 'myproject_mul_11s_8s_19_1_1' [/home/dabadjiev/smartpixels_ml_dsabadjiev/Muon_Collider_Smart_Pixels/eric/Results_June2026_99SigEff/model2.5_fin_results/model2_5_8bit_normalised_selected/pareto_primary/hls_outputs_vsynth/hls_model_trial_075/myproject_prj/solution1/syn/vhdl/myproject_dense_resource_ap_fixed_16_6_5_3_0_ap_fixed_16_6_5_3_0_config14_s.vhd:4499]
	Parameter ID bound to: 1 - type: integer 
	Parameter NUM_STAGE bound to: 1 - type: integer 
	Parameter din0_WIDTH bound to: 11 - type: integer 
	Parameter din1_WIDTH bound to: 8 - type: integer 
	Parameter dout_WIDTH bound to: 19 - type: integer 
INFO: [Synth 8-3491] module 'myproject_mul_11s_8s_19_1_1' declared at '/home/dabadjiev/smartpixels_ml_dsabadjiev/Muon_Collider_Smart_Pixels/eric/Results_June2026_99SigEff/model2.5_fin_results/model2_5_8bit_normalised_selected/pareto_primary/hls_outputs_vsynth/hls_model_trial_075/myproject_prj/solution1/syn/vhdl/myproject_mul_11s_8s_19_1_1.vhd:7' bound to instance 'mul_11s_8s_19_1_1_U127' of component 'myproject_mul_11s_8s_19_1_1' [/home/dabadjiev/smartpixels_ml_dsabadjiev/Muon_Collider_Smart_Pixels/eric/Results_June2026_99SigEff/model2.5_fin_results/model2_5_8bit_normalised_selected/pareto_primary/hls_outputs_vsynth/hls_model_trial_075/myproject_prj/solution1/syn/vhdl/myproject_dense_resource_ap_fixed_16_6_5_3_0_ap_fixed_16_6_5_3_0_config14_s.vhd:4511]
	Parameter ID bound to: 1 - type: integer 
	Parameter NUM_STAGE bound to: 1 - type: integer 
	Parameter din0_WIDTH bound to: 11 - type: integer 
	Parameter din1_WIDTH bound to: 8 - type: integer 
	Parameter dout_WIDTH bound to: 19 - type: integer 
INFO: [Synth 8-3491] module 'myproject_mul_11s_8s_19_1_1' declared at '/home/dabadjiev/smartpixels_ml_dsabadjiev/Muon_Collider_Smart_Pixels/eric/Results_June2026_99SigEff/model2.5_fin_results/model2_5_8bit_normalised_selected/pareto_primary/hls_outputs_vsynth/hls_model_trial_075/myproject_prj/solution1/syn/vhdl/myproject_mul_11s_8s_19_1_1.vhd:7' bound to instance 'mul_11s_8s_19_1_1_U128' of component 'myproject_mul_11s_8s_19_1_1' [/home/dabadjiev/smartpixels_ml_dsabadjiev/Muon_Collider_Smart_Pixels/eric/Results_June2026_99SigEff/model2.5_fin_results/model2_5_8bit_normalised_selected/pareto_primary/hls_outputs_vsynth/hls_model_trial_075/myproject_prj/solution1/syn/vhdl/myproject_dense_resource_ap_fixed_16_6_5_3_0_ap_fixed_16_6_5_3_0_config14_s.vhd:4523]
	Parameter ID bound to: 1 - type: integer 
	Parameter NUM_STAGE bound to: 1 - type: integer 
	Parameter din0_WIDTH bound to: 11 - type: integer 
	Parameter din1_WIDTH bound to: 8 - type: integer 
	Parameter dout_WIDTH bound to: 19 - type: integer 
INFO: [Synth 8-3491] module 'myproject_mul_11s_8s_19_1_1' declared at '/home/dabadjiev/smartpixels_ml_dsabadjiev/Muon_Collider_Smart_Pixels/eric/Results_June2026_99SigEff/model2.5_fin_results/model2_5_8bit_normalised_selected/pareto_primary/hls_outputs_vsynth/hls_model_trial_075/myproject_prj/solution1/syn/vhdl/myproject_mul_11s_8s_19_1_1.vhd:7' bound to instance 'mul_11s_8s_19_1_1_U129' of component 'myproject_mul_11s_8s_19_1_1' [/home/dabadjiev/smartpixels_ml_dsabadjiev/Muon_Collider_Smart_Pixels/eric/Results_June2026_99SigEff/model2.5_fin_results/model2_5_8bit_normalised_selected/pareto_primary/hls_outputs_vsynth/hls_model_trial_075/myproject_prj/solution1/syn/vhdl/myproject_dense_resource_ap_fixed_16_6_5_3_0_ap_fixed_16_6_5_3_0_config14_s.vhd:4535]
	Parameter ID bound to: 1 - type: integer 
	Parameter NUM_STAGE bound to: 1 - type: integer 
	Parameter din0_WIDTH bound to: 11 - type: integer 
	Parameter din1_WIDTH bound to: 8 - type: integer 
	Parameter dout_WIDTH bound to: 19 - type: integer 
INFO: [Synth 8-3491] module 'myproject_mul_11s_8s_19_1_1' declared at '/home/dabadjiev/smartpixels_ml_dsabadjiev/Muon_Collider_Smart_Pixels/eric/Results_June2026_99SigEff/model2.5_fin_results/model2_5_8bit_normalised_selected/pareto_primary/hls_outputs_vsynth/hls_model_trial_075/myproject_prj/solution1/syn/vhdl/myproject_mul_11s_8s_19_1_1.vhd:7' bound to instance 'mul_11s_8s_19_1_1_U130' of component 'myproject_mul_11s_8s_19_1_1' [/home/dabadjiev/smartpixels_ml_dsabadjiev/Muon_Collider_Smart_Pixels/eric/Results_June2026_99SigEff/model2.5_fin_results/model2_5_8bit_normalised_selected/pareto_primary/hls_outputs_vsynth/hls_model_trial_075/myproject_prj/solution1/syn/vhdl/myproject_dense_resource_ap_fixed_16_6_5_3_0_ap_fixed_16_6_5_3_0_config14_s.vhd:4547]
	Parameter ID bound to: 1 - type: integer 
	Parameter NUM_STAGE bound to: 1 - type: integer 
	Parameter din0_WIDTH bound to: 11 - type: integer 
	Parameter din1_WIDTH bound to: 8 - type: integer 
	Parameter dout_WIDTH bound to: 19 - type: integer 
INFO: [Synth 8-3491] module 'myproject_mul_11s_8s_19_1_1' declared at '/home/dabadjiev/smartpixels_ml_dsabadjiev/Muon_Collider_Smart_Pixels/eric/Results_June2026_99SigEff/model2.5_fin_results/model2_5_8bit_normalised_selected/pareto_primary/hls_outputs_vsynth/hls_model_trial_075/myproject_prj/solution1/syn/vhdl/myproject_mul_11s_8s_19_1_1.vhd:7' bound to instance 'mul_11s_8s_19_1_1_U131' of component 'myproject_mul_11s_8s_19_1_1' [/home/dabadjiev/smartpixels_ml_dsabadjiev/Muon_Collider_Smart_Pixels/eric/Results_June2026_99SigEff/model2.5_fin_results/model2_5_8bit_normalised_selected/pareto_primary/hls_outputs_vsynth/hls_model_trial_075/myproject_prj/solution1/syn/vhdl/myproject_dense_resource_ap_fixed_16_6_5_3_0_ap_fixed_16_6_5_3_0_config14_s.vhd:4559]
	Parameter ID bound to: 1 - type: integer 
	Parameter NUM_STAGE bound to: 1 - type: integer 
	Parameter din0_WIDTH bound to: 11 - type: integer 
	Parameter din1_WIDTH bound to: 8 - type: integer 
	Parameter dout_WIDTH bound to: 19 - type: integer 
INFO: [Synth 8-3491] module 'myproject_mul_11s_8s_19_1_1' declared at '/home/dabadjiev/smartpixels_ml_dsabadjiev/Muon_Collider_Smart_Pixels/eric/Results_June2026_99SigEff/model2.5_fin_results/model2_5_8bit_normalised_selected/pareto_primary/hls_outputs_vsynth/hls_model_trial_075/myproject_prj/solution1/syn/vhdl/myproject_mul_11s_8s_19_1_1.vhd:7' bound to instance 'mul_11s_8s_19_1_1_U132' of component 'myproject_mul_11s_8s_19_1_1' [/home/dabadjiev/smartpixels_ml_dsabadjiev/Muon_Collider_Smart_Pixels/eric/Results_June2026_99SigEff/model2.5_fin_results/model2_5_8bit_normalised_selected/pareto_primary/hls_outputs_vsynth/hls_model_trial_075/myproject_prj/solution1/syn/vhdl/myproject_dense_resource_ap_fixed_16_6_5_3_0_ap_fixed_16_6_5_3_0_config14_s.vhd:4571]
	Parameter ID bound to: 1 - type: integer 
	Parameter NUM_STAGE bound to: 1 - type: integer 
	Parameter din0_WIDTH bound to: 11 - type: integer 
	Parameter din1_WIDTH bound to: 8 - type: integer 
	Parameter dout_WIDTH bound to: 19 - type: integer 
INFO: [Synth 8-3491] module 'myproject_mul_11s_8s_19_1_1' declared at '/home/dabadjiev/smartpixels_ml_dsabadjiev/Muon_Collider_Smart_Pixels/eric/Results_June2026_99SigEff/model2.5_fin_results/model2_5_8bit_normalised_selected/pareto_primary/hls_outputs_vsynth/hls_model_trial_075/myproject_prj/solution1/syn/vhdl/myproject_mul_11s_8s_19_1_1.vhd:7' bound to instance 'mul_11s_8s_19_1_1_U133' of component 'myproject_mul_11s_8s_19_1_1' [/home/dabadjiev/smartpixels_ml_dsabadjiev/Muon_Collider_Smart_Pixels/eric/Results_June2026_99SigEff/model2.5_fin_results/model2_5_8bit_normalised_selected/pareto_primary/hls_outputs_vsynth/hls_model_trial_075/myproject_prj/solution1/syn/vhdl/myproject_dense_resource_ap_fixed_16_6_5_3_0_ap_fixed_16_6_5_3_0_config14_s.vhd:4583]
	Parameter ID bound to: 1 - type: integer 
	Parameter NUM_STAGE bound to: 1 - type: integer 
	Parameter din0_WIDTH bound to: 11 - type: integer 
	Parameter din1_WIDTH bound to: 8 - type: integer 
	Parameter dout_WIDTH bound to: 19 - type: integer 
INFO: [Synth 8-3491] module 'myproject_mul_11s_8s_19_1_1' declared at '/home/dabadjiev/smartpixels_ml_dsabadjiev/Muon_Collider_Smart_Pixels/eric/Results_June2026_99SigEff/model2.5_fin_results/model2_5_8bit_normalised_selected/pareto_primary/hls_outputs_vsynth/hls_model_trial_075/myproject_prj/solution1/syn/vhdl/myproject_mul_11s_8s_19_1_1.vhd:7' bound to instance 'mul_11s_8s_19_1_1_U134' of component 'myproject_mul_11s_8s_19_1_1' [/home/dabadjiev/smartpixels_ml_dsabadjiev/Muon_Collider_Smart_Pixels/eric/Results_June2026_99SigEff/model2.5_fin_results/model2_5_8bit_normalised_selected/pareto_primary/hls_outputs_vsynth/hls_model_trial_075/myproject_prj/solution1/syn/vhdl/myproject_dense_resource_ap_fixed_16_6_5_3_0_ap_fixed_16_6_5_3_0_config14_s.vhd:4595]
	Parameter ID bound to: 1 - type: integer 
	Parameter NUM_STAGE bound to: 1 - type: integer 
	Parameter din0_WIDTH bound to: 11 - type: integer 
	Parameter din1_WIDTH bound to: 8 - type: integer 
	Parameter dout_WIDTH bound to: 19 - type: integer 
INFO: [Synth 8-3491] module 'myproject_mul_11s_8s_19_1_1' declared at '/home/dabadjiev/smartpixels_ml_dsabadjiev/Muon_Collider_Smart_Pixels/eric/Results_June2026_99SigEff/model2.5_fin_results/model2_5_8bit_normalised_selected/pareto_primary/hls_outputs_vsynth/hls_model_trial_075/myproject_prj/solution1/syn/vhdl/myproject_mul_11s_8s_19_1_1.vhd:7' bound to instance 'mul_11s_8s_19_1_1_U135' of component 'myproject_mul_11s_8s_19_1_1' [/home/dabadjiev/smartpixels_ml_dsabadjiev/Muon_Collider_Smart_Pixels/eric/Results_June2026_99SigEff/model2.5_fin_results/model2_5_8bit_normalised_selected/pareto_primary/hls_outputs_vsynth/hls_model_trial_075/myproject_prj/solution1/syn/vhdl/myproject_dense_resource_ap_fixed_16_6_5_3_0_ap_fixed_16_6_5_3_0_config14_s.vhd:4607]
	Parameter ID bound to: 1 - type: integer 
	Parameter NUM_STAGE bound to: 1 - type: integer 
	Parameter din0_WIDTH bound to: 11 - type: integer 
	Parameter din1_WIDTH bound to: 8 - type: integer 
	Parameter dout_WIDTH bound to: 19 - type: integer 
INFO: [Synth 8-3491] module 'myproject_mul_11s_8s_19_1_1' declared at '/home/dabadjiev/smartpixels_ml_dsabadjiev/Muon_Collider_Smart_Pixels/eric/Results_June2026_99SigEff/model2.5_fin_results/model2_5_8bit_normalised_selected/pareto_primary/hls_outputs_vsynth/hls_model_trial_075/myproject_prj/solution1/syn/vhdl/myproject_mul_11s_8s_19_1_1.vhd:7' bound to instance 'mul_11s_8s_19_1_1_U136' of component 'myproject_mul_11s_8s_19_1_1' [/home/dabadjiev/smartpixels_ml_dsabadjiev/Muon_Collider_Smart_Pixels/eric/Results_June2026_99SigEff/model2.5_fin_results/model2_5_8bit_normalised_selected/pareto_primary/hls_outputs_vsynth/hls_model_trial_075/myproject_prj/solution1/syn/vhdl/myproject_dense_resource_ap_fixed_16_6_5_3_0_ap_fixed_16_6_5_3_0_config14_s.vhd:4619]
	Parameter ID bound to: 1 - type: integer 
	Parameter NUM_STAGE bound to: 1 - type: integer 
	Parameter din0_WIDTH bound to: 11 - type: integer 
	Parameter din1_WIDTH bound to: 8 - type: integer 
	Parameter dout_WIDTH bound to: 19 - type: integer 
INFO: [Synth 8-3491] module 'myproject_mul_11s_8s_19_1_1' declared at '/home/dabadjiev/smartpixels_ml_dsabadjiev/Muon_Collider_Smart_Pixels/eric/Results_June2026_99SigEff/model2.5_fin_results/model2_5_8bit_normalised_selected/pareto_primary/hls_outputs_vsynth/hls_model_trial_075/myproject_prj/solution1/syn/vhdl/myproject_mul_11s_8s_19_1_1.vhd:7' bound to instance 'mul_11s_8s_19_1_1_U137' of component 'myproject_mul_11s_8s_19_1_1' [/home/dabadjiev/smartpixels_ml_dsabadjiev/Muon_Collider_Smart_Pixels/eric/Results_June2026_99SigEff/model2.5_fin_results/model2_5_8bit_normalised_selected/pareto_primary/hls_outputs_vsynth/hls_model_trial_075/myproject_prj/solution1/syn/vhdl/myproject_dense_resource_ap_fixed_16_6_5_3_0_ap_fixed_16_6_5_3_0_config14_s.vhd:4631]
	Parameter ID bound to: 1 - type: integer 
	Parameter NUM_STAGE bound to: 1 - type: integer 
	Parameter din0_WIDTH bound to: 11 - type: integer 
	Parameter din1_WIDTH bound to: 8 - type: integer 
	Parameter dout_WIDTH bound to: 19 - type: integer 
INFO: [Synth 8-3491] module 'myproject_mul_11s_8s_19_1_1' declared at '/home/dabadjiev/smartpixels_ml_dsabadjiev/Muon_Collider_Smart_Pixels/eric/Results_June2026_99SigEff/model2.5_fin_results/model2_5_8bit_normalised_selected/pareto_primary/hls_outputs_vsynth/hls_model_trial_075/myproject_prj/solution1/syn/vhdl/myproject_mul_11s_8s_19_1_1.vhd:7' bound to instance 'mul_11s_8s_19_1_1_U138' of component 'myproject_mul_11s_8s_19_1_1' [/home/dabadjiev/smartpixels_ml_dsabadjiev/Muon_Collider_Smart_Pixels/eric/Results_June2026_99SigEff/model2.5_fin_results/model2_5_8bit_normalised_selected/pareto_primary/hls_outputs_vsynth/hls_model_trial_075/myproject_prj/solution1/syn/vhdl/myproject_dense_resource_ap_fixed_16_6_5_3_0_ap_fixed_16_6_5_3_0_config14_s.vhd:4643]
	Parameter ID bound to: 1 - type: integer 
	Parameter NUM_STAGE bound to: 1 - type: integer 
	Parameter din0_WIDTH bound to: 11 - type: integer 
	Parameter din1_WIDTH bound to: 8 - type: integer 
	Parameter dout_WIDTH bound to: 19 - type: integer 
INFO: [Synth 8-3491] module 'myproject_mul_11s_8s_19_1_1' declared at '/home/dabadjiev/smartpixels_ml_dsabadjiev/Muon_Collider_Smart_Pixels/eric/Results_June2026_99SigEff/model2.5_fin_results/model2_5_8bit_normalised_selected/pareto_primary/hls_outputs_vsynth/hls_model_trial_075/myproject_prj/solution1/syn/vhdl/myproject_mul_11s_8s_19_1_1.vhd:7' bound to instance 'mul_11s_8s_19_1_1_U139' of component 'myproject_mul_11s_8s_19_1_1' [/home/dabadjiev/smartpixels_ml_dsabadjiev/Muon_Collider_Smart_Pixels/eric/Results_June2026_99SigEff/model2.5_fin_results/model2_5_8bit_normalised_selected/pareto_primary/hls_outputs_vsynth/hls_model_trial_075/myproject_prj/solution1/syn/vhdl/myproject_dense_resource_ap_fixed_16_6_5_3_0_ap_fixed_16_6_5_3_0_config14_s.vhd:4655]
	Parameter ID bound to: 1 - type: integer 
	Parameter NUM_STAGE bound to: 1 - type: integer 
	Parameter din0_WIDTH bound to: 11 - type: integer 
	Parameter din1_WIDTH bound to: 8 - type: integer 
	Parameter dout_WIDTH bound to: 19 - type: integer 
INFO: [Synth 8-3491] module 'myproject_mul_11s_8s_19_1_1' declared at '/home/dabadjiev/smartpixels_ml_dsabadjiev/Muon_Collider_Smart_Pixels/eric/Results_June2026_99SigEff/model2.5_fin_results/model2_5_8bit_normalised_selected/pareto_primary/hls_outputs_vsynth/hls_model_trial_075/myproject_prj/solution1/syn/vhdl/myproject_mul_11s_8s_19_1_1.vhd:7' bound to instance 'mul_11s_8s_19_1_1_U140' of component 'myproject_mul_11s_8s_19_1_1' [/home/dabadjiev/smartpixels_ml_dsabadjiev/Muon_Collider_Smart_Pixels/eric/Results_June2026_99SigEff/model2.5_fin_results/model2_5_8bit_normalised_selected/pareto_primary/hls_outputs_vsynth/hls_model_trial_075/myproject_prj/solution1/syn/vhdl/myproject_dense_resource_ap_fixed_16_6_5_3_0_ap_fixed_16_6_5_3_0_config14_s.vhd:4667]
	Parameter ID bound to: 1 - type: integer 
	Parameter NUM_STAGE bound to: 1 - type: integer 
	Parameter din0_WIDTH bound to: 11 - type: integer 
	Parameter din1_WIDTH bound to: 8 - type: integer 
	Parameter dout_WIDTH bound to: 19 - type: integer 
INFO: [Synth 8-3491] module 'myproject_mul_11s_8s_19_1_1' declared at '/home/dabadjiev/smartpixels_ml_dsabadjiev/Muon_Collider_Smart_Pixels/eric/Results_June2026_99SigEff/model2.5_fin_results/model2_5_8bit_normalised_selected/pareto_primary/hls_outputs_vsynth/hls_model_trial_075/myproject_prj/solution1/syn/vhdl/myproject_mul_11s_8s_19_1_1.vhd:7' bound to instance 'mul_11s_8s_19_1_1_U141' of component 'myproject_mul_11s_8s_19_1_1' [/home/dabadjiev/smartpixels_ml_dsabadjiev/Muon_Collider_Smart_Pixels/eric/Results_June2026_99SigEff/model2.5_fin_results/model2_5_8bit_normalised_selected/pareto_primary/hls_outputs_vsynth/hls_model_trial_075/myproject_prj/solution1/syn/vhdl/myproject_dense_resource_ap_fixed_16_6_5_3_0_ap_fixed_16_6_5_3_0_config14_s.vhd:4679]
	Parameter ID bound to: 1 - type: integer 
	Parameter NUM_STAGE bound to: 1 - type: integer 
	Parameter din0_WIDTH bound to: 11 - type: integer 
	Parameter din1_WIDTH bound to: 8 - type: integer 
	Parameter dout_WIDTH bound to: 19 - type: integer 
INFO: [Synth 8-3491] module 'myproject_mul_11s_8s_19_1_1' declared at '/home/dabadjiev/smartpixels_ml_dsabadjiev/Muon_Collider_Smart_Pixels/eric/Results_June2026_99SigEff/model2.5_fin_results/model2_5_8bit_normalised_selected/pareto_primary/hls_outputs_vsynth/hls_model_trial_075/myproject_prj/solution1/syn/vhdl/myproject_mul_11s_8s_19_1_1.vhd:7' bound to instance 'mul_11s_8s_19_1_1_U142' of component 'myproject_mul_11s_8s_19_1_1' [/home/dabadjiev/smartpixels_ml_dsabadjiev/Muon_Collider_Smart_Pixels/eric/Results_June2026_99SigEff/model2.5_fin_results/model2_5_8bit_normalised_selected/pareto_primary/hls_outputs_vsynth/hls_model_trial_075/myproject_prj/solution1/syn/vhdl/myproject_dense_resource_ap_fixed_16_6_5_3_0_ap_fixed_16_6_5_3_0_config14_s.vhd:4691]
	Parameter ID bound to: 1 - type: integer 
	Parameter NUM_STAGE bound to: 1 - type: integer 
	Parameter din0_WIDTH bound to: 11 - type: integer 
	Parameter din1_WIDTH bound to: 8 - type: integer 
	Parameter dout_WIDTH bound to: 19 - type: integer 
INFO: [Synth 8-3491] module 'myproject_mul_11s_8s_19_1_1' declared at '/home/dabadjiev/smartpixels_ml_dsabadjiev/Muon_Collider_Smart_Pixels/eric/Results_June2026_99SigEff/model2.5_fin_results/model2_5_8bit_normalised_selected/pareto_primary/hls_outputs_vsynth/hls_model_trial_075/myproject_prj/solution1/syn/vhdl/myproject_mul_11s_8s_19_1_1.vhd:7' bound to instance 'mul_11s_8s_19_1_1_U143' of component 'myproject_mul_11s_8s_19_1_1' [/home/dabadjiev/smartpixels_ml_dsabadjiev/Muon_Collider_Smart_Pixels/eric/Results_June2026_99SigEff/model2.5_fin_results/model2_5_8bit_normalised_selected/pareto_primary/hls_outputs_vsynth/hls_model_trial_075/myproject_prj/solution1/syn/vhdl/myproject_dense_resource_ap_fixed_16_6_5_3_0_ap_fixed_16_6_5_3_0_config14_s.vhd:4703]
	Parameter ID bound to: 1 - type: integer 
	Parameter NUM_STAGE bound to: 1 - type: integer 
	Parameter din0_WIDTH bound to: 11 - type: integer 
	Parameter din1_WIDTH bound to: 8 - type: integer 
	Parameter dout_WIDTH bound to: 19 - type: integer 
INFO: [Synth 8-3491] module 'myproject_mul_11s_8s_19_1_1' declared at '/home/dabadjiev/smartpixels_ml_dsabadjiev/Muon_Collider_Smart_Pixels/eric/Results_June2026_99SigEff/model2.5_fin_results/model2_5_8bit_normalised_selected/pareto_primary/hls_outputs_vsynth/hls_model_trial_075/myproject_prj/solution1/syn/vhdl/myproject_mul_11s_8s_19_1_1.vhd:7' bound to instance 'mul_11s_8s_19_1_1_U144' of component 'myproject_mul_11s_8s_19_1_1' [/home/dabadjiev/smartpixels_ml_dsabadjiev/Muon_Collider_Smart_Pixels/eric/Results_June2026_99SigEff/model2.5_fin_results/model2_5_8bit_normalised_selected/pareto_primary/hls_outputs_vsynth/hls_model_trial_075/myproject_prj/solution1/syn/vhdl/myproject_dense_resource_ap_fixed_16_6_5_3_0_ap_fixed_16_6_5_3_0_config14_s.vhd:4715]
	Parameter ID bound to: 1 - type: integer 
	Parameter NUM_STAGE bound to: 1 - type: integer 
	Parameter din0_WIDTH bound to: 11 - type: integer 
	Parameter din1_WIDTH bound to: 8 - type: integer 
	Parameter dout_WIDTH bound to: 19 - type: integer 
INFO: [Synth 8-3491] module 'myproject_mul_11s_8s_19_1_1' declared at '/home/dabadjiev/smartpixels_ml_dsabadjiev/Muon_Collider_Smart_Pixels/eric/Results_June2026_99SigEff/model2.5_fin_results/model2_5_8bit_normalised_selected/pareto_primary/hls_outputs_vsynth/hls_model_trial_075/myproject_prj/solution1/syn/vhdl/myproject_mul_11s_8s_19_1_1.vhd:7' bound to instance 'mul_11s_8s_19_1_1_U145' of component 'myproject_mul_11s_8s_19_1_1' [/home/dabadjiev/smartpixels_ml_dsabadjiev/Muon_Collider_Smart_Pixels/eric/Results_June2026_99SigEff/model2.5_fin_results/model2_5_8bit_normalised_selected/pareto_primary/hls_outputs_vsynth/hls_model_trial_075/myproject_prj/solution1/syn/vhdl/myproject_dense_resource_ap_fixed_16_6_5_3_0_ap_fixed_16_6_5_3_0_config14_s.vhd:4727]
	Parameter ID bound to: 1 - type: integer 
	Parameter NUM_STAGE bound to: 1 - type: integer 
	Parameter din0_WIDTH bound to: 11 - type: integer 
	Parameter din1_WIDTH bound to: 8 - type: integer 
	Parameter dout_WIDTH bound to: 19 - type: integer 
INFO: [Synth 8-3491] module 'myproject_mul_11s_8s_19_1_1' declared at '/home/dabadjiev/smartpixels_ml_dsabadjiev/Muon_Collider_Smart_Pixels/eric/Results_June2026_99SigEff/model2.5_fin_results/model2_5_8bit_normalised_selected/pareto_primary/hls_outputs_vsynth/hls_model_trial_075/myproject_prj/solution1/syn/vhdl/myproject_mul_11s_8s_19_1_1.vhd:7' bound to instance 'mul_11s_8s_19_1_1_U146' of component 'myproject_mul_11s_8s_19_1_1' [/home/dabadjiev/smartpixels_ml_dsabadjiev/Muon_Collider_Smart_Pixels/eric/Results_June2026_99SigEff/model2.5_fin_results/model2_5_8bit_normalised_selected/pareto_primary/hls_outputs_vsynth/hls_model_trial_075/myproject_prj/solution1/syn/vhdl/myproject_dense_resource_ap_fixed_16_6_5_3_0_ap_fixed_16_6_5_3_0_config14_s.vhd:4739]
	Parameter ID bound to: 1 - type: integer 
	Parameter NUM_STAGE bound to: 1 - type: integer 
	Parameter din0_WIDTH bound to: 11 - type: integer 
	Parameter din1_WIDTH bound to: 8 - type: integer 
	Parameter dout_WIDTH bound to: 19 - type: integer 
INFO: [Synth 8-3491] module 'myproject_mul_11s_8s_19_1_1' declared at '/home/dabadjiev/smartpixels_ml_dsabadjiev/Muon_Collider_Smart_Pixels/eric/Results_June2026_99SigEff/model2.5_fin_results/model2_5_8bit_normalised_selected/pareto_primary/hls_outputs_vsynth/hls_model_trial_075/myproject_prj/solution1/syn/vhdl/myproject_mul_11s_8s_19_1_1.vhd:7' bound to instance 'mul_11s_8s_19_1_1_U147' of component 'myproject_mul_11s_8s_19_1_1' [/home/dabadjiev/smartpixels_ml_dsabadjiev/Muon_Collider_Smart_Pixels/eric/Results_June2026_99SigEff/model2.5_fin_results/model2_5_8bit_normalised_selected/pareto_primary/hls_outputs_vsynth/hls_model_trial_075/myproject_prj/solution1/syn/vhdl/myproject_dense_resource_ap_fixed_16_6_5_3_0_ap_fixed_16_6_5_3_0_config14_s.vhd:4751]
	Parameter ID bound to: 1 - type: integer 
	Parameter NUM_STAGE bound to: 1 - type: integer 
	Parameter din0_WIDTH bound to: 11 - type: integer 
	Parameter din1_WIDTH bound to: 8 - type: integer 
	Parameter dout_WIDTH bound to: 19 - type: integer 
INFO: [Synth 8-3491] module 'myproject_mul_11s_8s_19_1_1' declared at '/home/dabadjiev/smartpixels_ml_dsabadjiev/Muon_Collider_Smart_Pixels/eric/Results_June2026_99SigEff/model2.5_fin_results/model2_5_8bit_normalised_selected/pareto_primary/hls_outputs_vsynth/hls_model_trial_075/myproject_prj/solution1/syn/vhdl/myproject_mul_11s_8s_19_1_1.vhd:7' bound to instance 'mul_11s_8s_19_1_1_U148' of component 'myproject_mul_11s_8s_19_1_1' [/home/dabadjiev/smartpixels_ml_dsabadjiev/Muon_Collider_Smart_Pixels/eric/Results_June2026_99SigEff/model2.5_fin_results/model2_5_8bit_normalised_selected/pareto_primary/hls_outputs_vsynth/hls_model_trial_075/myproject_prj/solution1/syn/vhdl/myproject_dense_resource_ap_fixed_16_6_5_3_0_ap_fixed_16_6_5_3_0_config14_s.vhd:4763]
	Parameter ID bound to: 1 - type: integer 
	Parameter NUM_STAGE bound to: 1 - type: integer 
	Parameter din0_WIDTH bound to: 11 - type: integer 
	Parameter din1_WIDTH bound to: 8 - type: integer 
	Parameter dout_WIDTH bound to: 19 - type: integer 
INFO: [Synth 8-3491] module 'myproject_mul_11s_8s_19_1_1' declared at '/home/dabadjiev/smartpixels_ml_dsabadjiev/Muon_Collider_Smart_Pixels/eric/Results_June2026_99SigEff/model2.5_fin_results/model2_5_8bit_normalised_selected/pareto_primary/hls_outputs_vsynth/hls_model_trial_075/myproject_prj/solution1/syn/vhdl/myproject_mul_11s_8s_19_1_1.vhd:7' bound to instance 'mul_11s_8s_19_1_1_U149' of component 'myproject_mul_11s_8s_19_1_1' [/home/dabadjiev/smartpixels_ml_dsabadjiev/Muon_Collider_Smart_Pixels/eric/Results_June2026_99SigEff/model2.5_fin_results/model2_5_8bit_normalised_selected/pareto_primary/hls_outputs_vsynth/hls_model_trial_075/myproject_prj/solution1/syn/vhdl/myproject_dense_resource_ap_fixed_16_6_5_3_0_ap_fixed_16_6_5_3_0_config14_s.vhd:4775]
	Parameter ID bound to: 1 - type: integer 
	Parameter NUM_STAGE bound to: 1 - type: integer 
	Parameter din0_WIDTH bound to: 11 - type: integer 
	Parameter din1_WIDTH bound to: 8 - type: integer 
	Parameter dout_WIDTH bound to: 19 - type: integer 
INFO: [Synth 8-3491] module 'myproject_mul_11s_8s_19_1_1' declared at '/home/dabadjiev/smartpixels_ml_dsabadjiev/Muon_Collider_Smart_Pixels/eric/Results_June2026_99SigEff/model2.5_fin_results/model2_5_8bit_normalised_selected/pareto_primary/hls_outputs_vsynth/hls_model_trial_075/myproject_prj/solution1/syn/vhdl/myproject_mul_11s_8s_19_1_1.vhd:7' bound to instance 'mul_11s_8s_19_1_1_U150' of component 'myproject_mul_11s_8s_19_1_1' [/home/dabadjiev/smartpixels_ml_dsabadjiev/Muon_Collider_Smart_Pixels/eric/Results_June2026_99SigEff/model2.5_fin_results/model2_5_8bit_normalised_selected/pareto_primary/hls_outputs_vsynth/hls_model_trial_075/myproject_prj/solution1/syn/vhdl/myproject_dense_resource_ap_fixed_16_6_5_3_0_ap_fixed_16_6_5_3_0_config14_s.vhd:4787]
	Parameter ID bound to: 1 - type: integer 
	Parameter NUM_STAGE bound to: 1 - type: integer 
	Parameter din0_WIDTH bound to: 11 - type: integer 
	Parameter din1_WIDTH bound to: 8 - type: integer 
	Parameter dout_WIDTH bound to: 19 - type: integer 
INFO: [Synth 8-3491] module 'myproject_mul_11s_8s_19_1_1' declared at '/home/dabadjiev/smartpixels_ml_dsabadjiev/Muon_Collider_Smart_Pixels/eric/Results_June2026_99SigEff/model2.5_fin_results/model2_5_8bit_normalised_selected/pareto_primary/hls_outputs_vsynth/hls_model_trial_075/myproject_prj/solution1/syn/vhdl/myproject_mul_11s_8s_19_1_1.vhd:7' bound to instance 'mul_11s_8s_19_1_1_U151' of component 'myproject_mul_11s_8s_19_1_1' [/home/dabadjiev/smartpixels_ml_dsabadjiev/Muon_Collider_Smart_Pixels/eric/Results_June2026_99SigEff/model2.5_fin_results/model2_5_8bit_normalised_selected/pareto_primary/hls_outputs_vsynth/hls_model_trial_075/myproject_prj/solution1/syn/vhdl/myproject_dense_resource_ap_fixed_16_6_5_3_0_ap_fixed_16_6_5_3_0_config14_s.vhd:4799]
	Parameter ID bound to: 1 - type: integer 
	Parameter NUM_STAGE bound to: 1 - type: integer 
	Parameter din0_WIDTH bound to: 11 - type: integer 
	Parameter din1_WIDTH bound to: 8 - type: integer 
	Parameter dout_WIDTH bound to: 19 - type: integer 
INFO: [Synth 8-3491] module 'myproject_mul_11s_8s_19_1_1' declared at '/home/dabadjiev/smartpixels_ml_dsabadjiev/Muon_Collider_Smart_Pixels/eric/Results_June2026_99SigEff/model2.5_fin_results/model2_5_8bit_normalised_selected/pareto_primary/hls_outputs_vsynth/hls_model_trial_075/myproject_prj/solution1/syn/vhdl/myproject_mul_11s_8s_19_1_1.vhd:7' bound to instance 'mul_11s_8s_19_1_1_U152' of component 'myproject_mul_11s_8s_19_1_1' [/home/dabadjiev/smartpixels_ml_dsabadjiev/Muon_Collider_Smart_Pixels/eric/Results_June2026_99SigEff/model2.5_fin_results/model2_5_8bit_normalised_selected/pareto_primary/hls_outputs_vsynth/hls_model_trial_075/myproject_prj/solution1/syn/vhdl/myproject_dense_resource_ap_fixed_16_6_5_3_0_ap_fixed_16_6_5_3_0_config14_s.vhd:4811]
	Parameter ID bound to: 1 - type: integer 
	Parameter NUM_STAGE bound to: 1 - type: integer 
	Parameter din0_WIDTH bound to: 11 - type: integer 
	Parameter din1_WIDTH bound to: 8 - type: integer 
	Parameter dout_WIDTH bound to: 19 - type: integer 
INFO: [Synth 8-3491] module 'myproject_mul_11s_8s_19_1_1' declared at '/home/dabadjiev/smartpixels_ml_dsabadjiev/Muon_Collider_Smart_Pixels/eric/Results_June2026_99SigEff/model2.5_fin_results/model2_5_8bit_normalised_selected/pareto_primary/hls_outputs_vsynth/hls_model_trial_075/myproject_prj/solution1/syn/vhdl/myproject_mul_11s_8s_19_1_1.vhd:7' bound to instance 'mul_11s_8s_19_1_1_U153' of component 'myproject_mul_11s_8s_19_1_1' [/home/dabadjiev/smartpixels_ml_dsabadjiev/Muon_Collider_Smart_Pixels/eric/Results_June2026_99SigEff/model2.5_fin_results/model2_5_8bit_normalised_selected/pareto_primary/hls_outputs_vsynth/hls_model_trial_075/myproject_prj/solution1/syn/vhdl/myproject_dense_resource_ap_fixed_16_6_5_3_0_ap_fixed_16_6_5_3_0_config14_s.vhd:4823]
	Parameter ID bound to: 1 - type: integer 
	Parameter NUM_STAGE bound to: 1 - type: integer 
	Parameter din0_WIDTH bound to: 11 - type: integer 
	Parameter din1_WIDTH bound to: 8 - type: integer 
	Parameter dout_WIDTH bound to: 19 - type: integer 
INFO: [Synth 8-3491] module 'myproject_mul_11s_8s_19_1_1' declared at '/home/dabadjiev/smartpixels_ml_dsabadjiev/Muon_Collider_Smart_Pixels/eric/Results_June2026_99SigEff/model2.5_fin_results/model2_5_8bit_normalised_selected/pareto_primary/hls_outputs_vsynth/hls_model_trial_075/myproject_prj/solution1/syn/vhdl/myproject_mul_11s_8s_19_1_1.vhd:7' bound to instance 'mul_11s_8s_19_1_1_U154' of component 'myproject_mul_11s_8s_19_1_1' [/home/dabadjiev/smartpixels_ml_dsabadjiev/Muon_Collider_Smart_Pixels/eric/Results_June2026_99SigEff/model2.5_fin_results/model2_5_8bit_normalised_selected/pareto_primary/hls_outputs_vsynth/hls_model_trial_075/myproject_prj/solution1/syn/vhdl/myproject_dense_resource_ap_fixed_16_6_5_3_0_ap_fixed_16_6_5_3_0_config14_s.vhd:4835]
	Parameter ID bound to: 1 - type: integer 
	Parameter NUM_STAGE bound to: 1 - type: integer 
	Parameter din0_WIDTH bound to: 11 - type: integer 
	Parameter din1_WIDTH bound to: 8 - type: integer 
	Parameter dout_WIDTH bound to: 19 - type: integer 
INFO: [Synth 8-3491] module 'myproject_mul_11s_8s_19_1_1' declared at '/home/dabadjiev/smartpixels_ml_dsabadjiev/Muon_Collider_Smart_Pixels/eric/Results_June2026_99SigEff/model2.5_fin_results/model2_5_8bit_normalised_selected/pareto_primary/hls_outputs_vsynth/hls_model_trial_075/myproject_prj/solution1/syn/vhdl/myproject_mul_11s_8s_19_1_1.vhd:7' bound to instance 'mul_11s_8s_19_1_1_U155' of component 'myproject_mul_11s_8s_19_1_1' [/home/dabadjiev/smartpixels_ml_dsabadjiev/Muon_Collider_Smart_Pixels/eric/Results_June2026_99SigEff/model2.5_fin_results/model2_5_8bit_normalised_selected/pareto_primary/hls_outputs_vsynth/hls_model_trial_075/myproject_prj/solution1/syn/vhdl/myproject_dense_resource_ap_fixed_16_6_5_3_0_ap_fixed_16_6_5_3_0_config14_s.vhd:4847]
	Parameter ID bound to: 1 - type: integer 
	Parameter NUM_STAGE bound to: 1 - type: integer 
	Parameter din0_WIDTH bound to: 11 - type: integer 
	Parameter din1_WIDTH bound to: 8 - type: integer 
	Parameter dout_WIDTH bound to: 19 - type: integer 
INFO: [Synth 8-3491] module 'myproject_mul_11s_8s_19_1_1' declared at '/home/dabadjiev/smartpixels_ml_dsabadjiev/Muon_Collider_Smart_Pixels/eric/Results_June2026_99SigEff/model2.5_fin_results/model2_5_8bit_normalised_selected/pareto_primary/hls_outputs_vsynth/hls_model_trial_075/myproject_prj/solution1/syn/vhdl/myproject_mul_11s_8s_19_1_1.vhd:7' bound to instance 'mul_11s_8s_19_1_1_U156' of component 'myproject_mul_11s_8s_19_1_1' [/home/dabadjiev/smartpixels_ml_dsabadjiev/Muon_Collider_Smart_Pixels/eric/Results_June2026_99SigEff/model2.5_fin_results/model2_5_8bit_normalised_selected/pareto_primary/hls_outputs_vsynth/hls_model_trial_075/myproject_prj/solution1/syn/vhdl/myproject_dense_resource_ap_fixed_16_6_5_3_0_ap_fixed_16_6_5_3_0_config14_s.vhd:4859]
	Parameter ID bound to: 1 - type: integer 
	Parameter NUM_STAGE bound to: 1 - type: integer 
	Parameter din0_WIDTH bound to: 11 - type: integer 
	Parameter din1_WIDTH bound to: 8 - type: integer 
	Parameter dout_WIDTH bound to: 19 - type: integer 
INFO: [Synth 8-3491] module 'myproject_mul_11s_8s_19_1_1' declared at '/home/dabadjiev/smartpixels_ml_dsabadjiev/Muon_Collider_Smart_Pixels/eric/Results_June2026_99SigEff/model2.5_fin_results/model2_5_8bit_normalised_selected/pareto_primary/hls_outputs_vsynth/hls_model_trial_075/myproject_prj/solution1/syn/vhdl/myproject_mul_11s_8s_19_1_1.vhd:7' bound to instance 'mul_11s_8s_19_1_1_U157' of component 'myproject_mul_11s_8s_19_1_1' [/home/dabadjiev/smartpixels_ml_dsabadjiev/Muon_Collider_Smart_Pixels/eric/Results_June2026_99SigEff/model2.5_fin_results/model2_5_8bit_normalised_selected/pareto_primary/hls_outputs_vsynth/hls_model_trial_075/myproject_prj/solution1/syn/vhdl/myproject_dense_resource_ap_fixed_16_6_5_3_0_ap_fixed_16_6_5_3_0_config14_s.vhd:4871]
	Parameter ID bound to: 1 - type: integer 
	Parameter NUM_STAGE bound to: 1 - type: integer 
	Parameter din0_WIDTH bound to: 11 - type: integer 
	Parameter din1_WIDTH bound to: 8 - type: integer 
	Parameter dout_WIDTH bound to: 19 - type: integer 
INFO: [Synth 8-3491] module 'myproject_mul_11s_8s_19_1_1' declared at '/home/dabadjiev/smartpixels_ml_dsabadjiev/Muon_Collider_Smart_Pixels/eric/Results_June2026_99SigEff/model2.5_fin_results/model2_5_8bit_normalised_selected/pareto_primary/hls_outputs_vsynth/hls_model_trial_075/myproject_prj/solution1/syn/vhdl/myproject_mul_11s_8s_19_1_1.vhd:7' bound to instance 'mul_11s_8s_19_1_1_U158' of component 'myproject_mul_11s_8s_19_1_1' [/home/dabadjiev/smartpixels_ml_dsabadjiev/Muon_Collider_Smart_Pixels/eric/Results_June2026_99SigEff/model2.5_fin_results/model2_5_8bit_normalised_selected/pareto_primary/hls_outputs_vsynth/hls_model_trial_075/myproject_prj/solution1/syn/vhdl/myproject_dense_resource_ap_fixed_16_6_5_3_0_ap_fixed_16_6_5_3_0_config14_s.vhd:4883]
	Parameter ID bound to: 1 - type: integer 
	Parameter NUM_STAGE bound to: 1 - type: integer 
	Parameter din0_WIDTH bound to: 11 - type: integer 
	Parameter din1_WIDTH bound to: 8 - type: integer 
	Parameter dout_WIDTH bound to: 19 - type: integer 
INFO: [Synth 8-3491] module 'myproject_mul_11s_8s_19_1_1' declared at '/home/dabadjiev/smartpixels_ml_dsabadjiev/Muon_Collider_Smart_Pixels/eric/Results_June2026_99SigEff/model2.5_fin_results/model2_5_8bit_normalised_selected/pareto_primary/hls_outputs_vsynth/hls_model_trial_075/myproject_prj/solution1/syn/vhdl/myproject_mul_11s_8s_19_1_1.vhd:7' bound to instance 'mul_11s_8s_19_1_1_U159' of component 'myproject_mul_11s_8s_19_1_1' [/home/dabadjiev/smartpixels_ml_dsabadjiev/Muon_Collider_Smart_Pixels/eric/Results_June2026_99SigEff/model2.5_fin_results/model2_5_8bit_normalised_selected/pareto_primary/hls_outputs_vsynth/hls_model_trial_075/myproject_prj/solution1/syn/vhdl/myproject_dense_resource_ap_fixed_16_6_5_3_0_ap_fixed_16_6_5_3_0_config14_s.vhd:4895]
	Parameter ID bound to: 1 - type: integer 
	Parameter NUM_STAGE bound to: 1 - type: integer 
	Parameter din0_WIDTH bound to: 11 - type: integer 
	Parameter din1_WIDTH bound to: 8 - type: integer 
	Parameter dout_WIDTH bound to: 19 - type: integer 
INFO: [Synth 8-3491] module 'myproject_mul_11s_8s_19_1_1' declared at '/home/dabadjiev/smartpixels_ml_dsabadjiev/Muon_Collider_Smart_Pixels/eric/Results_June2026_99SigEff/model2.5_fin_results/model2_5_8bit_normalised_selected/pareto_primary/hls_outputs_vsynth/hls_model_trial_075/myproject_prj/solution1/syn/vhdl/myproject_mul_11s_8s_19_1_1.vhd:7' bound to instance 'mul_11s_8s_19_1_1_U160' of component 'myproject_mul_11s_8s_19_1_1' [/home/dabadjiev/smartpixels_ml_dsabadjiev/Muon_Collider_Smart_Pixels/eric/Results_June2026_99SigEff/model2.5_fin_results/model2_5_8bit_normalised_selected/pareto_primary/hls_outputs_vsynth/hls_model_trial_075/myproject_prj/solution1/syn/vhdl/myproject_dense_resource_ap_fixed_16_6_5_3_0_ap_fixed_16_6_5_3_0_config14_s.vhd:4907]
	Parameter ID bound to: 1 - type: integer 
	Parameter NUM_STAGE bound to: 1 - type: integer 
	Parameter din0_WIDTH bound to: 11 - type: integer 
	Parameter din1_WIDTH bound to: 8 - type: integer 
	Parameter dout_WIDTH bound to: 19 - type: integer 
INFO: [Synth 8-3491] module 'myproject_mul_11s_8s_19_1_1' declared at '/home/dabadjiev/smartpixels_ml_dsabadjiev/Muon_Collider_Smart_Pixels/eric/Results_June2026_99SigEff/model2.5_fin_results/model2_5_8bit_normalised_selected/pareto_primary/hls_outputs_vsynth/hls_model_trial_075/myproject_prj/solution1/syn/vhdl/myproject_mul_11s_8s_19_1_1.vhd:7' bound to instance 'mul_11s_8s_19_1_1_U161' of component 'myproject_mul_11s_8s_19_1_1' [/home/dabadjiev/smartpixels_ml_dsabadjiev/Muon_Collider_Smart_Pixels/eric/Results_June2026_99SigEff/model2.5_fin_results/model2_5_8bit_normalised_selected/pareto_primary/hls_outputs_vsynth/hls_model_trial_075/myproject_prj/solution1/syn/vhdl/myproject_dense_resource_ap_fixed_16_6_5_3_0_ap_fixed_16_6_5_3_0_config14_s.vhd:4919]
	Parameter ID bound to: 1 - type: integer 
	Parameter NUM_STAGE bound to: 1 - type: integer 
	Parameter din0_WIDTH bound to: 11 - type: integer 
	Parameter din1_WIDTH bound to: 8 - type: integer 
	Parameter dout_WIDTH bound to: 19 - type: integer 
INFO: [Synth 8-3491] module 'myproject_mul_11s_8s_19_1_1' declared at '/home/dabadjiev/smartpixels_ml_dsabadjiev/Muon_Collider_Smart_Pixels/eric/Results_June2026_99SigEff/model2.5_fin_results/model2_5_8bit_normalised_selected/pareto_primary/hls_outputs_vsynth/hls_model_trial_075/myproject_prj/solution1/syn/vhdl/myproject_mul_11s_8s_19_1_1.vhd:7' bound to instance 'mul_11s_8s_19_1_1_U162' of component 'myproject_mul_11s_8s_19_1_1' [/home/dabadjiev/smartpixels_ml_dsabadjiev/Muon_Collider_Smart_Pixels/eric/Results_June2026_99SigEff/model2.5_fin_results/model2_5_8bit_normalised_selected/pareto_primary/hls_outputs_vsynth/hls_model_trial_075/myproject_prj/solution1/syn/vhdl/myproject_dense_resource_ap_fixed_16_6_5_3_0_ap_fixed_16_6_5_3_0_config14_s.vhd:4931]
	Parameter ID bound to: 1 - type: integer 
	Parameter NUM_STAGE bound to: 1 - type: integer 
	Parameter din0_WIDTH bound to: 11 - type: integer 
	Parameter din1_WIDTH bound to: 8 - type: integer 
	Parameter dout_WIDTH bound to: 19 - type: integer 
INFO: [Synth 8-3491] module 'myproject_mul_11s_8s_19_1_1' declared at '/home/dabadjiev/smartpixels_ml_dsabadjiev/Muon_Collider_Smart_Pixels/eric/Results_June2026_99SigEff/model2.5_fin_results/model2_5_8bit_normalised_selected/pareto_primary/hls_outputs_vsynth/hls_model_trial_075/myproject_prj/solution1/syn/vhdl/myproject_mul_11s_8s_19_1_1.vhd:7' bound to instance 'mul_11s_8s_19_1_1_U163' of component 'myproject_mul_11s_8s_19_1_1' [/home/dabadjiev/smartpixels_ml_dsabadjiev/Muon_Collider_Smart_Pixels/eric/Results_June2026_99SigEff/model2.5_fin_results/model2_5_8bit_normalised_selected/pareto_primary/hls_outputs_vsynth/hls_model_trial_075/myproject_prj/solution1/syn/vhdl/myproject_dense_resource_ap_fixed_16_6_5_3_0_ap_fixed_16_6_5_3_0_config14_s.vhd:4943]
	Parameter ID bound to: 1 - type: integer 
	Parameter NUM_STAGE bound to: 1 - type: integer 
	Parameter din0_WIDTH bound to: 11 - type: integer 
	Parameter din1_WIDTH bound to: 8 - type: integer 
	Parameter dout_WIDTH bound to: 19 - type: integer 
INFO: [Synth 8-3491] module 'myproject_mul_11s_8s_19_1_1' declared at '/home/dabadjiev/smartpixels_ml_dsabadjiev/Muon_Collider_Smart_Pixels/eric/Results_June2026_99SigEff/model2.5_fin_results/model2_5_8bit_normalised_selected/pareto_primary/hls_outputs_vsynth/hls_model_trial_075/myproject_prj/solution1/syn/vhdl/myproject_mul_11s_8s_19_1_1.vhd:7' bound to instance 'mul_11s_8s_19_1_1_U164' of component 'myproject_mul_11s_8s_19_1_1' [/home/dabadjiev/smartpixels_ml_dsabadjiev/Muon_Collider_Smart_Pixels/eric/Results_June2026_99SigEff/model2.5_fin_results/model2_5_8bit_normalised_selected/pareto_primary/hls_outputs_vsynth/hls_model_trial_075/myproject_prj/solution1/syn/vhdl/myproject_dense_resource_ap_fixed_16_6_5_3_0_ap_fixed_16_6_5_3_0_config14_s.vhd:4955]
	Parameter ID bound to: 1 - type: integer 
	Parameter NUM_STAGE bound to: 1 - type: integer 
	Parameter din0_WIDTH bound to: 11 - type: integer 
	Parameter din1_WIDTH bound to: 8 - type: integer 
	Parameter dout_WIDTH bound to: 19 - type: integer 
INFO: [Synth 8-3491] module 'myproject_mul_11s_8s_19_1_1' declared at '/home/dabadjiev/smartpixels_ml_dsabadjiev/Muon_Collider_Smart_Pixels/eric/Results_June2026_99SigEff/model2.5_fin_results/model2_5_8bit_normalised_selected/pareto_primary/hls_outputs_vsynth/hls_model_trial_075/myproject_prj/solution1/syn/vhdl/myproject_mul_11s_8s_19_1_1.vhd:7' bound to instance 'mul_11s_8s_19_1_1_U165' of component 'myproject_mul_11s_8s_19_1_1' [/home/dabadjiev/smartpixels_ml_dsabadjiev/Muon_Collider_Smart_Pixels/eric/Results_June2026_99SigEff/model2.5_fin_results/model2_5_8bit_normalised_selected/pareto_primary/hls_outputs_vsynth/hls_model_trial_075/myproject_prj/solution1/syn/vhdl/myproject_dense_resource_ap_fixed_16_6_5_3_0_ap_fixed_16_6_5_3_0_config14_s.vhd:4967]
	Parameter ID bound to: 1 - type: integer 
	Parameter NUM_STAGE bound to: 1 - type: integer 
	Parameter din0_WIDTH bound to: 11 - type: integer 
	Parameter din1_WIDTH bound to: 8 - type: integer 
	Parameter dout_WIDTH bound to: 19 - type: integer 
INFO: [Synth 8-3491] module 'myproject_mul_11s_8s_19_1_1' declared at '/home/dabadjiev/smartpixels_ml_dsabadjiev/Muon_Collider_Smart_Pixels/eric/Results_June2026_99SigEff/model2.5_fin_results/model2_5_8bit_normalised_selected/pareto_primary/hls_outputs_vsynth/hls_model_trial_075/myproject_prj/solution1/syn/vhdl/myproject_mul_11s_8s_19_1_1.vhd:7' bound to instance 'mul_11s_8s_19_1_1_U166' of component 'myproject_mul_11s_8s_19_1_1' [/home/dabadjiev/smartpixels_ml_dsabadjiev/Muon_Collider_Smart_Pixels/eric/Results_June2026_99SigEff/model2.5_fin_results/model2_5_8bit_normalised_selected/pareto_primary/hls_outputs_vsynth/hls_model_trial_075/myproject_prj/solution1/syn/vhdl/myproject_dense_resource_ap_fixed_16_6_5_3_0_ap_fixed_16_6_5_3_0_config14_s.vhd:4979]
	Parameter ID bound to: 1 - type: integer 
	Parameter NUM_STAGE bound to: 1 - type: integer 
	Parameter din0_WIDTH bound to: 11 - type: integer 
	Parameter din1_WIDTH bound to: 8 - type: integer 
	Parameter dout_WIDTH bound to: 19 - type: integer 
INFO: [Synth 8-3491] module 'myproject_mul_11s_8s_19_1_1' declared at '/home/dabadjiev/smartpixels_ml_dsabadjiev/Muon_Collider_Smart_Pixels/eric/Results_June2026_99SigEff/model2.5_fin_results/model2_5_8bit_normalised_selected/pareto_primary/hls_outputs_vsynth/hls_model_trial_075/myproject_prj/solution1/syn/vhdl/myproject_mul_11s_8s_19_1_1.vhd:7' bound to instance 'mul_11s_8s_19_1_1_U167' of component 'myproject_mul_11s_8s_19_1_1' [/home/dabadjiev/smartpixels_ml_dsabadjiev/Muon_Collider_Smart_Pixels/eric/Results_June2026_99SigEff/model2.5_fin_results/model2_5_8bit_normalised_selected/pareto_primary/hls_outputs_vsynth/hls_model_trial_075/myproject_prj/solution1/syn/vhdl/myproject_dense_resource_ap_fixed_16_6_5_3_0_ap_fixed_16_6_5_3_0_config14_s.vhd:4991]
INFO: [Common 17-14] Message 'Synth 8-3491' appears 100 times and further instances of the messages will be disabled. Use the Tcl command set_msg_config to change the current settings.
	Parameter ID bound to: 1 - type: integer 
	Parameter NUM_STAGE bound to: 1 - type: integer 
	Parameter din0_WIDTH bound to: 11 - type: integer 
	Parameter din1_WIDTH bound to: 8 - type: integer 
	Parameter dout_WIDTH bound to: 19 - type: integer 
	Parameter ID bound to: 1 - type: integer 
	Parameter NUM_STAGE bound to: 1 - type: integer 
	Parameter din0_WIDTH bound to: 11 - type: integer 
	Parameter din1_WIDTH bound to: 8 - type: integer 
	Parameter dout_WIDTH bound to: 19 - type: integer 
	Parameter ID bound to: 1 - type: integer 
	Parameter NUM_STAGE bound to: 1 - type: integer 
	Parameter din0_WIDTH bound to: 11 - type: integer 
	Parameter din1_WIDTH bound to: 8 - type: integer 
	Parameter dout_WIDTH bound to: 19 - type: integer 
	Parameter ID bound to: 1 - type: integer 
	Parameter NUM_STAGE bound to: 1 - type: integer 
	Parameter din0_WIDTH bound to: 11 - type: integer 
	Parameter din1_WIDTH bound to: 8 - type: integer 
	Parameter dout_WIDTH bound to: 19 - type: integer 
	Parameter ID bound to: 1 - type: integer 
	Parameter NUM_STAGE bound to: 1 - type: integer 
	Parameter din0_WIDTH bound to: 11 - type: integer 
	Parameter din1_WIDTH bound to: 8 - type: integer 
	Parameter dout_WIDTH bound to: 19 - type: integer 
	Parameter ID bound to: 1 - type: integer 
	Parameter NUM_STAGE bound to: 1 - type: integer 
	Parameter din0_WIDTH bound to: 11 - type: integer 
	Parameter din1_WIDTH bound to: 8 - type: integer 
	Parameter dout_WIDTH bound to: 19 - type: integer 
	Parameter ID bound to: 1 - type: integer 
	Parameter NUM_STAGE bound to: 1 - type: integer 
	Parameter din0_WIDTH bound to: 11 - type: integer 
	Parameter din1_WIDTH bound to: 8 - type: integer 
	Parameter dout_WIDTH bound to: 19 - type: integer 
	Parameter ID bound to: 1 - type: integer 
	Parameter NUM_STAGE bound to: 1 - type: integer 
	Parameter din0_WIDTH bound to: 11 - type: integer 
	Parameter din1_WIDTH bound to: 8 - type: integer 
	Parameter dout_WIDTH bound to: 19 - type: integer 
	Parameter ID bound to: 1 - type: integer 
	Parameter NUM_STAGE bound to: 1 - type: integer 
	Parameter din0_WIDTH bound to: 11 - type: integer 
	Parameter din1_WIDTH bound to: 8 - type: integer 
	Parameter dout_WIDTH bound to: 19 - type: integer 
	Parameter ID bound to: 1 - type: integer 
	Parameter NUM_STAGE bound to: 1 - type: integer 
	Parameter din0_WIDTH bound to: 11 - type: integer 
	Parameter din1_WIDTH bound to: 8 - type: integer 
	Parameter dout_WIDTH bound to: 19 - type: integer 
	Parameter ID bound to: 1 - type: integer 
	Parameter NUM_STAGE bound to: 1 - type: integer 
	Parameter din0_WIDTH bound to: 11 - type: integer 
	Parameter din1_WIDTH bound to: 8 - type: integer 
	Parameter dout_WIDTH bound to: 19 - type: integer 
	Parameter ID bound to: 1 - type: integer 
	Parameter NUM_STAGE bound to: 1 - type: integer 
	Parameter din0_WIDTH bound to: 11 - type: integer 
	Parameter din1_WIDTH bound to: 8 - type: integer 
	Parameter dout_WIDTH bound to: 19 - type: integer 
	Parameter ID bound to: 1 - type: integer 
	Parameter NUM_STAGE bound to: 1 - type: integer 
	Parameter din0_WIDTH bound to: 11 - type: integer 
	Parameter din1_WIDTH bound to: 8 - type: integer 
	Parameter dout_WIDTH bound to: 19 - type: integer 
	Parameter ID bound to: 1 - type: integer 
	Parameter NUM_STAGE bound to: 1 - type: integer 
	Parameter din0_WIDTH bound to: 11 - type: integer 
	Parameter din1_WIDTH bound to: 8 - type: integer 
	Parameter dout_WIDTH bound to: 19 - type: integer 
	Parameter ID bound to: 1 - type: integer 
	Parameter NUM_STAGE bound to: 1 - type: integer 
	Parameter din0_WIDTH bound to: 11 - type: integer 
	Parameter din1_WIDTH bound to: 8 - type: integer 
	Parameter dout_WIDTH bound to: 19 - type: integer 
	Parameter ID bound to: 1 - type: integer 
	Parameter NUM_STAGE bound to: 1 - type: integer 
	Parameter din0_WIDTH bound to: 11 - type: integer 
	Parameter din1_WIDTH bound to: 8 - type: integer 
	Parameter dout_WIDTH bound to: 19 - type: integer 
	Parameter ID bound to: 1 - type: integer 
	Parameter NUM_STAGE bound to: 1 - type: integer 
	Parameter din0_WIDTH bound to: 11 - type: integer 
	Parameter din1_WIDTH bound to: 8 - type: integer 
	Parameter dout_WIDTH bound to: 19 - type: integer 
	Parameter ID bound to: 1 - type: integer 
	Parameter NUM_STAGE bound to: 1 - type: integer 
	Parameter din0_WIDTH bound to: 11 - type: integer 
	Parameter din1_WIDTH bound to: 8 - type: integer 
	Parameter dout_WIDTH bound to: 19 - type: integer 
	Parameter ID bound to: 1 - type: integer 
	Parameter NUM_STAGE bound to: 1 - type: integer 
	Parameter din0_WIDTH bound to: 11 - type: integer 
	Parameter din1_WIDTH bound to: 8 - type: integer 
	Parameter dout_WIDTH bound to: 19 - type: integer 
	Parameter ID bound to: 1 - type: integer 
	Parameter NUM_STAGE bound to: 1 - type: integer 
	Parameter din0_WIDTH bound to: 11 - type: integer 
	Parameter din1_WIDTH bound to: 8 - type: integer 
	Parameter dout_WIDTH bound to: 19 - type: integer 
	Parameter ID bound to: 1 - type: integer 
	Parameter NUM_STAGE bound to: 1 - type: integer 
	Parameter din0_WIDTH bound to: 11 - type: integer 
	Parameter din1_WIDTH bound to: 8 - type: integer 
	Parameter dout_WIDTH bound to: 19 - type: integer 
	Parameter ID bound to: 1 - type: integer 
	Parameter NUM_STAGE bound to: 1 - type: integer 
	Parameter din0_WIDTH bound to: 11 - type: integer 
	Parameter din1_WIDTH bound to: 8 - type: integer 
	Parameter dout_WIDTH bound to: 19 - type: integer 
	Parameter ID bound to: 1 - type: integer 
	Parameter NUM_STAGE bound to: 1 - type: integer 
	Parameter din0_WIDTH bound to: 11 - type: integer 
	Parameter din1_WIDTH bound to: 8 - type: integer 
	Parameter dout_WIDTH bound to: 19 - type: integer 
	Parameter ID bound to: 1 - type: integer 
	Parameter NUM_STAGE bound to: 1 - type: integer 
	Parameter din0_WIDTH bound to: 11 - type: integer 
	Parameter din1_WIDTH bound to: 8 - type: integer 
	Parameter dout_WIDTH bound to: 19 - type: integer 
	Parameter ID bound to: 1 - type: integer 
	Parameter NUM_STAGE bound to: 1 - type: integer 
	Parameter din0_WIDTH bound to: 11 - type: integer 
	Parameter din1_WIDTH bound to: 8 - type: integer 
	Parameter dout_WIDTH bound to: 19 - type: integer 
	Parameter ID bound to: 1 - type: integer 
	Parameter NUM_STAGE bound to: 1 - type: integer 
	Parameter din0_WIDTH bound to: 11 - type: integer 
	Parameter din1_WIDTH bound to: 8 - type: integer 
	Parameter dout_WIDTH bound to: 19 - type: integer 
	Parameter ID bound to: 1 - type: integer 
	Parameter NUM_STAGE bound to: 1 - type: integer 
	Parameter din0_WIDTH bound to: 11 - type: integer 
	Parameter din1_WIDTH bound to: 8 - type: integer 
	Parameter dout_WIDTH bound to: 19 - type: integer 
	Parameter ID bound to: 1 - type: integer 
	Parameter NUM_STAGE bound to: 1 - type: integer 
	Parameter din0_WIDTH bound to: 11 - type: integer 
	Parameter din1_WIDTH bound to: 8 - type: integer 
	Parameter dout_WIDTH bound to: 19 - type: integer 
	Parameter ID bound to: 1 - type: integer 
	Parameter NUM_STAGE bound to: 1 - type: integer 
	Parameter din0_WIDTH bound to: 11 - type: integer 
	Parameter din1_WIDTH bound to: 8 - type: integer 
	Parameter dout_WIDTH bound to: 19 - type: integer 
	Parameter ID bound to: 1 - type: integer 
	Parameter NUM_STAGE bound to: 1 - type: integer 
	Parameter din0_WIDTH bound to: 11 - type: integer 
	Parameter din1_WIDTH bound to: 8 - type: integer 
	Parameter dout_WIDTH bound to: 19 - type: integer 
	Parameter ID bound to: 1 - type: integer 
	Parameter NUM_STAGE bound to: 1 - type: integer 
	Parameter din0_WIDTH bound to: 11 - type: integer 
	Parameter din1_WIDTH bound to: 8 - type: integer 
	Parameter dout_WIDTH bound to: 19 - type: integer 
	Parameter ID bound to: 1 - type: integer 
	Parameter NUM_STAGE bound to: 1 - type: integer 
	Parameter din0_WIDTH bound to: 11 - type: integer 
	Parameter din1_WIDTH bound to: 8 - type: integer 
	Parameter dout_WIDTH bound to: 19 - type: integer 
	Parameter ID bound to: 1 - type: integer 
	Parameter NUM_STAGE bound to: 1 - type: integer 
	Parameter din0_WIDTH bound to: 11 - type: integer 
	Parameter din1_WIDTH bound to: 8 - type: integer 
	Parameter dout_WIDTH bound to: 19 - type: integer 
	Parameter ID bound to: 1 - type: integer 
	Parameter NUM_STAGE bound to: 1 - type: integer 
	Parameter din0_WIDTH bound to: 11 - type: integer 
	Parameter din1_WIDTH bound to: 8 - type: integer 
	Parameter dout_WIDTH bound to: 19 - type: integer 
	Parameter ID bound to: 1 - type: integer 
	Parameter NUM_STAGE bound to: 1 - type: integer 
	Parameter din0_WIDTH bound to: 11 - type: integer 
	Parameter din1_WIDTH bound to: 8 - type: integer 
	Parameter dout_WIDTH bound to: 19 - type: integer 
	Parameter ID bound to: 1 - type: integer 
	Parameter NUM_STAGE bound to: 1 - type: integer 
	Parameter din0_WIDTH bound to: 11 - type: integer 
	Parameter din1_WIDTH bound to: 8 - type: integer 
	Parameter dout_WIDTH bound to: 19 - type: integer 
	Parameter ID bound to: 1 - type: integer 
	Parameter NUM_STAGE bound to: 1 - type: integer 
	Parameter din0_WIDTH bound to: 11 - type: integer 
	Parameter din1_WIDTH bound to: 8 - type: integer 
	Parameter dout_WIDTH bound to: 19 - type: integer 
	Parameter ID bound to: 1 - type: integer 
	Parameter NUM_STAGE bound to: 1 - type: integer 
	Parameter din0_WIDTH bound to: 11 - type: integer 
	Parameter din1_WIDTH bound to: 8 - type: integer 
	Parameter dout_WIDTH bound to: 19 - type: integer 
	Parameter ID bound to: 1 - type: integer 
	Parameter NUM_STAGE bound to: 1 - type: integer 
	Parameter din0_WIDTH bound to: 11 - type: integer 
	Parameter din1_WIDTH bound to: 8 - type: integer 
	Parameter dout_WIDTH bound to: 19 - type: integer 
	Parameter ID bound to: 1 - type: integer 
	Parameter NUM_STAGE bound to: 1 - type: integer 
	Parameter din0_WIDTH bound to: 11 - type: integer 
	Parameter din1_WIDTH bound to: 8 - type: integer 
	Parameter dout_WIDTH bound to: 19 - type: integer 
	Parameter ID bound to: 1 - type: integer 
	Parameter NUM_STAGE bound to: 1 - type: integer 
	Parameter din0_WIDTH bound to: 11 - type: integer 
	Parameter din1_WIDTH bound to: 8 - type: integer 
	Parameter dout_WIDTH bound to: 19 - type: integer 
	Parameter ID bound to: 1 - type: integer 
	Parameter NUM_STAGE bound to: 1 - type: integer 
	Parameter din0_WIDTH bound to: 11 - type: integer 
	Parameter din1_WIDTH bound to: 8 - type: integer 
	Parameter dout_WIDTH bound to: 19 - type: integer 
	Parameter ID bound to: 1 - type: integer 
	Parameter NUM_STAGE bound to: 1 - type: integer 
	Parameter din0_WIDTH bound to: 11 - type: integer 
	Parameter din1_WIDTH bound to: 8 - type: integer 
	Parameter dout_WIDTH bound to: 19 - type: integer 
	Parameter ID bound to: 1 - type: integer 
	Parameter NUM_STAGE bound to: 1 - type: integer 
	Parameter din0_WIDTH bound to: 11 - type: integer 
	Parameter din1_WIDTH bound to: 8 - type: integer 
	Parameter dout_WIDTH bound to: 19 - type: integer 
	Parameter ID bound to: 1 - type: integer 
	Parameter NUM_STAGE bound to: 1 - type: integer 
	Parameter din0_WIDTH bound to: 11 - type: integer 
	Parameter din1_WIDTH bound to: 8 - type: integer 
	Parameter dout_WIDTH bound to: 19 - type: integer 
	Parameter ID bound to: 1 - type: integer 
	Parameter NUM_STAGE bound to: 1 - type: integer 
	Parameter din0_WIDTH bound to: 11 - type: integer 
	Parameter din1_WIDTH bound to: 8 - type: integer 
	Parameter dout_WIDTH bound to: 19 - type: integer 
	Parameter ID bound to: 1 - type: integer 
	Parameter NUM_STAGE bound to: 1 - type: integer 
	Parameter din0_WIDTH bound to: 11 - type: integer 
	Parameter din1_WIDTH bound to: 8 - type: integer 
	Parameter dout_WIDTH bound to: 19 - type: integer 
	Parameter ID bound to: 1 - type: integer 
	Parameter NUM_STAGE bound to: 1 - type: integer 
	Parameter din0_WIDTH bound to: 11 - type: integer 
	Parameter din1_WIDTH bound to: 8 - type: integer 
	Parameter dout_WIDTH bound to: 19 - type: integer 
	Parameter ID bound to: 1 - type: integer 
	Parameter NUM_STAGE bound to: 1 - type: integer 
	Parameter din0_WIDTH bound to: 11 - type: integer 
	Parameter din1_WIDTH bound to: 8 - type: integer 
	Parameter dout_WIDTH bound to: 19 - type: integer 
	Parameter ID bound to: 1 - type: integer 
	Parameter NUM_STAGE bound to: 1 - type: integer 
	Parameter din0_WIDTH bound to: 11 - type: integer 
	Parameter din1_WIDTH bound to: 8 - type: integer 
	Parameter dout_WIDTH bound to: 19 - type: integer 
	Parameter ID bound to: 1 - type: integer 
	Parameter NUM_STAGE bound to: 1 - type: integer 
	Parameter din0_WIDTH bound to: 11 - type: integer 
	Parameter din1_WIDTH bound to: 8 - type: integer 
	Parameter dout_WIDTH bound to: 19 - type: integer 
	Parameter ID bound to: 1 - type: integer 
	Parameter NUM_STAGE bound to: 1 - type: integer 
	Parameter din0_WIDTH bound to: 11 - type: integer 
	Parameter din1_WIDTH bound to: 8 - type: integer 
	Parameter dout_WIDTH bound to: 19 - type: integer 
	Parameter ID bound to: 1 - type: integer 
	Parameter NUM_STAGE bound to: 1 - type: integer 
	Parameter din0_WIDTH bound to: 11 - type: integer 
	Parameter din1_WIDTH bound to: 8 - type: integer 
	Parameter dout_WIDTH bound to: 19 - type: integer 
	Parameter ID bound to: 1 - type: integer 
	Parameter NUM_STAGE bound to: 1 - type: integer 
	Parameter din0_WIDTH bound to: 11 - type: integer 
	Parameter din1_WIDTH bound to: 8 - type: integer 
	Parameter dout_WIDTH bound to: 19 - type: integer 
	Parameter ID bound to: 1 - type: integer 
	Parameter NUM_STAGE bound to: 1 - type: integer 
	Parameter din0_WIDTH bound to: 11 - type: integer 
	Parameter din1_WIDTH bound to: 8 - type: integer 
	Parameter dout_WIDTH bound to: 19 - type: integer 
	Parameter ID bound to: 1 - type: integer 
	Parameter NUM_STAGE bound to: 1 - type: integer 
	Parameter din0_WIDTH bound to: 11 - type: integer 
	Parameter din1_WIDTH bound to: 8 - type: integer 
	Parameter dout_WIDTH bound to: 19 - type: integer 
	Parameter ID bound to: 1 - type: integer 
	Parameter NUM_STAGE bound to: 1 - type: integer 
	Parameter din0_WIDTH bound to: 11 - type: integer 
	Parameter din1_WIDTH bound to: 8 - type: integer 
	Parameter dout_WIDTH bound to: 19 - type: integer 
	Parameter ID bound to: 1 - type: integer 
	Parameter NUM_STAGE bound to: 1 - type: integer 
	Parameter din0_WIDTH bound to: 11 - type: integer 
	Parameter din1_WIDTH bound to: 8 - type: integer 
	Parameter dout_WIDTH bound to: 19 - type: integer 
	Parameter ID bound to: 1 - type: integer 
	Parameter NUM_STAGE bound to: 1 - type: integer 
	Parameter din0_WIDTH bound to: 11 - type: integer 
	Parameter din1_WIDTH bound to: 8 - type: integer 
	Parameter dout_WIDTH bound to: 19 - type: integer 
	Parameter ID bound to: 1 - type: integer 
	Parameter NUM_STAGE bound to: 1 - type: integer 
	Parameter din0_WIDTH bound to: 11 - type: integer 
	Parameter din1_WIDTH bound to: 8 - type: integer 
	Parameter dout_WIDTH bound to: 19 - type: integer 
	Parameter ID bound to: 1 - type: integer 
	Parameter NUM_STAGE bound to: 1 - type: integer 
	Parameter din0_WIDTH bound to: 11 - type: integer 
	Parameter din1_WIDTH bound to: 8 - type: integer 
	Parameter dout_WIDTH bound to: 19 - type: integer 
	Parameter ID bound to: 1 - type: integer 
	Parameter NUM_STAGE bound to: 1 - type: integer 
	Parameter din0_WIDTH bound to: 11 - type: integer 
	Parameter din1_WIDTH bound to: 8 - type: integer 
	Parameter dout_WIDTH bound to: 19 - type: integer 
	Parameter ID bound to: 1 - type: integer 
	Parameter NUM_STAGE bound to: 1 - type: integer 
	Parameter din0_WIDTH bound to: 11 - type: integer 
	Parameter din1_WIDTH bound to: 8 - type: integer 
	Parameter dout_WIDTH bound to: 19 - type: integer 
	Parameter ID bound to: 1 - type: integer 
	Parameter NUM_STAGE bound to: 1 - type: integer 
	Parameter din0_WIDTH bound to: 11 - type: integer 
	Parameter din1_WIDTH bound to: 8 - type: integer 
	Parameter dout_WIDTH bound to: 19 - type: integer 
	Parameter ID bound to: 1 - type: integer 
	Parameter NUM_STAGE bound to: 1 - type: integer 
	Parameter din0_WIDTH bound to: 11 - type: integer 
	Parameter din1_WIDTH bound to: 8 - type: integer 
	Parameter dout_WIDTH bound to: 19 - type: integer 
	Parameter ID bound to: 1 - type: integer 
	Parameter NUM_STAGE bound to: 1 - type: integer 
	Parameter din0_WIDTH bound to: 11 - type: integer 
	Parameter din1_WIDTH bound to: 8 - type: integer 
	Parameter dout_WIDTH bound to: 19 - type: integer 
	Parameter ID bound to: 1 - type: integer 
	Parameter NUM_STAGE bound to: 1 - type: integer 
	Parameter din0_WIDTH bound to: 11 - type: integer 
	Parameter din1_WIDTH bound to: 8 - type: integer 
	Parameter dout_WIDTH bound to: 19 - type: integer 
	Parameter ID bound to: 1 - type: integer 
	Parameter NUM_STAGE bound to: 1 - type: integer 
	Parameter din0_WIDTH bound to: 11 - type: integer 
	Parameter din1_WIDTH bound to: 8 - type: integer 
	Parameter dout_WIDTH bound to: 19 - type: integer 
	Parameter ID bound to: 1 - type: integer 
	Parameter NUM_STAGE bound to: 1 - type: integer 
	Parameter din0_WIDTH bound to: 11 - type: integer 
	Parameter din1_WIDTH bound to: 8 - type: integer 
	Parameter dout_WIDTH bound to: 19 - type: integer 
	Parameter ID bound to: 1 - type: integer 
	Parameter NUM_STAGE bound to: 1 - type: integer 
	Parameter din0_WIDTH bound to: 11 - type: integer 
	Parameter din1_WIDTH bound to: 8 - type: integer 
	Parameter dout_WIDTH bound to: 19 - type: integer 
	Parameter ID bound to: 1 - type: integer 
	Parameter NUM_STAGE bound to: 1 - type: integer 
	Parameter din0_WIDTH bound to: 11 - type: integer 
	Parameter din1_WIDTH bound to: 8 - type: integer 
	Parameter dout_WIDTH bound to: 19 - type: integer 
	Parameter ID bound to: 1 - type: integer 
	Parameter NUM_STAGE bound to: 1 - type: integer 
	Parameter din0_WIDTH bound to: 11 - type: integer 
	Parameter din1_WIDTH bound to: 8 - type: integer 
	Parameter dout_WIDTH bound to: 19 - type: integer 
	Parameter ID bound to: 1 - type: integer 
	Parameter NUM_STAGE bound to: 1 - type: integer 
	Parameter din0_WIDTH bound to: 11 - type: integer 
	Parameter din1_WIDTH bound to: 8 - type: integer 
	Parameter dout_WIDTH bound to: 19 - type: integer 
	Parameter ID bound to: 1 - type: integer 
	Parameter NUM_STAGE bound to: 1 - type: integer 
	Parameter din0_WIDTH bound to: 11 - type: integer 
	Parameter din1_WIDTH bound to: 8 - type: integer 
	Parameter dout_WIDTH bound to: 19 - type: integer 
	Parameter ID bound to: 1 - type: integer 
	Parameter NUM_STAGE bound to: 1 - type: integer 
	Parameter din0_WIDTH bound to: 11 - type: integer 
	Parameter din1_WIDTH bound to: 8 - type: integer 
	Parameter dout_WIDTH bound to: 19 - type: integer 
	Parameter ID bound to: 1 - type: integer 
	Parameter NUM_STAGE bound to: 1 - type: integer 
	Parameter din0_WIDTH bound to: 11 - type: integer 
	Parameter din1_WIDTH bound to: 8 - type: integer 
	Parameter dout_WIDTH bound to: 19 - type: integer 
	Parameter ID bound to: 1 - type: integer 
	Parameter NUM_STAGE bound to: 1 - type: integer 
	Parameter din0_WIDTH bound to: 11 - type: integer 
	Parameter din1_WIDTH bound to: 8 - type: integer 
	Parameter dout_WIDTH bound to: 19 - type: integer 
	Parameter ID bound to: 1 - type: integer 
	Parameter NUM_STAGE bound to: 1 - type: integer 
	Parameter din0_WIDTH bound to: 11 - type: integer 
	Parameter din1_WIDTH bound to: 8 - type: integer 
	Parameter dout_WIDTH bound to: 19 - type: integer 
	Parameter ID bound to: 1 - type: integer 
	Parameter NUM_STAGE bound to: 1 - type: integer 
	Parameter din0_WIDTH bound to: 11 - type: integer 
	Parameter din1_WIDTH bound to: 8 - type: integer 
	Parameter dout_WIDTH bound to: 19 - type: integer 
	Parameter ID bound to: 1 - type: integer 
	Parameter NUM_STAGE bound to: 1 - type: integer 
	Parameter din0_WIDTH bound to: 11 - type: integer 
	Parameter din1_WIDTH bound to: 8 - type: integer 
	Parameter dout_WIDTH bound to: 19 - type: integer 
	Parameter ID bound to: 1 - type: integer 
	Parameter NUM_STAGE bound to: 1 - type: integer 
	Parameter din0_WIDTH bound to: 11 - type: integer 
	Parameter din1_WIDTH bound to: 8 - type: integer 
	Parameter dout_WIDTH bound to: 19 - type: integer 
	Parameter ID bound to: 1 - type: integer 
	Parameter NUM_STAGE bound to: 1 - type: integer 
	Parameter din0_WIDTH bound to: 11 - type: integer 
	Parameter din1_WIDTH bound to: 8 - type: integer 
	Parameter dout_WIDTH bound to: 19 - type: integer 
	Parameter ID bound to: 1 - type: integer 
	Parameter NUM_STAGE bound to: 1 - type: integer 
	Parameter din0_WIDTH bound to: 11 - type: integer 
	Parameter din1_WIDTH bound to: 8 - type: integer 
	Parameter dout_WIDTH bound to: 19 - type: integer 
	Parameter ID bound to: 1 - type: integer 
	Parameter NUM_STAGE bound to: 1 - type: integer 
	Parameter din0_WIDTH bound to: 11 - type: integer 
	Parameter din1_WIDTH bound to: 8 - type: integer 
	Parameter dout_WIDTH bound to: 19 - type: integer 
	Parameter ID bound to: 1 - type: integer 
	Parameter NUM_STAGE bound to: 1 - type: integer 
	Parameter din0_WIDTH bound to: 11 - type: integer 
	Parameter din1_WIDTH bound to: 8 - type: integer 
	Parameter dout_WIDTH bound to: 19 - type: integer 
	Parameter ID bound to: 1 - type: integer 
	Parameter NUM_STAGE bound to: 1 - type: integer 
	Parameter din0_WIDTH bound to: 11 - type: integer 
	Parameter din1_WIDTH bound to: 8 - type: integer 
	Parameter dout_WIDTH bound to: 19 - type: integer 
	Parameter ID bound to: 1 - type: integer 
	Parameter NUM_STAGE bound to: 1 - type: integer 
	Parameter din0_WIDTH bound to: 11 - type: integer 
	Parameter din1_WIDTH bound to: 8 - type: integer 
	Parameter dout_WIDTH bound to: 19 - type: integer 
	Parameter ID bound to: 1 - type: integer 
	Parameter NUM_STAGE bound to: 1 - type: integer 
	Parameter din0_WIDTH bound to: 11 - type: integer 
	Parameter din1_WIDTH bound to: 8 - type: integer 
	Parameter dout_WIDTH bound to: 19 - type: integer 
	Parameter ID bound to: 1 - type: integer 
	Parameter NUM_STAGE bound to: 1 - type: integer 
	Parameter din0_WIDTH bound to: 11 - type: integer 
	Parameter din1_WIDTH bound to: 8 - type: integer 
	Parameter dout_WIDTH bound to: 19 - type: integer 
	Parameter ID bound to: 1 - type: integer 
	Parameter NUM_STAGE bound to: 1 - type: integer 
	Parameter din0_WIDTH bound to: 11 - type: integer 
	Parameter din1_WIDTH bound to: 8 - type: integer 
	Parameter dout_WIDTH bound to: 19 - type: integer 
	Parameter ID bound to: 1 - type: integer 
	Parameter NUM_STAGE bound to: 1 - type: integer 
	Parameter din0_WIDTH bound to: 11 - type: integer 
	Parameter din1_WIDTH bound to: 8 - type: integer 
	Parameter dout_WIDTH bound to: 19 - type: integer 
	Parameter ID bound to: 1 - type: integer 
	Parameter NUM_STAGE bound to: 1 - type: integer 
	Parameter din0_WIDTH bound to: 11 - type: integer 
	Parameter din1_WIDTH bound to: 8 - type: integer 
	Parameter dout_WIDTH bound to: 19 - type: integer 
	Parameter ID bound to: 1 - type: integer 
	Parameter NUM_STAGE bound to: 1 - type: integer 
	Parameter din0_WIDTH bound to: 11 - type: integer 
	Parameter din1_WIDTH bound to: 8 - type: integer 
	Parameter dout_WIDTH bound to: 19 - type: integer 
	Parameter ID bound to: 1 - type: integer 
	Parameter NUM_STAGE bound to: 1 - type: integer 
	Parameter din0_WIDTH bound to: 11 - type: integer 
	Parameter din1_WIDTH bound to: 8 - type: integer 
	Parameter dout_WIDTH bound to: 19 - type: integer 
	Parameter ID bound to: 1 - type: integer 
	Parameter NUM_STAGE bound to: 1 - type: integer 
	Parameter din0_WIDTH bound to: 11 - type: integer 
	Parameter din1_WIDTH bound to: 8 - type: integer 
	Parameter dout_WIDTH bound to: 19 - type: integer 
	Parameter ID bound to: 1 - type: integer 
	Parameter NUM_STAGE bound to: 1 - type: integer 
	Parameter din0_WIDTH bound to: 11 - type: integer 
	Parameter din1_WIDTH bound to: 8 - type: integer 
	Parameter dout_WIDTH bound to: 19 - type: integer 
	Parameter ID bound to: 1 - type: integer 
	Parameter NUM_STAGE bound to: 1 - type: integer 
	Parameter din0_WIDTH bound to: 11 - type: integer 
	Parameter din1_WIDTH bound to: 8 - type: integer 
	Parameter dout_WIDTH bound to: 19 - type: integer 
	Parameter ID bound to: 1 - type: integer 
	Parameter NUM_STAGE bound to: 1 - type: integer 
	Parameter din0_WIDTH bound to: 11 - type: integer 
	Parameter din1_WIDTH bound to: 8 - type: integer 
	Parameter dout_WIDTH bound to: 19 - type: integer 
	Parameter ID bound to: 1 - type: integer 
	Parameter NUM_STAGE bound to: 1 - type: integer 
	Parameter din0_WIDTH bound to: 11 - type: integer 
	Parameter din1_WIDTH bound to: 8 - type: integer 
	Parameter dout_WIDTH bound to: 19 - type: integer 
	Parameter ID bound to: 1 - type: integer 
	Parameter NUM_STAGE bound to: 1 - type: integer 
	Parameter din0_WIDTH bound to: 11 - type: integer 
	Parameter din1_WIDTH bound to: 8 - type: integer 
	Parameter dout_WIDTH bound to: 19 - type: integer 
	Parameter ID bound to: 1 - type: integer 
	Parameter NUM_STAGE bound to: 1 - type: integer 
	Parameter din0_WIDTH bound to: 11 - type: integer 
	Parameter din1_WIDTH bound to: 8 - type: integer 
	Parameter dout_WIDTH bound to: 19 - type: integer 
	Parameter ID bound to: 1 - type: integer 
	Parameter NUM_STAGE bound to: 1 - type: integer 
	Parameter din0_WIDTH bound to: 11 - type: integer 
	Parameter din1_WIDTH bound to: 8 - type: integer 
	Parameter dout_WIDTH bound to: 19 - type: integer 
	Parameter ID bound to: 1 - type: integer 
	Parameter NUM_STAGE bound to: 1 - type: integer 
	Parameter din0_WIDTH bound to: 11 - type: integer 
	Parameter din1_WIDTH bound to: 8 - type: integer 
	Parameter dout_WIDTH bound to: 19 - type: integer 
	Parameter ID bound to: 1 - type: integer 
	Parameter NUM_STAGE bound to: 1 - type: integer 
	Parameter din0_WIDTH bound to: 11 - type: integer 
	Parameter din1_WIDTH bound to: 8 - type: integer 
	Parameter dout_WIDTH bound to: 19 - type: integer 
	Parameter ID bound to: 1 - type: integer 
	Parameter NUM_STAGE bound to: 1 - type: integer 
	Parameter din0_WIDTH bound to: 11 - type: integer 
	Parameter din1_WIDTH bound to: 8 - type: integer 
	Parameter dout_WIDTH bound to: 19 - type: integer 
	Parameter ID bound to: 1 - type: integer 
	Parameter NUM_STAGE bound to: 1 - type: integer 
	Parameter din0_WIDTH bound to: 11 - type: integer 
	Parameter din1_WIDTH bound to: 8 - type: integer 
	Parameter dout_WIDTH bound to: 19 - type: integer 
	Parameter ID bound to: 1 - type: integer 
	Parameter NUM_STAGE bound to: 1 - type: integer 
	Parameter din0_WIDTH bound to: 11 - type: integer 
	Parameter din1_WIDTH bound to: 8 - type: integer 
	Parameter dout_WIDTH bound to: 19 - type: integer 
	Parameter ID bound to: 1 - type: integer 
	Parameter NUM_STAGE bound to: 1 - type: integer 
	Parameter din0_WIDTH bound to: 11 - type: integer 
	Parameter din1_WIDTH bound to: 8 - type: integer 
	Parameter dout_WIDTH bound to: 19 - type: integer 
	Parameter ID bound to: 1 - type: integer 
	Parameter NUM_STAGE bound to: 1 - type: integer 
	Parameter din0_WIDTH bound to: 11 - type: integer 
	Parameter din1_WIDTH bound to: 8 - type: integer 
	Parameter dout_WIDTH bound to: 19 - type: integer 
	Parameter ID bound to: 1 - type: integer 
	Parameter NUM_STAGE bound to: 1 - type: integer 
	Parameter din0_WIDTH bound to: 11 - type: integer 
	Parameter din1_WIDTH bound to: 8 - type: integer 
	Parameter dout_WIDTH bound to: 19 - type: integer 
	Parameter ID bound to: 1 - type: integer 
	Parameter NUM_STAGE bound to: 1 - type: integer 
	Parameter din0_WIDTH bound to: 11 - type: integer 
	Parameter din1_WIDTH bound to: 8 - type: integer 
	Parameter dout_WIDTH bound to: 19 - type: integer 
	Parameter ID bound to: 1 - type: integer 
	Parameter NUM_STAGE bound to: 1 - type: integer 
	Parameter din0_WIDTH bound to: 11 - type: integer 
	Parameter din1_WIDTH bound to: 8 - type: integer 
	Parameter dout_WIDTH bound to: 19 - type: integer 
	Parameter ID bound to: 1 - type: integer 
	Parameter NUM_STAGE bound to: 1 - type: integer 
	Parameter din0_WIDTH bound to: 11 - type: integer 
	Parameter din1_WIDTH bound to: 8 - type: integer 
	Parameter dout_WIDTH bound to: 19 - type: integer 
	Parameter ID bound to: 1 - type: integer 
	Parameter NUM_STAGE bound to: 1 - type: integer 
	Parameter din0_WIDTH bound to: 11 - type: integer 
	Parameter din1_WIDTH bound to: 8 - type: integer 
	Parameter dout_WIDTH bound to: 19 - type: integer 
	Parameter ID bound to: 1 - type: integer 
	Parameter NUM_STAGE bound to: 1 - type: integer 
	Parameter din0_WIDTH bound to: 11 - type: integer 
	Parameter din1_WIDTH bound to: 8 - type: integer 
	Parameter dout_WIDTH bound to: 19 - type: integer 
	Parameter ID bound to: 1 - type: integer 
	Parameter NUM_STAGE bound to: 1 - type: integer 
	Parameter din0_WIDTH bound to: 11 - type: integer 
	Parameter din1_WIDTH bound to: 8 - type: integer 
	Parameter dout_WIDTH bound to: 19 - type: integer 
	Parameter ID bound to: 1 - type: integer 
	Parameter NUM_STAGE bound to: 1 - type: integer 
	Parameter din0_WIDTH bound to: 11 - type: integer 
	Parameter din1_WIDTH bound to: 8 - type: integer 
	Parameter dout_WIDTH bound to: 19 - type: integer 
	Parameter ID bound to: 1 - type: integer 
	Parameter NUM_STAGE bound to: 1 - type: integer 
	Parameter din0_WIDTH bound to: 11 - type: integer 
	Parameter din1_WIDTH bound to: 8 - type: integer 
	Parameter dout_WIDTH bound to: 19 - type: integer 
	Parameter ID bound to: 1 - type: integer 
	Parameter NUM_STAGE bound to: 1 - type: integer 
	Parameter din0_WIDTH bound to: 11 - type: integer 
	Parameter din1_WIDTH bound to: 8 - type: integer 
	Parameter dout_WIDTH bound to: 19 - type: integer 
	Parameter ID bound to: 1 - type: integer 
	Parameter NUM_STAGE bound to: 1 - type: integer 
	Parameter din0_WIDTH bound to: 11 - type: integer 
	Parameter din1_WIDTH bound to: 8 - type: integer 
	Parameter dout_WIDTH bound to: 19 - type: integer 
	Parameter ID bound to: 1 - type: integer 
	Parameter NUM_STAGE bound to: 1 - type: integer 
	Parameter din0_WIDTH bound to: 11 - type: integer 
	Parameter din1_WIDTH bound to: 8 - type: integer 
	Parameter dout_WIDTH bound to: 19 - type: integer 
	Parameter ID bound to: 1 - type: integer 
	Parameter NUM_STAGE bound to: 1 - type: integer 
	Parameter din0_WIDTH bound to: 11 - type: integer 
	Parameter din1_WIDTH bound to: 8 - type: integer 
	Parameter dout_WIDTH bound to: 19 - type: integer 
	Parameter ID bound to: 1 - type: integer 
	Parameter NUM_STAGE bound to: 1 - type: integer 
	Parameter din0_WIDTH bound to: 11 - type: integer 
	Parameter din1_WIDTH bound to: 8 - type: integer 
	Parameter dout_WIDTH bound to: 19 - type: integer 
	Parameter ID bound to: 1 - type: integer 
	Parameter NUM_STAGE bound to: 1 - type: integer 
	Parameter din0_WIDTH bound to: 11 - type: integer 
	Parameter din1_WIDTH bound to: 8 - type: integer 
	Parameter dout_WIDTH bound to: 19 - type: integer 
	Parameter ID bound to: 1 - type: integer 
	Parameter NUM_STAGE bound to: 1 - type: integer 
	Parameter din0_WIDTH bound to: 11 - type: integer 
	Parameter din1_WIDTH bound to: 8 - type: integer 
	Parameter dout_WIDTH bound to: 19 - type: integer 
	Parameter ID bound to: 1 - type: integer 
	Parameter NUM_STAGE bound to: 1 - type: integer 
	Parameter din0_WIDTH bound to: 11 - type: integer 
	Parameter din1_WIDTH bound to: 8 - type: integer 
	Parameter dout_WIDTH bound to: 19 - type: integer 
	Parameter ID bound to: 1 - type: integer 
	Parameter NUM_STAGE bound to: 1 - type: integer 
	Parameter din0_WIDTH bound to: 11 - type: integer 
	Parameter din1_WIDTH bound to: 8 - type: integer 
	Parameter dout_WIDTH bound to: 19 - type: integer 
	Parameter ID bound to: 1 - type: integer 
	Parameter NUM_STAGE bound to: 1 - type: integer 
	Parameter din0_WIDTH bound to: 11 - type: integer 
	Parameter din1_WIDTH bound to: 8 - type: integer 
	Parameter dout_WIDTH bound to: 19 - type: integer 
	Parameter ID bound to: 1 - type: integer 
	Parameter NUM_STAGE bound to: 1 - type: integer 
	Parameter din0_WIDTH bound to: 11 - type: integer 
	Parameter din1_WIDTH bound to: 8 - type: integer 
	Parameter dout_WIDTH bound to: 19 - type: integer 
	Parameter ID bound to: 1 - type: integer 
	Parameter NUM_STAGE bound to: 1 - type: integer 
	Parameter din0_WIDTH bound to: 11 - type: integer 
	Parameter din1_WIDTH bound to: 8 - type: integer 
	Parameter dout_WIDTH bound to: 19 - type: integer 
	Parameter ID bound to: 1 - type: integer 
	Parameter NUM_STAGE bound to: 1 - type: integer 
	Parameter din0_WIDTH bound to: 11 - type: integer 
	Parameter din1_WIDTH bound to: 8 - type: integer 
	Parameter dout_WIDTH bound to: 19 - type: integer 
	Parameter ID bound to: 1 - type: integer 
	Parameter NUM_STAGE bound to: 1 - type: integer 
	Parameter din0_WIDTH bound to: 11 - type: integer 
	Parameter din1_WIDTH bound to: 8 - type: integer 
	Parameter dout_WIDTH bound to: 19 - type: integer 
	Parameter ID bound to: 1 - type: integer 
	Parameter NUM_STAGE bound to: 1 - type: integer 
	Parameter din0_WIDTH bound to: 11 - type: integer 
	Parameter din1_WIDTH bound to: 8 - type: integer 
	Parameter dout_WIDTH bound to: 19 - type: integer 
	Parameter ID bound to: 1 - type: integer 
	Parameter NUM_STAGE bound to: 1 - type: integer 
	Parameter din0_WIDTH bound to: 11 - type: integer 
	Parameter din1_WIDTH bound to: 8 - type: integer 
	Parameter dout_WIDTH bound to: 19 - type: integer 
	Parameter ID bound to: 1 - type: integer 
	Parameter NUM_STAGE bound to: 1 - type: integer 
	Parameter din0_WIDTH bound to: 11 - type: integer 
	Parameter din1_WIDTH bound to: 8 - type: integer 
	Parameter dout_WIDTH bound to: 19 - type: integer 
	Parameter ID bound to: 1 - type: integer 
	Parameter NUM_STAGE bound to: 1 - type: integer 
	Parameter din0_WIDTH bound to: 11 - type: integer 
	Parameter din1_WIDTH bound to: 8 - type: integer 
	Parameter dout_WIDTH bound to: 19 - type: integer 
	Parameter ID bound to: 1 - type: integer 
	Parameter NUM_STAGE bound to: 1 - type: integer 
	Parameter din0_WIDTH bound to: 11 - type: integer 
	Parameter din1_WIDTH bound to: 8 - type: integer 
	Parameter dout_WIDTH bound to: 19 - type: integer 
	Parameter ID bound to: 1 - type: integer 
	Parameter NUM_STAGE bound to: 1 - type: integer 
	Parameter din0_WIDTH bound to: 11 - type: integer 
	Parameter din1_WIDTH bound to: 8 - type: integer 
	Parameter dout_WIDTH bound to: 19 - type: integer 
	Parameter ID bound to: 1 - type: integer 
	Parameter NUM_STAGE bound to: 1 - type: integer 
	Parameter din0_WIDTH bound to: 11 - type: integer 
	Parameter din1_WIDTH bound to: 8 - type: integer 
	Parameter dout_WIDTH bound to: 19 - type: integer 
	Parameter ID bound to: 1 - type: integer 
	Parameter NUM_STAGE bound to: 1 - type: integer 
	Parameter din0_WIDTH bound to: 11 - type: integer 
	Parameter din1_WIDTH bound to: 8 - type: integer 
	Parameter dout_WIDTH bound to: 19 - type: integer 
	Parameter ID bound to: 1 - type: integer 
	Parameter NUM_STAGE bound to: 1 - type: integer 
	Parameter din0_WIDTH bound to: 11 - type: integer 
	Parameter din1_WIDTH bound to: 8 - type: integer 
	Parameter dout_WIDTH bound to: 19 - type: integer 
	Parameter ID bound to: 1 - type: integer 
	Parameter NUM_STAGE bound to: 1 - type: integer 
	Parameter din0_WIDTH bound to: 11 - type: integer 
	Parameter din1_WIDTH bound to: 8 - type: integer 
	Parameter dout_WIDTH bound to: 19 - type: integer 
	Parameter ID bound to: 1 - type: integer 
	Parameter NUM_STAGE bound to: 1 - type: integer 
	Parameter din0_WIDTH bound to: 11 - type: integer 
	Parameter din1_WIDTH bound to: 8 - type: integer 
	Parameter dout_WIDTH bound to: 19 - type: integer 
	Parameter ID bound to: 1 - type: integer 
	Parameter NUM_STAGE bound to: 1 - type: integer 
	Parameter din0_WIDTH bound to: 11 - type: integer 
	Parameter din1_WIDTH bound to: 8 - type: integer 
	Parameter dout_WIDTH bound to: 19 - type: integer 
	Parameter ID bound to: 1 - type: integer 
	Parameter NUM_STAGE bound to: 1 - type: integer 
	Parameter din0_WIDTH bound to: 11 - type: integer 
	Parameter din1_WIDTH bound to: 8 - type: integer 
	Parameter dout_WIDTH bound to: 19 - type: integer 
	Parameter ID bound to: 1 - type: integer 
	Parameter NUM_STAGE bound to: 1 - type: integer 
	Parameter din0_WIDTH bound to: 11 - type: integer 
	Parameter din1_WIDTH bound to: 8 - type: integer 
	Parameter dout_WIDTH bound to: 19 - type: integer 
	Parameter ID bound to: 1 - type: integer 
	Parameter NUM_STAGE bound to: 1 - type: integer 
	Parameter din0_WIDTH bound to: 11 - type: integer 
	Parameter din1_WIDTH bound to: 8 - type: integer 
	Parameter dout_WIDTH bound to: 19 - type: integer 
	Parameter ID bound to: 1 - type: integer 
	Parameter NUM_STAGE bound to: 1 - type: integer 
	Parameter din0_WIDTH bound to: 11 - type: integer 
	Parameter din1_WIDTH bound to: 8 - type: integer 
	Parameter dout_WIDTH bound to: 19 - type: integer 
	Parameter ID bound to: 1 - type: integer 
	Parameter NUM_STAGE bound to: 1 - type: integer 
	Parameter din0_WIDTH bound to: 11 - type: integer 
	Parameter din1_WIDTH bound to: 8 - type: integer 
	Parameter dout_WIDTH bound to: 19 - type: integer 
	Parameter ID bound to: 1 - type: integer 
	Parameter NUM_STAGE bound to: 1 - type: integer 
	Parameter din0_WIDTH bound to: 11 - type: integer 
	Parameter din1_WIDTH bound to: 8 - type: integer 
	Parameter dout_WIDTH bound to: 19 - type: integer 
	Parameter ID bound to: 1 - type: integer 
	Parameter NUM_STAGE bound to: 1 - type: integer 
	Parameter din0_WIDTH bound to: 11 - type: integer 
	Parameter din1_WIDTH bound to: 8 - type: integer 
	Parameter dout_WIDTH bound to: 19 - type: integer 
	Parameter ID bound to: 1 - type: integer 
	Parameter NUM_STAGE bound to: 1 - type: integer 
	Parameter din0_WIDTH bound to: 11 - type: integer 
	Parameter din1_WIDTH bound to: 8 - type: integer 
	Parameter dout_WIDTH bound to: 19 - type: integer 
	Parameter ID bound to: 1 - type: integer 
	Parameter NUM_STAGE bound to: 1 - type: integer 
	Parameter din0_WIDTH bound to: 11 - type: integer 
	Parameter din1_WIDTH bound to: 8 - type: integer 
	Parameter dout_WIDTH bound to: 19 - type: integer 
	Parameter ID bound to: 1 - type: integer 
	Parameter NUM_STAGE bound to: 1 - type: integer 
	Parameter din0_WIDTH bound to: 11 - type: integer 
	Parameter din1_WIDTH bound to: 8 - type: integer 
	Parameter dout_WIDTH bound to: 19 - type: integer 
INFO: [Synth 8-256] done synthesizing module 'myproject_dense_resource_ap_fixed_16_6_5_3_0_ap_fixed_16_6_5_3_0_config14_s' (0#1) [/home/dabadjiev/smartpixels_ml_dsabadjiev/Muon_Collider_Smart_Pixels/eric/Results_June2026_99SigEff/model2.5_fin_results/model2_5_8bit_normalised_selected/pareto_primary/hls_outputs_vsynth/hls_model_trial_075/myproject_prj/solution1/syn/vhdl/myproject_dense_resource_ap_fixed_16_6_5_3_0_ap_fixed_16_6_5_3_0_config14_s.vhd:160]
INFO: [Synth 8-638] synthesizing module 'myproject_dense_resource_ap_fixed_16_6_5_3_0_ap_fixed_16_6_5_3_0_config16_s' [/home/dabadjiev/smartpixels_ml_dsabadjiev/Muon_Collider_Smart_Pixels/eric/Results_June2026_99SigEff/model2.5_fin_results/model2_5_8bit_normalised_selected/pareto_primary/hls_outputs_vsynth/hls_model_trial_075/myproject_prj/solution1/syn/vhdl/myproject_dense_resource_ap_fixed_16_6_5_3_0_ap_fixed_16_6_5_3_0_config16_s.vhd:48]
	Parameter DataWidth bound to: 4 - type: integer 
	Parameter AddressRange bound to: 20 - type: integer 
	Parameter AddressWidth bound to: 5 - type: integer 
INFO: [Synth 8-638] synthesizing module 'myproject_dense_resource_ap_fixed_16_6_5_3_0_ap_fixed_16_6_5_3_0_config16_s_outidx_i_90bkb' [/home/dabadjiev/smartpixels_ml_dsabadjiev/Muon_Collider_Smart_Pixels/eric/Results_June2026_99SigEff/model2.5_fin_results/model2_5_8bit_normalised_selected/pareto_primary/hls_outputs_vsynth/hls_model_trial_075/myproject_prj/solution1/syn/vhdl/myproject_dense_resource_ap_fixed_16_6_5_3_0_ap_fixed_16_6_5_3_0_config16_s_outidx_i_90bkb.vhd:28]
	Parameter DataWidth bound to: 4 - type: integer 
	Parameter AddressWidth bound to: 5 - type: integer 
	Parameter AddressRange bound to: 20 - type: integer 
INFO: [Synth 8-256] done synthesizing module 'myproject_dense_resource_ap_fixed_16_6_5_3_0_ap_fixed_16_6_5_3_0_config16_s_outidx_i_90bkb' (0#1) [/home/dabadjiev/smartpixels_ml_dsabadjiev/Muon_Collider_Smart_Pixels/eric/Results_June2026_99SigEff/model2.5_fin_results/model2_5_8bit_normalised_selected/pareto_primary/hls_outputs_vsynth/hls_model_trial_075/myproject_prj/solution1/syn/vhdl/myproject_dense_resource_ap_fixed_16_6_5_3_0_ap_fixed_16_6_5_3_0_config16_s_outidx_i_90bkb.vhd:28]
	Parameter ID bound to: 1 - type: integer 
	Parameter NUM_STAGE bound to: 1 - type: integer 
	Parameter din0_WIDTH bound to: 11 - type: integer 
	Parameter din1_WIDTH bound to: 8 - type: integer 
	Parameter dout_WIDTH bound to: 19 - type: integer 
	Parameter ID bound to: 1 - type: integer 
	Parameter NUM_STAGE bound to: 1 - type: integer 
	Parameter CASE0 bound to: 4'b0000 
	Parameter din0_WIDTH bound to: 16 - type: integer 
	Parameter CASE1 bound to: 4'b0001 
	Parameter din1_WIDTH bound to: 16 - type: integer 
	Parameter CASE2 bound to: 4'b0010 
	Parameter din2_WIDTH bound to: 16 - type: integer 
	Parameter CASE3 bound to: 4'b0011 
	Parameter din3_WIDTH bound to: 16 - type: integer 
	Parameter CASE4 bound to: 4'b0100 
	Parameter din4_WIDTH bound to: 16 - type: integer 
	Parameter CASE5 bound to: 4'b0101 
	Parameter din5_WIDTH bound to: 16 - type: integer 
	Parameter CASE6 bound to: 4'b0110 
	Parameter din6_WIDTH bound to: 16 - type: integer 
	Parameter CASE7 bound to: 4'b0111 
	Parameter din7_WIDTH bound to: 16 - type: integer 
	Parameter CASE8 bound to: 4'b1000 
	Parameter din8_WIDTH bound to: 16 - type: integer 
	Parameter CASE9 bound to: 4'b1001 
	Parameter din9_WIDTH bound to: 16 - type: integer 
	Parameter def_WIDTH bound to: 16 - type: integer 
	Parameter sel_WIDTH bound to: 4 - type: integer 
	Parameter dout_WIDTH bound to: 16 - type: integer 
INFO: [Synth 8-638] synthesizing module 'myproject_sparsemux_21_4_16_1_1' [/home/dabadjiev/smartpixels_ml_dsabadjiev/Muon_Collider_Smart_Pixels/eric/Results_June2026_99SigEff/model2.5_fin_results/model2_5_8bit_normalised_selected/pareto_primary/hls_outputs_vsynth/hls_model_trial_075/myproject_prj/solution1/syn/vhdl/myproject_sparsemux_21_4_16_1_1.vhd:91]
	Parameter din0_WIDTH bound to: 16 - type: integer 
	Parameter din1_WIDTH bound to: 16 - type: integer 
	Parameter din2_WIDTH bound to: 16 - type: integer 
	Parameter din3_WIDTH bound to: 16 - type: integer 
	Parameter din4_WIDTH bound to: 16 - type: integer 
	Parameter din5_WIDTH bound to: 16 - type: integer 
	Parameter din6_WIDTH bound to: 16 - type: integer 
	Parameter din7_WIDTH bound to: 16 - type: integer 
	Parameter din8_WIDTH bound to: 16 - type: integer 
	Parameter din9_WIDTH bound to: 16 - type: integer 
	Parameter def_WIDTH bound to: 16 - type: integer 
	Parameter sel_WIDTH bound to: 4 - type: integer 
	Parameter dout_WIDTH bound to: 16 - type: integer 
	Parameter CASE0 bound to: 4'b0000 
	Parameter CASE1 bound to: 4'b0001 
	Parameter CASE2 bound to: 4'b0010 
	Parameter CASE3 bound to: 4'b0011 
	Parameter CASE4 bound to: 4'b0100 
	Parameter CASE5 bound to: 4'b0101 
	Parameter CASE6 bound to: 4'b0110 
	Parameter CASE7 bound to: 4'b0111 
	Parameter CASE8 bound to: 4'b1000 
	Parameter CASE9 bound to: 4'b1001 
	Parameter ID bound to: 1 - type: integer 
	Parameter NUM_STAGE bound to: 1 - type: integer 
WARNING: [Synth 8-614] signal 'def' is read in the process but is not in the sensitivity list [/home/dabadjiev/smartpixels_ml_dsabadjiev/Muon_Collider_Smart_Pixels/eric/Results_June2026_99SigEff/model2.5_fin_results/model2_5_8bit_normalised_selected/pareto_primary/hls_outputs_vsynth/hls_model_trial_075/myproject_prj/solution1/syn/vhdl/myproject_sparsemux_21_4_16_1_1.vhd:97]
INFO: [Synth 8-256] done synthesizing module 'myproject_sparsemux_21_4_16_1_1' (0#1) [/home/dabadjiev/smartpixels_ml_dsabadjiev/Muon_Collider_Smart_Pixels/eric/Results_June2026_99SigEff/model2.5_fin_results/model2_5_8bit_normalised_selected/pareto_primary/hls_outputs_vsynth/hls_model_trial_075/myproject_prj/solution1/syn/vhdl/myproject_sparsemux_21_4_16_1_1.vhd:91]
INFO: [Synth 8-256] done synthesizing module 'myproject_dense_resource_ap_fixed_16_6_5_3_0_ap_fixed_16_6_5_3_0_config16_s' (0#1) [/home/dabadjiev/smartpixels_ml_dsabadjiev/Muon_Collider_Smart_Pixels/eric/Results_June2026_99SigEff/model2.5_fin_results/model2_5_8bit_normalised_selected/pareto_primary/hls_outputs_vsynth/hls_model_trial_075/myproject_prj/solution1/syn/vhdl/myproject_dense_resource_ap_fixed_16_6_5_3_0_ap_fixed_16_6_5_3_0_config16_s.vhd:48]
INFO: [Synth 8-638] synthesizing module 'myproject_relu_ap_fixed_16_6_5_3_0_ap_ufixed_8_0_4_0_0_relu_config18_s' [/home/dabadjiev/smartpixels_ml_dsabadjiev/Muon_Collider_Smart_Pixels/eric/Results_June2026_99SigEff/model2.5_fin_results/model2_5_8bit_normalised_selected/pareto_primary/hls_outputs_vsynth/hls_model_trial_075/myproject_prj/solution1/syn/vhdl/myproject_relu_ap_fixed_16_6_5_3_0_ap_ufixed_8_0_4_0_0_relu_config18_s.vhd:120]
INFO: [Synth 8-256] done synthesizing module 'myproject_relu_ap_fixed_16_6_5_3_0_ap_ufixed_8_0_4_0_0_relu_config18_s' (0#1) [/home/dabadjiev/smartpixels_ml_dsabadjiev/Muon_Collider_Smart_Pixels/eric/Results_June2026_99SigEff/model2.5_fin_results/model2_5_8bit_normalised_selected/pareto_primary/hls_outputs_vsynth/hls_model_trial_075/myproject_prj/solution1/syn/vhdl/myproject_relu_ap_fixed_16_6_5_3_0_ap_ufixed_8_0_4_0_0_relu_config18_s.vhd:120]
INFO: [Synth 8-638] synthesizing module 'myproject_relu_ap_fixed_16_6_5_3_0_ap_ufixed_8_0_4_0_0_relu_config19_s' [/home/dabadjiev/smartpixels_ml_dsabadjiev/Muon_Collider_Smart_Pixels/eric/Results_June2026_99SigEff/model2.5_fin_results/model2_5_8bit_normalised_selected/pareto_primary/hls_outputs_vsynth/hls_model_trial_075/myproject_prj/solution1/syn/vhdl/myproject_relu_ap_fixed_16_6_5_3_0_ap_ufixed_8_0_4_0_0_relu_config19_s.vhd:44]
INFO: [Synth 8-256] done synthesizing module 'myproject_relu_ap_fixed_16_6_5_3_0_ap_ufixed_8_0_4_0_0_relu_config19_s' (0#1) [/home/dabadjiev/smartpixels_ml_dsabadjiev/Muon_Collider_Smart_Pixels/eric/Results_June2026_99SigEff/model2.5_fin_results/model2_5_8bit_normalised_selected/pareto_primary/hls_outputs_vsynth/hls_model_trial_075/myproject_prj/solution1/syn/vhdl/myproject_relu_ap_fixed_16_6_5_3_0_ap_ufixed_8_0_4_0_0_relu_config19_s.vhd:44]
INFO: [Synth 8-638] synthesizing module 'myproject_concatenate1d_ap_ufixed_ap_ufixed_ap_fixed_16_6_5_3_0_config20_s' [/home/dabadjiev/smartpixels_ml_dsabadjiev/Muon_Collider_Smart_Pixels/eric/Results_June2026_99SigEff/model2.5_fin_results/model2_5_8bit_normalised_selected/pareto_primary/hls_outputs_vsynth/hls_model_trial_075/myproject_prj/solution1/syn/vhdl/myproject_concatenate1d_ap_ufixed_ap_ufixed_ap_fixed_16_6_5_3_0_config20_s.vhd:140]
INFO: [Synth 8-256] done synthesizing module 'myproject_concatenate1d_ap_ufixed_ap_ufixed_ap_fixed_16_6_5_3_0_config20_s' (0#1) [/home/dabadjiev/smartpixels_ml_dsabadjiev/Muon_Collider_Smart_Pixels/eric/Results_June2026_99SigEff/model2.5_fin_results/model2_5_8bit_normalised_selected/pareto_primary/hls_outputs_vsynth/hls_model_trial_075/myproject_prj/solution1/syn/vhdl/myproject_concatenate1d_ap_ufixed_ap_ufixed_ap_fixed_16_6_5_3_0_config20_s.vhd:140]
INFO: [Synth 8-638] synthesizing module 'myproject_dense_resource_ap_fixed_16_6_5_3_0_ap_fixed_16_6_5_3_0_config21_s' [/home/dabadjiev/smartpixels_ml_dsabadjiev/Muon_Collider_Smart_Pixels/eric/Results_June2026_99SigEff/model2.5_fin_results/model2_5_8bit_normalised_selected/pareto_primary/hls_outputs_vsynth/hls_model_trial_075/myproject_prj/solution1/syn/vhdl/myproject_dense_resource_ap_fixed_16_6_5_3_0_ap_fixed_16_6_5_3_0_config21_s.vhd:103]
	Parameter ID bound to: 1 - type: integer 
	Parameter NUM_STAGE bound to: 1 - type: integer 
	Parameter CASE0 bound to: 5'b00000 
	Parameter din0_WIDTH bound to: 10 - type: integer 
	Parameter CASE1 bound to: 5'b00001 
	Parameter din1_WIDTH bound to: 10 - type: integer 
	Parameter CASE2 bound to: 5'b00010 
	Parameter din2_WIDTH bound to: 10 - type: integer 
	Parameter CASE3 bound to: 5'b00011 
	Parameter din3_WIDTH bound to: 10 - type: integer 
	Parameter CASE4 bound to: 5'b00100 
	Parameter din4_WIDTH bound to: 10 - type: integer 
	Parameter CASE5 bound to: 5'b00101 
	Parameter din5_WIDTH bound to: 10 - type: integer 
	Parameter CASE6 bound to: 5'b00110 
	Parameter din6_WIDTH bound to: 10 - type: integer 
	Parameter CASE7 bound to: 5'b00111 
	Parameter din7_WIDTH bound to: 10 - type: integer 
	Parameter CASE8 bound to: 5'b01000 
	Parameter din8_WIDTH bound to: 10 - type: integer 
	Parameter CASE9 bound to: 5'b01001 
	Parameter din9_WIDTH bound to: 10 - type: integer 
	Parameter CASE10 bound to: 5'b01010 
	Parameter din10_WIDTH bound to: 10 - type: integer 
	Parameter CASE11 bound to: 5'b01011 
	Parameter din11_WIDTH bound to: 10 - type: integer 
	Parameter CASE12 bound to: 5'b01100 
	Parameter din12_WIDTH bound to: 10 - type: integer 
	Parameter CASE13 bound to: 5'b01101 
	Parameter din13_WIDTH bound to: 10 - type: integer 
	Parameter CASE14 bound to: 5'b01110 
	Parameter din14_WIDTH bound to: 10 - type: integer 
	Parameter CASE15 bound to: 5'b01111 
	Parameter din15_WIDTH bound to: 10 - type: integer 
	Parameter CASE16 bound to: 5'b10000 
	Parameter din16_WIDTH bound to: 10 - type: integer 
	Parameter CASE17 bound to: 5'b10001 
	Parameter din17_WIDTH bound to: 10 - type: integer 
	Parameter CASE18 bound to: 5'b10010 
	Parameter din18_WIDTH bound to: 10 - type: integer 
	Parameter CASE19 bound to: 5'b10011 
	Parameter din19_WIDTH bound to: 10 - type: integer 
	Parameter CASE20 bound to: 5'b10100 
	Parameter din20_WIDTH bound to: 10 - type: integer 
	Parameter CASE21 bound to: 5'b10101 
	Parameter din21_WIDTH bound to: 10 - type: integer 
	Parameter CASE22 bound to: 5'b10110 
	Parameter din22_WIDTH bound to: 10 - type: integer 
	Parameter CASE23 bound to: 5'b10111 
	Parameter din23_WIDTH bound to: 10 - type: integer 
	Parameter CASE24 bound to: 5'b11000 
	Parameter din24_WIDTH bound to: 10 - type: integer 
	Parameter CASE25 bound to: 5'b11001 
	Parameter din25_WIDTH bound to: 10 - type: integer 
	Parameter CASE26 bound to: 5'b11010 
	Parameter din26_WIDTH bound to: 10 - type: integer 
	Parameter CASE27 bound to: 5'b11011 
	Parameter din27_WIDTH bound to: 10 - type: integer 
	Parameter CASE28 bound to: 5'b11100 
	Parameter din28_WIDTH bound to: 10 - type: integer 
	Parameter def_WIDTH bound to: 10 - type: integer 
	Parameter sel_WIDTH bound to: 5 - type: integer 
	Parameter dout_WIDTH bound to: 10 - type: integer 
INFO: [Synth 8-638] synthesizing module 'myproject_sparsemux_59_5_10_1_1' [/home/dabadjiev/smartpixels_ml_dsabadjiev/Muon_Collider_Smart_Pixels/eric/Results_June2026_99SigEff/model2.5_fin_results/model2_5_8bit_normalised_selected/pareto_primary/hls_outputs_vsynth/hls_model_trial_075/myproject_prj/solution1/syn/vhdl/myproject_sparsemux_59_5_10_1_1.vhd:205]
	Parameter din0_WIDTH bound to: 10 - type: integer 
	Parameter din1_WIDTH bound to: 10 - type: integer 
	Parameter din2_WIDTH bound to: 10 - type: integer 
	Parameter din3_WIDTH bound to: 10 - type: integer 
	Parameter din4_WIDTH bound to: 10 - type: integer 
	Parameter din5_WIDTH bound to: 10 - type: integer 
	Parameter din6_WIDTH bound to: 10 - type: integer 
	Parameter din7_WIDTH bound to: 10 - type: integer 
	Parameter din8_WIDTH bound to: 10 - type: integer 
	Parameter din9_WIDTH bound to: 10 - type: integer 
	Parameter din10_WIDTH bound to: 10 - type: integer 
	Parameter din11_WIDTH bound to: 10 - type: integer 
	Parameter din12_WIDTH bound to: 10 - type: integer 
	Parameter din13_WIDTH bound to: 10 - type: integer 
	Parameter din14_WIDTH bound to: 10 - type: integer 
	Parameter din15_WIDTH bound to: 10 - type: integer 
	Parameter din16_WIDTH bound to: 10 - type: integer 
	Parameter din17_WIDTH bound to: 10 - type: integer 
	Parameter din18_WIDTH bound to: 10 - type: integer 
	Parameter din19_WIDTH bound to: 10 - type: integer 
	Parameter din20_WIDTH bound to: 10 - type: integer 
	Parameter din21_WIDTH bound to: 10 - type: integer 
	Parameter din22_WIDTH bound to: 10 - type: integer 
	Parameter din23_WIDTH bound to: 10 - type: integer 
	Parameter din24_WIDTH bound to: 10 - type: integer 
	Parameter din25_WIDTH bound to: 10 - type: integer 
	Parameter din26_WIDTH bound to: 10 - type: integer 
	Parameter din27_WIDTH bound to: 10 - type: integer 
	Parameter din28_WIDTH bound to: 10 - type: integer 
	Parameter def_WIDTH bound to: 10 - type: integer 
	Parameter sel_WIDTH bound to: 5 - type: integer 
	Parameter dout_WIDTH bound to: 10 - type: integer 
	Parameter CASE0 bound to: 5'b00000 
	Parameter CASE1 bound to: 5'b00001 
	Parameter CASE2 bound to: 5'b00010 
	Parameter CASE3 bound to: 5'b00011 
	Parameter CASE4 bound to: 5'b00100 
	Parameter CASE5 bound to: 5'b00101 
	Parameter CASE6 bound to: 5'b00110 
	Parameter CASE7 bound to: 5'b00111 
	Parameter CASE8 bound to: 5'b01000 
	Parameter CASE9 bound to: 5'b01001 
	Parameter CASE10 bound to: 5'b01010 
	Parameter CASE11 bound to: 5'b01011 
	Parameter CASE12 bound to: 5'b01100 
	Parameter CASE13 bound to: 5'b01101 
	Parameter CASE14 bound to: 5'b01110 
	Parameter CASE15 bound to: 5'b01111 
	Parameter CASE16 bound to: 5'b10000 
	Parameter CASE17 bound to: 5'b10001 
	Parameter CASE18 bound to: 5'b10010 
	Parameter CASE19 bound to: 5'b10011 
	Parameter CASE20 bound to: 5'b10100 
	Parameter CASE21 bound to: 5'b10101 
	Parameter CASE22 bound to: 5'b10110 
	Parameter CASE23 bound to: 5'b10111 
	Parameter CASE24 bound to: 5'b11000 
	Parameter CASE25 bound to: 5'b11001 
	Parameter CASE26 bound to: 5'b11010 
	Parameter CASE27 bound to: 5'b11011 
	Parameter CASE28 bound to: 5'b11100 
	Parameter ID bound to: 1 - type: integer 
	Parameter NUM_STAGE bound to: 1 - type: integer 
WARNING: [Synth 8-614] signal 'def' is read in the process but is not in the sensitivity list [/home/dabadjiev/smartpixels_ml_dsabadjiev/Muon_Collider_Smart_Pixels/eric/Results_June2026_99SigEff/model2.5_fin_results/model2_5_8bit_normalised_selected/pareto_primary/hls_outputs_vsynth/hls_model_trial_075/myproject_prj/solution1/syn/vhdl/myproject_sparsemux_59_5_10_1_1.vhd:211]
INFO: [Synth 8-256] done synthesizing module 'myproject_sparsemux_59_5_10_1_1' (0#1) [/home/dabadjiev/smartpixels_ml_dsabadjiev/Muon_Collider_Smart_Pixels/eric/Results_June2026_99SigEff/model2.5_fin_results/model2_5_8bit_normalised_selected/pareto_primary/hls_outputs_vsynth/hls_model_trial_075/myproject_prj/solution1/syn/vhdl/myproject_sparsemux_59_5_10_1_1.vhd:205]
	Parameter ID bound to: 1 - type: integer 
	Parameter NUM_STAGE bound to: 1 - type: integer 
	Parameter din0_WIDTH bound to: 10 - type: integer 
	Parameter din1_WIDTH bound to: 8 - type: integer 
	Parameter dout_WIDTH bound to: 18 - type: integer 
INFO: [Synth 8-638] synthesizing module 'myproject_mul_10ns_8s_18_1_1' [/home/dabadjiev/smartpixels_ml_dsabadjiev/Muon_Collider_Smart_Pixels/eric/Results_June2026_99SigEff/model2.5_fin_results/model2_5_8bit_normalised_selected/pareto_primary/hls_outputs_vsynth/hls_model_trial_075/myproject_prj/solution1/syn/vhdl/myproject_mul_10ns_8s_18_1_1.vhd:26]
	Parameter ID bound to: 1 - type: integer 
	Parameter NUM_STAGE bound to: 1 - type: integer 
	Parameter din0_WIDTH bound to: 10 - type: integer 
	Parameter din1_WIDTH bound to: 8 - type: integer 
	Parameter dout_WIDTH bound to: 18 - type: integer 
INFO: [Synth 8-256] done synthesizing module 'myproject_mul_10ns_8s_18_1_1' (0#1) [/home/dabadjiev/smartpixels_ml_dsabadjiev/Muon_Collider_Smart_Pixels/eric/Results_June2026_99SigEff/model2.5_fin_results/model2_5_8bit_normalised_selected/pareto_primary/hls_outputs_vsynth/hls_model_trial_075/myproject_prj/solution1/syn/vhdl/myproject_mul_10ns_8s_18_1_1.vhd:26]
	Parameter ID bound to: 1 - type: integer 
	Parameter NUM_STAGE bound to: 1 - type: integer 
	Parameter CASE0 bound to: 5'b00000 
	Parameter din0_WIDTH bound to: 10 - type: integer 
	Parameter CASE1 bound to: 5'b00001 
	Parameter din1_WIDTH bound to: 10 - type: integer 
	Parameter CASE2 bound to: 5'b00010 
	Parameter din2_WIDTH bound to: 10 - type: integer 
	Parameter CASE3 bound to: 5'b00011 
	Parameter din3_WIDTH bound to: 10 - type: integer 
	Parameter CASE4 bound to: 5'b00100 
	Parameter din4_WIDTH bound to: 10 - type: integer 
	Parameter CASE5 bound to: 5'b00101 
	Parameter din5_WIDTH bound to: 10 - type: integer 
	Parameter CASE6 bound to: 5'b00110 
	Parameter din6_WIDTH bound to: 10 - type: integer 
	Parameter CASE7 bound to: 5'b00111 
	Parameter din7_WIDTH bound to: 10 - type: integer 
	Parameter CASE8 bound to: 5'b01000 
	Parameter din8_WIDTH bound to: 10 - type: integer 
	Parameter CASE9 bound to: 5'b01001 
	Parameter din9_WIDTH bound to: 10 - type: integer 
	Parameter CASE10 bound to: 5'b01010 
	Parameter din10_WIDTH bound to: 10 - type: integer 
	Parameter CASE11 bound to: 5'b01011 
	Parameter din11_WIDTH bound to: 10 - type: integer 
	Parameter CASE12 bound to: 5'b01100 
	Parameter din12_WIDTH bound to: 10 - type: integer 
	Parameter CASE13 bound to: 5'b01101 
	Parameter din13_WIDTH bound to: 10 - type: integer 
	Parameter CASE14 bound to: 5'b01110 
	Parameter din14_WIDTH bound to: 10 - type: integer 
	Parameter CASE15 bound to: 5'b01111 
	Parameter din15_WIDTH bound to: 10 - type: integer 
	Parameter CASE16 bound to: 5'b10000 
	Parameter din16_WIDTH bound to: 10 - type: integer 
	Parameter CASE17 bound to: 5'b10001 
	Parameter din17_WIDTH bound to: 10 - type: integer 
	Parameter CASE18 bound to: 5'b10010 
	Parameter din18_WIDTH bound to: 10 - type: integer 
	Parameter CASE19 bound to: 5'b10011 
	Parameter din19_WIDTH bound to: 10 - type: integer 
	Parameter CASE20 bound to: 5'b10100 
	Parameter din20_WIDTH bound to: 10 - type: integer 
	Parameter CASE21 bound to: 5'b10101 
	Parameter din21_WIDTH bound to: 10 - type: integer 
	Parameter CASE22 bound to: 5'b10110 
	Parameter din22_WIDTH bound to: 10 - type: integer 
	Parameter CASE23 bound to: 5'b10111 
	Parameter din23_WIDTH bound to: 10 - type: integer 
	Parameter CASE24 bound to: 5'b11000 
	Parameter din24_WIDTH bound to: 10 - type: integer 
	Parameter CASE25 bound to: 5'b11001 
	Parameter din25_WIDTH bound to: 10 - type: integer 
	Parameter CASE26 bound to: 5'b11010 
	Parameter din26_WIDTH bound to: 10 - type: integer 
	Parameter CASE27 bound to: 5'b11011 
	Parameter din27_WIDTH bound to: 10 - type: integer 
	Parameter CASE28 bound to: 5'b11100 
	Parameter din28_WIDTH bound to: 10 - type: integer 
	Parameter def_WIDTH bound to: 10 - type: integer 
	Parameter sel_WIDTH bound to: 5 - type: integer 
	Parameter dout_WIDTH bound to: 10 - type: integer 
	Parameter ID bound to: 1 - type: integer 
	Parameter NUM_STAGE bound to: 1 - type: integer 
	Parameter din0_WIDTH bound to: 10 - type: integer 
	Parameter din1_WIDTH bound to: 8 - type: integer 
	Parameter dout_WIDTH bound to: 18 - type: integer 
	Parameter ID bound to: 1 - type: integer 
	Parameter NUM_STAGE bound to: 1 - type: integer 
	Parameter din0_WIDTH bound to: 10 - type: integer 
	Parameter din1_WIDTH bound to: 8 - type: integer 
	Parameter dout_WIDTH bound to: 18 - type: integer 
	Parameter ID bound to: 1 - type: integer 
	Parameter NUM_STAGE bound to: 1 - type: integer 
	Parameter din0_WIDTH bound to: 10 - type: integer 
	Parameter din1_WIDTH bound to: 8 - type: integer 
	Parameter dout_WIDTH bound to: 18 - type: integer 
	Parameter ID bound to: 1 - type: integer 
	Parameter NUM_STAGE bound to: 1 - type: integer 
	Parameter din0_WIDTH bound to: 10 - type: integer 
	Parameter din1_WIDTH bound to: 8 - type: integer 
	Parameter dout_WIDTH bound to: 18 - type: integer 
	Parameter ID bound to: 1 - type: integer 
	Parameter NUM_STAGE bound to: 1 - type: integer 
	Parameter din0_WIDTH bound to: 10 - type: integer 
	Parameter din1_WIDTH bound to: 8 - type: integer 
	Parameter dout_WIDTH bound to: 18 - type: integer 
	Parameter ID bound to: 1 - type: integer 
	Parameter NUM_STAGE bound to: 1 - type: integer 
	Parameter din0_WIDTH bound to: 10 - type: integer 
	Parameter din1_WIDTH bound to: 8 - type: integer 
	Parameter dout_WIDTH bound to: 18 - type: integer 
	Parameter ID bound to: 1 - type: integer 
	Parameter NUM_STAGE bound to: 1 - type: integer 
	Parameter din0_WIDTH bound to: 10 - type: integer 
	Parameter din1_WIDTH bound to: 8 - type: integer 
	Parameter dout_WIDTH bound to: 18 - type: integer 
	Parameter ID bound to: 1 - type: integer 
	Parameter NUM_STAGE bound to: 1 - type: integer 
	Parameter din0_WIDTH bound to: 10 - type: integer 
	Parameter din1_WIDTH bound to: 8 - type: integer 
	Parameter dout_WIDTH bound to: 18 - type: integer 
	Parameter ID bound to: 1 - type: integer 
	Parameter NUM_STAGE bound to: 1 - type: integer 
	Parameter din0_WIDTH bound to: 10 - type: integer 
	Parameter din1_WIDTH bound to: 8 - type: integer 
	Parameter dout_WIDTH bound to: 18 - type: integer 
	Parameter ID bound to: 1 - type: integer 
	Parameter NUM_STAGE bound to: 1 - type: integer 
	Parameter din0_WIDTH bound to: 10 - type: integer 
	Parameter din1_WIDTH bound to: 8 - type: integer 
	Parameter dout_WIDTH bound to: 18 - type: integer 
	Parameter ID bound to: 1 - type: integer 
	Parameter NUM_STAGE bound to: 1 - type: integer 
	Parameter din0_WIDTH bound to: 10 - type: integer 
	Parameter din1_WIDTH bound to: 8 - type: integer 
	Parameter dout_WIDTH bound to: 18 - type: integer 
	Parameter ID bound to: 1 - type: integer 
	Parameter NUM_STAGE bound to: 1 - type: integer 
	Parameter din0_WIDTH bound to: 10 - type: integer 
	Parameter din1_WIDTH bound to: 8 - type: integer 
	Parameter dout_WIDTH bound to: 18 - type: integer 
	Parameter ID bound to: 1 - type: integer 
	Parameter NUM_STAGE bound to: 1 - type: integer 
	Parameter din0_WIDTH bound to: 10 - type: integer 
	Parameter din1_WIDTH bound to: 8 - type: integer 
	Parameter dout_WIDTH bound to: 18 - type: integer 
	Parameter ID bound to: 1 - type: integer 
	Parameter NUM_STAGE bound to: 1 - type: integer 
	Parameter din0_WIDTH bound to: 10 - type: integer 
	Parameter din1_WIDTH bound to: 8 - type: integer 
	Parameter dout_WIDTH bound to: 18 - type: integer 
	Parameter ID bound to: 1 - type: integer 
	Parameter NUM_STAGE bound to: 1 - type: integer 
	Parameter din0_WIDTH bound to: 10 - type: integer 
	Parameter din1_WIDTH bound to: 8 - type: integer 
	Parameter dout_WIDTH bound to: 18 - type: integer 
INFO: [Synth 8-256] done synthesizing module 'myproject_dense_resource_ap_fixed_16_6_5_3_0_ap_fixed_16_6_5_3_0_config21_s' (0#1) [/home/dabadjiev/smartpixels_ml_dsabadjiev/Muon_Collider_Smart_Pixels/eric/Results_June2026_99SigEff/model2.5_fin_results/model2_5_8bit_normalised_selected/pareto_primary/hls_outputs_vsynth/hls_model_trial_075/myproject_prj/solution1/syn/vhdl/myproject_dense_resource_ap_fixed_16_6_5_3_0_ap_fixed_16_6_5_3_0_config21_s.vhd:103]
INFO: [Synth 8-638] synthesizing module 'myproject_relu_ap_fixed_16_6_5_3_0_ap_ufixed_8_0_4_0_0_relu_config23_s' [/home/dabadjiev/smartpixels_ml_dsabadjiev/Muon_Collider_Smart_Pixels/eric/Results_June2026_99SigEff/model2.5_fin_results/model2_5_8bit_normalised_selected/pareto_primary/hls_outputs_vsynth/hls_model_trial_075/myproject_prj/solution1/syn/vhdl/myproject_relu_ap_fixed_16_6_5_3_0_ap_ufixed_8_0_4_0_0_relu_config23_s.vhd:40]
INFO: [Synth 8-256] done synthesizing module 'myproject_relu_ap_fixed_16_6_5_3_0_ap_ufixed_8_0_4_0_0_relu_config23_s' (0#1) [/home/dabadjiev/smartpixels_ml_dsabadjiev/Muon_Collider_Smart_Pixels/eric/Results_June2026_99SigEff/model2.5_fin_results/model2_5_8bit_normalised_selected/pareto_primary/hls_outputs_vsynth/hls_model_trial_075/myproject_prj/solution1/syn/vhdl/myproject_relu_ap_fixed_16_6_5_3_0_ap_ufixed_8_0_4_0_0_relu_config23_s.vhd:40]
INFO: [Synth 8-638] synthesizing module 'myproject_dense_resource_ap_ufixed_8_0_4_0_0_ap_fixed_16_6_5_3_0_config24_s' [/home/dabadjiev/smartpixels_ml_dsabadjiev/Muon_Collider_Smart_Pixels/eric/Results_June2026_99SigEff/model2.5_fin_results/model2_5_8bit_normalised_selected/pareto_primary/hls_outputs_vsynth/hls_model_trial_075/myproject_prj/solution1/syn/vhdl/myproject_dense_resource_ap_ufixed_8_0_4_0_0_ap_fixed_16_6_5_3_0_config24_s.vhd:45]
	Parameter DataWidth bound to: 1 - type: integer 
	Parameter AddressRange bound to: 16 - type: integer 
	Parameter AddressWidth bound to: 4 - type: integer 
INFO: [Synth 8-638] synthesizing module 'myproject_dense_resource_ap_ufixed_8_0_4_0_0_ap_fixed_16_6_5_3_0_config24_s_outidx_i_ROcud' [/home/dabadjiev/smartpixels_ml_dsabadjiev/Muon_Collider_Smart_Pixels/eric/Results_June2026_99SigEff/model2.5_fin_results/model2_5_8bit_normalised_selected/pareto_primary/hls_outputs_vsynth/hls_model_trial_075/myproject_prj/solution1/syn/vhdl/myproject_dense_resource_ap_ufixed_8_0_4_0_0_ap_fixed_16_6_5_3_0_config24_s_outidx_i_ROcud.vhd:28]
	Parameter DataWidth bound to: 1 - type: integer 
	Parameter AddressWidth bound to: 4 - type: integer 
	Parameter AddressRange bound to: 16 - type: integer 
INFO: [Synth 8-256] done synthesizing module 'myproject_dense_resource_ap_ufixed_8_0_4_0_0_ap_fixed_16_6_5_3_0_config24_s_outidx_i_ROcud' (0#1) [/home/dabadjiev/smartpixels_ml_dsabadjiev/Muon_Collider_Smart_Pixels/eric/Results_June2026_99SigEff/model2.5_fin_results/model2_5_8bit_normalised_selected/pareto_primary/hls_outputs_vsynth/hls_model_trial_075/myproject_prj/solution1/syn/vhdl/myproject_dense_resource_ap_ufixed_8_0_4_0_0_ap_fixed_16_6_5_3_0_config24_s_outidx_i_ROcud.vhd:28]
	Parameter ID bound to: 1 - type: integer 
	Parameter NUM_STAGE bound to: 1 - type: integer 
	Parameter CASE0 bound to: 3'b000 
	Parameter din0_WIDTH bound to: 8 - type: integer 
	Parameter CASE1 bound to: 3'b001 
	Parameter din1_WIDTH bound to: 8 - type: integer 
	Parameter CASE2 bound to: 3'b010 
	Parameter din2_WIDTH bound to: 8 - type: integer 
	Parameter CASE3 bound to: 3'b011 
	Parameter din3_WIDTH bound to: 8 - type: integer 
	Parameter CASE4 bound to: 3'b100 
	Parameter din4_WIDTH bound to: 8 - type: integer 
	Parameter CASE5 bound to: 3'b101 
	Parameter din5_WIDTH bound to: 8 - type: integer 
	Parameter CASE6 bound to: 3'b110 
	Parameter din6_WIDTH bound to: 8 - type: integer 
	Parameter CASE7 bound to: 3'b111 
	Parameter din7_WIDTH bound to: 8 - type: integer 
	Parameter def_WIDTH bound to: 8 - type: integer 
	Parameter sel_WIDTH bound to: 3 - type: integer 
	Parameter dout_WIDTH bound to: 8 - type: integer 
INFO: [Synth 8-638] synthesizing module 'myproject_sparsemux_17_3_8_1_1' [/home/dabadjiev/smartpixels_ml_dsabadjiev/Muon_Collider_Smart_Pixels/eric/Results_June2026_99SigEff/model2.5_fin_results/model2_5_8bit_normalised_selected/pareto_primary/hls_outputs_vsynth/hls_model_trial_075/myproject_prj/solution1/syn/vhdl/myproject_sparsemux_17_3_8_1_1.vhd:79]
	Parameter din0_WIDTH bound to: 8 - type: integer 
	Parameter din1_WIDTH bound to: 8 - type: integer 
	Parameter din2_WIDTH bound to: 8 - type: integer 
	Parameter din3_WIDTH bound to: 8 - type: integer 
	Parameter din4_WIDTH bound to: 8 - type: integer 
	Parameter din5_WIDTH bound to: 8 - type: integer 
	Parameter din6_WIDTH bound to: 8 - type: integer 
	Parameter din7_WIDTH bound to: 8 - type: integer 
	Parameter def_WIDTH bound to: 8 - type: integer 
	Parameter sel_WIDTH bound to: 3 - type: integer 
	Parameter dout_WIDTH bound to: 8 - type: integer 
	Parameter CASE0 bound to: 3'b000 
	Parameter CASE1 bound to: 3'b001 
	Parameter CASE2 bound to: 3'b010 
	Parameter CASE3 bound to: 3'b011 
	Parameter CASE4 bound to: 3'b100 
	Parameter CASE5 bound to: 3'b101 
	Parameter CASE6 bound to: 3'b110 
	Parameter CASE7 bound to: 3'b111 
	Parameter ID bound to: 1 - type: integer 
	Parameter NUM_STAGE bound to: 1 - type: integer 
INFO: [Synth 8-226] default block is never used [/home/dabadjiev/smartpixels_ml_dsabadjiev/Muon_Collider_Smart_Pixels/eric/Results_June2026_99SigEff/model2.5_fin_results/model2_5_8bit_normalised_selected/pareto_primary/hls_outputs_vsynth/hls_model_trial_075/myproject_prj/solution1/syn/vhdl/myproject_sparsemux_17_3_8_1_1.vhd:87]
INFO: [Synth 8-256] done synthesizing module 'myproject_sparsemux_17_3_8_1_1' (0#1) [/home/dabadjiev/smartpixels_ml_dsabadjiev/Muon_Collider_Smart_Pixels/eric/Results_June2026_99SigEff/model2.5_fin_results/model2_5_8bit_normalised_selected/pareto_primary/hls_outputs_vsynth/hls_model_trial_075/myproject_prj/solution1/syn/vhdl/myproject_sparsemux_17_3_8_1_1.vhd:79]
	Parameter ID bound to: 1 - type: integer 
	Parameter NUM_STAGE bound to: 1 - type: integer 
	Parameter din0_WIDTH bound to: 8 - type: integer 
	Parameter din1_WIDTH bound to: 8 - type: integer 
	Parameter dout_WIDTH bound to: 16 - type: integer 
INFO: [Synth 8-638] synthesizing module 'myproject_mul_8s_8ns_16_1_1' [/home/dabadjiev/smartpixels_ml_dsabadjiev/Muon_Collider_Smart_Pixels/eric/Results_June2026_99SigEff/model2.5_fin_results/model2_5_8bit_normalised_selected/pareto_primary/hls_outputs_vsynth/hls_model_trial_075/myproject_prj/solution1/syn/vhdl/myproject_mul_8s_8ns_16_1_1.vhd:26]
	Parameter ID bound to: 1 - type: integer 
	Parameter NUM_STAGE bound to: 1 - type: integer 
	Parameter din0_WIDTH bound to: 8 - type: integer 
	Parameter din1_WIDTH bound to: 8 - type: integer 
	Parameter dout_WIDTH bound to: 16 - type: integer 
INFO: [Synth 8-256] done synthesizing module 'myproject_mul_8s_8ns_16_1_1' (0#1) [/home/dabadjiev/smartpixels_ml_dsabadjiev/Muon_Collider_Smart_Pixels/eric/Results_June2026_99SigEff/model2.5_fin_results/model2_5_8bit_normalised_selected/pareto_primary/hls_outputs_vsynth/hls_model_trial_075/myproject_prj/solution1/syn/vhdl/myproject_mul_8s_8ns_16_1_1.vhd:26]
	Parameter ID bound to: 1 - type: integer 
	Parameter NUM_STAGE bound to: 1 - type: integer 
	Parameter din0_WIDTH bound to: 8 - type: integer 
	Parameter din1_WIDTH bound to: 8 - type: integer 
	Parameter dout_WIDTH bound to: 16 - type: integer 
INFO: [Synth 8-256] done synthesizing module 'myproject_dense_resource_ap_ufixed_8_0_4_0_0_ap_fixed_16_6_5_3_0_config24_s' (0#1) [/home/dabadjiev/smartpixels_ml_dsabadjiev/Muon_Collider_Smart_Pixels/eric/Results_June2026_99SigEff/model2.5_fin_results/model2_5_8bit_normalised_selected/pareto_primary/hls_outputs_vsynth/hls_model_trial_075/myproject_prj/solution1/syn/vhdl/myproject_dense_resource_ap_ufixed_8_0_4_0_0_ap_fixed_16_6_5_3_0_config24_s.vhd:45]
INFO: [Synth 8-638] synthesizing module 'myproject_relu_ap_fixed_16_6_5_3_0_ap_ufixed_8_0_4_0_0_relu_config26_s' [/home/dabadjiev/smartpixels_ml_dsabadjiev/Muon_Collider_Smart_Pixels/eric/Results_June2026_99SigEff/model2.5_fin_results/model2_5_8bit_normalised_selected/pareto_primary/hls_outputs_vsynth/hls_model_trial_075/myproject_prj/solution1/syn/vhdl/myproject_relu_ap_fixed_16_6_5_3_0_ap_ufixed_8_0_4_0_0_relu_config26_s.vhd:32]
INFO: [Synth 8-256] done synthesizing module 'myproject_relu_ap_fixed_16_6_5_3_0_ap_ufixed_8_0_4_0_0_relu_config26_s' (0#1) [/home/dabadjiev/smartpixels_ml_dsabadjiev/Muon_Collider_Smart_Pixels/eric/Results_June2026_99SigEff/model2.5_fin_results/model2_5_8bit_normalised_selected/pareto_primary/hls_outputs_vsynth/hls_model_trial_075/myproject_prj/solution1/syn/vhdl/myproject_relu_ap_fixed_16_6_5_3_0_ap_ufixed_8_0_4_0_0_relu_config26_s.vhd:32]
INFO: [Synth 8-638] synthesizing module 'myproject_dense_resource_ap_ufixed_8_0_4_0_0_ap_fixed_16_6_5_3_0_config27_s' [/home/dabadjiev/smartpixels_ml_dsabadjiev/Muon_Collider_Smart_Pixels/eric/Results_June2026_99SigEff/model2.5_fin_results/model2_5_8bit_normalised_selected/pareto_primary/hls_outputs_vsynth/hls_model_trial_075/myproject_prj/solution1/syn/vhdl/myproject_dense_resource_ap_ufixed_8_0_4_0_0_ap_fixed_16_6_5_3_0_config27_s.vhd:32]
	Parameter ID bound to: 1 - type: integer 
	Parameter NUM_STAGE bound to: 1 - type: integer 
	Parameter CASE0 bound to: 2'b00 
	Parameter din0_WIDTH bound to: 8 - type: integer 
	Parameter CASE1 bound to: 2'b01 
	Parameter din1_WIDTH bound to: 8 - type: integer 
	Parameter CASE2 bound to: 2'b10 
	Parameter din2_WIDTH bound to: 8 - type: integer 
	Parameter CASE3 bound to: 2'b11 
	Parameter din3_WIDTH bound to: 8 - type: integer 
	Parameter def_WIDTH bound to: 8 - type: integer 
	Parameter sel_WIDTH bound to: 2 - type: integer 
	Parameter dout_WIDTH bound to: 8 - type: integer 
INFO: [Synth 8-638] synthesizing module 'myproject_sparsemux_9_2_8_1_1' [/home/dabadjiev/smartpixels_ml_dsabadjiev/Muon_Collider_Smart_Pixels/eric/Results_June2026_99SigEff/model2.5_fin_results/model2_5_8bit_normalised_selected/pareto_primary/hls_outputs_vsynth/hls_model_trial_075/myproject_prj/solution1/syn/vhdl/myproject_sparsemux_9_2_8_1_1.vhd:55]
	Parameter din0_WIDTH bound to: 8 - type: integer 
	Parameter din1_WIDTH bound to: 8 - type: integer 
	Parameter din2_WIDTH bound to: 8 - type: integer 
	Parameter din3_WIDTH bound to: 8 - type: integer 
	Parameter def_WIDTH bound to: 8 - type: integer 
	Parameter sel_WIDTH bound to: 2 - type: integer 
	Parameter dout_WIDTH bound to: 8 - type: integer 
	Parameter CASE0 bound to: 2'b00 
	Parameter CASE1 bound to: 2'b01 
	Parameter CASE2 bound to: 2'b10 
	Parameter CASE3 bound to: 2'b11 
	Parameter ID bound to: 1 - type: integer 
	Parameter NUM_STAGE bound to: 1 - type: integer 
INFO: [Synth 8-226] default block is never used [/home/dabadjiev/smartpixels_ml_dsabadjiev/Muon_Collider_Smart_Pixels/eric/Results_June2026_99SigEff/model2.5_fin_results/model2_5_8bit_normalised_selected/pareto_primary/hls_outputs_vsynth/hls_model_trial_075/myproject_prj/solution1/syn/vhdl/myproject_sparsemux_9_2_8_1_1.vhd:63]
INFO: [Synth 8-256] done synthesizing module 'myproject_sparsemux_9_2_8_1_1' (0#1) [/home/dabadjiev/smartpixels_ml_dsabadjiev/Muon_Collider_Smart_Pixels/eric/Results_June2026_99SigEff/model2.5_fin_results/model2_5_8bit_normalised_selected/pareto_primary/hls_outputs_vsynth/hls_model_trial_075/myproject_prj/solution1/syn/vhdl/myproject_sparsemux_9_2_8_1_1.vhd:55]
	Parameter ID bound to: 1 - type: integer 
	Parameter NUM_STAGE bound to: 1 - type: integer 
	Parameter din0_WIDTH bound to: 8 - type: integer 
	Parameter din1_WIDTH bound to: 8 - type: integer 
	Parameter dout_WIDTH bound to: 16 - type: integer 
INFO: [Synth 8-256] done synthesizing module 'myproject_dense_resource_ap_ufixed_8_0_4_0_0_ap_fixed_16_6_5_3_0_config27_s' (0#1) [/home/dabadjiev/smartpixels_ml_dsabadjiev/Muon_Collider_Smart_Pixels/eric/Results_June2026_99SigEff/model2.5_fin_results/model2_5_8bit_normalised_selected/pareto_primary/hls_outputs_vsynth/hls_model_trial_075/myproject_prj/solution1/syn/vhdl/myproject_dense_resource_ap_ufixed_8_0_4_0_0_ap_fixed_16_6_5_3_0_config27_s.vhd:32]
INFO: [Synth 8-638] synthesizing module 'myproject_hard_sigmoid_ap_fixed_ap_ufixed_8_0_4_0_0_hard_sigmoid_config29_s' [/home/dabadjiev/smartpixels_ml_dsabadjiev/Muon_Collider_Smart_Pixels/eric/Results_June2026_99SigEff/model2.5_fin_results/model2_5_8bit_normalised_selected/pareto_primary/hls_outputs_vsynth/hls_model_trial_075/myproject_prj/solution1/syn/vhdl/myproject_hard_sigmoid_ap_fixed_ap_ufixed_8_0_4_0_0_hard_sigmoid_config29_s.vhd:26]
INFO: [Synth 8-256] done synthesizing module 'myproject_hard_sigmoid_ap_fixed_ap_ufixed_8_0_4_0_0_hard_sigmoid_config29_s' (0#1) [/home/dabadjiev/smartpixels_ml_dsabadjiev/Muon_Collider_Smart_Pixels/eric/Results_June2026_99SigEff/model2.5_fin_results/model2_5_8bit_normalised_selected/pareto_primary/hls_outputs_vsynth/hls_model_trial_075/myproject_prj/solution1/syn/vhdl/myproject_hard_sigmoid_ap_fixed_ap_ufixed_8_0_4_0_0_hard_sigmoid_config29_s.vhd:26]
INFO: [Synth 8-638] synthesizing module 'myproject_fifo_w10_d2_S' [/home/dabadjiev/smartpixels_ml_dsabadjiev/Muon_Collider_Smart_Pixels/eric/Results_June2026_99SigEff/model2.5_fin_results/model2_5_8bit_normalised_selected/pareto_primary/hls_outputs_vsynth/hls_model_trial_075/myproject_prj/solution1/syn/vhdl/myproject_fifo_w10_d2_S.vhd:40]
	Parameter DATA_WIDTH bound to: 10 - type: integer 
	Parameter ADDR_WIDTH bound to: 2 - type: integer 
	Parameter DEPTH bound to: 2 - type: integer 
INFO: [Synth 8-638] synthesizing module 'myproject_fifo_w10_d2_S_ShiftReg' [/home/dabadjiev/smartpixels_ml_dsabadjiev/Muon_Collider_Smart_Pixels/eric/Results_June2026_99SigEff/model2.5_fin_results/model2_5_8bit_normalised_selected/pareto_primary/hls_outputs_vsynth/hls_model_trial_075/myproject_prj/solution1/syn/vhdl/myproject_fifo_w10_d2_S.vhd:179]
	Parameter DATA_WIDTH bound to: 10 - type: integer 
	Parameter ADDR_WIDTH bound to: 2 - type: integer 
	Parameter DEPTH bound to: 2 - type: integer 
INFO: [Synth 8-256] done synthesizing module 'myproject_fifo_w10_d2_S_ShiftReg' (0#1) [/home/dabadjiev/smartpixels_ml_dsabadjiev/Muon_Collider_Smart_Pixels/eric/Results_June2026_99SigEff/model2.5_fin_results/model2_5_8bit_normalised_selected/pareto_primary/hls_outputs_vsynth/hls_model_trial_075/myproject_prj/solution1/syn/vhdl/myproject_fifo_w10_d2_S.vhd:179]
INFO: [Synth 8-256] done synthesizing module 'myproject_fifo_w10_d2_S' (0#1) [/home/dabadjiev/smartpixels_ml_dsabadjiev/Muon_Collider_Smart_Pixels/eric/Results_June2026_99SigEff/model2.5_fin_results/model2_5_8bit_normalised_selected/pareto_primary/hls_outputs_vsynth/hls_model_trial_075/myproject_prj/solution1/syn/vhdl/myproject_fifo_w10_d2_S.vhd:40]
INFO: [Synth 8-638] synthesizing module 'myproject_fifo_w11_d2_S' [/home/dabadjiev/smartpixels_ml_dsabadjiev/Muon_Collider_Smart_Pixels/eric/Results_June2026_99SigEff/model2.5_fin_results/model2_5_8bit_normalised_selected/pareto_primary/hls_outputs_vsynth/hls_model_trial_075/myproject_prj/solution1/syn/vhdl/myproject_fifo_w11_d2_S.vhd:40]
	Parameter DATA_WIDTH bound to: 11 - type: integer 
	Parameter ADDR_WIDTH bound to: 2 - type: integer 
	Parameter DEPTH bound to: 2 - type: integer 
INFO: [Synth 8-638] synthesizing module 'myproject_fifo_w11_d2_S_ShiftReg' [/home/dabadjiev/smartpixels_ml_dsabadjiev/Muon_Collider_Smart_Pixels/eric/Results_June2026_99SigEff/model2.5_fin_results/model2_5_8bit_normalised_selected/pareto_primary/hls_outputs_vsynth/hls_model_trial_075/myproject_prj/solution1/syn/vhdl/myproject_fifo_w11_d2_S.vhd:179]
	Parameter DATA_WIDTH bound to: 11 - type: integer 
	Parameter ADDR_WIDTH bound to: 2 - type: integer 
	Parameter DEPTH bound to: 2 - type: integer 
INFO: [Synth 8-256] done synthesizing module 'myproject_fifo_w11_d2_S_ShiftReg' (0#1) [/home/dabadjiev/smartpixels_ml_dsabadjiev/Muon_Collider_Smart_Pixels/eric/Results_June2026_99SigEff/model2.5_fin_results/model2_5_8bit_normalised_selected/pareto_primary/hls_outputs_vsynth/hls_model_trial_075/myproject_prj/solution1/syn/vhdl/myproject_fifo_w11_d2_S.vhd:179]
INFO: [Synth 8-256] done synthesizing module 'myproject_fifo_w11_d2_S' (0#1) [/home/dabadjiev/smartpixels_ml_dsabadjiev/Muon_Collider_Smart_Pixels/eric/Results_June2026_99SigEff/model2.5_fin_results/model2_5_8bit_normalised_selected/pareto_primary/hls_outputs_vsynth/hls_model_trial_075/myproject_prj/solution1/syn/vhdl/myproject_fifo_w11_d2_S.vhd:40]
INFO: [Synth 8-638] synthesizing module 'myproject_fifo_w10_d3_S' [/home/dabadjiev/smartpixels_ml_dsabadjiev/Muon_Collider_Smart_Pixels/eric/Results_June2026_99SigEff/model2.5_fin_results/model2_5_8bit_normalised_selected/pareto_primary/hls_outputs_vsynth/hls_model_trial_075/myproject_prj/solution1/syn/vhdl/myproject_fifo_w10_d3_S.vhd:40]
	Parameter DATA_WIDTH bound to: 10 - type: integer 
	Parameter ADDR_WIDTH bound to: 2 - type: integer 
	Parameter DEPTH bound to: 3 - type: integer 
INFO: [Synth 8-638] synthesizing module 'myproject_fifo_w10_d3_S_ShiftReg' [/home/dabadjiev/smartpixels_ml_dsabadjiev/Muon_Collider_Smart_Pixels/eric/Results_June2026_99SigEff/model2.5_fin_results/model2_5_8bit_normalised_selected/pareto_primary/hls_outputs_vsynth/hls_model_trial_075/myproject_prj/solution1/syn/vhdl/myproject_fifo_w10_d3_S.vhd:179]
	Parameter DATA_WIDTH bound to: 10 - type: integer 
	Parameter ADDR_WIDTH bound to: 2 - type: integer 
	Parameter DEPTH bound to: 3 - type: integer 
INFO: [Synth 8-256] done synthesizing module 'myproject_fifo_w10_d3_S_ShiftReg' (0#1) [/home/dabadjiev/smartpixels_ml_dsabadjiev/Muon_Collider_Smart_Pixels/eric/Results_June2026_99SigEff/model2.5_fin_results/model2_5_8bit_normalised_selected/pareto_primary/hls_outputs_vsynth/hls_model_trial_075/myproject_prj/solution1/syn/vhdl/myproject_fifo_w10_d3_S.vhd:179]
INFO: [Synth 8-256] done synthesizing module 'myproject_fifo_w10_d3_S' (0#1) [/home/dabadjiev/smartpixels_ml_dsabadjiev/Muon_Collider_Smart_Pixels/eric/Results_June2026_99SigEff/model2.5_fin_results/model2_5_8bit_normalised_selected/pareto_primary/hls_outputs_vsynth/hls_model_trial_075/myproject_prj/solution1/syn/vhdl/myproject_fifo_w10_d3_S.vhd:40]
INFO: [Synth 8-638] synthesizing module 'myproject_fifo_w16_d2_S' [/home/dabadjiev/smartpixels_ml_dsabadjiev/Muon_Collider_Smart_Pixels/eric/Results_June2026_99SigEff/model2.5_fin_results/model2_5_8bit_normalised_selected/pareto_primary/hls_outputs_vsynth/hls_model_trial_075/myproject_prj/solution1/syn/vhdl/myproject_fifo_w16_d2_S.vhd:40]
	Parameter DATA_WIDTH bound to: 16 - type: integer 
	Parameter ADDR_WIDTH bound to: 2 - type: integer 
	Parameter DEPTH bound to: 2 - type: integer 
INFO: [Synth 8-638] synthesizing module 'myproject_fifo_w16_d2_S_ShiftReg' [/home/dabadjiev/smartpixels_ml_dsabadjiev/Muon_Collider_Smart_Pixels/eric/Results_June2026_99SigEff/model2.5_fin_results/model2_5_8bit_normalised_selected/pareto_primary/hls_outputs_vsynth/hls_model_trial_075/myproject_prj/solution1/syn/vhdl/myproject_fifo_w16_d2_S.vhd:179]
	Parameter DATA_WIDTH bound to: 16 - type: integer 
	Parameter ADDR_WIDTH bound to: 2 - type: integer 
	Parameter DEPTH bound to: 2 - type: integer 
INFO: [Synth 8-256] done synthesizing module 'myproject_fifo_w16_d2_S_ShiftReg' (0#1) [/home/dabadjiev/smartpixels_ml_dsabadjiev/Muon_Collider_Smart_Pixels/eric/Results_June2026_99SigEff/model2.5_fin_results/model2_5_8bit_normalised_selected/pareto_primary/hls_outputs_vsynth/hls_model_trial_075/myproject_prj/solution1/syn/vhdl/myproject_fifo_w16_d2_S.vhd:179]
INFO: [Synth 8-256] done synthesizing module 'myproject_fifo_w16_d2_S' (0#1) [/home/dabadjiev/smartpixels_ml_dsabadjiev/Muon_Collider_Smart_Pixels/eric/Results_June2026_99SigEff/model2.5_fin_results/model2_5_8bit_normalised_selected/pareto_primary/hls_outputs_vsynth/hls_model_trial_075/myproject_prj/solution1/syn/vhdl/myproject_fifo_w16_d2_S.vhd:40]
INFO: [Synth 8-638] synthesizing module 'myproject_fifo_w8_d2_S' [/home/dabadjiev/smartpixels_ml_dsabadjiev/Muon_Collider_Smart_Pixels/eric/Results_June2026_99SigEff/model2.5_fin_results/model2_5_8bit_normalised_selected/pareto_primary/hls_outputs_vsynth/hls_model_trial_075/myproject_prj/solution1/syn/vhdl/myproject_fifo_w8_d2_S.vhd:40]
	Parameter DATA_WIDTH bound to: 8 - type: integer 
	Parameter ADDR_WIDTH bound to: 2 - type: integer 
	Parameter DEPTH bound to: 2 - type: integer 
INFO: [Synth 8-638] synthesizing module 'myproject_fifo_w8_d2_S_ShiftReg' [/home/dabadjiev/smartpixels_ml_dsabadjiev/Muon_Collider_Smart_Pixels/eric/Results_June2026_99SigEff/model2.5_fin_results/model2_5_8bit_normalised_selected/pareto_primary/hls_outputs_vsynth/hls_model_trial_075/myproject_prj/solution1/syn/vhdl/myproject_fifo_w8_d2_S.vhd:179]
	Parameter DATA_WIDTH bound to: 8 - type: integer 
	Parameter ADDR_WIDTH bound to: 2 - type: integer 
	Parameter DEPTH bound to: 2 - type: integer 
INFO: [Synth 8-256] done synthesizing module 'myproject_fifo_w8_d2_S_ShiftReg' (0#1) [/home/dabadjiev/smartpixels_ml_dsabadjiev/Muon_Collider_Smart_Pixels/eric/Results_June2026_99SigEff/model2.5_fin_results/model2_5_8bit_normalised_selected/pareto_primary/hls_outputs_vsynth/hls_model_trial_075/myproject_prj/solution1/syn/vhdl/myproject_fifo_w8_d2_S.vhd:179]
INFO: [Synth 8-256] done synthesizing module 'myproject_fifo_w8_d2_S' (0#1) [/home/dabadjiev/smartpixels_ml_dsabadjiev/Muon_Collider_Smart_Pixels/eric/Results_June2026_99SigEff/model2.5_fin_results/model2_5_8bit_normalised_selected/pareto_primary/hls_outputs_vsynth/hls_model_trial_075/myproject_prj/solution1/syn/vhdl/myproject_fifo_w8_d2_S.vhd:40]
INFO: [Synth 8-638] synthesizing module 'myproject_fifo_w8_d3_S' [/home/dabadjiev/smartpixels_ml_dsabadjiev/Muon_Collider_Smart_Pixels/eric/Results_June2026_99SigEff/model2.5_fin_results/model2_5_8bit_normalised_selected/pareto_primary/hls_outputs_vsynth/hls_model_trial_075/myproject_prj/solution1/syn/vhdl/myproject_fifo_w8_d3_S.vhd:40]
	Parameter DATA_WIDTH bound to: 8 - type: integer 
	Parameter ADDR_WIDTH bound to: 2 - type: integer 
	Parameter DEPTH bound to: 3 - type: integer 
INFO: [Synth 8-638] synthesizing module 'myproject_fifo_w8_d3_S_ShiftReg' [/home/dabadjiev/smartpixels_ml_dsabadjiev/Muon_Collider_Smart_Pixels/eric/Results_June2026_99SigEff/model2.5_fin_results/model2_5_8bit_normalised_selected/pareto_primary/hls_outputs_vsynth/hls_model_trial_075/myproject_prj/solution1/syn/vhdl/myproject_fifo_w8_d3_S.vhd:179]
	Parameter DATA_WIDTH bound to: 8 - type: integer 
	Parameter ADDR_WIDTH bound to: 2 - type: integer 
	Parameter DEPTH bound to: 3 - type: integer 
INFO: [Synth 8-256] done synthesizing module 'myproject_fifo_w8_d3_S_ShiftReg' (0#1) [/home/dabadjiev/smartpixels_ml_dsabadjiev/Muon_Collider_Smart_Pixels/eric/Results_June2026_99SigEff/model2.5_fin_results/model2_5_8bit_normalised_selected/pareto_primary/hls_outputs_vsynth/hls_model_trial_075/myproject_prj/solution1/syn/vhdl/myproject_fifo_w8_d3_S.vhd:179]
INFO: [Synth 8-256] done synthesizing module 'myproject_fifo_w8_d3_S' (0#1) [/home/dabadjiev/smartpixels_ml_dsabadjiev/Muon_Collider_Smart_Pixels/eric/Results_June2026_99SigEff/model2.5_fin_results/model2_5_8bit_normalised_selected/pareto_primary/hls_outputs_vsynth/hls_model_trial_075/myproject_prj/solution1/syn/vhdl/myproject_fifo_w8_d3_S.vhd:40]
INFO: [Synth 8-638] synthesizing module 'myproject_fifo_w14_d2_S' [/home/dabadjiev/smartpixels_ml_dsabadjiev/Muon_Collider_Smart_Pixels/eric/Results_June2026_99SigEff/model2.5_fin_results/model2_5_8bit_normalised_selected/pareto_primary/hls_outputs_vsynth/hls_model_trial_075/myproject_prj/solution1/syn/vhdl/myproject_fifo_w14_d2_S.vhd:40]
	Parameter DATA_WIDTH bound to: 14 - type: integer 
	Parameter ADDR_WIDTH bound to: 2 - type: integer 
	Parameter DEPTH bound to: 2 - type: integer 
INFO: [Synth 8-638] synthesizing module 'myproject_fifo_w14_d2_S_ShiftReg' [/home/dabadjiev/smartpixels_ml_dsabadjiev/Muon_Collider_Smart_Pixels/eric/Results_June2026_99SigEff/model2.5_fin_results/model2_5_8bit_normalised_selected/pareto_primary/hls_outputs_vsynth/hls_model_trial_075/myproject_prj/solution1/syn/vhdl/myproject_fifo_w14_d2_S.vhd:179]
	Parameter DATA_WIDTH bound to: 14 - type: integer 
	Parameter ADDR_WIDTH bound to: 2 - type: integer 
	Parameter DEPTH bound to: 2 - type: integer 
INFO: [Synth 8-256] done synthesizing module 'myproject_fifo_w14_d2_S_ShiftReg' (0#1) [/home/dabadjiev/smartpixels_ml_dsabadjiev/Muon_Collider_Smart_Pixels/eric/Results_June2026_99SigEff/model2.5_fin_results/model2_5_8bit_normalised_selected/pareto_primary/hls_outputs_vsynth/hls_model_trial_075/myproject_prj/solution1/syn/vhdl/myproject_fifo_w14_d2_S.vhd:179]
INFO: [Synth 8-256] done synthesizing module 'myproject_fifo_w14_d2_S' (0#1) [/home/dabadjiev/smartpixels_ml_dsabadjiev/Muon_Collider_Smart_Pixels/eric/Results_June2026_99SigEff/model2.5_fin_results/model2_5_8bit_normalised_selected/pareto_primary/hls_outputs_vsynth/hls_model_trial_075/myproject_prj/solution1/syn/vhdl/myproject_fifo_w14_d2_S.vhd:40]
INFO: [Synth 8-256] done synthesizing module 'myproject' (0#1) [/home/dabadjiev/smartpixels_ml_dsabadjiev/Muon_Collider_Smart_Pixels/eric/Results_June2026_99SigEff/model2.5_fin_results/model2_5_8bit_normalised_selected/pareto_primary/hls_outputs_vsynth/hls_model_trial_075/myproject_prj/solution1/syn/vhdl/myproject.vhd:155]
WARNING: [Synth 8-3917] design myproject has port w14_d0[7] driven by constant 0
WARNING: [Synth 8-3917] design myproject has port w14_d0[6] driven by constant 0
WARNING: [Synth 8-3917] design myproject has port w14_d0[5] driven by constant 0
WARNING: [Synth 8-3917] design myproject has port w14_d0[4] driven by constant 0
WARNING: [Synth 8-3917] design myproject has port w14_d0[3] driven by constant 0
WARNING: [Synth 8-3917] design myproject has port w14_d0[2] driven by constant 0
WARNING: [Synth 8-3917] design myproject has port w14_d0[1] driven by constant 0
WARNING: [Synth 8-3917] design myproject has port w14_d0[0] driven by constant 0
WARNING: [Synth 8-3917] design myproject has port w14_we0 driven by constant 0
WARNING: [Synth 8-3917] design myproject has port w14_d1[7] driven by constant 0
WARNING: [Synth 8-3917] design myproject has port w14_d1[6] driven by constant 0
WARNING: [Synth 8-3917] design myproject has port w14_d1[5] driven by constant 0
WARNING: [Synth 8-3917] design myproject has port w14_d1[4] driven by constant 0
WARNING: [Synth 8-3917] design myproject has port w14_d1[3] driven by constant 0
WARNING: [Synth 8-3917] design myproject has port w14_d1[2] driven by constant 0
WARNING: [Synth 8-3917] design myproject has port w14_d1[1] driven by constant 0
WARNING: [Synth 8-3917] design myproject has port w14_d1[0] driven by constant 0
WARNING: [Synth 8-3917] design myproject has port w14_we1 driven by constant 0
WARNING: [Synth 8-3917] design myproject has port w16_d0[7] driven by constant 0
WARNING: [Synth 8-3917] design myproject has port w16_d0[6] driven by constant 0
WARNING: [Synth 8-3917] design myproject has port w16_d0[5] driven by constant 0
WARNING: [Synth 8-3917] design myproject has port w16_d0[4] driven by constant 0
WARNING: [Synth 8-3917] design myproject has port w16_d0[3] driven by constant 0
WARNING: [Synth 8-3917] design myproject has port w16_d0[2] driven by constant 0
WARNING: [Synth 8-3917] design myproject has port w16_d0[1] driven by constant 0
WARNING: [Synth 8-3917] design myproject has port w16_d0[0] driven by constant 0
WARNING: [Synth 8-3917] design myproject has port w16_we0 driven by constant 0
WARNING: [Synth 8-3917] design myproject has port w16_address1[4] driven by constant 0
WARNING: [Synth 8-3917] design myproject has port w16_address1[3] driven by constant 0
WARNING: [Synth 8-3917] design myproject has port w16_address1[2] driven by constant 0
WARNING: [Synth 8-3917] design myproject has port w16_address1[1] driven by constant 0
WARNING: [Synth 8-3917] design myproject has port w16_address1[0] driven by constant 0
WARNING: [Synth 8-3917] design myproject has port w16_ce1 driven by constant 0
WARNING: [Synth 8-3917] design myproject has port w16_d1[7] driven by constant 0
WARNING: [Synth 8-3917] design myproject has port w16_d1[6] driven by constant 0
WARNING: [Synth 8-3917] design myproject has port w16_d1[5] driven by constant 0
WARNING: [Synth 8-3917] design myproject has port w16_d1[4] driven by constant 0
WARNING: [Synth 8-3917] design myproject has port w16_d1[3] driven by constant 0
WARNING: [Synth 8-3917] design myproject has port w16_d1[2] driven by constant 0
WARNING: [Synth 8-3917] design myproject has port w16_d1[1] driven by constant 0
WARNING: [Synth 8-3917] design myproject has port w16_d1[0] driven by constant 0
WARNING: [Synth 8-3917] design myproject has port w16_we1 driven by constant 0
WARNING: [Synth 8-3917] design myproject has port w21_d0[7] driven by constant 0
WARNING: [Synth 8-3917] design myproject has port w21_d0[6] driven by constant 0
WARNING: [Synth 8-3917] design myproject has port w21_d0[5] driven by constant 0
WARNING: [Synth 8-3917] design myproject has port w21_d0[4] driven by constant 0
WARNING: [Synth 8-3917] design myproject has port w21_d0[3] driven by constant 0
WARNING: [Synth 8-3917] design myproject has port w21_d0[2] driven by constant 0
WARNING: [Synth 8-3917] design myproject has port w21_d0[1] driven by constant 0
WARNING: [Synth 8-3917] design myproject has port w21_d0[0] driven by constant 0
WARNING: [Synth 8-3917] design myproject has port w21_we0 driven by constant 0
WARNING: [Synth 8-3917] design myproject has port w21_d1[7] driven by constant 0
WARNING: [Synth 8-3917] design myproject has port w21_d1[6] driven by constant 0
WARNING: [Synth 8-3917] design myproject has port w21_d1[5] driven by constant 0
WARNING: [Synth 8-3917] design myproject has port w21_d1[4] driven by constant 0
WARNING: [Synth 8-3917] design myproject has port w21_d1[3] driven by constant 0
WARNING: [Synth 8-3917] design myproject has port w21_d1[2] driven by constant 0
WARNING: [Synth 8-3917] design myproject has port w21_d1[1] driven by constant 0
WARNING: [Synth 8-3917] design myproject has port w21_d1[0] driven by constant 0
WARNING: [Synth 8-3917] design myproject has port w21_we1 driven by constant 0
WARNING: [Synth 8-3917] design myproject has port w24_d0[7] driven by constant 0
WARNING: [Synth 8-3917] design myproject has port w24_d0[6] driven by constant 0
WARNING: [Synth 8-3917] design myproject has port w24_d0[5] driven by constant 0
WARNING: [Synth 8-3917] design myproject has port w24_d0[4] driven by constant 0
WARNING: [Synth 8-3917] design myproject has port w24_d0[3] driven by constant 0
WARNING: [Synth 8-3917] design myproject has port w24_d0[2] driven by constant 0
WARNING: [Synth 8-3917] design myproject has port w24_d0[1] driven by constant 0
WARNING: [Synth 8-3917] design myproject has port w24_d0[0] driven by constant 0
WARNING: [Synth 8-3917] design myproject has port w24_we0 driven by constant 0
WARNING: [Synth 8-3917] design myproject has port w24_d1[7] driven by constant 0
WARNING: [Synth 8-3917] design myproject has port w24_d1[6] driven by constant 0
WARNING: [Synth 8-3917] design myproject has port w24_d1[5] driven by constant 0
WARNING: [Synth 8-3917] design myproject has port w24_d1[4] driven by constant 0
WARNING: [Synth 8-3917] design myproject has port w24_d1[3] driven by constant 0
WARNING: [Synth 8-3917] design myproject has port w24_d1[2] driven by constant 0
WARNING: [Synth 8-3917] design myproject has port w24_d1[1] driven by constant 0
WARNING: [Synth 8-3917] design myproject has port w24_d1[0] driven by constant 0
WARNING: [Synth 8-3917] design myproject has port w24_we1 driven by constant 0
WARNING: [Synth 8-3917] design myproject has port w27_d0[7] driven by constant 0
WARNING: [Synth 8-3917] design myproject has port w27_d0[6] driven by constant 0
WARNING: [Synth 8-3917] design myproject has port w27_d0[5] driven by constant 0
WARNING: [Synth 8-3917] design myproject has port w27_d0[4] driven by constant 0
WARNING: [Synth 8-3917] design myproject has port w27_d0[3] driven by constant 0
WARNING: [Synth 8-3917] design myproject has port w27_d0[2] driven by constant 0
WARNING: [Synth 8-3917] design myproject has port w27_d0[1] driven by constant 0
WARNING: [Synth 8-3917] design myproject has port w27_d0[0] driven by constant 0
WARNING: [Synth 8-3917] design myproject has port w27_we0 driven by constant 0
WARNING: [Synth 8-3917] design myproject has port w27_address1[1] driven by constant 0
WARNING: [Synth 8-3917] design myproject has port w27_address1[0] driven by constant 0
WARNING: [Synth 8-3917] design myproject has port w27_ce1 driven by constant 0
WARNING: [Synth 8-3917] design myproject has port w27_d1[7] driven by constant 0
WARNING: [Synth 8-3917] design myproject has port w27_d1[6] driven by constant 0
WARNING: [Synth 8-3917] design myproject has port w27_d1[5] driven by constant 0
WARNING: [Synth 8-3917] design myproject has port w27_d1[4] driven by constant 0
WARNING: [Synth 8-3917] design myproject has port w27_d1[3] driven by constant 0
WARNING: [Synth 8-3917] design myproject has port w27_d1[2] driven by constant 0
WARNING: [Synth 8-3917] design myproject has port w27_d1[1] driven by constant 0
WARNING: [Synth 8-3917] design myproject has port w27_d1[0] driven by constant 0
WARNING: [Synth 8-3917] design myproject has port w27_we1 driven by constant 0
WARNING: [Synth 8-7129] Port addr[1] in module myproject_fifo_w14_d2_S_ShiftReg is either unconnected or has no load
WARNING: [Synth 8-7129] Port addr[1] in module myproject_fifo_w8_d2_S_ShiftReg is either unconnected or has no load
WARNING: [Synth 8-7129] Port addr[1] in module myproject_fifo_w16_d2_S_ShiftReg is either unconnected or has no load
WARNING: [Synth 8-7129] Port addr[1] in module myproject_fifo_w10_d2_S_ShiftReg is either unconnected or has no load
WARNING: [Synth 8-7129] Port addr[1] in module myproject_fifo_w11_d2_S_ShiftReg is either unconnected or has no load
WARNING: [Synth 8-7129] Port def[7] in module myproject_sparsemux_9_2_8_1_1 is either unconnected or has no load
WARNING: [Synth 8-7129] Port def[6] in module myproject_sparsemux_9_2_8_1_1 is either unconnected or has no load
WARNING: [Synth 8-7129] Port def[5] in module myproject_sparsemux_9_2_8_1_1 is either unconnected or has no load
WARNING: [Synth 8-7129] Port def[4] in module myproject_sparsemux_9_2_8_1_1 is either unconnected or has no load
WARNING: [Synth 8-7129] Port def[3] in module myproject_sparsemux_9_2_8_1_1 is either unconnected or has no load
WARNING: [Synth 8-7129] Port def[2] in module myproject_sparsemux_9_2_8_1_1 is either unconnected or has no load
WARNING: [Synth 8-7129] Port def[1] in module myproject_sparsemux_9_2_8_1_1 is either unconnected or has no load
WARNING: [Synth 8-7129] Port def[0] in module myproject_sparsemux_9_2_8_1_1 is either unconnected or has no load
WARNING: [Synth 8-7129] Port def[7] in module myproject_sparsemux_17_3_8_1_1 is either unconnected or has no load
WARNING: [Synth 8-7129] Port def[6] in module myproject_sparsemux_17_3_8_1_1 is either unconnected or has no load
WARNING: [Synth 8-7129] Port def[5] in module myproject_sparsemux_17_3_8_1_1 is either unconnected or has no load
WARNING: [Synth 8-7129] Port def[4] in module myproject_sparsemux_17_3_8_1_1 is either unconnected or has no load
WARNING: [Synth 8-7129] Port def[3] in module myproject_sparsemux_17_3_8_1_1 is either unconnected or has no load
WARNING: [Synth 8-7129] Port def[2] in module myproject_sparsemux_17_3_8_1_1 is either unconnected or has no load
WARNING: [Synth 8-7129] Port def[1] in module myproject_sparsemux_17_3_8_1_1 is either unconnected or has no load
WARNING: [Synth 8-7129] Port def[0] in module myproject_sparsemux_17_3_8_1_1 is either unconnected or has no load
WARNING: [Synth 8-7129] Port reset in module myproject_dense_resource_ap_ufixed_8_0_4_0_0_ap_fixed_16_6_5_3_0_config24_s_outidx_i_ROcud is either unconnected or has no load
WARNING: [Synth 8-7129] Port reset in module myproject_dense_resource_ap_fixed_16_6_5_3_0_ap_fixed_16_6_5_3_0_config16_s_outidx_i_90bkb is either unconnected or has no load
WARNING: [Synth 8-7129] Port w16_q1[7] in module myproject is either unconnected or has no load
WARNING: [Synth 8-7129] Port w16_q1[6] in module myproject is either unconnected or has no load
WARNING: [Synth 8-7129] Port w16_q1[5] in module myproject is either unconnected or has no load
WARNING: [Synth 8-7129] Port w16_q1[4] in module myproject is either unconnected or has no load
WARNING: [Synth 8-7129] Port w16_q1[3] in module myproject is either unconnected or has no load
WARNING: [Synth 8-7129] Port w16_q1[2] in module myproject is either unconnected or has no load
WARNING: [Synth 8-7129] Port w16_q1[1] in module myproject is either unconnected or has no load
WARNING: [Synth 8-7129] Port w16_q1[0] in module myproject is either unconnected or has no load
WARNING: [Synth 8-7129] Port w27_q1[7] in module myproject is either unconnected or has no load
WARNING: [Synth 8-7129] Port w27_q1[6] in module myproject is either unconnected or has no load
WARNING: [Synth 8-7129] Port w27_q1[5] in module myproject is either unconnected or has no load
WARNING: [Synth 8-7129] Port w27_q1[4] in module myproject is either unconnected or has no load
WARNING: [Synth 8-7129] Port w27_q1[3] in module myproject is either unconnected or has no load
WARNING: [Synth 8-7129] Port w27_q1[2] in module myproject is either unconnected or has no load
WARNING: [Synth 8-7129] Port w27_q1[1] in module myproject is either unconnected or has no load
WARNING: [Synth 8-7129] Port w27_q1[0] in module myproject is either unconnected or has no load
---------------------------------------------------------------------------------
Finished Synthesize : Time (s): cpu = 00:00:12 ; elapsed = 00:00:13 . Memory (MB): peak = 2375.266 ; gain = 697.047 ; free physical = 62177 ; free virtual = 192195
---------------------------------------------------------------------------------
---------------------------------------------------------------------------------
Finished Constraint Validation : Time (s): cpu = 00:00:13 ; elapsed = 00:00:14 . Memory (MB): peak = 2375.266 ; gain = 697.047 ; free physical = 61880 ; free virtual = 191913
---------------------------------------------------------------------------------
---------------------------------------------------------------------------------
Start Loading Part and Timing Information
---------------------------------------------------------------------------------
Loading part: xc7z020clg400-1
INFO: [Device 21-403] Loading part xc7z020clg400-1
---------------------------------------------------------------------------------
Finished Loading Part and Timing Information : Time (s): cpu = 00:00:13 ; elapsed = 00:00:14 . Memory (MB): peak = 2383.270 ; gain = 705.051 ; free physical = 61876 ; free virtual = 191909
---------------------------------------------------------------------------------
WARNING: [Synth 8-3936] Found unconnected internal register 'sext_ln73_18_reg_18284_reg' and it is trimmed from '19' to '11' bits. [/home/dabadjiev/smartpixels_ml_dsabadjiev/Muon_Collider_Smart_Pixels/eric/Results_June2026_99SigEff/model2.5_fin_results/model2_5_8bit_normalised_selected/pareto_primary/hls_outputs_vsynth/hls_model_trial_075/myproject_prj/solution1/syn/vhdl/myproject_dense_resource_ap_fixed_16_6_5_3_0_ap_fixed_16_6_5_3_0_config14_s.vhd:9657]
WARNING: [Synth 8-3936] Found unconnected internal register 'sext_ln73_reg_18233_reg' and it is trimmed from '19' to '11' bits. [/home/dabadjiev/smartpixels_ml_dsabadjiev/Muon_Collider_Smart_Pixels/eric/Results_June2026_99SigEff/model2.5_fin_results/model2_5_8bit_normalised_selected/pareto_primary/hls_outputs_vsynth/hls_model_trial_075/myproject_prj/solution1/syn/vhdl/myproject_dense_resource_ap_fixed_16_6_5_3_0_ap_fixed_16_6_5_3_0_config14_s.vhd:9658]
WARNING: [Synth 8-3936] Found unconnected internal register 'sext_ln73_20_reg_18350_reg' and it is trimmed from '19' to '11' bits. [/home/dabadjiev/smartpixels_ml_dsabadjiev/Muon_Collider_Smart_Pixels/eric/Results_June2026_99SigEff/model2.5_fin_results/model2_5_8bit_normalised_selected/pareto_primary/hls_outputs_vsynth/hls_model_trial_075/myproject_prj/solution1/syn/vhdl/myproject_dense_resource_ap_fixed_16_6_5_3_0_ap_fixed_16_6_5_3_0_config14_s.vhd:9678]
WARNING: [Synth 8-3936] Found unconnected internal register 'sext_ln73_22_reg_17164_reg' and it is trimmed from '19' to '11' bits. [/home/dabadjiev/smartpixels_ml_dsabadjiev/Muon_Collider_Smart_Pixels/eric/Results_June2026_99SigEff/model2.5_fin_results/model2_5_8bit_normalised_selected/pareto_primary/hls_outputs_vsynth/hls_model_trial_075/myproject_prj/solution1/syn/vhdl/myproject_dense_resource_ap_fixed_16_6_5_3_0_ap_fixed_16_6_5_3_0_config14_s.vhd:8989]
WARNING: [Synth 8-3936] Found unconnected internal register 'sext_ln73_24_reg_17215_reg' and it is trimmed from '19' to '11' bits. [/home/dabadjiev/smartpixels_ml_dsabadjiev/Muon_Collider_Smart_Pixels/eric/Results_June2026_99SigEff/model2.5_fin_results/model2_5_8bit_normalised_selected/pareto_primary/hls_outputs_vsynth/hls_model_trial_075/myproject_prj/solution1/syn/vhdl/myproject_dense_resource_ap_fixed_16_6_5_3_0_ap_fixed_16_6_5_3_0_config14_s.vhd:8990]
INFO: [Synth 8-4490] FSM extraction disabled for register 'ap_CS_fsm_reg' through user attribute
INFO: [Synth 8-4490] FSM extraction disabled for register 'ap_CS_fsm_reg' through user attribute
INFO: [Device 21-9227] Part: xc7z020clg400-1 does not have CEAM library.
INFO: [Synth 8-4490] FSM extraction disabled for register 'ap_CS_fsm_reg' through user attribute
INFO: [Synth 8-4490] FSM extraction disabled for register 'ap_CS_fsm_reg' through user attribute
INFO: [Synth 8-4490] FSM extraction disabled for register 'ap_CS_fsm_reg' through user attribute
INFO: [Synth 8-4490] FSM extraction disabled for register 'ap_CS_fsm_reg' through user attribute
INFO: [Synth 8-4490] FSM extraction disabled for register 'ap_CS_fsm_reg' through user attribute
INFO: [Synth 8-4490] FSM extraction disabled for register 'ap_CS_fsm_reg' through user attribute
INFO: [Synth 8-4490] FSM extraction disabled for register 'ap_CS_fsm_reg' through user attribute
INFO: [Synth 8-4490] FSM extraction disabled for register 'ap_CS_fsm_reg' through user attribute
---------------------------------------------------------------------------------
Finished RTL Optimization Phase 2 : Time (s): cpu = 00:00:24 ; elapsed = 00:00:21 . Memory (MB): peak = 2444.059 ; gain = 765.840 ; free physical = 63759 ; free virtual = 193854
---------------------------------------------------------------------------------
INFO: [Synth 8-223] decloning instance 'dense_resource_ap_fixed_16_6_5_3_0_ap_fixed_16_6_5_3_0_config14_U0/mul_11s_8s_19_1_1_U84' (myproject_mul_11s_8s_19_1_1) to 'dense_resource_ap_fixed_16_6_5_3_0_ap_fixed_16_6_5_3_0_config14_U0/mul_11s_8s_19_1_1_U86'
INFO: [Synth 8-223] decloning instance 'dense_resource_ap_fixed_16_6_5_3_0_ap_fixed_16_6_5_3_0_config14_U0/mul_11s_8s_19_1_1_U84' (myproject_mul_11s_8s_19_1_1) to 'dense_resource_ap_fixed_16_6_5_3_0_ap_fixed_16_6_5_3_0_config14_U0/mul_11s_8s_19_1_1_U88'
INFO: [Synth 8-223] decloning instance 'dense_resource_ap_fixed_16_6_5_3_0_ap_fixed_16_6_5_3_0_config14_U0/mul_11s_8s_19_1_1_U84' (myproject_mul_11s_8s_19_1_1) to 'dense_resource_ap_fixed_16_6_5_3_0_ap_fixed_16_6_5_3_0_config14_U0/mul_11s_8s_19_1_1_U90'
INFO: [Synth 8-223] decloning instance 'dense_resource_ap_fixed_16_6_5_3_0_ap_fixed_16_6_5_3_0_config14_U0/mul_11s_8s_19_1_1_U84' (myproject_mul_11s_8s_19_1_1) to 'dense_resource_ap_fixed_16_6_5_3_0_ap_fixed_16_6_5_3_0_config14_U0/mul_11s_8s_19_1_1_U92'
INFO: [Synth 8-223] decloning instance 'dense_resource_ap_fixed_16_6_5_3_0_ap_fixed_16_6_5_3_0_config14_U0/mul_11s_8s_19_1_1_U84' (myproject_mul_11s_8s_19_1_1) to 'dense_resource_ap_fixed_16_6_5_3_0_ap_fixed_16_6_5_3_0_config14_U0/mul_11s_8s_19_1_1_U94'
INFO: [Synth 8-223] decloning instance 'dense_resource_ap_fixed_16_6_5_3_0_ap_fixed_16_6_5_3_0_config14_U0/mul_11s_8s_19_1_1_U84' (myproject_mul_11s_8s_19_1_1) to 'dense_resource_ap_fixed_16_6_5_3_0_ap_fixed_16_6_5_3_0_config14_U0/mul_11s_8s_19_1_1_U96'
INFO: [Synth 8-223] decloning instance 'dense_resource_ap_fixed_16_6_5_3_0_ap_fixed_16_6_5_3_0_config14_U0/mul_11s_8s_19_1_1_U84' (myproject_mul_11s_8s_19_1_1) to 'dense_resource_ap_fixed_16_6_5_3_0_ap_fixed_16_6_5_3_0_config14_U0/mul_11s_8s_19_1_1_U98'
INFO: [Synth 8-223] decloning instance 'dense_resource_ap_fixed_16_6_5_3_0_ap_fixed_16_6_5_3_0_config14_U0/mul_11s_8s_19_1_1_U84' (myproject_mul_11s_8s_19_1_1) to 'dense_resource_ap_fixed_16_6_5_3_0_ap_fixed_16_6_5_3_0_config14_U0/mul_11s_8s_19_1_1_U100'
INFO: [Synth 8-223] decloning instance 'dense_resource_ap_fixed_16_6_5_3_0_ap_fixed_16_6_5_3_0_config14_U0/mul_11s_8s_19_1_1_U84' (myproject_mul_11s_8s_19_1_1) to 'dense_resource_ap_fixed_16_6_5_3_0_ap_fixed_16_6_5_3_0_config14_U0/mul_11s_8s_19_1_1_U102'
INFO: [Synth 8-223] decloning instance 'dense_resource_ap_fixed_16_6_5_3_0_ap_fixed_16_6_5_3_0_config14_U0/mul_11s_8s_19_1_1_U84' (myproject_mul_11s_8s_19_1_1) to 'dense_resource_ap_fixed_16_6_5_3_0_ap_fixed_16_6_5_3_0_config14_U0/mul_11s_8s_19_1_1_U104'
INFO: [Synth 8-223] decloning instance 'dense_resource_ap_fixed_16_6_5_3_0_ap_fixed_16_6_5_3_0_config14_U0/mul_11s_8s_19_1_1_U84' (myproject_mul_11s_8s_19_1_1) to 'dense_resource_ap_fixed_16_6_5_3_0_ap_fixed_16_6_5_3_0_config14_U0/mul_11s_8s_19_1_1_U106'
INFO: [Synth 8-223] decloning instance 'dense_resource_ap_fixed_16_6_5_3_0_ap_fixed_16_6_5_3_0_config14_U0/mul_11s_8s_19_1_1_U84' (myproject_mul_11s_8s_19_1_1) to 'dense_resource_ap_fixed_16_6_5_3_0_ap_fixed_16_6_5_3_0_config14_U0/mul_11s_8s_19_1_1_U108'
INFO: [Synth 8-223] decloning instance 'dense_resource_ap_fixed_16_6_5_3_0_ap_fixed_16_6_5_3_0_config14_U0/mul_11s_8s_19_1_1_U84' (myproject_mul_11s_8s_19_1_1) to 'dense_resource_ap_fixed_16_6_5_3_0_ap_fixed_16_6_5_3_0_config14_U0/mul_11s_8s_19_1_1_U110'
INFO: [Synth 8-223] decloning instance 'dense_resource_ap_fixed_16_6_5_3_0_ap_fixed_16_6_5_3_0_config14_U0/mul_11s_8s_19_1_1_U84' (myproject_mul_11s_8s_19_1_1) to 'dense_resource_ap_fixed_16_6_5_3_0_ap_fixed_16_6_5_3_0_config14_U0/mul_11s_8s_19_1_1_U112'
INFO: [Synth 8-223] decloning instance 'dense_resource_ap_fixed_16_6_5_3_0_ap_fixed_16_6_5_3_0_config14_U0/mul_11s_8s_19_1_1_U84' (myproject_mul_11s_8s_19_1_1) to 'dense_resource_ap_fixed_16_6_5_3_0_ap_fixed_16_6_5_3_0_config14_U0/mul_11s_8s_19_1_1_U114'
INFO: [Synth 8-223] decloning instance 'dense_resource_ap_fixed_16_6_5_3_0_ap_fixed_16_6_5_3_0_config14_U0/mul_11s_8s_19_1_1_U84' (myproject_mul_11s_8s_19_1_1) to 'dense_resource_ap_fixed_16_6_5_3_0_ap_fixed_16_6_5_3_0_config14_U0/mul_11s_8s_19_1_1_U116'
INFO: [Synth 8-223] decloning instance 'dense_resource_ap_fixed_16_6_5_3_0_ap_fixed_16_6_5_3_0_config14_U0/mul_11s_8s_19_1_1_U84' (myproject_mul_11s_8s_19_1_1) to 'dense_resource_ap_fixed_16_6_5_3_0_ap_fixed_16_6_5_3_0_config14_U0/mul_11s_8s_19_1_1_U118'
INFO: [Synth 8-223] decloning instance 'dense_resource_ap_fixed_16_6_5_3_0_ap_fixed_16_6_5_3_0_config14_U0/mul_11s_8s_19_1_1_U84' (myproject_mul_11s_8s_19_1_1) to 'dense_resource_ap_fixed_16_6_5_3_0_ap_fixed_16_6_5_3_0_config14_U0/mul_11s_8s_19_1_1_U120'
INFO: [Synth 8-223] decloning instance 'dense_resource_ap_fixed_16_6_5_3_0_ap_fixed_16_6_5_3_0_config14_U0/mul_11s_8s_19_1_1_U84' (myproject_mul_11s_8s_19_1_1) to 'dense_resource_ap_fixed_16_6_5_3_0_ap_fixed_16_6_5_3_0_config14_U0/mul_11s_8s_19_1_1_U122'
INFO: [Synth 8-223] decloning instance 'dense_resource_ap_fixed_16_6_5_3_0_ap_fixed_16_6_5_3_0_config14_U0/mul_11s_8s_19_1_1_U84' (myproject_mul_11s_8s_19_1_1) to 'dense_resource_ap_fixed_16_6_5_3_0_ap_fixed_16_6_5_3_0_config14_U0/mul_11s_8s_19_1_1_U124'
INFO: [Synth 8-223] decloning instance 'dense_resource_ap_fixed_16_6_5_3_0_ap_fixed_16_6_5_3_0_config14_U0/mul_11s_8s_19_1_1_U84' (myproject_mul_11s_8s_19_1_1) to 'dense_resource_ap_fixed_16_6_5_3_0_ap_fixed_16_6_5_3_0_config14_U0/mul_11s_8s_19_1_1_U126'
INFO: [Synth 8-223] decloning instance 'dense_resource_ap_fixed_16_6_5_3_0_ap_fixed_16_6_5_3_0_config14_U0/mul_11s_8s_19_1_1_U84' (myproject_mul_11s_8s_19_1_1) to 'dense_resource_ap_fixed_16_6_5_3_0_ap_fixed_16_6_5_3_0_config14_U0/mul_11s_8s_19_1_1_U128'
INFO: [Synth 8-223] decloning instance 'dense_resource_ap_fixed_16_6_5_3_0_ap_fixed_16_6_5_3_0_config14_U0/mul_11s_8s_19_1_1_U84' (myproject_mul_11s_8s_19_1_1) to 'dense_resource_ap_fixed_16_6_5_3_0_ap_fixed_16_6_5_3_0_config14_U0/mul_11s_8s_19_1_1_U130'
INFO: [Synth 8-223] decloning instance 'dense_resource_ap_fixed_16_6_5_3_0_ap_fixed_16_6_5_3_0_config14_U0/mul_11s_8s_19_1_1_U84' (myproject_mul_11s_8s_19_1_1) to 'dense_resource_ap_fixed_16_6_5_3_0_ap_fixed_16_6_5_3_0_config14_U0/mul_11s_8s_19_1_1_U132'
INFO: [Synth 8-223] decloning instance 'dense_resource_ap_fixed_16_6_5_3_0_ap_fixed_16_6_5_3_0_config14_U0/mul_11s_8s_19_1_1_U84' (myproject_mul_11s_8s_19_1_1) to 'dense_resource_ap_fixed_16_6_5_3_0_ap_fixed_16_6_5_3_0_config14_U0/mul_11s_8s_19_1_1_U134'
INFO: [Synth 8-223] decloning instance 'dense_resource_ap_fixed_16_6_5_3_0_ap_fixed_16_6_5_3_0_config14_U0/mul_11s_8s_19_1_1_U84' (myproject_mul_11s_8s_19_1_1) to 'dense_resource_ap_fixed_16_6_5_3_0_ap_fixed_16_6_5_3_0_config14_U0/mul_11s_8s_19_1_1_U136'
INFO: [Synth 8-223] decloning instance 'dense_resource_ap_fixed_16_6_5_3_0_ap_fixed_16_6_5_3_0_config14_U0/mul_11s_8s_19_1_1_U84' (myproject_mul_11s_8s_19_1_1) to 'dense_resource_ap_fixed_16_6_5_3_0_ap_fixed_16_6_5_3_0_config14_U0/mul_11s_8s_19_1_1_U138'
INFO: [Synth 8-223] decloning instance 'dense_resource_ap_fixed_16_6_5_3_0_ap_fixed_16_6_5_3_0_config14_U0/mul_11s_8s_19_1_1_U84' (myproject_mul_11s_8s_19_1_1) to 'dense_resource_ap_fixed_16_6_5_3_0_ap_fixed_16_6_5_3_0_config14_U0/mul_11s_8s_19_1_1_U140'
INFO: [Synth 8-223] decloning instance 'dense_resource_ap_fixed_16_6_5_3_0_ap_fixed_16_6_5_3_0_config14_U0/mul_11s_8s_19_1_1_U84' (myproject_mul_11s_8s_19_1_1) to 'dense_resource_ap_fixed_16_6_5_3_0_ap_fixed_16_6_5_3_0_config14_U0/mul_11s_8s_19_1_1_U142'
INFO: [Synth 8-223] decloning instance 'dense_resource_ap_fixed_16_6_5_3_0_ap_fixed_16_6_5_3_0_config14_U0/mul_11s_8s_19_1_1_U84' (myproject_mul_11s_8s_19_1_1) to 'dense_resource_ap_fixed_16_6_5_3_0_ap_fixed_16_6_5_3_0_config14_U0/mul_11s_8s_19_1_1_U144'
INFO: [Synth 8-223] decloning instance 'dense_resource_ap_fixed_16_6_5_3_0_ap_fixed_16_6_5_3_0_config14_U0/mul_11s_8s_19_1_1_U84' (myproject_mul_11s_8s_19_1_1) to 'dense_resource_ap_fixed_16_6_5_3_0_ap_fixed_16_6_5_3_0_config14_U0/mul_11s_8s_19_1_1_U146'
INFO: [Synth 8-223] decloning instance 'dense_resource_ap_fixed_16_6_5_3_0_ap_fixed_16_6_5_3_0_config14_U0/mul_11s_8s_19_1_1_U84' (myproject_mul_11s_8s_19_1_1) to 'dense_resource_ap_fixed_16_6_5_3_0_ap_fixed_16_6_5_3_0_config14_U0/mul_11s_8s_19_1_1_U148'
INFO: [Synth 8-223] decloning instance 'dense_resource_ap_fixed_16_6_5_3_0_ap_fixed_16_6_5_3_0_config14_U0/mul_11s_8s_19_1_1_U84' (myproject_mul_11s_8s_19_1_1) to 'dense_resource_ap_fixed_16_6_5_3_0_ap_fixed_16_6_5_3_0_config14_U0/mul_11s_8s_19_1_1_U150'
INFO: [Synth 8-223] decloning instance 'dense_resource_ap_fixed_16_6_5_3_0_ap_fixed_16_6_5_3_0_config14_U0/mul_11s_8s_19_1_1_U84' (myproject_mul_11s_8s_19_1_1) to 'dense_resource_ap_fixed_16_6_5_3_0_ap_fixed_16_6_5_3_0_config14_U0/mul_11s_8s_19_1_1_U152'
INFO: [Synth 8-223] decloning instance 'dense_resource_ap_fixed_16_6_5_3_0_ap_fixed_16_6_5_3_0_config14_U0/mul_11s_8s_19_1_1_U84' (myproject_mul_11s_8s_19_1_1) to 'dense_resource_ap_fixed_16_6_5_3_0_ap_fixed_16_6_5_3_0_config14_U0/mul_11s_8s_19_1_1_U154'
INFO: [Synth 8-223] decloning instance 'dense_resource_ap_fixed_16_6_5_3_0_ap_fixed_16_6_5_3_0_config14_U0/mul_11s_8s_19_1_1_U84' (myproject_mul_11s_8s_19_1_1) to 'dense_resource_ap_fixed_16_6_5_3_0_ap_fixed_16_6_5_3_0_config14_U0/mul_11s_8s_19_1_1_U156'
INFO: [Synth 8-223] decloning instance 'dense_resource_ap_fixed_16_6_5_3_0_ap_fixed_16_6_5_3_0_config14_U0/mul_11s_8s_19_1_1_U84' (myproject_mul_11s_8s_19_1_1) to 'dense_resource_ap_fixed_16_6_5_3_0_ap_fixed_16_6_5_3_0_config14_U0/mul_11s_8s_19_1_1_U158'
INFO: [Synth 8-223] decloning instance 'dense_resource_ap_fixed_16_6_5_3_0_ap_fixed_16_6_5_3_0_config14_U0/mul_11s_8s_19_1_1_U84' (myproject_mul_11s_8s_19_1_1) to 'dense_resource_ap_fixed_16_6_5_3_0_ap_fixed_16_6_5_3_0_config14_U0/mul_11s_8s_19_1_1_U160'
INFO: [Synth 8-223] decloning instance 'dense_resource_ap_fixed_16_6_5_3_0_ap_fixed_16_6_5_3_0_config14_U0/mul_11s_8s_19_1_1_U84' (myproject_mul_11s_8s_19_1_1) to 'dense_resource_ap_fixed_16_6_5_3_0_ap_fixed_16_6_5_3_0_config14_U0/mul_11s_8s_19_1_1_U162'
INFO: [Synth 8-223] decloning instance 'dense_resource_ap_fixed_16_6_5_3_0_ap_fixed_16_6_5_3_0_config14_U0/mul_11s_8s_19_1_1_U84' (myproject_mul_11s_8s_19_1_1) to 'dense_resource_ap_fixed_16_6_5_3_0_ap_fixed_16_6_5_3_0_config14_U0/mul_11s_8s_19_1_1_U164'
INFO: [Synth 8-223] decloning instance 'dense_resource_ap_fixed_16_6_5_3_0_ap_fixed_16_6_5_3_0_config14_U0/mul_11s_8s_19_1_1_U84' (myproject_mul_11s_8s_19_1_1) to 'dense_resource_ap_fixed_16_6_5_3_0_ap_fixed_16_6_5_3_0_config14_U0/mul_11s_8s_19_1_1_U166'
INFO: [Synth 8-223] decloning instance 'dense_resource_ap_fixed_16_6_5_3_0_ap_fixed_16_6_5_3_0_config14_U0/mul_11s_8s_19_1_1_U84' (myproject_mul_11s_8s_19_1_1) to 'dense_resource_ap_fixed_16_6_5_3_0_ap_fixed_16_6_5_3_0_config14_U0/mul_11s_8s_19_1_1_U168'
INFO: [Synth 8-223] decloning instance 'dense_resource_ap_fixed_16_6_5_3_0_ap_fixed_16_6_5_3_0_config14_U0/mul_11s_8s_19_1_1_U84' (myproject_mul_11s_8s_19_1_1) to 'dense_resource_ap_fixed_16_6_5_3_0_ap_fixed_16_6_5_3_0_config14_U0/mul_11s_8s_19_1_1_U170'
INFO: [Synth 8-223] decloning instance 'dense_resource_ap_fixed_16_6_5_3_0_ap_fixed_16_6_5_3_0_config14_U0/mul_11s_8s_19_1_1_U84' (myproject_mul_11s_8s_19_1_1) to 'dense_resource_ap_fixed_16_6_5_3_0_ap_fixed_16_6_5_3_0_config14_U0/mul_11s_8s_19_1_1_U172'
INFO: [Synth 8-223] decloning instance 'dense_resource_ap_fixed_16_6_5_3_0_ap_fixed_16_6_5_3_0_config14_U0/mul_11s_8s_19_1_1_U84' (myproject_mul_11s_8s_19_1_1) to 'dense_resource_ap_fixed_16_6_5_3_0_ap_fixed_16_6_5_3_0_config14_U0/mul_11s_8s_19_1_1_U174'
INFO: [Synth 8-223] decloning instance 'dense_resource_ap_fixed_16_6_5_3_0_ap_fixed_16_6_5_3_0_config14_U0/mul_11s_8s_19_1_1_U84' (myproject_mul_11s_8s_19_1_1) to 'dense_resource_ap_fixed_16_6_5_3_0_ap_fixed_16_6_5_3_0_config14_U0/mul_11s_8s_19_1_1_U176'
INFO: [Synth 8-223] decloning instance 'dense_resource_ap_fixed_16_6_5_3_0_ap_fixed_16_6_5_3_0_config14_U0/mul_11s_8s_19_1_1_U85' (myproject_mul_11s_8s_19_1_1) to 'dense_resource_ap_fixed_16_6_5_3_0_ap_fixed_16_6_5_3_0_config14_U0/mul_11s_8s_19_1_1_U87'
INFO: [Synth 8-223] decloning instance 'dense_resource_ap_fixed_16_6_5_3_0_ap_fixed_16_6_5_3_0_config14_U0/mul_11s_8s_19_1_1_U85' (myproject_mul_11s_8s_19_1_1) to 'dense_resource_ap_fixed_16_6_5_3_0_ap_fixed_16_6_5_3_0_config14_U0/mul_11s_8s_19_1_1_U89'
INFO: [Synth 8-223] decloning instance 'dense_resource_ap_fixed_16_6_5_3_0_ap_fixed_16_6_5_3_0_config14_U0/mul_11s_8s_19_1_1_U85' (myproject_mul_11s_8s_19_1_1) to 'dense_resource_ap_fixed_16_6_5_3_0_ap_fixed_16_6_5_3_0_config14_U0/mul_11s_8s_19_1_1_U91'
INFO: [Synth 8-223] decloning instance 'dense_resource_ap_fixed_16_6_5_3_0_ap_fixed_16_6_5_3_0_config14_U0/mul_11s_8s_19_1_1_U85' (myproject_mul_11s_8s_19_1_1) to 'dense_resource_ap_fixed_16_6_5_3_0_ap_fixed_16_6_5_3_0_config14_U0/mul_11s_8s_19_1_1_U93'
INFO: [Synth 8-223] decloning instance 'dense_resource_ap_fixed_16_6_5_3_0_ap_fixed_16_6_5_3_0_config14_U0/mul_11s_8s_19_1_1_U85' (myproject_mul_11s_8s_19_1_1) to 'dense_resource_ap_fixed_16_6_5_3_0_ap_fixed_16_6_5_3_0_config14_U0/mul_11s_8s_19_1_1_U95'
INFO: [Synth 8-223] decloning instance 'dense_resource_ap_fixed_16_6_5_3_0_ap_fixed_16_6_5_3_0_config14_U0/mul_11s_8s_19_1_1_U85' (myproject_mul_11s_8s_19_1_1) to 'dense_resource_ap_fixed_16_6_5_3_0_ap_fixed_16_6_5_3_0_config14_U0/mul_11s_8s_19_1_1_U97'
INFO: [Synth 8-223] decloning instance 'dense_resource_ap_fixed_16_6_5_3_0_ap_fixed_16_6_5_3_0_config14_U0/mul_11s_8s_19_1_1_U85' (myproject_mul_11s_8s_19_1_1) to 'dense_resource_ap_fixed_16_6_5_3_0_ap_fixed_16_6_5_3_0_config14_U0/mul_11s_8s_19_1_1_U99'
INFO: [Synth 8-223] decloning instance 'dense_resource_ap_fixed_16_6_5_3_0_ap_fixed_16_6_5_3_0_config14_U0/mul_11s_8s_19_1_1_U85' (myproject_mul_11s_8s_19_1_1) to 'dense_resource_ap_fixed_16_6_5_3_0_ap_fixed_16_6_5_3_0_config14_U0/mul_11s_8s_19_1_1_U101'
INFO: [Synth 8-223] decloning instance 'dense_resource_ap_fixed_16_6_5_3_0_ap_fixed_16_6_5_3_0_config14_U0/mul_11s_8s_19_1_1_U85' (myproject_mul_11s_8s_19_1_1) to 'dense_resource_ap_fixed_16_6_5_3_0_ap_fixed_16_6_5_3_0_config14_U0/mul_11s_8s_19_1_1_U103'
INFO: [Synth 8-223] decloning instance 'dense_resource_ap_fixed_16_6_5_3_0_ap_fixed_16_6_5_3_0_config14_U0/mul_11s_8s_19_1_1_U85' (myproject_mul_11s_8s_19_1_1) to 'dense_resource_ap_fixed_16_6_5_3_0_ap_fixed_16_6_5_3_0_config14_U0/mul_11s_8s_19_1_1_U105'
INFO: [Synth 8-223] decloning instance 'dense_resource_ap_fixed_16_6_5_3_0_ap_fixed_16_6_5_3_0_config14_U0/mul_11s_8s_19_1_1_U85' (myproject_mul_11s_8s_19_1_1) to 'dense_resource_ap_fixed_16_6_5_3_0_ap_fixed_16_6_5_3_0_config14_U0/mul_11s_8s_19_1_1_U107'
INFO: [Synth 8-223] decloning instance 'dense_resource_ap_fixed_16_6_5_3_0_ap_fixed_16_6_5_3_0_config14_U0/mul_11s_8s_19_1_1_U85' (myproject_mul_11s_8s_19_1_1) to 'dense_resource_ap_fixed_16_6_5_3_0_ap_fixed_16_6_5_3_0_config14_U0/mul_11s_8s_19_1_1_U109'
INFO: [Synth 8-223] decloning instance 'dense_resource_ap_fixed_16_6_5_3_0_ap_fixed_16_6_5_3_0_config14_U0/mul_11s_8s_19_1_1_U85' (myproject_mul_11s_8s_19_1_1) to 'dense_resource_ap_fixed_16_6_5_3_0_ap_fixed_16_6_5_3_0_config14_U0/mul_11s_8s_19_1_1_U111'
INFO: [Synth 8-223] decloning instance 'dense_resource_ap_fixed_16_6_5_3_0_ap_fixed_16_6_5_3_0_config14_U0/mul_11s_8s_19_1_1_U85' (myproject_mul_11s_8s_19_1_1) to 'dense_resource_ap_fixed_16_6_5_3_0_ap_fixed_16_6_5_3_0_config14_U0/mul_11s_8s_19_1_1_U113'
INFO: [Synth 8-223] decloning instance 'dense_resource_ap_fixed_16_6_5_3_0_ap_fixed_16_6_5_3_0_config14_U0/mul_11s_8s_19_1_1_U85' (myproject_mul_11s_8s_19_1_1) to 'dense_resource_ap_fixed_16_6_5_3_0_ap_fixed_16_6_5_3_0_config14_U0/mul_11s_8s_19_1_1_U115'
INFO: [Synth 8-223] decloning instance 'dense_resource_ap_fixed_16_6_5_3_0_ap_fixed_16_6_5_3_0_config14_U0/mul_11s_8s_19_1_1_U85' (myproject_mul_11s_8s_19_1_1) to 'dense_resource_ap_fixed_16_6_5_3_0_ap_fixed_16_6_5_3_0_config14_U0/mul_11s_8s_19_1_1_U117'
INFO: [Synth 8-223] decloning instance 'dense_resource_ap_fixed_16_6_5_3_0_ap_fixed_16_6_5_3_0_config14_U0/mul_11s_8s_19_1_1_U85' (myproject_mul_11s_8s_19_1_1) to 'dense_resource_ap_fixed_16_6_5_3_0_ap_fixed_16_6_5_3_0_config14_U0/mul_11s_8s_19_1_1_U119'
INFO: [Synth 8-223] decloning instance 'dense_resource_ap_fixed_16_6_5_3_0_ap_fixed_16_6_5_3_0_config14_U0/mul_11s_8s_19_1_1_U85' (myproject_mul_11s_8s_19_1_1) to 'dense_resource_ap_fixed_16_6_5_3_0_ap_fixed_16_6_5_3_0_config14_U0/mul_11s_8s_19_1_1_U121'
INFO: [Synth 8-223] decloning instance 'dense_resource_ap_fixed_16_6_5_3_0_ap_fixed_16_6_5_3_0_config14_U0/mul_11s_8s_19_1_1_U85' (myproject_mul_11s_8s_19_1_1) to 'dense_resource_ap_fixed_16_6_5_3_0_ap_fixed_16_6_5_3_0_config14_U0/mul_11s_8s_19_1_1_U123'
INFO: [Synth 8-223] decloning instance 'dense_resource_ap_fixed_16_6_5_3_0_ap_fixed_16_6_5_3_0_config14_U0/mul_11s_8s_19_1_1_U85' (myproject_mul_11s_8s_19_1_1) to 'dense_resource_ap_fixed_16_6_5_3_0_ap_fixed_16_6_5_3_0_config14_U0/mul_11s_8s_19_1_1_U125'
INFO: [Synth 8-223] decloning instance 'dense_resource_ap_fixed_16_6_5_3_0_ap_fixed_16_6_5_3_0_config14_U0/mul_11s_8s_19_1_1_U85' (myproject_mul_11s_8s_19_1_1) to 'dense_resource_ap_fixed_16_6_5_3_0_ap_fixed_16_6_5_3_0_config14_U0/mul_11s_8s_19_1_1_U127'
INFO: [Synth 8-223] decloning instance 'dense_resource_ap_fixed_16_6_5_3_0_ap_fixed_16_6_5_3_0_config14_U0/mul_11s_8s_19_1_1_U85' (myproject_mul_11s_8s_19_1_1) to 'dense_resource_ap_fixed_16_6_5_3_0_ap_fixed_16_6_5_3_0_config14_U0/mul_11s_8s_19_1_1_U129'
INFO: [Synth 8-223] decloning instance 'dense_resource_ap_fixed_16_6_5_3_0_ap_fixed_16_6_5_3_0_config14_U0/mul_11s_8s_19_1_1_U85' (myproject_mul_11s_8s_19_1_1) to 'dense_resource_ap_fixed_16_6_5_3_0_ap_fixed_16_6_5_3_0_config14_U0/mul_11s_8s_19_1_1_U131'
INFO: [Synth 8-223] decloning instance 'dense_resource_ap_fixed_16_6_5_3_0_ap_fixed_16_6_5_3_0_config14_U0/mul_11s_8s_19_1_1_U85' (myproject_mul_11s_8s_19_1_1) to 'dense_resource_ap_fixed_16_6_5_3_0_ap_fixed_16_6_5_3_0_config14_U0/mul_11s_8s_19_1_1_U133'
INFO: [Synth 8-223] decloning instance 'dense_resource_ap_fixed_16_6_5_3_0_ap_fixed_16_6_5_3_0_config14_U0/mul_11s_8s_19_1_1_U85' (myproject_mul_11s_8s_19_1_1) to 'dense_resource_ap_fixed_16_6_5_3_0_ap_fixed_16_6_5_3_0_config14_U0/mul_11s_8s_19_1_1_U135'
INFO: [Synth 8-223] decloning instance 'dense_resource_ap_fixed_16_6_5_3_0_ap_fixed_16_6_5_3_0_config14_U0/mul_11s_8s_19_1_1_U85' (myproject_mul_11s_8s_19_1_1) to 'dense_resource_ap_fixed_16_6_5_3_0_ap_fixed_16_6_5_3_0_config14_U0/mul_11s_8s_19_1_1_U137'
INFO: [Synth 8-223] decloning instance 'dense_resource_ap_fixed_16_6_5_3_0_ap_fixed_16_6_5_3_0_config14_U0/mul_11s_8s_19_1_1_U85' (myproject_mul_11s_8s_19_1_1) to 'dense_resource_ap_fixed_16_6_5_3_0_ap_fixed_16_6_5_3_0_config14_U0/mul_11s_8s_19_1_1_U139'
INFO: [Synth 8-223] decloning instance 'dense_resource_ap_fixed_16_6_5_3_0_ap_fixed_16_6_5_3_0_config14_U0/mul_11s_8s_19_1_1_U85' (myproject_mul_11s_8s_19_1_1) to 'dense_resource_ap_fixed_16_6_5_3_0_ap_fixed_16_6_5_3_0_config14_U0/mul_11s_8s_19_1_1_U141'
INFO: [Synth 8-223] decloning instance 'dense_resource_ap_fixed_16_6_5_3_0_ap_fixed_16_6_5_3_0_config14_U0/mul_11s_8s_19_1_1_U85' (myproject_mul_11s_8s_19_1_1) to 'dense_resource_ap_fixed_16_6_5_3_0_ap_fixed_16_6_5_3_0_config14_U0/mul_11s_8s_19_1_1_U143'
INFO: [Synth 8-223] decloning instance 'dense_resource_ap_fixed_16_6_5_3_0_ap_fixed_16_6_5_3_0_config14_U0/mul_11s_8s_19_1_1_U85' (myproject_mul_11s_8s_19_1_1) to 'dense_resource_ap_fixed_16_6_5_3_0_ap_fixed_16_6_5_3_0_config14_U0/mul_11s_8s_19_1_1_U145'
INFO: [Synth 8-223] decloning instance 'dense_resource_ap_fixed_16_6_5_3_0_ap_fixed_16_6_5_3_0_config14_U0/mul_11s_8s_19_1_1_U85' (myproject_mul_11s_8s_19_1_1) to 'dense_resource_ap_fixed_16_6_5_3_0_ap_fixed_16_6_5_3_0_config14_U0/mul_11s_8s_19_1_1_U147'
INFO: [Synth 8-223] decloning instance 'dense_resource_ap_fixed_16_6_5_3_0_ap_fixed_16_6_5_3_0_config14_U0/mul_11s_8s_19_1_1_U85' (myproject_mul_11s_8s_19_1_1) to 'dense_resource_ap_fixed_16_6_5_3_0_ap_fixed_16_6_5_3_0_config14_U0/mul_11s_8s_19_1_1_U149'
INFO: [Synth 8-223] decloning instance 'dense_resource_ap_fixed_16_6_5_3_0_ap_fixed_16_6_5_3_0_config14_U0/mul_11s_8s_19_1_1_U85' (myproject_mul_11s_8s_19_1_1) to 'dense_resource_ap_fixed_16_6_5_3_0_ap_fixed_16_6_5_3_0_config14_U0/mul_11s_8s_19_1_1_U151'
INFO: [Synth 8-223] decloning instance 'dense_resource_ap_fixed_16_6_5_3_0_ap_fixed_16_6_5_3_0_config14_U0/mul_11s_8s_19_1_1_U85' (myproject_mul_11s_8s_19_1_1) to 'dense_resource_ap_fixed_16_6_5_3_0_ap_fixed_16_6_5_3_0_config14_U0/mul_11s_8s_19_1_1_U153'
INFO: [Synth 8-223] decloning instance 'dense_resource_ap_fixed_16_6_5_3_0_ap_fixed_16_6_5_3_0_config14_U0/mul_11s_8s_19_1_1_U85' (myproject_mul_11s_8s_19_1_1) to 'dense_resource_ap_fixed_16_6_5_3_0_ap_fixed_16_6_5_3_0_config14_U0/mul_11s_8s_19_1_1_U155'
INFO: [Synth 8-223] decloning instance 'dense_resource_ap_fixed_16_6_5_3_0_ap_fixed_16_6_5_3_0_config14_U0/mul_11s_8s_19_1_1_U85' (myproject_mul_11s_8s_19_1_1) to 'dense_resource_ap_fixed_16_6_5_3_0_ap_fixed_16_6_5_3_0_config14_U0/mul_11s_8s_19_1_1_U157'
INFO: [Synth 8-223] decloning instance 'dense_resource_ap_fixed_16_6_5_3_0_ap_fixed_16_6_5_3_0_config14_U0/mul_11s_8s_19_1_1_U85' (myproject_mul_11s_8s_19_1_1) to 'dense_resource_ap_fixed_16_6_5_3_0_ap_fixed_16_6_5_3_0_config14_U0/mul_11s_8s_19_1_1_U159'
INFO: [Synth 8-223] decloning instance 'dense_resource_ap_fixed_16_6_5_3_0_ap_fixed_16_6_5_3_0_config14_U0/mul_11s_8s_19_1_1_U85' (myproject_mul_11s_8s_19_1_1) to 'dense_resource_ap_fixed_16_6_5_3_0_ap_fixed_16_6_5_3_0_config14_U0/mul_11s_8s_19_1_1_U161'
INFO: [Synth 8-223] decloning instance 'dense_resource_ap_fixed_16_6_5_3_0_ap_fixed_16_6_5_3_0_config14_U0/mul_11s_8s_19_1_1_U85' (myproject_mul_11s_8s_19_1_1) to 'dense_resource_ap_fixed_16_6_5_3_0_ap_fixed_16_6_5_3_0_config14_U0/mul_11s_8s_19_1_1_U163'
INFO: [Synth 8-223] decloning instance 'dense_resource_ap_fixed_16_6_5_3_0_ap_fixed_16_6_5_3_0_config14_U0/mul_11s_8s_19_1_1_U85' (myproject_mul_11s_8s_19_1_1) to 'dense_resource_ap_fixed_16_6_5_3_0_ap_fixed_16_6_5_3_0_config14_U0/mul_11s_8s_19_1_1_U165'
INFO: [Synth 8-223] decloning instance 'dense_resource_ap_fixed_16_6_5_3_0_ap_fixed_16_6_5_3_0_config14_U0/mul_11s_8s_19_1_1_U85' (myproject_mul_11s_8s_19_1_1) to 'dense_resource_ap_fixed_16_6_5_3_0_ap_fixed_16_6_5_3_0_config14_U0/mul_11s_8s_19_1_1_U167'
INFO: [Synth 8-223] decloning instance 'dense_resource_ap_fixed_16_6_5_3_0_ap_fixed_16_6_5_3_0_config14_U0/mul_11s_8s_19_1_1_U85' (myproject_mul_11s_8s_19_1_1) to 'dense_resource_ap_fixed_16_6_5_3_0_ap_fixed_16_6_5_3_0_config14_U0/mul_11s_8s_19_1_1_U169'
INFO: [Synth 8-223] decloning instance 'dense_resource_ap_fixed_16_6_5_3_0_ap_fixed_16_6_5_3_0_config14_U0/mul_11s_8s_19_1_1_U85' (myproject_mul_11s_8s_19_1_1) to 'dense_resource_ap_fixed_16_6_5_3_0_ap_fixed_16_6_5_3_0_config14_U0/mul_11s_8s_19_1_1_U171'
INFO: [Synth 8-223] decloning instance 'dense_resource_ap_fixed_16_6_5_3_0_ap_fixed_16_6_5_3_0_config14_U0/mul_11s_8s_19_1_1_U85' (myproject_mul_11s_8s_19_1_1) to 'dense_resource_ap_fixed_16_6_5_3_0_ap_fixed_16_6_5_3_0_config14_U0/mul_11s_8s_19_1_1_U173'
INFO: [Synth 8-223] decloning instance 'dense_resource_ap_fixed_16_6_5_3_0_ap_fixed_16_6_5_3_0_config14_U0/mul_11s_8s_19_1_1_U85' (myproject_mul_11s_8s_19_1_1) to 'dense_resource_ap_fixed_16_6_5_3_0_ap_fixed_16_6_5_3_0_config14_U0/mul_11s_8s_19_1_1_U175'
INFO: [Synth 8-223] decloning instance 'dense_resource_ap_fixed_16_6_5_3_0_ap_fixed_16_6_5_3_0_config14_U0/mul_11s_8s_19_1_1_U85' (myproject_mul_11s_8s_19_1_1) to 'dense_resource_ap_fixed_16_6_5_3_0_ap_fixed_16_6_5_3_0_config14_U0/mul_11s_8s_19_1_1_U177'
INFO: [Synth 8-223] decloning instance 'dense_resource_ap_fixed_16_6_5_3_0_ap_fixed_16_6_5_3_0_config14_U0/mul_11s_8s_19_1_1_U181' (myproject_mul_11s_8s_19_1_1) to 'dense_resource_ap_fixed_16_6_5_3_0_ap_fixed_16_6_5_3_0_config14_U0/mul_11s_8s_19_1_1_U187'
INFO: [Synth 8-223] decloning instance 'dense_resource_ap_fixed_16_6_5_3_0_ap_fixed_16_6_5_3_0_config14_U0/mul_11s_8s_19_1_1_U181' (myproject_mul_11s_8s_19_1_1) to 'dense_resource_ap_fixed_16_6_5_3_0_ap_fixed_16_6_5_3_0_config14_U0/mul_11s_8s_19_1_1_U193'
INFO: [Synth 8-223] decloning instance 'dense_resource_ap_fixed_16_6_5_3_0_ap_fixed_16_6_5_3_0_config14_U0/mul_11s_8s_19_1_1_U181' (myproject_mul_11s_8s_19_1_1) to 'dense_resource_ap_fixed_16_6_5_3_0_ap_fixed_16_6_5_3_0_config14_U0/mul_11s_8s_19_1_1_U199'
INFO: [Synth 8-223] decloning instance 'dense_resource_ap_fixed_16_6_5_3_0_ap_fixed_16_6_5_3_0_config14_U0/mul_11s_8s_19_1_1_U181' (myproject_mul_11s_8s_19_1_1) to 'dense_resource_ap_fixed_16_6_5_3_0_ap_fixed_16_6_5_3_0_config14_U0/mul_11s_8s_19_1_1_U205'
INFO: [Synth 8-223] decloning instance 'dense_resource_ap_fixed_16_6_5_3_0_ap_fixed_16_6_5_3_0_config14_U0/mul_11s_8s_19_1_1_U181' (myproject_mul_11s_8s_19_1_1) to 'dense_resource_ap_fixed_16_6_5_3_0_ap_fixed_16_6_5_3_0_config14_U0/mul_11s_8s_19_1_1_U211'
INFO: [Synth 8-223] decloning instance 'dense_resource_ap_fixed_16_6_5_3_0_ap_fixed_16_6_5_3_0_config14_U0/mul_11s_8s_19_1_1_U181' (myproject_mul_11s_8s_19_1_1) to 'dense_resource_ap_fixed_16_6_5_3_0_ap_fixed_16_6_5_3_0_config14_U0/mul_11s_8s_19_1_1_U217'
INFO: [Synth 8-223] decloning instance 'dense_resource_ap_fixed_16_6_5_3_0_ap_fixed_16_6_5_3_0_config14_U0/mul_11s_8s_19_1_1_U181' (myproject_mul_11s_8s_19_1_1) to 'dense_resource_ap_fixed_16_6_5_3_0_ap_fixed_16_6_5_3_0_config14_U0/mul_11s_8s_19_1_1_U223'
INFO: [Synth 8-223] decloning instance 'dense_resource_ap_fixed_16_6_5_3_0_ap_fixed_16_6_5_3_0_config14_U0/mul_11s_8s_19_1_1_U181' (myproject_mul_11s_8s_19_1_1) to 'dense_resource_ap_fixed_16_6_5_3_0_ap_fixed_16_6_5_3_0_config14_U0/mul_11s_8s_19_1_1_U229'
INFO: [Common 17-14] Message 'Synth 8-223' appears 100 times and further instances of the messages will be disabled. Use the Tcl command set_msg_config to change the current settings.
No constraint files found.
---------------------------------------------------------------------------------
Start RTL Component Statistics 
---------------------------------------------------------------------------------
Detailed RTL Component Info : 
+---Adders : 
	   2 Input   17 Bit       Adders := 3     
	   2 Input   16 Bit       Adders := 57    
	   2 Input   15 Bit       Adders := 48    
	   2 Input   14 Bit       Adders := 49    
	   2 Input   13 Bit       Adders := 96    
	   2 Input   12 Bit       Adders := 8     
	   2 Input   11 Bit       Adders := 65    
	   2 Input   10 Bit       Adders := 88    
	   2 Input    9 Bit       Adders := 39    
	   2 Input    8 Bit       Adders := 101   
	   2 Input    7 Bit       Adders := 16    
	   2 Input    6 Bit       Adders := 8     
	   2 Input    5 Bit       Adders := 6     
	   2 Input    4 Bit       Adders := 3     
	   2 Input    3 Bit       Adders := 308   
	   2 Input    2 Bit       Adders := 308   
+---XORs : 
	   2 Input      1 Bit         XORs := 985   
+---Registers : 
	               18 Bit    Registers := 2     
	               16 Bit    Registers := 406   
	               14 Bit    Registers := 3     
	               13 Bit    Registers := 74    
	               12 Bit    Registers := 25    
	               11 Bit    Registers := 331   
	               10 Bit    Registers := 458   
	                9 Bit    Registers := 3     
	                8 Bit    Registers := 217   
	                7 Bit    Registers := 6     
	                6 Bit    Registers := 5     
	                5 Bit    Registers := 9     
	                4 Bit    Registers := 5     
	                3 Bit    Registers := 310   
	                2 Bit    Registers := 312   
	                1 Bit    Registers := 978   
+---Multipliers : 
	               8x11  Multipliers := 18    
	                8x9  Multipliers := 3     
+---Muxes : 
	   2 Input   16 Bit        Muxes := 320   
	   2 Input   14 Bit        Muxes := 2     
	   3 Input   13 Bit        Muxes := 1     
	   2 Input   13 Bit        Muxes := 1     
	   2 Input   11 Bit        Muxes := 230   
	   2 Input   10 Bit        Muxes := 342   
	   3 Input   10 Bit        Muxes := 74    
	   2 Input    8 Bit        Muxes := 788   
	   4 Input    8 Bit        Muxes := 1     
	   2 Input    5 Bit        Muxes := 4     
	   2 Input    4 Bit        Muxes := 4     
	   2 Input    3 Bit        Muxes := 4     
	   2 Input    2 Bit        Muxes := 621   
	   5 Input    2 Bit        Muxes := 3     
	   2 Input    1 Bit        Muxes := 1486  
	  17 Input    1 Bit        Muxes := 1     
---------------------------------------------------------------------------------
Finished RTL Component Statistics 
---------------------------------------------------------------------------------
---------------------------------------------------------------------------------
Start Part Resource Summary
---------------------------------------------------------------------------------
Part Resources:
DSPs: 220 (col length:60)
BRAMs: 280 (col length: RAMB18 60 RAMB36 30)
---------------------------------------------------------------------------------
Finished Part Resource Summary
---------------------------------------------------------------------------------
---------------------------------------------------------------------------------
Start Cross Boundary and Area Optimization
---------------------------------------------------------------------------------
WARNING: [Synth 8-3917] design myproject has port w14_d0[7] driven by constant 0
INFO: [Common 17-14] Message 'Synth 8-3917' appears 100 times and further instances of the messages will be disabled. Use the Tcl command set_msg_config to change the current settings.
WARNING: [Synth 8-7129] Port w16_q1[7] in module myproject is either unconnected or has no load
WARNING: [Synth 8-7129] Port w16_q1[6] in module myproject is either unconnected or has no load
WARNING: [Synth 8-7129] Port w16_q1[5] in module myproject is either unconnected or has no load
WARNING: [Synth 8-7129] Port w16_q1[4] in module myproject is either unconnected or has no load
WARNING: [Synth 8-7129] Port w16_q1[3] in module myproject is either unconnected or has no load
WARNING: [Synth 8-7129] Port w16_q1[2] in module myproject is either unconnected or has no load
WARNING: [Synth 8-7129] Port w16_q1[1] in module myproject is either unconnected or has no load
WARNING: [Synth 8-7129] Port w16_q1[0] in module myproject is either unconnected or has no load
WARNING: [Synth 8-7129] Port w27_q1[7] in module myproject is either unconnected or has no load
WARNING: [Synth 8-7129] Port w27_q1[6] in module myproject is either unconnected or has no load
WARNING: [Synth 8-7129] Port w27_q1[5] in module myproject is either unconnected or has no load
WARNING: [Synth 8-7129] Port w27_q1[4] in module myproject is either unconnected or has no load
WARNING: [Synth 8-7129] Port w27_q1[3] in module myproject is either unconnected or has no load
WARNING: [Synth 8-7129] Port w27_q1[2] in module myproject is either unconnected or has no load
WARNING: [Synth 8-7129] Port w27_q1[1] in module myproject is either unconnected or has no load
WARNING: [Synth 8-7129] Port w27_q1[0] in module myproject is either unconnected or has no load
INFO: [Synth 8-3886] merging instance 'add_ln55_25_reg_17306_reg[3]' (FDE) to 'add_ln55_25_reg_17306_reg[4]'
INFO: [Synth 8-3333] propagating constant 0 across sequential element (\add_ln55_18_reg_17548_reg[4] )
INFO: [Synth 8-3333] propagating constant 1 across sequential element (\add_ln55_18_reg_17548_reg[5] )
INFO: [Synth 8-3886] merging instance 'add_ln55_23_reg_17821_reg[5]' (FDE) to 'add_ln55_22_reg_17816_reg[4]'
INFO: [Synth 8-3886] merging instance 'add_ln55_23_reg_17821_reg[6]' (FDE) to 'add_ln55_22_reg_17816_reg[6]'
INFO: [Synth 8-3333] propagating constant 1 across sequential element (\add_ln55_27_reg_17841_reg[5] )
INFO: [Synth 8-3333] propagating constant 1 across sequential element (\add_ln55_16_reg_17132_reg[4] )
INFO: [Synth 8-3886] merging instance 'add_ln55_20_reg_18422_reg[4]' (FDE) to 'add_ln55_19_reg_18412_reg[5]'
INFO: [Synth 8-3886] merging instance 'add_ln55_25_reg_17306_reg[6]' (FDE) to 'add_ln55_26_reg_17316_reg[5]'
INFO: [Synth 8-3333] propagating constant 1 across sequential element (\add_ln55_28_reg_18484_reg[4] )
INFO: [Synth 8-3886] merging instance 'or_ln_reg_17271_reg[0]' (FDE) to 'zext_ln42_9_reg_17147_reg[0]'
INFO: [Synth 8-3886] merging instance 'zext_ln42_7_reg_17109_reg[0]' (FDE) to 'zext_ln42_8_reg_17120_reg[0]'
INFO: [Synth 8-3886] merging instance 'or_ln_reg_17271_reg[1]' (FDE) to 'zext_ln42_9_reg_17147_reg[1]'
INFO: [Synth 8-3886] merging instance 'or_ln_reg_17271_reg[2]' (FDE) to 'zext_ln42_9_reg_17147_reg[2]'
INFO: [Synth 8-3886] merging instance 'zext_ln42_7_reg_17109_reg[1]' (FDE) to 'zext_ln42_8_reg_17120_reg[1]'
INFO: [Synth 8-3886] merging instance 'zext_ln42_7_reg_17109_reg[2]' (FDE) to 'zext_ln42_8_reg_17120_reg[2]'
INFO: [Synth 8-3886] merging instance 'add_ln55_22_reg_17816_reg[4]' (FDE) to 'add_ln55_22_reg_17816_reg[5]'
INFO: [Synth 8-3886] merging instance 'add_ln55_24_reg_18448_reg[4]' (FDE) to 'add_ln55_24_reg_18448_reg[6]'
INFO: [Synth 8-3333] propagating constant 0 across sequential element (\add_ln55_26_reg_17316_reg[4] )
INFO: [Synth 8-3333] propagating constant 0 across sequential element (\add_ln55_22_reg_17816_reg[5] )
INFO: [Synth 8-3333] propagating constant 0 across sequential element (\add_ln55_24_reg_18448_reg[5] )
INFO: [Synth 8-3333] propagating constant 1 across sequential element (\add_ln55_22_reg_17816_reg[6] )
INFO: [Synth 8-3333] propagating constant 1 across sequential element (\add_ln55_19_reg_18412_reg[5] )
INFO: [Synth 8-3333] propagating constant 1 across sequential element (\add_ln55_24_reg_18448_reg[6] )
INFO: [Synth 8-3333] propagating constant 1 across sequential element (\add_ln55_26_reg_17316_reg[5] )
INFO: [Synth 8-3333] propagating constant 0 across sequential element (layer13_out_1_U/\U_myproject_fifo_w11_d2_S_ShiftReg/SRL_SIG_reg[0][0] )
INFO: [Synth 8-3886] merging instance 'layer13_out_1_U/U_myproject_fifo_w11_d2_S_ShiftReg/SRL_SIG_reg[1][0]' (FDE) to 'layer13_out_1_U/U_myproject_fifo_w11_d2_S_ShiftReg/SRL_SIG_reg[0][0]'
INFO: [Synth 8-3333] propagating constant 0 across sequential element (layer13_out_U/\U_myproject_fifo_w11_d2_S_ShiftReg/SRL_SIG_reg[0][0] )
INFO: [Synth 8-3886] merging instance 'layer13_out_U/U_myproject_fifo_w11_d2_S_ShiftReg/SRL_SIG_reg[1][0]' (FDE) to 'layer13_out_U/U_myproject_fifo_w11_d2_S_ShiftReg/SRL_SIG_reg[0][0]'
INFO: [Synth 8-3886] merging instance 'dense_resource_ap_fixed_16_6_5_3_0_ap_fixed_16_6_5_3_0_config16_U0/ap_phi_reg_pp0_iter1_acc_2810_reg_508_reg[15]' (FDE) to 'dense_resource_ap_fixed_16_6_5_3_0_ap_fixed_16_6_5_3_0_config16_U0/ap_phi_reg_pp0_iter1_acc_2810_reg_508_reg[14]'
INFO: [Synth 8-3886] merging instance 'dense_resource_ap_fixed_16_6_5_3_0_ap_fixed_16_6_5_3_0_config16_U0/ap_phi_reg_pp0_iter1_acc_2712_reg_498_reg[15]' (FDE) to 'dense_resource_ap_fixed_16_6_5_3_0_ap_fixed_16_6_5_3_0_config16_U0/ap_phi_reg_pp0_iter1_acc_2712_reg_498_reg[14]'
INFO: [Synth 8-3886] merging instance 'dense_resource_ap_fixed_16_6_5_3_0_ap_fixed_16_6_5_3_0_config16_U0/ap_phi_reg_pp0_iter1_acc_2614_reg_488_reg[15]' (FDE) to 'dense_resource_ap_fixed_16_6_5_3_0_ap_fixed_16_6_5_3_0_config16_U0/ap_phi_reg_pp0_iter1_acc_2614_reg_488_reg[14]'
INFO: [Synth 8-3886] merging instance 'dense_resource_ap_fixed_16_6_5_3_0_ap_fixed_16_6_5_3_0_config16_U0/ap_phi_reg_pp0_iter1_acc_2516_reg_478_reg[15]' (FDE) to 'dense_resource_ap_fixed_16_6_5_3_0_ap_fixed_16_6_5_3_0_config16_U0/ap_phi_reg_pp0_iter1_acc_2516_reg_478_reg[14]'
INFO: [Synth 8-3886] merging instance 'dense_resource_ap_fixed_16_6_5_3_0_ap_fixed_16_6_5_3_0_config16_U0/ap_phi_reg_pp0_iter1_acc_2418_reg_468_reg[15]' (FDE) to 'dense_resource_ap_fixed_16_6_5_3_0_ap_fixed_16_6_5_3_0_config16_U0/ap_phi_reg_pp0_iter1_acc_2418_reg_468_reg[14]'
INFO: [Synth 8-3886] merging instance 'dense_resource_ap_fixed_16_6_5_3_0_ap_fixed_16_6_5_3_0_config16_U0/ap_phi_reg_pp0_iter1_acc_2320_reg_458_reg[15]' (FDE) to 'dense_resource_ap_fixed_16_6_5_3_0_ap_fixed_16_6_5_3_0_config16_U0/ap_phi_reg_pp0_iter1_acc_2320_reg_458_reg[14]'
INFO: [Synth 8-3886] merging instance 'dense_resource_ap_fixed_16_6_5_3_0_ap_fixed_16_6_5_3_0_config16_U0/ap_phi_reg_pp0_iter1_acc_2222_reg_448_reg[15]' (FDE) to 'dense_resource_ap_fixed_16_6_5_3_0_ap_fixed_16_6_5_3_0_config16_U0/ap_phi_reg_pp0_iter1_acc_2222_reg_448_reg[14]'
INFO: [Synth 8-3886] merging instance 'dense_resource_ap_fixed_16_6_5_3_0_ap_fixed_16_6_5_3_0_config16_U0/ap_phi_reg_pp0_iter1_acc_2124_reg_438_reg[15]' (FDE) to 'dense_resource_ap_fixed_16_6_5_3_0_ap_fixed_16_6_5_3_0_config16_U0/ap_phi_reg_pp0_iter1_acc_2124_reg_438_reg[14]'
INFO: [Synth 8-3886] merging instance 'dense_resource_ap_fixed_16_6_5_3_0_ap_fixed_16_6_5_3_0_config16_U0/ap_phi_reg_pp0_iter1_acc_2026_reg_428_reg[15]' (FDE) to 'dense_resource_ap_fixed_16_6_5_3_0_ap_fixed_16_6_5_3_0_config16_U0/ap_phi_reg_pp0_iter1_acc_2026_reg_428_reg[14]'
INFO: [Synth 8-3886] merging instance 'dense_resource_ap_fixed_16_6_5_3_0_ap_fixed_16_6_5_3_0_config16_U0/ap_phi_reg_pp0_iter1_acc_1928_reg_418_reg[15]' (FDE) to 'dense_resource_ap_fixed_16_6_5_3_0_ap_fixed_16_6_5_3_0_config16_U0/ap_phi_reg_pp0_iter1_acc_1928_reg_418_reg[14]'
INFO: [Synth 8-3886] merging instance 'dense_resource_ap_fixed_16_6_5_3_0_ap_fixed_16_6_5_3_0_config16_U0/ap_phi_reg_pp0_iter1_acc_2810_reg_508_reg[14]' (FDE) to 'dense_resource_ap_fixed_16_6_5_3_0_ap_fixed_16_6_5_3_0_config16_U0/ap_phi_reg_pp0_iter1_acc_2810_reg_508_reg[13]'
INFO: [Synth 8-3886] merging instance 'dense_resource_ap_fixed_16_6_5_3_0_ap_fixed_16_6_5_3_0_config16_U0/ap_phi_reg_pp0_iter1_acc_2712_reg_498_reg[14]' (FDE) to 'dense_resource_ap_fixed_16_6_5_3_0_ap_fixed_16_6_5_3_0_config16_U0/ap_phi_reg_pp0_iter1_acc_2712_reg_498_reg[13]'
INFO: [Synth 8-3886] merging instance 'dense_resource_ap_fixed_16_6_5_3_0_ap_fixed_16_6_5_3_0_config16_U0/ap_phi_reg_pp0_iter1_acc_2614_reg_488_reg[14]' (FDE) to 'dense_resource_ap_fixed_16_6_5_3_0_ap_fixed_16_6_5_3_0_config16_U0/ap_phi_reg_pp0_iter1_acc_2614_reg_488_reg[13]'
INFO: [Synth 8-3886] merging instance 'dense_resource_ap_fixed_16_6_5_3_0_ap_fixed_16_6_5_3_0_config16_U0/ap_phi_reg_pp0_iter1_acc_2516_reg_478_reg[14]' (FDE) to 'dense_resource_ap_fixed_16_6_5_3_0_ap_fixed_16_6_5_3_0_config16_U0/ap_phi_reg_pp0_iter1_acc_2516_reg_478_reg[13]'
INFO: [Synth 8-3886] merging instance 'dense_resource_ap_fixed_16_6_5_3_0_ap_fixed_16_6_5_3_0_config16_U0/ap_phi_reg_pp0_iter1_acc_2418_reg_468_reg[14]' (FDE) to 'dense_resource_ap_fixed_16_6_5_3_0_ap_fixed_16_6_5_3_0_config16_U0/ap_phi_reg_pp0_iter1_acc_2418_reg_468_reg[13]'
INFO: [Synth 8-3886] merging instance 'dense_resource_ap_fixed_16_6_5_3_0_ap_fixed_16_6_5_3_0_config16_U0/ap_phi_reg_pp0_iter1_acc_2320_reg_458_reg[14]' (FDE) to 'dense_resource_ap_fixed_16_6_5_3_0_ap_fixed_16_6_5_3_0_config16_U0/ap_phi_reg_pp0_iter1_acc_2320_reg_458_reg[13]'
INFO: [Synth 8-3886] merging instance 'dense_resource_ap_fixed_16_6_5_3_0_ap_fixed_16_6_5_3_0_config16_U0/ap_phi_reg_pp0_iter1_acc_2222_reg_448_reg[14]' (FDE) to 'dense_resource_ap_fixed_16_6_5_3_0_ap_fixed_16_6_5_3_0_config16_U0/ap_phi_reg_pp0_iter1_acc_2222_reg_448_reg[13]'
INFO: [Synth 8-3886] merging instance 'dense_resource_ap_fixed_16_6_5_3_0_ap_fixed_16_6_5_3_0_config16_U0/ap_phi_reg_pp0_iter1_acc_2124_reg_438_reg[14]' (FDE) to 'dense_resource_ap_fixed_16_6_5_3_0_ap_fixed_16_6_5_3_0_config16_U0/ap_phi_reg_pp0_iter1_acc_2124_reg_438_reg[13]'
INFO: [Synth 8-3886] merging instance 'dense_resource_ap_fixed_16_6_5_3_0_ap_fixed_16_6_5_3_0_config16_U0/ap_phi_reg_pp0_iter1_acc_2026_reg_428_reg[14]' (FDE) to 'dense_resource_ap_fixed_16_6_5_3_0_ap_fixed_16_6_5_3_0_config16_U0/ap_phi_reg_pp0_iter1_acc_2026_reg_428_reg[13]'
INFO: [Synth 8-3886] merging instance 'dense_resource_ap_fixed_16_6_5_3_0_ap_fixed_16_6_5_3_0_config16_U0/ap_phi_reg_pp0_iter1_acc_1928_reg_418_reg[14]' (FDE) to 'dense_resource_ap_fixed_16_6_5_3_0_ap_fixed_16_6_5_3_0_config16_U0/ap_phi_reg_pp0_iter1_acc_1928_reg_418_reg[13]'
INFO: [Synth 8-3886] merging instance 'dense_resource_ap_fixed_16_6_5_3_0_ap_fixed_16_6_5_3_0_config16_U0/ap_phi_reg_pp0_iter1_acc_2810_reg_508_reg[13]' (FDE) to 'dense_resource_ap_fixed_16_6_5_3_0_ap_fixed_16_6_5_3_0_config16_U0/ap_phi_reg_pp0_iter1_acc_2810_reg_508_reg[12]'
INFO: [Synth 8-3886] merging instance 'dense_resource_ap_fixed_16_6_5_3_0_ap_fixed_16_6_5_3_0_config16_U0/ap_phi_reg_pp0_iter1_acc_2712_reg_498_reg[13]' (FDE) to 'dense_resource_ap_fixed_16_6_5_3_0_ap_fixed_16_6_5_3_0_config16_U0/ap_phi_reg_pp0_iter1_acc_2712_reg_498_reg[12]'
INFO: [Synth 8-3886] merging instance 'dense_resource_ap_fixed_16_6_5_3_0_ap_fixed_16_6_5_3_0_config16_U0/ap_phi_reg_pp0_iter1_acc_2614_reg_488_reg[13]' (FDE) to 'dense_resource_ap_fixed_16_6_5_3_0_ap_fixed_16_6_5_3_0_config16_U0/ap_phi_reg_pp0_iter1_acc_2614_reg_488_reg[12]'
INFO: [Synth 8-3886] merging instance 'dense_resource_ap_fixed_16_6_5_3_0_ap_fixed_16_6_5_3_0_config16_U0/ap_phi_reg_pp0_iter1_acc_2516_reg_478_reg[13]' (FDE) to 'dense_resource_ap_fixed_16_6_5_3_0_ap_fixed_16_6_5_3_0_config16_U0/ap_phi_reg_pp0_iter1_acc_2516_reg_478_reg[12]'
INFO: [Synth 8-3886] merging instance 'dense_resource_ap_fixed_16_6_5_3_0_ap_fixed_16_6_5_3_0_config16_U0/ap_phi_reg_pp0_iter1_acc_2418_reg_468_reg[13]' (FDE) to 'dense_resource_ap_fixed_16_6_5_3_0_ap_fixed_16_6_5_3_0_config16_U0/ap_phi_reg_pp0_iter1_acc_2418_reg_468_reg[12]'
INFO: [Synth 8-3886] merging instance 'dense_resource_ap_fixed_16_6_5_3_0_ap_fixed_16_6_5_3_0_config16_U0/ap_phi_reg_pp0_iter1_acc_2320_reg_458_reg[13]' (FDE) to 'dense_resource_ap_fixed_16_6_5_3_0_ap_fixed_16_6_5_3_0_config16_U0/ap_phi_reg_pp0_iter1_acc_2320_reg_458_reg[12]'
INFO: [Synth 8-3886] merging instance 'dense_resource_ap_fixed_16_6_5_3_0_ap_fixed_16_6_5_3_0_config16_U0/ap_phi_reg_pp0_iter1_acc_2222_reg_448_reg[13]' (FDE) to 'dense_resource_ap_fixed_16_6_5_3_0_ap_fixed_16_6_5_3_0_config16_U0/ap_phi_reg_pp0_iter1_acc_2222_reg_448_reg[12]'
INFO: [Synth 8-3886] merging instance 'dense_resource_ap_fixed_16_6_5_3_0_ap_fixed_16_6_5_3_0_config16_U0/ap_phi_reg_pp0_iter1_acc_2124_reg_438_reg[13]' (FDE) to 'dense_resource_ap_fixed_16_6_5_3_0_ap_fixed_16_6_5_3_0_config16_U0/ap_phi_reg_pp0_iter1_acc_2124_reg_438_reg[12]'
INFO: [Synth 8-3886] merging instance 'dense_resource_ap_fixed_16_6_5_3_0_ap_fixed_16_6_5_3_0_config16_U0/ap_phi_reg_pp0_iter1_acc_2026_reg_428_reg[13]' (FDE) to 'dense_resource_ap_fixed_16_6_5_3_0_ap_fixed_16_6_5_3_0_config16_U0/ap_phi_reg_pp0_iter1_acc_2026_reg_428_reg[12]'
INFO: [Synth 8-3886] merging instance 'dense_resource_ap_fixed_16_6_5_3_0_ap_fixed_16_6_5_3_0_config16_U0/ap_phi_reg_pp0_iter1_acc_1928_reg_418_reg[13]' (FDE) to 'dense_resource_ap_fixed_16_6_5_3_0_ap_fixed_16_6_5_3_0_config16_U0/ap_phi_reg_pp0_iter1_acc_1928_reg_418_reg[12]'
INFO: [Synth 8-3886] merging instance 'dense_resource_ap_fixed_16_6_5_3_0_ap_fixed_16_6_5_3_0_config16_U0/ap_phi_reg_pp0_iter1_acc_2810_reg_508_reg[12]' (FDE) to 'dense_resource_ap_fixed_16_6_5_3_0_ap_fixed_16_6_5_3_0_config16_U0/ap_phi_reg_pp0_iter1_acc_2810_reg_508_reg[11]'
INFO: [Synth 8-3886] merging instance 'dense_resource_ap_fixed_16_6_5_3_0_ap_fixed_16_6_5_3_0_config16_U0/ap_phi_reg_pp0_iter1_acc_2712_reg_498_reg[12]' (FDE) to 'dense_resource_ap_fixed_16_6_5_3_0_ap_fixed_16_6_5_3_0_config16_U0/ap_phi_reg_pp0_iter1_acc_2712_reg_498_reg[11]'
INFO: [Synth 8-3886] merging instance 'dense_resource_ap_fixed_16_6_5_3_0_ap_fixed_16_6_5_3_0_config16_U0/ap_phi_reg_pp0_iter1_acc_2614_reg_488_reg[12]' (FDE) to 'dense_resource_ap_fixed_16_6_5_3_0_ap_fixed_16_6_5_3_0_config16_U0/ap_phi_reg_pp0_iter1_acc_2614_reg_488_reg[11]'
INFO: [Synth 8-3886] merging instance 'dense_resource_ap_fixed_16_6_5_3_0_ap_fixed_16_6_5_3_0_config16_U0/ap_phi_reg_pp0_iter1_acc_2516_reg_478_reg[12]' (FDE) to 'dense_resource_ap_fixed_16_6_5_3_0_ap_fixed_16_6_5_3_0_config16_U0/ap_phi_reg_pp0_iter1_acc_2516_reg_478_reg[11]'
INFO: [Synth 8-3886] merging instance 'dense_resource_ap_fixed_16_6_5_3_0_ap_fixed_16_6_5_3_0_config16_U0/ap_phi_reg_pp0_iter1_acc_2418_reg_468_reg[12]' (FDE) to 'dense_resource_ap_fixed_16_6_5_3_0_ap_fixed_16_6_5_3_0_config16_U0/ap_phi_reg_pp0_iter1_acc_2418_reg_468_reg[11]'
INFO: [Synth 8-3886] merging instance 'dense_resource_ap_fixed_16_6_5_3_0_ap_fixed_16_6_5_3_0_config16_U0/ap_phi_reg_pp0_iter1_acc_2320_reg_458_reg[12]' (FDE) to 'dense_resource_ap_fixed_16_6_5_3_0_ap_fixed_16_6_5_3_0_config16_U0/ap_phi_reg_pp0_iter1_acc_2320_reg_458_reg[11]'
INFO: [Synth 8-3886] merging instance 'dense_resource_ap_fixed_16_6_5_3_0_ap_fixed_16_6_5_3_0_config16_U0/ap_phi_reg_pp0_iter1_acc_2222_reg_448_reg[12]' (FDE) to 'dense_resource_ap_fixed_16_6_5_3_0_ap_fixed_16_6_5_3_0_config16_U0/ap_phi_reg_pp0_iter1_acc_2222_reg_448_reg[11]'
INFO: [Synth 8-3886] merging instance 'dense_resource_ap_fixed_16_6_5_3_0_ap_fixed_16_6_5_3_0_config16_U0/ap_phi_reg_pp0_iter1_acc_2124_reg_438_reg[12]' (FDE) to 'dense_resource_ap_fixed_16_6_5_3_0_ap_fixed_16_6_5_3_0_config16_U0/ap_phi_reg_pp0_iter1_acc_2124_reg_438_reg[11]'
INFO: [Synth 8-3886] merging instance 'dense_resource_ap_fixed_16_6_5_3_0_ap_fixed_16_6_5_3_0_config16_U0/ap_phi_reg_pp0_iter1_acc_2026_reg_428_reg[12]' (FDE) to 'dense_resource_ap_fixed_16_6_5_3_0_ap_fixed_16_6_5_3_0_config16_U0/ap_phi_reg_pp0_iter1_acc_2026_reg_428_reg[11]'
INFO: [Synth 8-3886] merging instance 'dense_resource_ap_fixed_16_6_5_3_0_ap_fixed_16_6_5_3_0_config16_U0/ap_phi_reg_pp0_iter1_acc_1928_reg_418_reg[12]' (FDE) to 'dense_resource_ap_fixed_16_6_5_3_0_ap_fixed_16_6_5_3_0_config16_U0/ap_phi_reg_pp0_iter1_acc_1928_reg_418_reg[11]'
INFO: [Synth 8-3886] merging instance 'dense_resource_ap_fixed_16_6_5_3_0_ap_fixed_16_6_5_3_0_config16_U0/ap_phi_reg_pp0_iter1_acc_2810_reg_508_reg[10]' (FDE) to 'dense_resource_ap_fixed_16_6_5_3_0_ap_fixed_16_6_5_3_0_config16_U0/ap_phi_reg_pp0_iter1_acc_2810_reg_508_reg[11]'
INFO: [Synth 8-3886] merging instance 'dense_resource_ap_fixed_16_6_5_3_0_ap_fixed_16_6_5_3_0_config16_U0/ap_phi_reg_pp0_iter1_acc_2712_reg_498_reg[10]' (FDE) to 'dense_resource_ap_fixed_16_6_5_3_0_ap_fixed_16_6_5_3_0_config16_U0/ap_phi_reg_pp0_iter1_acc_2712_reg_498_reg[11]'
INFO: [Synth 8-3886] merging instance 'dense_resource_ap_fixed_16_6_5_3_0_ap_fixed_16_6_5_3_0_config16_U0/ap_phi_reg_pp0_iter1_acc_2614_reg_488_reg[10]' (FDE) to 'dense_resource_ap_fixed_16_6_5_3_0_ap_fixed_16_6_5_3_0_config16_U0/ap_phi_reg_pp0_iter1_acc_2614_reg_488_reg[11]'
INFO: [Synth 8-3886] merging instance 'dense_resource_ap_fixed_16_6_5_3_0_ap_fixed_16_6_5_3_0_config16_U0/ap_phi_reg_pp0_iter1_acc_2516_reg_478_reg[10]' (FDE) to 'dense_resource_ap_fixed_16_6_5_3_0_ap_fixed_16_6_5_3_0_config16_U0/ap_phi_reg_pp0_iter1_acc_2516_reg_478_reg[11]'
INFO: [Synth 8-3886] merging instance 'dense_resource_ap_fixed_16_6_5_3_0_ap_fixed_16_6_5_3_0_config16_U0/ap_phi_reg_pp0_iter1_acc_2418_reg_468_reg[10]' (FDE) to 'dense_resource_ap_fixed_16_6_5_3_0_ap_fixed_16_6_5_3_0_config16_U0/ap_phi_reg_pp0_iter1_acc_2418_reg_468_reg[11]'
INFO: [Synth 8-3886] merging instance 'dense_resource_ap_fixed_16_6_5_3_0_ap_fixed_16_6_5_3_0_config16_U0/ap_phi_reg_pp0_iter1_acc_2320_reg_458_reg[10]' (FDE) to 'dense_resource_ap_fixed_16_6_5_3_0_ap_fixed_16_6_5_3_0_config16_U0/ap_phi_reg_pp0_iter1_acc_2320_reg_458_reg[11]'
INFO: [Synth 8-3886] merging instance 'dense_resource_ap_fixed_16_6_5_3_0_ap_fixed_16_6_5_3_0_config16_U0/ap_phi_reg_pp0_iter1_acc_2222_reg_448_reg[10]' (FDE) to 'dense_resource_ap_fixed_16_6_5_3_0_ap_fixed_16_6_5_3_0_config16_U0/ap_phi_reg_pp0_iter1_acc_2222_reg_448_reg[11]'
INFO: [Synth 8-3886] merging instance 'dense_resource_ap_fixed_16_6_5_3_0_ap_fixed_16_6_5_3_0_config16_U0/ap_phi_reg_pp0_iter1_acc_2124_reg_438_reg[10]' (FDE) to 'dense_resource_ap_fixed_16_6_5_3_0_ap_fixed_16_6_5_3_0_config16_U0/ap_phi_reg_pp0_iter1_acc_2124_reg_438_reg[11]'
INFO: [Synth 8-3886] merging instance 'dense_resource_ap_fixed_16_6_5_3_0_ap_fixed_16_6_5_3_0_config16_U0/ap_phi_reg_pp0_iter1_acc_2026_reg_428_reg[10]' (FDE) to 'dense_resource_ap_fixed_16_6_5_3_0_ap_fixed_16_6_5_3_0_config16_U0/ap_phi_reg_pp0_iter1_acc_2026_reg_428_reg[11]'
INFO: [Synth 8-3886] merging instance 'dense_resource_ap_fixed_16_6_5_3_0_ap_fixed_16_6_5_3_0_config16_U0/ap_phi_reg_pp0_iter1_acc_1928_reg_418_reg[10]' (FDE) to 'dense_resource_ap_fixed_16_6_5_3_0_ap_fixed_16_6_5_3_0_config16_U0/ap_phi_reg_pp0_iter1_acc_1928_reg_418_reg[11]'
INFO: [Synth 8-3886] merging instance 'dense_resource_ap_fixed_16_6_5_3_0_ap_fixed_16_6_5_3_0_config16_U0/ap_phi_reg_pp0_iter1_acc_2810_reg_508_reg[0]' (FDE) to 'dense_resource_ap_fixed_16_6_5_3_0_ap_fixed_16_6_5_3_0_config16_U0/ap_phi_reg_pp0_iter1_acc_2712_reg_498_reg[0]'
INFO: [Synth 8-3886] merging instance 'dense_resource_ap_fixed_16_6_5_3_0_ap_fixed_16_6_5_3_0_config16_U0/ap_phi_reg_pp0_iter1_acc_2712_reg_498_reg[0]' (FDE) to 'dense_resource_ap_fixed_16_6_5_3_0_ap_fixed_16_6_5_3_0_config16_U0/ap_phi_reg_pp0_iter1_acc_2712_reg_498_reg[1]'
INFO: [Synth 8-3886] merging instance 'dense_resource_ap_fixed_16_6_5_3_0_ap_fixed_16_6_5_3_0_config16_U0/ap_phi_reg_pp0_iter1_acc_2614_reg_488_reg[0]' (FDE) to 'dense_resource_ap_fixed_16_6_5_3_0_ap_fixed_16_6_5_3_0_config16_U0/ap_phi_reg_pp0_iter1_acc_2712_reg_498_reg[1]'
INFO: [Synth 8-3886] merging instance 'dense_resource_ap_fixed_16_6_5_3_0_ap_fixed_16_6_5_3_0_config16_U0/ap_phi_reg_pp0_iter1_acc_2516_reg_478_reg[0]' (FDE) to 'dense_resource_ap_fixed_16_6_5_3_0_ap_fixed_16_6_5_3_0_config16_U0/ap_phi_reg_pp0_iter1_acc_2712_reg_498_reg[1]'
INFO: [Synth 8-3886] merging instance 'dense_resource_ap_fixed_16_6_5_3_0_ap_fixed_16_6_5_3_0_config16_U0/ap_phi_reg_pp0_iter1_acc_2418_reg_468_reg[0]' (FDE) to 'dense_resource_ap_fixed_16_6_5_3_0_ap_fixed_16_6_5_3_0_config16_U0/ap_phi_reg_pp0_iter1_acc_2712_reg_498_reg[1]'
INFO: [Synth 8-3886] merging instance 'dense_resource_ap_fixed_16_6_5_3_0_ap_fixed_16_6_5_3_0_config16_U0/ap_phi_reg_pp0_iter1_acc_2320_reg_458_reg[0]' (FDE) to 'dense_resource_ap_fixed_16_6_5_3_0_ap_fixed_16_6_5_3_0_config16_U0/ap_phi_reg_pp0_iter1_acc_2712_reg_498_reg[1]'
INFO: [Synth 8-3886] merging instance 'dense_resource_ap_fixed_16_6_5_3_0_ap_fixed_16_6_5_3_0_config16_U0/ap_phi_reg_pp0_iter1_acc_2222_reg_448_reg[0]' (FDE) to 'dense_resource_ap_fixed_16_6_5_3_0_ap_fixed_16_6_5_3_0_config16_U0/ap_phi_reg_pp0_iter1_acc_2712_reg_498_reg[1]'
INFO: [Synth 8-3886] merging instance 'dense_resource_ap_fixed_16_6_5_3_0_ap_fixed_16_6_5_3_0_config16_U0/ap_phi_reg_pp0_iter1_acc_2124_reg_438_reg[0]' (FDE) to 'dense_resource_ap_fixed_16_6_5_3_0_ap_fixed_16_6_5_3_0_config16_U0/ap_phi_reg_pp0_iter1_acc_2712_reg_498_reg[1]'
INFO: [Synth 8-3886] merging instance 'dense_resource_ap_fixed_16_6_5_3_0_ap_fixed_16_6_5_3_0_config16_U0/ap_phi_reg_pp0_iter1_acc_2026_reg_428_reg[0]' (FDE) to 'dense_resource_ap_fixed_16_6_5_3_0_ap_fixed_16_6_5_3_0_config16_U0/ap_phi_reg_pp0_iter1_acc_2712_reg_498_reg[1]'
INFO: [Synth 8-3886] merging instance 'dense_resource_ap_fixed_16_6_5_3_0_ap_fixed_16_6_5_3_0_config16_U0/ap_phi_reg_pp0_iter1_acc_1928_reg_418_reg[0]' (FDE) to 'dense_resource_ap_fixed_16_6_5_3_0_ap_fixed_16_6_5_3_0_config16_U0/ap_phi_reg_pp0_iter1_acc_2712_reg_498_reg[1]'
INFO: [Synth 8-3886] merging instance 'dense_resource_ap_fixed_16_6_5_3_0_ap_fixed_16_6_5_3_0_config16_U0/ap_phi_reg_pp0_iter1_acc_2810_reg_508_reg[1]' (FDE) to 'dense_resource_ap_fixed_16_6_5_3_0_ap_fixed_16_6_5_3_0_config16_U0/ap_phi_reg_pp0_iter1_acc_2712_reg_498_reg[1]'
INFO: [Synth 8-3886] merging instance 'dense_resource_ap_fixed_16_6_5_3_0_ap_fixed_16_6_5_3_0_config16_U0/ap_phi_reg_pp0_iter1_acc_2712_reg_498_reg[1]' (FDE) to 'dense_resource_ap_fixed_16_6_5_3_0_ap_fixed_16_6_5_3_0_config16_U0/ap_phi_reg_pp0_iter1_acc_2712_reg_498_reg[2]'
INFO: [Synth 8-3886] merging instance 'dense_resource_ap_fixed_16_6_5_3_0_ap_fixed_16_6_5_3_0_config16_U0/ap_phi_reg_pp0_iter1_acc_2614_reg_488_reg[1]' (FDE) to 'dense_resource_ap_fixed_16_6_5_3_0_ap_fixed_16_6_5_3_0_config16_U0/ap_phi_reg_pp0_iter1_acc_2712_reg_498_reg[2]'
INFO: [Synth 8-3886] merging instance 'dense_resource_ap_fixed_16_6_5_3_0_ap_fixed_16_6_5_3_0_config16_U0/ap_phi_reg_pp0_iter1_acc_2516_reg_478_reg[1]' (FDE) to 'dense_resource_ap_fixed_16_6_5_3_0_ap_fixed_16_6_5_3_0_config16_U0/ap_phi_reg_pp0_iter1_acc_2712_reg_498_reg[2]'
INFO: [Synth 8-3886] merging instance 'dense_resource_ap_fixed_16_6_5_3_0_ap_fixed_16_6_5_3_0_config16_U0/ap_phi_reg_pp0_iter1_acc_2418_reg_468_reg[1]' (FDE) to 'dense_resource_ap_fixed_16_6_5_3_0_ap_fixed_16_6_5_3_0_config16_U0/ap_phi_reg_pp0_iter1_acc_2712_reg_498_reg[2]'
INFO: [Synth 8-3886] merging instance 'dense_resource_ap_fixed_16_6_5_3_0_ap_fixed_16_6_5_3_0_config16_U0/ap_phi_reg_pp0_iter1_acc_2320_reg_458_reg[1]' (FDE) to 'dense_resource_ap_fixed_16_6_5_3_0_ap_fixed_16_6_5_3_0_config16_U0/ap_phi_reg_pp0_iter1_acc_2712_reg_498_reg[2]'
INFO: [Synth 8-3886] merging instance 'dense_resource_ap_fixed_16_6_5_3_0_ap_fixed_16_6_5_3_0_config16_U0/ap_phi_reg_pp0_iter1_acc_2222_reg_448_reg[1]' (FDE) to 'dense_resource_ap_fixed_16_6_5_3_0_ap_fixed_16_6_5_3_0_config16_U0/ap_phi_reg_pp0_iter1_acc_2712_reg_498_reg[2]'
INFO: [Synth 8-3886] merging instance 'dense_resource_ap_fixed_16_6_5_3_0_ap_fixed_16_6_5_3_0_config16_U0/ap_phi_reg_pp0_iter1_acc_2124_reg_438_reg[1]' (FDE) to 'dense_resource_ap_fixed_16_6_5_3_0_ap_fixed_16_6_5_3_0_config16_U0/ap_phi_reg_pp0_iter1_acc_2712_reg_498_reg[2]'
INFO: [Synth 8-3886] merging instance 'dense_resource_ap_fixed_16_6_5_3_0_ap_fixed_16_6_5_3_0_config16_U0/ap_phi_reg_pp0_iter1_acc_2026_reg_428_reg[1]' (FDE) to 'dense_resource_ap_fixed_16_6_5_3_0_ap_fixed_16_6_5_3_0_config16_U0/ap_phi_reg_pp0_iter1_acc_2712_reg_498_reg[2]'
INFO: [Synth 8-3886] merging instance 'dense_resource_ap_fixed_16_6_5_3_0_ap_fixed_16_6_5_3_0_config16_U0/ap_phi_reg_pp0_iter1_acc_1928_reg_418_reg[1]' (FDE) to 'dense_resource_ap_fixed_16_6_5_3_0_ap_fixed_16_6_5_3_0_config16_U0/ap_phi_reg_pp0_iter1_acc_2712_reg_498_reg[2]'
INFO: [Synth 8-3886] merging instance 'dense_resource_ap_fixed_16_6_5_3_0_ap_fixed_16_6_5_3_0_config16_U0/ap_phi_reg_pp0_iter1_acc_2810_reg_508_reg[2]' (FDE) to 'dense_resource_ap_fixed_16_6_5_3_0_ap_fixed_16_6_5_3_0_config16_U0/ap_phi_reg_pp0_iter1_acc_2712_reg_498_reg[2]'
INFO: [Synth 8-3886] merging instance 'dense_resource_ap_fixed_16_6_5_3_0_ap_fixed_16_6_5_3_0_config16_U0/ap_phi_reg_pp0_iter1_acc_2712_reg_498_reg[2]' (FDE) to 'dense_resource_ap_fixed_16_6_5_3_0_ap_fixed_16_6_5_3_0_config16_U0/ap_phi_reg_pp0_iter1_acc_2516_reg_478_reg[2]'
INFO: [Synth 8-3886] merging instance 'dense_resource_ap_fixed_16_6_5_3_0_ap_fixed_16_6_5_3_0_config16_U0/ap_phi_reg_pp0_iter1_acc_2614_reg_488_reg[2]' (FDE) to 'dense_resource_ap_fixed_16_6_5_3_0_ap_fixed_16_6_5_3_0_config16_U0/ap_phi_reg_pp0_iter1_acc_2516_reg_478_reg[2]'
INFO: [Synth 8-3886] merging instance 'dense_resource_ap_fixed_16_6_5_3_0_ap_fixed_16_6_5_3_0_config16_U0/ap_phi_reg_pp0_iter1_acc_2516_reg_478_reg[2]' (FDE) to 'dense_resource_ap_fixed_16_6_5_3_0_ap_fixed_16_6_5_3_0_config16_U0/ap_phi_reg_pp0_iter1_acc_2320_reg_458_reg[2]'
INFO: [Synth 8-3886] merging instance 'dense_resource_ap_fixed_16_6_5_3_0_ap_fixed_16_6_5_3_0_config16_U0/ap_phi_reg_pp0_iter1_acc_2418_reg_468_reg[2]' (FDE) to 'dense_resource_ap_fixed_16_6_5_3_0_ap_fixed_16_6_5_3_0_config16_U0/ap_phi_reg_pp0_iter1_acc_2320_reg_458_reg[2]'
INFO: [Synth 8-3886] merging instance 'dense_resource_ap_fixed_16_6_5_3_0_ap_fixed_16_6_5_3_0_config16_U0/ap_phi_reg_pp0_iter1_acc_2320_reg_458_reg[2]' (FDE) to 'dense_resource_ap_fixed_16_6_5_3_0_ap_fixed_16_6_5_3_0_config16_U0/ap_phi_reg_pp0_iter1_acc_2124_reg_438_reg[2]'
INFO: [Synth 8-3886] merging instance 'dense_resource_ap_fixed_16_6_5_3_0_ap_fixed_16_6_5_3_0_config16_U0/ap_phi_reg_pp0_iter1_acc_2222_reg_448_reg[2]' (FDE) to 'dense_resource_ap_fixed_16_6_5_3_0_ap_fixed_16_6_5_3_0_config16_U0/ap_phi_reg_pp0_iter1_acc_2124_reg_438_reg[2]'
INFO: [Synth 8-3886] merging instance 'dense_resource_ap_fixed_16_6_5_3_0_ap_fixed_16_6_5_3_0_config16_U0/ap_phi_reg_pp0_iter1_acc_2124_reg_438_reg[2]' (FDE) to 'dense_resource_ap_fixed_16_6_5_3_0_ap_fixed_16_6_5_3_0_config16_U0/ap_phi_reg_pp0_iter1_acc_1928_reg_418_reg[2]'
INFO: [Synth 8-3886] merging instance 'dense_resource_ap_fixed_16_6_5_3_0_ap_fixed_16_6_5_3_0_config16_U0/ap_phi_reg_pp0_iter1_acc_2026_reg_428_reg[2]' (FDE) to 'dense_resource_ap_fixed_16_6_5_3_0_ap_fixed_16_6_5_3_0_config16_U0/ap_phi_reg_pp0_iter1_acc_1928_reg_418_reg[2]'
INFO: [Synth 8-3333] propagating constant 0 across sequential element (dense_resource_ap_fixed_16_6_5_3_0_ap_fixed_16_6_5_3_0_config16_U0/\ap_phi_reg_pp0_iter1_acc_1928_reg_418_reg[2] )
INFO: [Synth 8-3886] merging instance 'layer20_out_44_U/U_myproject_fifo_w10_d2_S_ShiftReg/SRL_SIG_reg[0][0]' (FDE) to 'layer20_out_44_U/U_myproject_fifo_w10_d2_S_ShiftReg/SRL_SIG_reg[0][1]'
INFO: [Synth 8-3886] merging instance 'layer20_out_44_U/U_myproject_fifo_w10_d2_S_ShiftReg/SRL_SIG_reg[1][0]' (FDE) to 'layer20_out_44_U/U_myproject_fifo_w10_d2_S_ShiftReg/SRL_SIG_reg[1][1]'
INFO: [Synth 8-3886] merging instance 'layer20_out_43_U/U_myproject_fifo_w10_d2_S_ShiftReg/SRL_SIG_reg[0][0]' (FDE) to 'layer20_out_43_U/U_myproject_fifo_w10_d2_S_ShiftReg/SRL_SIG_reg[0][1]'
INFO: [Synth 8-3886] merging instance 'layer20_out_43_U/U_myproject_fifo_w10_d2_S_ShiftReg/SRL_SIG_reg[1][0]' (FDE) to 'layer20_out_43_U/U_myproject_fifo_w10_d2_S_ShiftReg/SRL_SIG_reg[1][1]'
INFO: [Synth 8-3886] merging instance 'layer20_out_42_U/U_myproject_fifo_w10_d2_S_ShiftReg/SRL_SIG_reg[0][0]' (FDE) to 'layer20_out_42_U/U_myproject_fifo_w10_d2_S_ShiftReg/SRL_SIG_reg[0][1]'
INFO: [Synth 8-3886] merging instance 'layer20_out_42_U/U_myproject_fifo_w10_d2_S_ShiftReg/SRL_SIG_reg[1][0]' (FDE) to 'layer20_out_42_U/U_myproject_fifo_w10_d2_S_ShiftReg/SRL_SIG_reg[1][1]'
INFO: [Common 17-14] Message 'Synth 8-3886' appears 100 times and further instances of the messages will be disabled. Use the Tcl command set_msg_config to change the current settings.
INFO: [Common 17-14] Message 'Synth 8-3886' appears 100 times and further instances of the messages will be disabled. Use the Tcl command set_msg_config to change the current settings.
INFO: [Synth 8-3333] propagating constant 0 across sequential element (layer20_out_44_U/\U_myproject_fifo_w10_d2_S_ShiftReg/SRL_SIG_reg[0][1] )
INFO: [Synth 8-3333] propagating constant 0 across sequential element (layer20_out_43_U/\U_myproject_fifo_w10_d2_S_ShiftReg/SRL_SIG_reg[0][1] )
INFO: [Synth 8-3333] propagating constant 0 across sequential element (layer20_out_42_U/\U_myproject_fifo_w10_d2_S_ShiftReg/SRL_SIG_reg[0][1] )
INFO: [Synth 8-3333] propagating constant 0 across sequential element (layer20_out_41_U/\U_myproject_fifo_w10_d2_S_ShiftReg/SRL_SIG_reg[0][1] )
INFO: [Synth 8-3333] propagating constant 0 across sequential element (layer20_out_40_U/\U_myproject_fifo_w10_d2_S_ShiftReg/SRL_SIG_reg[0][1] )
INFO: [Synth 8-3333] propagating constant 0 across sequential element (layer20_out_39_U/\U_myproject_fifo_w10_d2_S_ShiftReg/SRL_SIG_reg[0][1] )
INFO: [Synth 8-3333] propagating constant 0 across sequential element (layer20_out_38_U/\U_myproject_fifo_w10_d2_S_ShiftReg/SRL_SIG_reg[0][1] )
INFO: [Synth 8-3333] propagating constant 0 across sequential element (layer20_out_37_U/\U_myproject_fifo_w10_d2_S_ShiftReg/SRL_SIG_reg[0][1] )
INFO: [Synth 8-3333] propagating constant 0 across sequential element (layer20_out_36_U/\U_myproject_fifo_w10_d2_S_ShiftReg/SRL_SIG_reg[0][1] )
INFO: [Synth 8-3333] propagating constant 0 across sequential element (layer20_out_35_U/\U_myproject_fifo_w10_d2_S_ShiftReg/SRL_SIG_reg[0][1] )
INFO: [Synth 8-3333] propagating constant 0 across sequential element (layer20_out_34_U/\U_myproject_fifo_w10_d2_S_ShiftReg/SRL_SIG_reg[0][1] )
INFO: [Synth 8-3333] propagating constant 0 across sequential element (layer20_out_33_U/\U_myproject_fifo_w10_d2_S_ShiftReg/SRL_SIG_reg[0][1] )
INFO: [Synth 8-3333] propagating constant 0 across sequential element (layer20_out_32_U/\U_myproject_fifo_w10_d2_S_ShiftReg/SRL_SIG_reg[0][1] )
INFO: [Synth 8-3333] propagating constant 0 across sequential element (layer20_out_31_U/\U_myproject_fifo_w10_d2_S_ShiftReg/SRL_SIG_reg[0][1] )
INFO: [Synth 8-3333] propagating constant 0 across sequential element (layer20_out_30_U/\U_myproject_fifo_w10_d2_S_ShiftReg/SRL_SIG_reg[0][1] )
INFO: [Synth 8-3333] propagating constant 0 across sequential element (layer20_out_29_U/\U_myproject_fifo_w10_d2_S_ShiftReg/SRL_SIG_reg[0][1] )
INFO: [Synth 8-3333] propagating constant 0 across sequential element (layer20_out_56_U/\U_myproject_fifo_w10_d2_S_ShiftReg/SRL_SIG_reg[0][1] )
INFO: [Synth 8-3333] propagating constant 0 across sequential element (layer20_out_55_U/\U_myproject_fifo_w10_d2_S_ShiftReg/SRL_SIG_reg[0][1] )
INFO: [Synth 8-3333] propagating constant 0 across sequential element (layer20_out_54_U/\U_myproject_fifo_w10_d2_S_ShiftReg/SRL_SIG_reg[0][1] )
INFO: [Synth 8-3333] propagating constant 0 across sequential element (layer20_out_53_U/\U_myproject_fifo_w10_d2_S_ShiftReg/SRL_SIG_reg[0][1] )
INFO: [Synth 8-3333] propagating constant 0 across sequential element (layer20_out_57_U/\U_myproject_fifo_w10_d2_S_ShiftReg/SRL_SIG_reg[0][1] )
INFO: [Synth 8-3333] propagating constant 0 across sequential element (layer20_out_52_U/\U_myproject_fifo_w10_d2_S_ShiftReg/SRL_SIG_reg[0][1] )
INFO: [Synth 8-3333] propagating constant 0 across sequential element (layer20_out_51_U/\U_myproject_fifo_w10_d2_S_ShiftReg/SRL_SIG_reg[0][1] )
INFO: [Synth 8-3333] propagating constant 0 across sequential element (layer20_out_50_U/\U_myproject_fifo_w10_d2_S_ShiftReg/SRL_SIG_reg[0][1] )
INFO: [Synth 8-3333] propagating constant 0 across sequential element (layer20_out_49_U/\U_myproject_fifo_w10_d2_S_ShiftReg/SRL_SIG_reg[0][1] )
INFO: [Synth 8-3333] propagating constant 0 across sequential element (layer20_out_48_U/\U_myproject_fifo_w10_d2_S_ShiftReg/SRL_SIG_reg[0][1] )
INFO: [Synth 8-3333] propagating constant 0 across sequential element (layer20_out_47_U/\U_myproject_fifo_w10_d2_S_ShiftReg/SRL_SIG_reg[0][1] )
INFO: [Synth 8-3333] propagating constant 0 across sequential element (layer20_out_46_U/\U_myproject_fifo_w10_d2_S_ShiftReg/SRL_SIG_reg[0][1] )
INFO: [Synth 8-3333] propagating constant 0 across sequential element (layer20_out_45_U/\U_myproject_fifo_w10_d2_S_ShiftReg/SRL_SIG_reg[0][1] )
INFO: [Synth 8-3333] propagating constant 0 across sequential element (layer20_out_15_U/\U_myproject_fifo_w10_d2_S_ShiftReg/SRL_SIG_reg[0][1] )
INFO: [Synth 8-3333] propagating constant 0 across sequential element (layer20_out_14_U/\U_myproject_fifo_w10_d2_S_ShiftReg/SRL_SIG_reg[0][1] )
INFO: [Synth 8-3333] propagating constant 0 across sequential element (layer20_out_13_U/\U_myproject_fifo_w10_d2_S_ShiftReg/SRL_SIG_reg[0][1] )
INFO: [Synth 8-3333] propagating constant 0 across sequential element (layer20_out_12_U/\U_myproject_fifo_w10_d2_S_ShiftReg/SRL_SIG_reg[0][1] )
INFO: [Synth 8-3333] propagating constant 0 across sequential element (layer20_out_11_U/\U_myproject_fifo_w10_d2_S_ShiftReg/SRL_SIG_reg[0][1] )
INFO: [Synth 8-3333] propagating constant 0 across sequential element (layer20_out_10_U/\U_myproject_fifo_w10_d2_S_ShiftReg/SRL_SIG_reg[0][1] )
INFO: [Synth 8-3333] propagating constant 0 across sequential element (layer20_out_9_U/\U_myproject_fifo_w10_d2_S_ShiftReg/SRL_SIG_reg[0][1] )
INFO: [Synth 8-3333] propagating constant 0 across sequential element (layer20_out_8_U/\U_myproject_fifo_w10_d2_S_ShiftReg/SRL_SIG_reg[0][1] )
INFO: [Synth 8-3333] propagating constant 0 across sequential element (layer20_out_7_U/\U_myproject_fifo_w10_d2_S_ShiftReg/SRL_SIG_reg[0][1] )
INFO: [Synth 8-3333] propagating constant 0 across sequential element (layer20_out_6_U/\U_myproject_fifo_w10_d2_S_ShiftReg/SRL_SIG_reg[0][1] )
INFO: [Synth 8-3333] propagating constant 0 across sequential element (layer20_out_5_U/\U_myproject_fifo_w10_d2_S_ShiftReg/SRL_SIG_reg[0][1] )
INFO: [Synth 8-3333] propagating constant 0 across sequential element (layer20_out_4_U/\U_myproject_fifo_w10_d2_S_ShiftReg/SRL_SIG_reg[0][1] )
INFO: [Synth 8-3333] propagating constant 0 across sequential element (layer20_out_3_U/\U_myproject_fifo_w10_d2_S_ShiftReg/SRL_SIG_reg[0][1] )
INFO: [Synth 8-3333] propagating constant 0 across sequential element (layer20_out_2_U/\U_myproject_fifo_w10_d2_S_ShiftReg/SRL_SIG_reg[0][1] )
INFO: [Synth 8-3333] propagating constant 0 across sequential element (layer20_out_1_U/\U_myproject_fifo_w10_d2_S_ShiftReg/SRL_SIG_reg[0][1] )
INFO: [Synth 8-3333] propagating constant 0 across sequential element (layer20_out_U/\U_myproject_fifo_w10_d2_S_ShiftReg/SRL_SIG_reg[0][1] )
INFO: [Synth 8-3333] propagating constant 0 across sequential element (layer20_out_27_U/\U_myproject_fifo_w10_d2_S_ShiftReg/SRL_SIG_reg[0][1] )
INFO: [Synth 8-3333] propagating constant 0 across sequential element (layer20_out_26_U/\U_myproject_fifo_w10_d2_S_ShiftReg/SRL_SIG_reg[0][1] )
INFO: [Synth 8-3333] propagating constant 0 across sequential element (layer20_out_25_U/\U_myproject_fifo_w10_d2_S_ShiftReg/SRL_SIG_reg[0][1] )
INFO: [Synth 8-3333] propagating constant 0 across sequential element (layer20_out_24_U/\U_myproject_fifo_w10_d2_S_ShiftReg/SRL_SIG_reg[0][1] )
INFO: [Synth 8-3333] propagating constant 0 across sequential element (layer20_out_28_U/\U_myproject_fifo_w10_d2_S_ShiftReg/SRL_SIG_reg[0][1] )
INFO: [Synth 8-3333] propagating constant 0 across sequential element (layer20_out_23_U/\U_myproject_fifo_w10_d2_S_ShiftReg/SRL_SIG_reg[0][1] )
INFO: [Synth 8-3333] propagating constant 0 across sequential element (layer20_out_22_U/\U_myproject_fifo_w10_d2_S_ShiftReg/SRL_SIG_reg[0][1] )
INFO: [Synth 8-3333] propagating constant 0 across sequential element (layer20_out_21_U/\U_myproject_fifo_w10_d2_S_ShiftReg/SRL_SIG_reg[0][1] )
INFO: [Synth 8-3333] propagating constant 0 across sequential element (layer20_out_20_U/\U_myproject_fifo_w10_d2_S_ShiftReg/SRL_SIG_reg[0][1] )
INFO: [Synth 8-3333] propagating constant 0 across sequential element (layer20_out_19_U/\U_myproject_fifo_w10_d2_S_ShiftReg/SRL_SIG_reg[0][1] )
INFO: [Synth 8-3333] propagating constant 0 across sequential element (layer20_out_18_U/\U_myproject_fifo_w10_d2_S_ShiftReg/SRL_SIG_reg[0][1] )
INFO: [Synth 8-3333] propagating constant 0 across sequential element (layer20_out_17_U/\U_myproject_fifo_w10_d2_S_ShiftReg/SRL_SIG_reg[0][1] )
INFO: [Synth 8-3333] propagating constant 0 across sequential element (layer20_out_16_U/\U_myproject_fifo_w10_d2_S_ShiftReg/SRL_SIG_reg[0][1] )
INFO: [Synth 8-3333] propagating constant 1 across sequential element (relu_ap_fixed_16_6_5_3_0_ap_ufixed_8_0_4_0_0_relu_config23_U0/\ap_CS_fsm_reg[0] )
INFO: [Synth 8-3333] propagating constant 1 across sequential element (concatenate1d_ap_ufixed_ap_ufixed_ap_fixed_16_6_5_3_0_config20_U0/\ap_CS_fsm_reg[0] )
INFO: [Synth 8-3333] propagating constant 1 across sequential element (relu_ap_fixed_16_6_5_3_0_ap_ufixed_8_0_4_0_0_relu_config19_U0/\ap_CS_fsm_reg[0] )
INFO: [Synth 8-3333] propagating constant 1 across sequential element (relu_ap_fixed_16_6_5_3_0_ap_ufixed_8_0_4_0_0_relu_config18_U0/\ap_CS_fsm_reg[0] )
INFO: [Synth 8-3333] propagating constant 1 across sequential element (concatenate1d_ap_fixed_ap_fixed_ap_fixed_16_6_5_3_0_config13_U0/\ap_CS_fsm_reg[0] )
INFO: [Synth 8-3333] propagating constant 0 across sequential element (layer13_out_1_U/\U_myproject_fifo_w11_d2_S_ShiftReg/SRL_SIG_reg[0][0] )
INFO: [Synth 8-3333] propagating constant 0 across sequential element (layer13_out_U/\U_myproject_fifo_w11_d2_S_ShiftReg/SRL_SIG_reg[0][0] )
INFO: [Synth 8-3333] propagating constant 0 across sequential element (layer20_out_44_U/\U_myproject_fifo_w10_d2_S_ShiftReg/SRL_SIG_reg[0][1] )
INFO: [Synth 8-3333] propagating constant 0 across sequential element (layer20_out_43_U/\U_myproject_fifo_w10_d2_S_ShiftReg/SRL_SIG_reg[0][1] )
INFO: [Synth 8-3333] propagating constant 0 across sequential element (layer20_out_42_U/\U_myproject_fifo_w10_d2_S_ShiftReg/SRL_SIG_reg[0][1] )
INFO: [Synth 8-3333] propagating constant 0 across sequential element (layer20_out_41_U/\U_myproject_fifo_w10_d2_S_ShiftReg/SRL_SIG_reg[0][1] )
INFO: [Synth 8-3333] propagating constant 0 across sequential element (layer20_out_40_U/\U_myproject_fifo_w10_d2_S_ShiftReg/SRL_SIG_reg[0][1] )
INFO: [Synth 8-3333] propagating constant 0 across sequential element (layer20_out_39_U/\U_myproject_fifo_w10_d2_S_ShiftReg/SRL_SIG_reg[0][1] )
INFO: [Synth 8-3333] propagating constant 0 across sequential element (layer20_out_38_U/\U_myproject_fifo_w10_d2_S_ShiftReg/SRL_SIG_reg[0][1] )
INFO: [Synth 8-3333] propagating constant 0 across sequential element (layer20_out_37_U/\U_myproject_fifo_w10_d2_S_ShiftReg/SRL_SIG_reg[0][1] )
INFO: [Synth 8-3333] propagating constant 0 across sequential element (layer20_out_36_U/\U_myproject_fifo_w10_d2_S_ShiftReg/SRL_SIG_reg[0][1] )
INFO: [Synth 8-3333] propagating constant 0 across sequential element (layer20_out_35_U/\U_myproject_fifo_w10_d2_S_ShiftReg/SRL_SIG_reg[0][1] )
INFO: [Synth 8-3333] propagating constant 0 across sequential element (layer20_out_34_U/\U_myproject_fifo_w10_d2_S_ShiftReg/SRL_SIG_reg[0][1] )
INFO: [Synth 8-3333] propagating constant 0 across sequential element (layer20_out_33_U/\U_myproject_fifo_w10_d2_S_ShiftReg/SRL_SIG_reg[0][1] )
INFO: [Synth 8-3333] propagating constant 0 across sequential element (layer20_out_32_U/\U_myproject_fifo_w10_d2_S_ShiftReg/SRL_SIG_reg[0][1] )
INFO: [Synth 8-3333] propagating constant 0 across sequential element (layer20_out_31_U/\U_myproject_fifo_w10_d2_S_ShiftReg/SRL_SIG_reg[0][1] )
INFO: [Synth 8-3333] propagating constant 0 across sequential element (layer20_out_30_U/\U_myproject_fifo_w10_d2_S_ShiftReg/SRL_SIG_reg[0][1] )
INFO: [Synth 8-3333] propagating constant 0 across sequential element (layer20_out_29_U/\U_myproject_fifo_w10_d2_S_ShiftReg/SRL_SIG_reg[0][1] )
INFO: [Synth 8-3333] propagating constant 0 across sequential element (layer20_out_56_U/\U_myproject_fifo_w10_d2_S_ShiftReg/SRL_SIG_reg[0][1] )
INFO: [Synth 8-3333] propagating constant 0 across sequential element (layer20_out_55_U/\U_myproject_fifo_w10_d2_S_ShiftReg/SRL_SIG_reg[0][1] )
INFO: [Synth 8-3333] propagating constant 0 across sequential element (layer20_out_54_U/\U_myproject_fifo_w10_d2_S_ShiftReg/SRL_SIG_reg[0][1] )
INFO: [Synth 8-3333] propagating constant 0 across sequential element (layer20_out_53_U/\U_myproject_fifo_w10_d2_S_ShiftReg/SRL_SIG_reg[0][1] )
INFO: [Common 17-14] Message 'Synth 8-3333' appears 100 times and further instances of the messages will be disabled. Use the Tcl command set_msg_config to change the current settings.
INFO: [Common 17-14] Message 'Synth 8-3333' appears 100 times and further instances of the messages will be disabled. Use the Tcl command set_msg_config to change the current settings.
INFO: [Common 17-14] Message 'Synth 8-3333' appears 100 times and further instances of the messages will be disabled. Use the Tcl command set_msg_config to change the current settings.
---------------------------------------------------------------------------------
Finished Cross Boundary and Area Optimization : Time (s): cpu = 00:00:51 ; elapsed = 00:01:31 . Memory (MB): peak = 2542.016 ; gain = 863.797 ; free physical = 50429 ; free virtual = 168356
---------------------------------------------------------------------------------
---------------------------------------------------------------------------------
Start ROM, RAM, DSP, Shift Register and Retiming Reporting
---------------------------------------------------------------------------------

ROM: Preliminary Mapping Report
+-------------------------------------------------------------------------------------------+------------+---------------+----------------+
|Module Name                                                                                | RTL Object | Depth x Width | Implemented As | 
+-------------------------------------------------------------------------------------------+------------+---------------+----------------+
|myproject_dense_resource_ap_fixed_16_6_5_3_0_ap_fixed_16_6_5_3_0_config16_s_outidx_i_90bkb | mem0       | 32x4          | LUT            | 
+-------------------------------------------------------------------------------------------+------------+---------------+----------------+

---------------------------------------------------------------------------------
Finished ROM, RAM, DSP, Shift Register and Retiming Reporting
---------------------------------------------------------------------------------
No constraint files found.
---------------------------------------------------------------------------------
Start Timing Optimization
---------------------------------------------------------------------------------
---------------------------------------------------------------------------------
Finished Timing Optimization : Time (s): cpu = 00:00:54 ; elapsed = 00:01:35 . Memory (MB): peak = 2544.031 ; gain = 865.812 ; free physical = 50435 ; free virtual = 166876
---------------------------------------------------------------------------------
---------------------------------------------------------------------------------
Start Technology Mapping
---------------------------------------------------------------------------------
---------------------------------------------------------------------------------
Finished Technology Mapping : Time (s): cpu = 00:01:00 ; elapsed = 00:01:41 . Memory (MB): peak = 2563.957 ; gain = 885.738 ; free physical = 56422 ; free virtual = 172958
---------------------------------------------------------------------------------
---------------------------------------------------------------------------------
Start IO Insertion
---------------------------------------------------------------------------------
---------------------------------------------------------------------------------
Start Flattening Before IO Insertion
---------------------------------------------------------------------------------
---------------------------------------------------------------------------------
Finished Flattening Before IO Insertion
---------------------------------------------------------------------------------
---------------------------------------------------------------------------------
Start Final Netlist Cleanup
---------------------------------------------------------------------------------
---------------------------------------------------------------------------------
Finished Final Netlist Cleanup
---------------------------------------------------------------------------------
---------------------------------------------------------------------------------
Finished IO Insertion : Time (s): cpu = 00:01:09 ; elapsed = 00:01:50 . Memory (MB): peak = 2563.957 ; gain = 885.738 ; free physical = 59703 ; free virtual = 177434
---------------------------------------------------------------------------------
---------------------------------------------------------------------------------
Start Renaming Generated Instances
---------------------------------------------------------------------------------
---------------------------------------------------------------------------------
Finished Renaming Generated Instances : Time (s): cpu = 00:01:09 ; elapsed = 00:01:50 . Memory (MB): peak = 2563.957 ; gain = 885.738 ; free physical = 61053 ; free virtual = 178830
---------------------------------------------------------------------------------
---------------------------------------------------------------------------------
Start Rebuilding User Hierarchy
---------------------------------------------------------------------------------
---------------------------------------------------------------------------------
Finished Rebuilding User Hierarchy : Time (s): cpu = 00:01:11 ; elapsed = 00:01:52 . Memory (MB): peak = 2563.957 ; gain = 885.738 ; free physical = 66543 ; free virtual = 184709
---------------------------------------------------------------------------------
---------------------------------------------------------------------------------
Start Renaming Generated Ports
---------------------------------------------------------------------------------
---------------------------------------------------------------------------------
Finished Renaming Generated Ports : Time (s): cpu = 00:01:11 ; elapsed = 00:01:52 . Memory (MB): peak = 2563.957 ; gain = 885.738 ; free physical = 66520 ; free virtual = 184708
---------------------------------------------------------------------------------
---------------------------------------------------------------------------------
Start Handling Custom Attributes
---------------------------------------------------------------------------------
---------------------------------------------------------------------------------
Finished Handling Custom Attributes : Time (s): cpu = 00:01:12 ; elapsed = 00:01:52 . Memory (MB): peak = 2563.957 ; gain = 885.738 ; free physical = 66386 ; free virtual = 184640
---------------------------------------------------------------------------------
---------------------------------------------------------------------------------
Start Renaming Generated Nets
---------------------------------------------------------------------------------
---------------------------------------------------------------------------------
Finished Renaming Generated Nets : Time (s): cpu = 00:01:12 ; elapsed = 00:01:53 . Memory (MB): peak = 2563.957 ; gain = 885.738 ; free physical = 66345 ; free virtual = 184617
---------------------------------------------------------------------------------
---------------------------------------------------------------------------------
Start ROM, RAM, DSP, Shift Register and Retiming Reporting
---------------------------------------------------------------------------------

Dynamic Shift Register Report:
+------------+----------------+--------+------------+--------+---------+--------+--------+--------+
|Module Name | RTL Name       | Length | Data Width | SRL16E | SRLC32E | Mux F7 | Mux F8 | Mux F9 | 
+------------+----------------+--------+------------+--------+---------+--------+--------+--------+
|dsrl        | SRL_SIG_reg[2] | 10     | 10         | 10     | 0       | 0      | 0      | 0      | 
|dsrl__1     | SRL_SIG_reg[2] | 8      | 8          | 8      | 0       | 0      | 0      | 0      | 
+------------+----------------+--------+------------+--------+---------+--------+--------+--------+

---------------------------------------------------------------------------------
Finished ROM, RAM, DSP, Shift Register and Retiming Reporting
---------------------------------------------------------------------------------
---------------------------------------------------------------------------------
Start Writing Synthesis Report
---------------------------------------------------------------------------------

Report BlackBoxes: 
+-+--------------+----------+
| |BlackBox name |Instances |
+-+--------------+----------+
+-+--------------+----------+

Report Cell Usage: 
+------+-------+------+
|      |Cell   |Count |
+------+-------+------+
|1     |BUFG   |     1|
|2     |CARRY4 |  1233|
|3     |LUT1   |    98|
|4     |LUT2   |  3864|
|5     |LUT3   |  6298|
|6     |LUT4   |  1718|
|7     |LUT5   |  4322|
|8     |LUT6   |  5925|
|9     |MUXF7  |   204|
|10    |MUXF8  |    24|
|11    |SRL16E |    90|
|12    |FDRE   | 18538|
|13    |FDSE   |   570|
|14    |IBUF   |  1232|
|15    |OBUF   |   176|
+------+-------+------+

Report Instance Areas: 
+------+---------------------------------------------------------------------+-------------------------------------------------------------------------------------------+------+
|      |Instance                                                             |Module                                                                                     |Cells |
+------+---------------------------------------------------------------------+-------------------------------------------------------------------------------------------+------+
|1     |top                                                                  |                                                                                           | 44293|
|2     |  concatenate1d_ap_fixed_ap_fixed_ap_fixed_16_6_5_3_0_config13_U0    |myproject_concatenate1d_ap_fixed_ap_fixed_ap_fixed_16_6_5_3_0_config13_s                   |    21|
|3     |  layer26_out_U                                                      |myproject_fifo_w8_d2_S_231                                                                 |    38|
|4     |    U_myproject_fifo_w8_d2_S_ShiftReg                                |myproject_fifo_w8_d2_S_ShiftReg                                                            |    24|
|5     |  hard_sigmoid_ap_fixed_ap_ufixed_8_0_4_0_0_hard_sigmoid_config29_U0 |myproject_hard_sigmoid_ap_fixed_ap_ufixed_8_0_4_0_0_hard_sigmoid_config29_s                |    11|
|6     |  concatenate1d_ap_fixed_ap_fixed_ap_fixed_16_6_5_3_0_config12_U0    |myproject_concatenate1d_ap_fixed_ap_fixed_ap_fixed_16_6_5_3_0_config12_s                   |   495|
|7     |  concatenate1d_ap_fixed_ap_fixed_ap_fixed_16_6_5_3_0_config8_U0     |myproject_concatenate1d_ap_fixed_ap_fixed_ap_fixed_16_6_5_3_0_config8_s                    |   439|
|8     |  concatenate1d_ap_ufixed_ap_ufixed_ap_fixed_16_6_5_3_0_config20_U0  |myproject_concatenate1d_ap_ufixed_ap_ufixed_ap_fixed_16_6_5_3_0_config20_s                 |   668|
|9     |  dense_resource_ap_fixed_16_6_5_3_0_ap_fixed_16_6_5_3_0_config14_U0 |myproject_dense_resource_ap_fixed_16_6_5_3_0_ap_fixed_16_6_5_3_0_config14_s                | 12996|
|10    |    mul_11s_8s_19_1_1_U178                                           |myproject_mul_11s_8s_19_1_1_605                                                            |    93|
|11    |    mul_11s_8s_19_1_1_U179                                           |myproject_mul_11s_8s_19_1_1_606                                                            |    82|
|12    |    mul_11s_8s_19_1_1_U180                                           |myproject_mul_11s_8s_19_1_1_607                                                            |    82|
|13    |    mul_11s_8s_19_1_1_U181                                           |myproject_mul_11s_8s_19_1_1_608                                                            |    85|
|14    |    mul_11s_8s_19_1_1_U182                                           |myproject_mul_11s_8s_19_1_1_609                                                            |    85|
|15    |    mul_11s_8s_19_1_1_U183                                           |myproject_mul_11s_8s_19_1_1_610                                                            |    82|
|16    |    mul_11s_8s_19_1_1_U184                                           |myproject_mul_11s_8s_19_1_1_611                                                            |   107|
|17    |    mul_11s_8s_19_1_1_U185                                           |myproject_mul_11s_8s_19_1_1_612                                                            |    85|
|18    |    mul_11s_8s_19_1_1_U186                                           |myproject_mul_11s_8s_19_1_1_613                                                            |    82|
|19    |    mul_11s_8s_19_1_1_U78                                            |myproject_mul_11s_8s_19_1_1_614                                                            |   108|
|20    |    mul_11s_8s_19_1_1_U80                                            |myproject_mul_11s_8s_19_1_1_615                                                            |    97|
|21    |    mul_11s_8s_19_1_1_U84                                            |myproject_mul_11s_8s_19_1_1_616                                                            |   109|
|22    |    mul_11s_8s_19_1_1_U85                                            |myproject_mul_11s_8s_19_1_1_617                                                            |    87|
|23    |    sparsemux_15_3_11_1_1_U77                                        |myproject_sparsemux_15_3_11_1_1                                                            |    55|
|24    |    sparsemux_15_3_11_1_1_U79                                        |myproject_sparsemux_15_3_11_1_1_618                                                        |    54|
|25    |    sparsemux_15_3_11_1_1_U83                                        |myproject_sparsemux_15_3_11_1_1_619                                                        |    30|
|26    |  dense_resource_ap_fixed_16_6_5_3_0_ap_fixed_16_6_5_3_0_config16_U0 |myproject_dense_resource_ap_fixed_16_6_5_3_0_ap_fixed_16_6_5_3_0_config16_s                |  1229|
|27    |    mul_11s_8s_19_1_1_U408                                           |myproject_mul_11s_8s_19_1_1                                                                |   286|
|28    |    outidx_i_90_U                                                    |myproject_dense_resource_ap_fixed_16_6_5_3_0_ap_fixed_16_6_5_3_0_config16_s_outidx_i_90bkb |   353|
|29    |  dense_resource_ap_fixed_16_6_5_3_0_ap_fixed_16_6_5_3_0_config21_U0 |myproject_dense_resource_ap_fixed_16_6_5_3_0_ap_fixed_16_6_5_3_0_config21_s                |  4028|
|30    |    mul_10ns_8s_18_1_1_U542                                          |myproject_mul_10ns_8s_18_1_1                                                               |   339|
|31    |    mul_10ns_8s_18_1_1_U544                                          |myproject_mul_10ns_8s_18_1_1_602                                                           |   342|
|32    |    mul_10ns_8s_18_1_1_U545                                          |myproject_mul_10ns_8s_18_1_1_603                                                           |   112|
|33    |    mul_10ns_8s_18_1_1_U546                                          |myproject_mul_10ns_8s_18_1_1_604                                                           |   297|
|34    |  dense_resource_ap_ufixed_8_0_4_0_0_ap_fixed_16_6_5_3_0_config24_U0 |myproject_dense_resource_ap_ufixed_8_0_4_0_0_ap_fixed_16_6_5_3_0_config24_s                |  1050|
|35    |    mul_8s_8ns_16_1_1_U637                                           |myproject_mul_8s_8ns_16_1_1_600                                                            |   197|
|36    |    mul_8s_8ns_16_1_1_U638                                           |myproject_mul_8s_8ns_16_1_1_601                                                            |   211|
|37    |    outidx_i_U                                                       |myproject_dense_resource_ap_ufixed_8_0_4_0_0_ap_fixed_16_6_5_3_0_config24_s_outidx_i_ROcud |   175|
|38    |  dense_resource_ap_ufixed_8_0_4_0_0_ap_fixed_16_6_5_3_0_config27_U0 |myproject_dense_resource_ap_ufixed_8_0_4_0_0_ap_fixed_16_6_5_3_0_config27_s                |   354|
|39    |    mul_8s_8ns_16_1_1_U660                                           |myproject_mul_8s_8ns_16_1_1                                                                |   169|
|40    |  layer10_out_U                                                      |myproject_fifo_w10_d2_S                                                                    |    62|
|41    |    U_myproject_fifo_w10_d2_S_ShiftReg                               |myproject_fifo_w10_d2_S_ShiftReg_599                                                       |    41|
|42    |  layer11_out_U                                                      |myproject_fifo_w10_d2_S_0                                                                  |    56|
|43    |    U_myproject_fifo_w10_d2_S_ShiftReg                               |myproject_fifo_w10_d2_S_ShiftReg_598                                                       |    41|
|44    |  layer12_out_10_U                                                   |myproject_fifo_w11_d2_S                                                                    |    44|
|45    |    U_myproject_fifo_w11_d2_S_ShiftReg                               |myproject_fifo_w11_d2_S_ShiftReg_597                                                       |    30|
|46    |  layer12_out_11_U                                                   |myproject_fifo_w11_d2_S_1                                                                  |    44|
|47    |    U_myproject_fifo_w11_d2_S_ShiftReg                               |myproject_fifo_w11_d2_S_ShiftReg_596                                                       |    30|
|48    |  layer12_out_12_U                                                   |myproject_fifo_w11_d2_S_2                                                                  |    45|
|49    |    U_myproject_fifo_w11_d2_S_ShiftReg                               |myproject_fifo_w11_d2_S_ShiftReg_595                                                       |    30|
|50    |  layer12_out_13_U                                                   |myproject_fifo_w11_d2_S_3                                                                  |    46|
|51    |    U_myproject_fifo_w11_d2_S_ShiftReg                               |myproject_fifo_w11_d2_S_ShiftReg_594                                                       |    30|
|52    |  layer12_out_14_U                                                   |myproject_fifo_w11_d2_S_4                                                                  |    44|
|53    |    U_myproject_fifo_w11_d2_S_ShiftReg                               |myproject_fifo_w11_d2_S_ShiftReg_593                                                       |    30|
|54    |  layer12_out_15_U                                                   |myproject_fifo_w11_d2_S_5                                                                  |    44|
|55    |    U_myproject_fifo_w11_d2_S_ShiftReg                               |myproject_fifo_w11_d2_S_ShiftReg_592                                                       |    30|
|56    |  layer12_out_16_U                                                   |myproject_fifo_w11_d2_S_6                                                                  |    44|
|57    |    U_myproject_fifo_w11_d2_S_ShiftReg                               |myproject_fifo_w11_d2_S_ShiftReg_591                                                       |    30|
|58    |  layer12_out_17_U                                                   |myproject_fifo_w11_d2_S_7                                                                  |    45|
|59    |    U_myproject_fifo_w11_d2_S_ShiftReg                               |myproject_fifo_w11_d2_S_ShiftReg_590                                                       |    30|
|60    |  layer12_out_18_U                                                   |myproject_fifo_w11_d2_S_8                                                                  |    44|
|61    |    U_myproject_fifo_w11_d2_S_ShiftReg                               |myproject_fifo_w11_d2_S_ShiftReg_589                                                       |    30|
|62    |  layer12_out_19_U                                                   |myproject_fifo_w11_d2_S_9                                                                  |    47|
|63    |    U_myproject_fifo_w11_d2_S_ShiftReg                               |myproject_fifo_w11_d2_S_ShiftReg_588                                                       |    30|
|64    |  layer12_out_1_U                                                    |myproject_fifo_w11_d2_S_10                                                                 |    46|
|65    |    U_myproject_fifo_w11_d2_S_ShiftReg                               |myproject_fifo_w11_d2_S_ShiftReg_587                                                       |    30|
|66    |  layer12_out_20_U                                                   |myproject_fifo_w11_d2_S_11                                                                 |    45|
|67    |    U_myproject_fifo_w11_d2_S_ShiftReg                               |myproject_fifo_w11_d2_S_ShiftReg_586                                                       |    30|
|68    |  layer12_out_21_U                                                   |myproject_fifo_w11_d2_S_12                                                                 |    44|
|69    |    U_myproject_fifo_w11_d2_S_ShiftReg                               |myproject_fifo_w11_d2_S_ShiftReg_585                                                       |    30|
|70    |  layer12_out_22_U                                                   |myproject_fifo_w11_d2_S_13                                                                 |    45|
|71    |    U_myproject_fifo_w11_d2_S_ShiftReg                               |myproject_fifo_w11_d2_S_ShiftReg_584                                                       |    30|
|72    |  layer12_out_23_U                                                   |myproject_fifo_w11_d2_S_14                                                                 |    45|
|73    |    U_myproject_fifo_w11_d2_S_ShiftReg                               |myproject_fifo_w11_d2_S_ShiftReg_583                                                       |    30|
|74    |  layer12_out_24_U                                                   |myproject_fifo_w11_d2_S_15                                                                 |    45|
|75    |    U_myproject_fifo_w11_d2_S_ShiftReg                               |myproject_fifo_w11_d2_S_ShiftReg_582                                                       |    30|
|76    |  layer12_out_25_U                                                   |myproject_fifo_w11_d2_S_16                                                                 |    45|
|77    |    U_myproject_fifo_w11_d2_S_ShiftReg                               |myproject_fifo_w11_d2_S_ShiftReg_581                                                       |    30|
|78    |  layer12_out_26_U                                                   |myproject_fifo_w11_d2_S_17                                                                 |    45|
|79    |    U_myproject_fifo_w11_d2_S_ShiftReg                               |myproject_fifo_w11_d2_S_ShiftReg_580                                                       |    30|
|80    |  layer12_out_27_U                                                   |myproject_fifo_w11_d2_S_18                                                                 |    45|
|81    |    U_myproject_fifo_w11_d2_S_ShiftReg                               |myproject_fifo_w11_d2_S_ShiftReg_579                                                       |    30|
|82    |  layer12_out_28_U                                                   |myproject_fifo_w11_d2_S_19                                                                 |    45|
|83    |    U_myproject_fifo_w11_d2_S_ShiftReg                               |myproject_fifo_w11_d2_S_ShiftReg_578                                                       |    30|
|84    |  layer12_out_29_U                                                   |myproject_fifo_w11_d2_S_20                                                                 |    44|
|85    |    U_myproject_fifo_w11_d2_S_ShiftReg                               |myproject_fifo_w11_d2_S_ShiftReg_577                                                       |    30|
|86    |  layer12_out_2_U                                                    |myproject_fifo_w11_d2_S_21                                                                 |    46|
|87    |    U_myproject_fifo_w11_d2_S_ShiftReg                               |myproject_fifo_w11_d2_S_ShiftReg_576                                                       |    30|
|88    |  layer12_out_30_U                                                   |myproject_fifo_w11_d2_S_22                                                                 |    46|
|89    |    U_myproject_fifo_w11_d2_S_ShiftReg                               |myproject_fifo_w11_d2_S_ShiftReg_575                                                       |    30|
|90    |  layer12_out_31_U                                                   |myproject_fifo_w11_d2_S_23                                                                 |    45|
|91    |    U_myproject_fifo_w11_d2_S_ShiftReg                               |myproject_fifo_w11_d2_S_ShiftReg_574                                                       |    30|
|92    |  layer12_out_32_U                                                   |myproject_fifo_w11_d2_S_24                                                                 |    45|
|93    |    U_myproject_fifo_w11_d2_S_ShiftReg                               |myproject_fifo_w11_d2_S_ShiftReg_573                                                       |    30|
|94    |  layer12_out_33_U                                                   |myproject_fifo_w11_d2_S_25                                                                 |    45|
|95    |    U_myproject_fifo_w11_d2_S_ShiftReg                               |myproject_fifo_w11_d2_S_ShiftReg_572                                                       |    30|
|96    |  layer12_out_34_U                                                   |myproject_fifo_w11_d2_S_26                                                                 |    45|
|97    |    U_myproject_fifo_w11_d2_S_ShiftReg                               |myproject_fifo_w11_d2_S_ShiftReg_571                                                       |    30|
|98    |  layer12_out_3_U                                                    |myproject_fifo_w11_d2_S_27                                                                 |    45|
|99    |    U_myproject_fifo_w11_d2_S_ShiftReg                               |myproject_fifo_w11_d2_S_ShiftReg_570                                                       |    30|
|100   |  layer12_out_4_U                                                    |myproject_fifo_w11_d2_S_28                                                                 |    45|
|101   |    U_myproject_fifo_w11_d2_S_ShiftReg                               |myproject_fifo_w11_d2_S_ShiftReg_569                                                       |    30|
|102   |  layer12_out_5_U                                                    |myproject_fifo_w11_d2_S_29                                                                 |    44|
|103   |    U_myproject_fifo_w11_d2_S_ShiftReg                               |myproject_fifo_w11_d2_S_ShiftReg_568                                                       |    30|
|104   |  layer12_out_6_U                                                    |myproject_fifo_w11_d2_S_30                                                                 |    44|
|105   |    U_myproject_fifo_w11_d2_S_ShiftReg                               |myproject_fifo_w11_d2_S_ShiftReg_567                                                       |    30|
|106   |  layer12_out_7_U                                                    |myproject_fifo_w11_d2_S_31                                                                 |    45|
|107   |    U_myproject_fifo_w11_d2_S_ShiftReg                               |myproject_fifo_w11_d2_S_ShiftReg_566                                                       |    30|
|108   |  layer12_out_8_U                                                    |myproject_fifo_w11_d2_S_32                                                                 |    44|
|109   |    U_myproject_fifo_w11_d2_S_ShiftReg                               |myproject_fifo_w11_d2_S_ShiftReg_565                                                       |    30|
|110   |  layer12_out_9_U                                                    |myproject_fifo_w11_d2_S_33                                                                 |    44|
|111   |    U_myproject_fifo_w11_d2_S_ShiftReg                               |myproject_fifo_w11_d2_S_ShiftReg_564                                                       |    30|
|112   |  layer12_out_U                                                      |myproject_fifo_w11_d2_S_34                                                                 |    45|
|113   |    U_myproject_fifo_w11_d2_S_ShiftReg                               |myproject_fifo_w11_d2_S_ShiftReg_563                                                       |    30|
|114   |  layer13_out_1_U                                                    |myproject_fifo_w11_d2_S_35                                                                 |    45|
|115   |    U_myproject_fifo_w11_d2_S_ShiftReg                               |myproject_fifo_w11_d2_S_ShiftReg_562                                                       |    31|
|116   |  layer13_out_U                                                      |myproject_fifo_w11_d2_S_36                                                                 |    45|
|117   |    U_myproject_fifo_w11_d2_S_ShiftReg                               |myproject_fifo_w11_d2_S_ShiftReg_561                                                       |    31|
|118   |  layer14_out_10_U                                                   |myproject_fifo_w16_d2_S                                                                    |   109|
|119   |    U_myproject_fifo_w16_d2_S_ShiftReg                               |myproject_fifo_w16_d2_S_ShiftReg_560                                                       |    94|
|120   |  layer14_out_11_U                                                   |myproject_fifo_w16_d2_S_37                                                                 |   108|
|121   |    U_myproject_fifo_w16_d2_S_ShiftReg                               |myproject_fifo_w16_d2_S_ShiftReg_559                                                       |    94|
|122   |  layer14_out_12_U                                                   |myproject_fifo_w16_d2_S_38                                                                 |   108|
|123   |    U_myproject_fifo_w16_d2_S_ShiftReg                               |myproject_fifo_w16_d2_S_ShiftReg_558                                                       |    94|
|124   |  layer14_out_13_U                                                   |myproject_fifo_w16_d2_S_39                                                                 |   110|
|125   |    U_myproject_fifo_w16_d2_S_ShiftReg                               |myproject_fifo_w16_d2_S_ShiftReg_557                                                       |    94|
|126   |  layer14_out_14_U                                                   |myproject_fifo_w16_d2_S_40                                                                 |   108|
|127   |    U_myproject_fifo_w16_d2_S_ShiftReg                               |myproject_fifo_w16_d2_S_ShiftReg_556                                                       |    94|
|128   |  layer14_out_15_U                                                   |myproject_fifo_w16_d2_S_41                                                                 |   109|
|129   |    U_myproject_fifo_w16_d2_S_ShiftReg                               |myproject_fifo_w16_d2_S_ShiftReg_555                                                       |    94|
|130   |  layer14_out_16_U                                                   |myproject_fifo_w16_d2_S_42                                                                 |   108|
|131   |    U_myproject_fifo_w16_d2_S_ShiftReg                               |myproject_fifo_w16_d2_S_ShiftReg_554                                                       |    94|
|132   |  layer14_out_17_U                                                   |myproject_fifo_w16_d2_S_43                                                                 |   109|
|133   |    U_myproject_fifo_w16_d2_S_ShiftReg                               |myproject_fifo_w16_d2_S_ShiftReg_553                                                       |    94|
|134   |  layer14_out_18_U                                                   |myproject_fifo_w16_d2_S_44                                                                 |   108|
|135   |    U_myproject_fifo_w16_d2_S_ShiftReg                               |myproject_fifo_w16_d2_S_ShiftReg_552                                                       |    94|
|136   |  layer14_out_19_U                                                   |myproject_fifo_w16_d2_S_45                                                                 |   108|
|137   |    U_myproject_fifo_w16_d2_S_ShiftReg                               |myproject_fifo_w16_d2_S_ShiftReg_551                                                       |    94|
|138   |  layer14_out_1_U                                                    |myproject_fifo_w16_d2_S_46                                                                 |   109|
|139   |    U_myproject_fifo_w16_d2_S_ShiftReg                               |myproject_fifo_w16_d2_S_ShiftReg_550                                                       |    94|
|140   |  layer14_out_20_U                                                   |myproject_fifo_w16_d2_S_47                                                                 |   109|
|141   |    U_myproject_fifo_w16_d2_S_ShiftReg                               |myproject_fifo_w16_d2_S_ShiftReg_549                                                       |    94|
|142   |  layer14_out_21_U                                                   |myproject_fifo_w16_d2_S_48                                                                 |   110|
|143   |    U_myproject_fifo_w16_d2_S_ShiftReg                               |myproject_fifo_w16_d2_S_ShiftReg_548                                                       |    94|
|144   |  layer14_out_22_U                                                   |myproject_fifo_w16_d2_S_49                                                                 |   108|
|145   |    U_myproject_fifo_w16_d2_S_ShiftReg                               |myproject_fifo_w16_d2_S_ShiftReg_547                                                       |    94|
|146   |  layer14_out_23_U                                                   |myproject_fifo_w16_d2_S_50                                                                 |   108|
|147   |    U_myproject_fifo_w16_d2_S_ShiftReg                               |myproject_fifo_w16_d2_S_ShiftReg_546                                                       |    94|
|148   |  layer14_out_24_U                                                   |myproject_fifo_w16_d2_S_51                                                                 |   109|
|149   |    U_myproject_fifo_w16_d2_S_ShiftReg                               |myproject_fifo_w16_d2_S_ShiftReg_545                                                       |    94|
|150   |  layer14_out_25_U                                                   |myproject_fifo_w16_d2_S_52                                                                 |   108|
|151   |    U_myproject_fifo_w16_d2_S_ShiftReg                               |myproject_fifo_w16_d2_S_ShiftReg_544                                                       |    94|
|152   |  layer14_out_26_U                                                   |myproject_fifo_w16_d2_S_53                                                                 |   109|
|153   |    U_myproject_fifo_w16_d2_S_ShiftReg                               |myproject_fifo_w16_d2_S_ShiftReg_543                                                       |    94|
|154   |  layer14_out_27_U                                                   |myproject_fifo_w16_d2_S_54                                                                 |   110|
|155   |    U_myproject_fifo_w16_d2_S_ShiftReg                               |myproject_fifo_w16_d2_S_ShiftReg_542                                                       |    94|
|156   |  layer14_out_28_U                                                   |myproject_fifo_w16_d2_S_55                                                                 |   111|
|157   |    U_myproject_fifo_w16_d2_S_ShiftReg                               |myproject_fifo_w16_d2_S_ShiftReg_541                                                       |    94|
|158   |  layer14_out_29_U                                                   |myproject_fifo_w16_d2_S_56                                                                 |   108|
|159   |    U_myproject_fifo_w16_d2_S_ShiftReg                               |myproject_fifo_w16_d2_S_ShiftReg_540                                                       |    94|
|160   |  layer14_out_2_U                                                    |myproject_fifo_w16_d2_S_57                                                                 |   108|
|161   |    U_myproject_fifo_w16_d2_S_ShiftReg                               |myproject_fifo_w16_d2_S_ShiftReg_539                                                       |    94|
|162   |  layer14_out_30_U                                                   |myproject_fifo_w16_d2_S_58                                                                 |   108|
|163   |    U_myproject_fifo_w16_d2_S_ShiftReg                               |myproject_fifo_w16_d2_S_ShiftReg_538                                                       |    94|
|164   |  layer14_out_31_U                                                   |myproject_fifo_w16_d2_S_59                                                                 |   110|
|165   |    U_myproject_fifo_w16_d2_S_ShiftReg                               |myproject_fifo_w16_d2_S_ShiftReg_537                                                       |    94|
|166   |  layer14_out_32_U                                                   |myproject_fifo_w16_d2_S_60                                                                 |   108|
|167   |    U_myproject_fifo_w16_d2_S_ShiftReg                               |myproject_fifo_w16_d2_S_ShiftReg_536                                                       |    94|
|168   |  layer14_out_33_U                                                   |myproject_fifo_w16_d2_S_61                                                                 |   109|
|169   |    U_myproject_fifo_w16_d2_S_ShiftReg                               |myproject_fifo_w16_d2_S_ShiftReg_535                                                       |    94|
|170   |  layer14_out_34_U                                                   |myproject_fifo_w16_d2_S_62                                                                 |   109|
|171   |    U_myproject_fifo_w16_d2_S_ShiftReg                               |myproject_fifo_w16_d2_S_ShiftReg_534                                                       |    94|
|172   |  layer14_out_35_U                                                   |myproject_fifo_w16_d2_S_63                                                                 |   110|
|173   |    U_myproject_fifo_w16_d2_S_ShiftReg                               |myproject_fifo_w16_d2_S_ShiftReg_533                                                       |    94|
|174   |  layer14_out_36_U                                                   |myproject_fifo_w16_d2_S_64                                                                 |   108|
|175   |    U_myproject_fifo_w16_d2_S_ShiftReg                               |myproject_fifo_w16_d2_S_ShiftReg_532                                                       |    94|
|176   |  layer14_out_37_U                                                   |myproject_fifo_w16_d2_S_65                                                                 |   109|
|177   |    U_myproject_fifo_w16_d2_S_ShiftReg                               |myproject_fifo_w16_d2_S_ShiftReg_531                                                       |    94|
|178   |  layer14_out_38_U                                                   |myproject_fifo_w16_d2_S_66                                                                 |   109|
|179   |    U_myproject_fifo_w16_d2_S_ShiftReg                               |myproject_fifo_w16_d2_S_ShiftReg_530                                                       |    94|
|180   |  layer14_out_39_U                                                   |myproject_fifo_w16_d2_S_67                                                                 |   111|
|181   |    U_myproject_fifo_w16_d2_S_ShiftReg                               |myproject_fifo_w16_d2_S_ShiftReg_529                                                       |    94|
|182   |  layer14_out_3_U                                                    |myproject_fifo_w16_d2_S_68                                                                 |   109|
|183   |    U_myproject_fifo_w16_d2_S_ShiftReg                               |myproject_fifo_w16_d2_S_ShiftReg_528                                                       |    94|
|184   |  layer14_out_40_U                                                   |myproject_fifo_w16_d2_S_69                                                                 |   108|
|185   |    U_myproject_fifo_w16_d2_S_ShiftReg                               |myproject_fifo_w16_d2_S_ShiftReg_527                                                       |    94|
|186   |  layer14_out_41_U                                                   |myproject_fifo_w16_d2_S_70                                                                 |   109|
|187   |    U_myproject_fifo_w16_d2_S_ShiftReg                               |myproject_fifo_w16_d2_S_ShiftReg_526                                                       |    94|
|188   |  layer14_out_42_U                                                   |myproject_fifo_w16_d2_S_71                                                                 |   110|
|189   |    U_myproject_fifo_w16_d2_S_ShiftReg                               |myproject_fifo_w16_d2_S_ShiftReg_525                                                       |    94|
|190   |  layer14_out_43_U                                                   |myproject_fifo_w16_d2_S_72                                                                 |   108|
|191   |    U_myproject_fifo_w16_d2_S_ShiftReg                               |myproject_fifo_w16_d2_S_ShiftReg_524                                                       |    94|
|192   |  layer14_out_44_U                                                   |myproject_fifo_w16_d2_S_73                                                                 |   109|
|193   |    U_myproject_fifo_w16_d2_S_ShiftReg                               |myproject_fifo_w16_d2_S_ShiftReg_523                                                       |    94|
|194   |  layer14_out_45_U                                                   |myproject_fifo_w16_d2_S_74                                                                 |   110|
|195   |    U_myproject_fifo_w16_d2_S_ShiftReg                               |myproject_fifo_w16_d2_S_ShiftReg_522                                                       |    94|
|196   |  layer14_out_46_U                                                   |myproject_fifo_w16_d2_S_75                                                                 |   110|
|197   |    U_myproject_fifo_w16_d2_S_ShiftReg                               |myproject_fifo_w16_d2_S_ShiftReg_521                                                       |    94|
|198   |  layer14_out_47_U                                                   |myproject_fifo_w16_d2_S_76                                                                 |   111|
|199   |    U_myproject_fifo_w16_d2_S_ShiftReg                               |myproject_fifo_w16_d2_S_ShiftReg_520                                                       |    94|
|200   |  layer14_out_4_U                                                    |myproject_fifo_w16_d2_S_77                                                                 |   108|
|201   |    U_myproject_fifo_w16_d2_S_ShiftReg                               |myproject_fifo_w16_d2_S_ShiftReg_519                                                       |    94|
|202   |  layer14_out_5_U                                                    |myproject_fifo_w16_d2_S_78                                                                 |   108|
|203   |    U_myproject_fifo_w16_d2_S_ShiftReg                               |myproject_fifo_w16_d2_S_ShiftReg_518                                                       |    94|
|204   |  layer14_out_6_U                                                    |myproject_fifo_w16_d2_S_79                                                                 |   108|
|205   |    U_myproject_fifo_w16_d2_S_ShiftReg                               |myproject_fifo_w16_d2_S_ShiftReg_517                                                       |    94|
|206   |  layer14_out_7_U                                                    |myproject_fifo_w16_d2_S_80                                                                 |   109|
|207   |    U_myproject_fifo_w16_d2_S_ShiftReg                               |myproject_fifo_w16_d2_S_ShiftReg_516                                                       |    94|
|208   |  layer14_out_8_U                                                    |myproject_fifo_w16_d2_S_81                                                                 |   108|
|209   |    U_myproject_fifo_w16_d2_S_ShiftReg                               |myproject_fifo_w16_d2_S_ShiftReg_515                                                       |    94|
|210   |  layer14_out_9_U                                                    |myproject_fifo_w16_d2_S_82                                                                 |   120|
|211   |    U_myproject_fifo_w16_d2_S_ShiftReg                               |myproject_fifo_w16_d2_S_ShiftReg_514                                                       |    94|
|212   |  layer14_out_U                                                      |myproject_fifo_w16_d2_S_83                                                                 |   108|
|213   |    U_myproject_fifo_w16_d2_S_ShiftReg                               |myproject_fifo_w16_d2_S_ShiftReg_513                                                       |    94|
|214   |  layer16_out_1_U                                                    |myproject_fifo_w16_d2_S_84                                                                 |   107|
|215   |    U_myproject_fifo_w16_d2_S_ShiftReg                               |myproject_fifo_w16_d2_S_ShiftReg_512                                                       |    93|
|216   |  layer16_out_2_U                                                    |myproject_fifo_w16_d2_S_85                                                                 |   107|
|217   |    U_myproject_fifo_w16_d2_S_ShiftReg                               |myproject_fifo_w16_d2_S_ShiftReg_511                                                       |    93|
|218   |  layer16_out_3_U                                                    |myproject_fifo_w16_d2_S_86                                                                 |   107|
|219   |    U_myproject_fifo_w16_d2_S_ShiftReg                               |myproject_fifo_w16_d2_S_ShiftReg_510                                                       |    93|
|220   |  layer16_out_4_U                                                    |myproject_fifo_w16_d2_S_87                                                                 |   108|
|221   |    U_myproject_fifo_w16_d2_S_ShiftReg                               |myproject_fifo_w16_d2_S_ShiftReg_509                                                       |    93|
|222   |  layer16_out_5_U                                                    |myproject_fifo_w16_d2_S_88                                                                 |   108|
|223   |    U_myproject_fifo_w16_d2_S_ShiftReg                               |myproject_fifo_w16_d2_S_ShiftReg_508                                                       |    93|
|224   |  layer16_out_6_U                                                    |myproject_fifo_w16_d2_S_89                                                                 |   108|
|225   |    U_myproject_fifo_w16_d2_S_ShiftReg                               |myproject_fifo_w16_d2_S_ShiftReg_507                                                       |    93|
|226   |  layer16_out_7_U                                                    |myproject_fifo_w16_d2_S_90                                                                 |   108|
|227   |    U_myproject_fifo_w16_d2_S_ShiftReg                               |myproject_fifo_w16_d2_S_ShiftReg_506                                                       |    93|
|228   |  layer16_out_8_U                                                    |myproject_fifo_w16_d2_S_91                                                                 |   108|
|229   |    U_myproject_fifo_w16_d2_S_ShiftReg                               |myproject_fifo_w16_d2_S_ShiftReg_505                                                       |    93|
|230   |  layer16_out_9_U                                                    |myproject_fifo_w16_d2_S_92                                                                 |   108|
|231   |    U_myproject_fifo_w16_d2_S_ShiftReg                               |myproject_fifo_w16_d2_S_ShiftReg_504                                                       |    93|
|232   |  layer16_out_U                                                      |myproject_fifo_w16_d2_S_93                                                                 |   108|
|233   |    U_myproject_fifo_w16_d2_S_ShiftReg                               |myproject_fifo_w16_d2_S_ShiftReg_503                                                       |    93|
|234   |  layer18_out_10_U                                                   |myproject_fifo_w8_d2_S                                                                     |    50|
|235   |    U_myproject_fifo_w8_d2_S_ShiftReg                                |myproject_fifo_w8_d2_S_ShiftReg_502                                                        |    33|
|236   |  layer18_out_11_U                                                   |myproject_fifo_w8_d2_S_94                                                                  |    48|
|237   |    U_myproject_fifo_w8_d2_S_ShiftReg                                |myproject_fifo_w8_d2_S_ShiftReg_501                                                        |    33|
|238   |  layer18_out_12_U                                                   |myproject_fifo_w8_d2_S_95                                                                  |    48|
|239   |    U_myproject_fifo_w8_d2_S_ShiftReg                                |myproject_fifo_w8_d2_S_ShiftReg_500                                                        |    33|
|240   |  layer18_out_13_U                                                   |myproject_fifo_w8_d2_S_96                                                                  |    49|
|241   |    U_myproject_fifo_w8_d2_S_ShiftReg                                |myproject_fifo_w8_d2_S_ShiftReg_499                                                        |    33|
|242   |  layer18_out_14_U                                                   |myproject_fifo_w8_d2_S_97                                                                  |    52|
|243   |    U_myproject_fifo_w8_d2_S_ShiftReg                                |myproject_fifo_w8_d2_S_ShiftReg_498                                                        |    33|
|244   |  layer18_out_15_U                                                   |myproject_fifo_w8_d2_S_98                                                                  |    51|
|245   |    U_myproject_fifo_w8_d2_S_ShiftReg                                |myproject_fifo_w8_d2_S_ShiftReg_497                                                        |    33|
|246   |  layer18_out_16_U                                                   |myproject_fifo_w8_d2_S_99                                                                  |    49|
|247   |    U_myproject_fifo_w8_d2_S_ShiftReg                                |myproject_fifo_w8_d2_S_ShiftReg_496                                                        |    33|
|248   |  layer18_out_17_U                                                   |myproject_fifo_w8_d2_S_100                                                                 |    49|
|249   |    U_myproject_fifo_w8_d2_S_ShiftReg                                |myproject_fifo_w8_d2_S_ShiftReg_495                                                        |    33|
|250   |  layer18_out_18_U                                                   |myproject_fifo_w8_d2_S_101                                                                 |    49|
|251   |    U_myproject_fifo_w8_d2_S_ShiftReg                                |myproject_fifo_w8_d2_S_ShiftReg_494                                                        |    33|
|252   |  layer18_out_19_U                                                   |myproject_fifo_w8_d2_S_102                                                                 |    51|
|253   |    U_myproject_fifo_w8_d2_S_ShiftReg                                |myproject_fifo_w8_d2_S_ShiftReg_493                                                        |    33|
|254   |  layer18_out_1_U                                                    |myproject_fifo_w8_d2_S_103                                                                 |    50|
|255   |    U_myproject_fifo_w8_d2_S_ShiftReg                                |myproject_fifo_w8_d2_S_ShiftReg_492                                                        |    33|
|256   |  layer18_out_20_U                                                   |myproject_fifo_w8_d2_S_104                                                                 |    49|
|257   |    U_myproject_fifo_w8_d2_S_ShiftReg                                |myproject_fifo_w8_d2_S_ShiftReg_491                                                        |    33|
|258   |  layer18_out_21_U                                                   |myproject_fifo_w8_d2_S_105                                                                 |    50|
|259   |    U_myproject_fifo_w8_d2_S_ShiftReg                                |myproject_fifo_w8_d2_S_ShiftReg_490                                                        |    33|
|260   |  layer18_out_22_U                                                   |myproject_fifo_w8_d2_S_106                                                                 |    48|
|261   |    U_myproject_fifo_w8_d2_S_ShiftReg                                |myproject_fifo_w8_d2_S_ShiftReg_489                                                        |    33|
|262   |  layer18_out_23_U                                                   |myproject_fifo_w8_d2_S_107                                                                 |    48|
|263   |    U_myproject_fifo_w8_d2_S_ShiftReg                                |myproject_fifo_w8_d2_S_ShiftReg_488                                                        |    33|
|264   |  layer18_out_24_U                                                   |myproject_fifo_w8_d2_S_108                                                                 |    48|
|265   |    U_myproject_fifo_w8_d2_S_ShiftReg                                |myproject_fifo_w8_d2_S_ShiftReg_487                                                        |    33|
|266   |  layer18_out_25_U                                                   |myproject_fifo_w8_d2_S_109                                                                 |    50|
|267   |    U_myproject_fifo_w8_d2_S_ShiftReg                                |myproject_fifo_w8_d2_S_ShiftReg_486                                                        |    33|
|268   |  layer18_out_26_U                                                   |myproject_fifo_w8_d2_S_110                                                                 |    48|
|269   |    U_myproject_fifo_w8_d2_S_ShiftReg                                |myproject_fifo_w8_d2_S_ShiftReg_485                                                        |    33|
|270   |  layer18_out_27_U                                                   |myproject_fifo_w8_d2_S_111                                                                 |    48|
|271   |    U_myproject_fifo_w8_d2_S_ShiftReg                                |myproject_fifo_w8_d2_S_ShiftReg_484                                                        |    33|
|272   |  layer18_out_28_U                                                   |myproject_fifo_w8_d2_S_112                                                                 |    49|
|273   |    U_myproject_fifo_w8_d2_S_ShiftReg                                |myproject_fifo_w8_d2_S_ShiftReg_483                                                        |    33|
|274   |  layer18_out_29_U                                                   |myproject_fifo_w8_d2_S_113                                                                 |    49|
|275   |    U_myproject_fifo_w8_d2_S_ShiftReg                                |myproject_fifo_w8_d2_S_ShiftReg_482                                                        |    33|
|276   |  layer18_out_2_U                                                    |myproject_fifo_w8_d2_S_114                                                                 |    49|
|277   |    U_myproject_fifo_w8_d2_S_ShiftReg                                |myproject_fifo_w8_d2_S_ShiftReg_481                                                        |    33|
|278   |  layer18_out_30_U                                                   |myproject_fifo_w8_d2_S_115                                                                 |    51|
|279   |    U_myproject_fifo_w8_d2_S_ShiftReg                                |myproject_fifo_w8_d2_S_ShiftReg_480                                                        |    33|
|280   |  layer18_out_31_U                                                   |myproject_fifo_w8_d2_S_116                                                                 |    50|
|281   |    U_myproject_fifo_w8_d2_S_ShiftReg                                |myproject_fifo_w8_d2_S_ShiftReg_479                                                        |    33|
|282   |  layer18_out_32_U                                                   |myproject_fifo_w8_d2_S_117                                                                 |    49|
|283   |    U_myproject_fifo_w8_d2_S_ShiftReg                                |myproject_fifo_w8_d2_S_ShiftReg_478                                                        |    33|
|284   |  layer18_out_33_U                                                   |myproject_fifo_w8_d2_S_118                                                                 |    49|
|285   |    U_myproject_fifo_w8_d2_S_ShiftReg                                |myproject_fifo_w8_d2_S_ShiftReg_477                                                        |    33|
|286   |  layer18_out_34_U                                                   |myproject_fifo_w8_d2_S_119                                                                 |    50|
|287   |    U_myproject_fifo_w8_d2_S_ShiftReg                                |myproject_fifo_w8_d2_S_ShiftReg_476                                                        |    33|
|288   |  layer18_out_35_U                                                   |myproject_fifo_w8_d2_S_120                                                                 |    49|
|289   |    U_myproject_fifo_w8_d2_S_ShiftReg                                |myproject_fifo_w8_d2_S_ShiftReg_475                                                        |    33|
|290   |  layer18_out_36_U                                                   |myproject_fifo_w8_d2_S_121                                                                 |    48|
|291   |    U_myproject_fifo_w8_d2_S_ShiftReg                                |myproject_fifo_w8_d2_S_ShiftReg_474                                                        |    33|
|292   |  layer18_out_37_U                                                   |myproject_fifo_w8_d2_S_122                                                                 |    50|
|293   |    U_myproject_fifo_w8_d2_S_ShiftReg                                |myproject_fifo_w8_d2_S_ShiftReg_473                                                        |    33|
|294   |  layer18_out_38_U                                                   |myproject_fifo_w8_d2_S_123                                                                 |    48|
|295   |    U_myproject_fifo_w8_d2_S_ShiftReg                                |myproject_fifo_w8_d2_S_ShiftReg_472                                                        |    33|
|296   |  layer18_out_39_U                                                   |myproject_fifo_w8_d2_S_124                                                                 |    49|
|297   |    U_myproject_fifo_w8_d2_S_ShiftReg                                |myproject_fifo_w8_d2_S_ShiftReg_471                                                        |    33|
|298   |  layer18_out_3_U                                                    |myproject_fifo_w8_d2_S_125                                                                 |    49|
|299   |    U_myproject_fifo_w8_d2_S_ShiftReg                                |myproject_fifo_w8_d2_S_ShiftReg_470                                                        |    33|
|300   |  layer18_out_40_U                                                   |myproject_fifo_w8_d2_S_126                                                                 |    48|
|301   |    U_myproject_fifo_w8_d2_S_ShiftReg                                |myproject_fifo_w8_d2_S_ShiftReg_469                                                        |    33|
|302   |  layer18_out_41_U                                                   |myproject_fifo_w8_d2_S_127                                                                 |    48|
|303   |    U_myproject_fifo_w8_d2_S_ShiftReg                                |myproject_fifo_w8_d2_S_ShiftReg_468                                                        |    33|
|304   |  layer18_out_42_U                                                   |myproject_fifo_w8_d2_S_128                                                                 |    48|
|305   |    U_myproject_fifo_w8_d2_S_ShiftReg                                |myproject_fifo_w8_d2_S_ShiftReg_467                                                        |    33|
|306   |  layer18_out_43_U                                                   |myproject_fifo_w8_d2_S_129                                                                 |    51|
|307   |    U_myproject_fifo_w8_d2_S_ShiftReg                                |myproject_fifo_w8_d2_S_ShiftReg_466                                                        |    33|
|308   |  layer18_out_44_U                                                   |myproject_fifo_w8_d2_S_130                                                                 |    50|
|309   |    U_myproject_fifo_w8_d2_S_ShiftReg                                |myproject_fifo_w8_d2_S_ShiftReg_465                                                        |    33|
|310   |  layer18_out_45_U                                                   |myproject_fifo_w8_d2_S_131                                                                 |    49|
|311   |    U_myproject_fifo_w8_d2_S_ShiftReg                                |myproject_fifo_w8_d2_S_ShiftReg_464                                                        |    33|
|312   |  layer18_out_46_U                                                   |myproject_fifo_w8_d2_S_132                                                                 |    49|
|313   |    U_myproject_fifo_w8_d2_S_ShiftReg                                |myproject_fifo_w8_d2_S_ShiftReg_463                                                        |    33|
|314   |  layer18_out_47_U                                                   |myproject_fifo_w8_d2_S_133                                                                 |    50|
|315   |    U_myproject_fifo_w8_d2_S_ShiftReg                                |myproject_fifo_w8_d2_S_ShiftReg_462                                                        |    33|
|316   |  layer18_out_4_U                                                    |myproject_fifo_w8_d2_S_134                                                                 |    48|
|317   |    U_myproject_fifo_w8_d2_S_ShiftReg                                |myproject_fifo_w8_d2_S_ShiftReg_461                                                        |    33|
|318   |  layer18_out_5_U                                                    |myproject_fifo_w8_d2_S_135                                                                 |    49|
|319   |    U_myproject_fifo_w8_d2_S_ShiftReg                                |myproject_fifo_w8_d2_S_ShiftReg_460                                                        |    33|
|320   |  layer18_out_6_U                                                    |myproject_fifo_w8_d2_S_136                                                                 |    49|
|321   |    U_myproject_fifo_w8_d2_S_ShiftReg                                |myproject_fifo_w8_d2_S_ShiftReg_459                                                        |    33|
|322   |  layer18_out_7_U                                                    |myproject_fifo_w8_d2_S_137                                                                 |    48|
|323   |    U_myproject_fifo_w8_d2_S_ShiftReg                                |myproject_fifo_w8_d2_S_ShiftReg_458                                                        |    33|
|324   |  layer18_out_8_U                                                    |myproject_fifo_w8_d2_S_138                                                                 |    50|
|325   |    U_myproject_fifo_w8_d2_S_ShiftReg                                |myproject_fifo_w8_d2_S_ShiftReg_457                                                        |    33|
|326   |  layer18_out_9_U                                                    |myproject_fifo_w8_d2_S_139                                                                 |    48|
|327   |    U_myproject_fifo_w8_d2_S_ShiftReg                                |myproject_fifo_w8_d2_S_ShiftReg_456                                                        |    33|
|328   |  layer18_out_U                                                      |myproject_fifo_w8_d2_S_140                                                                 |    53|
|329   |    U_myproject_fifo_w8_d2_S_ShiftReg                                |myproject_fifo_w8_d2_S_ShiftReg_455                                                        |    33|
|330   |  layer19_out_1_U                                                    |myproject_fifo_w8_d3_S                                                                     |    25|
|331   |    U_myproject_fifo_w8_d3_S_ShiftReg                                |myproject_fifo_w8_d3_S_ShiftReg_454                                                        |     9|
|332   |  layer19_out_2_U                                                    |myproject_fifo_w8_d3_S_141                                                                 |    26|
|333   |    U_myproject_fifo_w8_d3_S_ShiftReg                                |myproject_fifo_w8_d3_S_ShiftReg_453                                                        |     9|
|334   |  layer19_out_3_U                                                    |myproject_fifo_w8_d3_S_142                                                                 |    25|
|335   |    U_myproject_fifo_w8_d3_S_ShiftReg                                |myproject_fifo_w8_d3_S_ShiftReg_452                                                        |     9|
|336   |  layer19_out_4_U                                                    |myproject_fifo_w8_d3_S_143                                                                 |    26|
|337   |    U_myproject_fifo_w8_d3_S_ShiftReg                                |myproject_fifo_w8_d3_S_ShiftReg_451                                                        |     9|
|338   |  layer19_out_5_U                                                    |myproject_fifo_w8_d3_S_144                                                                 |    25|
|339   |    U_myproject_fifo_w8_d3_S_ShiftReg                                |myproject_fifo_w8_d3_S_ShiftReg_450                                                        |     9|
|340   |  layer19_out_6_U                                                    |myproject_fifo_w8_d3_S_145                                                                 |    27|
|341   |    U_myproject_fifo_w8_d3_S_ShiftReg                                |myproject_fifo_w8_d3_S_ShiftReg_449                                                        |     9|
|342   |  layer19_out_7_U                                                    |myproject_fifo_w8_d3_S_146                                                                 |    25|
|343   |    U_myproject_fifo_w8_d3_S_ShiftReg                                |myproject_fifo_w8_d3_S_ShiftReg_448                                                        |     9|
|344   |  layer19_out_8_U                                                    |myproject_fifo_w8_d3_S_147                                                                 |    27|
|345   |    U_myproject_fifo_w8_d3_S_ShiftReg                                |myproject_fifo_w8_d3_S_ShiftReg_447                                                        |     9|
|346   |  layer19_out_9_U                                                    |myproject_fifo_w8_d3_S_148                                                                 |    25|
|347   |    U_myproject_fifo_w8_d3_S_ShiftReg                                |myproject_fifo_w8_d3_S_ShiftReg_446                                                        |     9|
|348   |  layer19_out_U                                                      |myproject_fifo_w8_d3_S_149                                                                 |    30|
|349   |    U_myproject_fifo_w8_d3_S_ShiftReg                                |myproject_fifo_w8_d3_S_ShiftReg                                                            |     9|
|350   |  layer20_out_10_U                                                   |myproject_fifo_w10_d2_S_150                                                                |    39|
|351   |    U_myproject_fifo_w10_d2_S_ShiftReg                               |myproject_fifo_w10_d2_S_ShiftReg_445                                                       |    25|
|352   |  layer20_out_11_U                                                   |myproject_fifo_w10_d2_S_151                                                                |    39|
|353   |    U_myproject_fifo_w10_d2_S_ShiftReg                               |myproject_fifo_w10_d2_S_ShiftReg_444                                                       |    25|
|354   |  layer20_out_12_U                                                   |myproject_fifo_w10_d2_S_152                                                                |    41|
|355   |    U_myproject_fifo_w10_d2_S_ShiftReg                               |myproject_fifo_w10_d2_S_ShiftReg_443                                                       |    25|
|356   |  layer20_out_13_U                                                   |myproject_fifo_w10_d2_S_153                                                                |    39|
|357   |    U_myproject_fifo_w10_d2_S_ShiftReg                               |myproject_fifo_w10_d2_S_ShiftReg_442                                                       |    25|
|358   |  layer20_out_14_U                                                   |myproject_fifo_w10_d2_S_154                                                                |    39|
|359   |    U_myproject_fifo_w10_d2_S_ShiftReg                               |myproject_fifo_w10_d2_S_ShiftReg_441                                                       |    25|
|360   |  layer20_out_15_U                                                   |myproject_fifo_w10_d2_S_155                                                                |    40|
|361   |    U_myproject_fifo_w10_d2_S_ShiftReg                               |myproject_fifo_w10_d2_S_ShiftReg_440                                                       |    25|
|362   |  layer20_out_16_U                                                   |myproject_fifo_w10_d2_S_156                                                                |    38|
|363   |    U_myproject_fifo_w10_d2_S_ShiftReg                               |myproject_fifo_w10_d2_S_ShiftReg_439                                                       |    25|
|364   |  layer20_out_17_U                                                   |myproject_fifo_w10_d2_S_157                                                                |    41|
|365   |    U_myproject_fifo_w10_d2_S_ShiftReg                               |myproject_fifo_w10_d2_S_ShiftReg_438                                                       |    25|
|366   |  layer20_out_18_U                                                   |myproject_fifo_w10_d2_S_158                                                                |    40|
|367   |    U_myproject_fifo_w10_d2_S_ShiftReg                               |myproject_fifo_w10_d2_S_ShiftReg_437                                                       |    25|
|368   |  layer20_out_19_U                                                   |myproject_fifo_w10_d2_S_159                                                                |    38|
|369   |    U_myproject_fifo_w10_d2_S_ShiftReg                               |myproject_fifo_w10_d2_S_ShiftReg_436                                                       |    25|
|370   |  layer20_out_1_U                                                    |myproject_fifo_w10_d2_S_160                                                                |    38|
|371   |    U_myproject_fifo_w10_d2_S_ShiftReg                               |myproject_fifo_w10_d2_S_ShiftReg_435                                                       |    25|
|372   |  layer20_out_20_U                                                   |myproject_fifo_w10_d2_S_161                                                                |    38|
|373   |    U_myproject_fifo_w10_d2_S_ShiftReg                               |myproject_fifo_w10_d2_S_ShiftReg_434                                                       |    25|
|374   |  layer20_out_21_U                                                   |myproject_fifo_w10_d2_S_162                                                                |    38|
|375   |    U_myproject_fifo_w10_d2_S_ShiftReg                               |myproject_fifo_w10_d2_S_ShiftReg_433                                                       |    25|
|376   |  layer20_out_22_U                                                   |myproject_fifo_w10_d2_S_163                                                                |    39|
|377   |    U_myproject_fifo_w10_d2_S_ShiftReg                               |myproject_fifo_w10_d2_S_ShiftReg_432                                                       |    25|
|378   |  layer20_out_23_U                                                   |myproject_fifo_w10_d2_S_164                                                                |    40|
|379   |    U_myproject_fifo_w10_d2_S_ShiftReg                               |myproject_fifo_w10_d2_S_ShiftReg_431                                                       |    25|
|380   |  layer20_out_24_U                                                   |myproject_fifo_w10_d2_S_165                                                                |    39|
|381   |    U_myproject_fifo_w10_d2_S_ShiftReg                               |myproject_fifo_w10_d2_S_ShiftReg_430                                                       |    25|
|382   |  layer20_out_25_U                                                   |myproject_fifo_w10_d2_S_166                                                                |    43|
|383   |    U_myproject_fifo_w10_d2_S_ShiftReg                               |myproject_fifo_w10_d2_S_ShiftReg_429                                                       |    25|
|384   |  layer20_out_26_U                                                   |myproject_fifo_w10_d2_S_167                                                                |    40|
|385   |    U_myproject_fifo_w10_d2_S_ShiftReg                               |myproject_fifo_w10_d2_S_ShiftReg_428                                                       |    25|
|386   |  layer20_out_27_U                                                   |myproject_fifo_w10_d2_S_168                                                                |    39|
|387   |    U_myproject_fifo_w10_d2_S_ShiftReg                               |myproject_fifo_w10_d2_S_ShiftReg_427                                                       |    25|
|388   |  layer20_out_28_U                                                   |myproject_fifo_w10_d2_S_169                                                                |    39|
|389   |    U_myproject_fifo_w10_d2_S_ShiftReg                               |myproject_fifo_w10_d2_S_ShiftReg_426                                                       |    25|
|390   |  layer20_out_29_U                                                   |myproject_fifo_w10_d2_S_170                                                                |    38|
|391   |    U_myproject_fifo_w10_d2_S_ShiftReg                               |myproject_fifo_w10_d2_S_ShiftReg_425                                                       |    25|
|392   |  layer20_out_2_U                                                    |myproject_fifo_w10_d2_S_171                                                                |    39|
|393   |    U_myproject_fifo_w10_d2_S_ShiftReg                               |myproject_fifo_w10_d2_S_ShiftReg_424                                                       |    25|
|394   |  layer20_out_30_U                                                   |myproject_fifo_w10_d2_S_172                                                                |    41|
|395   |    U_myproject_fifo_w10_d2_S_ShiftReg                               |myproject_fifo_w10_d2_S_ShiftReg_423                                                       |    25|
|396   |  layer20_out_31_U                                                   |myproject_fifo_w10_d2_S_173                                                                |    38|
|397   |    U_myproject_fifo_w10_d2_S_ShiftReg                               |myproject_fifo_w10_d2_S_ShiftReg_422                                                       |    25|
|398   |  layer20_out_32_U                                                   |myproject_fifo_w10_d2_S_174                                                                |    40|
|399   |    U_myproject_fifo_w10_d2_S_ShiftReg                               |myproject_fifo_w10_d2_S_ShiftReg_421                                                       |    25|
|400   |  layer20_out_33_U                                                   |myproject_fifo_w10_d2_S_175                                                                |    38|
|401   |    U_myproject_fifo_w10_d2_S_ShiftReg                               |myproject_fifo_w10_d2_S_ShiftReg_420                                                       |    25|
|402   |  layer20_out_34_U                                                   |myproject_fifo_w10_d2_S_176                                                                |    39|
|403   |    U_myproject_fifo_w10_d2_S_ShiftReg                               |myproject_fifo_w10_d2_S_ShiftReg_419                                                       |    25|
|404   |  layer20_out_35_U                                                   |myproject_fifo_w10_d2_S_177                                                                |    40|
|405   |    U_myproject_fifo_w10_d2_S_ShiftReg                               |myproject_fifo_w10_d2_S_ShiftReg_418                                                       |    25|
|406   |  layer20_out_36_U                                                   |myproject_fifo_w10_d2_S_178                                                                |    38|
|407   |    U_myproject_fifo_w10_d2_S_ShiftReg                               |myproject_fifo_w10_d2_S_ShiftReg_417                                                       |    25|
|408   |  layer20_out_37_U                                                   |myproject_fifo_w10_d2_S_179                                                                |    38|
|409   |    U_myproject_fifo_w10_d2_S_ShiftReg                               |myproject_fifo_w10_d2_S_ShiftReg_416                                                       |    25|
|410   |  layer20_out_38_U                                                   |myproject_fifo_w10_d2_S_180                                                                |    39|
|411   |    U_myproject_fifo_w10_d2_S_ShiftReg                               |myproject_fifo_w10_d2_S_ShiftReg_415                                                       |    25|
|412   |  layer20_out_39_U                                                   |myproject_fifo_w10_d2_S_181                                                                |    39|
|413   |    U_myproject_fifo_w10_d2_S_ShiftReg                               |myproject_fifo_w10_d2_S_ShiftReg_414                                                       |    25|
|414   |  layer20_out_3_U                                                    |myproject_fifo_w10_d2_S_182                                                                |    39|
|415   |    U_myproject_fifo_w10_d2_S_ShiftReg                               |myproject_fifo_w10_d2_S_ShiftReg_413                                                       |    25|
|416   |  layer20_out_40_U                                                   |myproject_fifo_w10_d2_S_183                                                                |    38|
|417   |    U_myproject_fifo_w10_d2_S_ShiftReg                               |myproject_fifo_w10_d2_S_ShiftReg_412                                                       |    25|
|418   |  layer20_out_41_U                                                   |myproject_fifo_w10_d2_S_184                                                                |    39|
|419   |    U_myproject_fifo_w10_d2_S_ShiftReg                               |myproject_fifo_w10_d2_S_ShiftReg_411                                                       |    25|
|420   |  layer20_out_42_U                                                   |myproject_fifo_w10_d2_S_185                                                                |    41|
|421   |    U_myproject_fifo_w10_d2_S_ShiftReg                               |myproject_fifo_w10_d2_S_ShiftReg_410                                                       |    25|
|422   |  layer20_out_43_U                                                   |myproject_fifo_w10_d2_S_186                                                                |    41|
|423   |    U_myproject_fifo_w10_d2_S_ShiftReg                               |myproject_fifo_w10_d2_S_ShiftReg_409                                                       |    25|
|424   |  layer20_out_44_U                                                   |myproject_fifo_w10_d2_S_187                                                                |    39|
|425   |    U_myproject_fifo_w10_d2_S_ShiftReg                               |myproject_fifo_w10_d2_S_ShiftReg_408                                                       |    25|
|426   |  layer20_out_45_U                                                   |myproject_fifo_w10_d2_S_188                                                                |    39|
|427   |    U_myproject_fifo_w10_d2_S_ShiftReg                               |myproject_fifo_w10_d2_S_ShiftReg_407                                                       |    25|
|428   |  layer20_out_46_U                                                   |myproject_fifo_w10_d2_S_189                                                                |    39|
|429   |    U_myproject_fifo_w10_d2_S_ShiftReg                               |myproject_fifo_w10_d2_S_ShiftReg_406                                                       |    25|
|430   |  layer20_out_47_U                                                   |myproject_fifo_w10_d2_S_190                                                                |    39|
|431   |    U_myproject_fifo_w10_d2_S_ShiftReg                               |myproject_fifo_w10_d2_S_ShiftReg_405                                                       |    25|
|432   |  layer20_out_48_U                                                   |myproject_fifo_w10_d2_S_191                                                                |    39|
|433   |    U_myproject_fifo_w10_d2_S_ShiftReg                               |myproject_fifo_w10_d2_S_ShiftReg_404                                                       |    25|
|434   |  layer20_out_49_U                                                   |myproject_fifo_w10_d2_S_192                                                                |    39|
|435   |    U_myproject_fifo_w10_d2_S_ShiftReg                               |myproject_fifo_w10_d2_S_ShiftReg_403                                                       |    25|
|436   |  layer20_out_4_U                                                    |myproject_fifo_w10_d2_S_193                                                                |    38|
|437   |    U_myproject_fifo_w10_d2_S_ShiftReg                               |myproject_fifo_w10_d2_S_ShiftReg_402                                                       |    25|
|438   |  layer20_out_50_U                                                   |myproject_fifo_w10_d2_S_194                                                                |    39|
|439   |    U_myproject_fifo_w10_d2_S_ShiftReg                               |myproject_fifo_w10_d2_S_ShiftReg_401                                                       |    25|
|440   |  layer20_out_51_U                                                   |myproject_fifo_w10_d2_S_195                                                                |    38|
|441   |    U_myproject_fifo_w10_d2_S_ShiftReg                               |myproject_fifo_w10_d2_S_ShiftReg_400                                                       |    25|
|442   |  layer20_out_52_U                                                   |myproject_fifo_w10_d2_S_196                                                                |    38|
|443   |    U_myproject_fifo_w10_d2_S_ShiftReg                               |myproject_fifo_w10_d2_S_ShiftReg_399                                                       |    25|
|444   |  layer20_out_53_U                                                   |myproject_fifo_w10_d2_S_197                                                                |    39|
|445   |    U_myproject_fifo_w10_d2_S_ShiftReg                               |myproject_fifo_w10_d2_S_ShiftReg_398                                                       |    25|
|446   |  layer20_out_54_U                                                   |myproject_fifo_w10_d2_S_198                                                                |    38|
|447   |    U_myproject_fifo_w10_d2_S_ShiftReg                               |myproject_fifo_w10_d2_S_ShiftReg_397                                                       |    25|
|448   |  layer20_out_55_U                                                   |myproject_fifo_w10_d2_S_199                                                                |    38|
|449   |    U_myproject_fifo_w10_d2_S_ShiftReg                               |myproject_fifo_w10_d2_S_ShiftReg_396                                                       |    25|
|450   |  layer20_out_56_U                                                   |myproject_fifo_w10_d2_S_200                                                                |    39|
|451   |    U_myproject_fifo_w10_d2_S_ShiftReg                               |myproject_fifo_w10_d2_S_ShiftReg_395                                                       |    25|
|452   |  layer20_out_57_U                                                   |myproject_fifo_w10_d2_S_201                                                                |    39|
|453   |    U_myproject_fifo_w10_d2_S_ShiftReg                               |myproject_fifo_w10_d2_S_ShiftReg_394                                                       |    25|
|454   |  layer20_out_5_U                                                    |myproject_fifo_w10_d2_S_202                                                                |    39|
|455   |    U_myproject_fifo_w10_d2_S_ShiftReg                               |myproject_fifo_w10_d2_S_ShiftReg_393                                                       |    25|
|456   |  layer20_out_6_U                                                    |myproject_fifo_w10_d2_S_203                                                                |    39|
|457   |    U_myproject_fifo_w10_d2_S_ShiftReg                               |myproject_fifo_w10_d2_S_ShiftReg_392                                                       |    25|
|458   |  layer20_out_7_U                                                    |myproject_fifo_w10_d2_S_204                                                                |    39|
|459   |    U_myproject_fifo_w10_d2_S_ShiftReg                               |myproject_fifo_w10_d2_S_ShiftReg_391                                                       |    25|
|460   |  layer20_out_8_U                                                    |myproject_fifo_w10_d2_S_205                                                                |    38|
|461   |    U_myproject_fifo_w10_d2_S_ShiftReg                               |myproject_fifo_w10_d2_S_ShiftReg_390                                                       |    25|
|462   |  layer20_out_9_U                                                    |myproject_fifo_w10_d2_S_206                                                                |    39|
|463   |    U_myproject_fifo_w10_d2_S_ShiftReg                               |myproject_fifo_w10_d2_S_ShiftReg_389                                                       |    25|
|464   |  layer20_out_U                                                      |myproject_fifo_w10_d2_S_207                                                                |    39|
|465   |    U_myproject_fifo_w10_d2_S_ShiftReg                               |myproject_fifo_w10_d2_S_ShiftReg_388                                                       |    25|
|466   |  layer21_out_1_U                                                    |myproject_fifo_w16_d2_S_208                                                                |   109|
|467   |    U_myproject_fifo_w16_d2_S_ShiftReg                               |myproject_fifo_w16_d2_S_ShiftReg_387                                                       |    94|
|468   |  layer21_out_2_U                                                    |myproject_fifo_w16_d2_S_209                                                                |   110|
|469   |    U_myproject_fifo_w16_d2_S_ShiftReg                               |myproject_fifo_w16_d2_S_ShiftReg_386                                                       |    94|
|470   |  layer21_out_3_U                                                    |myproject_fifo_w16_d2_S_210                                                                |   111|
|471   |    U_myproject_fifo_w16_d2_S_ShiftReg                               |myproject_fifo_w16_d2_S_ShiftReg_385                                                       |    94|
|472   |  layer21_out_4_U                                                    |myproject_fifo_w16_d2_S_211                                                                |   118|
|473   |    U_myproject_fifo_w16_d2_S_ShiftReg                               |myproject_fifo_w16_d2_S_ShiftReg_384                                                       |    94|
|474   |  layer21_out_5_U                                                    |myproject_fifo_w16_d2_S_212                                                                |   108|
|475   |    U_myproject_fifo_w16_d2_S_ShiftReg                               |myproject_fifo_w16_d2_S_ShiftReg_383                                                       |    94|
|476   |  layer21_out_6_U                                                    |myproject_fifo_w16_d2_S_213                                                                |   108|
|477   |    U_myproject_fifo_w16_d2_S_ShiftReg                               |myproject_fifo_w16_d2_S_ShiftReg_382                                                       |    94|
|478   |  layer21_out_7_U                                                    |myproject_fifo_w16_d2_S_214                                                                |   108|
|479   |    U_myproject_fifo_w16_d2_S_ShiftReg                               |myproject_fifo_w16_d2_S_ShiftReg_381                                                       |    94|
|480   |  layer21_out_U                                                      |myproject_fifo_w16_d2_S_215                                                                |   110|
|481   |    U_myproject_fifo_w16_d2_S_ShiftReg                               |myproject_fifo_w16_d2_S_ShiftReg_380                                                       |    94|
|482   |  layer23_out_1_U                                                    |myproject_fifo_w8_d2_S_216                                                                 |    40|
|483   |    U_myproject_fifo_w8_d2_S_ShiftReg                                |myproject_fifo_w8_d2_S_ShiftReg_379                                                        |    25|
|484   |  layer23_out_2_U                                                    |myproject_fifo_w8_d2_S_217                                                                 |    40|
|485   |    U_myproject_fifo_w8_d2_S_ShiftReg                                |myproject_fifo_w8_d2_S_ShiftReg_378                                                        |    25|
|486   |  layer23_out_3_U                                                    |myproject_fifo_w8_d2_S_218                                                                 |    45|
|487   |    U_myproject_fifo_w8_d2_S_ShiftReg                                |myproject_fifo_w8_d2_S_ShiftReg_377                                                        |    25|
|488   |  layer23_out_4_U                                                    |myproject_fifo_w8_d2_S_219                                                                 |    40|
|489   |    U_myproject_fifo_w8_d2_S_ShiftReg                                |myproject_fifo_w8_d2_S_ShiftReg_376                                                        |    25|
|490   |  layer23_out_5_U                                                    |myproject_fifo_w8_d2_S_220                                                                 |    39|
|491   |    U_myproject_fifo_w8_d2_S_ShiftReg                                |myproject_fifo_w8_d2_S_ShiftReg_375                                                        |    25|
|492   |  layer23_out_6_U                                                    |myproject_fifo_w8_d2_S_221                                                                 |    39|
|493   |    U_myproject_fifo_w8_d2_S_ShiftReg                                |myproject_fifo_w8_d2_S_ShiftReg_374                                                        |    25|
|494   |  layer23_out_7_U                                                    |myproject_fifo_w8_d2_S_222                                                                 |    39|
|495   |    U_myproject_fifo_w8_d2_S_ShiftReg                                |myproject_fifo_w8_d2_S_ShiftReg_373                                                        |    25|
|496   |  layer23_out_U                                                      |myproject_fifo_w8_d2_S_223                                                                 |    41|
|497   |    U_myproject_fifo_w8_d2_S_ShiftReg                                |myproject_fifo_w8_d2_S_ShiftReg_372                                                        |    25|
|498   |  layer24_out_1_U                                                    |myproject_fifo_w16_d2_S_224                                                                |   111|
|499   |    U_myproject_fifo_w16_d2_S_ShiftReg                               |myproject_fifo_w16_d2_S_ShiftReg_371                                                       |    96|
|500   |  layer24_out_2_U                                                    |myproject_fifo_w16_d2_S_225                                                                |   109|
|501   |    U_myproject_fifo_w16_d2_S_ShiftReg                               |myproject_fifo_w16_d2_S_ShiftReg_370                                                       |    96|
|502   |  layer24_out_3_U                                                    |myproject_fifo_w16_d2_S_226                                                                |   111|
|503   |    U_myproject_fifo_w16_d2_S_ShiftReg                               |myproject_fifo_w16_d2_S_ShiftReg_369                                                       |    96|
|504   |  layer24_out_U                                                      |myproject_fifo_w16_d2_S_227                                                                |   109|
|505   |    U_myproject_fifo_w16_d2_S_ShiftReg                               |myproject_fifo_w16_d2_S_ShiftReg                                                           |    96|
|506   |  layer26_out_1_U                                                    |myproject_fifo_w8_d2_S_228                                                                 |    39|
|507   |    U_myproject_fifo_w8_d2_S_ShiftReg                                |myproject_fifo_w8_d2_S_ShiftReg_368                                                        |    24|
|508   |  layer26_out_2_U                                                    |myproject_fifo_w8_d2_S_229                                                                 |    39|
|509   |    U_myproject_fifo_w8_d2_S_ShiftReg                                |myproject_fifo_w8_d2_S_ShiftReg_367                                                        |    24|
|510   |  layer26_out_3_U                                                    |myproject_fifo_w8_d2_S_230                                                                 |    39|
|511   |    U_myproject_fifo_w8_d2_S_ShiftReg                                |myproject_fifo_w8_d2_S_ShiftReg_366                                                        |    24|
|512   |  layer27_out_U                                                      |myproject_fifo_w14_d2_S                                                                    |    97|
|513   |    U_myproject_fifo_w14_d2_S_ShiftReg                               |myproject_fifo_w14_d2_S_ShiftReg                                                           |    85|
|514   |  layer3_out_10_U                                                    |myproject_fifo_w10_d2_S_232                                                                |    68|
|515   |    U_myproject_fifo_w10_d2_S_ShiftReg                               |myproject_fifo_w10_d2_S_ShiftReg_365                                                       |    53|
|516   |  layer3_out_11_U                                                    |myproject_fifo_w10_d2_S_233                                                                |    68|
|517   |    U_myproject_fifo_w10_d2_S_ShiftReg                               |myproject_fifo_w10_d2_S_ShiftReg_364                                                       |    53|
|518   |  layer3_out_12_U                                                    |myproject_fifo_w10_d2_S_234                                                                |    67|
|519   |    U_myproject_fifo_w10_d2_S_ShiftReg                               |myproject_fifo_w10_d2_S_ShiftReg_363                                                       |    53|
|520   |  layer3_out_13_U                                                    |myproject_fifo_w10_d2_S_235                                                                |    67|
|521   |    U_myproject_fifo_w10_d2_S_ShiftReg                               |myproject_fifo_w10_d2_S_ShiftReg_362                                                       |    53|
|522   |  layer3_out_14_U                                                    |myproject_fifo_w10_d2_S_236                                                                |    68|
|523   |    U_myproject_fifo_w10_d2_S_ShiftReg                               |myproject_fifo_w10_d2_S_ShiftReg_361                                                       |    53|
|524   |  layer3_out_15_U                                                    |myproject_fifo_w10_d2_S_237                                                                |    68|
|525   |    U_myproject_fifo_w10_d2_S_ShiftReg                               |myproject_fifo_w10_d2_S_ShiftReg_360                                                       |    53|
|526   |  layer3_out_16_U                                                    |myproject_fifo_w10_d2_S_238                                                                |    68|
|527   |    U_myproject_fifo_w10_d2_S_ShiftReg                               |myproject_fifo_w10_d2_S_ShiftReg_359                                                       |    53|
|528   |  layer3_out_17_U                                                    |myproject_fifo_w10_d2_S_239                                                                |    67|
|529   |    U_myproject_fifo_w10_d2_S_ShiftReg                               |myproject_fifo_w10_d2_S_ShiftReg_358                                                       |    53|
|530   |  layer3_out_18_U                                                    |myproject_fifo_w10_d2_S_240                                                                |    68|
|531   |    U_myproject_fifo_w10_d2_S_ShiftReg                               |myproject_fifo_w10_d2_S_ShiftReg_357                                                       |    53|
|532   |  layer3_out_19_U                                                    |myproject_fifo_w10_d2_S_241                                                                |    67|
|533   |    U_myproject_fifo_w10_d2_S_ShiftReg                               |myproject_fifo_w10_d2_S_ShiftReg_356                                                       |    53|
|534   |  layer3_out_1_U                                                     |myproject_fifo_w10_d2_S_242                                                                |    67|
|535   |    U_myproject_fifo_w10_d2_S_ShiftReg                               |myproject_fifo_w10_d2_S_ShiftReg_355                                                       |    53|
|536   |  layer3_out_20_U                                                    |myproject_fifo_w10_d2_S_243                                                                |    67|
|537   |    U_myproject_fifo_w10_d2_S_ShiftReg                               |myproject_fifo_w10_d2_S_ShiftReg_354                                                       |    53|
|538   |  layer3_out_2_U                                                     |myproject_fifo_w10_d2_S_244                                                                |    69|
|539   |    U_myproject_fifo_w10_d2_S_ShiftReg                               |myproject_fifo_w10_d2_S_ShiftReg_353                                                       |    53|
|540   |  layer3_out_3_U                                                     |myproject_fifo_w10_d2_S_245                                                                |    67|
|541   |    U_myproject_fifo_w10_d2_S_ShiftReg                               |myproject_fifo_w10_d2_S_ShiftReg_352                                                       |    53|
|542   |  layer3_out_4_U                                                     |myproject_fifo_w10_d2_S_246                                                                |    67|
|543   |    U_myproject_fifo_w10_d2_S_ShiftReg                               |myproject_fifo_w10_d2_S_ShiftReg_351                                                       |    53|
|544   |  layer3_out_5_U                                                     |myproject_fifo_w10_d2_S_247                                                                |    67|
|545   |    U_myproject_fifo_w10_d2_S_ShiftReg                               |myproject_fifo_w10_d2_S_ShiftReg_350                                                       |    53|
|546   |  layer3_out_6_U                                                     |myproject_fifo_w10_d2_S_248                                                                |    67|
|547   |    U_myproject_fifo_w10_d2_S_ShiftReg                               |myproject_fifo_w10_d2_S_ShiftReg_349                                                       |    53|
|548   |  layer3_out_7_U                                                     |myproject_fifo_w10_d2_S_249                                                                |    67|
|549   |    U_myproject_fifo_w10_d2_S_ShiftReg                               |myproject_fifo_w10_d2_S_ShiftReg_348                                                       |    53|
|550   |  layer3_out_8_U                                                     |myproject_fifo_w10_d2_S_250                                                                |    68|
|551   |    U_myproject_fifo_w10_d2_S_ShiftReg                               |myproject_fifo_w10_d2_S_ShiftReg_347                                                       |    53|
|552   |  layer3_out_9_U                                                     |myproject_fifo_w10_d2_S_251                                                                |    68|
|553   |    U_myproject_fifo_w10_d2_S_ShiftReg                               |myproject_fifo_w10_d2_S_ShiftReg_346                                                       |    53|
|554   |  layer3_out_U                                                       |myproject_fifo_w10_d2_S_252                                                                |    70|
|555   |    U_myproject_fifo_w10_d2_S_ShiftReg                               |myproject_fifo_w10_d2_S_ShiftReg_345                                                       |    53|
|556   |  layer4_out_10_U                                                    |myproject_fifo_w10_d2_S_253                                                                |    67|
|557   |    U_myproject_fifo_w10_d2_S_ShiftReg                               |myproject_fifo_w10_d2_S_ShiftReg_344                                                       |    53|
|558   |  layer4_out_11_U                                                    |myproject_fifo_w10_d2_S_254                                                                |    67|
|559   |    U_myproject_fifo_w10_d2_S_ShiftReg                               |myproject_fifo_w10_d2_S_ShiftReg_343                                                       |    53|
|560   |  layer4_out_12_U                                                    |myproject_fifo_w10_d2_S_255                                                                |    68|
|561   |    U_myproject_fifo_w10_d2_S_ShiftReg                               |myproject_fifo_w10_d2_S_ShiftReg_342                                                       |    53|
|562   |  layer4_out_1_U                                                     |myproject_fifo_w10_d2_S_256                                                                |    68|
|563   |    U_myproject_fifo_w10_d2_S_ShiftReg                               |myproject_fifo_w10_d2_S_ShiftReg_341                                                       |    53|
|564   |  layer4_out_2_U                                                     |myproject_fifo_w10_d2_S_257                                                                |    70|
|565   |    U_myproject_fifo_w10_d2_S_ShiftReg                               |myproject_fifo_w10_d2_S_ShiftReg_340                                                       |    53|
|566   |  layer4_out_3_U                                                     |myproject_fifo_w10_d2_S_258                                                                |    67|
|567   |    U_myproject_fifo_w10_d2_S_ShiftReg                               |myproject_fifo_w10_d2_S_ShiftReg_339                                                       |    53|
|568   |  layer4_out_4_U                                                     |myproject_fifo_w10_d2_S_259                                                                |    67|
|569   |    U_myproject_fifo_w10_d2_S_ShiftReg                               |myproject_fifo_w10_d2_S_ShiftReg_338                                                       |    53|
|570   |  layer4_out_5_U                                                     |myproject_fifo_w10_d2_S_260                                                                |    67|
|571   |    U_myproject_fifo_w10_d2_S_ShiftReg                               |myproject_fifo_w10_d2_S_ShiftReg_337                                                       |    53|
|572   |  layer4_out_6_U                                                     |myproject_fifo_w10_d2_S_261                                                                |    67|
|573   |    U_myproject_fifo_w10_d2_S_ShiftReg                               |myproject_fifo_w10_d2_S_ShiftReg_336                                                       |    53|
|574   |  layer4_out_7_U                                                     |myproject_fifo_w10_d2_S_262                                                                |    67|
|575   |    U_myproject_fifo_w10_d2_S_ShiftReg                               |myproject_fifo_w10_d2_S_ShiftReg_335                                                       |    53|
|576   |  layer4_out_8_U                                                     |myproject_fifo_w10_d2_S_263                                                                |    70|
|577   |    U_myproject_fifo_w10_d2_S_ShiftReg                               |myproject_fifo_w10_d2_S_ShiftReg_334                                                       |    53|
|578   |  layer4_out_9_U                                                     |myproject_fifo_w10_d2_S_264                                                                |    68|
|579   |    U_myproject_fifo_w10_d2_S_ShiftReg                               |myproject_fifo_w10_d2_S_ShiftReg_333                                                       |    53|
|580   |  layer4_out_U                                                       |myproject_fifo_w10_d2_S_265                                                                |    67|
|581   |    U_myproject_fifo_w10_d2_S_ShiftReg                               |myproject_fifo_w10_d2_S_ShiftReg                                                           |    53|
|582   |  layer8_out_10_U                                                    |myproject_fifo_w11_d2_S_266                                                                |    54|
|583   |    U_myproject_fifo_w11_d2_S_ShiftReg                               |myproject_fifo_w11_d2_S_ShiftReg_332                                                       |    40|
|584   |  layer8_out_11_U                                                    |myproject_fifo_w11_d2_S_267                                                                |    54|
|585   |    U_myproject_fifo_w11_d2_S_ShiftReg                               |myproject_fifo_w11_d2_S_ShiftReg_331                                                       |    40|
|586   |  layer8_out_12_U                                                    |myproject_fifo_w11_d2_S_268                                                                |    61|
|587   |    U_myproject_fifo_w11_d2_S_ShiftReg                               |myproject_fifo_w11_d2_S_ShiftReg_330                                                       |    42|
|588   |  layer8_out_13_U                                                    |myproject_fifo_w11_d2_S_269                                                                |    54|
|589   |    U_myproject_fifo_w11_d2_S_ShiftReg                               |myproject_fifo_w11_d2_S_ShiftReg_329                                                       |    40|
|590   |  layer8_out_14_U                                                    |myproject_fifo_w11_d2_S_270                                                                |    56|
|591   |    U_myproject_fifo_w11_d2_S_ShiftReg                               |myproject_fifo_w11_d2_S_ShiftReg_328                                                       |    42|
|592   |  layer8_out_15_U                                                    |myproject_fifo_w11_d2_S_271                                                                |    56|
|593   |    U_myproject_fifo_w11_d2_S_ShiftReg                               |myproject_fifo_w11_d2_S_ShiftReg_327                                                       |    40|
|594   |  layer8_out_16_U                                                    |myproject_fifo_w11_d2_S_272                                                                |    55|
|595   |    U_myproject_fifo_w11_d2_S_ShiftReg                               |myproject_fifo_w11_d2_S_ShiftReg_326                                                       |    40|
|596   |  layer8_out_17_U                                                    |myproject_fifo_w11_d2_S_273                                                                |    56|
|597   |    U_myproject_fifo_w11_d2_S_ShiftReg                               |myproject_fifo_w11_d2_S_ShiftReg_325                                                       |    41|
|598   |  layer8_out_18_U                                                    |myproject_fifo_w11_d2_S_274                                                                |    54|
|599   |    U_myproject_fifo_w11_d2_S_ShiftReg                               |myproject_fifo_w11_d2_S_ShiftReg_324                                                       |    40|
|600   |  layer8_out_19_U                                                    |myproject_fifo_w11_d2_S_275                                                                |    54|
|601   |    U_myproject_fifo_w11_d2_S_ShiftReg                               |myproject_fifo_w11_d2_S_ShiftReg_323                                                       |    40|
|602   |  layer8_out_1_U                                                     |myproject_fifo_w11_d2_S_276                                                                |    54|
|603   |    U_myproject_fifo_w11_d2_S_ShiftReg                               |myproject_fifo_w11_d2_S_ShiftReg_322                                                       |    40|
|604   |  layer8_out_20_U                                                    |myproject_fifo_w11_d2_S_277                                                                |    55|
|605   |    U_myproject_fifo_w11_d2_S_ShiftReg                               |myproject_fifo_w11_d2_S_ShiftReg_321                                                       |    41|
|606   |  layer8_out_21_U                                                    |myproject_fifo_w11_d2_S_278                                                                |    55|
|607   |    U_myproject_fifo_w11_d2_S_ShiftReg                               |myproject_fifo_w11_d2_S_ShiftReg_320                                                       |    41|
|608   |  layer8_out_22_U                                                    |myproject_fifo_w11_d2_S_279                                                                |    54|
|609   |    U_myproject_fifo_w11_d2_S_ShiftReg                               |myproject_fifo_w11_d2_S_ShiftReg_319                                                       |    40|
|610   |  layer8_out_23_U                                                    |myproject_fifo_w11_d2_S_280                                                                |    54|
|611   |    U_myproject_fifo_w11_d2_S_ShiftReg                               |myproject_fifo_w11_d2_S_ShiftReg_318                                                       |    40|
|612   |  layer8_out_24_U                                                    |myproject_fifo_w11_d2_S_281                                                                |    54|
|613   |    U_myproject_fifo_w11_d2_S_ShiftReg                               |myproject_fifo_w11_d2_S_ShiftReg_317                                                       |    40|
|614   |  layer8_out_25_U                                                    |myproject_fifo_w11_d2_S_282                                                                |    54|
|615   |    U_myproject_fifo_w11_d2_S_ShiftReg                               |myproject_fifo_w11_d2_S_ShiftReg_316                                                       |    40|
|616   |  layer8_out_26_U                                                    |myproject_fifo_w11_d2_S_283                                                                |    54|
|617   |    U_myproject_fifo_w11_d2_S_ShiftReg                               |myproject_fifo_w11_d2_S_ShiftReg_315                                                       |    40|
|618   |  layer8_out_27_U                                                    |myproject_fifo_w11_d2_S_284                                                                |    54|
|619   |    U_myproject_fifo_w11_d2_S_ShiftReg                               |myproject_fifo_w11_d2_S_ShiftReg_314                                                       |    40|
|620   |  layer8_out_28_U                                                    |myproject_fifo_w11_d2_S_285                                                                |    54|
|621   |    U_myproject_fifo_w11_d2_S_ShiftReg                               |myproject_fifo_w11_d2_S_ShiftReg_313                                                       |    40|
|622   |  layer8_out_29_U                                                    |myproject_fifo_w11_d2_S_286                                                                |    54|
|623   |    U_myproject_fifo_w11_d2_S_ShiftReg                               |myproject_fifo_w11_d2_S_ShiftReg_312                                                       |    40|
|624   |  layer8_out_2_U                                                     |myproject_fifo_w11_d2_S_287                                                                |    54|
|625   |    U_myproject_fifo_w11_d2_S_ShiftReg                               |myproject_fifo_w11_d2_S_ShiftReg_311                                                       |    40|
|626   |  layer8_out_30_U                                                    |myproject_fifo_w11_d2_S_288                                                                |    54|
|627   |    U_myproject_fifo_w11_d2_S_ShiftReg                               |myproject_fifo_w11_d2_S_ShiftReg_310                                                       |    40|
|628   |  layer8_out_31_U                                                    |myproject_fifo_w11_d2_S_289                                                                |    54|
|629   |    U_myproject_fifo_w11_d2_S_ShiftReg                               |myproject_fifo_w11_d2_S_ShiftReg_309                                                       |    40|
|630   |  layer8_out_32_U                                                    |myproject_fifo_w11_d2_S_290                                                                |    55|
|631   |    U_myproject_fifo_w11_d2_S_ShiftReg                               |myproject_fifo_w11_d2_S_ShiftReg_308                                                       |    41|
|632   |  layer8_out_33_U                                                    |myproject_fifo_w11_d2_S_291                                                                |    55|
|633   |    U_myproject_fifo_w11_d2_S_ShiftReg                               |myproject_fifo_w11_d2_S_ShiftReg_307                                                       |    41|
|634   |  layer8_out_3_U                                                     |myproject_fifo_w11_d2_S_292                                                                |    54|
|635   |    U_myproject_fifo_w11_d2_S_ShiftReg                               |myproject_fifo_w11_d2_S_ShiftReg_306                                                       |    40|
|636   |  layer8_out_4_U                                                     |myproject_fifo_w11_d2_S_293                                                                |    54|
|637   |    U_myproject_fifo_w11_d2_S_ShiftReg                               |myproject_fifo_w11_d2_S_ShiftReg_305                                                       |    40|
|638   |  layer8_out_5_U                                                     |myproject_fifo_w11_d2_S_294                                                                |    54|
|639   |    U_myproject_fifo_w11_d2_S_ShiftReg                               |myproject_fifo_w11_d2_S_ShiftReg_304                                                       |    40|
|640   |  layer8_out_6_U                                                     |myproject_fifo_w11_d2_S_295                                                                |    54|
|641   |    U_myproject_fifo_w11_d2_S_ShiftReg                               |myproject_fifo_w11_d2_S_ShiftReg_303                                                       |    40|
|642   |  layer8_out_7_U                                                     |myproject_fifo_w11_d2_S_296                                                                |    55|
|643   |    U_myproject_fifo_w11_d2_S_ShiftReg                               |myproject_fifo_w11_d2_S_ShiftReg_302                                                       |    40|
|644   |  layer8_out_8_U                                                     |myproject_fifo_w11_d2_S_297                                                                |    54|
|645   |    U_myproject_fifo_w11_d2_S_ShiftReg                               |myproject_fifo_w11_d2_S_ShiftReg_301                                                       |    40|
|646   |  layer8_out_9_U                                                     |myproject_fifo_w11_d2_S_298                                                                |    54|
|647   |    U_myproject_fifo_w11_d2_S_ShiftReg                               |myproject_fifo_w11_d2_S_ShiftReg_300                                                       |    40|
|648   |  layer8_out_U                                                       |myproject_fifo_w11_d2_S_299                                                                |    54|
|649   |    U_myproject_fifo_w11_d2_S_ShiftReg                               |myproject_fifo_w11_d2_S_ShiftReg                                                           |    40|
|650   |  layer9_out_U                                                       |myproject_fifo_w10_d3_S                                                                    |    43|
|651   |    U_myproject_fifo_w10_d3_S_ShiftReg                               |myproject_fifo_w10_d3_S_ShiftReg                                                           |    26|
|652   |  linear_ap_fixed_16_6_5_3_0_ap_fixed_10_1_4_0_0_linear_config10_U0  |myproject_linear_ap_fixed_16_6_5_3_0_ap_fixed_10_1_4_0_0_linear_config10_s                 |    39|
|653   |  linear_ap_fixed_16_6_5_3_0_ap_fixed_10_1_4_0_0_linear_config11_U0  |myproject_linear_ap_fixed_16_6_5_3_0_ap_fixed_10_1_4_0_0_linear_config11_s                 |    39|
|654   |  linear_ap_fixed_16_6_5_3_0_ap_fixed_10_1_4_0_0_linear_config3_U0   |myproject_linear_ap_fixed_16_6_5_3_0_ap_fixed_10_1_4_0_0_linear_config3_s                  |   609|
|655   |  linear_ap_fixed_16_6_5_3_0_ap_fixed_10_1_4_0_0_linear_config4_U0   |myproject_linear_ap_fixed_16_6_5_3_0_ap_fixed_10_1_4_0_0_linear_config4_s                  |   378|
|656   |  linear_ap_fixed_16_6_5_3_0_ap_fixed_10_1_4_0_0_linear_config9_U0   |myproject_linear_ap_fixed_16_6_5_3_0_ap_fixed_10_1_4_0_0_linear_config9_s                  |    31|
|657   |  relu_ap_fixed_16_6_5_3_0_ap_ufixed_8_0_4_0_0_relu_config18_U0      |myproject_relu_ap_fixed_16_6_5_3_0_ap_ufixed_8_0_4_0_0_relu_config18_s                     |   433|
|658   |  relu_ap_fixed_16_6_5_3_0_ap_ufixed_8_0_4_0_0_relu_config19_U0      |myproject_relu_ap_fixed_16_6_5_3_0_ap_ufixed_8_0_4_0_0_relu_config19_s                     |   104|
|659   |  relu_ap_fixed_16_6_5_3_0_ap_ufixed_8_0_4_0_0_relu_config23_U0      |myproject_relu_ap_fixed_16_6_5_3_0_ap_ufixed_8_0_4_0_0_relu_config23_s                     |    66|
|660   |  relu_ap_fixed_16_6_5_3_0_ap_ufixed_8_0_4_0_0_relu_config26_U0      |myproject_relu_ap_fixed_16_6_5_3_0_ap_ufixed_8_0_4_0_0_relu_config26_s                     |    45|
+------+---------------------------------------------------------------------+-------------------------------------------------------------------------------------------+------+
---------------------------------------------------------------------------------
Finished Writing Synthesis Report : Time (s): cpu = 00:01:12 ; elapsed = 00:01:53 . Memory (MB): peak = 2563.957 ; gain = 885.738 ; free physical = 66333 ; free virtual = 184611
---------------------------------------------------------------------------------
Synthesis finished with 0 errors, 0 critical warnings and 261 warnings.
Synthesis Optimization Runtime : Time (s): cpu = 00:01:15 ; elapsed = 00:01:55 . Memory (MB): peak = 2563.957 ; gain = 885.738 ; free physical = 72613 ; free virtual = 191481
Synthesis Optimization Complete : Time (s): cpu = 00:01:15 ; elapsed = 00:01:55 . Memory (MB): peak = 2563.957 ; gain = 885.738 ; free physical = 72613 ; free virtual = 191473
INFO: [Project 1-571] Translating synthesized netlist
Netlist sorting complete. Time (s): cpu = 00:00:00.27 ; elapsed = 00:00:00.28 . Memory (MB): peak = 2565.980 ; gain = 0.000 ; free physical = 72147 ; free virtual = 191208
INFO: [Netlist 29-17] Analyzing 1461 Unisim elements for replacement
INFO: [Netlist 29-28] Unisim Transformation completed in 0 CPU seconds
INFO: [Project 1-570] Preparing netlist for logic optimization
INFO: [Opt 31-138] Pushed 0 inverter(s) to 0 load pin(s).
Netlist sorting complete. Time (s): cpu = 00:00:00 ; elapsed = 00:00:00.01 . Memory (MB): peak = 2704.754 ; gain = 0.000 ; free physical = 72114 ; free virtual = 191695
INFO: [Project 1-111] Unisim Transformation Summary:
No Unisim elements were transformed.

Synth Design complete | Checksum: 7da9f9a
INFO: [Common 17-83] Releasing license: Synthesis
521 Infos, 163 Warnings, 0 Critical Warnings and 0 Errors encountered.
synth_design completed successfully
synth_design: Time (s): cpu = 00:01:24 ; elapsed = 00:02:04 . Memory (MB): peak = 2704.754 ; gain = 1030.617 ; free physical = 72070 ; free virtual = 191657
INFO: [Common 17-2834] synth_design peak Physical Memory [PSS] (MB): overall = 7547.933; main = 1451.605; forked = 6203.364
INFO: [Common 17-2834] synth_design peak Virtual Memory [VSS] (MB): overall = 16682.176; main = 2704.758; forked = 14122.129
# report_utilization -file vivado_synth.rpt
INFO: [Common 17-206] Exiting Vivado at Tue Aug 11 05:40:37 2026...
***** VIVADO SYNTHESIS COMPLETED IN 0h2m26s *****
INFO: [HLS 200-112] Total CPU user time: 169.48 seconds. Total CPU system time: 10 seconds. Total elapsed time: 232.67 seconds; peak allocated memory: 995.766 MB.
