{
  "timestamp": "2026-02-25T10:47:41.103265",
  "metric_name": "weighted_bkg_rej",
  "bkg_rej_weights": {
    "0.95": 0.3,
    "0.98": 0.6,
    "0.99": 0.1
  },
  "total_models": 40,
  "primary_pareto_models": 14,
  "secondary_pareto_models": 10,
  "primary_metric_range": {
    "min": 0.0,
    "max": 0.8533063635896365,
    "mean": 0.7667536153667068
  },
  "parameters_range": {
    "min": 19,
    "max": 595,
    "mean": 182.5
  },
  "auc_range": {
    "min": 0.4762094396683238,
    "max": 0.9508112229972804,
    "mean": 0.9029829795466074
  }
}