{
    "input_bits": 8,
    "input_int_bits": 4,
    "spatial_units": 8,
    "nmodule_xlocal_units": 10,
    "dense2_ratio": 0.30000000000000004,
    "dense3_ratio": 0.5,
    "dropout_rate": 0.05,
    "learning_rate": 0.0018977027841734885
}