{
    "input_bits": 12,
    "input_int_bits": 3,
    "spatial_units": 16,
    "nmodule_xlocal_units": 10,
    "dense2_ratio": 0.30000000000000004,
    "dense3_ratio": 0.30000000000000004,
    "dropout_rate": 0.0,
    "learning_rate": 0.0004884141846074612
}