{
    "spatial_units": 64,
    "nmodule_xlocal_units": 8,
    "dense2_ratio": 0.30000000000000004,
    "dense3_ratio": 0.6000000000000001,
    "learning_rate": 0.0003502910397706451
}