{
    "loss": [
        0.3267711400985718,
        0.21536707878112793,
        0.20122191309928894,
        0.19120414555072784,
        0.1840442270040512,
        0.17617277801036835,
        0.1707843542098999,
        0.16544000804424286,
        0.16172601282596588,
        0.15962664783000946,
        0.1575274020433426,
        0.1569691300392151,
        0.15471677482128143,
        0.1535506546497345,
        0.152574360370636,
        0.1523175686597824,
        0.15143294632434845,
        0.15013468265533447,
        0.14986315369606018,
        0.1493125557899475,
        0.14887160062789917,
        0.14845551550388336,
        0.14800092577934265,
        0.14777767658233643,
        0.1470780223608017,
        0.14650923013687134,
        0.14663271605968475,
        0.14614365994930267,
        0.14561551809310913,
        0.14583615958690643,
        0.14573638141155243,
        0.14464910328388214,
        0.144437775015831,
        0.1447187215089798,
        0.14426186680793762,
        0.14427387714385986,
        0.14389602839946747,
        0.14309415221214294,
        0.14328084886074066,
        0.14344140887260437
    ],
    "binary_accuracy": [
        0.8755486011505127,
        0.9376494884490967,
        0.9417153596878052,
        0.9439526796340942,
        0.9453792572021484,
        0.9467858076095581,
        0.9474159479141235,
        0.9479770660400391,
        0.9487372636795044,
        0.9489107728004456,
        0.9493236541748047,
        0.9496555328369141,
        0.9500288367271423,
        0.9500601291656494,
        0.9503840804100037,
        0.9503482580184937,
        0.950846791267395,
        0.9510440230369568,
        0.9511861801147461,
        0.9513973593711853,
        0.9514784216880798,
        0.9515594840049744,
        0.9516450762748718,
        0.9517883658409119,
        0.9518992304801941,
        0.9521183371543884,
        0.9520919322967529,
        0.9523517489433289,
        0.9524173736572266,
        0.9524158835411072,
        0.9524551033973694,
        0.9527956247329712,
        0.9527627825737,
        0.9528027772903442,
        0.9530629515647888,
        0.9529860615730286,
        0.953226625919342,
        0.9533956050872803,
        0.9532647132873535,
        0.9533095955848694
    ],
    "val_loss": [
        0.22529666125774384,
        0.2058895081281662,
        0.19281770288944244,
        0.1861705332994461,
        0.1785915493965149,
        0.1738007366657257,
        0.1648133546113968,
        0.1606842279434204,
        0.15684561431407928,
        0.15666143596172333,
        0.15219223499298096,
        0.1539815217256546,
        0.15309461951255798,
        0.15097996592521667,
        0.1503208726644516,
        0.15081992745399475,
        0.15016478300094604,
        0.15020214021205902,
        0.14823253452777863,
        0.14720694720745087,
        0.1494542807340622,
        0.1474946290254593,
        0.1480945497751236,
        0.14607171714305878,
        0.14479409158229828,
        0.14641301333904266,
        0.1499946117401123,
        0.14792275428771973,
        0.1452661007642746,
        0.14491912722587585,
        0.14275328814983368,
        0.1434118151664734,
        0.1431838423013687,
        0.14256520569324493,
        0.14310243725776672,
        0.14422982931137085,
        0.14336450397968292,
        0.1415494680404663,
        0.14133748412132263,
        0.14234299957752228
    ],
    "val_binary_accuracy": [
        0.9358546137809753,
        0.9416748881340027,
        0.9429417848587036,
        0.9464097023010254,
        0.9467755556106567,
        0.9472215175628662,
        0.948697030544281,
        0.9481361508369446,
        0.948996365070343,
        0.9499790072441101,
        0.950536847114563,
        0.9507378935813904,
        0.950765073299408,
        0.9506880044937134,
        0.9507197737693787,
        0.9512065052986145,
        0.9516661167144775,
        0.9509631395339966,
        0.9516010880470276,
        0.951524019241333,
        0.9515814781188965,
        0.952361524105072,
        0.9520954489707947,
        0.9514967799186707,
        0.9526426792144775,
        0.9524734020233154,
        0.9525867700576782,
        0.9527561068534851,
        0.953138530254364,
        0.9529450535774231,
        0.953492283821106,
        0.953264057636261,
        0.9533199667930603,
        0.9532474279403687,
        0.9536631107330322,
        0.9529178142547607,
        0.9538823366165161,
        0.9538732767105103,
        0.9538460373878479,
        0.9540002346038818
    ]
}