{
    "loss": [
        0.5415521264076233,
        0.39285242557525635,
        0.3314492404460907,
        0.2956664562225342,
        0.2738417088985443,
        0.26038119196891785,
        0.25118035078048706,
        0.2451852411031723,
        0.24071665108203888,
        0.23740257322788239,
        0.23478832840919495,
        0.23239843547344208,
        0.2301098257303238,
        0.2283766120672226,
        0.22659195959568024,
        0.22463417053222656,
        0.22284512221813202,
        0.22184769809246063,
        0.22005878388881683,
        0.2188858985900879,
        0.21756704151630402,
        0.21662217378616333,
        0.21569691598415375,
        0.2152634710073471,
        0.21385923027992249,
        0.21287083625793457,
        0.2114998698234558,
        0.21106839179992676,
        0.20999376475811005,
        0.20956186950206757,
        0.20806103944778442,
        0.20683106780052185,
        0.20608438551425934,
        0.20499570667743683,
        0.204205721616745,
        0.2035234421491623,
        0.2032124251127243,
        0.2024472951889038,
        0.2014145702123642,
        0.20067425072193146
    ],
    "binary_accuracy": [
        0.729881227016449,
        0.8480781316757202,
        0.8812295794487,
        0.8994234204292297,
        0.9106485247612,
        0.9172526001930237,
        0.9214282035827637,
        0.9243609309196472,
        0.9265243411064148,
        0.9280527234077454,
        0.9294596314430237,
        0.9305845499038696,
        0.9314432144165039,
        0.9326567053794861,
        0.9335142374038696,
        0.9343355298042297,
        0.9350282549858093,
        0.935580313205719,
        0.936160683631897,
        0.9368175864219666,
        0.937294602394104,
        0.937774658203125,
        0.93820720911026,
        0.9386325478553772,
        0.9388328194618225,
        0.9390579462051392,
        0.9394041299819946,
        0.9398558735847473,
        0.9399897456169128,
        0.9403479695320129,
        0.9404991865158081,
        0.9407314658164978,
        0.9409109950065613,
        0.9410591721534729,
        0.9411515593528748,
        0.9414461255073547,
        0.9416229724884033,
        0.9417930245399475,
        0.9418152570724487,
        0.9420249462127686
    ],
    "val_loss": [
        0.4216197431087494,
        0.34184107184410095,
        0.2965696156024933,
        0.2708917260169983,
        0.25588110089302063,
        0.24562230706214905,
        0.23976178467273712,
        0.23547397553920746,
        0.23235797882080078,
        0.23010669648647308,
        0.22794091701507568,
        0.2255687564611435,
        0.22381477057933807,
        0.22254736721515656,
        0.22014620900154114,
        0.21879152953624725,
        0.21760930120944977,
        0.21642503142356873,
        0.21546784043312073,
        0.21395106613636017,
        0.21357543766498566,
        0.21250306069850922,
        0.2114628404378891,
        0.21045953035354614,
        0.20975004136562347,
        0.20797334611415863,
        0.20792905986309052,
        0.2073541134595871,
        0.2064623385667801,
        0.20604842901229858,
        0.2047346830368042,
        0.203458771109581,
        0.20354479551315308,
        0.20131972432136536,
        0.2008148431777954,
        0.20002691447734833,
        0.20018628239631653,
        0.1998845934867859,
        0.19867339730262756,
        0.19776330888271332
    ],
    "val_binary_accuracy": [
        0.8333091735839844,
        0.8745967149734497,
        0.8961800932884216,
        0.9092825055122375,
        0.9186659455299377,
        0.9225043058395386,
        0.9256260991096497,
        0.9275475144386292,
        0.9287766218185425,
        0.9312452673912048,
        0.9315990209579468,
        0.9325605034828186,
        0.9338213205337524,
        0.9346920847892761,
        0.935200035572052,
        0.9363489747047424,
        0.936590850353241,
        0.9376899003982544,
        0.9382008910179138,
        0.938615083694458,
        0.9392122626304626,
        0.9394541382789612,
        0.9399227499961853,
        0.9391396641731262,
        0.9403188824653625,
        0.9401208162307739,
        0.9410777688026428,
        0.9409583210945129,
        0.9407361149787903,
        0.9413695335388184,
        0.9419092535972595,
        0.9420619010925293,
        0.9424988031387329,
        0.9422372579574585,
        0.9423128962516785,
        0.9424413442611694,
        0.9428087472915649,
        0.9432153701782227,
        0.9433091282844543,
        0.9431911706924438
    ]
}