{
    "loss": [
        0.6555461883544922,
        0.5573861002922058,
        0.48477810621261597,
        0.4435107409954071,
        0.41958796977996826,
        0.4031728506088257,
        0.387552946805954,
        0.368866503238678,
        0.3536350429058075,
        0.3412829339504242,
        0.3309254050254822,
        0.32323089241981506,
        0.31594035029411316,
        0.30929526686668396,
        0.3041151762008667,
        0.2992970049381256,
        0.29524198174476624,
        0.29176023602485657,
        0.2893248498439789,
        0.286512553691864,
        0.28415733575820923,
        0.28257471323013306,
        0.28095686435699463,
        0.27958229184150696,
        0.27816933393478394,
        0.2770369052886963,
        0.2757708728313446,
        0.2748187482357025,
        0.27395281195640564,
        0.27295154333114624,
        0.2711728811264038,
        0.27023565769195557,
        0.269345760345459,
        0.26848533749580383,
        0.2684521973133087,
        0.26642248034477234,
        0.26607954502105713,
        0.2650494873523712,
        0.2642832398414612,
        0.2636643052101135
    ],
    "binary_accuracy": [
        0.6229754686355591,
        0.7379794120788574,
        0.7815040946006775,
        0.8071852326393127,
        0.8219203352928162,
        0.8317806720733643,
        0.8414626717567444,
        0.8537142276763916,
        0.8640682101249695,
        0.8723858594894409,
        0.878163754940033,
        0.882712721824646,
        0.8865123391151428,
        0.8898560404777527,
        0.892851710319519,
        0.8952945470809937,
        0.8972765803337097,
        0.8989263772964478,
        0.900352954864502,
        0.9012892842292786,
        0.9023119807243347,
        0.9031461477279663,
        0.903662383556366,
        0.9042653441429138,
        0.9049256443977356,
        0.9058846235275269,
        0.9063703417778015,
        0.9069706797599792,
        0.9073002338409424,
        0.9079209566116333,
        0.9086875915527344,
        0.9093738794326782,
        0.9100545644760132,
        0.9103822708129883,
        0.9106963872909546,
        0.9116165041923523,
        0.911889910697937,
        0.912519633769989,
        0.9128439426422119,
        0.9131218791007996
    ],
    "val_loss": [
        0.5973882079124451,
        0.5055303573608398,
        0.4470280408859253,
        0.41581591963768005,
        0.3962300717830658,
        0.3809054493904114,
        0.3627973198890686,
        0.34365975856781006,
        0.32807573676109314,
        0.3163526654243469,
        0.30620524287223816,
        0.2980676591396332,
        0.2922884225845337,
        0.28491443395614624,
        0.2788569927215576,
        0.2750226855278015,
        0.27087846398353577,
        0.26723799109458923,
        0.26555973291397095,
        0.26307958364486694,
        0.26076602935791016,
        0.25837409496307373,
        0.25740450620651245,
        0.25547364354133606,
        0.25434428453445435,
        0.25326061248779297,
        0.25223588943481445,
        0.250141441822052,
        0.24967999756336212,
        0.25084835290908813,
        0.24918381869792938,
        0.24773456156253815,
        0.24730108678340912,
        0.2702314853668213,
        0.2459193915128708,
        0.24565041065216064,
        0.24501606822013855,
        0.24508771300315857,
        0.24408024549484253,
        0.24355687201023102
    ],
    "val_binary_accuracy": [
        0.7199530601501465,
        0.7782978415489197,
        0.802505612373352,
        0.8218303918838501,
        0.8330990076065063,
        0.8423736691474915,
        0.8536377549171448,
        0.8666237592697144,
        0.8761749863624573,
        0.8842916488647461,
        0.8908934593200684,
        0.8948104381561279,
        0.8996374607086182,
        0.9033095240592957,
        0.9036481976509094,
        0.9077238440513611,
        0.9102137088775635,
        0.9114654660224915,
        0.9130135178565979,
        0.9141911864280701,
        0.9148427248001099,
        0.9155910611152649,
        0.9166114926338196,
        0.9173582792282104,
        0.9182078838348389,
        0.9181429147720337,
        0.9188791513442993,
        0.9191830158233643,
        0.9189773797988892,
        0.9205843806266785,
        0.9208398461341858,
        0.9207053184509277,
        0.921464204788208,
        0.9180400967597961,
        0.9214188456535339,
        0.9219388961791992,
        0.9220704436302185,
        0.9227567911148071,
        0.9227416515350342,
        0.9225753545761108
    ]
}