{
    "loss": [
        0.4574837386608124,
        0.29407280683517456,
        0.2493537962436676,
        0.23335766792297363,
        0.22500382363796234,
        0.2187032401561737,
        0.21437063813209534,
        0.2108696848154068,
        0.2072751820087433,
        0.20471881330013275,
        0.2019878774881363,
        0.19973838329315186,
        0.19740238785743713,
        0.19482742249965668,
        0.1927361935377121,
        0.19072552025318146,
        0.1882173866033554,
        0.1866840124130249,
        0.18425707519054413,
        0.18212801218032837,
        0.18031007051467896,
        0.1789366900920868,
        0.17785587906837463,
        0.17645932734012604,
        0.175138458609581,
        0.17336255311965942,
        0.1726079285144806,
        0.17137962579727173,
        0.16963927447795868,
        0.16849930584430695,
        0.1678408682346344,
        0.16768741607666016,
        0.16636022925376892,
        0.16540320217609406,
        0.16446036100387573,
        0.16349582374095917,
        0.1628921926021576,
        0.16268587112426758,
        0.1616780012845993,
        0.16121283173561096
    ],
    "binary_accuracy": [
        0.80433589220047,
        0.9032129049301147,
        0.9239879846572876,
        0.9308617115020752,
        0.9339980483055115,
        0.936119556427002,
        0.9377641081809998,
        0.9389176368713379,
        0.9398890733718872,
        0.9406964182853699,
        0.9413737058639526,
        0.9420815110206604,
        0.9425977468490601,
        0.9429789781570435,
        0.9436200857162476,
        0.9440096020698547,
        0.9443350434303284,
        0.9447728395462036,
        0.9450405836105347,
        0.9455081820487976,
        0.9457408785820007,
        0.9460010528564453,
        0.946355938911438,
        0.9465810656547546,
        0.9468065500259399,
        0.9470067620277405,
        0.9471994638442993,
        0.9475686550140381,
        0.9476199746131897,
        0.9478620290756226,
        0.9480521082878113,
        0.9481818079948425,
        0.948425829410553,
        0.9486652612686157,
        0.9486652612686157,
        0.9487237334251404,
        0.9490042924880981,
        0.949051022529602,
        0.9490676522254944,
        0.9492248892784119
    ],
    "val_loss": [
        0.3273106813430786,
        0.2531057596206665,
        0.23040007054805756,
        0.2216540426015854,
        0.21567116677761078,
        0.2126735895872116,
        0.2092774659395218,
        0.20517747104167938,
        0.20243112742900848,
        0.19974927604198456,
        0.1975480169057846,
        0.19563575088977814,
        0.19353218376636505,
        0.19077818095684052,
        0.1893187314271927,
        0.18758758902549744,
        0.1854533702135086,
        0.1839846521615982,
        0.18133677542209625,
        0.17893512547016144,
        0.17756417393684387,
        0.17643935978412628,
        0.17539876699447632,
        0.17421653866767883,
        0.17377756536006927,
        0.1703530102968216,
        0.17186124622821808,
        0.17000548541545868,
        0.16779930889606476,
        0.16719266772270203,
        0.16484588384628296,
        0.16658584773540497,
        0.1627984344959259,
        0.1637122929096222,
        0.16184817254543304,
        0.16300536692142487,
        0.16083192825317383,
        0.1598724126815796,
        0.16058188676834106,
        0.1601102501153946
    ],
    "val_binary_accuracy": [
        0.8914573788642883,
        0.9195064902305603,
        0.9305574297904968,
        0.9335431456565857,
        0.9360239505767822,
        0.9387012720108032,
        0.9397081136703491,
        0.9400029182434082,
        0.9414496421813965,
        0.9416128993034363,
        0.9422417879104614,
        0.9433756470680237,
        0.9435676336288452,
        0.9441723227500916,
        0.9446167945861816,
        0.9449947476387024,
        0.9456477761268616,
        0.9458156228065491,
        0.946058988571167,
        0.9463386535644531,
        0.9463598132133484,
        0.9465759992599487,
        0.9472336173057556,
        0.9473711848258972,
        0.9476826190948486,
        0.9473016858100891,
        0.9485942125320435,
        0.9482117295265198,
        0.948447585105896,
        0.9486138820648193,
        0.9484400153160095,
        0.9490235447883606,
        0.9489948153495789,
        0.9493289589881897,
        0.94952392578125,
        0.9497567415237427,
        0.9494226574897766,
        0.9496569633483887,
        0.949972927570343,
        0.9499170184135437
    ]
}