{
    "loss": [
        0.6668717265129089,
        0.556797981262207,
        0.5044573545455933,
        0.472385048866272,
        0.4508989453315735,
        0.4340064227581024,
        0.42249876260757446,
        0.4090717136859894,
        0.3986164331436157,
        0.38875526189804077,
        0.3789260983467102,
        0.3712098002433777,
        0.36261963844299316,
        0.3555499315261841,
        0.35031619668006897,
        0.34309664368629456,
        0.3381302058696747,
        0.33189716935157776,
        0.32858848571777344,
        0.32326576113700867,
        0.31865668296813965,
        0.316585898399353,
        0.3120768368244171,
        0.3089803457260132,
        0.3072994351387024,
        0.30312579870224,
        0.29993119835853577,
        0.29766353964805603,
        0.2936214506626129,
        0.29113414883613586,
        0.28628620505332947,
        0.28344616293907166,
        0.2814742922782898,
        0.2781519889831543,
        0.27604636549949646,
        0.272963285446167,
        0.2715280055999756,
        0.27067092061042786,
        0.2689239978790283,
        0.26833730936050415
    ],
    "binary_accuracy": [
        0.6120859980583191,
        0.7292612791061401,
        0.7609873414039612,
        0.7821579575538635,
        0.7976737022399902,
        0.8098000288009644,
        0.8188066482543945,
        0.8289916515350342,
        0.835874080657959,
        0.8427474498748779,
        0.8502611517906189,
        0.8559376001358032,
        0.8616370558738708,
        0.8670269250869751,
        0.8703676462173462,
        0.8748185038566589,
        0.8775932192802429,
        0.8814407587051392,
        0.8832911849021912,
        0.8865330815315247,
        0.8889691233634949,
        0.8899812698364258,
        0.8923660516738892,
        0.8940478563308716,
        0.8947115540504456,
        0.8969862461090088,
        0.8981273174285889,
        0.8990266919136047,
        0.9011490345001221,
        0.901475191116333,
        0.9033629894256592,
        0.904225766658783,
        0.9044463634490967,
        0.9063405394554138,
        0.9069457650184631,
        0.908881425857544,
        0.9099501371383667,
        0.9103109836578369,
        0.9115448594093323,
        0.9121293425559998
    ],
    "val_loss": [
        0.5872123837471008,
        0.5086531639099121,
        0.47020435333251953,
        0.44199204444885254,
        0.4237021505832672,
        0.41052183508872986,
        0.40034952759742737,
        0.38934239745140076,
        0.37919923663139343,
        0.3707941174507141,
        0.3628690242767334,
        0.3545611500740051,
        0.34619659185409546,
        0.3385107219219208,
        0.33230677247047424,
        0.32573235034942627,
        0.32051190733909607,
        0.3160589933395386,
        0.31285256147384644,
        0.30711519718170166,
        0.302257776260376,
        0.29799357056617737,
        0.2954047620296478,
        0.29174908995628357,
        0.2894013226032257,
        0.28479212522506714,
        0.28162911534309387,
        0.2776344418525696,
        0.2747174799442291,
        0.2723725438117981,
        0.2675456702709198,
        0.2646452486515045,
        0.2619019150733948,
        0.258407324552536,
        0.25749680399894714,
        0.2544906735420227,
        0.25279825925827026,
        0.25264880061149597,
        0.2521178424358368,
        0.25173038244247437
    ],
    "val_binary_accuracy": [
        0.7401078343391418,
        0.7641401886940002,
        0.7899942994117737,
        0.8057634234428406,
        0.8154114484786987,
        0.8244260549545288,
        0.8352320790290833,
        0.8416842818260193,
        0.8467954993247986,
        0.8533550500869751,
        0.8602017760276794,
        0.8671241402626038,
        0.8714311122894287,
        0.8758333325386047,
        0.8796203136444092,
        0.8843823671340942,
        0.8877565860748291,
        0.8910083770751953,
        0.8934286832809448,
        0.8944899439811707,
        0.8977205753326416,
        0.8990222215652466,
        0.9014031887054443,
        0.9032974243164062,
        0.9037691354751587,
        0.9048379063606262,
        0.9077722430229187,
        0.9080579876899719,
        0.9093505144119263,
        0.9094336628913879,
        0.911008894443512,
        0.9129197597503662,
        0.9139296412467957,
        0.9155774712562561,
        0.9163665771484375,
        0.9175699353218079,
        0.9185238480567932,
        0.9197317361831665,
        0.9186704754829407,
        0.9183772206306458
    ]
}