{
    "loss": [
        0.6328625679016113,
        0.4966079592704773,
        0.43010491132736206,
        0.3907817304134369,
        0.360356867313385,
        0.33515235781669617,
        0.31456878781318665,
        0.3093240559101105,
        0.2888542413711548,
        0.2783324718475342,
        0.2710425853729248,
        0.2643651068210602,
        0.25922271609306335,
        0.2548777461051941,
        0.2515903413295746,
        0.24862727522850037,
        0.24590903520584106,
        0.24317078292369843,
        0.2412956804037094,
        0.23956502974033356,
        0.23819461464881897,
        0.2364266812801361,
        0.23491549491882324,
        0.2337028831243515,
        0.2327365279197693,
        0.2318248450756073,
        0.23107083141803741,
        0.22980797290802002,
        0.22940115630626678,
        0.22853362560272217,
        0.22803500294685364,
        0.2270602285861969,
        0.22625887393951416,
        0.22506456077098846,
        0.22474300861358643,
        0.2240493893623352,
        0.22389152646064758,
        0.22358687222003937,
        0.22292108833789825,
        0.22254829108715057
    ],
    "binary_accuracy": [
        0.6175196170806885,
        0.7733263373374939,
        0.822729229927063,
        0.8471519947052002,
        0.864984929561615,
        0.8797976970672607,
        0.8912392854690552,
        0.8941964507102966,
        0.9050953388214111,
        0.910693347454071,
        0.9146212339401245,
        0.9177488684654236,
        0.9197101593017578,
        0.921658992767334,
        0.9228321313858032,
        0.9241742491722107,
        0.9253277778625488,
        0.9261302351951599,
        0.9269723296165466,
        0.927614152431488,
        0.9281782507896423,
        0.9288687705993652,
        0.9294004440307617,
        0.9301425814628601,
        0.9306324124336243,
        0.9308319091796875,
        0.9313779473304749,
        0.931908905506134,
        0.9321253895759583,
        0.9325469732284546,
        0.9328275322914124,
        0.9333792328834534,
        0.9335311651229858,
        0.9338374137878418,
        0.9342148900032043,
        0.9344977140426636,
        0.9346685409545898,
        0.9349498152732849,
        0.9352409243583679,
        0.9354559183120728
    ],
    "val_loss": [
        0.5387770533561707,
        0.44053971767425537,
        0.4192773401737213,
        0.36302006244659424,
        0.3328763544559479,
        0.3141670525074005,
        0.294668048620224,
        0.28392964601516724,
        0.27282536029815674,
        0.26550841331481934,
        0.25865867733955383,
        0.2539290487766266,
        0.24953405559062958,
        0.24571043252944946,
        0.24195145070552826,
        0.24015092849731445,
        0.23962348699569702,
        0.23661960661411285,
        0.23500598967075348,
        0.2336120754480362,
        0.23259644210338593,
        0.23279273509979248,
        0.22911730408668518,
        0.22802689671516418,
        0.2287529706954956,
        0.2268599420785904,
        0.2259267419576645,
        0.22478429973125458,
        0.2248069792985916,
        0.2251306027173996,
        0.22326263785362244,
        0.22259177267551422,
        0.2208479642868042,
        0.2209661453962326,
        0.22076533734798431,
        0.22158309817314148,
        0.21882103383541107,
        0.2186480462551117,
        0.21779386699199677,
        0.22031429409980774
    ],
    "val_binary_accuracy": [
        0.7345158457756042,
        0.8187418580055237,
        0.8231365084648132,
        0.8653221130371094,
        0.880516767501831,
        0.8922056555747986,
        0.9005944132804871,
        0.9038537740707397,
        0.9117541909217834,
        0.9163212180137634,
        0.9176288843154907,
        0.921335756778717,
        0.9226192235946655,
        0.9236593246459961,
        0.92485511302948,
        0.9263547658920288,
        0.9264258146286011,
        0.9268612265586853,
        0.9275384545326233,
        0.9273162484169006,
        0.9298348426818848,
        0.9318394064903259,
        0.9305770993232727,
        0.9316882491111755,
        0.9320042133331299,
        0.9316655397415161,
        0.932299017906189,
        0.9330850839614868,
        0.9334691166877747,
        0.9341765642166138,
        0.9325136542320251,
        0.935050368309021,
        0.9345182776451111,
        0.9356853365898132,
        0.9348372220993042,
        0.9364442229270935,
        0.9347102642059326,
        0.9361191987991333,
        0.9353028535842896,
        0.9375810623168945
    ]
}