{
    "loss": [
        0.29307791590690613,
        0.21475490927696228,
        0.20159882307052612,
        0.2042306810617447,
        0.19300395250320435,
        0.19285839796066284,
        0.17955556511878967,
        0.17450571060180664,
        0.17382998764514923,
        0.1707446575164795,
        0.16685403883457184,
        0.16773399710655212,
        0.16664095222949982,
        0.1649797558784485,
        0.16397546231746674,
        0.16304172575473785,
        0.16323885321617126,
        0.164169043302536,
        0.16053707897663116,
        0.16049447655677795,
        0.1585618406534195,
        0.16110233962535858,
        0.15826597809791565,
        0.1591378003358841,
        0.16004222631454468,
        0.15907007455825806,
        0.15850330889225006,
        0.16206757724285126,
        0.1568002998828888,
        0.15696696937084198,
        0.15766188502311707,
        0.15755964815616608,
        0.15457557141780853,
        0.1546240895986557,
        0.15410321950912476,
        0.15427762269973755,
        0.15426449477672577,
        0.15504597127437592,
        0.1539241224527359
    ],
    "binary_accuracy": [
        0.8950340151786804,
        0.9393807053565979,
        0.9424228072166443,
        0.9399406909942627,
        0.9416549801826477,
        0.9421988129615784,
        0.945419192314148,
        0.946465253829956,
        0.946304976940155,
        0.9471338391304016,
        0.9478737115859985,
        0.9475467801094055,
        0.9472952485084534,
        0.947921633720398,
        0.9483798146247864,
        0.9484409093856812,
        0.948604166507721,
        0.9481033682823181,
        0.9493693113327026,
        0.9492022395133972,
        0.9496781229972839,
        0.9489401578903198,
        0.9501641988754272,
        0.9499821066856384,
        0.9498602747917175,
        0.949958324432373,
        0.950110673904419,
        0.9491596221923828,
        0.9506027698516846,
        0.9503248929977417,
        0.9500239491462708,
        0.950115978717804,
        0.951178252696991,
        0.9511122703552246,
        0.9511303305625916,
        0.95137619972229,
        0.9512031078338623,
        0.9509297609329224,
        0.9514022469520569
    ],
    "val_loss": [
        0.21503804624080658,
        0.20654697716236115,
        0.19988583028316498,
        0.18516556918621063,
        0.2099476009607315,
        0.1781069040298462,
        0.1693083494901657,
        0.1687258780002594,
        0.16535580158233643,
        0.16263490915298462,
        0.16391395032405853,
        0.16374947130680084,
        0.1659439355134964,
        0.16343925893306732,
        0.16132928431034088,
        0.1727086454629898,
        0.15676221251487732,
        0.15672136843204498,
        0.15857727825641632,
        0.15572358667850494,
        0.156513050198555,
        0.1544588804244995,
        0.15245550870895386,
        0.15115436911582947,
        0.16940943896770477,
        0.15535393357276917,
        0.20250046253204346,
        0.1541328728199005,
        0.14805810153484344,
        0.15277263522148132,
        0.15049457550048828,
        0.15487626194953918,
        0.15282559394836426,
        0.14890700578689575,
        0.15231460332870483,
        0.15387395024299622,
        0.1513938307762146,
        0.14987146854400635,
        0.14969784021377563
    ],
    "val_binary_accuracy": [
        0.9398532509803772,
        0.941541850566864,
        0.9381676316261292,
        0.9451851844787598,
        0.9337548017501831,
        0.9466531276702881,
        0.9475072622299194,
        0.9479804635047913,
        0.9480665922164917,
        0.9485594630241394,
        0.9487302899360657,
        0.9483508467674255,
        0.946707546710968,
        0.9490870237350464,
        0.9503554105758667,
        0.9463673830032349,
        0.9495284557342529,
        0.9500500559806824,
        0.9500001668930054,
        0.9502995014190674,
        0.9513275027275085,
        0.9505202174186707,
        0.9501679539680481,
        0.9517613649368286,
        0.9507439136505127,
        0.9515587687492371,
        0.9349037408828735,
        0.9519760012626648,
        0.9532353281974792,
        0.9515194892883301,
        0.9524340629577637,
        0.9509707093238831,
        0.9528982043266296,
        0.9531975388526917,
        0.9521438479423523,
        0.9516041278839111,
        0.9510477781295776,
        0.9530750513076782,
        0.9519442915916443
    ]
}