{
    "loss": [
        0.33552074432373047,
        0.2331521064043045,
        0.22377710044384003,
        0.2181117683649063,
        0.21263977885246277,
        0.20738182961940765,
        0.20497088134288788,
        0.1981302946805954,
        0.1949653923511505,
        0.20093072950839996,
        0.19197021424770355,
        0.19030113518238068,
        0.18730700016021729,
        0.18496327102184296,
        0.1828390508890152,
        0.18260152637958527,
        0.18142738938331604,
        0.1805623471736908,
        0.17965339124202728,
        0.17918135225772858,
        0.17802292108535767,
        0.17895594239234924,
        0.17575712502002716,
        0.17461657524108887,
        0.17643116414546967,
        0.1765855997800827,
        0.17586524784564972,
        0.17744621634483337,
        0.17671437561511993,
        0.17531125247478485,
        0.17440852522850037,
        0.17368414998054504,
        0.17362353205680847
    ],
    "binary_accuracy": [
        0.874919593334198,
        0.9329553842544556,
        0.9369062185287476,
        0.9389938116073608,
        0.9403992891311646,
        0.9410113096237183,
        0.9415957927703857,
        0.9423254728317261,
        0.9429303407669067,
        0.9398215413093567,
        0.9424363374710083,
        0.9427391886711121,
        0.9436181783676147,
        0.9439606070518494,
        0.9444089531898499,
        0.9441996812820435,
        0.945116400718689,
        0.9450971484184265,
        0.9453818798065186,
        0.9451016783714294,
        0.9456718564033508,
        0.9452008605003357,
        0.9458860754966736,
        0.9459354281425476,
        0.9456156492233276,
        0.9456454515457153,
        0.945768415927887,
        0.9453859925270081,
        0.9456300139427185,
        0.9458928108215332,
        0.946441113948822,
        0.9464139938354492,
        0.946605920791626
    ],
    "val_loss": [
        0.23200881481170654,
        0.22057892382144928,
        0.2318461686372757,
        0.209181010723114,
        0.201649472117424,
        0.19832468032836914,
        0.20508024096488953,
        0.19718337059020996,
        0.19762177765369415,
        0.18683992326259613,
        0.18477582931518555,
        0.1855122596025467,
        0.17695219814777374,
        0.17950788140296936,
        0.179651141166687,
        0.1762726604938507,
        0.17532694339752197,
        0.1724725365638733,
        0.1734279841184616,
        0.17245039343833923,
        0.17128987610340118,
        0.1735059767961502,
        0.16741937398910522,
        0.17250069975852966,
        0.16885969042778015,
        0.17153969407081604,
        0.1749032884836197,
        0.1734011173248291,
        0.17482861876487732,
        0.16747751832008362,
        0.17555151879787445,
        0.17086417973041534,
        0.17067354917526245
    ],
    "val_binary_accuracy": [
        0.9306027889251709,
        0.9383248686790466,
        0.9340389966964722,
        0.9413740634918213,
        0.9432728290557861,
        0.9436023831367493,
        0.9421495795249939,
        0.9454180002212524,
        0.9398608207702637,
        0.943845808506012,
        0.9439485669136047,
        0.9458655118942261,
        0.9446560740470886,
        0.9453575611114502,
        0.9451126456260681,
        0.9464883208274841,
        0.9468874335289001,
        0.9450264573097229,
        0.9470884799957275,
        0.9472079277038574,
        0.9471399188041687,
        0.9450068473815918,
        0.9472336173057556,
        0.9467332363128662,
        0.946208655834198,
        0.9461209774017334,
        0.9453439116477966,
        0.9445412158966064,
        0.9443204998970032,
        0.9472623467445374,
        0.9440000057220459,
        0.9471414089202881,
        0.9477325081825256
    ]
}