{
  "loss": [
    0.4906854033470154,
    0.3523215651512146,
    0.3066771626472473,
    0.2799835801124573,
    0.2723773121833801,
    0.26522722840309143,
    0.2608904540538788,
    0.25848501920700073,
    0.25505757331848145,
    0.2510342001914978,
    0.24608440697193146,
    0.24570435285568237,
    0.24148812890052795,
    0.23946918547153473,
    0.23727282881736755,
    0.23399218916893005,
    0.2359219193458557,
    0.23394134640693665,
    0.23147201538085938,
    0.22991932928562164,
    0.22842168807983398,
    0.22741541266441345,
    0.22638346254825592,
    0.22375516593456268,
    0.2243291139602661,
    0.2230994999408722,
    0.2220623940229416,
    0.22077111899852753,
    0.21806320548057556,
    0.2179669737815857
  ],
  "binary_accuracy": [
    0.7687289118766785,
    0.8712825179100037,
    0.8933050632476807,
    0.9095154404640198,
    0.9129335284233093,
    0.9155718088150024,
    0.9173779487609863,
    0.9185395836830139,
    0.9195200204849243,
    0.92022305727005,
    0.9216292500495911,
    0.9218901991844177,
    0.922476589679718,
    0.9234216213226318,
    0.9243013858795166,
    0.9252609610557556,
    0.9251051545143127,
    0.9252829551696777,
    0.9259334802627563,
    0.9263405799865723,
    0.9267390370368958,
    0.9272964000701904,
    0.9278593063354492,
    0.9283189177513123,
    0.928152322769165,
    0.9285396337509155,
    0.9287293553352356,
    0.9293705821037292,
    0.9298555850982666,
    0.9298577904701233
  ],
  "val_loss": [
    0.385507196187973,
    0.30792856216430664,
    0.2836606502532959,
    0.26372024416923523,
    0.26021525263786316,
    0.2541850209236145,
    0.25419825315475464,
    0.24824853241443634,
    0.25263726711273193,
    0.2437361478805542,
    0.2429777979850769,
    0.23549020290374756,
    0.23774388432502747,
    0.23248253762722015,
    0.22797660529613495,
    0.23348870873451233,
    0.22782689332962036,
    0.22642575204372406,
    0.22262196242809296,
    0.23499391973018646,
    0.2247123271226883,
    0.22551555931568146,
    0.22190552949905396,
    0.22249209880828857,
    0.21974650025367737,
    0.22177249193191528,
    0.2178858369588852,
    0.21099726855754852,
    0.20977500081062317,
    0.22022396326065063
  ],
  "val_binary_accuracy": [
    0.8487728834152222,
    0.8899274468421936,
    0.9015074968338013,
    0.9173386693000793,
    0.9166749715805054,
    0.9193311333656311,
    0.9199675917625427,
    0.9216849207878113,
    0.9215368032455444,
    0.9201202988624573,
    0.9219359159469604,
    0.9236275553703308,
    0.9253010749816895,
    0.9248460531234741,
    0.9259874224662781,
    0.9252904653549194,
    0.9278740882873535,
    0.9286072850227356,
    0.9270894527435303,
    0.9278846383094788,
    0.9294901490211487,
    0.9293087124824524,
    0.9315794110298157,
    0.9305120706558228,
    0.9293344616889954,
    0.9311485290527344,
    0.9303337335586548,
    0.9334373474121094,
    0.931286096572876,
    0.9321463108062744
  ]
}