{
  "auc": 0.9656463038987795,
  "bkg_rej_95": 0.9078674854342219,
  "bkg_rej_98": 0.882866049265135,
  "bkg_rej_99": 0.8550557687132831,
  "weighted_bkg_rej": 0.8798041367716732,
  "final_val_loss": 0.22022396326065063,
  "final_val_binary_accuracy": 0.9321463108062744,
  "epochs_trained": 30
}