{
    "loss": [
        0.49928006529808044,
        0.31794074177742004,
        0.27373945713043213,
        0.26517900824546814,
        0.2624789774417877,
        0.26065197587013245,
        0.2592398226261139,
        0.2587170898914337,
        0.25765976309776306,
        0.25740447640419006,
        0.25598686933517456,
        0.25540295243263245,
        0.25478097796440125,
        0.2540026009082794,
        0.2535586953163147,
        0.252769410610199,
        0.2526967227458954,
        0.2509597837924957,
        0.2508028745651245,
        0.2501825988292694,
        0.24775567650794983,
        0.24712121486663818,
        0.2465212196111679,
        0.2446174919605255,
        0.24480675160884857,
        0.2437315434217453,
        0.2435699999332428,
        0.24325506389141083,
        0.2421049326658249,
        0.24268366396427155,
        0.24175237119197845,
        0.24008037149906158,
        0.23844635486602783,
        0.23788751661777496,
        0.23737117648124695,
        0.23684999346733093,
        0.23698313534259796,
        0.23556044697761536,
        0.23415014147758484,
        0.2334786206483841
    ],
    "binary_accuracy": [
        0.7539125680923462,
        0.8861031532287598,
        0.9116738438606262,
        0.917726993560791,
        0.9196845293045044,
        0.9208874702453613,
        0.921914279460907,
        0.9220952987670898,
        0.9225636720657349,
        0.922762393951416,
        0.9231677651405334,
        0.9234068393707275,
        0.9233860969543457,
        0.9234946966171265,
        0.9238635301589966,
        0.9236716032028198,
        0.9236278533935547,
        0.9241259694099426,
        0.9243021011352539,
        0.9245471954345703,
        0.9244747757911682,
        0.9248918890953064,
        0.9245709776878357,
        0.9255480170249939,
        0.9254424571990967,
        0.9258598685264587,
        0.9259899854660034,
        0.9260838627815247,
        0.9260148406028748,
        0.9261114001274109,
        0.9264379739761353,
        0.9267736077308655,
        0.9271801114082336,
        0.92731773853302,
        0.927186131477356,
        0.9273049235343933,
        0.9275926351547241,
        0.9278196692466736,
        0.9278392791748047,
        0.9279587864875793
    ],
    "val_loss": [
        0.3528722822666168,
        0.27416759729385376,
        0.2593516409397125,
        0.25600671768188477,
        0.2565370202064514,
        0.2554725706577301,
        0.25514957308769226,
        0.25456854701042175,
        0.25424596667289734,
        0.2526059150695801,
        0.25200819969177246,
        0.25221920013427734,
        0.2509313225746155,
        0.2536390721797943,
        0.2517169713973999,
        0.24755167961120605,
        0.25205108523368835,
        0.2462823987007141,
        0.24758201837539673,
        0.2474130243062973,
        0.2432219237089157,
        0.24751101434230804,
        0.2429468333721161,
        0.24515673518180847,
        0.2402619868516922,
        0.2409946769475937,
        0.23896057903766632,
        0.23844781517982483,
        0.23755276203155518,
        0.24717091023921967,
        0.24113798141479492,
        0.2372979372739792,
        0.2354375272989273,
        0.23373623192310333,
        0.23742714524269104,
        0.2306542992591858,
        0.23157855868339539,
        0.23124708235263824,
        0.23480379581451416,
        0.2286747843027115
    ],
    "val_binary_accuracy": [
        0.8707901239395142,
        0.9072310328483582,
        0.9181504845619202,
        0.9210031628608704,
        0.9215987920761108,
        0.9233508706092834,
        0.9229533076286316,
        0.9238542914390564,
        0.9228686690330505,
        0.9232768416404724,
        0.9243637919425964,
        0.9243743419647217,
        0.9254961013793945,
        0.9241324663162231,
        0.9242005348205566,
        0.925128698348999,
        0.9259496331214905,
        0.9258437752723694,
        0.9255520105361938,
        0.9265089631080627,
        0.9254809617996216,
        0.925189197063446,
        0.9257001876831055,
        0.9267327189445496,
        0.9274356961250305,
        0.927432656288147,
        0.9266676902770996,
        0.9266616702079773,
        0.9267810583114624,
        0.9262549877166748,
        0.9253857135772705,
        0.9279874563217163,
        0.9275369644165039,
        0.927183210849762,
        0.9282913208007812,
        0.9284228682518005,
        0.9289504289627075,
        0.9291666150093079,
        0.928469717502594,
        0.9294553995132446
    ]
}