{
    "loss": [
        0.4948684573173523,
        0.35733893513679504,
        0.3187306523323059,
        0.2935127913951874,
        0.27634385228157043,
        0.2650543749332428,
        0.2582707405090332,
        0.2522490918636322,
        0.24779632687568665,
        0.24589304625988007,
        0.24357129633426666,
        0.24115987122058868,
        0.2402205765247345,
        0.23922675848007202,
        0.23809340596199036,
        0.23726876080036163,
        0.23680856823921204,
        0.2376360148191452,
        0.23534506559371948,
        0.23352521657943726,
        0.23188628256320953,
        0.23173999786376953,
        0.23069505393505096,
        0.22945979237556458,
        0.22886763513088226,
        0.2273290455341339,
        0.22788245975971222,
        0.22627674043178558,
        0.22551749646663666,
        0.22394579648971558,
        0.2225848287343979,
        0.22172889113426208,
        0.22018766403198242,
        0.2193804383277893,
        0.22009322047233582,
        0.21843823790550232,
        0.21646519005298615,
        0.21471022069454193,
        0.21336226165294647,
        0.21241173148155212
    ],
    "binary_accuracy": [
        0.7663040161132812,
        0.8736132979393005,
        0.8864961266517639,
        0.8947983384132385,
        0.9053981304168701,
        0.9137874841690063,
        0.9174339771270752,
        0.9191532135009766,
        0.9205409288406372,
        0.92085200548172,
        0.9212860465049744,
        0.9217714071273804,
        0.9219165444374084,
        0.9220432639122009,
        0.9222140908241272,
        0.9224988222122192,
        0.9224709272384644,
        0.921984076499939,
        0.9226745367050171,
        0.9230022430419922,
        0.923610508441925,
        0.9234403967857361,
        0.9237198233604431,
        0.9242885112762451,
        0.9239879846572876,
        0.9244691133499146,
        0.9243597984313965,
        0.9246339201927185,
        0.9246018528938293,
        0.9251705408096313,
        0.9257248640060425,
        0.9256894588470459,
        0.9261656999588013,
        0.9263305068016052,
        0.9262396097183228,
        0.926629900932312,
        0.9275587201118469,
        0.9284030199050903,
        0.928645133972168,
        0.9287741184234619
    ],
    "val_loss": [
        0.3779856860637665,
        0.3263879716396332,
        0.29536160826683044,
        0.2806483209133148,
        0.2605096995830536,
        0.25634434819221497,
        0.2484472095966339,
        0.24442307651042938,
        0.24096356332302094,
        0.2447385936975479,
        0.23784714937210083,
        0.23567746579647064,
        0.23570668697357178,
        0.233562171459198,
        0.23409487307071686,
        0.23280227184295654,
        0.23208610713481903,
        0.23623618483543396,
        0.23452745378017426,
        0.22889220714569092,
        0.22534090280532837,
        0.22397063672542572,
        0.22462934255599976,
        0.22149808704853058,
        0.23416361212730408,
        0.2188454121351242,
        0.22349371016025543,
        0.22123445570468903,
        0.22384324669837952,
        0.21893535554409027,
        0.2157631665468216,
        0.22828103601932526,
        0.21183711290359497,
        0.21571601927280426,
        0.21159200370311737,
        0.211115300655365,
        0.2089933156967163,
        0.20790590345859528,
        0.20718491077423096,
        0.20706631243228912
    ],
    "val_binary_accuracy": [
        0.8669260740280151,
        0.8863642811775208,
        0.8936811685562134,
        0.8988619446754456,
        0.9112175107002258,
        0.9180552363395691,
        0.9216365814208984,
        0.9213916659355164,
        0.9226449131965637,
        0.9236411452293396,
        0.922800600528717,
        0.9226917624473572,
        0.9217212200164795,
        0.9243395924568176,
        0.9223334789276123,
        0.9245285391807556,
        0.9231392741203308,
        0.9230968952178955,
        0.9226449131965637,
        0.9245436787605286,
        0.9258044958114624,
        0.9253146648406982,
        0.926141619682312,
        0.9255988597869873,
        0.9211543202400208,
        0.9263245463371277,
        0.9244363307952881,
        0.9247417449951172,
        0.9238074421882629,
        0.9263229966163635,
        0.926245927810669,
        0.9246373772621155,
        0.9284424781799316,
        0.926768958568573,
        0.9280796647071838,
        0.9276745319366455,
        0.9289141893386841,
        0.9291545152664185,
        0.9301719665527344,
        0.9288052916526794
    ]
}