{
    "loss": [
        0.5193170309066772,
        0.4058007001876831,
        0.34354284405708313,
        0.30902722477912903,
        0.289012610912323,
        0.2773177921772003,
        0.27101051807403564,
        0.2664562463760376,
        0.2622869610786438,
        0.26122909784317017,
        0.26072123646736145,
        0.2586555778980255,
        0.25858259201049805,
        0.25731441378593445,
        0.2568136155605316,
        0.2561863660812378,
        0.25604134798049927,
        0.25532758235931396,
        0.25502264499664307,
        0.25516554713249207,
        0.2547038793563843,
        0.25453364849090576,
        0.2547179162502289,
        0.25480881333351135,
        0.25420626997947693,
        0.2540538012981415,
        0.25446999073028564,
        0.2538217604160309,
        0.2525407075881958,
        0.25365498661994934,
        0.25330477952957153,
        0.253582239151001,
        0.25266993045806885,
        0.2520749270915985,
        0.25145530700683594,
        0.2511930763721466,
        0.2511807382106781,
        0.24960069358348846,
        0.25016480684280396,
        0.25111737847328186
    ],
    "binary_accuracy": [
        0.7396163940429688,
        0.8388441205024719,
        0.8728531002998352,
        0.8906777501106262,
        0.9021532535552979,
        0.9093207120895386,
        0.9132711887359619,
        0.9157174229621887,
        0.9178605079650879,
        0.9186882376670837,
        0.9187553524971008,
        0.9199820756912231,
        0.9205114841461182,
        0.9206774234771729,
        0.9212343692779541,
        0.921255886554718,
        0.9217389225959778,
        0.9215813279151917,
        0.9221126437187195,
        0.9222129583358765,
        0.9222171306610107,
        0.9224482774734497,
        0.9223954677581787,
        0.9219082593917847,
        0.9220719337463379,
        0.9222887754440308,
        0.9222167134284973,
        0.9221194386482239,
        0.9223687052726746,
        0.9221635460853577,
        0.9224678874015808,
        0.9222487807273865,
        0.9226304292678833,
        0.9228808283805847,
        0.9233831167221069,
        0.9232503771781921,
        0.9234291315078735,
        0.9235976934432983,
        0.9233269095420837,
        0.9227589964866638
    ],
    "val_loss": [
        0.4382409155368805,
        0.3561097979545593,
        0.31184062361717224,
        0.2861020565032959,
        0.27295157313346863,
        0.26485779881477356,
        0.2632623016834259,
        0.2583324909210205,
        0.25739580392837524,
        0.2550223469734192,
        0.2596557140350342,
        0.2531755566596985,
        0.2538195848464966,
        0.25286951661109924,
        0.25421738624572754,
        0.2560918927192688,
        0.25548842549324036,
        0.2530704140663147,
        0.25518494844436646,
        0.2508583962917328,
        0.25047537684440613,
        0.2531186640262604,
        0.25033819675445557,
        0.25554484128952026,
        0.24923263490200043,
        0.24878624081611633,
        0.2520209550857544,
        0.2489769458770752,
        0.2505413591861725,
        0.2534213066101074,
        0.2483491599559784,
        0.2469228357076645,
        0.2514379918575287,
        0.25028228759765625,
        0.24649927020072937,
        0.24689972400665283,
        0.24921168386936188,
        0.24487367272377014,
        0.2513497769832611,
        0.24331049621105194
    ],
    "val_binary_accuracy": [
        0.8247571587562561,
        0.864617645740509,
        0.8863959908485413,
        0.8973758816719055,
        0.9086520671844482,
        0.9115667343139648,
        0.9149923920631409,
        0.9186115264892578,
        0.9187037348747253,
        0.9193114638328552,
        0.9216184020042419,
        0.9215428233146667,
        0.9218935370445251,
        0.9216123819351196,
        0.9214354753494263,
        0.9225466251373291,
        0.9220568537712097,
        0.9227718710899353,
        0.9231921434402466,
        0.9235020875930786,
        0.9226434230804443,
        0.9241581559181213,
        0.9227809906005859,
        0.9221067428588867,
        0.9237484931945801,
        0.9238014221191406,
        0.9230697154998779,
        0.9249775409698486,
        0.9237484931945801,
        0.9237061738967896,
        0.9248747229576111,
        0.9242821335792542,
        0.9227930903434753,
        0.9255082011222839,
        0.9245179891586304,
        0.9254084229469299,
        0.9233267307281494,
        0.9249095320701599,
        0.9224498867988586,
        0.9251982569694519
    ]
}