
****** Vitis HLS - High-Level Synthesis from C, C++ and OpenCL v2024.1 (64-bit)
  **** SW Build 5069499 on May 21 2024
  **** IP Build 5075265 on Wed May 22 21:45:21 MDT 2024
  **** SharedData Build 5076995 on Wed May 22 18:29:18 MDT 2024
  **** Start of session at: Tue Aug 11 05:36:58 2026
    ** Copyright 1986-2022 Xilinx, Inc. All Rights Reserved.
    ** Copyright 2022-2024 Advanced Micro Devices, Inc. All Rights Reserved.

source /code/Xilinx_2024.1/Vitis_HLS/2024.1/scripts/vitis_hls/hls.tcl -notrace
INFO: [HLS 200-10] For user 'dabadjiev' on host 'kdplab01' (Linux_x86_64 version 5.14.0-687.17.1.el9_8.x86_64) on Tue Aug 11 05:37:00 CDT 2026
INFO: [HLS 200-10] In directory '/home/dabadjiev/smartpixels_ml_dsabadjiev/Muon_Collider_Smart_Pixels/eric/Results_June2026_99SigEff/model2.5_fin_results/model2_5_8bit_normalised_selected/pareto_primary/hls_outputs_vsynth/hls_model_trial_043'
WARNING: [HLS 200-2053] The vitis_hls executable is deprecated. Consider using vitis-run --mode hls --tcl
Sourcing Tcl script 'build_prj.tcl'
INFO: hls4ml requested max HLS threads: 4
INFO: [HLS 200-1510] Running: open_project -reset myproject_prj 
INFO: [HLS 200-10] Creating and opening project '/home/dabadjiev/smartpixels_ml_dsabadjiev/Muon_Collider_Smart_Pixels/eric/Results_June2026_99SigEff/model2.5_fin_results/model2_5_8bit_normalised_selected/pareto_primary/hls_outputs_vsynth/hls_model_trial_043/myproject_prj'.
INFO: [HLS 200-1510] Running: set_top myproject 
INFO: [HLS 200-1510] Running: add_files firmware/myproject.cpp -cflags -std=c++0x 
INFO: [HLS 200-10] Adding design file 'firmware/myproject.cpp' to the project
INFO: [HLS 200-1510] Running: add_files -tb myproject_test.cpp -cflags -std=c++0x 
INFO: [HLS 200-10] Adding test bench file 'myproject_test.cpp' to the project
INFO: [HLS 200-1510] Running: add_files -tb firmware/weights 
INFO: [HLS 200-10] Adding test bench file 'firmware/weights' to the project
INFO: [HLS 200-1510] Running: add_files -tb tb_data 
INFO: [HLS 200-10] Adding test bench file 'tb_data' to the project
INFO: [HLS 200-1510] Running: open_solution -reset solution1 
INFO: [HLS 200-10] Creating and opening solution '/home/dabadjiev/smartpixels_ml_dsabadjiev/Muon_Collider_Smart_Pixels/eric/Results_June2026_99SigEff/model2.5_fin_results/model2_5_8bit_normalised_selected/pareto_primary/hls_outputs_vsynth/hls_model_trial_043/myproject_prj/solution1'.
INFO: [HLS 200-10] Cleaning up the solution database.
INFO: [HLS 200-1505] Using default flow_target 'vivado'
Resolution: For help on HLS 200-1505 see docs.xilinx.com/access/sources/dita/topic?Doc_Version=2024.1%20English&url=ug1448-hls-guidance&resourceid=200-1505.html
INFO: [HLS 200-1510] Running: config_compile -name_max_length 80 
INFO: [XFORM 203-1161] The maximum of name length is set to 80.
INFO: [HLS 200-1510] Running: set_part xc7z020clg400-1 
INFO: [HLS 200-1611] Setting target device to 'xc7z020-clg400-1'
INFO: [XFORM 203-1161] The maximum of name length is set to 80.
INFO: [HLS 200-1510] Running: config_schedule -enable_dsp_full_reg=false 
INFO: [HLS 200-1510] Running: create_clock -period 20 -name default 
INFO: [SYN 201-201] Setting up clock 'default' with a period of 20ns.
INFO: [HLS 200-1510] Running: set_clock_uncertainty 12.5% default 
INFO: [SYN 201-201] Setting up clock 'default' with an uncertainty of 2.5ns.
***** C/RTL SYNTHESIS *****
INFO: [HLS 200-1510] Running: config_op mul -impl fabric 
INFO: [HLS 200-1445] Configure operator 'mul' with implementation style 'fabric'.
INFO: [HLS 200-1510] Running: config_op add -impl fabric 
INFO: [HLS 200-1445] Configure operator 'add' with implementation style 'fabric'.
INFO: [HLS 200-1510] Running: csynth_design 
INFO: [HLS 200-111] Finished File checks and directory preparation: CPU user time: 0.07 seconds. CPU system time: 0.01 seconds. Elapsed time: 0.08 seconds; current allocated memory: 333.207 MB.
INFO: [HLS 200-10] Analyzing design file 'firmware/myproject.cpp' ... 
WARNING: [HLS 207-5292] unused parameter 'keep' (firmware/nnet_utils/nnet_helpers.h:285:99)
WARNING: [HLS 207-5292] unused parameter 'data' (firmware/nnet_utils/nnet_code_gen.h:11:36)
WARNING: [HLS 207-5292] unused parameter 'buffer' (firmware/nnet_utils/nnet_code_gen.h:12:36)
WARNING: [HLS 207-5292] unused parameter 'partition' (firmware/nnet_utils/nnet_code_gen.h:13:44)
WARNING: [HLS 207-5292] unused parameter 'data' (firmware/nnet_utils/nnet_code_gen.h:21:24)
WARNING: [HLS 207-5292] unused parameter 'buffer' (firmware/nnet_utils/nnet_code_gen.h:22:24)
WARNING: [HLS 207-5292] unused parameter 'partition' (firmware/nnet_utils/nnet_code_gen.h:23:32)
INFO: [HLS 200-111] Finished Source Code Analysis and Preprocessing: CPU user time: 8.41 seconds. CPU system time: 1.41 seconds. Elapsed time: 11.1 seconds; current allocated memory: 340.023 MB.
INFO: [HLS 200-777] Using interface defaults for 'Vivado' flow target.
INFO: [HLS 200-1995] There were 10,125 instructions in the design after the 'Compile/Link' phase of compilation. See the Design Size Report for more details: /home/dabadjiev/smartpixels_ml_dsabadjiev/Muon_Collider_Smart_Pixels/eric/Results_June2026_99SigEff/model2.5_fin_results/model2_5_8bit_normalised_selected/pareto_primary/hls_outputs_vsynth/hls_model_trial_043/myproject_prj/solution1/syn/report/csynth_design_size.rpt
INFO: [HLS 200-1995] There were 40,634 instructions in the design after the 'Unroll/Inline (step 1)' phase of compilation. See the Design Size Report for more details: /home/dabadjiev/smartpixels_ml_dsabadjiev/Muon_Collider_Smart_Pixels/eric/Results_June2026_99SigEff/model2.5_fin_results/model2_5_8bit_normalised_selected/pareto_primary/hls_outputs_vsynth/hls_model_trial_043/myproject_prj/solution1/syn/report/csynth_design_size.rpt
INFO: [HLS 200-1995] There were 17,423 instructions in the design after the 'Unroll/Inline (step 2)' phase of compilation. See the Design Size Report for more details: /home/dabadjiev/smartpixels_ml_dsabadjiev/Muon_Collider_Smart_Pixels/eric/Results_June2026_99SigEff/model2.5_fin_results/model2_5_8bit_normalised_selected/pareto_primary/hls_outputs_vsynth/hls_model_trial_043/myproject_prj/solution1/syn/report/csynth_design_size.rpt
INFO: [HLS 200-1995] There were 14,153 instructions in the design after the 'Unroll/Inline (step 3)' phase of compilation. See the Design Size Report for more details: /home/dabadjiev/smartpixels_ml_dsabadjiev/Muon_Collider_Smart_Pixels/eric/Results_June2026_99SigEff/model2.5_fin_results/model2_5_8bit_normalised_selected/pareto_primary/hls_outputs_vsynth/hls_model_trial_043/myproject_prj/solution1/syn/report/csynth_design_size.rpt
INFO: [HLS 200-1995] There were 12,537 instructions in the design after the 'Unroll/Inline (step 4)' phase of compilation. See the Design Size Report for more details: /home/dabadjiev/smartpixels_ml_dsabadjiev/Muon_Collider_Smart_Pixels/eric/Results_June2026_99SigEff/model2.5_fin_results/model2_5_8bit_normalised_selected/pareto_primary/hls_outputs_vsynth/hls_model_trial_043/myproject_prj/solution1/syn/report/csynth_design_size.rpt
INFO: [HLS 200-1995] There were 10,388 instructions in the design after the 'Array/Struct (step 1)' phase of compilation. See the Design Size Report for more details: /home/dabadjiev/smartpixels_ml_dsabadjiev/Muon_Collider_Smart_Pixels/eric/Results_June2026_99SigEff/model2.5_fin_results/model2_5_8bit_normalised_selected/pareto_primary/hls_outputs_vsynth/hls_model_trial_043/myproject_prj/solution1/syn/report/csynth_design_size.rpt
INFO: [HLS 200-1995] There were 10,366 instructions in the design after the 'Array/Struct (step 2)' phase of compilation. See the Design Size Report for more details: /home/dabadjiev/smartpixels_ml_dsabadjiev/Muon_Collider_Smart_Pixels/eric/Results_June2026_99SigEff/model2.5_fin_results/model2_5_8bit_normalised_selected/pareto_primary/hls_outputs_vsynth/hls_model_trial_043/myproject_prj/solution1/syn/report/csynth_design_size.rpt
INFO: [HLS 200-1995] There were 10,366 instructions in the design after the 'Array/Struct (step 3)' phase of compilation. See the Design Size Report for more details: /home/dabadjiev/smartpixels_ml_dsabadjiev/Muon_Collider_Smart_Pixels/eric/Results_June2026_99SigEff/model2.5_fin_results/model2_5_8bit_normalised_selected/pareto_primary/hls_outputs_vsynth/hls_model_trial_043/myproject_prj/solution1/syn/report/csynth_design_size.rpt
INFO: [HLS 200-1995] There were 10,437 instructions in the design after the 'Array/Struct (step 4)' phase of compilation. See the Design Size Report for more details: /home/dabadjiev/smartpixels_ml_dsabadjiev/Muon_Collider_Smart_Pixels/eric/Results_June2026_99SigEff/model2.5_fin_results/model2_5_8bit_normalised_selected/pareto_primary/hls_outputs_vsynth/hls_model_trial_043/myproject_prj/solution1/syn/report/csynth_design_size.rpt
INFO: [HLS 200-1995] There were 10,426 instructions in the design after the 'Array/Struct (step 5)' phase of compilation. See the Design Size Report for more details: /home/dabadjiev/smartpixels_ml_dsabadjiev/Muon_Collider_Smart_Pixels/eric/Results_June2026_99SigEff/model2.5_fin_results/model2_5_8bit_normalised_selected/pareto_primary/hls_outputs_vsynth/hls_model_trial_043/myproject_prj/solution1/syn/report/csynth_design_size.rpt
INFO: [HLS 200-1995] There were 10,426 instructions in the design after the 'Performance (step 1)' phase of compilation. See the Design Size Report for more details: /home/dabadjiev/smartpixels_ml_dsabadjiev/Muon_Collider_Smart_Pixels/eric/Results_June2026_99SigEff/model2.5_fin_results/model2_5_8bit_normalised_selected/pareto_primary/hls_outputs_vsynth/hls_model_trial_043/myproject_prj/solution1/syn/report/csynth_design_size.rpt
INFO: [HLS 200-1995] There were 10,329 instructions in the design after the 'Performance (step 2)' phase of compilation. See the Design Size Report for more details: /home/dabadjiev/smartpixels_ml_dsabadjiev/Muon_Collider_Smart_Pixels/eric/Results_June2026_99SigEff/model2.5_fin_results/model2_5_8bit_normalised_selected/pareto_primary/hls_outputs_vsynth/hls_model_trial_043/myproject_prj/solution1/syn/report/csynth_design_size.rpt
INFO: [HLS 200-1995] There were 10,329 instructions in the design after the 'Performance (step 3)' phase of compilation. See the Design Size Report for more details: /home/dabadjiev/smartpixels_ml_dsabadjiev/Muon_Collider_Smart_Pixels/eric/Results_June2026_99SigEff/model2.5_fin_results/model2_5_8bit_normalised_selected/pareto_primary/hls_outputs_vsynth/hls_model_trial_043/myproject_prj/solution1/syn/report/csynth_design_size.rpt
INFO: [HLS 200-1995] There were 10,329 instructions in the design after the 'Performance (step 4)' phase of compilation. See the Design Size Report for more details: /home/dabadjiev/smartpixels_ml_dsabadjiev/Muon_Collider_Smart_Pixels/eric/Results_June2026_99SigEff/model2.5_fin_results/model2_5_8bit_normalised_selected/pareto_primary/hls_outputs_vsynth/hls_model_trial_043/myproject_prj/solution1/syn/report/csynth_design_size.rpt
INFO: [HLS 200-1995] There were 10,889 instructions in the design after the 'HW Transforms (step 1)' phase of compilation. See the Design Size Report for more details: /home/dabadjiev/smartpixels_ml_dsabadjiev/Muon_Collider_Smart_Pixels/eric/Results_June2026_99SigEff/model2.5_fin_results/model2_5_8bit_normalised_selected/pareto_primary/hls_outputs_vsynth/hls_model_trial_043/myproject_prj/solution1/syn/report/csynth_design_size.rpt
INFO: [HLS 200-1995] There were 10,933 instructions in the design after the 'HW Transforms (step 2)' phase of compilation. See the Design Size Report for more details: /home/dabadjiev/smartpixels_ml_dsabadjiev/Muon_Collider_Smart_Pixels/eric/Results_June2026_99SigEff/model2.5_fin_results/model2_5_8bit_normalised_selected/pareto_primary/hls_outputs_vsynth/hls_model_trial_043/myproject_prj/solution1/syn/report/csynth_design_size.rpt
INFO: [HLS 214-415] Performing recursive inline in function 'nnet::dense_resource<ap_fixed<16, 6, (ap_q_mode)5, (ap_o_mode)3, 0>, ap_fixed<16, 6, (ap_q_mode)5, (ap_o_mode)3, 0>, config14>' (firmware/nnet_utils/nnet_dense_resource.h:237:9)
INFO: [HLS 214-415] Performing recursive inline in function 'nnet::dense_resource<ap_fixed<16, 6, (ap_q_mode)5, (ap_o_mode)3, 0>, ap_fixed<16, 6, (ap_q_mode)5, (ap_o_mode)3, 0>, config16>' (firmware/nnet_utils/nnet_dense_resource.h:237:9)
INFO: [HLS 214-415] Performing recursive inline in function 'nnet::dense_resource<ap_fixed<16, 6, (ap_q_mode)5, (ap_o_mode)3, 0>, ap_fixed<16, 6, (ap_q_mode)5, (ap_o_mode)3, 0>, config21>' (firmware/nnet_utils/nnet_dense_resource.h:237:9)
INFO: [HLS 214-415] Performing recursive inline in function 'nnet::dense_resource<ap_ufixed<8, 0, (ap_q_mode)4, (ap_o_mode)0, 0>, ap_fixed<16, 6, (ap_q_mode)5, (ap_o_mode)3, 0>, config24>' (firmware/nnet_utils/nnet_dense_resource.h:237:9)
INFO: [HLS 214-415] Performing recursive inline in function 'nnet::dense_resource<ap_ufixed<8, 0, (ap_q_mode)4, (ap_o_mode)0, 0>, ap_fixed<16, 6, (ap_q_mode)5, (ap_o_mode)3, 0>, config27>' (firmware/nnet_utils/nnet_dense_resource.h:237:9)
WARNING: [HLS 214-273] In function 'void nnet::dense<ap_fixed<16, 6, (ap_q_mode)5, (ap_o_mode)3, 0>, ap_fixed<16, 6, (ap_q_mode)5, (ap_o_mode)3, 0>, config14>(ap_fixed<16, 6, (ap_q_mode)5, (ap_o_mode)3, 0>*, ap_fixed<16, 6, (ap_q_mode)5, (ap_o_mode)3, 0>*, config14::weight_t*, config14::bias_t*)', Pragma conflict happens on 'INLINE' and DATAFLOW pragmas: Inline into dataflow region may break the canonical form (firmware/nnet_utils/nnet_dense.h:38:0)
WARNING: [HLS 214-273] In function 'void nnet::dense<ap_fixed<16, 6, (ap_q_mode)5, (ap_o_mode)3, 0>, ap_fixed<16, 6, (ap_q_mode)5, (ap_o_mode)3, 0>, config16>(ap_fixed<16, 6, (ap_q_mode)5, (ap_o_mode)3, 0>*, ap_fixed<16, 6, (ap_q_mode)5, (ap_o_mode)3, 0>*, config16::weight_t*, config16::bias_t*)', Pragma conflict happens on 'INLINE' and DATAFLOW pragmas: Inline into dataflow region may break the canonical form (firmware/nnet_utils/nnet_dense.h:38:0)
WARNING: [HLS 214-273] In function 'void nnet::dense<ap_fixed<16, 6, (ap_q_mode)5, (ap_o_mode)3, 0>, ap_fixed<16, 6, (ap_q_mode)5, (ap_o_mode)3, 0>, config21>(ap_fixed<16, 6, (ap_q_mode)5, (ap_o_mode)3, 0>*, ap_fixed<16, 6, (ap_q_mode)5, (ap_o_mode)3, 0>*, config21::weight_t*, config21::bias_t*)', Pragma conflict happens on 'INLINE' and DATAFLOW pragmas: Inline into dataflow region may break the canonical form (firmware/nnet_utils/nnet_dense.h:38:0)
WARNING: [HLS 214-273] In function 'void nnet::dense<ap_ufixed<8, 0, (ap_q_mode)4, (ap_o_mode)0, 0>, ap_fixed<16, 6, (ap_q_mode)5, (ap_o_mode)3, 0>, config24>(ap_ufixed<8, 0, (ap_q_mode)4, (ap_o_mode)0, 0>*, ap_fixed<16, 6, (ap_q_mode)5, (ap_o_mode)3, 0>*, config24::weight_t*, config24::bias_t*)', Pragma conflict happens on 'INLINE' and DATAFLOW pragmas: Inline into dataflow region may break the canonical form (firmware/nnet_utils/nnet_dense.h:38:0)
WARNING: [HLS 214-273] In function 'void nnet::dense<ap_ufixed<8, 0, (ap_q_mode)4, (ap_o_mode)0, 0>, ap_fixed<16, 6, (ap_q_mode)5, (ap_o_mode)3, 0>, config27>(ap_ufixed<8, 0, (ap_q_mode)4, (ap_o_mode)0, 0>*, ap_fixed<16, 6, (ap_q_mode)5, (ap_o_mode)3, 0>*, config27::weight_t*, config27::bias_t*)', Pragma conflict happens on 'INLINE' and DATAFLOW pragmas: Inline into dataflow region may break the canonical form (firmware/nnet_utils/nnet_dense.h:38:0)
INFO: [HLS 214-131] Inlining function 'std::enable_if<!(std::is_same<ap_fixed<16, 6, (ap_q_mode)5, (ap_o_mode)3, 0>, ap_uint<1> >::value), ap_fixed<16, 6, (ap_q_mode)5, (ap_o_mode)3, 0> >::type nnet::cast<ap_fixed<16, 6, (ap_q_mode)5, (ap_o_mode)3, 0>, ap_fixed<16, 6, (ap_q_mode)5, (ap_o_mode)3, 0>, config14>(config14::accum_t) (.45)' into 'void nnet::dense_resource_rf_leq_nin<ap_fixed<16, 6, (ap_q_mode)5, (ap_o_mode)3, 0>, ap_fixed<16, 6, (ap_q_mode)5, (ap_o_mode)3, 0>, config14>(ap_fixed<16, 6, (ap_q_mode)5, (ap_o_mode)3, 0>*, ap_fixed<16, 6, (ap_q_mode)5, (ap_o_mode)3, 0>*, config14::weight_t*, config14::bias_t*) (.44)' (firmware/nnet_utils/nnet_dense_resource.h:76:14)
INFO: [HLS 214-131] Inlining function 'nnet::product::mult<ap_fixed<16, 6, (ap_q_mode)5, (ap_o_mode)3, 0>, ap_fixed<8, 1, (ap_q_mode)5, (ap_o_mode)3, 0> >::product(ap_fixed<16, 6, (ap_q_mode)5, (ap_o_mode)3, 0>, ap_fixed<8, 1, (ap_q_mode)5, (ap_o_mode)3, 0>) (.37)' into 'void nnet::dense_resource_rf_leq_nin<ap_fixed<16, 6, (ap_q_mode)5, (ap_o_mode)3, 0>, ap_fixed<16, 6, (ap_q_mode)5, (ap_o_mode)3, 0>, config14>(ap_fixed<16, 6, (ap_q_mode)5, (ap_o_mode)3, 0>*, ap_fixed<16, 6, (ap_q_mode)5, (ap_o_mode)3, 0>*, config14::weight_t*, config14::bias_t*) (.44)' (firmware/nnet_utils/nnet_dense_resource.h:54:17)
INFO: [HLS 214-131] Inlining function 'void nnet::dense_resource_rf_leq_nin<ap_fixed<16, 6, (ap_q_mode)5, (ap_o_mode)3, 0>, ap_fixed<16, 6, (ap_q_mode)5, (ap_o_mode)3, 0>, config14>(ap_fixed<16, 6, (ap_q_mode)5, (ap_o_mode)3, 0>*, ap_fixed<16, 6, (ap_q_mode)5, (ap_o_mode)3, 0>*, config14::weight_t*, config14::bias_t*) (.44)' into 'void nnet::dense_resource<ap_fixed<16, 6, (ap_q_mode)5, (ap_o_mode)3, 0>, ap_fixed<16, 6, (ap_q_mode)5, (ap_o_mode)3, 0>, config14>(ap_fixed<16, 6, (ap_q_mode)5, (ap_o_mode)3, 0>*, ap_fixed<16, 6, (ap_q_mode)5, (ap_o_mode)3, 0>*, config14::weight_t*, config14::bias_t*)' (firmware/nnet_utils/nnet_dense_resource.h:240:9)
INFO: [HLS 214-131] Inlining function 'std::enable_if<!(std::is_same<ap_fixed<16, 6, (ap_q_mode)5, (ap_o_mode)3, 0>, ap_uint<1> >::value), ap_fixed<16, 6, (ap_q_mode)5, (ap_o_mode)3, 0> >::type nnet::cast<ap_fixed<16, 6, (ap_q_mode)5, (ap_o_mode)3, 0>, ap_fixed<16, 6, (ap_q_mode)5, (ap_o_mode)3, 0>, config16>(config16::accum_t) (.43)' into 'void nnet::dense_resource_rf_gt_nin_rem0<ap_fixed<16, 6, (ap_q_mode)5, (ap_o_mode)3, 0>, ap_fixed<16, 6, (ap_q_mode)5, (ap_o_mode)3, 0>, config16>(ap_fixed<16, 6, (ap_q_mode)5, (ap_o_mode)3, 0>*, ap_fixed<16, 6, (ap_q_mode)5, (ap_o_mode)3, 0>*, config16::weight_t*, config16::bias_t*) (.42)' (firmware/nnet_utils/nnet_dense_resource.h:151:14)
INFO: [HLS 214-131] Inlining function 'nnet::product::mult<ap_fixed<16, 6, (ap_q_mode)5, (ap_o_mode)3, 0>, ap_fixed<8, 1, (ap_q_mode)5, (ap_o_mode)3, 0> >::product(ap_fixed<16, 6, (ap_q_mode)5, (ap_o_mode)3, 0>, ap_fixed<8, 1, (ap_q_mode)5, (ap_o_mode)3, 0>) (.37)' into 'void nnet::dense_resource_rf_gt_nin_rem0<ap_fixed<16, 6, (ap_q_mode)5, (ap_o_mode)3, 0>, ap_fixed<16, 6, (ap_q_mode)5, (ap_o_mode)3, 0>, config16>(ap_fixed<16, 6, (ap_q_mode)5, (ap_o_mode)3, 0>*, ap_fixed<16, 6, (ap_q_mode)5, (ap_o_mode)3, 0>*, config16::weight_t*, config16::bias_t*) (.42)' (firmware/nnet_utils/nnet_dense_resource.h:134:17)
INFO: [HLS 214-131] Inlining function 'void nnet::dense_resource_rf_gt_nin_rem0<ap_fixed<16, 6, (ap_q_mode)5, (ap_o_mode)3, 0>, ap_fixed<16, 6, (ap_q_mode)5, (ap_o_mode)3, 0>, config16>(ap_fixed<16, 6, (ap_q_mode)5, (ap_o_mode)3, 0>*, ap_fixed<16, 6, (ap_q_mode)5, (ap_o_mode)3, 0>*, config16::weight_t*, config16::bias_t*) (.42)' into 'void nnet::dense_resource<ap_fixed<16, 6, (ap_q_mode)5, (ap_o_mode)3, 0>, ap_fixed<16, 6, (ap_q_mode)5, (ap_o_mode)3, 0>, config16>(ap_fixed<16, 6, (ap_q_mode)5, (ap_o_mode)3, 0>*, ap_fixed<16, 6, (ap_q_mode)5, (ap_o_mode)3, 0>*, config16::weight_t*, config16::bias_t*)' (firmware/nnet_utils/nnet_dense_resource.h:242:9)
INFO: [HLS 214-131] Inlining function 'std::enable_if<!(std::is_same<ap_fixed<16, 6, (ap_q_mode)5, (ap_o_mode)3, 0>, ap_uint<1> >::value), ap_fixed<16, 6, (ap_q_mode)5, (ap_o_mode)3, 0> >::type nnet::cast<ap_fixed<16, 6, (ap_q_mode)5, (ap_o_mode)3, 0>, ap_fixed<16, 6, (ap_q_mode)5, (ap_o_mode)3, 0>, config21>(config21::accum_t) (.32)' into 'void nnet::dense_resource_rf_leq_nin<ap_fixed<16, 6, (ap_q_mode)5, (ap_o_mode)3, 0>, ap_fixed<16, 6, (ap_q_mode)5, (ap_o_mode)3, 0>, config21>(ap_fixed<16, 6, (ap_q_mode)5, (ap_o_mode)3, 0>*, ap_fixed<16, 6, (ap_q_mode)5, (ap_o_mode)3, 0>*, config21::weight_t*, config21::bias_t*) (.31)' (firmware/nnet_utils/nnet_dense_resource.h:76:14)
INFO: [HLS 214-131] Inlining function 'nnet::product::mult<ap_fixed<16, 6, (ap_q_mode)5, (ap_o_mode)3, 0>, ap_fixed<8, 1, (ap_q_mode)5, (ap_o_mode)3, 0> >::product(ap_fixed<16, 6, (ap_q_mode)5, (ap_o_mode)3, 0>, ap_fixed<8, 1, (ap_q_mode)5, (ap_o_mode)3, 0>) (.37)' into 'void nnet::dense_resource_rf_leq_nin<ap_fixed<16, 6, (ap_q_mode)5, (ap_o_mode)3, 0>, ap_fixed<16, 6, (ap_q_mode)5, (ap_o_mode)3, 0>, config21>(ap_fixed<16, 6, (ap_q_mode)5, (ap_o_mode)3, 0>*, ap_fixed<16, 6, (ap_q_mode)5, (ap_o_mode)3, 0>*, config21::weight_t*, config21::bias_t*) (.31)' (firmware/nnet_utils/nnet_dense_resource.h:54:17)
INFO: [HLS 214-131] Inlining function 'void nnet::dense_resource_rf_leq_nin<ap_fixed<16, 6, (ap_q_mode)5, (ap_o_mode)3, 0>, ap_fixed<16, 6, (ap_q_mode)5, (ap_o_mode)3, 0>, config21>(ap_fixed<16, 6, (ap_q_mode)5, (ap_o_mode)3, 0>*, ap_fixed<16, 6, (ap_q_mode)5, (ap_o_mode)3, 0>*, config21::weight_t*, config21::bias_t*) (.31)' into 'void nnet::dense_resource<ap_fixed<16, 6, (ap_q_mode)5, (ap_o_mode)3, 0>, ap_fixed<16, 6, (ap_q_mode)5, (ap_o_mode)3, 0>, config21>(ap_fixed<16, 6, (ap_q_mode)5, (ap_o_mode)3, 0>*, ap_fixed<16, 6, (ap_q_mode)5, (ap_o_mode)3, 0>*, config21::weight_t*, config21::bias_t*)' (firmware/nnet_utils/nnet_dense_resource.h:240:9)
INFO: [HLS 214-131] Inlining function 'std::enable_if<!(std::is_same<ap_ufixed<8, 0, (ap_q_mode)4, (ap_o_mode)0, 0>, ap_uint<1> >::value), ap_fixed<16, 6, (ap_q_mode)5, (ap_o_mode)3, 0> >::type nnet::cast<ap_ufixed<8, 0, (ap_q_mode)4, (ap_o_mode)0, 0>, ap_fixed<16, 6, (ap_q_mode)5, (ap_o_mode)3, 0>, config24>(config24::accum_t) (.30)' into 'void nnet::dense_resource_rf_leq_nin<ap_ufixed<8, 0, (ap_q_mode)4, (ap_o_mode)0, 0>, ap_fixed<16, 6, (ap_q_mode)5, (ap_o_mode)3, 0>, config24>(ap_ufixed<8, 0, (ap_q_mode)4, (ap_o_mode)0, 0>*, ap_fixed<16, 6, (ap_q_mode)5, (ap_o_mode)3, 0>*, config24::weight_t*, config24::bias_t*) (.29)' (firmware/nnet_utils/nnet_dense_resource.h:76:14)
INFO: [HLS 214-131] Inlining function 'nnet::product::mult<ap_ufixed<8, 0, (ap_q_mode)4, (ap_o_mode)0, 0>, ap_fixed<8, 1, (ap_q_mode)5, (ap_o_mode)3, 0> >::product(ap_ufixed<8, 0, (ap_q_mode)4, (ap_o_mode)0, 0>, ap_fixed<8, 1, (ap_q_mode)5, (ap_o_mode)3, 0>) (.20)' into 'void nnet::dense_resource_rf_leq_nin<ap_ufixed<8, 0, (ap_q_mode)4, (ap_o_mode)0, 0>, ap_fixed<16, 6, (ap_q_mode)5, (ap_o_mode)3, 0>, config24>(ap_ufixed<8, 0, (ap_q_mode)4, (ap_o_mode)0, 0>*, ap_fixed<16, 6, (ap_q_mode)5, (ap_o_mode)3, 0>*, config24::weight_t*, config24::bias_t*) (.29)' (firmware/nnet_utils/nnet_dense_resource.h:54:17)
INFO: [HLS 214-131] Inlining function 'void nnet::dense_resource_rf_leq_nin<ap_ufixed<8, 0, (ap_q_mode)4, (ap_o_mode)0, 0>, ap_fixed<16, 6, (ap_q_mode)5, (ap_o_mode)3, 0>, config24>(ap_ufixed<8, 0, (ap_q_mode)4, (ap_o_mode)0, 0>*, ap_fixed<16, 6, (ap_q_mode)5, (ap_o_mode)3, 0>*, config24::weight_t*, config24::bias_t*) (.29)' into 'void nnet::dense_resource<ap_ufixed<8, 0, (ap_q_mode)4, (ap_o_mode)0, 0>, ap_fixed<16, 6, (ap_q_mode)5, (ap_o_mode)3, 0>, config24>(ap_ufixed<8, 0, (ap_q_mode)4, (ap_o_mode)0, 0>*, ap_fixed<16, 6, (ap_q_mode)5, (ap_o_mode)3, 0>*, config24::weight_t*, config24::bias_t*)' (firmware/nnet_utils/nnet_dense_resource.h:240:9)
INFO: [HLS 214-131] Inlining function 'std::enable_if<!(std::is_same<ap_ufixed<8, 0, (ap_q_mode)4, (ap_o_mode)0, 0>, ap_uint<1> >::value), ap_fixed<16, 6, (ap_q_mode)5, (ap_o_mode)3, 0> >::type nnet::cast<ap_ufixed<8, 0, (ap_q_mode)4, (ap_o_mode)0, 0>, ap_fixed<16, 6, (ap_q_mode)5, (ap_o_mode)3, 0>, config27>(config27::accum_t) (.2)' into 'void nnet::dense_resource_rf_leq_nin<ap_ufixed<8, 0, (ap_q_mode)4, (ap_o_mode)0, 0>, ap_fixed<16, 6, (ap_q_mode)5, (ap_o_mode)3, 0>, config27>(ap_ufixed<8, 0, (ap_q_mode)4, (ap_o_mode)0, 0>*, ap_fixed<16, 6, (ap_q_mode)5, (ap_o_mode)3, 0>*, config27::weight_t*, config27::bias_t*) (.1)' (firmware/nnet_utils/nnet_dense_resource.h:76:14)
INFO: [HLS 214-131] Inlining function 'nnet::product::mult<ap_ufixed<8, 0, (ap_q_mode)4, (ap_o_mode)0, 0>, ap_fixed<8, 1, (ap_q_mode)5, (ap_o_mode)3, 0> >::product(ap_ufixed<8, 0, (ap_q_mode)4, (ap_o_mode)0, 0>, ap_fixed<8, 1, (ap_q_mode)5, (ap_o_mode)3, 0>) (.20)' into 'void nnet::dense_resource_rf_leq_nin<ap_ufixed<8, 0, (ap_q_mode)4, (ap_o_mode)0, 0>, ap_fixed<16, 6, (ap_q_mode)5, (ap_o_mode)3, 0>, config27>(ap_ufixed<8, 0, (ap_q_mode)4, (ap_o_mode)0, 0>*, ap_fixed<16, 6, (ap_q_mode)5, (ap_o_mode)3, 0>*, config27::weight_t*, config27::bias_t*) (.1)' (firmware/nnet_utils/nnet_dense_resource.h:54:17)
INFO: [HLS 214-131] Inlining function 'void nnet::dense_resource_rf_leq_nin<ap_ufixed<8, 0, (ap_q_mode)4, (ap_o_mode)0, 0>, ap_fixed<16, 6, (ap_q_mode)5, (ap_o_mode)3, 0>, config27>(ap_ufixed<8, 0, (ap_q_mode)4, (ap_o_mode)0, 0>*, ap_fixed<16, 6, (ap_q_mode)5, (ap_o_mode)3, 0>*, config27::weight_t*, config27::bias_t*) (.1)' into 'void nnet::dense_resource<ap_ufixed<8, 0, (ap_q_mode)4, (ap_o_mode)0, 0>, ap_fixed<16, 6, (ap_q_mode)5, (ap_o_mode)3, 0>, config27>(ap_ufixed<8, 0, (ap_q_mode)4, (ap_o_mode)0, 0>*, ap_fixed<16, 6, (ap_q_mode)5, (ap_o_mode)3, 0>*, config27::weight_t*, config27::bias_t*)' (firmware/nnet_utils/nnet_dense_resource.h:240:9)
INFO: [HLS 214-131] Inlining function 'void nnet::dense<ap_fixed<16, 6, (ap_q_mode)5, (ap_o_mode)3, 0>, ap_fixed<16, 6, (ap_q_mode)5, (ap_o_mode)3, 0>, config14>(ap_fixed<16, 6, (ap_q_mode)5, (ap_o_mode)3, 0>*, ap_fixed<16, 6, (ap_q_mode)5, (ap_o_mode)3, 0>*, config14::weight_t*, config14::bias_t*)' into 'myproject(ap_fixed<16, 6, (ap_q_mode)5, (ap_o_mode)3, 0>*, ap_fixed<16, 6, (ap_q_mode)5, (ap_o_mode)3, 0>*, ap_fixed<16, 6, (ap_q_mode)5, (ap_o_mode)3, 0>*, ap_fixed<16, 6, (ap_q_mode)5, (ap_o_mode)3, 0>*, ap_fixed<16, 6, (ap_q_mode)5, (ap_o_mode)3, 0>*, ap_ufixed<8, 0, (ap_q_mode)4, (ap_o_mode)0, 0>*, ap_fixed<8, 1, (ap_q_mode)5, (ap_o_mode)3, 0>*, ap_fixed<8, 1, (ap_q_mode)5, (ap_o_mode)3, 0>*, ap_fixed<8, 1, (ap_q_mode)5, (ap_o_mode)3, 0>*, ap_fixed<8, 1, (ap_q_mode)5, (ap_o_mode)3, 0>*, ap_fixed<8, 1, (ap_q_mode)5, (ap_o_mode)3, 0>*, ap_fixed<8, 1, (ap_q_mode)5, (ap_o_mode)3, 0>*, ap_fixed<8, 1, (ap_q_mode)5, (ap_o_mode)3, 0>*, ap_fixed<8, 1, (ap_q_mode)5, (ap_o_mode)3, 0>*, ap_fixed<8, 1, (ap_q_mode)5, (ap_o_mode)3, 0>*, ap_fixed<8, 1, (ap_q_mode)5, (ap_o_mode)3, 0>*)' (firmware/myproject.cpp:89:2)
INFO: [HLS 214-131] Inlining function 'void nnet::dense<ap_fixed<16, 6, (ap_q_mode)5, (ap_o_mode)3, 0>, ap_fixed<16, 6, (ap_q_mode)5, (ap_o_mode)3, 0>, config16>(ap_fixed<16, 6, (ap_q_mode)5, (ap_o_mode)3, 0>*, ap_fixed<16, 6, (ap_q_mode)5, (ap_o_mode)3, 0>*, config16::weight_t*, config16::bias_t*)' into 'myproject(ap_fixed<16, 6, (ap_q_mode)5, (ap_o_mode)3, 0>*, ap_fixed<16, 6, (ap_q_mode)5, (ap_o_mode)3, 0>*, ap_fixed<16, 6, (ap_q_mode)5, (ap_o_mode)3, 0>*, ap_fixed<16, 6, (ap_q_mode)5, (ap_o_mode)3, 0>*, ap_fixed<16, 6, (ap_q_mode)5, (ap_o_mode)3, 0>*, ap_ufixed<8, 0, (ap_q_mode)4, (ap_o_mode)0, 0>*, ap_fixed<8, 1, (ap_q_mode)5, (ap_o_mode)3, 0>*, ap_fixed<8, 1, (ap_q_mode)5, (ap_o_mode)3, 0>*, ap_fixed<8, 1, (ap_q_mode)5, (ap_o_mode)3, 0>*, ap_fixed<8, 1, (ap_q_mode)5, (ap_o_mode)3, 0>*, ap_fixed<8, 1, (ap_q_mode)5, (ap_o_mode)3, 0>*, ap_fixed<8, 1, (ap_q_mode)5, (ap_o_mode)3, 0>*, ap_fixed<8, 1, (ap_q_mode)5, (ap_o_mode)3, 0>*, ap_fixed<8, 1, (ap_q_mode)5, (ap_o_mode)3, 0>*, ap_fixed<8, 1, (ap_q_mode)5, (ap_o_mode)3, 0>*, ap_fixed<8, 1, (ap_q_mode)5, (ap_o_mode)3, 0>*)' (firmware/myproject.cpp:93:2)
INFO: [HLS 214-131] Inlining function 'void nnet::dense<ap_fixed<16, 6, (ap_q_mode)5, (ap_o_mode)3, 0>, ap_fixed<16, 6, (ap_q_mode)5, (ap_o_mode)3, 0>, config21>(ap_fixed<16, 6, (ap_q_mode)5, (ap_o_mode)3, 0>*, ap_fixed<16, 6, (ap_q_mode)5, (ap_o_mode)3, 0>*, config21::weight_t*, config21::bias_t*)' into 'myproject(ap_fixed<16, 6, (ap_q_mode)5, (ap_o_mode)3, 0>*, ap_fixed<16, 6, (ap_q_mode)5, (ap_o_mode)3, 0>*, ap_fixed<16, 6, (ap_q_mode)5, (ap_o_mode)3, 0>*, ap_fixed<16, 6, (ap_q_mode)5, (ap_o_mode)3, 0>*, ap_fixed<16, 6, (ap_q_mode)5, (ap_o_mode)3, 0>*, ap_ufixed<8, 0, (ap_q_mode)4, (ap_o_mode)0, 0>*, ap_fixed<8, 1, (ap_q_mode)5, (ap_o_mode)3, 0>*, ap_fixed<8, 1, (ap_q_mode)5, (ap_o_mode)3, 0>*, ap_fixed<8, 1, (ap_q_mode)5, (ap_o_mode)3, 0>*, ap_fixed<8, 1, (ap_q_mode)5, (ap_o_mode)3, 0>*, ap_fixed<8, 1, (ap_q_mode)5, (ap_o_mode)3, 0>*, ap_fixed<8, 1, (ap_q_mode)5, (ap_o_mode)3, 0>*, ap_fixed<8, 1, (ap_q_mode)5, (ap_o_mode)3, 0>*, ap_fixed<8, 1, (ap_q_mode)5, (ap_o_mode)3, 0>*, ap_fixed<8, 1, (ap_q_mode)5, (ap_o_mode)3, 0>*, ap_fixed<8, 1, (ap_q_mode)5, (ap_o_mode)3, 0>*)' (firmware/myproject.cpp:109:2)
INFO: [HLS 214-131] Inlining function 'void nnet::dense<ap_ufixed<8, 0, (ap_q_mode)4, (ap_o_mode)0, 0>, ap_fixed<16, 6, (ap_q_mode)5, (ap_o_mode)3, 0>, config24>(ap_ufixed<8, 0, (ap_q_mode)4, (ap_o_mode)0, 0>*, ap_fixed<16, 6, (ap_q_mode)5, (ap_o_mode)3, 0>*, config24::weight_t*, config24::bias_t*)' into 'myproject(ap_fixed<16, 6, (ap_q_mode)5, (ap_o_mode)3, 0>*, ap_fixed<16, 6, (ap_q_mode)5, (ap_o_mode)3, 0>*, ap_fixed<16, 6, (ap_q_mode)5, (ap_o_mode)3, 0>*, ap_fixed<16, 6, (ap_q_mode)5, (ap_o_mode)3, 0>*, ap_fixed<16, 6, (ap_q_mode)5, (ap_o_mode)3, 0>*, ap_ufixed<8, 0, (ap_q_mode)4, (ap_o_mode)0, 0>*, ap_fixed<8, 1, (ap_q_mode)5, (ap_o_mode)3, 0>*, ap_fixed<8, 1, (ap_q_mode)5, (ap_o_mode)3, 0>*, ap_fixed<8, 1, (ap_q_mode)5, (ap_o_mode)3, 0>*, ap_fixed<8, 1, (ap_q_mode)5, (ap_o_mode)3, 0>*, ap_fixed<8, 1, (ap_q_mode)5, (ap_o_mode)3, 0>*, ap_fixed<8, 1, (ap_q_mode)5, (ap_o_mode)3, 0>*, ap_fixed<8, 1, (ap_q_mode)5, (ap_o_mode)3, 0>*, ap_fixed<8, 1, (ap_q_mode)5, (ap_o_mode)3, 0>*, ap_fixed<8, 1, (ap_q_mode)5, (ap_o_mode)3, 0>*, ap_fixed<8, 1, (ap_q_mode)5, (ap_o_mode)3, 0>*)' (firmware/myproject.cpp:117:2)
INFO: [HLS 214-131] Inlining function 'void nnet::dense<ap_ufixed<8, 0, (ap_q_mode)4, (ap_o_mode)0, 0>, ap_fixed<16, 6, (ap_q_mode)5, (ap_o_mode)3, 0>, config27>(ap_ufixed<8, 0, (ap_q_mode)4, (ap_o_mode)0, 0>*, ap_fixed<16, 6, (ap_q_mode)5, (ap_o_mode)3, 0>*, config27::weight_t*, config27::bias_t*)' into 'myproject(ap_fixed<16, 6, (ap_q_mode)5, (ap_o_mode)3, 0>*, ap_fixed<16, 6, (ap_q_mode)5, (ap_o_mode)3, 0>*, ap_fixed<16, 6, (ap_q_mode)5, (ap_o_mode)3, 0>*, ap_fixed<16, 6, (ap_q_mode)5, (ap_o_mode)3, 0>*, ap_fixed<16, 6, (ap_q_mode)5, (ap_o_mode)3, 0>*, ap_ufixed<8, 0, (ap_q_mode)4, (ap_o_mode)0, 0>*, ap_fixed<8, 1, (ap_q_mode)5, (ap_o_mode)3, 0>*, ap_fixed<8, 1, (ap_q_mode)5, (ap_o_mode)3, 0>*, ap_fixed<8, 1, (ap_q_mode)5, (ap_o_mode)3, 0>*, ap_fixed<8, 1, (ap_q_mode)5, (ap_o_mode)3, 0>*, ap_fixed<8, 1, (ap_q_mode)5, (ap_o_mode)3, 0>*, ap_fixed<8, 1, (ap_q_mode)5, (ap_o_mode)3, 0>*, ap_fixed<8, 1, (ap_q_mode)5, (ap_o_mode)3, 0>*, ap_fixed<8, 1, (ap_q_mode)5, (ap_o_mode)3, 0>*, ap_fixed<8, 1, (ap_q_mode)5, (ap_o_mode)3, 0>*, ap_fixed<8, 1, (ap_q_mode)5, (ap_o_mode)3, 0>*)' (firmware/myproject.cpp:125:2)
INFO: [HLS 214-291] Loop 'VITIS_LOOP_451_1' is marked as complete unroll implied by the pipeline pragma (firmware/nnet_utils/nnet_activation.h:451:20)
INFO: [HLS 214-291] Loop 'MultLoop' is marked as complete unroll implied by the pipeline pragma (firmware/nnet_utils/nnet_dense_resource.h:50:9)
INFO: [HLS 214-291] Loop 'VITIS_LOOP_43_1' is marked as complete unroll implied by the pipeline pragma (firmware/nnet_utils/nnet_activation.h:43:22)
INFO: [HLS 214-291] Loop 'VITIS_LOOP_122_2' is marked as complete unroll implied by the pipeline pragma (firmware/nnet_utils/nnet_merge.h:122:23)
INFO: [HLS 214-291] Loop 'VITIS_LOOP_119_1' is marked as complete unroll implied by the pipeline pragma (firmware/nnet_utils/nnet_merge.h:119:20)
INFO: [HLS 214-291] Loop 'MultLoop' is marked as complete unroll implied by the pipeline pragma (firmware/nnet_utils/nnet_dense_resource.h:130:9)
INFO: [HLS 214-291] Loop 'VITIS_LOOP_31_1' is marked as complete unroll implied by the pipeline pragma (firmware/nnet_utils/nnet_activation.h:31:19)
INFO: [HLS 214-186] Unrolling loop 'VITIS_LOOP_451_1' (firmware/nnet_utils/nnet_activation.h:451:20) in function 'nnet::hard_sigmoid<ap_fixed<16, 6, (ap_q_mode)5, (ap_o_mode)3, 0>, ap_ufixed<8, 0, (ap_q_mode)4, (ap_o_mode)0, 0>, hard_sigmoid_config29>' completely with a factor of 1 (firmware/nnet_utils/nnet_activation.h:448:0)
INFO: [HLS 214-186] Unrolling loop 'Result' (firmware/nnet_utils/nnet_dense_resource.h:74:5) in function 'nnet::dense_resource<ap_ufixed<8, 0, (ap_q_mode)4, (ap_o_mode)0, 0>, ap_fixed<16, 6, (ap_q_mode)5, (ap_o_mode)3, 0>, config27>' completely with a factor of 1 (firmware/nnet_utils/nnet_dense_resource.h:235:0)
INFO: [HLS 214-186] Unrolling loop 'MultLoop' (firmware/nnet_utils/nnet_dense_resource.h:50:9) in function 'nnet::dense_resource<ap_ufixed<8, 0, (ap_q_mode)4, (ap_o_mode)0, 0>, ap_fixed<16, 6, (ap_q_mode)5, (ap_o_mode)3, 0>, config27>' completely with a factor of 1 (firmware/nnet_utils/nnet_dense_resource.h:235:0)
INFO: [HLS 214-186] Unrolling loop 'InitAccum' (firmware/nnet_utils/nnet_dense_resource.h:36:5) in function 'nnet::dense_resource<ap_ufixed<8, 0, (ap_q_mode)4, (ap_o_mode)0, 0>, ap_fixed<16, 6, (ap_q_mode)5, (ap_o_mode)3, 0>, config27>' completely with a factor of 1 (firmware/nnet_utils/nnet_dense_resource.h:235:0)
INFO: [HLS 214-186] Unrolling loop 'VITIS_LOOP_43_1' (firmware/nnet_utils/nnet_activation.h:43:22) in function 'nnet::relu<ap_fixed<16, 6, (ap_q_mode)5, (ap_o_mode)3, 0>, ap_ufixed<8, 0, (ap_q_mode)4, (ap_o_mode)0, 0>, relu_config26>' completely with a factor of 10 (firmware/nnet_utils/nnet_activation.h:39:0)
INFO: [HLS 214-186] Unrolling loop 'Result' (firmware/nnet_utils/nnet_dense_resource.h:74:5) in function 'nnet::dense_resource<ap_ufixed<8, 0, (ap_q_mode)4, (ap_o_mode)0, 0>, ap_fixed<16, 6, (ap_q_mode)5, (ap_o_mode)3, 0>, config24>' completely with a factor of 10 (firmware/nnet_utils/nnet_dense_resource.h:235:0)
INFO: [HLS 214-186] Unrolling loop 'MultLoop' (firmware/nnet_utils/nnet_dense_resource.h:50:9) in function 'nnet::dense_resource<ap_ufixed<8, 0, (ap_q_mode)4, (ap_o_mode)0, 0>, ap_fixed<16, 6, (ap_q_mode)5, (ap_o_mode)3, 0>, config24>' completely with a factor of 20 (firmware/nnet_utils/nnet_dense_resource.h:235:0)
INFO: [HLS 214-186] Unrolling loop 'InitAccum' (firmware/nnet_utils/nnet_dense_resource.h:36:5) in function 'nnet::dense_resource<ap_ufixed<8, 0, (ap_q_mode)4, (ap_o_mode)0, 0>, ap_fixed<16, 6, (ap_q_mode)5, (ap_o_mode)3, 0>, config24>' completely with a factor of 10 (firmware/nnet_utils/nnet_dense_resource.h:235:0)
INFO: [HLS 214-186] Unrolling loop 'VITIS_LOOP_43_1' (firmware/nnet_utils/nnet_activation.h:43:22) in function 'nnet::relu<ap_fixed<16, 6, (ap_q_mode)5, (ap_o_mode)3, 0>, ap_ufixed<8, 0, (ap_q_mode)4, (ap_o_mode)0, 0>, relu_config23>' completely with a factor of 28 (firmware/nnet_utils/nnet_activation.h:39:0)
INFO: [HLS 214-186] Unrolling loop 'Result' (firmware/nnet_utils/nnet_dense_resource.h:74:5) in function 'nnet::dense_resource<ap_fixed<16, 6, (ap_q_mode)5, (ap_o_mode)3, 0>, ap_fixed<16, 6, (ap_q_mode)5, (ap_o_mode)3, 0>, config21>' completely with a factor of 28 (firmware/nnet_utils/nnet_dense_resource.h:235:0)
INFO: [HLS 214-186] Unrolling loop 'MultLoop' (firmware/nnet_utils/nnet_dense_resource.h:50:9) in function 'nnet::dense_resource<ap_fixed<16, 6, (ap_q_mode)5, (ap_o_mode)3, 0>, ap_fixed<16, 6, (ap_q_mode)5, (ap_o_mode)3, 0>, config21>' completely with a factor of 56 (firmware/nnet_utils/nnet_dense_resource.h:235:0)
INFO: [HLS 214-186] Unrolling loop 'InitAccum' (firmware/nnet_utils/nnet_dense_resource.h:36:5) in function 'nnet::dense_resource<ap_fixed<16, 6, (ap_q_mode)5, (ap_o_mode)3, 0>, ap_fixed<16, 6, (ap_q_mode)5, (ap_o_mode)3, 0>, config21>' completely with a factor of 28 (firmware/nnet_utils/nnet_dense_resource.h:235:0)
INFO: [HLS 214-186] Unrolling loop 'VITIS_LOOP_122_2' (firmware/nnet_utils/nnet_merge.h:122:23) in function 'nnet::concatenate1d<ap_ufixed<8, 0, (ap_q_mode)4, (ap_o_mode)0, 0>, ap_ufixed<8, 0, (ap_q_mode)4, (ap_o_mode)0, 0>, ap_fixed<16, 6, (ap_q_mode)5, (ap_o_mode)3, 0>, config20>' completely with a factor of 2 (firmware/nnet_utils/nnet_merge.h:116:0)
INFO: [HLS 214-186] Unrolling loop 'VITIS_LOOP_119_1' (firmware/nnet_utils/nnet_merge.h:119:20) in function 'nnet::concatenate1d<ap_ufixed<8, 0, (ap_q_mode)4, (ap_o_mode)0, 0>, ap_ufixed<8, 0, (ap_q_mode)4, (ap_o_mode)0, 0>, ap_fixed<16, 6, (ap_q_mode)5, (ap_o_mode)3, 0>, config20>' completely with a factor of 56 (firmware/nnet_utils/nnet_merge.h:116:0)
INFO: [HLS 214-186] Unrolling loop 'VITIS_LOOP_43_1' (firmware/nnet_utils/nnet_activation.h:43:22) in function 'nnet::relu<ap_fixed<16, 6, (ap_q_mode)5, (ap_o_mode)3, 0>, ap_ufixed<8, 0, (ap_q_mode)4, (ap_o_mode)0, 0>, relu_config19>' completely with a factor of 2 (firmware/nnet_utils/nnet_activation.h:39:0)
INFO: [HLS 214-186] Unrolling loop 'VITIS_LOOP_43_1' (firmware/nnet_utils/nnet_activation.h:43:22) in function 'nnet::relu<ap_fixed<16, 6, (ap_q_mode)5, (ap_o_mode)3, 0>, ap_ufixed<8, 0, (ap_q_mode)4, (ap_o_mode)0, 0>, relu_config18>' completely with a factor of 56 (firmware/nnet_utils/nnet_activation.h:39:0)
INFO: [HLS 214-186] Unrolling loop 'Result' (firmware/nnet_utils/nnet_dense_resource.h:149:5) in function 'nnet::dense_resource<ap_fixed<16, 6, (ap_q_mode)5, (ap_o_mode)3, 0>, ap_fixed<16, 6, (ap_q_mode)5, (ap_o_mode)3, 0>, config16>' completely with a factor of 2 (firmware/nnet_utils/nnet_dense_resource.h:235:0)
INFO: [HLS 214-186] Unrolling loop 'MultLoop' (firmware/nnet_utils/nnet_dense_resource.h:130:9) in function 'nnet::dense_resource<ap_fixed<16, 6, (ap_q_mode)5, (ap_o_mode)3, 0>, ap_fixed<16, 6, (ap_q_mode)5, (ap_o_mode)3, 0>, config16>' completely with a factor of 1 (firmware/nnet_utils/nnet_dense_resource.h:235:0)
INFO: [HLS 214-186] Unrolling loop 'InitAccum' (firmware/nnet_utils/nnet_dense_resource.h:104:5) in function 'nnet::dense_resource<ap_fixed<16, 6, (ap_q_mode)5, (ap_o_mode)3, 0>, ap_fixed<16, 6, (ap_q_mode)5, (ap_o_mode)3, 0>, config16>' completely with a factor of 2 (firmware/nnet_utils/nnet_dense_resource.h:235:0)
INFO: [HLS 214-186] Unrolling loop 'Result' (firmware/nnet_utils/nnet_dense_resource.h:74:5) in function 'nnet::dense_resource<ap_fixed<16, 6, (ap_q_mode)5, (ap_o_mode)3, 0>, ap_fixed<16, 6, (ap_q_mode)5, (ap_o_mode)3, 0>, config14>' completely with a factor of 56 (firmware/nnet_utils/nnet_dense_resource.h:235:0)
INFO: [HLS 214-186] Unrolling loop 'MultLoop' (firmware/nnet_utils/nnet_dense_resource.h:50:9) in function 'nnet::dense_resource<ap_fixed<16, 6, (ap_q_mode)5, (ap_o_mode)3, 0>, ap_fixed<16, 6, (ap_q_mode)5, (ap_o_mode)3, 0>, config14>' completely with a factor of 280 (firmware/nnet_utils/nnet_dense_resource.h:235:0)
INFO: [HLS 214-186] Unrolling loop 'InitAccum' (firmware/nnet_utils/nnet_dense_resource.h:36:5) in function 'nnet::dense_resource<ap_fixed<16, 6, (ap_q_mode)5, (ap_o_mode)3, 0>, ap_fixed<16, 6, (ap_q_mode)5, (ap_o_mode)3, 0>, config14>' completely with a factor of 56 (firmware/nnet_utils/nnet_dense_resource.h:235:0)
INFO: [HLS 214-186] Unrolling loop 'VITIS_LOOP_122_2' (firmware/nnet_utils/nnet_merge.h:122:23) in function 'nnet::concatenate1d<ap_fixed<10, 1, (ap_q_mode)4, (ap_o_mode)0, 0>, ap_fixed<10, 1, (ap_q_mode)4, (ap_o_mode)0, 0>, ap_fixed<16, 6, (ap_q_mode)5, (ap_o_mode)3, 0>, config13>' completely with a factor of 1 (firmware/nnet_utils/nnet_merge.h:116:0)
INFO: [HLS 214-186] Unrolling loop 'VITIS_LOOP_119_1' (firmware/nnet_utils/nnet_merge.h:119:20) in function 'nnet::concatenate1d<ap_fixed<10, 1, (ap_q_mode)4, (ap_o_mode)0, 0>, ap_fixed<10, 1, (ap_q_mode)4, (ap_o_mode)0, 0>, ap_fixed<16, 6, (ap_q_mode)5, (ap_o_mode)3, 0>, config13>' completely with a factor of 1 (firmware/nnet_utils/nnet_merge.h:116:0)
INFO: [HLS 214-186] Unrolling loop 'VITIS_LOOP_122_2' (firmware/nnet_utils/nnet_merge.h:122:23) in function 'nnet::concatenate1d<ap_fixed<16, 6, (ap_q_mode)5, (ap_o_mode)3, 0>, ap_fixed<10, 1, (ap_q_mode)4, (ap_o_mode)0, 0>, ap_fixed<16, 6, (ap_q_mode)5, (ap_o_mode)3, 0>, config12>' completely with a factor of 1 (firmware/nnet_utils/nnet_merge.h:116:0)
INFO: [HLS 214-186] Unrolling loop 'VITIS_LOOP_119_1' (firmware/nnet_utils/nnet_merge.h:119:20) in function 'nnet::concatenate1d<ap_fixed<16, 6, (ap_q_mode)5, (ap_o_mode)3, 0>, ap_fixed<10, 1, (ap_q_mode)4, (ap_o_mode)0, 0>, ap_fixed<16, 6, (ap_q_mode)5, (ap_o_mode)3, 0>, config12>' completely with a factor of 34 (firmware/nnet_utils/nnet_merge.h:116:0)
INFO: [HLS 214-186] Unrolling loop 'VITIS_LOOP_31_1' (firmware/nnet_utils/nnet_activation.h:31:19) in function 'nnet::linear<ap_fixed<16, 6, (ap_q_mode)5, (ap_o_mode)3, 0>, ap_fixed<10, 1, (ap_q_mode)4, (ap_o_mode)0, 0>, linear_config11>' completely with a factor of 1 (firmware/nnet_utils/nnet_activation.h:28:0)
INFO: [HLS 214-186] Unrolling loop 'VITIS_LOOP_31_1' (firmware/nnet_utils/nnet_activation.h:31:19) in function 'nnet::linear<ap_fixed<16, 6, (ap_q_mode)5, (ap_o_mode)3, 0>, ap_fixed<10, 1, (ap_q_mode)4, (ap_o_mode)0, 0>, linear_config10>' completely with a factor of 1 (firmware/nnet_utils/nnet_activation.h:28:0)
INFO: [HLS 214-186] Unrolling loop 'VITIS_LOOP_31_1' (firmware/nnet_utils/nnet_activation.h:31:19) in function 'nnet::linear<ap_fixed<16, 6, (ap_q_mode)5, (ap_o_mode)3, 0>, ap_fixed<10, 1, (ap_q_mode)4, (ap_o_mode)0, 0>, linear_config9>' completely with a factor of 1 (firmware/nnet_utils/nnet_activation.h:28:0)
INFO: [HLS 214-186] Unrolling loop 'VITIS_LOOP_122_2' (firmware/nnet_utils/nnet_merge.h:122:23) in function 'nnet::concatenate1d<ap_fixed<10, 1, (ap_q_mode)4, (ap_o_mode)0, 0>, ap_fixed<10, 1, (ap_q_mode)4, (ap_o_mode)0, 0>, ap_fixed<16, 6, (ap_q_mode)5, (ap_o_mode)3, 0>, config8>' completely with a factor of 13 (firmware/nnet_utils/nnet_merge.h:116:0)
INFO: [HLS 214-186] Unrolling loop 'VITIS_LOOP_119_1' (firmware/nnet_utils/nnet_merge.h:119:20) in function 'nnet::concatenate1d<ap_fixed<10, 1, (ap_q_mode)4, (ap_o_mode)0, 0>, ap_fixed<10, 1, (ap_q_mode)4, (ap_o_mode)0, 0>, ap_fixed<16, 6, (ap_q_mode)5, (ap_o_mode)3, 0>, config8>' completely with a factor of 21 (firmware/nnet_utils/nnet_merge.h:116:0)
INFO: [HLS 214-186] Unrolling loop 'VITIS_LOOP_31_1' (firmware/nnet_utils/nnet_activation.h:31:19) in function 'nnet::linear<ap_fixed<16, 6, (ap_q_mode)5, (ap_o_mode)3, 0>, ap_fixed<10, 1, (ap_q_mode)4, (ap_o_mode)0, 0>, linear_config4>' completely with a factor of 13 (firmware/nnet_utils/nnet_activation.h:28:0)
INFO: [HLS 214-186] Unrolling loop 'VITIS_LOOP_31_1' (firmware/nnet_utils/nnet_activation.h:31:19) in function 'nnet::linear<ap_fixed<16, 6, (ap_q_mode)5, (ap_o_mode)3, 0>, ap_fixed<10, 1, (ap_q_mode)4, (ap_o_mode)0, 0>, linear_config3>' completely with a factor of 21 (firmware/nnet_utils/nnet_activation.h:28:0)
WARNING: [HLS 214-167] The program may have out of bound array access on variable 'weights' (firmware/nnet_utils/nnet_mult.h:70:36)
INFO: [HLS 214-248] Applying array_partition to 'acc.i': Complete partitioning on dimension 1. (firmware/nnet_utils/nnet_dense_resource.h:100:29)
INFO: [HLS 214-248] Applying array_partition to 'layer3_out': Complete partitioning on dimension 1. (firmware/myproject.cpp:55:11)
INFO: [HLS 214-248] Applying array_partition to 'layer4_out': Complete partitioning on dimension 1. (firmware/myproject.cpp:59:14)
INFO: [HLS 214-248] Applying array_partition to 'layer8_out': Complete partitioning on dimension 1. (firmware/myproject.cpp:63:14)
INFO: [HLS 214-248] Applying array_partition to 'layer9_out': Complete partitioning on dimension 1. (firmware/myproject.cpp:67:14)
INFO: [HLS 214-248] Applying array_partition to 'layer10_out': Complete partitioning on dimension 1. (firmware/myproject.cpp:71:15)
INFO: [HLS 214-248] Applying array_partition to 'layer11_out': Complete partitioning on dimension 1. (firmware/myproject.cpp:75:15)
INFO: [HLS 214-248] Applying array_partition to 'layer12_out': Complete partitioning on dimension 1. (firmware/myproject.cpp:79:15)
INFO: [HLS 214-248] Applying array_partition to 'layer13_out': Complete partitioning on dimension 1. (firmware/myproject.cpp:83:15)
INFO: [HLS 214-248] Applying array_partition to 'layer14_out': Complete partitioning on dimension 1. (firmware/myproject.cpp:87:15)
INFO: [HLS 214-248] Applying array_partition to 'layer16_out': Complete partitioning on dimension 1. (firmware/myproject.cpp:91:15)
INFO: [HLS 214-248] Applying array_partition to 'layer18_out': Complete partitioning on dimension 1. (firmware/myproject.cpp:95:15)
INFO: [HLS 214-248] Applying array_partition to 'layer19_out': Complete partitioning on dimension 1. (firmware/myproject.cpp:99:15)
INFO: [HLS 214-248] Applying array_partition to 'layer20_out': Complete partitioning on dimension 1. (firmware/myproject.cpp:103:15)
INFO: [HLS 214-248] Applying array_partition to 'layer21_out': Complete partitioning on dimension 1. (firmware/myproject.cpp:107:15)
INFO: [HLS 214-248] Applying array_partition to 'layer23_out': Complete partitioning on dimension 1. (firmware/myproject.cpp:111:15)
INFO: [HLS 214-248] Applying array_partition to 'layer24_out': Complete partitioning on dimension 1. (firmware/myproject.cpp:115:15)
INFO: [HLS 214-248] Applying array_partition to 'layer26_out': Complete partitioning on dimension 1. (firmware/myproject.cpp:119:15)
INFO: [HLS 214-248] Applying array_partition to 'layer27_out': Complete partitioning on dimension 1. (firmware/myproject.cpp:123:15)
INFO: [HLS 214-248] Applying array_partition to 'layer29_out': Complete partitioning on dimension 1. (firmware/myproject.cpp:19:0)
INFO: [HLS 214-248] Applying array_partition to 'b14': Complete partitioning on dimension 1. (firmware/myproject.cpp:19:0)
INFO: [HLS 214-248] Applying array_partition to 'b16': Complete partitioning on dimension 1. (firmware/myproject.cpp:19:0)
INFO: [HLS 214-248] Applying array_partition to 'b21': Complete partitioning on dimension 1. (firmware/myproject.cpp:19:0)
INFO: [HLS 214-248] Applying array_partition to 'b24': Complete partitioning on dimension 1. (firmware/myproject.cpp:19:0)
INFO: [HLS 214-248] Applying array_partition to 'b27': Complete partitioning on dimension 1. (firmware/myproject.cpp:19:0)
INFO: [HLS 214-248] Applying array_reshape to 'x_profile': Complete reshaping on dimension 1. (firmware/myproject.cpp:19:0)
INFO: [HLS 214-248] Applying array_reshape to 'nModule': Complete reshaping on dimension 1. (firmware/myproject.cpp:19:0)
INFO: [HLS 214-248] Applying array_reshape to 'x_local': Complete reshaping on dimension 1. (firmware/myproject.cpp:19:0)
INFO: [HLS 214-248] Applying array_reshape to 'y_profile': Complete reshaping on dimension 1. (firmware/myproject.cpp:19:0)
INFO: [HLS 214-248] Applying array_reshape to 'y_local': Complete reshaping on dimension 1. (firmware/myproject.cpp:19:0)
INFO: [HLS 200-111] Finished Compiling Optimization and Transform: CPU user time: 14.46 seconds. CPU system time: 1.07 seconds. Elapsed time: 17.98 seconds; current allocated memory: 355.961 MB.
INFO: [HLS 200-111] Finished Checking Pragmas: CPU user time: 0 seconds. CPU system time: 0 seconds. Elapsed time: 0 seconds; current allocated memory: 355.961 MB.
INFO: [HLS 200-10] Starting code transformations ...
INFO: [HLS 200-111] Finished Standard Transforms: CPU user time: 0.39 seconds. CPU system time: 0 seconds. Elapsed time: 0.4 seconds; current allocated memory: 364.789 MB.
INFO: [HLS 200-10] Checking synthesizability ...
INFO: [HLS 200-111] Finished Checking Synthesizability: CPU user time: 0.51 seconds. CPU system time: 0.01 seconds. Elapsed time: 0.52 seconds; current allocated memory: 378.586 MB.
INFO: [XFORM 203-712] Applying dataflow to function 'myproject' (firmware/myproject.cpp:43:1), detected/extracted 19 process function(s): 
	 'nnet::linear<ap_fixed<16, 6, (ap_q_mode)5, (ap_o_mode)3, 0>, ap_fixed<10, 1, (ap_q_mode)4, (ap_o_mode)0, 0>, linear_config3>'
	 'nnet::linear<ap_fixed<16, 6, (ap_q_mode)5, (ap_o_mode)3, 0>, ap_fixed<10, 1, (ap_q_mode)4, (ap_o_mode)0, 0>, linear_config4>'
	 'nnet::concatenate1d<ap_fixed<10, 1, (ap_q_mode)4, (ap_o_mode)0, 0>, ap_fixed<10, 1, (ap_q_mode)4, (ap_o_mode)0, 0>, ap_fixed<16, 6, (ap_q_mode)5, (ap_o_mode)3, 0>, config8>'
	 'nnet::linear<ap_fixed<16, 6, (ap_q_mode)5, (ap_o_mode)3, 0>, ap_fixed<10, 1, (ap_q_mode)4, (ap_o_mode)0, 0>, linear_config9>'
	 'nnet::linear<ap_fixed<16, 6, (ap_q_mode)5, (ap_o_mode)3, 0>, ap_fixed<10, 1, (ap_q_mode)4, (ap_o_mode)0, 0>, linear_config10>'
	 'nnet::linear<ap_fixed<16, 6, (ap_q_mode)5, (ap_o_mode)3, 0>, ap_fixed<10, 1, (ap_q_mode)4, (ap_o_mode)0, 0>, linear_config11>'
	 'nnet::concatenate1d<ap_fixed<16, 6, (ap_q_mode)5, (ap_o_mode)3, 0>, ap_fixed<10, 1, (ap_q_mode)4, (ap_o_mode)0, 0>, ap_fixed<16, 6, (ap_q_mode)5, (ap_o_mode)3, 0>, config12>'
	 'nnet::concatenate1d<ap_fixed<10, 1, (ap_q_mode)4, (ap_o_mode)0, 0>, ap_fixed<10, 1, (ap_q_mode)4, (ap_o_mode)0, 0>, ap_fixed<16, 6, (ap_q_mode)5, (ap_o_mode)3, 0>, config13>'
	 'nnet::dense_resource<ap_fixed<16, 6, (ap_q_mode)5, (ap_o_mode)3, 0>, ap_fixed<16, 6, (ap_q_mode)5, (ap_o_mode)3, 0>, config14>'
	 'nnet::dense_resource<ap_fixed<16, 6, (ap_q_mode)5, (ap_o_mode)3, 0>, ap_fixed<16, 6, (ap_q_mode)5, (ap_o_mode)3, 0>, config16>'
	 'nnet::relu<ap_fixed<16, 6, (ap_q_mode)5, (ap_o_mode)3, 0>, ap_ufixed<8, 0, (ap_q_mode)4, (ap_o_mode)0, 0>, relu_config18>'
	 'nnet::relu<ap_fixed<16, 6, (ap_q_mode)5, (ap_o_mode)3, 0>, ap_ufixed<8, 0, (ap_q_mode)4, (ap_o_mode)0, 0>, relu_config19>'
	 'nnet::concatenate1d<ap_ufixed<8, 0, (ap_q_mode)4, (ap_o_mode)0, 0>, ap_ufixed<8, 0, (ap_q_mode)4, (ap_o_mode)0, 0>, ap_fixed<16, 6, (ap_q_mode)5, (ap_o_mode)3, 0>, config20>'
	 'nnet::dense_resource<ap_fixed<16, 6, (ap_q_mode)5, (ap_o_mode)3, 0>, ap_fixed<16, 6, (ap_q_mode)5, (ap_o_mode)3, 0>, config21>'
	 'nnet::relu<ap_fixed<16, 6, (ap_q_mode)5, (ap_o_mode)3, 0>, ap_ufixed<8, 0, (ap_q_mode)4, (ap_o_mode)0, 0>, relu_config23>'
	 'nnet::dense_resource<ap_ufixed<8, 0, (ap_q_mode)4, (ap_o_mode)0, 0>, ap_fixed<16, 6, (ap_q_mode)5, (ap_o_mode)3, 0>, config24>'
	 'nnet::relu<ap_fixed<16, 6, (ap_q_mode)5, (ap_o_mode)3, 0>, ap_ufixed<8, 0, (ap_q_mode)4, (ap_o_mode)0, 0>, relu_config26>'
	 'nnet::dense_resource<ap_ufixed<8, 0, (ap_q_mode)4, (ap_o_mode)0, 0>, ap_fixed<16, 6, (ap_q_mode)5, (ap_o_mode)3, 0>, config27>'
	 'nnet::hard_sigmoid<ap_fixed<16, 6, (ap_q_mode)5, (ap_o_mode)3, 0>, ap_ufixed<8, 0, (ap_q_mode)4, (ap_o_mode)0, 0>, hard_sigmoid_config29>'.
INFO: [XFORM 203-401] Performing if-conversion on hyperblock from (firmware/nnet_utils/nnet_activation.h:40:9) to (firmware/nnet_utils/nnet_activation.h:50:1) in function 'nnet::relu<ap_fixed<16, 6, (ap_q_mode)5, (ap_o_mode)3, 0>, ap_ufixed<8, 0, (ap_q_mode)4, (ap_o_mode)0, 0>, relu_config26>'... converting 41 basic blocks.
INFO: [XFORM 203-401] Performing if-conversion on hyperblock from (firmware/nnet_utils/nnet_activation.h:40:9) to (firmware/nnet_utils/nnet_activation.h:50:1) in function 'nnet::relu<ap_fixed<16, 6, (ap_q_mode)5, (ap_o_mode)3, 0>, ap_ufixed<8, 0, (ap_q_mode)4, (ap_o_mode)0, 0>, relu_config23>'... converting 113 basic blocks.
INFO: [XFORM 203-401] Performing if-conversion on hyperblock from (firmware/nnet_utils/nnet_activation.h:40:9) to (firmware/nnet_utils/nnet_activation.h:50:1) in function 'nnet::relu<ap_fixed<16, 6, (ap_q_mode)5, (ap_o_mode)3, 0>, ap_ufixed<8, 0, (ap_q_mode)4, (ap_o_mode)0, 0>, relu_config19>'... converting 9 basic blocks.
INFO: [XFORM 203-401] Performing if-conversion on hyperblock from (firmware/nnet_utils/nnet_activation.h:40:9) to (firmware/nnet_utils/nnet_activation.h:50:1) in function 'nnet::relu<ap_fixed<16, 6, (ap_q_mode)5, (ap_o_mode)3, 0>, ap_ufixed<8, 0, (ap_q_mode)4, (ap_o_mode)0, 0>, relu_config18>'... converting 225 basic blocks.
INFO: [XFORM 203-401] Performing if-conversion on hyperblock from (firmware/nnet_utils/nnet_activation.h:32:19) to (firmware/nnet_utils/nnet_activation.h:34:1) in function 'nnet::linear<ap_fixed<16, 6, (ap_q_mode)5, (ap_o_mode)3, 0>, ap_fixed<10, 1, (ap_q_mode)4, (ap_o_mode)0, 0>, linear_config9>'... converting 3 basic blocks.
INFO: [XFORM 203-401] Performing if-conversion on hyperblock from (firmware/nnet_utils/nnet_activation.h:32:19) to (firmware/nnet_utils/nnet_activation.h:34:1) in function 'nnet::linear<ap_fixed<16, 6, (ap_q_mode)5, (ap_o_mode)3, 0>, ap_fixed<10, 1, (ap_q_mode)4, (ap_o_mode)0, 0>, linear_config4>'... converting 27 basic blocks.
INFO: [XFORM 203-401] Performing if-conversion on hyperblock from (firmware/nnet_utils/nnet_activation.h:32:19) to (firmware/nnet_utils/nnet_activation.h:34:1) in function 'nnet::linear<ap_fixed<16, 6, (ap_q_mode)5, (ap_o_mode)3, 0>, ap_fixed<10, 1, (ap_q_mode)4, (ap_o_mode)0, 0>, linear_config3>'... converting 43 basic blocks.
INFO: [XFORM 203-401] Performing if-conversion on hyperblock from (firmware/nnet_utils/nnet_activation.h:32:19) to (firmware/nnet_utils/nnet_activation.h:34:1) in function 'nnet::linear<ap_fixed<16, 6, (ap_q_mode)5, (ap_o_mode)3, 0>, ap_fixed<10, 1, (ap_q_mode)4, (ap_o_mode)0, 0>, linear_config11>'... converting 3 basic blocks.
INFO: [XFORM 203-401] Performing if-conversion on hyperblock from (firmware/nnet_utils/nnet_activation.h:32:19) to (firmware/nnet_utils/nnet_activation.h:34:1) in function 'nnet::linear<ap_fixed<16, 6, (ap_q_mode)5, (ap_o_mode)3, 0>, ap_fixed<10, 1, (ap_q_mode)4, (ap_o_mode)0, 0>, linear_config10>'... converting 3 basic blocks.
INFO: [XFORM 203-401] Performing if-conversion on hyperblock from (firmware/nnet_utils/nnet_activation.h:449:9) to (firmware/nnet_utils/nnet_activation.h:459:1) in function 'nnet::hard_sigmoid<ap_fixed<16, 6, (ap_q_mode)5, (ap_o_mode)3, 0>, ap_ufixed<8, 0, (ap_q_mode)4, (ap_o_mode)0, 0>, hard_sigmoid_config29>'... converting 3 basic blocks.
INFO: [XFORM 203-401] Performing if-conversion on hyperblock from (firmware/nnet_utils/nnet_dense_resource.h:125:9) to (firmware/nnet_utils/nnet_dense_resource.h:124:5) in function 'nnet::dense_resource<ap_fixed<16, 6, (ap_q_mode)5, (ap_o_mode)3, 0>, ap_fixed<16, 6, (ap_q_mode)5, (ap_o_mode)3, 0>, config16>'... converting 6 basic blocks.
INFO: [XFORM 203-11] Balancing expressions in function 'nnet::dense_resource<ap_fixed<16, 6, (ap_q_mode)5, (ap_o_mode)3, 0>, ap_fixed<16, 6, (ap_q_mode)5, (ap_o_mode)3, 0>, config14>' (firmware/nnet_utils/nnet_dense_resource.h:38:17)...280 expression(s) balanced.
INFO: [HLS 200-111] Finished Loop, function and other optimizations: CPU user time: 2.91 seconds. CPU system time: 0.03 seconds. Elapsed time: 2.95 seconds; current allocated memory: 428.762 MB.
INFO: [XFORM 203-531] Rewinding loop 'ReuseLoop' (firmware/nnet_utils/nnet_dense_resource.h:42) in function 'dense_resource<ap_ufixed<8, 0, 4, 0, 0>, ap_fixed<16, 6, 5, 3, 0>, config27>'.
INFO: [XFORM 203-531] Rewinding loop 'ReuseLoop' (firmware/nnet_utils/nnet_dense_resource.h:42) in function 'dense_resource<ap_ufixed<8, 0, 4, 0, 0>, ap_fixed<16, 6, 5, 3, 0>, config24>'.
INFO: [XFORM 203-531] Rewinding loop 'ReuseLoop' (firmware/nnet_utils/nnet_dense_resource.h:42) in function 'dense_resource<ap_fixed<16, 6, 5, 3, 0>, ap_fixed<16, 6, 5, 3, 0>, config21>'.
INFO: [XFORM 203-531] Rewinding loop 'ReuseLoop' (firmware/nnet_utils/nnet_dense_resource.h:124) in function 'dense_resource<ap_fixed<16, 6, 5, 3, 0>, ap_fixed<16, 6, 5, 3, 0>, config16>'.
INFO: [XFORM 203-531] Rewinding loop 'ReuseLoop' (firmware/nnet_utils/nnet_dense_resource.h:42) in function 'dense_resource<ap_fixed<16, 6, 5, 3, 0>, ap_fixed<16, 6, 5, 3, 0>, config14>'.
WARNING: [HLS 200-1449] Process dense_resource<ap_fixed<16, 6, 5, 3, 0>, ap_fixed<16, 6, 5, 3, 0>, config14> has both a predecessor and reads an input from its caller (see the GUI dataflow viewer). This may lead to lower throughput. Consider copying this input via a predecessor process.
WARNING: [HLS 200-1449] Process dense_resource<ap_fixed<16, 6, 5, 3, 0>, ap_fixed<16, 6, 5, 3, 0>, config16> has both a predecessor and reads an input from its caller (see the GUI dataflow viewer). This may lead to lower throughput. Consider copying this input via a predecessor process.
WARNING: [HLS 200-1449] Process dense_resource<ap_fixed<16, 6, 5, 3, 0>, ap_fixed<16, 6, 5, 3, 0>, config21> has both a predecessor and reads an input from its caller (see the GUI dataflow viewer). This may lead to lower throughput. Consider copying this input via a predecessor process.
WARNING: [HLS 200-1449] Process dense_resource<ap_ufixed<8, 0, 4, 0, 0>, ap_fixed<16, 6, 5, 3, 0>, config24> has both a predecessor and reads an input from its caller (see the GUI dataflow viewer). This may lead to lower throughput. Consider copying this input via a predecessor process.
WARNING: [HLS 200-1449] Process dense_resource<ap_ufixed<8, 0, 4, 0, 0>, ap_fixed<16, 6, 5, 3, 0>, config27> has both a predecessor and reads an input from its caller (see the GUI dataflow viewer). This may lead to lower throughput. Consider copying this input via a predecessor process.
INFO: [HLS 200-111] Finished Architecture Synthesis: CPU user time: 1.61 seconds. CPU system time: 0.06 seconds. Elapsed time: 1.69 seconds; current allocated memory: 636.465 MB.
INFO: [HLS 200-10] Starting hardware synthesis ...
INFO: [HLS 200-10] Synthesizing 'myproject' ...
WARNING: [SYN 201-103] Legalizing function name 'linear<ap_fixed<16, 6, 5, 3, 0>, ap_fixed<10, 1, 4, 0, 0>, linear_config3>' to 'linear_ap_fixed_16_6_5_3_0_ap_fixed_10_1_4_0_0_linear_config3_s'.
WARNING: [SYN 201-103] Legalizing function name 'linear<ap_fixed<16, 6, 5, 3, 0>, ap_fixed<10, 1, 4, 0, 0>, linear_config4>' to 'linear_ap_fixed_16_6_5_3_0_ap_fixed_10_1_4_0_0_linear_config4_s'.
WARNING: [SYN 201-103] Legalizing function name 'concatenate1d<ap_fixed,ap_fixed,ap_fixed<16,6,5,3,0>,config8>' to 'concatenate1d_ap_fixed_ap_fixed_ap_fixed_16_6_5_3_0_config8_s'.
WARNING: [SYN 201-103] Legalizing function name 'linear<ap_fixed<16, 6, 5, 3, 0>, ap_fixed<10, 1, 4, 0, 0>, linear_config9>' to 'linear_ap_fixed_16_6_5_3_0_ap_fixed_10_1_4_0_0_linear_config9_s'.
WARNING: [SYN 201-103] Legalizing function name 'linear<ap_fixed<16, 6, 5, 3, 0>, ap_fixed<10, 1, 4, 0, 0>, linear_config10>' to 'linear_ap_fixed_16_6_5_3_0_ap_fixed_10_1_4_0_0_linear_config10_s'.
WARNING: [SYN 201-103] Legalizing function name 'linear<ap_fixed<16, 6, 5, 3, 0>, ap_fixed<10, 1, 4, 0, 0>, linear_config11>' to 'linear_ap_fixed_16_6_5_3_0_ap_fixed_10_1_4_0_0_linear_config11_s'.
WARNING: [SYN 201-103] Legalizing function name 'concatenate1d<ap_fixed,ap_fixed,ap_fixed<16,6,5,3,0>,config12>' to 'concatenate1d_ap_fixed_ap_fixed_ap_fixed_16_6_5_3_0_config12_s'.
WARNING: [SYN 201-103] Legalizing function name 'concatenate1d<ap_fixed,ap_fixed,ap_fixed<16,6,5,3,0>,config13>' to 'concatenate1d_ap_fixed_ap_fixed_ap_fixed_16_6_5_3_0_config13_s'.
WARNING: [SYN 201-103] Legalizing function name 'dense_resource<ap_fixed<16, 6, 5, 3, 0>, ap_fixed<16, 6, 5, 3, 0>, config14>' to 'dense_resource_ap_fixed_16_6_5_3_0_ap_fixed_16_6_5_3_0_config14_s'.
WARNING: [SYN 201-103] Legalizing function name 'dense_resource<ap_fixed<16, 6, 5, 3, 0>, ap_fixed<16, 6, 5, 3, 0>, config16>' to 'dense_resource_ap_fixed_16_6_5_3_0_ap_fixed_16_6_5_3_0_config16_s'.
WARNING: [SYN 201-103] Legalizing function name 'relu<ap_fixed<16, 6, 5, 3, 0>, ap_ufixed<8, 0, 4, 0, 0>, relu_config18>' to 'relu_ap_fixed_16_6_5_3_0_ap_ufixed_8_0_4_0_0_relu_config18_s'.
WARNING: [SYN 201-103] Legalizing function name 'relu<ap_fixed<16, 6, 5, 3, 0>, ap_ufixed<8, 0, 4, 0, 0>, relu_config19>' to 'relu_ap_fixed_16_6_5_3_0_ap_ufixed_8_0_4_0_0_relu_config19_s'.
WARNING: [SYN 201-103] Legalizing function name 'concatenate1d<ap_ufixed,ap_ufixed,ap_fixed<16,6,5,3,0>,config20>' to 'concatenate1d_ap_ufixed_ap_ufixed_ap_fixed_16_6_5_3_0_config20_s'.
WARNING: [SYN 201-103] Legalizing function name 'dense_resource<ap_fixed<16, 6, 5, 3, 0>, ap_fixed<16, 6, 5, 3, 0>, config21>' to 'dense_resource_ap_fixed_16_6_5_3_0_ap_fixed_16_6_5_3_0_config21_s'.
WARNING: [SYN 201-103] Legalizing function name 'relu<ap_fixed<16, 6, 5, 3, 0>, ap_ufixed<8, 0, 4, 0, 0>, relu_config23>' to 'relu_ap_fixed_16_6_5_3_0_ap_ufixed_8_0_4_0_0_relu_config23_s'.
WARNING: [SYN 201-103] Legalizing function name 'dense_resource<ap_ufixed<8, 0, 4, 0, 0>, ap_fixed<16, 6, 5, 3, 0>, config24>' to 'dense_resource_ap_ufixed_8_0_4_0_0_ap_fixed_16_6_5_3_0_config24_s'.
WARNING: [SYN 201-103] Legalizing function name 'relu<ap_fixed<16, 6, 5, 3, 0>, ap_ufixed<8, 0, 4, 0, 0>, relu_config26>' to 'relu_ap_fixed_16_6_5_3_0_ap_ufixed_8_0_4_0_0_relu_config26_s'.
WARNING: [SYN 201-103] Legalizing function name 'dense_resource<ap_ufixed<8, 0, 4, 0, 0>, ap_fixed<16, 6, 5, 3, 0>, config27>' to 'dense_resource_ap_ufixed_8_0_4_0_0_ap_fixed_16_6_5_3_0_config27_s'.
WARNING: [SYN 201-103] Legalizing function name 'hard_sigmoid<ap_fixed,ap_ufixed<8,0,4,0,0>,hard_sigmoid_config29>' to 'hard_sigmoid_ap_fixed_ap_ufixed_8_0_4_0_0_hard_sigmoid_config29_s'.
INFO: [HLS 200-10] ----------------------------------------------------------------
INFO: [HLS 200-42] -- Implementing module 'linear_ap_fixed_16_6_5_3_0_ap_fixed_10_1_4_0_0_linear_config3_s' 
INFO: [HLS 200-10] ----------------------------------------------------------------
INFO: [SCHED 204-11] Starting scheduling ...
INFO: [SCHED 204-61] Pipelining function 'linear<ap_fixed<16, 6, 5, 3, 0>, ap_fixed<10, 1, 4, 0, 0>, linear_config3>'.
INFO: [HLS 200-1470] Pipelining result : Target II = NA, Final II = 1, Depth = 1, function 'linear<ap_fixed<16, 6, 5, 3, 0>, ap_fixed<10, 1, 4, 0, 0>, linear_config3>'
INFO: [SCHED 204-11] Finished scheduling.
INFO: [HLS 200-111] Finished Scheduling: CPU user time: 0.3 seconds. CPU system time: 0.05 seconds. Elapsed time: 0.35 seconds; current allocated memory: 645.832 MB.
INFO: [BIND 205-100] Starting micro-architecture generation ...
INFO: [BIND 205-101] Performing variable lifetime analysis.
INFO: [BIND 205-101] Exploring resource sharing.
INFO: [BIND 205-101] Binding ...
INFO: [BIND 205-100] Finished micro-architecture generation.
INFO: [HLS 200-111] Finished Binding: CPU user time: 0.09 seconds. CPU system time: 0.01 seconds. Elapsed time: 0.11 seconds; current allocated memory: 646.938 MB.
INFO: [HLS 200-10] ----------------------------------------------------------------
INFO: [HLS 200-42] -- Implementing module 'linear_ap_fixed_16_6_5_3_0_ap_fixed_10_1_4_0_0_linear_config4_s' 
INFO: [HLS 200-10] ----------------------------------------------------------------
INFO: [SCHED 204-11] Starting scheduling ...
INFO: [SCHED 204-61] Pipelining function 'linear<ap_fixed<16, 6, 5, 3, 0>, ap_fixed<10, 1, 4, 0, 0>, linear_config4>'.
INFO: [HLS 200-1470] Pipelining result : Target II = NA, Final II = 1, Depth = 1, function 'linear<ap_fixed<16, 6, 5, 3, 0>, ap_fixed<10, 1, 4, 0, 0>, linear_config4>'
INFO: [SCHED 204-11] Finished scheduling.
INFO: [HLS 200-111] Finished Scheduling: CPU user time: 0.16 seconds. CPU system time: 0.01 seconds. Elapsed time: 0.17 seconds; current allocated memory: 651.273 MB.
INFO: [BIND 205-100] Starting micro-architecture generation ...
INFO: [BIND 205-101] Performing variable lifetime analysis.
INFO: [BIND 205-101] Exploring resource sharing.
INFO: [BIND 205-101] Binding ...
INFO: [BIND 205-100] Finished micro-architecture generation.
INFO: [HLS 200-111] Finished Binding: CPU user time: 0.06 seconds. CPU system time: 0 seconds. Elapsed time: 0.06 seconds; current allocated memory: 652.297 MB.
INFO: [HLS 200-10] ----------------------------------------------------------------
INFO: [HLS 200-42] -- Implementing module 'concatenate1d_ap_fixed_ap_fixed_ap_fixed_16_6_5_3_0_config8_s' 
INFO: [HLS 200-10] ----------------------------------------------------------------
INFO: [SCHED 204-11] Starting scheduling ...
INFO: [SCHED 204-61] Pipelining function 'concatenate1d<ap_fixed,ap_fixed,ap_fixed<16,6,5,3,0>,config8>'.
INFO: [HLS 200-1470] Pipelining result : Target II = NA, Final II = 1, Depth = 1, function 'concatenate1d<ap_fixed,ap_fixed,ap_fixed<16,6,5,3,0>,config8>'
INFO: [SCHED 204-11] Finished scheduling.
INFO: [HLS 200-111] Finished Scheduling: CPU user time: 0.08 seconds. CPU system time: 0.01 seconds. Elapsed time: 0.1 seconds; current allocated memory: 653.086 MB.
INFO: [BIND 205-100] Starting micro-architecture generation ...
INFO: [BIND 205-101] Performing variable lifetime analysis.
INFO: [BIND 205-101] Exploring resource sharing.
INFO: [BIND 205-101] Binding ...
INFO: [BIND 205-100] Finished micro-architecture generation.
INFO: [HLS 200-111] Finished Binding: CPU user time: 0.02 seconds. CPU system time: 0 seconds. Elapsed time: 0.03 seconds; current allocated memory: 653.266 MB.
INFO: [HLS 200-10] ----------------------------------------------------------------
INFO: [HLS 200-42] -- Implementing module 'linear_ap_fixed_16_6_5_3_0_ap_fixed_10_1_4_0_0_linear_config9_s' 
INFO: [HLS 200-10] ----------------------------------------------------------------
INFO: [SCHED 204-11] Starting scheduling ...
INFO: [SCHED 204-61] Pipelining function 'linear<ap_fixed<16, 6, 5, 3, 0>, ap_fixed<10, 1, 4, 0, 0>, linear_config9>'.
INFO: [HLS 200-1470] Pipelining result : Target II = NA, Final II = 1, Depth = 1, function 'linear<ap_fixed<16, 6, 5, 3, 0>, ap_fixed<10, 1, 4, 0, 0>, linear_config9>'
INFO: [SCHED 204-11] Finished scheduling.
INFO: [HLS 200-111] Finished Scheduling: CPU user time: 0.04 seconds. CPU system time: 0.01 seconds. Elapsed time: 0.04 seconds; current allocated memory: 653.723 MB.
INFO: [BIND 205-100] Starting micro-architecture generation ...
INFO: [BIND 205-101] Performing variable lifetime analysis.
INFO: [BIND 205-101] Exploring resource sharing.
INFO: [BIND 205-101] Binding ...
INFO: [BIND 205-100] Finished micro-architecture generation.
INFO: [HLS 200-111] Finished Binding: CPU user time: 0.02 seconds. CPU system time: 0 seconds. Elapsed time: 0.03 seconds; current allocated memory: 653.910 MB.
INFO: [HLS 200-10] ----------------------------------------------------------------
INFO: [HLS 200-42] -- Implementing module 'linear_ap_fixed_16_6_5_3_0_ap_fixed_10_1_4_0_0_linear_config10_s' 
INFO: [HLS 200-10] ----------------------------------------------------------------
INFO: [SCHED 204-11] Starting scheduling ...
INFO: [SCHED 204-61] Pipelining function 'linear<ap_fixed<16, 6, 5, 3, 0>, ap_fixed<10, 1, 4, 0, 0>, linear_config10>'.
INFO: [HLS 200-1470] Pipelining result : Target II = NA, Final II = 1, Depth = 1, function 'linear<ap_fixed<16, 6, 5, 3, 0>, ap_fixed<10, 1, 4, 0, 0>, linear_config10>'
INFO: [SCHED 204-11] Finished scheduling.
INFO: [HLS 200-111] Finished Scheduling: CPU user time: 0.03 seconds. CPU system time: 0 seconds. Elapsed time: 0.04 seconds; current allocated memory: 654.254 MB.
INFO: [BIND 205-100] Starting micro-architecture generation ...
INFO: [BIND 205-101] Performing variable lifetime analysis.
INFO: [BIND 205-101] Exploring resource sharing.
INFO: [BIND 205-101] Binding ...
INFO: [BIND 205-100] Finished micro-architecture generation.
INFO: [HLS 200-111] Finished Binding: CPU user time: 0.03 seconds. CPU system time: 0.01 seconds. Elapsed time: 0.03 seconds; current allocated memory: 654.426 MB.
INFO: [HLS 200-10] ----------------------------------------------------------------
INFO: [HLS 200-42] -- Implementing module 'linear_ap_fixed_16_6_5_3_0_ap_fixed_10_1_4_0_0_linear_config11_s' 
INFO: [HLS 200-10] ----------------------------------------------------------------
INFO: [SCHED 204-11] Starting scheduling ...
INFO: [SCHED 204-61] Pipelining function 'linear<ap_fixed<16, 6, 5, 3, 0>, ap_fixed<10, 1, 4, 0, 0>, linear_config11>'.
INFO: [HLS 200-1470] Pipelining result : Target II = NA, Final II = 1, Depth = 1, function 'linear<ap_fixed<16, 6, 5, 3, 0>, ap_fixed<10, 1, 4, 0, 0>, linear_config11>'
INFO: [SCHED 204-11] Finished scheduling.
INFO: [HLS 200-111] Finished Scheduling: CPU user time: 0.03 seconds. CPU system time: 0 seconds. Elapsed time: 0.04 seconds; current allocated memory: 654.805 MB.
INFO: [BIND 205-100] Starting micro-architecture generation ...
INFO: [BIND 205-101] Performing variable lifetime analysis.
INFO: [BIND 205-101] Exploring resource sharing.
INFO: [BIND 205-101] Binding ...
INFO: [BIND 205-100] Finished micro-architecture generation.
INFO: [HLS 200-111] Finished Binding: CPU user time: 0.02 seconds. CPU system time: 0 seconds. Elapsed time: 0.03 seconds; current allocated memory: 654.992 MB.
INFO: [HLS 200-10] ----------------------------------------------------------------
INFO: [HLS 200-42] -- Implementing module 'concatenate1d_ap_fixed_ap_fixed_ap_fixed_16_6_5_3_0_config12_s' 
INFO: [HLS 200-10] ----------------------------------------------------------------
INFO: [SCHED 204-11] Starting scheduling ...
INFO: [SCHED 204-61] Pipelining function 'concatenate1d<ap_fixed,ap_fixed,ap_fixed<16,6,5,3,0>,config12>'.
INFO: [HLS 200-1470] Pipelining result : Target II = NA, Final II = 1, Depth = 1, function 'concatenate1d<ap_fixed,ap_fixed,ap_fixed<16,6,5,3,0>,config12>'
INFO: [SCHED 204-11] Finished scheduling.
INFO: [HLS 200-111] Finished Scheduling: CPU user time: 0.06 seconds. CPU system time: 0.01 seconds. Elapsed time: 0.06 seconds; current allocated memory: 655.504 MB.
INFO: [BIND 205-100] Starting micro-architecture generation ...
INFO: [BIND 205-101] Performing variable lifetime analysis.
INFO: [BIND 205-101] Exploring resource sharing.
INFO: [BIND 205-101] Binding ...
INFO: [BIND 205-100] Finished micro-architecture generation.
INFO: [HLS 200-111] Finished Binding: CPU user time: 0.03 seconds. CPU system time: 0 seconds. Elapsed time: 0.03 seconds; current allocated memory: 655.754 MB.
INFO: [HLS 200-10] ----------------------------------------------------------------
INFO: [HLS 200-42] -- Implementing module 'concatenate1d_ap_fixed_ap_fixed_ap_fixed_16_6_5_3_0_config13_s' 
INFO: [HLS 200-10] ----------------------------------------------------------------
INFO: [SCHED 204-11] Starting scheduling ...
INFO: [SCHED 204-61] Pipelining function 'concatenate1d<ap_fixed,ap_fixed,ap_fixed<16,6,5,3,0>,config13>'.
INFO: [HLS 200-1470] Pipelining result : Target II = NA, Final II = 1, Depth = 1, function 'concatenate1d<ap_fixed,ap_fixed,ap_fixed<16,6,5,3,0>,config13>'
INFO: [SCHED 204-11] Finished scheduling.
INFO: [HLS 200-111] Finished Scheduling: CPU user time: 0.04 seconds. CPU system time: 0 seconds. Elapsed time: 0.04 seconds; current allocated memory: 655.855 MB.
INFO: [BIND 205-100] Starting micro-architecture generation ...
INFO: [BIND 205-101] Performing variable lifetime analysis.
INFO: [BIND 205-101] Exploring resource sharing.
INFO: [BIND 205-101] Binding ...
INFO: [BIND 205-100] Finished micro-architecture generation.
INFO: [HLS 200-111] Finished Binding: CPU user time: 0.02 seconds. CPU system time: 0 seconds. Elapsed time: 0.03 seconds; current allocated memory: 655.855 MB.
INFO: [HLS 200-10] ----------------------------------------------------------------
INFO: [HLS 200-42] -- Implementing module 'dense_resource_ap_fixed_16_6_5_3_0_ap_fixed_16_6_5_3_0_config14_s' 
INFO: [HLS 200-10] ----------------------------------------------------------------
INFO: [SCHED 204-11] Starting scheduling ...
INFO: [SCHED 204-61] Pipelining loop 'ReuseLoop'.
WARNING: [HLS 200-885] The II Violation in module 'dense_resource_ap_fixed_16_6_5_3_0_ap_fixed_16_6_5_3_0_config14_s' (loop 'ReuseLoop'): Unable to schedule 'load' operation 8 bit ('w', firmware/nnet_utils/nnet_dense_resource.h:55->firmware/nnet_utils/nnet_dense_resource.h:240) on array 'w14' due to limited memory ports (II = 1). Please consider using a memory core with more ports or partitioning the array 'w14'.
Resolution: For help on HLS 200-885 see docs.xilinx.com/access/sources/dita/topic?Doc_Version=2024.1%20English&url=ug1448-hls-guidance&resourceid=200-885.html
WARNING: [HLS 200-885] The II Violation in module 'dense_resource_ap_fixed_16_6_5_3_0_ap_fixed_16_6_5_3_0_config14_s' (loop 'ReuseLoop'): Unable to schedule 'load' operation 8 bit ('w', firmware/nnet_utils/nnet_dense_resource.h:55->firmware/nnet_utils/nnet_dense_resource.h:240) on array 'w14' due to limited memory ports (II = 2). Please consider using a memory core with more ports or partitioning the array 'w14'.
Resolution: For help on HLS 200-885 see docs.xilinx.com/access/sources/dita/topic?Doc_Version=2024.1%20English&url=ug1448-hls-guidance&resourceid=200-885.html
WARNING: [HLS 200-885] The II Violation in module 'dense_resource_ap_fixed_16_6_5_3_0_ap_fixed_16_6_5_3_0_config14_s' (loop 'ReuseLoop'): Unable to schedule 'load' operation 8 bit ('w', firmware/nnet_utils/nnet_dense_resource.h:55->firmware/nnet_utils/nnet_dense_resource.h:240) on array 'w14' due to limited memory ports (II = 3). Please consider using a memory core with more ports or partitioning the array 'w14'.
Resolution: For help on HLS 200-885 see docs.xilinx.com/access/sources/dita/topic?Doc_Version=2024.1%20English&url=ug1448-hls-guidance&resourceid=200-885.html
WARNING: [HLS 200-885] The II Violation in module 'dense_resource_ap_fixed_16_6_5_3_0_ap_fixed_16_6_5_3_0_config14_s' (loop 'ReuseLoop'): Unable to schedule 'load' operation 8 bit ('w', firmware/nnet_utils/nnet_dense_resource.h:55->firmware/nnet_utils/nnet_dense_resource.h:240) on array 'w14' due to limited memory ports (II = 4). Please consider using a memory core with more ports or partitioning the array 'w14'.
Resolution: For help on HLS 200-885 see docs.xilinx.com/access/sources/dita/topic?Doc_Version=2024.1%20English&url=ug1448-hls-guidance&resourceid=200-885.html
WARNING: [HLS 200-885] The II Violation in module 'dense_resource_ap_fixed_16_6_5_3_0_ap_fixed_16_6_5_3_0_config14_s' (loop 'ReuseLoop'): Unable to schedule 'load' operation 8 bit ('w', firmware/nnet_utils/nnet_dense_resource.h:55->firmware/nnet_utils/nnet_dense_resource.h:240) on array 'w14' due to limited memory ports (II = 130). Please consider using a memory core with more ports or partitioning the array 'w14'.
Resolution: For help on HLS 200-885 see docs.xilinx.com/access/sources/dita/topic?Doc_Version=2024.1%20English&url=ug1448-hls-guidance&resourceid=200-885.html
WARNING: [HLS 200-885] The II Violation in module 'dense_resource_ap_fixed_16_6_5_3_0_ap_fixed_16_6_5_3_0_config14_s' (loop 'ReuseLoop'): Unable to schedule 'load' operation 8 bit ('w', firmware/nnet_utils/nnet_dense_resource.h:55->firmware/nnet_utils/nnet_dense_resource.h:240) on array 'w14' due to limited memory ports (II = 137). Please consider using a memory core with more ports or partitioning the array 'w14'.
Resolution: For help on HLS 200-885 see docs.xilinx.com/access/sources/dita/topic?Doc_Version=2024.1%20English&url=ug1448-hls-guidance&resourceid=200-885.html
WARNING: [HLS 200-885] The II Violation in module 'dense_resource_ap_fixed_16_6_5_3_0_ap_fixed_16_6_5_3_0_config14_s' (loop 'ReuseLoop'): Unable to schedule 'load' operation 8 bit ('w', firmware/nnet_utils/nnet_dense_resource.h:55->firmware/nnet_utils/nnet_dense_resource.h:240) on array 'w14' due to limited memory ports (II = 139). Please consider using a memory core with more ports or partitioning the array 'w14'.
Resolution: For help on HLS 200-885 see docs.xilinx.com/access/sources/dita/topic?Doc_Version=2024.1%20English&url=ug1448-hls-guidance&resourceid=200-885.html
INFO: [HLS 200-1470] Pipelining result : Target II = 1, Final II = 140, Depth = 141, loop 'ReuseLoop'
INFO: [SCHED 204-11] Finished scheduling.
INFO: [HLS 200-111] Finished Scheduling: CPU user time: 28.57 seconds. CPU system time: 0.08 seconds. Elapsed time: 28.76 seconds; current allocated memory: 705.660 MB.
INFO: [BIND 205-100] Starting micro-architecture generation ...
INFO: [BIND 205-101] Performing variable lifetime analysis.
INFO: [BIND 205-101] Exploring resource sharing.
INFO: [BIND 205-101] Binding ...
INFO: [BIND 205-100] Finished micro-architecture generation.
INFO: [HLS 200-111] Finished Binding: CPU user time: 0.95 seconds. CPU system time: 0.03 seconds. Elapsed time: 0.98 seconds; current allocated memory: 705.660 MB.
INFO: [HLS 200-10] ----------------------------------------------------------------
INFO: [HLS 200-42] -- Implementing module 'dense_resource_ap_fixed_16_6_5_3_0_ap_fixed_16_6_5_3_0_config16_s' 
INFO: [HLS 200-10] ----------------------------------------------------------------
INFO: [SCHED 204-11] Starting scheduling ...
INFO: [SCHED 204-61] Pipelining loop 'ReuseLoop'.
INFO: [HLS 200-1470] Pipelining result : Target II = 1, Final II = 1, Depth = 2, loop 'ReuseLoop'
INFO: [SCHED 204-11] Finished scheduling.
INFO: [HLS 200-111] Finished Scheduling: CPU user time: 0.32 seconds. CPU system time: 0.02 seconds. Elapsed time: 0.34 seconds; current allocated memory: 705.660 MB.
INFO: [BIND 205-100] Starting micro-architecture generation ...
INFO: [BIND 205-101] Performing variable lifetime analysis.
INFO: [BIND 205-101] Exploring resource sharing.
INFO: [BIND 205-101] Binding ...
INFO: [BIND 205-100] Finished micro-architecture generation.
INFO: [HLS 200-111] Finished Binding: CPU user time: 0.02 seconds. CPU system time: 0 seconds. Elapsed time: 0.03 seconds; current allocated memory: 705.660 MB.
INFO: [HLS 200-10] ----------------------------------------------------------------
INFO: [HLS 200-42] -- Implementing module 'relu_ap_fixed_16_6_5_3_0_ap_ufixed_8_0_4_0_0_relu_config18_s' 
INFO: [HLS 200-10] ----------------------------------------------------------------
INFO: [SCHED 204-11] Starting scheduling ...
INFO: [SCHED 204-61] Pipelining function 'relu<ap_fixed<16, 6, 5, 3, 0>, ap_ufixed<8, 0, 4, 0, 0>, relu_config18>'.
INFO: [HLS 200-1470] Pipelining result : Target II = NA, Final II = 1, Depth = 1, function 'relu<ap_fixed<16, 6, 5, 3, 0>, ap_ufixed<8, 0, 4, 0, 0>, relu_config18>'
INFO: [SCHED 204-11] Finished scheduling.
INFO: [HLS 200-111] Finished Scheduling: CPU user time: 0.38 seconds. CPU system time: 0.01 seconds. Elapsed time: 0.4 seconds; current allocated memory: 705.660 MB.
INFO: [BIND 205-100] Starting micro-architecture generation ...
INFO: [BIND 205-101] Performing variable lifetime analysis.
INFO: [BIND 205-101] Exploring resource sharing.
INFO: [BIND 205-101] Binding ...
INFO: [BIND 205-100] Finished micro-architecture generation.
INFO: [HLS 200-111] Finished Binding: CPU user time: 0.24 seconds. CPU system time: 0.01 seconds. Elapsed time: 0.26 seconds; current allocated memory: 705.660 MB.
INFO: [HLS 200-10] ----------------------------------------------------------------
INFO: [HLS 200-42] -- Implementing module 'relu_ap_fixed_16_6_5_3_0_ap_ufixed_8_0_4_0_0_relu_config19_s' 
INFO: [HLS 200-10] ----------------------------------------------------------------
INFO: [SCHED 204-11] Starting scheduling ...
INFO: [SCHED 204-61] Pipelining function 'relu<ap_fixed<16, 6, 5, 3, 0>, ap_ufixed<8, 0, 4, 0, 0>, relu_config19>'.
INFO: [HLS 200-1470] Pipelining result : Target II = NA, Final II = 1, Depth = 1, function 'relu<ap_fixed<16, 6, 5, 3, 0>, ap_ufixed<8, 0, 4, 0, 0>, relu_config19>'
INFO: [SCHED 204-11] Finished scheduling.
INFO: [HLS 200-111] Finished Scheduling: CPU user time: 0.2 seconds. CPU system time: 0.01 seconds. Elapsed time: 0.21 seconds; current allocated memory: 705.660 MB.
INFO: [BIND 205-100] Starting micro-architecture generation ...
INFO: [BIND 205-101] Performing variable lifetime analysis.
INFO: [BIND 205-101] Exploring resource sharing.
INFO: [BIND 205-101] Binding ...
INFO: [BIND 205-100] Finished micro-architecture generation.
INFO: [HLS 200-111] Finished Binding: CPU user time: 0.03 seconds. CPU system time: 0 seconds. Elapsed time: 0.04 seconds; current allocated memory: 705.660 MB.
INFO: [HLS 200-10] ----------------------------------------------------------------
INFO: [HLS 200-42] -- Implementing module 'concatenate1d_ap_ufixed_ap_ufixed_ap_fixed_16_6_5_3_0_config20_s' 
INFO: [HLS 200-10] ----------------------------------------------------------------
INFO: [SCHED 204-11] Starting scheduling ...
INFO: [SCHED 204-61] Pipelining function 'concatenate1d<ap_ufixed,ap_ufixed,ap_fixed<16,6,5,3,0>,config20>'.
INFO: [HLS 200-1470] Pipelining result : Target II = NA, Final II = 1, Depth = 1, function 'concatenate1d<ap_ufixed,ap_ufixed,ap_fixed<16,6,5,3,0>,config20>'
INFO: [SCHED 204-11] Finished scheduling.
INFO: [HLS 200-111] Finished Scheduling: CPU user time: 0.09 seconds. CPU system time: 0.01 seconds. Elapsed time: 0.1 seconds; current allocated memory: 705.660 MB.
INFO: [BIND 205-100] Starting micro-architecture generation ...
INFO: [BIND 205-101] Performing variable lifetime analysis.
INFO: [BIND 205-101] Exploring resource sharing.
INFO: [BIND 205-101] Binding ...
INFO: [BIND 205-100] Finished micro-architecture generation.
INFO: [HLS 200-111] Finished Binding: CPU user time: 0.04 seconds. CPU system time: 0 seconds. Elapsed time: 0.05 seconds; current allocated memory: 705.660 MB.
INFO: [HLS 200-10] ----------------------------------------------------------------
INFO: [HLS 200-42] -- Implementing module 'dense_resource_ap_fixed_16_6_5_3_0_ap_fixed_16_6_5_3_0_config21_s' 
INFO: [HLS 200-10] ----------------------------------------------------------------
INFO: [SCHED 204-11] Starting scheduling ...
INFO: [SCHED 204-61] Pipelining loop 'ReuseLoop'.
WARNING: [HLS 200-885] The II Violation in module 'dense_resource_ap_fixed_16_6_5_3_0_ap_fixed_16_6_5_3_0_config21_s' (loop 'ReuseLoop'): Unable to schedule 'load' operation 8 bit ('w', firmware/nnet_utils/nnet_dense_resource.h:55->firmware/nnet_utils/nnet_dense_resource.h:240) on array 'w21' due to limited memory ports (II = 1). Please consider using a memory core with more ports or partitioning the array 'w21'.
Resolution: For help on HLS 200-885 see docs.xilinx.com/access/sources/dita/topic?Doc_Version=2024.1%20English&url=ug1448-hls-guidance&resourceid=200-885.html
WARNING: [HLS 200-885] The II Violation in module 'dense_resource_ap_fixed_16_6_5_3_0_ap_fixed_16_6_5_3_0_config21_s' (loop 'ReuseLoop'): Unable to schedule 'load' operation 8 bit ('w', firmware/nnet_utils/nnet_dense_resource.h:55->firmware/nnet_utils/nnet_dense_resource.h:240) on array 'w21' due to limited memory ports (II = 2). Please consider using a memory core with more ports or partitioning the array 'w21'.
Resolution: For help on HLS 200-885 see docs.xilinx.com/access/sources/dita/topic?Doc_Version=2024.1%20English&url=ug1448-hls-guidance&resourceid=200-885.html
WARNING: [HLS 200-885] The II Violation in module 'dense_resource_ap_fixed_16_6_5_3_0_ap_fixed_16_6_5_3_0_config21_s' (loop 'ReuseLoop'): Unable to schedule 'load' operation 8 bit ('w', firmware/nnet_utils/nnet_dense_resource.h:55->firmware/nnet_utils/nnet_dense_resource.h:240) on array 'w21' due to limited memory ports (II = 3). Please consider using a memory core with more ports or partitioning the array 'w21'.
Resolution: For help on HLS 200-885 see docs.xilinx.com/access/sources/dita/topic?Doc_Version=2024.1%20English&url=ug1448-hls-guidance&resourceid=200-885.html
WARNING: [HLS 200-885] The II Violation in module 'dense_resource_ap_fixed_16_6_5_3_0_ap_fixed_16_6_5_3_0_config21_s' (loop 'ReuseLoop'): Unable to schedule 'load' operation 8 bit ('w', firmware/nnet_utils/nnet_dense_resource.h:55->firmware/nnet_utils/nnet_dense_resource.h:240) on array 'w21' due to limited memory ports (II = 4). Please consider using a memory core with more ports or partitioning the array 'w21'.
Resolution: For help on HLS 200-885 see docs.xilinx.com/access/sources/dita/topic?Doc_Version=2024.1%20English&url=ug1448-hls-guidance&resourceid=200-885.html
WARNING: [HLS 200-885] The II Violation in module 'dense_resource_ap_fixed_16_6_5_3_0_ap_fixed_16_6_5_3_0_config21_s' (loop 'ReuseLoop'): Unable to schedule 'load' operation 8 bit ('w', firmware/nnet_utils/nnet_dense_resource.h:55->firmware/nnet_utils/nnet_dense_resource.h:240) on array 'w21' due to limited memory ports (II = 19). Please consider using a memory core with more ports or partitioning the array 'w21'.
Resolution: For help on HLS 200-885 see docs.xilinx.com/access/sources/dita/topic?Doc_Version=2024.1%20English&url=ug1448-hls-guidance&resourceid=200-885.html
WARNING: [HLS 200-885] The II Violation in module 'dense_resource_ap_fixed_16_6_5_3_0_ap_fixed_16_6_5_3_0_config21_s' (loop 'ReuseLoop'): Unable to schedule 'load' operation 8 bit ('w', firmware/nnet_utils/nnet_dense_resource.h:55->firmware/nnet_utils/nnet_dense_resource.h:240) on array 'w21' due to limited memory ports (II = 27). Please consider using a memory core with more ports or partitioning the array 'w21'.
Resolution: For help on HLS 200-885 see docs.xilinx.com/access/sources/dita/topic?Doc_Version=2024.1%20English&url=ug1448-hls-guidance&resourceid=200-885.html
INFO: [HLS 200-1470] Pipelining result : Target II = 1, Final II = 28, Depth = 29, loop 'ReuseLoop'
INFO: [SCHED 204-11] Finished scheduling.
INFO: [HLS 200-111] Finished Scheduling: CPU user time: 2.71 seconds. CPU system time: 0.01 seconds. Elapsed time: 2.73 seconds; current allocated memory: 718.340 MB.
INFO: [BIND 205-100] Starting micro-architecture generation ...
INFO: [BIND 205-101] Performing variable lifetime analysis.
INFO: [BIND 205-101] Exploring resource sharing.
INFO: [BIND 205-101] Binding ...
INFO: [BIND 205-100] Finished micro-architecture generation.
INFO: [HLS 200-111] Finished Binding: CPU user time: 0.14 seconds. CPU system time: 0.01 seconds. Elapsed time: 0.16 seconds; current allocated memory: 718.340 MB.
INFO: [HLS 200-10] ----------------------------------------------------------------
INFO: [HLS 200-42] -- Implementing module 'relu_ap_fixed_16_6_5_3_0_ap_ufixed_8_0_4_0_0_relu_config23_s' 
INFO: [HLS 200-10] ----------------------------------------------------------------
INFO: [SCHED 204-11] Starting scheduling ...
INFO: [SCHED 204-61] Pipelining function 'relu<ap_fixed<16, 6, 5, 3, 0>, ap_ufixed<8, 0, 4, 0, 0>, relu_config23>'.
INFO: [HLS 200-1470] Pipelining result : Target II = NA, Final II = 1, Depth = 1, function 'relu<ap_fixed<16, 6, 5, 3, 0>, ap_ufixed<8, 0, 4, 0, 0>, relu_config23>'
INFO: [SCHED 204-11] Finished scheduling.
INFO: [HLS 200-111] Finished Scheduling: CPU user time: 0.27 seconds. CPU system time: 0.01 seconds. Elapsed time: 0.28 seconds; current allocated memory: 718.340 MB.
INFO: [BIND 205-100] Starting micro-architecture generation ...
INFO: [BIND 205-101] Performing variable lifetime analysis.
INFO: [BIND 205-101] Exploring resource sharing.
INFO: [BIND 205-101] Binding ...
INFO: [BIND 205-100] Finished micro-architecture generation.
INFO: [HLS 200-111] Finished Binding: CPU user time: 0.1 seconds. CPU system time: 0 seconds. Elapsed time: 0.11 seconds; current allocated memory: 718.340 MB.
INFO: [HLS 200-10] ----------------------------------------------------------------
INFO: [HLS 200-42] -- Implementing module 'dense_resource_ap_ufixed_8_0_4_0_0_ap_fixed_16_6_5_3_0_config24_s' 
INFO: [HLS 200-10] ----------------------------------------------------------------
INFO: [SCHED 204-11] Starting scheduling ...
INFO: [SCHED 204-61] Pipelining loop 'ReuseLoop'.
WARNING: [HLS 200-885] The II Violation in module 'dense_resource_ap_ufixed_8_0_4_0_0_ap_fixed_16_6_5_3_0_config24_s' (loop 'ReuseLoop'): Unable to schedule 'load' operation 8 bit ('w', firmware/nnet_utils/nnet_dense_resource.h:55->firmware/nnet_utils/nnet_dense_resource.h:240) on array 'w24' due to limited memory ports (II = 1). Please consider using a memory core with more ports or partitioning the array 'w24'.
Resolution: For help on HLS 200-885 see docs.xilinx.com/access/sources/dita/topic?Doc_Version=2024.1%20English&url=ug1448-hls-guidance&resourceid=200-885.html
WARNING: [HLS 200-885] The II Violation in module 'dense_resource_ap_ufixed_8_0_4_0_0_ap_fixed_16_6_5_3_0_config24_s' (loop 'ReuseLoop'): Unable to schedule 'load' operation 8 bit ('w', firmware/nnet_utils/nnet_dense_resource.h:55->firmware/nnet_utils/nnet_dense_resource.h:240) on array 'w24' due to limited memory ports (II = 2). Please consider using a memory core with more ports or partitioning the array 'w24'.
Resolution: For help on HLS 200-885 see docs.xilinx.com/access/sources/dita/topic?Doc_Version=2024.1%20English&url=ug1448-hls-guidance&resourceid=200-885.html
WARNING: [HLS 200-885] The II Violation in module 'dense_resource_ap_ufixed_8_0_4_0_0_ap_fixed_16_6_5_3_0_config24_s' (loop 'ReuseLoop'): Unable to schedule 'load' operation 8 bit ('w', firmware/nnet_utils/nnet_dense_resource.h:55->firmware/nnet_utils/nnet_dense_resource.h:240) on array 'w24' due to limited memory ports (II = 3). Please consider using a memory core with more ports or partitioning the array 'w24'.
Resolution: For help on HLS 200-885 see docs.xilinx.com/access/sources/dita/topic?Doc_Version=2024.1%20English&url=ug1448-hls-guidance&resourceid=200-885.html
WARNING: [HLS 200-885] The II Violation in module 'dense_resource_ap_ufixed_8_0_4_0_0_ap_fixed_16_6_5_3_0_config24_s' (loop 'ReuseLoop'): Unable to schedule 'load' operation 8 bit ('w', firmware/nnet_utils/nnet_dense_resource.h:55->firmware/nnet_utils/nnet_dense_resource.h:240) on array 'w24' due to limited memory ports (II = 4). Please consider using a memory core with more ports or partitioning the array 'w24'.
Resolution: For help on HLS 200-885 see docs.xilinx.com/access/sources/dita/topic?Doc_Version=2024.1%20English&url=ug1448-hls-guidance&resourceid=200-885.html
WARNING: [HLS 200-885] The II Violation in module 'dense_resource_ap_ufixed_8_0_4_0_0_ap_fixed_16_6_5_3_0_config24_s' (loop 'ReuseLoop'): Unable to schedule 'load' operation 8 bit ('w', firmware/nnet_utils/nnet_dense_resource.h:55->firmware/nnet_utils/nnet_dense_resource.h:240) on array 'w24' due to limited memory ports (II = 7). Please consider using a memory core with more ports or partitioning the array 'w24'.
Resolution: For help on HLS 200-885 see docs.xilinx.com/access/sources/dita/topic?Doc_Version=2024.1%20English&url=ug1448-hls-guidance&resourceid=200-885.html
WARNING: [HLS 200-885] The II Violation in module 'dense_resource_ap_ufixed_8_0_4_0_0_ap_fixed_16_6_5_3_0_config24_s' (loop 'ReuseLoop'): Unable to schedule 'load' operation 8 bit ('w', firmware/nnet_utils/nnet_dense_resource.h:55->firmware/nnet_utils/nnet_dense_resource.h:240) on array 'w24' due to limited memory ports (II = 9). Please consider using a memory core with more ports or partitioning the array 'w24'.
Resolution: For help on HLS 200-885 see docs.xilinx.com/access/sources/dita/topic?Doc_Version=2024.1%20English&url=ug1448-hls-guidance&resourceid=200-885.html
INFO: [HLS 200-1470] Pipelining result : Target II = 1, Final II = 10, Depth = 11, loop 'ReuseLoop'
INFO: [SCHED 204-11] Finished scheduling.
INFO: [HLS 200-111] Finished Scheduling: CPU user time: 0.67 seconds. CPU system time: 0.02 seconds. Elapsed time: 0.69 seconds; current allocated memory: 720.242 MB.
INFO: [BIND 205-100] Starting micro-architecture generation ...
INFO: [BIND 205-101] Performing variable lifetime analysis.
INFO: [BIND 205-101] Exploring resource sharing.
INFO: [BIND 205-101] Binding ...
INFO: [BIND 205-100] Finished micro-architecture generation.
INFO: [HLS 200-111] Finished Binding: CPU user time: 0.06 seconds. CPU system time: 0.01 seconds. Elapsed time: 0.08 seconds; current allocated memory: 720.242 MB.
INFO: [HLS 200-10] ----------------------------------------------------------------
INFO: [HLS 200-42] -- Implementing module 'relu_ap_fixed_16_6_5_3_0_ap_ufixed_8_0_4_0_0_relu_config26_s' 
INFO: [HLS 200-10] ----------------------------------------------------------------
INFO: [SCHED 204-11] Starting scheduling ...
INFO: [SCHED 204-61] Pipelining function 'relu<ap_fixed<16, 6, 5, 3, 0>, ap_ufixed<8, 0, 4, 0, 0>, relu_config26>'.
INFO: [HLS 200-1470] Pipelining result : Target II = NA, Final II = 1, Depth = 1, function 'relu<ap_fixed<16, 6, 5, 3, 0>, ap_ufixed<8, 0, 4, 0, 0>, relu_config26>'
INFO: [SCHED 204-11] Finished scheduling.
INFO: [HLS 200-111] Finished Scheduling: CPU user time: 0.12 seconds. CPU system time: 0.01 seconds. Elapsed time: 0.12 seconds; current allocated memory: 720.242 MB.
INFO: [BIND 205-100] Starting micro-architecture generation ...
INFO: [BIND 205-101] Performing variable lifetime analysis.
INFO: [BIND 205-101] Exploring resource sharing.
INFO: [BIND 205-101] Binding ...
INFO: [BIND 205-100] Finished micro-architecture generation.
INFO: [HLS 200-111] Finished Binding: CPU user time: 0.06 seconds. CPU system time: 0 seconds. Elapsed time: 0.05 seconds; current allocated memory: 720.625 MB.
INFO: [HLS 200-10] ----------------------------------------------------------------
INFO: [HLS 200-42] -- Implementing module 'dense_resource_ap_ufixed_8_0_4_0_0_ap_fixed_16_6_5_3_0_config27_s' 
INFO: [HLS 200-10] ----------------------------------------------------------------
INFO: [SCHED 204-11] Starting scheduling ...
INFO: [SCHED 204-61] Pipelining loop 'ReuseLoop'.
INFO: [HLS 200-1470] Pipelining result : Target II = 1, Final II = 1, Depth = 2, loop 'ReuseLoop'
INFO: [SCHED 204-11] Finished scheduling.
INFO: [HLS 200-111] Finished Scheduling: CPU user time: 0.08 seconds. CPU system time: 0 seconds. Elapsed time: 0.08 seconds; current allocated memory: 721.816 MB.
INFO: [BIND 205-100] Starting micro-architecture generation ...
INFO: [BIND 205-101] Performing variable lifetime analysis.
INFO: [BIND 205-101] Exploring resource sharing.
INFO: [BIND 205-101] Binding ...
INFO: [BIND 205-100] Finished micro-architecture generation.
INFO: [HLS 200-111] Finished Binding: CPU user time: 0.04 seconds. CPU system time: 0 seconds. Elapsed time: 0.04 seconds; current allocated memory: 721.816 MB.
INFO: [HLS 200-10] ----------------------------------------------------------------
INFO: [HLS 200-42] -- Implementing module 'hard_sigmoid_ap_fixed_ap_ufixed_8_0_4_0_0_hard_sigmoid_config29_s' 
INFO: [HLS 200-10] ----------------------------------------------------------------
INFO: [SCHED 204-11] Starting scheduling ...
INFO: [SCHED 204-61] Pipelining function 'hard_sigmoid<ap_fixed,ap_ufixed<8,0,4,0,0>,hard_sigmoid_config29>'.
INFO: [HLS 200-1470] Pipelining result : Target II = NA, Final II = 1, Depth = 1, function 'hard_sigmoid<ap_fixed,ap_ufixed<8,0,4,0,0>,hard_sigmoid_config29>'
INFO: [SCHED 204-11] Finished scheduling.
INFO: [HLS 200-111] Finished Scheduling: CPU user time: 0.05 seconds. CPU system time: 0 seconds. Elapsed time: 0.06 seconds; current allocated memory: 721.816 MB.
INFO: [BIND 205-100] Starting micro-architecture generation ...
INFO: [BIND 205-101] Performing variable lifetime analysis.
INFO: [BIND 205-101] Exploring resource sharing.
INFO: [BIND 205-101] Binding ...
INFO: [BIND 205-100] Finished micro-architecture generation.
INFO: [HLS 200-111] Finished Binding: CPU user time: 0.03 seconds. CPU system time: 0 seconds. Elapsed time: 0.04 seconds; current allocated memory: 722.027 MB.
INFO: [HLS 200-10] ----------------------------------------------------------------
INFO: [HLS 200-42] -- Implementing module 'myproject' 
INFO: [HLS 200-10] ----------------------------------------------------------------
INFO: [SCHED 204-11] Starting scheduling ...
INFO: [SCHED 204-11] Finished scheduling.
WARNING: [HLS 200-1020] Increasing the depth of FIFO layer9_out (from linear_ap_fixed_16_6_5_3_0_ap_fixed_10_1_4_0_0_linear_config9_U0 to concatenate1d_ap_fixed_ap_fixed_ap_fixed_16_6_5_3_0_config12_U0) to 3 to improve performance and/or avoid deadlocks.
WARNING: [HLS 200-1020] Increasing the depth of FIFO layer19_out (from relu_ap_fixed_16_6_5_3_0_ap_ufixed_8_0_4_0_0_relu_config19_U0 to concatenate1d_ap_ufixed_ap_ufixed_ap_fixed_16_6_5_3_0_config20_U0) to 3 to improve performance and/or avoid deadlocks.
WARNING: [HLS 200-1020] Increasing the depth of FIFO layer19_out_1 (from relu_ap_fixed_16_6_5_3_0_ap_ufixed_8_0_4_0_0_relu_config19_U0 to concatenate1d_ap_ufixed_ap_ufixed_ap_fixed_16_6_5_3_0_config20_U0) to 3 to improve performance and/or avoid deadlocks.
INFO: [HLS 200-111] Finished Scheduling: CPU user time: 0.17 seconds. CPU system time: 0.01 seconds. Elapsed time: 0.18 seconds; current allocated memory: 725.109 MB.
INFO: [BIND 205-100] Starting micro-architecture generation ...
INFO: [BIND 205-101] Performing variable lifetime analysis.
INFO: [BIND 205-101] Exploring resource sharing.
INFO: [BIND 205-101] Binding ...
INFO: [BIND 205-100] Finished micro-architecture generation.
INFO: [HLS 200-111] Finished Binding: CPU user time: 0.12 seconds. CPU system time: 0 seconds. Elapsed time: 0.12 seconds; current allocated memory: 726.094 MB.
INFO: [HLS 200-10] ----------------------------------------------------------------
INFO: [HLS 200-10] -- Generating RTL for module 'linear_ap_fixed_16_6_5_3_0_ap_fixed_10_1_4_0_0_linear_config3_s' 
INFO: [HLS 200-10] ----------------------------------------------------------------
INFO: [RTGEN 206-100] Finished creating RTL model for 'linear_ap_fixed_16_6_5_3_0_ap_fixed_10_1_4_0_0_linear_config3_s'.
INFO: [HLS 200-111] Finished Creating RTL model: CPU user time: 0.25 seconds. CPU system time: 0.01 seconds. Elapsed time: 0.26 seconds; current allocated memory: 732.621 MB.
INFO: [HLS 200-10] ----------------------------------------------------------------
INFO: [HLS 200-10] -- Generating RTL for module 'linear_ap_fixed_16_6_5_3_0_ap_fixed_10_1_4_0_0_linear_config4_s' 
INFO: [HLS 200-10] ----------------------------------------------------------------
INFO: [RTGEN 206-100] Finished creating RTL model for 'linear_ap_fixed_16_6_5_3_0_ap_fixed_10_1_4_0_0_linear_config4_s'.
INFO: [HLS 200-111] Finished Creating RTL model: CPU user time: 0.39 seconds. CPU system time: 0.05 seconds. Elapsed time: 0.44 seconds; current allocated memory: 749.055 MB.
INFO: [HLS 200-10] ----------------------------------------------------------------
INFO: [HLS 200-10] -- Generating RTL for module 'concatenate1d_ap_fixed_ap_fixed_ap_fixed_16_6_5_3_0_config8_s' 
INFO: [HLS 200-10] ----------------------------------------------------------------
INFO: [RTGEN 206-100] Finished creating RTL model for 'concatenate1d_ap_fixed_ap_fixed_ap_fixed_16_6_5_3_0_config8_s'.
INFO: [HLS 200-111] Finished Creating RTL model: CPU user time: 0.26 seconds. CPU system time: 0.03 seconds. Elapsed time: 0.3 seconds; current allocated memory: 760.695 MB.
INFO: [HLS 200-10] ----------------------------------------------------------------
INFO: [HLS 200-10] -- Generating RTL for module 'linear_ap_fixed_16_6_5_3_0_ap_fixed_10_1_4_0_0_linear_config9_s' 
INFO: [HLS 200-10] ----------------------------------------------------------------
INFO: [RTGEN 206-100] Finished creating RTL model for 'linear_ap_fixed_16_6_5_3_0_ap_fixed_10_1_4_0_0_linear_config9_s'.
INFO: [HLS 200-111] Finished Creating RTL model: CPU user time: 0.09 seconds. CPU system time: 0.03 seconds. Elapsed time: 0.11 seconds; current allocated memory: 765.652 MB.
INFO: [HLS 200-10] ----------------------------------------------------------------
INFO: [HLS 200-10] -- Generating RTL for module 'linear_ap_fixed_16_6_5_3_0_ap_fixed_10_1_4_0_0_linear_config10_s' 
INFO: [HLS 200-10] ----------------------------------------------------------------
INFO: [RTGEN 206-100] Finished creating RTL model for 'linear_ap_fixed_16_6_5_3_0_ap_fixed_10_1_4_0_0_linear_config10_s'.
INFO: [HLS 200-111] Finished Creating RTL model: CPU user time: 0.08 seconds. CPU system time: 0.01 seconds. Elapsed time: 0.09 seconds; current allocated memory: 767.629 MB.
INFO: [HLS 200-10] ----------------------------------------------------------------
INFO: [HLS 200-10] -- Generating RTL for module 'linear_ap_fixed_16_6_5_3_0_ap_fixed_10_1_4_0_0_linear_config11_s' 
INFO: [HLS 200-10] ----------------------------------------------------------------
INFO: [RTGEN 206-100] Finished creating RTL model for 'linear_ap_fixed_16_6_5_3_0_ap_fixed_10_1_4_0_0_linear_config11_s'.
INFO: [HLS 200-111] Finished Creating RTL model: CPU user time: 0.08 seconds. CPU system time: 0.01 seconds. Elapsed time: 0.09 seconds; current allocated memory: 768.855 MB.
INFO: [HLS 200-10] ----------------------------------------------------------------
INFO: [HLS 200-10] -- Generating RTL for module 'concatenate1d_ap_fixed_ap_fixed_ap_fixed_16_6_5_3_0_config12_s' 
INFO: [HLS 200-10] ----------------------------------------------------------------
INFO: [RTGEN 206-100] Finished creating RTL model for 'concatenate1d_ap_fixed_ap_fixed_ap_fixed_16_6_5_3_0_config12_s'.
INFO: [HLS 200-111] Finished Creating RTL model: CPU user time: 0.12 seconds. CPU system time: 0.01 seconds. Elapsed time: 0.12 seconds; current allocated memory: 770.145 MB.
INFO: [HLS 200-10] ----------------------------------------------------------------
INFO: [HLS 200-10] -- Generating RTL for module 'concatenate1d_ap_fixed_ap_fixed_ap_fixed_16_6_5_3_0_config13_s' 
INFO: [HLS 200-10] ----------------------------------------------------------------
INFO: [RTGEN 206-100] Finished creating RTL model for 'concatenate1d_ap_fixed_ap_fixed_ap_fixed_16_6_5_3_0_config13_s'.
INFO: [HLS 200-111] Finished Creating RTL model: CPU user time: 0.09 seconds. CPU system time: 0.01 seconds. Elapsed time: 0.11 seconds; current allocated memory: 774.559 MB.
INFO: [HLS 200-10] ----------------------------------------------------------------
INFO: [HLS 200-10] -- Generating RTL for module 'dense_resource_ap_fixed_16_6_5_3_0_ap_fixed_16_6_5_3_0_config14_s' 
INFO: [HLS 200-10] ----------------------------------------------------------------
INFO: [RTGEN 206-100] Generating core module 'mul_11s_8s_19_1_1': 280 instance(s).
INFO: [RTGEN 206-100] Generating core module 'sparsemux_15_3_11_1_1': 5 instance(s).
INFO: [RTGEN 206-100] Finished creating RTL model for 'dense_resource_ap_fixed_16_6_5_3_0_ap_fixed_16_6_5_3_0_config14_s'.
INFO: [HLS 200-111] Finished Creating RTL model: CPU user time: 0.78 seconds. CPU system time: 0.02 seconds. Elapsed time: 0.81 seconds; current allocated memory: 808.891 MB.
INFO: [HLS 200-10] ----------------------------------------------------------------
INFO: [HLS 200-10] -- Generating RTL for module 'dense_resource_ap_fixed_16_6_5_3_0_ap_fixed_16_6_5_3_0_config16_s' 
INFO: [HLS 200-10] ----------------------------------------------------------------
INFO: [SYN 201-210] Renamed object name 'dense_resource_ap_fixed_16_6_5_3_0_ap_fixed_16_6_5_3_0_config16_s_outidx_i_ROM_AUTO_1R' to 'dense_resource_ap_fixed_16_6_5_3_0_ap_fixed_16_6_5_3_0_config16_s_outidx_i_RObkb' due to the length limit 80
INFO: [RTGEN 206-100] Generating core module 'mul_11s_8s_19_1_1': 1 instance(s).
INFO: [RTGEN 206-100] Finished creating RTL model for 'dense_resource_ap_fixed_16_6_5_3_0_ap_fixed_16_6_5_3_0_config16_s'.
INFO: [RTMG 210-279] Implementing memory 'myproject_dense_resource_ap_fixed_16_6_5_3_0_ap_fixed_16_6_5_3_0_config16_s_outidx_i_RObkb' using auto ROMs.
INFO: [HLS 200-111] Finished Creating RTL model: CPU user time: 1.28 seconds. CPU system time: 0.18 seconds. Elapsed time: 1.49 seconds; current allocated memory: 872.266 MB.
INFO: [HLS 200-10] ----------------------------------------------------------------
INFO: [HLS 200-10] -- Generating RTL for module 'relu_ap_fixed_16_6_5_3_0_ap_ufixed_8_0_4_0_0_relu_config18_s' 
INFO: [HLS 200-10] ----------------------------------------------------------------
INFO: [RTGEN 206-100] Finished creating RTL model for 'relu_ap_fixed_16_6_5_3_0_ap_ufixed_8_0_4_0_0_relu_config18_s'.
INFO: [HLS 200-111] Finished Creating RTL model: CPU user time: 0.37 seconds. CPU system time: 0.03 seconds. Elapsed time: 0.4 seconds; current allocated memory: 892.277 MB.
INFO: [HLS 200-10] ----------------------------------------------------------------
INFO: [HLS 200-10] -- Generating RTL for module 'relu_ap_fixed_16_6_5_3_0_ap_ufixed_8_0_4_0_0_relu_config19_s' 
INFO: [HLS 200-10] ----------------------------------------------------------------
INFO: [RTGEN 206-100] Finished creating RTL model for 'relu_ap_fixed_16_6_5_3_0_ap_ufixed_8_0_4_0_0_relu_config19_s'.
INFO: [HLS 200-111] Finished Creating RTL model: CPU user time: 0.66 seconds. CPU system time: 0.09 seconds. Elapsed time: 0.76 seconds; current allocated memory: 921.012 MB.
INFO: [HLS 200-10] ----------------------------------------------------------------
INFO: [HLS 200-10] -- Generating RTL for module 'concatenate1d_ap_ufixed_ap_ufixed_ap_fixed_16_6_5_3_0_config20_s' 
INFO: [HLS 200-10] ----------------------------------------------------------------
INFO: [RTGEN 206-100] Finished creating RTL model for 'concatenate1d_ap_ufixed_ap_ufixed_ap_fixed_16_6_5_3_0_config20_s'.
INFO: [HLS 200-111] Finished Creating RTL model: CPU user time: 0.24 seconds. CPU system time: 0.02 seconds. Elapsed time: 0.26 seconds; current allocated memory: 932.598 MB.
INFO: [HLS 200-10] ----------------------------------------------------------------
INFO: [HLS 200-10] -- Generating RTL for module 'dense_resource_ap_fixed_16_6_5_3_0_ap_fixed_16_6_5_3_0_config21_s' 
INFO: [HLS 200-10] ----------------------------------------------------------------
INFO: [RTGEN 206-100] Generating core module 'mul_10ns_8s_18_1_1': 56 instance(s).
INFO: [RTGEN 206-100] Generating core module 'sparsemux_59_5_10_1_1': 2 instance(s).
INFO: [RTGEN 206-100] Finished creating RTL model for 'dense_resource_ap_fixed_16_6_5_3_0_ap_fixed_16_6_5_3_0_config21_s'.
INFO: [HLS 200-111] Finished Creating RTL model: CPU user time: 0.33 seconds. CPU system time: 0.02 seconds. Elapsed time: 0.35 seconds; current allocated memory: 943.531 MB.
INFO: [HLS 200-10] ----------------------------------------------------------------
INFO: [HLS 200-10] -- Generating RTL for module 'relu_ap_fixed_16_6_5_3_0_ap_ufixed_8_0_4_0_0_relu_config23_s' 
INFO: [HLS 200-10] ----------------------------------------------------------------
INFO: [RTGEN 206-100] Finished creating RTL model for 'relu_ap_fixed_16_6_5_3_0_ap_ufixed_8_0_4_0_0_relu_config23_s'.
INFO: [HLS 200-111] Finished Creating RTL model: CPU user time: 0.52 seconds. CPU system time: 0.06 seconds. Elapsed time: 0.59 seconds; current allocated memory: 960.484 MB.
INFO: [HLS 200-10] ----------------------------------------------------------------
INFO: [HLS 200-10] -- Generating RTL for module 'dense_resource_ap_ufixed_8_0_4_0_0_ap_fixed_16_6_5_3_0_config24_s' 
INFO: [HLS 200-10] ----------------------------------------------------------------
INFO: [RTGEN 206-100] Generating core module 'mul_8s_8ns_16_1_1': 20 instance(s).
INFO: [RTGEN 206-100] Generating core module 'sparsemux_29_4_8_1_1': 2 instance(s).
INFO: [RTGEN 206-100] Finished creating RTL model for 'dense_resource_ap_ufixed_8_0_4_0_0_ap_fixed_16_6_5_3_0_config24_s'.
INFO: [HLS 200-111] Finished Creating RTL model: CPU user time: 0.4 seconds. CPU system time: 0.06 seconds. Elapsed time: 0.47 seconds; current allocated memory: 980.305 MB.
INFO: [HLS 200-10] ----------------------------------------------------------------
INFO: [HLS 200-10] -- Generating RTL for module 'relu_ap_fixed_16_6_5_3_0_ap_ufixed_8_0_4_0_0_relu_config26_s' 
INFO: [HLS 200-10] ----------------------------------------------------------------
INFO: [RTGEN 206-100] Finished creating RTL model for 'relu_ap_fixed_16_6_5_3_0_ap_ufixed_8_0_4_0_0_relu_config26_s'.
INFO: [HLS 200-111] Finished Creating RTL model: CPU user time: 0.28 seconds. CPU system time: 0.04 seconds. Elapsed time: 0.33 seconds; current allocated memory: 998.945 MB.
INFO: [HLS 200-10] ----------------------------------------------------------------
INFO: [HLS 200-10] -- Generating RTL for module 'dense_resource_ap_ufixed_8_0_4_0_0_ap_fixed_16_6_5_3_0_config27_s' 
INFO: [HLS 200-10] ----------------------------------------------------------------
INFO: [RTGEN 206-100] Generating core module 'mul_8s_8ns_16_1_1': 1 instance(s).
INFO: [RTGEN 206-100] Generating core module 'sparsemux_21_4_8_1_1': 1 instance(s).
INFO: [RTGEN 206-100] Finished creating RTL model for 'dense_resource_ap_ufixed_8_0_4_0_0_ap_fixed_16_6_5_3_0_config27_s'.
INFO: [HLS 200-111] Finished Creating RTL model: CPU user time: 0.22 seconds. CPU system time: 0.03 seconds. Elapsed time: 0.24 seconds; current allocated memory: 1008.410 MB.
INFO: [HLS 200-10] ----------------------------------------------------------------
INFO: [HLS 200-10] -- Generating RTL for module 'hard_sigmoid_ap_fixed_ap_ufixed_8_0_4_0_0_hard_sigmoid_config29_s' 
INFO: [HLS 200-10] ----------------------------------------------------------------
INFO: [RTGEN 206-100] Finished creating RTL model for 'hard_sigmoid_ap_fixed_ap_ufixed_8_0_4_0_0_hard_sigmoid_config29_s'.
INFO: [HLS 200-111] Finished Creating RTL model: CPU user time: 0.14 seconds. CPU system time: 0.01 seconds. Elapsed time: 0.15 seconds; current allocated memory: 1014.316 MB.
INFO: [HLS 200-10] ----------------------------------------------------------------
INFO: [HLS 200-10] -- Generating RTL for module 'myproject' 
INFO: [HLS 200-10] ----------------------------------------------------------------
INFO: [RTGEN 206-500] Setting interface mode on port 'myproject/x_profile' to 'ap_vld'.
INFO: [RTGEN 206-500] Setting interface mode on port 'myproject/nModule' to 'ap_vld'.
INFO: [RTGEN 206-500] Setting interface mode on port 'myproject/x_local' to 'ap_vld'.
INFO: [RTGEN 206-500] Setting interface mode on port 'myproject/y_profile' to 'ap_vld'.
INFO: [RTGEN 206-500] Setting interface mode on port 'myproject/y_local' to 'ap_vld'.
INFO: [RTGEN 206-500] Setting interface mode on port 'myproject/layer29_out' to 'ap_vld'.
INFO: [RTGEN 206-500] Setting interface mode on port 'myproject/w14' to 'ap_memory'.
INFO: [RTGEN 206-500] Setting interface mode on port 'myproject/b14_0' to 'ap_none'.
INFO: [RTGEN 206-500] Setting interface mode on port 'myproject/b14_1' to 'ap_none'.
INFO: [RTGEN 206-500] Setting interface mode on port 'myproject/b14_2' to 'ap_none'.
INFO: [RTGEN 206-500] Setting interface mode on port 'myproject/b14_3' to 'ap_none'.
INFO: [RTGEN 206-500] Setting interface mode on port 'myproject/b14_4' to 'ap_none'.
INFO: [RTGEN 206-500] Setting interface mode on port 'myproject/b14_5' to 'ap_none'.
INFO: [RTGEN 206-500] Setting interface mode on port 'myproject/b14_6' to 'ap_none'.
INFO: [RTGEN 206-500] Setting interface mode on port 'myproject/b14_7' to 'ap_none'.
INFO: [RTGEN 206-500] Setting interface mode on port 'myproject/b14_8' to 'ap_none'.
INFO: [RTGEN 206-500] Setting interface mode on port 'myproject/b14_9' to 'ap_none'.
INFO: [RTGEN 206-500] Setting interface mode on port 'myproject/b14_10' to 'ap_none'.
INFO: [RTGEN 206-500] Setting interface mode on port 'myproject/b14_11' to 'ap_none'.
INFO: [RTGEN 206-500] Setting interface mode on port 'myproject/b14_12' to 'ap_none'.
INFO: [RTGEN 206-500] Setting interface mode on port 'myproject/b14_13' to 'ap_none'.
INFO: [RTGEN 206-500] Setting interface mode on port 'myproject/b14_14' to 'ap_none'.
INFO: [RTGEN 206-500] Setting interface mode on port 'myproject/b14_15' to 'ap_none'.
INFO: [RTGEN 206-500] Setting interface mode on port 'myproject/b14_16' to 'ap_none'.
INFO: [RTGEN 206-500] Setting interface mode on port 'myproject/b14_17' to 'ap_none'.
INFO: [RTGEN 206-500] Setting interface mode on port 'myproject/b14_18' to 'ap_none'.
INFO: [RTGEN 206-500] Setting interface mode on port 'myproject/b14_19' to 'ap_none'.
INFO: [RTGEN 206-500] Setting interface mode on port 'myproject/b14_20' to 'ap_none'.
INFO: [RTGEN 206-500] Setting interface mode on port 'myproject/b14_21' to 'ap_none'.
INFO: [RTGEN 206-500] Setting interface mode on port 'myproject/b14_22' to 'ap_none'.
INFO: [RTGEN 206-500] Setting interface mode on port 'myproject/b14_23' to 'ap_none'.
INFO: [RTGEN 206-500] Setting interface mode on port 'myproject/b14_24' to 'ap_none'.
INFO: [RTGEN 206-500] Setting interface mode on port 'myproject/b14_25' to 'ap_none'.
INFO: [RTGEN 206-500] Setting interface mode on port 'myproject/b14_26' to 'ap_none'.
INFO: [RTGEN 206-500] Setting interface mode on port 'myproject/b14_27' to 'ap_none'.
INFO: [RTGEN 206-500] Setting interface mode on port 'myproject/b14_28' to 'ap_none'.
INFO: [RTGEN 206-500] Setting interface mode on port 'myproject/b14_29' to 'ap_none'.
INFO: [RTGEN 206-500] Setting interface mode on port 'myproject/b14_30' to 'ap_none'.
INFO: [RTGEN 206-500] Setting interface mode on port 'myproject/b14_31' to 'ap_none'.
INFO: [RTGEN 206-500] Setting interface mode on port 'myproject/b14_32' to 'ap_none'.
INFO: [RTGEN 206-500] Setting interface mode on port 'myproject/b14_33' to 'ap_none'.
INFO: [RTGEN 206-500] Setting interface mode on port 'myproject/b14_34' to 'ap_none'.
INFO: [RTGEN 206-500] Setting interface mode on port 'myproject/b14_35' to 'ap_none'.
INFO: [RTGEN 206-500] Setting interface mode on port 'myproject/b14_36' to 'ap_none'.
INFO: [RTGEN 206-500] Setting interface mode on port 'myproject/b14_37' to 'ap_none'.
INFO: [RTGEN 206-500] Setting interface mode on port 'myproject/b14_38' to 'ap_none'.
INFO: [RTGEN 206-500] Setting interface mode on port 'myproject/b14_39' to 'ap_none'.
INFO: [RTGEN 206-500] Setting interface mode on port 'myproject/b14_40' to 'ap_none'.
INFO: [RTGEN 206-500] Setting interface mode on port 'myproject/b14_41' to 'ap_none'.
INFO: [RTGEN 206-500] Setting interface mode on port 'myproject/b14_42' to 'ap_none'.
INFO: [RTGEN 206-500] Setting interface mode on port 'myproject/b14_43' to 'ap_none'.
INFO: [RTGEN 206-500] Setting interface mode on port 'myproject/b14_44' to 'ap_none'.
INFO: [RTGEN 206-500] Setting interface mode on port 'myproject/b14_45' to 'ap_none'.
INFO: [RTGEN 206-500] Setting interface mode on port 'myproject/b14_46' to 'ap_none'.
INFO: [RTGEN 206-500] Setting interface mode on port 'myproject/b14_47' to 'ap_none'.
INFO: [RTGEN 206-500] Setting interface mode on port 'myproject/b14_48' to 'ap_none'.
INFO: [RTGEN 206-500] Setting interface mode on port 'myproject/b14_49' to 'ap_none'.
INFO: [RTGEN 206-500] Setting interface mode on port 'myproject/b14_50' to 'ap_none'.
INFO: [RTGEN 206-500] Setting interface mode on port 'myproject/b14_51' to 'ap_none'.
INFO: [RTGEN 206-500] Setting interface mode on port 'myproject/b14_52' to 'ap_none'.
INFO: [RTGEN 206-500] Setting interface mode on port 'myproject/b14_53' to 'ap_none'.
INFO: [RTGEN 206-500] Setting interface mode on port 'myproject/b14_54' to 'ap_none'.
INFO: [RTGEN 206-500] Setting interface mode on port 'myproject/b14_55' to 'ap_none'.
INFO: [RTGEN 206-500] Setting interface mode on port 'myproject/w16' to 'ap_memory'.
INFO: [RTGEN 206-500] Setting interface mode on port 'myproject/b16_0' to 'ap_none'.
INFO: [RTGEN 206-500] Setting interface mode on port 'myproject/b16_1' to 'ap_none'.
INFO: [RTGEN 206-500] Setting interface mode on port 'myproject/w21' to 'ap_memory'.
INFO: [RTGEN 206-500] Setting interface mode on port 'myproject/b21_0' to 'ap_none'.
INFO: [RTGEN 206-500] Setting interface mode on port 'myproject/b21_1' to 'ap_none'.
INFO: [RTGEN 206-500] Setting interface mode on port 'myproject/b21_2' to 'ap_none'.
INFO: [RTGEN 206-500] Setting interface mode on port 'myproject/b21_3' to 'ap_none'.
INFO: [RTGEN 206-500] Setting interface mode on port 'myproject/b21_4' to 'ap_none'.
INFO: [RTGEN 206-500] Setting interface mode on port 'myproject/b21_5' to 'ap_none'.
INFO: [RTGEN 206-500] Setting interface mode on port 'myproject/b21_6' to 'ap_none'.
INFO: [RTGEN 206-500] Setting interface mode on port 'myproject/b21_7' to 'ap_none'.
INFO: [RTGEN 206-500] Setting interface mode on port 'myproject/b21_8' to 'ap_none'.
INFO: [RTGEN 206-500] Setting interface mode on port 'myproject/b21_9' to 'ap_none'.
INFO: [RTGEN 206-500] Setting interface mode on port 'myproject/b21_10' to 'ap_none'.
INFO: [RTGEN 206-500] Setting interface mode on port 'myproject/b21_11' to 'ap_none'.
INFO: [RTGEN 206-500] Setting interface mode on port 'myproject/b21_12' to 'ap_none'.
INFO: [RTGEN 206-500] Setting interface mode on port 'myproject/b21_13' to 'ap_none'.
INFO: [RTGEN 206-500] Setting interface mode on port 'myproject/b21_14' to 'ap_none'.
INFO: [RTGEN 206-500] Setting interface mode on port 'myproject/b21_15' to 'ap_none'.
INFO: [RTGEN 206-500] Setting interface mode on port 'myproject/b21_16' to 'ap_none'.
INFO: [RTGEN 206-500] Setting interface mode on port 'myproject/b21_17' to 'ap_none'.
INFO: [RTGEN 206-500] Setting interface mode on port 'myproject/b21_18' to 'ap_none'.
INFO: [RTGEN 206-500] Setting interface mode on port 'myproject/b21_19' to 'ap_none'.
INFO: [RTGEN 206-500] Setting interface mode on port 'myproject/b21_20' to 'ap_none'.
INFO: [RTGEN 206-500] Setting interface mode on port 'myproject/b21_21' to 'ap_none'.
INFO: [RTGEN 206-500] Setting interface mode on port 'myproject/b21_22' to 'ap_none'.
INFO: [RTGEN 206-500] Setting interface mode on port 'myproject/b21_23' to 'ap_none'.
INFO: [RTGEN 206-500] Setting interface mode on port 'myproject/b21_24' to 'ap_none'.
INFO: [RTGEN 206-500] Setting interface mode on port 'myproject/b21_25' to 'ap_none'.
INFO: [RTGEN 206-500] Setting interface mode on port 'myproject/b21_26' to 'ap_none'.
INFO: [RTGEN 206-500] Setting interface mode on port 'myproject/b21_27' to 'ap_none'.
INFO: [RTGEN 206-500] Setting interface mode on port 'myproject/w24' to 'ap_memory'.
INFO: [RTGEN 206-500] Setting interface mode on port 'myproject/b24_0' to 'ap_none'.
INFO: [RTGEN 206-500] Setting interface mode on port 'myproject/b24_1' to 'ap_none'.
INFO: [RTGEN 206-500] Setting interface mode on port 'myproject/b24_2' to 'ap_none'.
INFO: [RTGEN 206-500] Setting interface mode on port 'myproject/b24_3' to 'ap_none'.
INFO: [RTGEN 206-500] Setting interface mode on port 'myproject/b24_4' to 'ap_none'.
INFO: [RTGEN 206-500] Setting interface mode on port 'myproject/b24_5' to 'ap_none'.
INFO: [RTGEN 206-500] Setting interface mode on port 'myproject/b24_6' to 'ap_none'.
INFO: [RTGEN 206-500] Setting interface mode on port 'myproject/b24_7' to 'ap_none'.
INFO: [RTGEN 206-500] Setting interface mode on port 'myproject/b24_8' to 'ap_none'.
INFO: [RTGEN 206-500] Setting interface mode on port 'myproject/b24_9' to 'ap_none'.
INFO: [RTGEN 206-500] Setting interface mode on port 'myproject/w27' to 'ap_memory'.
INFO: [RTGEN 206-500] Setting interface mode on port 'myproject/b27' to 'ap_none'.
INFO: [RTGEN 206-500] Setting interface mode on function 'myproject' to 'ap_ctrl_hs'.
INFO: [RTGEN 206-100] Finished creating RTL model for 'myproject'.
INFO: [RTMG 210-285] Implementing FIFO 'layer3_out_U(myproject_fifo_w10_d2_S)' using Shift Registers.
INFO: [RTMG 210-285] Implementing FIFO 'layer3_out_1_U(myproject_fifo_w10_d2_S)' using Shift Registers.
INFO: [RTMG 210-285] Implementing FIFO 'layer3_out_2_U(myproject_fifo_w10_d2_S)' using Shift Registers.
INFO: [RTMG 210-285] Implementing FIFO 'layer3_out_3_U(myproject_fifo_w10_d2_S)' using Shift Registers.
INFO: [RTMG 210-285] Implementing FIFO 'layer3_out_4_U(myproject_fifo_w10_d2_S)' using Shift Registers.
INFO: [RTMG 210-285] Implementing FIFO 'layer3_out_5_U(myproject_fifo_w10_d2_S)' using Shift Registers.
INFO: [RTMG 210-285] Implementing FIFO 'layer3_out_6_U(myproject_fifo_w10_d2_S)' using Shift Registers.
INFO: [RTMG 210-285] Implementing FIFO 'layer3_out_7_U(myproject_fifo_w10_d2_S)' using Shift Registers.
INFO: [RTMG 210-285] Implementing FIFO 'layer3_out_8_U(myproject_fifo_w10_d2_S)' using Shift Registers.
INFO: [RTMG 210-285] Implementing FIFO 'layer3_out_9_U(myproject_fifo_w10_d2_S)' using Shift Registers.
INFO: [RTMG 210-285] Implementing FIFO 'layer3_out_10_U(myproject_fifo_w10_d2_S)' using Shift Registers.
INFO: [RTMG 210-285] Implementing FIFO 'layer3_out_11_U(myproject_fifo_w10_d2_S)' using Shift Registers.
INFO: [RTMG 210-285] Implementing FIFO 'layer3_out_12_U(myproject_fifo_w10_d2_S)' using Shift Registers.
INFO: [RTMG 210-285] Implementing FIFO 'layer3_out_13_U(myproject_fifo_w10_d2_S)' using Shift Registers.
INFO: [RTMG 210-285] Implementing FIFO 'layer3_out_14_U(myproject_fifo_w10_d2_S)' using Shift Registers.
INFO: [RTMG 210-285] Implementing FIFO 'layer3_out_15_U(myproject_fifo_w10_d2_S)' using Shift Registers.
INFO: [RTMG 210-285] Implementing FIFO 'layer3_out_16_U(myproject_fifo_w10_d2_S)' using Shift Registers.
INFO: [RTMG 210-285] Implementing FIFO 'layer3_out_17_U(myproject_fifo_w10_d2_S)' using Shift Registers.
INFO: [RTMG 210-285] Implementing FIFO 'layer3_out_18_U(myproject_fifo_w10_d2_S)' using Shift Registers.
INFO: [RTMG 210-285] Implementing FIFO 'layer3_out_19_U(myproject_fifo_w10_d2_S)' using Shift Registers.
INFO: [RTMG 210-285] Implementing FIFO 'layer3_out_20_U(myproject_fifo_w10_d2_S)' using Shift Registers.
INFO: [RTMG 210-285] Implementing FIFO 'layer4_out_U(myproject_fifo_w10_d2_S)' using Shift Registers.
INFO: [RTMG 210-285] Implementing FIFO 'layer4_out_1_U(myproject_fifo_w10_d2_S)' using Shift Registers.
INFO: [RTMG 210-285] Implementing FIFO 'layer4_out_2_U(myproject_fifo_w10_d2_S)' using Shift Registers.
INFO: [RTMG 210-285] Implementing FIFO 'layer4_out_3_U(myproject_fifo_w10_d2_S)' using Shift Registers.
INFO: [RTMG 210-285] Implementing FIFO 'layer4_out_4_U(myproject_fifo_w10_d2_S)' using Shift Registers.
INFO: [RTMG 210-285] Implementing FIFO 'layer4_out_5_U(myproject_fifo_w10_d2_S)' using Shift Registers.
INFO: [RTMG 210-285] Implementing FIFO 'layer4_out_6_U(myproject_fifo_w10_d2_S)' using Shift Registers.
INFO: [RTMG 210-285] Implementing FIFO 'layer4_out_7_U(myproject_fifo_w10_d2_S)' using Shift Registers.
INFO: [RTMG 210-285] Implementing FIFO 'layer4_out_8_U(myproject_fifo_w10_d2_S)' using Shift Registers.
INFO: [RTMG 210-285] Implementing FIFO 'layer4_out_9_U(myproject_fifo_w10_d2_S)' using Shift Registers.
INFO: [RTMG 210-285] Implementing FIFO 'layer4_out_10_U(myproject_fifo_w10_d2_S)' using Shift Registers.
INFO: [RTMG 210-285] Implementing FIFO 'layer4_out_11_U(myproject_fifo_w10_d2_S)' using Shift Registers.
INFO: [RTMG 210-285] Implementing FIFO 'layer4_out_12_U(myproject_fifo_w10_d2_S)' using Shift Registers.
INFO: [RTMG 210-285] Implementing FIFO 'layer8_out_U(myproject_fifo_w11_d2_S)' using Shift Registers.
INFO: [RTMG 210-285] Implementing FIFO 'layer8_out_1_U(myproject_fifo_w11_d2_S)' using Shift Registers.
INFO: [RTMG 210-285] Implementing FIFO 'layer8_out_2_U(myproject_fifo_w11_d2_S)' using Shift Registers.
INFO: [RTMG 210-285] Implementing FIFO 'layer8_out_3_U(myproject_fifo_w11_d2_S)' using Shift Registers.
INFO: [RTMG 210-285] Implementing FIFO 'layer8_out_4_U(myproject_fifo_w11_d2_S)' using Shift Registers.
INFO: [RTMG 210-285] Implementing FIFO 'layer8_out_5_U(myproject_fifo_w11_d2_S)' using Shift Registers.
INFO: [RTMG 210-285] Implementing FIFO 'layer8_out_6_U(myproject_fifo_w11_d2_S)' using Shift Registers.
INFO: [RTMG 210-285] Implementing FIFO 'layer8_out_7_U(myproject_fifo_w11_d2_S)' using Shift Registers.
INFO: [RTMG 210-285] Implementing FIFO 'layer8_out_8_U(myproject_fifo_w11_d2_S)' using Shift Registers.
INFO: [RTMG 210-285] Implementing FIFO 'layer8_out_9_U(myproject_fifo_w11_d2_S)' using Shift Registers.
INFO: [RTMG 210-285] Implementing FIFO 'layer8_out_10_U(myproject_fifo_w11_d2_S)' using Shift Registers.
INFO: [RTMG 210-285] Implementing FIFO 'layer8_out_11_U(myproject_fifo_w11_d2_S)' using Shift Registers.
INFO: [RTMG 210-285] Implementing FIFO 'layer8_out_12_U(myproject_fifo_w11_d2_S)' using Shift Registers.
INFO: [RTMG 210-285] Implementing FIFO 'layer8_out_13_U(myproject_fifo_w11_d2_S)' using Shift Registers.
INFO: [RTMG 210-285] Implementing FIFO 'layer8_out_14_U(myproject_fifo_w11_d2_S)' using Shift Registers.
INFO: [RTMG 210-285] Implementing FIFO 'layer8_out_15_U(myproject_fifo_w11_d2_S)' using Shift Registers.
INFO: [RTMG 210-285] Implementing FIFO 'layer8_out_16_U(myproject_fifo_w11_d2_S)' using Shift Registers.
INFO: [RTMG 210-285] Implementing FIFO 'layer8_out_17_U(myproject_fifo_w11_d2_S)' using Shift Registers.
INFO: [RTMG 210-285] Implementing FIFO 'layer8_out_18_U(myproject_fifo_w11_d2_S)' using Shift Registers.
INFO: [RTMG 210-285] Implementing FIFO 'layer8_out_19_U(myproject_fifo_w11_d2_S)' using Shift Registers.
INFO: [RTMG 210-285] Implementing FIFO 'layer8_out_20_U(myproject_fifo_w11_d2_S)' using Shift Registers.
INFO: [RTMG 210-285] Implementing FIFO 'layer8_out_21_U(myproject_fifo_w11_d2_S)' using Shift Registers.
INFO: [RTMG 210-285] Implementing FIFO 'layer8_out_22_U(myproject_fifo_w11_d2_S)' using Shift Registers.
INFO: [RTMG 210-285] Implementing FIFO 'layer8_out_23_U(myproject_fifo_w11_d2_S)' using Shift Registers.
INFO: [RTMG 210-285] Implementing FIFO 'layer8_out_24_U(myproject_fifo_w11_d2_S)' using Shift Registers.
INFO: [RTMG 210-285] Implementing FIFO 'layer8_out_25_U(myproject_fifo_w11_d2_S)' using Shift Registers.
INFO: [RTMG 210-285] Implementing FIFO 'layer8_out_26_U(myproject_fifo_w11_d2_S)' using Shift Registers.
INFO: [RTMG 210-285] Implementing FIFO 'layer8_out_27_U(myproject_fifo_w11_d2_S)' using Shift Registers.
INFO: [RTMG 210-285] Implementing FIFO 'layer8_out_28_U(myproject_fifo_w11_d2_S)' using Shift Registers.
INFO: [RTMG 210-285] Implementing FIFO 'layer8_out_29_U(myproject_fifo_w11_d2_S)' using Shift Registers.
INFO: [RTMG 210-285] Implementing FIFO 'layer8_out_30_U(myproject_fifo_w11_d2_S)' using Shift Registers.
INFO: [RTMG 210-285] Implementing FIFO 'layer8_out_31_U(myproject_fifo_w11_d2_S)' using Shift Registers.
INFO: [RTMG 210-285] Implementing FIFO 'layer8_out_32_U(myproject_fifo_w11_d2_S)' using Shift Registers.
INFO: [RTMG 210-285] Implementing FIFO 'layer8_out_33_U(myproject_fifo_w11_d2_S)' using Shift Registers.
INFO: [RTMG 210-285] Implementing FIFO 'layer9_out_U(myproject_fifo_w10_d3_S)' using Shift Registers.
INFO: [RTMG 210-285] Implementing FIFO 'layer10_out_U(myproject_fifo_w10_d2_S)' using Shift Registers.
INFO: [RTMG 210-285] Implementing FIFO 'layer11_out_U(myproject_fifo_w10_d2_S)' using Shift Registers.
INFO: [RTMG 210-285] Implementing FIFO 'layer12_out_U(myproject_fifo_w11_d2_S)' using Shift Registers.
INFO: [RTMG 210-285] Implementing FIFO 'layer12_out_1_U(myproject_fifo_w11_d2_S)' using Shift Registers.
INFO: [RTMG 210-285] Implementing FIFO 'layer12_out_2_U(myproject_fifo_w11_d2_S)' using Shift Registers.
INFO: [RTMG 210-285] Implementing FIFO 'layer12_out_3_U(myproject_fifo_w11_d2_S)' using Shift Registers.
INFO: [RTMG 210-285] Implementing FIFO 'layer12_out_4_U(myproject_fifo_w11_d2_S)' using Shift Registers.
INFO: [RTMG 210-285] Implementing FIFO 'layer12_out_5_U(myproject_fifo_w11_d2_S)' using Shift Registers.
INFO: [RTMG 210-285] Implementing FIFO 'layer12_out_6_U(myproject_fifo_w11_d2_S)' using Shift Registers.
INFO: [RTMG 210-285] Implementing FIFO 'layer12_out_7_U(myproject_fifo_w11_d2_S)' using Shift Registers.
INFO: [RTMG 210-285] Implementing FIFO 'layer12_out_8_U(myproject_fifo_w11_d2_S)' using Shift Registers.
INFO: [RTMG 210-285] Implementing FIFO 'layer12_out_9_U(myproject_fifo_w11_d2_S)' using Shift Registers.
INFO: [RTMG 210-285] Implementing FIFO 'layer12_out_10_U(myproject_fifo_w11_d2_S)' using Shift Registers.
INFO: [RTMG 210-285] Implementing FIFO 'layer12_out_11_U(myproject_fifo_w11_d2_S)' using Shift Registers.
INFO: [RTMG 210-285] Implementing FIFO 'layer12_out_12_U(myproject_fifo_w11_d2_S)' using Shift Registers.
INFO: [RTMG 210-285] Implementing FIFO 'layer12_out_13_U(myproject_fifo_w11_d2_S)' using Shift Registers.
INFO: [RTMG 210-285] Implementing FIFO 'layer12_out_14_U(myproject_fifo_w11_d2_S)' using Shift Registers.
INFO: [RTMG 210-285] Implementing FIFO 'layer12_out_15_U(myproject_fifo_w11_d2_S)' using Shift Registers.
INFO: [RTMG 210-285] Implementing FIFO 'layer12_out_16_U(myproject_fifo_w11_d2_S)' using Shift Registers.
INFO: [RTMG 210-285] Implementing FIFO 'layer12_out_17_U(myproject_fifo_w11_d2_S)' using Shift Registers.
INFO: [RTMG 210-285] Implementing FIFO 'layer12_out_18_U(myproject_fifo_w11_d2_S)' using Shift Registers.
INFO: [RTMG 210-285] Implementing FIFO 'layer12_out_19_U(myproject_fifo_w11_d2_S)' using Shift Registers.
INFO: [RTMG 210-285] Implementing FIFO 'layer12_out_20_U(myproject_fifo_w11_d2_S)' using Shift Registers.
INFO: [RTMG 210-285] Implementing FIFO 'layer12_out_21_U(myproject_fifo_w11_d2_S)' using Shift Registers.
INFO: [RTMG 210-285] Implementing FIFO 'layer12_out_22_U(myproject_fifo_w11_d2_S)' using Shift Registers.
INFO: [RTMG 210-285] Implementing FIFO 'layer12_out_23_U(myproject_fifo_w11_d2_S)' using Shift Registers.
INFO: [RTMG 210-285] Implementing FIFO 'layer12_out_24_U(myproject_fifo_w11_d2_S)' using Shift Registers.
INFO: [RTMG 210-285] Implementing FIFO 'layer12_out_25_U(myproject_fifo_w11_d2_S)' using Shift Registers.
INFO: [RTMG 210-285] Implementing FIFO 'layer12_out_26_U(myproject_fifo_w11_d2_S)' using Shift Registers.
INFO: [RTMG 210-285] Implementing FIFO 'layer12_out_27_U(myproject_fifo_w11_d2_S)' using Shift Registers.
INFO: [RTMG 210-285] Implementing FIFO 'layer12_out_28_U(myproject_fifo_w11_d2_S)' using Shift Registers.
INFO: [RTMG 210-285] Implementing FIFO 'layer12_out_29_U(myproject_fifo_w11_d2_S)' using Shift Registers.
INFO: [RTMG 210-285] Implementing FIFO 'layer12_out_30_U(myproject_fifo_w11_d2_S)' using Shift Registers.
INFO: [RTMG 210-285] Implementing FIFO 'layer12_out_31_U(myproject_fifo_w11_d2_S)' using Shift Registers.
INFO: [RTMG 210-285] Implementing FIFO 'layer12_out_32_U(myproject_fifo_w11_d2_S)' using Shift Registers.
INFO: [RTMG 210-285] Implementing FIFO 'layer12_out_33_U(myproject_fifo_w11_d2_S)' using Shift Registers.
INFO: [RTMG 210-285] Implementing FIFO 'layer12_out_34_U(myproject_fifo_w11_d2_S)' using Shift Registers.
INFO: [RTMG 210-285] Implementing FIFO 'layer13_out_U(myproject_fifo_w11_d2_S)' using Shift Registers.
INFO: [RTMG 210-285] Implementing FIFO 'layer13_out_1_U(myproject_fifo_w11_d2_S)' using Shift Registers.
INFO: [RTMG 210-285] Implementing FIFO 'layer14_out_U(myproject_fifo_w16_d2_S)' using Shift Registers.
INFO: [RTMG 210-285] Implementing FIFO 'layer14_out_1_U(myproject_fifo_w16_d2_S)' using Shift Registers.
INFO: [RTMG 210-285] Implementing FIFO 'layer14_out_2_U(myproject_fifo_w16_d2_S)' using Shift Registers.
INFO: [RTMG 210-285] Implementing FIFO 'layer14_out_3_U(myproject_fifo_w16_d2_S)' using Shift Registers.
INFO: [RTMG 210-285] Implementing FIFO 'layer14_out_4_U(myproject_fifo_w16_d2_S)' using Shift Registers.
INFO: [RTMG 210-285] Implementing FIFO 'layer14_out_5_U(myproject_fifo_w16_d2_S)' using Shift Registers.
INFO: [RTMG 210-285] Implementing FIFO 'layer14_out_6_U(myproject_fifo_w16_d2_S)' using Shift Registers.
INFO: [RTMG 210-285] Implementing FIFO 'layer14_out_7_U(myproject_fifo_w16_d2_S)' using Shift Registers.
INFO: [RTMG 210-285] Implementing FIFO 'layer14_out_8_U(myproject_fifo_w16_d2_S)' using Shift Registers.
INFO: [RTMG 210-285] Implementing FIFO 'layer14_out_9_U(myproject_fifo_w16_d2_S)' using Shift Registers.
INFO: [RTMG 210-285] Implementing FIFO 'layer14_out_10_U(myproject_fifo_w16_d2_S)' using Shift Registers.
INFO: [RTMG 210-285] Implementing FIFO 'layer14_out_11_U(myproject_fifo_w16_d2_S)' using Shift Registers.
INFO: [RTMG 210-285] Implementing FIFO 'layer14_out_12_U(myproject_fifo_w16_d2_S)' using Shift Registers.
INFO: [RTMG 210-285] Implementing FIFO 'layer14_out_13_U(myproject_fifo_w16_d2_S)' using Shift Registers.
INFO: [RTMG 210-285] Implementing FIFO 'layer14_out_14_U(myproject_fifo_w16_d2_S)' using Shift Registers.
INFO: [RTMG 210-285] Implementing FIFO 'layer14_out_15_U(myproject_fifo_w16_d2_S)' using Shift Registers.
INFO: [RTMG 210-285] Implementing FIFO 'layer14_out_16_U(myproject_fifo_w16_d2_S)' using Shift Registers.
INFO: [RTMG 210-285] Implementing FIFO 'layer14_out_17_U(myproject_fifo_w16_d2_S)' using Shift Registers.
INFO: [RTMG 210-285] Implementing FIFO 'layer14_out_18_U(myproject_fifo_w16_d2_S)' using Shift Registers.
INFO: [RTMG 210-285] Implementing FIFO 'layer14_out_19_U(myproject_fifo_w16_d2_S)' using Shift Registers.
INFO: [RTMG 210-285] Implementing FIFO 'layer14_out_20_U(myproject_fifo_w16_d2_S)' using Shift Registers.
INFO: [RTMG 210-285] Implementing FIFO 'layer14_out_21_U(myproject_fifo_w16_d2_S)' using Shift Registers.
INFO: [RTMG 210-285] Implementing FIFO 'layer14_out_22_U(myproject_fifo_w16_d2_S)' using Shift Registers.
INFO: [RTMG 210-285] Implementing FIFO 'layer14_out_23_U(myproject_fifo_w16_d2_S)' using Shift Registers.
INFO: [RTMG 210-285] Implementing FIFO 'layer14_out_24_U(myproject_fifo_w16_d2_S)' using Shift Registers.
INFO: [RTMG 210-285] Implementing FIFO 'layer14_out_25_U(myproject_fifo_w16_d2_S)' using Shift Registers.
INFO: [RTMG 210-285] Implementing FIFO 'layer14_out_26_U(myproject_fifo_w16_d2_S)' using Shift Registers.
INFO: [RTMG 210-285] Implementing FIFO 'layer14_out_27_U(myproject_fifo_w16_d2_S)' using Shift Registers.
INFO: [RTMG 210-285] Implementing FIFO 'layer14_out_28_U(myproject_fifo_w16_d2_S)' using Shift Registers.
INFO: [RTMG 210-285] Implementing FIFO 'layer14_out_29_U(myproject_fifo_w16_d2_S)' using Shift Registers.
INFO: [RTMG 210-285] Implementing FIFO 'layer14_out_30_U(myproject_fifo_w16_d2_S)' using Shift Registers.
INFO: [RTMG 210-285] Implementing FIFO 'layer14_out_31_U(myproject_fifo_w16_d2_S)' using Shift Registers.
INFO: [RTMG 210-285] Implementing FIFO 'layer14_out_32_U(myproject_fifo_w16_d2_S)' using Shift Registers.
INFO: [RTMG 210-285] Implementing FIFO 'layer14_out_33_U(myproject_fifo_w16_d2_S)' using Shift Registers.
INFO: [RTMG 210-285] Implementing FIFO 'layer14_out_34_U(myproject_fifo_w16_d2_S)' using Shift Registers.
INFO: [RTMG 210-285] Implementing FIFO 'layer14_out_35_U(myproject_fifo_w16_d2_S)' using Shift Registers.
INFO: [RTMG 210-285] Implementing FIFO 'layer14_out_36_U(myproject_fifo_w16_d2_S)' using Shift Registers.
INFO: [RTMG 210-285] Implementing FIFO 'layer14_out_37_U(myproject_fifo_w16_d2_S)' using Shift Registers.
INFO: [RTMG 210-285] Implementing FIFO 'layer14_out_38_U(myproject_fifo_w16_d2_S)' using Shift Registers.
INFO: [RTMG 210-285] Implementing FIFO 'layer14_out_39_U(myproject_fifo_w16_d2_S)' using Shift Registers.
INFO: [RTMG 210-285] Implementing FIFO 'layer14_out_40_U(myproject_fifo_w16_d2_S)' using Shift Registers.
INFO: [RTMG 210-285] Implementing FIFO 'layer14_out_41_U(myproject_fifo_w16_d2_S)' using Shift Registers.
INFO: [RTMG 210-285] Implementing FIFO 'layer14_out_42_U(myproject_fifo_w16_d2_S)' using Shift Registers.
INFO: [RTMG 210-285] Implementing FIFO 'layer14_out_43_U(myproject_fifo_w16_d2_S)' using Shift Registers.
INFO: [RTMG 210-285] Implementing FIFO 'layer14_out_44_U(myproject_fifo_w16_d2_S)' using Shift Registers.
INFO: [RTMG 210-285] Implementing FIFO 'layer14_out_45_U(myproject_fifo_w16_d2_S)' using Shift Registers.
INFO: [RTMG 210-285] Implementing FIFO 'layer14_out_46_U(myproject_fifo_w16_d2_S)' using Shift Registers.
INFO: [RTMG 210-285] Implementing FIFO 'layer14_out_47_U(myproject_fifo_w16_d2_S)' using Shift Registers.
INFO: [RTMG 210-285] Implementing FIFO 'layer14_out_48_U(myproject_fifo_w16_d2_S)' using Shift Registers.
INFO: [RTMG 210-285] Implementing FIFO 'layer14_out_49_U(myproject_fifo_w16_d2_S)' using Shift Registers.
INFO: [RTMG 210-285] Implementing FIFO 'layer14_out_50_U(myproject_fifo_w16_d2_S)' using Shift Registers.
INFO: [RTMG 210-285] Implementing FIFO 'layer14_out_51_U(myproject_fifo_w16_d2_S)' using Shift Registers.
INFO: [RTMG 210-285] Implementing FIFO 'layer14_out_52_U(myproject_fifo_w16_d2_S)' using Shift Registers.
INFO: [RTMG 210-285] Implementing FIFO 'layer14_out_53_U(myproject_fifo_w16_d2_S)' using Shift Registers.
INFO: [RTMG 210-285] Implementing FIFO 'layer14_out_54_U(myproject_fifo_w16_d2_S)' using Shift Registers.
INFO: [RTMG 210-285] Implementing FIFO 'layer14_out_55_U(myproject_fifo_w16_d2_S)' using Shift Registers.
INFO: [RTMG 210-285] Implementing FIFO 'layer16_out_U(myproject_fifo_w16_d2_S)' using Shift Registers.
INFO: [RTMG 210-285] Implementing FIFO 'layer16_out_1_U(myproject_fifo_w16_d2_S)' using Shift Registers.
INFO: [RTMG 210-285] Implementing FIFO 'layer18_out_U(myproject_fifo_w8_d2_S)' using Shift Registers.
INFO: [RTMG 210-285] Implementing FIFO 'layer18_out_1_U(myproject_fifo_w8_d2_S)' using Shift Registers.
INFO: [RTMG 210-285] Implementing FIFO 'layer18_out_2_U(myproject_fifo_w8_d2_S)' using Shift Registers.
INFO: [RTMG 210-285] Implementing FIFO 'layer18_out_3_U(myproject_fifo_w8_d2_S)' using Shift Registers.
INFO: [RTMG 210-285] Implementing FIFO 'layer18_out_4_U(myproject_fifo_w8_d2_S)' using Shift Registers.
INFO: [RTMG 210-285] Implementing FIFO 'layer18_out_5_U(myproject_fifo_w8_d2_S)' using Shift Registers.
INFO: [RTMG 210-285] Implementing FIFO 'layer18_out_6_U(myproject_fifo_w8_d2_S)' using Shift Registers.
INFO: [RTMG 210-285] Implementing FIFO 'layer18_out_7_U(myproject_fifo_w8_d2_S)' using Shift Registers.
INFO: [RTMG 210-285] Implementing FIFO 'layer18_out_8_U(myproject_fifo_w8_d2_S)' using Shift Registers.
INFO: [RTMG 210-285] Implementing FIFO 'layer18_out_9_U(myproject_fifo_w8_d2_S)' using Shift Registers.
INFO: [RTMG 210-285] Implementing FIFO 'layer18_out_10_U(myproject_fifo_w8_d2_S)' using Shift Registers.
INFO: [RTMG 210-285] Implementing FIFO 'layer18_out_11_U(myproject_fifo_w8_d2_S)' using Shift Registers.
INFO: [RTMG 210-285] Implementing FIFO 'layer18_out_12_U(myproject_fifo_w8_d2_S)' using Shift Registers.
INFO: [RTMG 210-285] Implementing FIFO 'layer18_out_13_U(myproject_fifo_w8_d2_S)' using Shift Registers.
INFO: [RTMG 210-285] Implementing FIFO 'layer18_out_14_U(myproject_fifo_w8_d2_S)' using Shift Registers.
INFO: [RTMG 210-285] Implementing FIFO 'layer18_out_15_U(myproject_fifo_w8_d2_S)' using Shift Registers.
INFO: [RTMG 210-285] Implementing FIFO 'layer18_out_16_U(myproject_fifo_w8_d2_S)' using Shift Registers.
INFO: [RTMG 210-285] Implementing FIFO 'layer18_out_17_U(myproject_fifo_w8_d2_S)' using Shift Registers.
INFO: [RTMG 210-285] Implementing FIFO 'layer18_out_18_U(myproject_fifo_w8_d2_S)' using Shift Registers.
INFO: [RTMG 210-285] Implementing FIFO 'layer18_out_19_U(myproject_fifo_w8_d2_S)' using Shift Registers.
INFO: [RTMG 210-285] Implementing FIFO 'layer18_out_20_U(myproject_fifo_w8_d2_S)' using Shift Registers.
INFO: [RTMG 210-285] Implementing FIFO 'layer18_out_21_U(myproject_fifo_w8_d2_S)' using Shift Registers.
INFO: [RTMG 210-285] Implementing FIFO 'layer18_out_22_U(myproject_fifo_w8_d2_S)' using Shift Registers.
INFO: [RTMG 210-285] Implementing FIFO 'layer18_out_23_U(myproject_fifo_w8_d2_S)' using Shift Registers.
INFO: [RTMG 210-285] Implementing FIFO 'layer18_out_24_U(myproject_fifo_w8_d2_S)' using Shift Registers.
INFO: [RTMG 210-285] Implementing FIFO 'layer18_out_25_U(myproject_fifo_w8_d2_S)' using Shift Registers.
INFO: [RTMG 210-285] Implementing FIFO 'layer18_out_26_U(myproject_fifo_w8_d2_S)' using Shift Registers.
INFO: [RTMG 210-285] Implementing FIFO 'layer18_out_27_U(myproject_fifo_w8_d2_S)' using Shift Registers.
INFO: [RTMG 210-285] Implementing FIFO 'layer18_out_28_U(myproject_fifo_w8_d2_S)' using Shift Registers.
INFO: [RTMG 210-285] Implementing FIFO 'layer18_out_29_U(myproject_fifo_w8_d2_S)' using Shift Registers.
INFO: [RTMG 210-285] Implementing FIFO 'layer18_out_30_U(myproject_fifo_w8_d2_S)' using Shift Registers.
INFO: [RTMG 210-285] Implementing FIFO 'layer18_out_31_U(myproject_fifo_w8_d2_S)' using Shift Registers.
INFO: [RTMG 210-285] Implementing FIFO 'layer18_out_32_U(myproject_fifo_w8_d2_S)' using Shift Registers.
INFO: [RTMG 210-285] Implementing FIFO 'layer18_out_33_U(myproject_fifo_w8_d2_S)' using Shift Registers.
INFO: [RTMG 210-285] Implementing FIFO 'layer18_out_34_U(myproject_fifo_w8_d2_S)' using Shift Registers.
INFO: [RTMG 210-285] Implementing FIFO 'layer18_out_35_U(myproject_fifo_w8_d2_S)' using Shift Registers.
INFO: [RTMG 210-285] Implementing FIFO 'layer18_out_36_U(myproject_fifo_w8_d2_S)' using Shift Registers.
INFO: [RTMG 210-285] Implementing FIFO 'layer18_out_37_U(myproject_fifo_w8_d2_S)' using Shift Registers.
INFO: [RTMG 210-285] Implementing FIFO 'layer18_out_38_U(myproject_fifo_w8_d2_S)' using Shift Registers.
INFO: [RTMG 210-285] Implementing FIFO 'layer18_out_39_U(myproject_fifo_w8_d2_S)' using Shift Registers.
INFO: [RTMG 210-285] Implementing FIFO 'layer18_out_40_U(myproject_fifo_w8_d2_S)' using Shift Registers.
INFO: [RTMG 210-285] Implementing FIFO 'layer18_out_41_U(myproject_fifo_w8_d2_S)' using Shift Registers.
INFO: [RTMG 210-285] Implementing FIFO 'layer18_out_42_U(myproject_fifo_w8_d2_S)' using Shift Registers.
INFO: [RTMG 210-285] Implementing FIFO 'layer18_out_43_U(myproject_fifo_w8_d2_S)' using Shift Registers.
INFO: [RTMG 210-285] Implementing FIFO 'layer18_out_44_U(myproject_fifo_w8_d2_S)' using Shift Registers.
INFO: [RTMG 210-285] Implementing FIFO 'layer18_out_45_U(myproject_fifo_w8_d2_S)' using Shift Registers.
INFO: [RTMG 210-285] Implementing FIFO 'layer18_out_46_U(myproject_fifo_w8_d2_S)' using Shift Registers.
INFO: [RTMG 210-285] Implementing FIFO 'layer18_out_47_U(myproject_fifo_w8_d2_S)' using Shift Registers.
INFO: [RTMG 210-285] Implementing FIFO 'layer18_out_48_U(myproject_fifo_w8_d2_S)' using Shift Registers.
INFO: [RTMG 210-285] Implementing FIFO 'layer18_out_49_U(myproject_fifo_w8_d2_S)' using Shift Registers.
INFO: [RTMG 210-285] Implementing FIFO 'layer18_out_50_U(myproject_fifo_w8_d2_S)' using Shift Registers.
INFO: [RTMG 210-285] Implementing FIFO 'layer18_out_51_U(myproject_fifo_w8_d2_S)' using Shift Registers.
INFO: [RTMG 210-285] Implementing FIFO 'layer18_out_52_U(myproject_fifo_w8_d2_S)' using Shift Registers.
INFO: [RTMG 210-285] Implementing FIFO 'layer18_out_53_U(myproject_fifo_w8_d2_S)' using Shift Registers.
INFO: [RTMG 210-285] Implementing FIFO 'layer18_out_54_U(myproject_fifo_w8_d2_S)' using Shift Registers.
INFO: [RTMG 210-285] Implementing FIFO 'layer18_out_55_U(myproject_fifo_w8_d2_S)' using Shift Registers.
INFO: [RTMG 210-285] Implementing FIFO 'layer19_out_U(myproject_fifo_w8_d3_S)' using Shift Registers.
INFO: [RTMG 210-285] Implementing FIFO 'layer19_out_1_U(myproject_fifo_w8_d3_S)' using Shift Registers.
INFO: [RTMG 210-285] Implementing FIFO 'layer20_out_U(myproject_fifo_w10_d2_S)' using Shift Registers.
INFO: [RTMG 210-285] Implementing FIFO 'layer20_out_1_U(myproject_fifo_w10_d2_S)' using Shift Registers.
INFO: [RTMG 210-285] Implementing FIFO 'layer20_out_2_U(myproject_fifo_w10_d2_S)' using Shift Registers.
INFO: [RTMG 210-285] Implementing FIFO 'layer20_out_3_U(myproject_fifo_w10_d2_S)' using Shift Registers.
INFO: [RTMG 210-285] Implementing FIFO 'layer20_out_4_U(myproject_fifo_w10_d2_S)' using Shift Registers.
INFO: [RTMG 210-285] Implementing FIFO 'layer20_out_5_U(myproject_fifo_w10_d2_S)' using Shift Registers.
INFO: [RTMG 210-285] Implementing FIFO 'layer20_out_6_U(myproject_fifo_w10_d2_S)' using Shift Registers.
INFO: [RTMG 210-285] Implementing FIFO 'layer20_out_7_U(myproject_fifo_w10_d2_S)' using Shift Registers.
INFO: [RTMG 210-285] Implementing FIFO 'layer20_out_8_U(myproject_fifo_w10_d2_S)' using Shift Registers.
INFO: [RTMG 210-285] Implementing FIFO 'layer20_out_9_U(myproject_fifo_w10_d2_S)' using Shift Registers.
INFO: [RTMG 210-285] Implementing FIFO 'layer20_out_10_U(myproject_fifo_w10_d2_S)' using Shift Registers.
INFO: [RTMG 210-285] Implementing FIFO 'layer20_out_11_U(myproject_fifo_w10_d2_S)' using Shift Registers.
INFO: [RTMG 210-285] Implementing FIFO 'layer20_out_12_U(myproject_fifo_w10_d2_S)' using Shift Registers.
INFO: [RTMG 210-285] Implementing FIFO 'layer20_out_13_U(myproject_fifo_w10_d2_S)' using Shift Registers.
INFO: [RTMG 210-285] Implementing FIFO 'layer20_out_14_U(myproject_fifo_w10_d2_S)' using Shift Registers.
INFO: [RTMG 210-285] Implementing FIFO 'layer20_out_15_U(myproject_fifo_w10_d2_S)' using Shift Registers.
INFO: [RTMG 210-285] Implementing FIFO 'layer20_out_16_U(myproject_fifo_w10_d2_S)' using Shift Registers.
INFO: [RTMG 210-285] Implementing FIFO 'layer20_out_17_U(myproject_fifo_w10_d2_S)' using Shift Registers.
INFO: [RTMG 210-285] Implementing FIFO 'layer20_out_18_U(myproject_fifo_w10_d2_S)' using Shift Registers.
INFO: [RTMG 210-285] Implementing FIFO 'layer20_out_19_U(myproject_fifo_w10_d2_S)' using Shift Registers.
INFO: [RTMG 210-285] Implementing FIFO 'layer20_out_20_U(myproject_fifo_w10_d2_S)' using Shift Registers.
INFO: [RTMG 210-285] Implementing FIFO 'layer20_out_21_U(myproject_fifo_w10_d2_S)' using Shift Registers.
INFO: [RTMG 210-285] Implementing FIFO 'layer20_out_22_U(myproject_fifo_w10_d2_S)' using Shift Registers.
INFO: [RTMG 210-285] Implementing FIFO 'layer20_out_23_U(myproject_fifo_w10_d2_S)' using Shift Registers.
INFO: [RTMG 210-285] Implementing FIFO 'layer20_out_24_U(myproject_fifo_w10_d2_S)' using Shift Registers.
INFO: [RTMG 210-285] Implementing FIFO 'layer20_out_25_U(myproject_fifo_w10_d2_S)' using Shift Registers.
INFO: [RTMG 210-285] Implementing FIFO 'layer20_out_26_U(myproject_fifo_w10_d2_S)' using Shift Registers.
INFO: [RTMG 210-285] Implementing FIFO 'layer20_out_27_U(myproject_fifo_w10_d2_S)' using Shift Registers.
INFO: [RTMG 210-285] Implementing FIFO 'layer20_out_28_U(myproject_fifo_w10_d2_S)' using Shift Registers.
INFO: [RTMG 210-285] Implementing FIFO 'layer20_out_29_U(myproject_fifo_w10_d2_S)' using Shift Registers.
INFO: [RTMG 210-285] Implementing FIFO 'layer20_out_30_U(myproject_fifo_w10_d2_S)' using Shift Registers.
INFO: [RTMG 210-285] Implementing FIFO 'layer20_out_31_U(myproject_fifo_w10_d2_S)' using Shift Registers.
INFO: [RTMG 210-285] Implementing FIFO 'layer20_out_32_U(myproject_fifo_w10_d2_S)' using Shift Registers.
INFO: [RTMG 210-285] Implementing FIFO 'layer20_out_33_U(myproject_fifo_w10_d2_S)' using Shift Registers.
INFO: [RTMG 210-285] Implementing FIFO 'layer20_out_34_U(myproject_fifo_w10_d2_S)' using Shift Registers.
INFO: [RTMG 210-285] Implementing FIFO 'layer20_out_35_U(myproject_fifo_w10_d2_S)' using Shift Registers.
INFO: [RTMG 210-285] Implementing FIFO 'layer20_out_36_U(myproject_fifo_w10_d2_S)' using Shift Registers.
INFO: [RTMG 210-285] Implementing FIFO 'layer20_out_37_U(myproject_fifo_w10_d2_S)' using Shift Registers.
INFO: [RTMG 210-285] Implementing FIFO 'layer20_out_38_U(myproject_fifo_w10_d2_S)' using Shift Registers.
INFO: [RTMG 210-285] Implementing FIFO 'layer20_out_39_U(myproject_fifo_w10_d2_S)' using Shift Registers.
INFO: [RTMG 210-285] Implementing FIFO 'layer20_out_40_U(myproject_fifo_w10_d2_S)' using Shift Registers.
INFO: [RTMG 210-285] Implementing FIFO 'layer20_out_41_U(myproject_fifo_w10_d2_S)' using Shift Registers.
INFO: [RTMG 210-285] Implementing FIFO 'layer20_out_42_U(myproject_fifo_w10_d2_S)' using Shift Registers.
INFO: [RTMG 210-285] Implementing FIFO 'layer20_out_43_U(myproject_fifo_w10_d2_S)' using Shift Registers.
INFO: [RTMG 210-285] Implementing FIFO 'layer20_out_44_U(myproject_fifo_w10_d2_S)' using Shift Registers.
INFO: [RTMG 210-285] Implementing FIFO 'layer20_out_45_U(myproject_fifo_w10_d2_S)' using Shift Registers.
INFO: [RTMG 210-285] Implementing FIFO 'layer20_out_46_U(myproject_fifo_w10_d2_S)' using Shift Registers.
INFO: [RTMG 210-285] Implementing FIFO 'layer20_out_47_U(myproject_fifo_w10_d2_S)' using Shift Registers.
INFO: [RTMG 210-285] Implementing FIFO 'layer20_out_48_U(myproject_fifo_w10_d2_S)' using Shift Registers.
INFO: [RTMG 210-285] Implementing FIFO 'layer20_out_49_U(myproject_fifo_w10_d2_S)' using Shift Registers.
INFO: [RTMG 210-285] Implementing FIFO 'layer20_out_50_U(myproject_fifo_w10_d2_S)' using Shift Registers.
INFO: [RTMG 210-285] Implementing FIFO 'layer20_out_51_U(myproject_fifo_w10_d2_S)' using Shift Registers.
INFO: [RTMG 210-285] Implementing FIFO 'layer20_out_52_U(myproject_fifo_w10_d2_S)' using Shift Registers.
INFO: [RTMG 210-285] Implementing FIFO 'layer20_out_53_U(myproject_fifo_w10_d2_S)' using Shift Registers.
INFO: [RTMG 210-285] Implementing FIFO 'layer20_out_54_U(myproject_fifo_w10_d2_S)' using Shift Registers.
INFO: [RTMG 210-285] Implementing FIFO 'layer20_out_55_U(myproject_fifo_w10_d2_S)' using Shift Registers.
INFO: [RTMG 210-285] Implementing FIFO 'layer20_out_56_U(myproject_fifo_w10_d2_S)' using Shift Registers.
INFO: [RTMG 210-285] Implementing FIFO 'layer20_out_57_U(myproject_fifo_w10_d2_S)' using Shift Registers.
INFO: [RTMG 210-285] Implementing FIFO 'layer21_out_U(myproject_fifo_w16_d2_S)' using Shift Registers.
INFO: [RTMG 210-285] Implementing FIFO 'layer21_out_1_U(myproject_fifo_w16_d2_S)' using Shift Registers.
INFO: [RTMG 210-285] Implementing FIFO 'layer21_out_2_U(myproject_fifo_w16_d2_S)' using Shift Registers.
INFO: [RTMG 210-285] Implementing FIFO 'layer21_out_3_U(myproject_fifo_w16_d2_S)' using Shift Registers.
INFO: [RTMG 210-285] Implementing FIFO 'layer21_out_4_U(myproject_fifo_w16_d2_S)' using Shift Registers.
INFO: [RTMG 210-285] Implementing FIFO 'layer21_out_5_U(myproject_fifo_w16_d2_S)' using Shift Registers.
INFO: [RTMG 210-285] Implementing FIFO 'layer21_out_6_U(myproject_fifo_w16_d2_S)' using Shift Registers.
INFO: [RTMG 210-285] Implementing FIFO 'layer21_out_7_U(myproject_fifo_w16_d2_S)' using Shift Registers.
INFO: [RTMG 210-285] Implementing FIFO 'layer21_out_8_U(myproject_fifo_w16_d2_S)' using Shift Registers.
INFO: [RTMG 210-285] Implementing FIFO 'layer21_out_9_U(myproject_fifo_w16_d2_S)' using Shift Registers.
INFO: [RTMG 210-285] Implementing FIFO 'layer21_out_10_U(myproject_fifo_w16_d2_S)' using Shift Registers.
INFO: [RTMG 210-285] Implementing FIFO 'layer21_out_11_U(myproject_fifo_w16_d2_S)' using Shift Registers.
INFO: [RTMG 210-285] Implementing FIFO 'layer21_out_12_U(myproject_fifo_w16_d2_S)' using Shift Registers.
INFO: [RTMG 210-285] Implementing FIFO 'layer21_out_13_U(myproject_fifo_w16_d2_S)' using Shift Registers.
INFO: [RTMG 210-285] Implementing FIFO 'layer21_out_14_U(myproject_fifo_w16_d2_S)' using Shift Registers.
INFO: [RTMG 210-285] Implementing FIFO 'layer21_out_15_U(myproject_fifo_w16_d2_S)' using Shift Registers.
INFO: [RTMG 210-285] Implementing FIFO 'layer21_out_16_U(myproject_fifo_w16_d2_S)' using Shift Registers.
INFO: [RTMG 210-285] Implementing FIFO 'layer21_out_17_U(myproject_fifo_w16_d2_S)' using Shift Registers.
INFO: [RTMG 210-285] Implementing FIFO 'layer21_out_18_U(myproject_fifo_w16_d2_S)' using Shift Registers.
INFO: [RTMG 210-285] Implementing FIFO 'layer21_out_19_U(myproject_fifo_w16_d2_S)' using Shift Registers.
INFO: [RTMG 210-285] Implementing FIFO 'layer21_out_20_U(myproject_fifo_w16_d2_S)' using Shift Registers.
INFO: [RTMG 210-285] Implementing FIFO 'layer21_out_21_U(myproject_fifo_w16_d2_S)' using Shift Registers.
INFO: [RTMG 210-285] Implementing FIFO 'layer21_out_22_U(myproject_fifo_w16_d2_S)' using Shift Registers.
INFO: [RTMG 210-285] Implementing FIFO 'layer21_out_23_U(myproject_fifo_w16_d2_S)' using Shift Registers.
INFO: [RTMG 210-285] Implementing FIFO 'layer21_out_24_U(myproject_fifo_w16_d2_S)' using Shift Registers.
INFO: [RTMG 210-285] Implementing FIFO 'layer21_out_25_U(myproject_fifo_w16_d2_S)' using Shift Registers.
INFO: [RTMG 210-285] Implementing FIFO 'layer21_out_26_U(myproject_fifo_w16_d2_S)' using Shift Registers.
INFO: [RTMG 210-285] Implementing FIFO 'layer21_out_27_U(myproject_fifo_w16_d2_S)' using Shift Registers.
INFO: [RTMG 210-285] Implementing FIFO 'layer23_out_U(myproject_fifo_w8_d2_S)' using Shift Registers.
INFO: [RTMG 210-285] Implementing FIFO 'layer23_out_1_U(myproject_fifo_w8_d2_S)' using Shift Registers.
INFO: [RTMG 210-285] Implementing FIFO 'layer23_out_2_U(myproject_fifo_w8_d2_S)' using Shift Registers.
INFO: [RTMG 210-285] Implementing FIFO 'layer23_out_3_U(myproject_fifo_w8_d2_S)' using Shift Registers.
INFO: [RTMG 210-285] Implementing FIFO 'layer23_out_4_U(myproject_fifo_w8_d2_S)' using Shift Registers.
INFO: [RTMG 210-285] Implementing FIFO 'layer23_out_5_U(myproject_fifo_w8_d2_S)' using Shift Registers.
INFO: [RTMG 210-285] Implementing FIFO 'layer23_out_6_U(myproject_fifo_w8_d2_S)' using Shift Registers.
INFO: [RTMG 210-285] Implementing FIFO 'layer23_out_7_U(myproject_fifo_w8_d2_S)' using Shift Registers.
INFO: [RTMG 210-285] Implementing FIFO 'layer23_out_8_U(myproject_fifo_w8_d2_S)' using Shift Registers.
INFO: [RTMG 210-285] Implementing FIFO 'layer23_out_9_U(myproject_fifo_w8_d2_S)' using Shift Registers.
INFO: [RTMG 210-285] Implementing FIFO 'layer23_out_10_U(myproject_fifo_w8_d2_S)' using Shift Registers.
INFO: [RTMG 210-285] Implementing FIFO 'layer23_out_11_U(myproject_fifo_w8_d2_S)' using Shift Registers.
INFO: [RTMG 210-285] Implementing FIFO 'layer23_out_12_U(myproject_fifo_w8_d2_S)' using Shift Registers.
INFO: [RTMG 210-285] Implementing FIFO 'layer23_out_13_U(myproject_fifo_w8_d2_S)' using Shift Registers.
INFO: [RTMG 210-285] Implementing FIFO 'layer23_out_14_U(myproject_fifo_w8_d2_S)' using Shift Registers.
INFO: [RTMG 210-285] Implementing FIFO 'layer23_out_15_U(myproject_fifo_w8_d2_S)' using Shift Registers.
INFO: [RTMG 210-285] Implementing FIFO 'layer23_out_16_U(myproject_fifo_w8_d2_S)' using Shift Registers.
INFO: [RTMG 210-285] Implementing FIFO 'layer23_out_17_U(myproject_fifo_w8_d2_S)' using Shift Registers.
INFO: [RTMG 210-285] Implementing FIFO 'layer23_out_18_U(myproject_fifo_w8_d2_S)' using Shift Registers.
INFO: [RTMG 210-285] Implementing FIFO 'layer23_out_19_U(myproject_fifo_w8_d2_S)' using Shift Registers.
INFO: [RTMG 210-285] Implementing FIFO 'layer23_out_20_U(myproject_fifo_w8_d2_S)' using Shift Registers.
INFO: [RTMG 210-285] Implementing FIFO 'layer23_out_21_U(myproject_fifo_w8_d2_S)' using Shift Registers.
INFO: [RTMG 210-285] Implementing FIFO 'layer23_out_22_U(myproject_fifo_w8_d2_S)' using Shift Registers.
INFO: [RTMG 210-285] Implementing FIFO 'layer23_out_23_U(myproject_fifo_w8_d2_S)' using Shift Registers.
INFO: [RTMG 210-285] Implementing FIFO 'layer23_out_24_U(myproject_fifo_w8_d2_S)' using Shift Registers.
INFO: [RTMG 210-285] Implementing FIFO 'layer23_out_25_U(myproject_fifo_w8_d2_S)' using Shift Registers.
INFO: [RTMG 210-285] Implementing FIFO 'layer23_out_26_U(myproject_fifo_w8_d2_S)' using Shift Registers.
INFO: [RTMG 210-285] Implementing FIFO 'layer23_out_27_U(myproject_fifo_w8_d2_S)' using Shift Registers.
INFO: [RTMG 210-285] Implementing FIFO 'layer24_out_U(myproject_fifo_w16_d2_S)' using Shift Registers.
INFO: [RTMG 210-285] Implementing FIFO 'layer24_out_1_U(myproject_fifo_w16_d2_S)' using Shift Registers.
INFO: [RTMG 210-285] Implementing FIFO 'layer24_out_2_U(myproject_fifo_w16_d2_S)' using Shift Registers.
INFO: [RTMG 210-285] Implementing FIFO 'layer24_out_3_U(myproject_fifo_w16_d2_S)' using Shift Registers.
INFO: [RTMG 210-285] Implementing FIFO 'layer24_out_4_U(myproject_fifo_w16_d2_S)' using Shift Registers.
INFO: [RTMG 210-285] Implementing FIFO 'layer24_out_5_U(myproject_fifo_w16_d2_S)' using Shift Registers.
INFO: [RTMG 210-285] Implementing FIFO 'layer24_out_6_U(myproject_fifo_w16_d2_S)' using Shift Registers.
INFO: [RTMG 210-285] Implementing FIFO 'layer24_out_7_U(myproject_fifo_w16_d2_S)' using Shift Registers.
INFO: [RTMG 210-285] Implementing FIFO 'layer24_out_8_U(myproject_fifo_w16_d2_S)' using Shift Registers.
INFO: [RTMG 210-285] Implementing FIFO 'layer24_out_9_U(myproject_fifo_w16_d2_S)' using Shift Registers.
INFO: [RTMG 210-285] Implementing FIFO 'layer26_out_U(myproject_fifo_w8_d2_S)' using Shift Registers.
INFO: [RTMG 210-285] Implementing FIFO 'layer26_out_1_U(myproject_fifo_w8_d2_S)' using Shift Registers.
INFO: [RTMG 210-285] Implementing FIFO 'layer26_out_2_U(myproject_fifo_w8_d2_S)' using Shift Registers.
INFO: [RTMG 210-285] Implementing FIFO 'layer26_out_3_U(myproject_fifo_w8_d2_S)' using Shift Registers.
INFO: [RTMG 210-285] Implementing FIFO 'layer26_out_4_U(myproject_fifo_w8_d2_S)' using Shift Registers.
INFO: [RTMG 210-285] Implementing FIFO 'layer26_out_5_U(myproject_fifo_w8_d2_S)' using Shift Registers.
INFO: [RTMG 210-285] Implementing FIFO 'layer26_out_6_U(myproject_fifo_w8_d2_S)' using Shift Registers.
INFO: [RTMG 210-285] Implementing FIFO 'layer26_out_7_U(myproject_fifo_w8_d2_S)' using Shift Registers.
INFO: [RTMG 210-285] Implementing FIFO 'layer26_out_8_U(myproject_fifo_w8_d2_S)' using Shift Registers.
INFO: [RTMG 210-285] Implementing FIFO 'layer26_out_9_U(myproject_fifo_w8_d2_S)' using Shift Registers.
INFO: [RTMG 210-285] Implementing FIFO 'layer27_out_U(myproject_fifo_w15_d2_S)' using Shift Registers.
INFO: [HLS 200-111] Finished Creating RTL model: CPU user time: 3.28 seconds. CPU system time: 0.46 seconds. Elapsed time: 3.78 seconds; current allocated memory: 1015.945 MB.
INFO: [HLS 200-111] Finished Generating all RTL models: CPU user time: 1.2 seconds. CPU system time: 0.17 seconds. Elapsed time: 1.37 seconds; current allocated memory: 1.013 GB.
INFO: [HLS 200-111] Finished Updating report files: CPU user time: 7.18 seconds. CPU system time: 0.08 seconds. Elapsed time: 7.29 seconds; current allocated memory: 1.081 GB.
INFO: [VHDL 208-304] Generating VHDL RTL for myproject.
INFO: [VLOG 209-307] Generating Verilog RTL for myproject.
INFO: [HLS 200-790] **** Loop Constraint Status: All loop constraints were NOT satisfied.
INFO: [HLS 200-789] **** Estimated Fmax: 61.29 MHz
INFO: [HLS 200-2161] Finished Command csynth_design Elapsed time: 00:01:31; Allocated memory: 773.738 MB.
***** C/RTL SYNTHESIS COMPLETED IN 0h1m31s *****
***** VIVADO SYNTHESIS *****

****** Vivado v2024.1 (64-bit)
  **** SW Build 5076996 on Wed May 22 18:36:09 MDT 2024
  **** IP Build 5075265 on Wed May 22 21:45:21 MDT 2024
  **** SharedData Build 5076995 on Wed May 22 18:29:18 MDT 2024
  **** Start of session at: Tue Aug 11 05:38:36 2026
    ** Copyright 1986-2022 Xilinx, Inc. All Rights Reserved.
    ** Copyright 2022-2024 Advanced Micro Devices, Inc. All Rights Reserved.

source vivado_synth.tcl
# set tcldir [file dirname [info script]]
# source [file join $tcldir project.tcl]
## variable project_name
## set project_name "myproject"
## variable backend
## set backend "vivado"
## variable part
## set part "xc7z020clg400-1"
## variable clock_period
## set clock_period 20
## variable clock_uncertainty
## set clock_uncertainty 12.5%
## variable version
## set version "1.0.0"
# add_files ${project_name}_prj/solution1/syn/vhdl
add_files: Time (s): cpu = 00:00:06 ; elapsed = 00:00:06 . Memory (MB): peak = 1674.070 ; gain = 41.836 ; free physical = 62407 ; free virtual = 192389
# synth_design -top ${project_name} -part $part
Command: synth_design -top myproject -part xc7z020clg400-1
Starting synth_design
Attempting to get a license for feature 'Synthesis' and/or device 'xc7z020'
INFO: [Common 17-349] Got license for feature 'Synthesis' and/or device 'xc7z020'
INFO: [Synth 8-7079] Multithreading enabled for synth_design using a maximum of 4 processes.
INFO: [Synth 8-7078] Launching helper process for spawning children vivado processes
INFO: [Synth 8-7075] Helper process launched with PID 3519707
---------------------------------------------------------------------------------
Starting Synthesize : Time (s): cpu = 00:00:04 ; elapsed = 00:00:04 . Memory (MB): peak = 2106.629 ; gain = 426.496 ; free physical = 59665 ; free virtual = 190250
---------------------------------------------------------------------------------
INFO: [Synth 8-638] synthesizing module 'myproject' [/home/dabadjiev/smartpixels_ml_dsabadjiev/Muon_Collider_Smart_Pixels/eric/Results_June2026_99SigEff/model2.5_fin_results/model2_5_8bit_normalised_selected/pareto_primary/hls_outputs_vsynth/hls_model_trial_043/myproject_prj/solution1/syn/vhdl/myproject.vhd:181]
INFO: [Synth 8-3491] module 'myproject_linear_ap_fixed_16_6_5_3_0_ap_fixed_10_1_4_0_0_linear_config3_s' declared at '/home/dabadjiev/smartpixels_ml_dsabadjiev/Muon_Collider_Smart_Pixels/eric/Results_June2026_99SigEff/model2.5_fin_results/model2_5_8bit_normalised_selected/pareto_primary/hls_outputs_vsynth/hls_model_trial_043/myproject_prj/solution1/syn/vhdl/myproject_linear_ap_fixed_16_6_5_3_0_ap_fixed_10_1_4_0_0_linear_config3_s.vhd:11' bound to instance 'linear_ap_fixed_16_6_5_3_0_ap_fixed_10_1_4_0_0_linear_config3_U0' of component 'myproject_linear_ap_fixed_16_6_5_3_0_ap_fixed_10_1_4_0_0_linear_config3_s' [/home/dabadjiev/smartpixels_ml_dsabadjiev/Muon_Collider_Smart_Pixels/eric/Results_June2026_99SigEff/model2.5_fin_results/model2_5_8bit_normalised_selected/pareto_primary/hls_outputs_vsynth/hls_model_trial_043/myproject_prj/solution1/syn/vhdl/myproject.vhd:4760]
INFO: [Synth 8-638] synthesizing module 'myproject_linear_ap_fixed_16_6_5_3_0_ap_fixed_10_1_4_0_0_linear_config3_s' [/home/dabadjiev/smartpixels_ml_dsabadjiev/Muon_Collider_Smart_Pixels/eric/Results_June2026_99SigEff/model2.5_fin_results/model2_5_8bit_normalised_selected/pareto_primary/hls_outputs_vsynth/hls_model_trial_043/myproject_prj/solution1/syn/vhdl/myproject_linear_ap_fixed_16_6_5_3_0_ap_fixed_10_1_4_0_0_linear_config3_s.vhd:47]
INFO: [Synth 8-256] done synthesizing module 'myproject_linear_ap_fixed_16_6_5_3_0_ap_fixed_10_1_4_0_0_linear_config3_s' (0#1) [/home/dabadjiev/smartpixels_ml_dsabadjiev/Muon_Collider_Smart_Pixels/eric/Results_June2026_99SigEff/model2.5_fin_results/model2_5_8bit_normalised_selected/pareto_primary/hls_outputs_vsynth/hls_model_trial_043/myproject_prj/solution1/syn/vhdl/myproject_linear_ap_fixed_16_6_5_3_0_ap_fixed_10_1_4_0_0_linear_config3_s.vhd:47]
INFO: [Synth 8-3491] module 'myproject_linear_ap_fixed_16_6_5_3_0_ap_fixed_10_1_4_0_0_linear_config4_s' declared at '/home/dabadjiev/smartpixels_ml_dsabadjiev/Muon_Collider_Smart_Pixels/eric/Results_June2026_99SigEff/model2.5_fin_results/model2_5_8bit_normalised_selected/pareto_primary/hls_outputs_vsynth/hls_model_trial_043/myproject_prj/solution1/syn/vhdl/myproject_linear_ap_fixed_16_6_5_3_0_ap_fixed_10_1_4_0_0_linear_config4_s.vhd:11' bound to instance 'linear_ap_fixed_16_6_5_3_0_ap_fixed_10_1_4_0_0_linear_config4_U0' of component 'myproject_linear_ap_fixed_16_6_5_3_0_ap_fixed_10_1_4_0_0_linear_config4_s' [/home/dabadjiev/smartpixels_ml_dsabadjiev/Muon_Collider_Smart_Pixels/eric/Results_June2026_99SigEff/model2.5_fin_results/model2_5_8bit_normalised_selected/pareto_primary/hls_outputs_vsynth/hls_model_trial_043/myproject_prj/solution1/syn/vhdl/myproject.vhd:4794]
INFO: [Synth 8-638] synthesizing module 'myproject_linear_ap_fixed_16_6_5_3_0_ap_fixed_10_1_4_0_0_linear_config4_s' [/home/dabadjiev/smartpixels_ml_dsabadjiev/Muon_Collider_Smart_Pixels/eric/Results_June2026_99SigEff/model2.5_fin_results/model2_5_8bit_normalised_selected/pareto_primary/hls_outputs_vsynth/hls_model_trial_043/myproject_prj/solution1/syn/vhdl/myproject_linear_ap_fixed_16_6_5_3_0_ap_fixed_10_1_4_0_0_linear_config4_s.vhd:39]
INFO: [Synth 8-256] done synthesizing module 'myproject_linear_ap_fixed_16_6_5_3_0_ap_fixed_10_1_4_0_0_linear_config4_s' (0#1) [/home/dabadjiev/smartpixels_ml_dsabadjiev/Muon_Collider_Smart_Pixels/eric/Results_June2026_99SigEff/model2.5_fin_results/model2_5_8bit_normalised_selected/pareto_primary/hls_outputs_vsynth/hls_model_trial_043/myproject_prj/solution1/syn/vhdl/myproject_linear_ap_fixed_16_6_5_3_0_ap_fixed_10_1_4_0_0_linear_config4_s.vhd:39]
INFO: [Synth 8-3491] module 'myproject_concatenate1d_ap_fixed_ap_fixed_ap_fixed_16_6_5_3_0_config8_s' declared at '/home/dabadjiev/smartpixels_ml_dsabadjiev/Muon_Collider_Smart_Pixels/eric/Results_June2026_99SigEff/model2.5_fin_results/model2_5_8bit_normalised_selected/pareto_primary/hls_outputs_vsynth/hls_model_trial_043/myproject_prj/solution1/syn/vhdl/myproject_concatenate1d_ap_fixed_ap_fixed_ap_fixed_16_6_5_3_0_config8_s.vhd:11' bound to instance 'concatenate1d_ap_fixed_ap_fixed_ap_fixed_16_6_5_3_0_config8_U0' of component 'myproject_concatenate1d_ap_fixed_ap_fixed_ap_fixed_16_6_5_3_0_config8_s' [/home/dabadjiev/smartpixels_ml_dsabadjiev/Muon_Collider_Smart_Pixels/eric/Results_June2026_99SigEff/model2.5_fin_results/model2_5_8bit_normalised_selected/pareto_primary/hls_outputs_vsynth/hls_model_trial_043/myproject_prj/solution1/syn/vhdl/myproject.vhd:4820]
INFO: [Synth 8-638] synthesizing module 'myproject_concatenate1d_ap_fixed_ap_fixed_ap_fixed_16_6_5_3_0_config8_s' [/home/dabadjiev/smartpixels_ml_dsabadjiev/Muon_Collider_Smart_Pixels/eric/Results_June2026_99SigEff/model2.5_fin_results/model2_5_8bit_normalised_selected/pareto_primary/hls_outputs_vsynth/hls_model_trial_043/myproject_prj/solution1/syn/vhdl/myproject_concatenate1d_ap_fixed_ap_fixed_ap_fixed_16_6_5_3_0_config8_s.vhd:92]
INFO: [Synth 8-256] done synthesizing module 'myproject_concatenate1d_ap_fixed_ap_fixed_ap_fixed_16_6_5_3_0_config8_s' (0#1) [/home/dabadjiev/smartpixels_ml_dsabadjiev/Muon_Collider_Smart_Pixels/eric/Results_June2026_99SigEff/model2.5_fin_results/model2_5_8bit_normalised_selected/pareto_primary/hls_outputs_vsynth/hls_model_trial_043/myproject_prj/solution1/syn/vhdl/myproject_concatenate1d_ap_fixed_ap_fixed_ap_fixed_16_6_5_3_0_config8_s.vhd:92]
INFO: [Synth 8-3491] module 'myproject_linear_ap_fixed_16_6_5_3_0_ap_fixed_10_1_4_0_0_linear_config9_s' declared at '/home/dabadjiev/smartpixels_ml_dsabadjiev/Muon_Collider_Smart_Pixels/eric/Results_June2026_99SigEff/model2.5_fin_results/model2_5_8bit_normalised_selected/pareto_primary/hls_outputs_vsynth/hls_model_trial_043/myproject_prj/solution1/syn/vhdl/myproject_linear_ap_fixed_16_6_5_3_0_ap_fixed_10_1_4_0_0_linear_config9_s.vhd:11' bound to instance 'linear_ap_fixed_16_6_5_3_0_ap_fixed_10_1_4_0_0_linear_config9_U0' of component 'myproject_linear_ap_fixed_16_6_5_3_0_ap_fixed_10_1_4_0_0_linear_config9_s' [/home/dabadjiev/smartpixels_ml_dsabadjiev/Muon_Collider_Smart_Pixels/eric/Results_June2026_99SigEff/model2.5_fin_results/model2_5_8bit_normalised_selected/pareto_primary/hls_outputs_vsynth/hls_model_trial_043/myproject_prj/solution1/syn/vhdl/myproject.vhd:4899]
INFO: [Synth 8-638] synthesizing module 'myproject_linear_ap_fixed_16_6_5_3_0_ap_fixed_10_1_4_0_0_linear_config9_s' [/home/dabadjiev/smartpixels_ml_dsabadjiev/Muon_Collider_Smart_Pixels/eric/Results_June2026_99SigEff/model2.5_fin_results/model2_5_8bit_normalised_selected/pareto_primary/hls_outputs_vsynth/hls_model_trial_043/myproject_prj/solution1/syn/vhdl/myproject_linear_ap_fixed_16_6_5_3_0_ap_fixed_10_1_4_0_0_linear_config9_s.vhd:27]
INFO: [Synth 8-256] done synthesizing module 'myproject_linear_ap_fixed_16_6_5_3_0_ap_fixed_10_1_4_0_0_linear_config9_s' (0#1) [/home/dabadjiev/smartpixels_ml_dsabadjiev/Muon_Collider_Smart_Pixels/eric/Results_June2026_99SigEff/model2.5_fin_results/model2_5_8bit_normalised_selected/pareto_primary/hls_outputs_vsynth/hls_model_trial_043/myproject_prj/solution1/syn/vhdl/myproject_linear_ap_fixed_16_6_5_3_0_ap_fixed_10_1_4_0_0_linear_config9_s.vhd:27]
INFO: [Synth 8-3491] module 'myproject_linear_ap_fixed_16_6_5_3_0_ap_fixed_10_1_4_0_0_linear_config10_s' declared at '/home/dabadjiev/smartpixels_ml_dsabadjiev/Muon_Collider_Smart_Pixels/eric/Results_June2026_99SigEff/model2.5_fin_results/model2_5_8bit_normalised_selected/pareto_primary/hls_outputs_vsynth/hls_model_trial_043/myproject_prj/solution1/syn/vhdl/myproject_linear_ap_fixed_16_6_5_3_0_ap_fixed_10_1_4_0_0_linear_config10_s.vhd:11' bound to instance 'linear_ap_fixed_16_6_5_3_0_ap_fixed_10_1_4_0_0_linear_config10_U0' of component 'myproject_linear_ap_fixed_16_6_5_3_0_ap_fixed_10_1_4_0_0_linear_config10_s' [/home/dabadjiev/smartpixels_ml_dsabadjiev/Muon_Collider_Smart_Pixels/eric/Results_June2026_99SigEff/model2.5_fin_results/model2_5_8bit_normalised_selected/pareto_primary/hls_outputs_vsynth/hls_model_trial_043/myproject_prj/solution1/syn/vhdl/myproject.vhd:4913]
INFO: [Synth 8-638] synthesizing module 'myproject_linear_ap_fixed_16_6_5_3_0_ap_fixed_10_1_4_0_0_linear_config10_s' [/home/dabadjiev/smartpixels_ml_dsabadjiev/Muon_Collider_Smart_Pixels/eric/Results_June2026_99SigEff/model2.5_fin_results/model2_5_8bit_normalised_selected/pareto_primary/hls_outputs_vsynth/hls_model_trial_043/myproject_prj/solution1/syn/vhdl/myproject_linear_ap_fixed_16_6_5_3_0_ap_fixed_10_1_4_0_0_linear_config10_s.vhd:27]
INFO: [Synth 8-256] done synthesizing module 'myproject_linear_ap_fixed_16_6_5_3_0_ap_fixed_10_1_4_0_0_linear_config10_s' (0#1) [/home/dabadjiev/smartpixels_ml_dsabadjiev/Muon_Collider_Smart_Pixels/eric/Results_June2026_99SigEff/model2.5_fin_results/model2_5_8bit_normalised_selected/pareto_primary/hls_outputs_vsynth/hls_model_trial_043/myproject_prj/solution1/syn/vhdl/myproject_linear_ap_fixed_16_6_5_3_0_ap_fixed_10_1_4_0_0_linear_config10_s.vhd:27]
INFO: [Synth 8-3491] module 'myproject_linear_ap_fixed_16_6_5_3_0_ap_fixed_10_1_4_0_0_linear_config11_s' declared at '/home/dabadjiev/smartpixels_ml_dsabadjiev/Muon_Collider_Smart_Pixels/eric/Results_June2026_99SigEff/model2.5_fin_results/model2_5_8bit_normalised_selected/pareto_primary/hls_outputs_vsynth/hls_model_trial_043/myproject_prj/solution1/syn/vhdl/myproject_linear_ap_fixed_16_6_5_3_0_ap_fixed_10_1_4_0_0_linear_config11_s.vhd:11' bound to instance 'linear_ap_fixed_16_6_5_3_0_ap_fixed_10_1_4_0_0_linear_config11_U0' of component 'myproject_linear_ap_fixed_16_6_5_3_0_ap_fixed_10_1_4_0_0_linear_config11_s' [/home/dabadjiev/smartpixels_ml_dsabadjiev/Muon_Collider_Smart_Pixels/eric/Results_June2026_99SigEff/model2.5_fin_results/model2_5_8bit_normalised_selected/pareto_primary/hls_outputs_vsynth/hls_model_trial_043/myproject_prj/solution1/syn/vhdl/myproject.vhd:4927]
INFO: [Synth 8-638] synthesizing module 'myproject_linear_ap_fixed_16_6_5_3_0_ap_fixed_10_1_4_0_0_linear_config11_s' [/home/dabadjiev/smartpixels_ml_dsabadjiev/Muon_Collider_Smart_Pixels/eric/Results_June2026_99SigEff/model2.5_fin_results/model2_5_8bit_normalised_selected/pareto_primary/hls_outputs_vsynth/hls_model_trial_043/myproject_prj/solution1/syn/vhdl/myproject_linear_ap_fixed_16_6_5_3_0_ap_fixed_10_1_4_0_0_linear_config11_s.vhd:27]
INFO: [Synth 8-256] done synthesizing module 'myproject_linear_ap_fixed_16_6_5_3_0_ap_fixed_10_1_4_0_0_linear_config11_s' (0#1) [/home/dabadjiev/smartpixels_ml_dsabadjiev/Muon_Collider_Smart_Pixels/eric/Results_June2026_99SigEff/model2.5_fin_results/model2_5_8bit_normalised_selected/pareto_primary/hls_outputs_vsynth/hls_model_trial_043/myproject_prj/solution1/syn/vhdl/myproject_linear_ap_fixed_16_6_5_3_0_ap_fixed_10_1_4_0_0_linear_config11_s.vhd:27]
INFO: [Synth 8-3491] module 'myproject_concatenate1d_ap_fixed_ap_fixed_ap_fixed_16_6_5_3_0_config12_s' declared at '/home/dabadjiev/smartpixels_ml_dsabadjiev/Muon_Collider_Smart_Pixels/eric/Results_June2026_99SigEff/model2.5_fin_results/model2_5_8bit_normalised_selected/pareto_primary/hls_outputs_vsynth/hls_model_trial_043/myproject_prj/solution1/syn/vhdl/myproject_concatenate1d_ap_fixed_ap_fixed_ap_fixed_16_6_5_3_0_config12_s.vhd:11' bound to instance 'concatenate1d_ap_fixed_ap_fixed_ap_fixed_16_6_5_3_0_config12_U0' of component 'myproject_concatenate1d_ap_fixed_ap_fixed_ap_fixed_16_6_5_3_0_config12_s' [/home/dabadjiev/smartpixels_ml_dsabadjiev/Muon_Collider_Smart_Pixels/eric/Results_June2026_99SigEff/model2.5_fin_results/model2_5_8bit_normalised_selected/pareto_primary/hls_outputs_vsynth/hls_model_trial_043/myproject_prj/solution1/syn/vhdl/myproject.vhd:4941]
INFO: [Synth 8-638] synthesizing module 'myproject_concatenate1d_ap_fixed_ap_fixed_ap_fixed_16_6_5_3_0_config12_s' [/home/dabadjiev/smartpixels_ml_dsabadjiev/Muon_Collider_Smart_Pixels/eric/Results_June2026_99SigEff/model2.5_fin_results/model2_5_8bit_normalised_selected/pareto_primary/hls_outputs_vsynth/hls_model_trial_043/myproject_prj/solution1/syn/vhdl/myproject_concatenate1d_ap_fixed_ap_fixed_ap_fixed_16_6_5_3_0_config12_s.vhd:94]
INFO: [Synth 8-256] done synthesizing module 'myproject_concatenate1d_ap_fixed_ap_fixed_ap_fixed_16_6_5_3_0_config12_s' (0#1) [/home/dabadjiev/smartpixels_ml_dsabadjiev/Muon_Collider_Smart_Pixels/eric/Results_June2026_99SigEff/model2.5_fin_results/model2_5_8bit_normalised_selected/pareto_primary/hls_outputs_vsynth/hls_model_trial_043/myproject_prj/solution1/syn/vhdl/myproject_concatenate1d_ap_fixed_ap_fixed_ap_fixed_16_6_5_3_0_config12_s.vhd:94]
INFO: [Synth 8-3491] module 'myproject_concatenate1d_ap_fixed_ap_fixed_ap_fixed_16_6_5_3_0_config13_s' declared at '/home/dabadjiev/smartpixels_ml_dsabadjiev/Muon_Collider_Smart_Pixels/eric/Results_June2026_99SigEff/model2.5_fin_results/model2_5_8bit_normalised_selected/pareto_primary/hls_outputs_vsynth/hls_model_trial_043/myproject_prj/solution1/syn/vhdl/myproject_concatenate1d_ap_fixed_ap_fixed_ap_fixed_16_6_5_3_0_config13_s.vhd:11' bound to instance 'concatenate1d_ap_fixed_ap_fixed_ap_fixed_16_6_5_3_0_config13_U0' of component 'myproject_concatenate1d_ap_fixed_ap_fixed_ap_fixed_16_6_5_3_0_config13_s' [/home/dabadjiev/smartpixels_ml_dsabadjiev/Muon_Collider_Smart_Pixels/eric/Results_June2026_99SigEff/model2.5_fin_results/model2_5_8bit_normalised_selected/pareto_primary/hls_outputs_vsynth/hls_model_trial_043/myproject_prj/solution1/syn/vhdl/myproject.vhd:5022]
INFO: [Synth 8-638] synthesizing module 'myproject_concatenate1d_ap_fixed_ap_fixed_ap_fixed_16_6_5_3_0_config13_s' [/home/dabadjiev/smartpixels_ml_dsabadjiev/Muon_Collider_Smart_Pixels/eric/Results_June2026_99SigEff/model2.5_fin_results/model2_5_8bit_normalised_selected/pareto_primary/hls_outputs_vsynth/hls_model_trial_043/myproject_prj/solution1/syn/vhdl/myproject_concatenate1d_ap_fixed_ap_fixed_ap_fixed_16_6_5_3_0_config13_s.vhd:28]
INFO: [Synth 8-256] done synthesizing module 'myproject_concatenate1d_ap_fixed_ap_fixed_ap_fixed_16_6_5_3_0_config13_s' (0#1) [/home/dabadjiev/smartpixels_ml_dsabadjiev/Muon_Collider_Smart_Pixels/eric/Results_June2026_99SigEff/model2.5_fin_results/model2_5_8bit_normalised_selected/pareto_primary/hls_outputs_vsynth/hls_model_trial_043/myproject_prj/solution1/syn/vhdl/myproject_concatenate1d_ap_fixed_ap_fixed_ap_fixed_16_6_5_3_0_config13_s.vhd:28]
INFO: [Synth 8-3491] module 'myproject_dense_resource_ap_fixed_16_6_5_3_0_ap_fixed_16_6_5_3_0_config14_s' declared at '/home/dabadjiev/smartpixels_ml_dsabadjiev/Muon_Collider_Smart_Pixels/eric/Results_June2026_99SigEff/model2.5_fin_results/model2_5_8bit_normalised_selected/pareto_primary/hls_outputs_vsynth/hls_model_trial_043/myproject_prj/solution1/syn/vhdl/myproject_dense_resource_ap_fixed_16_6_5_3_0_ap_fixed_16_6_5_3_0_config14_s.vhd:11' bound to instance 'dense_resource_ap_fixed_16_6_5_3_0_ap_fixed_16_6_5_3_0_config14_U0' of component 'myproject_dense_resource_ap_fixed_16_6_5_3_0_ap_fixed_16_6_5_3_0_config14_s' [/home/dabadjiev/smartpixels_ml_dsabadjiev/Muon_Collider_Smart_Pixels/eric/Results_June2026_99SigEff/model2.5_fin_results/model2_5_8bit_normalised_selected/pareto_primary/hls_outputs_vsynth/hls_model_trial_043/myproject_prj/solution1/syn/vhdl/myproject.vhd:5037]
INFO: [Synth 8-638] synthesizing module 'myproject_dense_resource_ap_fixed_16_6_5_3_0_ap_fixed_16_6_5_3_0_config14_s' [/home/dabadjiev/smartpixels_ml_dsabadjiev/Muon_Collider_Smart_Pixels/eric/Results_June2026_99SigEff/model2.5_fin_results/model2_5_8bit_normalised_selected/pareto_primary/hls_outputs_vsynth/hls_model_trial_043/myproject_prj/solution1/syn/vhdl/myproject_dense_resource_ap_fixed_16_6_5_3_0_ap_fixed_16_6_5_3_0_config14_s.vhd:176]
	Parameter ID bound to: 1 - type: integer 
	Parameter NUM_STAGE bound to: 1 - type: integer 
	Parameter CASE0 bound to: 3'b000 
	Parameter din0_WIDTH bound to: 11 - type: integer 
	Parameter CASE1 bound to: 3'b001 
	Parameter din1_WIDTH bound to: 11 - type: integer 
	Parameter CASE2 bound to: 3'b010 
	Parameter din2_WIDTH bound to: 11 - type: integer 
	Parameter CASE3 bound to: 3'b011 
	Parameter din3_WIDTH bound to: 11 - type: integer 
	Parameter CASE4 bound to: 3'b100 
	Parameter din4_WIDTH bound to: 11 - type: integer 
	Parameter CASE5 bound to: 3'b101 
	Parameter din5_WIDTH bound to: 11 - type: integer 
	Parameter CASE6 bound to: 3'b110 
	Parameter din6_WIDTH bound to: 11 - type: integer 
	Parameter def_WIDTH bound to: 11 - type: integer 
	Parameter sel_WIDTH bound to: 3 - type: integer 
	Parameter dout_WIDTH bound to: 11 - type: integer 
INFO: [Synth 8-3491] module 'myproject_sparsemux_15_3_11_1_1' declared at '/home/dabadjiev/smartpixels_ml_dsabadjiev/Muon_Collider_Smart_Pixels/eric/Results_June2026_99SigEff/model2.5_fin_results/model2_5_8bit_normalised_selected/pareto_primary/hls_outputs_vsynth/hls_model_trial_043/myproject_prj/solution1/syn/vhdl/myproject_sparsemux_15_3_11_1_1.vhd:12' bound to instance 'sparsemux_15_3_11_1_1_U77' of component 'myproject_sparsemux_15_3_11_1_1' [/home/dabadjiev/smartpixels_ml_dsabadjiev/Muon_Collider_Smart_Pixels/eric/Results_June2026_99SigEff/model2.5_fin_results/model2_5_8bit_normalised_selected/pareto_primary/hls_outputs_vsynth/hls_model_trial_043/myproject_prj/solution1/syn/vhdl/myproject_dense_resource_ap_fixed_16_6_5_3_0_ap_fixed_16_6_5_3_0_config14_s.vhd:4404]
INFO: [Synth 8-638] synthesizing module 'myproject_sparsemux_15_3_11_1_1' [/home/dabadjiev/smartpixels_ml_dsabadjiev/Muon_Collider_Smart_Pixels/eric/Results_June2026_99SigEff/model2.5_fin_results/model2_5_8bit_normalised_selected/pareto_primary/hls_outputs_vsynth/hls_model_trial_043/myproject_prj/solution1/syn/vhdl/myproject_sparsemux_15_3_11_1_1.vhd:73]
	Parameter din0_WIDTH bound to: 11 - type: integer 
	Parameter din1_WIDTH bound to: 11 - type: integer 
	Parameter din2_WIDTH bound to: 11 - type: integer 
	Parameter din3_WIDTH bound to: 11 - type: integer 
	Parameter din4_WIDTH bound to: 11 - type: integer 
	Parameter din5_WIDTH bound to: 11 - type: integer 
	Parameter din6_WIDTH bound to: 11 - type: integer 
	Parameter def_WIDTH bound to: 11 - type: integer 
	Parameter sel_WIDTH bound to: 3 - type: integer 
	Parameter dout_WIDTH bound to: 11 - type: integer 
	Parameter CASE0 bound to: 3'b000 
	Parameter CASE1 bound to: 3'b001 
	Parameter CASE2 bound to: 3'b010 
	Parameter CASE3 bound to: 3'b011 
	Parameter CASE4 bound to: 3'b100 
	Parameter CASE5 bound to: 3'b101 
	Parameter CASE6 bound to: 3'b110 
	Parameter ID bound to: 1 - type: integer 
	Parameter NUM_STAGE bound to: 1 - type: integer 
WARNING: [Synth 8-614] signal 'def' is read in the process but is not in the sensitivity list [/home/dabadjiev/smartpixels_ml_dsabadjiev/Muon_Collider_Smart_Pixels/eric/Results_June2026_99SigEff/model2.5_fin_results/model2_5_8bit_normalised_selected/pareto_primary/hls_outputs_vsynth/hls_model_trial_043/myproject_prj/solution1/syn/vhdl/myproject_sparsemux_15_3_11_1_1.vhd:79]
INFO: [Synth 8-256] done synthesizing module 'myproject_sparsemux_15_3_11_1_1' (0#1) [/home/dabadjiev/smartpixels_ml_dsabadjiev/Muon_Collider_Smart_Pixels/eric/Results_June2026_99SigEff/model2.5_fin_results/model2_5_8bit_normalised_selected/pareto_primary/hls_outputs_vsynth/hls_model_trial_043/myproject_prj/solution1/syn/vhdl/myproject_sparsemux_15_3_11_1_1.vhd:73]
	Parameter ID bound to: 1 - type: integer 
	Parameter NUM_STAGE bound to: 1 - type: integer 
	Parameter din0_WIDTH bound to: 11 - type: integer 
	Parameter din1_WIDTH bound to: 8 - type: integer 
	Parameter dout_WIDTH bound to: 19 - type: integer 
INFO: [Synth 8-3491] module 'myproject_mul_11s_8s_19_1_1' declared at '/home/dabadjiev/smartpixels_ml_dsabadjiev/Muon_Collider_Smart_Pixels/eric/Results_June2026_99SigEff/model2.5_fin_results/model2_5_8bit_normalised_selected/pareto_primary/hls_outputs_vsynth/hls_model_trial_043/myproject_prj/solution1/syn/vhdl/myproject_mul_11s_8s_19_1_1.vhd:7' bound to instance 'mul_11s_8s_19_1_1_U78' of component 'myproject_mul_11s_8s_19_1_1' [/home/dabadjiev/smartpixels_ml_dsabadjiev/Muon_Collider_Smart_Pixels/eric/Results_June2026_99SigEff/model2.5_fin_results/model2_5_8bit_normalised_selected/pareto_primary/hls_outputs_vsynth/hls_model_trial_043/myproject_prj/solution1/syn/vhdl/myproject_dense_resource_ap_fixed_16_6_5_3_0_ap_fixed_16_6_5_3_0_config14_s.vhd:4437]
INFO: [Synth 8-638] synthesizing module 'myproject_mul_11s_8s_19_1_1' [/home/dabadjiev/smartpixels_ml_dsabadjiev/Muon_Collider_Smart_Pixels/eric/Results_June2026_99SigEff/model2.5_fin_results/model2_5_8bit_normalised_selected/pareto_primary/hls_outputs_vsynth/hls_model_trial_043/myproject_prj/solution1/syn/vhdl/myproject_mul_11s_8s_19_1_1.vhd:26]
	Parameter ID bound to: 1 - type: integer 
	Parameter NUM_STAGE bound to: 1 - type: integer 
	Parameter din0_WIDTH bound to: 11 - type: integer 
	Parameter din1_WIDTH bound to: 8 - type: integer 
	Parameter dout_WIDTH bound to: 19 - type: integer 
INFO: [Synth 8-256] done synthesizing module 'myproject_mul_11s_8s_19_1_1' (0#1) [/home/dabadjiev/smartpixels_ml_dsabadjiev/Muon_Collider_Smart_Pixels/eric/Results_June2026_99SigEff/model2.5_fin_results/model2_5_8bit_normalised_selected/pareto_primary/hls_outputs_vsynth/hls_model_trial_043/myproject_prj/solution1/syn/vhdl/myproject_mul_11s_8s_19_1_1.vhd:26]
	Parameter ID bound to: 1 - type: integer 
	Parameter NUM_STAGE bound to: 1 - type: integer 
	Parameter CASE0 bound to: 3'b000 
	Parameter din0_WIDTH bound to: 11 - type: integer 
	Parameter CASE1 bound to: 3'b001 
	Parameter din1_WIDTH bound to: 11 - type: integer 
	Parameter CASE2 bound to: 3'b010 
	Parameter din2_WIDTH bound to: 11 - type: integer 
	Parameter CASE3 bound to: 3'b011 
	Parameter din3_WIDTH bound to: 11 - type: integer 
	Parameter CASE4 bound to: 3'b100 
	Parameter din4_WIDTH bound to: 11 - type: integer 
	Parameter CASE5 bound to: 3'b101 
	Parameter din5_WIDTH bound to: 11 - type: integer 
	Parameter CASE6 bound to: 3'b110 
	Parameter din6_WIDTH bound to: 11 - type: integer 
	Parameter def_WIDTH bound to: 11 - type: integer 
	Parameter sel_WIDTH bound to: 3 - type: integer 
	Parameter dout_WIDTH bound to: 11 - type: integer 
INFO: [Synth 8-3491] module 'myproject_sparsemux_15_3_11_1_1' declared at '/home/dabadjiev/smartpixels_ml_dsabadjiev/Muon_Collider_Smart_Pixels/eric/Results_June2026_99SigEff/model2.5_fin_results/model2_5_8bit_normalised_selected/pareto_primary/hls_outputs_vsynth/hls_model_trial_043/myproject_prj/solution1/syn/vhdl/myproject_sparsemux_15_3_11_1_1.vhd:12' bound to instance 'sparsemux_15_3_11_1_1_U79' of component 'myproject_sparsemux_15_3_11_1_1' [/home/dabadjiev/smartpixels_ml_dsabadjiev/Muon_Collider_Smart_Pixels/eric/Results_June2026_99SigEff/model2.5_fin_results/model2_5_8bit_normalised_selected/pareto_primary/hls_outputs_vsynth/hls_model_trial_043/myproject_prj/solution1/syn/vhdl/myproject_dense_resource_ap_fixed_16_6_5_3_0_ap_fixed_16_6_5_3_0_config14_s.vhd:4449]
	Parameter ID bound to: 1 - type: integer 
	Parameter NUM_STAGE bound to: 1 - type: integer 
	Parameter din0_WIDTH bound to: 11 - type: integer 
	Parameter din1_WIDTH bound to: 8 - type: integer 
	Parameter dout_WIDTH bound to: 19 - type: integer 
INFO: [Synth 8-3491] module 'myproject_mul_11s_8s_19_1_1' declared at '/home/dabadjiev/smartpixels_ml_dsabadjiev/Muon_Collider_Smart_Pixels/eric/Results_June2026_99SigEff/model2.5_fin_results/model2_5_8bit_normalised_selected/pareto_primary/hls_outputs_vsynth/hls_model_trial_043/myproject_prj/solution1/syn/vhdl/myproject_mul_11s_8s_19_1_1.vhd:7' bound to instance 'mul_11s_8s_19_1_1_U80' of component 'myproject_mul_11s_8s_19_1_1' [/home/dabadjiev/smartpixels_ml_dsabadjiev/Muon_Collider_Smart_Pixels/eric/Results_June2026_99SigEff/model2.5_fin_results/model2_5_8bit_normalised_selected/pareto_primary/hls_outputs_vsynth/hls_model_trial_043/myproject_prj/solution1/syn/vhdl/myproject_dense_resource_ap_fixed_16_6_5_3_0_ap_fixed_16_6_5_3_0_config14_s.vhd:4482]
	Parameter ID bound to: 1 - type: integer 
	Parameter NUM_STAGE bound to: 1 - type: integer 
	Parameter CASE0 bound to: 3'b000 
	Parameter din0_WIDTH bound to: 11 - type: integer 
	Parameter CASE1 bound to: 3'b001 
	Parameter din1_WIDTH bound to: 11 - type: integer 
	Parameter CASE2 bound to: 3'b010 
	Parameter din2_WIDTH bound to: 11 - type: integer 
	Parameter CASE3 bound to: 3'b011 
	Parameter din3_WIDTH bound to: 11 - type: integer 
	Parameter CASE4 bound to: 3'b100 
	Parameter din4_WIDTH bound to: 11 - type: integer 
	Parameter CASE5 bound to: 3'b101 
	Parameter din5_WIDTH bound to: 11 - type: integer 
	Parameter CASE6 bound to: 3'b110 
	Parameter din6_WIDTH bound to: 11 - type: integer 
	Parameter def_WIDTH bound to: 11 - type: integer 
	Parameter sel_WIDTH bound to: 3 - type: integer 
	Parameter dout_WIDTH bound to: 11 - type: integer 
INFO: [Synth 8-3491] module 'myproject_sparsemux_15_3_11_1_1' declared at '/home/dabadjiev/smartpixels_ml_dsabadjiev/Muon_Collider_Smart_Pixels/eric/Results_June2026_99SigEff/model2.5_fin_results/model2_5_8bit_normalised_selected/pareto_primary/hls_outputs_vsynth/hls_model_trial_043/myproject_prj/solution1/syn/vhdl/myproject_sparsemux_15_3_11_1_1.vhd:12' bound to instance 'sparsemux_15_3_11_1_1_U81' of component 'myproject_sparsemux_15_3_11_1_1' [/home/dabadjiev/smartpixels_ml_dsabadjiev/Muon_Collider_Smart_Pixels/eric/Results_June2026_99SigEff/model2.5_fin_results/model2_5_8bit_normalised_selected/pareto_primary/hls_outputs_vsynth/hls_model_trial_043/myproject_prj/solution1/syn/vhdl/myproject_dense_resource_ap_fixed_16_6_5_3_0_ap_fixed_16_6_5_3_0_config14_s.vhd:4494]
	Parameter ID bound to: 1 - type: integer 
	Parameter NUM_STAGE bound to: 1 - type: integer 
	Parameter CASE0 bound to: 3'b000 
	Parameter din0_WIDTH bound to: 11 - type: integer 
	Parameter CASE1 bound to: 3'b001 
	Parameter din1_WIDTH bound to: 11 - type: integer 
	Parameter CASE2 bound to: 3'b010 
	Parameter din2_WIDTH bound to: 11 - type: integer 
	Parameter CASE3 bound to: 3'b011 
	Parameter din3_WIDTH bound to: 11 - type: integer 
	Parameter CASE4 bound to: 3'b100 
	Parameter din4_WIDTH bound to: 11 - type: integer 
	Parameter CASE5 bound to: 3'b101 
	Parameter din5_WIDTH bound to: 11 - type: integer 
	Parameter CASE6 bound to: 3'b110 
	Parameter din6_WIDTH bound to: 11 - type: integer 
	Parameter def_WIDTH bound to: 11 - type: integer 
	Parameter sel_WIDTH bound to: 3 - type: integer 
	Parameter dout_WIDTH bound to: 11 - type: integer 
INFO: [Synth 8-3491] module 'myproject_sparsemux_15_3_11_1_1' declared at '/home/dabadjiev/smartpixels_ml_dsabadjiev/Muon_Collider_Smart_Pixels/eric/Results_June2026_99SigEff/model2.5_fin_results/model2_5_8bit_normalised_selected/pareto_primary/hls_outputs_vsynth/hls_model_trial_043/myproject_prj/solution1/syn/vhdl/myproject_sparsemux_15_3_11_1_1.vhd:12' bound to instance 'sparsemux_15_3_11_1_1_U82' of component 'myproject_sparsemux_15_3_11_1_1' [/home/dabadjiev/smartpixels_ml_dsabadjiev/Muon_Collider_Smart_Pixels/eric/Results_June2026_99SigEff/model2.5_fin_results/model2_5_8bit_normalised_selected/pareto_primary/hls_outputs_vsynth/hls_model_trial_043/myproject_prj/solution1/syn/vhdl/myproject_dense_resource_ap_fixed_16_6_5_3_0_ap_fixed_16_6_5_3_0_config14_s.vhd:4527]
	Parameter ID bound to: 1 - type: integer 
	Parameter NUM_STAGE bound to: 1 - type: integer 
	Parameter CASE0 bound to: 3'b000 
	Parameter din0_WIDTH bound to: 11 - type: integer 
	Parameter CASE1 bound to: 3'b001 
	Parameter din1_WIDTH bound to: 11 - type: integer 
	Parameter CASE2 bound to: 3'b010 
	Parameter din2_WIDTH bound to: 11 - type: integer 
	Parameter CASE3 bound to: 3'b011 
	Parameter din3_WIDTH bound to: 11 - type: integer 
	Parameter CASE4 bound to: 3'b100 
	Parameter din4_WIDTH bound to: 11 - type: integer 
	Parameter CASE5 bound to: 3'b101 
	Parameter din5_WIDTH bound to: 11 - type: integer 
	Parameter CASE6 bound to: 3'b110 
	Parameter din6_WIDTH bound to: 11 - type: integer 
	Parameter def_WIDTH bound to: 11 - type: integer 
	Parameter sel_WIDTH bound to: 3 - type: integer 
	Parameter dout_WIDTH bound to: 11 - type: integer 
INFO: [Synth 8-3491] module 'myproject_sparsemux_15_3_11_1_1' declared at '/home/dabadjiev/smartpixels_ml_dsabadjiev/Muon_Collider_Smart_Pixels/eric/Results_June2026_99SigEff/model2.5_fin_results/model2_5_8bit_normalised_selected/pareto_primary/hls_outputs_vsynth/hls_model_trial_043/myproject_prj/solution1/syn/vhdl/myproject_sparsemux_15_3_11_1_1.vhd:12' bound to instance 'sparsemux_15_3_11_1_1_U83' of component 'myproject_sparsemux_15_3_11_1_1' [/home/dabadjiev/smartpixels_ml_dsabadjiev/Muon_Collider_Smart_Pixels/eric/Results_June2026_99SigEff/model2.5_fin_results/model2_5_8bit_normalised_selected/pareto_primary/hls_outputs_vsynth/hls_model_trial_043/myproject_prj/solution1/syn/vhdl/myproject_dense_resource_ap_fixed_16_6_5_3_0_ap_fixed_16_6_5_3_0_config14_s.vhd:4560]
	Parameter ID bound to: 1 - type: integer 
	Parameter NUM_STAGE bound to: 1 - type: integer 
	Parameter din0_WIDTH bound to: 11 - type: integer 
	Parameter din1_WIDTH bound to: 8 - type: integer 
	Parameter dout_WIDTH bound to: 19 - type: integer 
INFO: [Synth 8-3491] module 'myproject_mul_11s_8s_19_1_1' declared at '/home/dabadjiev/smartpixels_ml_dsabadjiev/Muon_Collider_Smart_Pixels/eric/Results_June2026_99SigEff/model2.5_fin_results/model2_5_8bit_normalised_selected/pareto_primary/hls_outputs_vsynth/hls_model_trial_043/myproject_prj/solution1/syn/vhdl/myproject_mul_11s_8s_19_1_1.vhd:7' bound to instance 'mul_11s_8s_19_1_1_U84' of component 'myproject_mul_11s_8s_19_1_1' [/home/dabadjiev/smartpixels_ml_dsabadjiev/Muon_Collider_Smart_Pixels/eric/Results_June2026_99SigEff/model2.5_fin_results/model2_5_8bit_normalised_selected/pareto_primary/hls_outputs_vsynth/hls_model_trial_043/myproject_prj/solution1/syn/vhdl/myproject_dense_resource_ap_fixed_16_6_5_3_0_ap_fixed_16_6_5_3_0_config14_s.vhd:4593]
	Parameter ID bound to: 1 - type: integer 
	Parameter NUM_STAGE bound to: 1 - type: integer 
	Parameter din0_WIDTH bound to: 11 - type: integer 
	Parameter din1_WIDTH bound to: 8 - type: integer 
	Parameter dout_WIDTH bound to: 19 - type: integer 
INFO: [Synth 8-3491] module 'myproject_mul_11s_8s_19_1_1' declared at '/home/dabadjiev/smartpixels_ml_dsabadjiev/Muon_Collider_Smart_Pixels/eric/Results_June2026_99SigEff/model2.5_fin_results/model2_5_8bit_normalised_selected/pareto_primary/hls_outputs_vsynth/hls_model_trial_043/myproject_prj/solution1/syn/vhdl/myproject_mul_11s_8s_19_1_1.vhd:7' bound to instance 'mul_11s_8s_19_1_1_U85' of component 'myproject_mul_11s_8s_19_1_1' [/home/dabadjiev/smartpixels_ml_dsabadjiev/Muon_Collider_Smart_Pixels/eric/Results_June2026_99SigEff/model2.5_fin_results/model2_5_8bit_normalised_selected/pareto_primary/hls_outputs_vsynth/hls_model_trial_043/myproject_prj/solution1/syn/vhdl/myproject_dense_resource_ap_fixed_16_6_5_3_0_ap_fixed_16_6_5_3_0_config14_s.vhd:4605]
	Parameter ID bound to: 1 - type: integer 
	Parameter NUM_STAGE bound to: 1 - type: integer 
	Parameter din0_WIDTH bound to: 11 - type: integer 
	Parameter din1_WIDTH bound to: 8 - type: integer 
	Parameter dout_WIDTH bound to: 19 - type: integer 
INFO: [Synth 8-3491] module 'myproject_mul_11s_8s_19_1_1' declared at '/home/dabadjiev/smartpixels_ml_dsabadjiev/Muon_Collider_Smart_Pixels/eric/Results_June2026_99SigEff/model2.5_fin_results/model2_5_8bit_normalised_selected/pareto_primary/hls_outputs_vsynth/hls_model_trial_043/myproject_prj/solution1/syn/vhdl/myproject_mul_11s_8s_19_1_1.vhd:7' bound to instance 'mul_11s_8s_19_1_1_U86' of component 'myproject_mul_11s_8s_19_1_1' [/home/dabadjiev/smartpixels_ml_dsabadjiev/Muon_Collider_Smart_Pixels/eric/Results_June2026_99SigEff/model2.5_fin_results/model2_5_8bit_normalised_selected/pareto_primary/hls_outputs_vsynth/hls_model_trial_043/myproject_prj/solution1/syn/vhdl/myproject_dense_resource_ap_fixed_16_6_5_3_0_ap_fixed_16_6_5_3_0_config14_s.vhd:4617]
	Parameter ID bound to: 1 - type: integer 
	Parameter NUM_STAGE bound to: 1 - type: integer 
	Parameter din0_WIDTH bound to: 11 - type: integer 
	Parameter din1_WIDTH bound to: 8 - type: integer 
	Parameter dout_WIDTH bound to: 19 - type: integer 
INFO: [Synth 8-3491] module 'myproject_mul_11s_8s_19_1_1' declared at '/home/dabadjiev/smartpixels_ml_dsabadjiev/Muon_Collider_Smart_Pixels/eric/Results_June2026_99SigEff/model2.5_fin_results/model2_5_8bit_normalised_selected/pareto_primary/hls_outputs_vsynth/hls_model_trial_043/myproject_prj/solution1/syn/vhdl/myproject_mul_11s_8s_19_1_1.vhd:7' bound to instance 'mul_11s_8s_19_1_1_U87' of component 'myproject_mul_11s_8s_19_1_1' [/home/dabadjiev/smartpixels_ml_dsabadjiev/Muon_Collider_Smart_Pixels/eric/Results_June2026_99SigEff/model2.5_fin_results/model2_5_8bit_normalised_selected/pareto_primary/hls_outputs_vsynth/hls_model_trial_043/myproject_prj/solution1/syn/vhdl/myproject_dense_resource_ap_fixed_16_6_5_3_0_ap_fixed_16_6_5_3_0_config14_s.vhd:4629]
	Parameter ID bound to: 1 - type: integer 
	Parameter NUM_STAGE bound to: 1 - type: integer 
	Parameter din0_WIDTH bound to: 11 - type: integer 
	Parameter din1_WIDTH bound to: 8 - type: integer 
	Parameter dout_WIDTH bound to: 19 - type: integer 
INFO: [Synth 8-3491] module 'myproject_mul_11s_8s_19_1_1' declared at '/home/dabadjiev/smartpixels_ml_dsabadjiev/Muon_Collider_Smart_Pixels/eric/Results_June2026_99SigEff/model2.5_fin_results/model2_5_8bit_normalised_selected/pareto_primary/hls_outputs_vsynth/hls_model_trial_043/myproject_prj/solution1/syn/vhdl/myproject_mul_11s_8s_19_1_1.vhd:7' bound to instance 'mul_11s_8s_19_1_1_U88' of component 'myproject_mul_11s_8s_19_1_1' [/home/dabadjiev/smartpixels_ml_dsabadjiev/Muon_Collider_Smart_Pixels/eric/Results_June2026_99SigEff/model2.5_fin_results/model2_5_8bit_normalised_selected/pareto_primary/hls_outputs_vsynth/hls_model_trial_043/myproject_prj/solution1/syn/vhdl/myproject_dense_resource_ap_fixed_16_6_5_3_0_ap_fixed_16_6_5_3_0_config14_s.vhd:4641]
	Parameter ID bound to: 1 - type: integer 
	Parameter NUM_STAGE bound to: 1 - type: integer 
	Parameter din0_WIDTH bound to: 11 - type: integer 
	Parameter din1_WIDTH bound to: 8 - type: integer 
	Parameter dout_WIDTH bound to: 19 - type: integer 
INFO: [Synth 8-3491] module 'myproject_mul_11s_8s_19_1_1' declared at '/home/dabadjiev/smartpixels_ml_dsabadjiev/Muon_Collider_Smart_Pixels/eric/Results_June2026_99SigEff/model2.5_fin_results/model2_5_8bit_normalised_selected/pareto_primary/hls_outputs_vsynth/hls_model_trial_043/myproject_prj/solution1/syn/vhdl/myproject_mul_11s_8s_19_1_1.vhd:7' bound to instance 'mul_11s_8s_19_1_1_U89' of component 'myproject_mul_11s_8s_19_1_1' [/home/dabadjiev/smartpixels_ml_dsabadjiev/Muon_Collider_Smart_Pixels/eric/Results_June2026_99SigEff/model2.5_fin_results/model2_5_8bit_normalised_selected/pareto_primary/hls_outputs_vsynth/hls_model_trial_043/myproject_prj/solution1/syn/vhdl/myproject_dense_resource_ap_fixed_16_6_5_3_0_ap_fixed_16_6_5_3_0_config14_s.vhd:4653]
	Parameter ID bound to: 1 - type: integer 
	Parameter NUM_STAGE bound to: 1 - type: integer 
	Parameter din0_WIDTH bound to: 11 - type: integer 
	Parameter din1_WIDTH bound to: 8 - type: integer 
	Parameter dout_WIDTH bound to: 19 - type: integer 
INFO: [Synth 8-3491] module 'myproject_mul_11s_8s_19_1_1' declared at '/home/dabadjiev/smartpixels_ml_dsabadjiev/Muon_Collider_Smart_Pixels/eric/Results_June2026_99SigEff/model2.5_fin_results/model2_5_8bit_normalised_selected/pareto_primary/hls_outputs_vsynth/hls_model_trial_043/myproject_prj/solution1/syn/vhdl/myproject_mul_11s_8s_19_1_1.vhd:7' bound to instance 'mul_11s_8s_19_1_1_U90' of component 'myproject_mul_11s_8s_19_1_1' [/home/dabadjiev/smartpixels_ml_dsabadjiev/Muon_Collider_Smart_Pixels/eric/Results_June2026_99SigEff/model2.5_fin_results/model2_5_8bit_normalised_selected/pareto_primary/hls_outputs_vsynth/hls_model_trial_043/myproject_prj/solution1/syn/vhdl/myproject_dense_resource_ap_fixed_16_6_5_3_0_ap_fixed_16_6_5_3_0_config14_s.vhd:4665]
	Parameter ID bound to: 1 - type: integer 
	Parameter NUM_STAGE bound to: 1 - type: integer 
	Parameter din0_WIDTH bound to: 11 - type: integer 
	Parameter din1_WIDTH bound to: 8 - type: integer 
	Parameter dout_WIDTH bound to: 19 - type: integer 
INFO: [Synth 8-3491] module 'myproject_mul_11s_8s_19_1_1' declared at '/home/dabadjiev/smartpixels_ml_dsabadjiev/Muon_Collider_Smart_Pixels/eric/Results_June2026_99SigEff/model2.5_fin_results/model2_5_8bit_normalised_selected/pareto_primary/hls_outputs_vsynth/hls_model_trial_043/myproject_prj/solution1/syn/vhdl/myproject_mul_11s_8s_19_1_1.vhd:7' bound to instance 'mul_11s_8s_19_1_1_U91' of component 'myproject_mul_11s_8s_19_1_1' [/home/dabadjiev/smartpixels_ml_dsabadjiev/Muon_Collider_Smart_Pixels/eric/Results_June2026_99SigEff/model2.5_fin_results/model2_5_8bit_normalised_selected/pareto_primary/hls_outputs_vsynth/hls_model_trial_043/myproject_prj/solution1/syn/vhdl/myproject_dense_resource_ap_fixed_16_6_5_3_0_ap_fixed_16_6_5_3_0_config14_s.vhd:4677]
	Parameter ID bound to: 1 - type: integer 
	Parameter NUM_STAGE bound to: 1 - type: integer 
	Parameter din0_WIDTH bound to: 11 - type: integer 
	Parameter din1_WIDTH bound to: 8 - type: integer 
	Parameter dout_WIDTH bound to: 19 - type: integer 
INFO: [Synth 8-3491] module 'myproject_mul_11s_8s_19_1_1' declared at '/home/dabadjiev/smartpixels_ml_dsabadjiev/Muon_Collider_Smart_Pixels/eric/Results_June2026_99SigEff/model2.5_fin_results/model2_5_8bit_normalised_selected/pareto_primary/hls_outputs_vsynth/hls_model_trial_043/myproject_prj/solution1/syn/vhdl/myproject_mul_11s_8s_19_1_1.vhd:7' bound to instance 'mul_11s_8s_19_1_1_U92' of component 'myproject_mul_11s_8s_19_1_1' [/home/dabadjiev/smartpixels_ml_dsabadjiev/Muon_Collider_Smart_Pixels/eric/Results_June2026_99SigEff/model2.5_fin_results/model2_5_8bit_normalised_selected/pareto_primary/hls_outputs_vsynth/hls_model_trial_043/myproject_prj/solution1/syn/vhdl/myproject_dense_resource_ap_fixed_16_6_5_3_0_ap_fixed_16_6_5_3_0_config14_s.vhd:4689]
	Parameter ID bound to: 1 - type: integer 
	Parameter NUM_STAGE bound to: 1 - type: integer 
	Parameter din0_WIDTH bound to: 11 - type: integer 
	Parameter din1_WIDTH bound to: 8 - type: integer 
	Parameter dout_WIDTH bound to: 19 - type: integer 
INFO: [Synth 8-3491] module 'myproject_mul_11s_8s_19_1_1' declared at '/home/dabadjiev/smartpixels_ml_dsabadjiev/Muon_Collider_Smart_Pixels/eric/Results_June2026_99SigEff/model2.5_fin_results/model2_5_8bit_normalised_selected/pareto_primary/hls_outputs_vsynth/hls_model_trial_043/myproject_prj/solution1/syn/vhdl/myproject_mul_11s_8s_19_1_1.vhd:7' bound to instance 'mul_11s_8s_19_1_1_U93' of component 'myproject_mul_11s_8s_19_1_1' [/home/dabadjiev/smartpixels_ml_dsabadjiev/Muon_Collider_Smart_Pixels/eric/Results_June2026_99SigEff/model2.5_fin_results/model2_5_8bit_normalised_selected/pareto_primary/hls_outputs_vsynth/hls_model_trial_043/myproject_prj/solution1/syn/vhdl/myproject_dense_resource_ap_fixed_16_6_5_3_0_ap_fixed_16_6_5_3_0_config14_s.vhd:4701]
	Parameter ID bound to: 1 - type: integer 
	Parameter NUM_STAGE bound to: 1 - type: integer 
	Parameter din0_WIDTH bound to: 11 - type: integer 
	Parameter din1_WIDTH bound to: 8 - type: integer 
	Parameter dout_WIDTH bound to: 19 - type: integer 
INFO: [Synth 8-3491] module 'myproject_mul_11s_8s_19_1_1' declared at '/home/dabadjiev/smartpixels_ml_dsabadjiev/Muon_Collider_Smart_Pixels/eric/Results_June2026_99SigEff/model2.5_fin_results/model2_5_8bit_normalised_selected/pareto_primary/hls_outputs_vsynth/hls_model_trial_043/myproject_prj/solution1/syn/vhdl/myproject_mul_11s_8s_19_1_1.vhd:7' bound to instance 'mul_11s_8s_19_1_1_U94' of component 'myproject_mul_11s_8s_19_1_1' [/home/dabadjiev/smartpixels_ml_dsabadjiev/Muon_Collider_Smart_Pixels/eric/Results_June2026_99SigEff/model2.5_fin_results/model2_5_8bit_normalised_selected/pareto_primary/hls_outputs_vsynth/hls_model_trial_043/myproject_prj/solution1/syn/vhdl/myproject_dense_resource_ap_fixed_16_6_5_3_0_ap_fixed_16_6_5_3_0_config14_s.vhd:4713]
	Parameter ID bound to: 1 - type: integer 
	Parameter NUM_STAGE bound to: 1 - type: integer 
	Parameter din0_WIDTH bound to: 11 - type: integer 
	Parameter din1_WIDTH bound to: 8 - type: integer 
	Parameter dout_WIDTH bound to: 19 - type: integer 
INFO: [Synth 8-3491] module 'myproject_mul_11s_8s_19_1_1' declared at '/home/dabadjiev/smartpixels_ml_dsabadjiev/Muon_Collider_Smart_Pixels/eric/Results_June2026_99SigEff/model2.5_fin_results/model2_5_8bit_normalised_selected/pareto_primary/hls_outputs_vsynth/hls_model_trial_043/myproject_prj/solution1/syn/vhdl/myproject_mul_11s_8s_19_1_1.vhd:7' bound to instance 'mul_11s_8s_19_1_1_U95' of component 'myproject_mul_11s_8s_19_1_1' [/home/dabadjiev/smartpixels_ml_dsabadjiev/Muon_Collider_Smart_Pixels/eric/Results_June2026_99SigEff/model2.5_fin_results/model2_5_8bit_normalised_selected/pareto_primary/hls_outputs_vsynth/hls_model_trial_043/myproject_prj/solution1/syn/vhdl/myproject_dense_resource_ap_fixed_16_6_5_3_0_ap_fixed_16_6_5_3_0_config14_s.vhd:4725]
	Parameter ID bound to: 1 - type: integer 
	Parameter NUM_STAGE bound to: 1 - type: integer 
	Parameter din0_WIDTH bound to: 11 - type: integer 
	Parameter din1_WIDTH bound to: 8 - type: integer 
	Parameter dout_WIDTH bound to: 19 - type: integer 
INFO: [Synth 8-3491] module 'myproject_mul_11s_8s_19_1_1' declared at '/home/dabadjiev/smartpixels_ml_dsabadjiev/Muon_Collider_Smart_Pixels/eric/Results_June2026_99SigEff/model2.5_fin_results/model2_5_8bit_normalised_selected/pareto_primary/hls_outputs_vsynth/hls_model_trial_043/myproject_prj/solution1/syn/vhdl/myproject_mul_11s_8s_19_1_1.vhd:7' bound to instance 'mul_11s_8s_19_1_1_U96' of component 'myproject_mul_11s_8s_19_1_1' [/home/dabadjiev/smartpixels_ml_dsabadjiev/Muon_Collider_Smart_Pixels/eric/Results_June2026_99SigEff/model2.5_fin_results/model2_5_8bit_normalised_selected/pareto_primary/hls_outputs_vsynth/hls_model_trial_043/myproject_prj/solution1/syn/vhdl/myproject_dense_resource_ap_fixed_16_6_5_3_0_ap_fixed_16_6_5_3_0_config14_s.vhd:4737]
	Parameter ID bound to: 1 - type: integer 
	Parameter NUM_STAGE bound to: 1 - type: integer 
	Parameter din0_WIDTH bound to: 11 - type: integer 
	Parameter din1_WIDTH bound to: 8 - type: integer 
	Parameter dout_WIDTH bound to: 19 - type: integer 
INFO: [Synth 8-3491] module 'myproject_mul_11s_8s_19_1_1' declared at '/home/dabadjiev/smartpixels_ml_dsabadjiev/Muon_Collider_Smart_Pixels/eric/Results_June2026_99SigEff/model2.5_fin_results/model2_5_8bit_normalised_selected/pareto_primary/hls_outputs_vsynth/hls_model_trial_043/myproject_prj/solution1/syn/vhdl/myproject_mul_11s_8s_19_1_1.vhd:7' bound to instance 'mul_11s_8s_19_1_1_U97' of component 'myproject_mul_11s_8s_19_1_1' [/home/dabadjiev/smartpixels_ml_dsabadjiev/Muon_Collider_Smart_Pixels/eric/Results_June2026_99SigEff/model2.5_fin_results/model2_5_8bit_normalised_selected/pareto_primary/hls_outputs_vsynth/hls_model_trial_043/myproject_prj/solution1/syn/vhdl/myproject_dense_resource_ap_fixed_16_6_5_3_0_ap_fixed_16_6_5_3_0_config14_s.vhd:4749]
	Parameter ID bound to: 1 - type: integer 
	Parameter NUM_STAGE bound to: 1 - type: integer 
	Parameter din0_WIDTH bound to: 11 - type: integer 
	Parameter din1_WIDTH bound to: 8 - type: integer 
	Parameter dout_WIDTH bound to: 19 - type: integer 
INFO: [Synth 8-3491] module 'myproject_mul_11s_8s_19_1_1' declared at '/home/dabadjiev/smartpixels_ml_dsabadjiev/Muon_Collider_Smart_Pixels/eric/Results_June2026_99SigEff/model2.5_fin_results/model2_5_8bit_normalised_selected/pareto_primary/hls_outputs_vsynth/hls_model_trial_043/myproject_prj/solution1/syn/vhdl/myproject_mul_11s_8s_19_1_1.vhd:7' bound to instance 'mul_11s_8s_19_1_1_U98' of component 'myproject_mul_11s_8s_19_1_1' [/home/dabadjiev/smartpixels_ml_dsabadjiev/Muon_Collider_Smart_Pixels/eric/Results_June2026_99SigEff/model2.5_fin_results/model2_5_8bit_normalised_selected/pareto_primary/hls_outputs_vsynth/hls_model_trial_043/myproject_prj/solution1/syn/vhdl/myproject_dense_resource_ap_fixed_16_6_5_3_0_ap_fixed_16_6_5_3_0_config14_s.vhd:4761]
	Parameter ID bound to: 1 - type: integer 
	Parameter NUM_STAGE bound to: 1 - type: integer 
	Parameter din0_WIDTH bound to: 11 - type: integer 
	Parameter din1_WIDTH bound to: 8 - type: integer 
	Parameter dout_WIDTH bound to: 19 - type: integer 
INFO: [Synth 8-3491] module 'myproject_mul_11s_8s_19_1_1' declared at '/home/dabadjiev/smartpixels_ml_dsabadjiev/Muon_Collider_Smart_Pixels/eric/Results_June2026_99SigEff/model2.5_fin_results/model2_5_8bit_normalised_selected/pareto_primary/hls_outputs_vsynth/hls_model_trial_043/myproject_prj/solution1/syn/vhdl/myproject_mul_11s_8s_19_1_1.vhd:7' bound to instance 'mul_11s_8s_19_1_1_U99' of component 'myproject_mul_11s_8s_19_1_1' [/home/dabadjiev/smartpixels_ml_dsabadjiev/Muon_Collider_Smart_Pixels/eric/Results_June2026_99SigEff/model2.5_fin_results/model2_5_8bit_normalised_selected/pareto_primary/hls_outputs_vsynth/hls_model_trial_043/myproject_prj/solution1/syn/vhdl/myproject_dense_resource_ap_fixed_16_6_5_3_0_ap_fixed_16_6_5_3_0_config14_s.vhd:4773]
	Parameter ID bound to: 1 - type: integer 
	Parameter NUM_STAGE bound to: 1 - type: integer 
	Parameter din0_WIDTH bound to: 11 - type: integer 
	Parameter din1_WIDTH bound to: 8 - type: integer 
	Parameter dout_WIDTH bound to: 19 - type: integer 
INFO: [Synth 8-3491] module 'myproject_mul_11s_8s_19_1_1' declared at '/home/dabadjiev/smartpixels_ml_dsabadjiev/Muon_Collider_Smart_Pixels/eric/Results_June2026_99SigEff/model2.5_fin_results/model2_5_8bit_normalised_selected/pareto_primary/hls_outputs_vsynth/hls_model_trial_043/myproject_prj/solution1/syn/vhdl/myproject_mul_11s_8s_19_1_1.vhd:7' bound to instance 'mul_11s_8s_19_1_1_U100' of component 'myproject_mul_11s_8s_19_1_1' [/home/dabadjiev/smartpixels_ml_dsabadjiev/Muon_Collider_Smart_Pixels/eric/Results_June2026_99SigEff/model2.5_fin_results/model2_5_8bit_normalised_selected/pareto_primary/hls_outputs_vsynth/hls_model_trial_043/myproject_prj/solution1/syn/vhdl/myproject_dense_resource_ap_fixed_16_6_5_3_0_ap_fixed_16_6_5_3_0_config14_s.vhd:4785]
	Parameter ID bound to: 1 - type: integer 
	Parameter NUM_STAGE bound to: 1 - type: integer 
	Parameter din0_WIDTH bound to: 11 - type: integer 
	Parameter din1_WIDTH bound to: 8 - type: integer 
	Parameter dout_WIDTH bound to: 19 - type: integer 
INFO: [Synth 8-3491] module 'myproject_mul_11s_8s_19_1_1' declared at '/home/dabadjiev/smartpixels_ml_dsabadjiev/Muon_Collider_Smart_Pixels/eric/Results_June2026_99SigEff/model2.5_fin_results/model2_5_8bit_normalised_selected/pareto_primary/hls_outputs_vsynth/hls_model_trial_043/myproject_prj/solution1/syn/vhdl/myproject_mul_11s_8s_19_1_1.vhd:7' bound to instance 'mul_11s_8s_19_1_1_U101' of component 'myproject_mul_11s_8s_19_1_1' [/home/dabadjiev/smartpixels_ml_dsabadjiev/Muon_Collider_Smart_Pixels/eric/Results_June2026_99SigEff/model2.5_fin_results/model2_5_8bit_normalised_selected/pareto_primary/hls_outputs_vsynth/hls_model_trial_043/myproject_prj/solution1/syn/vhdl/myproject_dense_resource_ap_fixed_16_6_5_3_0_ap_fixed_16_6_5_3_0_config14_s.vhd:4797]
	Parameter ID bound to: 1 - type: integer 
	Parameter NUM_STAGE bound to: 1 - type: integer 
	Parameter din0_WIDTH bound to: 11 - type: integer 
	Parameter din1_WIDTH bound to: 8 - type: integer 
	Parameter dout_WIDTH bound to: 19 - type: integer 
INFO: [Synth 8-3491] module 'myproject_mul_11s_8s_19_1_1' declared at '/home/dabadjiev/smartpixels_ml_dsabadjiev/Muon_Collider_Smart_Pixels/eric/Results_June2026_99SigEff/model2.5_fin_results/model2_5_8bit_normalised_selected/pareto_primary/hls_outputs_vsynth/hls_model_trial_043/myproject_prj/solution1/syn/vhdl/myproject_mul_11s_8s_19_1_1.vhd:7' bound to instance 'mul_11s_8s_19_1_1_U102' of component 'myproject_mul_11s_8s_19_1_1' [/home/dabadjiev/smartpixels_ml_dsabadjiev/Muon_Collider_Smart_Pixels/eric/Results_June2026_99SigEff/model2.5_fin_results/model2_5_8bit_normalised_selected/pareto_primary/hls_outputs_vsynth/hls_model_trial_043/myproject_prj/solution1/syn/vhdl/myproject_dense_resource_ap_fixed_16_6_5_3_0_ap_fixed_16_6_5_3_0_config14_s.vhd:4809]
	Parameter ID bound to: 1 - type: integer 
	Parameter NUM_STAGE bound to: 1 - type: integer 
	Parameter din0_WIDTH bound to: 11 - type: integer 
	Parameter din1_WIDTH bound to: 8 - type: integer 
	Parameter dout_WIDTH bound to: 19 - type: integer 
INFO: [Synth 8-3491] module 'myproject_mul_11s_8s_19_1_1' declared at '/home/dabadjiev/smartpixels_ml_dsabadjiev/Muon_Collider_Smart_Pixels/eric/Results_June2026_99SigEff/model2.5_fin_results/model2_5_8bit_normalised_selected/pareto_primary/hls_outputs_vsynth/hls_model_trial_043/myproject_prj/solution1/syn/vhdl/myproject_mul_11s_8s_19_1_1.vhd:7' bound to instance 'mul_11s_8s_19_1_1_U103' of component 'myproject_mul_11s_8s_19_1_1' [/home/dabadjiev/smartpixels_ml_dsabadjiev/Muon_Collider_Smart_Pixels/eric/Results_June2026_99SigEff/model2.5_fin_results/model2_5_8bit_normalised_selected/pareto_primary/hls_outputs_vsynth/hls_model_trial_043/myproject_prj/solution1/syn/vhdl/myproject_dense_resource_ap_fixed_16_6_5_3_0_ap_fixed_16_6_5_3_0_config14_s.vhd:4821]
	Parameter ID bound to: 1 - type: integer 
	Parameter NUM_STAGE bound to: 1 - type: integer 
	Parameter din0_WIDTH bound to: 11 - type: integer 
	Parameter din1_WIDTH bound to: 8 - type: integer 
	Parameter dout_WIDTH bound to: 19 - type: integer 
INFO: [Synth 8-3491] module 'myproject_mul_11s_8s_19_1_1' declared at '/home/dabadjiev/smartpixels_ml_dsabadjiev/Muon_Collider_Smart_Pixels/eric/Results_June2026_99SigEff/model2.5_fin_results/model2_5_8bit_normalised_selected/pareto_primary/hls_outputs_vsynth/hls_model_trial_043/myproject_prj/solution1/syn/vhdl/myproject_mul_11s_8s_19_1_1.vhd:7' bound to instance 'mul_11s_8s_19_1_1_U104' of component 'myproject_mul_11s_8s_19_1_1' [/home/dabadjiev/smartpixels_ml_dsabadjiev/Muon_Collider_Smart_Pixels/eric/Results_June2026_99SigEff/model2.5_fin_results/model2_5_8bit_normalised_selected/pareto_primary/hls_outputs_vsynth/hls_model_trial_043/myproject_prj/solution1/syn/vhdl/myproject_dense_resource_ap_fixed_16_6_5_3_0_ap_fixed_16_6_5_3_0_config14_s.vhd:4833]
	Parameter ID bound to: 1 - type: integer 
	Parameter NUM_STAGE bound to: 1 - type: integer 
	Parameter din0_WIDTH bound to: 11 - type: integer 
	Parameter din1_WIDTH bound to: 8 - type: integer 
	Parameter dout_WIDTH bound to: 19 - type: integer 
INFO: [Synth 8-3491] module 'myproject_mul_11s_8s_19_1_1' declared at '/home/dabadjiev/smartpixels_ml_dsabadjiev/Muon_Collider_Smart_Pixels/eric/Results_June2026_99SigEff/model2.5_fin_results/model2_5_8bit_normalised_selected/pareto_primary/hls_outputs_vsynth/hls_model_trial_043/myproject_prj/solution1/syn/vhdl/myproject_mul_11s_8s_19_1_1.vhd:7' bound to instance 'mul_11s_8s_19_1_1_U105' of component 'myproject_mul_11s_8s_19_1_1' [/home/dabadjiev/smartpixels_ml_dsabadjiev/Muon_Collider_Smart_Pixels/eric/Results_June2026_99SigEff/model2.5_fin_results/model2_5_8bit_normalised_selected/pareto_primary/hls_outputs_vsynth/hls_model_trial_043/myproject_prj/solution1/syn/vhdl/myproject_dense_resource_ap_fixed_16_6_5_3_0_ap_fixed_16_6_5_3_0_config14_s.vhd:4845]
	Parameter ID bound to: 1 - type: integer 
	Parameter NUM_STAGE bound to: 1 - type: integer 
	Parameter din0_WIDTH bound to: 11 - type: integer 
	Parameter din1_WIDTH bound to: 8 - type: integer 
	Parameter dout_WIDTH bound to: 19 - type: integer 
INFO: [Synth 8-3491] module 'myproject_mul_11s_8s_19_1_1' declared at '/home/dabadjiev/smartpixels_ml_dsabadjiev/Muon_Collider_Smart_Pixels/eric/Results_June2026_99SigEff/model2.5_fin_results/model2_5_8bit_normalised_selected/pareto_primary/hls_outputs_vsynth/hls_model_trial_043/myproject_prj/solution1/syn/vhdl/myproject_mul_11s_8s_19_1_1.vhd:7' bound to instance 'mul_11s_8s_19_1_1_U106' of component 'myproject_mul_11s_8s_19_1_1' [/home/dabadjiev/smartpixels_ml_dsabadjiev/Muon_Collider_Smart_Pixels/eric/Results_June2026_99SigEff/model2.5_fin_results/model2_5_8bit_normalised_selected/pareto_primary/hls_outputs_vsynth/hls_model_trial_043/myproject_prj/solution1/syn/vhdl/myproject_dense_resource_ap_fixed_16_6_5_3_0_ap_fixed_16_6_5_3_0_config14_s.vhd:4857]
	Parameter ID bound to: 1 - type: integer 
	Parameter NUM_STAGE bound to: 1 - type: integer 
	Parameter din0_WIDTH bound to: 11 - type: integer 
	Parameter din1_WIDTH bound to: 8 - type: integer 
	Parameter dout_WIDTH bound to: 19 - type: integer 
INFO: [Synth 8-3491] module 'myproject_mul_11s_8s_19_1_1' declared at '/home/dabadjiev/smartpixels_ml_dsabadjiev/Muon_Collider_Smart_Pixels/eric/Results_June2026_99SigEff/model2.5_fin_results/model2_5_8bit_normalised_selected/pareto_primary/hls_outputs_vsynth/hls_model_trial_043/myproject_prj/solution1/syn/vhdl/myproject_mul_11s_8s_19_1_1.vhd:7' bound to instance 'mul_11s_8s_19_1_1_U107' of component 'myproject_mul_11s_8s_19_1_1' [/home/dabadjiev/smartpixels_ml_dsabadjiev/Muon_Collider_Smart_Pixels/eric/Results_June2026_99SigEff/model2.5_fin_results/model2_5_8bit_normalised_selected/pareto_primary/hls_outputs_vsynth/hls_model_trial_043/myproject_prj/solution1/syn/vhdl/myproject_dense_resource_ap_fixed_16_6_5_3_0_ap_fixed_16_6_5_3_0_config14_s.vhd:4869]
	Parameter ID bound to: 1 - type: integer 
	Parameter NUM_STAGE bound to: 1 - type: integer 
	Parameter din0_WIDTH bound to: 11 - type: integer 
	Parameter din1_WIDTH bound to: 8 - type: integer 
	Parameter dout_WIDTH bound to: 19 - type: integer 
INFO: [Synth 8-3491] module 'myproject_mul_11s_8s_19_1_1' declared at '/home/dabadjiev/smartpixels_ml_dsabadjiev/Muon_Collider_Smart_Pixels/eric/Results_June2026_99SigEff/model2.5_fin_results/model2_5_8bit_normalised_selected/pareto_primary/hls_outputs_vsynth/hls_model_trial_043/myproject_prj/solution1/syn/vhdl/myproject_mul_11s_8s_19_1_1.vhd:7' bound to instance 'mul_11s_8s_19_1_1_U108' of component 'myproject_mul_11s_8s_19_1_1' [/home/dabadjiev/smartpixels_ml_dsabadjiev/Muon_Collider_Smart_Pixels/eric/Results_June2026_99SigEff/model2.5_fin_results/model2_5_8bit_normalised_selected/pareto_primary/hls_outputs_vsynth/hls_model_trial_043/myproject_prj/solution1/syn/vhdl/myproject_dense_resource_ap_fixed_16_6_5_3_0_ap_fixed_16_6_5_3_0_config14_s.vhd:4881]
	Parameter ID bound to: 1 - type: integer 
	Parameter NUM_STAGE bound to: 1 - type: integer 
	Parameter din0_WIDTH bound to: 11 - type: integer 
	Parameter din1_WIDTH bound to: 8 - type: integer 
	Parameter dout_WIDTH bound to: 19 - type: integer 
INFO: [Synth 8-3491] module 'myproject_mul_11s_8s_19_1_1' declared at '/home/dabadjiev/smartpixels_ml_dsabadjiev/Muon_Collider_Smart_Pixels/eric/Results_June2026_99SigEff/model2.5_fin_results/model2_5_8bit_normalised_selected/pareto_primary/hls_outputs_vsynth/hls_model_trial_043/myproject_prj/solution1/syn/vhdl/myproject_mul_11s_8s_19_1_1.vhd:7' bound to instance 'mul_11s_8s_19_1_1_U109' of component 'myproject_mul_11s_8s_19_1_1' [/home/dabadjiev/smartpixels_ml_dsabadjiev/Muon_Collider_Smart_Pixels/eric/Results_June2026_99SigEff/model2.5_fin_results/model2_5_8bit_normalised_selected/pareto_primary/hls_outputs_vsynth/hls_model_trial_043/myproject_prj/solution1/syn/vhdl/myproject_dense_resource_ap_fixed_16_6_5_3_0_ap_fixed_16_6_5_3_0_config14_s.vhd:4893]
	Parameter ID bound to: 1 - type: integer 
	Parameter NUM_STAGE bound to: 1 - type: integer 
	Parameter din0_WIDTH bound to: 11 - type: integer 
	Parameter din1_WIDTH bound to: 8 - type: integer 
	Parameter dout_WIDTH bound to: 19 - type: integer 
INFO: [Synth 8-3491] module 'myproject_mul_11s_8s_19_1_1' declared at '/home/dabadjiev/smartpixels_ml_dsabadjiev/Muon_Collider_Smart_Pixels/eric/Results_June2026_99SigEff/model2.5_fin_results/model2_5_8bit_normalised_selected/pareto_primary/hls_outputs_vsynth/hls_model_trial_043/myproject_prj/solution1/syn/vhdl/myproject_mul_11s_8s_19_1_1.vhd:7' bound to instance 'mul_11s_8s_19_1_1_U110' of component 'myproject_mul_11s_8s_19_1_1' [/home/dabadjiev/smartpixels_ml_dsabadjiev/Muon_Collider_Smart_Pixels/eric/Results_June2026_99SigEff/model2.5_fin_results/model2_5_8bit_normalised_selected/pareto_primary/hls_outputs_vsynth/hls_model_trial_043/myproject_prj/solution1/syn/vhdl/myproject_dense_resource_ap_fixed_16_6_5_3_0_ap_fixed_16_6_5_3_0_config14_s.vhd:4905]
	Parameter ID bound to: 1 - type: integer 
	Parameter NUM_STAGE bound to: 1 - type: integer 
	Parameter din0_WIDTH bound to: 11 - type: integer 
	Parameter din1_WIDTH bound to: 8 - type: integer 
	Parameter dout_WIDTH bound to: 19 - type: integer 
INFO: [Synth 8-3491] module 'myproject_mul_11s_8s_19_1_1' declared at '/home/dabadjiev/smartpixels_ml_dsabadjiev/Muon_Collider_Smart_Pixels/eric/Results_June2026_99SigEff/model2.5_fin_results/model2_5_8bit_normalised_selected/pareto_primary/hls_outputs_vsynth/hls_model_trial_043/myproject_prj/solution1/syn/vhdl/myproject_mul_11s_8s_19_1_1.vhd:7' bound to instance 'mul_11s_8s_19_1_1_U111' of component 'myproject_mul_11s_8s_19_1_1' [/home/dabadjiev/smartpixels_ml_dsabadjiev/Muon_Collider_Smart_Pixels/eric/Results_June2026_99SigEff/model2.5_fin_results/model2_5_8bit_normalised_selected/pareto_primary/hls_outputs_vsynth/hls_model_trial_043/myproject_prj/solution1/syn/vhdl/myproject_dense_resource_ap_fixed_16_6_5_3_0_ap_fixed_16_6_5_3_0_config14_s.vhd:4917]
	Parameter ID bound to: 1 - type: integer 
	Parameter NUM_STAGE bound to: 1 - type: integer 
	Parameter din0_WIDTH bound to: 11 - type: integer 
	Parameter din1_WIDTH bound to: 8 - type: integer 
	Parameter dout_WIDTH bound to: 19 - type: integer 
INFO: [Synth 8-3491] module 'myproject_mul_11s_8s_19_1_1' declared at '/home/dabadjiev/smartpixels_ml_dsabadjiev/Muon_Collider_Smart_Pixels/eric/Results_June2026_99SigEff/model2.5_fin_results/model2_5_8bit_normalised_selected/pareto_primary/hls_outputs_vsynth/hls_model_trial_043/myproject_prj/solution1/syn/vhdl/myproject_mul_11s_8s_19_1_1.vhd:7' bound to instance 'mul_11s_8s_19_1_1_U112' of component 'myproject_mul_11s_8s_19_1_1' [/home/dabadjiev/smartpixels_ml_dsabadjiev/Muon_Collider_Smart_Pixels/eric/Results_June2026_99SigEff/model2.5_fin_results/model2_5_8bit_normalised_selected/pareto_primary/hls_outputs_vsynth/hls_model_trial_043/myproject_prj/solution1/syn/vhdl/myproject_dense_resource_ap_fixed_16_6_5_3_0_ap_fixed_16_6_5_3_0_config14_s.vhd:4929]
	Parameter ID bound to: 1 - type: integer 
	Parameter NUM_STAGE bound to: 1 - type: integer 
	Parameter din0_WIDTH bound to: 11 - type: integer 
	Parameter din1_WIDTH bound to: 8 - type: integer 
	Parameter dout_WIDTH bound to: 19 - type: integer 
INFO: [Synth 8-3491] module 'myproject_mul_11s_8s_19_1_1' declared at '/home/dabadjiev/smartpixels_ml_dsabadjiev/Muon_Collider_Smart_Pixels/eric/Results_June2026_99SigEff/model2.5_fin_results/model2_5_8bit_normalised_selected/pareto_primary/hls_outputs_vsynth/hls_model_trial_043/myproject_prj/solution1/syn/vhdl/myproject_mul_11s_8s_19_1_1.vhd:7' bound to instance 'mul_11s_8s_19_1_1_U113' of component 'myproject_mul_11s_8s_19_1_1' [/home/dabadjiev/smartpixels_ml_dsabadjiev/Muon_Collider_Smart_Pixels/eric/Results_June2026_99SigEff/model2.5_fin_results/model2_5_8bit_normalised_selected/pareto_primary/hls_outputs_vsynth/hls_model_trial_043/myproject_prj/solution1/syn/vhdl/myproject_dense_resource_ap_fixed_16_6_5_3_0_ap_fixed_16_6_5_3_0_config14_s.vhd:4941]
	Parameter ID bound to: 1 - type: integer 
	Parameter NUM_STAGE bound to: 1 - type: integer 
	Parameter din0_WIDTH bound to: 11 - type: integer 
	Parameter din1_WIDTH bound to: 8 - type: integer 
	Parameter dout_WIDTH bound to: 19 - type: integer 
INFO: [Synth 8-3491] module 'myproject_mul_11s_8s_19_1_1' declared at '/home/dabadjiev/smartpixels_ml_dsabadjiev/Muon_Collider_Smart_Pixels/eric/Results_June2026_99SigEff/model2.5_fin_results/model2_5_8bit_normalised_selected/pareto_primary/hls_outputs_vsynth/hls_model_trial_043/myproject_prj/solution1/syn/vhdl/myproject_mul_11s_8s_19_1_1.vhd:7' bound to instance 'mul_11s_8s_19_1_1_U114' of component 'myproject_mul_11s_8s_19_1_1' [/home/dabadjiev/smartpixels_ml_dsabadjiev/Muon_Collider_Smart_Pixels/eric/Results_June2026_99SigEff/model2.5_fin_results/model2_5_8bit_normalised_selected/pareto_primary/hls_outputs_vsynth/hls_model_trial_043/myproject_prj/solution1/syn/vhdl/myproject_dense_resource_ap_fixed_16_6_5_3_0_ap_fixed_16_6_5_3_0_config14_s.vhd:4953]
	Parameter ID bound to: 1 - type: integer 
	Parameter NUM_STAGE bound to: 1 - type: integer 
	Parameter din0_WIDTH bound to: 11 - type: integer 
	Parameter din1_WIDTH bound to: 8 - type: integer 
	Parameter dout_WIDTH bound to: 19 - type: integer 
INFO: [Synth 8-3491] module 'myproject_mul_11s_8s_19_1_1' declared at '/home/dabadjiev/smartpixels_ml_dsabadjiev/Muon_Collider_Smart_Pixels/eric/Results_June2026_99SigEff/model2.5_fin_results/model2_5_8bit_normalised_selected/pareto_primary/hls_outputs_vsynth/hls_model_trial_043/myproject_prj/solution1/syn/vhdl/myproject_mul_11s_8s_19_1_1.vhd:7' bound to instance 'mul_11s_8s_19_1_1_U115' of component 'myproject_mul_11s_8s_19_1_1' [/home/dabadjiev/smartpixels_ml_dsabadjiev/Muon_Collider_Smart_Pixels/eric/Results_June2026_99SigEff/model2.5_fin_results/model2_5_8bit_normalised_selected/pareto_primary/hls_outputs_vsynth/hls_model_trial_043/myproject_prj/solution1/syn/vhdl/myproject_dense_resource_ap_fixed_16_6_5_3_0_ap_fixed_16_6_5_3_0_config14_s.vhd:4965]
	Parameter ID bound to: 1 - type: integer 
	Parameter NUM_STAGE bound to: 1 - type: integer 
	Parameter din0_WIDTH bound to: 11 - type: integer 
	Parameter din1_WIDTH bound to: 8 - type: integer 
	Parameter dout_WIDTH bound to: 19 - type: integer 
INFO: [Synth 8-3491] module 'myproject_mul_11s_8s_19_1_1' declared at '/home/dabadjiev/smartpixels_ml_dsabadjiev/Muon_Collider_Smart_Pixels/eric/Results_June2026_99SigEff/model2.5_fin_results/model2_5_8bit_normalised_selected/pareto_primary/hls_outputs_vsynth/hls_model_trial_043/myproject_prj/solution1/syn/vhdl/myproject_mul_11s_8s_19_1_1.vhd:7' bound to instance 'mul_11s_8s_19_1_1_U116' of component 'myproject_mul_11s_8s_19_1_1' [/home/dabadjiev/smartpixels_ml_dsabadjiev/Muon_Collider_Smart_Pixels/eric/Results_June2026_99SigEff/model2.5_fin_results/model2_5_8bit_normalised_selected/pareto_primary/hls_outputs_vsynth/hls_model_trial_043/myproject_prj/solution1/syn/vhdl/myproject_dense_resource_ap_fixed_16_6_5_3_0_ap_fixed_16_6_5_3_0_config14_s.vhd:4977]
	Parameter ID bound to: 1 - type: integer 
	Parameter NUM_STAGE bound to: 1 - type: integer 
	Parameter din0_WIDTH bound to: 11 - type: integer 
	Parameter din1_WIDTH bound to: 8 - type: integer 
	Parameter dout_WIDTH bound to: 19 - type: integer 
INFO: [Synth 8-3491] module 'myproject_mul_11s_8s_19_1_1' declared at '/home/dabadjiev/smartpixels_ml_dsabadjiev/Muon_Collider_Smart_Pixels/eric/Results_June2026_99SigEff/model2.5_fin_results/model2_5_8bit_normalised_selected/pareto_primary/hls_outputs_vsynth/hls_model_trial_043/myproject_prj/solution1/syn/vhdl/myproject_mul_11s_8s_19_1_1.vhd:7' bound to instance 'mul_11s_8s_19_1_1_U117' of component 'myproject_mul_11s_8s_19_1_1' [/home/dabadjiev/smartpixels_ml_dsabadjiev/Muon_Collider_Smart_Pixels/eric/Results_June2026_99SigEff/model2.5_fin_results/model2_5_8bit_normalised_selected/pareto_primary/hls_outputs_vsynth/hls_model_trial_043/myproject_prj/solution1/syn/vhdl/myproject_dense_resource_ap_fixed_16_6_5_3_0_ap_fixed_16_6_5_3_0_config14_s.vhd:4989]
	Parameter ID bound to: 1 - type: integer 
	Parameter NUM_STAGE bound to: 1 - type: integer 
	Parameter din0_WIDTH bound to: 11 - type: integer 
	Parameter din1_WIDTH bound to: 8 - type: integer 
	Parameter dout_WIDTH bound to: 19 - type: integer 
INFO: [Synth 8-3491] module 'myproject_mul_11s_8s_19_1_1' declared at '/home/dabadjiev/smartpixels_ml_dsabadjiev/Muon_Collider_Smart_Pixels/eric/Results_June2026_99SigEff/model2.5_fin_results/model2_5_8bit_normalised_selected/pareto_primary/hls_outputs_vsynth/hls_model_trial_043/myproject_prj/solution1/syn/vhdl/myproject_mul_11s_8s_19_1_1.vhd:7' bound to instance 'mul_11s_8s_19_1_1_U118' of component 'myproject_mul_11s_8s_19_1_1' [/home/dabadjiev/smartpixels_ml_dsabadjiev/Muon_Collider_Smart_Pixels/eric/Results_June2026_99SigEff/model2.5_fin_results/model2_5_8bit_normalised_selected/pareto_primary/hls_outputs_vsynth/hls_model_trial_043/myproject_prj/solution1/syn/vhdl/myproject_dense_resource_ap_fixed_16_6_5_3_0_ap_fixed_16_6_5_3_0_config14_s.vhd:5001]
	Parameter ID bound to: 1 - type: integer 
	Parameter NUM_STAGE bound to: 1 - type: integer 
	Parameter din0_WIDTH bound to: 11 - type: integer 
	Parameter din1_WIDTH bound to: 8 - type: integer 
	Parameter dout_WIDTH bound to: 19 - type: integer 
INFO: [Synth 8-3491] module 'myproject_mul_11s_8s_19_1_1' declared at '/home/dabadjiev/smartpixels_ml_dsabadjiev/Muon_Collider_Smart_Pixels/eric/Results_June2026_99SigEff/model2.5_fin_results/model2_5_8bit_normalised_selected/pareto_primary/hls_outputs_vsynth/hls_model_trial_043/myproject_prj/solution1/syn/vhdl/myproject_mul_11s_8s_19_1_1.vhd:7' bound to instance 'mul_11s_8s_19_1_1_U119' of component 'myproject_mul_11s_8s_19_1_1' [/home/dabadjiev/smartpixels_ml_dsabadjiev/Muon_Collider_Smart_Pixels/eric/Results_June2026_99SigEff/model2.5_fin_results/model2_5_8bit_normalised_selected/pareto_primary/hls_outputs_vsynth/hls_model_trial_043/myproject_prj/solution1/syn/vhdl/myproject_dense_resource_ap_fixed_16_6_5_3_0_ap_fixed_16_6_5_3_0_config14_s.vhd:5013]
	Parameter ID bound to: 1 - type: integer 
	Parameter NUM_STAGE bound to: 1 - type: integer 
	Parameter din0_WIDTH bound to: 11 - type: integer 
	Parameter din1_WIDTH bound to: 8 - type: integer 
	Parameter dout_WIDTH bound to: 19 - type: integer 
INFO: [Synth 8-3491] module 'myproject_mul_11s_8s_19_1_1' declared at '/home/dabadjiev/smartpixels_ml_dsabadjiev/Muon_Collider_Smart_Pixels/eric/Results_June2026_99SigEff/model2.5_fin_results/model2_5_8bit_normalised_selected/pareto_primary/hls_outputs_vsynth/hls_model_trial_043/myproject_prj/solution1/syn/vhdl/myproject_mul_11s_8s_19_1_1.vhd:7' bound to instance 'mul_11s_8s_19_1_1_U120' of component 'myproject_mul_11s_8s_19_1_1' [/home/dabadjiev/smartpixels_ml_dsabadjiev/Muon_Collider_Smart_Pixels/eric/Results_June2026_99SigEff/model2.5_fin_results/model2_5_8bit_normalised_selected/pareto_primary/hls_outputs_vsynth/hls_model_trial_043/myproject_prj/solution1/syn/vhdl/myproject_dense_resource_ap_fixed_16_6_5_3_0_ap_fixed_16_6_5_3_0_config14_s.vhd:5025]
	Parameter ID bound to: 1 - type: integer 
	Parameter NUM_STAGE bound to: 1 - type: integer 
	Parameter din0_WIDTH bound to: 11 - type: integer 
	Parameter din1_WIDTH bound to: 8 - type: integer 
	Parameter dout_WIDTH bound to: 19 - type: integer 
INFO: [Synth 8-3491] module 'myproject_mul_11s_8s_19_1_1' declared at '/home/dabadjiev/smartpixels_ml_dsabadjiev/Muon_Collider_Smart_Pixels/eric/Results_June2026_99SigEff/model2.5_fin_results/model2_5_8bit_normalised_selected/pareto_primary/hls_outputs_vsynth/hls_model_trial_043/myproject_prj/solution1/syn/vhdl/myproject_mul_11s_8s_19_1_1.vhd:7' bound to instance 'mul_11s_8s_19_1_1_U121' of component 'myproject_mul_11s_8s_19_1_1' [/home/dabadjiev/smartpixels_ml_dsabadjiev/Muon_Collider_Smart_Pixels/eric/Results_June2026_99SigEff/model2.5_fin_results/model2_5_8bit_normalised_selected/pareto_primary/hls_outputs_vsynth/hls_model_trial_043/myproject_prj/solution1/syn/vhdl/myproject_dense_resource_ap_fixed_16_6_5_3_0_ap_fixed_16_6_5_3_0_config14_s.vhd:5037]
	Parameter ID bound to: 1 - type: integer 
	Parameter NUM_STAGE bound to: 1 - type: integer 
	Parameter din0_WIDTH bound to: 11 - type: integer 
	Parameter din1_WIDTH bound to: 8 - type: integer 
	Parameter dout_WIDTH bound to: 19 - type: integer 
INFO: [Synth 8-3491] module 'myproject_mul_11s_8s_19_1_1' declared at '/home/dabadjiev/smartpixels_ml_dsabadjiev/Muon_Collider_Smart_Pixels/eric/Results_June2026_99SigEff/model2.5_fin_results/model2_5_8bit_normalised_selected/pareto_primary/hls_outputs_vsynth/hls_model_trial_043/myproject_prj/solution1/syn/vhdl/myproject_mul_11s_8s_19_1_1.vhd:7' bound to instance 'mul_11s_8s_19_1_1_U122' of component 'myproject_mul_11s_8s_19_1_1' [/home/dabadjiev/smartpixels_ml_dsabadjiev/Muon_Collider_Smart_Pixels/eric/Results_June2026_99SigEff/model2.5_fin_results/model2_5_8bit_normalised_selected/pareto_primary/hls_outputs_vsynth/hls_model_trial_043/myproject_prj/solution1/syn/vhdl/myproject_dense_resource_ap_fixed_16_6_5_3_0_ap_fixed_16_6_5_3_0_config14_s.vhd:5049]
	Parameter ID bound to: 1 - type: integer 
	Parameter NUM_STAGE bound to: 1 - type: integer 
	Parameter din0_WIDTH bound to: 11 - type: integer 
	Parameter din1_WIDTH bound to: 8 - type: integer 
	Parameter dout_WIDTH bound to: 19 - type: integer 
INFO: [Synth 8-3491] module 'myproject_mul_11s_8s_19_1_1' declared at '/home/dabadjiev/smartpixels_ml_dsabadjiev/Muon_Collider_Smart_Pixels/eric/Results_June2026_99SigEff/model2.5_fin_results/model2_5_8bit_normalised_selected/pareto_primary/hls_outputs_vsynth/hls_model_trial_043/myproject_prj/solution1/syn/vhdl/myproject_mul_11s_8s_19_1_1.vhd:7' bound to instance 'mul_11s_8s_19_1_1_U123' of component 'myproject_mul_11s_8s_19_1_1' [/home/dabadjiev/smartpixels_ml_dsabadjiev/Muon_Collider_Smart_Pixels/eric/Results_June2026_99SigEff/model2.5_fin_results/model2_5_8bit_normalised_selected/pareto_primary/hls_outputs_vsynth/hls_model_trial_043/myproject_prj/solution1/syn/vhdl/myproject_dense_resource_ap_fixed_16_6_5_3_0_ap_fixed_16_6_5_3_0_config14_s.vhd:5061]
	Parameter ID bound to: 1 - type: integer 
	Parameter NUM_STAGE bound to: 1 - type: integer 
	Parameter din0_WIDTH bound to: 11 - type: integer 
	Parameter din1_WIDTH bound to: 8 - type: integer 
	Parameter dout_WIDTH bound to: 19 - type: integer 
INFO: [Synth 8-3491] module 'myproject_mul_11s_8s_19_1_1' declared at '/home/dabadjiev/smartpixels_ml_dsabadjiev/Muon_Collider_Smart_Pixels/eric/Results_June2026_99SigEff/model2.5_fin_results/model2_5_8bit_normalised_selected/pareto_primary/hls_outputs_vsynth/hls_model_trial_043/myproject_prj/solution1/syn/vhdl/myproject_mul_11s_8s_19_1_1.vhd:7' bound to instance 'mul_11s_8s_19_1_1_U124' of component 'myproject_mul_11s_8s_19_1_1' [/home/dabadjiev/smartpixels_ml_dsabadjiev/Muon_Collider_Smart_Pixels/eric/Results_June2026_99SigEff/model2.5_fin_results/model2_5_8bit_normalised_selected/pareto_primary/hls_outputs_vsynth/hls_model_trial_043/myproject_prj/solution1/syn/vhdl/myproject_dense_resource_ap_fixed_16_6_5_3_0_ap_fixed_16_6_5_3_0_config14_s.vhd:5073]
	Parameter ID bound to: 1 - type: integer 
	Parameter NUM_STAGE bound to: 1 - type: integer 
	Parameter din0_WIDTH bound to: 11 - type: integer 
	Parameter din1_WIDTH bound to: 8 - type: integer 
	Parameter dout_WIDTH bound to: 19 - type: integer 
INFO: [Synth 8-3491] module 'myproject_mul_11s_8s_19_1_1' declared at '/home/dabadjiev/smartpixels_ml_dsabadjiev/Muon_Collider_Smart_Pixels/eric/Results_June2026_99SigEff/model2.5_fin_results/model2_5_8bit_normalised_selected/pareto_primary/hls_outputs_vsynth/hls_model_trial_043/myproject_prj/solution1/syn/vhdl/myproject_mul_11s_8s_19_1_1.vhd:7' bound to instance 'mul_11s_8s_19_1_1_U125' of component 'myproject_mul_11s_8s_19_1_1' [/home/dabadjiev/smartpixels_ml_dsabadjiev/Muon_Collider_Smart_Pixels/eric/Results_June2026_99SigEff/model2.5_fin_results/model2_5_8bit_normalised_selected/pareto_primary/hls_outputs_vsynth/hls_model_trial_043/myproject_prj/solution1/syn/vhdl/myproject_dense_resource_ap_fixed_16_6_5_3_0_ap_fixed_16_6_5_3_0_config14_s.vhd:5085]
	Parameter ID bound to: 1 - type: integer 
	Parameter NUM_STAGE bound to: 1 - type: integer 
	Parameter din0_WIDTH bound to: 11 - type: integer 
	Parameter din1_WIDTH bound to: 8 - type: integer 
	Parameter dout_WIDTH bound to: 19 - type: integer 
INFO: [Synth 8-3491] module 'myproject_mul_11s_8s_19_1_1' declared at '/home/dabadjiev/smartpixels_ml_dsabadjiev/Muon_Collider_Smart_Pixels/eric/Results_June2026_99SigEff/model2.5_fin_results/model2_5_8bit_normalised_selected/pareto_primary/hls_outputs_vsynth/hls_model_trial_043/myproject_prj/solution1/syn/vhdl/myproject_mul_11s_8s_19_1_1.vhd:7' bound to instance 'mul_11s_8s_19_1_1_U126' of component 'myproject_mul_11s_8s_19_1_1' [/home/dabadjiev/smartpixels_ml_dsabadjiev/Muon_Collider_Smart_Pixels/eric/Results_June2026_99SigEff/model2.5_fin_results/model2_5_8bit_normalised_selected/pareto_primary/hls_outputs_vsynth/hls_model_trial_043/myproject_prj/solution1/syn/vhdl/myproject_dense_resource_ap_fixed_16_6_5_3_0_ap_fixed_16_6_5_3_0_config14_s.vhd:5097]
	Parameter ID bound to: 1 - type: integer 
	Parameter NUM_STAGE bound to: 1 - type: integer 
	Parameter din0_WIDTH bound to: 11 - type: integer 
	Parameter din1_WIDTH bound to: 8 - type: integer 
	Parameter dout_WIDTH bound to: 19 - type: integer 
INFO: [Synth 8-3491] module 'myproject_mul_11s_8s_19_1_1' declared at '/home/dabadjiev/smartpixels_ml_dsabadjiev/Muon_Collider_Smart_Pixels/eric/Results_June2026_99SigEff/model2.5_fin_results/model2_5_8bit_normalised_selected/pareto_primary/hls_outputs_vsynth/hls_model_trial_043/myproject_prj/solution1/syn/vhdl/myproject_mul_11s_8s_19_1_1.vhd:7' bound to instance 'mul_11s_8s_19_1_1_U127' of component 'myproject_mul_11s_8s_19_1_1' [/home/dabadjiev/smartpixels_ml_dsabadjiev/Muon_Collider_Smart_Pixels/eric/Results_June2026_99SigEff/model2.5_fin_results/model2_5_8bit_normalised_selected/pareto_primary/hls_outputs_vsynth/hls_model_trial_043/myproject_prj/solution1/syn/vhdl/myproject_dense_resource_ap_fixed_16_6_5_3_0_ap_fixed_16_6_5_3_0_config14_s.vhd:5109]
	Parameter ID bound to: 1 - type: integer 
	Parameter NUM_STAGE bound to: 1 - type: integer 
	Parameter din0_WIDTH bound to: 11 - type: integer 
	Parameter din1_WIDTH bound to: 8 - type: integer 
	Parameter dout_WIDTH bound to: 19 - type: integer 
INFO: [Synth 8-3491] module 'myproject_mul_11s_8s_19_1_1' declared at '/home/dabadjiev/smartpixels_ml_dsabadjiev/Muon_Collider_Smart_Pixels/eric/Results_June2026_99SigEff/model2.5_fin_results/model2_5_8bit_normalised_selected/pareto_primary/hls_outputs_vsynth/hls_model_trial_043/myproject_prj/solution1/syn/vhdl/myproject_mul_11s_8s_19_1_1.vhd:7' bound to instance 'mul_11s_8s_19_1_1_U128' of component 'myproject_mul_11s_8s_19_1_1' [/home/dabadjiev/smartpixels_ml_dsabadjiev/Muon_Collider_Smart_Pixels/eric/Results_June2026_99SigEff/model2.5_fin_results/model2_5_8bit_normalised_selected/pareto_primary/hls_outputs_vsynth/hls_model_trial_043/myproject_prj/solution1/syn/vhdl/myproject_dense_resource_ap_fixed_16_6_5_3_0_ap_fixed_16_6_5_3_0_config14_s.vhd:5121]
	Parameter ID bound to: 1 - type: integer 
	Parameter NUM_STAGE bound to: 1 - type: integer 
	Parameter din0_WIDTH bound to: 11 - type: integer 
	Parameter din1_WIDTH bound to: 8 - type: integer 
	Parameter dout_WIDTH bound to: 19 - type: integer 
INFO: [Synth 8-3491] module 'myproject_mul_11s_8s_19_1_1' declared at '/home/dabadjiev/smartpixels_ml_dsabadjiev/Muon_Collider_Smart_Pixels/eric/Results_June2026_99SigEff/model2.5_fin_results/model2_5_8bit_normalised_selected/pareto_primary/hls_outputs_vsynth/hls_model_trial_043/myproject_prj/solution1/syn/vhdl/myproject_mul_11s_8s_19_1_1.vhd:7' bound to instance 'mul_11s_8s_19_1_1_U129' of component 'myproject_mul_11s_8s_19_1_1' [/home/dabadjiev/smartpixels_ml_dsabadjiev/Muon_Collider_Smart_Pixels/eric/Results_June2026_99SigEff/model2.5_fin_results/model2_5_8bit_normalised_selected/pareto_primary/hls_outputs_vsynth/hls_model_trial_043/myproject_prj/solution1/syn/vhdl/myproject_dense_resource_ap_fixed_16_6_5_3_0_ap_fixed_16_6_5_3_0_config14_s.vhd:5133]
	Parameter ID bound to: 1 - type: integer 
	Parameter NUM_STAGE bound to: 1 - type: integer 
	Parameter din0_WIDTH bound to: 11 - type: integer 
	Parameter din1_WIDTH bound to: 8 - type: integer 
	Parameter dout_WIDTH bound to: 19 - type: integer 
INFO: [Synth 8-3491] module 'myproject_mul_11s_8s_19_1_1' declared at '/home/dabadjiev/smartpixels_ml_dsabadjiev/Muon_Collider_Smart_Pixels/eric/Results_June2026_99SigEff/model2.5_fin_results/model2_5_8bit_normalised_selected/pareto_primary/hls_outputs_vsynth/hls_model_trial_043/myproject_prj/solution1/syn/vhdl/myproject_mul_11s_8s_19_1_1.vhd:7' bound to instance 'mul_11s_8s_19_1_1_U130' of component 'myproject_mul_11s_8s_19_1_1' [/home/dabadjiev/smartpixels_ml_dsabadjiev/Muon_Collider_Smart_Pixels/eric/Results_June2026_99SigEff/model2.5_fin_results/model2_5_8bit_normalised_selected/pareto_primary/hls_outputs_vsynth/hls_model_trial_043/myproject_prj/solution1/syn/vhdl/myproject_dense_resource_ap_fixed_16_6_5_3_0_ap_fixed_16_6_5_3_0_config14_s.vhd:5145]
	Parameter ID bound to: 1 - type: integer 
	Parameter NUM_STAGE bound to: 1 - type: integer 
	Parameter din0_WIDTH bound to: 11 - type: integer 
	Parameter din1_WIDTH bound to: 8 - type: integer 
	Parameter dout_WIDTH bound to: 19 - type: integer 
INFO: [Synth 8-3491] module 'myproject_mul_11s_8s_19_1_1' declared at '/home/dabadjiev/smartpixels_ml_dsabadjiev/Muon_Collider_Smart_Pixels/eric/Results_June2026_99SigEff/model2.5_fin_results/model2_5_8bit_normalised_selected/pareto_primary/hls_outputs_vsynth/hls_model_trial_043/myproject_prj/solution1/syn/vhdl/myproject_mul_11s_8s_19_1_1.vhd:7' bound to instance 'mul_11s_8s_19_1_1_U131' of component 'myproject_mul_11s_8s_19_1_1' [/home/dabadjiev/smartpixels_ml_dsabadjiev/Muon_Collider_Smart_Pixels/eric/Results_June2026_99SigEff/model2.5_fin_results/model2_5_8bit_normalised_selected/pareto_primary/hls_outputs_vsynth/hls_model_trial_043/myproject_prj/solution1/syn/vhdl/myproject_dense_resource_ap_fixed_16_6_5_3_0_ap_fixed_16_6_5_3_0_config14_s.vhd:5157]
	Parameter ID bound to: 1 - type: integer 
	Parameter NUM_STAGE bound to: 1 - type: integer 
	Parameter din0_WIDTH bound to: 11 - type: integer 
	Parameter din1_WIDTH bound to: 8 - type: integer 
	Parameter dout_WIDTH bound to: 19 - type: integer 
INFO: [Synth 8-3491] module 'myproject_mul_11s_8s_19_1_1' declared at '/home/dabadjiev/smartpixels_ml_dsabadjiev/Muon_Collider_Smart_Pixels/eric/Results_June2026_99SigEff/model2.5_fin_results/model2_5_8bit_normalised_selected/pareto_primary/hls_outputs_vsynth/hls_model_trial_043/myproject_prj/solution1/syn/vhdl/myproject_mul_11s_8s_19_1_1.vhd:7' bound to instance 'mul_11s_8s_19_1_1_U132' of component 'myproject_mul_11s_8s_19_1_1' [/home/dabadjiev/smartpixels_ml_dsabadjiev/Muon_Collider_Smart_Pixels/eric/Results_June2026_99SigEff/model2.5_fin_results/model2_5_8bit_normalised_selected/pareto_primary/hls_outputs_vsynth/hls_model_trial_043/myproject_prj/solution1/syn/vhdl/myproject_dense_resource_ap_fixed_16_6_5_3_0_ap_fixed_16_6_5_3_0_config14_s.vhd:5169]
	Parameter ID bound to: 1 - type: integer 
	Parameter NUM_STAGE bound to: 1 - type: integer 
	Parameter din0_WIDTH bound to: 11 - type: integer 
	Parameter din1_WIDTH bound to: 8 - type: integer 
	Parameter dout_WIDTH bound to: 19 - type: integer 
INFO: [Synth 8-3491] module 'myproject_mul_11s_8s_19_1_1' declared at '/home/dabadjiev/smartpixels_ml_dsabadjiev/Muon_Collider_Smart_Pixels/eric/Results_June2026_99SigEff/model2.5_fin_results/model2_5_8bit_normalised_selected/pareto_primary/hls_outputs_vsynth/hls_model_trial_043/myproject_prj/solution1/syn/vhdl/myproject_mul_11s_8s_19_1_1.vhd:7' bound to instance 'mul_11s_8s_19_1_1_U133' of component 'myproject_mul_11s_8s_19_1_1' [/home/dabadjiev/smartpixels_ml_dsabadjiev/Muon_Collider_Smart_Pixels/eric/Results_June2026_99SigEff/model2.5_fin_results/model2_5_8bit_normalised_selected/pareto_primary/hls_outputs_vsynth/hls_model_trial_043/myproject_prj/solution1/syn/vhdl/myproject_dense_resource_ap_fixed_16_6_5_3_0_ap_fixed_16_6_5_3_0_config14_s.vhd:5181]
	Parameter ID bound to: 1 - type: integer 
	Parameter NUM_STAGE bound to: 1 - type: integer 
	Parameter din0_WIDTH bound to: 11 - type: integer 
	Parameter din1_WIDTH bound to: 8 - type: integer 
	Parameter dout_WIDTH bound to: 19 - type: integer 
INFO: [Synth 8-3491] module 'myproject_mul_11s_8s_19_1_1' declared at '/home/dabadjiev/smartpixels_ml_dsabadjiev/Muon_Collider_Smart_Pixels/eric/Results_June2026_99SigEff/model2.5_fin_results/model2_5_8bit_normalised_selected/pareto_primary/hls_outputs_vsynth/hls_model_trial_043/myproject_prj/solution1/syn/vhdl/myproject_mul_11s_8s_19_1_1.vhd:7' bound to instance 'mul_11s_8s_19_1_1_U134' of component 'myproject_mul_11s_8s_19_1_1' [/home/dabadjiev/smartpixels_ml_dsabadjiev/Muon_Collider_Smart_Pixels/eric/Results_June2026_99SigEff/model2.5_fin_results/model2_5_8bit_normalised_selected/pareto_primary/hls_outputs_vsynth/hls_model_trial_043/myproject_prj/solution1/syn/vhdl/myproject_dense_resource_ap_fixed_16_6_5_3_0_ap_fixed_16_6_5_3_0_config14_s.vhd:5193]
	Parameter ID bound to: 1 - type: integer 
	Parameter NUM_STAGE bound to: 1 - type: integer 
	Parameter din0_WIDTH bound to: 11 - type: integer 
	Parameter din1_WIDTH bound to: 8 - type: integer 
	Parameter dout_WIDTH bound to: 19 - type: integer 
INFO: [Synth 8-3491] module 'myproject_mul_11s_8s_19_1_1' declared at '/home/dabadjiev/smartpixels_ml_dsabadjiev/Muon_Collider_Smart_Pixels/eric/Results_June2026_99SigEff/model2.5_fin_results/model2_5_8bit_normalised_selected/pareto_primary/hls_outputs_vsynth/hls_model_trial_043/myproject_prj/solution1/syn/vhdl/myproject_mul_11s_8s_19_1_1.vhd:7' bound to instance 'mul_11s_8s_19_1_1_U135' of component 'myproject_mul_11s_8s_19_1_1' [/home/dabadjiev/smartpixels_ml_dsabadjiev/Muon_Collider_Smart_Pixels/eric/Results_June2026_99SigEff/model2.5_fin_results/model2_5_8bit_normalised_selected/pareto_primary/hls_outputs_vsynth/hls_model_trial_043/myproject_prj/solution1/syn/vhdl/myproject_dense_resource_ap_fixed_16_6_5_3_0_ap_fixed_16_6_5_3_0_config14_s.vhd:5205]
	Parameter ID bound to: 1 - type: integer 
	Parameter NUM_STAGE bound to: 1 - type: integer 
	Parameter din0_WIDTH bound to: 11 - type: integer 
	Parameter din1_WIDTH bound to: 8 - type: integer 
	Parameter dout_WIDTH bound to: 19 - type: integer 
INFO: [Synth 8-3491] module 'myproject_mul_11s_8s_19_1_1' declared at '/home/dabadjiev/smartpixels_ml_dsabadjiev/Muon_Collider_Smart_Pixels/eric/Results_June2026_99SigEff/model2.5_fin_results/model2_5_8bit_normalised_selected/pareto_primary/hls_outputs_vsynth/hls_model_trial_043/myproject_prj/solution1/syn/vhdl/myproject_mul_11s_8s_19_1_1.vhd:7' bound to instance 'mul_11s_8s_19_1_1_U136' of component 'myproject_mul_11s_8s_19_1_1' [/home/dabadjiev/smartpixels_ml_dsabadjiev/Muon_Collider_Smart_Pixels/eric/Results_June2026_99SigEff/model2.5_fin_results/model2_5_8bit_normalised_selected/pareto_primary/hls_outputs_vsynth/hls_model_trial_043/myproject_prj/solution1/syn/vhdl/myproject_dense_resource_ap_fixed_16_6_5_3_0_ap_fixed_16_6_5_3_0_config14_s.vhd:5217]
	Parameter ID bound to: 1 - type: integer 
	Parameter NUM_STAGE bound to: 1 - type: integer 
	Parameter din0_WIDTH bound to: 11 - type: integer 
	Parameter din1_WIDTH bound to: 8 - type: integer 
	Parameter dout_WIDTH bound to: 19 - type: integer 
INFO: [Synth 8-3491] module 'myproject_mul_11s_8s_19_1_1' declared at '/home/dabadjiev/smartpixels_ml_dsabadjiev/Muon_Collider_Smart_Pixels/eric/Results_June2026_99SigEff/model2.5_fin_results/model2_5_8bit_normalised_selected/pareto_primary/hls_outputs_vsynth/hls_model_trial_043/myproject_prj/solution1/syn/vhdl/myproject_mul_11s_8s_19_1_1.vhd:7' bound to instance 'mul_11s_8s_19_1_1_U137' of component 'myproject_mul_11s_8s_19_1_1' [/home/dabadjiev/smartpixels_ml_dsabadjiev/Muon_Collider_Smart_Pixels/eric/Results_June2026_99SigEff/model2.5_fin_results/model2_5_8bit_normalised_selected/pareto_primary/hls_outputs_vsynth/hls_model_trial_043/myproject_prj/solution1/syn/vhdl/myproject_dense_resource_ap_fixed_16_6_5_3_0_ap_fixed_16_6_5_3_0_config14_s.vhd:5229]
	Parameter ID bound to: 1 - type: integer 
	Parameter NUM_STAGE bound to: 1 - type: integer 
	Parameter din0_WIDTH bound to: 11 - type: integer 
	Parameter din1_WIDTH bound to: 8 - type: integer 
	Parameter dout_WIDTH bound to: 19 - type: integer 
INFO: [Synth 8-3491] module 'myproject_mul_11s_8s_19_1_1' declared at '/home/dabadjiev/smartpixels_ml_dsabadjiev/Muon_Collider_Smart_Pixels/eric/Results_June2026_99SigEff/model2.5_fin_results/model2_5_8bit_normalised_selected/pareto_primary/hls_outputs_vsynth/hls_model_trial_043/myproject_prj/solution1/syn/vhdl/myproject_mul_11s_8s_19_1_1.vhd:7' bound to instance 'mul_11s_8s_19_1_1_U138' of component 'myproject_mul_11s_8s_19_1_1' [/home/dabadjiev/smartpixels_ml_dsabadjiev/Muon_Collider_Smart_Pixels/eric/Results_June2026_99SigEff/model2.5_fin_results/model2_5_8bit_normalised_selected/pareto_primary/hls_outputs_vsynth/hls_model_trial_043/myproject_prj/solution1/syn/vhdl/myproject_dense_resource_ap_fixed_16_6_5_3_0_ap_fixed_16_6_5_3_0_config14_s.vhd:5241]
	Parameter ID bound to: 1 - type: integer 
	Parameter NUM_STAGE bound to: 1 - type: integer 
	Parameter din0_WIDTH bound to: 11 - type: integer 
	Parameter din1_WIDTH bound to: 8 - type: integer 
	Parameter dout_WIDTH bound to: 19 - type: integer 
INFO: [Synth 8-3491] module 'myproject_mul_11s_8s_19_1_1' declared at '/home/dabadjiev/smartpixels_ml_dsabadjiev/Muon_Collider_Smart_Pixels/eric/Results_June2026_99SigEff/model2.5_fin_results/model2_5_8bit_normalised_selected/pareto_primary/hls_outputs_vsynth/hls_model_trial_043/myproject_prj/solution1/syn/vhdl/myproject_mul_11s_8s_19_1_1.vhd:7' bound to instance 'mul_11s_8s_19_1_1_U139' of component 'myproject_mul_11s_8s_19_1_1' [/home/dabadjiev/smartpixels_ml_dsabadjiev/Muon_Collider_Smart_Pixels/eric/Results_June2026_99SigEff/model2.5_fin_results/model2_5_8bit_normalised_selected/pareto_primary/hls_outputs_vsynth/hls_model_trial_043/myproject_prj/solution1/syn/vhdl/myproject_dense_resource_ap_fixed_16_6_5_3_0_ap_fixed_16_6_5_3_0_config14_s.vhd:5253]
	Parameter ID bound to: 1 - type: integer 
	Parameter NUM_STAGE bound to: 1 - type: integer 
	Parameter din0_WIDTH bound to: 11 - type: integer 
	Parameter din1_WIDTH bound to: 8 - type: integer 
	Parameter dout_WIDTH bound to: 19 - type: integer 
INFO: [Synth 8-3491] module 'myproject_mul_11s_8s_19_1_1' declared at '/home/dabadjiev/smartpixels_ml_dsabadjiev/Muon_Collider_Smart_Pixels/eric/Results_June2026_99SigEff/model2.5_fin_results/model2_5_8bit_normalised_selected/pareto_primary/hls_outputs_vsynth/hls_model_trial_043/myproject_prj/solution1/syn/vhdl/myproject_mul_11s_8s_19_1_1.vhd:7' bound to instance 'mul_11s_8s_19_1_1_U140' of component 'myproject_mul_11s_8s_19_1_1' [/home/dabadjiev/smartpixels_ml_dsabadjiev/Muon_Collider_Smart_Pixels/eric/Results_June2026_99SigEff/model2.5_fin_results/model2_5_8bit_normalised_selected/pareto_primary/hls_outputs_vsynth/hls_model_trial_043/myproject_prj/solution1/syn/vhdl/myproject_dense_resource_ap_fixed_16_6_5_3_0_ap_fixed_16_6_5_3_0_config14_s.vhd:5265]
	Parameter ID bound to: 1 - type: integer 
	Parameter NUM_STAGE bound to: 1 - type: integer 
	Parameter din0_WIDTH bound to: 11 - type: integer 
	Parameter din1_WIDTH bound to: 8 - type: integer 
	Parameter dout_WIDTH bound to: 19 - type: integer 
INFO: [Synth 8-3491] module 'myproject_mul_11s_8s_19_1_1' declared at '/home/dabadjiev/smartpixels_ml_dsabadjiev/Muon_Collider_Smart_Pixels/eric/Results_June2026_99SigEff/model2.5_fin_results/model2_5_8bit_normalised_selected/pareto_primary/hls_outputs_vsynth/hls_model_trial_043/myproject_prj/solution1/syn/vhdl/myproject_mul_11s_8s_19_1_1.vhd:7' bound to instance 'mul_11s_8s_19_1_1_U141' of component 'myproject_mul_11s_8s_19_1_1' [/home/dabadjiev/smartpixels_ml_dsabadjiev/Muon_Collider_Smart_Pixels/eric/Results_June2026_99SigEff/model2.5_fin_results/model2_5_8bit_normalised_selected/pareto_primary/hls_outputs_vsynth/hls_model_trial_043/myproject_prj/solution1/syn/vhdl/myproject_dense_resource_ap_fixed_16_6_5_3_0_ap_fixed_16_6_5_3_0_config14_s.vhd:5277]
	Parameter ID bound to: 1 - type: integer 
	Parameter NUM_STAGE bound to: 1 - type: integer 
	Parameter din0_WIDTH bound to: 11 - type: integer 
	Parameter din1_WIDTH bound to: 8 - type: integer 
	Parameter dout_WIDTH bound to: 19 - type: integer 
INFO: [Synth 8-3491] module 'myproject_mul_11s_8s_19_1_1' declared at '/home/dabadjiev/smartpixels_ml_dsabadjiev/Muon_Collider_Smart_Pixels/eric/Results_June2026_99SigEff/model2.5_fin_results/model2_5_8bit_normalised_selected/pareto_primary/hls_outputs_vsynth/hls_model_trial_043/myproject_prj/solution1/syn/vhdl/myproject_mul_11s_8s_19_1_1.vhd:7' bound to instance 'mul_11s_8s_19_1_1_U142' of component 'myproject_mul_11s_8s_19_1_1' [/home/dabadjiev/smartpixels_ml_dsabadjiev/Muon_Collider_Smart_Pixels/eric/Results_June2026_99SigEff/model2.5_fin_results/model2_5_8bit_normalised_selected/pareto_primary/hls_outputs_vsynth/hls_model_trial_043/myproject_prj/solution1/syn/vhdl/myproject_dense_resource_ap_fixed_16_6_5_3_0_ap_fixed_16_6_5_3_0_config14_s.vhd:5289]
	Parameter ID bound to: 1 - type: integer 
	Parameter NUM_STAGE bound to: 1 - type: integer 
	Parameter din0_WIDTH bound to: 11 - type: integer 
	Parameter din1_WIDTH bound to: 8 - type: integer 
	Parameter dout_WIDTH bound to: 19 - type: integer 
INFO: [Synth 8-3491] module 'myproject_mul_11s_8s_19_1_1' declared at '/home/dabadjiev/smartpixels_ml_dsabadjiev/Muon_Collider_Smart_Pixels/eric/Results_June2026_99SigEff/model2.5_fin_results/model2_5_8bit_normalised_selected/pareto_primary/hls_outputs_vsynth/hls_model_trial_043/myproject_prj/solution1/syn/vhdl/myproject_mul_11s_8s_19_1_1.vhd:7' bound to instance 'mul_11s_8s_19_1_1_U143' of component 'myproject_mul_11s_8s_19_1_1' [/home/dabadjiev/smartpixels_ml_dsabadjiev/Muon_Collider_Smart_Pixels/eric/Results_June2026_99SigEff/model2.5_fin_results/model2_5_8bit_normalised_selected/pareto_primary/hls_outputs_vsynth/hls_model_trial_043/myproject_prj/solution1/syn/vhdl/myproject_dense_resource_ap_fixed_16_6_5_3_0_ap_fixed_16_6_5_3_0_config14_s.vhd:5301]
	Parameter ID bound to: 1 - type: integer 
	Parameter NUM_STAGE bound to: 1 - type: integer 
	Parameter din0_WIDTH bound to: 11 - type: integer 
	Parameter din1_WIDTH bound to: 8 - type: integer 
	Parameter dout_WIDTH bound to: 19 - type: integer 
INFO: [Synth 8-3491] module 'myproject_mul_11s_8s_19_1_1' declared at '/home/dabadjiev/smartpixels_ml_dsabadjiev/Muon_Collider_Smart_Pixels/eric/Results_June2026_99SigEff/model2.5_fin_results/model2_5_8bit_normalised_selected/pareto_primary/hls_outputs_vsynth/hls_model_trial_043/myproject_prj/solution1/syn/vhdl/myproject_mul_11s_8s_19_1_1.vhd:7' bound to instance 'mul_11s_8s_19_1_1_U144' of component 'myproject_mul_11s_8s_19_1_1' [/home/dabadjiev/smartpixels_ml_dsabadjiev/Muon_Collider_Smart_Pixels/eric/Results_June2026_99SigEff/model2.5_fin_results/model2_5_8bit_normalised_selected/pareto_primary/hls_outputs_vsynth/hls_model_trial_043/myproject_prj/solution1/syn/vhdl/myproject_dense_resource_ap_fixed_16_6_5_3_0_ap_fixed_16_6_5_3_0_config14_s.vhd:5313]
	Parameter ID bound to: 1 - type: integer 
	Parameter NUM_STAGE bound to: 1 - type: integer 
	Parameter din0_WIDTH bound to: 11 - type: integer 
	Parameter din1_WIDTH bound to: 8 - type: integer 
	Parameter dout_WIDTH bound to: 19 - type: integer 
INFO: [Synth 8-3491] module 'myproject_mul_11s_8s_19_1_1' declared at '/home/dabadjiev/smartpixels_ml_dsabadjiev/Muon_Collider_Smart_Pixels/eric/Results_June2026_99SigEff/model2.5_fin_results/model2_5_8bit_normalised_selected/pareto_primary/hls_outputs_vsynth/hls_model_trial_043/myproject_prj/solution1/syn/vhdl/myproject_mul_11s_8s_19_1_1.vhd:7' bound to instance 'mul_11s_8s_19_1_1_U145' of component 'myproject_mul_11s_8s_19_1_1' [/home/dabadjiev/smartpixels_ml_dsabadjiev/Muon_Collider_Smart_Pixels/eric/Results_June2026_99SigEff/model2.5_fin_results/model2_5_8bit_normalised_selected/pareto_primary/hls_outputs_vsynth/hls_model_trial_043/myproject_prj/solution1/syn/vhdl/myproject_dense_resource_ap_fixed_16_6_5_3_0_ap_fixed_16_6_5_3_0_config14_s.vhd:5325]
	Parameter ID bound to: 1 - type: integer 
	Parameter NUM_STAGE bound to: 1 - type: integer 
	Parameter din0_WIDTH bound to: 11 - type: integer 
	Parameter din1_WIDTH bound to: 8 - type: integer 
	Parameter dout_WIDTH bound to: 19 - type: integer 
INFO: [Synth 8-3491] module 'myproject_mul_11s_8s_19_1_1' declared at '/home/dabadjiev/smartpixels_ml_dsabadjiev/Muon_Collider_Smart_Pixels/eric/Results_June2026_99SigEff/model2.5_fin_results/model2_5_8bit_normalised_selected/pareto_primary/hls_outputs_vsynth/hls_model_trial_043/myproject_prj/solution1/syn/vhdl/myproject_mul_11s_8s_19_1_1.vhd:7' bound to instance 'mul_11s_8s_19_1_1_U146' of component 'myproject_mul_11s_8s_19_1_1' [/home/dabadjiev/smartpixels_ml_dsabadjiev/Muon_Collider_Smart_Pixels/eric/Results_June2026_99SigEff/model2.5_fin_results/model2_5_8bit_normalised_selected/pareto_primary/hls_outputs_vsynth/hls_model_trial_043/myproject_prj/solution1/syn/vhdl/myproject_dense_resource_ap_fixed_16_6_5_3_0_ap_fixed_16_6_5_3_0_config14_s.vhd:5337]
	Parameter ID bound to: 1 - type: integer 
	Parameter NUM_STAGE bound to: 1 - type: integer 
	Parameter din0_WIDTH bound to: 11 - type: integer 
	Parameter din1_WIDTH bound to: 8 - type: integer 
	Parameter dout_WIDTH bound to: 19 - type: integer 
INFO: [Synth 8-3491] module 'myproject_mul_11s_8s_19_1_1' declared at '/home/dabadjiev/smartpixels_ml_dsabadjiev/Muon_Collider_Smart_Pixels/eric/Results_June2026_99SigEff/model2.5_fin_results/model2_5_8bit_normalised_selected/pareto_primary/hls_outputs_vsynth/hls_model_trial_043/myproject_prj/solution1/syn/vhdl/myproject_mul_11s_8s_19_1_1.vhd:7' bound to instance 'mul_11s_8s_19_1_1_U147' of component 'myproject_mul_11s_8s_19_1_1' [/home/dabadjiev/smartpixels_ml_dsabadjiev/Muon_Collider_Smart_Pixels/eric/Results_June2026_99SigEff/model2.5_fin_results/model2_5_8bit_normalised_selected/pareto_primary/hls_outputs_vsynth/hls_model_trial_043/myproject_prj/solution1/syn/vhdl/myproject_dense_resource_ap_fixed_16_6_5_3_0_ap_fixed_16_6_5_3_0_config14_s.vhd:5349]
	Parameter ID bound to: 1 - type: integer 
	Parameter NUM_STAGE bound to: 1 - type: integer 
	Parameter din0_WIDTH bound to: 11 - type: integer 
	Parameter din1_WIDTH bound to: 8 - type: integer 
	Parameter dout_WIDTH bound to: 19 - type: integer 
INFO: [Synth 8-3491] module 'myproject_mul_11s_8s_19_1_1' declared at '/home/dabadjiev/smartpixels_ml_dsabadjiev/Muon_Collider_Smart_Pixels/eric/Results_June2026_99SigEff/model2.5_fin_results/model2_5_8bit_normalised_selected/pareto_primary/hls_outputs_vsynth/hls_model_trial_043/myproject_prj/solution1/syn/vhdl/myproject_mul_11s_8s_19_1_1.vhd:7' bound to instance 'mul_11s_8s_19_1_1_U148' of component 'myproject_mul_11s_8s_19_1_1' [/home/dabadjiev/smartpixels_ml_dsabadjiev/Muon_Collider_Smart_Pixels/eric/Results_June2026_99SigEff/model2.5_fin_results/model2_5_8bit_normalised_selected/pareto_primary/hls_outputs_vsynth/hls_model_trial_043/myproject_prj/solution1/syn/vhdl/myproject_dense_resource_ap_fixed_16_6_5_3_0_ap_fixed_16_6_5_3_0_config14_s.vhd:5361]
	Parameter ID bound to: 1 - type: integer 
	Parameter NUM_STAGE bound to: 1 - type: integer 
	Parameter din0_WIDTH bound to: 11 - type: integer 
	Parameter din1_WIDTH bound to: 8 - type: integer 
	Parameter dout_WIDTH bound to: 19 - type: integer 
INFO: [Synth 8-3491] module 'myproject_mul_11s_8s_19_1_1' declared at '/home/dabadjiev/smartpixels_ml_dsabadjiev/Muon_Collider_Smart_Pixels/eric/Results_June2026_99SigEff/model2.5_fin_results/model2_5_8bit_normalised_selected/pareto_primary/hls_outputs_vsynth/hls_model_trial_043/myproject_prj/solution1/syn/vhdl/myproject_mul_11s_8s_19_1_1.vhd:7' bound to instance 'mul_11s_8s_19_1_1_U149' of component 'myproject_mul_11s_8s_19_1_1' [/home/dabadjiev/smartpixels_ml_dsabadjiev/Muon_Collider_Smart_Pixels/eric/Results_June2026_99SigEff/model2.5_fin_results/model2_5_8bit_normalised_selected/pareto_primary/hls_outputs_vsynth/hls_model_trial_043/myproject_prj/solution1/syn/vhdl/myproject_dense_resource_ap_fixed_16_6_5_3_0_ap_fixed_16_6_5_3_0_config14_s.vhd:5373]
	Parameter ID bound to: 1 - type: integer 
	Parameter NUM_STAGE bound to: 1 - type: integer 
	Parameter din0_WIDTH bound to: 11 - type: integer 
	Parameter din1_WIDTH bound to: 8 - type: integer 
	Parameter dout_WIDTH bound to: 19 - type: integer 
INFO: [Synth 8-3491] module 'myproject_mul_11s_8s_19_1_1' declared at '/home/dabadjiev/smartpixels_ml_dsabadjiev/Muon_Collider_Smart_Pixels/eric/Results_June2026_99SigEff/model2.5_fin_results/model2_5_8bit_normalised_selected/pareto_primary/hls_outputs_vsynth/hls_model_trial_043/myproject_prj/solution1/syn/vhdl/myproject_mul_11s_8s_19_1_1.vhd:7' bound to instance 'mul_11s_8s_19_1_1_U150' of component 'myproject_mul_11s_8s_19_1_1' [/home/dabadjiev/smartpixels_ml_dsabadjiev/Muon_Collider_Smart_Pixels/eric/Results_June2026_99SigEff/model2.5_fin_results/model2_5_8bit_normalised_selected/pareto_primary/hls_outputs_vsynth/hls_model_trial_043/myproject_prj/solution1/syn/vhdl/myproject_dense_resource_ap_fixed_16_6_5_3_0_ap_fixed_16_6_5_3_0_config14_s.vhd:5385]
	Parameter ID bound to: 1 - type: integer 
	Parameter NUM_STAGE bound to: 1 - type: integer 
	Parameter din0_WIDTH bound to: 11 - type: integer 
	Parameter din1_WIDTH bound to: 8 - type: integer 
	Parameter dout_WIDTH bound to: 19 - type: integer 
INFO: [Synth 8-3491] module 'myproject_mul_11s_8s_19_1_1' declared at '/home/dabadjiev/smartpixels_ml_dsabadjiev/Muon_Collider_Smart_Pixels/eric/Results_June2026_99SigEff/model2.5_fin_results/model2_5_8bit_normalised_selected/pareto_primary/hls_outputs_vsynth/hls_model_trial_043/myproject_prj/solution1/syn/vhdl/myproject_mul_11s_8s_19_1_1.vhd:7' bound to instance 'mul_11s_8s_19_1_1_U151' of component 'myproject_mul_11s_8s_19_1_1' [/home/dabadjiev/smartpixels_ml_dsabadjiev/Muon_Collider_Smart_Pixels/eric/Results_June2026_99SigEff/model2.5_fin_results/model2_5_8bit_normalised_selected/pareto_primary/hls_outputs_vsynth/hls_model_trial_043/myproject_prj/solution1/syn/vhdl/myproject_dense_resource_ap_fixed_16_6_5_3_0_ap_fixed_16_6_5_3_0_config14_s.vhd:5397]
	Parameter ID bound to: 1 - type: integer 
	Parameter NUM_STAGE bound to: 1 - type: integer 
	Parameter din0_WIDTH bound to: 11 - type: integer 
	Parameter din1_WIDTH bound to: 8 - type: integer 
	Parameter dout_WIDTH bound to: 19 - type: integer 
INFO: [Synth 8-3491] module 'myproject_mul_11s_8s_19_1_1' declared at '/home/dabadjiev/smartpixels_ml_dsabadjiev/Muon_Collider_Smart_Pixels/eric/Results_June2026_99SigEff/model2.5_fin_results/model2_5_8bit_normalised_selected/pareto_primary/hls_outputs_vsynth/hls_model_trial_043/myproject_prj/solution1/syn/vhdl/myproject_mul_11s_8s_19_1_1.vhd:7' bound to instance 'mul_11s_8s_19_1_1_U152' of component 'myproject_mul_11s_8s_19_1_1' [/home/dabadjiev/smartpixels_ml_dsabadjiev/Muon_Collider_Smart_Pixels/eric/Results_June2026_99SigEff/model2.5_fin_results/model2_5_8bit_normalised_selected/pareto_primary/hls_outputs_vsynth/hls_model_trial_043/myproject_prj/solution1/syn/vhdl/myproject_dense_resource_ap_fixed_16_6_5_3_0_ap_fixed_16_6_5_3_0_config14_s.vhd:5409]
	Parameter ID bound to: 1 - type: integer 
	Parameter NUM_STAGE bound to: 1 - type: integer 
	Parameter din0_WIDTH bound to: 11 - type: integer 
	Parameter din1_WIDTH bound to: 8 - type: integer 
	Parameter dout_WIDTH bound to: 19 - type: integer 
INFO: [Synth 8-3491] module 'myproject_mul_11s_8s_19_1_1' declared at '/home/dabadjiev/smartpixels_ml_dsabadjiev/Muon_Collider_Smart_Pixels/eric/Results_June2026_99SigEff/model2.5_fin_results/model2_5_8bit_normalised_selected/pareto_primary/hls_outputs_vsynth/hls_model_trial_043/myproject_prj/solution1/syn/vhdl/myproject_mul_11s_8s_19_1_1.vhd:7' bound to instance 'mul_11s_8s_19_1_1_U153' of component 'myproject_mul_11s_8s_19_1_1' [/home/dabadjiev/smartpixels_ml_dsabadjiev/Muon_Collider_Smart_Pixels/eric/Results_June2026_99SigEff/model2.5_fin_results/model2_5_8bit_normalised_selected/pareto_primary/hls_outputs_vsynth/hls_model_trial_043/myproject_prj/solution1/syn/vhdl/myproject_dense_resource_ap_fixed_16_6_5_3_0_ap_fixed_16_6_5_3_0_config14_s.vhd:5421]
	Parameter ID bound to: 1 - type: integer 
	Parameter NUM_STAGE bound to: 1 - type: integer 
	Parameter din0_WIDTH bound to: 11 - type: integer 
	Parameter din1_WIDTH bound to: 8 - type: integer 
	Parameter dout_WIDTH bound to: 19 - type: integer 
INFO: [Synth 8-3491] module 'myproject_mul_11s_8s_19_1_1' declared at '/home/dabadjiev/smartpixels_ml_dsabadjiev/Muon_Collider_Smart_Pixels/eric/Results_June2026_99SigEff/model2.5_fin_results/model2_5_8bit_normalised_selected/pareto_primary/hls_outputs_vsynth/hls_model_trial_043/myproject_prj/solution1/syn/vhdl/myproject_mul_11s_8s_19_1_1.vhd:7' bound to instance 'mul_11s_8s_19_1_1_U154' of component 'myproject_mul_11s_8s_19_1_1' [/home/dabadjiev/smartpixels_ml_dsabadjiev/Muon_Collider_Smart_Pixels/eric/Results_June2026_99SigEff/model2.5_fin_results/model2_5_8bit_normalised_selected/pareto_primary/hls_outputs_vsynth/hls_model_trial_043/myproject_prj/solution1/syn/vhdl/myproject_dense_resource_ap_fixed_16_6_5_3_0_ap_fixed_16_6_5_3_0_config14_s.vhd:5433]
	Parameter ID bound to: 1 - type: integer 
	Parameter NUM_STAGE bound to: 1 - type: integer 
	Parameter din0_WIDTH bound to: 11 - type: integer 
	Parameter din1_WIDTH bound to: 8 - type: integer 
	Parameter dout_WIDTH bound to: 19 - type: integer 
INFO: [Synth 8-3491] module 'myproject_mul_11s_8s_19_1_1' declared at '/home/dabadjiev/smartpixels_ml_dsabadjiev/Muon_Collider_Smart_Pixels/eric/Results_June2026_99SigEff/model2.5_fin_results/model2_5_8bit_normalised_selected/pareto_primary/hls_outputs_vsynth/hls_model_trial_043/myproject_prj/solution1/syn/vhdl/myproject_mul_11s_8s_19_1_1.vhd:7' bound to instance 'mul_11s_8s_19_1_1_U155' of component 'myproject_mul_11s_8s_19_1_1' [/home/dabadjiev/smartpixels_ml_dsabadjiev/Muon_Collider_Smart_Pixels/eric/Results_June2026_99SigEff/model2.5_fin_results/model2_5_8bit_normalised_selected/pareto_primary/hls_outputs_vsynth/hls_model_trial_043/myproject_prj/solution1/syn/vhdl/myproject_dense_resource_ap_fixed_16_6_5_3_0_ap_fixed_16_6_5_3_0_config14_s.vhd:5445]
	Parameter ID bound to: 1 - type: integer 
	Parameter NUM_STAGE bound to: 1 - type: integer 
	Parameter din0_WIDTH bound to: 11 - type: integer 
	Parameter din1_WIDTH bound to: 8 - type: integer 
	Parameter dout_WIDTH bound to: 19 - type: integer 
INFO: [Synth 8-3491] module 'myproject_mul_11s_8s_19_1_1' declared at '/home/dabadjiev/smartpixels_ml_dsabadjiev/Muon_Collider_Smart_Pixels/eric/Results_June2026_99SigEff/model2.5_fin_results/model2_5_8bit_normalised_selected/pareto_primary/hls_outputs_vsynth/hls_model_trial_043/myproject_prj/solution1/syn/vhdl/myproject_mul_11s_8s_19_1_1.vhd:7' bound to instance 'mul_11s_8s_19_1_1_U156' of component 'myproject_mul_11s_8s_19_1_1' [/home/dabadjiev/smartpixels_ml_dsabadjiev/Muon_Collider_Smart_Pixels/eric/Results_June2026_99SigEff/model2.5_fin_results/model2_5_8bit_normalised_selected/pareto_primary/hls_outputs_vsynth/hls_model_trial_043/myproject_prj/solution1/syn/vhdl/myproject_dense_resource_ap_fixed_16_6_5_3_0_ap_fixed_16_6_5_3_0_config14_s.vhd:5457]
	Parameter ID bound to: 1 - type: integer 
	Parameter NUM_STAGE bound to: 1 - type: integer 
	Parameter din0_WIDTH bound to: 11 - type: integer 
	Parameter din1_WIDTH bound to: 8 - type: integer 
	Parameter dout_WIDTH bound to: 19 - type: integer 
INFO: [Synth 8-3491] module 'myproject_mul_11s_8s_19_1_1' declared at '/home/dabadjiev/smartpixels_ml_dsabadjiev/Muon_Collider_Smart_Pixels/eric/Results_June2026_99SigEff/model2.5_fin_results/model2_5_8bit_normalised_selected/pareto_primary/hls_outputs_vsynth/hls_model_trial_043/myproject_prj/solution1/syn/vhdl/myproject_mul_11s_8s_19_1_1.vhd:7' bound to instance 'mul_11s_8s_19_1_1_U157' of component 'myproject_mul_11s_8s_19_1_1' [/home/dabadjiev/smartpixels_ml_dsabadjiev/Muon_Collider_Smart_Pixels/eric/Results_June2026_99SigEff/model2.5_fin_results/model2_5_8bit_normalised_selected/pareto_primary/hls_outputs_vsynth/hls_model_trial_043/myproject_prj/solution1/syn/vhdl/myproject_dense_resource_ap_fixed_16_6_5_3_0_ap_fixed_16_6_5_3_0_config14_s.vhd:5469]
	Parameter ID bound to: 1 - type: integer 
	Parameter NUM_STAGE bound to: 1 - type: integer 
	Parameter din0_WIDTH bound to: 11 - type: integer 
	Parameter din1_WIDTH bound to: 8 - type: integer 
	Parameter dout_WIDTH bound to: 19 - type: integer 
INFO: [Synth 8-3491] module 'myproject_mul_11s_8s_19_1_1' declared at '/home/dabadjiev/smartpixels_ml_dsabadjiev/Muon_Collider_Smart_Pixels/eric/Results_June2026_99SigEff/model2.5_fin_results/model2_5_8bit_normalised_selected/pareto_primary/hls_outputs_vsynth/hls_model_trial_043/myproject_prj/solution1/syn/vhdl/myproject_mul_11s_8s_19_1_1.vhd:7' bound to instance 'mul_11s_8s_19_1_1_U158' of component 'myproject_mul_11s_8s_19_1_1' [/home/dabadjiev/smartpixels_ml_dsabadjiev/Muon_Collider_Smart_Pixels/eric/Results_June2026_99SigEff/model2.5_fin_results/model2_5_8bit_normalised_selected/pareto_primary/hls_outputs_vsynth/hls_model_trial_043/myproject_prj/solution1/syn/vhdl/myproject_dense_resource_ap_fixed_16_6_5_3_0_ap_fixed_16_6_5_3_0_config14_s.vhd:5481]
	Parameter ID bound to: 1 - type: integer 
	Parameter NUM_STAGE bound to: 1 - type: integer 
	Parameter din0_WIDTH bound to: 11 - type: integer 
	Parameter din1_WIDTH bound to: 8 - type: integer 
	Parameter dout_WIDTH bound to: 19 - type: integer 
INFO: [Synth 8-3491] module 'myproject_mul_11s_8s_19_1_1' declared at '/home/dabadjiev/smartpixels_ml_dsabadjiev/Muon_Collider_Smart_Pixels/eric/Results_June2026_99SigEff/model2.5_fin_results/model2_5_8bit_normalised_selected/pareto_primary/hls_outputs_vsynth/hls_model_trial_043/myproject_prj/solution1/syn/vhdl/myproject_mul_11s_8s_19_1_1.vhd:7' bound to instance 'mul_11s_8s_19_1_1_U159' of component 'myproject_mul_11s_8s_19_1_1' [/home/dabadjiev/smartpixels_ml_dsabadjiev/Muon_Collider_Smart_Pixels/eric/Results_June2026_99SigEff/model2.5_fin_results/model2_5_8bit_normalised_selected/pareto_primary/hls_outputs_vsynth/hls_model_trial_043/myproject_prj/solution1/syn/vhdl/myproject_dense_resource_ap_fixed_16_6_5_3_0_ap_fixed_16_6_5_3_0_config14_s.vhd:5493]
	Parameter ID bound to: 1 - type: integer 
	Parameter NUM_STAGE bound to: 1 - type: integer 
	Parameter din0_WIDTH bound to: 11 - type: integer 
	Parameter din1_WIDTH bound to: 8 - type: integer 
	Parameter dout_WIDTH bound to: 19 - type: integer 
INFO: [Synth 8-3491] module 'myproject_mul_11s_8s_19_1_1' declared at '/home/dabadjiev/smartpixels_ml_dsabadjiev/Muon_Collider_Smart_Pixels/eric/Results_June2026_99SigEff/model2.5_fin_results/model2_5_8bit_normalised_selected/pareto_primary/hls_outputs_vsynth/hls_model_trial_043/myproject_prj/solution1/syn/vhdl/myproject_mul_11s_8s_19_1_1.vhd:7' bound to instance 'mul_11s_8s_19_1_1_U160' of component 'myproject_mul_11s_8s_19_1_1' [/home/dabadjiev/smartpixels_ml_dsabadjiev/Muon_Collider_Smart_Pixels/eric/Results_June2026_99SigEff/model2.5_fin_results/model2_5_8bit_normalised_selected/pareto_primary/hls_outputs_vsynth/hls_model_trial_043/myproject_prj/solution1/syn/vhdl/myproject_dense_resource_ap_fixed_16_6_5_3_0_ap_fixed_16_6_5_3_0_config14_s.vhd:5505]
	Parameter ID bound to: 1 - type: integer 
	Parameter NUM_STAGE bound to: 1 - type: integer 
	Parameter din0_WIDTH bound to: 11 - type: integer 
	Parameter din1_WIDTH bound to: 8 - type: integer 
	Parameter dout_WIDTH bound to: 19 - type: integer 
INFO: [Synth 8-3491] module 'myproject_mul_11s_8s_19_1_1' declared at '/home/dabadjiev/smartpixels_ml_dsabadjiev/Muon_Collider_Smart_Pixels/eric/Results_June2026_99SigEff/model2.5_fin_results/model2_5_8bit_normalised_selected/pareto_primary/hls_outputs_vsynth/hls_model_trial_043/myproject_prj/solution1/syn/vhdl/myproject_mul_11s_8s_19_1_1.vhd:7' bound to instance 'mul_11s_8s_19_1_1_U161' of component 'myproject_mul_11s_8s_19_1_1' [/home/dabadjiev/smartpixels_ml_dsabadjiev/Muon_Collider_Smart_Pixels/eric/Results_June2026_99SigEff/model2.5_fin_results/model2_5_8bit_normalised_selected/pareto_primary/hls_outputs_vsynth/hls_model_trial_043/myproject_prj/solution1/syn/vhdl/myproject_dense_resource_ap_fixed_16_6_5_3_0_ap_fixed_16_6_5_3_0_config14_s.vhd:5517]
	Parameter ID bound to: 1 - type: integer 
	Parameter NUM_STAGE bound to: 1 - type: integer 
	Parameter din0_WIDTH bound to: 11 - type: integer 
	Parameter din1_WIDTH bound to: 8 - type: integer 
	Parameter dout_WIDTH bound to: 19 - type: integer 
INFO: [Synth 8-3491] module 'myproject_mul_11s_8s_19_1_1' declared at '/home/dabadjiev/smartpixels_ml_dsabadjiev/Muon_Collider_Smart_Pixels/eric/Results_June2026_99SigEff/model2.5_fin_results/model2_5_8bit_normalised_selected/pareto_primary/hls_outputs_vsynth/hls_model_trial_043/myproject_prj/solution1/syn/vhdl/myproject_mul_11s_8s_19_1_1.vhd:7' bound to instance 'mul_11s_8s_19_1_1_U162' of component 'myproject_mul_11s_8s_19_1_1' [/home/dabadjiev/smartpixels_ml_dsabadjiev/Muon_Collider_Smart_Pixels/eric/Results_June2026_99SigEff/model2.5_fin_results/model2_5_8bit_normalised_selected/pareto_primary/hls_outputs_vsynth/hls_model_trial_043/myproject_prj/solution1/syn/vhdl/myproject_dense_resource_ap_fixed_16_6_5_3_0_ap_fixed_16_6_5_3_0_config14_s.vhd:5529]
	Parameter ID bound to: 1 - type: integer 
	Parameter NUM_STAGE bound to: 1 - type: integer 
	Parameter din0_WIDTH bound to: 11 - type: integer 
	Parameter din1_WIDTH bound to: 8 - type: integer 
	Parameter dout_WIDTH bound to: 19 - type: integer 
INFO: [Synth 8-3491] module 'myproject_mul_11s_8s_19_1_1' declared at '/home/dabadjiev/smartpixels_ml_dsabadjiev/Muon_Collider_Smart_Pixels/eric/Results_June2026_99SigEff/model2.5_fin_results/model2_5_8bit_normalised_selected/pareto_primary/hls_outputs_vsynth/hls_model_trial_043/myproject_prj/solution1/syn/vhdl/myproject_mul_11s_8s_19_1_1.vhd:7' bound to instance 'mul_11s_8s_19_1_1_U163' of component 'myproject_mul_11s_8s_19_1_1' [/home/dabadjiev/smartpixels_ml_dsabadjiev/Muon_Collider_Smart_Pixels/eric/Results_June2026_99SigEff/model2.5_fin_results/model2_5_8bit_normalised_selected/pareto_primary/hls_outputs_vsynth/hls_model_trial_043/myproject_prj/solution1/syn/vhdl/myproject_dense_resource_ap_fixed_16_6_5_3_0_ap_fixed_16_6_5_3_0_config14_s.vhd:5541]
	Parameter ID bound to: 1 - type: integer 
	Parameter NUM_STAGE bound to: 1 - type: integer 
	Parameter din0_WIDTH bound to: 11 - type: integer 
	Parameter din1_WIDTH bound to: 8 - type: integer 
	Parameter dout_WIDTH bound to: 19 - type: integer 
INFO: [Synth 8-3491] module 'myproject_mul_11s_8s_19_1_1' declared at '/home/dabadjiev/smartpixels_ml_dsabadjiev/Muon_Collider_Smart_Pixels/eric/Results_June2026_99SigEff/model2.5_fin_results/model2_5_8bit_normalised_selected/pareto_primary/hls_outputs_vsynth/hls_model_trial_043/myproject_prj/solution1/syn/vhdl/myproject_mul_11s_8s_19_1_1.vhd:7' bound to instance 'mul_11s_8s_19_1_1_U164' of component 'myproject_mul_11s_8s_19_1_1' [/home/dabadjiev/smartpixels_ml_dsabadjiev/Muon_Collider_Smart_Pixels/eric/Results_June2026_99SigEff/model2.5_fin_results/model2_5_8bit_normalised_selected/pareto_primary/hls_outputs_vsynth/hls_model_trial_043/myproject_prj/solution1/syn/vhdl/myproject_dense_resource_ap_fixed_16_6_5_3_0_ap_fixed_16_6_5_3_0_config14_s.vhd:5553]
	Parameter ID bound to: 1 - type: integer 
	Parameter NUM_STAGE bound to: 1 - type: integer 
	Parameter din0_WIDTH bound to: 11 - type: integer 
	Parameter din1_WIDTH bound to: 8 - type: integer 
	Parameter dout_WIDTH bound to: 19 - type: integer 
INFO: [Synth 8-3491] module 'myproject_mul_11s_8s_19_1_1' declared at '/home/dabadjiev/smartpixels_ml_dsabadjiev/Muon_Collider_Smart_Pixels/eric/Results_June2026_99SigEff/model2.5_fin_results/model2_5_8bit_normalised_selected/pareto_primary/hls_outputs_vsynth/hls_model_trial_043/myproject_prj/solution1/syn/vhdl/myproject_mul_11s_8s_19_1_1.vhd:7' bound to instance 'mul_11s_8s_19_1_1_U165' of component 'myproject_mul_11s_8s_19_1_1' [/home/dabadjiev/smartpixels_ml_dsabadjiev/Muon_Collider_Smart_Pixels/eric/Results_June2026_99SigEff/model2.5_fin_results/model2_5_8bit_normalised_selected/pareto_primary/hls_outputs_vsynth/hls_model_trial_043/myproject_prj/solution1/syn/vhdl/myproject_dense_resource_ap_fixed_16_6_5_3_0_ap_fixed_16_6_5_3_0_config14_s.vhd:5565]
	Parameter ID bound to: 1 - type: integer 
	Parameter NUM_STAGE bound to: 1 - type: integer 
	Parameter din0_WIDTH bound to: 11 - type: integer 
	Parameter din1_WIDTH bound to: 8 - type: integer 
	Parameter dout_WIDTH bound to: 19 - type: integer 
INFO: [Synth 8-3491] module 'myproject_mul_11s_8s_19_1_1' declared at '/home/dabadjiev/smartpixels_ml_dsabadjiev/Muon_Collider_Smart_Pixels/eric/Results_June2026_99SigEff/model2.5_fin_results/model2_5_8bit_normalised_selected/pareto_primary/hls_outputs_vsynth/hls_model_trial_043/myproject_prj/solution1/syn/vhdl/myproject_mul_11s_8s_19_1_1.vhd:7' bound to instance 'mul_11s_8s_19_1_1_U166' of component 'myproject_mul_11s_8s_19_1_1' [/home/dabadjiev/smartpixels_ml_dsabadjiev/Muon_Collider_Smart_Pixels/eric/Results_June2026_99SigEff/model2.5_fin_results/model2_5_8bit_normalised_selected/pareto_primary/hls_outputs_vsynth/hls_model_trial_043/myproject_prj/solution1/syn/vhdl/myproject_dense_resource_ap_fixed_16_6_5_3_0_ap_fixed_16_6_5_3_0_config14_s.vhd:5577]
	Parameter ID bound to: 1 - type: integer 
	Parameter NUM_STAGE bound to: 1 - type: integer 
	Parameter din0_WIDTH bound to: 11 - type: integer 
	Parameter din1_WIDTH bound to: 8 - type: integer 
	Parameter dout_WIDTH bound to: 19 - type: integer 
INFO: [Synth 8-3491] module 'myproject_mul_11s_8s_19_1_1' declared at '/home/dabadjiev/smartpixels_ml_dsabadjiev/Muon_Collider_Smart_Pixels/eric/Results_June2026_99SigEff/model2.5_fin_results/model2_5_8bit_normalised_selected/pareto_primary/hls_outputs_vsynth/hls_model_trial_043/myproject_prj/solution1/syn/vhdl/myproject_mul_11s_8s_19_1_1.vhd:7' bound to instance 'mul_11s_8s_19_1_1_U167' of component 'myproject_mul_11s_8s_19_1_1' [/home/dabadjiev/smartpixels_ml_dsabadjiev/Muon_Collider_Smart_Pixels/eric/Results_June2026_99SigEff/model2.5_fin_results/model2_5_8bit_normalised_selected/pareto_primary/hls_outputs_vsynth/hls_model_trial_043/myproject_prj/solution1/syn/vhdl/myproject_dense_resource_ap_fixed_16_6_5_3_0_ap_fixed_16_6_5_3_0_config14_s.vhd:5589]
INFO: [Common 17-14] Message 'Synth 8-3491' appears 100 times and further instances of the messages will be disabled. Use the Tcl command set_msg_config to change the current settings.
	Parameter ID bound to: 1 - type: integer 
	Parameter NUM_STAGE bound to: 1 - type: integer 
	Parameter din0_WIDTH bound to: 11 - type: integer 
	Parameter din1_WIDTH bound to: 8 - type: integer 
	Parameter dout_WIDTH bound to: 19 - type: integer 
	Parameter ID bound to: 1 - type: integer 
	Parameter NUM_STAGE bound to: 1 - type: integer 
	Parameter din0_WIDTH bound to: 11 - type: integer 
	Parameter din1_WIDTH bound to: 8 - type: integer 
	Parameter dout_WIDTH bound to: 19 - type: integer 
	Parameter ID bound to: 1 - type: integer 
	Parameter NUM_STAGE bound to: 1 - type: integer 
	Parameter din0_WIDTH bound to: 11 - type: integer 
	Parameter din1_WIDTH bound to: 8 - type: integer 
	Parameter dout_WIDTH bound to: 19 - type: integer 
	Parameter ID bound to: 1 - type: integer 
	Parameter NUM_STAGE bound to: 1 - type: integer 
	Parameter din0_WIDTH bound to: 11 - type: integer 
	Parameter din1_WIDTH bound to: 8 - type: integer 
	Parameter dout_WIDTH bound to: 19 - type: integer 
	Parameter ID bound to: 1 - type: integer 
	Parameter NUM_STAGE bound to: 1 - type: integer 
	Parameter din0_WIDTH bound to: 11 - type: integer 
	Parameter din1_WIDTH bound to: 8 - type: integer 
	Parameter dout_WIDTH bound to: 19 - type: integer 
	Parameter ID bound to: 1 - type: integer 
	Parameter NUM_STAGE bound to: 1 - type: integer 
	Parameter din0_WIDTH bound to: 11 - type: integer 
	Parameter din1_WIDTH bound to: 8 - type: integer 
	Parameter dout_WIDTH bound to: 19 - type: integer 
	Parameter ID bound to: 1 - type: integer 
	Parameter NUM_STAGE bound to: 1 - type: integer 
	Parameter din0_WIDTH bound to: 11 - type: integer 
	Parameter din1_WIDTH bound to: 8 - type: integer 
	Parameter dout_WIDTH bound to: 19 - type: integer 
	Parameter ID bound to: 1 - type: integer 
	Parameter NUM_STAGE bound to: 1 - type: integer 
	Parameter din0_WIDTH bound to: 11 - type: integer 
	Parameter din1_WIDTH bound to: 8 - type: integer 
	Parameter dout_WIDTH bound to: 19 - type: integer 
	Parameter ID bound to: 1 - type: integer 
	Parameter NUM_STAGE bound to: 1 - type: integer 
	Parameter din0_WIDTH bound to: 11 - type: integer 
	Parameter din1_WIDTH bound to: 8 - type: integer 
	Parameter dout_WIDTH bound to: 19 - type: integer 
	Parameter ID bound to: 1 - type: integer 
	Parameter NUM_STAGE bound to: 1 - type: integer 
	Parameter din0_WIDTH bound to: 11 - type: integer 
	Parameter din1_WIDTH bound to: 8 - type: integer 
	Parameter dout_WIDTH bound to: 19 - type: integer 
	Parameter ID bound to: 1 - type: integer 
	Parameter NUM_STAGE bound to: 1 - type: integer 
	Parameter din0_WIDTH bound to: 11 - type: integer 
	Parameter din1_WIDTH bound to: 8 - type: integer 
	Parameter dout_WIDTH bound to: 19 - type: integer 
	Parameter ID bound to: 1 - type: integer 
	Parameter NUM_STAGE bound to: 1 - type: integer 
	Parameter din0_WIDTH bound to: 11 - type: integer 
	Parameter din1_WIDTH bound to: 8 - type: integer 
	Parameter dout_WIDTH bound to: 19 - type: integer 
	Parameter ID bound to: 1 - type: integer 
	Parameter NUM_STAGE bound to: 1 - type: integer 
	Parameter din0_WIDTH bound to: 11 - type: integer 
	Parameter din1_WIDTH bound to: 8 - type: integer 
	Parameter dout_WIDTH bound to: 19 - type: integer 
	Parameter ID bound to: 1 - type: integer 
	Parameter NUM_STAGE bound to: 1 - type: integer 
	Parameter din0_WIDTH bound to: 11 - type: integer 
	Parameter din1_WIDTH bound to: 8 - type: integer 
	Parameter dout_WIDTH bound to: 19 - type: integer 
	Parameter ID bound to: 1 - type: integer 
	Parameter NUM_STAGE bound to: 1 - type: integer 
	Parameter din0_WIDTH bound to: 11 - type: integer 
	Parameter din1_WIDTH bound to: 8 - type: integer 
	Parameter dout_WIDTH bound to: 19 - type: integer 
	Parameter ID bound to: 1 - type: integer 
	Parameter NUM_STAGE bound to: 1 - type: integer 
	Parameter din0_WIDTH bound to: 11 - type: integer 
	Parameter din1_WIDTH bound to: 8 - type: integer 
	Parameter dout_WIDTH bound to: 19 - type: integer 
	Parameter ID bound to: 1 - type: integer 
	Parameter NUM_STAGE bound to: 1 - type: integer 
	Parameter din0_WIDTH bound to: 11 - type: integer 
	Parameter din1_WIDTH bound to: 8 - type: integer 
	Parameter dout_WIDTH bound to: 19 - type: integer 
	Parameter ID bound to: 1 - type: integer 
	Parameter NUM_STAGE bound to: 1 - type: integer 
	Parameter din0_WIDTH bound to: 11 - type: integer 
	Parameter din1_WIDTH bound to: 8 - type: integer 
	Parameter dout_WIDTH bound to: 19 - type: integer 
	Parameter ID bound to: 1 - type: integer 
	Parameter NUM_STAGE bound to: 1 - type: integer 
	Parameter din0_WIDTH bound to: 11 - type: integer 
	Parameter din1_WIDTH bound to: 8 - type: integer 
	Parameter dout_WIDTH bound to: 19 - type: integer 
	Parameter ID bound to: 1 - type: integer 
	Parameter NUM_STAGE bound to: 1 - type: integer 
	Parameter din0_WIDTH bound to: 11 - type: integer 
	Parameter din1_WIDTH bound to: 8 - type: integer 
	Parameter dout_WIDTH bound to: 19 - type: integer 
	Parameter ID bound to: 1 - type: integer 
	Parameter NUM_STAGE bound to: 1 - type: integer 
	Parameter din0_WIDTH bound to: 11 - type: integer 
	Parameter din1_WIDTH bound to: 8 - type: integer 
	Parameter dout_WIDTH bound to: 19 - type: integer 
	Parameter ID bound to: 1 - type: integer 
	Parameter NUM_STAGE bound to: 1 - type: integer 
	Parameter din0_WIDTH bound to: 11 - type: integer 
	Parameter din1_WIDTH bound to: 8 - type: integer 
	Parameter dout_WIDTH bound to: 19 - type: integer 
	Parameter ID bound to: 1 - type: integer 
	Parameter NUM_STAGE bound to: 1 - type: integer 
	Parameter din0_WIDTH bound to: 11 - type: integer 
	Parameter din1_WIDTH bound to: 8 - type: integer 
	Parameter dout_WIDTH bound to: 19 - type: integer 
	Parameter ID bound to: 1 - type: integer 
	Parameter NUM_STAGE bound to: 1 - type: integer 
	Parameter din0_WIDTH bound to: 11 - type: integer 
	Parameter din1_WIDTH bound to: 8 - type: integer 
	Parameter dout_WIDTH bound to: 19 - type: integer 
	Parameter ID bound to: 1 - type: integer 
	Parameter NUM_STAGE bound to: 1 - type: integer 
	Parameter din0_WIDTH bound to: 11 - type: integer 
	Parameter din1_WIDTH bound to: 8 - type: integer 
	Parameter dout_WIDTH bound to: 19 - type: integer 
	Parameter ID bound to: 1 - type: integer 
	Parameter NUM_STAGE bound to: 1 - type: integer 
	Parameter din0_WIDTH bound to: 11 - type: integer 
	Parameter din1_WIDTH bound to: 8 - type: integer 
	Parameter dout_WIDTH bound to: 19 - type: integer 
	Parameter ID bound to: 1 - type: integer 
	Parameter NUM_STAGE bound to: 1 - type: integer 
	Parameter din0_WIDTH bound to: 11 - type: integer 
	Parameter din1_WIDTH bound to: 8 - type: integer 
	Parameter dout_WIDTH bound to: 19 - type: integer 
	Parameter ID bound to: 1 - type: integer 
	Parameter NUM_STAGE bound to: 1 - type: integer 
	Parameter din0_WIDTH bound to: 11 - type: integer 
	Parameter din1_WIDTH bound to: 8 - type: integer 
	Parameter dout_WIDTH bound to: 19 - type: integer 
	Parameter ID bound to: 1 - type: integer 
	Parameter NUM_STAGE bound to: 1 - type: integer 
	Parameter din0_WIDTH bound to: 11 - type: integer 
	Parameter din1_WIDTH bound to: 8 - type: integer 
	Parameter dout_WIDTH bound to: 19 - type: integer 
	Parameter ID bound to: 1 - type: integer 
	Parameter NUM_STAGE bound to: 1 - type: integer 
	Parameter din0_WIDTH bound to: 11 - type: integer 
	Parameter din1_WIDTH bound to: 8 - type: integer 
	Parameter dout_WIDTH bound to: 19 - type: integer 
	Parameter ID bound to: 1 - type: integer 
	Parameter NUM_STAGE bound to: 1 - type: integer 
	Parameter din0_WIDTH bound to: 11 - type: integer 
	Parameter din1_WIDTH bound to: 8 - type: integer 
	Parameter dout_WIDTH bound to: 19 - type: integer 
	Parameter ID bound to: 1 - type: integer 
	Parameter NUM_STAGE bound to: 1 - type: integer 
	Parameter din0_WIDTH bound to: 11 - type: integer 
	Parameter din1_WIDTH bound to: 8 - type: integer 
	Parameter dout_WIDTH bound to: 19 - type: integer 
	Parameter ID bound to: 1 - type: integer 
	Parameter NUM_STAGE bound to: 1 - type: integer 
	Parameter din0_WIDTH bound to: 11 - type: integer 
	Parameter din1_WIDTH bound to: 8 - type: integer 
	Parameter dout_WIDTH bound to: 19 - type: integer 
	Parameter ID bound to: 1 - type: integer 
	Parameter NUM_STAGE bound to: 1 - type: integer 
	Parameter din0_WIDTH bound to: 11 - type: integer 
	Parameter din1_WIDTH bound to: 8 - type: integer 
	Parameter dout_WIDTH bound to: 19 - type: integer 
	Parameter ID bound to: 1 - type: integer 
	Parameter NUM_STAGE bound to: 1 - type: integer 
	Parameter din0_WIDTH bound to: 11 - type: integer 
	Parameter din1_WIDTH bound to: 8 - type: integer 
	Parameter dout_WIDTH bound to: 19 - type: integer 
	Parameter ID bound to: 1 - type: integer 
	Parameter NUM_STAGE bound to: 1 - type: integer 
	Parameter din0_WIDTH bound to: 11 - type: integer 
	Parameter din1_WIDTH bound to: 8 - type: integer 
	Parameter dout_WIDTH bound to: 19 - type: integer 
	Parameter ID bound to: 1 - type: integer 
	Parameter NUM_STAGE bound to: 1 - type: integer 
	Parameter din0_WIDTH bound to: 11 - type: integer 
	Parameter din1_WIDTH bound to: 8 - type: integer 
	Parameter dout_WIDTH bound to: 19 - type: integer 
	Parameter ID bound to: 1 - type: integer 
	Parameter NUM_STAGE bound to: 1 - type: integer 
	Parameter din0_WIDTH bound to: 11 - type: integer 
	Parameter din1_WIDTH bound to: 8 - type: integer 
	Parameter dout_WIDTH bound to: 19 - type: integer 
	Parameter ID bound to: 1 - type: integer 
	Parameter NUM_STAGE bound to: 1 - type: integer 
	Parameter din0_WIDTH bound to: 11 - type: integer 
	Parameter din1_WIDTH bound to: 8 - type: integer 
	Parameter dout_WIDTH bound to: 19 - type: integer 
	Parameter ID bound to: 1 - type: integer 
	Parameter NUM_STAGE bound to: 1 - type: integer 
	Parameter din0_WIDTH bound to: 11 - type: integer 
	Parameter din1_WIDTH bound to: 8 - type: integer 
	Parameter dout_WIDTH bound to: 19 - type: integer 
	Parameter ID bound to: 1 - type: integer 
	Parameter NUM_STAGE bound to: 1 - type: integer 
	Parameter din0_WIDTH bound to: 11 - type: integer 
	Parameter din1_WIDTH bound to: 8 - type: integer 
	Parameter dout_WIDTH bound to: 19 - type: integer 
	Parameter ID bound to: 1 - type: integer 
	Parameter NUM_STAGE bound to: 1 - type: integer 
	Parameter din0_WIDTH bound to: 11 - type: integer 
	Parameter din1_WIDTH bound to: 8 - type: integer 
	Parameter dout_WIDTH bound to: 19 - type: integer 
	Parameter ID bound to: 1 - type: integer 
	Parameter NUM_STAGE bound to: 1 - type: integer 
	Parameter din0_WIDTH bound to: 11 - type: integer 
	Parameter din1_WIDTH bound to: 8 - type: integer 
	Parameter dout_WIDTH bound to: 19 - type: integer 
	Parameter ID bound to: 1 - type: integer 
	Parameter NUM_STAGE bound to: 1 - type: integer 
	Parameter din0_WIDTH bound to: 11 - type: integer 
	Parameter din1_WIDTH bound to: 8 - type: integer 
	Parameter dout_WIDTH bound to: 19 - type: integer 
	Parameter ID bound to: 1 - type: integer 
	Parameter NUM_STAGE bound to: 1 - type: integer 
	Parameter din0_WIDTH bound to: 11 - type: integer 
	Parameter din1_WIDTH bound to: 8 - type: integer 
	Parameter dout_WIDTH bound to: 19 - type: integer 
	Parameter ID bound to: 1 - type: integer 
	Parameter NUM_STAGE bound to: 1 - type: integer 
	Parameter din0_WIDTH bound to: 11 - type: integer 
	Parameter din1_WIDTH bound to: 8 - type: integer 
	Parameter dout_WIDTH bound to: 19 - type: integer 
	Parameter ID bound to: 1 - type: integer 
	Parameter NUM_STAGE bound to: 1 - type: integer 
	Parameter din0_WIDTH bound to: 11 - type: integer 
	Parameter din1_WIDTH bound to: 8 - type: integer 
	Parameter dout_WIDTH bound to: 19 - type: integer 
	Parameter ID bound to: 1 - type: integer 
	Parameter NUM_STAGE bound to: 1 - type: integer 
	Parameter din0_WIDTH bound to: 11 - type: integer 
	Parameter din1_WIDTH bound to: 8 - type: integer 
	Parameter dout_WIDTH bound to: 19 - type: integer 
	Parameter ID bound to: 1 - type: integer 
	Parameter NUM_STAGE bound to: 1 - type: integer 
	Parameter din0_WIDTH bound to: 11 - type: integer 
	Parameter din1_WIDTH bound to: 8 - type: integer 
	Parameter dout_WIDTH bound to: 19 - type: integer 
	Parameter ID bound to: 1 - type: integer 
	Parameter NUM_STAGE bound to: 1 - type: integer 
	Parameter din0_WIDTH bound to: 11 - type: integer 
	Parameter din1_WIDTH bound to: 8 - type: integer 
	Parameter dout_WIDTH bound to: 19 - type: integer 
	Parameter ID bound to: 1 - type: integer 
	Parameter NUM_STAGE bound to: 1 - type: integer 
	Parameter din0_WIDTH bound to: 11 - type: integer 
	Parameter din1_WIDTH bound to: 8 - type: integer 
	Parameter dout_WIDTH bound to: 19 - type: integer 
	Parameter ID bound to: 1 - type: integer 
	Parameter NUM_STAGE bound to: 1 - type: integer 
	Parameter din0_WIDTH bound to: 11 - type: integer 
	Parameter din1_WIDTH bound to: 8 - type: integer 
	Parameter dout_WIDTH bound to: 19 - type: integer 
	Parameter ID bound to: 1 - type: integer 
	Parameter NUM_STAGE bound to: 1 - type: integer 
	Parameter din0_WIDTH bound to: 11 - type: integer 
	Parameter din1_WIDTH bound to: 8 - type: integer 
	Parameter dout_WIDTH bound to: 19 - type: integer 
	Parameter ID bound to: 1 - type: integer 
	Parameter NUM_STAGE bound to: 1 - type: integer 
	Parameter din0_WIDTH bound to: 11 - type: integer 
	Parameter din1_WIDTH bound to: 8 - type: integer 
	Parameter dout_WIDTH bound to: 19 - type: integer 
	Parameter ID bound to: 1 - type: integer 
	Parameter NUM_STAGE bound to: 1 - type: integer 
	Parameter din0_WIDTH bound to: 11 - type: integer 
	Parameter din1_WIDTH bound to: 8 - type: integer 
	Parameter dout_WIDTH bound to: 19 - type: integer 
	Parameter ID bound to: 1 - type: integer 
	Parameter NUM_STAGE bound to: 1 - type: integer 
	Parameter din0_WIDTH bound to: 11 - type: integer 
	Parameter din1_WIDTH bound to: 8 - type: integer 
	Parameter dout_WIDTH bound to: 19 - type: integer 
	Parameter ID bound to: 1 - type: integer 
	Parameter NUM_STAGE bound to: 1 - type: integer 
	Parameter din0_WIDTH bound to: 11 - type: integer 
	Parameter din1_WIDTH bound to: 8 - type: integer 
	Parameter dout_WIDTH bound to: 19 - type: integer 
	Parameter ID bound to: 1 - type: integer 
	Parameter NUM_STAGE bound to: 1 - type: integer 
	Parameter din0_WIDTH bound to: 11 - type: integer 
	Parameter din1_WIDTH bound to: 8 - type: integer 
	Parameter dout_WIDTH bound to: 19 - type: integer 
	Parameter ID bound to: 1 - type: integer 
	Parameter NUM_STAGE bound to: 1 - type: integer 
	Parameter din0_WIDTH bound to: 11 - type: integer 
	Parameter din1_WIDTH bound to: 8 - type: integer 
	Parameter dout_WIDTH bound to: 19 - type: integer 
	Parameter ID bound to: 1 - type: integer 
	Parameter NUM_STAGE bound to: 1 - type: integer 
	Parameter din0_WIDTH bound to: 11 - type: integer 
	Parameter din1_WIDTH bound to: 8 - type: integer 
	Parameter dout_WIDTH bound to: 19 - type: integer 
	Parameter ID bound to: 1 - type: integer 
	Parameter NUM_STAGE bound to: 1 - type: integer 
	Parameter din0_WIDTH bound to: 11 - type: integer 
	Parameter din1_WIDTH bound to: 8 - type: integer 
	Parameter dout_WIDTH bound to: 19 - type: integer 
	Parameter ID bound to: 1 - type: integer 
	Parameter NUM_STAGE bound to: 1 - type: integer 
	Parameter din0_WIDTH bound to: 11 - type: integer 
	Parameter din1_WIDTH bound to: 8 - type: integer 
	Parameter dout_WIDTH bound to: 19 - type: integer 
	Parameter ID bound to: 1 - type: integer 
	Parameter NUM_STAGE bound to: 1 - type: integer 
	Parameter din0_WIDTH bound to: 11 - type: integer 
	Parameter din1_WIDTH bound to: 8 - type: integer 
	Parameter dout_WIDTH bound to: 19 - type: integer 
	Parameter ID bound to: 1 - type: integer 
	Parameter NUM_STAGE bound to: 1 - type: integer 
	Parameter din0_WIDTH bound to: 11 - type: integer 
	Parameter din1_WIDTH bound to: 8 - type: integer 
	Parameter dout_WIDTH bound to: 19 - type: integer 
	Parameter ID bound to: 1 - type: integer 
	Parameter NUM_STAGE bound to: 1 - type: integer 
	Parameter din0_WIDTH bound to: 11 - type: integer 
	Parameter din1_WIDTH bound to: 8 - type: integer 
	Parameter dout_WIDTH bound to: 19 - type: integer 
	Parameter ID bound to: 1 - type: integer 
	Parameter NUM_STAGE bound to: 1 - type: integer 
	Parameter din0_WIDTH bound to: 11 - type: integer 
	Parameter din1_WIDTH bound to: 8 - type: integer 
	Parameter dout_WIDTH bound to: 19 - type: integer 
	Parameter ID bound to: 1 - type: integer 
	Parameter NUM_STAGE bound to: 1 - type: integer 
	Parameter din0_WIDTH bound to: 11 - type: integer 
	Parameter din1_WIDTH bound to: 8 - type: integer 
	Parameter dout_WIDTH bound to: 19 - type: integer 
	Parameter ID bound to: 1 - type: integer 
	Parameter NUM_STAGE bound to: 1 - type: integer 
	Parameter din0_WIDTH bound to: 11 - type: integer 
	Parameter din1_WIDTH bound to: 8 - type: integer 
	Parameter dout_WIDTH bound to: 19 - type: integer 
	Parameter ID bound to: 1 - type: integer 
	Parameter NUM_STAGE bound to: 1 - type: integer 
	Parameter din0_WIDTH bound to: 11 - type: integer 
	Parameter din1_WIDTH bound to: 8 - type: integer 
	Parameter dout_WIDTH bound to: 19 - type: integer 
	Parameter ID bound to: 1 - type: integer 
	Parameter NUM_STAGE bound to: 1 - type: integer 
	Parameter din0_WIDTH bound to: 11 - type: integer 
	Parameter din1_WIDTH bound to: 8 - type: integer 
	Parameter dout_WIDTH bound to: 19 - type: integer 
	Parameter ID bound to: 1 - type: integer 
	Parameter NUM_STAGE bound to: 1 - type: integer 
	Parameter din0_WIDTH bound to: 11 - type: integer 
	Parameter din1_WIDTH bound to: 8 - type: integer 
	Parameter dout_WIDTH bound to: 19 - type: integer 
	Parameter ID bound to: 1 - type: integer 
	Parameter NUM_STAGE bound to: 1 - type: integer 
	Parameter din0_WIDTH bound to: 11 - type: integer 
	Parameter din1_WIDTH bound to: 8 - type: integer 
	Parameter dout_WIDTH bound to: 19 - type: integer 
	Parameter ID bound to: 1 - type: integer 
	Parameter NUM_STAGE bound to: 1 - type: integer 
	Parameter din0_WIDTH bound to: 11 - type: integer 
	Parameter din1_WIDTH bound to: 8 - type: integer 
	Parameter dout_WIDTH bound to: 19 - type: integer 
	Parameter ID bound to: 1 - type: integer 
	Parameter NUM_STAGE bound to: 1 - type: integer 
	Parameter din0_WIDTH bound to: 11 - type: integer 
	Parameter din1_WIDTH bound to: 8 - type: integer 
	Parameter dout_WIDTH bound to: 19 - type: integer 
	Parameter ID bound to: 1 - type: integer 
	Parameter NUM_STAGE bound to: 1 - type: integer 
	Parameter din0_WIDTH bound to: 11 - type: integer 
	Parameter din1_WIDTH bound to: 8 - type: integer 
	Parameter dout_WIDTH bound to: 19 - type: integer 
	Parameter ID bound to: 1 - type: integer 
	Parameter NUM_STAGE bound to: 1 - type: integer 
	Parameter din0_WIDTH bound to: 11 - type: integer 
	Parameter din1_WIDTH bound to: 8 - type: integer 
	Parameter dout_WIDTH bound to: 19 - type: integer 
	Parameter ID bound to: 1 - type: integer 
	Parameter NUM_STAGE bound to: 1 - type: integer 
	Parameter din0_WIDTH bound to: 11 - type: integer 
	Parameter din1_WIDTH bound to: 8 - type: integer 
	Parameter dout_WIDTH bound to: 19 - type: integer 
	Parameter ID bound to: 1 - type: integer 
	Parameter NUM_STAGE bound to: 1 - type: integer 
	Parameter din0_WIDTH bound to: 11 - type: integer 
	Parameter din1_WIDTH bound to: 8 - type: integer 
	Parameter dout_WIDTH bound to: 19 - type: integer 
	Parameter ID bound to: 1 - type: integer 
	Parameter NUM_STAGE bound to: 1 - type: integer 
	Parameter din0_WIDTH bound to: 11 - type: integer 
	Parameter din1_WIDTH bound to: 8 - type: integer 
	Parameter dout_WIDTH bound to: 19 - type: integer 
	Parameter ID bound to: 1 - type: integer 
	Parameter NUM_STAGE bound to: 1 - type: integer 
	Parameter din0_WIDTH bound to: 11 - type: integer 
	Parameter din1_WIDTH bound to: 8 - type: integer 
	Parameter dout_WIDTH bound to: 19 - type: integer 
	Parameter ID bound to: 1 - type: integer 
	Parameter NUM_STAGE bound to: 1 - type: integer 
	Parameter din0_WIDTH bound to: 11 - type: integer 
	Parameter din1_WIDTH bound to: 8 - type: integer 
	Parameter dout_WIDTH bound to: 19 - type: integer 
	Parameter ID bound to: 1 - type: integer 
	Parameter NUM_STAGE bound to: 1 - type: integer 
	Parameter din0_WIDTH bound to: 11 - type: integer 
	Parameter din1_WIDTH bound to: 8 - type: integer 
	Parameter dout_WIDTH bound to: 19 - type: integer 
	Parameter ID bound to: 1 - type: integer 
	Parameter NUM_STAGE bound to: 1 - type: integer 
	Parameter din0_WIDTH bound to: 11 - type: integer 
	Parameter din1_WIDTH bound to: 8 - type: integer 
	Parameter dout_WIDTH bound to: 19 - type: integer 
	Parameter ID bound to: 1 - type: integer 
	Parameter NUM_STAGE bound to: 1 - type: integer 
	Parameter din0_WIDTH bound to: 11 - type: integer 
	Parameter din1_WIDTH bound to: 8 - type: integer 
	Parameter dout_WIDTH bound to: 19 - type: integer 
	Parameter ID bound to: 1 - type: integer 
	Parameter NUM_STAGE bound to: 1 - type: integer 
	Parameter din0_WIDTH bound to: 11 - type: integer 
	Parameter din1_WIDTH bound to: 8 - type: integer 
	Parameter dout_WIDTH bound to: 19 - type: integer 
	Parameter ID bound to: 1 - type: integer 
	Parameter NUM_STAGE bound to: 1 - type: integer 
	Parameter din0_WIDTH bound to: 11 - type: integer 
	Parameter din1_WIDTH bound to: 8 - type: integer 
	Parameter dout_WIDTH bound to: 19 - type: integer 
	Parameter ID bound to: 1 - type: integer 
	Parameter NUM_STAGE bound to: 1 - type: integer 
	Parameter din0_WIDTH bound to: 11 - type: integer 
	Parameter din1_WIDTH bound to: 8 - type: integer 
	Parameter dout_WIDTH bound to: 19 - type: integer 
	Parameter ID bound to: 1 - type: integer 
	Parameter NUM_STAGE bound to: 1 - type: integer 
	Parameter din0_WIDTH bound to: 11 - type: integer 
	Parameter din1_WIDTH bound to: 8 - type: integer 
	Parameter dout_WIDTH bound to: 19 - type: integer 
	Parameter ID bound to: 1 - type: integer 
	Parameter NUM_STAGE bound to: 1 - type: integer 
	Parameter din0_WIDTH bound to: 11 - type: integer 
	Parameter din1_WIDTH bound to: 8 - type: integer 
	Parameter dout_WIDTH bound to: 19 - type: integer 
	Parameter ID bound to: 1 - type: integer 
	Parameter NUM_STAGE bound to: 1 - type: integer 
	Parameter din0_WIDTH bound to: 11 - type: integer 
	Parameter din1_WIDTH bound to: 8 - type: integer 
	Parameter dout_WIDTH bound to: 19 - type: integer 
	Parameter ID bound to: 1 - type: integer 
	Parameter NUM_STAGE bound to: 1 - type: integer 
	Parameter din0_WIDTH bound to: 11 - type: integer 
	Parameter din1_WIDTH bound to: 8 - type: integer 
	Parameter dout_WIDTH bound to: 19 - type: integer 
	Parameter ID bound to: 1 - type: integer 
	Parameter NUM_STAGE bound to: 1 - type: integer 
	Parameter din0_WIDTH bound to: 11 - type: integer 
	Parameter din1_WIDTH bound to: 8 - type: integer 
	Parameter dout_WIDTH bound to: 19 - type: integer 
	Parameter ID bound to: 1 - type: integer 
	Parameter NUM_STAGE bound to: 1 - type: integer 
	Parameter din0_WIDTH bound to: 11 - type: integer 
	Parameter din1_WIDTH bound to: 8 - type: integer 
	Parameter dout_WIDTH bound to: 19 - type: integer 
	Parameter ID bound to: 1 - type: integer 
	Parameter NUM_STAGE bound to: 1 - type: integer 
	Parameter din0_WIDTH bound to: 11 - type: integer 
	Parameter din1_WIDTH bound to: 8 - type: integer 
	Parameter dout_WIDTH bound to: 19 - type: integer 
	Parameter ID bound to: 1 - type: integer 
	Parameter NUM_STAGE bound to: 1 - type: integer 
	Parameter din0_WIDTH bound to: 11 - type: integer 
	Parameter din1_WIDTH bound to: 8 - type: integer 
	Parameter dout_WIDTH bound to: 19 - type: integer 
	Parameter ID bound to: 1 - type: integer 
	Parameter NUM_STAGE bound to: 1 - type: integer 
	Parameter din0_WIDTH bound to: 11 - type: integer 
	Parameter din1_WIDTH bound to: 8 - type: integer 
	Parameter dout_WIDTH bound to: 19 - type: integer 
	Parameter ID bound to: 1 - type: integer 
	Parameter NUM_STAGE bound to: 1 - type: integer 
	Parameter din0_WIDTH bound to: 11 - type: integer 
	Parameter din1_WIDTH bound to: 8 - type: integer 
	Parameter dout_WIDTH bound to: 19 - type: integer 
	Parameter ID bound to: 1 - type: integer 
	Parameter NUM_STAGE bound to: 1 - type: integer 
	Parameter din0_WIDTH bound to: 11 - type: integer 
	Parameter din1_WIDTH bound to: 8 - type: integer 
	Parameter dout_WIDTH bound to: 19 - type: integer 
	Parameter ID bound to: 1 - type: integer 
	Parameter NUM_STAGE bound to: 1 - type: integer 
	Parameter din0_WIDTH bound to: 11 - type: integer 
	Parameter din1_WIDTH bound to: 8 - type: integer 
	Parameter dout_WIDTH bound to: 19 - type: integer 
	Parameter ID bound to: 1 - type: integer 
	Parameter NUM_STAGE bound to: 1 - type: integer 
	Parameter din0_WIDTH bound to: 11 - type: integer 
	Parameter din1_WIDTH bound to: 8 - type: integer 
	Parameter dout_WIDTH bound to: 19 - type: integer 
	Parameter ID bound to: 1 - type: integer 
	Parameter NUM_STAGE bound to: 1 - type: integer 
	Parameter din0_WIDTH bound to: 11 - type: integer 
	Parameter din1_WIDTH bound to: 8 - type: integer 
	Parameter dout_WIDTH bound to: 19 - type: integer 
	Parameter ID bound to: 1 - type: integer 
	Parameter NUM_STAGE bound to: 1 - type: integer 
	Parameter din0_WIDTH bound to: 11 - type: integer 
	Parameter din1_WIDTH bound to: 8 - type: integer 
	Parameter dout_WIDTH bound to: 19 - type: integer 
	Parameter ID bound to: 1 - type: integer 
	Parameter NUM_STAGE bound to: 1 - type: integer 
	Parameter din0_WIDTH bound to: 11 - type: integer 
	Parameter din1_WIDTH bound to: 8 - type: integer 
	Parameter dout_WIDTH bound to: 19 - type: integer 
	Parameter ID bound to: 1 - type: integer 
	Parameter NUM_STAGE bound to: 1 - type: integer 
	Parameter din0_WIDTH bound to: 11 - type: integer 
	Parameter din1_WIDTH bound to: 8 - type: integer 
	Parameter dout_WIDTH bound to: 19 - type: integer 
	Parameter ID bound to: 1 - type: integer 
	Parameter NUM_STAGE bound to: 1 - type: integer 
	Parameter din0_WIDTH bound to: 11 - type: integer 
	Parameter din1_WIDTH bound to: 8 - type: integer 
	Parameter dout_WIDTH bound to: 19 - type: integer 
	Parameter ID bound to: 1 - type: integer 
	Parameter NUM_STAGE bound to: 1 - type: integer 
	Parameter din0_WIDTH bound to: 11 - type: integer 
	Parameter din1_WIDTH bound to: 8 - type: integer 
	Parameter dout_WIDTH bound to: 19 - type: integer 
	Parameter ID bound to: 1 - type: integer 
	Parameter NUM_STAGE bound to: 1 - type: integer 
	Parameter din0_WIDTH bound to: 11 - type: integer 
	Parameter din1_WIDTH bound to: 8 - type: integer 
	Parameter dout_WIDTH bound to: 19 - type: integer 
	Parameter ID bound to: 1 - type: integer 
	Parameter NUM_STAGE bound to: 1 - type: integer 
	Parameter din0_WIDTH bound to: 11 - type: integer 
	Parameter din1_WIDTH bound to: 8 - type: integer 
	Parameter dout_WIDTH bound to: 19 - type: integer 
	Parameter ID bound to: 1 - type: integer 
	Parameter NUM_STAGE bound to: 1 - type: integer 
	Parameter din0_WIDTH bound to: 11 - type: integer 
	Parameter din1_WIDTH bound to: 8 - type: integer 
	Parameter dout_WIDTH bound to: 19 - type: integer 
	Parameter ID bound to: 1 - type: integer 
	Parameter NUM_STAGE bound to: 1 - type: integer 
	Parameter din0_WIDTH bound to: 11 - type: integer 
	Parameter din1_WIDTH bound to: 8 - type: integer 
	Parameter dout_WIDTH bound to: 19 - type: integer 
	Parameter ID bound to: 1 - type: integer 
	Parameter NUM_STAGE bound to: 1 - type: integer 
	Parameter din0_WIDTH bound to: 11 - type: integer 
	Parameter din1_WIDTH bound to: 8 - type: integer 
	Parameter dout_WIDTH bound to: 19 - type: integer 
	Parameter ID bound to: 1 - type: integer 
	Parameter NUM_STAGE bound to: 1 - type: integer 
	Parameter din0_WIDTH bound to: 11 - type: integer 
	Parameter din1_WIDTH bound to: 8 - type: integer 
	Parameter dout_WIDTH bound to: 19 - type: integer 
	Parameter ID bound to: 1 - type: integer 
	Parameter NUM_STAGE bound to: 1 - type: integer 
	Parameter din0_WIDTH bound to: 11 - type: integer 
	Parameter din1_WIDTH bound to: 8 - type: integer 
	Parameter dout_WIDTH bound to: 19 - type: integer 
	Parameter ID bound to: 1 - type: integer 
	Parameter NUM_STAGE bound to: 1 - type: integer 
	Parameter din0_WIDTH bound to: 11 - type: integer 
	Parameter din1_WIDTH bound to: 8 - type: integer 
	Parameter dout_WIDTH bound to: 19 - type: integer 
	Parameter ID bound to: 1 - type: integer 
	Parameter NUM_STAGE bound to: 1 - type: integer 
	Parameter din0_WIDTH bound to: 11 - type: integer 
	Parameter din1_WIDTH bound to: 8 - type: integer 
	Parameter dout_WIDTH bound to: 19 - type: integer 
	Parameter ID bound to: 1 - type: integer 
	Parameter NUM_STAGE bound to: 1 - type: integer 
	Parameter din0_WIDTH bound to: 11 - type: integer 
	Parameter din1_WIDTH bound to: 8 - type: integer 
	Parameter dout_WIDTH bound to: 19 - type: integer 
	Parameter ID bound to: 1 - type: integer 
	Parameter NUM_STAGE bound to: 1 - type: integer 
	Parameter din0_WIDTH bound to: 11 - type: integer 
	Parameter din1_WIDTH bound to: 8 - type: integer 
	Parameter dout_WIDTH bound to: 19 - type: integer 
	Parameter ID bound to: 1 - type: integer 
	Parameter NUM_STAGE bound to: 1 - type: integer 
	Parameter din0_WIDTH bound to: 11 - type: integer 
	Parameter din1_WIDTH bound to: 8 - type: integer 
	Parameter dout_WIDTH bound to: 19 - type: integer 
	Parameter ID bound to: 1 - type: integer 
	Parameter NUM_STAGE bound to: 1 - type: integer 
	Parameter din0_WIDTH bound to: 11 - type: integer 
	Parameter din1_WIDTH bound to: 8 - type: integer 
	Parameter dout_WIDTH bound to: 19 - type: integer 
	Parameter ID bound to: 1 - type: integer 
	Parameter NUM_STAGE bound to: 1 - type: integer 
	Parameter din0_WIDTH bound to: 11 - type: integer 
	Parameter din1_WIDTH bound to: 8 - type: integer 
	Parameter dout_WIDTH bound to: 19 - type: integer 
	Parameter ID bound to: 1 - type: integer 
	Parameter NUM_STAGE bound to: 1 - type: integer 
	Parameter din0_WIDTH bound to: 11 - type: integer 
	Parameter din1_WIDTH bound to: 8 - type: integer 
	Parameter dout_WIDTH bound to: 19 - type: integer 
	Parameter ID bound to: 1 - type: integer 
	Parameter NUM_STAGE bound to: 1 - type: integer 
	Parameter din0_WIDTH bound to: 11 - type: integer 
	Parameter din1_WIDTH bound to: 8 - type: integer 
	Parameter dout_WIDTH bound to: 19 - type: integer 
	Parameter ID bound to: 1 - type: integer 
	Parameter NUM_STAGE bound to: 1 - type: integer 
	Parameter din0_WIDTH bound to: 11 - type: integer 
	Parameter din1_WIDTH bound to: 8 - type: integer 
	Parameter dout_WIDTH bound to: 19 - type: integer 
	Parameter ID bound to: 1 - type: integer 
	Parameter NUM_STAGE bound to: 1 - type: integer 
	Parameter din0_WIDTH bound to: 11 - type: integer 
	Parameter din1_WIDTH bound to: 8 - type: integer 
	Parameter dout_WIDTH bound to: 19 - type: integer 
	Parameter ID bound to: 1 - type: integer 
	Parameter NUM_STAGE bound to: 1 - type: integer 
	Parameter din0_WIDTH bound to: 11 - type: integer 
	Parameter din1_WIDTH bound to: 8 - type: integer 
	Parameter dout_WIDTH bound to: 19 - type: integer 
	Parameter ID bound to: 1 - type: integer 
	Parameter NUM_STAGE bound to: 1 - type: integer 
	Parameter din0_WIDTH bound to: 11 - type: integer 
	Parameter din1_WIDTH bound to: 8 - type: integer 
	Parameter dout_WIDTH bound to: 19 - type: integer 
	Parameter ID bound to: 1 - type: integer 
	Parameter NUM_STAGE bound to: 1 - type: integer 
	Parameter din0_WIDTH bound to: 11 - type: integer 
	Parameter din1_WIDTH bound to: 8 - type: integer 
	Parameter dout_WIDTH bound to: 19 - type: integer 
	Parameter ID bound to: 1 - type: integer 
	Parameter NUM_STAGE bound to: 1 - type: integer 
	Parameter din0_WIDTH bound to: 11 - type: integer 
	Parameter din1_WIDTH bound to: 8 - type: integer 
	Parameter dout_WIDTH bound to: 19 - type: integer 
	Parameter ID bound to: 1 - type: integer 
	Parameter NUM_STAGE bound to: 1 - type: integer 
	Parameter din0_WIDTH bound to: 11 - type: integer 
	Parameter din1_WIDTH bound to: 8 - type: integer 
	Parameter dout_WIDTH bound to: 19 - type: integer 
	Parameter ID bound to: 1 - type: integer 
	Parameter NUM_STAGE bound to: 1 - type: integer 
	Parameter din0_WIDTH bound to: 11 - type: integer 
	Parameter din1_WIDTH bound to: 8 - type: integer 
	Parameter dout_WIDTH bound to: 19 - type: integer 
	Parameter ID bound to: 1 - type: integer 
	Parameter NUM_STAGE bound to: 1 - type: integer 
	Parameter din0_WIDTH bound to: 11 - type: integer 
	Parameter din1_WIDTH bound to: 8 - type: integer 
	Parameter dout_WIDTH bound to: 19 - type: integer 
	Parameter ID bound to: 1 - type: integer 
	Parameter NUM_STAGE bound to: 1 - type: integer 
	Parameter din0_WIDTH bound to: 11 - type: integer 
	Parameter din1_WIDTH bound to: 8 - type: integer 
	Parameter dout_WIDTH bound to: 19 - type: integer 
	Parameter ID bound to: 1 - type: integer 
	Parameter NUM_STAGE bound to: 1 - type: integer 
	Parameter din0_WIDTH bound to: 11 - type: integer 
	Parameter din1_WIDTH bound to: 8 - type: integer 
	Parameter dout_WIDTH bound to: 19 - type: integer 
	Parameter ID bound to: 1 - type: integer 
	Parameter NUM_STAGE bound to: 1 - type: integer 
	Parameter din0_WIDTH bound to: 11 - type: integer 
	Parameter din1_WIDTH bound to: 8 - type: integer 
	Parameter dout_WIDTH bound to: 19 - type: integer 
	Parameter ID bound to: 1 - type: integer 
	Parameter NUM_STAGE bound to: 1 - type: integer 
	Parameter din0_WIDTH bound to: 11 - type: integer 
	Parameter din1_WIDTH bound to: 8 - type: integer 
	Parameter dout_WIDTH bound to: 19 - type: integer 
	Parameter ID bound to: 1 - type: integer 
	Parameter NUM_STAGE bound to: 1 - type: integer 
	Parameter din0_WIDTH bound to: 11 - type: integer 
	Parameter din1_WIDTH bound to: 8 - type: integer 
	Parameter dout_WIDTH bound to: 19 - type: integer 
	Parameter ID bound to: 1 - type: integer 
	Parameter NUM_STAGE bound to: 1 - type: integer 
	Parameter din0_WIDTH bound to: 11 - type: integer 
	Parameter din1_WIDTH bound to: 8 - type: integer 
	Parameter dout_WIDTH bound to: 19 - type: integer 
	Parameter ID bound to: 1 - type: integer 
	Parameter NUM_STAGE bound to: 1 - type: integer 
	Parameter din0_WIDTH bound to: 11 - type: integer 
	Parameter din1_WIDTH bound to: 8 - type: integer 
	Parameter dout_WIDTH bound to: 19 - type: integer 
	Parameter ID bound to: 1 - type: integer 
	Parameter NUM_STAGE bound to: 1 - type: integer 
	Parameter din0_WIDTH bound to: 11 - type: integer 
	Parameter din1_WIDTH bound to: 8 - type: integer 
	Parameter dout_WIDTH bound to: 19 - type: integer 
	Parameter ID bound to: 1 - type: integer 
	Parameter NUM_STAGE bound to: 1 - type: integer 
	Parameter din0_WIDTH bound to: 11 - type: integer 
	Parameter din1_WIDTH bound to: 8 - type: integer 
	Parameter dout_WIDTH bound to: 19 - type: integer 
	Parameter ID bound to: 1 - type: integer 
	Parameter NUM_STAGE bound to: 1 - type: integer 
	Parameter din0_WIDTH bound to: 11 - type: integer 
	Parameter din1_WIDTH bound to: 8 - type: integer 
	Parameter dout_WIDTH bound to: 19 - type: integer 
	Parameter ID bound to: 1 - type: integer 
	Parameter NUM_STAGE bound to: 1 - type: integer 
	Parameter din0_WIDTH bound to: 11 - type: integer 
	Parameter din1_WIDTH bound to: 8 - type: integer 
	Parameter dout_WIDTH bound to: 19 - type: integer 
	Parameter ID bound to: 1 - type: integer 
	Parameter NUM_STAGE bound to: 1 - type: integer 
	Parameter din0_WIDTH bound to: 11 - type: integer 
	Parameter din1_WIDTH bound to: 8 - type: integer 
	Parameter dout_WIDTH bound to: 19 - type: integer 
	Parameter ID bound to: 1 - type: integer 
	Parameter NUM_STAGE bound to: 1 - type: integer 
	Parameter din0_WIDTH bound to: 11 - type: integer 
	Parameter din1_WIDTH bound to: 8 - type: integer 
	Parameter dout_WIDTH bound to: 19 - type: integer 
	Parameter ID bound to: 1 - type: integer 
	Parameter NUM_STAGE bound to: 1 - type: integer 
	Parameter din0_WIDTH bound to: 11 - type: integer 
	Parameter din1_WIDTH bound to: 8 - type: integer 
	Parameter dout_WIDTH bound to: 19 - type: integer 
	Parameter ID bound to: 1 - type: integer 
	Parameter NUM_STAGE bound to: 1 - type: integer 
	Parameter din0_WIDTH bound to: 11 - type: integer 
	Parameter din1_WIDTH bound to: 8 - type: integer 
	Parameter dout_WIDTH bound to: 19 - type: integer 
	Parameter ID bound to: 1 - type: integer 
	Parameter NUM_STAGE bound to: 1 - type: integer 
	Parameter din0_WIDTH bound to: 11 - type: integer 
	Parameter din1_WIDTH bound to: 8 - type: integer 
	Parameter dout_WIDTH bound to: 19 - type: integer 
	Parameter ID bound to: 1 - type: integer 
	Parameter NUM_STAGE bound to: 1 - type: integer 
	Parameter din0_WIDTH bound to: 11 - type: integer 
	Parameter din1_WIDTH bound to: 8 - type: integer 
	Parameter dout_WIDTH bound to: 19 - type: integer 
	Parameter ID bound to: 1 - type: integer 
	Parameter NUM_STAGE bound to: 1 - type: integer 
	Parameter din0_WIDTH bound to: 11 - type: integer 
	Parameter din1_WIDTH bound to: 8 - type: integer 
	Parameter dout_WIDTH bound to: 19 - type: integer 
	Parameter ID bound to: 1 - type: integer 
	Parameter NUM_STAGE bound to: 1 - type: integer 
	Parameter din0_WIDTH bound to: 11 - type: integer 
	Parameter din1_WIDTH bound to: 8 - type: integer 
	Parameter dout_WIDTH bound to: 19 - type: integer 
	Parameter ID bound to: 1 - type: integer 
	Parameter NUM_STAGE bound to: 1 - type: integer 
	Parameter din0_WIDTH bound to: 11 - type: integer 
	Parameter din1_WIDTH bound to: 8 - type: integer 
	Parameter dout_WIDTH bound to: 19 - type: integer 
	Parameter ID bound to: 1 - type: integer 
	Parameter NUM_STAGE bound to: 1 - type: integer 
	Parameter din0_WIDTH bound to: 11 - type: integer 
	Parameter din1_WIDTH bound to: 8 - type: integer 
	Parameter dout_WIDTH bound to: 19 - type: integer 
	Parameter ID bound to: 1 - type: integer 
	Parameter NUM_STAGE bound to: 1 - type: integer 
	Parameter din0_WIDTH bound to: 11 - type: integer 
	Parameter din1_WIDTH bound to: 8 - type: integer 
	Parameter dout_WIDTH bound to: 19 - type: integer 
	Parameter ID bound to: 1 - type: integer 
	Parameter NUM_STAGE bound to: 1 - type: integer 
	Parameter din0_WIDTH bound to: 11 - type: integer 
	Parameter din1_WIDTH bound to: 8 - type: integer 
	Parameter dout_WIDTH bound to: 19 - type: integer 
	Parameter ID bound to: 1 - type: integer 
	Parameter NUM_STAGE bound to: 1 - type: integer 
	Parameter din0_WIDTH bound to: 11 - type: integer 
	Parameter din1_WIDTH bound to: 8 - type: integer 
	Parameter dout_WIDTH bound to: 19 - type: integer 
	Parameter ID bound to: 1 - type: integer 
	Parameter NUM_STAGE bound to: 1 - type: integer 
	Parameter din0_WIDTH bound to: 11 - type: integer 
	Parameter din1_WIDTH bound to: 8 - type: integer 
	Parameter dout_WIDTH bound to: 19 - type: integer 
	Parameter ID bound to: 1 - type: integer 
	Parameter NUM_STAGE bound to: 1 - type: integer 
	Parameter din0_WIDTH bound to: 11 - type: integer 
	Parameter din1_WIDTH bound to: 8 - type: integer 
	Parameter dout_WIDTH bound to: 19 - type: integer 
	Parameter ID bound to: 1 - type: integer 
	Parameter NUM_STAGE bound to: 1 - type: integer 
	Parameter din0_WIDTH bound to: 11 - type: integer 
	Parameter din1_WIDTH bound to: 8 - type: integer 
	Parameter dout_WIDTH bound to: 19 - type: integer 
	Parameter ID bound to: 1 - type: integer 
	Parameter NUM_STAGE bound to: 1 - type: integer 
	Parameter din0_WIDTH bound to: 11 - type: integer 
	Parameter din1_WIDTH bound to: 8 - type: integer 
	Parameter dout_WIDTH bound to: 19 - type: integer 
	Parameter ID bound to: 1 - type: integer 
	Parameter NUM_STAGE bound to: 1 - type: integer 
	Parameter din0_WIDTH bound to: 11 - type: integer 
	Parameter din1_WIDTH bound to: 8 - type: integer 
	Parameter dout_WIDTH bound to: 19 - type: integer 
	Parameter ID bound to: 1 - type: integer 
	Parameter NUM_STAGE bound to: 1 - type: integer 
	Parameter din0_WIDTH bound to: 11 - type: integer 
	Parameter din1_WIDTH bound to: 8 - type: integer 
	Parameter dout_WIDTH bound to: 19 - type: integer 
	Parameter ID bound to: 1 - type: integer 
	Parameter NUM_STAGE bound to: 1 - type: integer 
	Parameter din0_WIDTH bound to: 11 - type: integer 
	Parameter din1_WIDTH bound to: 8 - type: integer 
	Parameter dout_WIDTH bound to: 19 - type: integer 
	Parameter ID bound to: 1 - type: integer 
	Parameter NUM_STAGE bound to: 1 - type: integer 
	Parameter din0_WIDTH bound to: 11 - type: integer 
	Parameter din1_WIDTH bound to: 8 - type: integer 
	Parameter dout_WIDTH bound to: 19 - type: integer 
	Parameter ID bound to: 1 - type: integer 
	Parameter NUM_STAGE bound to: 1 - type: integer 
	Parameter din0_WIDTH bound to: 11 - type: integer 
	Parameter din1_WIDTH bound to: 8 - type: integer 
	Parameter dout_WIDTH bound to: 19 - type: integer 
	Parameter ID bound to: 1 - type: integer 
	Parameter NUM_STAGE bound to: 1 - type: integer 
	Parameter din0_WIDTH bound to: 11 - type: integer 
	Parameter din1_WIDTH bound to: 8 - type: integer 
	Parameter dout_WIDTH bound to: 19 - type: integer 
	Parameter ID bound to: 1 - type: integer 
	Parameter NUM_STAGE bound to: 1 - type: integer 
	Parameter din0_WIDTH bound to: 11 - type: integer 
	Parameter din1_WIDTH bound to: 8 - type: integer 
	Parameter dout_WIDTH bound to: 19 - type: integer 
	Parameter ID bound to: 1 - type: integer 
	Parameter NUM_STAGE bound to: 1 - type: integer 
	Parameter din0_WIDTH bound to: 11 - type: integer 
	Parameter din1_WIDTH bound to: 8 - type: integer 
	Parameter dout_WIDTH bound to: 19 - type: integer 
	Parameter ID bound to: 1 - type: integer 
	Parameter NUM_STAGE bound to: 1 - type: integer 
	Parameter din0_WIDTH bound to: 11 - type: integer 
	Parameter din1_WIDTH bound to: 8 - type: integer 
	Parameter dout_WIDTH bound to: 19 - type: integer 
	Parameter ID bound to: 1 - type: integer 
	Parameter NUM_STAGE bound to: 1 - type: integer 
	Parameter din0_WIDTH bound to: 11 - type: integer 
	Parameter din1_WIDTH bound to: 8 - type: integer 
	Parameter dout_WIDTH bound to: 19 - type: integer 
	Parameter ID bound to: 1 - type: integer 
	Parameter NUM_STAGE bound to: 1 - type: integer 
	Parameter din0_WIDTH bound to: 11 - type: integer 
	Parameter din1_WIDTH bound to: 8 - type: integer 
	Parameter dout_WIDTH bound to: 19 - type: integer 
	Parameter ID bound to: 1 - type: integer 
	Parameter NUM_STAGE bound to: 1 - type: integer 
	Parameter din0_WIDTH bound to: 11 - type: integer 
	Parameter din1_WIDTH bound to: 8 - type: integer 
	Parameter dout_WIDTH bound to: 19 - type: integer 
	Parameter ID bound to: 1 - type: integer 
	Parameter NUM_STAGE bound to: 1 - type: integer 
	Parameter din0_WIDTH bound to: 11 - type: integer 
	Parameter din1_WIDTH bound to: 8 - type: integer 
	Parameter dout_WIDTH bound to: 19 - type: integer 
	Parameter ID bound to: 1 - type: integer 
	Parameter NUM_STAGE bound to: 1 - type: integer 
	Parameter din0_WIDTH bound to: 11 - type: integer 
	Parameter din1_WIDTH bound to: 8 - type: integer 
	Parameter dout_WIDTH bound to: 19 - type: integer 
	Parameter ID bound to: 1 - type: integer 
	Parameter NUM_STAGE bound to: 1 - type: integer 
	Parameter din0_WIDTH bound to: 11 - type: integer 
	Parameter din1_WIDTH bound to: 8 - type: integer 
	Parameter dout_WIDTH bound to: 19 - type: integer 
	Parameter ID bound to: 1 - type: integer 
	Parameter NUM_STAGE bound to: 1 - type: integer 
	Parameter din0_WIDTH bound to: 11 - type: integer 
	Parameter din1_WIDTH bound to: 8 - type: integer 
	Parameter dout_WIDTH bound to: 19 - type: integer 
	Parameter ID bound to: 1 - type: integer 
	Parameter NUM_STAGE bound to: 1 - type: integer 
	Parameter din0_WIDTH bound to: 11 - type: integer 
	Parameter din1_WIDTH bound to: 8 - type: integer 
	Parameter dout_WIDTH bound to: 19 - type: integer 
	Parameter ID bound to: 1 - type: integer 
	Parameter NUM_STAGE bound to: 1 - type: integer 
	Parameter din0_WIDTH bound to: 11 - type: integer 
	Parameter din1_WIDTH bound to: 8 - type: integer 
	Parameter dout_WIDTH bound to: 19 - type: integer 
	Parameter ID bound to: 1 - type: integer 
	Parameter NUM_STAGE bound to: 1 - type: integer 
	Parameter din0_WIDTH bound to: 11 - type: integer 
	Parameter din1_WIDTH bound to: 8 - type: integer 
	Parameter dout_WIDTH bound to: 19 - type: integer 
	Parameter ID bound to: 1 - type: integer 
	Parameter NUM_STAGE bound to: 1 - type: integer 
	Parameter din0_WIDTH bound to: 11 - type: integer 
	Parameter din1_WIDTH bound to: 8 - type: integer 
	Parameter dout_WIDTH bound to: 19 - type: integer 
	Parameter ID bound to: 1 - type: integer 
	Parameter NUM_STAGE bound to: 1 - type: integer 
	Parameter din0_WIDTH bound to: 11 - type: integer 
	Parameter din1_WIDTH bound to: 8 - type: integer 
	Parameter dout_WIDTH bound to: 19 - type: integer 
	Parameter ID bound to: 1 - type: integer 
	Parameter NUM_STAGE bound to: 1 - type: integer 
	Parameter din0_WIDTH bound to: 11 - type: integer 
	Parameter din1_WIDTH bound to: 8 - type: integer 
	Parameter dout_WIDTH bound to: 19 - type: integer 
	Parameter ID bound to: 1 - type: integer 
	Parameter NUM_STAGE bound to: 1 - type: integer 
	Parameter din0_WIDTH bound to: 11 - type: integer 
	Parameter din1_WIDTH bound to: 8 - type: integer 
	Parameter dout_WIDTH bound to: 19 - type: integer 
	Parameter ID bound to: 1 - type: integer 
	Parameter NUM_STAGE bound to: 1 - type: integer 
	Parameter din0_WIDTH bound to: 11 - type: integer 
	Parameter din1_WIDTH bound to: 8 - type: integer 
	Parameter dout_WIDTH bound to: 19 - type: integer 
	Parameter ID bound to: 1 - type: integer 
	Parameter NUM_STAGE bound to: 1 - type: integer 
	Parameter din0_WIDTH bound to: 11 - type: integer 
	Parameter din1_WIDTH bound to: 8 - type: integer 
	Parameter dout_WIDTH bound to: 19 - type: integer 
	Parameter ID bound to: 1 - type: integer 
	Parameter NUM_STAGE bound to: 1 - type: integer 
	Parameter din0_WIDTH bound to: 11 - type: integer 
	Parameter din1_WIDTH bound to: 8 - type: integer 
	Parameter dout_WIDTH bound to: 19 - type: integer 
	Parameter ID bound to: 1 - type: integer 
	Parameter NUM_STAGE bound to: 1 - type: integer 
	Parameter din0_WIDTH bound to: 11 - type: integer 
	Parameter din1_WIDTH bound to: 8 - type: integer 
	Parameter dout_WIDTH bound to: 19 - type: integer 
	Parameter ID bound to: 1 - type: integer 
	Parameter NUM_STAGE bound to: 1 - type: integer 
	Parameter din0_WIDTH bound to: 11 - type: integer 
	Parameter din1_WIDTH bound to: 8 - type: integer 
	Parameter dout_WIDTH bound to: 19 - type: integer 
	Parameter ID bound to: 1 - type: integer 
	Parameter NUM_STAGE bound to: 1 - type: integer 
	Parameter din0_WIDTH bound to: 11 - type: integer 
	Parameter din1_WIDTH bound to: 8 - type: integer 
	Parameter dout_WIDTH bound to: 19 - type: integer 
	Parameter ID bound to: 1 - type: integer 
	Parameter NUM_STAGE bound to: 1 - type: integer 
	Parameter din0_WIDTH bound to: 11 - type: integer 
	Parameter din1_WIDTH bound to: 8 - type: integer 
	Parameter dout_WIDTH bound to: 19 - type: integer 
	Parameter ID bound to: 1 - type: integer 
	Parameter NUM_STAGE bound to: 1 - type: integer 
	Parameter din0_WIDTH bound to: 11 - type: integer 
	Parameter din1_WIDTH bound to: 8 - type: integer 
	Parameter dout_WIDTH bound to: 19 - type: integer 
	Parameter ID bound to: 1 - type: integer 
	Parameter NUM_STAGE bound to: 1 - type: integer 
	Parameter din0_WIDTH bound to: 11 - type: integer 
	Parameter din1_WIDTH bound to: 8 - type: integer 
	Parameter dout_WIDTH bound to: 19 - type: integer 
	Parameter ID bound to: 1 - type: integer 
	Parameter NUM_STAGE bound to: 1 - type: integer 
	Parameter din0_WIDTH bound to: 11 - type: integer 
	Parameter din1_WIDTH bound to: 8 - type: integer 
	Parameter dout_WIDTH bound to: 19 - type: integer 
	Parameter ID bound to: 1 - type: integer 
	Parameter NUM_STAGE bound to: 1 - type: integer 
	Parameter din0_WIDTH bound to: 11 - type: integer 
	Parameter din1_WIDTH bound to: 8 - type: integer 
	Parameter dout_WIDTH bound to: 19 - type: integer 
	Parameter ID bound to: 1 - type: integer 
	Parameter NUM_STAGE bound to: 1 - type: integer 
	Parameter din0_WIDTH bound to: 11 - type: integer 
	Parameter din1_WIDTH bound to: 8 - type: integer 
	Parameter dout_WIDTH bound to: 19 - type: integer 
INFO: [Synth 8-256] done synthesizing module 'myproject_dense_resource_ap_fixed_16_6_5_3_0_ap_fixed_16_6_5_3_0_config14_s' (0#1) [/home/dabadjiev/smartpixels_ml_dsabadjiev/Muon_Collider_Smart_Pixels/eric/Results_June2026_99SigEff/model2.5_fin_results/model2_5_8bit_normalised_selected/pareto_primary/hls_outputs_vsynth/hls_model_trial_043/myproject_prj/solution1/syn/vhdl/myproject_dense_resource_ap_fixed_16_6_5_3_0_ap_fixed_16_6_5_3_0_config14_s.vhd:176]
INFO: [Synth 8-638] synthesizing module 'myproject_dense_resource_ap_fixed_16_6_5_3_0_ap_fixed_16_6_5_3_0_config16_s' [/home/dabadjiev/smartpixels_ml_dsabadjiev/Muon_Collider_Smart_Pixels/eric/Results_June2026_99SigEff/model2.5_fin_results/model2_5_8bit_normalised_selected/pareto_primary/hls_outputs_vsynth/hls_model_trial_043/myproject_prj/solution1/syn/vhdl/myproject_dense_resource_ap_fixed_16_6_5_3_0_ap_fixed_16_6_5_3_0_config16_s.vhd:32]
	Parameter DataWidth bound to: 1 - type: integer 
	Parameter AddressRange bound to: 4 - type: integer 
	Parameter AddressWidth bound to: 2 - type: integer 
INFO: [Synth 8-638] synthesizing module 'myproject_dense_resource_ap_fixed_16_6_5_3_0_ap_fixed_16_6_5_3_0_config16_s_outidx_i_RObkb' [/home/dabadjiev/smartpixels_ml_dsabadjiev/Muon_Collider_Smart_Pixels/eric/Results_June2026_99SigEff/model2.5_fin_results/model2_5_8bit_normalised_selected/pareto_primary/hls_outputs_vsynth/hls_model_trial_043/myproject_prj/solution1/syn/vhdl/myproject_dense_resource_ap_fixed_16_6_5_3_0_ap_fixed_16_6_5_3_0_config16_s_outidx_i_RObkb.vhd:28]
	Parameter DataWidth bound to: 1 - type: integer 
	Parameter AddressWidth bound to: 2 - type: integer 
	Parameter AddressRange bound to: 4 - type: integer 
INFO: [Synth 8-256] done synthesizing module 'myproject_dense_resource_ap_fixed_16_6_5_3_0_ap_fixed_16_6_5_3_0_config16_s_outidx_i_RObkb' (0#1) [/home/dabadjiev/smartpixels_ml_dsabadjiev/Muon_Collider_Smart_Pixels/eric/Results_June2026_99SigEff/model2.5_fin_results/model2_5_8bit_normalised_selected/pareto_primary/hls_outputs_vsynth/hls_model_trial_043/myproject_prj/solution1/syn/vhdl/myproject_dense_resource_ap_fixed_16_6_5_3_0_ap_fixed_16_6_5_3_0_config16_s_outidx_i_RObkb.vhd:28]
	Parameter ID bound to: 1 - type: integer 
	Parameter NUM_STAGE bound to: 1 - type: integer 
	Parameter din0_WIDTH bound to: 11 - type: integer 
	Parameter din1_WIDTH bound to: 8 - type: integer 
	Parameter dout_WIDTH bound to: 19 - type: integer 
INFO: [Synth 8-256] done synthesizing module 'myproject_dense_resource_ap_fixed_16_6_5_3_0_ap_fixed_16_6_5_3_0_config16_s' (0#1) [/home/dabadjiev/smartpixels_ml_dsabadjiev/Muon_Collider_Smart_Pixels/eric/Results_June2026_99SigEff/model2.5_fin_results/model2_5_8bit_normalised_selected/pareto_primary/hls_outputs_vsynth/hls_model_trial_043/myproject_prj/solution1/syn/vhdl/myproject_dense_resource_ap_fixed_16_6_5_3_0_ap_fixed_16_6_5_3_0_config16_s.vhd:32]
INFO: [Synth 8-638] synthesizing module 'myproject_relu_ap_fixed_16_6_5_3_0_ap_ufixed_8_0_4_0_0_relu_config18_s' [/home/dabadjiev/smartpixels_ml_dsabadjiev/Muon_Collider_Smart_Pixels/eric/Results_June2026_99SigEff/model2.5_fin_results/model2_5_8bit_normalised_selected/pareto_primary/hls_outputs_vsynth/hls_model_trial_043/myproject_prj/solution1/syn/vhdl/myproject_relu_ap_fixed_16_6_5_3_0_ap_ufixed_8_0_4_0_0_relu_config18_s.vhd:136]
INFO: [Synth 8-256] done synthesizing module 'myproject_relu_ap_fixed_16_6_5_3_0_ap_ufixed_8_0_4_0_0_relu_config18_s' (0#1) [/home/dabadjiev/smartpixels_ml_dsabadjiev/Muon_Collider_Smart_Pixels/eric/Results_June2026_99SigEff/model2.5_fin_results/model2_5_8bit_normalised_selected/pareto_primary/hls_outputs_vsynth/hls_model_trial_043/myproject_prj/solution1/syn/vhdl/myproject_relu_ap_fixed_16_6_5_3_0_ap_ufixed_8_0_4_0_0_relu_config18_s.vhd:136]
INFO: [Synth 8-638] synthesizing module 'myproject_relu_ap_fixed_16_6_5_3_0_ap_ufixed_8_0_4_0_0_relu_config19_s' [/home/dabadjiev/smartpixels_ml_dsabadjiev/Muon_Collider_Smart_Pixels/eric/Results_June2026_99SigEff/model2.5_fin_results/model2_5_8bit_normalised_selected/pareto_primary/hls_outputs_vsynth/hls_model_trial_043/myproject_prj/solution1/syn/vhdl/myproject_relu_ap_fixed_16_6_5_3_0_ap_ufixed_8_0_4_0_0_relu_config19_s.vhd:28]
INFO: [Synth 8-256] done synthesizing module 'myproject_relu_ap_fixed_16_6_5_3_0_ap_ufixed_8_0_4_0_0_relu_config19_s' (0#1) [/home/dabadjiev/smartpixels_ml_dsabadjiev/Muon_Collider_Smart_Pixels/eric/Results_June2026_99SigEff/model2.5_fin_results/model2_5_8bit_normalised_selected/pareto_primary/hls_outputs_vsynth/hls_model_trial_043/myproject_prj/solution1/syn/vhdl/myproject_relu_ap_fixed_16_6_5_3_0_ap_ufixed_8_0_4_0_0_relu_config19_s.vhd:28]
INFO: [Synth 8-638] synthesizing module 'myproject_concatenate1d_ap_ufixed_ap_ufixed_ap_fixed_16_6_5_3_0_config20_s' [/home/dabadjiev/smartpixels_ml_dsabadjiev/Muon_Collider_Smart_Pixels/eric/Results_June2026_99SigEff/model2.5_fin_results/model2_5_8bit_normalised_selected/pareto_primary/hls_outputs_vsynth/hls_model_trial_043/myproject_prj/solution1/syn/vhdl/myproject_concatenate1d_ap_ufixed_ap_ufixed_ap_fixed_16_6_5_3_0_config20_s.vhd:140]
INFO: [Synth 8-256] done synthesizing module 'myproject_concatenate1d_ap_ufixed_ap_ufixed_ap_fixed_16_6_5_3_0_config20_s' (0#1) [/home/dabadjiev/smartpixels_ml_dsabadjiev/Muon_Collider_Smart_Pixels/eric/Results_June2026_99SigEff/model2.5_fin_results/model2_5_8bit_normalised_selected/pareto_primary/hls_outputs_vsynth/hls_model_trial_043/myproject_prj/solution1/syn/vhdl/myproject_concatenate1d_ap_ufixed_ap_ufixed_ap_fixed_16_6_5_3_0_config20_s.vhd:140]
INFO: [Synth 8-638] synthesizing module 'myproject_dense_resource_ap_fixed_16_6_5_3_0_ap_fixed_16_6_5_3_0_config21_s' [/home/dabadjiev/smartpixels_ml_dsabadjiev/Muon_Collider_Smart_Pixels/eric/Results_June2026_99SigEff/model2.5_fin_results/model2_5_8bit_normalised_selected/pareto_primary/hls_outputs_vsynth/hls_model_trial_043/myproject_prj/solution1/syn/vhdl/myproject_dense_resource_ap_fixed_16_6_5_3_0_ap_fixed_16_6_5_3_0_config21_s.vhd:143]
	Parameter ID bound to: 1 - type: integer 
	Parameter NUM_STAGE bound to: 1 - type: integer 
	Parameter CASE0 bound to: 5'b00000 
	Parameter din0_WIDTH bound to: 10 - type: integer 
	Parameter CASE1 bound to: 5'b00001 
	Parameter din1_WIDTH bound to: 10 - type: integer 
	Parameter CASE2 bound to: 5'b00010 
	Parameter din2_WIDTH bound to: 10 - type: integer 
	Parameter CASE3 bound to: 5'b00011 
	Parameter din3_WIDTH bound to: 10 - type: integer 
	Parameter CASE4 bound to: 5'b00100 
	Parameter din4_WIDTH bound to: 10 - type: integer 
	Parameter CASE5 bound to: 5'b00101 
	Parameter din5_WIDTH bound to: 10 - type: integer 
	Parameter CASE6 bound to: 5'b00110 
	Parameter din6_WIDTH bound to: 10 - type: integer 
	Parameter CASE7 bound to: 5'b00111 
	Parameter din7_WIDTH bound to: 10 - type: integer 
	Parameter CASE8 bound to: 5'b01000 
	Parameter din8_WIDTH bound to: 10 - type: integer 
	Parameter CASE9 bound to: 5'b01001 
	Parameter din9_WIDTH bound to: 10 - type: integer 
	Parameter CASE10 bound to: 5'b01010 
	Parameter din10_WIDTH bound to: 10 - type: integer 
	Parameter CASE11 bound to: 5'b01011 
	Parameter din11_WIDTH bound to: 10 - type: integer 
	Parameter CASE12 bound to: 5'b01100 
	Parameter din12_WIDTH bound to: 10 - type: integer 
	Parameter CASE13 bound to: 5'b01101 
	Parameter din13_WIDTH bound to: 10 - type: integer 
	Parameter CASE14 bound to: 5'b01110 
	Parameter din14_WIDTH bound to: 10 - type: integer 
	Parameter CASE15 bound to: 5'b01111 
	Parameter din15_WIDTH bound to: 10 - type: integer 
	Parameter CASE16 bound to: 5'b10000 
	Parameter din16_WIDTH bound to: 10 - type: integer 
	Parameter CASE17 bound to: 5'b10001 
	Parameter din17_WIDTH bound to: 10 - type: integer 
	Parameter CASE18 bound to: 5'b10010 
	Parameter din18_WIDTH bound to: 10 - type: integer 
	Parameter CASE19 bound to: 5'b10011 
	Parameter din19_WIDTH bound to: 10 - type: integer 
	Parameter CASE20 bound to: 5'b10100 
	Parameter din20_WIDTH bound to: 10 - type: integer 
	Parameter CASE21 bound to: 5'b10101 
	Parameter din21_WIDTH bound to: 10 - type: integer 
	Parameter CASE22 bound to: 5'b10110 
	Parameter din22_WIDTH bound to: 10 - type: integer 
	Parameter CASE23 bound to: 5'b10111 
	Parameter din23_WIDTH bound to: 10 - type: integer 
	Parameter CASE24 bound to: 5'b11000 
	Parameter din24_WIDTH bound to: 10 - type: integer 
	Parameter CASE25 bound to: 5'b11001 
	Parameter din25_WIDTH bound to: 10 - type: integer 
	Parameter CASE26 bound to: 5'b11010 
	Parameter din26_WIDTH bound to: 10 - type: integer 
	Parameter CASE27 bound to: 5'b11011 
	Parameter din27_WIDTH bound to: 10 - type: integer 
	Parameter CASE28 bound to: 5'b11100 
	Parameter din28_WIDTH bound to: 10 - type: integer 
	Parameter def_WIDTH bound to: 10 - type: integer 
	Parameter sel_WIDTH bound to: 5 - type: integer 
	Parameter dout_WIDTH bound to: 10 - type: integer 
INFO: [Synth 8-638] synthesizing module 'myproject_sparsemux_59_5_10_1_1' [/home/dabadjiev/smartpixels_ml_dsabadjiev/Muon_Collider_Smart_Pixels/eric/Results_June2026_99SigEff/model2.5_fin_results/model2_5_8bit_normalised_selected/pareto_primary/hls_outputs_vsynth/hls_model_trial_043/myproject_prj/solution1/syn/vhdl/myproject_sparsemux_59_5_10_1_1.vhd:205]
	Parameter din0_WIDTH bound to: 10 - type: integer 
	Parameter din1_WIDTH bound to: 10 - type: integer 
	Parameter din2_WIDTH bound to: 10 - type: integer 
	Parameter din3_WIDTH bound to: 10 - type: integer 
	Parameter din4_WIDTH bound to: 10 - type: integer 
	Parameter din5_WIDTH bound to: 10 - type: integer 
	Parameter din6_WIDTH bound to: 10 - type: integer 
	Parameter din7_WIDTH bound to: 10 - type: integer 
	Parameter din8_WIDTH bound to: 10 - type: integer 
	Parameter din9_WIDTH bound to: 10 - type: integer 
	Parameter din10_WIDTH bound to: 10 - type: integer 
	Parameter din11_WIDTH bound to: 10 - type: integer 
	Parameter din12_WIDTH bound to: 10 - type: integer 
	Parameter din13_WIDTH bound to: 10 - type: integer 
	Parameter din14_WIDTH bound to: 10 - type: integer 
	Parameter din15_WIDTH bound to: 10 - type: integer 
	Parameter din16_WIDTH bound to: 10 - type: integer 
	Parameter din17_WIDTH bound to: 10 - type: integer 
	Parameter din18_WIDTH bound to: 10 - type: integer 
	Parameter din19_WIDTH bound to: 10 - type: integer 
	Parameter din20_WIDTH bound to: 10 - type: integer 
	Parameter din21_WIDTH bound to: 10 - type: integer 
	Parameter din22_WIDTH bound to: 10 - type: integer 
	Parameter din23_WIDTH bound to: 10 - type: integer 
	Parameter din24_WIDTH bound to: 10 - type: integer 
	Parameter din25_WIDTH bound to: 10 - type: integer 
	Parameter din26_WIDTH bound to: 10 - type: integer 
	Parameter din27_WIDTH bound to: 10 - type: integer 
	Parameter din28_WIDTH bound to: 10 - type: integer 
	Parameter def_WIDTH bound to: 10 - type: integer 
	Parameter sel_WIDTH bound to: 5 - type: integer 
	Parameter dout_WIDTH bound to: 10 - type: integer 
	Parameter CASE0 bound to: 5'b00000 
	Parameter CASE1 bound to: 5'b00001 
	Parameter CASE2 bound to: 5'b00010 
	Parameter CASE3 bound to: 5'b00011 
	Parameter CASE4 bound to: 5'b00100 
	Parameter CASE5 bound to: 5'b00101 
	Parameter CASE6 bound to: 5'b00110 
	Parameter CASE7 bound to: 5'b00111 
	Parameter CASE8 bound to: 5'b01000 
	Parameter CASE9 bound to: 5'b01001 
	Parameter CASE10 bound to: 5'b01010 
	Parameter CASE11 bound to: 5'b01011 
	Parameter CASE12 bound to: 5'b01100 
	Parameter CASE13 bound to: 5'b01101 
	Parameter CASE14 bound to: 5'b01110 
	Parameter CASE15 bound to: 5'b01111 
	Parameter CASE16 bound to: 5'b10000 
	Parameter CASE17 bound to: 5'b10001 
	Parameter CASE18 bound to: 5'b10010 
	Parameter CASE19 bound to: 5'b10011 
	Parameter CASE20 bound to: 5'b10100 
	Parameter CASE21 bound to: 5'b10101 
	Parameter CASE22 bound to: 5'b10110 
	Parameter CASE23 bound to: 5'b10111 
	Parameter CASE24 bound to: 5'b11000 
	Parameter CASE25 bound to: 5'b11001 
	Parameter CASE26 bound to: 5'b11010 
	Parameter CASE27 bound to: 5'b11011 
	Parameter CASE28 bound to: 5'b11100 
	Parameter ID bound to: 1 - type: integer 
	Parameter NUM_STAGE bound to: 1 - type: integer 
WARNING: [Synth 8-614] signal 'def' is read in the process but is not in the sensitivity list [/home/dabadjiev/smartpixels_ml_dsabadjiev/Muon_Collider_Smart_Pixels/eric/Results_June2026_99SigEff/model2.5_fin_results/model2_5_8bit_normalised_selected/pareto_primary/hls_outputs_vsynth/hls_model_trial_043/myproject_prj/solution1/syn/vhdl/myproject_sparsemux_59_5_10_1_1.vhd:211]
INFO: [Synth 8-256] done synthesizing module 'myproject_sparsemux_59_5_10_1_1' (0#1) [/home/dabadjiev/smartpixels_ml_dsabadjiev/Muon_Collider_Smart_Pixels/eric/Results_June2026_99SigEff/model2.5_fin_results/model2_5_8bit_normalised_selected/pareto_primary/hls_outputs_vsynth/hls_model_trial_043/myproject_prj/solution1/syn/vhdl/myproject_sparsemux_59_5_10_1_1.vhd:205]
	Parameter ID bound to: 1 - type: integer 
	Parameter NUM_STAGE bound to: 1 - type: integer 
	Parameter din0_WIDTH bound to: 10 - type: integer 
	Parameter din1_WIDTH bound to: 8 - type: integer 
	Parameter dout_WIDTH bound to: 18 - type: integer 
INFO: [Synth 8-638] synthesizing module 'myproject_mul_10ns_8s_18_1_1' [/home/dabadjiev/smartpixels_ml_dsabadjiev/Muon_Collider_Smart_Pixels/eric/Results_June2026_99SigEff/model2.5_fin_results/model2_5_8bit_normalised_selected/pareto_primary/hls_outputs_vsynth/hls_model_trial_043/myproject_prj/solution1/syn/vhdl/myproject_mul_10ns_8s_18_1_1.vhd:26]
	Parameter ID bound to: 1 - type: integer 
	Parameter NUM_STAGE bound to: 1 - type: integer 
	Parameter din0_WIDTH bound to: 10 - type: integer 
	Parameter din1_WIDTH bound to: 8 - type: integer 
	Parameter dout_WIDTH bound to: 18 - type: integer 
INFO: [Synth 8-256] done synthesizing module 'myproject_mul_10ns_8s_18_1_1' (0#1) [/home/dabadjiev/smartpixels_ml_dsabadjiev/Muon_Collider_Smart_Pixels/eric/Results_June2026_99SigEff/model2.5_fin_results/model2_5_8bit_normalised_selected/pareto_primary/hls_outputs_vsynth/hls_model_trial_043/myproject_prj/solution1/syn/vhdl/myproject_mul_10ns_8s_18_1_1.vhd:26]
	Parameter ID bound to: 1 - type: integer 
	Parameter NUM_STAGE bound to: 1 - type: integer 
	Parameter CASE0 bound to: 5'b00000 
	Parameter din0_WIDTH bound to: 10 - type: integer 
	Parameter CASE1 bound to: 5'b00001 
	Parameter din1_WIDTH bound to: 10 - type: integer 
	Parameter CASE2 bound to: 5'b00010 
	Parameter din2_WIDTH bound to: 10 - type: integer 
	Parameter CASE3 bound to: 5'b00011 
	Parameter din3_WIDTH bound to: 10 - type: integer 
	Parameter CASE4 bound to: 5'b00100 
	Parameter din4_WIDTH bound to: 10 - type: integer 
	Parameter CASE5 bound to: 5'b00101 
	Parameter din5_WIDTH bound to: 10 - type: integer 
	Parameter CASE6 bound to: 5'b00110 
	Parameter din6_WIDTH bound to: 10 - type: integer 
	Parameter CASE7 bound to: 5'b00111 
	Parameter din7_WIDTH bound to: 10 - type: integer 
	Parameter CASE8 bound to: 5'b01000 
	Parameter din8_WIDTH bound to: 10 - type: integer 
	Parameter CASE9 bound to: 5'b01001 
	Parameter din9_WIDTH bound to: 10 - type: integer 
	Parameter CASE10 bound to: 5'b01010 
	Parameter din10_WIDTH bound to: 10 - type: integer 
	Parameter CASE11 bound to: 5'b01011 
	Parameter din11_WIDTH bound to: 10 - type: integer 
	Parameter CASE12 bound to: 5'b01100 
	Parameter din12_WIDTH bound to: 10 - type: integer 
	Parameter CASE13 bound to: 5'b01101 
	Parameter din13_WIDTH bound to: 10 - type: integer 
	Parameter CASE14 bound to: 5'b01110 
	Parameter din14_WIDTH bound to: 10 - type: integer 
	Parameter CASE15 bound to: 5'b01111 
	Parameter din15_WIDTH bound to: 10 - type: integer 
	Parameter CASE16 bound to: 5'b10000 
	Parameter din16_WIDTH bound to: 10 - type: integer 
	Parameter CASE17 bound to: 5'b10001 
	Parameter din17_WIDTH bound to: 10 - type: integer 
	Parameter CASE18 bound to: 5'b10010 
	Parameter din18_WIDTH bound to: 10 - type: integer 
	Parameter CASE19 bound to: 5'b10011 
	Parameter din19_WIDTH bound to: 10 - type: integer 
	Parameter CASE20 bound to: 5'b10100 
	Parameter din20_WIDTH bound to: 10 - type: integer 
	Parameter CASE21 bound to: 5'b10101 
	Parameter din21_WIDTH bound to: 10 - type: integer 
	Parameter CASE22 bound to: 5'b10110 
	Parameter din22_WIDTH bound to: 10 - type: integer 
	Parameter CASE23 bound to: 5'b10111 
	Parameter din23_WIDTH bound to: 10 - type: integer 
	Parameter CASE24 bound to: 5'b11000 
	Parameter din24_WIDTH bound to: 10 - type: integer 
	Parameter CASE25 bound to: 5'b11001 
	Parameter din25_WIDTH bound to: 10 - type: integer 
	Parameter CASE26 bound to: 5'b11010 
	Parameter din26_WIDTH bound to: 10 - type: integer 
	Parameter CASE27 bound to: 5'b11011 
	Parameter din27_WIDTH bound to: 10 - type: integer 
	Parameter CASE28 bound to: 5'b11100 
	Parameter din28_WIDTH bound to: 10 - type: integer 
	Parameter def_WIDTH bound to: 10 - type: integer 
	Parameter sel_WIDTH bound to: 5 - type: integer 
	Parameter dout_WIDTH bound to: 10 - type: integer 
	Parameter ID bound to: 1 - type: integer 
	Parameter NUM_STAGE bound to: 1 - type: integer 
	Parameter din0_WIDTH bound to: 10 - type: integer 
	Parameter din1_WIDTH bound to: 8 - type: integer 
	Parameter dout_WIDTH bound to: 18 - type: integer 
	Parameter ID bound to: 1 - type: integer 
	Parameter NUM_STAGE bound to: 1 - type: integer 
	Parameter din0_WIDTH bound to: 10 - type: integer 
	Parameter din1_WIDTH bound to: 8 - type: integer 
	Parameter dout_WIDTH bound to: 18 - type: integer 
	Parameter ID bound to: 1 - type: integer 
	Parameter NUM_STAGE bound to: 1 - type: integer 
	Parameter din0_WIDTH bound to: 10 - type: integer 
	Parameter din1_WIDTH bound to: 8 - type: integer 
	Parameter dout_WIDTH bound to: 18 - type: integer 
	Parameter ID bound to: 1 - type: integer 
	Parameter NUM_STAGE bound to: 1 - type: integer 
	Parameter din0_WIDTH bound to: 10 - type: integer 
	Parameter din1_WIDTH bound to: 8 - type: integer 
	Parameter dout_WIDTH bound to: 18 - type: integer 
	Parameter ID bound to: 1 - type: integer 
	Parameter NUM_STAGE bound to: 1 - type: integer 
	Parameter din0_WIDTH bound to: 10 - type: integer 
	Parameter din1_WIDTH bound to: 8 - type: integer 
	Parameter dout_WIDTH bound to: 18 - type: integer 
	Parameter ID bound to: 1 - type: integer 
	Parameter NUM_STAGE bound to: 1 - type: integer 
	Parameter din0_WIDTH bound to: 10 - type: integer 
	Parameter din1_WIDTH bound to: 8 - type: integer 
	Parameter dout_WIDTH bound to: 18 - type: integer 
	Parameter ID bound to: 1 - type: integer 
	Parameter NUM_STAGE bound to: 1 - type: integer 
	Parameter din0_WIDTH bound to: 10 - type: integer 
	Parameter din1_WIDTH bound to: 8 - type: integer 
	Parameter dout_WIDTH bound to: 18 - type: integer 
	Parameter ID bound to: 1 - type: integer 
	Parameter NUM_STAGE bound to: 1 - type: integer 
	Parameter din0_WIDTH bound to: 10 - type: integer 
	Parameter din1_WIDTH bound to: 8 - type: integer 
	Parameter dout_WIDTH bound to: 18 - type: integer 
	Parameter ID bound to: 1 - type: integer 
	Parameter NUM_STAGE bound to: 1 - type: integer 
	Parameter din0_WIDTH bound to: 10 - type: integer 
	Parameter din1_WIDTH bound to: 8 - type: integer 
	Parameter dout_WIDTH bound to: 18 - type: integer 
	Parameter ID bound to: 1 - type: integer 
	Parameter NUM_STAGE bound to: 1 - type: integer 
	Parameter din0_WIDTH bound to: 10 - type: integer 
	Parameter din1_WIDTH bound to: 8 - type: integer 
	Parameter dout_WIDTH bound to: 18 - type: integer 
	Parameter ID bound to: 1 - type: integer 
	Parameter NUM_STAGE bound to: 1 - type: integer 
	Parameter din0_WIDTH bound to: 10 - type: integer 
	Parameter din1_WIDTH bound to: 8 - type: integer 
	Parameter dout_WIDTH bound to: 18 - type: integer 
	Parameter ID bound to: 1 - type: integer 
	Parameter NUM_STAGE bound to: 1 - type: integer 
	Parameter din0_WIDTH bound to: 10 - type: integer 
	Parameter din1_WIDTH bound to: 8 - type: integer 
	Parameter dout_WIDTH bound to: 18 - type: integer 
	Parameter ID bound to: 1 - type: integer 
	Parameter NUM_STAGE bound to: 1 - type: integer 
	Parameter din0_WIDTH bound to: 10 - type: integer 
	Parameter din1_WIDTH bound to: 8 - type: integer 
	Parameter dout_WIDTH bound to: 18 - type: integer 
	Parameter ID bound to: 1 - type: integer 
	Parameter NUM_STAGE bound to: 1 - type: integer 
	Parameter din0_WIDTH bound to: 10 - type: integer 
	Parameter din1_WIDTH bound to: 8 - type: integer 
	Parameter dout_WIDTH bound to: 18 - type: integer 
	Parameter ID bound to: 1 - type: integer 
	Parameter NUM_STAGE bound to: 1 - type: integer 
	Parameter din0_WIDTH bound to: 10 - type: integer 
	Parameter din1_WIDTH bound to: 8 - type: integer 
	Parameter dout_WIDTH bound to: 18 - type: integer 
	Parameter ID bound to: 1 - type: integer 
	Parameter NUM_STAGE bound to: 1 - type: integer 
	Parameter din0_WIDTH bound to: 10 - type: integer 
	Parameter din1_WIDTH bound to: 8 - type: integer 
	Parameter dout_WIDTH bound to: 18 - type: integer 
	Parameter ID bound to: 1 - type: integer 
	Parameter NUM_STAGE bound to: 1 - type: integer 
	Parameter din0_WIDTH bound to: 10 - type: integer 
	Parameter din1_WIDTH bound to: 8 - type: integer 
	Parameter dout_WIDTH bound to: 18 - type: integer 
	Parameter ID bound to: 1 - type: integer 
	Parameter NUM_STAGE bound to: 1 - type: integer 
	Parameter din0_WIDTH bound to: 10 - type: integer 
	Parameter din1_WIDTH bound to: 8 - type: integer 
	Parameter dout_WIDTH bound to: 18 - type: integer 
	Parameter ID bound to: 1 - type: integer 
	Parameter NUM_STAGE bound to: 1 - type: integer 
	Parameter din0_WIDTH bound to: 10 - type: integer 
	Parameter din1_WIDTH bound to: 8 - type: integer 
	Parameter dout_WIDTH bound to: 18 - type: integer 
	Parameter ID bound to: 1 - type: integer 
	Parameter NUM_STAGE bound to: 1 - type: integer 
	Parameter din0_WIDTH bound to: 10 - type: integer 
	Parameter din1_WIDTH bound to: 8 - type: integer 
	Parameter dout_WIDTH bound to: 18 - type: integer 
	Parameter ID bound to: 1 - type: integer 
	Parameter NUM_STAGE bound to: 1 - type: integer 
	Parameter din0_WIDTH bound to: 10 - type: integer 
	Parameter din1_WIDTH bound to: 8 - type: integer 
	Parameter dout_WIDTH bound to: 18 - type: integer 
	Parameter ID bound to: 1 - type: integer 
	Parameter NUM_STAGE bound to: 1 - type: integer 
	Parameter din0_WIDTH bound to: 10 - type: integer 
	Parameter din1_WIDTH bound to: 8 - type: integer 
	Parameter dout_WIDTH bound to: 18 - type: integer 
	Parameter ID bound to: 1 - type: integer 
	Parameter NUM_STAGE bound to: 1 - type: integer 
	Parameter din0_WIDTH bound to: 10 - type: integer 
	Parameter din1_WIDTH bound to: 8 - type: integer 
	Parameter dout_WIDTH bound to: 18 - type: integer 
	Parameter ID bound to: 1 - type: integer 
	Parameter NUM_STAGE bound to: 1 - type: integer 
	Parameter din0_WIDTH bound to: 10 - type: integer 
	Parameter din1_WIDTH bound to: 8 - type: integer 
	Parameter dout_WIDTH bound to: 18 - type: integer 
	Parameter ID bound to: 1 - type: integer 
	Parameter NUM_STAGE bound to: 1 - type: integer 
	Parameter din0_WIDTH bound to: 10 - type: integer 
	Parameter din1_WIDTH bound to: 8 - type: integer 
	Parameter dout_WIDTH bound to: 18 - type: integer 
	Parameter ID bound to: 1 - type: integer 
	Parameter NUM_STAGE bound to: 1 - type: integer 
	Parameter din0_WIDTH bound to: 10 - type: integer 
	Parameter din1_WIDTH bound to: 8 - type: integer 
	Parameter dout_WIDTH bound to: 18 - type: integer 
	Parameter ID bound to: 1 - type: integer 
	Parameter NUM_STAGE bound to: 1 - type: integer 
	Parameter din0_WIDTH bound to: 10 - type: integer 
	Parameter din1_WIDTH bound to: 8 - type: integer 
	Parameter dout_WIDTH bound to: 18 - type: integer 
	Parameter ID bound to: 1 - type: integer 
	Parameter NUM_STAGE bound to: 1 - type: integer 
	Parameter din0_WIDTH bound to: 10 - type: integer 
	Parameter din1_WIDTH bound to: 8 - type: integer 
	Parameter dout_WIDTH bound to: 18 - type: integer 
	Parameter ID bound to: 1 - type: integer 
	Parameter NUM_STAGE bound to: 1 - type: integer 
	Parameter din0_WIDTH bound to: 10 - type: integer 
	Parameter din1_WIDTH bound to: 8 - type: integer 
	Parameter dout_WIDTH bound to: 18 - type: integer 
	Parameter ID bound to: 1 - type: integer 
	Parameter NUM_STAGE bound to: 1 - type: integer 
	Parameter din0_WIDTH bound to: 10 - type: integer 
	Parameter din1_WIDTH bound to: 8 - type: integer 
	Parameter dout_WIDTH bound to: 18 - type: integer 
	Parameter ID bound to: 1 - type: integer 
	Parameter NUM_STAGE bound to: 1 - type: integer 
	Parameter din0_WIDTH bound to: 10 - type: integer 
	Parameter din1_WIDTH bound to: 8 - type: integer 
	Parameter dout_WIDTH bound to: 18 - type: integer 
	Parameter ID bound to: 1 - type: integer 
	Parameter NUM_STAGE bound to: 1 - type: integer 
	Parameter din0_WIDTH bound to: 10 - type: integer 
	Parameter din1_WIDTH bound to: 8 - type: integer 
	Parameter dout_WIDTH bound to: 18 - type: integer 
	Parameter ID bound to: 1 - type: integer 
	Parameter NUM_STAGE bound to: 1 - type: integer 
	Parameter din0_WIDTH bound to: 10 - type: integer 
	Parameter din1_WIDTH bound to: 8 - type: integer 
	Parameter dout_WIDTH bound to: 18 - type: integer 
	Parameter ID bound to: 1 - type: integer 
	Parameter NUM_STAGE bound to: 1 - type: integer 
	Parameter din0_WIDTH bound to: 10 - type: integer 
	Parameter din1_WIDTH bound to: 8 - type: integer 
	Parameter dout_WIDTH bound to: 18 - type: integer 
	Parameter ID bound to: 1 - type: integer 
	Parameter NUM_STAGE bound to: 1 - type: integer 
	Parameter din0_WIDTH bound to: 10 - type: integer 
	Parameter din1_WIDTH bound to: 8 - type: integer 
	Parameter dout_WIDTH bound to: 18 - type: integer 
	Parameter ID bound to: 1 - type: integer 
	Parameter NUM_STAGE bound to: 1 - type: integer 
	Parameter din0_WIDTH bound to: 10 - type: integer 
	Parameter din1_WIDTH bound to: 8 - type: integer 
	Parameter dout_WIDTH bound to: 18 - type: integer 
	Parameter ID bound to: 1 - type: integer 
	Parameter NUM_STAGE bound to: 1 - type: integer 
	Parameter din0_WIDTH bound to: 10 - type: integer 
	Parameter din1_WIDTH bound to: 8 - type: integer 
	Parameter dout_WIDTH bound to: 18 - type: integer 
	Parameter ID bound to: 1 - type: integer 
	Parameter NUM_STAGE bound to: 1 - type: integer 
	Parameter din0_WIDTH bound to: 10 - type: integer 
	Parameter din1_WIDTH bound to: 8 - type: integer 
	Parameter dout_WIDTH bound to: 18 - type: integer 
	Parameter ID bound to: 1 - type: integer 
	Parameter NUM_STAGE bound to: 1 - type: integer 
	Parameter din0_WIDTH bound to: 10 - type: integer 
	Parameter din1_WIDTH bound to: 8 - type: integer 
	Parameter dout_WIDTH bound to: 18 - type: integer 
	Parameter ID bound to: 1 - type: integer 
	Parameter NUM_STAGE bound to: 1 - type: integer 
	Parameter din0_WIDTH bound to: 10 - type: integer 
	Parameter din1_WIDTH bound to: 8 - type: integer 
	Parameter dout_WIDTH bound to: 18 - type: integer 
	Parameter ID bound to: 1 - type: integer 
	Parameter NUM_STAGE bound to: 1 - type: integer 
	Parameter din0_WIDTH bound to: 10 - type: integer 
	Parameter din1_WIDTH bound to: 8 - type: integer 
	Parameter dout_WIDTH bound to: 18 - type: integer 
	Parameter ID bound to: 1 - type: integer 
	Parameter NUM_STAGE bound to: 1 - type: integer 
	Parameter din0_WIDTH bound to: 10 - type: integer 
	Parameter din1_WIDTH bound to: 8 - type: integer 
	Parameter dout_WIDTH bound to: 18 - type: integer 
	Parameter ID bound to: 1 - type: integer 
	Parameter NUM_STAGE bound to: 1 - type: integer 
	Parameter din0_WIDTH bound to: 10 - type: integer 
	Parameter din1_WIDTH bound to: 8 - type: integer 
	Parameter dout_WIDTH bound to: 18 - type: integer 
	Parameter ID bound to: 1 - type: integer 
	Parameter NUM_STAGE bound to: 1 - type: integer 
	Parameter din0_WIDTH bound to: 10 - type: integer 
	Parameter din1_WIDTH bound to: 8 - type: integer 
	Parameter dout_WIDTH bound to: 18 - type: integer 
	Parameter ID bound to: 1 - type: integer 
	Parameter NUM_STAGE bound to: 1 - type: integer 
	Parameter din0_WIDTH bound to: 10 - type: integer 
	Parameter din1_WIDTH bound to: 8 - type: integer 
	Parameter dout_WIDTH bound to: 18 - type: integer 
	Parameter ID bound to: 1 - type: integer 
	Parameter NUM_STAGE bound to: 1 - type: integer 
	Parameter din0_WIDTH bound to: 10 - type: integer 
	Parameter din1_WIDTH bound to: 8 - type: integer 
	Parameter dout_WIDTH bound to: 18 - type: integer 
	Parameter ID bound to: 1 - type: integer 
	Parameter NUM_STAGE bound to: 1 - type: integer 
	Parameter din0_WIDTH bound to: 10 - type: integer 
	Parameter din1_WIDTH bound to: 8 - type: integer 
	Parameter dout_WIDTH bound to: 18 - type: integer 
	Parameter ID bound to: 1 - type: integer 
	Parameter NUM_STAGE bound to: 1 - type: integer 
	Parameter din0_WIDTH bound to: 10 - type: integer 
	Parameter din1_WIDTH bound to: 8 - type: integer 
	Parameter dout_WIDTH bound to: 18 - type: integer 
	Parameter ID bound to: 1 - type: integer 
	Parameter NUM_STAGE bound to: 1 - type: integer 
	Parameter din0_WIDTH bound to: 10 - type: integer 
	Parameter din1_WIDTH bound to: 8 - type: integer 
	Parameter dout_WIDTH bound to: 18 - type: integer 
	Parameter ID bound to: 1 - type: integer 
	Parameter NUM_STAGE bound to: 1 - type: integer 
	Parameter din0_WIDTH bound to: 10 - type: integer 
	Parameter din1_WIDTH bound to: 8 - type: integer 
	Parameter dout_WIDTH bound to: 18 - type: integer 
	Parameter ID bound to: 1 - type: integer 
	Parameter NUM_STAGE bound to: 1 - type: integer 
	Parameter din0_WIDTH bound to: 10 - type: integer 
	Parameter din1_WIDTH bound to: 8 - type: integer 
	Parameter dout_WIDTH bound to: 18 - type: integer 
	Parameter ID bound to: 1 - type: integer 
	Parameter NUM_STAGE bound to: 1 - type: integer 
	Parameter din0_WIDTH bound to: 10 - type: integer 
	Parameter din1_WIDTH bound to: 8 - type: integer 
	Parameter dout_WIDTH bound to: 18 - type: integer 
	Parameter ID bound to: 1 - type: integer 
	Parameter NUM_STAGE bound to: 1 - type: integer 
	Parameter din0_WIDTH bound to: 10 - type: integer 
	Parameter din1_WIDTH bound to: 8 - type: integer 
	Parameter dout_WIDTH bound to: 18 - type: integer 
	Parameter ID bound to: 1 - type: integer 
	Parameter NUM_STAGE bound to: 1 - type: integer 
	Parameter din0_WIDTH bound to: 10 - type: integer 
	Parameter din1_WIDTH bound to: 8 - type: integer 
	Parameter dout_WIDTH bound to: 18 - type: integer 
	Parameter ID bound to: 1 - type: integer 
	Parameter NUM_STAGE bound to: 1 - type: integer 
	Parameter din0_WIDTH bound to: 10 - type: integer 
	Parameter din1_WIDTH bound to: 8 - type: integer 
	Parameter dout_WIDTH bound to: 18 - type: integer 
INFO: [Synth 8-256] done synthesizing module 'myproject_dense_resource_ap_fixed_16_6_5_3_0_ap_fixed_16_6_5_3_0_config21_s' (0#1) [/home/dabadjiev/smartpixels_ml_dsabadjiev/Muon_Collider_Smart_Pixels/eric/Results_June2026_99SigEff/model2.5_fin_results/model2_5_8bit_normalised_selected/pareto_primary/hls_outputs_vsynth/hls_model_trial_043/myproject_prj/solution1/syn/vhdl/myproject_dense_resource_ap_fixed_16_6_5_3_0_ap_fixed_16_6_5_3_0_config21_s.vhd:143]
INFO: [Synth 8-638] synthesizing module 'myproject_relu_ap_fixed_16_6_5_3_0_ap_ufixed_8_0_4_0_0_relu_config23_s' [/home/dabadjiev/smartpixels_ml_dsabadjiev/Muon_Collider_Smart_Pixels/eric/Results_June2026_99SigEff/model2.5_fin_results/model2_5_8bit_normalised_selected/pareto_primary/hls_outputs_vsynth/hls_model_trial_043/myproject_prj/solution1/syn/vhdl/myproject_relu_ap_fixed_16_6_5_3_0_ap_ufixed_8_0_4_0_0_relu_config23_s.vhd:80]
INFO: [Synth 8-256] done synthesizing module 'myproject_relu_ap_fixed_16_6_5_3_0_ap_ufixed_8_0_4_0_0_relu_config23_s' (0#1) [/home/dabadjiev/smartpixels_ml_dsabadjiev/Muon_Collider_Smart_Pixels/eric/Results_June2026_99SigEff/model2.5_fin_results/model2_5_8bit_normalised_selected/pareto_primary/hls_outputs_vsynth/hls_model_trial_043/myproject_prj/solution1/syn/vhdl/myproject_relu_ap_fixed_16_6_5_3_0_ap_ufixed_8_0_4_0_0_relu_config23_s.vhd:80]
INFO: [Synth 8-638] synthesizing module 'myproject_dense_resource_ap_ufixed_8_0_4_0_0_ap_fixed_16_6_5_3_0_config24_s' [/home/dabadjiev/smartpixels_ml_dsabadjiev/Muon_Collider_Smart_Pixels/eric/Results_June2026_99SigEff/model2.5_fin_results/model2_5_8bit_normalised_selected/pareto_primary/hls_outputs_vsynth/hls_model_trial_043/myproject_prj/solution1/syn/vhdl/myproject_dense_resource_ap_ufixed_8_0_4_0_0_ap_fixed_16_6_5_3_0_config24_s.vhd:77]
	Parameter ID bound to: 1 - type: integer 
	Parameter NUM_STAGE bound to: 1 - type: integer 
	Parameter CASE0 bound to: 4'b0000 
	Parameter din0_WIDTH bound to: 8 - type: integer 
	Parameter CASE1 bound to: 4'b0001 
	Parameter din1_WIDTH bound to: 8 - type: integer 
	Parameter CASE2 bound to: 4'b0010 
	Parameter din2_WIDTH bound to: 8 - type: integer 
	Parameter CASE3 bound to: 4'b0011 
	Parameter din3_WIDTH bound to: 8 - type: integer 
	Parameter CASE4 bound to: 4'b0100 
	Parameter din4_WIDTH bound to: 8 - type: integer 
	Parameter CASE5 bound to: 4'b0101 
	Parameter din5_WIDTH bound to: 8 - type: integer 
	Parameter CASE6 bound to: 4'b0110 
	Parameter din6_WIDTH bound to: 8 - type: integer 
	Parameter CASE7 bound to: 4'b0111 
	Parameter din7_WIDTH bound to: 8 - type: integer 
	Parameter CASE8 bound to: 4'b1000 
	Parameter din8_WIDTH bound to: 8 - type: integer 
	Parameter CASE9 bound to: 4'b1001 
	Parameter din9_WIDTH bound to: 8 - type: integer 
	Parameter CASE10 bound to: 4'b1010 
	Parameter din10_WIDTH bound to: 8 - type: integer 
	Parameter CASE11 bound to: 4'b1011 
	Parameter din11_WIDTH bound to: 8 - type: integer 
	Parameter CASE12 bound to: 4'b1100 
	Parameter din12_WIDTH bound to: 8 - type: integer 
	Parameter CASE13 bound to: 4'b1101 
	Parameter din13_WIDTH bound to: 8 - type: integer 
	Parameter def_WIDTH bound to: 8 - type: integer 
	Parameter sel_WIDTH bound to: 4 - type: integer 
	Parameter dout_WIDTH bound to: 8 - type: integer 
INFO: [Synth 8-638] synthesizing module 'myproject_sparsemux_29_4_8_1_1' [/home/dabadjiev/smartpixels_ml_dsabadjiev/Muon_Collider_Smart_Pixels/eric/Results_June2026_99SigEff/model2.5_fin_results/model2_5_8bit_normalised_selected/pareto_primary/hls_outputs_vsynth/hls_model_trial_043/myproject_prj/solution1/syn/vhdl/myproject_sparsemux_29_4_8_1_1.vhd:115]
	Parameter din0_WIDTH bound to: 8 - type: integer 
	Parameter din1_WIDTH bound to: 8 - type: integer 
	Parameter din2_WIDTH bound to: 8 - type: integer 
	Parameter din3_WIDTH bound to: 8 - type: integer 
	Parameter din4_WIDTH bound to: 8 - type: integer 
	Parameter din5_WIDTH bound to: 8 - type: integer 
	Parameter din6_WIDTH bound to: 8 - type: integer 
	Parameter din7_WIDTH bound to: 8 - type: integer 
	Parameter din8_WIDTH bound to: 8 - type: integer 
	Parameter din9_WIDTH bound to: 8 - type: integer 
	Parameter din10_WIDTH bound to: 8 - type: integer 
	Parameter din11_WIDTH bound to: 8 - type: integer 
	Parameter din12_WIDTH bound to: 8 - type: integer 
	Parameter din13_WIDTH bound to: 8 - type: integer 
	Parameter def_WIDTH bound to: 8 - type: integer 
	Parameter sel_WIDTH bound to: 4 - type: integer 
	Parameter dout_WIDTH bound to: 8 - type: integer 
	Parameter CASE0 bound to: 4'b0000 
	Parameter CASE1 bound to: 4'b0001 
	Parameter CASE2 bound to: 4'b0010 
	Parameter CASE3 bound to: 4'b0011 
	Parameter CASE4 bound to: 4'b0100 
	Parameter CASE5 bound to: 4'b0101 
	Parameter CASE6 bound to: 4'b0110 
	Parameter CASE7 bound to: 4'b0111 
	Parameter CASE8 bound to: 4'b1000 
	Parameter CASE9 bound to: 4'b1001 
	Parameter CASE10 bound to: 4'b1010 
	Parameter CASE11 bound to: 4'b1011 
	Parameter CASE12 bound to: 4'b1100 
	Parameter CASE13 bound to: 4'b1101 
	Parameter ID bound to: 1 - type: integer 
	Parameter NUM_STAGE bound to: 1 - type: integer 
WARNING: [Synth 8-614] signal 'def' is read in the process but is not in the sensitivity list [/home/dabadjiev/smartpixels_ml_dsabadjiev/Muon_Collider_Smart_Pixels/eric/Results_June2026_99SigEff/model2.5_fin_results/model2_5_8bit_normalised_selected/pareto_primary/hls_outputs_vsynth/hls_model_trial_043/myproject_prj/solution1/syn/vhdl/myproject_sparsemux_29_4_8_1_1.vhd:121]
INFO: [Synth 8-256] done synthesizing module 'myproject_sparsemux_29_4_8_1_1' (0#1) [/home/dabadjiev/smartpixels_ml_dsabadjiev/Muon_Collider_Smart_Pixels/eric/Results_June2026_99SigEff/model2.5_fin_results/model2_5_8bit_normalised_selected/pareto_primary/hls_outputs_vsynth/hls_model_trial_043/myproject_prj/solution1/syn/vhdl/myproject_sparsemux_29_4_8_1_1.vhd:115]
	Parameter ID bound to: 1 - type: integer 
	Parameter NUM_STAGE bound to: 1 - type: integer 
	Parameter din0_WIDTH bound to: 8 - type: integer 
	Parameter din1_WIDTH bound to: 8 - type: integer 
	Parameter dout_WIDTH bound to: 16 - type: integer 
INFO: [Synth 8-638] synthesizing module 'myproject_mul_8s_8ns_16_1_1' [/home/dabadjiev/smartpixels_ml_dsabadjiev/Muon_Collider_Smart_Pixels/eric/Results_June2026_99SigEff/model2.5_fin_results/model2_5_8bit_normalised_selected/pareto_primary/hls_outputs_vsynth/hls_model_trial_043/myproject_prj/solution1/syn/vhdl/myproject_mul_8s_8ns_16_1_1.vhd:26]
	Parameter ID bound to: 1 - type: integer 
	Parameter NUM_STAGE bound to: 1 - type: integer 
	Parameter din0_WIDTH bound to: 8 - type: integer 
	Parameter din1_WIDTH bound to: 8 - type: integer 
	Parameter dout_WIDTH bound to: 16 - type: integer 
INFO: [Synth 8-256] done synthesizing module 'myproject_mul_8s_8ns_16_1_1' (0#1) [/home/dabadjiev/smartpixels_ml_dsabadjiev/Muon_Collider_Smart_Pixels/eric/Results_June2026_99SigEff/model2.5_fin_results/model2_5_8bit_normalised_selected/pareto_primary/hls_outputs_vsynth/hls_model_trial_043/myproject_prj/solution1/syn/vhdl/myproject_mul_8s_8ns_16_1_1.vhd:26]
	Parameter ID bound to: 1 - type: integer 
	Parameter NUM_STAGE bound to: 1 - type: integer 
	Parameter CASE0 bound to: 4'b0000 
	Parameter din0_WIDTH bound to: 8 - type: integer 
	Parameter CASE1 bound to: 4'b0001 
	Parameter din1_WIDTH bound to: 8 - type: integer 
	Parameter CASE2 bound to: 4'b0010 
	Parameter din2_WIDTH bound to: 8 - type: integer 
	Parameter CASE3 bound to: 4'b0011 
	Parameter din3_WIDTH bound to: 8 - type: integer 
	Parameter CASE4 bound to: 4'b0100 
	Parameter din4_WIDTH bound to: 8 - type: integer 
	Parameter CASE5 bound to: 4'b0101 
	Parameter din5_WIDTH bound to: 8 - type: integer 
	Parameter CASE6 bound to: 4'b0110 
	Parameter din6_WIDTH bound to: 8 - type: integer 
	Parameter CASE7 bound to: 4'b0111 
	Parameter din7_WIDTH bound to: 8 - type: integer 
	Parameter CASE8 bound to: 4'b1000 
	Parameter din8_WIDTH bound to: 8 - type: integer 
	Parameter CASE9 bound to: 4'b1001 
	Parameter din9_WIDTH bound to: 8 - type: integer 
	Parameter CASE10 bound to: 4'b1010 
	Parameter din10_WIDTH bound to: 8 - type: integer 
	Parameter CASE11 bound to: 4'b1011 
	Parameter din11_WIDTH bound to: 8 - type: integer 
	Parameter CASE12 bound to: 4'b1100 
	Parameter din12_WIDTH bound to: 8 - type: integer 
	Parameter CASE13 bound to: 4'b1101 
	Parameter din13_WIDTH bound to: 8 - type: integer 
	Parameter def_WIDTH bound to: 8 - type: integer 
	Parameter sel_WIDTH bound to: 4 - type: integer 
	Parameter dout_WIDTH bound to: 8 - type: integer 
	Parameter ID bound to: 1 - type: integer 
	Parameter NUM_STAGE bound to: 1 - type: integer 
	Parameter din0_WIDTH bound to: 8 - type: integer 
	Parameter din1_WIDTH bound to: 8 - type: integer 
	Parameter dout_WIDTH bound to: 16 - type: integer 
	Parameter ID bound to: 1 - type: integer 
	Parameter NUM_STAGE bound to: 1 - type: integer 
	Parameter din0_WIDTH bound to: 8 - type: integer 
	Parameter din1_WIDTH bound to: 8 - type: integer 
	Parameter dout_WIDTH bound to: 16 - type: integer 
	Parameter ID bound to: 1 - type: integer 
	Parameter NUM_STAGE bound to: 1 - type: integer 
	Parameter din0_WIDTH bound to: 8 - type: integer 
	Parameter din1_WIDTH bound to: 8 - type: integer 
	Parameter dout_WIDTH bound to: 16 - type: integer 
	Parameter ID bound to: 1 - type: integer 
	Parameter NUM_STAGE bound to: 1 - type: integer 
	Parameter din0_WIDTH bound to: 8 - type: integer 
	Parameter din1_WIDTH bound to: 8 - type: integer 
	Parameter dout_WIDTH bound to: 16 - type: integer 
	Parameter ID bound to: 1 - type: integer 
	Parameter NUM_STAGE bound to: 1 - type: integer 
	Parameter din0_WIDTH bound to: 8 - type: integer 
	Parameter din1_WIDTH bound to: 8 - type: integer 
	Parameter dout_WIDTH bound to: 16 - type: integer 
	Parameter ID bound to: 1 - type: integer 
	Parameter NUM_STAGE bound to: 1 - type: integer 
	Parameter din0_WIDTH bound to: 8 - type: integer 
	Parameter din1_WIDTH bound to: 8 - type: integer 
	Parameter dout_WIDTH bound to: 16 - type: integer 
	Parameter ID bound to: 1 - type: integer 
	Parameter NUM_STAGE bound to: 1 - type: integer 
	Parameter din0_WIDTH bound to: 8 - type: integer 
	Parameter din1_WIDTH bound to: 8 - type: integer 
	Parameter dout_WIDTH bound to: 16 - type: integer 
	Parameter ID bound to: 1 - type: integer 
	Parameter NUM_STAGE bound to: 1 - type: integer 
	Parameter din0_WIDTH bound to: 8 - type: integer 
	Parameter din1_WIDTH bound to: 8 - type: integer 
	Parameter dout_WIDTH bound to: 16 - type: integer 
	Parameter ID bound to: 1 - type: integer 
	Parameter NUM_STAGE bound to: 1 - type: integer 
	Parameter din0_WIDTH bound to: 8 - type: integer 
	Parameter din1_WIDTH bound to: 8 - type: integer 
	Parameter dout_WIDTH bound to: 16 - type: integer 
	Parameter ID bound to: 1 - type: integer 
	Parameter NUM_STAGE bound to: 1 - type: integer 
	Parameter din0_WIDTH bound to: 8 - type: integer 
	Parameter din1_WIDTH bound to: 8 - type: integer 
	Parameter dout_WIDTH bound to: 16 - type: integer 
	Parameter ID bound to: 1 - type: integer 
	Parameter NUM_STAGE bound to: 1 - type: integer 
	Parameter din0_WIDTH bound to: 8 - type: integer 
	Parameter din1_WIDTH bound to: 8 - type: integer 
	Parameter dout_WIDTH bound to: 16 - type: integer 
	Parameter ID bound to: 1 - type: integer 
	Parameter NUM_STAGE bound to: 1 - type: integer 
	Parameter din0_WIDTH bound to: 8 - type: integer 
	Parameter din1_WIDTH bound to: 8 - type: integer 
	Parameter dout_WIDTH bound to: 16 - type: integer 
	Parameter ID bound to: 1 - type: integer 
	Parameter NUM_STAGE bound to: 1 - type: integer 
	Parameter din0_WIDTH bound to: 8 - type: integer 
	Parameter din1_WIDTH bound to: 8 - type: integer 
	Parameter dout_WIDTH bound to: 16 - type: integer 
	Parameter ID bound to: 1 - type: integer 
	Parameter NUM_STAGE bound to: 1 - type: integer 
	Parameter din0_WIDTH bound to: 8 - type: integer 
	Parameter din1_WIDTH bound to: 8 - type: integer 
	Parameter dout_WIDTH bound to: 16 - type: integer 
	Parameter ID bound to: 1 - type: integer 
	Parameter NUM_STAGE bound to: 1 - type: integer 
	Parameter din0_WIDTH bound to: 8 - type: integer 
	Parameter din1_WIDTH bound to: 8 - type: integer 
	Parameter dout_WIDTH bound to: 16 - type: integer 
	Parameter ID bound to: 1 - type: integer 
	Parameter NUM_STAGE bound to: 1 - type: integer 
	Parameter din0_WIDTH bound to: 8 - type: integer 
	Parameter din1_WIDTH bound to: 8 - type: integer 
	Parameter dout_WIDTH bound to: 16 - type: integer 
	Parameter ID bound to: 1 - type: integer 
	Parameter NUM_STAGE bound to: 1 - type: integer 
	Parameter din0_WIDTH bound to: 8 - type: integer 
	Parameter din1_WIDTH bound to: 8 - type: integer 
	Parameter dout_WIDTH bound to: 16 - type: integer 
	Parameter ID bound to: 1 - type: integer 
	Parameter NUM_STAGE bound to: 1 - type: integer 
	Parameter din0_WIDTH bound to: 8 - type: integer 
	Parameter din1_WIDTH bound to: 8 - type: integer 
	Parameter dout_WIDTH bound to: 16 - type: integer 
	Parameter ID bound to: 1 - type: integer 
	Parameter NUM_STAGE bound to: 1 - type: integer 
	Parameter din0_WIDTH bound to: 8 - type: integer 
	Parameter din1_WIDTH bound to: 8 - type: integer 
	Parameter dout_WIDTH bound to: 16 - type: integer 
INFO: [Synth 8-256] done synthesizing module 'myproject_dense_resource_ap_ufixed_8_0_4_0_0_ap_fixed_16_6_5_3_0_config24_s' (0#1) [/home/dabadjiev/smartpixels_ml_dsabadjiev/Muon_Collider_Smart_Pixels/eric/Results_June2026_99SigEff/model2.5_fin_results/model2_5_8bit_normalised_selected/pareto_primary/hls_outputs_vsynth/hls_model_trial_043/myproject_prj/solution1/syn/vhdl/myproject_dense_resource_ap_ufixed_8_0_4_0_0_ap_fixed_16_6_5_3_0_config24_s.vhd:77]
INFO: [Synth 8-638] synthesizing module 'myproject_relu_ap_fixed_16_6_5_3_0_ap_ufixed_8_0_4_0_0_relu_config26_s' [/home/dabadjiev/smartpixels_ml_dsabadjiev/Muon_Collider_Smart_Pixels/eric/Results_June2026_99SigEff/model2.5_fin_results/model2_5_8bit_normalised_selected/pareto_primary/hls_outputs_vsynth/hls_model_trial_043/myproject_prj/solution1/syn/vhdl/myproject_relu_ap_fixed_16_6_5_3_0_ap_ufixed_8_0_4_0_0_relu_config26_s.vhd:44]
INFO: [Synth 8-256] done synthesizing module 'myproject_relu_ap_fixed_16_6_5_3_0_ap_ufixed_8_0_4_0_0_relu_config26_s' (0#1) [/home/dabadjiev/smartpixels_ml_dsabadjiev/Muon_Collider_Smart_Pixels/eric/Results_June2026_99SigEff/model2.5_fin_results/model2_5_8bit_normalised_selected/pareto_primary/hls_outputs_vsynth/hls_model_trial_043/myproject_prj/solution1/syn/vhdl/myproject_relu_ap_fixed_16_6_5_3_0_ap_ufixed_8_0_4_0_0_relu_config26_s.vhd:44]
INFO: [Synth 8-638] synthesizing module 'myproject_dense_resource_ap_ufixed_8_0_4_0_0_ap_fixed_16_6_5_3_0_config27_s' [/home/dabadjiev/smartpixels_ml_dsabadjiev/Muon_Collider_Smart_Pixels/eric/Results_June2026_99SigEff/model2.5_fin_results/model2_5_8bit_normalised_selected/pareto_primary/hls_outputs_vsynth/hls_model_trial_043/myproject_prj/solution1/syn/vhdl/myproject_dense_resource_ap_ufixed_8_0_4_0_0_ap_fixed_16_6_5_3_0_config27_s.vhd:38]
	Parameter ID bound to: 1 - type: integer 
	Parameter NUM_STAGE bound to: 1 - type: integer 
	Parameter CASE0 bound to: 4'b0000 
	Parameter din0_WIDTH bound to: 8 - type: integer 
	Parameter CASE1 bound to: 4'b0001 
	Parameter din1_WIDTH bound to: 8 - type: integer 
	Parameter CASE2 bound to: 4'b0010 
	Parameter din2_WIDTH bound to: 8 - type: integer 
	Parameter CASE3 bound to: 4'b0011 
	Parameter din3_WIDTH bound to: 8 - type: integer 
	Parameter CASE4 bound to: 4'b0100 
	Parameter din4_WIDTH bound to: 8 - type: integer 
	Parameter CASE5 bound to: 4'b0101 
	Parameter din5_WIDTH bound to: 8 - type: integer 
	Parameter CASE6 bound to: 4'b0110 
	Parameter din6_WIDTH bound to: 8 - type: integer 
	Parameter CASE7 bound to: 4'b0111 
	Parameter din7_WIDTH bound to: 8 - type: integer 
	Parameter CASE8 bound to: 4'b1000 
	Parameter din8_WIDTH bound to: 8 - type: integer 
	Parameter CASE9 bound to: 4'b1001 
	Parameter din9_WIDTH bound to: 8 - type: integer 
	Parameter def_WIDTH bound to: 8 - type: integer 
	Parameter sel_WIDTH bound to: 4 - type: integer 
	Parameter dout_WIDTH bound to: 8 - type: integer 
INFO: [Synth 8-638] synthesizing module 'myproject_sparsemux_21_4_8_1_1' [/home/dabadjiev/smartpixels_ml_dsabadjiev/Muon_Collider_Smart_Pixels/eric/Results_June2026_99SigEff/model2.5_fin_results/model2_5_8bit_normalised_selected/pareto_primary/hls_outputs_vsynth/hls_model_trial_043/myproject_prj/solution1/syn/vhdl/myproject_sparsemux_21_4_8_1_1.vhd:91]
	Parameter din0_WIDTH bound to: 8 - type: integer 
	Parameter din1_WIDTH bound to: 8 - type: integer 
	Parameter din2_WIDTH bound to: 8 - type: integer 
	Parameter din3_WIDTH bound to: 8 - type: integer 
	Parameter din4_WIDTH bound to: 8 - type: integer 
	Parameter din5_WIDTH bound to: 8 - type: integer 
	Parameter din6_WIDTH bound to: 8 - type: integer 
	Parameter din7_WIDTH bound to: 8 - type: integer 
	Parameter din8_WIDTH bound to: 8 - type: integer 
	Parameter din9_WIDTH bound to: 8 - type: integer 
	Parameter def_WIDTH bound to: 8 - type: integer 
	Parameter sel_WIDTH bound to: 4 - type: integer 
	Parameter dout_WIDTH bound to: 8 - type: integer 
	Parameter CASE0 bound to: 4'b0000 
	Parameter CASE1 bound to: 4'b0001 
	Parameter CASE2 bound to: 4'b0010 
	Parameter CASE3 bound to: 4'b0011 
	Parameter CASE4 bound to: 4'b0100 
	Parameter CASE5 bound to: 4'b0101 
	Parameter CASE6 bound to: 4'b0110 
	Parameter CASE7 bound to: 4'b0111 
	Parameter CASE8 bound to: 4'b1000 
	Parameter CASE9 bound to: 4'b1001 
	Parameter ID bound to: 1 - type: integer 
	Parameter NUM_STAGE bound to: 1 - type: integer 
WARNING: [Synth 8-614] signal 'def' is read in the process but is not in the sensitivity list [/home/dabadjiev/smartpixels_ml_dsabadjiev/Muon_Collider_Smart_Pixels/eric/Results_June2026_99SigEff/model2.5_fin_results/model2_5_8bit_normalised_selected/pareto_primary/hls_outputs_vsynth/hls_model_trial_043/myproject_prj/solution1/syn/vhdl/myproject_sparsemux_21_4_8_1_1.vhd:97]
INFO: [Synth 8-256] done synthesizing module 'myproject_sparsemux_21_4_8_1_1' (0#1) [/home/dabadjiev/smartpixels_ml_dsabadjiev/Muon_Collider_Smart_Pixels/eric/Results_June2026_99SigEff/model2.5_fin_results/model2_5_8bit_normalised_selected/pareto_primary/hls_outputs_vsynth/hls_model_trial_043/myproject_prj/solution1/syn/vhdl/myproject_sparsemux_21_4_8_1_1.vhd:91]
	Parameter ID bound to: 1 - type: integer 
	Parameter NUM_STAGE bound to: 1 - type: integer 
	Parameter din0_WIDTH bound to: 8 - type: integer 
	Parameter din1_WIDTH bound to: 8 - type: integer 
	Parameter dout_WIDTH bound to: 16 - type: integer 
INFO: [Synth 8-256] done synthesizing module 'myproject_dense_resource_ap_ufixed_8_0_4_0_0_ap_fixed_16_6_5_3_0_config27_s' (0#1) [/home/dabadjiev/smartpixels_ml_dsabadjiev/Muon_Collider_Smart_Pixels/eric/Results_June2026_99SigEff/model2.5_fin_results/model2_5_8bit_normalised_selected/pareto_primary/hls_outputs_vsynth/hls_model_trial_043/myproject_prj/solution1/syn/vhdl/myproject_dense_resource_ap_ufixed_8_0_4_0_0_ap_fixed_16_6_5_3_0_config27_s.vhd:38]
INFO: [Synth 8-638] synthesizing module 'myproject_hard_sigmoid_ap_fixed_ap_ufixed_8_0_4_0_0_hard_sigmoid_config29_s' [/home/dabadjiev/smartpixels_ml_dsabadjiev/Muon_Collider_Smart_Pixels/eric/Results_June2026_99SigEff/model2.5_fin_results/model2_5_8bit_normalised_selected/pareto_primary/hls_outputs_vsynth/hls_model_trial_043/myproject_prj/solution1/syn/vhdl/myproject_hard_sigmoid_ap_fixed_ap_ufixed_8_0_4_0_0_hard_sigmoid_config29_s.vhd:26]
INFO: [Synth 8-256] done synthesizing module 'myproject_hard_sigmoid_ap_fixed_ap_ufixed_8_0_4_0_0_hard_sigmoid_config29_s' (0#1) [/home/dabadjiev/smartpixels_ml_dsabadjiev/Muon_Collider_Smart_Pixels/eric/Results_June2026_99SigEff/model2.5_fin_results/model2_5_8bit_normalised_selected/pareto_primary/hls_outputs_vsynth/hls_model_trial_043/myproject_prj/solution1/syn/vhdl/myproject_hard_sigmoid_ap_fixed_ap_ufixed_8_0_4_0_0_hard_sigmoid_config29_s.vhd:26]
INFO: [Synth 8-638] synthesizing module 'myproject_fifo_w10_d2_S' [/home/dabadjiev/smartpixels_ml_dsabadjiev/Muon_Collider_Smart_Pixels/eric/Results_June2026_99SigEff/model2.5_fin_results/model2_5_8bit_normalised_selected/pareto_primary/hls_outputs_vsynth/hls_model_trial_043/myproject_prj/solution1/syn/vhdl/myproject_fifo_w10_d2_S.vhd:40]
	Parameter DATA_WIDTH bound to: 10 - type: integer 
	Parameter ADDR_WIDTH bound to: 2 - type: integer 
	Parameter DEPTH bound to: 2 - type: integer 
INFO: [Synth 8-638] synthesizing module 'myproject_fifo_w10_d2_S_ShiftReg' [/home/dabadjiev/smartpixels_ml_dsabadjiev/Muon_Collider_Smart_Pixels/eric/Results_June2026_99SigEff/model2.5_fin_results/model2_5_8bit_normalised_selected/pareto_primary/hls_outputs_vsynth/hls_model_trial_043/myproject_prj/solution1/syn/vhdl/myproject_fifo_w10_d2_S.vhd:179]
	Parameter DATA_WIDTH bound to: 10 - type: integer 
	Parameter ADDR_WIDTH bound to: 2 - type: integer 
	Parameter DEPTH bound to: 2 - type: integer 
INFO: [Synth 8-256] done synthesizing module 'myproject_fifo_w10_d2_S_ShiftReg' (0#1) [/home/dabadjiev/smartpixels_ml_dsabadjiev/Muon_Collider_Smart_Pixels/eric/Results_June2026_99SigEff/model2.5_fin_results/model2_5_8bit_normalised_selected/pareto_primary/hls_outputs_vsynth/hls_model_trial_043/myproject_prj/solution1/syn/vhdl/myproject_fifo_w10_d2_S.vhd:179]
INFO: [Synth 8-256] done synthesizing module 'myproject_fifo_w10_d2_S' (0#1) [/home/dabadjiev/smartpixels_ml_dsabadjiev/Muon_Collider_Smart_Pixels/eric/Results_June2026_99SigEff/model2.5_fin_results/model2_5_8bit_normalised_selected/pareto_primary/hls_outputs_vsynth/hls_model_trial_043/myproject_prj/solution1/syn/vhdl/myproject_fifo_w10_d2_S.vhd:40]
INFO: [Synth 8-638] synthesizing module 'myproject_fifo_w11_d2_S' [/home/dabadjiev/smartpixels_ml_dsabadjiev/Muon_Collider_Smart_Pixels/eric/Results_June2026_99SigEff/model2.5_fin_results/model2_5_8bit_normalised_selected/pareto_primary/hls_outputs_vsynth/hls_model_trial_043/myproject_prj/solution1/syn/vhdl/myproject_fifo_w11_d2_S.vhd:40]
	Parameter DATA_WIDTH bound to: 11 - type: integer 
	Parameter ADDR_WIDTH bound to: 2 - type: integer 
	Parameter DEPTH bound to: 2 - type: integer 
INFO: [Synth 8-638] synthesizing module 'myproject_fifo_w11_d2_S_ShiftReg' [/home/dabadjiev/smartpixels_ml_dsabadjiev/Muon_Collider_Smart_Pixels/eric/Results_June2026_99SigEff/model2.5_fin_results/model2_5_8bit_normalised_selected/pareto_primary/hls_outputs_vsynth/hls_model_trial_043/myproject_prj/solution1/syn/vhdl/myproject_fifo_w11_d2_S.vhd:179]
	Parameter DATA_WIDTH bound to: 11 - type: integer 
	Parameter ADDR_WIDTH bound to: 2 - type: integer 
	Parameter DEPTH bound to: 2 - type: integer 
INFO: [Synth 8-256] done synthesizing module 'myproject_fifo_w11_d2_S_ShiftReg' (0#1) [/home/dabadjiev/smartpixels_ml_dsabadjiev/Muon_Collider_Smart_Pixels/eric/Results_June2026_99SigEff/model2.5_fin_results/model2_5_8bit_normalised_selected/pareto_primary/hls_outputs_vsynth/hls_model_trial_043/myproject_prj/solution1/syn/vhdl/myproject_fifo_w11_d2_S.vhd:179]
INFO: [Synth 8-256] done synthesizing module 'myproject_fifo_w11_d2_S' (0#1) [/home/dabadjiev/smartpixels_ml_dsabadjiev/Muon_Collider_Smart_Pixels/eric/Results_June2026_99SigEff/model2.5_fin_results/model2_5_8bit_normalised_selected/pareto_primary/hls_outputs_vsynth/hls_model_trial_043/myproject_prj/solution1/syn/vhdl/myproject_fifo_w11_d2_S.vhd:40]
INFO: [Synth 8-638] synthesizing module 'myproject_fifo_w10_d3_S' [/home/dabadjiev/smartpixels_ml_dsabadjiev/Muon_Collider_Smart_Pixels/eric/Results_June2026_99SigEff/model2.5_fin_results/model2_5_8bit_normalised_selected/pareto_primary/hls_outputs_vsynth/hls_model_trial_043/myproject_prj/solution1/syn/vhdl/myproject_fifo_w10_d3_S.vhd:40]
	Parameter DATA_WIDTH bound to: 10 - type: integer 
	Parameter ADDR_WIDTH bound to: 2 - type: integer 
	Parameter DEPTH bound to: 3 - type: integer 
INFO: [Synth 8-638] synthesizing module 'myproject_fifo_w10_d3_S_ShiftReg' [/home/dabadjiev/smartpixels_ml_dsabadjiev/Muon_Collider_Smart_Pixels/eric/Results_June2026_99SigEff/model2.5_fin_results/model2_5_8bit_normalised_selected/pareto_primary/hls_outputs_vsynth/hls_model_trial_043/myproject_prj/solution1/syn/vhdl/myproject_fifo_w10_d3_S.vhd:179]
	Parameter DATA_WIDTH bound to: 10 - type: integer 
	Parameter ADDR_WIDTH bound to: 2 - type: integer 
	Parameter DEPTH bound to: 3 - type: integer 
INFO: [Synth 8-256] done synthesizing module 'myproject_fifo_w10_d3_S_ShiftReg' (0#1) [/home/dabadjiev/smartpixels_ml_dsabadjiev/Muon_Collider_Smart_Pixels/eric/Results_June2026_99SigEff/model2.5_fin_results/model2_5_8bit_normalised_selected/pareto_primary/hls_outputs_vsynth/hls_model_trial_043/myproject_prj/solution1/syn/vhdl/myproject_fifo_w10_d3_S.vhd:179]
INFO: [Synth 8-256] done synthesizing module 'myproject_fifo_w10_d3_S' (0#1) [/home/dabadjiev/smartpixels_ml_dsabadjiev/Muon_Collider_Smart_Pixels/eric/Results_June2026_99SigEff/model2.5_fin_results/model2_5_8bit_normalised_selected/pareto_primary/hls_outputs_vsynth/hls_model_trial_043/myproject_prj/solution1/syn/vhdl/myproject_fifo_w10_d3_S.vhd:40]
INFO: [Synth 8-638] synthesizing module 'myproject_fifo_w16_d2_S' [/home/dabadjiev/smartpixels_ml_dsabadjiev/Muon_Collider_Smart_Pixels/eric/Results_June2026_99SigEff/model2.5_fin_results/model2_5_8bit_normalised_selected/pareto_primary/hls_outputs_vsynth/hls_model_trial_043/myproject_prj/solution1/syn/vhdl/myproject_fifo_w16_d2_S.vhd:40]
	Parameter DATA_WIDTH bound to: 16 - type: integer 
	Parameter ADDR_WIDTH bound to: 2 - type: integer 
	Parameter DEPTH bound to: 2 - type: integer 
INFO: [Synth 8-638] synthesizing module 'myproject_fifo_w16_d2_S_ShiftReg' [/home/dabadjiev/smartpixels_ml_dsabadjiev/Muon_Collider_Smart_Pixels/eric/Results_June2026_99SigEff/model2.5_fin_results/model2_5_8bit_normalised_selected/pareto_primary/hls_outputs_vsynth/hls_model_trial_043/myproject_prj/solution1/syn/vhdl/myproject_fifo_w16_d2_S.vhd:179]
	Parameter DATA_WIDTH bound to: 16 - type: integer 
	Parameter ADDR_WIDTH bound to: 2 - type: integer 
	Parameter DEPTH bound to: 2 - type: integer 
INFO: [Synth 8-256] done synthesizing module 'myproject_fifo_w16_d2_S_ShiftReg' (0#1) [/home/dabadjiev/smartpixels_ml_dsabadjiev/Muon_Collider_Smart_Pixels/eric/Results_June2026_99SigEff/model2.5_fin_results/model2_5_8bit_normalised_selected/pareto_primary/hls_outputs_vsynth/hls_model_trial_043/myproject_prj/solution1/syn/vhdl/myproject_fifo_w16_d2_S.vhd:179]
INFO: [Synth 8-256] done synthesizing module 'myproject_fifo_w16_d2_S' (0#1) [/home/dabadjiev/smartpixels_ml_dsabadjiev/Muon_Collider_Smart_Pixels/eric/Results_June2026_99SigEff/model2.5_fin_results/model2_5_8bit_normalised_selected/pareto_primary/hls_outputs_vsynth/hls_model_trial_043/myproject_prj/solution1/syn/vhdl/myproject_fifo_w16_d2_S.vhd:40]
INFO: [Synth 8-638] synthesizing module 'myproject_fifo_w8_d2_S' [/home/dabadjiev/smartpixels_ml_dsabadjiev/Muon_Collider_Smart_Pixels/eric/Results_June2026_99SigEff/model2.5_fin_results/model2_5_8bit_normalised_selected/pareto_primary/hls_outputs_vsynth/hls_model_trial_043/myproject_prj/solution1/syn/vhdl/myproject_fifo_w8_d2_S.vhd:40]
	Parameter DATA_WIDTH bound to: 8 - type: integer 
	Parameter ADDR_WIDTH bound to: 2 - type: integer 
	Parameter DEPTH bound to: 2 - type: integer 
INFO: [Synth 8-638] synthesizing module 'myproject_fifo_w8_d2_S_ShiftReg' [/home/dabadjiev/smartpixels_ml_dsabadjiev/Muon_Collider_Smart_Pixels/eric/Results_June2026_99SigEff/model2.5_fin_results/model2_5_8bit_normalised_selected/pareto_primary/hls_outputs_vsynth/hls_model_trial_043/myproject_prj/solution1/syn/vhdl/myproject_fifo_w8_d2_S.vhd:179]
	Parameter DATA_WIDTH bound to: 8 - type: integer 
	Parameter ADDR_WIDTH bound to: 2 - type: integer 
	Parameter DEPTH bound to: 2 - type: integer 
INFO: [Synth 8-256] done synthesizing module 'myproject_fifo_w8_d2_S_ShiftReg' (0#1) [/home/dabadjiev/smartpixels_ml_dsabadjiev/Muon_Collider_Smart_Pixels/eric/Results_June2026_99SigEff/model2.5_fin_results/model2_5_8bit_normalised_selected/pareto_primary/hls_outputs_vsynth/hls_model_trial_043/myproject_prj/solution1/syn/vhdl/myproject_fifo_w8_d2_S.vhd:179]
INFO: [Synth 8-256] done synthesizing module 'myproject_fifo_w8_d2_S' (0#1) [/home/dabadjiev/smartpixels_ml_dsabadjiev/Muon_Collider_Smart_Pixels/eric/Results_June2026_99SigEff/model2.5_fin_results/model2_5_8bit_normalised_selected/pareto_primary/hls_outputs_vsynth/hls_model_trial_043/myproject_prj/solution1/syn/vhdl/myproject_fifo_w8_d2_S.vhd:40]
INFO: [Synth 8-638] synthesizing module 'myproject_fifo_w8_d3_S' [/home/dabadjiev/smartpixels_ml_dsabadjiev/Muon_Collider_Smart_Pixels/eric/Results_June2026_99SigEff/model2.5_fin_results/model2_5_8bit_normalised_selected/pareto_primary/hls_outputs_vsynth/hls_model_trial_043/myproject_prj/solution1/syn/vhdl/myproject_fifo_w8_d3_S.vhd:40]
	Parameter DATA_WIDTH bound to: 8 - type: integer 
	Parameter ADDR_WIDTH bound to: 2 - type: integer 
	Parameter DEPTH bound to: 3 - type: integer 
INFO: [Synth 8-638] synthesizing module 'myproject_fifo_w8_d3_S_ShiftReg' [/home/dabadjiev/smartpixels_ml_dsabadjiev/Muon_Collider_Smart_Pixels/eric/Results_June2026_99SigEff/model2.5_fin_results/model2_5_8bit_normalised_selected/pareto_primary/hls_outputs_vsynth/hls_model_trial_043/myproject_prj/solution1/syn/vhdl/myproject_fifo_w8_d3_S.vhd:179]
	Parameter DATA_WIDTH bound to: 8 - type: integer 
	Parameter ADDR_WIDTH bound to: 2 - type: integer 
	Parameter DEPTH bound to: 3 - type: integer 
INFO: [Synth 8-256] done synthesizing module 'myproject_fifo_w8_d3_S_ShiftReg' (0#1) [/home/dabadjiev/smartpixels_ml_dsabadjiev/Muon_Collider_Smart_Pixels/eric/Results_June2026_99SigEff/model2.5_fin_results/model2_5_8bit_normalised_selected/pareto_primary/hls_outputs_vsynth/hls_model_trial_043/myproject_prj/solution1/syn/vhdl/myproject_fifo_w8_d3_S.vhd:179]
INFO: [Synth 8-256] done synthesizing module 'myproject_fifo_w8_d3_S' (0#1) [/home/dabadjiev/smartpixels_ml_dsabadjiev/Muon_Collider_Smart_Pixels/eric/Results_June2026_99SigEff/model2.5_fin_results/model2_5_8bit_normalised_selected/pareto_primary/hls_outputs_vsynth/hls_model_trial_043/myproject_prj/solution1/syn/vhdl/myproject_fifo_w8_d3_S.vhd:40]
INFO: [Synth 8-638] synthesizing module 'myproject_fifo_w15_d2_S' [/home/dabadjiev/smartpixels_ml_dsabadjiev/Muon_Collider_Smart_Pixels/eric/Results_June2026_99SigEff/model2.5_fin_results/model2_5_8bit_normalised_selected/pareto_primary/hls_outputs_vsynth/hls_model_trial_043/myproject_prj/solution1/syn/vhdl/myproject_fifo_w15_d2_S.vhd:40]
	Parameter DATA_WIDTH bound to: 15 - type: integer 
	Parameter ADDR_WIDTH bound to: 2 - type: integer 
	Parameter DEPTH bound to: 2 - type: integer 
INFO: [Synth 8-638] synthesizing module 'myproject_fifo_w15_d2_S_ShiftReg' [/home/dabadjiev/smartpixels_ml_dsabadjiev/Muon_Collider_Smart_Pixels/eric/Results_June2026_99SigEff/model2.5_fin_results/model2_5_8bit_normalised_selected/pareto_primary/hls_outputs_vsynth/hls_model_trial_043/myproject_prj/solution1/syn/vhdl/myproject_fifo_w15_d2_S.vhd:179]
	Parameter DATA_WIDTH bound to: 15 - type: integer 
	Parameter ADDR_WIDTH bound to: 2 - type: integer 
	Parameter DEPTH bound to: 2 - type: integer 
INFO: [Synth 8-256] done synthesizing module 'myproject_fifo_w15_d2_S_ShiftReg' (0#1) [/home/dabadjiev/smartpixels_ml_dsabadjiev/Muon_Collider_Smart_Pixels/eric/Results_June2026_99SigEff/model2.5_fin_results/model2_5_8bit_normalised_selected/pareto_primary/hls_outputs_vsynth/hls_model_trial_043/myproject_prj/solution1/syn/vhdl/myproject_fifo_w15_d2_S.vhd:179]
INFO: [Synth 8-256] done synthesizing module 'myproject_fifo_w15_d2_S' (0#1) [/home/dabadjiev/smartpixels_ml_dsabadjiev/Muon_Collider_Smart_Pixels/eric/Results_June2026_99SigEff/model2.5_fin_results/model2_5_8bit_normalised_selected/pareto_primary/hls_outputs_vsynth/hls_model_trial_043/myproject_prj/solution1/syn/vhdl/myproject_fifo_w15_d2_S.vhd:40]
INFO: [Synth 8-256] done synthesizing module 'myproject' (0#1) [/home/dabadjiev/smartpixels_ml_dsabadjiev/Muon_Collider_Smart_Pixels/eric/Results_June2026_99SigEff/model2.5_fin_results/model2_5_8bit_normalised_selected/pareto_primary/hls_outputs_vsynth/hls_model_trial_043/myproject_prj/solution1/syn/vhdl/myproject.vhd:181]
WARNING: [Synth 8-3917] design myproject has port w14_d0[7] driven by constant 0
WARNING: [Synth 8-3917] design myproject has port w14_d0[6] driven by constant 0
WARNING: [Synth 8-3917] design myproject has port w14_d0[5] driven by constant 0
WARNING: [Synth 8-3917] design myproject has port w14_d0[4] driven by constant 0
WARNING: [Synth 8-3917] design myproject has port w14_d0[3] driven by constant 0
WARNING: [Synth 8-3917] design myproject has port w14_d0[2] driven by constant 0
WARNING: [Synth 8-3917] design myproject has port w14_d0[1] driven by constant 0
WARNING: [Synth 8-3917] design myproject has port w14_d0[0] driven by constant 0
WARNING: [Synth 8-3917] design myproject has port w14_we0 driven by constant 0
WARNING: [Synth 8-3917] design myproject has port w14_d1[7] driven by constant 0
WARNING: [Synth 8-3917] design myproject has port w14_d1[6] driven by constant 0
WARNING: [Synth 8-3917] design myproject has port w14_d1[5] driven by constant 0
WARNING: [Synth 8-3917] design myproject has port w14_d1[4] driven by constant 0
WARNING: [Synth 8-3917] design myproject has port w14_d1[3] driven by constant 0
WARNING: [Synth 8-3917] design myproject has port w14_d1[2] driven by constant 0
WARNING: [Synth 8-3917] design myproject has port w14_d1[1] driven by constant 0
WARNING: [Synth 8-3917] design myproject has port w14_d1[0] driven by constant 0
WARNING: [Synth 8-3917] design myproject has port w14_we1 driven by constant 0
WARNING: [Synth 8-3917] design myproject has port w16_d0[7] driven by constant 0
WARNING: [Synth 8-3917] design myproject has port w16_d0[6] driven by constant 0
WARNING: [Synth 8-3917] design myproject has port w16_d0[5] driven by constant 0
WARNING: [Synth 8-3917] design myproject has port w16_d0[4] driven by constant 0
WARNING: [Synth 8-3917] design myproject has port w16_d0[3] driven by constant 0
WARNING: [Synth 8-3917] design myproject has port w16_d0[2] driven by constant 0
WARNING: [Synth 8-3917] design myproject has port w16_d0[1] driven by constant 0
WARNING: [Synth 8-3917] design myproject has port w16_d0[0] driven by constant 0
WARNING: [Synth 8-3917] design myproject has port w16_we0 driven by constant 0
WARNING: [Synth 8-3917] design myproject has port w16_address1[1] driven by constant 0
WARNING: [Synth 8-3917] design myproject has port w16_address1[0] driven by constant 0
WARNING: [Synth 8-3917] design myproject has port w16_ce1 driven by constant 0
WARNING: [Synth 8-3917] design myproject has port w16_d1[7] driven by constant 0
WARNING: [Synth 8-3917] design myproject has port w16_d1[6] driven by constant 0
WARNING: [Synth 8-3917] design myproject has port w16_d1[5] driven by constant 0
WARNING: [Synth 8-3917] design myproject has port w16_d1[4] driven by constant 0
WARNING: [Synth 8-3917] design myproject has port w16_d1[3] driven by constant 0
WARNING: [Synth 8-3917] design myproject has port w16_d1[2] driven by constant 0
WARNING: [Synth 8-3917] design myproject has port w16_d1[1] driven by constant 0
WARNING: [Synth 8-3917] design myproject has port w16_d1[0] driven by constant 0
WARNING: [Synth 8-3917] design myproject has port w16_we1 driven by constant 0
WARNING: [Synth 8-3917] design myproject has port w21_d0[7] driven by constant 0
WARNING: [Synth 8-3917] design myproject has port w21_d0[6] driven by constant 0
WARNING: [Synth 8-3917] design myproject has port w21_d0[5] driven by constant 0
WARNING: [Synth 8-3917] design myproject has port w21_d0[4] driven by constant 0
WARNING: [Synth 8-3917] design myproject has port w21_d0[3] driven by constant 0
WARNING: [Synth 8-3917] design myproject has port w21_d0[2] driven by constant 0
WARNING: [Synth 8-3917] design myproject has port w21_d0[1] driven by constant 0
WARNING: [Synth 8-3917] design myproject has port w21_d0[0] driven by constant 0
WARNING: [Synth 8-3917] design myproject has port w21_we0 driven by constant 0
WARNING: [Synth 8-3917] design myproject has port w21_d1[7] driven by constant 0
WARNING: [Synth 8-3917] design myproject has port w21_d1[6] driven by constant 0
WARNING: [Synth 8-3917] design myproject has port w21_d1[5] driven by constant 0
WARNING: [Synth 8-3917] design myproject has port w21_d1[4] driven by constant 0
WARNING: [Synth 8-3917] design myproject has port w21_d1[3] driven by constant 0
WARNING: [Synth 8-3917] design myproject has port w21_d1[2] driven by constant 0
WARNING: [Synth 8-3917] design myproject has port w21_d1[1] driven by constant 0
WARNING: [Synth 8-3917] design myproject has port w21_d1[0] driven by constant 0
WARNING: [Synth 8-3917] design myproject has port w21_we1 driven by constant 0
WARNING: [Synth 8-3917] design myproject has port w24_d0[7] driven by constant 0
WARNING: [Synth 8-3917] design myproject has port w24_d0[6] driven by constant 0
WARNING: [Synth 8-3917] design myproject has port w24_d0[5] driven by constant 0
WARNING: [Synth 8-3917] design myproject has port w24_d0[4] driven by constant 0
WARNING: [Synth 8-3917] design myproject has port w24_d0[3] driven by constant 0
WARNING: [Synth 8-3917] design myproject has port w24_d0[2] driven by constant 0
WARNING: [Synth 8-3917] design myproject has port w24_d0[1] driven by constant 0
WARNING: [Synth 8-3917] design myproject has port w24_d0[0] driven by constant 0
WARNING: [Synth 8-3917] design myproject has port w24_we0 driven by constant 0
WARNING: [Synth 8-3917] design myproject has port w24_d1[7] driven by constant 0
WARNING: [Synth 8-3917] design myproject has port w24_d1[6] driven by constant 0
WARNING: [Synth 8-3917] design myproject has port w24_d1[5] driven by constant 0
WARNING: [Synth 8-3917] design myproject has port w24_d1[4] driven by constant 0
WARNING: [Synth 8-3917] design myproject has port w24_d1[3] driven by constant 0
WARNING: [Synth 8-3917] design myproject has port w24_d1[2] driven by constant 0
WARNING: [Synth 8-3917] design myproject has port w24_d1[1] driven by constant 0
WARNING: [Synth 8-3917] design myproject has port w24_d1[0] driven by constant 0
WARNING: [Synth 8-3917] design myproject has port w24_we1 driven by constant 0
WARNING: [Synth 8-3917] design myproject has port w27_d0[7] driven by constant 0
WARNING: [Synth 8-3917] design myproject has port w27_d0[6] driven by constant 0
WARNING: [Synth 8-3917] design myproject has port w27_d0[5] driven by constant 0
WARNING: [Synth 8-3917] design myproject has port w27_d0[4] driven by constant 0
WARNING: [Synth 8-3917] design myproject has port w27_d0[3] driven by constant 0
WARNING: [Synth 8-3917] design myproject has port w27_d0[2] driven by constant 0
WARNING: [Synth 8-3917] design myproject has port w27_d0[1] driven by constant 0
WARNING: [Synth 8-3917] design myproject has port w27_d0[0] driven by constant 0
WARNING: [Synth 8-3917] design myproject has port w27_we0 driven by constant 0
WARNING: [Synth 8-3917] design myproject has port w27_address1[3] driven by constant 0
WARNING: [Synth 8-3917] design myproject has port w27_address1[2] driven by constant 0
WARNING: [Synth 8-3917] design myproject has port w27_address1[1] driven by constant 0
WARNING: [Synth 8-3917] design myproject has port w27_address1[0] driven by constant 0
WARNING: [Synth 8-3917] design myproject has port w27_ce1 driven by constant 0
WARNING: [Synth 8-3917] design myproject has port w27_d1[7] driven by constant 0
WARNING: [Synth 8-3917] design myproject has port w27_d1[6] driven by constant 0
WARNING: [Synth 8-3917] design myproject has port w27_d1[5] driven by constant 0
WARNING: [Synth 8-3917] design myproject has port w27_d1[4] driven by constant 0
WARNING: [Synth 8-3917] design myproject has port w27_d1[3] driven by constant 0
WARNING: [Synth 8-3917] design myproject has port w27_d1[2] driven by constant 0
WARNING: [Synth 8-3917] design myproject has port w27_d1[1] driven by constant 0
WARNING: [Synth 8-3917] design myproject has port w27_d1[0] driven by constant 0
WARNING: [Synth 8-3917] design myproject has port w27_we1 driven by constant 0
WARNING: [Synth 8-7129] Port addr[1] in module myproject_fifo_w15_d2_S_ShiftReg is either unconnected or has no load
WARNING: [Synth 8-7129] Port addr[1] in module myproject_fifo_w8_d2_S_ShiftReg is either unconnected or has no load
WARNING: [Synth 8-7129] Port addr[1] in module myproject_fifo_w16_d2_S_ShiftReg is either unconnected or has no load
WARNING: [Synth 8-7129] Port addr[1] in module myproject_fifo_w10_d2_S_ShiftReg is either unconnected or has no load
WARNING: [Synth 8-7129] Port addr[1] in module myproject_fifo_w11_d2_S_ShiftReg is either unconnected or has no load
WARNING: [Synth 8-7129] Port reset in module myproject_dense_resource_ap_fixed_16_6_5_3_0_ap_fixed_16_6_5_3_0_config16_s_outidx_i_RObkb is either unconnected or has no load
WARNING: [Synth 8-7129] Port w16_q1[7] in module myproject is either unconnected or has no load
WARNING: [Synth 8-7129] Port w16_q1[6] in module myproject is either unconnected or has no load
WARNING: [Synth 8-7129] Port w16_q1[5] in module myproject is either unconnected or has no load
WARNING: [Synth 8-7129] Port w16_q1[4] in module myproject is either unconnected or has no load
WARNING: [Synth 8-7129] Port w16_q1[3] in module myproject is either unconnected or has no load
WARNING: [Synth 8-7129] Port w16_q1[2] in module myproject is either unconnected or has no load
WARNING: [Synth 8-7129] Port w16_q1[1] in module myproject is either unconnected or has no load
WARNING: [Synth 8-7129] Port w16_q1[0] in module myproject is either unconnected or has no load
WARNING: [Synth 8-7129] Port w27_q1[7] in module myproject is either unconnected or has no load
WARNING: [Synth 8-7129] Port w27_q1[6] in module myproject is either unconnected or has no load
WARNING: [Synth 8-7129] Port w27_q1[5] in module myproject is either unconnected or has no load
WARNING: [Synth 8-7129] Port w27_q1[4] in module myproject is either unconnected or has no load
WARNING: [Synth 8-7129] Port w27_q1[3] in module myproject is either unconnected or has no load
WARNING: [Synth 8-7129] Port w27_q1[2] in module myproject is either unconnected or has no load
WARNING: [Synth 8-7129] Port w27_q1[1] in module myproject is either unconnected or has no load
WARNING: [Synth 8-7129] Port w27_q1[0] in module myproject is either unconnected or has no load
---------------------------------------------------------------------------------
Finished Synthesize : Time (s): cpu = 00:00:12 ; elapsed = 00:00:13 . Memory (MB): peak = 2416.566 ; gain = 736.434 ; free physical = 61787 ; free virtual = 192038
---------------------------------------------------------------------------------
---------------------------------------------------------------------------------
Finished Constraint Validation : Time (s): cpu = 00:00:14 ; elapsed = 00:00:15 . Memory (MB): peak = 2416.566 ; gain = 736.434 ; free physical = 60658 ; free virtual = 190914
---------------------------------------------------------------------------------
---------------------------------------------------------------------------------
Start Loading Part and Timing Information
---------------------------------------------------------------------------------
Loading part: xc7z020clg400-1
---------------------------------------------------------------------------------
Finished Loading Part and Timing Information : Time (s): cpu = 00:00:14 ; elapsed = 00:00:15 . Memory (MB): peak = 2424.570 ; gain = 744.438 ; free physical = 60653 ; free virtual = 190909
INFO: [Device 21-403] Loading part xc7z020clg400-1
---------------------------------------------------------------------------------
WARNING: [Synth 8-3936] Found unconnected internal register 'sext_ln73_76_reg_21112_reg' and it is trimmed from '19' to '11' bits. [/home/dabadjiev/smartpixels_ml_dsabadjiev/Muon_Collider_Smart_Pixels/eric/Results_June2026_99SigEff/model2.5_fin_results/model2_5_8bit_normalised_selected/pareto_primary/hls_outputs_vsynth/hls_model_trial_043/myproject_prj/solution1/syn/vhdl/myproject_dense_resource_ap_fixed_16_6_5_3_0_ap_fixed_16_6_5_3_0_config14_s.vhd:11114]
WARNING: [Synth 8-3936] Found unconnected internal register 'sext_ln73_reg_21053_reg' and it is trimmed from '19' to '11' bits. [/home/dabadjiev/smartpixels_ml_dsabadjiev/Muon_Collider_Smart_Pixels/eric/Results_June2026_99SigEff/model2.5_fin_results/model2_5_8bit_normalised_selected/pareto_primary/hls_outputs_vsynth/hls_model_trial_043/myproject_prj/solution1/syn/vhdl/myproject_dense_resource_ap_fixed_16_6_5_3_0_ap_fixed_16_6_5_3_0_config14_s.vhd:11115]
WARNING: [Synth 8-3936] Found unconnected internal register 'sext_ln73_78_reg_21186_reg' and it is trimmed from '19' to '11' bits. [/home/dabadjiev/smartpixels_ml_dsabadjiev/Muon_Collider_Smart_Pixels/eric/Results_June2026_99SigEff/model2.5_fin_results/model2_5_8bit_normalised_selected/pareto_primary/hls_outputs_vsynth/hls_model_trial_043/myproject_prj/solution1/syn/vhdl/myproject_dense_resource_ap_fixed_16_6_5_3_0_ap_fixed_16_6_5_3_0_config14_s.vhd:11135]
WARNING: [Synth 8-3936] Found unconnected internal register 'sext_ln73_80_reg_19800_reg' and it is trimmed from '19' to '11' bits. [/home/dabadjiev/smartpixels_ml_dsabadjiev/Muon_Collider_Smart_Pixels/eric/Results_June2026_99SigEff/model2.5_fin_results/model2_5_8bit_normalised_selected/pareto_primary/hls_outputs_vsynth/hls_model_trial_043/myproject_prj/solution1/syn/vhdl/myproject_dense_resource_ap_fixed_16_6_5_3_0_ap_fixed_16_6_5_3_0_config14_s.vhd:11019]
WARNING: [Synth 8-3936] Found unconnected internal register 'sext_ln73_82_reg_19859_reg' and it is trimmed from '19' to '11' bits. [/home/dabadjiev/smartpixels_ml_dsabadjiev/Muon_Collider_Smart_Pixels/eric/Results_June2026_99SigEff/model2.5_fin_results/model2_5_8bit_normalised_selected/pareto_primary/hls_outputs_vsynth/hls_model_trial_043/myproject_prj/solution1/syn/vhdl/myproject_dense_resource_ap_fixed_16_6_5_3_0_ap_fixed_16_6_5_3_0_config14_s.vhd:11020]
INFO: [Synth 8-4490] FSM extraction disabled for register 'ap_CS_fsm_reg' through user attribute
INFO: [Synth 8-4490] FSM extraction disabled for register 'ap_CS_fsm_reg' through user attribute
INFO: [Device 21-9227] Part: xc7z020clg400-1 does not have CEAM library.
INFO: [Synth 8-4490] FSM extraction disabled for register 'ap_CS_fsm_reg' through user attribute
INFO: [Synth 8-4490] FSM extraction disabled for register 'ap_CS_fsm_reg' through user attribute
INFO: [Synth 8-4490] FSM extraction disabled for register 'ap_CS_fsm_reg' through user attribute
INFO: [Synth 8-4490] FSM extraction disabled for register 'ap_CS_fsm_reg' through user attribute
INFO: [Synth 8-4490] FSM extraction disabled for register 'ap_CS_fsm_reg' through user attribute
INFO: [Synth 8-4490] FSM extraction disabled for register 'ap_CS_fsm_reg' through user attribute
INFO: [Synth 8-4490] FSM extraction disabled for register 'ap_CS_fsm_reg' through user attribute
INFO: [Synth 8-4490] FSM extraction disabled for register 'ap_CS_fsm_reg' through user attribute
---------------------------------------------------------------------------------
Finished RTL Optimization Phase 2 : Time (s): cpu = 00:00:28 ; elapsed = 00:00:25 . Memory (MB): peak = 2480.578 ; gain = 800.445 ; free physical = 53708 ; free virtual = 183901
---------------------------------------------------------------------------------
INFO: [Synth 8-223] decloning instance 'dense_resource_ap_fixed_16_6_5_3_0_ap_fixed_16_6_5_3_0_config14_U0/mul_11s_8s_19_1_1_U84' (myproject_mul_11s_8s_19_1_1) to 'dense_resource_ap_fixed_16_6_5_3_0_ap_fixed_16_6_5_3_0_config14_U0/mul_11s_8s_19_1_1_U86'
INFO: [Synth 8-223] decloning instance 'dense_resource_ap_fixed_16_6_5_3_0_ap_fixed_16_6_5_3_0_config14_U0/mul_11s_8s_19_1_1_U84' (myproject_mul_11s_8s_19_1_1) to 'dense_resource_ap_fixed_16_6_5_3_0_ap_fixed_16_6_5_3_0_config14_U0/mul_11s_8s_19_1_1_U88'
INFO: [Synth 8-223] decloning instance 'dense_resource_ap_fixed_16_6_5_3_0_ap_fixed_16_6_5_3_0_config14_U0/mul_11s_8s_19_1_1_U84' (myproject_mul_11s_8s_19_1_1) to 'dense_resource_ap_fixed_16_6_5_3_0_ap_fixed_16_6_5_3_0_config14_U0/mul_11s_8s_19_1_1_U90'
INFO: [Synth 8-223] decloning instance 'dense_resource_ap_fixed_16_6_5_3_0_ap_fixed_16_6_5_3_0_config14_U0/mul_11s_8s_19_1_1_U84' (myproject_mul_11s_8s_19_1_1) to 'dense_resource_ap_fixed_16_6_5_3_0_ap_fixed_16_6_5_3_0_config14_U0/mul_11s_8s_19_1_1_U92'
INFO: [Synth 8-223] decloning instance 'dense_resource_ap_fixed_16_6_5_3_0_ap_fixed_16_6_5_3_0_config14_U0/mul_11s_8s_19_1_1_U84' (myproject_mul_11s_8s_19_1_1) to 'dense_resource_ap_fixed_16_6_5_3_0_ap_fixed_16_6_5_3_0_config14_U0/mul_11s_8s_19_1_1_U94'
INFO: [Synth 8-223] decloning instance 'dense_resource_ap_fixed_16_6_5_3_0_ap_fixed_16_6_5_3_0_config14_U0/mul_11s_8s_19_1_1_U84' (myproject_mul_11s_8s_19_1_1) to 'dense_resource_ap_fixed_16_6_5_3_0_ap_fixed_16_6_5_3_0_config14_U0/mul_11s_8s_19_1_1_U96'
INFO: [Synth 8-223] decloning instance 'dense_resource_ap_fixed_16_6_5_3_0_ap_fixed_16_6_5_3_0_config14_U0/mul_11s_8s_19_1_1_U84' (myproject_mul_11s_8s_19_1_1) to 'dense_resource_ap_fixed_16_6_5_3_0_ap_fixed_16_6_5_3_0_config14_U0/mul_11s_8s_19_1_1_U98'
INFO: [Synth 8-223] decloning instance 'dense_resource_ap_fixed_16_6_5_3_0_ap_fixed_16_6_5_3_0_config14_U0/mul_11s_8s_19_1_1_U84' (myproject_mul_11s_8s_19_1_1) to 'dense_resource_ap_fixed_16_6_5_3_0_ap_fixed_16_6_5_3_0_config14_U0/mul_11s_8s_19_1_1_U100'
INFO: [Synth 8-223] decloning instance 'dense_resource_ap_fixed_16_6_5_3_0_ap_fixed_16_6_5_3_0_config14_U0/mul_11s_8s_19_1_1_U84' (myproject_mul_11s_8s_19_1_1) to 'dense_resource_ap_fixed_16_6_5_3_0_ap_fixed_16_6_5_3_0_config14_U0/mul_11s_8s_19_1_1_U102'
INFO: [Synth 8-223] decloning instance 'dense_resource_ap_fixed_16_6_5_3_0_ap_fixed_16_6_5_3_0_config14_U0/mul_11s_8s_19_1_1_U84' (myproject_mul_11s_8s_19_1_1) to 'dense_resource_ap_fixed_16_6_5_3_0_ap_fixed_16_6_5_3_0_config14_U0/mul_11s_8s_19_1_1_U104'
INFO: [Synth 8-223] decloning instance 'dense_resource_ap_fixed_16_6_5_3_0_ap_fixed_16_6_5_3_0_config14_U0/mul_11s_8s_19_1_1_U84' (myproject_mul_11s_8s_19_1_1) to 'dense_resource_ap_fixed_16_6_5_3_0_ap_fixed_16_6_5_3_0_config14_U0/mul_11s_8s_19_1_1_U106'
INFO: [Synth 8-223] decloning instance 'dense_resource_ap_fixed_16_6_5_3_0_ap_fixed_16_6_5_3_0_config14_U0/mul_11s_8s_19_1_1_U84' (myproject_mul_11s_8s_19_1_1) to 'dense_resource_ap_fixed_16_6_5_3_0_ap_fixed_16_6_5_3_0_config14_U0/mul_11s_8s_19_1_1_U108'
INFO: [Synth 8-223] decloning instance 'dense_resource_ap_fixed_16_6_5_3_0_ap_fixed_16_6_5_3_0_config14_U0/mul_11s_8s_19_1_1_U84' (myproject_mul_11s_8s_19_1_1) to 'dense_resource_ap_fixed_16_6_5_3_0_ap_fixed_16_6_5_3_0_config14_U0/mul_11s_8s_19_1_1_U110'
INFO: [Synth 8-223] decloning instance 'dense_resource_ap_fixed_16_6_5_3_0_ap_fixed_16_6_5_3_0_config14_U0/mul_11s_8s_19_1_1_U84' (myproject_mul_11s_8s_19_1_1) to 'dense_resource_ap_fixed_16_6_5_3_0_ap_fixed_16_6_5_3_0_config14_U0/mul_11s_8s_19_1_1_U112'
INFO: [Synth 8-223] decloning instance 'dense_resource_ap_fixed_16_6_5_3_0_ap_fixed_16_6_5_3_0_config14_U0/mul_11s_8s_19_1_1_U84' (myproject_mul_11s_8s_19_1_1) to 'dense_resource_ap_fixed_16_6_5_3_0_ap_fixed_16_6_5_3_0_config14_U0/mul_11s_8s_19_1_1_U114'
INFO: [Synth 8-223] decloning instance 'dense_resource_ap_fixed_16_6_5_3_0_ap_fixed_16_6_5_3_0_config14_U0/mul_11s_8s_19_1_1_U84' (myproject_mul_11s_8s_19_1_1) to 'dense_resource_ap_fixed_16_6_5_3_0_ap_fixed_16_6_5_3_0_config14_U0/mul_11s_8s_19_1_1_U116'
INFO: [Synth 8-223] decloning instance 'dense_resource_ap_fixed_16_6_5_3_0_ap_fixed_16_6_5_3_0_config14_U0/mul_11s_8s_19_1_1_U84' (myproject_mul_11s_8s_19_1_1) to 'dense_resource_ap_fixed_16_6_5_3_0_ap_fixed_16_6_5_3_0_config14_U0/mul_11s_8s_19_1_1_U118'
INFO: [Synth 8-223] decloning instance 'dense_resource_ap_fixed_16_6_5_3_0_ap_fixed_16_6_5_3_0_config14_U0/mul_11s_8s_19_1_1_U84' (myproject_mul_11s_8s_19_1_1) to 'dense_resource_ap_fixed_16_6_5_3_0_ap_fixed_16_6_5_3_0_config14_U0/mul_11s_8s_19_1_1_U120'
INFO: [Synth 8-223] decloning instance 'dense_resource_ap_fixed_16_6_5_3_0_ap_fixed_16_6_5_3_0_config14_U0/mul_11s_8s_19_1_1_U84' (myproject_mul_11s_8s_19_1_1) to 'dense_resource_ap_fixed_16_6_5_3_0_ap_fixed_16_6_5_3_0_config14_U0/mul_11s_8s_19_1_1_U122'
INFO: [Synth 8-223] decloning instance 'dense_resource_ap_fixed_16_6_5_3_0_ap_fixed_16_6_5_3_0_config14_U0/mul_11s_8s_19_1_1_U84' (myproject_mul_11s_8s_19_1_1) to 'dense_resource_ap_fixed_16_6_5_3_0_ap_fixed_16_6_5_3_0_config14_U0/mul_11s_8s_19_1_1_U124'
INFO: [Synth 8-223] decloning instance 'dense_resource_ap_fixed_16_6_5_3_0_ap_fixed_16_6_5_3_0_config14_U0/mul_11s_8s_19_1_1_U84' (myproject_mul_11s_8s_19_1_1) to 'dense_resource_ap_fixed_16_6_5_3_0_ap_fixed_16_6_5_3_0_config14_U0/mul_11s_8s_19_1_1_U126'
INFO: [Synth 8-223] decloning instance 'dense_resource_ap_fixed_16_6_5_3_0_ap_fixed_16_6_5_3_0_config14_U0/mul_11s_8s_19_1_1_U84' (myproject_mul_11s_8s_19_1_1) to 'dense_resource_ap_fixed_16_6_5_3_0_ap_fixed_16_6_5_3_0_config14_U0/mul_11s_8s_19_1_1_U128'
INFO: [Synth 8-223] decloning instance 'dense_resource_ap_fixed_16_6_5_3_0_ap_fixed_16_6_5_3_0_config14_U0/mul_11s_8s_19_1_1_U84' (myproject_mul_11s_8s_19_1_1) to 'dense_resource_ap_fixed_16_6_5_3_0_ap_fixed_16_6_5_3_0_config14_U0/mul_11s_8s_19_1_1_U130'
INFO: [Synth 8-223] decloning instance 'dense_resource_ap_fixed_16_6_5_3_0_ap_fixed_16_6_5_3_0_config14_U0/mul_11s_8s_19_1_1_U84' (myproject_mul_11s_8s_19_1_1) to 'dense_resource_ap_fixed_16_6_5_3_0_ap_fixed_16_6_5_3_0_config14_U0/mul_11s_8s_19_1_1_U132'
INFO: [Synth 8-223] decloning instance 'dense_resource_ap_fixed_16_6_5_3_0_ap_fixed_16_6_5_3_0_config14_U0/mul_11s_8s_19_1_1_U84' (myproject_mul_11s_8s_19_1_1) to 'dense_resource_ap_fixed_16_6_5_3_0_ap_fixed_16_6_5_3_0_config14_U0/mul_11s_8s_19_1_1_U134'
INFO: [Synth 8-223] decloning instance 'dense_resource_ap_fixed_16_6_5_3_0_ap_fixed_16_6_5_3_0_config14_U0/mul_11s_8s_19_1_1_U84' (myproject_mul_11s_8s_19_1_1) to 'dense_resource_ap_fixed_16_6_5_3_0_ap_fixed_16_6_5_3_0_config14_U0/mul_11s_8s_19_1_1_U136'
INFO: [Synth 8-223] decloning instance 'dense_resource_ap_fixed_16_6_5_3_0_ap_fixed_16_6_5_3_0_config14_U0/mul_11s_8s_19_1_1_U84' (myproject_mul_11s_8s_19_1_1) to 'dense_resource_ap_fixed_16_6_5_3_0_ap_fixed_16_6_5_3_0_config14_U0/mul_11s_8s_19_1_1_U138'
INFO: [Synth 8-223] decloning instance 'dense_resource_ap_fixed_16_6_5_3_0_ap_fixed_16_6_5_3_0_config14_U0/mul_11s_8s_19_1_1_U84' (myproject_mul_11s_8s_19_1_1) to 'dense_resource_ap_fixed_16_6_5_3_0_ap_fixed_16_6_5_3_0_config14_U0/mul_11s_8s_19_1_1_U140'
INFO: [Synth 8-223] decloning instance 'dense_resource_ap_fixed_16_6_5_3_0_ap_fixed_16_6_5_3_0_config14_U0/mul_11s_8s_19_1_1_U84' (myproject_mul_11s_8s_19_1_1) to 'dense_resource_ap_fixed_16_6_5_3_0_ap_fixed_16_6_5_3_0_config14_U0/mul_11s_8s_19_1_1_U142'
INFO: [Synth 8-223] decloning instance 'dense_resource_ap_fixed_16_6_5_3_0_ap_fixed_16_6_5_3_0_config14_U0/mul_11s_8s_19_1_1_U84' (myproject_mul_11s_8s_19_1_1) to 'dense_resource_ap_fixed_16_6_5_3_0_ap_fixed_16_6_5_3_0_config14_U0/mul_11s_8s_19_1_1_U144'
INFO: [Synth 8-223] decloning instance 'dense_resource_ap_fixed_16_6_5_3_0_ap_fixed_16_6_5_3_0_config14_U0/mul_11s_8s_19_1_1_U84' (myproject_mul_11s_8s_19_1_1) to 'dense_resource_ap_fixed_16_6_5_3_0_ap_fixed_16_6_5_3_0_config14_U0/mul_11s_8s_19_1_1_U146'
INFO: [Synth 8-223] decloning instance 'dense_resource_ap_fixed_16_6_5_3_0_ap_fixed_16_6_5_3_0_config14_U0/mul_11s_8s_19_1_1_U84' (myproject_mul_11s_8s_19_1_1) to 'dense_resource_ap_fixed_16_6_5_3_0_ap_fixed_16_6_5_3_0_config14_U0/mul_11s_8s_19_1_1_U148'
INFO: [Synth 8-223] decloning instance 'dense_resource_ap_fixed_16_6_5_3_0_ap_fixed_16_6_5_3_0_config14_U0/mul_11s_8s_19_1_1_U84' (myproject_mul_11s_8s_19_1_1) to 'dense_resource_ap_fixed_16_6_5_3_0_ap_fixed_16_6_5_3_0_config14_U0/mul_11s_8s_19_1_1_U150'
INFO: [Synth 8-223] decloning instance 'dense_resource_ap_fixed_16_6_5_3_0_ap_fixed_16_6_5_3_0_config14_U0/mul_11s_8s_19_1_1_U84' (myproject_mul_11s_8s_19_1_1) to 'dense_resource_ap_fixed_16_6_5_3_0_ap_fixed_16_6_5_3_0_config14_U0/mul_11s_8s_19_1_1_U152'
INFO: [Synth 8-223] decloning instance 'dense_resource_ap_fixed_16_6_5_3_0_ap_fixed_16_6_5_3_0_config14_U0/mul_11s_8s_19_1_1_U84' (myproject_mul_11s_8s_19_1_1) to 'dense_resource_ap_fixed_16_6_5_3_0_ap_fixed_16_6_5_3_0_config14_U0/mul_11s_8s_19_1_1_U154'
INFO: [Synth 8-223] decloning instance 'dense_resource_ap_fixed_16_6_5_3_0_ap_fixed_16_6_5_3_0_config14_U0/mul_11s_8s_19_1_1_U84' (myproject_mul_11s_8s_19_1_1) to 'dense_resource_ap_fixed_16_6_5_3_0_ap_fixed_16_6_5_3_0_config14_U0/mul_11s_8s_19_1_1_U156'
INFO: [Synth 8-223] decloning instance 'dense_resource_ap_fixed_16_6_5_3_0_ap_fixed_16_6_5_3_0_config14_U0/mul_11s_8s_19_1_1_U84' (myproject_mul_11s_8s_19_1_1) to 'dense_resource_ap_fixed_16_6_5_3_0_ap_fixed_16_6_5_3_0_config14_U0/mul_11s_8s_19_1_1_U158'
INFO: [Synth 8-223] decloning instance 'dense_resource_ap_fixed_16_6_5_3_0_ap_fixed_16_6_5_3_0_config14_U0/mul_11s_8s_19_1_1_U84' (myproject_mul_11s_8s_19_1_1) to 'dense_resource_ap_fixed_16_6_5_3_0_ap_fixed_16_6_5_3_0_config14_U0/mul_11s_8s_19_1_1_U160'
INFO: [Synth 8-223] decloning instance 'dense_resource_ap_fixed_16_6_5_3_0_ap_fixed_16_6_5_3_0_config14_U0/mul_11s_8s_19_1_1_U84' (myproject_mul_11s_8s_19_1_1) to 'dense_resource_ap_fixed_16_6_5_3_0_ap_fixed_16_6_5_3_0_config14_U0/mul_11s_8s_19_1_1_U162'
INFO: [Synth 8-223] decloning instance 'dense_resource_ap_fixed_16_6_5_3_0_ap_fixed_16_6_5_3_0_config14_U0/mul_11s_8s_19_1_1_U84' (myproject_mul_11s_8s_19_1_1) to 'dense_resource_ap_fixed_16_6_5_3_0_ap_fixed_16_6_5_3_0_config14_U0/mul_11s_8s_19_1_1_U164'
INFO: [Synth 8-223] decloning instance 'dense_resource_ap_fixed_16_6_5_3_0_ap_fixed_16_6_5_3_0_config14_U0/mul_11s_8s_19_1_1_U84' (myproject_mul_11s_8s_19_1_1) to 'dense_resource_ap_fixed_16_6_5_3_0_ap_fixed_16_6_5_3_0_config14_U0/mul_11s_8s_19_1_1_U166'
INFO: [Synth 8-223] decloning instance 'dense_resource_ap_fixed_16_6_5_3_0_ap_fixed_16_6_5_3_0_config14_U0/mul_11s_8s_19_1_1_U84' (myproject_mul_11s_8s_19_1_1) to 'dense_resource_ap_fixed_16_6_5_3_0_ap_fixed_16_6_5_3_0_config14_U0/mul_11s_8s_19_1_1_U168'
INFO: [Synth 8-223] decloning instance 'dense_resource_ap_fixed_16_6_5_3_0_ap_fixed_16_6_5_3_0_config14_U0/mul_11s_8s_19_1_1_U84' (myproject_mul_11s_8s_19_1_1) to 'dense_resource_ap_fixed_16_6_5_3_0_ap_fixed_16_6_5_3_0_config14_U0/mul_11s_8s_19_1_1_U170'
INFO: [Synth 8-223] decloning instance 'dense_resource_ap_fixed_16_6_5_3_0_ap_fixed_16_6_5_3_0_config14_U0/mul_11s_8s_19_1_1_U84' (myproject_mul_11s_8s_19_1_1) to 'dense_resource_ap_fixed_16_6_5_3_0_ap_fixed_16_6_5_3_0_config14_U0/mul_11s_8s_19_1_1_U172'
INFO: [Synth 8-223] decloning instance 'dense_resource_ap_fixed_16_6_5_3_0_ap_fixed_16_6_5_3_0_config14_U0/mul_11s_8s_19_1_1_U84' (myproject_mul_11s_8s_19_1_1) to 'dense_resource_ap_fixed_16_6_5_3_0_ap_fixed_16_6_5_3_0_config14_U0/mul_11s_8s_19_1_1_U174'
INFO: [Synth 8-223] decloning instance 'dense_resource_ap_fixed_16_6_5_3_0_ap_fixed_16_6_5_3_0_config14_U0/mul_11s_8s_19_1_1_U84' (myproject_mul_11s_8s_19_1_1) to 'dense_resource_ap_fixed_16_6_5_3_0_ap_fixed_16_6_5_3_0_config14_U0/mul_11s_8s_19_1_1_U176'
INFO: [Synth 8-223] decloning instance 'dense_resource_ap_fixed_16_6_5_3_0_ap_fixed_16_6_5_3_0_config14_U0/mul_11s_8s_19_1_1_U84' (myproject_mul_11s_8s_19_1_1) to 'dense_resource_ap_fixed_16_6_5_3_0_ap_fixed_16_6_5_3_0_config14_U0/mul_11s_8s_19_1_1_U178'
INFO: [Synth 8-223] decloning instance 'dense_resource_ap_fixed_16_6_5_3_0_ap_fixed_16_6_5_3_0_config14_U0/mul_11s_8s_19_1_1_U84' (myproject_mul_11s_8s_19_1_1) to 'dense_resource_ap_fixed_16_6_5_3_0_ap_fixed_16_6_5_3_0_config14_U0/mul_11s_8s_19_1_1_U180'
INFO: [Synth 8-223] decloning instance 'dense_resource_ap_fixed_16_6_5_3_0_ap_fixed_16_6_5_3_0_config14_U0/mul_11s_8s_19_1_1_U84' (myproject_mul_11s_8s_19_1_1) to 'dense_resource_ap_fixed_16_6_5_3_0_ap_fixed_16_6_5_3_0_config14_U0/mul_11s_8s_19_1_1_U182'
INFO: [Synth 8-223] decloning instance 'dense_resource_ap_fixed_16_6_5_3_0_ap_fixed_16_6_5_3_0_config14_U0/mul_11s_8s_19_1_1_U84' (myproject_mul_11s_8s_19_1_1) to 'dense_resource_ap_fixed_16_6_5_3_0_ap_fixed_16_6_5_3_0_config14_U0/mul_11s_8s_19_1_1_U184'
INFO: [Synth 8-223] decloning instance 'dense_resource_ap_fixed_16_6_5_3_0_ap_fixed_16_6_5_3_0_config14_U0/mul_11s_8s_19_1_1_U84' (myproject_mul_11s_8s_19_1_1) to 'dense_resource_ap_fixed_16_6_5_3_0_ap_fixed_16_6_5_3_0_config14_U0/mul_11s_8s_19_1_1_U186'
INFO: [Synth 8-223] decloning instance 'dense_resource_ap_fixed_16_6_5_3_0_ap_fixed_16_6_5_3_0_config14_U0/mul_11s_8s_19_1_1_U84' (myproject_mul_11s_8s_19_1_1) to 'dense_resource_ap_fixed_16_6_5_3_0_ap_fixed_16_6_5_3_0_config14_U0/mul_11s_8s_19_1_1_U188'
INFO: [Synth 8-223] decloning instance 'dense_resource_ap_fixed_16_6_5_3_0_ap_fixed_16_6_5_3_0_config14_U0/mul_11s_8s_19_1_1_U84' (myproject_mul_11s_8s_19_1_1) to 'dense_resource_ap_fixed_16_6_5_3_0_ap_fixed_16_6_5_3_0_config14_U0/mul_11s_8s_19_1_1_U190'
INFO: [Synth 8-223] decloning instance 'dense_resource_ap_fixed_16_6_5_3_0_ap_fixed_16_6_5_3_0_config14_U0/mul_11s_8s_19_1_1_U84' (myproject_mul_11s_8s_19_1_1) to 'dense_resource_ap_fixed_16_6_5_3_0_ap_fixed_16_6_5_3_0_config14_U0/mul_11s_8s_19_1_1_U192'
INFO: [Synth 8-223] decloning instance 'dense_resource_ap_fixed_16_6_5_3_0_ap_fixed_16_6_5_3_0_config14_U0/mul_11s_8s_19_1_1_U85' (myproject_mul_11s_8s_19_1_1) to 'dense_resource_ap_fixed_16_6_5_3_0_ap_fixed_16_6_5_3_0_config14_U0/mul_11s_8s_19_1_1_U87'
INFO: [Synth 8-223] decloning instance 'dense_resource_ap_fixed_16_6_5_3_0_ap_fixed_16_6_5_3_0_config14_U0/mul_11s_8s_19_1_1_U85' (myproject_mul_11s_8s_19_1_1) to 'dense_resource_ap_fixed_16_6_5_3_0_ap_fixed_16_6_5_3_0_config14_U0/mul_11s_8s_19_1_1_U89'
INFO: [Synth 8-223] decloning instance 'dense_resource_ap_fixed_16_6_5_3_0_ap_fixed_16_6_5_3_0_config14_U0/mul_11s_8s_19_1_1_U85' (myproject_mul_11s_8s_19_1_1) to 'dense_resource_ap_fixed_16_6_5_3_0_ap_fixed_16_6_5_3_0_config14_U0/mul_11s_8s_19_1_1_U91'
INFO: [Synth 8-223] decloning instance 'dense_resource_ap_fixed_16_6_5_3_0_ap_fixed_16_6_5_3_0_config14_U0/mul_11s_8s_19_1_1_U85' (myproject_mul_11s_8s_19_1_1) to 'dense_resource_ap_fixed_16_6_5_3_0_ap_fixed_16_6_5_3_0_config14_U0/mul_11s_8s_19_1_1_U93'
INFO: [Synth 8-223] decloning instance 'dense_resource_ap_fixed_16_6_5_3_0_ap_fixed_16_6_5_3_0_config14_U0/mul_11s_8s_19_1_1_U85' (myproject_mul_11s_8s_19_1_1) to 'dense_resource_ap_fixed_16_6_5_3_0_ap_fixed_16_6_5_3_0_config14_U0/mul_11s_8s_19_1_1_U95'
INFO: [Synth 8-223] decloning instance 'dense_resource_ap_fixed_16_6_5_3_0_ap_fixed_16_6_5_3_0_config14_U0/mul_11s_8s_19_1_1_U85' (myproject_mul_11s_8s_19_1_1) to 'dense_resource_ap_fixed_16_6_5_3_0_ap_fixed_16_6_5_3_0_config14_U0/mul_11s_8s_19_1_1_U97'
INFO: [Synth 8-223] decloning instance 'dense_resource_ap_fixed_16_6_5_3_0_ap_fixed_16_6_5_3_0_config14_U0/mul_11s_8s_19_1_1_U85' (myproject_mul_11s_8s_19_1_1) to 'dense_resource_ap_fixed_16_6_5_3_0_ap_fixed_16_6_5_3_0_config14_U0/mul_11s_8s_19_1_1_U99'
INFO: [Synth 8-223] decloning instance 'dense_resource_ap_fixed_16_6_5_3_0_ap_fixed_16_6_5_3_0_config14_U0/mul_11s_8s_19_1_1_U85' (myproject_mul_11s_8s_19_1_1) to 'dense_resource_ap_fixed_16_6_5_3_0_ap_fixed_16_6_5_3_0_config14_U0/mul_11s_8s_19_1_1_U101'
INFO: [Synth 8-223] decloning instance 'dense_resource_ap_fixed_16_6_5_3_0_ap_fixed_16_6_5_3_0_config14_U0/mul_11s_8s_19_1_1_U85' (myproject_mul_11s_8s_19_1_1) to 'dense_resource_ap_fixed_16_6_5_3_0_ap_fixed_16_6_5_3_0_config14_U0/mul_11s_8s_19_1_1_U103'
INFO: [Synth 8-223] decloning instance 'dense_resource_ap_fixed_16_6_5_3_0_ap_fixed_16_6_5_3_0_config14_U0/mul_11s_8s_19_1_1_U85' (myproject_mul_11s_8s_19_1_1) to 'dense_resource_ap_fixed_16_6_5_3_0_ap_fixed_16_6_5_3_0_config14_U0/mul_11s_8s_19_1_1_U105'
INFO: [Synth 8-223] decloning instance 'dense_resource_ap_fixed_16_6_5_3_0_ap_fixed_16_6_5_3_0_config14_U0/mul_11s_8s_19_1_1_U85' (myproject_mul_11s_8s_19_1_1) to 'dense_resource_ap_fixed_16_6_5_3_0_ap_fixed_16_6_5_3_0_config14_U0/mul_11s_8s_19_1_1_U107'
INFO: [Synth 8-223] decloning instance 'dense_resource_ap_fixed_16_6_5_3_0_ap_fixed_16_6_5_3_0_config14_U0/mul_11s_8s_19_1_1_U85' (myproject_mul_11s_8s_19_1_1) to 'dense_resource_ap_fixed_16_6_5_3_0_ap_fixed_16_6_5_3_0_config14_U0/mul_11s_8s_19_1_1_U109'
INFO: [Synth 8-223] decloning instance 'dense_resource_ap_fixed_16_6_5_3_0_ap_fixed_16_6_5_3_0_config14_U0/mul_11s_8s_19_1_1_U85' (myproject_mul_11s_8s_19_1_1) to 'dense_resource_ap_fixed_16_6_5_3_0_ap_fixed_16_6_5_3_0_config14_U0/mul_11s_8s_19_1_1_U111'
INFO: [Synth 8-223] decloning instance 'dense_resource_ap_fixed_16_6_5_3_0_ap_fixed_16_6_5_3_0_config14_U0/mul_11s_8s_19_1_1_U85' (myproject_mul_11s_8s_19_1_1) to 'dense_resource_ap_fixed_16_6_5_3_0_ap_fixed_16_6_5_3_0_config14_U0/mul_11s_8s_19_1_1_U113'
INFO: [Synth 8-223] decloning instance 'dense_resource_ap_fixed_16_6_5_3_0_ap_fixed_16_6_5_3_0_config14_U0/mul_11s_8s_19_1_1_U85' (myproject_mul_11s_8s_19_1_1) to 'dense_resource_ap_fixed_16_6_5_3_0_ap_fixed_16_6_5_3_0_config14_U0/mul_11s_8s_19_1_1_U115'
INFO: [Synth 8-223] decloning instance 'dense_resource_ap_fixed_16_6_5_3_0_ap_fixed_16_6_5_3_0_config14_U0/mul_11s_8s_19_1_1_U85' (myproject_mul_11s_8s_19_1_1) to 'dense_resource_ap_fixed_16_6_5_3_0_ap_fixed_16_6_5_3_0_config14_U0/mul_11s_8s_19_1_1_U117'
INFO: [Synth 8-223] decloning instance 'dense_resource_ap_fixed_16_6_5_3_0_ap_fixed_16_6_5_3_0_config14_U0/mul_11s_8s_19_1_1_U85' (myproject_mul_11s_8s_19_1_1) to 'dense_resource_ap_fixed_16_6_5_3_0_ap_fixed_16_6_5_3_0_config14_U0/mul_11s_8s_19_1_1_U119'
INFO: [Synth 8-223] decloning instance 'dense_resource_ap_fixed_16_6_5_3_0_ap_fixed_16_6_5_3_0_config14_U0/mul_11s_8s_19_1_1_U85' (myproject_mul_11s_8s_19_1_1) to 'dense_resource_ap_fixed_16_6_5_3_0_ap_fixed_16_6_5_3_0_config14_U0/mul_11s_8s_19_1_1_U121'
INFO: [Synth 8-223] decloning instance 'dense_resource_ap_fixed_16_6_5_3_0_ap_fixed_16_6_5_3_0_config14_U0/mul_11s_8s_19_1_1_U85' (myproject_mul_11s_8s_19_1_1) to 'dense_resource_ap_fixed_16_6_5_3_0_ap_fixed_16_6_5_3_0_config14_U0/mul_11s_8s_19_1_1_U123'
INFO: [Synth 8-223] decloning instance 'dense_resource_ap_fixed_16_6_5_3_0_ap_fixed_16_6_5_3_0_config14_U0/mul_11s_8s_19_1_1_U85' (myproject_mul_11s_8s_19_1_1) to 'dense_resource_ap_fixed_16_6_5_3_0_ap_fixed_16_6_5_3_0_config14_U0/mul_11s_8s_19_1_1_U125'
INFO: [Synth 8-223] decloning instance 'dense_resource_ap_fixed_16_6_5_3_0_ap_fixed_16_6_5_3_0_config14_U0/mul_11s_8s_19_1_1_U85' (myproject_mul_11s_8s_19_1_1) to 'dense_resource_ap_fixed_16_6_5_3_0_ap_fixed_16_6_5_3_0_config14_U0/mul_11s_8s_19_1_1_U127'
INFO: [Synth 8-223] decloning instance 'dense_resource_ap_fixed_16_6_5_3_0_ap_fixed_16_6_5_3_0_config14_U0/mul_11s_8s_19_1_1_U85' (myproject_mul_11s_8s_19_1_1) to 'dense_resource_ap_fixed_16_6_5_3_0_ap_fixed_16_6_5_3_0_config14_U0/mul_11s_8s_19_1_1_U129'
INFO: [Synth 8-223] decloning instance 'dense_resource_ap_fixed_16_6_5_3_0_ap_fixed_16_6_5_3_0_config14_U0/mul_11s_8s_19_1_1_U85' (myproject_mul_11s_8s_19_1_1) to 'dense_resource_ap_fixed_16_6_5_3_0_ap_fixed_16_6_5_3_0_config14_U0/mul_11s_8s_19_1_1_U131'
INFO: [Synth 8-223] decloning instance 'dense_resource_ap_fixed_16_6_5_3_0_ap_fixed_16_6_5_3_0_config14_U0/mul_11s_8s_19_1_1_U85' (myproject_mul_11s_8s_19_1_1) to 'dense_resource_ap_fixed_16_6_5_3_0_ap_fixed_16_6_5_3_0_config14_U0/mul_11s_8s_19_1_1_U133'
INFO: [Synth 8-223] decloning instance 'dense_resource_ap_fixed_16_6_5_3_0_ap_fixed_16_6_5_3_0_config14_U0/mul_11s_8s_19_1_1_U85' (myproject_mul_11s_8s_19_1_1) to 'dense_resource_ap_fixed_16_6_5_3_0_ap_fixed_16_6_5_3_0_config14_U0/mul_11s_8s_19_1_1_U135'
INFO: [Synth 8-223] decloning instance 'dense_resource_ap_fixed_16_6_5_3_0_ap_fixed_16_6_5_3_0_config14_U0/mul_11s_8s_19_1_1_U85' (myproject_mul_11s_8s_19_1_1) to 'dense_resource_ap_fixed_16_6_5_3_0_ap_fixed_16_6_5_3_0_config14_U0/mul_11s_8s_19_1_1_U137'
INFO: [Synth 8-223] decloning instance 'dense_resource_ap_fixed_16_6_5_3_0_ap_fixed_16_6_5_3_0_config14_U0/mul_11s_8s_19_1_1_U85' (myproject_mul_11s_8s_19_1_1) to 'dense_resource_ap_fixed_16_6_5_3_0_ap_fixed_16_6_5_3_0_config14_U0/mul_11s_8s_19_1_1_U139'
INFO: [Synth 8-223] decloning instance 'dense_resource_ap_fixed_16_6_5_3_0_ap_fixed_16_6_5_3_0_config14_U0/mul_11s_8s_19_1_1_U85' (myproject_mul_11s_8s_19_1_1) to 'dense_resource_ap_fixed_16_6_5_3_0_ap_fixed_16_6_5_3_0_config14_U0/mul_11s_8s_19_1_1_U141'
INFO: [Synth 8-223] decloning instance 'dense_resource_ap_fixed_16_6_5_3_0_ap_fixed_16_6_5_3_0_config14_U0/mul_11s_8s_19_1_1_U85' (myproject_mul_11s_8s_19_1_1) to 'dense_resource_ap_fixed_16_6_5_3_0_ap_fixed_16_6_5_3_0_config14_U0/mul_11s_8s_19_1_1_U143'
INFO: [Synth 8-223] decloning instance 'dense_resource_ap_fixed_16_6_5_3_0_ap_fixed_16_6_5_3_0_config14_U0/mul_11s_8s_19_1_1_U85' (myproject_mul_11s_8s_19_1_1) to 'dense_resource_ap_fixed_16_6_5_3_0_ap_fixed_16_6_5_3_0_config14_U0/mul_11s_8s_19_1_1_U145'
INFO: [Synth 8-223] decloning instance 'dense_resource_ap_fixed_16_6_5_3_0_ap_fixed_16_6_5_3_0_config14_U0/mul_11s_8s_19_1_1_U85' (myproject_mul_11s_8s_19_1_1) to 'dense_resource_ap_fixed_16_6_5_3_0_ap_fixed_16_6_5_3_0_config14_U0/mul_11s_8s_19_1_1_U147'
INFO: [Synth 8-223] decloning instance 'dense_resource_ap_fixed_16_6_5_3_0_ap_fixed_16_6_5_3_0_config14_U0/mul_11s_8s_19_1_1_U85' (myproject_mul_11s_8s_19_1_1) to 'dense_resource_ap_fixed_16_6_5_3_0_ap_fixed_16_6_5_3_0_config14_U0/mul_11s_8s_19_1_1_U149'
INFO: [Synth 8-223] decloning instance 'dense_resource_ap_fixed_16_6_5_3_0_ap_fixed_16_6_5_3_0_config14_U0/mul_11s_8s_19_1_1_U85' (myproject_mul_11s_8s_19_1_1) to 'dense_resource_ap_fixed_16_6_5_3_0_ap_fixed_16_6_5_3_0_config14_U0/mul_11s_8s_19_1_1_U151'
INFO: [Synth 8-223] decloning instance 'dense_resource_ap_fixed_16_6_5_3_0_ap_fixed_16_6_5_3_0_config14_U0/mul_11s_8s_19_1_1_U85' (myproject_mul_11s_8s_19_1_1) to 'dense_resource_ap_fixed_16_6_5_3_0_ap_fixed_16_6_5_3_0_config14_U0/mul_11s_8s_19_1_1_U153'
INFO: [Synth 8-223] decloning instance 'dense_resource_ap_fixed_16_6_5_3_0_ap_fixed_16_6_5_3_0_config14_U0/mul_11s_8s_19_1_1_U85' (myproject_mul_11s_8s_19_1_1) to 'dense_resource_ap_fixed_16_6_5_3_0_ap_fixed_16_6_5_3_0_config14_U0/mul_11s_8s_19_1_1_U155'
INFO: [Synth 8-223] decloning instance 'dense_resource_ap_fixed_16_6_5_3_0_ap_fixed_16_6_5_3_0_config14_U0/mul_11s_8s_19_1_1_U85' (myproject_mul_11s_8s_19_1_1) to 'dense_resource_ap_fixed_16_6_5_3_0_ap_fixed_16_6_5_3_0_config14_U0/mul_11s_8s_19_1_1_U157'
INFO: [Synth 8-223] decloning instance 'dense_resource_ap_fixed_16_6_5_3_0_ap_fixed_16_6_5_3_0_config14_U0/mul_11s_8s_19_1_1_U85' (myproject_mul_11s_8s_19_1_1) to 'dense_resource_ap_fixed_16_6_5_3_0_ap_fixed_16_6_5_3_0_config14_U0/mul_11s_8s_19_1_1_U159'
INFO: [Synth 8-223] decloning instance 'dense_resource_ap_fixed_16_6_5_3_0_ap_fixed_16_6_5_3_0_config14_U0/mul_11s_8s_19_1_1_U85' (myproject_mul_11s_8s_19_1_1) to 'dense_resource_ap_fixed_16_6_5_3_0_ap_fixed_16_6_5_3_0_config14_U0/mul_11s_8s_19_1_1_U161'
INFO: [Synth 8-223] decloning instance 'dense_resource_ap_fixed_16_6_5_3_0_ap_fixed_16_6_5_3_0_config14_U0/mul_11s_8s_19_1_1_U85' (myproject_mul_11s_8s_19_1_1) to 'dense_resource_ap_fixed_16_6_5_3_0_ap_fixed_16_6_5_3_0_config14_U0/mul_11s_8s_19_1_1_U163'
INFO: [Synth 8-223] decloning instance 'dense_resource_ap_fixed_16_6_5_3_0_ap_fixed_16_6_5_3_0_config14_U0/mul_11s_8s_19_1_1_U85' (myproject_mul_11s_8s_19_1_1) to 'dense_resource_ap_fixed_16_6_5_3_0_ap_fixed_16_6_5_3_0_config14_U0/mul_11s_8s_19_1_1_U165'
INFO: [Synth 8-223] decloning instance 'dense_resource_ap_fixed_16_6_5_3_0_ap_fixed_16_6_5_3_0_config14_U0/mul_11s_8s_19_1_1_U85' (myproject_mul_11s_8s_19_1_1) to 'dense_resource_ap_fixed_16_6_5_3_0_ap_fixed_16_6_5_3_0_config14_U0/mul_11s_8s_19_1_1_U167'
INFO: [Synth 8-223] decloning instance 'dense_resource_ap_fixed_16_6_5_3_0_ap_fixed_16_6_5_3_0_config14_U0/mul_11s_8s_19_1_1_U85' (myproject_mul_11s_8s_19_1_1) to 'dense_resource_ap_fixed_16_6_5_3_0_ap_fixed_16_6_5_3_0_config14_U0/mul_11s_8s_19_1_1_U169'
INFO: [Synth 8-223] decloning instance 'dense_resource_ap_fixed_16_6_5_3_0_ap_fixed_16_6_5_3_0_config14_U0/mul_11s_8s_19_1_1_U85' (myproject_mul_11s_8s_19_1_1) to 'dense_resource_ap_fixed_16_6_5_3_0_ap_fixed_16_6_5_3_0_config14_U0/mul_11s_8s_19_1_1_U171'
INFO: [Synth 8-223] decloning instance 'dense_resource_ap_fixed_16_6_5_3_0_ap_fixed_16_6_5_3_0_config14_U0/mul_11s_8s_19_1_1_U85' (myproject_mul_11s_8s_19_1_1) to 'dense_resource_ap_fixed_16_6_5_3_0_ap_fixed_16_6_5_3_0_config14_U0/mul_11s_8s_19_1_1_U173'
INFO: [Synth 8-223] decloning instance 'dense_resource_ap_fixed_16_6_5_3_0_ap_fixed_16_6_5_3_0_config14_U0/mul_11s_8s_19_1_1_U85' (myproject_mul_11s_8s_19_1_1) to 'dense_resource_ap_fixed_16_6_5_3_0_ap_fixed_16_6_5_3_0_config14_U0/mul_11s_8s_19_1_1_U175'
INFO: [Synth 8-223] decloning instance 'dense_resource_ap_fixed_16_6_5_3_0_ap_fixed_16_6_5_3_0_config14_U0/mul_11s_8s_19_1_1_U85' (myproject_mul_11s_8s_19_1_1) to 'dense_resource_ap_fixed_16_6_5_3_0_ap_fixed_16_6_5_3_0_config14_U0/mul_11s_8s_19_1_1_U177'
INFO: [Common 17-14] Message 'Synth 8-223' appears 100 times and further instances of the messages will be disabled. Use the Tcl command set_msg_config to change the current settings.
No constraint files found.
---------------------------------------------------------------------------------
Start RTL Component Statistics 
---------------------------------------------------------------------------------
Detailed RTL Component Info : 
+---Adders : 
	   2 Input   17 Bit       Adders := 2     
	   2 Input   16 Bit       Adders := 94    
	   2 Input   15 Bit       Adders := 57    
	   2 Input   14 Bit       Adders := 56    
	   2 Input   13 Bit       Adders := 112   
	   2 Input   12 Bit       Adders := 38    
	   2 Input   11 Bit       Adders := 83    
	   2 Input   10 Bit       Adders := 115   
	   2 Input    9 Bit       Adders := 61    
	   2 Input    8 Bit       Adders := 134   
	   2 Input    7 Bit       Adders := 23    
	   2 Input    6 Bit       Adders := 12    
	   2 Input    5 Bit       Adders := 6     
	   2 Input    4 Bit       Adders := 3     
	   2 Input    3 Bit       Adders := 360   
	   2 Input    2 Bit       Adders := 360   
+---XORs : 
	   2 Input      1 Bit         XORs := 1141  
+---Registers : 
	               29 Bit    Registers := 1     
	               18 Bit    Registers := 2     
	               16 Bit    Registers := 576   
	               15 Bit    Registers := 4     
	               13 Bit    Registers := 84    
	               12 Bit    Registers := 30    
	               11 Bit    Registers := 333   
	               10 Bit    Registers := 459   
	                9 Bit    Registers := 2     
	                8 Bit    Registers := 397   
	                7 Bit    Registers := 7     
	                6 Bit    Registers := 6     
	                5 Bit    Registers := 8     
	                4 Bit    Registers := 6     
	                3 Bit    Registers := 361   
	                2 Bit    Registers := 363   
	                1 Bit    Registers := 1135  
+---Multipliers : 
	               8x11  Multipliers := 18    
	                8x9  Multipliers := 5     
+---Muxes : 
	   2 Input   16 Bit        Muxes := 389   
	   2 Input   15 Bit        Muxes := 3     
	   3 Input   13 Bit        Muxes := 1     
	   2 Input   11 Bit        Muxes := 230   
	   2 Input   10 Bit        Muxes := 342   
	   3 Input   10 Bit        Muxes := 74    
	   2 Input    8 Bit        Muxes := 1134  
	   2 Input    5 Bit        Muxes := 2     
	   2 Input    4 Bit        Muxes := 7     
	   2 Input    3 Bit        Muxes := 5     
	   2 Input    2 Bit        Muxes := 724   
	   6 Input    2 Bit        Muxes := 1     
	   5 Input    2 Bit        Muxes := 1     
	   2 Input    1 Bit        Muxes := 1721  
	   5 Input    1 Bit        Muxes := 1     
---------------------------------------------------------------------------------
Finished RTL Component Statistics 
---------------------------------------------------------------------------------
---------------------------------------------------------------------------------
Start Part Resource Summary
---------------------------------------------------------------------------------
Part Resources:
DSPs: 220 (col length:60)
BRAMs: 280 (col length: RAMB18 60 RAMB36 30)
---------------------------------------------------------------------------------
Finished Part Resource Summary
---------------------------------------------------------------------------------
---------------------------------------------------------------------------------
Start Cross Boundary and Area Optimization
---------------------------------------------------------------------------------
WARNING: [Synth 8-3917] design myproject has port w14_d0[7] driven by constant 0
WARNING: [Synth 8-3917] design myproject has port w14_d0[6] driven by constant 0
INFO: [Common 17-14] Message 'Synth 8-3917' appears 100 times and further instances of the messages will be disabled. Use the Tcl command set_msg_config to change the current settings.
WARNING: [Synth 8-7129] Port w16_q1[7] in module myproject is either unconnected or has no load
WARNING: [Synth 8-7129] Port w16_q1[6] in module myproject is either unconnected or has no load
WARNING: [Synth 8-7129] Port w16_q1[5] in module myproject is either unconnected or has no load
WARNING: [Synth 8-7129] Port w16_q1[4] in module myproject is either unconnected or has no load
WARNING: [Synth 8-7129] Port w16_q1[3] in module myproject is either unconnected or has no load
WARNING: [Synth 8-7129] Port w16_q1[2] in module myproject is either unconnected or has no load
WARNING: [Synth 8-7129] Port w16_q1[1] in module myproject is either unconnected or has no load
WARNING: [Synth 8-7129] Port w16_q1[0] in module myproject is either unconnected or has no load
WARNING: [Synth 8-7129] Port w27_q1[7] in module myproject is either unconnected or has no load
WARNING: [Synth 8-7129] Port w27_q1[6] in module myproject is either unconnected or has no load
WARNING: [Synth 8-7129] Port w27_q1[5] in module myproject is either unconnected or has no load
WARNING: [Synth 8-7129] Port w27_q1[4] in module myproject is either unconnected or has no load
WARNING: [Synth 8-7129] Port w27_q1[3] in module myproject is either unconnected or has no load
WARNING: [Synth 8-7129] Port w27_q1[2] in module myproject is either unconnected or has no load
WARNING: [Synth 8-7129] Port w27_q1[1] in module myproject is either unconnected or has no load
WARNING: [Synth 8-7129] Port w27_q1[0] in module myproject is either unconnected or has no load
INFO: [Synth 8-3886] merging instance 'add_ln55_80_reg_19958_reg[3]' (FDE) to 'add_ln55_80_reg_19958_reg[4]'
INFO: [Synth 8-3886] merging instance 'add_ln55_89_reg_20031_reg[4]' (FDE) to 'add_ln55_89_reg_20031_reg[6]'
INFO: [Synth 8-3333] propagating constant 0 across sequential element (\add_ln55_73_reg_20229_reg[4] )
INFO: [Synth 8-3886] merging instance 'add_ln55_85_reg_20016_reg[4]' (FDE) to 'add_ln55_85_reg_20016_reg[6]'
INFO: [Synth 8-3886] merging instance 'add_ln55_87_reg_21354_reg[4]' (FDE) to 'add_ln55_86_reg_21344_reg[7]'
INFO: [Synth 8-3886] merging instance 'add_ln55_89_reg_20031_reg[5]' (FDE) to 'add_ln55_89_reg_20031_reg[7]'
INFO: [Synth 8-3333] propagating constant 1 across sequential element (\add_ln55_73_reg_20229_reg[5] )
INFO: [Synth 8-3886] merging instance 'add_ln55_78_reg_20516_reg[5]' (FDE) to 'add_ln55_77_reg_20511_reg[4]'
INFO: [Synth 8-3886] merging instance 'add_ln55_85_reg_20016_reg[5]' (FDE) to 'add_ln55_85_reg_20016_reg[6]'
INFO: [Synth 8-3886] merging instance 'add_ln55_87_reg_21354_reg[5]' (FDE) to 'add_ln55_86_reg_21344_reg[5]'
INFO: [Synth 8-3333] propagating constant 0 across sequential element (\add_ln55_89_reg_20031_reg[6] )
INFO: [Synth 8-3886] merging instance 'add_ln55_78_reg_20516_reg[6]' (FDE) to 'add_ln55_77_reg_20511_reg[6]'
INFO: [Synth 8-3333] propagating constant 1 across sequential element (\add_ln55_82_reg_20536_reg[5] )
INFO: [Synth 8-3333] propagating constant 0 across sequential element (\add_ln55_85_reg_20016_reg[6] )
INFO: [Synth 8-3886] merging instance 'add_ln55_87_reg_21354_reg[6]' (FDE) to 'add_ln55_86_reg_21344_reg[5]'
INFO: [Synth 8-3333] propagating constant 1 across sequential element (\add_ln55_71_reg_19768_reg[4] )
INFO: [Synth 8-3886] merging instance 'add_ln55_75_reg_21266_reg[4]' (FDE) to 'add_ln55_74_reg_21256_reg[5]'
INFO: [Synth 8-3886] merging instance 'add_ln55_80_reg_19958_reg[6]' (FDE) to 'add_ln55_81_reg_19968_reg[5]'
INFO: [Synth 8-3333] propagating constant 1 across sequential element (\add_ln55_83_reg_21328_reg[4] )
INFO: [Synth 8-3333] propagating constant 1 across sequential element (\add_ln55_89_reg_20031_reg[7] )
INFO: [Synth 8-3333] propagating constant 1 across sequential element (\add_ln55_85_reg_20016_reg[7] )
INFO: [Synth 8-3886] merging instance 'add_ln55_87_reg_21354_reg[7]' (FDE) to 'add_ln55_86_reg_21344_reg[7]'
INFO: [Synth 8-3886] merging instance 'zext_ln42_16_reg_19745_reg[0]' (FDE) to 'zext_ln42_17_reg_19756_reg[0]'
INFO: [Synth 8-3886] merging instance 'add_ln55_86_reg_21344_reg[2]' (FDE) to 'add_ln55_86_reg_21344_reg[3]'
INFO: [Synth 8-3886] merging instance 'zext_ln42_18_reg_19783_reg[1]' (FDE) to 'or_ln_reg_19923_reg[1]'
INFO: [Synth 8-3886] merging instance 'zext_ln42_18_reg_19783_reg[0]' (FDE) to 'or_ln_reg_19923_reg[0]'
INFO: [Synth 8-3886] merging instance 'zext_ln42_18_reg_19783_reg[2]' (FDE) to 'or_ln_reg_19923_reg[2]'
INFO: [Synth 8-3886] merging instance 'add_ln55_88_reg_21018_reg[3]' (FDE) to 'add_ln55_88_reg_21018_reg[4]'
INFO: [Synth 8-3886] merging instance 'zext_ln42_16_reg_19745_reg[1]' (FDE) to 'zext_ln42_17_reg_19756_reg[1]'
INFO: [Synth 8-3886] merging instance 'zext_ln42_16_reg_19745_reg[2]' (FDE) to 'zext_ln42_17_reg_19756_reg[2]'
INFO: [Synth 8-3886] merging instance 'add_ln55_77_reg_20511_reg[4]' (FDE) to 'add_ln55_77_reg_20511_reg[5]'
INFO: [Synth 8-3886] merging instance 'add_ln55_79_reg_21292_reg[4]' (FDE) to 'add_ln55_79_reg_21292_reg[6]'
INFO: [Synth 8-3333] propagating constant 0 across sequential element (\add_ln55_81_reg_19968_reg[4] )
INFO: [Synth 8-3333] propagating constant 0 across sequential element (\add_ln55_77_reg_20511_reg[5] )
INFO: [Synth 8-3333] propagating constant 0 across sequential element (\add_ln55_79_reg_21292_reg[5] )
INFO: [Synth 8-3886] merging instance 'add_ln55_86_reg_21344_reg[5]' (FDE) to 'add_ln55_86_reg_21344_reg[6]'
INFO: [Synth 8-3333] propagating constant 1 across sequential element (\add_ln55_77_reg_20511_reg[6] )
INFO: [Synth 8-3333] propagating constant 0 across sequential element (\add_ln55_88_reg_21018_reg[6] )
INFO: [Synth 8-3333] propagating constant 0 across sequential element (\add_ln55_86_reg_21344_reg[6] )
INFO: [Synth 8-3333] propagating constant 1 across sequential element (\add_ln55_88_reg_21018_reg[7] )
INFO: [Synth 8-3333] propagating constant 1 across sequential element (\add_ln55_74_reg_21256_reg[5] )
INFO: [Synth 8-3333] propagating constant 1 across sequential element (\add_ln55_79_reg_21292_reg[6] )
INFO: [Synth 8-3333] propagating constant 1 across sequential element (\add_ln55_81_reg_19968_reg[5] )
INFO: [Synth 8-3333] propagating constant 1 across sequential element (\add_ln55_86_reg_21344_reg[7] )
INFO: [Synth 8-3886] merging instance 'layer20_out_44_U/U_myproject_fifo_w10_d2_S_ShiftReg/SRL_SIG_reg[0][0]' (FDE) to 'layer20_out_44_U/U_myproject_fifo_w10_d2_S_ShiftReg/SRL_SIG_reg[0][1]'
INFO: [Synth 8-3886] merging instance 'layer20_out_44_U/U_myproject_fifo_w10_d2_S_ShiftReg/SRL_SIG_reg[1][0]' (FDE) to 'layer20_out_44_U/U_myproject_fifo_w10_d2_S_ShiftReg/SRL_SIG_reg[1][1]'
INFO: [Synth 8-3886] merging instance 'layer20_out_43_U/U_myproject_fifo_w10_d2_S_ShiftReg/SRL_SIG_reg[0][0]' (FDE) to 'layer20_out_43_U/U_myproject_fifo_w10_d2_S_ShiftReg/SRL_SIG_reg[0][1]'
INFO: [Synth 8-3886] merging instance 'layer20_out_43_U/U_myproject_fifo_w10_d2_S_ShiftReg/SRL_SIG_reg[1][0]' (FDE) to 'layer20_out_43_U/U_myproject_fifo_w10_d2_S_ShiftReg/SRL_SIG_reg[1][1]'
INFO: [Synth 8-3886] merging instance 'layer20_out_42_U/U_myproject_fifo_w10_d2_S_ShiftReg/SRL_SIG_reg[0][0]' (FDE) to 'layer20_out_42_U/U_myproject_fifo_w10_d2_S_ShiftReg/SRL_SIG_reg[0][1]'
INFO: [Synth 8-3886] merging instance 'layer20_out_42_U/U_myproject_fifo_w10_d2_S_ShiftReg/SRL_SIG_reg[1][0]' (FDE) to 'layer20_out_42_U/U_myproject_fifo_w10_d2_S_ShiftReg/SRL_SIG_reg[1][1]'
INFO: [Synth 8-3886] merging instance 'layer20_out_41_U/U_myproject_fifo_w10_d2_S_ShiftReg/SRL_SIG_reg[0][0]' (FDE) to 'layer20_out_41_U/U_myproject_fifo_w10_d2_S_ShiftReg/SRL_SIG_reg[0][1]'
INFO: [Synth 8-3886] merging instance 'layer20_out_41_U/U_myproject_fifo_w10_d2_S_ShiftReg/SRL_SIG_reg[1][0]' (FDE) to 'layer20_out_41_U/U_myproject_fifo_w10_d2_S_ShiftReg/SRL_SIG_reg[1][1]'
INFO: [Synth 8-3886] merging instance 'layer20_out_40_U/U_myproject_fifo_w10_d2_S_ShiftReg/SRL_SIG_reg[0][0]' (FDE) to 'layer20_out_40_U/U_myproject_fifo_w10_d2_S_ShiftReg/SRL_SIG_reg[0][1]'
INFO: [Synth 8-3886] merging instance 'layer20_out_40_U/U_myproject_fifo_w10_d2_S_ShiftReg/SRL_SIG_reg[1][0]' (FDE) to 'layer20_out_40_U/U_myproject_fifo_w10_d2_S_ShiftReg/SRL_SIG_reg[1][1]'
INFO: [Synth 8-3886] merging instance 'layer20_out_39_U/U_myproject_fifo_w10_d2_S_ShiftReg/SRL_SIG_reg[0][0]' (FDE) to 'layer20_out_39_U/U_myproject_fifo_w10_d2_S_ShiftReg/SRL_SIG_reg[0][1]'
INFO: [Synth 8-3886] merging instance 'layer20_out_39_U/U_myproject_fifo_w10_d2_S_ShiftReg/SRL_SIG_reg[1][0]' (FDE) to 'layer20_out_39_U/U_myproject_fifo_w10_d2_S_ShiftReg/SRL_SIG_reg[1][1]'
INFO: [Synth 8-3886] merging instance 'layer20_out_38_U/U_myproject_fifo_w10_d2_S_ShiftReg/SRL_SIG_reg[0][0]' (FDE) to 'layer20_out_38_U/U_myproject_fifo_w10_d2_S_ShiftReg/SRL_SIG_reg[0][1]'
INFO: [Synth 8-3886] merging instance 'layer20_out_38_U/U_myproject_fifo_w10_d2_S_ShiftReg/SRL_SIG_reg[1][0]' (FDE) to 'layer20_out_38_U/U_myproject_fifo_w10_d2_S_ShiftReg/SRL_SIG_reg[1][1]'
INFO: [Synth 8-3886] merging instance 'layer20_out_37_U/U_myproject_fifo_w10_d2_S_ShiftReg/SRL_SIG_reg[0][0]' (FDE) to 'layer20_out_37_U/U_myproject_fifo_w10_d2_S_ShiftReg/SRL_SIG_reg[0][1]'
INFO: [Synth 8-3886] merging instance 'layer20_out_37_U/U_myproject_fifo_w10_d2_S_ShiftReg/SRL_SIG_reg[1][0]' (FDE) to 'layer20_out_37_U/U_myproject_fifo_w10_d2_S_ShiftReg/SRL_SIG_reg[1][1]'
INFO: [Synth 8-3886] merging instance 'layer20_out_36_U/U_myproject_fifo_w10_d2_S_ShiftReg/SRL_SIG_reg[0][0]' (FDE) to 'layer20_out_36_U/U_myproject_fifo_w10_d2_S_ShiftReg/SRL_SIG_reg[0][1]'
INFO: [Synth 8-3886] merging instance 'layer20_out_36_U/U_myproject_fifo_w10_d2_S_ShiftReg/SRL_SIG_reg[1][0]' (FDE) to 'layer20_out_36_U/U_myproject_fifo_w10_d2_S_ShiftReg/SRL_SIG_reg[1][1]'
INFO: [Synth 8-3886] merging instance 'layer20_out_35_U/U_myproject_fifo_w10_d2_S_ShiftReg/SRL_SIG_reg[0][0]' (FDE) to 'layer20_out_35_U/U_myproject_fifo_w10_d2_S_ShiftReg/SRL_SIG_reg[0][1]'
INFO: [Synth 8-3886] merging instance 'layer20_out_35_U/U_myproject_fifo_w10_d2_S_ShiftReg/SRL_SIG_reg[1][0]' (FDE) to 'layer20_out_35_U/U_myproject_fifo_w10_d2_S_ShiftReg/SRL_SIG_reg[1][1]'
INFO: [Synth 8-3886] merging instance 'layer20_out_34_U/U_myproject_fifo_w10_d2_S_ShiftReg/SRL_SIG_reg[0][0]' (FDE) to 'layer20_out_34_U/U_myproject_fifo_w10_d2_S_ShiftReg/SRL_SIG_reg[0][1]'
INFO: [Synth 8-3886] merging instance 'layer20_out_34_U/U_myproject_fifo_w10_d2_S_ShiftReg/SRL_SIG_reg[1][0]' (FDE) to 'layer20_out_34_U/U_myproject_fifo_w10_d2_S_ShiftReg/SRL_SIG_reg[1][1]'
INFO: [Synth 8-3886] merging instance 'layer20_out_33_U/U_myproject_fifo_w10_d2_S_ShiftReg/SRL_SIG_reg[0][0]' (FDE) to 'layer20_out_33_U/U_myproject_fifo_w10_d2_S_ShiftReg/SRL_SIG_reg[0][1]'
INFO: [Synth 8-3886] merging instance 'layer20_out_33_U/U_myproject_fifo_w10_d2_S_ShiftReg/SRL_SIG_reg[1][0]' (FDE) to 'layer20_out_33_U/U_myproject_fifo_w10_d2_S_ShiftReg/SRL_SIG_reg[1][1]'
INFO: [Synth 8-3886] merging instance 'layer20_out_32_U/U_myproject_fifo_w10_d2_S_ShiftReg/SRL_SIG_reg[0][0]' (FDE) to 'layer20_out_32_U/U_myproject_fifo_w10_d2_S_ShiftReg/SRL_SIG_reg[0][1]'
INFO: [Synth 8-3886] merging instance 'layer20_out_32_U/U_myproject_fifo_w10_d2_S_ShiftReg/SRL_SIG_reg[1][0]' (FDE) to 'layer20_out_32_U/U_myproject_fifo_w10_d2_S_ShiftReg/SRL_SIG_reg[1][1]'
INFO: [Synth 8-3886] merging instance 'layer20_out_31_U/U_myproject_fifo_w10_d2_S_ShiftReg/SRL_SIG_reg[0][0]' (FDE) to 'layer20_out_31_U/U_myproject_fifo_w10_d2_S_ShiftReg/SRL_SIG_reg[0][1]'
INFO: [Synth 8-3886] merging instance 'layer20_out_31_U/U_myproject_fifo_w10_d2_S_ShiftReg/SRL_SIG_reg[1][0]' (FDE) to 'layer20_out_31_U/U_myproject_fifo_w10_d2_S_ShiftReg/SRL_SIG_reg[1][1]'
INFO: [Synth 8-3886] merging instance 'layer20_out_30_U/U_myproject_fifo_w10_d2_S_ShiftReg/SRL_SIG_reg[0][0]' (FDE) to 'layer20_out_30_U/U_myproject_fifo_w10_d2_S_ShiftReg/SRL_SIG_reg[0][1]'
INFO: [Synth 8-3886] merging instance 'layer20_out_30_U/U_myproject_fifo_w10_d2_S_ShiftReg/SRL_SIG_reg[1][0]' (FDE) to 'layer20_out_30_U/U_myproject_fifo_w10_d2_S_ShiftReg/SRL_SIG_reg[1][1]'
INFO: [Synth 8-3886] merging instance 'layer20_out_29_U/U_myproject_fifo_w10_d2_S_ShiftReg/SRL_SIG_reg[0][0]' (FDE) to 'layer20_out_29_U/U_myproject_fifo_w10_d2_S_ShiftReg/SRL_SIG_reg[0][1]'
INFO: [Synth 8-3886] merging instance 'layer20_out_29_U/U_myproject_fifo_w10_d2_S_ShiftReg/SRL_SIG_reg[1][0]' (FDE) to 'layer20_out_29_U/U_myproject_fifo_w10_d2_S_ShiftReg/SRL_SIG_reg[1][1]'
INFO: [Synth 8-3886] merging instance 'layer20_out_56_U/U_myproject_fifo_w10_d2_S_ShiftReg/SRL_SIG_reg[0][0]' (FDE) to 'layer20_out_56_U/U_myproject_fifo_w10_d2_S_ShiftReg/SRL_SIG_reg[0][1]'
INFO: [Synth 8-3886] merging instance 'layer20_out_56_U/U_myproject_fifo_w10_d2_S_ShiftReg/SRL_SIG_reg[1][0]' (FDE) to 'layer20_out_56_U/U_myproject_fifo_w10_d2_S_ShiftReg/SRL_SIG_reg[1][1]'
INFO: [Synth 8-3886] merging instance 'layer20_out_55_U/U_myproject_fifo_w10_d2_S_ShiftReg/SRL_SIG_reg[0][0]' (FDE) to 'layer20_out_55_U/U_myproject_fifo_w10_d2_S_ShiftReg/SRL_SIG_reg[0][1]'
INFO: [Synth 8-3886] merging instance 'layer20_out_55_U/U_myproject_fifo_w10_d2_S_ShiftReg/SRL_SIG_reg[1][0]' (FDE) to 'layer20_out_55_U/U_myproject_fifo_w10_d2_S_ShiftReg/SRL_SIG_reg[1][1]'
INFO: [Synth 8-3886] merging instance 'layer20_out_54_U/U_myproject_fifo_w10_d2_S_ShiftReg/SRL_SIG_reg[0][0]' (FDE) to 'layer20_out_54_U/U_myproject_fifo_w10_d2_S_ShiftReg/SRL_SIG_reg[0][1]'
INFO: [Synth 8-3886] merging instance 'layer20_out_54_U/U_myproject_fifo_w10_d2_S_ShiftReg/SRL_SIG_reg[1][0]' (FDE) to 'layer20_out_54_U/U_myproject_fifo_w10_d2_S_ShiftReg/SRL_SIG_reg[1][1]'
INFO: [Synth 8-3886] merging instance 'layer20_out_53_U/U_myproject_fifo_w10_d2_S_ShiftReg/SRL_SIG_reg[0][0]' (FDE) to 'layer20_out_53_U/U_myproject_fifo_w10_d2_S_ShiftReg/SRL_SIG_reg[0][1]'
INFO: [Synth 8-3886] merging instance 'layer20_out_53_U/U_myproject_fifo_w10_d2_S_ShiftReg/SRL_SIG_reg[1][0]' (FDE) to 'layer20_out_53_U/U_myproject_fifo_w10_d2_S_ShiftReg/SRL_SIG_reg[1][1]'
INFO: [Synth 8-3886] merging instance 'layer20_out_57_U/U_myproject_fifo_w10_d2_S_ShiftReg/SRL_SIG_reg[0][0]' (FDE) to 'layer20_out_57_U/U_myproject_fifo_w10_d2_S_ShiftReg/SRL_SIG_reg[0][1]'
INFO: [Synth 8-3886] merging instance 'layer20_out_57_U/U_myproject_fifo_w10_d2_S_ShiftReg/SRL_SIG_reg[1][0]' (FDE) to 'layer20_out_57_U/U_myproject_fifo_w10_d2_S_ShiftReg/SRL_SIG_reg[1][1]'
INFO: [Synth 8-3886] merging instance 'layer20_out_52_U/U_myproject_fifo_w10_d2_S_ShiftReg/SRL_SIG_reg[0][0]' (FDE) to 'layer20_out_52_U/U_myproject_fifo_w10_d2_S_ShiftReg/SRL_SIG_reg[0][1]'
INFO: [Synth 8-3886] merging instance 'layer20_out_52_U/U_myproject_fifo_w10_d2_S_ShiftReg/SRL_SIG_reg[1][0]' (FDE) to 'layer20_out_52_U/U_myproject_fifo_w10_d2_S_ShiftReg/SRL_SIG_reg[1][1]'
INFO: [Synth 8-3886] merging instance 'layer20_out_51_U/U_myproject_fifo_w10_d2_S_ShiftReg/SRL_SIG_reg[0][0]' (FDE) to 'layer20_out_51_U/U_myproject_fifo_w10_d2_S_ShiftReg/SRL_SIG_reg[0][1]'
INFO: [Synth 8-3886] merging instance 'layer20_out_51_U/U_myproject_fifo_w10_d2_S_ShiftReg/SRL_SIG_reg[1][0]' (FDE) to 'layer20_out_51_U/U_myproject_fifo_w10_d2_S_ShiftReg/SRL_SIG_reg[1][1]'
INFO: [Synth 8-3886] merging instance 'layer20_out_50_U/U_myproject_fifo_w10_d2_S_ShiftReg/SRL_SIG_reg[0][0]' (FDE) to 'layer20_out_50_U/U_myproject_fifo_w10_d2_S_ShiftReg/SRL_SIG_reg[0][1]'
INFO: [Synth 8-3886] merging instance 'layer20_out_50_U/U_myproject_fifo_w10_d2_S_ShiftReg/SRL_SIG_reg[1][0]' (FDE) to 'layer20_out_50_U/U_myproject_fifo_w10_d2_S_ShiftReg/SRL_SIG_reg[1][1]'
INFO: [Synth 8-3886] merging instance 'layer20_out_49_U/U_myproject_fifo_w10_d2_S_ShiftReg/SRL_SIG_reg[0][0]' (FDE) to 'layer20_out_49_U/U_myproject_fifo_w10_d2_S_ShiftReg/SRL_SIG_reg[0][1]'
INFO: [Synth 8-3886] merging instance 'layer20_out_49_U/U_myproject_fifo_w10_d2_S_ShiftReg/SRL_SIG_reg[1][0]' (FDE) to 'layer20_out_49_U/U_myproject_fifo_w10_d2_S_ShiftReg/SRL_SIG_reg[1][1]'
INFO: [Synth 8-3886] merging instance 'layer20_out_48_U/U_myproject_fifo_w10_d2_S_ShiftReg/SRL_SIG_reg[0][0]' (FDE) to 'layer20_out_48_U/U_myproject_fifo_w10_d2_S_ShiftReg/SRL_SIG_reg[0][1]'
INFO: [Synth 8-3886] merging instance 'layer20_out_48_U/U_myproject_fifo_w10_d2_S_ShiftReg/SRL_SIG_reg[1][0]' (FDE) to 'layer20_out_48_U/U_myproject_fifo_w10_d2_S_ShiftReg/SRL_SIG_reg[1][1]'
INFO: [Synth 8-3886] merging instance 'layer20_out_47_U/U_myproject_fifo_w10_d2_S_ShiftReg/SRL_SIG_reg[0][0]' (FDE) to 'layer20_out_47_U/U_myproject_fifo_w10_d2_S_ShiftReg/SRL_SIG_reg[0][1]'
INFO: [Synth 8-3886] merging instance 'layer20_out_47_U/U_myproject_fifo_w10_d2_S_ShiftReg/SRL_SIG_reg[1][0]' (FDE) to 'layer20_out_47_U/U_myproject_fifo_w10_d2_S_ShiftReg/SRL_SIG_reg[1][1]'
INFO: [Synth 8-3886] merging instance 'layer20_out_46_U/U_myproject_fifo_w10_d2_S_ShiftReg/SRL_SIG_reg[0][0]' (FDE) to 'layer20_out_46_U/U_myproject_fifo_w10_d2_S_ShiftReg/SRL_SIG_reg[0][1]'
INFO: [Synth 8-3886] merging instance 'layer20_out_46_U/U_myproject_fifo_w10_d2_S_ShiftReg/SRL_SIG_reg[1][0]' (FDE) to 'layer20_out_46_U/U_myproject_fifo_w10_d2_S_ShiftReg/SRL_SIG_reg[1][1]'
INFO: [Synth 8-3886] merging instance 'layer20_out_45_U/U_myproject_fifo_w10_d2_S_ShiftReg/SRL_SIG_reg[0][0]' (FDE) to 'layer20_out_45_U/U_myproject_fifo_w10_d2_S_ShiftReg/SRL_SIG_reg[0][1]'
INFO: [Synth 8-3886] merging instance 'layer20_out_45_U/U_myproject_fifo_w10_d2_S_ShiftReg/SRL_SIG_reg[1][0]' (FDE) to 'layer20_out_45_U/U_myproject_fifo_w10_d2_S_ShiftReg/SRL_SIG_reg[1][1]'
INFO: [Synth 8-3333] propagating constant 0 across sequential element (layer20_out_44_U/\U_myproject_fifo_w10_d2_S_ShiftReg/SRL_SIG_reg[0][1] )
INFO: [Synth 8-3886] merging instance 'layer20_out_44_U/U_myproject_fifo_w10_d2_S_ShiftReg/SRL_SIG_reg[1][1]' (FDE) to 'layer20_out_44_U/U_myproject_fifo_w10_d2_S_ShiftReg/SRL_SIG_reg[0][1]'
INFO: [Synth 8-3333] propagating constant 0 across sequential element (layer20_out_43_U/\U_myproject_fifo_w10_d2_S_ShiftReg/SRL_SIG_reg[0][1] )
INFO: [Synth 8-3886] merging instance 'layer20_out_43_U/U_myproject_fifo_w10_d2_S_ShiftReg/SRL_SIG_reg[1][1]' (FDE) to 'layer20_out_43_U/U_myproject_fifo_w10_d2_S_ShiftReg/SRL_SIG_reg[0][1]'
INFO: [Synth 8-3333] propagating constant 0 across sequential element (layer20_out_42_U/\U_myproject_fifo_w10_d2_S_ShiftReg/SRL_SIG_reg[0][1] )
INFO: [Synth 8-3886] merging instance 'layer20_out_42_U/U_myproject_fifo_w10_d2_S_ShiftReg/SRL_SIG_reg[1][1]' (FDE) to 'layer20_out_42_U/U_myproject_fifo_w10_d2_S_ShiftReg/SRL_SIG_reg[0][1]'
INFO: [Synth 8-3333] propagating constant 0 across sequential element (layer20_out_41_U/\U_myproject_fifo_w10_d2_S_ShiftReg/SRL_SIG_reg[0][1] )
INFO: [Synth 8-3886] merging instance 'layer20_out_41_U/U_myproject_fifo_w10_d2_S_ShiftReg/SRL_SIG_reg[1][1]' (FDE) to 'layer20_out_41_U/U_myproject_fifo_w10_d2_S_ShiftReg/SRL_SIG_reg[0][1]'
INFO: [Synth 8-3333] propagating constant 0 across sequential element (layer20_out_40_U/\U_myproject_fifo_w10_d2_S_ShiftReg/SRL_SIG_reg[0][1] )
INFO: [Synth 8-3886] merging instance 'layer20_out_40_U/U_myproject_fifo_w10_d2_S_ShiftReg/SRL_SIG_reg[1][1]' (FDE) to 'layer20_out_40_U/U_myproject_fifo_w10_d2_S_ShiftReg/SRL_SIG_reg[0][1]'
INFO: [Synth 8-3333] propagating constant 0 across sequential element (layer20_out_39_U/\U_myproject_fifo_w10_d2_S_ShiftReg/SRL_SIG_reg[0][1] )
INFO: [Synth 8-3886] merging instance 'layer20_out_39_U/U_myproject_fifo_w10_d2_S_ShiftReg/SRL_SIG_reg[1][1]' (FDE) to 'layer20_out_39_U/U_myproject_fifo_w10_d2_S_ShiftReg/SRL_SIG_reg[0][1]'
INFO: [Synth 8-3333] propagating constant 0 across sequential element (layer20_out_38_U/\U_myproject_fifo_w10_d2_S_ShiftReg/SRL_SIG_reg[0][1] )
INFO: [Synth 8-3886] merging instance 'layer20_out_38_U/U_myproject_fifo_w10_d2_S_ShiftReg/SRL_SIG_reg[1][1]' (FDE) to 'layer20_out_38_U/U_myproject_fifo_w10_d2_S_ShiftReg/SRL_SIG_reg[0][1]'
INFO: [Synth 8-3333] propagating constant 0 across sequential element (layer20_out_37_U/\U_myproject_fifo_w10_d2_S_ShiftReg/SRL_SIG_reg[0][1] )
INFO: [Synth 8-3886] merging instance 'layer20_out_37_U/U_myproject_fifo_w10_d2_S_ShiftReg/SRL_SIG_reg[1][1]' (FDE) to 'layer20_out_37_U/U_myproject_fifo_w10_d2_S_ShiftReg/SRL_SIG_reg[0][1]'
INFO: [Synth 8-3333] propagating constant 0 across sequential element (layer20_out_36_U/\U_myproject_fifo_w10_d2_S_ShiftReg/SRL_SIG_reg[0][1] )
INFO: [Synth 8-3886] merging instance 'layer20_out_36_U/U_myproject_fifo_w10_d2_S_ShiftReg/SRL_SIG_reg[1][1]' (FDE) to 'layer20_out_36_U/U_myproject_fifo_w10_d2_S_ShiftReg/SRL_SIG_reg[0][1]'
INFO: [Synth 8-3333] propagating constant 0 across sequential element (layer20_out_35_U/\U_myproject_fifo_w10_d2_S_ShiftReg/SRL_SIG_reg[0][1] )
INFO: [Synth 8-3886] merging instance 'layer20_out_35_U/U_myproject_fifo_w10_d2_S_ShiftReg/SRL_SIG_reg[1][1]' (FDE) to 'layer20_out_35_U/U_myproject_fifo_w10_d2_S_ShiftReg/SRL_SIG_reg[0][1]'
INFO: [Synth 8-3333] propagating constant 0 across sequential element (layer20_out_34_U/\U_myproject_fifo_w10_d2_S_ShiftReg/SRL_SIG_reg[0][1] )
INFO: [Synth 8-3886] merging instance 'layer20_out_34_U/U_myproject_fifo_w10_d2_S_ShiftReg/SRL_SIG_reg[1][1]' (FDE) to 'layer20_out_34_U/U_myproject_fifo_w10_d2_S_ShiftReg/SRL_SIG_reg[0][1]'
INFO: [Synth 8-3333] propagating constant 0 across sequential element (layer20_out_33_U/\U_myproject_fifo_w10_d2_S_ShiftReg/SRL_SIG_reg[0][1] )
INFO: [Synth 8-3886] merging instance 'layer20_out_33_U/U_myproject_fifo_w10_d2_S_ShiftReg/SRL_SIG_reg[1][1]' (FDE) to 'layer20_out_33_U/U_myproject_fifo_w10_d2_S_ShiftReg/SRL_SIG_reg[0][1]'
INFO: [Synth 8-3333] propagating constant 0 across sequential element (layer20_out_32_U/\U_myproject_fifo_w10_d2_S_ShiftReg/SRL_SIG_reg[0][1] )
INFO: [Synth 8-3886] merging instance 'layer20_out_32_U/U_myproject_fifo_w10_d2_S_ShiftReg/SRL_SIG_reg[1][1]' (FDE) to 'layer20_out_32_U/U_myproject_fifo_w10_d2_S_ShiftReg/SRL_SIG_reg[0][1]'
INFO: [Synth 8-3333] propagating constant 0 across sequential element (layer20_out_31_U/\U_myproject_fifo_w10_d2_S_ShiftReg/SRL_SIG_reg[0][1] )
INFO: [Synth 8-3886] merging instance 'layer20_out_31_U/U_myproject_fifo_w10_d2_S_ShiftReg/SRL_SIG_reg[1][1]' (FDE) to 'layer20_out_31_U/U_myproject_fifo_w10_d2_S_ShiftReg/SRL_SIG_reg[0][1]'
INFO: [Synth 8-3333] propagating constant 0 across sequential element (layer20_out_30_U/\U_myproject_fifo_w10_d2_S_ShiftReg/SRL_SIG_reg[0][1] )
INFO: [Synth 8-3886] merging instance 'layer20_out_30_U/U_myproject_fifo_w10_d2_S_ShiftReg/SRL_SIG_reg[1][1]' (FDE) to 'layer20_out_30_U/U_myproject_fifo_w10_d2_S_ShiftReg/SRL_SIG_reg[0][1]'
INFO: [Synth 8-3333] propagating constant 0 across sequential element (layer20_out_29_U/\U_myproject_fifo_w10_d2_S_ShiftReg/SRL_SIG_reg[0][1] )
INFO: [Synth 8-3886] merging instance 'layer20_out_29_U/U_myproject_fifo_w10_d2_S_ShiftReg/SRL_SIG_reg[1][1]' (FDE) to 'layer20_out_29_U/U_myproject_fifo_w10_d2_S_ShiftReg/SRL_SIG_reg[0][1]'
INFO: [Synth 8-3333] propagating constant 0 across sequential element (layer20_out_56_U/\U_myproject_fifo_w10_d2_S_ShiftReg/SRL_SIG_reg[0][1] )
INFO: [Synth 8-3886] merging instance 'layer20_out_56_U/U_myproject_fifo_w10_d2_S_ShiftReg/SRL_SIG_reg[1][1]' (FDE) to 'layer20_out_56_U/U_myproject_fifo_w10_d2_S_ShiftReg/SRL_SIG_reg[0][1]'
INFO: [Synth 8-3333] propagating constant 0 across sequential element (layer20_out_55_U/\U_myproject_fifo_w10_d2_S_ShiftReg/SRL_SIG_reg[0][1] )
INFO: [Synth 8-3886] merging instance 'layer20_out_55_U/U_myproject_fifo_w10_d2_S_ShiftReg/SRL_SIG_reg[1][1]' (FDE) to 'layer20_out_55_U/U_myproject_fifo_w10_d2_S_ShiftReg/SRL_SIG_reg[0][1]'
INFO: [Common 17-14] Message 'Synth 8-3886' appears 100 times and further instances of the messages will be disabled. Use the Tcl command set_msg_config to change the current settings.
INFO: [Synth 8-3333] propagating constant 0 across sequential element (layer20_out_54_U/\U_myproject_fifo_w10_d2_S_ShiftReg/SRL_SIG_reg[0][1] )
INFO: [Synth 8-3333] propagating constant 0 across sequential element (layer20_out_53_U/\U_myproject_fifo_w10_d2_S_ShiftReg/SRL_SIG_reg[0][1] )
INFO: [Synth 8-3333] propagating constant 0 across sequential element (layer20_out_57_U/\U_myproject_fifo_w10_d2_S_ShiftReg/SRL_SIG_reg[0][1] )
INFO: [Synth 8-3333] propagating constant 0 across sequential element (layer20_out_52_U/\U_myproject_fifo_w10_d2_S_ShiftReg/SRL_SIG_reg[0][1] )
INFO: [Synth 8-3333] propagating constant 0 across sequential element (layer20_out_51_U/\U_myproject_fifo_w10_d2_S_ShiftReg/SRL_SIG_reg[0][1] )
INFO: [Synth 8-3333] propagating constant 0 across sequential element (layer20_out_50_U/\U_myproject_fifo_w10_d2_S_ShiftReg/SRL_SIG_reg[0][1] )
INFO: [Synth 8-3333] propagating constant 0 across sequential element (layer20_out_49_U/\U_myproject_fifo_w10_d2_S_ShiftReg/SRL_SIG_reg[0][1] )
INFO: [Synth 8-3333] propagating constant 0 across sequential element (layer20_out_48_U/\U_myproject_fifo_w10_d2_S_ShiftReg/SRL_SIG_reg[0][1] )
INFO: [Synth 8-3333] propagating constant 0 across sequential element (layer20_out_47_U/\U_myproject_fifo_w10_d2_S_ShiftReg/SRL_SIG_reg[0][1] )
INFO: [Synth 8-3333] propagating constant 0 across sequential element (layer20_out_46_U/\U_myproject_fifo_w10_d2_S_ShiftReg/SRL_SIG_reg[0][1] )
INFO: [Synth 8-3333] propagating constant 0 across sequential element (layer20_out_45_U/\U_myproject_fifo_w10_d2_S_ShiftReg/SRL_SIG_reg[0][1] )
INFO: [Common 17-14] Message 'Synth 8-3886' appears 100 times and further instances of the messages will be disabled. Use the Tcl command set_msg_config to change the current settings.
INFO: [Synth 8-3333] propagating constant 0 across sequential element (layer20_out_15_U/\U_myproject_fifo_w10_d2_S_ShiftReg/SRL_SIG_reg[0][1] )
INFO: [Synth 8-3333] propagating constant 0 across sequential element (layer20_out_14_U/\U_myproject_fifo_w10_d2_S_ShiftReg/SRL_SIG_reg[0][1] )
INFO: [Synth 8-3333] propagating constant 0 across sequential element (layer20_out_13_U/\U_myproject_fifo_w10_d2_S_ShiftReg/SRL_SIG_reg[0][1] )
INFO: [Synth 8-3333] propagating constant 0 across sequential element (layer20_out_12_U/\U_myproject_fifo_w10_d2_S_ShiftReg/SRL_SIG_reg[0][1] )
INFO: [Synth 8-3333] propagating constant 0 across sequential element (layer20_out_11_U/\U_myproject_fifo_w10_d2_S_ShiftReg/SRL_SIG_reg[0][1] )
INFO: [Synth 8-3333] propagating constant 0 across sequential element (layer20_out_10_U/\U_myproject_fifo_w10_d2_S_ShiftReg/SRL_SIG_reg[0][1] )
INFO: [Synth 8-3333] propagating constant 0 across sequential element (layer20_out_9_U/\U_myproject_fifo_w10_d2_S_ShiftReg/SRL_SIG_reg[0][1] )
INFO: [Synth 8-3333] propagating constant 0 across sequential element (layer20_out_8_U/\U_myproject_fifo_w10_d2_S_ShiftReg/SRL_SIG_reg[0][1] )
INFO: [Synth 8-3333] propagating constant 0 across sequential element (layer20_out_7_U/\U_myproject_fifo_w10_d2_S_ShiftReg/SRL_SIG_reg[0][1] )
INFO: [Synth 8-3333] propagating constant 0 across sequential element (layer20_out_6_U/\U_myproject_fifo_w10_d2_S_ShiftReg/SRL_SIG_reg[0][1] )
INFO: [Synth 8-3333] propagating constant 0 across sequential element (layer20_out_5_U/\U_myproject_fifo_w10_d2_S_ShiftReg/SRL_SIG_reg[0][1] )
INFO: [Synth 8-3333] propagating constant 0 across sequential element (layer20_out_4_U/\U_myproject_fifo_w10_d2_S_ShiftReg/SRL_SIG_reg[0][1] )
INFO: [Synth 8-3333] propagating constant 0 across sequential element (layer20_out_3_U/\U_myproject_fifo_w10_d2_S_ShiftReg/SRL_SIG_reg[0][1] )
INFO: [Synth 8-3333] propagating constant 0 across sequential element (layer20_out_2_U/\U_myproject_fifo_w10_d2_S_ShiftReg/SRL_SIG_reg[0][1] )
INFO: [Synth 8-3333] propagating constant 0 across sequential element (layer20_out_1_U/\U_myproject_fifo_w10_d2_S_ShiftReg/SRL_SIG_reg[0][1] )
INFO: [Synth 8-3333] propagating constant 0 across sequential element (layer20_out_U/\U_myproject_fifo_w10_d2_S_ShiftReg/SRL_SIG_reg[0][1] )
INFO: [Synth 8-3333] propagating constant 0 across sequential element (layer20_out_27_U/\U_myproject_fifo_w10_d2_S_ShiftReg/SRL_SIG_reg[0][1] )
INFO: [Synth 8-3333] propagating constant 0 across sequential element (layer20_out_26_U/\U_myproject_fifo_w10_d2_S_ShiftReg/SRL_SIG_reg[0][1] )
INFO: [Synth 8-3333] propagating constant 0 across sequential element (layer20_out_25_U/\U_myproject_fifo_w10_d2_S_ShiftReg/SRL_SIG_reg[0][1] )
INFO: [Synth 8-3333] propagating constant 0 across sequential element (layer20_out_24_U/\U_myproject_fifo_w10_d2_S_ShiftReg/SRL_SIG_reg[0][1] )
INFO: [Synth 8-3333] propagating constant 0 across sequential element (layer20_out_28_U/\U_myproject_fifo_w10_d2_S_ShiftReg/SRL_SIG_reg[0][1] )
INFO: [Synth 8-3333] propagating constant 0 across sequential element (layer20_out_23_U/\U_myproject_fifo_w10_d2_S_ShiftReg/SRL_SIG_reg[0][1] )
INFO: [Synth 8-3333] propagating constant 0 across sequential element (layer20_out_22_U/\U_myproject_fifo_w10_d2_S_ShiftReg/SRL_SIG_reg[0][1] )
INFO: [Synth 8-3333] propagating constant 0 across sequential element (layer20_out_21_U/\U_myproject_fifo_w10_d2_S_ShiftReg/SRL_SIG_reg[0][1] )
INFO: [Synth 8-3333] propagating constant 0 across sequential element (layer20_out_20_U/\U_myproject_fifo_w10_d2_S_ShiftReg/SRL_SIG_reg[0][1] )
INFO: [Synth 8-3333] propagating constant 0 across sequential element (layer20_out_19_U/\U_myproject_fifo_w10_d2_S_ShiftReg/SRL_SIG_reg[0][1] )
INFO: [Synth 8-3333] propagating constant 0 across sequential element (layer20_out_18_U/\U_myproject_fifo_w10_d2_S_ShiftReg/SRL_SIG_reg[0][1] )
INFO: [Synth 8-3333] propagating constant 0 across sequential element (layer20_out_17_U/\U_myproject_fifo_w10_d2_S_ShiftReg/SRL_SIG_reg[0][1] )
INFO: [Synth 8-3333] propagating constant 0 across sequential element (layer20_out_16_U/\U_myproject_fifo_w10_d2_S_ShiftReg/SRL_SIG_reg[0][1] )
INFO: [Synth 8-3333] propagating constant 1 across sequential element (concatenate1d_ap_ufixed_ap_ufixed_ap_fixed_16_6_5_3_0_config20_U0/\ap_CS_fsm_reg[0] )
INFO: [Synth 8-3333] propagating constant 1 across sequential element (relu_ap_fixed_16_6_5_3_0_ap_ufixed_8_0_4_0_0_relu_config23_U0/\ap_CS_fsm_reg[0] )
INFO: [Synth 8-3333] propagating constant 0 across sequential element (layer20_out_44_U/\U_myproject_fifo_w10_d2_S_ShiftReg/SRL_SIG_reg[0][1] )
INFO: [Synth 8-3333] propagating constant 0 across sequential element (layer20_out_43_U/\U_myproject_fifo_w10_d2_S_ShiftReg/SRL_SIG_reg[0][1] )
INFO: [Synth 8-3333] propagating constant 0 across sequential element (layer20_out_42_U/\U_myproject_fifo_w10_d2_S_ShiftReg/SRL_SIG_reg[0][1] )
INFO: [Synth 8-3333] propagating constant 0 across sequential element (layer20_out_41_U/\U_myproject_fifo_w10_d2_S_ShiftReg/SRL_SIG_reg[0][1] )
INFO: [Synth 8-3333] propagating constant 0 across sequential element (layer20_out_40_U/\U_myproject_fifo_w10_d2_S_ShiftReg/SRL_SIG_reg[0][1] )
INFO: [Synth 8-3333] propagating constant 0 across sequential element (layer20_out_39_U/\U_myproject_fifo_w10_d2_S_ShiftReg/SRL_SIG_reg[0][1] )
INFO: [Synth 8-3333] propagating constant 0 across sequential element (layer20_out_38_U/\U_myproject_fifo_w10_d2_S_ShiftReg/SRL_SIG_reg[0][1] )
INFO: [Synth 8-3333] propagating constant 0 across sequential element (layer20_out_37_U/\U_myproject_fifo_w10_d2_S_ShiftReg/SRL_SIG_reg[0][1] )
INFO: [Synth 8-3333] propagating constant 0 across sequential element (layer20_out_36_U/\U_myproject_fifo_w10_d2_S_ShiftReg/SRL_SIG_reg[0][1] )
INFO: [Synth 8-3333] propagating constant 0 across sequential element (layer20_out_35_U/\U_myproject_fifo_w10_d2_S_ShiftReg/SRL_SIG_reg[0][1] )
INFO: [Synth 8-3333] propagating constant 0 across sequential element (layer20_out_34_U/\U_myproject_fifo_w10_d2_S_ShiftReg/SRL_SIG_reg[0][1] )
INFO: [Synth 8-3333] propagating constant 0 across sequential element (layer20_out_33_U/\U_myproject_fifo_w10_d2_S_ShiftReg/SRL_SIG_reg[0][1] )
INFO: [Synth 8-3333] propagating constant 0 across sequential element (layer20_out_32_U/\U_myproject_fifo_w10_d2_S_ShiftReg/SRL_SIG_reg[0][1] )
INFO: [Synth 8-3333] propagating constant 0 across sequential element (layer20_out_31_U/\U_myproject_fifo_w10_d2_S_ShiftReg/SRL_SIG_reg[0][1] )
INFO: [Synth 8-3333] propagating constant 0 across sequential element (layer20_out_30_U/\U_myproject_fifo_w10_d2_S_ShiftReg/SRL_SIG_reg[0][1] )
INFO: [Synth 8-3333] propagating constant 0 across sequential element (layer20_out_29_U/\U_myproject_fifo_w10_d2_S_ShiftReg/SRL_SIG_reg[0][1] )
INFO: [Synth 8-3333] propagating constant 0 across sequential element (layer20_out_56_U/\U_myproject_fifo_w10_d2_S_ShiftReg/SRL_SIG_reg[0][1] )
INFO: [Synth 8-3333] propagating constant 0 across sequential element (layer20_out_55_U/\U_myproject_fifo_w10_d2_S_ShiftReg/SRL_SIG_reg[0][1] )
INFO: [Synth 8-3333] propagating constant 0 across sequential element (layer20_out_54_U/\U_myproject_fifo_w10_d2_S_ShiftReg/SRL_SIG_reg[0][1] )
INFO: [Synth 8-3333] propagating constant 0 across sequential element (layer20_out_53_U/\U_myproject_fifo_w10_d2_S_ShiftReg/SRL_SIG_reg[0][1] )
INFO: [Common 17-14] Message 'Synth 8-3333' appears 100 times and further instances of the messages will be disabled. Use the Tcl command set_msg_config to change the current settings.
INFO: [Common 17-14] Message 'Synth 8-3333' appears 100 times and further instances of the messages will be disabled. Use the Tcl command set_msg_config to change the current settings.
INFO: [Common 17-14] Message 'Synth 8-3333' appears 100 times and further instances of the messages will be disabled. Use the Tcl command set_msg_config to change the current settings.
---------------------------------------------------------------------------------
Finished Cross Boundary and Area Optimization : Time (s): cpu = 00:01:01 ; elapsed = 00:01:45 . Memory (MB): peak = 2551.082 ; gain = 870.949 ; free physical = 72472 ; free virtual = 191940
---------------------------------------------------------------------------------
No constraint files found.
---------------------------------------------------------------------------------
Start Timing Optimization
---------------------------------------------------------------------------------
---------------------------------------------------------------------------------
Finished Timing Optimization : Time (s): cpu = 00:01:03 ; elapsed = 00:01:48 . Memory (MB): peak = 2565.004 ; gain = 884.871 ; free physical = 72103 ; free virtual = 191685
---------------------------------------------------------------------------------
---------------------------------------------------------------------------------
Start Technology Mapping
---------------------------------------------------------------------------------
---------------------------------------------------------------------------------
Finished Technology Mapping : Time (s): cpu = 00:01:07 ; elapsed = 00:01:52 . Memory (MB): peak = 2584.938 ; gain = 904.805 ; free physical = 71160 ; free virtual = 190629
---------------------------------------------------------------------------------
---------------------------------------------------------------------------------
Start IO Insertion
---------------------------------------------------------------------------------
---------------------------------------------------------------------------------
Start Flattening Before IO Insertion
---------------------------------------------------------------------------------
---------------------------------------------------------------------------------
Finished Flattening Before IO Insertion
---------------------------------------------------------------------------------
---------------------------------------------------------------------------------
Start Final Netlist Cleanup
---------------------------------------------------------------------------------
---------------------------------------------------------------------------------
Finished Final Netlist Cleanup
---------------------------------------------------------------------------------
---------------------------------------------------------------------------------
Finished IO Insertion : Time (s): cpu = 00:01:15 ; elapsed = 00:02:00 . Memory (MB): peak = 2596.031 ; gain = 915.898 ; free physical = 76990 ; free virtual = 196853
---------------------------------------------------------------------------------
---------------------------------------------------------------------------------
Start Renaming Generated Instances
---------------------------------------------------------------------------------
---------------------------------------------------------------------------------
Finished Renaming Generated Instances : Time (s): cpu = 00:01:15 ; elapsed = 00:02:00 . Memory (MB): peak = 2596.031 ; gain = 915.898 ; free physical = 76931 ; free virtual = 196807
---------------------------------------------------------------------------------
---------------------------------------------------------------------------------
Start Rebuilding User Hierarchy
---------------------------------------------------------------------------------
---------------------------------------------------------------------------------
Finished Rebuilding User Hierarchy : Time (s): cpu = 00:01:17 ; elapsed = 00:02:02 . Memory (MB): peak = 2596.031 ; gain = 915.898 ; free physical = 76112 ; free virtual = 196198
---------------------------------------------------------------------------------
---------------------------------------------------------------------------------
Start Renaming Generated Ports
---------------------------------------------------------------------------------
---------------------------------------------------------------------------------
Finished Renaming Generated Ports : Time (s): cpu = 00:01:17 ; elapsed = 00:02:02 . Memory (MB): peak = 2596.031 ; gain = 915.898 ; free physical = 76057 ; free virtual = 196157
---------------------------------------------------------------------------------
---------------------------------------------------------------------------------
Start Handling Custom Attributes
---------------------------------------------------------------------------------
---------------------------------------------------------------------------------
Finished Handling Custom Attributes : Time (s): cpu = 00:01:18 ; elapsed = 00:02:03 . Memory (MB): peak = 2596.031 ; gain = 915.898 ; free physical = 75628 ; free virtual = 195839
---------------------------------------------------------------------------------
---------------------------------------------------------------------------------
Start Renaming Generated Nets
---------------------------------------------------------------------------------
---------------------------------------------------------------------------------
Finished Renaming Generated Nets : Time (s): cpu = 00:01:18 ; elapsed = 00:02:03 . Memory (MB): peak = 2596.031 ; gain = 915.898 ; free physical = 75590 ; free virtual = 195810
---------------------------------------------------------------------------------
---------------------------------------------------------------------------------
Start ROM, RAM, DSP, Shift Register and Retiming Reporting
---------------------------------------------------------------------------------

Dynamic Shift Register Report:
+------------+----------------+--------+------------+--------+---------+--------+--------+--------+
|Module Name | RTL Name       | Length | Data Width | SRL16E | SRLC32E | Mux F7 | Mux F8 | Mux F9 | 
+------------+----------------+--------+------------+--------+---------+--------+--------+--------+
|dsrl        | SRL_SIG_reg[2] | 10     | 10         | 10     | 0       | 0      | 0      | 0      | 
|dsrl__1     | SRL_SIG_reg[2] | 8      | 8          | 8      | 0       | 0      | 0      | 0      | 
+------------+----------------+--------+------------+--------+---------+--------+--------+--------+

---------------------------------------------------------------------------------
Finished ROM, RAM, DSP, Shift Register and Retiming Reporting
---------------------------------------------------------------------------------
---------------------------------------------------------------------------------
Start Writing Synthesis Report
---------------------------------------------------------------------------------

Report BlackBoxes: 
+-+--------------+----------+
| |BlackBox name |Instances |
+-+--------------+----------+
+-+--------------+----------+

Report Cell Usage: 
+------+-------+------+
|      |Cell   |Count |
+------+-------+------+
|1     |BUFG   |     1|
|2     |CARRY4 |  1534|
|3     |LUT1   |   113|
|4     |LUT2   |  5400|
|5     |LUT3   |  6884|
|6     |LUT4   |  2105|
|7     |LUT5   |  5518|
|8     |LUT6   |  7219|
|9     |MUXF7  |   187|
|10    |MUXF8  |    48|
|11    |SRL16E |    26|
|12    |FDRE   | 23856|
|13    |FDSE   |   406|
|14    |IBUF   |  1440|
|15    |OBUF   |   186|
+------+-------+------+

Report Instance Areas: 
+------+---------------------------------------------------------------------+-------------------------------------------------------------------------------------------+------+
|      |Instance                                                             |Module                                                                                     |Cells |
+------+---------------------------------------------------------------------+-------------------------------------------------------------------------------------------+------+
|1     |top                                                                  |                                                                                           | 54923|
|2     |  layer26_out_9_U                                                    |myproject_fifo_w8_d2_S_282                                                                 |    38|
|3     |    U_myproject_fifo_w8_d2_S_ShiftReg                                |myproject_fifo_w8_d2_S_ShiftReg_418                                                        |    24|
|4     |  layer26_out_8_U                                                    |myproject_fifo_w8_d2_S_281                                                                 |    38|
|5     |    U_myproject_fifo_w8_d2_S_ShiftReg                                |myproject_fifo_w8_d2_S_ShiftReg_419                                                        |    24|
|6     |  layer26_out_6_U                                                    |myproject_fifo_w8_d2_S_279                                                                 |    38|
|7     |    U_myproject_fifo_w8_d2_S_ShiftReg                                |myproject_fifo_w8_d2_S_ShiftReg_421                                                        |    24|
|8     |  layer26_out_5_U                                                    |myproject_fifo_w8_d2_S_278                                                                 |    38|
|9     |    U_myproject_fifo_w8_d2_S_ShiftReg                                |myproject_fifo_w8_d2_S_ShiftReg_422                                                        |    24|
|10    |  layer26_out_4_U                                                    |myproject_fifo_w8_d2_S_277                                                                 |    38|
|11    |    U_myproject_fifo_w8_d2_S_ShiftReg                                |myproject_fifo_w8_d2_S_ShiftReg_423                                                        |    24|
|12    |  layer26_out_2_U                                                    |myproject_fifo_w8_d2_S_275                                                                 |    38|
|13    |    U_myproject_fifo_w8_d2_S_ShiftReg                                |myproject_fifo_w8_d2_S_ShiftReg_425                                                        |    24|
|14    |  layer26_out_U                                                      |myproject_fifo_w8_d2_S_283                                                                 |    38|
|15    |    U_myproject_fifo_w8_d2_S_ShiftReg                                |myproject_fifo_w8_d2_S_ShiftReg                                                            |    24|
|16    |  hard_sigmoid_ap_fixed_ap_ufixed_8_0_4_0_0_hard_sigmoid_config29_U0 |myproject_hard_sigmoid_ap_fixed_ap_ufixed_8_0_4_0_0_hard_sigmoid_config29_s                |     8|
|17    |  concatenate1d_ap_fixed_ap_fixed_ap_fixed_16_6_5_3_0_config12_U0    |myproject_concatenate1d_ap_fixed_ap_fixed_ap_fixed_16_6_5_3_0_config12_s                   |   497|
|18    |  concatenate1d_ap_fixed_ap_fixed_ap_fixed_16_6_5_3_0_config13_U0    |myproject_concatenate1d_ap_fixed_ap_fixed_ap_fixed_16_6_5_3_0_config13_s                   |    22|
|19    |  concatenate1d_ap_fixed_ap_fixed_ap_fixed_16_6_5_3_0_config8_U0     |myproject_concatenate1d_ap_fixed_ap_fixed_ap_fixed_16_6_5_3_0_config8_s                    |   439|
|20    |  concatenate1d_ap_ufixed_ap_ufixed_ap_fixed_16_6_5_3_0_config20_U0  |myproject_concatenate1d_ap_ufixed_ap_ufixed_ap_fixed_16_6_5_3_0_config20_s                 |   905|
|21    |  dense_resource_ap_fixed_16_6_5_3_0_ap_fixed_16_6_5_3_0_config14_U0 |myproject_dense_resource_ap_fixed_16_6_5_3_0_ap_fixed_16_6_5_3_0_config14_s                | 14990|
|22    |    mul_11s_8s_19_1_1_U194                                           |myproject_mul_11s_8s_19_1_1_712                                                            |    93|
|23    |    mul_11s_8s_19_1_1_U195                                           |myproject_mul_11s_8s_19_1_1_713                                                            |    82|
|24    |    mul_11s_8s_19_1_1_U196                                           |myproject_mul_11s_8s_19_1_1_714                                                            |    87|
|25    |    mul_11s_8s_19_1_1_U197                                           |myproject_mul_11s_8s_19_1_1_715                                                            |    82|
|26    |    mul_11s_8s_19_1_1_U198                                           |myproject_mul_11s_8s_19_1_1_716                                                            |    82|
|27    |    mul_11s_8s_19_1_1_U199                                           |myproject_mul_11s_8s_19_1_1_717                                                            |    87|
|28    |    mul_11s_8s_19_1_1_U200                                           |myproject_mul_11s_8s_19_1_1_718                                                            |   104|
|29    |    mul_11s_8s_19_1_1_U201                                           |myproject_mul_11s_8s_19_1_1_719                                                            |    82|
|30    |    mul_11s_8s_19_1_1_U202                                           |myproject_mul_11s_8s_19_1_1_720                                                            |    87|
|31    |    mul_11s_8s_19_1_1_U78                                            |myproject_mul_11s_8s_19_1_1_721                                                            |   189|
|32    |    mul_11s_8s_19_1_1_U80                                            |myproject_mul_11s_8s_19_1_1_722                                                            |   190|
|33    |    mul_11s_8s_19_1_1_U84                                            |myproject_mul_11s_8s_19_1_1_723                                                            |   109|
|34    |    mul_11s_8s_19_1_1_U85                                            |myproject_mul_11s_8s_19_1_1_724                                                            |    87|
|35    |    sparsemux_15_3_11_1_1_U81                                        |myproject_sparsemux_15_3_11_1_1                                                            |    30|
|36    |    sparsemux_15_3_11_1_1_U82                                        |myproject_sparsemux_15_3_11_1_1_725                                                        |    31|
|37    |  dense_resource_ap_fixed_16_6_5_3_0_ap_fixed_16_6_5_3_0_config16_U0 |myproject_dense_resource_ap_fixed_16_6_5_3_0_ap_fixed_16_6_5_3_0_config16_s                |   471|
|38    |    mul_11s_8s_19_1_1_U456                                           |myproject_mul_11s_8s_19_1_1                                                                |   213|
|39    |    outidx_i_U                                                       |myproject_dense_resource_ap_fixed_16_6_5_3_0_ap_fixed_16_6_5_3_0_config16_s_outidx_i_RObkb |    55|
|40    |  dense_resource_ap_fixed_16_6_5_3_0_ap_fixed_16_6_5_3_0_config21_U0 |myproject_dense_resource_ap_fixed_16_6_5_3_0_ap_fixed_16_6_5_3_0_config21_s                |  6991|
|41    |    mul_10ns_8s_18_1_1_U580                                          |myproject_mul_10ns_8s_18_1_1                                                               |   163|
|42    |    mul_10ns_8s_18_1_1_U582                                          |myproject_mul_10ns_8s_18_1_1_708                                                           |   163|
|43    |    mul_10ns_8s_18_1_1_U583                                          |myproject_mul_10ns_8s_18_1_1_709                                                           |   126|
|44    |    mul_10ns_8s_18_1_1_U584                                          |myproject_mul_10ns_8s_18_1_1_710                                                           |   651|
|45    |    sparsemux_59_5_10_1_1_U579                                       |myproject_sparsemux_59_5_10_1_1                                                            |   246|
|46    |    sparsemux_59_5_10_1_1_U581                                       |myproject_sparsemux_59_5_10_1_1_711                                                        |   245|
|47    |  dense_resource_ap_ufixed_8_0_4_0_0_ap_fixed_16_6_5_3_0_config24_U0 |myproject_dense_resource_ap_ufixed_8_0_4_0_0_ap_fixed_16_6_5_3_0_config24_s                |  2910|
|48    |    mul_8s_8ns_16_1_1_U755                                           |myproject_mul_8s_8ns_16_1_1_704                                                            |   220|
|49    |    mul_8s_8ns_16_1_1_U757                                           |myproject_mul_8s_8ns_16_1_1_705                                                            |   233|
|50    |    mul_8s_8ns_16_1_1_U758                                           |myproject_mul_8s_8ns_16_1_1_706                                                            |   100|
|51    |    mul_8s_8ns_16_1_1_U759                                           |myproject_mul_8s_8ns_16_1_1_707                                                            |   319|
|52    |  dense_resource_ap_ufixed_8_0_4_0_0_ap_fixed_16_6_5_3_0_config27_U0 |myproject_dense_resource_ap_ufixed_8_0_4_0_0_ap_fixed_16_6_5_3_0_config27_s                |   593|
|53    |    mul_8s_8ns_16_1_1_U828                                           |myproject_mul_8s_8ns_16_1_1                                                                |   248|
|54    |  layer10_out_U                                                      |myproject_fifo_w10_d2_S                                                                    |    55|
|55    |    U_myproject_fifo_w10_d2_S_ShiftReg                               |myproject_fifo_w10_d2_S_ShiftReg_703                                                       |    41|
|56    |  layer11_out_U                                                      |myproject_fifo_w10_d2_S_0                                                                  |    58|
|57    |    U_myproject_fifo_w10_d2_S_ShiftReg                               |myproject_fifo_w10_d2_S_ShiftReg_702                                                       |    41|
|58    |  layer12_out_10_U                                                   |myproject_fifo_w11_d2_S                                                                    |    44|
|59    |    U_myproject_fifo_w11_d2_S_ShiftReg                               |myproject_fifo_w11_d2_S_ShiftReg_701                                                       |    30|
|60    |  layer12_out_11_U                                                   |myproject_fifo_w11_d2_S_1                                                                  |    44|
|61    |    U_myproject_fifo_w11_d2_S_ShiftReg                               |myproject_fifo_w11_d2_S_ShiftReg_700                                                       |    30|
|62    |  layer12_out_12_U                                                   |myproject_fifo_w11_d2_S_2                                                                  |    44|
|63    |    U_myproject_fifo_w11_d2_S_ShiftReg                               |myproject_fifo_w11_d2_S_ShiftReg_699                                                       |    30|
|64    |  layer12_out_13_U                                                   |myproject_fifo_w11_d2_S_3                                                                  |    44|
|65    |    U_myproject_fifo_w11_d2_S_ShiftReg                               |myproject_fifo_w11_d2_S_ShiftReg_698                                                       |    30|
|66    |  layer12_out_14_U                                                   |myproject_fifo_w11_d2_S_4                                                                  |    46|
|67    |    U_myproject_fifo_w11_d2_S_ShiftReg                               |myproject_fifo_w11_d2_S_ShiftReg_697                                                       |    30|
|68    |  layer12_out_15_U                                                   |myproject_fifo_w11_d2_S_5                                                                  |    45|
|69    |    U_myproject_fifo_w11_d2_S_ShiftReg                               |myproject_fifo_w11_d2_S_ShiftReg_696                                                       |    30|
|70    |  layer12_out_16_U                                                   |myproject_fifo_w11_d2_S_6                                                                  |    45|
|71    |    U_myproject_fifo_w11_d2_S_ShiftReg                               |myproject_fifo_w11_d2_S_ShiftReg_695                                                       |    30|
|72    |  layer12_out_17_U                                                   |myproject_fifo_w11_d2_S_7                                                                  |    44|
|73    |    U_myproject_fifo_w11_d2_S_ShiftReg                               |myproject_fifo_w11_d2_S_ShiftReg_694                                                       |    30|
|74    |  layer12_out_18_U                                                   |myproject_fifo_w11_d2_S_8                                                                  |    44|
|75    |    U_myproject_fifo_w11_d2_S_ShiftReg                               |myproject_fifo_w11_d2_S_ShiftReg_693                                                       |    30|
|76    |  layer12_out_19_U                                                   |myproject_fifo_w11_d2_S_9                                                                  |    44|
|77    |    U_myproject_fifo_w11_d2_S_ShiftReg                               |myproject_fifo_w11_d2_S_ShiftReg_692                                                       |    30|
|78    |  layer12_out_1_U                                                    |myproject_fifo_w11_d2_S_10                                                                 |    44|
|79    |    U_myproject_fifo_w11_d2_S_ShiftReg                               |myproject_fifo_w11_d2_S_ShiftReg_691                                                       |    30|
|80    |  layer12_out_20_U                                                   |myproject_fifo_w11_d2_S_11                                                                 |    45|
|81    |    U_myproject_fifo_w11_d2_S_ShiftReg                               |myproject_fifo_w11_d2_S_ShiftReg_690                                                       |    30|
|82    |  layer12_out_21_U                                                   |myproject_fifo_w11_d2_S_12                                                                 |    44|
|83    |    U_myproject_fifo_w11_d2_S_ShiftReg                               |myproject_fifo_w11_d2_S_ShiftReg_689                                                       |    30|
|84    |  layer12_out_22_U                                                   |myproject_fifo_w11_d2_S_13                                                                 |    45|
|85    |    U_myproject_fifo_w11_d2_S_ShiftReg                               |myproject_fifo_w11_d2_S_ShiftReg_688                                                       |    30|
|86    |  layer12_out_23_U                                                   |myproject_fifo_w11_d2_S_14                                                                 |    45|
|87    |    U_myproject_fifo_w11_d2_S_ShiftReg                               |myproject_fifo_w11_d2_S_ShiftReg_687                                                       |    30|
|88    |  layer12_out_24_U                                                   |myproject_fifo_w11_d2_S_15                                                                 |    44|
|89    |    U_myproject_fifo_w11_d2_S_ShiftReg                               |myproject_fifo_w11_d2_S_ShiftReg_686                                                       |    30|
|90    |  layer12_out_25_U                                                   |myproject_fifo_w11_d2_S_16                                                                 |    44|
|91    |    U_myproject_fifo_w11_d2_S_ShiftReg                               |myproject_fifo_w11_d2_S_ShiftReg_685                                                       |    30|
|92    |  layer12_out_26_U                                                   |myproject_fifo_w11_d2_S_17                                                                 |    45|
|93    |    U_myproject_fifo_w11_d2_S_ShiftReg                               |myproject_fifo_w11_d2_S_ShiftReg_684                                                       |    30|
|94    |  layer12_out_27_U                                                   |myproject_fifo_w11_d2_S_18                                                                 |    45|
|95    |    U_myproject_fifo_w11_d2_S_ShiftReg                               |myproject_fifo_w11_d2_S_ShiftReg_683                                                       |    30|
|96    |  layer12_out_28_U                                                   |myproject_fifo_w11_d2_S_19                                                                 |    44|
|97    |    U_myproject_fifo_w11_d2_S_ShiftReg                               |myproject_fifo_w11_d2_S_ShiftReg_682                                                       |    30|
|98    |  layer12_out_29_U                                                   |myproject_fifo_w11_d2_S_20                                                                 |    44|
|99    |    U_myproject_fifo_w11_d2_S_ShiftReg                               |myproject_fifo_w11_d2_S_ShiftReg_681                                                       |    30|
|100   |  layer12_out_2_U                                                    |myproject_fifo_w11_d2_S_21                                                                 |    44|
|101   |    U_myproject_fifo_w11_d2_S_ShiftReg                               |myproject_fifo_w11_d2_S_ShiftReg_680                                                       |    30|
|102   |  layer12_out_30_U                                                   |myproject_fifo_w11_d2_S_22                                                                 |    44|
|103   |    U_myproject_fifo_w11_d2_S_ShiftReg                               |myproject_fifo_w11_d2_S_ShiftReg_679                                                       |    30|
|104   |  layer12_out_31_U                                                   |myproject_fifo_w11_d2_S_23                                                                 |    44|
|105   |    U_myproject_fifo_w11_d2_S_ShiftReg                               |myproject_fifo_w11_d2_S_ShiftReg_678                                                       |    30|
|106   |  layer12_out_32_U                                                   |myproject_fifo_w11_d2_S_24                                                                 |    46|
|107   |    U_myproject_fifo_w11_d2_S_ShiftReg                               |myproject_fifo_w11_d2_S_ShiftReg_677                                                       |    30|
|108   |  layer12_out_33_U                                                   |myproject_fifo_w11_d2_S_25                                                                 |    44|
|109   |    U_myproject_fifo_w11_d2_S_ShiftReg                               |myproject_fifo_w11_d2_S_ShiftReg_676                                                       |    30|
|110   |  layer12_out_34_U                                                   |myproject_fifo_w11_d2_S_26                                                                 |    44|
|111   |    U_myproject_fifo_w11_d2_S_ShiftReg                               |myproject_fifo_w11_d2_S_ShiftReg_675                                                       |    30|
|112   |  layer12_out_3_U                                                    |myproject_fifo_w11_d2_S_27                                                                 |    44|
|113   |    U_myproject_fifo_w11_d2_S_ShiftReg                               |myproject_fifo_w11_d2_S_ShiftReg_674                                                       |    30|
|114   |  layer12_out_4_U                                                    |myproject_fifo_w11_d2_S_28                                                                 |    44|
|115   |    U_myproject_fifo_w11_d2_S_ShiftReg                               |myproject_fifo_w11_d2_S_ShiftReg_673                                                       |    30|
|116   |  layer12_out_5_U                                                    |myproject_fifo_w11_d2_S_29                                                                 |    45|
|117   |    U_myproject_fifo_w11_d2_S_ShiftReg                               |myproject_fifo_w11_d2_S_ShiftReg_672                                                       |    30|
|118   |  layer12_out_6_U                                                    |myproject_fifo_w11_d2_S_30                                                                 |    45|
|119   |    U_myproject_fifo_w11_d2_S_ShiftReg                               |myproject_fifo_w11_d2_S_ShiftReg_671                                                       |    30|
|120   |  layer12_out_7_U                                                    |myproject_fifo_w11_d2_S_31                                                                 |    44|
|121   |    U_myproject_fifo_w11_d2_S_ShiftReg                               |myproject_fifo_w11_d2_S_ShiftReg_670                                                       |    30|
|122   |  layer12_out_8_U                                                    |myproject_fifo_w11_d2_S_32                                                                 |    45|
|123   |    U_myproject_fifo_w11_d2_S_ShiftReg                               |myproject_fifo_w11_d2_S_ShiftReg_669                                                       |    30|
|124   |  layer12_out_9_U                                                    |myproject_fifo_w11_d2_S_33                                                                 |    44|
|125   |    U_myproject_fifo_w11_d2_S_ShiftReg                               |myproject_fifo_w11_d2_S_ShiftReg_668                                                       |    30|
|126   |  layer12_out_U                                                      |myproject_fifo_w11_d2_S_34                                                                 |    47|
|127   |    U_myproject_fifo_w11_d2_S_ShiftReg                               |myproject_fifo_w11_d2_S_ShiftReg_667                                                       |    30|
|128   |  layer13_out_1_U                                                    |myproject_fifo_w11_d2_S_35                                                                 |    44|
|129   |    U_myproject_fifo_w11_d2_S_ShiftReg                               |myproject_fifo_w11_d2_S_ShiftReg_666                                                       |    31|
|130   |  layer13_out_U                                                      |myproject_fifo_w11_d2_S_36                                                                 |    46|
|131   |    U_myproject_fifo_w11_d2_S_ShiftReg                               |myproject_fifo_w11_d2_S_ShiftReg_665                                                       |    31|
|132   |  layer14_out_10_U                                                   |myproject_fifo_w16_d2_S                                                                    |   109|
|133   |    U_myproject_fifo_w16_d2_S_ShiftReg                               |myproject_fifo_w16_d2_S_ShiftReg_664                                                       |    94|
|134   |  layer14_out_11_U                                                   |myproject_fifo_w16_d2_S_37                                                                 |   108|
|135   |    U_myproject_fifo_w16_d2_S_ShiftReg                               |myproject_fifo_w16_d2_S_ShiftReg_663                                                       |    94|
|136   |  layer14_out_12_U                                                   |myproject_fifo_w16_d2_S_38                                                                 |   109|
|137   |    U_myproject_fifo_w16_d2_S_ShiftReg                               |myproject_fifo_w16_d2_S_ShiftReg_662                                                       |    94|
|138   |  layer14_out_13_U                                                   |myproject_fifo_w16_d2_S_39                                                                 |   108|
|139   |    U_myproject_fifo_w16_d2_S_ShiftReg                               |myproject_fifo_w16_d2_S_ShiftReg_661                                                       |    94|
|140   |  layer14_out_14_U                                                   |myproject_fifo_w16_d2_S_40                                                                 |   108|
|141   |    U_myproject_fifo_w16_d2_S_ShiftReg                               |myproject_fifo_w16_d2_S_ShiftReg_660                                                       |    94|
|142   |  layer14_out_15_U                                                   |myproject_fifo_w16_d2_S_41                                                                 |   108|
|143   |    U_myproject_fifo_w16_d2_S_ShiftReg                               |myproject_fifo_w16_d2_S_ShiftReg_659                                                       |    94|
|144   |  layer14_out_16_U                                                   |myproject_fifo_w16_d2_S_42                                                                 |   109|
|145   |    U_myproject_fifo_w16_d2_S_ShiftReg                               |myproject_fifo_w16_d2_S_ShiftReg_658                                                       |    94|
|146   |  layer14_out_17_U                                                   |myproject_fifo_w16_d2_S_43                                                                 |   108|
|147   |    U_myproject_fifo_w16_d2_S_ShiftReg                               |myproject_fifo_w16_d2_S_ShiftReg_657                                                       |    94|
|148   |  layer14_out_18_U                                                   |myproject_fifo_w16_d2_S_44                                                                 |   109|
|149   |    U_myproject_fifo_w16_d2_S_ShiftReg                               |myproject_fifo_w16_d2_S_ShiftReg_656                                                       |    94|
|150   |  layer14_out_19_U                                                   |myproject_fifo_w16_d2_S_45                                                                 |   108|
|151   |    U_myproject_fifo_w16_d2_S_ShiftReg                               |myproject_fifo_w16_d2_S_ShiftReg_655                                                       |    94|
|152   |  layer14_out_1_U                                                    |myproject_fifo_w16_d2_S_46                                                                 |   100|
|153   |    U_myproject_fifo_w16_d2_S_ShiftReg                               |myproject_fifo_w16_d2_S_ShiftReg_654                                                       |    86|
|154   |  layer14_out_20_U                                                   |myproject_fifo_w16_d2_S_47                                                                 |   108|
|155   |    U_myproject_fifo_w16_d2_S_ShiftReg                               |myproject_fifo_w16_d2_S_ShiftReg_653                                                       |    94|
|156   |  layer14_out_21_U                                                   |myproject_fifo_w16_d2_S_48                                                                 |   108|
|157   |    U_myproject_fifo_w16_d2_S_ShiftReg                               |myproject_fifo_w16_d2_S_ShiftReg_652                                                       |    94|
|158   |  layer14_out_22_U                                                   |myproject_fifo_w16_d2_S_49                                                                 |   109|
|159   |    U_myproject_fifo_w16_d2_S_ShiftReg                               |myproject_fifo_w16_d2_S_ShiftReg_651                                                       |    94|
|160   |  layer14_out_23_U                                                   |myproject_fifo_w16_d2_S_50                                                                 |   108|
|161   |    U_myproject_fifo_w16_d2_S_ShiftReg                               |myproject_fifo_w16_d2_S_ShiftReg_650                                                       |    94|
|162   |  layer14_out_24_U                                                   |myproject_fifo_w16_d2_S_51                                                                 |   102|
|163   |    U_myproject_fifo_w16_d2_S_ShiftReg                               |myproject_fifo_w16_d2_S_ShiftReg_649                                                       |    86|
|164   |  layer14_out_25_U                                                   |myproject_fifo_w16_d2_S_52                                                                 |   100|
|165   |    U_myproject_fifo_w16_d2_S_ShiftReg                               |myproject_fifo_w16_d2_S_ShiftReg_648                                                       |    86|
|166   |  layer14_out_26_U                                                   |myproject_fifo_w16_d2_S_53                                                                 |   100|
|167   |    U_myproject_fifo_w16_d2_S_ShiftReg                               |myproject_fifo_w16_d2_S_ShiftReg_647                                                       |    86|
|168   |  layer14_out_27_U                                                   |myproject_fifo_w16_d2_S_54                                                                 |   100|
|169   |    U_myproject_fifo_w16_d2_S_ShiftReg                               |myproject_fifo_w16_d2_S_ShiftReg_646                                                       |    86|
|170   |  layer14_out_28_U                                                   |myproject_fifo_w16_d2_S_55                                                                 |   101|
|171   |    U_myproject_fifo_w16_d2_S_ShiftReg                               |myproject_fifo_w16_d2_S_ShiftReg_645                                                       |    86|
|172   |  layer14_out_29_U                                                   |myproject_fifo_w16_d2_S_56                                                                 |   102|
|173   |    U_myproject_fifo_w16_d2_S_ShiftReg                               |myproject_fifo_w16_d2_S_ShiftReg_644                                                       |    86|
|174   |  layer14_out_2_U                                                    |myproject_fifo_w16_d2_S_57                                                                 |   108|
|175   |    U_myproject_fifo_w16_d2_S_ShiftReg                               |myproject_fifo_w16_d2_S_ShiftReg_643                                                       |    94|
|176   |  layer14_out_30_U                                                   |myproject_fifo_w16_d2_S_58                                                                 |   100|
|177   |    U_myproject_fifo_w16_d2_S_ShiftReg                               |myproject_fifo_w16_d2_S_ShiftReg_642                                                       |    86|
|178   |  layer14_out_31_U                                                   |myproject_fifo_w16_d2_S_59                                                                 |   102|
|179   |    U_myproject_fifo_w16_d2_S_ShiftReg                               |myproject_fifo_w16_d2_S_ShiftReg_641                                                       |    86|
|180   |  layer14_out_32_U                                                   |myproject_fifo_w16_d2_S_60                                                                 |   101|
|181   |    U_myproject_fifo_w16_d2_S_ShiftReg                               |myproject_fifo_w16_d2_S_ShiftReg_640                                                       |    86|
|182   |  layer14_out_33_U                                                   |myproject_fifo_w16_d2_S_61                                                                 |   100|
|183   |    U_myproject_fifo_w16_d2_S_ShiftReg                               |myproject_fifo_w16_d2_S_ShiftReg_639                                                       |    86|
|184   |  layer14_out_34_U                                                   |myproject_fifo_w16_d2_S_62                                                                 |   101|
|185   |    U_myproject_fifo_w16_d2_S_ShiftReg                               |myproject_fifo_w16_d2_S_ShiftReg_638                                                       |    86|
|186   |  layer14_out_35_U                                                   |myproject_fifo_w16_d2_S_63                                                                 |   101|
|187   |    U_myproject_fifo_w16_d2_S_ShiftReg                               |myproject_fifo_w16_d2_S_ShiftReg_637                                                       |    86|
|188   |  layer14_out_36_U                                                   |myproject_fifo_w16_d2_S_64                                                                 |   101|
|189   |    U_myproject_fifo_w16_d2_S_ShiftReg                               |myproject_fifo_w16_d2_S_ShiftReg_636                                                       |    86|
|190   |  layer14_out_37_U                                                   |myproject_fifo_w16_d2_S_65                                                                 |   102|
|191   |    U_myproject_fifo_w16_d2_S_ShiftReg                               |myproject_fifo_w16_d2_S_ShiftReg_635                                                       |    86|
|192   |  layer14_out_38_U                                                   |myproject_fifo_w16_d2_S_66                                                                 |   101|
|193   |    U_myproject_fifo_w16_d2_S_ShiftReg                               |myproject_fifo_w16_d2_S_ShiftReg_634                                                       |    86|
|194   |  layer14_out_39_U                                                   |myproject_fifo_w16_d2_S_67                                                                 |   101|
|195   |    U_myproject_fifo_w16_d2_S_ShiftReg                               |myproject_fifo_w16_d2_S_ShiftReg_633                                                       |    86|
|196   |  layer14_out_3_U                                                    |myproject_fifo_w16_d2_S_68                                                                 |   110|
|197   |    U_myproject_fifo_w16_d2_S_ShiftReg                               |myproject_fifo_w16_d2_S_ShiftReg_632                                                       |    94|
|198   |  layer14_out_40_U                                                   |myproject_fifo_w16_d2_S_69                                                                 |   101|
|199   |    U_myproject_fifo_w16_d2_S_ShiftReg                               |myproject_fifo_w16_d2_S_ShiftReg_631                                                       |    86|
|200   |  layer14_out_41_U                                                   |myproject_fifo_w16_d2_S_70                                                                 |   101|
|201   |    U_myproject_fifo_w16_d2_S_ShiftReg                               |myproject_fifo_w16_d2_S_ShiftReg_630                                                       |    86|
|202   |  layer14_out_42_U                                                   |myproject_fifo_w16_d2_S_71                                                                 |   106|
|203   |    U_myproject_fifo_w16_d2_S_ShiftReg                               |myproject_fifo_w16_d2_S_ShiftReg_629                                                       |    86|
|204   |  layer14_out_43_U                                                   |myproject_fifo_w16_d2_S_72                                                                 |   100|
|205   |    U_myproject_fifo_w16_d2_S_ShiftReg                               |myproject_fifo_w16_d2_S_ShiftReg_628                                                       |    86|
|206   |  layer14_out_44_U                                                   |myproject_fifo_w16_d2_S_73                                                                 |   105|
|207   |    U_myproject_fifo_w16_d2_S_ShiftReg                               |myproject_fifo_w16_d2_S_ShiftReg_627                                                       |    86|
|208   |  layer14_out_45_U                                                   |myproject_fifo_w16_d2_S_74                                                                 |   101|
|209   |    U_myproject_fifo_w16_d2_S_ShiftReg                               |myproject_fifo_w16_d2_S_ShiftReg_626                                                       |    86|
|210   |  layer14_out_46_U                                                   |myproject_fifo_w16_d2_S_75                                                                 |   100|
|211   |    U_myproject_fifo_w16_d2_S_ShiftReg                               |myproject_fifo_w16_d2_S_ShiftReg_625                                                       |    86|
|212   |  layer14_out_47_U                                                   |myproject_fifo_w16_d2_S_76                                                                 |   100|
|213   |    U_myproject_fifo_w16_d2_S_ShiftReg                               |myproject_fifo_w16_d2_S_ShiftReg_624                                                       |    86|
|214   |  layer14_out_48_U                                                   |myproject_fifo_w16_d2_S_77                                                                 |   101|
|215   |    U_myproject_fifo_w16_d2_S_ShiftReg                               |myproject_fifo_w16_d2_S_ShiftReg_623                                                       |    86|
|216   |  layer14_out_49_U                                                   |myproject_fifo_w16_d2_S_78                                                                 |   101|
|217   |    U_myproject_fifo_w16_d2_S_ShiftReg                               |myproject_fifo_w16_d2_S_ShiftReg_622                                                       |    86|
|218   |  layer14_out_4_U                                                    |myproject_fifo_w16_d2_S_79                                                                 |   101|
|219   |    U_myproject_fifo_w16_d2_S_ShiftReg                               |myproject_fifo_w16_d2_S_ShiftReg_621                                                       |    86|
|220   |  layer14_out_50_U                                                   |myproject_fifo_w16_d2_S_80                                                                 |   103|
|221   |    U_myproject_fifo_w16_d2_S_ShiftReg                               |myproject_fifo_w16_d2_S_ShiftReg_620                                                       |    86|
|222   |  layer14_out_51_U                                                   |myproject_fifo_w16_d2_S_81                                                                 |   101|
|223   |    U_myproject_fifo_w16_d2_S_ShiftReg                               |myproject_fifo_w16_d2_S_ShiftReg_619                                                       |    86|
|224   |  layer14_out_52_U                                                   |myproject_fifo_w16_d2_S_82                                                                 |   100|
|225   |    U_myproject_fifo_w16_d2_S_ShiftReg                               |myproject_fifo_w16_d2_S_ShiftReg_618                                                       |    86|
|226   |  layer14_out_53_U                                                   |myproject_fifo_w16_d2_S_83                                                                 |   100|
|227   |    U_myproject_fifo_w16_d2_S_ShiftReg                               |myproject_fifo_w16_d2_S_ShiftReg_617                                                       |    86|
|228   |  layer14_out_54_U                                                   |myproject_fifo_w16_d2_S_84                                                                 |   102|
|229   |    U_myproject_fifo_w16_d2_S_ShiftReg                               |myproject_fifo_w16_d2_S_ShiftReg_616                                                       |    86|
|230   |  layer14_out_55_U                                                   |myproject_fifo_w16_d2_S_85                                                                 |   100|
|231   |    U_myproject_fifo_w16_d2_S_ShiftReg                               |myproject_fifo_w16_d2_S_ShiftReg_615                                                       |    86|
|232   |  layer14_out_5_U                                                    |myproject_fifo_w16_d2_S_86                                                                 |   100|
|233   |    U_myproject_fifo_w16_d2_S_ShiftReg                               |myproject_fifo_w16_d2_S_ShiftReg_614                                                       |    86|
|234   |  layer14_out_6_U                                                    |myproject_fifo_w16_d2_S_87                                                                 |   100|
|235   |    U_myproject_fifo_w16_d2_S_ShiftReg                               |myproject_fifo_w16_d2_S_ShiftReg_613                                                       |    86|
|236   |  layer14_out_7_U                                                    |myproject_fifo_w16_d2_S_88                                                                 |   100|
|237   |    U_myproject_fifo_w16_d2_S_ShiftReg                               |myproject_fifo_w16_d2_S_ShiftReg_612                                                       |    86|
|238   |  layer14_out_8_U                                                    |myproject_fifo_w16_d2_S_89                                                                 |   101|
|239   |    U_myproject_fifo_w16_d2_S_ShiftReg                               |myproject_fifo_w16_d2_S_ShiftReg_611                                                       |    86|
|240   |  layer14_out_9_U                                                    |myproject_fifo_w16_d2_S_90                                                                 |   101|
|241   |    U_myproject_fifo_w16_d2_S_ShiftReg                               |myproject_fifo_w16_d2_S_ShiftReg_610                                                       |    86|
|242   |  layer14_out_U                                                      |myproject_fifo_w16_d2_S_91                                                                 |   100|
|243   |    U_myproject_fifo_w16_d2_S_ShiftReg                               |myproject_fifo_w16_d2_S_ShiftReg_609                                                       |    86|
|244   |  layer16_out_1_U                                                    |myproject_fifo_w16_d2_S_92                                                                 |   105|
|245   |    U_myproject_fifo_w16_d2_S_ShiftReg                               |myproject_fifo_w16_d2_S_ShiftReg_608                                                       |    90|
|246   |  layer16_out_U                                                      |myproject_fifo_w16_d2_S_93                                                                 |   109|
|247   |    U_myproject_fifo_w16_d2_S_ShiftReg                               |myproject_fifo_w16_d2_S_ShiftReg_607                                                       |    90|
|248   |  layer18_out_10_U                                                   |myproject_fifo_w8_d2_S                                                                     |    39|
|249   |    U_myproject_fifo_w8_d2_S_ShiftReg                                |myproject_fifo_w8_d2_S_ShiftReg_606                                                        |    24|
|250   |  layer18_out_11_U                                                   |myproject_fifo_w8_d2_S_94                                                                  |    39|
|251   |    U_myproject_fifo_w8_d2_S_ShiftReg                                |myproject_fifo_w8_d2_S_ShiftReg_605                                                        |    24|
|252   |  layer18_out_12_U                                                   |myproject_fifo_w8_d2_S_95                                                                  |    40|
|253   |    U_myproject_fifo_w8_d2_S_ShiftReg                                |myproject_fifo_w8_d2_S_ShiftReg_604                                                        |    24|
|254   |  layer18_out_13_U                                                   |myproject_fifo_w8_d2_S_96                                                                  |    40|
|255   |    U_myproject_fifo_w8_d2_S_ShiftReg                                |myproject_fifo_w8_d2_S_ShiftReg_603                                                        |    24|
|256   |  layer18_out_14_U                                                   |myproject_fifo_w8_d2_S_97                                                                  |    39|
|257   |    U_myproject_fifo_w8_d2_S_ShiftReg                                |myproject_fifo_w8_d2_S_ShiftReg_602                                                        |    24|
|258   |  layer18_out_15_U                                                   |myproject_fifo_w8_d2_S_98                                                                  |    40|
|259   |    U_myproject_fifo_w8_d2_S_ShiftReg                                |myproject_fifo_w8_d2_S_ShiftReg_601                                                        |    25|
|260   |  layer18_out_16_U                                                   |myproject_fifo_w8_d2_S_99                                                                  |    39|
|261   |    U_myproject_fifo_w8_d2_S_ShiftReg                                |myproject_fifo_w8_d2_S_ShiftReg_600                                                        |    24|
|262   |  layer18_out_17_U                                                   |myproject_fifo_w8_d2_S_100                                                                 |    39|
|263   |    U_myproject_fifo_w8_d2_S_ShiftReg                                |myproject_fifo_w8_d2_S_ShiftReg_599                                                        |    24|
|264   |  layer18_out_18_U                                                   |myproject_fifo_w8_d2_S_101                                                                 |    39|
|265   |    U_myproject_fifo_w8_d2_S_ShiftReg                                |myproject_fifo_w8_d2_S_ShiftReg_598                                                        |    24|
|266   |  layer18_out_19_U                                                   |myproject_fifo_w8_d2_S_102                                                                 |    40|
|267   |    U_myproject_fifo_w8_d2_S_ShiftReg                                |myproject_fifo_w8_d2_S_ShiftReg_597                                                        |    25|
|268   |  layer18_out_1_U                                                    |myproject_fifo_w8_d2_S_103                                                                 |    53|
|269   |    U_myproject_fifo_w8_d2_S_ShiftReg                                |myproject_fifo_w8_d2_S_ShiftReg_596                                                        |    32|
|270   |  layer18_out_20_U                                                   |myproject_fifo_w8_d2_S_104                                                                 |    40|
|271   |    U_myproject_fifo_w8_d2_S_ShiftReg                                |myproject_fifo_w8_d2_S_ShiftReg_595                                                        |    24|
|272   |  layer18_out_21_U                                                   |myproject_fifo_w8_d2_S_105                                                                 |    40|
|273   |    U_myproject_fifo_w8_d2_S_ShiftReg                                |myproject_fifo_w8_d2_S_ShiftReg_594                                                        |    24|
|274   |  layer18_out_22_U                                                   |myproject_fifo_w8_d2_S_106                                                                 |    41|
|275   |    U_myproject_fifo_w8_d2_S_ShiftReg                                |myproject_fifo_w8_d2_S_ShiftReg_593                                                        |    25|
|276   |  layer18_out_23_U                                                   |myproject_fifo_w8_d2_S_107                                                                 |    39|
|277   |    U_myproject_fifo_w8_d2_S_ShiftReg                                |myproject_fifo_w8_d2_S_ShiftReg_592                                                        |    24|
|278   |  layer18_out_24_U                                                   |myproject_fifo_w8_d2_S_108                                                                 |    39|
|279   |    U_myproject_fifo_w8_d2_S_ShiftReg                                |myproject_fifo_w8_d2_S_ShiftReg_591                                                        |    24|
|280   |  layer18_out_25_U                                                   |myproject_fifo_w8_d2_S_109                                                                 |    39|
|281   |    U_myproject_fifo_w8_d2_S_ShiftReg                                |myproject_fifo_w8_d2_S_ShiftReg_590                                                        |    24|
|282   |  layer18_out_26_U                                                   |myproject_fifo_w8_d2_S_110                                                                 |    39|
|283   |    U_myproject_fifo_w8_d2_S_ShiftReg                                |myproject_fifo_w8_d2_S_ShiftReg_589                                                        |    24|
|284   |  layer18_out_27_U                                                   |myproject_fifo_w8_d2_S_111                                                                 |    40|
|285   |    U_myproject_fifo_w8_d2_S_ShiftReg                                |myproject_fifo_w8_d2_S_ShiftReg_588                                                        |    24|
|286   |  layer18_out_28_U                                                   |myproject_fifo_w8_d2_S_112                                                                 |    40|
|287   |    U_myproject_fifo_w8_d2_S_ShiftReg                                |myproject_fifo_w8_d2_S_ShiftReg_587                                                        |    24|
|288   |  layer18_out_29_U                                                   |myproject_fifo_w8_d2_S_113                                                                 |    39|
|289   |    U_myproject_fifo_w8_d2_S_ShiftReg                                |myproject_fifo_w8_d2_S_ShiftReg_586                                                        |    24|
|290   |  layer18_out_2_U                                                    |myproject_fifo_w8_d2_S_114                                                                 |    39|
|291   |    U_myproject_fifo_w8_d2_S_ShiftReg                                |myproject_fifo_w8_d2_S_ShiftReg_585                                                        |    24|
|292   |  layer18_out_30_U                                                   |myproject_fifo_w8_d2_S_115                                                                 |    39|
|293   |    U_myproject_fifo_w8_d2_S_ShiftReg                                |myproject_fifo_w8_d2_S_ShiftReg_584                                                        |    24|
|294   |  layer18_out_31_U                                                   |myproject_fifo_w8_d2_S_116                                                                 |    39|
|295   |    U_myproject_fifo_w8_d2_S_ShiftReg                                |myproject_fifo_w8_d2_S_ShiftReg_583                                                        |    24|
|296   |  layer18_out_32_U                                                   |myproject_fifo_w8_d2_S_117                                                                 |    39|
|297   |    U_myproject_fifo_w8_d2_S_ShiftReg                                |myproject_fifo_w8_d2_S_ShiftReg_582                                                        |    24|
|298   |  layer18_out_33_U                                                   |myproject_fifo_w8_d2_S_118                                                                 |    41|
|299   |    U_myproject_fifo_w8_d2_S_ShiftReg                                |myproject_fifo_w8_d2_S_ShiftReg_581                                                        |    24|
|300   |  layer18_out_34_U                                                   |myproject_fifo_w8_d2_S_119                                                                 |    53|
|301   |    U_myproject_fifo_w8_d2_S_ShiftReg                                |myproject_fifo_w8_d2_S_ShiftReg_580                                                        |    32|
|302   |  layer18_out_35_U                                                   |myproject_fifo_w8_d2_S_120                                                                 |    39|
|303   |    U_myproject_fifo_w8_d2_S_ShiftReg                                |myproject_fifo_w8_d2_S_ShiftReg_579                                                        |    24|
|304   |  layer18_out_36_U                                                   |myproject_fifo_w8_d2_S_121                                                                 |    39|
|305   |    U_myproject_fifo_w8_d2_S_ShiftReg                                |myproject_fifo_w8_d2_S_ShiftReg_578                                                        |    24|
|306   |  layer18_out_37_U                                                   |myproject_fifo_w8_d2_S_122                                                                 |    39|
|307   |    U_myproject_fifo_w8_d2_S_ShiftReg                                |myproject_fifo_w8_d2_S_ShiftReg_577                                                        |    24|
|308   |  layer18_out_38_U                                                   |myproject_fifo_w8_d2_S_123                                                                 |    39|
|309   |    U_myproject_fifo_w8_d2_S_ShiftReg                                |myproject_fifo_w8_d2_S_ShiftReg_576                                                        |    24|
|310   |  layer18_out_39_U                                                   |myproject_fifo_w8_d2_S_124                                                                 |    40|
|311   |    U_myproject_fifo_w8_d2_S_ShiftReg                                |myproject_fifo_w8_d2_S_ShiftReg_575                                                        |    24|
|312   |  layer18_out_3_U                                                    |myproject_fifo_w8_d2_S_125                                                                 |    39|
|313   |    U_myproject_fifo_w8_d2_S_ShiftReg                                |myproject_fifo_w8_d2_S_ShiftReg_574                                                        |    24|
|314   |  layer18_out_40_U                                                   |myproject_fifo_w8_d2_S_126                                                                 |    40|
|315   |    U_myproject_fifo_w8_d2_S_ShiftReg                                |myproject_fifo_w8_d2_S_ShiftReg_573                                                        |    24|
|316   |  layer18_out_41_U                                                   |myproject_fifo_w8_d2_S_127                                                                 |    39|
|317   |    U_myproject_fifo_w8_d2_S_ShiftReg                                |myproject_fifo_w8_d2_S_ShiftReg_572                                                        |    24|
|318   |  layer18_out_42_U                                                   |myproject_fifo_w8_d2_S_128                                                                 |    39|
|319   |    U_myproject_fifo_w8_d2_S_ShiftReg                                |myproject_fifo_w8_d2_S_ShiftReg_571                                                        |    24|
|320   |  layer18_out_43_U                                                   |myproject_fifo_w8_d2_S_129                                                                 |    39|
|321   |    U_myproject_fifo_w8_d2_S_ShiftReg                                |myproject_fifo_w8_d2_S_ShiftReg_570                                                        |    24|
|322   |  layer18_out_44_U                                                   |myproject_fifo_w8_d2_S_130                                                                 |    39|
|323   |    U_myproject_fifo_w8_d2_S_ShiftReg                                |myproject_fifo_w8_d2_S_ShiftReg_569                                                        |    24|
|324   |  layer18_out_45_U                                                   |myproject_fifo_w8_d2_S_131                                                                 |    40|
|325   |    U_myproject_fifo_w8_d2_S_ShiftReg                                |myproject_fifo_w8_d2_S_ShiftReg_568                                                        |    24|
|326   |  layer18_out_46_U                                                   |myproject_fifo_w8_d2_S_132                                                                 |    40|
|327   |    U_myproject_fifo_w8_d2_S_ShiftReg                                |myproject_fifo_w8_d2_S_ShiftReg_567                                                        |    24|
|328   |  layer18_out_47_U                                                   |myproject_fifo_w8_d2_S_133                                                                 |    39|
|329   |    U_myproject_fifo_w8_d2_S_ShiftReg                                |myproject_fifo_w8_d2_S_ShiftReg_566                                                        |    24|
|330   |  layer18_out_48_U                                                   |myproject_fifo_w8_d2_S_134                                                                 |    39|
|331   |    U_myproject_fifo_w8_d2_S_ShiftReg                                |myproject_fifo_w8_d2_S_ShiftReg_565                                                        |    24|
|332   |  layer18_out_49_U                                                   |myproject_fifo_w8_d2_S_135                                                                 |    40|
|333   |    U_myproject_fifo_w8_d2_S_ShiftReg                                |myproject_fifo_w8_d2_S_ShiftReg_564                                                        |    25|
|334   |  layer18_out_4_U                                                    |myproject_fifo_w8_d2_S_136                                                                 |    39|
|335   |    U_myproject_fifo_w8_d2_S_ShiftReg                                |myproject_fifo_w8_d2_S_ShiftReg_563                                                        |    24|
|336   |  layer18_out_50_U                                                   |myproject_fifo_w8_d2_S_137                                                                 |    39|
|337   |    U_myproject_fifo_w8_d2_S_ShiftReg                                |myproject_fifo_w8_d2_S_ShiftReg_562                                                        |    24|
|338   |  layer18_out_51_U                                                   |myproject_fifo_w8_d2_S_138                                                                 |    40|
|339   |    U_myproject_fifo_w8_d2_S_ShiftReg                                |myproject_fifo_w8_d2_S_ShiftReg_561                                                        |    24|
|340   |  layer18_out_52_U                                                   |myproject_fifo_w8_d2_S_139                                                                 |   182|
|341   |    U_myproject_fifo_w8_d2_S_ShiftReg                                |myproject_fifo_w8_d2_S_ShiftReg_560                                                        |    32|
|342   |  layer18_out_53_U                                                   |myproject_fifo_w8_d2_S_140                                                                 |    39|
|343   |    U_myproject_fifo_w8_d2_S_ShiftReg                                |myproject_fifo_w8_d2_S_ShiftReg_559                                                        |    24|
|344   |  layer18_out_54_U                                                   |myproject_fifo_w8_d2_S_141                                                                 |    39|
|345   |    U_myproject_fifo_w8_d2_S_ShiftReg                                |myproject_fifo_w8_d2_S_ShiftReg_558                                                        |    24|
|346   |  layer18_out_55_U                                                   |myproject_fifo_w8_d2_S_142                                                                 |    39|
|347   |    U_myproject_fifo_w8_d2_S_ShiftReg                                |myproject_fifo_w8_d2_S_ShiftReg_557                                                        |    24|
|348   |  layer18_out_5_U                                                    |myproject_fifo_w8_d2_S_143                                                                 |    39|
|349   |    U_myproject_fifo_w8_d2_S_ShiftReg                                |myproject_fifo_w8_d2_S_ShiftReg_556                                                        |    24|
|350   |  layer18_out_6_U                                                    |myproject_fifo_w8_d2_S_144                                                                 |    40|
|351   |    U_myproject_fifo_w8_d2_S_ShiftReg                                |myproject_fifo_w8_d2_S_ShiftReg_555                                                        |    24|
|352   |  layer18_out_7_U                                                    |myproject_fifo_w8_d2_S_145                                                                 |    40|
|353   |    U_myproject_fifo_w8_d2_S_ShiftReg                                |myproject_fifo_w8_d2_S_ShiftReg_554                                                        |    24|
|354   |  layer18_out_8_U                                                    |myproject_fifo_w8_d2_S_146                                                                 |    39|
|355   |    U_myproject_fifo_w8_d2_S_ShiftReg                                |myproject_fifo_w8_d2_S_ShiftReg_553                                                        |    24|
|356   |  layer18_out_9_U                                                    |myproject_fifo_w8_d2_S_147                                                                 |    39|
|357   |    U_myproject_fifo_w8_d2_S_ShiftReg                                |myproject_fifo_w8_d2_S_ShiftReg_552                                                        |    24|
|358   |  layer18_out_U                                                      |myproject_fifo_w8_d2_S_148                                                                 |    40|
|359   |    U_myproject_fifo_w8_d2_S_ShiftReg                                |myproject_fifo_w8_d2_S_ShiftReg_551                                                        |    24|
|360   |  layer19_out_1_U                                                    |myproject_fifo_w8_d3_S                                                                     |    27|
|361   |    U_myproject_fifo_w8_d3_S_ShiftReg                                |myproject_fifo_w8_d3_S_ShiftReg_550                                                        |     8|
|362   |  layer19_out_U                                                      |myproject_fifo_w8_d3_S_149                                                                 |    28|
|363   |    U_myproject_fifo_w8_d3_S_ShiftReg                                |myproject_fifo_w8_d3_S_ShiftReg                                                            |     8|
|364   |  layer20_out_10_U                                                   |myproject_fifo_w10_d2_S_150                                                                |    40|
|365   |    U_myproject_fifo_w10_d2_S_ShiftReg                               |myproject_fifo_w10_d2_S_ShiftReg_549                                                       |    25|
|366   |  layer20_out_11_U                                                   |myproject_fifo_w10_d2_S_151                                                                |    40|
|367   |    U_myproject_fifo_w10_d2_S_ShiftReg                               |myproject_fifo_w10_d2_S_ShiftReg_548                                                       |    25|
|368   |  layer20_out_12_U                                                   |myproject_fifo_w10_d2_S_152                                                                |    42|
|369   |    U_myproject_fifo_w10_d2_S_ShiftReg                               |myproject_fifo_w10_d2_S_ShiftReg_547                                                       |    25|
|370   |  layer20_out_13_U                                                   |myproject_fifo_w10_d2_S_153                                                                |    41|
|371   |    U_myproject_fifo_w10_d2_S_ShiftReg                               |myproject_fifo_w10_d2_S_ShiftReg_546                                                       |    25|
|372   |  layer20_out_14_U                                                   |myproject_fifo_w10_d2_S_154                                                                |    40|
|373   |    U_myproject_fifo_w10_d2_S_ShiftReg                               |myproject_fifo_w10_d2_S_ShiftReg_545                                                       |    25|
|374   |  layer20_out_15_U                                                   |myproject_fifo_w10_d2_S_155                                                                |    39|
|375   |    U_myproject_fifo_w10_d2_S_ShiftReg                               |myproject_fifo_w10_d2_S_ShiftReg_544                                                       |    25|
|376   |  layer20_out_16_U                                                   |myproject_fifo_w10_d2_S_156                                                                |    40|
|377   |    U_myproject_fifo_w10_d2_S_ShiftReg                               |myproject_fifo_w10_d2_S_ShiftReg_543                                                       |    25|
|378   |  layer20_out_17_U                                                   |myproject_fifo_w10_d2_S_157                                                                |    39|
|379   |    U_myproject_fifo_w10_d2_S_ShiftReg                               |myproject_fifo_w10_d2_S_ShiftReg_542                                                       |    25|
|380   |  layer20_out_18_U                                                   |myproject_fifo_w10_d2_S_158                                                                |    42|
|381   |    U_myproject_fifo_w10_d2_S_ShiftReg                               |myproject_fifo_w10_d2_S_ShiftReg_541                                                       |    25|
|382   |  layer20_out_19_U                                                   |myproject_fifo_w10_d2_S_159                                                                |    40|
|383   |    U_myproject_fifo_w10_d2_S_ShiftReg                               |myproject_fifo_w10_d2_S_ShiftReg_540                                                       |    25|
|384   |  layer20_out_1_U                                                    |myproject_fifo_w10_d2_S_160                                                                |    41|
|385   |    U_myproject_fifo_w10_d2_S_ShiftReg                               |myproject_fifo_w10_d2_S_ShiftReg_539                                                       |    25|
|386   |  layer20_out_20_U                                                   |myproject_fifo_w10_d2_S_161                                                                |    39|
|387   |    U_myproject_fifo_w10_d2_S_ShiftReg                               |myproject_fifo_w10_d2_S_ShiftReg_538                                                       |    25|
|388   |  layer20_out_21_U                                                   |myproject_fifo_w10_d2_S_162                                                                |    40|
|389   |    U_myproject_fifo_w10_d2_S_ShiftReg                               |myproject_fifo_w10_d2_S_ShiftReg_537                                                       |    25|
|390   |  layer20_out_22_U                                                   |myproject_fifo_w10_d2_S_163                                                                |    39|
|391   |    U_myproject_fifo_w10_d2_S_ShiftReg                               |myproject_fifo_w10_d2_S_ShiftReg_536                                                       |    25|
|392   |  layer20_out_23_U                                                   |myproject_fifo_w10_d2_S_164                                                                |    39|
|393   |    U_myproject_fifo_w10_d2_S_ShiftReg                               |myproject_fifo_w10_d2_S_ShiftReg_535                                                       |    25|
|394   |  layer20_out_24_U                                                   |myproject_fifo_w10_d2_S_165                                                                |    40|
|395   |    U_myproject_fifo_w10_d2_S_ShiftReg                               |myproject_fifo_w10_d2_S_ShiftReg_534                                                       |    25|
|396   |  layer20_out_25_U                                                   |myproject_fifo_w10_d2_S_166                                                                |    41|
|397   |    U_myproject_fifo_w10_d2_S_ShiftReg                               |myproject_fifo_w10_d2_S_ShiftReg_533                                                       |    25|
|398   |  layer20_out_26_U                                                   |myproject_fifo_w10_d2_S_167                                                                |    39|
|399   |    U_myproject_fifo_w10_d2_S_ShiftReg                               |myproject_fifo_w10_d2_S_ShiftReg_532                                                       |    25|
|400   |  layer20_out_27_U                                                   |myproject_fifo_w10_d2_S_168                                                                |    39|
|401   |    U_myproject_fifo_w10_d2_S_ShiftReg                               |myproject_fifo_w10_d2_S_ShiftReg_531                                                       |    25|
|402   |  layer20_out_28_U                                                   |myproject_fifo_w10_d2_S_169                                                                |    39|
|403   |    U_myproject_fifo_w10_d2_S_ShiftReg                               |myproject_fifo_w10_d2_S_ShiftReg_530                                                       |    25|
|404   |  layer20_out_29_U                                                   |myproject_fifo_w10_d2_S_170                                                                |    40|
|405   |    U_myproject_fifo_w10_d2_S_ShiftReg                               |myproject_fifo_w10_d2_S_ShiftReg_529                                                       |    25|
|406   |  layer20_out_2_U                                                    |myproject_fifo_w10_d2_S_171                                                                |    40|
|407   |    U_myproject_fifo_w10_d2_S_ShiftReg                               |myproject_fifo_w10_d2_S_ShiftReg_528                                                       |    25|
|408   |  layer20_out_30_U                                                   |myproject_fifo_w10_d2_S_172                                                                |    40|
|409   |    U_myproject_fifo_w10_d2_S_ShiftReg                               |myproject_fifo_w10_d2_S_ShiftReg_527                                                       |    25|
|410   |  layer20_out_31_U                                                   |myproject_fifo_w10_d2_S_173                                                                |    40|
|411   |    U_myproject_fifo_w10_d2_S_ShiftReg                               |myproject_fifo_w10_d2_S_ShiftReg_526                                                       |    25|
|412   |  layer20_out_32_U                                                   |myproject_fifo_w10_d2_S_174                                                                |    40|
|413   |    U_myproject_fifo_w10_d2_S_ShiftReg                               |myproject_fifo_w10_d2_S_ShiftReg_525                                                       |    25|
|414   |  layer20_out_33_U                                                   |myproject_fifo_w10_d2_S_175                                                                |    39|
|415   |    U_myproject_fifo_w10_d2_S_ShiftReg                               |myproject_fifo_w10_d2_S_ShiftReg_524                                                       |    25|
|416   |  layer20_out_34_U                                                   |myproject_fifo_w10_d2_S_176                                                                |    40|
|417   |    U_myproject_fifo_w10_d2_S_ShiftReg                               |myproject_fifo_w10_d2_S_ShiftReg_523                                                       |    25|
|418   |  layer20_out_35_U                                                   |myproject_fifo_w10_d2_S_177                                                                |    39|
|419   |    U_myproject_fifo_w10_d2_S_ShiftReg                               |myproject_fifo_w10_d2_S_ShiftReg_522                                                       |    25|
|420   |  layer20_out_36_U                                                   |myproject_fifo_w10_d2_S_178                                                                |    40|
|421   |    U_myproject_fifo_w10_d2_S_ShiftReg                               |myproject_fifo_w10_d2_S_ShiftReg_521                                                       |    25|
|422   |  layer20_out_37_U                                                   |myproject_fifo_w10_d2_S_179                                                                |    40|
|423   |    U_myproject_fifo_w10_d2_S_ShiftReg                               |myproject_fifo_w10_d2_S_ShiftReg_520                                                       |    25|
|424   |  layer20_out_38_U                                                   |myproject_fifo_w10_d2_S_180                                                                |    40|
|425   |    U_myproject_fifo_w10_d2_S_ShiftReg                               |myproject_fifo_w10_d2_S_ShiftReg_519                                                       |    25|
|426   |  layer20_out_39_U                                                   |myproject_fifo_w10_d2_S_181                                                                |    39|
|427   |    U_myproject_fifo_w10_d2_S_ShiftReg                               |myproject_fifo_w10_d2_S_ShiftReg_518                                                       |    25|
|428   |  layer20_out_3_U                                                    |myproject_fifo_w10_d2_S_182                                                                |    39|
|429   |    U_myproject_fifo_w10_d2_S_ShiftReg                               |myproject_fifo_w10_d2_S_ShiftReg_517                                                       |    25|
|430   |  layer20_out_40_U                                                   |myproject_fifo_w10_d2_S_183                                                                |    39|
|431   |    U_myproject_fifo_w10_d2_S_ShiftReg                               |myproject_fifo_w10_d2_S_ShiftReg_516                                                       |    25|
|432   |  layer20_out_41_U                                                   |myproject_fifo_w10_d2_S_184                                                                |    40|
|433   |    U_myproject_fifo_w10_d2_S_ShiftReg                               |myproject_fifo_w10_d2_S_ShiftReg_515                                                       |    25|
|434   |  layer20_out_42_U                                                   |myproject_fifo_w10_d2_S_185                                                                |    41|
|435   |    U_myproject_fifo_w10_d2_S_ShiftReg                               |myproject_fifo_w10_d2_S_ShiftReg_514                                                       |    25|
|436   |  layer20_out_43_U                                                   |myproject_fifo_w10_d2_S_186                                                                |    40|
|437   |    U_myproject_fifo_w10_d2_S_ShiftReg                               |myproject_fifo_w10_d2_S_ShiftReg_513                                                       |    25|
|438   |  layer20_out_44_U                                                   |myproject_fifo_w10_d2_S_187                                                                |    39|
|439   |    U_myproject_fifo_w10_d2_S_ShiftReg                               |myproject_fifo_w10_d2_S_ShiftReg_512                                                       |    25|
|440   |  layer20_out_45_U                                                   |myproject_fifo_w10_d2_S_188                                                                |    40|
|441   |    U_myproject_fifo_w10_d2_S_ShiftReg                               |myproject_fifo_w10_d2_S_ShiftReg_511                                                       |    25|
|442   |  layer20_out_46_U                                                   |myproject_fifo_w10_d2_S_189                                                                |    39|
|443   |    U_myproject_fifo_w10_d2_S_ShiftReg                               |myproject_fifo_w10_d2_S_ShiftReg_510                                                       |    25|
|444   |  layer20_out_47_U                                                   |myproject_fifo_w10_d2_S_190                                                                |    39|
|445   |    U_myproject_fifo_w10_d2_S_ShiftReg                               |myproject_fifo_w10_d2_S_ShiftReg_509                                                       |    25|
|446   |  layer20_out_48_U                                                   |myproject_fifo_w10_d2_S_191                                                                |    41|
|447   |    U_myproject_fifo_w10_d2_S_ShiftReg                               |myproject_fifo_w10_d2_S_ShiftReg_508                                                       |    25|
|448   |  layer20_out_49_U                                                   |myproject_fifo_w10_d2_S_192                                                                |    42|
|449   |    U_myproject_fifo_w10_d2_S_ShiftReg                               |myproject_fifo_w10_d2_S_ShiftReg_507                                                       |    25|
|450   |  layer20_out_4_U                                                    |myproject_fifo_w10_d2_S_193                                                                |    39|
|451   |    U_myproject_fifo_w10_d2_S_ShiftReg                               |myproject_fifo_w10_d2_S_ShiftReg_506                                                       |    25|
|452   |  layer20_out_50_U                                                   |myproject_fifo_w10_d2_S_194                                                                |    39|
|453   |    U_myproject_fifo_w10_d2_S_ShiftReg                               |myproject_fifo_w10_d2_S_ShiftReg_505                                                       |    25|
|454   |  layer20_out_51_U                                                   |myproject_fifo_w10_d2_S_195                                                                |    40|
|455   |    U_myproject_fifo_w10_d2_S_ShiftReg                               |myproject_fifo_w10_d2_S_ShiftReg_504                                                       |    25|
|456   |  layer20_out_52_U                                                   |myproject_fifo_w10_d2_S_196                                                                |    39|
|457   |    U_myproject_fifo_w10_d2_S_ShiftReg                               |myproject_fifo_w10_d2_S_ShiftReg_503                                                       |    25|
|458   |  layer20_out_53_U                                                   |myproject_fifo_w10_d2_S_197                                                                |    39|
|459   |    U_myproject_fifo_w10_d2_S_ShiftReg                               |myproject_fifo_w10_d2_S_ShiftReg_502                                                       |    25|
|460   |  layer20_out_54_U                                                   |myproject_fifo_w10_d2_S_198                                                                |    41|
|461   |    U_myproject_fifo_w10_d2_S_ShiftReg                               |myproject_fifo_w10_d2_S_ShiftReg_501                                                       |    25|
|462   |  layer20_out_55_U                                                   |myproject_fifo_w10_d2_S_199                                                                |    41|
|463   |    U_myproject_fifo_w10_d2_S_ShiftReg                               |myproject_fifo_w10_d2_S_ShiftReg_500                                                       |    25|
|464   |  layer20_out_56_U                                                   |myproject_fifo_w10_d2_S_200                                                                |    39|
|465   |    U_myproject_fifo_w10_d2_S_ShiftReg                               |myproject_fifo_w10_d2_S_ShiftReg_499                                                       |    25|
|466   |  layer20_out_57_U                                                   |myproject_fifo_w10_d2_S_201                                                                |    40|
|467   |    U_myproject_fifo_w10_d2_S_ShiftReg                               |myproject_fifo_w10_d2_S_ShiftReg_498                                                       |    25|
|468   |  layer20_out_5_U                                                    |myproject_fifo_w10_d2_S_202                                                                |    39|
|469   |    U_myproject_fifo_w10_d2_S_ShiftReg                               |myproject_fifo_w10_d2_S_ShiftReg_497                                                       |    25|
|470   |  layer20_out_6_U                                                    |myproject_fifo_w10_d2_S_203                                                                |    40|
|471   |    U_myproject_fifo_w10_d2_S_ShiftReg                               |myproject_fifo_w10_d2_S_ShiftReg_496                                                       |    25|
|472   |  layer20_out_7_U                                                    |myproject_fifo_w10_d2_S_204                                                                |    40|
|473   |    U_myproject_fifo_w10_d2_S_ShiftReg                               |myproject_fifo_w10_d2_S_ShiftReg_495                                                       |    25|
|474   |  layer20_out_8_U                                                    |myproject_fifo_w10_d2_S_205                                                                |    39|
|475   |    U_myproject_fifo_w10_d2_S_ShiftReg                               |myproject_fifo_w10_d2_S_ShiftReg_494                                                       |    25|
|476   |  layer20_out_9_U                                                    |myproject_fifo_w10_d2_S_206                                                                |    40|
|477   |    U_myproject_fifo_w10_d2_S_ShiftReg                               |myproject_fifo_w10_d2_S_ShiftReg_493                                                       |    25|
|478   |  layer20_out_U                                                      |myproject_fifo_w10_d2_S_207                                                                |    41|
|479   |    U_myproject_fifo_w10_d2_S_ShiftReg                               |myproject_fifo_w10_d2_S_ShiftReg_492                                                       |    25|
|480   |  layer21_out_10_U                                                   |myproject_fifo_w16_d2_S_208                                                                |   107|
|481   |    U_myproject_fifo_w16_d2_S_ShiftReg                               |myproject_fifo_w16_d2_S_ShiftReg_491                                                       |    93|
|482   |  layer21_out_11_U                                                   |myproject_fifo_w16_d2_S_209                                                                |   107|
|483   |    U_myproject_fifo_w16_d2_S_ShiftReg                               |myproject_fifo_w16_d2_S_ShiftReg_490                                                       |    93|
|484   |  layer21_out_12_U                                                   |myproject_fifo_w16_d2_S_210                                                                |   108|
|485   |    U_myproject_fifo_w16_d2_S_ShiftReg                               |myproject_fifo_w16_d2_S_ShiftReg_489                                                       |    93|
|486   |  layer21_out_13_U                                                   |myproject_fifo_w16_d2_S_211                                                                |   107|
|487   |    U_myproject_fifo_w16_d2_S_ShiftReg                               |myproject_fifo_w16_d2_S_ShiftReg_488                                                       |    93|
|488   |  layer21_out_14_U                                                   |myproject_fifo_w16_d2_S_212                                                                |   107|
|489   |    U_myproject_fifo_w16_d2_S_ShiftReg                               |myproject_fifo_w16_d2_S_ShiftReg_487                                                       |    93|
|490   |  layer21_out_15_U                                                   |myproject_fifo_w16_d2_S_213                                                                |   108|
|491   |    U_myproject_fifo_w16_d2_S_ShiftReg                               |myproject_fifo_w16_d2_S_ShiftReg_486                                                       |    93|
|492   |  layer21_out_16_U                                                   |myproject_fifo_w16_d2_S_214                                                                |   107|
|493   |    U_myproject_fifo_w16_d2_S_ShiftReg                               |myproject_fifo_w16_d2_S_ShiftReg_485                                                       |    93|
|494   |  layer21_out_17_U                                                   |myproject_fifo_w16_d2_S_215                                                                |   107|
|495   |    U_myproject_fifo_w16_d2_S_ShiftReg                               |myproject_fifo_w16_d2_S_ShiftReg_484                                                       |    93|
|496   |  layer21_out_18_U                                                   |myproject_fifo_w16_d2_S_216                                                                |   109|
|497   |    U_myproject_fifo_w16_d2_S_ShiftReg                               |myproject_fifo_w16_d2_S_ShiftReg_483                                                       |    93|
|498   |  layer21_out_19_U                                                   |myproject_fifo_w16_d2_S_217                                                                |   107|
|499   |    U_myproject_fifo_w16_d2_S_ShiftReg                               |myproject_fifo_w16_d2_S_ShiftReg_482                                                       |    93|
|500   |  layer21_out_1_U                                                    |myproject_fifo_w16_d2_S_218                                                                |   108|
|501   |    U_myproject_fifo_w16_d2_S_ShiftReg                               |myproject_fifo_w16_d2_S_ShiftReg_481                                                       |    93|
|502   |  layer21_out_20_U                                                   |myproject_fifo_w16_d2_S_219                                                                |   107|
|503   |    U_myproject_fifo_w16_d2_S_ShiftReg                               |myproject_fifo_w16_d2_S_ShiftReg_480                                                       |    93|
|504   |  layer21_out_21_U                                                   |myproject_fifo_w16_d2_S_220                                                                |   108|
|505   |    U_myproject_fifo_w16_d2_S_ShiftReg                               |myproject_fifo_w16_d2_S_ShiftReg_479                                                       |    93|
|506   |  layer21_out_22_U                                                   |myproject_fifo_w16_d2_S_221                                                                |   107|
|507   |    U_myproject_fifo_w16_d2_S_ShiftReg                               |myproject_fifo_w16_d2_S_ShiftReg_478                                                       |    93|
|508   |  layer21_out_23_U                                                   |myproject_fifo_w16_d2_S_222                                                                |   107|
|509   |    U_myproject_fifo_w16_d2_S_ShiftReg                               |myproject_fifo_w16_d2_S_ShiftReg_477                                                       |    93|
|510   |  layer21_out_24_U                                                   |myproject_fifo_w16_d2_S_223                                                                |   108|
|511   |    U_myproject_fifo_w16_d2_S_ShiftReg                               |myproject_fifo_w16_d2_S_ShiftReg_476                                                       |    93|
|512   |  layer21_out_25_U                                                   |myproject_fifo_w16_d2_S_224                                                                |   107|
|513   |    U_myproject_fifo_w16_d2_S_ShiftReg                               |myproject_fifo_w16_d2_S_ShiftReg_475                                                       |    93|
|514   |  layer21_out_26_U                                                   |myproject_fifo_w16_d2_S_225                                                                |   107|
|515   |    U_myproject_fifo_w16_d2_S_ShiftReg                               |myproject_fifo_w16_d2_S_ShiftReg_474                                                       |    93|
|516   |  layer21_out_27_U                                                   |myproject_fifo_w16_d2_S_226                                                                |   109|
|517   |    U_myproject_fifo_w16_d2_S_ShiftReg                               |myproject_fifo_w16_d2_S_ShiftReg_473                                                       |    93|
|518   |  layer21_out_2_U                                                    |myproject_fifo_w16_d2_S_227                                                                |   107|
|519   |    U_myproject_fifo_w16_d2_S_ShiftReg                               |myproject_fifo_w16_d2_S_ShiftReg_472                                                       |    93|
|520   |  layer21_out_3_U                                                    |myproject_fifo_w16_d2_S_228                                                                |   108|
|521   |    U_myproject_fifo_w16_d2_S_ShiftReg                               |myproject_fifo_w16_d2_S_ShiftReg_471                                                       |    93|
|522   |  layer21_out_4_U                                                    |myproject_fifo_w16_d2_S_229                                                                |   107|
|523   |    U_myproject_fifo_w16_d2_S_ShiftReg                               |myproject_fifo_w16_d2_S_ShiftReg_470                                                       |    93|
|524   |  layer21_out_5_U                                                    |myproject_fifo_w16_d2_S_230                                                                |   107|
|525   |    U_myproject_fifo_w16_d2_S_ShiftReg                               |myproject_fifo_w16_d2_S_ShiftReg_469                                                       |    93|
|526   |  layer21_out_6_U                                                    |myproject_fifo_w16_d2_S_231                                                                |   108|
|527   |    U_myproject_fifo_w16_d2_S_ShiftReg                               |myproject_fifo_w16_d2_S_ShiftReg_468                                                       |    93|
|528   |  layer21_out_7_U                                                    |myproject_fifo_w16_d2_S_232                                                                |   107|
|529   |    U_myproject_fifo_w16_d2_S_ShiftReg                               |myproject_fifo_w16_d2_S_ShiftReg_467                                                       |    93|
|530   |  layer21_out_8_U                                                    |myproject_fifo_w16_d2_S_233                                                                |   107|
|531   |    U_myproject_fifo_w16_d2_S_ShiftReg                               |myproject_fifo_w16_d2_S_ShiftReg_466                                                       |    93|
|532   |  layer21_out_9_U                                                    |myproject_fifo_w16_d2_S_234                                                                |   108|
|533   |    U_myproject_fifo_w16_d2_S_ShiftReg                               |myproject_fifo_w16_d2_S_ShiftReg_465                                                       |    93|
|534   |  layer21_out_U                                                      |myproject_fifo_w16_d2_S_235                                                                |   107|
|535   |    U_myproject_fifo_w16_d2_S_ShiftReg                               |myproject_fifo_w16_d2_S_ShiftReg_464                                                       |    93|
|536   |  layer23_out_10_U                                                   |myproject_fifo_w8_d2_S_236                                                                 |    40|
|537   |    U_myproject_fifo_w8_d2_S_ShiftReg                                |myproject_fifo_w8_d2_S_ShiftReg_463                                                        |    25|
|538   |  layer23_out_11_U                                                   |myproject_fifo_w8_d2_S_237                                                                 |    41|
|539   |    U_myproject_fifo_w8_d2_S_ShiftReg                                |myproject_fifo_w8_d2_S_ShiftReg_462                                                        |    25|
|540   |  layer23_out_12_U                                                   |myproject_fifo_w8_d2_S_238                                                                 |    40|
|541   |    U_myproject_fifo_w8_d2_S_ShiftReg                                |myproject_fifo_w8_d2_S_ShiftReg_461                                                        |    25|
|542   |  layer23_out_13_U                                                   |myproject_fifo_w8_d2_S_239                                                                 |    41|
|543   |    U_myproject_fifo_w8_d2_S_ShiftReg                                |myproject_fifo_w8_d2_S_ShiftReg_460                                                        |    25|
|544   |  layer23_out_14_U                                                   |myproject_fifo_w8_d2_S_240                                                                 |    40|
|545   |    U_myproject_fifo_w8_d2_S_ShiftReg                                |myproject_fifo_w8_d2_S_ShiftReg_459                                                        |    25|
|546   |  layer23_out_15_U                                                   |myproject_fifo_w8_d2_S_241                                                                 |    40|
|547   |    U_myproject_fifo_w8_d2_S_ShiftReg                                |myproject_fifo_w8_d2_S_ShiftReg_458                                                        |    25|
|548   |  layer23_out_16_U                                                   |myproject_fifo_w8_d2_S_242                                                                 |    40|
|549   |    U_myproject_fifo_w8_d2_S_ShiftReg                                |myproject_fifo_w8_d2_S_ShiftReg_457                                                        |    25|
|550   |  layer23_out_17_U                                                   |myproject_fifo_w8_d2_S_243                                                                 |    41|
|551   |    U_myproject_fifo_w8_d2_S_ShiftReg                                |myproject_fifo_w8_d2_S_ShiftReg_456                                                        |    25|
|552   |  layer23_out_18_U                                                   |myproject_fifo_w8_d2_S_244                                                                 |    40|
|553   |    U_myproject_fifo_w8_d2_S_ShiftReg                                |myproject_fifo_w8_d2_S_ShiftReg_455                                                        |    25|
|554   |  layer23_out_19_U                                                   |myproject_fifo_w8_d2_S_245                                                                 |    41|
|555   |    U_myproject_fifo_w8_d2_S_ShiftReg                                |myproject_fifo_w8_d2_S_ShiftReg_454                                                        |    25|
|556   |  layer23_out_1_U                                                    |myproject_fifo_w8_d2_S_246                                                                 |    40|
|557   |    U_myproject_fifo_w8_d2_S_ShiftReg                                |myproject_fifo_w8_d2_S_ShiftReg_453                                                        |    25|
|558   |  layer23_out_20_U                                                   |myproject_fifo_w8_d2_S_247                                                                 |    40|
|559   |    U_myproject_fifo_w8_d2_S_ShiftReg                                |myproject_fifo_w8_d2_S_ShiftReg_452                                                        |    25|
|560   |  layer23_out_21_U                                                   |myproject_fifo_w8_d2_S_248                                                                 |    40|
|561   |    U_myproject_fifo_w8_d2_S_ShiftReg                                |myproject_fifo_w8_d2_S_ShiftReg_451                                                        |    25|
|562   |  layer23_out_22_U                                                   |myproject_fifo_w8_d2_S_249                                                                 |    40|
|563   |    U_myproject_fifo_w8_d2_S_ShiftReg                                |myproject_fifo_w8_d2_S_ShiftReg_450                                                        |    25|
|564   |  layer23_out_23_U                                                   |myproject_fifo_w8_d2_S_250                                                                 |    41|
|565   |    U_myproject_fifo_w8_d2_S_ShiftReg                                |myproject_fifo_w8_d2_S_ShiftReg_449                                                        |    25|
|566   |  layer23_out_24_U                                                   |myproject_fifo_w8_d2_S_251                                                                 |    40|
|567   |    U_myproject_fifo_w8_d2_S_ShiftReg                                |myproject_fifo_w8_d2_S_ShiftReg_448                                                        |    25|
|568   |  layer23_out_25_U                                                   |myproject_fifo_w8_d2_S_252                                                                 |    41|
|569   |    U_myproject_fifo_w8_d2_S_ShiftReg                                |myproject_fifo_w8_d2_S_ShiftReg_447                                                        |    25|
|570   |  layer23_out_26_U                                                   |myproject_fifo_w8_d2_S_253                                                                 |    40|
|571   |    U_myproject_fifo_w8_d2_S_ShiftReg                                |myproject_fifo_w8_d2_S_ShiftReg_446                                                        |    25|
|572   |  layer23_out_27_U                                                   |myproject_fifo_w8_d2_S_254                                                                 |    45|
|573   |    U_myproject_fifo_w8_d2_S_ShiftReg                                |myproject_fifo_w8_d2_S_ShiftReg_445                                                        |    25|
|574   |  layer23_out_2_U                                                    |myproject_fifo_w8_d2_S_255                                                                 |    40|
|575   |    U_myproject_fifo_w8_d2_S_ShiftReg                                |myproject_fifo_w8_d2_S_ShiftReg_444                                                        |    25|
|576   |  layer23_out_3_U                                                    |myproject_fifo_w8_d2_S_256                                                                 |    41|
|577   |    U_myproject_fifo_w8_d2_S_ShiftReg                                |myproject_fifo_w8_d2_S_ShiftReg_443                                                        |    25|
|578   |  layer23_out_4_U                                                    |myproject_fifo_w8_d2_S_257                                                                 |    40|
|579   |    U_myproject_fifo_w8_d2_S_ShiftReg                                |myproject_fifo_w8_d2_S_ShiftReg_442                                                        |    25|
|580   |  layer23_out_5_U                                                    |myproject_fifo_w8_d2_S_258                                                                 |    41|
|581   |    U_myproject_fifo_w8_d2_S_ShiftReg                                |myproject_fifo_w8_d2_S_ShiftReg_441                                                        |    25|
|582   |  layer23_out_6_U                                                    |myproject_fifo_w8_d2_S_259                                                                 |    40|
|583   |    U_myproject_fifo_w8_d2_S_ShiftReg                                |myproject_fifo_w8_d2_S_ShiftReg_440                                                        |    25|
|584   |  layer23_out_7_U                                                    |myproject_fifo_w8_d2_S_260                                                                 |    40|
|585   |    U_myproject_fifo_w8_d2_S_ShiftReg                                |myproject_fifo_w8_d2_S_ShiftReg_439                                                        |    25|
|586   |  layer23_out_8_U                                                    |myproject_fifo_w8_d2_S_261                                                                 |    40|
|587   |    U_myproject_fifo_w8_d2_S_ShiftReg                                |myproject_fifo_w8_d2_S_ShiftReg_438                                                        |    25|
|588   |  layer23_out_9_U                                                    |myproject_fifo_w8_d2_S_262                                                                 |    40|
|589   |    U_myproject_fifo_w8_d2_S_ShiftReg                                |myproject_fifo_w8_d2_S_ShiftReg_437                                                        |    25|
|590   |  layer23_out_U                                                      |myproject_fifo_w8_d2_S_263                                                                 |    40|
|591   |    U_myproject_fifo_w8_d2_S_ShiftReg                                |myproject_fifo_w8_d2_S_ShiftReg_436                                                        |    25|
|592   |  layer24_out_1_U                                                    |myproject_fifo_w16_d2_S_264                                                                |   107|
|593   |    U_myproject_fifo_w16_d2_S_ShiftReg                               |myproject_fifo_w16_d2_S_ShiftReg_435                                                       |    93|
|594   |  layer24_out_2_U                                                    |myproject_fifo_w16_d2_S_265                                                                |   107|
|595   |    U_myproject_fifo_w16_d2_S_ShiftReg                               |myproject_fifo_w16_d2_S_ShiftReg_434                                                       |    93|
|596   |  layer24_out_3_U                                                    |myproject_fifo_w16_d2_S_266                                                                |   107|
|597   |    U_myproject_fifo_w16_d2_S_ShiftReg                               |myproject_fifo_w16_d2_S_ShiftReg_433                                                       |    93|
|598   |  layer24_out_4_U                                                    |myproject_fifo_w16_d2_S_267                                                                |   107|
|599   |    U_myproject_fifo_w16_d2_S_ShiftReg                               |myproject_fifo_w16_d2_S_ShiftReg_432                                                       |    93|
|600   |  layer24_out_5_U                                                    |myproject_fifo_w16_d2_S_268                                                                |   108|
|601   |    U_myproject_fifo_w16_d2_S_ShiftReg                               |myproject_fifo_w16_d2_S_ShiftReg_431                                                       |    93|
|602   |  layer24_out_6_U                                                    |myproject_fifo_w16_d2_S_269                                                                |   107|
|603   |    U_myproject_fifo_w16_d2_S_ShiftReg                               |myproject_fifo_w16_d2_S_ShiftReg_430                                                       |    93|
|604   |  layer24_out_7_U                                                    |myproject_fifo_w16_d2_S_270                                                                |   108|
|605   |    U_myproject_fifo_w16_d2_S_ShiftReg                               |myproject_fifo_w16_d2_S_ShiftReg_429                                                       |    93|
|606   |  layer24_out_8_U                                                    |myproject_fifo_w16_d2_S_271                                                                |   107|
|607   |    U_myproject_fifo_w16_d2_S_ShiftReg                               |myproject_fifo_w16_d2_S_ShiftReg_428                                                       |    93|
|608   |  layer24_out_9_U                                                    |myproject_fifo_w16_d2_S_272                                                                |   108|
|609   |    U_myproject_fifo_w16_d2_S_ShiftReg                               |myproject_fifo_w16_d2_S_ShiftReg_427                                                       |    93|
|610   |  layer24_out_U                                                      |myproject_fifo_w16_d2_S_273                                                                |   108|
|611   |    U_myproject_fifo_w16_d2_S_ShiftReg                               |myproject_fifo_w16_d2_S_ShiftReg                                                           |    93|
|612   |  layer26_out_1_U                                                    |myproject_fifo_w8_d2_S_274                                                                 |    39|
|613   |    U_myproject_fifo_w8_d2_S_ShiftReg                                |myproject_fifo_w8_d2_S_ShiftReg_426                                                        |    24|
|614   |  layer26_out_3_U                                                    |myproject_fifo_w8_d2_S_276                                                                 |    39|
|615   |    U_myproject_fifo_w8_d2_S_ShiftReg                                |myproject_fifo_w8_d2_S_ShiftReg_424                                                        |    24|
|616   |  layer26_out_7_U                                                    |myproject_fifo_w8_d2_S_280                                                                 |    42|
|617   |    U_myproject_fifo_w8_d2_S_ShiftReg                                |myproject_fifo_w8_d2_S_ShiftReg_420                                                        |    25|
|618   |  layer27_out_U                                                      |myproject_fifo_w15_d2_S                                                                    |   105|
|619   |    U_myproject_fifo_w15_d2_S_ShiftReg                               |myproject_fifo_w15_d2_S_ShiftReg                                                           |    88|
|620   |  layer3_out_10_U                                                    |myproject_fifo_w10_d2_S_284                                                                |    67|
|621   |    U_myproject_fifo_w10_d2_S_ShiftReg                               |myproject_fifo_w10_d2_S_ShiftReg_417                                                       |    53|
|622   |  layer3_out_11_U                                                    |myproject_fifo_w10_d2_S_285                                                                |    67|
|623   |    U_myproject_fifo_w10_d2_S_ShiftReg                               |myproject_fifo_w10_d2_S_ShiftReg_416                                                       |    53|
|624   |  layer3_out_12_U                                                    |myproject_fifo_w10_d2_S_286                                                                |    67|
|625   |    U_myproject_fifo_w10_d2_S_ShiftReg                               |myproject_fifo_w10_d2_S_ShiftReg_415                                                       |    53|
|626   |  layer3_out_13_U                                                    |myproject_fifo_w10_d2_S_287                                                                |    68|
|627   |    U_myproject_fifo_w10_d2_S_ShiftReg                               |myproject_fifo_w10_d2_S_ShiftReg_414                                                       |    53|
|628   |  layer3_out_14_U                                                    |myproject_fifo_w10_d2_S_288                                                                |    67|
|629   |    U_myproject_fifo_w10_d2_S_ShiftReg                               |myproject_fifo_w10_d2_S_ShiftReg_413                                                       |    53|
|630   |  layer3_out_15_U                                                    |myproject_fifo_w10_d2_S_289                                                                |    68|
|631   |    U_myproject_fifo_w10_d2_S_ShiftReg                               |myproject_fifo_w10_d2_S_ShiftReg_412                                                       |    53|
|632   |  layer3_out_16_U                                                    |myproject_fifo_w10_d2_S_290                                                                |    67|
|633   |    U_myproject_fifo_w10_d2_S_ShiftReg                               |myproject_fifo_w10_d2_S_ShiftReg_411                                                       |    53|
|634   |  layer3_out_17_U                                                    |myproject_fifo_w10_d2_S_291                                                                |    67|
|635   |    U_myproject_fifo_w10_d2_S_ShiftReg                               |myproject_fifo_w10_d2_S_ShiftReg_410                                                       |    53|
|636   |  layer3_out_18_U                                                    |myproject_fifo_w10_d2_S_292                                                                |    67|
|637   |    U_myproject_fifo_w10_d2_S_ShiftReg                               |myproject_fifo_w10_d2_S_ShiftReg_409                                                       |    53|
|638   |  layer3_out_19_U                                                    |myproject_fifo_w10_d2_S_293                                                                |    70|
|639   |    U_myproject_fifo_w10_d2_S_ShiftReg                               |myproject_fifo_w10_d2_S_ShiftReg_408                                                       |    53|
|640   |  layer3_out_1_U                                                     |myproject_fifo_w10_d2_S_294                                                                |    68|
|641   |    U_myproject_fifo_w10_d2_S_ShiftReg                               |myproject_fifo_w10_d2_S_ShiftReg_407                                                       |    53|
|642   |  layer3_out_20_U                                                    |myproject_fifo_w10_d2_S_295                                                                |    67|
|643   |    U_myproject_fifo_w10_d2_S_ShiftReg                               |myproject_fifo_w10_d2_S_ShiftReg_406                                                       |    53|
|644   |  layer3_out_2_U                                                     |myproject_fifo_w10_d2_S_296                                                                |    67|
|645   |    U_myproject_fifo_w10_d2_S_ShiftReg                               |myproject_fifo_w10_d2_S_ShiftReg_405                                                       |    53|
|646   |  layer3_out_3_U                                                     |myproject_fifo_w10_d2_S_297                                                                |    68|
|647   |    U_myproject_fifo_w10_d2_S_ShiftReg                               |myproject_fifo_w10_d2_S_ShiftReg_404                                                       |    53|
|648   |  layer3_out_4_U                                                     |myproject_fifo_w10_d2_S_298                                                                |    67|
|649   |    U_myproject_fifo_w10_d2_S_ShiftReg                               |myproject_fifo_w10_d2_S_ShiftReg_403                                                       |    53|
|650   |  layer3_out_5_U                                                     |myproject_fifo_w10_d2_S_299                                                                |    67|
|651   |    U_myproject_fifo_w10_d2_S_ShiftReg                               |myproject_fifo_w10_d2_S_ShiftReg_402                                                       |    53|
|652   |  layer3_out_6_U                                                     |myproject_fifo_w10_d2_S_300                                                                |    67|
|653   |    U_myproject_fifo_w10_d2_S_ShiftReg                               |myproject_fifo_w10_d2_S_ShiftReg_401                                                       |    53|
|654   |  layer3_out_7_U                                                     |myproject_fifo_w10_d2_S_301                                                                |    68|
|655   |    U_myproject_fifo_w10_d2_S_ShiftReg                               |myproject_fifo_w10_d2_S_ShiftReg_400                                                       |    53|
|656   |  layer3_out_8_U                                                     |myproject_fifo_w10_d2_S_302                                                                |    67|
|657   |    U_myproject_fifo_w10_d2_S_ShiftReg                               |myproject_fifo_w10_d2_S_ShiftReg_399                                                       |    53|
|658   |  layer3_out_9_U                                                     |myproject_fifo_w10_d2_S_303                                                                |    70|
|659   |    U_myproject_fifo_w10_d2_S_ShiftReg                               |myproject_fifo_w10_d2_S_ShiftReg_398                                                       |    53|
|660   |  layer3_out_U                                                       |myproject_fifo_w10_d2_S_304                                                                |    67|
|661   |    U_myproject_fifo_w10_d2_S_ShiftReg                               |myproject_fifo_w10_d2_S_ShiftReg_397                                                       |    53|
|662   |  layer4_out_10_U                                                    |myproject_fifo_w10_d2_S_305                                                                |    68|
|663   |    U_myproject_fifo_w10_d2_S_ShiftReg                               |myproject_fifo_w10_d2_S_ShiftReg_396                                                       |    53|
|664   |  layer4_out_11_U                                                    |myproject_fifo_w10_d2_S_306                                                                |    68|
|665   |    U_myproject_fifo_w10_d2_S_ShiftReg                               |myproject_fifo_w10_d2_S_ShiftReg_395                                                       |    53|
|666   |  layer4_out_12_U                                                    |myproject_fifo_w10_d2_S_307                                                                |    68|
|667   |    U_myproject_fifo_w10_d2_S_ShiftReg                               |myproject_fifo_w10_d2_S_ShiftReg_394                                                       |    53|
|668   |  layer4_out_1_U                                                     |myproject_fifo_w10_d2_S_308                                                                |    67|
|669   |    U_myproject_fifo_w10_d2_S_ShiftReg                               |myproject_fifo_w10_d2_S_ShiftReg_393                                                       |    53|
|670   |  layer4_out_2_U                                                     |myproject_fifo_w10_d2_S_309                                                                |    67|
|671   |    U_myproject_fifo_w10_d2_S_ShiftReg                               |myproject_fifo_w10_d2_S_ShiftReg_392                                                       |    53|
|672   |  layer4_out_3_U                                                     |myproject_fifo_w10_d2_S_310                                                                |    67|
|673   |    U_myproject_fifo_w10_d2_S_ShiftReg                               |myproject_fifo_w10_d2_S_ShiftReg_391                                                       |    53|
|674   |  layer4_out_4_U                                                     |myproject_fifo_w10_d2_S_311                                                                |    68|
|675   |    U_myproject_fifo_w10_d2_S_ShiftReg                               |myproject_fifo_w10_d2_S_ShiftReg_390                                                       |    53|
|676   |  layer4_out_5_U                                                     |myproject_fifo_w10_d2_S_312                                                                |    67|
|677   |    U_myproject_fifo_w10_d2_S_ShiftReg                               |myproject_fifo_w10_d2_S_ShiftReg_389                                                       |    53|
|678   |  layer4_out_6_U                                                     |myproject_fifo_w10_d2_S_313                                                                |    68|
|679   |    U_myproject_fifo_w10_d2_S_ShiftReg                               |myproject_fifo_w10_d2_S_ShiftReg_388                                                       |    53|
|680   |  layer4_out_7_U                                                     |myproject_fifo_w10_d2_S_314                                                                |    67|
|681   |    U_myproject_fifo_w10_d2_S_ShiftReg                               |myproject_fifo_w10_d2_S_ShiftReg_387                                                       |    53|
|682   |  layer4_out_8_U                                                     |myproject_fifo_w10_d2_S_315                                                                |    67|
|683   |    U_myproject_fifo_w10_d2_S_ShiftReg                               |myproject_fifo_w10_d2_S_ShiftReg_386                                                       |    53|
|684   |  layer4_out_9_U                                                     |myproject_fifo_w10_d2_S_316                                                                |    67|
|685   |    U_myproject_fifo_w10_d2_S_ShiftReg                               |myproject_fifo_w10_d2_S_ShiftReg_385                                                       |    53|
|686   |  layer4_out_U                                                       |myproject_fifo_w10_d2_S_317                                                                |    68|
|687   |    U_myproject_fifo_w10_d2_S_ShiftReg                               |myproject_fifo_w10_d2_S_ShiftReg                                                           |    53|
|688   |  layer8_out_10_U                                                    |myproject_fifo_w11_d2_S_318                                                                |    54|
|689   |    U_myproject_fifo_w11_d2_S_ShiftReg                               |myproject_fifo_w11_d2_S_ShiftReg_384                                                       |    40|
|690   |  layer8_out_11_U                                                    |myproject_fifo_w11_d2_S_319                                                                |    54|
|691   |    U_myproject_fifo_w11_d2_S_ShiftReg                               |myproject_fifo_w11_d2_S_ShiftReg_383                                                       |    40|
|692   |  layer8_out_12_U                                                    |myproject_fifo_w11_d2_S_320                                                                |    54|
|693   |    U_myproject_fifo_w11_d2_S_ShiftReg                               |myproject_fifo_w11_d2_S_ShiftReg_382                                                       |    40|
|694   |  layer8_out_13_U                                                    |myproject_fifo_w11_d2_S_321                                                                |    54|
|695   |    U_myproject_fifo_w11_d2_S_ShiftReg                               |myproject_fifo_w11_d2_S_ShiftReg_381                                                       |    40|
|696   |  layer8_out_14_U                                                    |myproject_fifo_w11_d2_S_322                                                                |    56|
|697   |    U_myproject_fifo_w11_d2_S_ShiftReg                               |myproject_fifo_w11_d2_S_ShiftReg_380                                                       |    40|
|698   |  layer8_out_15_U                                                    |myproject_fifo_w11_d2_S_323                                                                |    57|
|699   |    U_myproject_fifo_w11_d2_S_ShiftReg                               |myproject_fifo_w11_d2_S_ShiftReg_379                                                       |    40|
|700   |  layer8_out_16_U                                                    |myproject_fifo_w11_d2_S_324                                                                |    54|
|701   |    U_myproject_fifo_w11_d2_S_ShiftReg                               |myproject_fifo_w11_d2_S_ShiftReg_378                                                       |    40|
|702   |  layer8_out_17_U                                                    |myproject_fifo_w11_d2_S_325                                                                |    54|
|703   |    U_myproject_fifo_w11_d2_S_ShiftReg                               |myproject_fifo_w11_d2_S_ShiftReg_377                                                       |    40|
|704   |  layer8_out_18_U                                                    |myproject_fifo_w11_d2_S_326                                                                |    54|
|705   |    U_myproject_fifo_w11_d2_S_ShiftReg                               |myproject_fifo_w11_d2_S_ShiftReg_376                                                       |    40|
|706   |  layer8_out_19_U                                                    |myproject_fifo_w11_d2_S_327                                                                |    54|
|707   |    U_myproject_fifo_w11_d2_S_ShiftReg                               |myproject_fifo_w11_d2_S_ShiftReg_375                                                       |    40|
|708   |  layer8_out_1_U                                                     |myproject_fifo_w11_d2_S_328                                                                |    54|
|709   |    U_myproject_fifo_w11_d2_S_ShiftReg                               |myproject_fifo_w11_d2_S_ShiftReg_374                                                       |    40|
|710   |  layer8_out_20_U                                                    |myproject_fifo_w11_d2_S_329                                                                |    55|
|711   |    U_myproject_fifo_w11_d2_S_ShiftReg                               |myproject_fifo_w11_d2_S_ShiftReg_373                                                       |    40|
|712   |  layer8_out_21_U                                                    |myproject_fifo_w11_d2_S_330                                                                |    55|
|713   |    U_myproject_fifo_w11_d2_S_ShiftReg                               |myproject_fifo_w11_d2_S_ShiftReg_372                                                       |    40|
|714   |  layer8_out_22_U                                                    |myproject_fifo_w11_d2_S_331                                                                |    54|
|715   |    U_myproject_fifo_w11_d2_S_ShiftReg                               |myproject_fifo_w11_d2_S_ShiftReg_371                                                       |    40|
|716   |  layer8_out_23_U                                                    |myproject_fifo_w11_d2_S_332                                                                |    54|
|717   |    U_myproject_fifo_w11_d2_S_ShiftReg                               |myproject_fifo_w11_d2_S_ShiftReg_370                                                       |    40|
|718   |  layer8_out_24_U                                                    |myproject_fifo_w11_d2_S_333                                                                |    54|
|719   |    U_myproject_fifo_w11_d2_S_ShiftReg                               |myproject_fifo_w11_d2_S_ShiftReg_369                                                       |    40|
|720   |  layer8_out_25_U                                                    |myproject_fifo_w11_d2_S_334                                                                |    54|
|721   |    U_myproject_fifo_w11_d2_S_ShiftReg                               |myproject_fifo_w11_d2_S_ShiftReg_368                                                       |    40|
|722   |  layer8_out_26_U                                                    |myproject_fifo_w11_d2_S_335                                                                |    55|
|723   |    U_myproject_fifo_w11_d2_S_ShiftReg                               |myproject_fifo_w11_d2_S_ShiftReg_367                                                       |    40|
|724   |  layer8_out_27_U                                                    |myproject_fifo_w11_d2_S_336                                                                |    55|
|725   |    U_myproject_fifo_w11_d2_S_ShiftReg                               |myproject_fifo_w11_d2_S_ShiftReg_366                                                       |    40|
|726   |  layer8_out_28_U                                                    |myproject_fifo_w11_d2_S_337                                                                |    54|
|727   |    U_myproject_fifo_w11_d2_S_ShiftReg                               |myproject_fifo_w11_d2_S_ShiftReg_365                                                       |    40|
|728   |  layer8_out_29_U                                                    |myproject_fifo_w11_d2_S_338                                                                |    54|
|729   |    U_myproject_fifo_w11_d2_S_ShiftReg                               |myproject_fifo_w11_d2_S_ShiftReg_364                                                       |    40|
|730   |  layer8_out_2_U                                                     |myproject_fifo_w11_d2_S_339                                                                |    55|
|731   |    U_myproject_fifo_w11_d2_S_ShiftReg                               |myproject_fifo_w11_d2_S_ShiftReg_363                                                       |    40|
|732   |  layer8_out_30_U                                                    |myproject_fifo_w11_d2_S_340                                                                |    54|
|733   |    U_myproject_fifo_w11_d2_S_ShiftReg                               |myproject_fifo_w11_d2_S_ShiftReg_362                                                       |    40|
|734   |  layer8_out_31_U                                                    |myproject_fifo_w11_d2_S_341                                                                |    54|
|735   |    U_myproject_fifo_w11_d2_S_ShiftReg                               |myproject_fifo_w11_d2_S_ShiftReg_361                                                       |    40|
|736   |  layer8_out_32_U                                                    |myproject_fifo_w11_d2_S_342                                                                |    54|
|737   |    U_myproject_fifo_w11_d2_S_ShiftReg                               |myproject_fifo_w11_d2_S_ShiftReg_360                                                       |    40|
|738   |  layer8_out_33_U                                                    |myproject_fifo_w11_d2_S_343                                                                |    56|
|739   |    U_myproject_fifo_w11_d2_S_ShiftReg                               |myproject_fifo_w11_d2_S_ShiftReg_359                                                       |    40|
|740   |  layer8_out_3_U                                                     |myproject_fifo_w11_d2_S_344                                                                |    54|
|741   |    U_myproject_fifo_w11_d2_S_ShiftReg                               |myproject_fifo_w11_d2_S_ShiftReg_358                                                       |    40|
|742   |  layer8_out_4_U                                                     |myproject_fifo_w11_d2_S_345                                                                |    54|
|743   |    U_myproject_fifo_w11_d2_S_ShiftReg                               |myproject_fifo_w11_d2_S_ShiftReg_357                                                       |    40|
|744   |  layer8_out_5_U                                                     |myproject_fifo_w11_d2_S_346                                                                |    54|
|745   |    U_myproject_fifo_w11_d2_S_ShiftReg                               |myproject_fifo_w11_d2_S_ShiftReg_356                                                       |    40|
|746   |  layer8_out_6_U                                                     |myproject_fifo_w11_d2_S_347                                                                |    54|
|747   |    U_myproject_fifo_w11_d2_S_ShiftReg                               |myproject_fifo_w11_d2_S_ShiftReg_355                                                       |    40|
|748   |  layer8_out_7_U                                                     |myproject_fifo_w11_d2_S_348                                                                |    54|
|749   |    U_myproject_fifo_w11_d2_S_ShiftReg                               |myproject_fifo_w11_d2_S_ShiftReg_354                                                       |    40|
|750   |  layer8_out_8_U                                                     |myproject_fifo_w11_d2_S_349                                                                |    55|
|751   |    U_myproject_fifo_w11_d2_S_ShiftReg                               |myproject_fifo_w11_d2_S_ShiftReg_353                                                       |    40|
|752   |  layer8_out_9_U                                                     |myproject_fifo_w11_d2_S_350                                                                |    55|
|753   |    U_myproject_fifo_w11_d2_S_ShiftReg                               |myproject_fifo_w11_d2_S_ShiftReg_352                                                       |    40|
|754   |  layer8_out_U                                                       |myproject_fifo_w11_d2_S_351                                                                |    54|
|755   |    U_myproject_fifo_w11_d2_S_ShiftReg                               |myproject_fifo_w11_d2_S_ShiftReg                                                           |    40|
|756   |  layer9_out_U                                                       |myproject_fifo_w10_d3_S                                                                    |    40|
|757   |    U_myproject_fifo_w10_d3_S_ShiftReg                               |myproject_fifo_w10_d3_S_ShiftReg                                                           |    20|
|758   |  linear_ap_fixed_16_6_5_3_0_ap_fixed_10_1_4_0_0_linear_config10_U0  |myproject_linear_ap_fixed_16_6_5_3_0_ap_fixed_10_1_4_0_0_linear_config10_s                 |    42|
|759   |  linear_ap_fixed_16_6_5_3_0_ap_fixed_10_1_4_0_0_linear_config11_U0  |myproject_linear_ap_fixed_16_6_5_3_0_ap_fixed_10_1_4_0_0_linear_config11_s                 |    39|
|760   |  linear_ap_fixed_16_6_5_3_0_ap_fixed_10_1_4_0_0_linear_config3_U0   |myproject_linear_ap_fixed_16_6_5_3_0_ap_fixed_10_1_4_0_0_linear_config3_s                  |   606|
|761   |  linear_ap_fixed_16_6_5_3_0_ap_fixed_10_1_4_0_0_linear_config4_U0   |myproject_linear_ap_fixed_16_6_5_3_0_ap_fixed_10_1_4_0_0_linear_config4_s                  |   378|
|762   |  linear_ap_fixed_16_6_5_3_0_ap_fixed_10_1_4_0_0_linear_config9_U0   |myproject_linear_ap_fixed_16_6_5_3_0_ap_fixed_10_1_4_0_0_linear_config9_s                  |    31|
|763   |  relu_ap_fixed_16_6_5_3_0_ap_ufixed_8_0_4_0_0_relu_config18_U0      |myproject_relu_ap_fixed_16_6_5_3_0_ap_ufixed_8_0_4_0_0_relu_config18_s                     |   765|
|764   |  relu_ap_fixed_16_6_5_3_0_ap_ufixed_8_0_4_0_0_relu_config19_U0      |myproject_relu_ap_fixed_16_6_5_3_0_ap_ufixed_8_0_4_0_0_relu_config19_s                     |    18|
|765   |  relu_ap_fixed_16_6_5_3_0_ap_ufixed_8_0_4_0_0_relu_config23_U0      |myproject_relu_ap_fixed_16_6_5_3_0_ap_ufixed_8_0_4_0_0_relu_config23_s                     |   278|
|766   |  relu_ap_fixed_16_6_5_3_0_ap_ufixed_8_0_4_0_0_relu_config26_U0      |myproject_relu_ap_fixed_16_6_5_3_0_ap_ufixed_8_0_4_0_0_relu_config26_s                     |   111|
+------+---------------------------------------------------------------------+-------------------------------------------------------------------------------------------+------+
---------------------------------------------------------------------------------
Finished Writing Synthesis Report : Time (s): cpu = 00:01:18 ; elapsed = 00:02:03 . Memory (MB): peak = 2596.031 ; gain = 915.898 ; free physical = 75556 ; free virtual = 195784
---------------------------------------------------------------------------------
Synthesis finished with 0 errors, 0 critical warnings and 243 warnings.
Synthesis Optimization Runtime : Time (s): cpu = 00:01:22 ; elapsed = 00:02:05 . Memory (MB): peak = 2599.941 ; gain = 919.809 ; free physical = 81533 ; free virtual = 201963
Synthesis Optimization Complete : Time (s): cpu = 00:01:22 ; elapsed = 00:02:05 . Memory (MB): peak = 2599.941 ; gain = 919.809 ; free physical = 81531 ; free virtual = 201954
INFO: [Project 1-571] Translating synthesized netlist
Netlist sorting complete. Time (s): cpu = 00:00:00.34 ; elapsed = 00:00:00.34 . Memory (MB): peak = 2599.941 ; gain = 0.000 ; free physical = 81031 ; free virtual = 201867
INFO: [Netlist 29-17] Analyzing 1769 Unisim elements for replacement
INFO: [Netlist 29-28] Unisim Transformation completed in 0 CPU seconds
INFO: [Project 1-570] Preparing netlist for logic optimization
INFO: [Opt 31-138] Pushed 0 inverter(s) to 0 load pin(s).
Netlist sorting complete. Time (s): cpu = 00:00:00 ; elapsed = 00:00:00 . Memory (MB): peak = 2729.867 ; gain = 0.000 ; free physical = 80277 ; free virtual = 201488
INFO: [Project 1-111] Unisim Transformation Summary:
No Unisim elements were transformed.

Synth Design complete | Checksum: b6767522
INFO: [Common 17-83] Releasing license: Synthesis
515 Infos, 147 Warnings, 0 Critical Warnings and 0 Errors encountered.
synth_design completed successfully
synth_design: Time (s): cpu = 00:01:32 ; elapsed = 00:02:14 . Memory (MB): peak = 2729.867 ; gain = 1055.797 ; free physical = 80232 ; free virtual = 201445
INFO: [Common 17-2834] synth_design peak Physical Memory [PSS] (MB): overall = 7714.413; main = 1487.970; forked = 6337.102
INFO: [Common 17-2834] synth_design peak Virtual Memory [VSS] (MB): overall = 16673.094; main = 2729.871; forked = 14077.059
# report_utilization -file vivado_synth.rpt
INFO: [Common 17-206] Exiting Vivado at Tue Aug 11 05:41:02 2026...
***** VIVADO SYNTHESIS COMPLETED IN 0h2m37s *****
INFO: [HLS 200-112] Total CPU user time: 192.5 seconds. Total CPU system time: 10.77 seconds. Total elapsed time: 257.08 seconds; peak allocated memory: 1.081 GB.
