{
    "input_bits": 12,
    "input_int_bits": 0,
    "spatial_units": 24,
    "nmodule_xlocal_units": 8,
    "dense2_ratio": 0.30000000000000004,
    "dense3_ratio": 0.2,
    "dropout_rate": 0.0,
    "learning_rate": 0.0009550630393190334
}