{
    "input_bits": 14,
    "input_int_bits": 1,
    "spatial_units": 72,
    "nmodule_xlocal_units": 12,
    "dense2_ratio": 0.6000000000000001,
    "dense3_ratio": 0.2,
    "dropout_rate": 0.05,
    "learning_rate": 0.001473302446531109
}