{
    "input_bits": 16,
    "input_int_bits": 2,
    "spatial_units": 48,
    "nmodule_xlocal_units": 12,
    "dense2_ratio": 0.2,
    "dense3_ratio": 0.30000000000000004,
    "dropout_rate": 0.1,
    "learning_rate": 0.0018956271615599293
}