{
    "loss": [
        0.5267415642738342,
        0.35460996627807617,
        0.3019144833087921,
        0.26971733570098877,
        0.24999777972698212,
        0.2379283607006073,
        0.2315312922000885,
        0.22762730717658997,
        0.22447209060192108,
        0.2226630300283432,
        0.22123700380325317,
        0.2194957584142685,
        0.21886372566223145,
        0.21813075244426727,
        0.21692204475402832,
        0.21576449275016785,
        0.21508055925369263,
        0.21471135318279266,
        0.21386252343654633,
        0.21268385648727417,
        0.21207651495933533,
        0.2116956263780594,
        0.2106665074825287,
        0.21026571094989777,
        0.20903578400611877,
        0.20811226963996887,
        0.2074945718050003,
        0.20684514939785004,
        0.20631477236747742,
        0.20539706945419312,
        0.20482003688812256,
        0.20437495410442352,
        0.20358581840991974,
        0.2030641883611679,
        0.20236536860466003,
        0.2022283673286438,
        0.20121441781520844,
        0.2005561888217926,
        0.199989914894104,
        0.1991995871067047
    ],
    "binary_accuracy": [
        0.7342450022697449,
        0.8704932332038879,
        0.8900250196456909,
        0.9029659032821655,
        0.9140831232070923,
        0.9185848832130432,
        0.9204704165458679,
        0.921575665473938,
        0.922174870967865,
        0.9227854013442993,
        0.9232654571533203,
        0.9235784411430359,
        0.9238680601119995,
        0.9242726564407349,
        0.9244269132614136,
        0.9248360395431519,
        0.9250249862670898,
        0.9252448081970215,
        0.9254956245422363,
        0.9258225560188293,
        0.9261046051979065,
        0.9262136220932007,
        0.9264258742332458,
        0.9267370104789734,
        0.9269794821739197,
        0.9272412061691284,
        0.9275304079055786,
        0.9278441667556763,
        0.9282001256942749,
        0.9285406470298767,
        0.9288913607597351,
        0.9291658997535706,
        0.9294502139091492,
        0.929786205291748,
        0.9299936294555664,
        0.9301444888114929,
        0.9304503202438354,
        0.9307323694229126,
        0.9309865236282349,
        0.9312912225723267
    ],
    "val_loss": [
        0.3906291723251343,
        0.31480592489242554,
        0.27615633606910706,
        0.2530063986778259,
        0.23753295838832855,
        0.22831009328365326,
        0.22378697991371155,
        0.2211521416902542,
        0.21860966086387634,
        0.2174357920885086,
        0.2161911427974701,
        0.2155226767063141,
        0.21439434587955475,
        0.21415817737579346,
        0.21295888721942902,
        0.21211297810077667,
        0.21190689504146576,
        0.21116535365581512,
        0.20992502570152283,
        0.20954647660255432,
        0.20894214510917664,
        0.20809157192707062,
        0.20748452842235565,
        0.20711272954940796,
        0.2053913176059723,
        0.20474937558174133,
        0.20387393236160278,
        0.2036580890417099,
        0.20240658521652222,
        0.20248331129550934,
        0.20120936632156372,
        0.20113424956798553,
        0.20024973154067993,
        0.19936001300811768,
        0.1991174966096878,
        0.19900552928447723,
        0.1975027322769165,
        0.19705651700496674,
        0.19652220606803894,
        0.19576342403888702
    ],
    "val_binary_accuracy": [
        0.856779158115387,
        0.8876960873603821,
        0.8986548185348511,
        0.9122425317764282,
        0.9187642335891724,
        0.9214990139007568,
        0.9221596121788025,
        0.9231559038162231,
        0.9238346815109253,
        0.923892080783844,
        0.924540638923645,
        0.9246797561645508,
        0.9249805808067322,
        0.9249292016029358,
        0.9254371523857117,
        0.9255187511444092,
        0.9256623983383179,
        0.9260539412498474,
        0.926445484161377,
        0.9266465306282043,
        0.9266722202301025,
        0.9271756410598755,
        0.9272920489311218,
        0.9273858070373535,
        0.927931547164917,
        0.928059995174408,
        0.9284077286720276,
        0.9286980032920837,
        0.9290487170219421,
        0.9294478297233582,
        0.929960310459137,
        0.9303019642829895,
        0.9305544495582581,
        0.9305861592292786,
        0.9309066534042358,
        0.9309263229370117,
        0.9313707947731018,
        0.9317653179168701,
        0.9317607879638672,
        0.9322657585144043
    ]
}