{
    "loss": [
        0.38384976983070374,
        0.2459942102432251,
        0.23266716301441193,
        0.22391468286514282,
        0.21702362596988678,
        0.2128930538892746,
        0.20838378369808197,
        0.20551492273807526,
        0.2025226503610611,
        0.20062477886676788,
        0.19839240610599518,
        0.1957722157239914,
        0.19430692493915558,
        0.19275514781475067,
        0.19182737171649933,
        0.19051793217658997,
        0.18877819180488586,
        0.18697284162044525,
        0.18537981808185577,
        0.18465591967105865,
        0.18462838232517242,
        0.18431635200977325,
        0.1834593415260315,
        0.1830323338508606,
        0.18233631551265717,
        0.1824749857187271,
        0.1819227635860443,
        0.1823350191116333,
        0.181518092751503,
        0.1810716688632965,
        0.18076840043067932,
        0.1818791925907135,
        0.18029747903347015,
        0.1804526150226593,
        0.180220365524292,
        0.17990455031394958,
        0.18014591932296753,
        0.1799239069223404,
        0.17871646583080292,
        0.17866995930671692
    ],
    "binary_accuracy": [
        0.8384259343147278,
        0.9178714156150818,
        0.9230557680130005,
        0.9264206290245056,
        0.9288404583930969,
        0.9305234551429749,
        0.9319696426391602,
        0.9330043792724609,
        0.9336794018745422,
        0.9341760277748108,
        0.9346081614494324,
        0.9352288842201233,
        0.9356146454811096,
        0.9360995888710022,
        0.9362345933914185,
        0.9364318251609802,
        0.936854898929596,
        0.9372535347938538,
        0.9375566840171814,
        0.9378511905670166,
        0.9377607107162476,
        0.9380310773849487,
        0.9383221864700317,
        0.9383180737495422,
        0.9383950233459473,
        0.938734769821167,
        0.9386778473854065,
        0.9389078617095947,
        0.9390775561332703,
        0.9390609264373779,
        0.9391499161720276,
        0.9390217065811157,
        0.9392698407173157,
        0.9393154978752136,
        0.9393121004104614,
        0.9393720626831055,
        0.9395398497581482,
        0.9395832419395447,
        0.9398015737533569,
        0.9398162961006165
    ],
    "val_loss": [
        0.25288090109825134,
        0.23010395467281342,
        0.22586409747600555,
        0.21372194588184357,
        0.21031439304351807,
        0.20400817692279816,
        0.20141106843948364,
        0.20439943671226501,
        0.1950591802597046,
        0.19614273309707642,
        0.19268698990345,
        0.1932285577058792,
        0.19174359738826752,
        0.19053098559379578,
        0.18370305001735687,
        0.1836516559123993,
        0.1844576895236969,
        0.18066179752349854,
        0.17893022298812866,
        0.18560034036636353,
        0.18302428722381592,
        0.181075319647789,
        0.18525496125221252,
        0.1796846240758896,
        0.1786966174840927,
        0.17833025753498077,
        0.17840442061424255,
        0.17758715152740479,
        0.1764206886291504,
        0.17710353434085846,
        0.1754104197025299,
        0.17911790311336517,
        0.17977246642112732,
        0.17658209800720215,
        0.17768150568008423,
        0.17680519819259644,
        0.17534172534942627,
        0.1781829297542572,
        0.1723875105381012,
        0.17417429387569427
    ],
    "val_binary_accuracy": [
        0.9104284048080444,
        0.9243894815444946,
        0.9268536567687988,
        0.9287796020507812,
        0.9306647777557373,
        0.9318061470985413,
        0.9341539144515991,
        0.9341387748718262,
        0.9351804256439209,
        0.9356384873390198,
        0.9363399147987366,
        0.9363943338394165,
        0.9372938275337219,
        0.9368751049041748,
        0.9382039308547974,
        0.9382704496383667,
        0.9387451410293579,
        0.9390490055084229,
        0.9395493865013123,
        0.9376823306083679,
        0.9390882849693298,
        0.9396884441375732,
        0.9381298422813416,
        0.9393921494483948,
        0.9398713707923889,
        0.9401540756225586,
        0.9403113126754761,
        0.9403505921363831,
        0.9408207535743713,
        0.9405501484870911,
        0.9410701990127563,
        0.9388932585716248,
        0.940604567527771,
        0.9403339624404907,
        0.93990159034729,
        0.9412621855735779,
        0.9411518573760986,
        0.9410701990127563,
        0.9417716860771179,
        0.9405516982078552
    ]
}