{
    "loss": [
        0.4993882179260254,
        0.3356986939907074,
        0.2951882481575012,
        0.26407429575920105,
        0.24207402765750885,
        0.23426379263401031,
        0.23086807131767273,
        0.2290019541978836,
        0.22743767499923706,
        0.22661235928535461,
        0.22605866193771362,
        0.22540384531021118,
        0.22507397830486298,
        0.224923774600029,
        0.22411321103572845,
        0.22302299737930298,
        0.2228199988603592,
        0.22286057472229004,
        0.2220076620578766,
        0.22218388319015503,
        0.22166793048381805,
        0.22188033163547516,
        0.22138355672359467,
        0.22142145037651062,
        0.22078430652618408,
        0.22093890607357025,
        0.2206994742155075,
        0.2202623039484024,
        0.2206421196460724,
        0.2204662263393402,
        0.2196686863899231,
        0.21974162757396698,
        0.2195856273174286,
        0.21945831179618835,
        0.2197582870721817,
        0.21821291744709015,
        0.21873034536838531,
        0.21828702092170715,
        0.2178678959608078,
        0.21810200810432434
    ],
    "binary_accuracy": [
        0.7540317177772522,
        0.8767499923706055,
        0.8919421434402466,
        0.9048023223876953,
        0.916795551776886,
        0.9192647933959961,
        0.9202806949615479,
        0.9209293127059937,
        0.921384871006012,
        0.921724259853363,
        0.922187328338623,
        0.9223102331161499,
        0.9225085973739624,
        0.9226707816123962,
        0.922802746295929,
        0.9230565428733826,
        0.9232345223426819,
        0.92317795753479,
        0.9233502745628357,
        0.9235014915466309,
        0.9235150814056396,
        0.9236640334129333,
        0.9237967729568481,
        0.9238356351852417,
        0.9239872097969055,
        0.9239932298660278,
        0.924049437046051,
        0.9241026043891907,
        0.9240995645523071,
        0.9241399168968201,
        0.9243379235267639,
        0.924440860748291,
        0.9244374632835388,
        0.924446165561676,
        0.9243767261505127,
        0.9247368574142456,
        0.924588680267334,
        0.924801766872406,
        0.9248470067977905,
        0.9248567819595337
    ],
    "val_loss": [
        0.3657260537147522,
        0.3057887852191925,
        0.27137672901153564,
        0.24049217998981476,
        0.229557603597641,
        0.22455120086669922,
        0.22340704500675201,
        0.22088061273097992,
        0.22381849586963654,
        0.22044023871421814,
        0.2197527438402176,
        0.21917244791984558,
        0.21939098834991455,
        0.22222229838371277,
        0.2200450301170349,
        0.2166905403137207,
        0.2183549851179123,
        0.21707965433597565,
        0.21627768874168396,
        0.2161584496498108,
        0.2184048444032669,
        0.21648281812667847,
        0.2160554826259613,
        0.21563103795051575,
        0.21563024818897247,
        0.21595750749111176,
        0.2162514626979828,
        0.2156749665737152,
        0.21501702070236206,
        0.21520155668258667,
        0.21431277692317963,
        0.21409295499324799,
        0.2140686959028244,
        0.21379901468753815,
        0.21336892247200012,
        0.213199183344841,
        0.21372485160827637,
        0.21356183290481567,
        0.2125353366136551,
        0.21239237487316132
    ],
    "val_binary_accuracy": [
        0.8623454570770264,
        0.8897385001182556,
        0.8981665372848511,
        0.9163333177566528,
        0.9209562540054321,
        0.9226464033126831,
        0.9231438040733337,
        0.9235232472419739,
        0.9238860607147217,
        0.924794614315033,
        0.9244166612625122,
        0.9247432351112366,
        0.9251998066902161,
        0.9240992069244385,
        0.9245436787605286,
        0.9251196384429932,
        0.9252572059631348,
        0.9249881505966187,
        0.9248324036598206,
        0.9255082011222839,
        0.9258589148521423,
        0.925677478313446,
        0.9255232810974121,
        0.9259707927703857,
        0.9252073168754578,
        0.9256911277770996,
        0.9256351590156555,
        0.9259223937988281,
        0.926191508769989,
        0.9257228374481201,
        0.9255550503730774,
        0.9254205226898193,
        0.9260932207107544,
        0.9264726638793945,
        0.9263184666633606,
        0.9267598986625671,
        0.9256517887115479,
        0.9261929988861084,
        0.9266374707221985,
        0.9265815019607544
    ]
}