{
    "loss": [
        0.5522809028625488,
        0.44734013080596924,
        0.3733069896697998,
        0.3266643285751343,
        0.29712986946105957,
        0.26901134848594666,
        0.2532765567302704,
        0.24082663655281067,
        0.2322242110967636,
        0.2289065271615982,
        0.22679710388183594,
        0.22520625591278076,
        0.22400879859924316,
        0.22315403819084167,
        0.2222248613834381,
        0.22088539600372314,
        0.22008629143238068,
        0.2194749265909195,
        0.21824435889720917,
        0.21796035766601562,
        0.21747566759586334,
        0.21679061651229858,
        0.21617187559604645,
        0.21551164984703064,
        0.2150687426328659,
        0.21458116173744202,
        0.21430648863315582,
        0.21363794803619385,
        0.21347300708293915,
        0.21303248405456543,
        0.21261566877365112,
        0.2118111103773117,
        0.21134646236896515,
        0.21131251752376556,
        0.21106377243995667,
        0.21054835617542267,
        0.21015529334545135,
        0.20966118574142456,
        0.20945417881011963,
        0.20894254744052887
    ],
    "binary_accuracy": [
        0.6962716579437256,
        0.7997473478317261,
        0.8574157953262329,
        0.8765271306037903,
        0.8853319883346558,
        0.891018271446228,
        0.9040387272834778,
        0.9153086543083191,
        0.9192742109298706,
        0.9208030104637146,
        0.921570360660553,
        0.922186553478241,
        0.9226601719856262,
        0.9231526851654053,
        0.9234762191772461,
        0.9237658381462097,
        0.9241267442703247,
        0.9243330359458923,
        0.9245076179504395,
        0.9248168468475342,
        0.9249823689460754,
        0.9251083135604858,
        0.9252716302871704,
        0.9254428148269653,
        0.9256592392921448,
        0.9257497787475586,
        0.9259383082389832,
        0.9260393977165222,
        0.9262279272079468,
        0.9264096617698669,
        0.9265073537826538,
        0.926677405834198,
        0.9267094731330872,
        0.9269112348556519,
        0.9270556569099426,
        0.9273139834403992,
        0.9273931384086609,
        0.9275213479995728,
        0.9276431798934937,
        0.9278260469436646
    ],
    "val_loss": [
        0.46772220730781555,
        0.3995784819126129,
        0.3368990123271942,
        0.3039766550064087,
        0.2723854184150696,
        0.25086286664009094,
        0.23771212995052338,
        0.22741574048995972,
        0.22257928550243378,
        0.22107981145381927,
        0.21908268332481384,
        0.21947871148586273,
        0.21840085089206696,
        0.21837158501148224,
        0.21691030263900757,
        0.21614472568035126,
        0.21590222418308258,
        0.21434466540813446,
        0.21425195038318634,
        0.21397443115711212,
        0.21343842148780823,
        0.2124309241771698,
        0.2120804786682129,
        0.21183332800865173,
        0.21143266558647156,
        0.2106051743030548,
        0.21071173250675201,
        0.21066595613956451,
        0.2098608911037445,
        0.20952370762825012,
        0.20890529453754425,
        0.20826220512390137,
        0.2083997130393982,
        0.2074931263923645,
        0.20785431563854218,
        0.2075427770614624,
        0.20741167664527893,
        0.20644280314445496,
        0.20603062212467194,
        0.20524387061595917
    ],
    "val_binary_accuracy": [
        0.7834967374801636,
        0.8476421236991882,
        0.8746572136878967,
        0.8845259547233582,
        0.890598714351654,
        0.8995800614356995,
        0.9131374955177307,
        0.919978141784668,
        0.9223878979682922,
        0.9231906533241272,
        0.9239903688430786,
        0.9238905906677246,
        0.9236804842948914,
        0.9243788719177246,
        0.9246419668197632,
        0.9252421259880066,
        0.9251710772514343,
        0.9256154894828796,
        0.9255610704421997,
        0.9257606267929077,
        0.9260357618331909,
        0.9262202382087708,
        0.9263018369674683,
        0.9263033866882324,
        0.9265890717506409,
        0.9266510605812073,
        0.9266707301139832,
        0.9270879626274109,
        0.9270622730255127,
        0.9271711111068726,
        0.9273766875267029,
        0.9272361397743225,
        0.927731990814209,
        0.9276579022407532,
        0.9280433654785156,
        0.9281945824623108,
        0.9282777309417725,
        0.9282233119010925,
        0.9286239147186279,
        0.9288144111633301
    ]
}