{
    "loss": [
        0.5577606558799744,
        0.3919171392917633,
        0.3485441207885742,
        0.318615585565567,
        0.2920941114425659,
        0.27883684635162354,
        0.2709257900714874,
        0.26641374826431274,
        0.2631584107875824,
        0.26052597165107727,
        0.2579355239868164,
        0.2566397786140442,
        0.2558065354824066,
        0.2544122338294983,
        0.25303611159324646,
        0.2517681419849396,
        0.25148680806159973,
        0.2502290606498718,
        0.2494276612997055,
        0.2487146556377411,
        0.24771037697792053,
        0.24643461406230927,
        0.24629786610603333,
        0.2452467530965805,
        0.24456360936164856,
        0.2440316379070282,
        0.24321407079696655,
        0.24181020259857178,
        0.2411077916622162,
        0.23991332948207855,
        0.23817045986652374,
        0.2368512749671936,
        0.23626255989074707,
        0.23534436523914337,
        0.2343628704547882,
        0.23279979825019836,
        0.23211140930652618,
        0.2305246740579605,
        0.22945860028266907,
        0.22853779792785645
    ],
    "binary_accuracy": [
        0.7229645252227783,
        0.8531889319419861,
        0.877323567867279,
        0.8872733116149902,
        0.8971548080444336,
        0.9094184041023254,
        0.9145672917366028,
        0.9171345829963684,
        0.918688952922821,
        0.9196513295173645,
        0.9203738570213318,
        0.9209232926368713,
        0.9213916659355164,
        0.9216442704200745,
        0.9221790432929993,
        0.9223841428756714,
        0.9226058721542358,
        0.9230063557624817,
        0.9231975674629211,
        0.9235177040100098,
        0.9236968159675598,
        0.9238507151603699,
        0.9240347146987915,
        0.9242439866065979,
        0.9244468808174133,
        0.9245743751525879,
        0.9248700141906738,
        0.9249933362007141,
        0.9252218008041382,
        0.9253674149513245,
        0.9254590272903442,
        0.9257429838180542,
        0.9259613156318665,
        0.9263380169868469,
        0.926517903804779,
        0.9267600178718567,
        0.9272480010986328,
        0.9273852109909058,
        0.9277856945991516,
        0.9279953837394714
    ],
    "val_loss": [
        0.4185287356376648,
        0.3545493185520172,
        0.3235554099082947,
        0.29302746057510376,
        0.27603188157081604,
        0.2665921151638031,
        0.26153576374053955,
        0.25679999589920044,
        0.25387343764305115,
        0.2526155412197113,
        0.2502894103527069,
        0.24841882288455963,
        0.24813628196716309,
        0.24693867564201355,
        0.24642646312713623,
        0.2445249855518341,
        0.24566489458084106,
        0.24380087852478027,
        0.2431609034538269,
        0.24217021465301514,
        0.24301938712596893,
        0.2427695095539093,
        0.2408687025308609,
        0.23984137177467346,
        0.2389540672302246,
        0.23807068169116974,
        0.23836082220077515,
        0.2386600226163864,
        0.23557323217391968,
        0.2338663637638092,
        0.23373155295848846,
        0.2319605052471161,
        0.23252427577972412,
        0.23159924149513245,
        0.2289063185453415,
        0.22758498787879944,
        0.2268906980752945,
        0.22574560344219208,
        0.22518400847911835,
        0.22472235560417175
    ],
    "val_binary_accuracy": [
        0.8360635638237,
        0.8761084675788879,
        0.886185884475708,
        0.8929509520530701,
        0.9072250127792358,
        0.9154036045074463,
        0.9183228015899658,
        0.9206100702285767,
        0.9219495058059692,
        0.9229336380958557,
        0.923902690410614,
        0.9239813089370728,
        0.9242383241653442,
        0.9243879914283752,
        0.9249609112739563,
        0.9246857762336731,
        0.9247326254844666,
        0.9253978133201599,
        0.9251982569694519,
        0.9256971478462219,
        0.9257031679153442,
        0.9256714582443237,
        0.9258997440338135,
        0.9257228374481201,
        0.9264923334121704,
        0.9261159300804138,
        0.9265391826629639,
        0.9261658191680908,
        0.9265754818916321,
        0.9268974661827087,
        0.9268838763237,
        0.9271711111068726,
        0.927931547164917,
        0.9278801083564758,
        0.9279874563217163,
        0.9284424781799316,
        0.9288280010223389,
        0.9286390542984009,
        0.9296050667762756,
        0.9299467206001282
    ]
}