{
    "loss": [
        0.574559211730957,
        0.4621049761772156,
        0.4280087351799011,
        0.4029709994792938,
        0.38044533133506775,
        0.3541399836540222,
        0.32625383138656616,
        0.3019943833351135,
        0.2817033529281616,
        0.2664480209350586,
        0.25661683082580566,
        0.2504202425479889,
        0.24664613604545593,
        0.2430785596370697,
        0.24015545845031738,
        0.2385179102420807,
        0.23673328757286072,
        0.2353210300207138,
        0.23338419198989868,
        0.23269464075565338,
        0.23117272555828094,
        0.22982847690582275,
        0.2287881225347519,
        0.2280474305152893,
        0.22709102928638458,
        0.22608931362628937,
        0.224912628531456,
        0.2237507402896881,
        0.22218076884746552,
        0.2214692234992981,
        0.2196504920721054,
        0.22013725340366364,
        0.21910685300827026,
        0.2184281051158905,
        0.21714340150356293,
        0.21673990786075592,
        0.2159907966852188,
        0.2152608036994934,
        0.2145298421382904,
        0.21382342278957367
    ],
    "binary_accuracy": [
        0.685977578163147,
        0.7937914729118347,
        0.8175957798957825,
        0.8308443427085876,
        0.8453249335289001,
        0.8620182871818542,
        0.8774872422218323,
        0.8891769051551819,
        0.8986843228340149,
        0.9064551591873169,
        0.9122074246406555,
        0.9157219529151917,
        0.917923092842102,
        0.9194122552871704,
        0.9205299615859985,
        0.921296238899231,
        0.9220236539840698,
        0.9224317073822021,
        0.922838568687439,
        0.9231632351875305,
        0.9234721064567566,
        0.9236923456192017,
        0.9239276051521301,
        0.9242756962776184,
        0.9244170784950256,
        0.924617350101471,
        0.9248002171516418,
        0.9249665141105652,
        0.9252052307128906,
        0.9254311323165894,
        0.9255600571632385,
        0.9258089661598206,
        0.9259692430496216,
        0.9262109398841858,
        0.9263666868209839,
        0.9265971183776855,
        0.9265804886817932,
        0.9268655776977539,
        0.9269937872886658,
        0.9271706938743591
    ],
    "val_loss": [
        0.4760197699069977,
        0.4383542239665985,
        0.4057900011539459,
        0.3835751712322235,
        0.3605385720729828,
        0.3332247734069824,
        0.3066551685333252,
        0.2840263545513153,
        0.26688966155052185,
        0.2536798417568207,
        0.24637027084827423,
        0.24281348288059235,
        0.23904141783714294,
        0.23661431670188904,
        0.2346857339143753,
        0.2341334968805313,
        0.23160052299499512,
        0.23058559000492096,
        0.22921127080917358,
        0.2283221185207367,
        0.2268080860376358,
        0.2260063886642456,
        0.22507889568805695,
        0.22287024557590485,
        0.22356677055358887,
        0.2211773842573166,
        0.2211768478155136,
        0.21968360245227814,
        0.2178184986114502,
        0.21732273697853088,
        0.21739071607589722,
        0.21665838360786438,
        0.21379056572914124,
        0.21496546268463135,
        0.21402032673358917,
        0.21260493993759155,
        0.21334563195705414,
        0.21171416342258453,
        0.21256080269813538,
        0.20996952056884766
    ],
    "val_binary_accuracy": [
        0.7770113348960876,
        0.814091682434082,
        0.828116238117218,
        0.8408346772193909,
        0.8565191626548767,
        0.8726767897605896,
        0.8855841755867004,
        0.8951596617698669,
        0.9030434489250183,
        0.9108139276504517,
        0.9146552681922913,
        0.9177936911582947,
        0.9193931221961975,
        0.9205889105796814,
        0.9218587875366211,
        0.9222019910812378,
        0.922611653804779,
        0.9229094386100769,
        0.9237303733825684,
        0.923917829990387,
        0.9242352843284607,
        0.9242715835571289,
        0.9247855544090271,
        0.9249790906906128,
        0.9250077605247498,
        0.9250138401985168,
        0.9251060485839844,
        0.9258528351783752,
        0.925942063331604,
        0.9258029460906982,
        0.9262096285820007,
        0.9264273047447205,
        0.9263849854469299,
        0.9263562560081482,
        0.9271363615989685,
        0.9273117184638977,
        0.9270259737968445,
        0.9269851446151733,
        0.9277848601341248,
        0.9280494451522827
    ]
}