{
    "loss": [
        0.5550504922866821,
        0.4319870173931122,
        0.374316930770874,
        0.3072929084300995,
        0.27783775329589844,
        0.2688939869403839,
        0.26455816626548767,
        0.2617810368537903,
        0.2591763436794281,
        0.25776025652885437,
        0.25588056445121765,
        0.2539016902446747,
        0.25159186124801636,
        0.2499760240316391,
        0.2470431923866272,
        0.2456752508878708,
        0.24357929825782776,
        0.2418319135904312,
        0.24051755666732788,
        0.23928098380565643,
        0.23854543268680573,
        0.23611265420913696,
        0.23617678880691528,
        0.23524174094200134,
        0.23391738533973694,
        0.23334145545959473,
        0.23240846395492554,
        0.23128505051136017,
        0.23058094084262848,
        0.2301463484764099,
        0.22864985466003418,
        0.22866466641426086,
        0.22802478075027466,
        0.22752389311790466,
        0.2268824726343155,
        0.2260722517967224,
        0.2256937026977539,
        0.22461163997650146,
        0.22465556859970093,
        0.22419345378875732
    ],
    "binary_accuracy": [
        0.6993163228034973,
        0.8141272068023682,
        0.8493900299072266,
        0.8940460085868835,
        0.9103743433952332,
        0.9150741100311279,
        0.9174524545669556,
        0.9185577630996704,
        0.9194793701171875,
        0.9202033877372742,
        0.921093761920929,
        0.9220881462097168,
        0.9228886961936951,
        0.9236248135566711,
        0.9247534871101379,
        0.9249107241630554,
        0.9255431294441223,
        0.926658570766449,
        0.9266981482505798,
        0.9272751212120056,
        0.927181601524353,
        0.9280198812484741,
        0.9284384846687317,
        0.9288088083267212,
        0.9286549091339111,
        0.9288468956947327,
        0.9291372299194336,
        0.9296425580978394,
        0.9295037984848022,
        0.9297522902488708,
        0.9300690293312073,
        0.9301391839981079,
        0.930378258228302,
        0.9305604100227356,
        0.9304438829421997,
        0.9305490851402283,
        0.9309605360031128,
        0.9310076236724854,
        0.9313432574272156,
        0.9313059449195862
    ],
    "val_loss": [
        0.46504271030426025,
        0.39010411500930786,
        0.3297792673110962,
        0.27515730261802673,
        0.2627163827419281,
        0.25713589787483215,
        0.2544747292995453,
        0.2520134150981903,
        0.2512892782688141,
        0.24836428463459015,
        0.24739861488342285,
        0.2463396042585373,
        0.2442324161529541,
        0.24044102430343628,
        0.24025167524814606,
        0.23744601011276245,
        0.2355325073003769,
        0.23454199731349945,
        0.2340185046195984,
        0.23450250923633575,
        0.23007118701934814,
        0.22967471182346344,
        0.231366366147995,
        0.22921128571033478,
        0.22687840461730957,
        0.23124176263809204,
        0.22593112289905548,
        0.22594894468784332,
        0.2246171534061432,
        0.2225169986486435,
        0.2234998494386673,
        0.22186851501464844,
        0.22113926708698273,
        0.2216911017894745,
        0.21846042573451996,
        0.2205793708562851,
        0.21850554645061493,
        0.2194935530424118,
        0.21949288249015808,
        0.21830452978610992
    ],
    "val_binary_accuracy": [
        0.7946248054504395,
        0.8378126621246338,
        0.8763911724090576,
        0.910027801990509,
        0.9165374040603638,
        0.9213175773620605,
        0.9210016131401062,
        0.9209487438201904,
        0.9235383868217468,
        0.9241324663162231,
        0.9253086447715759,
        0.9260644912719727,
        0.9261975288391113,
        0.9266858100891113,
        0.9282928109169006,
        0.9267553687095642,
        0.9292195439338684,
        0.9295657277107239,
        0.9301915764808655,
        0.9277758002281189,
        0.9304652214050293,
        0.931236207485199,
        0.9312604069709778,
        0.9314478635787964,
        0.9315491318702698,
        0.9323126077651978,
        0.9328553080558777,
        0.9321145415306091,
        0.9322158694267273,
        0.9329429864883423,
        0.9330170750617981,
        0.932932436466217,
        0.9332952499389648,
        0.9336278438568115,
        0.9332529306411743,
        0.9345681071281433,
        0.9338440299034119,
        0.9346528053283691,
        0.9343353509902954,
        0.9348886013031006
    ]
}