{
    "loss": [
        0.34982895851135254,
        0.24983647465705872,
        0.2406737208366394,
        0.2318572700023651,
        0.2259436398744583,
        0.22005011141300201,
        0.2154431790113449,
        0.2122497707605362,
        0.2081359326839447,
        0.2061377614736557,
        0.2033403515815735,
        0.2007179707288742,
        0.19906124472618103,
        0.1979597508907318,
        0.19597555696964264,
        0.19493752717971802,
        0.19391106069087982,
        0.19277165830135345,
        0.19187159836292267,
        0.19129738211631775,
        0.18946193158626556,
        0.18945185840129852,
        0.18859055638313293,
        0.18717101216316223,
        0.18773503601551056,
        0.18721559643745422,
        0.18590179085731506,
        0.18515080213546753,
        0.1846063733100891,
        0.184707373380661,
        0.18426384031772614,
        0.18377533555030823,
        0.18349139392375946,
        0.1832159012556076,
        0.1829957664012909,
        0.18279439210891724,
        0.18252868950366974,
        0.18252626061439514,
        0.1818232536315918,
        0.1814671754837036
    ],
    "binary_accuracy": [
        0.8646753430366516,
        0.9220609664916992,
        0.9238457679748535,
        0.9252319931983948,
        0.9263848066329956,
        0.9277785420417786,
        0.9288585782051086,
        0.9297372102737427,
        0.9311124682426453,
        0.9318040609359741,
        0.9327494502067566,
        0.9335594773292542,
        0.9343661069869995,
        0.9346036314964294,
        0.9350101351737976,
        0.9354653358459473,
        0.935774564743042,
        0.9361712336540222,
        0.9365147948265076,
        0.9364819526672363,
        0.9370476007461548,
        0.9371758103370667,
        0.9374707341194153,
        0.937951922416687,
        0.9376283288002014,
        0.9378383755683899,
        0.9384101033210754,
        0.9386061429977417,
        0.938930869102478,
        0.9387841820716858,
        0.9389346241950989,
        0.9391322135925293,
        0.939073383808136,
        0.9393712878227234,
        0.9393799901008606,
        0.9396220445632935,
        0.9396326541900635,
        0.9396933317184448,
        0.9397619962692261,
        0.9400436878204346
    ],
    "val_loss": [
        0.2502574622631073,
        0.2401314228773117,
        0.22988909482955933,
        0.2264295369386673,
        0.21796533465385437,
        0.2142568677663803,
        0.20991186797618866,
        0.20544949173927307,
        0.20259177684783936,
        0.19875690340995789,
        0.19929881393909454,
        0.19488021731376648,
        0.19237685203552246,
        0.19437283277511597,
        0.18879611790180206,
        0.18621355295181274,
        0.18733784556388855,
        0.1850535273551941,
        0.18532367050647736,
        0.18643823266029358,
        0.1888148933649063,
        0.1859208196401596,
        0.18534065783023834,
        0.18299950659275055,
        0.183975487947464,
        0.18266640603542328,
        0.18170258402824402,
        0.17895376682281494,
        0.18149666488170624,
        0.17900700867176056,
        0.17941579222679138,
        0.1776261031627655,
        0.17872336506843567,
        0.17777614295482635,
        0.1791340410709381,
        0.1807643473148346,
        0.18080715835094452,
        0.17903873324394226,
        0.17749372124671936,
        0.17654170095920563
    ],
    "val_binary_accuracy": [
        0.9212102293968201,
        0.924644947052002,
        0.9259223937988281,
        0.926918625831604,
        0.9280282855033875,
        0.9295098185539246,
        0.9302626252174377,
        0.9313783049583435,
        0.9328144788742065,
        0.9331697821617126,
        0.9339165687561035,
        0.9349370002746582,
        0.9361842274665833,
        0.9343640208244324,
        0.9378682971000671,
        0.9379106163978577,
        0.9378440976142883,
        0.9384140372276306,
        0.9376294612884521,
        0.9387496709823608,
        0.9385591745376587,
        0.9392394423484802,
        0.939014196395874,
        0.9384351968765259,
        0.9397549629211426,
        0.9394480586051941,
        0.9407134056091309,
        0.9408252835273743,
        0.9412229061126709,
        0.9402689933776855,
        0.9404080510139465,
        0.9409462213516235,
        0.9403944611549377,
        0.9408933520317078,
        0.941363513469696,
        0.9417716860771179,
        0.9410309195518494,
        0.9417429566383362,
        0.9398245215415955,
        0.9418532848358154
    ]
}