{
    "loss": [
        0.5455209016799927,
        0.42465075850486755,
        0.36588531732559204,
        0.3034799098968506,
        0.2709210515022278,
        0.3006844222545624,
        0.2692180871963501,
        0.28706252574920654,
        0.26239892840385437,
        0.2655928134918213,
        0.2867368459701538,
        0.27040472626686096,
        0.32978177070617676,
        0.26070237159729004,
        0.2881627082824707,
        0.247903972864151,
        0.250026673078537,
        0.25938326120376587,
        5.246190071105957,
        7.712470054626465,
        7.712472438812256,
        7.7124738693237305,
        7.7124738693237305,
        7.7124738693237305,
        7.712470054626465,
        7.712470054626465,
        7.7124738693237305,
        7.712473392486572
    ],
    "binary_accuracy": [
        0.827937662601471,
        0.873508095741272,
        0.8915413022041321,
        0.895838737487793,
        0.9123503565788269,
        0.910693347454071,
        0.9184699058532715,
        0.909956157207489,
        0.9181033372879028,
        0.9191464185714722,
        0.9114992022514343,
        0.9176123738288879,
        0.9074567556381226,
        0.9232888221740723,
        0.9118615984916687,
        0.9275684952735901,
        0.9281759858131409,
        0.921730637550354,
        0.6349475383758545,
        0.5,
        0.5,
        0.5,
        0.5,
        0.5,
        0.5,
        0.5,
        0.5,
        0.5
    ],
    "val_loss": [
        0.3209094703197479,
        0.2822934091091156,
        0.24785996973514557,
        0.2802319824695587,
        0.2698790729045868,
        0.3137662708759308,
        0.2591405510902405,
        0.2452661693096161,
        0.28872591257095337,
        0.25965505838394165,
        0.29120853543281555,
        0.22916853427886963,
        0.23711948096752167,
        0.2299625426530838,
        0.2655777037143707,
        0.2560074031352997,
        0.232156902551651,
        0.22289623320102692,
        7.712474346160889,
        7.712474346160889,
        7.712474346160889,
        7.712474346160889,
        7.712474346160889,
        7.712474346160889,
        7.712474346160889,
        7.712474346160889,
        7.712474346160889,
        7.712474346160889
    ],
    "val_binary_accuracy": [
        0.8842992186546326,
        0.8982617855072021,
        0.9165495038032532,
        0.9056104421615601,
        0.9130422472953796,
        0.9133264422416687,
        0.9220296144485474,
        0.9193417429924011,
        0.9164754152297974,
        0.9200023412704468,
        0.9020714163780212,
        0.9265664219856262,
        0.9333043098449707,
        0.9345182776451111,
        0.9209094047546387,
        0.9280403852462769,
        0.929611086845398,
        0.9326648116111755,
        0.5,
        0.5,
        0.5,
        0.5,
        0.5,
        0.5,
        0.5,
        0.5,
        0.5,
        0.5
    ]
}