{
    "loss": [
        0.5687792897224426,
        0.412826806306839,
        0.6537072062492371,
        0.8744627237319946,
        0.4289748966693878,
        0.3183480501174927,
        0.31536760926246643,
        0.3340640664100647,
        0.30997592210769653,
        0.30498847365379333,
        0.3070923984050751,
        0.303793340921402,
        0.31057009100914,
        0.2989567220211029,
        0.3004909157752991,
        0.2965014576911926,
        0.3034234046936035,
        0.29303207993507385,
        0.29696398973464966,
        0.29979339241981506,
        0.3000358045101166,
        0.29749929904937744,
        0.29437434673309326,
        0.29499194025993347,
        0.2943503260612488,
        0.299585223197937,
        0.296074777841568,
        0.29851242899894714,
        0.2936217188835144,
        0.2930507957935333,
        0.29080405831336975,
        0.2912875711917877,
        0.2904669940471649,
        0.28929102420806885,
        0.2894264757633209,
        0.29250648617744446,
        0.2899070978164673,
        0.28391218185424805,
        0.28366801142692566,
        0.2869489789009094
    ],
    "binary_accuracy": [
        0.6883077025413513,
        0.8346346020698547,
        0.8521979451179504,
        0.8544684052467346,
        0.8767828345298767,
        0.8923547267913818,
        0.8927966952323914,
        0.8882115483283997,
        0.8952372670173645,
        0.8997288942337036,
        0.8983577489852905,
        0.899630069732666,
        0.8967554569244385,
        0.9030646681785583,
        0.9028779864311218,
        0.9047812223434448,
        0.9010336399078369,
        0.9071490168571472,
        0.9052280783653259,
        0.9047189950942993,
        0.905181348323822,
        0.9061576128005981,
        0.9069272875785828,
        0.9084922671318054,
        0.9075250029563904,
        0.9058046936988831,
        0.9078180193901062,
        0.9085016846656799,
        0.9090684652328491,
        0.9106571674346924,
        0.9109761714935303,
        0.9120237827301025,
        0.9111119508743286,
        0.9122040271759033,
        0.9130751490592957,
        0.9107469320297241,
        0.9133771657943726,
        0.9151891469955444,
        0.9152562618255615,
        0.9141626954078674
    ],
    "val_loss": [
        0.45145291090011597,
        0.3449588418006897,
        0.3536238372325897,
        0.30859315395355225,
        0.3046889305114746,
        0.3250279426574707,
        0.3031539022922516,
        0.2981909513473511,
        0.27897271513938904,
        0.34203702211380005,
        0.28275808691978455,
        0.28253117203712463,
        0.27552077174186707,
        0.30621904134750366,
        0.26822927594184875,
        0.32607924938201904,
        0.274101197719574,
        0.2887904644012451,
        0.26759442687034607,
        0.2744254171848297,
        0.27409717440605164,
        0.26318660378456116,
        0.29235124588012695,
        0.27288419008255005,
        0.2772858142852783,
        0.2611137926578522,
        0.2678922414779663,
        0.2646239995956421,
        0.2732834815979004,
        0.2726435959339142,
        0.30655205249786377,
        0.2604535222053528,
        0.294875830411911,
        0.2714073657989502,
        0.2748428285121918,
        0.28878551721572876,
        0.259794145822525,
        0.26785656809806824,
        0.27377137541770935,
        0.31716811656951904
    ],
    "val_binary_accuracy": [
        0.8137999176979065,
        0.8739527463912964,
        0.8697696924209595,
        0.8968316316604614,
        0.8870989680290222,
        0.8913560509681702,
        0.8960092663764954,
        0.8861631751060486,
        0.9201520085334778,
        0.8799045085906982,
        0.9085401892662048,
        0.9031160473823547,
        0.911791980266571,
        0.9023525714874268,
        0.9160158634185791,
        0.8754962086677551,
        0.9090254902839661,
        0.90715092420578,
        0.9229124784469604,
        0.9166371822357178,
        0.9126854538917542,
        0.922865629196167,
        0.9112644195556641,
        0.9156469702720642,
        0.9172358512878418,
        0.9161610007286072,
        0.9186735153198242,
        0.9202336668968201,
        0.9173930883407593,
        0.9200522303581238,
        0.8997629284858704,
        0.9304243922233582,
        0.9121245741844177,
        0.9221022129058838,
        0.922062873840332,
        0.9100852608680725,
        0.917476236820221,
        0.9229608774185181,
        0.9170892238616943,
        0.8895797729492188
    ]
}