{
    "loss": [
        1.1640363931655884,
        0.6682671904563904,
        0.6205378174781799,
        0.3899621069431305,
        0.3172571659088135,
        0.3553864359855652,
        0.39577504992485046,
        0.30616295337677,
        0.29253149032592773,
        0.27384379506111145,
        0.315888911485672,
        0.35644084215164185,
        0.3302749991416931,
        0.26364487409591675,
        0.33211538195610046,
        0.26461175084114075,
        0.2766447961330414,
        0.25348973274230957,
        0.27172037959098816,
        0.2763221263885498,
        0.2617698907852173,
        0.28619471192359924,
        0.2987566888332367,
        0.2870562672615051,
        0.288591593503952,
        0.31635555624961853,
        0.27306586503982544
    ],
    "binary_accuracy": [
        0.6710309386253357,
        0.645672619342804,
        0.68163001537323,
        0.859297513961792,
        0.8939977288246155,
        0.8936636447906494,
        0.9022384285926819,
        0.8956626057624817,
        0.902055561542511,
        0.9074261784553528,
        0.8945339918136597,
        0.8925281763076782,
        0.8914217948913574,
        0.9145902991294861,
        0.8878031373023987,
        0.9204549193382263,
        0.9167114496231079,
        0.9188492298126221,
        0.9098999500274658,
        0.9104539155960083,
        0.9192550182342529,
        0.8988781571388245,
        0.9096895456314087,
        0.9112243056297302,
        0.9072610139846802,
        0.9177711009979248,
        0.9184830784797668
    ],
    "val_loss": [
        0.7694634795188904,
        0.47904375195503235,
        0.5401400327682495,
        0.2906695008277893,
        0.29893895983695984,
        0.2556237578392029,
        0.2868865728378296,
        0.23490244150161743,
        0.23783642053604126,
        0.2878517806529999,
        0.28215283155441284,
        0.33147960901260376,
        0.2640751898288727,
        0.2585031986236572,
        0.2529074251651764,
        0.22569021582603455,
        0.22114840149879456,
        0.26483863592147827,
        0.23400916159152985,
        0.2415248304605484,
        0.2440863847732544,
        0.22626915574073792,
        0.29761332273483276,
        0.26315903663635254,
        0.2730725407600403,
        0.2429540604352951,
        0.2417576164007187
    ],
    "val_binary_accuracy": [
        0.5,
        0.8206859827041626,
        0.857367217540741,
        0.9040986895561218,
        0.9069982171058655,
        0.9113626480102539,
        0.8978097438812256,
        0.9324440956115723,
        0.9255626201629639,
        0.9139598608016968,
        0.9170348048210144,
        0.917545735836029,
        0.9242035150527954,
        0.9247130155563354,
        0.9254068732261658,
        0.9307116270065308,
        0.9292951226234436,
        0.9045960307121277,
        0.9305770993232727,
        0.93238365650177,
        0.9305785894393921,
        0.9332423210144043,
        0.9168835878372192,
        0.9234597682952881,
        0.9321916699409485,
        0.9265255928039551,
        0.9285150766372681
    ]
}