{
    "loss": [
        0.4835377037525177,
        0.353324294090271,
        1.7234848737716675,
        7.712467193603516,
        1.4801937341690063,
        0.4646646976470947,
        0.2966599464416504,
        0.2720635235309601,
        0.33114364743232727,
        0.31644973158836365,
        0.2968800663948059,
        0.2570372223854065,
        0.26045891642570496,
        0.25881996750831604,
        0.2514446973800659,
        0.24976389110088348,
        0.2524464428424835,
        0.2502046823501587,
        0.2519347667694092,
        0.2516738772392273,
        0.2504369020462036,
        0.24851086735725403,
        0.24354948103427887,
        0.2465922087430954,
        0.24477285146713257,
        0.24617546796798706,
        0.24353352189064026,
        0.24564987421035767,
        0.24433143436908722,
        0.257477343082428,
        0.25293615460395813,
        0.2531094551086426,
        0.2559831440448761,
        0.25421637296676636,
        0.25315263867378235,
        0.24930249154567719
    ],
    "binary_accuracy": [
        0.7762582898139954,
        0.8747672438621521,
        0.8202109336853027,
        0.5,
        0.8380258083343506,
        0.8988581299781799,
        0.9048630595207214,
        0.9153384566307068,
        0.9102144837379456,
        0.9129310846328735,
        0.9147384762763977,
        0.9218087196350098,
        0.9205552339553833,
        0.9202607274055481,
        0.9231270551681519,
        0.9239340424537659,
        0.9232280850410461,
        0.9241761565208435,
        0.9230806827545166,
        0.923444926738739,
        0.925133228302002,
        0.9242967963218689,
        0.9271205067634583,
        0.9256057143211365,
        0.9263399243354797,
        0.9259579181671143,
        0.9269108772277832,
        0.9255438446998596,
        0.9275070428848267,
        0.9259100556373596,
        0.9280142188072205,
        0.9268893599510193,
        0.9264941811561584,
        0.9277611970901489,
        0.927216649055481,
        0.9288133382797241
    ],
    "val_loss": [
        0.37030094861984253,
        0.31293785572052,
        7.712474346160889,
        7.712474346160889,
        0.2986955940723419,
        0.2702794075012207,
        0.2662455141544342,
        0.25315582752227783,
        0.25417059659957886,
        0.25236719846725464,
        0.24097955226898193,
        0.24628962576389313,
        0.26094886660575867,
        0.23372012376785278,
        0.2351456582546234,
        0.23517310619354248,
        0.23762796819210052,
        0.25015443563461304,
        0.2505280673503876,
        0.232478529214859,
        0.23007522523403168,
        0.2330562323331833,
        0.24016182124614716,
        0.31602391600608826,
        0.23977704346179962,
        0.22228094935417175,
        0.2276032567024231,
        0.2324618548154831,
        0.23650424182415009,
        0.31516116857528687,
        0.24069128930568695,
        0.25451722741127014,
        0.24069471657276154,
        0.3615283966064453,
        0.23346050083637238,
        0.25642696022987366
    ],
    "val_binary_accuracy": [
        0.8589787483215332,
        0.8960954546928406,
        0.5,
        0.5,
        0.9134292602539062,
        0.9152644872665405,
        0.9120505452156067,
        0.9221974015235901,
        0.9155759215354919,
        0.9222367405891418,
        0.9290668368339539,
        0.9232133030891418,
        0.9169924259185791,
        0.9297078251838684,
        0.9265028834342957,
        0.9300222992897034,
        0.9239435195922852,
        0.9207718372344971,
        0.9317139387130737,
        0.9316036105155945,
        0.9274976253509521,
        0.932422935962677,
        0.9223894476890564,
        0.8964884877204895,
        0.9275989532470703,
        0.9344033598899841,
        0.9355704188346863,
        0.9292920827865601,
        0.937473714351654,
        0.9073217511177063,
        0.9299209713935852,
        0.9330306649208069,
        0.9312558770179749,
        0.8926516771316528,
        0.9373331665992737,
        0.9341312646865845
    ]
}