{
    "loss": [
        0.607885479927063,
        0.4818759560585022,
        0.43861687183380127,
        0.40854498744010925,
        0.5904351472854614,
        2.509559154510498,
        0.38903966546058655,
        0.3922298848628998,
        0.3571927845478058,
        0.371530145406723,
        0.3435455560684204,
        0.33534854650497437,
        0.3236992359161377,
        0.33408984541893005,
        0.31544435024261475,
        0.3075322210788727,
        0.301499605178833,
        5.468561172485352,
        0.5736160278320312,
        0.38208016753196716,
        0.3294280171394348,
        0.3209819197654724,
        0.304790735244751,
        0.28755754232406616,
        0.2946031987667084,
        0.2779507637023926,
        0.2793215811252594,
        0.27746084332466125,
        0.27460217475891113,
        0.2725291848182678,
        0.2747887969017029,
        0.26723119616508484,
        0.2720138430595398,
        0.2669697105884552,
        0.2624070346355438,
        0.26176324486732483,
        0.26084059476852417,
        0.26185643672943115,
        0.26009875535964966,
        0.2593795359134674
    ],
    "binary_accuracy": [
        0.6688268184661865,
        0.7871187329292297,
        0.8234728574752808,
        0.8433998227119446,
        0.847979724407196,
        0.7466048002243042,
        0.8652436137199402,
        0.8658353090286255,
        0.8702258467674255,
        0.8691639304161072,
        0.8742818832397461,
        0.8789511322975159,
        0.8860802054405212,
        0.8844583034515381,
        0.8911035060882568,
        0.8942164182662964,
        0.8968508243560791,
        0.6208180785179138,
        0.8807348012924194,
        0.8921872973442078,
        0.8963353633880615,
        0.8987224102020264,
        0.8969337940216064,
        0.9008612632751465,
        0.9022949934005737,
        0.9067983031272888,
        0.9054151177406311,
        0.9057232141494751,
        0.9075577855110168,
        0.9101454615592957,
        0.9079895615577698,
        0.9119664430618286,
        0.9084575772285461,
        0.913135826587677,
        0.9144549369812012,
        0.9152000546455383,
        0.9163573980331421,
        0.9155538082122803,
        0.916167676448822,
        0.9176123738288879
    ],
    "val_loss": [
        0.49900200963020325,
        0.4431689381599426,
        0.40829771757125854,
        0.37652450799942017,
        0.36197927594184875,
        0.35329559445381165,
        0.3421330749988556,
        0.3277435302734375,
        0.321559876203537,
        0.3204038143157959,
        0.409140020608902,
        0.3026725947856903,
        0.32154572010040283,
        0.29796066880226135,
        0.29981234669685364,
        0.285848468542099,
        0.2863334119319916,
        0.2834432125091553,
        0.29070574045181274,
        0.2945106029510498,
        0.2677863538265228,
        0.2967568337917328,
        0.3039480745792389,
        0.26254644989967346,
        0.2637505531311035,
        0.26494646072387695,
        0.26908576488494873,
        0.27201876044273376,
        0.25013482570648193,
        0.25727149844169617,
        0.25696027278900146,
        0.2490869015455246,
        0.25277119874954224,
        0.2519235610961914,
        0.24317866563796997,
        0.2395971715450287,
        0.2456490695476532,
        0.24944788217544556,
        0.25188565254211426,
        0.24811305105686188
    ],
    "val_binary_accuracy": [
        0.7716037631034851,
        0.8285667896270752,
        0.8512189388275146,
        0.8698664307594299,
        0.8726420402526855,
        0.8750351667404175,
        0.8821887969970703,
        0.8859561085700989,
        0.8852546215057373,
        0.8868525624275208,
        0.839474081993103,
        0.8924566507339478,
        0.8948754668235779,
        0.8943145871162415,
        0.8972398638725281,
        0.9032778143882751,
        0.9005475640296936,
        0.9042906761169434,
        0.9119099378585815,
        0.903685986995697,
        0.9104374647140503,
        0.8837050795555115,
        0.8913878202438354,
        0.9084117412567139,
        0.9086354374885559,
        0.9091026186943054,
        0.9065552949905396,
        0.9025717973709106,
        0.9185072183609009,
        0.9096165895462036,
        0.9137890338897705,
        0.9143544435501099,
        0.9202306270599365,
        0.9197121262550354,
        0.9240493178367615,
        0.9199932813644409,
        0.9172781705856323,
        0.9242534041404724,
        0.9219661355018616,
        0.918487548828125
    ]
}