{
    "loss": [
        0.6205536127090454,
        0.538041353225708,
        0.4886563718318939,
        0.4484657347202301,
        0.4219164252281189,
        0.40449562668800354,
        0.5393730998039246,
        0.39734140038490295,
        0.3813486695289612,
        0.38878563046455383,
        1.4689998626708984,
        0.44061043858528137,
        0.37191930413246155,
        0.37818512320518494,
        0.35742807388305664,
        0.35782814025878906,
        0.36621522903442383,
        0.35000866651535034,
        0.3540259599685669,
        0.3436447083950043,
        0.3474356532096863,
        0.34063583612442017,
        0.34062477946281433,
        0.33035793900489807,
        0.32755327224731445,
        0.3266466557979584,
        0.323991984128952,
        0.3211551904678345,
        0.3147910237312317,
        0.3174665570259094,
        0.3095250129699707,
        0.3093406856060028,
        0.30765241384506226,
        0.30756109952926636,
        0.3134966790676117,
        0.3047184348106384,
        0.30719995498657227,
        0.30614539980888367,
        0.30238470435142517,
        0.3037831783294678
    ],
    "binary_accuracy": [
        0.6451295614242554,
        0.7437007427215576,
        0.7816481590270996,
        0.8124992847442627,
        0.8341209888458252,
        0.8447456955909729,
        0.8429276943206787,
        0.852753758430481,
        0.8578721284866333,
        0.8504146337509155,
        0.8004838228225708,
        0.8485475778579712,
        0.8612946271896362,
        0.8634188175201416,
        0.8706519603729248,
        0.8712391257286072,
        0.8702258467674255,
        0.8741201162338257,
        0.8713696002960205,
        0.8752623796463013,
        0.8734685182571411,
        0.8772175908088684,
        0.8783326745033264,
        0.8832979202270508,
        0.8847467303276062,
        0.885538637638092,
        0.8860609531402588,
        0.8882179260253906,
        0.8904873132705688,
        0.8898122906684875,
        0.8935648202896118,
        0.8937575221061707,
        0.8946693539619446,
        0.8944627046585083,
        0.8926612734794617,
        0.8956844806671143,
        0.8950245976448059,
        0.896254301071167,
        0.8969507813453674,
        0.8970224261283875
    ],
    "val_loss": [
        0.5646657943725586,
        0.5026462078094482,
        0.45055559277534485,
        0.41464710235595703,
        0.3886342942714691,
        0.3850557208061218,
        0.3866055905818939,
        0.369687557220459,
        0.36328285932540894,
        0.3578042685985565,
        0.3566306531429291,
        0.3521857261657715,
        0.34025782346725464,
        0.35439157485961914,
        0.3472636342048645,
        0.35310792922973633,
        0.32769912481307983,
        0.34974661469459534,
        0.3297191560268402,
        0.3165343403816223,
        0.3406345546245575,
        0.33518078923225403,
        0.3085518777370453,
        0.3156750202178955,
        0.2962561547756195,
        0.3184530735015869,
        0.32130613923072815,
        0.29638001322746277,
        0.30427268147468567,
        0.3120584785938263,
        0.2902856171131134,
        0.3013729453086853,
        0.32330816984176636,
        0.290543794631958,
        0.2898757755756378,
        0.28658971190452576,
        0.280477911233902,
        0.3090769648551941,
        0.2915589213371277,
        0.27976465225219727
    ],
    "val_binary_accuracy": [
        0.7196491956710815,
        0.7642702460289001,
        0.8121838569641113,
        0.8487744331359863,
        0.8583287000656128,
        0.8642638921737671,
        0.8486353158950806,
        0.8627339601516724,
        0.8771123290061951,
        0.8696668744087219,
        0.8782763481140137,
        0.8695958256721497,
        0.8773118257522583,
        0.8706268668174744,
        0.8837851881980896,
        0.8820527195930481,
        0.8766693472862244,
        0.8761886358261108,
        0.8758409023284912,
        0.8847330808639526,
        0.8840603232383728,
        0.8737108707427979,
        0.8941271305084229,
        0.8948572874069214,
        0.8959094882011414,
        0.8876416683197021,
        0.8901360630989075,
        0.8961589336395264,
        0.8997675180435181,
        0.8939955830574036,
        0.9067578315734863,
        0.8933077454566956,
        0.8682624697685242,
        0.8987032175064087,
        0.9039520621299744,
        0.9050072431564331,
        0.9072718620300293,
        0.9005581140518188,
        0.8929736614227295,
        0.899223268032074
    ]
}