{
    "loss": [
        5.937849044799805,
        7.7124738693237305,
        7.712472438812256,
        7.712472438812256,
        7.712472438812256,
        7.712471008300781,
        7.712471008300781,
        7.712473392486572,
        7.712472438812256,
        7.712475299835205,
        7.712472438812256
    ],
    "binary_accuracy": [
        0.5591157674789429,
        0.5,
        0.5,
        0.5,
        0.5,
        0.5,
        0.5,
        0.5,
        0.5,
        0.5,
        0.5
    ],
    "val_loss": [
        7.712474346160889,
        7.712474346160889,
        7.712474346160889,
        7.712474346160889,
        7.712474346160889,
        7.712474346160889,
        7.712474346160889,
        7.712474346160889,
        7.712474346160889,
        7.712474346160889,
        7.712474346160889
    ],
    "val_binary_accuracy": [
        0.5,
        0.5,
        0.5,
        0.5,
        0.5,
        0.5,
        0.5,
        0.5,
        0.5,
        0.5,
        0.5
    ]
}