{
    "loss": [
        0.5994285941123962,
        1.2128666639328003,
        0.3691161572933197,
        1.1422837972640991,
        7.712472438812256,
        7.712472438812256,
        7.7124738693237305,
        7.712473392486572,
        7.712471008300781,
        7.712473392486572,
        7.712474822998047,
        7.712473392486572,
        7.7124738693237305
    ],
    "binary_accuracy": [
        0.7455673813819885,
        0.8117880821228027,
        0.8746970891952515,
        0.8412334322929382,
        0.5,
        0.5,
        0.5,
        0.5,
        0.5,
        0.5,
        0.5,
        0.5,
        0.5
    ],
    "val_loss": [
        0.4092589020729065,
        0.3594822883605957,
        0.3140954077243805,
        7.712474346160889,
        7.712474346160889,
        7.712474346160889,
        7.712474346160889,
        7.712474346160889,
        7.712474346160889,
        7.712474346160889,
        7.712474346160889,
        7.712474346160889,
        7.712474346160889
    ],
    "val_binary_accuracy": [
        0.8512718677520752,
        0.8818199038505554,
        0.8881813883781433,
        0.5,
        0.5,
        0.5,
        0.5,
        0.5,
        0.5,
        0.5,
        0.5,
        0.5,
        0.5
    ]
}