{
    "loss": [
        0.5925332307815552,
        0.4562282860279083,
        0.41063153743743896,
        0.3752237558364868,
        0.4660417139530182,
        0.42367488145828247,
        0.38921403884887695,
        0.3772827386856079,
        0.36953824758529663,
        0.3207589089870453,
        0.3631759285926819,
        0.3153439164161682,
        0.31052565574645996,
        0.32990747690200806,
        0.2996501922607422,
        0.3022119700908661,
        0.30105355381965637,
        0.2961980998516083,
        0.29409974813461304,
        0.2900810241699219,
        0.2866153419017792,
        0.2860318422317505,
        0.2835421860218048,
        0.28895339369773865,
        0.28185710310935974,
        0.27834680676460266,
        0.28000539541244507,
        0.27989625930786133,
        0.2785692512989044,
        0.2750147581100464,
        0.27101168036460876,
        0.2700978219509125,
        0.2696862518787384,
        0.26882871985435486,
        0.26665058732032776,
        0.26585349440574646,
        0.26587557792663574,
        0.2664055824279785,
        0.2645842432975769,
        0.2648354470729828
    ],
    "binary_accuracy": [
        0.6866213083267212,
        0.8088169097900391,
        0.8371935486793518,
        0.8573939800262451,
        0.8590331673622131,
        0.8588544726371765,
        0.8607644438743591,
        0.8701542019844055,
        0.8779820203781128,
        0.8864055871963501,
        0.8766217827796936,
        0.8873676061630249,
        0.8892840147018433,
        0.886658251285553,
        0.8956301808357239,
        0.8964138031005859,
        0.8967829942703247,
        0.8996447920799255,
        0.9018537998199463,
        0.903526246547699,
        0.9051737785339355,
        0.9060264229774475,
        0.9070849418640137,
        0.905436635017395,
        0.9078315496444702,
        0.9088127613067627,
        0.9080695509910583,
        0.9089232683181763,
        0.9083553552627563,
        0.9100164771080017,
        0.9130709767341614,
        0.9132176637649536,
        0.9144805669784546,
        0.9148656129837036,
        0.9155417084693909,
        0.9167355895042419,
        0.9163558483123779,
        0.916339635848999,
        0.9172699451446533,
        0.9174102544784546
    ],
    "val_loss": [
        0.48630258440971375,
        0.40232643485069275,
        0.37451544404029846,
        0.3425455093383789,
        0.3341732919216156,
        0.33161821961402893,
        0.3053586184978485,
        0.34199899435043335,
        0.34065553545951843,
        0.3115493655204773,
        0.3140445053577423,
        0.27962416410446167,
        0.2888103127479553,
        0.27631857991218567,
        0.27447786927223206,
        0.2868460714817047,
        0.312216579914093,
        0.2678820788860321,
        0.26658737659454346,
        0.3058125078678131,
        0.2633605897426605,
        0.2903740108013153,
        0.2713376581668854,
        0.27899035811424255,
        0.25936442613601685,
        0.27261117100715637,
        0.2777816355228424,
        0.2630477249622345,
        0.256001740694046,
        0.2560987174510956,
        0.25362980365753174,
        0.253895103931427,
        0.2559545636177063,
        0.25140371918678284,
        0.2541810870170593,
        0.34040960669517517,
        0.26763036847114563,
        0.2578795552253723,
        0.26135632395744324,
        0.25195956230163574
    ],
    "val_binary_accuracy": [
        0.8090106844902039,
        0.8496875166893005,
        0.8641172647476196,
        0.8741416931152344,
        0.8725120425224304,
        0.8817004561424255,
        0.8882902264595032,
        0.8775673508644104,
        0.8695187568664551,
        0.8999579548835754,
        0.878781259059906,
        0.9009859561920166,
        0.9017494320869446,
        0.907001256942749,
        0.9086702466011047,
        0.9028000831604004,
        0.8930386900901794,
        0.9063315391540527,
        0.9093263149261475,
        0.8823444843292236,
        0.9146023392677307,
        0.911403477191925,
        0.9109182357788086,
        0.9091751575469971,
        0.9138510227203369,
        0.9125086069107056,
        0.9160687923431396,
        0.9163318276405334,
        0.9158056974411011,
        0.9168291687965393,
        0.9215700626373291,
        0.9156485199928284,
        0.9170045256614685,
        0.9186311960220337,
        0.9164981245994568,
        0.8858668804168701,
        0.9182532429695129,
        0.9232602119445801,
        0.9141125679016113,
        0.9222760200500488
    ]
}