{
    "loss": [
        0.578117311000824,
        0.3962727189064026,
        0.2909356951713562,
        0.3161519467830658,
        0.37794315814971924,
        0.3001391291618347,
        0.2577563226222992,
        0.27171364426612854,
        0.25118908286094666,
        0.2629948854446411,
        0.2552660405635834,
        0.26009073853492737,
        0.23533686995506287,
        0.23151284456253052,
        0.23819692432880402,
        0.23669534921646118,
        0.2535969316959381,
        0.23288629949092865,
        0.2611428201198578,
        0.24828140437602997,
        0.2710530459880829,
        0.2373100072145462,
        0.25714364647865295,
        0.24952584505081177,
        0.2249329686164856,
        0.240236297249794,
        0.23178085684776306,
        0.23384949564933777,
        0.22908490896224976,
        0.23334245383739471,
        0.23077018558979034,
        0.23629377782344818,
        0.22940796613693237,
        0.23227129876613617,
        0.2326347529888153
    ],
    "binary_accuracy": [
        0.7990029454231262,
        0.8842915892601013,
        0.9034839868545532,
        0.9128925800323486,
        0.9039708375930786,
        0.8981133699417114,
        0.9191396236419678,
        0.9183126091957092,
        0.9234939813613892,
        0.9194296002388,
        0.923662543296814,
        0.9172028303146362,
        0.9273143410682678,
        0.9299049973487854,
        0.9267792701721191,
        0.926467776298523,
        0.9219222068786621,
        0.9299536347389221,
        0.9228419661521912,
        0.9282921552658081,
        0.9204123020172119,
        0.930158793926239,
        0.9226745367050171,
        0.9255193471908569,
        0.9323561191558838,
        0.9292066097259521,
        0.9321566820144653,
        0.930595874786377,
        0.9328761696815491,
        0.9313979148864746,
        0.9319387078285217,
        0.9294223189353943,
        0.9322807192802429,
        0.9319360852241516,
        0.931172788143158
    ],
    "val_loss": [
        0.3380381762981415,
        0.286727637052536,
        0.2595382332801819,
        0.24532845616340637,
        0.3012818694114685,
        0.24730339646339417,
        0.2474636435508728,
        0.25454744696617126,
        0.25730279088020325,
        0.23590923845767975,
        0.2770102024078369,
        0.2312897890806198,
        0.22455532848834991,
        0.22775007784366608,
        0.22939103841781616,
        0.21422001719474792,
        0.23037606477737427,
        0.21611303091049194,
        0.22836847603321075,
        0.3174147307872772,
        0.23156341910362244,
        0.24847586452960968,
        0.2155093401670456,
        0.2552244961261749,
        0.19683416187763214,
        0.2270243912935257,
        0.23145237565040588,
        0.22222872078418732,
        0.2208365499973297,
        0.3128291964530945,
        0.2141800969839096,
        0.22454005479812622,
        0.22353149950504303,
        0.20675279200077057,
        0.2320179045200348
    ],
    "val_binary_accuracy": [
        0.8790382742881775,
        0.9068682193756104,
        0.9189184308052063,
        0.9265543222427368,
        0.890648603439331,
        0.9200930595397949,
        0.9249669909477234,
        0.923104465007782,
        0.9195155501365662,
        0.9249306917190552,
        0.9049029350280762,
        0.9311183094978333,
        0.9337911009788513,
        0.9336943626403809,
        0.9319376945495605,
        0.9334086179733276,
        0.9312755465507507,
        0.93588787317276,
        0.9365349411964417,
        0.9045159220695496,
        0.9289066195487976,
        0.9316519498825073,
        0.9314917325973511,
        0.9302762746810913,
        0.9375402331352234,
        0.9383732080459595,
        0.9323639869689941,
        0.9388706088066101,
        0.9332967400550842,
        0.9132901430130005,
        0.936297595500946,
        0.9311546087265015,
        0.9323806166648865,
        0.9329037070274353,
        0.9331198930740356
    ]
}