{
    "loss": [
        0.5084966421127319,
        0.34249231219291687,
        0.28842785954475403,
        0.26453861594200134,
        0.25622817873954773,
        0.2505909502506256,
        0.24632121622562408,
        0.24279740452766418,
        0.23920966684818268,
        0.23708847165107727,
        0.23454734683036804,
        0.2306153029203415,
        0.22560462355613708,
        0.22143299877643585,
        0.21699689328670502,
        0.2133362889289856,
        0.20985674858093262,
        0.20702926814556122,
        0.20433853566646576,
        0.20250166952610016,
        0.20019201934337616,
        0.19853368401527405,
        0.1964176446199417,
        0.19514286518096924,
        0.19379618763923645,
        0.19231869280338287,
        0.19096606969833374,
        0.19026094675064087,
        0.18951047956943512,
        0.18891005218029022,
        0.18778453767299652,
        0.1873205006122589,
        0.18715296685695648,
        0.18611912429332733,
        0.18578286468982697,
        0.1854788362979889,
        0.18470259010791779,
        0.18411670625209808,
        0.1841161549091339,
        0.1841662973165512
    ],
    "binary_accuracy": [
        0.7626439332962036,
        0.8704411387443542,
        0.8995610475540161,
        0.914155900478363,
        0.9192712306976318,
        0.9222118258476257,
        0.9244721531867981,
        0.9261189699172974,
        0.9275692701339722,
        0.9286247491836548,
        0.9298152327537537,
        0.9310479760169983,
        0.9321724772453308,
        0.9332163333892822,
        0.9340195059776306,
        0.9348182082176208,
        0.9356542229652405,
        0.9361844658851624,
        0.9368232488632202,
        0.9373300671577454,
        0.937786340713501,
        0.9379318952560425,
        0.9382528066635132,
        0.9383882284164429,
        0.9387291073799133,
        0.9390432238578796,
        0.9392513632774353,
        0.9394844174385071,
        0.9396669268608093,
        0.9398992657661438,
        0.9400866627693176,
        0.9401571750640869,
        0.9404520392417908,
        0.9406153559684753,
        0.9406628608703613,
        0.940787672996521,
        0.9409260749816895,
        0.941024124622345,
        0.9410961270332336,
        0.9411866664886475
    ],
    "val_loss": [
        0.38410139083862305,
        0.2940903306007385,
        0.2631460130214691,
        0.25153958797454834,
        0.24598515033721924,
        0.2441183179616928,
        0.23947642743587494,
        0.2358739823102951,
        0.23410432040691376,
        0.2312428057193756,
        0.2285115122795105,
        0.22530445456504822,
        0.21888208389282227,
        0.21435503661632538,
        0.21056348085403442,
        0.20865437388420105,
        0.20146527886390686,
        0.20113646984100342,
        0.19747570157051086,
        0.19551871716976166,
        0.19353535771369934,
        0.19302795827388763,
        0.19324105978012085,
        0.18959523737430573,
        0.18904443085193634,
        0.18557992577552795,
        0.18693405389785767,
        0.18546856939792633,
        0.18499866127967834,
        0.18339478969573975,
        0.18083758652210236,
        0.18194074928760529,
        0.1809077113866806,
        0.182387113571167,
        0.18006592988967896,
        0.1807742714881897,
        0.18016326427459717,
        0.17868931591510773,
        0.17975378036499023,
        0.17956086993217468
    ],
    "val_binary_accuracy": [
        0.8486005663871765,
        0.892013669013977,
        0.9127655625343323,
        0.9194611310958862,
        0.9232768416404724,
        0.9257183074951172,
        0.9261249899864197,
        0.9288869500160217,
        0.9301719665527344,
        0.9311349391937256,
        0.9322929382324219,
        0.9340994954109192,
        0.9347374439239502,
        0.9355205297470093,
        0.9363731741905212,
        0.937404215335846,
        0.9375160336494446,
        0.9378259778022766,
        0.9387995600700378,
        0.9393029808998108,
        0.9393467903137207,
        0.9396854043006897,
        0.9396960139274597,
        0.9402447938919067,
        0.9403203725814819,
        0.9404609799385071,
        0.941213846206665,
        0.9412909150123596,
        0.9408615827560425,
        0.9416280388832092,
        0.9417353868484497,
        0.9417883157730103,
        0.9421103000640869,
        0.9420241117477417,
        0.9421677589416504,
        0.9425305724143982,
        0.9424821734428406,
        0.9426711797714233,
        0.9429311752319336,
        0.9429704546928406
    ]
}