{
    "loss": [
        0.3173322379589081,
        0.2004096955060959,
        0.18112961947917938,
        0.1746625304222107,
        0.1680791676044464,
        0.16488352417945862,
        0.16288745403289795,
        0.16122762858867645,
        0.15947385132312775,
        0.1596871018409729,
        0.15643389523029327,
        0.1559170037508011,
        0.15557965636253357,
        0.15447556972503662,
        0.1549011617898941,
        0.15300098061561584,
        0.15162503719329834,
        0.15133538842201233,
        0.15112745761871338,
        0.15127907693386078,
        0.1514337956905365,
        0.14953334629535675,
        0.14981338381767273,
        0.15005768835544586,
        0.14853766560554504,
        0.14959798753261566,
        0.1489744633436203,
        0.14743366837501526,
        0.148696631193161,
        0.14812283217906952,
        0.1470184028148651,
        0.1465059518814087,
        0.14642693102359772,
        0.14593850076198578,
        0.14587226510047913,
        0.14508675038814545,
        0.14560461044311523,
        0.14672835171222687,
        0.14433372020721436,
        0.1451912373304367
    ],
    "binary_accuracy": [
        0.8837297558784485,
        0.9377313256263733,
        0.9416821599006653,
        0.9438274502754211,
        0.945460319519043,
        0.9467439651489258,
        0.9474095106124878,
        0.9478548765182495,
        0.948191225528717,
        0.9482613801956177,
        0.9490661025047302,
        0.9494134187698364,
        0.9496513605117798,
        0.9499568343162537,
        0.9499489068984985,
        0.9504651427268982,
        0.9505786299705505,
        0.9508015513420105,
        0.950799286365509,
        0.9507717490196228,
        0.9505352973937988,
        0.9511816501617432,
        0.9511941075325012,
        0.9509153962135315,
        0.951445996761322,
        0.951278567314148,
        0.9513886570930481,
        0.95176762342453,
        0.9516183137893677,
        0.9514980316162109,
        0.9520689249038696,
        0.9521922469139099,
        0.9521711468696594,
        0.9524969458580017,
        0.9523400664329529,
        0.9525282382965088,
        0.9525229930877686,
        0.9524562358856201,
        0.9528076648712158,
        0.9525033831596375
    ],
    "val_loss": [
        0.20984140038490295,
        0.1892113834619522,
        0.17354144155979156,
        0.17794248461723328,
        0.16013886034488678,
        0.15870125591754913,
        0.15621644258499146,
        0.16085967421531677,
        0.15491525828838348,
        0.15351451933383942,
        0.15438678860664368,
        0.15248076617717743,
        0.1510825902223587,
        0.14866313338279724,
        0.15106046199798584,
        0.14827369153499603,
        0.14788836240768433,
        0.14777407050132751,
        0.1474350392818451,
        0.1484321653842926,
        0.14591799676418304,
        0.1452822983264923,
        0.14425092935562134,
        0.14633060991764069,
        0.14611856639385223,
        0.14940902590751648,
        0.14776745438575745,
        0.14640121161937714,
        0.14778433740139008,
        0.14572031795978546,
        0.14293713867664337,
        0.14274348318576813,
        0.14221450686454773,
        0.14362214505672455,
        0.14226414263248444,
        0.14357636868953705,
        0.14366169273853302,
        0.1439758688211441,
        0.1400321125984192,
        0.14352579414844513
    ],
    "val_binary_accuracy": [
        0.934312641620636,
        0.9400437474250793,
        0.9458261728286743,
        0.9451730847358704,
        0.9476795792579651,
        0.9489207863807678,
        0.9492881298065186,
        0.9485639929771423,
        0.9496947526931763,
        0.9495647549629211,
        0.9509828090667725,
        0.9507454633712769,
        0.9508240818977356,
        0.9512821435928345,
        0.9516146779060364,
        0.9513441324234009,
        0.9514620304107666,
        0.951951801776886,
        0.9518641233444214,
        0.9525202512741089,
        0.9521332383155823,
        0.9523206949234009,
        0.9527167677879333,
        0.9519941806793213,
        0.9528452754020691,
        0.9522284865379333,
        0.952610969543457,
        0.952316164970398,
        0.9517583250999451,
        0.952999472618103,
        0.9534560441970825,
        0.952964723110199,
        0.9538400173187256,
        0.9539337158203125,
        0.9537976980209351,
        0.9533758759498596,
        0.9534817337989807,
        0.9535089135169983,
        0.9539987444877625,
        0.9532670378684998
    ]
}