{
    "loss": [
        0.5357474088668823,
        0.3607000708580017,
        0.28109171986579895,
        0.2511889338493347,
        0.23855985701084137,
        0.2313460111618042,
        0.22598926723003387,
        0.22135871648788452,
        0.21807435154914856,
        0.2144743651151657,
        0.21185487508773804,
        0.20883746445178986,
        0.20610582828521729,
        0.2029607594013214,
        0.19945931434631348,
        0.1956900805234909,
        0.19254079461097717,
        0.19017332792282104,
        0.1877780258655548,
        0.18606026470661163,
        0.1839572787284851,
        0.18278445303440094,
        0.18036964535713196,
        0.1797996461391449,
        0.17907282710075378,
        0.1772066354751587,
        0.17591312527656555,
        0.17521418631076813,
        0.17409496009349823,
        0.17342576384544373,
        0.17245697975158691,
        0.1718459576368332,
        0.171042338013649,
        0.16991189122200012,
        0.16920000314712524,
        0.16804061830043793,
        0.16771212220191956,
        0.16687564551830292,
        0.16671328246593475,
        0.1660246104001999
    ],
    "binary_accuracy": [
        0.7378289699554443,
        0.869018018245697,
        0.9065241813659668,
        0.9219505190849304,
        0.9281918406486511,
        0.9313892722129822,
        0.9332219362258911,
        0.9348371028900146,
        0.9360034465789795,
        0.9369702935218811,
        0.937916100025177,
        0.9387049674987793,
        0.9394372701644897,
        0.9397706389427185,
        0.9404497742652893,
        0.941059947013855,
        0.9415026307106018,
        0.9419495463371277,
        0.9422832727432251,
        0.9427406787872314,
        0.9431204199790955,
        0.9434183239936829,
        0.9436690807342529,
        0.9439383149147034,
        0.9440518617630005,
        0.9444032907485962,
        0.944667637348175,
        0.9447566270828247,
        0.945123553276062,
        0.9452781677246094,
        0.9454493522644043,
        0.9456005692481995,
        0.9458370208740234,
        0.9459252953529358,
        0.9460384249687195,
        0.9462273120880127,
        0.9463551640510559,
        0.9465731382369995,
        0.9465233683586121,
        0.9466794729232788
    ],
    "val_loss": [
        0.4126840829849243,
        0.2982673645019531,
        0.250412255525589,
        0.23657181859016418,
        0.22793333232402802,
        0.22372780740261078,
        0.21950531005859375,
        0.2157428115606308,
        0.21244923770427704,
        0.21078641712665558,
        0.20761865377426147,
        0.20744897425174713,
        0.20172348618507385,
        0.19855819642543793,
        0.19593682885169983,
        0.1913481056690216,
        0.18758849799633026,
        0.1868874877691269,
        0.1835586428642273,
        0.18255479633808136,
        0.1809205859899521,
        0.17712706327438354,
        0.1769249141216278,
        0.18086513876914978,
        0.17586453258991241,
        0.17580905556678772,
        0.17210766673088074,
        0.17245949804782867,
        0.1693994551897049,
        0.1714463233947754,
        0.16895975172519684,
        0.16784831881523132,
        0.1676892340183258,
        0.16732582449913025,
        0.1654016226530075,
        0.16611282527446747,
        0.16577507555484772,
        0.16481122374534607,
        0.16429804265499115,
        0.16437827050685883
    ],
    "val_binary_accuracy": [
        0.8378520011901855,
        0.8979911804199219,
        0.9191255569458008,
        0.928654134273529,
        0.9310411810874939,
        0.934572696685791,
        0.9354797005653381,
        0.9372122287750244,
        0.9372469782829285,
        0.938819169998169,
        0.9395886659622192,
        0.9413241744041443,
        0.9408918023109436,
        0.9408389329910278,
        0.9422796368598938,
        0.9429175853729248,
        0.9428994059562683,
        0.9430218935012817,
        0.9433363080024719,
        0.9440906643867493,
        0.9445623755455017,
        0.9437399506568909,
        0.9447453022003174,
        0.9431775808334351,
        0.9449810981750488,
        0.9458579421043396,
        0.9453847408294678,
        0.9456387162208557,
        0.9459728598594666,
        0.9461753964424133,
        0.9457158446311951,
        0.9461466670036316,
        0.9463069438934326,
        0.9467347264289856,
        0.9467422962188721,
        0.9471988677978516,
        0.9472260475158691,
        0.9472714066505432,
        0.9472623467445374,
        0.9475722908973694
    ]
}