{
    "loss": [
        0.5204634070396423,
        0.36386847496032715,
        0.2883293926715851,
        0.2528214454650879,
        0.23606739938259125,
        0.2275398224592209,
        0.2219969630241394,
        0.21808229386806488,
        0.21552343666553497,
        0.21287401020526886,
        0.2106819450855255,
        0.20859351754188538,
        0.20659951865673065,
        0.2048063576221466,
        0.20309872925281525,
        0.2014988511800766,
        0.20065423846244812,
        0.19915977120399475,
        0.19692791998386383,
        0.19494344294071198,
        0.19384124875068665,
        0.19161638617515564,
        0.19043183326721191,
        0.1887691468000412,
        0.1878603994846344,
        0.18605342507362366,
        0.18421664834022522,
        0.1836353987455368,
        0.18212676048278809,
        0.18178077042102814,
        0.18064188957214355,
        0.17950432002544403,
        0.17888425290584564,
        0.17742176353931427,
        0.17592568695545197,
        0.1748187243938446,
        0.17378127574920654,
        0.17233097553253174,
        0.17147384583950043,
        0.17113442718982697
    ],
    "binary_accuracy": [
        0.7487927079200745,
        0.8731189370155334,
        0.9065603613853455,
        0.9220481514930725,
        0.9294487237930298,
        0.933016836643219,
        0.9354295134544373,
        0.9368752837181091,
        0.9381577968597412,
        0.9389527440071106,
        0.939885675907135,
        0.9405505061149597,
        0.9412205815315247,
        0.9418213367462158,
        0.9422228932380676,
        0.9428541660308838,
        0.943266749382019,
        0.943456768989563,
        0.9439817070960999,
        0.9444225430488586,
        0.9445537328720093,
        0.9450541734695435,
        0.9453524351119995,
        0.9458317756652832,
        0.9459531903266907,
        0.9461639523506165,
        0.946528971195221,
        0.9467982649803162,
        0.9469641447067261,
        0.9470120668411255,
        0.9470663666725159,
        0.947283923625946,
        0.9474879503250122,
        0.9476248621940613,
        0.947822093963623,
        0.9480226635932922,
        0.9481192231178284,
        0.9482730627059937,
        0.9483756422996521,
        0.9485970139503479
    ],
    "val_loss": [
        0.41136252880096436,
        0.3079373240470886,
        0.255877286195755,
        0.23444515466690063,
        0.2246728241443634,
        0.22060908377170563,
        0.21611188352108002,
        0.21329191327095032,
        0.2103106826543808,
        0.20858684182167053,
        0.20790447294712067,
        0.2050837129354477,
        0.20532868802547455,
        0.20993608236312866,
        0.2004987746477127,
        0.19910788536071777,
        0.1990869790315628,
        0.19801217317581177,
        0.19387854635715485,
        0.19447265565395355,
        0.1923619508743286,
        0.19014689326286316,
        0.1890045404434204,
        0.187555730342865,
        0.18619269132614136,
        0.18335478007793427,
        0.18185678124427795,
        0.18060804903507233,
        0.18237942457199097,
        0.1790250688791275,
        0.17747391760349274,
        0.17675338685512543,
        0.17710523307323456,
        0.17543169856071472,
        0.17303481698036194,
        0.17258881032466888,
        0.1727253794670105,
        0.17001719772815704,
        0.17082339525222778,
        0.16904938220977783
    ],
    "val_binary_accuracy": [
        0.8483738303184509,
        0.8965293169021606,
        0.91677325963974,
        0.9259148240089417,
        0.930942952632904,
        0.9357246160507202,
        0.9368327260017395,
        0.9380043745040894,
        0.9390565156936646,
        0.9395266771316528,
        0.9411759972572327,
        0.9414557218551636,
        0.9426847696304321,
        0.9429901242256165,
        0.9428359270095825,
        0.9434648156166077,
        0.9417777061462402,
        0.9453197717666626,
        0.9443612694740295,
        0.9445441961288452,
        0.9442735910415649,
        0.945281982421875,
        0.9457113146781921,
        0.946722686290741,
        0.945505678653717,
        0.9466667175292969,
        0.9467060565948486,
        0.9472381472587585,
        0.9481210112571716,
        0.9479230046272278,
        0.9474740028381348,
        0.9478020668029785,
        0.9485639929771423,
        0.9482948780059814,
        0.948297917842865,
        0.9484884142875671,
        0.9494876861572266,
        0.9487121105194092,
        0.9497945308685303,
        0.9496297836303711
    ]
}