trial_id,parameters,auc,primary_metric
013,57077,0.9799496081627286,0.9233775068709352
038,39719,0.979821058009582,0.9231740243876627
031,58069,0.9798113535777906,0.9231117400019955
079,36473,0.9802913685805058,0.9228722777037016
081,41713,0.9796765812477325,0.9227002397646497
091,40721,0.9791515178117944,0.9210240036765929
009,20755,0.9787883080349812,0.9207585391590397
001,37923,0.9788230609656474,0.9202300289350278
089,37467,0.9784355764380391,0.9196325825948402
004,22513,0.9781726661192109,0.918576469200976
032,14241,0.977329465624439,0.9162117790053245
012,12343,0.9768790074007194,0.9151417574476705
064,9729,0.9768789870468664,0.91456124278514
082,21363,0.976467043733616,0.9143381074617298
056,15467,0.976398101015351,0.9139586564713779
069,11745,0.9765924190239681,0.9139465624159084
049,11729,0.9756540714298744,0.9123812892867833
014,9313,0.9750616096453916,0.9103110893418112
043,6909,0.9748949042045989,0.9091902727511859
055,9537,0.9734062340706795,0.9076361866233699
050,6237,0.9740145647207208,0.9069492442727088
015,9443,0.9728630740210259,0.9060464230319193
093,7215,0.9720706346638672,0.9055850348157621
021,2221,0.9666395087827967,0.8962438887225956
098,3191,0.9695915545823287,0.8942837446823949
058,2403,0.9679245826639541,0.8938982466643084
084,1337,0.9687408300868138,0.891010186218219
024,1231,0.9674674345863612,0.8880495614393136
085,2287,0.9670707806320732,0.8873535485470504
057,1145,0.95850773214996,0.856898298064044
