trial_id,parameters,auc,primary_metric
046,463,0.9377595363837665,0.8177480264013232
038,281,0.9378258667515313,0.8161201665351439
034,155,0.9342170677091315,0.7978143018252952
054,151,0.9164002300416997,0.7763921013723729
024,121,0.9116805666126284,0.772036124943687
049,85,0.8956444256689208,0.7492167587326638
025,79,0.8836307629770018,0.6561787017636156
020,61,0.8723434797617768,0.6317535473376449
022,31,0.8468344670050554,0.5808696230585261
027,19,0.5535950003821551,0.015080682467550146
