{
  "timestamp": "2026-04-12T12:46:17.732752",
  "metric_name": "weighted_bkg_rej",
  "bkg_rej_weights": {
    "0.95": 0.1,
    "0.98": 0.7,
    "0.99": 0.2
  },
  "total_models": 40,
  "primary_pareto_models": 13,
  "secondary_pareto_models": 7,
  "primary_metric_range": {
    "min": 0.0,
    "max": 0.8240302835148953,
    "mean": 0.39710897651032073
  },
  "parameters_range": {
    "min": 19,
    "max": 595,
    "mean": 182.5
  },
  "auc_range": {
    "min": 0.5,
    "max": 0.9408319312329987,
    "mean": 0.7489328541087612
  }
}