trial_id,parameters,auc,primary_metric
046,463,0.9377595363837665,0.8177480264013232
038,281,0.9378258667515313,0.8161201665351439
059,595,0.9368329721574975,0.8115981991951406
043,391,0.9391344572264638,0.8113294088123335
041,325,0.9334866824223458,0.8002294847025315
034,155,0.9342170677091315,0.7978143018252952
026,199,0.929253319789547,0.7957005632806334
042,163,0.92150816219992,0.7827499463326287
054,151,0.9164002300416997,0.7763921013723729
024,121,0.9116805666126284,0.772036124943687
037,121,0.9126370502300305,0.7641768029969069
049,85,0.8956444256689208,0.7492167587326638
031,91,0.8956386575387912,0.6758865698537526
025,79,0.8836307629770018,0.6561787017636156
020,61,0.8723434797617768,0.6317535473376449
022,31,0.8468344670050554,0.5808696230585261
036,65,0.8476364120822615,0.500038700977502
048,55,0.8419163307988857,0.43858940984032824
040,31,0.8272157071746689,0.4076869816563413
027,19,0.5535950003821551,0.015080682467550146
035,25,0.5102130373797455,0.006460342080358994
