{
    "spatial_units": 120,
    "nmodule_xlocal_units": 4,
    "dense2_ratio": 0.30000000000000004,
    "dense3_ratio": 0.6000000000000001,
    "learning_rate": 0.0008151332617212836
}