{
    "spatial_units": 80,
    "nmodule_xlocal_units": 12,
    "dense2_ratio": 0.4,
    "dense3_ratio": 0.30000000000000004,
    "learning_rate": 0.00087132753175437
}