cota cotb p flp ylocal zglobal pt t hit_pdg
0.19943 -0.48666 0.00028 1 -0.87500 61.27500 0.00028 0.87669 13
1.89231 -1.62012 0.00081 1 -6.82500 -36.50000 0.00058 0.26324 13
-0.60674 -0.40299 0.00060 1 -5.82500 -37.75000 0.00052 0.27092 13
0.98633 0.22401 0.00059 1 -6.52500 -38.67500 0.00043 0.27654 13
-0.36620 -0.24919 0.00027 1 -6.65000 -38.87500 0.00026 0.27786 13
-0.77634 0.22774 0.00018 1 -7.20000 -38.35000 0.00014 0.28347 13
0.83968 -0.70937 0.00062 1 -1.02500 -33.00000 0.00051 0.54791 13
-0.56378 -0.92181 0.00011 1 -0.40000 -32.87500 0.00010 0.55229 13
0.46489 -0.00344 0.00119 1 2.37500 63.20000 0.00108 0.30028 13
-0.01869 -0.46441 0.00107 1 4.27500 64.27500 0.00107 0.31512 13
0.21059 0.55934 0.00107 1 2.55000 63.95000 0.00105 0.32305 13
-0.16225 1.08864 0.00087 1 4.05000 63.72500 0.00087 0.33025 13
0.04511 1.28171 0.00081 1 -7.62500 63.75000 0.00081 0.33330 13
-1.48038 -2.35042 0.00014 1 3.20000 -1.60000 0.00012 0.29247 -13
0.14831 -0.61042 0.00095 1 -5.07500 62.90000 0.00095 0.26959 13
0.14690 0.31445 0.00081 1 -3.32500 62.50000 0.00080 0.27921 13
-0.16474 -0.20975 0.00079 1 -4.72500 63.15000 0.00078 0.29034 13
0.73820 0.61728 0.00055 1 -3.47500 62.17500 0.00047 0.30116 13
-0.47206 -1.27165 0.00059 1 -3.85000 63.67500 0.00057 0.31505 13
-1.46156 -1.07947 0.00088 1 -4.52500 -63.57500 0.00062 1.80267 13
0.84566 0.14221 0.00079 1 -5.37500 -64.90000 0.00061 1.80914 13
0.41442 -1.04418 0.00020 1 -2.65000 46.40000 0.00020 0.27036 -13
0.09173 0.21627 0.00008 1 0.72500 14.67500 0.00008 0.65672 13
1.28714 0.05946 0.00009 1 2.27500 -0.02500 0.00006 0.38684 -13
0.00414 0.47718 0.00042 1 -8.02500 42.22500 0.00042 0.26512 -13
0.16470 1.08197 0.00039 1 -8.47500 41.97500 0.00039 0.27059 -13
8.38518 8.44850 0.00024 1 -1.90000 44.97500 0.00017 0.45002 13
0.24109 -1.44050 0.00013 1 -2.20000 44.85000 0.00013 0.46000 13
-0.26248 0.84278 0.00075 1 -4.55000 -50.35000 0.00074 0.26346 13
0.39467 -0.51188 0.00070 1 -5.62500 -50.97500 0.00066 0.27597 13
0.20854 0.01338 0.00013 1 -6.70000 -2.70000 0.00013 1.01860 -13
7.24575 0.11648 0.00055 1 -3.22500 -47.55000 0.00008 0.26465 -13
-1.37185 0.67510 0.00065 1 -3.25000 -47.42500 0.00043 0.26530 -13
-0.32329 0.54317 0.00012 1 -3.75000 -3.05000 0.00012 0.51277 13
0.68062 -0.96328 0.00068 1 -6.45000 -39.67500 0.00061 0.26577 -13
0.50736 -1.82175 0.00018 1 3.20000 35.25000 0.00017 0.40503 13
-0.21980 1.74124 0.00017 1 -3.20000 25.57500 0.00017 0.27378 -13
0.19930 0.15997 0.00049 1 -6.67500 -64.65000 0.00048 0.27775 13
-0.21538 0.89371 0.00095 1 -3.20000 -63.70000 0.00094 0.26049 13
0.01599 -0.48699 0.00096 1 -4.75000 -63.87500 0.00096 0.27506 13
-0.08221 0.05224 0.00013 1 -3.17500 -64.97500 0.00013 0.28419 13
-0.20632 0.04837 0.00046 1 -8.20000 13.22500 0.00045 0.41445 -13
1.16953 -0.55384 0.00029 1 1.17500 4.92500 0.00020 0.27971 13
0.21450 -0.50738 0.00010 1 -4.75000 -22.85000 0.00010 0.31018 -13
1.36324 0.49224 0.00073 1 -4.55000 52.82500 0.00046 0.25665 13
-0.83658 -0.39782 0.00067 1 -5.25000 54.80000 0.00053 0.26647 13
-0.14152 0.38389 0.00009 1 -4.40000 54.32500 0.00009 0.27445 13
-1.11389 -0.52719 0.00015 1 -1.32500 63.22500 0.00011 2.77982 13
0.34652 0.18947 0.00092 1 3.02500 64.85000 0.00087 0.49750 13
-0.66204 -0.90896 0.00019 1 -8.47500 13.95000 0.00017 0.76593 -13
-1.11518 -0.23343 0.00039 1 -5.82500 64.65000 0.00026 0.25995 -13
0.26979 1.33067 0.00046 1 1.65000 37.97500 0.00045 0.30751 13
0.14285 0.04644 0.00085 1 0.12500 37.47500 0.00084 0.31679 13
0.09619 -0.28286 0.00071 1 1.40000 36.55000 0.00071 0.32664 13
-0.50221 0.06886 0.00058 1 0.15000 36.57500 0.00052 0.33361 13
0.18539 -1.25335 0.00048 1 -0.80000 -62.05000 0.00048 0.80687 13
2.17656 0.71878 0.00022 1 -0.50000 -61.35000 0.00011 0.81299 13
2.38212 -1.44791 0.00052 1 0.40000 -60.40000 0.00031 0.27467 13
0.79439 -3.17776 0.00024 1 -0.22500 3.00000 0.00023 0.66926 13
-3.68826 6.50145 0.00067 1 -3.70000 63.17500 0.00058 0.36708 -13
-0.62946 2.49275 0.00030 1 -2.40000 -25.47500 0.00029 0.29767 13
0.37661 0.01235 0.00030 1 -3.05000 -28.12500 0.00028 0.42302 13
-0.66662 0.30854 0.00010 1 -3.05000 -28.15000 0.00008 0.42348 13
-0.36518 -0.83923 0.00053 1 2.42500 -40.55000 0.00051 0.72698 13
0.87278 0.71207 0.00052 1 1.75000 -41.12500 0.00043 0.73139 13
-1.91381 0.36359 0.00027 1 4.17500 19.97500 0.00013 0.34190 -13
0.42652 -0.11826 0.00008 1 4.20000 19.90000 0.00007 0.34277 -13
1.15041 -0.65721 0.00015 1 3.45000 -6.37500 0.00011 0.28259 13
1.29207 1.18738 0.00018 1 3.17500 -6.75000 0.00014 0.28584 13
1.78595 -0.84190 0.00012 1 -7.60000 -22.87500 0.00007 0.37372 13
0.60969 -0.79856 0.00007 1 4.42500 24.52500 0.00006 0.97370 -13
-0.03793 -0.04516 0.00042 1 -7.52500 62.00000 0.00042 0.27341 13
0.22838 -0.54104 0.00021 1 1.85000 -55.65000 0.00021 0.25767 13
-1.26681 1.25939 0.00013 1 -5.15000 53.27500 0.00010 0.44209 13
-0.22175 -2.12442 0.00028 1 -0.20000 -16.97500 0.00028 0.25986 -13
-0.95494 -1.76068 0.00071 1 -4.60000 23.70000 0.00064 0.28033 -13
0.16110 -0.18162 0.00036 1 -0.60000 61.25000 0.00035 0.43637 -13
0.23094 -0.12974 0.00006 1 -6.52500 64.92500 0.00006 0.39164 -13
1.29080 0.14717 0.00040 1 -0.32500 -31.95000 0.00024 0.45663 13
-1.11849 0.39618 0.00020 1 0.32500 -31.67500 0.00014 0.46312 13
0.93711 -1.79301 0.00068 1 -5.12500 5.60000 0.00062 0.30312 -13
-0.41384 -0.26067 0.00047 1 -4.82500 15.05000 0.00043 0.27167 13
-0.39500 -2.56867 0.00015 1 -5.37500 15.15000 0.00014 0.28035 13
-0.94464 0.92674 0.00012 1 0.47500 50.87500 0.00010 0.28118 13
-1.97665 -0.28024 0.00037 1 -7.62500 12.47500 0.00017 0.41496 13
0.79385 -1.20294 0.00015 1 -7.62500 12.52500 0.00013 0.41573 13
-0.96005 -0.40158 0.00092 1 -2.42500 20.00000 0.00069 0.26094 13
4.83961 5.46463 0.00027 1 -2.82500 20.27500 0.00020 0.26612 13
1.83670 0.03331 0.00018 1 -5.85000 -12.25000 0.00009 0.36184 13
-0.73479 -2.43042 0.00006 1 -4.95000 50.57500 0.00006 0.40577 -13
-0.89093 0.00740 0.00013 1 -0.72500 -17.70000 0.00010 0.27325 13
-0.50047 0.26052 0.00013 1 0.47500 -63.60000 0.00012 3.70496 13
-0.43657 -0.53590 0.00010 1 0.42500 0.62500 0.00009 0.38691 13
0.21364 -0.97674 0.00012 1 -7.50000 -14.35000 0.00012 0.48583 -13
-0.30446 -0.52514 0.00009 1 -6.72500 -6.70000 0.00009 0.35382 13
4.04749 5.49480 0.00020 1 3.00000 -8.25000 0.00016 0.79872 13
-0.88291 0.87289 0.00017 1 2.67500 -7.90000 0.00014 0.80306 13
-0.43242 -0.01187 0.00041 1 -5.05000 -25.00000 0.00038 0.38243 13
0.23096 -0.18430 0.00026 1 -6.07500 -25.42500 0.00025 0.39393 13
-0.68938 -0.37598 0.00049 1 -2.85000 17.85000 0.00041 0.99329 13
0.28606 0.72485 0.00052 1 -3.67500 17.77500 0.00050 0.99785 13
-0.42550 -0.31165 0.00049 1 3.10000 43.22500 0.00045 0.26307 -13
0.69857 0.39344 0.00024 1 2.40000 42.62500 0.00020 0.26905 -13
0.55071 0.27241 0.00095 1 2.80000 -58.40000 0.00084 0.26043 13
-0.35229 -0.51072 0.00093 1 1.12500 -57.42500 0.00089 0.27314 13
-1.17843 -1.18943 0.00040 1 1.82500 -46.80000 0.00032 0.32135 13
0.74529 0.29078 0.00032 1 1.30000 -47.52500 0.00026 0.32701 13
2.58620 -2.90232 0.00011 1 0.67500 -62.82500 0.00009 0.48619 13
0.68225 -0.84583 0.00071 1 -3.80000 -25.35000 0.00063 0.33004 -13
-2.36089 -0.52064 0.00086 1 -5.25000 -19.27500 0.00037 0.35553 -13
-1.43571 -0.42967 0.00077 1 -5.25000 -19.12500 0.00046 0.35638 -13
0.26932 -0.11304 0.00061 1 -3.92500 -18.55000 0.00058 0.36564 -13
-0.75598 -0.05731 0.00050 1 -4.97500 -17.92500 0.00040 0.37412 -13
-0.35971 -0.33324 0.00023 1 -1.32500 61.67500 0.00022 4.22424 13
-0.84510 1.65286 0.00028 1 3.00000 -22.10000 0.00026 0.31875 13
0.46098 -1.13031 0.00011 1 2.70000 -20.45000 0.00010 0.44692 13
3.44106 0.57535 0.00070 1 -2.97500 -29.15000 0.00022 0.33845 13
-0.17916 -0.59528 0.00053 1 -3.12500 -29.27500 0.00053 0.33949 13
-0.03767 -0.07508 0.00056 1 -4.25000 -29.67500 0.00056 0.34763 13
0.37293 -2.42868 0.00064 1 -8.47500 55.62500 0.00064 0.25902 13
0.90578 -2.39579 0.00023 1 3.52500 54.02500 0.00021 0.28026 13
1.00702 -0.96654 0.00056 1 -3.47500 -55.67500 0.00046 0.30861 -13
0.00965 -0.24888 0.00022 1 -6.35000 -16.10000 0.00022 0.26097 13
-1.35839 -1.46939 0.00047 1 -5.12500 -7.32500 0.00038 1.11650 -13
-2.63835 2.07383 0.00033 1 -5.27500 -6.37500 0.00021 1.12363 -13
-2.93946 9.65447 0.00019 1 -5.32500 -6.37500 0.00018 1.12400 -13
-2.63212 -5.63790 0.00031 1 0.12500 59.57500 0.00029 0.26276 13
-0.05670 -0.48764 0.00011 1 -6.52500 -22.62500 0.00011 0.39196 13
-0.78603 0.71206 0.00114 1 2.35000 62.65000 0.00096 0.26071 -13
0.45480 -0.74073 0.00082 1 3.77500 63.05000 0.00077 0.27119 -13
-0.62754 0.52719 0.00080 1 2.47500 63.67500 0.00070 0.27802 -13
-0.05727 0.09794 0.00016 1 -2.67500 21.17500 0.00016 0.64664 -13
-1.05130 -0.05292 0.00054 1 -5.10000 64.55000 0.00038 0.27376 13
0.36376 1.93754 0.00028 1 1.60000 64.57500 0.00028 0.36189 -13
-1.94453 -0.56375 0.00012 1 -2.97500 -64.45000 0.00006 0.47281 13
0.28071 -0.15664 0.00029 1 -6.97500 65.00000 0.00028 0.41252 -13
0.78627 0.50931 0.00016 1 -6.95000 64.97500 0.00013 0.41259 -13
0.19069 -0.32313 0.00039 1 -6.25000 25.82500 0.00038 0.73408 13
0.15439 -1.23526 0.00016 1 -6.25000 25.82500 0.00016 0.73477 13
0.76883 0.00143 0.00021 1 -4.35000 -4.97500 0.00017 0.46033 -13
0.26500 -0.11734 0.00058 1 -1.47500 2.85000 0.00056 0.25974 -13
-0.18702 -0.06383 0.00056 1 -2.52500 3.22500 0.00055 0.26778 -13
-5.74249 -4.06303 0.00038 1 -1.02500 -57.40000 0.00023 0.26013 13
1.24487 -1.10989 0.00053 1 -0.17500 -56.20000 0.00041 0.27502 13
-2.28879 0.67721 0.00028 1 -0.22500 -54.95000 0.00013 0.28293 13
-0.34439 -0.16607 0.00032 1 -2.70000 33.47500 0.00030 0.26101 13
-2.20962 -0.07138 0.00035 1 -5.90000 31.07500 0.00014 0.27471 13
-0.09469 -2.15722 0.00020 1 -6.22500 34.50000 0.00020 0.29329 13
-3.09363 -1.45299 0.00014 1 -1.77500 57.65000 0.00007 0.29138 -13
-0.90701 -0.69710 0.00008 1 -0.62500 -46.57500 0.00006 0.45707 13
-0.06519 -0.81346 0.00088 1 -0.15000 -63.90000 0.00088 0.25919 13
-0.09557 -0.53781 0.00061 1 -0.15000 -63.82500 0.00061 0.26047 13
-0.21913 -0.20099 0.00055 1 -1.35000 -64.07500 0.00053 0.26832 13
1.71933 -1.20598 0.00048 1 0.55000 -27.10000 0.00032 0.40375 13
-1.38731 -0.14479 0.00030 1 0.45000 -26.22500 0.00018 0.40884 13
-0.73276 -1.89966 0.00015 1 4.40000 34.67500 0.00014 0.50960 13
0.42449 0.79269 0.00072 1 -7.47500 -58.02500 0.00068 0.26087 -13
-1.76084 -4.52496 0.00065 1 -0.62500 37.92500 0.00061 0.32376 -13
-0.15357 4.74001 0.00056 1 -0.92500 37.95000 0.00056 0.32485 -13
-1.83864 -1.24968 0.00041 1 -1.77500 60.67500 0.00027 0.61181 -13
-5.57601 -2.45577 0.00019 1 -2.05000 64.15000 0.00008 0.65198 -13
0.97176 0.15493 0.00012 1 -2.42500 63.10000 0.00008 0.66983 -13
-0.49178 0.15747 0.00006 1 -1.52500 56.57500 0.00006 0.59810 -13
3.73653 -2.63417 0.00048 1 -4.40000 61.65000 0.00029 0.52902 -13
-3.81453 0.07561 0.00032 1 -4.75000 59.25000 0.00008 0.54329 -13
0.43289 0.37816 0.00014 1 -5.72500 58.75000 0.00013 0.55215 -13
-0.05020 0.47297 0.00021 1 -5.95000 -62.75000 0.00021 0.25708 13
-0.34823 0.18687 0.00061 1 -0.80000 -58.90000 0.00057 0.25962 -13
0.29183 -0.40503 0.00054 1 -1.85000 -59.37500 0.00053 0.26728 -13
-2.01302 0.30240 0.00042 1 -1.77500 -59.47500 0.00020 0.26812 -13
0.80627 -0.34489 0.00021 1 -2.35000 -60.42500 0.00016 0.27630 -13
2.65132 0.35418 0.00015 1 -4.22500 -16.17500 0.00006 1.07248 -13
-1.82188 0.71900 0.00030 1 3.70000 -34.87500 0.00017 0.50926 13
2.72348 2.95716 0.00022 1 3.70000 -34.95000 0.00017 0.51001 13
-0.33584 3.33032 0.00021 1 -3.80000 37.32500 0.00021 0.25749 13
0.23192 -1.04091 0.00016 1 -4.22500 38.27500 0.00015 0.27542 13
-3.23360 1.30760 0.00043 1 -4.05000 3.30000 0.00020 0.30149 13
0.03971 -0.44568 0.00016 1 -6.00000 1.62500 0.00016 0.32370 13
-4.19912 -0.94856 0.00026 1 -0.57500 -63.80000 0.00008 0.70432 -13
8.43695 -6.21167 0.00022 1 0.27500 -37.85000 0.00013 0.38838 13
0.34434 0.16985 0.00009 1 -0.07500 -45.05000 0.00009 0.49327 13
0.60669 -1.12632 0.00072 1 3.47500 39.07500 0.00067 0.27461 13
-4.70120 -8.62655 0.00031 1 1.80000 51.42500 0.00027 0.36945 13
-0.71790 -0.85322 0.00028 1 1.32500 52.50000 0.00024 0.37806 13
-1.50641 1.30234 0.00008 1 1.40000 -61.62500 0.00006 0.27815 13
0.15967 0.16341 0.00008 1 -5.32500 -22.45000 0.00008 0.37381 -13
0.01261 0.66864 0.00012 1 -8.02500 7.10000 0.00012 0.27211 -13
0.25237 0.09971 0.00038 1 -1.35000 -9.22500 0.00037 0.56303 -13
-0.13245 -0.45487 0.00033 1 -1.82500 -7.95000 0.00033 0.57349 -13
5.39602 2.36152 0.00039 1 -4.57500 48.87500 0.00017 0.30298 -13
-0.04051 0.29333 0.00019 1 -5.42500 48.95000 0.00019 0.32186 -13
0.99072 -0.60721 0.00037 1 -1.72500 19.70000 0.00028 0.26354 -13
-1.21684 2.94364 0.00035 1 -7.77500 -22.22500 0.00033 0.42879 13
0.53593 1.27203 0.00020 1 -7.77500 -23.00000 0.00019 0.44398 13
-0.58052 0.52038 0.00085 1 -6.47500 60.97500 0.00075 0.26296 13
-1.39864 0.47785 0.00030 1 -6.82500 61.60000 0.00018 0.26713 13
-0.41295 -0.36361 0.00023 1 -7.70000 61.42500 0.00021 0.27693 13
-5.15704 8.68214 0.00085 1 -2.55000 -41.70000 0.00073 0.28710 13
1.09432 -1.03476 0.00078 1 -2.97500 -46.50000 0.00062 0.32421 13
0.29926 -0.15955 0.00043 1 -2.82500 -46.62500 0.00042 0.32534 13
-0.43042 3.28229 0.00057 1 -3.32500 -46.30000 0.00056 0.32794 13
0.36387 -0.09919 0.00043 1 2.70000 59.62500 0.00041 0.26336 -13
-0.64218 -0.31978 0.00020 1 2.70000 59.57500 0.00017 0.26397 -13
-1.50637 -0.32809 0.00023 1 -5.20000 -54.22500 0.00013 0.35241 13
-0.04086 -1.01985 0.00009 1 -4.00000 43.85000 0.00009 0.40816 -13
1.62332 -0.04561 0.00066 1 -0.45000 -63.70000 0.00034 0.25714 -13
0.63538 5.15459 0.00042 1 0.37500 -63.22500 0.00042 0.26372 -13
-1.68882 2.25038 0.00021 1 0.45000 -63.27500 0.00017 0.26436 -13
0.14662 -0.71438 0.00019 1 -0.40000 33.15000 0.00019 1.36961 13
-1.80758 -0.04569 0.00085 1 0.07500 55.65000 0.00041 0.26833 13
-0.57173 0.45052 0.00070 1 1.37500 55.77500 0.00062 0.27583 13
0.37719 0.13907 0.00061 1 0.35000 54.52500 0.00057 0.28559 13
-0.79340 0.27155 0.00012 1 -6.55000 -55.05000 0.00009 0.76569 13
0.13194 -0.32391 0.00076 1 2.17500 59.72500 0.00075 0.25739 13
-0.14158 1.31506 0.00086 1 3.62500 -53.52500 0.00086 0.27742 13
-3.97282 -0.40710 0.00054 1 -7.27500 -64.87500 0.00014 0.27264 -13
-0.68086 -2.55680 0.00097 1 -1.97500 42.00000 0.00094 0.27706 13
-1.42876 -0.06392 0.00016 1 -3.85000 -60.65000 0.00009 2.06396 -13
0.31515 -0.84722 0.00035 1 -7.02500 57.45000 0.00034 0.26648 -13
-0.31023 0.21833 0.00057 1 3.55000 -47.80000 0.00055 0.61922 13
0.88568 0.16693 0.00019 1 2.55000 -48.20000 0.00014 0.62665 13
0.56136 -0.22111 0.00017 1 2.05000 -48.85000 0.00015 0.63454 13
1.75584 -0.67135 0.00042 1 -7.05000 -63.55000 0.00024 0.40364 13
-1.02727 -0.30308 0.00015 1 -7.02500 -63.47500 0.00011 0.40516 13
-0.02593 -0.37039 0.00047 1 -3.15000 -17.30000 0.00047 0.31204 13
-0.17955 0.47801 0.00039 1 -3.95000 -16.95000 0.00038 0.31732 13
-0.17170 -1.05160 0.00021 1 -4.90000 44.65000 0.00021 0.37716 13
0.69145 -1.70241 0.00082 1 -6.52500 -20.87500 0.00078 0.34598 -13
-0.81170 -1.86554 0.00014 1 4.47500 -53.35000 0.00013 1.60409 13
0.48034 0.93905 0.00093 1 -1.20000 -64.42500 0.00088 0.27660 -13
-0.47339 -1.39119 0.00085 1 -1.95000 -58.67500 0.00082 0.31549 -13
-7.34433 -3.09041 0.00052 1 -1.10000 -58.97500 0.00021 0.32030 -13
0.34964 0.19553 0.00015 1 -0.65000 -59.00000 0.00014 0.33181 -13
-0.38142 0.58021 0.00043 1 -4.42500 61.25000 0.00041 0.26858 13
-0.25847 -0.78203 0.00030 1 -4.82500 60.10000 0.00030 0.29279 13
-0.38882 0.37810 0.00018 1 -7.05000 62.12500 0.00017 0.26626 13
0.67227 -0.74137 0.00061 1 -7.70000 -60.02500 0.00054 0.27899 13
3.95173 3.85441 0.00029 1 -7.00000 60.27500 0.00021 0.26108 13
0.14696 0.48112 0.00031 1 -7.62500 59.77500 0.00031 0.26645 13
0.40110 -0.21275 0.00011 1 -7.65000 59.75000 0.00010 0.26705 13
0.65979 0.69186 0.00016 1 4.17500 -10.15000 0.00014 2.19711 -13
-0.57029 0.32340 0.00012 1 0.50000 -55.80000 0.00010 1.34047 13
-0.69167 -1.04410 0.00062 1 -3.32500 -63.05000 0.00056 0.49479 13
-0.05572 -0.95138 0.00082 1 2.17500 1.10000 0.00082 0.36376 -13
0.95416 -1.45525 0.00059 1 3.37500 1.72500 0.00052 0.37256 -13
0.50696 -1.33824 0.00037 1 3.10000 1.87500 0.00035 0.37404 -13
0.48115 0.16768 0.00053 1 2.05000 1.65000 0.00048 0.38118 -13
0.39772 -0.04131 0.00006 1 0.85000 58.52500 0.00006 0.34562 13
0.03844 0.64967 0.00072 1 4.30000 64.30000 0.00072 0.97574 13
1.60188 -0.07192 0.00057 1 4.47500 61.07500 0.00030 0.99227 13
3.14579 -4.05354 0.00025 1 -7.05000 60.92500 0.00020 0.99579 13
-0.11154 0.00376 0.00073 1 3.87500 -61.07500 0.00072 0.26243 13
0.13656 -0.44866 0.00068 1 2.55000 -61.32500 0.00067 0.27214 13
2.00832 -0.69346 0.00019 1 -1.95000 -15.85000 0.00010 0.26830 13
0.10797 0.01338 0.00074 1 -0.95000 53.00000 0.00074 0.26412 -13
-0.54880 0.88888 0.00029 1 -0.75000 53.50000 0.00027 0.27144 -13
0.21888 1.16719 0.00055 1 -0.80000 32.32500 0.00054 0.25787 13
1.98893 -3.70056 0.00051 1 -1.05000 32.27500 0.00045 0.27213 13
-0.96127 0.80103 0.00015 1 -4.45000 4.67500 0.00012 0.33507 -13
-1.36131 -1.45617 0.00079 1 2.07500 33.40000 0.00062 0.78140 13
-0.12548 -0.02187 0.00013 1 -7.05000 52.77500 0.00013 0.42963 -13
-0.27769 -0.09423 0.00028 1 -8.47500 9.82500 0.00027 0.26950 -13
0.20688 0.01028 0.00021 1 -1.10000 -2.97500 0.00021 1.20688 13
-1.98560 -1.11306 0.00035 1 -3.05000 -21.77500 0.00021 0.87217 13
-1.91466 -1.01764 0.00020 1 -3.27500 -20.27500 0.00012 0.88259 13
-0.47956 -0.56694 0.00018 1 -3.57500 -63.80000 0.00017 0.30020 13
-5.01749 -2.67891 0.00074 1 4.45000 6.32500 0.00037 0.27856 13
-2.27906 1.87760 0.00025 1 4.45000 6.00000 0.00017 0.28097 13
-0.07617 -0.00445 0.00007 1 4.17500 6.02500 0.00007 0.28722 13
-0.42640 -1.22536 0.00071 1 -2.75000 -61.97500 0.00069 0.63426 13
-1.16795 -2.21647 0.00014 1 4.50000 -10.47500 0.00013 0.57599 13
-0.24177 -0.02597 0.00038 1 -7.00000 19.07500 0.00037 1.58126 -13
-6.52154 -7.51081 0.00024 1 -7.15000 19.12500 0.00018 1.58261 -13
-0.05956 -0.08614 0.00008 1 0.37500 10.65000 0.00008 0.30417 -13
-1.19000 -2.08416 0.00013 1 -1.82500 -64.32500 0.00012 0.39665 13
-0.38983 1.54098 0.00048 1 0.07500 34.97500 0.00047 0.33847 13
-0.53181 0.19081 0.00073 1 -1.42500 35.20000 0.00065 0.34837 13
-1.90787 -0.22477 0.00043 1 -1.27500 35.45000 0.00020 0.35034 13
1.67035 1.12205 0.00047 1 -1.50000 35.22500 0.00031 0.35194 13
0.29524 0.68666 0.00025 1 -1.72500 34.52500 0.00025 0.35480 13
1.32587 2.80422 0.00021 1 1.32500 -58.42500 0.00019 0.25958 -13
0.83157 -0.12478 0.00065 1 -2.50000 -43.90000 0.00050 0.26281 -13
0.04187 0.58212 0.00055 1 -5.52500 63.75000 0.00055 0.25838 13
-0.33908 1.41822 0.00072 1 3.85000 -2.45000 0.00070 1.44176 13
0.42151 0.16873 0.00059 1 3.75000 -3.55000 0.00055 1.45788 13
-0.74083 -0.58234 0.00086 1 2.27500 40.97500 0.00072 0.38964 -13
-0.07907 -0.85984 0.00104 1 -7.50000 -62.75000 0.00103 0.26942 13
-1.03234 0.43521 0.00083 1 -6.12500 -63.05000 0.00060 0.27573 13
-0.86261 -0.28903 0.00010 1 -3.62500 -0.57500 0.00007 0.29997 -13
4.94486 5.88763 0.00085 1 4.12500 -55.10000 0.00065 0.34449 -13
0.25192 0.63485 0.00060 1 3.72500 -54.82500 0.00059 0.36579 -13
0.17864 -0.19013 0.00011 1 -6.52500 -45.92500 0.00010 0.27250 -13
0.55302 -0.41719 0.00029 1 -4.40000 39.62500 0.00026 1.10539 -13
-0.27898 -0.29598 0.00006 1 -3.42500 30.27500 0.00006 0.73552 -13
-2.27296 1.20964 0.00043 1 -7.82500 19.30000 0.00024 0.31111 13
0.37182 0.48131 0.00048 1 -8.47500 18.72500 0.00045 0.31655 13
-3.43032 6.01344 0.00044 1 -7.40000 36.32500 0.00038 0.28612 13
-3.52234 2.12050 0.00011 1 -8.02500 40.25000 0.00006 0.45874 13
-0.54456 -0.04051 0.00059 1 2.97500 -25.85000 0.00052 0.62584 -13
0.41853 0.47406 0.00044 1 2.20000 -27.17500 0.00041 0.63350 -13
0.56023 -0.84004 0.00017 1 2.15000 -27.25000 0.00015 0.63497 -13
1.09050 -0.81680 0.00033 1 -8.47500 51.25000 0.00025 0.30950 13
-1.93199 -2.19150 0.00031 1 -8.50000 51.17500 0.00024 0.31010 13
-0.34306 -1.46483 0.00019 1 -5.10000 -48.82500 0.00018 0.26761 -13
-0.10265 0.19121 0.00065 1 4.17500 -37.97500 0.00065 0.90454 13
0.26276 -0.10131 0.00062 1 2.97500 -38.22500 0.00060 0.91266 13
-0.41702 1.05303 0.00022 1 0.40000 57.47500 0.00021 1.53941 -13
5.55661 4.74621 0.00019 1 0.27500 57.37500 0.00013 1.54125 -13
0.03618 -0.03996 0.00007 1 1.37500 -43.62500 0.00007 0.47282 13
-0.45087 -0.05447 0.00087 1 -2.90000 -37.02500 0.00079 0.29261 13
0.35640 0.24669 0.00087 1 -4.40000 -37.70000 0.00083 0.30076 13
-0.55688 -0.15204 0.00062 1 -2.97500 -38.17500 0.00054 0.30836 13
0.23552 0.27049 0.00058 1 -4.05000 -38.65000 0.00056 0.31517 13
0.21263 -0.27302 0.00050 1 -0.15000 59.12500 0.00049 0.26004 13
2.28437 6.42765 0.00073 1 -3.00000 -61.57500 0.00069 0.26720 13
0.72617 0.54163 0.00074 1 -3.35000 -62.95000 0.00063 0.28097 13
-3.63031 -8.05321 0.00066 1 1.32500 64.30000 0.00061 0.51664 13
-0.71864 -0.94318 0.00027 1 -2.80000 61.65000 0.00024 0.26046 -13
-0.14269 -1.59283 0.00018 1 -1.35000 24.07500 0.00017 0.26171 -13
-1.52494 -0.91348 0.00066 1 -4.15000 -40.30000 0.00044 0.45334 -13
0.47537 0.59910 0.00060 1 -5.05000 -41.10000 0.00055 0.45919 -13
-0.29100 0.20372 0.00075 1 0.57500 56.22500 0.00072 0.25829 -13
-0.34418 -0.06042 0.00062 1 1.62500 54.95000 0.00058 0.27004 -13
0.22075 -0.25680 0.00055 1 0.57500 54.35000 0.00053 0.27759 -13
-0.14380 -0.52639 0.00061 1 -4.42500 -4.85000 0.00060 1.95350 13
-0.65029 0.42552 0.00062 1 -5.60000 -4.32500 0.00053 1.96059 13
2.39844 -5.36952 0.00077 1 1.90000 -5.05000 0.00071 0.37502 13
1.19013 -1.90671 0.00085 1 -5.80000 20.22500 0.00074 0.28019 13
-0.89036 1.76521 0.00073 1 -5.55000 20.12500 0.00067 0.28131 13
-0.61283 -0.45025 0.00048 1 -6.37500 19.27500 0.00042 0.29498 13
-5.62939 -1.58387 0.00049 1 -6.37500 19.45000 0.00015 0.29587 13
0.66400 -0.27943 0.00063 1 2.47500 -64.25000 0.00053 0.26181 -13
-0.94580 2.05897 0.00038 1 -5.50000 -17.92500 0.00035 0.31235 13
-1.04680 -0.01546 0.00053 1 -6.45000 -17.42500 0.00037 0.32079 13
-1.04949 -0.49154 0.00022 1 -6.47500 -17.40000 0.00016 0.32227 13
-0.53164 0.27922 0.00049 1 -2.92500 28.32500 0.00044 0.27269 13
3.18023 2.58089 0.00010 1 -7.72500 -18.07500 0.00007 1.40421 -13
-1.57733 0.13031 0.00011 1 -7.10000 -31.57500 0.00006 0.38740 -13
-0.34494 0.40180 0.00039 1 2.87500 -63.00000 0.00037 0.26940 13
0.53116 -0.15769 0.00019 1 2.30000 -63.62500 0.00017 0.27693 13
1.19782 0.10610 0.00051 1 -2.67500 12.00000 0.00033 0.25957 -13
0.72243 -0.94407 0.00041 1 -3.62500 -60.20000 0.00037 0.30898 13
0.96689 -0.70545 0.00010 1 -0.80000 -59.60000 0.00008 0.30541 13
-0.08593 -0.57356 0.00045 1 -8.50000 -35.15000 0.00045 0.26154 13
-0.80973 -0.84892 0.00057 1 -2.52500 57.90000 0.00048 0.28609 13
-0.36431 1.21479 0.00056 1 0.60000 -47.75000 0.00055 0.27192 13
0.82143 0.74512 0.00068 1 0.10000 -58.42500 0.00057 0.39293 -13
-0.45304 -0.49450 0.00069 1 -1.00000 -57.72500 0.00064 0.40447 -13
1.96851 -2.12648 0.00021 1 3.77500 -64.55000 0.00016 0.25814 13
0.86675 -4.48899 0.00020 1 -6.17500 40.55000 0.00020 0.93541 -13
-0.58715 0.13647 0.00037 1 4.47500 -38.37500 0.00032 0.31389 13
-0.50280 0.70924 0.00024 1 3.22500 64.92500 0.00022 0.45926 -13
-3.51359 2.69616 0.00010 1 -6.42500 -57.25000 0.00006 0.39124 13
0.04952 -0.11844 0.00073 1 -5.65000 -56.42500 0.00072 0.25854 -13
0.06715 -0.62032 0.00106 1 -7.30000 57.95000 0.00106 0.26238 -13
0.20945 0.36831 0.00080 1 -5.97500 57.15000 0.00078 0.26919 -13
-0.87213 -0.64932 0.00090 1 -7.07500 59.57500 0.00073 0.28291 -13
-0.87197 -0.04804 0.00076 1 -5.55000 59.77500 0.00057 0.29185 -13
1.01006 -0.81450 0.00062 1 -6.72500 58.50000 0.00048 0.30164 -13
-0.51113 1.95590 0.00054 1 -6.65000 58.45000 0.00053 0.30216 -13
0.22943 -0.53520 0.00037 1 -7.27500 59.07500 0.00037 0.31447 -13
0.07276 0.32677 0.00053 1 -6.27500 -58.75000 0.00053 0.26024 -13
-0.13149 -0.61103 0.00044 1 -6.92500 -58.00000 0.00044 0.27180 -13
-0.97961 -0.57042 0.00016 1 -5.05000 37.35000 0.00012 1.35868 -13
-0.61131 -0.67268 0.00028 1 -5.80000 -64.60000 0.00025 0.87348 -13
-0.77172 -1.07401 0.00014 1 -8.20000 58.02500 0.00012 0.64287 13
0.39188 -0.91594 0.00062 1 -2.85000 34.47500 0.00060 0.41215 -13
-1.07424 0.33630 0.00046 1 -3.65000 34.80000 0.00032 0.41640 -13
-0.02678 -0.14510 0.00040 1 -3.62500 34.85000 0.00040 0.41715 -13
0.36784 0.30095 0.00022 1 -4.32500 35.25000 0.00021 0.42345 -13
-0.44976 -1.34908 0.00099 1 -2.67500 -58.00000 0.00095 0.26696 13
0.09925 0.45928 0.00024 1 -1.75000 -58.00000 0.00024 0.28071 13
8.64228 -3.83341 0.00063 1 -3.10000 -1.80000 0.00026 0.26483 13
2.72613 -2.70773 0.00076 1 -3.80000 -4.17500 0.00055 0.28021 13
1.98627 -0.83261 0.00065 1 -3.82500 -7.40000 0.00035 0.29839 13
2.84470 -1.97869 0.00020 1 1.65000 -45.75000 0.00012 0.31625 -13
0.18583 0.04662 0.00006 1 -7.80000 -38.52500 0.00006 1.00761 13
0.17373 0.64467 0.00015 1 0.12500 25.10000 0.00015 1.85606 -13
0.72437 -0.10121 0.00085 1 -2.85000 59.77500 0.00069 0.33854 -13
-0.70300 0.07457 0.00083 1 -4.20000 60.90000 0.00068 0.34709 -13
-1.86483 0.08394 0.00076 1 -4.17500 45.52500 0.00036 0.31406 13
-1.24860 -0.90328 0.00063 1 -1.37500 64.32500 0.00046 0.26645 13
-0.37847 -0.23603 0.00006 1 2.32500 -48.27500 0.00006 0.78932 13
0.20391 -0.37511 0.00058 1 0.32500 60.07500 0.00057 0.25758 -13
-1.71199 1.65678 0.00035 1 3.87500 58.65000 0.00026 0.68116 13
-0.54071 3.98366 0.00024 1 3.60000 58.70000 0.00024 0.68273 13
-2.40064 -4.63494 0.00019 1 -4.95000 64.45000 0.00017 0.27771 13
0.35490 0.13434 0.00011 1 -5.27500 -19.25000 0.00010 0.93182 13
-0.82599 -1.66090 0.00077 1 4.15000 -64.20000 0.00071 0.38422 -13
-1.01020 -0.63364 0.00041 1 4.12500 -64.32500 0.00031 0.38691 -13
0.36562 1.57013 0.00021 1 3.72500 -64.52500 0.00020 0.39011 -13
0.81966 1.42322 0.00029 1 -8.45000 61.00000 0.00026 0.27152 -13
0.31115 -1.13281 0.00037 1 -0.40000 -34.20000 0.00036 0.32475 13
-1.53796 0.58754 0.00077 1 -7.65000 -64.85000 0.00047 0.26780 -13
-0.22716 0.48559 0.00069 1 -7.60000 -64.70000 0.00067 0.26890 -13
1.31012 -0.49707 0.00032 1 -7.92500 -64.55000 0.00021 0.30392 -13
1.71657 0.02315 0.00018 1 -4.27500 63.15000 0.00009 0.26105 13
0.43002 -0.03970 0.00018 1 -5.07500 63.25000 0.00016 0.26988 13
0.18559 0.63465 0.00007 1 -5.35000 -9.97500 0.00007 0.81568 13
-0.44920 0.58341 0.00010 1 -5.50000 -9.92500 0.00009 0.81726 13
1.96967 0.58405 0.00011 1 -1.95000 12.12500 0.00006 1.20694 -13
-2.92698 2.84497 0.00038 1 -3.22500 11.42500 0.00027 0.26432 -13
0.34901 -0.05500 0.00032 1 -3.97500 10.75000 0.00030 0.27272 -13
-0.34047 -1.23054 0.00062 1 -0.57500 -52.35000 0.00061 0.32918 13
4.48519 3.61978 0.00048 1 0.17500 -52.45000 0.00031 0.33340 13
0.63165 0.31691 0.00086 1 -1.85000 64.35000 0.00074 0.41565 13
2.45759 -5.41592 0.00060 1 -0.97500 64.65000 0.00055 0.43086 13
-0.22597 0.86550 0.00060 1 -0.87500 -60.07500 0.00059 2.17954 13
0.41298 -0.74522 0.00058 1 -1.62500 -61.05000 0.00055 2.19095 13
-0.70540 0.60341 0.00016 1 -0.92500 -61.07500 0.00014 2.19695 13
1.22893 -0.94552 0.00050 1 -1.97500 27.75000 0.00037 0.41042 -13
-0.94629 -0.86958 0.00022 1 -2.02500 23.60000 0.00018 0.47204 -13
0.18326 -2.22496 0.00010 1 -7.42500 51.75000 0.00010 0.34078 13
0.33019 0.50012 0.00016 1 -8.50000 -58.65000 0.00015 0.26578 13
-0.52050 -0.98171 0.00095 1 3.50000 62.62500 0.00089 0.27130 13
9.82362 8.97980 0.00046 1 2.85000 61.37500 0.00031 0.27718 13
2.78236 -1.69911 0.00037 1 2.35000 59.77500 0.00021 0.29606 13
2.05277 -4.22722 0.00042 1 2.02500 54.82500 0.00038 0.33494 13
-0.36479 -2.81487 0.00011 1 2.25000 26.77500 0.00011 1.01429 13
-0.70411 -0.24471 0.00013 1 1.82500 28.12500 0.00011 1.03232 13
0.07436 -0.12418 0.00047 1 -3.07500 34.97500 0.00047 2.97787 -13
0.81697 1.47730 0.00053 1 -3.85000 34.87500 0.00049 2.98176 -13
-0.70493 -0.20515 0.00087 1 -8.00000 -61.85000 0.00072 0.26834 13
-0.49382 0.07631 0.00076 1 -7.97500 -64.75000 0.00069 0.28798 13
1.73178 -2.03899 0.00031 1 0.72500 60.80000 0.00024 0.26412 -13
-0.87051 0.27801 0.00034 1 -7.20000 -62.75000 0.00026 0.25905 13
-0.47370 -0.58972 0.00047 1 -3.65000 63.15000 0.00044 1.29811 -13
0.89905 -0.12042 0.00014 1 -3.62500 63.22500 0.00011 1.29935 -13
-0.17907 -0.22669 0.00011 1 -5.90000 -16.22500 0.00011 2.23552 -13
1.19059 -0.78558 0.00014 1 -3.15000 -29.45000 0.00010 0.71388 13
0.25673 -0.45742 0.00007 1 -3.95000 -41.75000 0.00006 0.33600 -13
0.55085 -0.36770 0.00100 1 0.52500 53.47500 0.00089 0.26721 -13
-4.12301 2.19487 0.00055 1 -4.02500 63.67500 0.00028 0.27091 13
-3.16082 -1.09565 0.00040 1 -4.42500 62.70000 0.00017 0.27937 13
5.29000 2.17538 0.00037 1 -4.45000 62.62500 0.00015 0.27994 13
-5.22271 2.12741 0.00034 1 -4.45000 31.85000 0.00014 0.46650 13
-5.31363 -9.98355 0.00065 1 -0.75000 -61.52500 0.00058 0.26924 13
-3.51078 0.59325 0.00050 1 -0.02500 -60.40000 0.00016 0.28196 13
-0.11476 -0.26402 0.00099 1 1.37500 -62.75000 0.00099 0.26219 13
0.18874 0.28770 0.00098 1 -0.35000 -63.10000 0.00096 0.27067 13
0.20572 0.37970 0.00089 1 1.27500 -63.02500 0.00087 0.27896 13
-0.00756 -0.17048 0.00083 1 -0.22500 -62.42500 0.00083 0.29138 13
-0.63501 -0.55562 0.00064 1 -2.67500 14.72500 0.00056 1.41726 13
0.62414 0.23451 0.00058 1 -3.52500 14.12500 0.00049 1.42237 13
1.44687 -1.36191 0.00055 1 2.90000 -46.40000 0.00042 0.26063 13
0.81276 -0.15840 0.00077 1 -8.42500 59.82500 0.00060 0.25883 -13
3.66738 -3.09778 0.00023 1 -3.72500 -56.95000 0.00015 0.41990 -13
2.89024 4.04664 0.00055 1 -3.02500 -5.20000 0.00045 0.38267 13
-0.93435 -0.49396 0.00035 1 -7.50000 -61.65000 0.00027 0.26346 -13
-0.09775 -0.35936 0.00061 1 -3.87500 58.02500 0.00060 0.27999 -13
0.27211 0.09985 0.00068 1 -7.20000 -11.97500 0.00065 0.75617 -13
0.22310 0.34494 0.00032 1 -5.75000 60.30000 0.00031 0.25786 13
1.32125 -1.95936 0.00007 1 -3.60000 -57.42500 0.00006 0.27520 13
-1.48212 1.87092 0.00071 1 -1.45000 -41.87500 0.00058 0.25814 13
1.14889 -0.08962 0.00050 1 0.30000 -54.62500 0.00033 0.27620 13
-0.15898 -2.14566 0.00031 1 -0.52500 -53.80000 0.00031 0.28471 13
-7.74210 7.31782 0.00032 1 -0.85000 -56.80000 0.00022 0.32428 13
0.34101 0.20792 0.00035 1 -1.37500 -57.97500 0.00033 0.33148 13
-0.47514 -0.05347 0.00052 1 0.57500 -59.80000 0.00047 0.55376 -13
0.20129 0.64011 0.00047 1 -0.37500 -60.07500 0.00046 0.56023 -13
0.04995 -0.73396 0.00083 1 1.05000 -44.30000 0.00083 0.37855 13
-0.47995 -0.29851 0.00066 1 1.32500 -44.20000 0.00060 0.38007 13
0.50337 0.44871 0.00064 1 0.32500 -44.75000 0.00058 0.38579 13
-0.44053 1.02089 0.00032 1 -4.67500 64.52500 0.00031 0.26815 -13
0.10467 1.05548 0.00080 1 3.37500 50.80000 0.00080 0.29407 -13
-0.71618 -0.24738 0.00040 1 3.15000 51.02500 0.00033 0.29627 -13
0.44103 -0.42052 0.00039 1 2.42500 50.42500 0.00036 0.30438 -13
0.18197 -0.20602 0.00035 1 -1.75000 -62.82500 0.00034 0.26095 -13
-0.06555 -0.45018 0.00071 1 -1.62500 50.85000 0.00071 0.26247 13
-0.04498 -0.03010 0.00073 1 -3.02500 50.40000 0.00073 0.27168 13
-1.43924 0.30840 0.00020 1 -0.55000 59.65000 0.00011 0.25863 13
-0.45311 -1.02336 0.00007 1 0.85000 -31.67500 0.00007 0.35787 13
-1.37495 -1.25666 0.00068 1 3.82500 -8.05000 0.00052 0.29786 -13
3.14881 3.77882 0.00036 1 3.92500 -6.77500 0.00028 0.31007 -13
0.10999 -0.17263 0.00022 1 -1.12500 -62.72500 0.00022 0.33067 -13
0.49297 -0.93129 0.00083 1 0.65000 -54.17500 0.00078 0.39107 -13
4.09512 -4.21065 0.00022 1 3.32500 -46.22500 0.00016 0.26752 13
1.06521 0.31997 0.00086 1 -4.02500 63.32500 0.00061 0.30288 -13
-1.15927 1.25171 0.00028 1 -3.42500 62.72500 0.00023 0.31904 -13
-5.02056 -5.40982 0.00035 1 0.10000 48.92500 0.00026 0.26262 13
0.27970 6.64495 0.00016 1 -0.12500 54.00000 0.00016 0.29765 13
3.15972 0.59232 0.00016 1 0.00000 29.52500 0.00006 0.45088 13
-0.35239 0.11678 0.00069 1 -1.25000 -64.67500 0.00065 0.77563 13
0.09291 -0.85613 0.00034 1 -0.80000 -64.45000 0.00034 0.78810 13
1.34986 1.76028 0.00009 1 -1.60000 -64.70000 0.00008 0.80135 13
0.59341 0.86052 0.00049 1 0.00000 2.65000 0.00044 0.79336 -13
3.05550 1.97853 0.00015 1 -0.42500 4.15000 0.00009 0.80467 -13
0.24518 0.43703 0.00017 1 -1.02500 4.05000 0.00016 0.80997 -13
4.71907 -3.58261 0.00040 1 -3.35000 46.55000 0.00025 0.25692 -13
0.67996 -7.49880 0.00020 1 -3.82500 41.37500 0.00020 0.38038 -13
0.11770 -2.46538 0.00080 1 2.95000 -63.62500 0.00080 0.26042 13
-0.67828 2.44210 0.00076 1 2.02500 -63.12500 0.00073 0.26528 13
0.63722 -0.00240 0.00025 1 2.22500 -49.10000 0.00021 0.32405 -13
4.51574 1.63441 0.00061 1 -6.27500 26.32500 0.00024 0.26468 -13
1.30797 -0.19241 0.00037 1 -6.47500 25.95000 0.00023 0.26676 -13
-0.47242 -1.31434 0.00009 1 1.45000 -59.02500 0.00008 0.66278 -13
0.45435 -0.10718 0.00094 1 1.22500 53.85000 0.00086 0.26485 -13
-0.67770 -0.10540 0.00091 1 -0.37500 54.97500 0.00075 0.27539 -13
0.24629 -0.32367 0.00081 1 1.15000 55.62500 0.00079 0.28694 -13
-0.37675 0.16922 0.00079 1 -0.25000 56.30000 0.00074 0.29525 -13
-1.14338 3.13481 0.00051 1 0.42500 57.67500 0.00048 0.30943 -13
0.02192 -0.07802 0.00014 1 -2.30000 56.65000 0.00014 0.45437 -13
-0.62731 0.17459 0.00007 1 -0.20000 -55.45000 0.00006 0.34517 13
9.72656 3.27674 0.00085 1 -1.47500 58.10000 0.00028 0.48877 13
-2.58001 0.67210 0.00060 1 -2.70000 63.12500 0.00025 0.50639 13
-2.05655 3.35760 0.00023 1 -1.77500 47.22500 0.00020 0.57213 13
0.64357 -0.24010 0.00014 1 -2.07500 45.20000 0.00012 0.59122 13
0.28841 1.10634 0.00017 1 0.02500 -31.35000 0.00016 0.48453 -13
-0.56721 -0.83751 0.00045 1 2.17500 -2.77500 0.00041 0.80181 -13
0.24802 0.43027 0.00067 1 -8.40000 -63.22500 0.00066 0.28977 -13
0.39311 0.23502 0.00058 1 -8.45000 -58.65000 0.00054 0.35532 -13
0.41111 0.19056 0.00050 1 -8.47500 -57.22500 0.00046 0.37035 -13
-0.61019 -0.65733 0.00044 1 1.65000 -58.00000 0.00039 0.28431 -13
-0.17833 -0.21533 0.00053 1 0.72500 -58.00000 0.00052 0.29428 -13
1.24258 1.11764 0.00047 1 -3.17500 64.72500 0.00036 0.53712 -13
-0.18410 -0.32944 0.00014 1 2.12500 63.45000 0.00014 0.35076 -13
0.10802 3.02287 0.00043 1 -1.87500 6.22500 0.00043 0.32017 13
0.27049 0.19150 0.00050 1 -2.35000 6.52500 0.00048 0.33464 13
0.45898 0.31145 0.00013 1 4.42500 -23.65000 0.00012 0.51879 13
-4.86493 -0.30665 0.00073 1 -7.27500 58.25000 0.00015 0.25931 13
-1.29300 0.24210 0.00060 1 -7.22500 58.10000 0.00037 0.25992 13
0.61064 0.10844 0.00060 1 -8.30000 57.32500 0.00051 0.26916 13
-0.46223 0.17236 0.00035 1 -8.22500 57.25000 0.00032 0.27033 13
0.63888 0.35189 0.00007 1 -2.45000 -57.80000 0.00006 0.30410 -13
2.62699 -0.18018 0.00078 1 -7.57500 -61.75000 0.00028 0.43094 13
1.42100 -1.68487 0.00029 1 4.15000 -63.80000 0.00023 0.44423 13
1.08019 0.78395 0.00019 1 -6.65000 -25.42500 0.00015 0.75954 13
-3.82964 3.85283 0.00023 1 -6.85000 -26.17500 0.00017 0.76557 13
0.80539 -2.59281 0.00006 1 0.55000 -39.27500 0.00006 0.50889 13
0.01310 -0.53980 0.00074 1 -4.57500 55.90000 0.00074 0.30029 13
-0.06337 0.70669 0.00073 1 -5.65000 56.20000 0.00073 0.30537 13
0.27492 -0.98945 0.00042 1 -1.77500 -63.15000 0.00041 0.26055 -13
-0.55553 0.50899 0.00024 1 -0.55000 14.15000 0.00021 0.93599 13
0.06838 -1.29832 0.00038 1 0.00000 -50.65000 0.00038 0.30984 -13
0.26990 0.50607 0.00012 1 -0.17500 52.25000 0.00012 0.81894 13
-0.97960 -1.30096 0.00065 1 -4.27500 -59.27500 0.00056 0.26659 -13
0.21661 1.10441 0.00085 1 -7.12500 55.42500 0.00084 0.26014 -13
-0.87517 5.26207 0.00047 1 -7.87500 57.75000 0.00047 0.31005 -13
-0.63068 -1.15820 0.00040 1 -8.00000 57.25000 0.00037 0.32678 -13
0.67650 1.59812 0.00027 1 -8.35000 56.77500 0.00025 0.33013 -13
-0.08405 -0.06616 0.00009 1 -5.12500 -46.20000 0.00009 0.49121 13
1.26001 9.07851 0.00062 1 1.65000 61.92500 0.00061 0.27011 13
0.22563 -0.81632 0.00075 1 -4.97500 -49.57500 0.00074 0.48329 13
0.09084 0.53128 0.00071 1 -6.10000 -49.47500 0.00070 0.48864 13
-7.48393 2.12933 0.00039 1 -5.72500 -61.87500 0.00012 0.26240 -13
-1.05272 0.78977 0.00081 1 4.50000 61.57500 0.00062 0.27624 13
-1.14255 0.07122 0.00045 1 -7.57500 60.95000 0.00030 0.27990 13
0.21630 0.59571 0.00033 1 -8.22500 60.40000 0.00033 0.28437 13
0.16313 0.28202 0.00047 1 0.52500 44.20000 0.00046 1.42647 -13
-0.30894 0.10375 0.00039 1 -0.22500 44.70000 0.00037 1.43406 -13
1.49234 -2.36864 0.00090 1 0.92500 -50.52500 0.00078 1.61194 13
-4.22184 3.48036 0.00074 1 0.80000 -50.42500 0.00048 1.61254 13
-3.33738 1.03278 0.00042 1 1.92500 -51.35000 0.00017 1.62392 13
0.27791 0.00330 0.00093 1 1.35000 61.07500 0.00090 0.25683 13
-0.08437 -0.01431 0.00092 1 -0.37500 61.37500 0.00092 0.26661 13
-0.34788 -0.53211 0.00075 1 0.90000 59.92500 0.00072 0.27646 13
0.64569 0.73330 0.00074 1 -0.02500 59.57500 0.00066 0.28076 13
0.65890 0.05831 0.00051 1 3.80000 11.65000 0.00043 1.13154 -13
-0.83422 -0.06347 0.00046 1 3.12500 12.82500 0.00035 1.14034 -13
-7.07659 9.76055 0.00011 1 -4.92500 63.82500 0.00009 0.29469 13
-0.15829 -0.52369 0.00036 1 -5.25000 61.82500 0.00036 0.29065 13
0.53064 0.12852 0.00059 1 1.70000 64.65000 0.00052 0.52349 13
0.01733 0.78781 0.00052 1 -4.35000 -30.67500 0.00052 0.61841 13
-0.34526 -0.62713 0.00049 1 -5.17500 -30.27500 0.00047 0.62764 13
0.60007 -0.18105 0.00019 1 -5.40000 -30.47500 0.00016 0.63195 13
-0.89368 -1.99832 0.00054 1 -4.65000 61.75000 0.00050 0.29570 -13
1.02068 6.85647 0.00027 1 -4.87500 61.57500 0.00027 0.29871 -13
-7.32461 2.54038 0.00036 1 -0.62500 -29.35000 0.00013 0.35170 -13
-0.45062 -0.13093 0.00034 1 -5.12500 -62.97500 0.00031 1.35212 13
0.74621 -0.00579 0.00042 1 -2.00000 -62.90000 0.00034 1.74784 13
1.26542 -1.28738 0.00062 1 -8.45000 56.75000 0.00049 0.27947 13
-0.62063 0.05375 0.00041 1 -8.35000 56.70000 0.00035 0.28010 13
-0.10582 -0.56136 0.00011 1 -3.85000 -47.20000 0.00011 0.52561 13
-3.24103 0.65896 0.00050 1 -3.72500 -52.60000 0.00017 0.61084 -13
0.06326 -0.11640 0.00017 1 -3.30000 -52.82500 0.00017 0.62514 -13
-9.72553 3.69696 0.00045 1 -7.30000 46.87500 0.00016 0.26006 13
0.56655 -0.66226 0.00032 1 -8.25000 45.52500 0.00029 0.27240 13
0.50154 0.39605 0.00060 1 -3.30000 1.27500 0.00055 0.37865 -13
-1.39982 -1.21970 0.00025 1 -4.70000 1.75000 0.00019 0.39119 -13
0.15774 -0.26798 0.00025 1 -5.72500 2.02500 0.00024 0.40436 -13
-1.11797 -1.28257 0.00101 1 -3.47500 32.72500 0.00084 0.28439 -13
-0.27293 -3.06157 0.00069 1 -3.57500 33.15000 0.00069 0.28669 -13
0.27832 -0.30716 0.00094 1 3.10000 64.27500 0.00091 0.26486 13
-3.64436 -3.70947 0.00043 1 0.02500 64.67500 0.00031 1.82337 -13
0.20477 0.56266 0.00019 1 0.02500 64.82500 0.00019 1.82440 -13
0.37321 0.16254 0.00039 1 -4.35000 26.15000 0.00037 1.59790 13
1.25497 0.74078 0.00071 1 3.87500 -61.65000 0.00050 0.25670 -13
-0.47223 -0.56760 0.00027 1 3.55000 -56.22500 0.00025 0.31270 -13
-1.57295 -1.58436 0.00024 1 -0.07500 33.77500 0.00019 0.58672 -13
-0.69784 -0.30727 0.00081 1 0.90000 -64.97500 0.00067 0.25706 13
1.24574 -1.80282 0.00021 1 0.77500 55.97500 0.00018 0.30585 -13
-6.31408 -7.03133 0.00016 1 -3.50000 -53.32500 0.00012 0.34135 -13
-0.09427 -0.81287 0.00006 1 -4.45000 5.62500 0.00006 0.32545 -13
0.89729 -0.26107 0.00078 1 -8.42500 59.85000 0.00059 0.26392 -13
0.21343 0.44779 0.00019 1 -7.25000 59.90000 0.00019 0.27018 -13
0.44584 -0.01888 0.00037 1 -2.60000 -60.50000 0.00034 0.26954 13
-0.00093 -0.20797 0.00034 1 -3.25000 -60.22500 0.00034 0.27893 13
-0.05680 0.19134 0.00015 1 -3.22500 -60.25000 0.00015 0.27949 13
1.66239 -0.06913 0.00025 1 -3.90000 52.77500 0.00013 0.25918 -13
0.88184 -0.33712 0.00065 1 3.25000 63.75000 0.00050 0.27171 13
0.51650 0.30966 0.00070 1 -1.37500 -62.57500 0.00063 0.27226 13
-0.44493 -0.50668 0.00070 1 -2.50000 -61.92500 0.00065 0.28360 13
-0.54799 0.73736 0.00054 1 -1.32500 -61.95000 0.00049 0.29087 13
-0.02876 -0.99342 0.00025 1 -2.30000 -63.87500 0.00025 0.31276 13
-0.28642 -0.26878 0.00067 1 -8.42500 54.50000 0.00065 0.25669 -13
0.09651 -0.10213 0.00048 1 -8.22500 54.55000 0.00047 0.25803 -13
0.79265 -3.79868 0.00089 1 -1.55000 13.62500 0.00087 0.72026 13
-0.24203 4.18177 0.00074 1 -2.22500 13.75000 0.00074 0.72293 13
0.70069 0.85711 0.00016 1 -5.62500 31.82500 0.00014 0.40703 13
-0.14177 0.31116 0.00077 1 -2.42500 60.52500 0.00076 0.32907 13
0.29559 -0.22399 0.00074 1 -3.70000 59.80000 0.00071 0.34037 13
0.37199 0.09632 0.00010 1 0.00000 -39.10000 0.00010 0.25921 13
1.13953 0.51086 0.00029 1 3.47500 -58.97500 0.00020 0.26484 13
0.25246 -2.70215 0.00079 1 0.10000 -18.15000 0.00079 0.36652 -13
0.45561 2.38889 0.00044 1 0.05000 -18.95000 0.00043 0.37643 -13
-0.34893 0.56911 0.00045 1 -6.90000 -45.02500 0.00043 0.26591 -13
-0.41930 3.28898 0.00014 1 -8.02500 -48.77500 0.00014 0.40220 -13
0.26230 -0.71635 0.00016 1 -1.07500 -7.15000 0.00016 0.26223 13
-0.85934 -2.66280 0.00049 1 0.22500 -45.30000 0.00047 0.39045 -13
-0.17806 3.77322 0.00045 1 0.30000 -45.30000 0.00045 0.39088 -13
1.32579 -0.94431 0.00043 1 0.32500 -45.30000 0.00031 0.39099 -13
-0.29666 -0.51152 0.00068 1 -6.87500 -64.12500 0.00066 0.44542 13
1.10211 -0.71137 0.00016 1 -6.52500 57.85000 0.00012 0.25872 -13
-0.72880 -0.78385 0.00074 1 -1.90000 23.82500 0.00064 0.31382 -13
0.55307 0.14242 0.00053 1 -0.72500 23.85000 0.00046 0.32033 -13
-0.24317 -0.04643 0.00053 1 -1.70000 24.20000 0.00051 0.32661 -13
-0.92514 1.00892 0.00021 1 -1.55000 24.10000 0.00018 0.32793 -13
-3.81097 1.94591 0.00040 1 -2.27500 51.47500 0.00020 0.26823 -13
0.79450 0.20485 0.00020 1 -3.17500 49.80000 0.00016 0.28202 -13
0.07466 0.32584 0.00015 1 -4.97500 22.42500 0.00015 0.46317 -13
0.80078 -0.29113 0.00026 1 -4.67500 -63.07500 0.00020 1.95680 13
-0.99167 -1.15175 0.00093 1 -7.42500 55.20000 0.00078 0.26467 -13
0.74821 -0.46621 0.00091 1 3.30000 53.57500 0.00075 0.27673 -13
0.00257 -0.29664 0.00049 1 -6.55000 54.92500 0.00049 0.29594 -13
0.26428 0.17783 0.00033 1 -7.37500 54.80000 0.00032 0.30108 -13
-0.12793 -0.43707 0.00010 1 -7.37500 54.82500 0.00010 0.30216 -13
0.45772 -0.82611 0.00036 1 -7.12500 -47.97500 0.00034 0.27901 -13
-1.06053 0.10488 0.00051 1 -0.30000 45.87500 0.00035 0.28990 13
0.72681 -2.04633 0.00042 1 -0.80000 37.25000 0.00040 0.40333 13
-0.08387 0.10728 0.00006 1 -0.60000 38.67500 0.00006 0.46214 13
-1.16112 0.86180 0.00065 1 1.12500 13.12500 0.00049 0.37453 -13
5.62087 -0.54938 0.00051 1 -0.40000 9.82500 0.00010 0.39484 -13
1.13048 0.02680 0.00053 1 -1.02500 7.82500 0.00035 0.40316 -13
0.18399 0.23062 0.00037 1 -4.45000 64.62500 0.00036 0.28442 -13
0.55697 0.29656 0.00008 1 -7.22500 38.10000 0.00007 0.57465 13
-4.73927 -3.46730 0.00038 1 -7.37500 62.25000 0.00023 0.37857 -13
-0.79550 -0.46140 0.00045 1 -2.47500 57.92500 0.00036 0.25849 13
-0.63216 0.14009 0.00021 1 -8.35000 57.00000 0.00018 0.29993 13
-2.78063 9.29849 0.00020 1 -0.75000 2.90000 0.00019 2.26303 -13
0.73786 -3.32848 0.00076 1 -4.62500 -25.67500 0.00074 0.25808 -13
0.28548 -0.53324 0.00071 1 -0.12500 0.47500 0.00069 0.88639 13
0.87380 -0.38770 0.00053 1 -6.22500 -51.32500 0.00041 0.36178 13
3.10864 -5.42357 0.00018 1 -5.90000 64.12500 0.00016 0.27252 13
-1.63057 -0.75790 0.00033 1 -6.50000 64.72500 0.00020 0.28219 13
3.62654 -5.34654 0.00028 1 -6.50000 64.75000 0.00024 0.28251 13
-2.14785 -1.85215 0.00014 1 -6.52500 64.72500 0.00010 0.28281 13
-0.90073 -1.00655 0.00038 1 -4.82500 33.65000 0.00032 0.25909 13
2.47434 4.30771 0.00040 1 -5.00000 33.60000 0.00035 0.26021 13
-0.35623 -5.61766 0.00011 1 -5.05000 33.60000 0.00011 0.26038 13
-1.76124 -0.26291 0.00015 1 -5.47500 39.47500 0.00007 0.30530 13
7.34691 -8.43777 0.00024 1 -7.60000 -39.47500 0.00018 0.30081 -13
3.74202 0.21046 0.00080 1 -5.97500 -59.40000 0.00021 0.27306 13
0.44853 -0.13811 0.00084 1 3.45000 5.17500 0.00076 0.33444 13
-0.70190 0.28247 0.00076 1 1.95000 5.95000 0.00063 0.34413 13
0.06421 -0.22862 0.00051 1 0.57500 -29.77500 0.00051 0.45446 -13
-0.03325 0.36939 0.00035 1 -0.32500 -29.75000 0.00035 0.45979 -13
-0.91993 -0.50335 0.00010 1 -7.87500 44.82500 0.00008 0.48535 13
-0.40952 -4.01763 0.00063 1 -0.55000 -59.35000 0.00063 0.27696 13
-0.86062 -0.97091 0.00039 1 -1.22500 -59.65000 0.00034 0.28229 13
0.74972 1.79841 0.00036 1 -1.55000 -60.65000 0.00034 0.29934 13
-2.04557 0.11007 0.00014 1 -1.75000 -61.62500 0.00006 0.32316 13
0.09184 -0.58491 0.00091 1 -3.22500 59.87500 0.00091 0.25983 -13
1.40919 -0.82637 0.00074 1 -1.70000 60.55000 0.00050 0.26895 -13
7.22598 2.69899 0.00018 1 -1.90000 61.00000 0.00007 0.27124 -13
-4.74908 -8.78680 0.00071 1 -2.37500 51.60000 0.00063 0.28208 -13
0.79021 0.50090 0.00056 1 -2.22500 51.72500 0.00046 0.28292 -13
0.05799 -0.24249 0.00048 1 -3.00000 52.67500 0.00048 0.29318 -13
-0.14372 0.65593 0.00007 1 -7.35000 -30.75000 0.00007 0.30458 13
-0.66124 -0.84737 0.00007 1 -6.05000 -54.17500 0.00006 0.32251 13
-0.49690 -0.50657 0.00053 1 1.00000 -40.30000 0.00048 0.28340 13
-2.24935 -2.02710 0.00020 1 -1.50000 45.45000 0.00014 0.25993 13
1.35438 -1.15470 0.00071 1 2.77500 -62.00000 0.00053 0.25882 13
1.40854 0.66662 0.00028 1 3.62500 -63.27500 0.00018 0.26861 13
-0.12252 -0.12999 0.00016 1 3.37500 -62.90000 0.00016 0.27178 13
0.10762 0.01613 0.00048 1 -4.65000 13.87500 0.00048 0.28108 -13
0.31748 -0.33819 0.00029 1 -2.17500 62.12500 0.00027 0.26353 -13
0.00720 0.51802 0.00033 1 -0.55000 -54.25000 0.00033 0.35348 -13
1.28166 -7.47018 0.00074 1 4.45000 -38.45000 0.00073 0.50795 -13
-0.30192 -2.36666 0.00069 1 4.37500 -38.45000 0.00069 0.50820 -13
0.04825 0.51287 0.00059 1 3.50000 -38.70000 0.00059 0.51221 -13
0.44056 0.64276 0.00017 1 3.70000 -38.55000 0.00016 0.51479 -13
-0.64299 -3.13994 0.00064 1 0.97500 32.30000 0.00063 0.84616 13
0.02518 0.27719 0.00076 1 1.47500 -60.95000 0.00076 0.26533 -13
-0.27820 -0.49380 0.00067 1 0.10000 -61.02500 0.00065 0.27520 -13
-0.53949 0.37170 0.00021 1 0.60000 -59.67500 0.00019 0.28325 -13
-3.16092 0.38690 0.00025 1 -4.80000 -34.75000 0.00008 0.26904 -13
0.25329 0.70789 0.00015 1 -5.42500 -37.12500 0.00015 0.29510 -13
-1.32071 -1.73187 0.00104 1 -5.37500 51.22500 0.00087 0.26573 13
0.03323 0.74495 0.00017 1 4.10000 40.97500 0.00017 0.29328 -13
-0.07111 0.12239 0.00066 1 -3.02500 -57.42500 0.00066 0.26440 13
0.36634 -0.10264 0.00064 1 -4.20000 -58.10000 0.00060 0.27278 13
-0.83885 0.28135 0.00020 1 -7.60000 63.92500 0.00015 0.26433 -13
-0.22153 -0.14426 0.00044 1 2.75000 61.02500 0.00043 0.25947 -13
-2.69358 -3.89472 0.00013 1 0.97500 21.50000 0.00011 0.30998 13
-0.35795 0.42308 0.00093 1 -6.27500 56.50000 0.00089 0.26972 13
0.00056 -0.98709 0.00084 1 -7.75000 55.87500 0.00084 0.28329 13
0.58597 0.72256 0.00074 1 -7.62500 55.90000 0.00067 0.28391 13
0.99577 0.35861 0.00066 1 -7.70000 59.10000 0.00048 0.30291 13
-0.81384 -0.80696 0.00054 1 -8.37500 61.00000 0.00046 0.31285 13
-0.35260 0.23652 0.00080 1 0.77500 -62.60000 0.00076 0.26131 -13
0.68424 9.67651 0.00019 1 0.70000 -62.30000 0.00019 0.26571 -13
-2.32267 -7.48877 0.00027 1 -3.77500 -62.57500 0.00025 0.26111 -13
-0.24602 -0.06282 0.00048 1 1.05000 -52.87500 0.00046 0.26614 -13
0.21760 0.69232 0.00021 1 0.32500 -53.07500 0.00020 0.27097 -13
-1.90048 -0.03162 0.00035 1 -8.42500 -40.17500 0.00016 0.32887 -13
1.25594 -1.73848 0.00054 1 -8.17500 8.45000 0.00045 0.54112 -13
-0.46953 -1.45570 0.00052 1 -3.65000 40.92500 0.00050 0.29883 -13
-0.39470 1.07476 0.00023 1 -3.92500 41.45000 0.00022 0.30340 -13
1.02793 -1.14397 0.00027 1 -7.72500 57.37500 0.00022 0.26108 -13
-0.15207 0.35158 0.00013 1 2.25000 -64.95000 0.00013 2.42195 -13
-0.74367 -1.12341 0.00011 1 2.72500 -61.25000 0.00010 1.38062 13
-0.72613 -1.96328 0.00025 1 -0.92500 42.02500 0.00024 0.25823 13
0.41756 0.81407 0.00061 1 -5.20000 61.72500 0.00058 0.31454 13
-0.75295 -0.77630 0.00062 1 -6.02500 63.40000 0.00053 0.32526 13
-0.03105 -0.17336 0.00093 1 1.07500 -7.92500 0.00093 0.34860 13
0.48038 -0.74396 0.00075 1 2.35000 -8.87500 0.00070 0.35764 13
-0.19396 0.51781 0.00073 1 1.10000 -8.57500 0.00072 0.36415 13
0.09426 0.56897 0.00029 1 -8.07500 -52.55000 0.00029 0.26521 13
-2.47999 0.09163 0.00017 1 -5.47500 29.57500 0.00007 0.53358 13
-0.18764 1.04450 0.00082 1 3.72500 40.20000 0.00081 1.18876 -13
-1.73051 -1.12306 0.00058 1 3.50000 39.87500 0.00038 1.19105 -13
1.10934 -0.05119 0.00046 1 3.15000 38.90000 0.00031 1.19597 -13
-0.52522 -0.07901 0.00103 1 -7.87500 58.02500 0.00091 0.25661 -13
-0.10186 -0.33069 0.00095 1 4.27500 58.15000 0.00095 0.25950 -13
-0.41121 -1.00981 0.00083 1 -6.15000 57.95000 0.00079 0.26803 -13
-2.57966 4.60645 0.00020 1 -6.75000 58.60000 0.00017 0.27596 -13
-0.97690 -0.95694 0.00048 1 -7.00000 60.60000 0.00039 0.29611 -13
1.78420 1.24796 0.00021 1 -3.02500 54.10000 0.00014 0.26695 -13
-0.36509 -0.29967 0.00007 1 -6.62500 -51.17500 0.00006 1.54967 -13
0.57571 0.29674 0.00049 1 -6.92500 59.57500 0.00043 0.26274 13
-0.62778 -0.03318 0.00044 1 -7.57500 60.57500 0.00037 0.27029 13
0.02573 0.20666 0.00015 1 -0.70000 -39.72500 0.00015 0.27072 13
-0.38293 0.14544 0.00069 1 -2.17500 -55.17500 0.00065 0.25799 13
-0.06399 0.78513 0.00031 1 -1.32500 -53.50000 0.00031 0.26796 13
0.73683 -1.71302 0.00014 1 -1.55000 -53.87500 0.00014 0.27813 13
-0.05025 0.85879 0.00047 1 -6.30000 -58.95000 0.00047 0.25982 13
-0.46009 1.17356 0.00078 1 -6.17500 -58.15000 0.00075 0.27236 13
-0.43002 -1.85118 0.00076 1 2.12500 -55.12500 0.00074 0.29305 13
0.66404 -2.73710 0.00033 1 1.82500 -55.10000 0.00032 0.30504 13
-0.01552 -0.89320 0.00045 1 -4.42500 -56.12500 0.00045 0.28026 13
-0.60800 0.04252 0.00044 1 4.35000 38.77500 0.00038 3.06058 -13
1.12033 -0.15942 0.00035 1 4.15000 64.17500 0.00024 0.30796 13
-0.02080 1.15947 0.00027 1 3.90000 64.37500 0.00027 0.31041 13
-3.06342 1.32130 0.00027 1 -4.37500 -36.95000 0.00013 0.37958 -13
2.53328 5.78761 0.00044 1 -3.87500 63.00000 0.00041 0.25971 -13
0.61047 0.37041 0.00054 1 1.62500 28.47500 0.00047 0.26588 -13
-1.42203 -1.47263 0.00045 1 0.90000 29.35000 0.00035 0.27635 -13
-0.47496 -0.17379 0.00035 1 0.45000 42.10000 0.00031 0.36873 -13
0.73412 -0.32906 0.00031 1 4.42500 45.80000 0.00025 2.60245 -13
0.84583 -3.43552 0.00011 1 3.97500 45.65000 0.00011 2.62068 -13
0.51072 -0.19606 0.00037 1 -5.32500 6.30000 0.00033 0.27591 -13
-0.14580 -1.14985 0.00016 1 0.92500 -52.25000 0.00016 0.41566 -13
-4.09159 -1.23962 0.00042 1 3.95000 61.97500 0.00015 0.27065 13
-0.75693 5.73771 0.00013 1 -8.02500 62.70000 0.00013 0.27623 13
-4.61674 5.52182 0.00030 1 0.07500 51.42500 0.00023 0.27125 -13
-0.79484 -0.57663 0.00019 1 0.22500 51.97500 0.00016 0.28645 -13
-1.48486 -1.62231 0.00028 1 3.65000 -10.42500 0.00022 0.39062 13
4.77914 -1.80360 0.00029 1 -6.95000 -59.75000 0.00011 0.32313 13
-0.32351 -1.33369 0.00014 1 -7.17500 -64.52500 0.00014 0.38205 13
-0.26941 -0.79830 0.00101 1 -7.60000 -63.20000 0.00098 0.25671 -13
0.09858 -0.62948 0.00099 1 2.82500 -63.80000 0.00099 0.26947 -13
0.30332 0.10028 0.00076 1 3.97500 -64.72500 0.00073 0.28502 -13
-0.15924 -0.38076 0.00062 1 3.37500 -65.00000 0.00061 0.31551 -13
0.30623 0.40476 0.00006 1 -5.15000 -5.62500 0.00006 0.55627 -13
-1.74588 4.57150 0.00027 1 -4.02500 22.72500 0.00026 0.60016 -13
-0.82514 -0.33004 0.00014 1 -4.17500 23.27500 0.00011 0.60561 -13
1.10824 -0.94903 0.00031 1 -3.65000 -37.02500 0.00024 0.36287 -13
-2.06291 -0.71752 0.00020 1 -3.92500 -33.42500 0.00010 0.38472 -13
7.26442 1.77037 0.00022 1 -1.45000 48.25000 0.00006 0.25977 13
1.59905 -0.34824 0.00067 1 -1.35000 52.20000 0.00037 0.25952 -13
-0.82068 0.75269 0.00049 1 -1.65000 52.95000 0.00041 0.26284 -13
-0.63639 -0.17847 0.00080 1 1.50000 62.25000 0.00068 0.34149 -13
0.27582 0.01764 0.00086 1 -0.15000 62.07500 0.00083 0.35092 -13
-1.29157 -0.58167 0.00057 1 -0.05000 61.65000 0.00038 0.35294 -13
0.08813 0.27801 0.00045 1 -0.77500 61.27500 0.00045 0.35692 -13
-5.35440 -2.21465 0.00051 1 -7.75000 62.80000 0.00021 0.25769 13
0.11408 -0.81526 0.00039 1 -0.07500 -46.47500 0.00039 0.26438 -13
1.30605 -1.08543 0.00032 1 -2.72500 63.42500 0.00024 0.27405 -13
-0.47654 -0.16400 0.00010 1 0.17500 -48.25000 0.00009 0.29326 -13
-0.70502 0.60552 0.00080 1 -6.15000 -64.92500 0.00068 0.26755 -13
-1.15872 -2.82467 0.00036 1 -7.15000 -64.10000 0.00034 0.29921 -13
0.45847 -1.76082 0.00047 1 -7.75000 -64.62500 0.00046 0.31114 -13
-5.09324 -6.29704 0.00022 1 -7.85000 -53.27500 0.00017 0.48494 -13
-0.91547 1.14470 0.00014 1 0.22500 -45.30000 0.00012 0.29437 -13
0.45200 2.78185 0.00007 1 0.05000 -45.30000 0.00007 0.29676 -13
0.88509 -1.35726 0.00067 1 -5.60000 14.67500 0.00060 0.72461 13
0.87997 -1.38430 0.00025 1 -5.82500 14.85000 0.00023 0.72650 13
0.72526 -0.38469 0.00024 1 -6.72500 13.52500 0.00020 0.73921 13
0.57951 -0.69871 0.00036 1 -1.25000 64.32500 0.00033 0.27605 13
0.10491 -0.21856 0.00040 1 -2.07500 64.17500 0.00040 0.28249 13
-6.33367 -1.89128 0.00021 1 -2.20000 18.52500 0.00007 0.26916 13
0.90449 0.21656 0.00010 1 -2.52500 18.70000 0.00008 0.27393 13
0.54415 -0.52577 0.00009 1 4.50000 -22.62500 0.00008 0.40669 -13
0.51489 0.13267 0.00042 1 -4.10000 -32.50000 0.00038 0.27167 -13
0.37859 -0.30684 0.00017 1 -4.12500 -32.47500 0.00016 0.27244 -13
1.80791 0.68858 0.00011 1 -8.27500 -42.25000 0.00006 0.27558 13
-2.54202 -2.29902 0.00054 1 -1.80000 -64.45000 0.00038 0.26544 -13
-1.13253 0.53593 0.00039 1 -2.07500 -64.77500 0.00028 0.26743 -13
-3.35874 -2.32175 0.00016 1 -2.50000 -39.00000 0.00010 0.50010 -13
0.22314 -0.49256 0.00058 1 3.65000 44.47500 0.00057 0.52840 -13
-0.28475 0.53983 0.00055 1 2.75000 44.70000 0.00054 0.53308 -13
-0.18937 -2.41321 0.00012 1 2.57500 44.75000 0.00011 0.53440 -13
0.22943 0.89561 0.00053 1 0.82500 58.27500 0.00052 0.25948 13
0.72763 0.28368 0.00011 1 0.72500 58.22500 0.00009 0.26052 13
-0.30788 -2.43407 0.00076 1 0.10000 -28.07500 0.00076 0.32266 13
0.68010 0.71151 0.00075 1 0.05000 -30.35000 0.00066 0.35541 13
-0.69724 -0.60892 0.00072 1 -0.77500 -28.27500 0.00062 0.36821 13
-0.61112 0.00747 0.00019 1 -4.47500 61.02500 0.00016 0.29901 -13
-1.38517 -1.18463 0.00087 1 -6.70000 -58.62500 0.00065 0.26334 13
0.95535 0.80545 0.00056 1 -6.52500 -58.45000 0.00045 0.26445 13
-0.83045 0.43970 0.00023 1 -7.37500 -57.65000 0.00018 0.27256 13
0.73040 -0.79803 0.00009 1 -4.55000 -2.42500 0.00007 0.79625 -13
0.39377 -0.42056 0.00054 1 0.27500 -15.10000 0.00051 1.40863 13
0.16216 -1.21922 0.00008 1 0.25000 -7.75000 0.00008 1.25461 13
-0.49274 -1.83544 0.00035 1 -1.35000 -5.90000 0.00034 0.40319 13
1.95859 1.74177 0.00034 1 -4.37500 -47.00000 0.00024 0.65918 -13
-0.24230 -0.28919 0.00020 1 3.30000 -7.17500 0.00019 0.28006 13
0.47752 7.63194 0.00006 1 -5.67500 9.75000 0.00006 0.56312 13
-0.02729 -0.05462 0.00054 1 -0.82500 -39.00000 0.00054 0.46232 13
0.18816 0.26359 0.00048 1 -0.82500 -39.00000 0.00048 0.46238 13
1.81416 1.17201 0.00047 1 -0.82500 -39.00000 0.00030 0.46252 13
-1.13103 0.47480 0.00042 1 -0.82500 -39.10000 0.00029 0.46310 13
1.21003 -0.31883 0.00019 1 -1.27500 -40.07500 0.00012 0.47117 13
1.49887 -1.15804 0.00099 1 -5.90000 -55.55000 0.00071 0.25967 -13
0.26308 0.03995 0.00080 1 -4.80000 -54.82500 0.00077 0.26642 -13
-0.30750 -0.18199 0.00078 1 -6.20000 -54.10000 0.00075 0.27696 -13
-7.25247 -5.16891 0.00054 1 -6.07500 -53.90000 0.00031 0.27799 -13
0.17264 -0.75738 0.00063 1 -4.37500 51.62500 0.00062 0.26666 -13
0.23849 0.00404 0.00133 1 3.35000 -62.25000 0.00130 0.62216 -13
-0.25086 -0.22109 0.00130 1 0.95000 -61.22500 0.00127 0.63691 -13
0.19046 -0.16258 0.00099 1 2.80000 -59.77500 0.00097 0.64836 -13
0.10156 0.52918 0.00105 1 1.00000 -60.00000 0.00104 0.65686 -13
-0.49728 0.00117 0.00042 1 0.00000 -15.12500 0.00038 0.25845 -13
-0.68281 -0.89936 0.00039 1 -7.37500 18.42500 0.00035 0.25848 13
-1.48067 -0.08929 0.00074 1 -4.20000 -57.62500 0.00041 0.26590 -13
2.37410 -0.18828 0.00063 1 -4.70000 -60.65000 0.00025 0.27900 -13
0.95515 -0.28077 0.00036 1 -4.17500 64.82500 0.00026 0.28635 13
0.26903 -0.42656 0.00017 1 -1.72500 5.25000 0.00017 1.03624 -13
-0.00717 -0.80384 0.00047 1 -7.20000 -8.45000 0.00047 0.32345 13
-0.37491 0.27044 0.00012 1 3.30000 -43.90000 0.00012 0.76068 13
-1.76708 -2.78431 0.00019 1 -5.37500 23.47500 0.00016 0.25872 -13
-6.92090 -3.25439 0.00025 1 -2.97500 11.17500 0.00011 0.28713 13
-1.68442 -0.67138 0.00047 1 -1.62500 -64.47500 0.00028 0.26048 13
3.17221 -0.23456 0.00051 1 -1.62500 -64.55000 0.00016 0.26090 13
0.35104 -0.18782 0.00087 1 -3.52500 37.72500 0.00082 0.27355 -13
-0.14394 0.20702 0.00082 1 -4.95000 38.52500 0.00081 0.28162 -13
0.15771 -0.43446 0.00048 1 -4.77500 38.47500 0.00048 0.28307 -13
-0.87094 2.58493 0.00042 1 -5.45000 38.42500 0.00040 0.28642 -13
2.11636 -1.45576 0.00036 1 -5.52500 38.42500 0.00023 0.28719 -13
-5.73938 -3.82086 0.00019 1 -6.15000 41.45000 0.00011 0.30816 -13
0.62250 -0.71128 0.00012 1 -6.67500 41.05000 0.00011 0.38146 -13
-0.11581 -1.41568 0.00055 1 -1.12500 -62.02500 0.00055 0.26641 13
0.98969 -1.05813 0.00026 1 -1.67500 61.80000 0.00021 1.21507 13
0.03048 -2.09073 0.00079 1 -3.27500 38.27500 0.00079 0.28678 -13
-0.03708 0.54780 0.00061 1 -2.97500 38.27500 0.00061 0.28827 -13
-0.52447 0.32567 0.00041 1 -3.95000 38.67500 0.00036 0.29854 -13
0.44682 -0.84126 0.00073 1 -1.72500 63.90000 0.00069 0.59920 13
-0.97254 -0.00225 0.00078 1 3.12500 -64.95000 0.00056 0.27543 -13
0.76478 -0.03254 0.00081 1 3.15000 -64.85000 0.00064 0.27602 -13
-0.92716 0.67021 0.00077 1 2.25000 -63.17500 0.00061 0.28419 -13
0.45486 -5.71154 0.00084 1 -5.35000 -39.70000 0.00084 0.31727 -13
0.35015 -1.06473 0.00079 1 -5.90000 -37.97500 0.00077 0.54474 -13
1.65064 -4.10635 0.00073 1 -3.62500 59.27500 0.00068 0.51137 -13
-0.46737 0.88147 0.00072 1 -2.50000 58.75000 0.00068 0.52092 -13
0.86314 -1.04740 0.00060 1 -2.92500 57.22500 0.00051 0.53616 -13
-0.14624 -0.21379 0.00037 1 3.92500 -46.77500 0.00036 0.26444 -13
3.16463 3.16228 0.00021 1 3.75000 -45.87500 0.00015 0.27616 -13
-0.10082 -0.99135 0.00103 1 -5.42500 -61.07500 0.00102 0.27271 13
0.46939 1.41941 0.00099 1 -6.77500 -61.40000 0.00095 0.27840 13
0.05074 -0.34730 0.00079 1 -5.62500 -62.82500 0.00079 0.29224 13
-0.20622 0.55143 0.00076 1 -7.00000 -62.55000 0.00075 0.29954 13
0.30308 -0.89120 0.00033 1 -2.55000 63.30000 0.00032 0.26668 13
3.05754 -4.44553 0.00095 1 -4.87500 51.30000 0.00079 0.27145 13
-0.18232 -0.14668 0.00061 1 -7.72500 -57.70000 0.00060 0.26478 13
-0.65335 -0.18634 0.00020 1 -7.85000 -57.80000 0.00017 0.26674 13
-0.25697 -3.88891 0.00026 1 1.07500 45.32500 0.00026 0.32282 -13
6.84731 4.90781 0.00053 1 -1.80000 43.32500 0.00031 0.38125 -13
-7.56182 -3.46828 0.00050 1 -2.15000 44.92500 0.00022 0.38931 -13
-0.34611 -1.14149 0.00019 1 -2.52500 61.82500 0.00019 0.59014 -13
-0.54335 -0.28156 0.00018 1 -2.77500 55.45000 0.00016 0.47116 -13
0.20837 1.38156 0.00017 1 -1.25000 63.47500 0.00017 0.38093 13
0.70983 -0.62711 0.00093 1 -2.32500 31.87500 0.00080 0.50055 13
-0.14035 1.59390 0.00072 1 -0.92500 30.80000 0.00072 0.50871 13
-0.62348 -2.48691 0.00074 1 -1.55000 32.37500 0.00073 0.52427 13
5.62524 2.41506 0.00024 1 -1.07500 32.27500 0.00010 0.52686 13
0.75889 0.72022 0.00008 1 -6.02500 -61.95000 0.00007 0.58137 13
-0.57535 -1.61491 0.00048 1 4.35000 54.40000 0.00046 0.26469 -13
0.37953 0.42308 0.00042 1 3.70000 54.22500 0.00039 0.26858 -13
-0.15401 -0.03299 0.00032 1 -1.35000 64.60000 0.00032 0.26530 -13
0.16642 -0.62050 0.00059 1 2.70000 58.57500 0.00058 0.26650 -13
0.62778 0.40734 0.00103 1 1.52500 -60.02500 0.00089 0.25655 -13
-1.24023 -0.50313 0.00074 1 2.70000 -61.32500 0.00050 0.26467 -13
-6.39807 3.58747 0.00017 1 1.82500 -62.85000 0.00008 0.27274 -13
-0.58943 -0.43241 0.00062 1 0.85000 -61.92500 0.00054 0.28352 -13
-1.32838 -0.07272 0.00055 1 0.87500 -61.97500 0.00033 0.28396 -13
1.55798 0.80426 0.00043 1 0.22500 -63.20000 0.00027 0.29152 -13
-1.10298 -0.10332 0.00101 1 0.05000 -58.92500 0.00068 0.26435 13
1.37151 0.73438 0.00069 1 -0.75000 -62.60000 0.00046 0.27992 13
-0.28823 -0.15445 0.00014 1 -6.92500 -35.50000 0.00013 0.55876 13
0.18205 -0.19526 0.00041 1 -3.75000 64.25000 0.00041 0.25807 -13
-7.96174 -3.80853 0.00073 1 -6.07500 63.37500 0.00032 0.26428 -13
0.14233 -1.75120 0.00020 1 -6.47500 -54.57500 0.00020 0.25792 -13
0.23936 0.16067 0.00090 1 3.20000 -64.92500 0.00087 0.51153 13
-0.48522 -0.01630 0.00089 1 1.62500 -64.02500 0.00080 0.52198 13
-0.57995 -0.42542 0.00011 1 1.27500 -63.70000 0.00010 0.52501 13
-1.29620 -3.24363 0.00025 1 -7.95000 -4.32500 0.00023 0.47456 13
-1.32678 -3.12182 0.00014 1 -8.12500 -3.92500 0.00013 0.48478 13
-1.04970 -0.51052 0.00104 1 -3.77500 43.00000 0.00076 0.26217 13
0.59370 1.63160 0.00066 1 -1.10000 44.27500 0.00063 0.27642 13
-0.30861 -0.85418 0.00063 1 -1.80000 44.15000 0.00061 0.28988 13
0.57650 0.57938 0.00023 1 -1.00000 45.10000 0.00021 0.29811 13
1.91619 -2.45845 0.00105 1 -3.92500 11.77500 0.00085 0.71595 13
-2.33032 1.94663 0.00088 1 -4.45000 12.22500 0.00061 0.71847 13
1.06824 0.66845 0.00073 1 -4.52500 12.50000 0.00055 0.71992 13
-1.04052 -1.86056 0.00039 1 -4.67500 14.60000 0.00035 0.74020 13
-0.68346 -0.11101 0.00087 1 3.75000 -39.52500 0.00072 1.42361 -13
1.41840 0.11716 0.00082 1 2.60000 -41.22500 0.00047 1.43311 -13
-1.21272 -0.60965 0.00046 1 3.47500 -42.07500 0.00032 1.44586 -13
6.53004 1.84147 0.00038 1 3.02500 -42.62500 0.00012 1.45169 -13
0.75810 0.54308 0.00086 1 -8.37500 14.15000 0.00071 0.26679 -13
1.15397 2.10986 0.00012 1 -6.17500 -48.55000 0.00010 0.96489 -13
0.04786 0.05678 0.00077 1 1.35000 -57.20000 0.00077 0.25951 13
0.80456 -0.27279 0.00077 1 3.87500 64.40000 0.00061 0.27031 -13
0.02136 0.16160 0.00006 1 3.80000 64.15000 0.00006 0.27175 -13
-1.32919 -0.40137 0.00077 1 -0.65000 60.20000 0.00049 0.26553 -13
-5.49889 -3.14195 0.00040 1 -0.12500 62.37500 0.00021 0.27820 -13
-2.60765 0.38295 0.00025 1 -0.02500 62.40000 0.00009 0.27882 -13
-0.51715 -0.23130 0.00048 1 -3.42500 -37.85000 0.00043 0.26762 -13
-0.61816 -0.00146 0.00086 1 -5.72500 61.17500 0.00073 1.11191 -13
0.40951 0.06228 0.00082 1 -7.07500 59.72500 0.00076 1.12273 -13
-4.67182 2.90545 0.00048 1 -5.95000 60.82500 0.00026 1.13453 -13
0.14812 -2.82797 0.00013 1 3.77500 -32.17500 0.00013 0.29891 -13
-0.14061 -0.15621 0.00020 1 2.72500 -60.52500 0.00020 0.51670 -13
-0.30343 -0.51042 0.00064 1 -8.00000 24.00000 0.00062 0.33854 13
3.91028 4.69764 0.00015 1 4.32500 24.27500 0.00012 0.34377 13
-0.53058 0.21528 0.00009 1 3.77500 25.57500 0.00008 0.37342 13
0.20110 -0.13093 0.00051 1 1.50000 -61.90000 0.00050 0.26412 -13
0.73209 -1.54458 0.00048 1 -1.97500 58.45000 0.00045 0.26038 13
-0.34577 0.67884 0.00030 1 -1.85000 58.45000 0.00029 0.26118 13
2.98791 -0.66421 0.00018 1 -2.10000 51.65000 0.00007 0.30756 13
0.06054 -2.37715 0.00020 1 -5.92500 -25.85000 0.00020 0.31229 13
-0.10376 -0.18198 0.00064 1 -4.02500 -48.45000 0.00064 0.28355 -13
0.27850 0.44491 0.00013 1 -5.12500 -48.75000 0.00013 0.29211 -13
0.64507 -0.08948 0.00027 1 -5.80000 -48.82500 0.00022 0.29852 -13
0.09048 -1.73934 0.00011 1 -5.80000 -48.85000 0.00011 0.29897 -13
1.00087 -0.39896 0.00026 1 -7.15000 -55.85000 0.00019 0.26450 -13
-0.06747 -0.26491 0.00031 1 1.12500 -54.47500 0.00031 0.56663 -13
1.20758 0.11217 0.00014 1 0.77500 -54.92500 0.00009 0.57119 -13
-0.06927 -0.17336 0.00098 1 -8.50000 -17.95000 0.00098 1.23710 13
-0.43567 0.21341 0.00088 1 2.57500 -63.75000 0.00081 0.25858 -13
-0.53649 -0.08426 0.00069 1 3.65000 -63.57500 0.00060 0.27313 -13
1.31394 -0.18009 0.00064 1 2.50000 -64.67500 0.00039 0.28363 -13
0.26365 0.12470 0.00056 1 2.62500 -64.72500 0.00054 0.28452 -13
-0.54200 0.35583 0.00055 1 1.62500 -64.25000 0.00049 0.29132 -13
0.63170 -0.62363 0.00017 1 1.40000 -64.17500 0.00015 0.29282 -13
0.16531 0.01678 0.00022 1 -1.72500 60.37500 0.00022 0.25911 13
0.12875 0.31679 0.00094 1 -7.47500 -52.80000 0.00094 0.25725 13
0.63589 0.61963 0.00085 1 -7.45000 -51.57500 0.00075 0.27824 13
-0.98978 -1.31511 0.00082 1 -8.37500 -49.12500 0.00070 0.29249 13
-0.37921 0.31256 0.00053 1 -8.07500 -48.95000 0.00050 0.29419 13
-1.01965 0.88081 0.00024 1 2.10000 -38.27500 0.00019 0.26827 13
0.26484 0.49124 0.00011 1 2.10000 -38.30000 0.00010 0.26926 13
-0.76008 -5.55231 0.00024 1 -7.40000 51.97500 0.00024 0.29512 -13
-0.54291 -0.73564 0.00046 1 -6.95000 -61.12500 0.00042 0.31705 13
1.94080 -0.94974 0.00020 1 -8.47500 38.22500 0.00012 0.31374 -13
-1.37643 -3.91456 0.00047 1 -3.40000 -38.77500 0.00045 0.58755 -13
-6.00928 2.77857 0.00085 1 -2.15000 -46.35000 0.00038 0.82272 -13
0.76608 -0.54555 0.00084 1 -2.95000 -49.32500 0.00070 0.83784 -13
0.20826 -0.01957 0.00074 1 -1.37500 -49.10000 0.00073 0.84705 -13
-0.06081 0.16986 0.00073 1 -2.77500 -49.17500 0.00073 0.85562 -13
-0.62360 0.77241 0.00013 1 0.00000 -25.75000 0.00012 0.83728 13
0.17062 -0.97721 0.00076 1 1.12500 10.47500 0.00075 0.27230 13
0.02478 0.09639 0.00082 1 -4.65000 32.62500 0.00082 0.33163 13
-0.21078 -0.27787 0.00054 1 -3.40000 32.07500 0.00053 0.33884 13
-0.75213 -0.02890 0.00052 1 -4.50000 32.30000 0.00041 0.34670 13
2.48244 5.01474 0.00029 1 2.50000 18.20000 0.00026 0.26016 13
0.01352 -0.80472 0.00018 1 1.90000 18.15000 0.00018 0.27025 13
-7.59236 -3.21664 0.00069 1 2.62500 50.90000 0.00028 0.26399 -13
-0.74612 0.22233 0.00039 1 -4.32500 54.95000 0.00032 0.70843 -13
0.80889 0.19113 0.00041 1 -4.65000 54.40000 0.00032 0.71175 -13
-0.05173 3.80762 0.00008 1 -0.60000 -36.07500 0.00008 0.27706 -13
0.31478 0.99869 0.00009 1 -6.52500 -63.25000 0.00009 0.31928 13
0.86794 -0.61643 0.00030 1 -0.35000 42.37500 0.00024 0.67582 13
-0.79848 -8.55210 0.00020 1 -8.47500 11.65000 0.00020 0.54603 -13
0.30464 -1.04894 0.00021 1 -8.50000 -0.22500 0.00020 0.70443 -13
-0.73232 -1.15061 0.00019 1 -2.00000 -53.77500 0.00017 0.25937 -13
-1.08106 -0.33343 0.00036 1 -1.90000 -55.35000 0.00025 0.26025 -13
1.53443 -0.39790 0.00032 1 -3.40000 53.52500 0.00018 0.26205 13
-2.97291 0.82353 0.00061 1 -3.40000 53.47500 0.00024 0.26231 13
1.85027 0.60068 0.00048 1 -3.40000 53.40000 0.00026 0.26281 13
-0.38773 0.08500 0.00076 1 -2.07500 -39.85000 0.00071 0.29320 13
0.39710 -0.44269 0.00074 1 -3.32500 -40.92500 0.00070 0.30413 13
2.54911 -0.31889 0.00064 1 -0.17500 -32.60000 0.00024 0.26259 -13
-0.48203 -0.85838 0.00017 1 -6.85000 63.75000 0.00016 0.25955 13
0.25490 -1.10510 0.00063 1 -3.67500 11.72500 0.00062 0.39042 -13
-0.31643 0.79045 0.00053 1 -4.50000 12.05000 0.00051 0.39491 -13
3.08770 0.62762 0.00019 1 -1.30000 49.90000 0.00007 0.45071 -13
-0.10839 -0.56863 0.00010 1 2.12500 -41.15000 0.00010 0.26722 -13
-1.17385 -1.12509 0.00055 1 1.35000 -38.42500 0.00043 0.27695 -13
0.29518 0.09699 0.00038 1 3.82500 -44.55000 0.00036 1.94850 13
-3.77400 -2.17222 0.00028 1 0.55000 41.52500 0.00015 0.27923 13
-3.96263 -6.07411 0.00026 1 0.17500 41.12500 0.00022 0.28340 13
1.66054 1.11858 0.00015 1 -0.20000 40.92500 0.00010 0.28642 13
0.16795 -0.17900 0.00020 1 -7.37500 26.10000 0.00020 0.40226 13
-2.73573 0.26925 0.00025 1 -2.07500 41.60000 0.00009 0.26953 -13
-3.29954 0.75751 0.00062 1 3.35000 -45.32500 0.00022 0.48807 13
1.34624 -0.53792 0.00015 1 3.22500 -46.85000 0.00009 0.50363 13
-0.93123 -0.13938 0.00012 1 2.60000 -35.22500 0.00009 0.61693 13
-0.76037 0.01637 0.00037 1 2.80000 52.50000 0.00030 0.27540 -13
0.96515 1.19429 0.00022 1 2.15000 52.07500 0.00018 0.28007 -13
7.52619 -5.58371 0.00076 1 -3.52500 11.30000 0.00046 0.31327 -13
5.42355 -3.24076 0.00060 1 -3.55000 -9.87500 0.00032 0.43623 -13
0.44890 -0.67700 0.00057 1 -4.10000 -15.65000 0.00054 0.46633 -13
1.01562 -0.25485 0.00048 1 -4.27500 -15.32500 0.00034 0.46838 -13
-1.59075 0.86388 0.00041 1 -4.92500 -14.60000 0.00026 0.47464 -13
-0.37132 0.18914 0.00016 1 -4.95000 -14.50000 0.00015 0.47535 -13
-2.82613 3.25656 0.00014 1 -4.95000 -14.52500 0.00010 0.47554 -13
1.04761 0.04029 0.00021 1 -6.50000 9.32500 0.00015 0.81868 13
-0.41960 -0.22382 0.00036 1 -8.25000 62.27500 0.00033 0.29900 13
0.46053 -0.25587 0.00039 1 -8.30000 -53.70000 0.00036 0.25743 -13
0.46851 0.86408 0.00010 1 2.20000 29.75000 0.00009 0.44618 -13
-1.18613 9.61379 0.00072 1 -3.60000 -12.80000 0.00072 0.28637 -13
-0.26580 -1.52920 0.00077 1 -4.30000 -11.60000 0.00076 0.32073 -13
0.45015 -0.36757 0.00009 1 -3.02500 -11.55000 0.00009 0.32988 -13
-2.92865 -1.59875 0.00023 1 2.15000 -51.47500 0.00012 0.45687 13
-0.02245 -0.12680 0.00034 1 1.40000 -51.30000 0.00034 0.46281 13
0.36939 -1.16362 0.00082 1 -2.90000 50.27500 0.00080 0.28940 -13
-0.38377 0.33445 0.00027 1 -2.47500 50.22500 0.00025 0.29382 -13
-2.29421 0.91570 0.00019 1 0.75000 10.92500 0.00010 0.62021 -13
-6.62283 -5.28077 0.00079 1 -4.52500 46.20000 0.00050 0.55554 -13
-1.07026 0.81494 0.00008 1 -4.02500 -52.55000 0.00006 1.96965 -13
0.06377 -0.51641 0.00014 1 -3.85000 -31.95000 0.00014 1.37500 -13
0.87050 1.26483 0.00011 1 -2.10000 57.45000 0.00010 0.38340 -13
0.66913 1.39838 0.00036 1 3.92500 -64.82500 0.00034 0.26130 -13
-0.74657 -0.00754 0.00088 1 -6.62500 -52.17500 0.00071 0.25927 13
0.67809 1.75270 0.00051 1 -4.87500 -51.90000 0.00049 0.26899 13
2.42849 2.29334 0.00020 1 -5.20000 -48.37500 0.00014 0.30899 13
-0.08089 0.23471 0.00018 1 -5.82500 -48.25000 0.00018 0.31492 13
0.63579 1.64454 0.00082 1 4.30000 63.62500 0.00078 2.75561 13
-0.32820 -0.05603 0.00063 1 -6.55000 63.40000 0.00060 2.76738 13
0.22372 0.09745 0.00060 1 -7.70000 62.85000 0.00058 2.77735 13
0.39062 -2.10843 0.00035 1 -4.67500 54.85000 0.00034 0.31264 -13
-0.22303 -0.49074 0.00083 1 1.92500 48.70000 0.00081 0.77359 13
0.45508 0.70394 0.00081 1 0.65000 48.20000 0.00076 0.77999 13
0.00125 -0.38746 0.00064 1 1.65000 48.90000 0.00064 0.79156 13
0.12770 0.34997 0.00060 1 0.55000 49.17500 0.00059 0.79798 13
3.12950 -5.38249 0.00034 1 0.57500 49.10000 0.00030 0.79851 13
1.32337 1.31056 0.00015 1 0.65000 49.07500 0.00012 0.79906 13
1.64772 1.66981 0.00025 1 -5.82500 -49.35000 0.00019 0.26624 -13
-0.01652 -1.91918 0.00021 1 0.42500 51.10000 0.00021 1.00542 -13
0.20121 -5.87490 0.00057 1 0.30000 -59.95000 0.00057 0.26089 13
0.26679 -1.46357 0.00081 1 -3.12500 30.12500 0.00080 0.27278 -13
-0.20231 0.37229 0.00021 1 -3.07500 31.35000 0.00020 0.28359 -13
-3.12133 -3.16581 0.00026 1 0.75000 0.90000 0.00019 0.38214 -13
0.81466 -1.04744 0.00045 1 -6.85000 -42.10000 0.00039 0.32246 13
0.58273 -0.57918 0.00016 1 -2.85000 -22.82500 0.00014 0.33968 -13
-0.95670 0.09821 0.00085 1 3.05000 60.82500 0.00061 0.25942 13
0.90288 0.36830 0.00062 1 2.40000 57.97500 0.00047 0.28949 13
-0.17380 -1.40778 0.00013 1 -7.15000 -4.35000 0.00013 0.46561 -13
-0.11962 -0.22208 0.00063 1 -0.87500 64.50000 0.00062 0.26145 -13
-0.62814 -0.67527 0.00076 1 1.97500 -56.65000 0.00068 0.26922 -13
0.61812 5.43252 0.00025 1 -5.50000 34.37500 0.00024 1.34928 -13
1.06556 -2.70645 0.00033 1 0.27500 62.00000 0.00031 0.57394 -13
0.22638 -0.57418 0.00012 1 -0.12500 51.60000 0.00012 0.70296 -13
-7.58870 -1.07011 0.00086 1 3.45000 58.12500 0.00016 0.26437 -13
0.56065 -0.28030 0.00055 1 3.12500 37.92500 0.00049 0.59947 -13
0.94090 -1.14974 0.00018 1 -4.50000 27.37500 0.00015 0.30720 -13
0.44906 0.11990 0.00016 1 -0.90000 64.97500 0.00015 0.42210 13
2.39785 -0.23953 0.00026 1 0.52500 -35.87500 0.00010 0.67554 13
-0.22830 -0.41816 0.00023 1 -6.27500 -48.62500 0.00022 0.26617 13
0.14535 0.29671 0.00020 1 -5.90000 -21.42500 0.00020 0.28133 13
-0.21982 0.01548 0.00088 1 -3.85000 57.17500 0.00086 0.26570 -13
0.06292 0.12835 0.00086 1 -5.45000 56.62500 0.00086 0.27543 -13
-0.39012 0.37602 0.00074 1 -4.10000 56.30000 0.00069 0.28255 -13
0.91503 -0.26839 0.00046 1 -5.27500 55.02500 0.00034 0.29438 -13
0.99946 0.18526 0.00015 1 -5.37500 54.85000 0.00010 0.29582 -13
3.02751 -4.06819 0.00025 1 -3.00000 54.82500 0.00020 0.75040 -13
-3.53418 -6.91873 0.00068 1 -7.57500 -57.77500 0.00060 0.44330 13
0.45146 1.23524 0.00054 1 -7.47500 -57.75000 0.00052 0.44376 13
4.26523 1.96136 0.00030 1 -1.00000 -59.77500 0.00014 0.33587 -13
-0.39462 -0.09508 0.00058 1 -7.80000 -59.95000 0.00054 0.25884 13
-0.35908 -0.82038 0.00025 1 -0.72500 -20.72500 0.00024 0.45514 13
0.55681 -0.22177 0.00020 1 -5.42500 -59.12500 0.00018 0.31892 13
0.45026 4.95315 0.00040 1 1.27500 -56.47500 0.00040 1.10232 13
0.35412 -0.44258 0.00044 1 0.62500 -57.27500 0.00042 1.11224 13
-0.76258 -0.54244 0.00009 1 0.67500 -57.37500 0.00007 1.11317 13
-1.88034 0.68067 0.00088 1 -5.45000 -43.05000 0.00048 1.99624 13
0.95978 -0.72473 0.00092 1 -6.65000 -45.20000 0.00073 2.01109 13
0.41127 0.61330 0.00056 1 -4.95000 -45.47500 0.00053 2.02048 13
-0.36663 -0.69559 0.00049 1 -5.62500 -39.90000 0.00047 2.09102 13
-0.14178 0.64845 0.00085 1 -4.62500 59.25000 0.00084 0.25858 -13
-0.00635 -0.53017 0.00079 1 -5.85000 59.02500 0.00079 0.27186 -13
0.08769 -0.25332 0.00089 1 -2.50000 60.67500 0.00089 0.26635 13
-0.28851 0.04845 0.00070 1 -0.95000 60.27500 0.00067 0.27577 13
-0.19292 -0.28926 0.00056 1 -2.20000 59.75000 0.00055 0.28382 13
-0.82345 0.14075 0.00050 1 -1.32500 58.92500 0.00039 0.29062 13
0.94150 -0.10275 0.00043 1 -2.05000 58.10000 0.00032 0.29841 13
1.25279 -1.02119 0.00010 1 -2.05000 58.00000 0.00007 0.29939 13
0.97975 -0.31940 0.00094 1 -1.07500 63.67500 0.00069 0.29320 13
-0.41432 0.51395 0.00075 1 0.52500 62.52500 0.00070 0.30563 13
0.94935 -1.00744 0.00079 1 -0.22500 59.00000 0.00066 0.34078 13
0.45834 0.31550 0.00013 1 -5.60000 22.52500 0.00012 1.15855 -13
1.69140 -0.12428 0.00012 1 -6.65000 -4.02500 0.00006 0.56896 -13
0.18568 -1.86134 0.00016 1 -5.27500 -16.20000 0.00016 0.33238 13
2.08402 1.11450 0.00063 1 -1.40000 5.07500 0.00037 0.34413 13
1.38149 0.51177 0.00023 1 -1.70000 7.67500 0.00015 0.35632 13
0.83844 -0.38250 0.00039 1 -2.55000 7.05000 0.00031 0.36447 13
2.64145 -2.64158 0.00017 1 -2.60000 3.85000 0.00012 0.39050 13
-0.92966 0.29058 0.00020 1 -3.30000 -60.32500 0.00015 0.41793 -13
2.03318 -4.20191 0.00022 1 -2.95000 -30.80000 0.00020 0.30351 13
0.61646 0.12964 0.00012 1 -3.40000 -30.65000 0.00010 0.30803 13
-1.24766 -0.99438 0.00016 1 -4.17500 -23.40000 0.00012 0.41533 13
-0.22627 -1.59363 0.00023 1 -7.25000 62.77500 0.00023 0.28486 13
-0.08886 0.24061 0.00121 1 2.22500 -63.67500 0.00121 0.25852 -13
0.25613 -0.13478 0.00118 1 0.05000 -64.05000 0.00115 0.27300 -13
-0.12068 0.86015 0.00065 1 0.85000 -64.35000 0.00065 0.27672 -13
0.03557 -0.15528 0.00047 1 -2.20000 -59.62500 0.00047 0.94434 -13
-0.31609 -1.84368 0.00086 1 -4.72500 47.32500 0.00085 0.27785 13
-2.81269 -0.70406 0.00017 1 -0.32500 59.42500 0.00007 0.26582 13
-0.31480 -2.51685 0.00067 1 -3.12500 -62.50000 0.00067 4.08477 -13
-0.55962 -0.44511 0.00039 1 -0.67500 -63.40000 0.00035 0.31061 13
0.77983 -0.53048 0.00060 1 -0.50000 53.50000 0.00050 0.26410 13
0.25843 0.89303 0.00050 1 -1.47500 53.87500 0.00049 0.26988 13
-0.94060 0.10609 0.00022 1 0.87500 -12.67500 0.00016 0.42657 13
-1.92460 0.20728 0.00070 1 2.55000 -64.35000 0.00033 0.30932 13
6.91865 -6.50820 0.00089 1 -1.62500 -6.15000 0.00061 0.28388 -13
6.98577 -1.26763 0.00080 1 -1.72500 -25.12500 0.00018 0.38363 -13
-0.98990 0.05221 0.00052 1 -0.52500 -26.07500 0.00037 0.39383 -13
-5.44859 1.45151 0.00037 1 -0.82500 -28.17500 0.00011 0.40504 -13
1.02475 -2.22627 0.00020 1 -1.35000 -29.05000 0.00018 0.41228 -13
-1.10774 -3.19172 0.00015 1 -1.57500 -28.57500 0.00014 0.42232 -13
0.80679 -0.41607 0.00044 1 -1.55000 -36.82500 0.00035 0.25803 -13
1.60376 -0.83626 0.00016 1 -3.45000 -19.90000 0.00010 0.29286 -13
1.23404 -7.66532 0.00034 1 1.92500 -11.92500 0.00034 0.60519 -13
-0.30326 -0.29707 0.00032 1 1.05000 -12.55000 0.00031 0.61901 -13
0.45348 -0.04774 0.00049 1 -5.97500 -42.20000 0.00045 0.27558 13
0.22252 -0.08812 0.00044 1 -6.90000 -42.00000 0.00043 0.28278 13
-0.80299 0.08492 0.00071 1 3.02500 40.60000 0.00055 0.26365 -13
0.17284 0.01826 0.00071 1 1.75000 39.87500 0.00070 0.27194 -13
1.95723 1.46584 0.00032 1 2.85000 39.50000 0.00022 0.27865 -13
0.37335 0.41115 0.00029 1 2.90000 39.57500 0.00027 0.27924 -13
1.61309 0.27283 0.00029 1 2.30000 38.87500 0.00016 0.28687 -13
-6.59216 -6.23781 0.00028 1 2.12500 38.60000 0.00020 0.28857 -13
-0.05899 -0.35915 0.00014 1 4.20000 -11.47500 0.00014 0.43071 -13
0.43293 0.04410 0.00023 1 -2.02500 36.15000 0.00021 0.40707 -13
-3.11034 -1.96570 0.00031 1 -1.87500 -38.77500 0.00018 0.25984 13
0.66579 0.09117 0.00058 1 -6.00000 -64.52500 0.00048 0.25835 13
0.71056 0.63686 0.00047 1 4.45000 -27.95000 0.00040 0.35037 -13
0.35507 -0.59152 0.00019 1 4.40000 -27.95000 0.00018 0.35092 -13
0.76953 0.22599 0.00068 1 -0.95000 24.70000 0.00054 0.40346 -13
-0.48629 -0.17940 0.00065 1 -1.97500 25.87500 0.00058 0.41398 -13
-0.67214 -3.76220 0.00049 1 -2.07500 25.92500 0.00049 0.41485 -13
0.94147 0.45242 0.00038 1 -2.42500 25.67500 0.00029 0.41707 -13
-0.00882 0.06169 0.00050 1 3.55000 64.67500 0.00050 0.26777 13
0.21279 1.46361 0.00007 1 3.52500 64.60000 0.00007 0.26858 13
1.14688 1.70011 0.00013 1 3.50000 64.62500 0.00011 0.26917 13
0.29568 -0.43592 0.00015 1 0.62500 -41.47500 0.00015 1.07139 -13
4.04656 -3.81943 0.00015 1 2.52500 -37.85000 0.00011 0.28560 13
0.22579 0.62796 0.00070 1 -6.12500 48.75000 0.00069 0.38839 13
-0.35482 -0.15586 0.00050 1 -5.77500 46.20000 0.00048 0.40144 13
0.53152 -0.17920 0.00044 1 -6.50000 45.50000 0.00039 0.40744 13
2.16528 0.41933 0.00073 1 -3.60000 -50.70000 0.00033 0.27858 -13
-0.61107 -0.32362 0.00027 1 -2.90000 -50.00000 0.00023 0.29088 -13
0.05383 0.69663 0.00008 1 -3.45000 -49.87500 0.00008 0.31103 -13
-0.41969 0.31620 0.00016 1 -7.00000 45.00000 0.00015 0.42141 13
0.22897 0.25795 0.00081 1 2.27500 59.72500 0.00079 0.26197 -13
-0.38479 -0.00974 0.00064 1 3.52500 58.95000 0.00060 0.27220 -13
0.35250 0.03991 0.00061 1 2.47500 58.02500 0.00058 0.28079 -13
-0.00105 4.12585 0.00061 1 4.47500 51.87500 0.00061 0.40105 13
0.43751 0.19604 0.00014 1 4.27500 1.72500 0.00013 0.33519 -13
-0.18936 -0.66717 0.00026 1 -5.55000 10.30000 0.00026 0.27955 -13
0.37552 0.18442 0.00011 1 -5.95000 10.17500 0.00011 0.28504 -13
0.76495 0.11831 0.00019 1 -3.07500 -33.47500 0.00015 0.43499 13
-0.40074 0.58630 0.00086 1 -0.62500 -23.57500 0.00081 1.14871 13
2.25832 -0.42709 0.00020 1 -1.30000 -24.97500 0.00008 1.16429 13
1.34378 2.04133 0.00021 1 -1.37500 -26.10000 0.00018 1.17974 13
0.28155 0.03044 0.00021 1 -1.80000 -26.92500 0.00020 1.19415 13
-0.37024 -0.51193 0.00107 1 -4.62500 -63.57500 0.00102 0.25853 13
-1.31093 1.26019 0.00071 1 -2.55000 -63.42500 0.00055 0.26901 13
-1.34069 -0.77923 0.00064 1 3.47500 -37.20000 0.00044 0.80648 -13
0.59588 0.21331 0.00067 1 2.30000 -38.00000 0.00058 0.81441 -13
-2.85393 -0.47978 0.00055 1 0.32500 13.72500 0.00020 0.32524 -13
1.05979 -0.81889 0.00037 1 -6.27500 -8.15000 0.00029 0.93658 -13
0.25620 -1.87394 0.00083 1 -0.87500 19.67500 0.00083 0.36145 13
-0.01213 0.54518 0.00058 1 0.50000 18.87500 0.00058 0.36916 13
-0.42554 -0.75844 0.00056 1 -0.30000 19.62500 0.00053 0.38048 13
0.38468 0.39061 0.00014 1 0.37500 19.70000 0.00014 0.38732 13
1.42751 -1.42717 0.00044 1 2.47500 35.95000 0.00034 0.38438 13
-1.07633 -2.08607 0.00017 1 -7.20000 36.30000 0.00015 0.40798 -13
1.38053 0.05623 0.00012 1 -0.47500 -2.45000 0.00007 0.92015 13
-0.60605 -0.40503 0.00056 1 2.85000 -59.00000 0.00049 0.25698 13
-0.01379 -5.15687 0.00050 1 -8.07500 -45.92500 0.00050 0.25870 -13
1.04006 1.50024 0.00024 1 -7.35000 0.52500 0.00020 0.29122 -13
-0.25246 -0.18653 0.00043 1 -8.17500 1.07500 0.00041 0.29712 -13
0.50312 -1.58842 0.00012 1 -2.40000 -8.12500 0.00012 0.28671 -13
0.88737 0.00885 0.00072 1 -7.20000 -63.35000 0.00053 0.25798 -13
3.09755 -0.65685 0.00021 1 -6.22500 -63.85000 0.00007 0.27035 -13
-1.05506 -0.68733 0.00017 1 2.57500 58.70000 0.00013 0.63755 13
-0.34132 -0.75524 0.00019 1 -4.60000 -7.07500 0.00019 0.50125 -13
-1.19799 -0.53784 0.00022 1 -3.22500 -23.72500 0.00015 1.43389 -13
1.44210 0.02983 0.00042 1 -5.97500 21.67500 0.00024 0.35404 -13
-0.91920 -1.54880 0.00076 1 2.05000 -63.65000 0.00068 0.26548 -13
-0.04993 0.17480 0.00011 1 -5.65000 52.65000 0.00011 0.25644 13
3.26623 2.35578 0.00029 1 0.82500 64.07500 0.00018 0.25691 -13
1.52204 1.54000 0.00036 1 0.10000 63.12500 0.00027 0.26333 -13
0.73762 0.74862 0.00032 1 -6.32500 -55.37500 0.00027 0.27674 13
2.75613 2.15717 0.00071 1 -6.55000 -56.25000 0.00047 0.29133 13
8.79305 4.76991 0.00077 1 -6.55000 -56.30000 0.00037 0.29157 13
-0.43286 0.14504 0.00065 1 -5.40000 -57.22500 0.00060 0.30458 13
0.35435 0.02806 0.00063 1 -6.57500 -57.77500 0.00060 0.31342 13
0.41903 -0.54805 0.00046 1 -5.67500 56.10000 0.00043 0.27455 13
-0.42910 -0.25051 0.00015 1 -2.12500 -35.15000 0.00013 0.32840 13
0.02680 0.65079 0.00075 1 -8.17500 58.85000 0.00075 0.26786 13
0.90289 0.58908 0.00011 1 4.32500 -64.22500 0.00008 0.31896 -13
-0.14285 -1.19167 0.00083 1 2.02500 -27.27500 0.00083 0.28622 -13
-0.12432 1.29800 0.00025 1 2.95000 -27.97500 0.00025 0.29216 -13
-0.09882 -0.15066 0.00015 1 -1.85000 52.27500 0.00015 0.26906 -13
0.67808 -2.05498 0.00077 1 -1.72500 63.12500 0.00074 0.29239 13
-0.29520 0.56825 0.00047 1 -0.97500 62.72500 0.00045 0.30239 13
-0.02658 -0.88373 0.00033 1 -1.80000 58.90000 0.00033 0.34457 13
0.16789 0.15405 0.00020 1 -0.32500 47.30000 0.00020 0.69576 -13
0.91302 -0.24683 0.00021 1 -6.37500 36.25000 0.00016 0.26342 -13
0.17142 -1.29395 0.00024 1 -1.22500 28.20000 0.00024 0.90189 -13
4.77357 -4.71945 0.00030 1 -1.20000 28.20000 0.00021 0.90224 -13
2.88555 -1.80008 0.00035 1 -3.87500 -45.50000 0.00020 0.26116 -13
-1.08155 -1.59383 0.00029 1 -3.00000 4.42500 0.00025 0.43762 -13
-1.55978 -2.16660 0.00066 1 -0.95000 37.47500 0.00055 0.65616 -13
0.84683 3.02799 0.00019 1 -0.17500 38.85000 0.00018 0.68978 -13
0.48630 0.45299 0.00061 1 3.37500 -62.27500 0.00056 0.27809 -13
0.79660 0.14312 0.00018 1 3.75000 -62.92500 0.00014 0.29259 -13
0.61424 0.07274 0.00041 1 3.00000 -63.95000 0.00035 0.30186 -13
-2.17108 -0.53042 0.00025 1 1.22500 -37.60000 0.00011 0.32355 -13
-8.36294 -5.55820 0.00071 1 -3.52500 -60.27500 0.00040 0.25804 -13
-0.39650 1.91230 0.00064 1 -7.57500 -61.87500 0.00063 0.26012 -13
0.63507 -0.79546 0.00018 1 -0.32500 -59.70000 0.00016 0.26240 13
-1.22875 -0.40038 0.00013 1 -6.65000 -45.65000 0.00008 0.94553 13
-0.48651 0.97926 0.00090 1 -3.15000 57.05000 0.00085 0.25730 -13
-0.42153 -1.44606 0.00091 1 1.90000 -34.80000 0.00089 0.30827 13
-0.87204 0.31971 0.00073 1 3.57500 -35.05000 0.00056 0.31724 13
0.68400 0.27416 0.00065 1 2.57500 -36.62500 0.00054 0.32752 13
0.14629 0.54477 0.00043 1 3.32500 -36.55000 0.00043 0.33251 13
-0.01919 -0.23853 0.00033 1 2.77500 -36.75000 0.00033 0.34226 13
0.18855 -0.29034 0.00073 1 1.87500 33.77500 0.00072 0.40417 13
2.59887 -2.67634 0.00044 1 0.82500 34.47500 0.00033 0.40968 13
-0.12506 0.13048 0.00079 1 -0.62500 34.87500 0.00079 0.41794 13
-0.11342 -0.59870 0.00060 1 0.52500 35.22500 0.00060 0.42437 13
-0.84991 1.38870 0.00062 1 -0.37500 35.57500 0.00055 0.42868 13
-0.66045 -0.45824 0.00078 1 1.85000 -9.60000 0.00067 0.35417 13
-0.09194 -0.46638 0.00090 1 3.60000 -8.85000 0.00089 0.36458 13
0.15033 0.81728 0.00090 1 2.27500 -9.17500 0.00089 0.37062 13
-0.98990 0.60079 0.00040 1 3.22500 -10.00000 0.00030 0.38471 13
0.31021 -0.52660 0.00020 1 2.62500 -10.45000 0.00019 0.39364 13
0.57006 2.20986 0.00016 1 2.45000 11.35000 0.00015 0.34779 13
-0.53418 -0.89425 0.00026 1 3.45000 53.27500 0.00024 0.31463 -13
9.65961 6.23144 0.00029 1 -5.52500 -63.82500 0.00016 0.42252 -13
0.36627 -0.62936 0.00085 1 0.92500 63.95000 0.00081 0.47810 -13
0.53373 -0.57506 0.00099 1 0.02500 -62.20000 0.00090 0.25701 -13
-0.71025 -0.01240 0.00085 1 1.67500 -63.20000 0.00069 0.26941 -13
1.11748 0.58005 0.00082 1 0.47500 -64.57500 0.00059 0.27790 -13
0.47261 -0.32876 0.00023 1 -1.30000 -62.75000 0.00021 0.26204 -13
-1.94937 0.91736 0.00016 1 -7.57500 63.05000 0.00009 0.37009 -13
0.07562 -1.02061 0.00057 1 -4.97500 35.57500 0.00057 0.53439 13
0.90607 -0.45832 0.00068 1 -0.65000 -55.57500 0.00052 0.26812 -13
-0.39992 0.63336 0.00042 1 -1.17500 -53.70000 0.00039 0.28749 -13
-0.54059 -0.96732 0.00096 1 -2.40000 -62.55000 0.00089 0.29652 -13
0.48235 -0.14897 0.00040 1 -1.05000 -61.62500 0.00036 0.30374 -13
-1.26554 -0.23999 0.00018 1 -1.55000 -61.30000 0.00011 0.30879 -13
-2.74966 -1.97112 0.00011 1 -1.67500 -58.30000 0.00007 0.34959 -13
0.60065 -0.92621 0.00081 1 -4.95000 63.35000 0.00074 0.25702 13
0.01139 0.19172 0.00066 1 -3.42500 63.75000 0.00066 0.26547 13
-0.11336 -0.09229 0.00064 1 -4.65000 63.47500 0.00064 0.27413 13
-0.19403 -0.91320 0.00035 1 3.45000 -63.02500 0.00035 0.27361 -13
-0.05483 -1.30422 0.00081 1 -5.15000 16.87500 0.00081 2.48947 13
-0.33243 -0.20769 0.00080 1 -0.92500 -15.00000 0.00076 1.53300 -13
0.17849 -0.01541 0.00076 1 -2.30000 -15.60000 0.00074 1.54126 -13
-1.40721 -0.03829 0.00057 1 -2.45000 -15.82500 0.00033 1.54269 -13
1.03760 0.18974 0.00048 1 -3.10000 -17.07500 0.00034 1.54975 -13
-1.14502 0.37876 0.00022 1 -3.40000 -21.22500 0.00015 0.62127 13
0.75026 -1.45380 0.00081 1 1.62500 -23.37500 0.00075 0.53215 -13
-0.85300 1.53441 0.00077 1 0.72500 -23.15000 0.00069 0.53601 -13
0.30036 -0.13236 0.00050 1 0.80000 -23.00000 0.00048 0.53839 -13
-0.30927 0.01966 0.00046 1 0.00000 -22.27500 0.00044 0.54547 -13
-0.74352 -0.24858 0.00096 1 -4.72500 63.22500 0.00078 0.26821 13
0.12575 -0.45062 0.00063 1 -3.17500 63.65000 0.00063 0.27650 13
1.17678 0.86484 0.00027 1 -4.37500 63.32500 0.00020 0.28345 13
0.56594 -1.24296 0.00010 1 -5.90000 62.25000 0.00010 0.31237 13
-0.60285 -3.79002 0.00051 1 -7.95000 41.02500 0.00050 0.38318 13
-0.77772 -7.95137 0.00042 1 -7.82500 41.05000 0.00042 0.38388 13
0.64491 -3.19404 0.00011 1 -7.77500 41.05000 0.00011 0.38422 13
-3.88429 3.89727 0.00012 1 2.72500 17.95000 0.00009 0.36562 13
-0.20565 -0.35671 0.00033 1 -5.70000 -17.35000 0.00032 0.32012 -13
0.58618 -0.88396 0.00020 1 -6.30000 -18.02500 0.00019 0.32981 -13
0.34800 0.57384 0.00055 1 -6.17500 19.45000 0.00052 0.41434 13
-0.09320 -0.24955 0.00021 1 -6.25000 19.60000 0.00021 0.41569 13
0.32258 -0.97328 0.00046 1 -1.50000 -51.02500 0.00045 0.26329 13
-0.19088 -0.33960 0.00084 1 -4.55000 51.60000 0.00082 0.25904 -13
0.32190 1.07993 0.00060 1 -4.10000 51.57500 0.00059 0.26139 -13
-0.42029 -0.19123 0.00047 1 -4.80000 52.22500 0.00043 0.27280 -13
-3.86930 8.24623 0.00014 1 -4.90000 52.27500 0.00013 0.27393 -13
1.53532 0.40024 0.00013 1 -4.92500 52.25000 0.00007 0.27479 -13
-1.13637 -0.76174 0.00012 1 -2.15000 -15.87500 0.00009 1.53197 13
0.18515 0.23445 0.00058 1 -7.75000 64.42500 0.00057 0.25878 -13
-0.23325 -0.14700 0.00057 1 4.15000 64.77500 0.00056 0.26248 -13
-0.94177 -1.68543 0.00094 1 -5.62500 58.55000 0.00084 0.25903 13
-0.20474 2.97599 0.00053 1 -5.17500 58.40000 0.00053 0.26087 13
-1.46723 -1.99426 0.00070 1 -5.55000 61.05000 0.00058 0.27642 13
1.06209 1.41465 0.00060 1 -5.42500 61.12500 0.00051 0.27706 13
-1.08869 -0.02992 0.00060 1 -6.02500 63.20000 0.00041 0.28857 13
-0.06639 0.72449 0.00018 1 -5.05000 22.12500 0.00018 0.28679 -13
1.05680 -2.59272 0.00044 1 -7.07500 -0.62500 0.00041 0.48748 -13
0.98509 3.11611 0.00033 1 0.42500 -3.95000 0.00032 0.26058 -13
-0.66615 0.19623 0.00035 1 -0.27500 -3.40000 0.00029 0.26906 -13
0.30296 -0.78372 0.00106 1 -2.92500 41.40000 0.00103 0.37396 13
-0.50834 0.57907 0.00102 1 -4.40000 42.05000 0.00093 0.38089 13
1.55668 -1.49899 0.00084 1 -2.77500 42.57500 0.00064 0.39412 13
-0.53643 0.62072 0.00068 1 -3.42500 43.10000 0.00062 0.39763 13
0.81551 0.44126 0.00035 1 -2.32500 44.62500 0.00028 0.40832 13
-0.15720 -0.03621 0.00021 1 -2.92500 44.62500 0.00020 0.41745 13
1.78468 -4.28685 0.00010 1 -2.90000 44.60000 0.00009 0.41792 13
0.52420 -0.27909 0.00059 1 -1.72500 55.45000 0.00053 0.26514 -13
-0.22125 0.67230 0.00061 1 -2.60000 55.80000 0.00060 0.26966 -13
2.07872 -0.51087 0.00059 1 -2.05000 61.45000 0.00028 0.38483 -13
7.71004 -6.05596 0.00052 1 -2.37500 60.67500 0.00032 0.39162 -13
-0.92449 -1.92352 0.00031 1 -1.20000 -51.52500 0.00028 0.27933 -13
-0.48877 -0.31212 0.00071 1 -0.20000 57.40000 0.00064 0.26591 -13
-0.80416 -0.89542 0.00025 1 0.10000 57.30000 0.00021 0.28273 -13
-0.29062 0.03580 0.00057 1 0.75000 8.10000 0.00054 0.32242 13
1.85603 -1.07028 0.00031 1 2.35000 -55.77500 0.00019 0.26904 13
-1.05796 -2.59104 0.00072 1 1.30000 59.87500 0.00068 0.36312 13
3.86403 -3.79080 0.00027 1 3.12500 -60.05000 0.00019 0.32975 -13
0.08785 -0.25390 0.00064 1 1.05000 -19.45000 0.00064 0.27386 13
-0.17599 -0.15983 0.00052 1 -0.07500 -19.30000 0.00051 0.28030 13
-0.31266 -0.16924 0.00024 1 0.85000 -19.12500 0.00023 0.28678 13
0.11701 0.06339 0.00013 1 -4.95000 50.65000 0.00013 0.26213 13
0.08436 -0.48511 0.00053 1 -5.75000 59.42500 0.00052 0.27209 13
-0.38241 -0.12088 0.00012 1 4.47500 57.82500 0.00011 0.25942 13
0.47982 -0.57816 0.00012 1 -4.75000 -59.85000 0.00011 0.26370 -13
0.57763 -0.93997 0.00051 1 2.57500 -4.20000 0.00047 0.37547 -13
-1.09927 0.14836 0.00032 1 1.92500 -3.65000 0.00021 0.38016 -13
-0.52431 -0.47482 0.00061 1 -1.97500 -40.82500 0.00055 0.34867 13
0.26786 0.10205 0.00050 1 -2.72500 -41.65000 0.00048 0.35687 13
-1.33170 -0.74539 0.00071 1 -6.60000 60.70000 0.00048 0.26356 -13
0.03679 1.28554 0.00059 1 -6.45000 60.72500 0.00059 0.26446 -13
-0.78719 -0.73826 0.00049 1 -7.12500 61.85000 0.00042 0.27638 -13
1.10837 0.50024 0.00066 1 -2.12500 -37.70000 0.00047 1.09123 -13
-0.53790 -0.60390 0.00059 1 -2.97500 -36.22500 0.00054 1.10103 -13
0.60426 -0.38406 0.00081 1 2.17500 -57.60000 0.00071 0.56565 13
0.67528 -0.96126 0.00078 1 -2.82500 59.55000 0.00070 0.28480 -13
-0.56546 0.56545 0.00072 1 -3.95000 59.62500 0.00064 0.28979 -13
4.06763 -0.80413 0.00054 1 -4.47500 60.12500 0.00016 0.29228 -13
0.14160 -0.10720 0.00061 1 3.82500 59.57500 0.00061 0.93861 -13
-0.26910 0.17231 0.00061 1 2.77500 60.20000 0.00059 0.94569 -13
-0.72208 -1.60996 0.00043 1 3.37500 -43.27500 0.00041 0.57007 -13
4.54639 2.92410 0.00033 1 -4.35000 6.30000 0.00019 0.31904 13
0.72656 -0.21911 0.00064 1 -6.77500 -64.55000 0.00053 0.26184 13
-0.29259 0.86731 0.00070 1 -7.75000 -64.12500 0.00068 0.26687 13
-0.09952 -0.13936 0.00060 1 4.10000 -64.00000 0.00060 0.27021 13
-0.11110 -0.46194 0.00075 1 -3.45000 -27.77500 0.00075 0.45182 -13
0.20780 -0.20320 0.00046 1 -4.57500 -28.52500 0.00045 0.45877 -13
9.58726 -2.21977 0.00037 1 1.35000 26.12500 0.00009 0.30022 -13
-2.72632 -2.67334 0.00021 1 0.90000 27.67500 0.00016 0.31056 -13
0.12935 -3.08804 0.00011 1 0.47500 16.97500 0.00011 0.57971 -13
-9.73061 -5.74131 0.00051 1 0.87500 -31.95000 0.00026 0.45124 13
-1.11725 2.92542 0.00043 1 0.02500 -30.77500 0.00041 0.47838 13
0.45820 -0.50772 0.00048 1 -0.72500 -31.80000 0.00045 0.48806 13
0.27549 0.58747 0.00011 1 -4.22500 10.70000 0.00011 0.48695 -13
-0.64050 -2.90025 0.00080 1 -0.55000 -31.40000 0.00079 0.74647 13
-1.23933 0.68205 0.00016 1 -0.02500 -31.67500 0.00011 0.74983 13
-0.72626 -1.15592 0.00095 1 -7.97500 62.70000 0.00086 0.30265 -13
-0.08680 1.08243 0.00074 1 -7.75000 62.77500 0.00074 0.30363 -13
0.23740 -0.75836 0.00044 1 4.10000 60.42500 0.00043 0.32658 -13
-1.11037 -1.22744 0.00019 1 -4.90000 -28.82500 0.00016 0.26554 13
0.47007 -0.07458 0.00072 1 0.35000 -51.45000 0.00065 0.25929 -13
0.26093 1.70157 0.00052 1 0.87500 -50.40000 0.00051 0.26499 -13
-0.49932 -1.74070 0.00024 1 0.10000 -49.42500 0.00023 0.30856 -13
0.24330 -0.78515 0.00009 1 -5.00000 59.82500 0.00009 0.54198 -13
-0.94144 0.30927 0.00027 1 -4.05000 60.92500 0.00020 0.28968 13
0.39488 0.16383 0.00018 1 -4.05000 60.95000 0.00017 0.29014 13
0.56612 1.20671 0.00099 1 -4.80000 -53.70000 0.00093 0.26011 13
0.20167 0.34843 0.00077 1 -5.15000 -53.80000 0.00075 0.26234 13
-0.48769 -0.35928 0.00077 1 -6.32500 -52.55000 0.00070 0.27414 13
-1.56680 -4.03759 0.00065 1 -7.10000 64.27500 0.00061 0.27104 13
-2.38997 -6.67896 0.00095 1 -6.80000 6.72500 0.00089 0.27684 -13
-0.36969 0.32359 0.00052 1 -6.45000 7.07500 0.00049 0.27942 -13
1.12179 -1.01190 0.00048 1 -7.17500 6.40000 0.00038 0.29072 -13
-0.15753 0.20185 0.00069 1 -0.20000 -24.17500 0.00069 0.28761 13
0.75788 0.48656 0.00073 1 -1.47500 -25.02500 0.00061 0.29561 13
-0.74929 -0.68021 0.00027 1 -0.77500 -26.32500 0.00023 0.30514 13
-0.20730 -0.43403 0.00016 1 -8.47500 28.75000 0.00015 0.55091 -13
-0.64444 0.52321 0.00064 1 -3.30000 53.97500 0.00056 0.26998 13
1.99194 -1.19431 0.00022 1 -2.72500 53.72500 0.00014 0.27474 13
0.59551 0.38175 0.00017 1 -0.25000 64.65000 0.00015 1.82603 -13
-2.55141 5.90354 0.00030 1 -8.35000 64.80000 0.00027 0.29353 -13
0.02994 -0.58676 0.00089 1 -7.05000 -63.27500 0.00089 0.25745 13
-0.31002 0.51894 0.00090 1 -8.47500 -62.72500 0.00087 0.26445 13
1.30835 -2.17354 0.00075 1 4.02500 -63.00000 0.00066 0.26891 13
0.44128 0.56114 0.00011 1 -3.70000 11.65000 0.00010 0.33058 13
-2.23348 -2.59414 0.00041 1 -5.47500 5.22500 0.00032 0.44940 13
-1.02358 -0.30220 0.00030 1 -5.92500 8.05000 0.00022 0.46590 13
2.40132 1.59770 0.00012 1 -6.20000 8.72500 0.00007 0.47138 13
9.88472 -8.74693 0.00066 1 -3.27500 -53.45000 0.00044 0.28818 -13
7.56151 4.59620 0.00027 1 3.12500 -53.25000 0.00014 0.26515 13
-0.59281 0.25253 0.00057 1 2.25000 -52.70000 0.00049 0.27088 13
-0.77862 1.27629 0.00016 1 -0.47500 -53.90000 0.00014 1.48917 -13
0.20248 -0.85798 0.00036 1 1.00000 -18.95000 0.00036 1.01550 -13
-0.42238 2.02756 0.00015 1 0.40000 -19.25000 0.00014 1.02501 -13
0.62904 -0.13722 0.00105 1 1.52500 -46.87500 0.00089 0.25674 -13
-0.57393 0.01917 0.00103 1 -0.10000 -45.12500 0.00090 0.26831 -13
5.31288 2.82840 0.00057 1 1.37500 -43.62500 0.00028 0.27796 -13
-0.26976 -0.90942 0.00051 1 2.55000 -42.62500 0.00050 0.28862 -13
-0.27802 0.71797 0.00027 1 1.30000 -42.55000 0.00026 0.29599 -13
-0.15648 0.37923 0.00059 1 -6.22500 -50.75000 0.00058 0.25882 -13
0.23775 0.07624 0.00034 1 -6.20000 -50.57500 0.00033 0.26032 -13
0.37293 -0.42821 0.00026 1 -6.72500 -50.42500 0.00024 0.27029 -13
-0.61197 -0.52507 0.00014 1 -6.75000 -50.45000 0.00012 0.27078 -13
0.29892 0.18596 0.00062 1 3.22500 25.75000 0.00060 1.50374 13
-0.22395 -0.15268 0.00060 1 2.00000 25.87500 0.00059 1.51284 13
0.32922 0.65077 0.00017 1 2.90000 26.12500 0.00016 1.52002 13
-1.87455 -1.92922 0.00073 1 -5.35000 -63.82500 0.00055 0.26720 -13
0.76547 0.71476 0.00051 1 -5.62500 -64.12500 0.00043 0.26883 -13
-2.74521 1.07356 0.00018 1 -1.47500 61.85000 0.00009 0.26078 -13
-0.44265 0.66146 0.00015 1 -0.17500 44.22500 0.00014 2.32593 -13
-0.22704 -2.78590 0.00023 1 0.52500 63.70000 0.00023 0.63551 13
-4.69963 5.16623 0.00024 1 -5.85000 48.92500 0.00018 0.25889 13
0.06807 -0.40706 0.00043 1 -8.17500 -54.20000 0.00043 0.25818 13
3.06007 -8.28330 0.00060 1 0.30000 29.60000 0.00056 0.30785 13
-1.30280 2.79078 0.00056 1 0.25000 20.20000 0.00051 0.35800 13
-0.33757 -1.53968 0.00032 1 0.00000 20.82500 0.00031 0.37451 13
0.50567 -0.27696 0.00036 1 4.17500 -61.42500 0.00032 0.26693 13
1.97743 -1.91327 0.00088 1 -0.20000 -64.87500 0.00065 0.39644 -13
-1.37660 9.49971 0.00071 1 -0.60000 -64.55000 0.00070 0.39850 -13
0.01213 -2.15679 0.00065 1 -0.70000 -64.52500 0.00065 0.39904 -13
-0.33765 0.37356 0.00071 1 -1.75000 -63.97500 0.00068 0.40455 -13
0.99785 -0.74258 0.00061 1 -0.62500 -63.15000 0.00047 0.41336 -13
-0.87549 -0.36554 0.00048 1 -1.32500 -62.15000 0.00037 0.41942 -13
0.23345 -0.26159 0.00013 1 -4.00000 -41.15000 0.00012 0.83999 -13
-0.33448 -0.47864 0.00108 1 -4.32500 -63.22500 0.00103 0.26532 -13
0.11757 0.63896 0.00107 1 -6.15000 -63.45000 0.00107 0.27392 -13
-0.52237 -0.07462 0.00057 1 -1.02500 58.05000 0.00051 0.26692 -13
-0.15166 -0.08992 0.00054 1 -2.12500 57.77500 0.00053 0.27465 -13
0.56819 -0.52891 0.00047 1 0.92500 -50.37500 0.00042 0.27258 -13
-0.31501 0.75436 0.00011 1 1.02500 -50.75000 0.00011 0.28003 -13
0.50881 -0.57807 0.00100 1 -0.17500 -49.10000 0.00092 0.26542 13
-0.38556 0.56491 0.00099 1 -1.85000 -48.30000 0.00094 0.27418 13
-1.03685 -0.07088 0.00082 1 -0.65000 -49.37500 0.00057 0.28672 13
-6.04041 -0.58123 0.00045 1 -1.52500 -50.92500 0.00009 0.29456 13
0.48944 -0.30403 0.00071 1 -2.70000 -51.97500 0.00064 0.30495 13
-0.07751 -0.81835 0.00070 1 -4.92500 -48.20000 0.00070 0.68684 -13
0.63934 -0.11894 0.00009 1 -5.72500 58.22500 0.00008 0.26267 -13
-0.02761 0.19006 0.00022 1 -1.50000 -25.25000 0.00022 0.26216 -13
-0.89479 -0.00182 0.00097 1 -3.32500 26.12500 0.00072 0.49512 13
1.61957 0.04238 0.00095 1 -4.45000 24.02500 0.00050 0.50522 13
-0.50371 0.00985 0.00066 1 -4.70000 23.47500 0.00059 0.50793 13
0.43309 0.04733 0.00062 1 -5.75000 22.52500 0.00057 0.51602 13
3.25357 -2.21725 0.00086 1 -5.82500 -35.77500 0.00052 0.40745 -13
1.53115 -0.04561 0.00061 1 -5.45000 -45.55000 0.00033 0.44928 -13
-1.98405 -2.39222 0.00041 1 2.75000 -48.15000 0.00033 0.27651 -13
-0.88114 -0.49100 0.00037 1 2.50000 -40.55000 0.00029 0.32904 -13
-1.27884 0.12967 0.00029 1 -6.05000 -34.97500 0.00018 0.32021 -13
0.59483 -0.55543 0.00007 1 3.95000 19.95000 0.00006 0.60471 -13
-0.37149 0.29300 0.00036 1 3.57500 -28.02500 0.00034 0.34241 13
-0.32542 3.38837 0.00043 1 -8.27500 -27.90000 0.00042 0.34717 13
2.05408 -1.01946 0.00089 1 -3.62500 -54.77500 0.00051 0.25686 13
-0.80442 0.21356 0.00086 1 -4.52500 -52.32500 0.00068 0.26768 13
0.46489 -1.78185 0.00120 1 2.80000 62.35000 0.00117 0.26033 -13
-0.55377 1.42012 0.00115 1 1.85000 62.57500 0.00109 0.26403 -13
-2.28453 -8.74441 0.00068 1 -0.20000 -41.37500 0.00066 0.25973 13
4.00894 -0.42402 0.00029 1 -1.02500 -42.70000 0.00008 0.29037 13
0.43026 -0.60151 0.00038 1 -1.62500 -43.52500 0.00035 0.29869 13
0.77764 0.21819 0.00028 1 -7.95000 11.30000 0.00022 0.33608 -13
5.35829 -2.85317 0.00074 1 -7.17500 -63.40000 0.00037 0.25935 -13
2.45951 -0.58766 0.00058 1 -7.17500 -63.30000 0.00025 0.25973 -13
-0.86570 -0.12881 0.00059 1 -7.92500 -61.57500 0.00045 0.27037 -13
0.61097 -0.72972 0.00049 1 -7.92500 -61.50000 0.00044 0.27094 -13
0.24441 0.79979 0.00044 1 1.02500 -47.25000 0.00044 0.63247 13
0.27393 1.42602 0.00056 1 -3.55000 61.17500 0.00055 0.25708 -13
-0.61107 0.36240 0.00088 1 0.20000 -27.97500 0.00076 1.23848 -13
0.27244 -0.03504 0.00087 1 -1.37500 -28.95000 0.00084 1.24962 -13
-2.05685 -0.59133 0.00065 1 -0.60000 -31.57500 0.00032 1.26284 -13
-3.31636 -0.06014 0.00031 1 -0.77500 -33.17500 0.00009 1.27031 -13
-0.19506 -0.13788 0.00013 1 -1.32500 -33.15000 0.00013 1.27762 -13
0.09480 -0.39609 0.00073 1 1.60000 56.97500 0.00073 0.26122 13
0.10173 0.08477 0.00054 1 3.75000 58.05000 0.00053 0.25881 13
-0.26692 0.10092 0.00015 1 3.70000 57.97500 0.00015 0.26005 13
-0.12837 -0.19606 0.00007 1 -4.80000 39.60000 0.00007 0.32285 13
0.36250 -0.62310 0.00047 1 -4.45000 59.35000 0.00045 0.26208 -13
-0.69075 -1.91515 0.00086 1 -7.37500 61.62500 0.00082 0.26362 13
0.18631 0.01434 0.00096 1 2.60000 61.30000 0.00094 0.28004 13
0.20177 -0.67488 0.00070 1 3.92500 60.05000 0.00069 0.29151 13
-0.69941 0.17756 0.00071 1 2.55000 60.60000 0.00059 0.29992 13
0.12772 -0.27822 0.00032 1 -8.22500 57.30000 0.00031 0.29717 -13
3.04295 -3.92713 0.00034 1 2.42500 0.37500 0.00027 0.27035 -13
-0.46650 -1.13868 0.00027 1 2.00000 -1.20000 0.00026 0.29473 -13
-0.17795 -0.17311 0.00014 1 4.15000 22.45000 0.00014 0.30836 13
4.40034 8.98873 0.00009 1 1.37500 61.45000 0.00008 2.03835 -13
-2.88484 -0.31006 0.00037 1 -6.37500 14.27500 0.00012 0.58093 13
-6.95337 1.53321 0.00026 1 -7.00000 13.47500 0.00007 0.58865 13
0.69724 -0.51538 0.00018 1 -7.45000 12.52500 0.00016 0.59617 13
-0.52183 0.13953 0.00054 1 -4.07500 -36.82500 0.00048 0.25865 -13
0.33300 0.23735 0.00053 1 -5.02500 -37.35000 0.00050 0.26551 -13
0.94158 -1.57374 0.00064 1 -4.42500 -53.60000 0.00057 0.27599 13
0.70745 0.30563 0.00039 1 -8.32500 -64.22500 0.00033 0.39796 -13
1.27132 -0.78380 0.00071 1 -3.10000 52.95000 0.00050 0.26947 13
-0.96894 0.07650 0.00085 1 -7.37500 -53.75000 0.00061 0.26315 -13
-3.03519 -1.33352 0.00041 1 -6.82500 -53.00000 0.00020 0.26749 -13
0.88175 -1.04114 0.00047 1 2.52500 13.02500 0.00040 0.40136 13
-0.45014 -0.54491 0.00070 1 4.40000 -43.55000 0.00065 0.28833 13
-0.40942 0.24763 0.00013 1 3.20000 -43.65000 0.00012 0.29509 13
-0.12439 -0.74805 0.00030 1 2.30000 -41.87500 0.00029 0.32197 13
-0.30616 -0.05368 0.00041 1 -8.27500 58.82500 0.00039 0.26664 -13
0.54691 -0.36646 0.00035 1 -8.12500 -10.65000 0.00031 0.55363 -13
-0.75621 0.39734 0.00052 1 -2.65000 -44.67500 0.00043 0.36146 13
0.63685 -0.58984 0.00045 1 -3.30000 -45.92500 0.00040 0.36977 13
3.77525 -3.38331 0.00021 1 -1.85000 22.22500 0.00015 0.46893 13
0.78476 -0.79964 0.00042 1 -6.47500 12.75000 0.00036 0.33981 13
0.54324 -0.70484 0.00030 1 -6.45000 12.72500 0.00027 0.34063 13
-0.93993 -2.26029 0.00016 1 -6.95000 13.27500 0.00015 0.34785 13
0.77799 -1.35976 0.00014 1 -7.27500 12.85000 0.00013 0.35691 13
-0.36444 -0.97662 0.00049 1 -2.75000 -15.60000 0.00048 0.26707 13
0.08309 0.58984 0.00040 1 -3.32500 -15.92500 0.00040 0.27079 13
0.89142 0.87413 0.00062 1 0.12500 55.05000 0.00051 0.25881 -13
-0.00340 0.16358 0.00009 1 -0.32500 -56.15000 0.00009 0.45822 -13
-0.89487 -0.26902 0.00068 1 1.42500 -59.37500 0.00051 0.26028 -13
7.25310 -2.43575 0.00054 1 1.45000 -59.27500 0.00019 0.26081 -13
3.68428 0.30471 0.00020 1 -2.45000 -38.55000 0.00006 0.36729 -13
-0.90230 -0.18367 0.00020 1 1.47500 -62.50000 0.00015 0.26628 13
0.42875 0.05757 0.00011 1 1.22500 41.50000 0.00011 1.65058 -13
-0.00550 0.48887 0.00036 1 -1.82500 21.95000 0.00036 0.29660 -13
0.31524 -1.40315 0.00015 1 -2.20000 21.72500 0.00015 0.30650 -13
-0.52120 -0.39488 0.00042 1 4.20000 50.30000 0.00038 0.34186 -13
0.27393 0.03461 0.00020 1 3.45000 49.95000 0.00020 0.34822 -13
-0.47688 -0.95623 0.00060 1 1.35000 -61.30000 0.00057 0.27607 -13
0.99658 1.64997 0.00031 1 1.15000 -61.40000 0.00028 0.28129 -13
-0.55672 -8.44912 0.00065 1 0.85000 56.15000 0.00065 0.26242 -13
0.54936 4.20393 0.00062 1 0.52500 58.07500 0.00062 0.31084 -13
-0.47188 -0.93609 0.00053 1 -0.12500 58.32500 0.00050 0.32415 -13
-0.18818 -1.15626 0.00019 1 -0.12500 58.42500 0.00019 0.32538 -13
-0.27313 0.07421 0.00051 1 -1.35000 -63.05000 0.00049 0.39411 -13
0.60148 -0.50126 0.00053 1 -2.05000 -64.45000 0.00047 0.40452 -13
2.14798 -2.16088 0.00023 1 -1.37500 30.35000 0.00017 0.28477 -13
-0.05712 -0.34109 0.00125 1 -0.82500 -63.37500 0.00125 0.25677 13
-0.18900 0.19118 0.00121 1 -3.02500 -63.35000 0.00119 0.26726 13
0.69692 -0.77137 0.00112 1 -1.07500 -62.22500 0.00098 0.28326 13
-1.80088 1.05810 0.00099 1 -2.47500 -60.97500 0.00062 0.29029 13
1.68173 3.02841 0.00023 1 -6.67500 -47.40000 0.00020 0.42526 13
0.19236 -0.48364 0.00013 1 -7.52500 -48.32500 0.00013 0.43486 13
-0.60267 0.19172 0.00010 1 -7.95000 -42.05000 0.00008 0.51412 13
0.22185 -3.42940 0.00019 1 -8.47500 -61.62500 0.00019 0.47541 13
1.54456 -1.01329 0.00094 1 -2.02500 55.32500 0.00064 0.25739 -13
-0.07681 0.29124 0.00020 1 -2.57500 54.97500 0.00019 0.28476 -13
-2.08836 3.48982 0.00055 1 -3.37500 55.30000 0.00048 0.28835 -13
-3.61624 4.20379 0.00027 1 -4.25000 55.67500 0.00021 0.29450 -13
5.89421 -0.53820 0.00094 1 1.15000 19.97500 0.00018 0.38491 13
-0.89536 0.25023 0.00092 1 0.30000 21.35000 0.00070 0.39124 13
-0.86865 0.09556 0.00084 1 1.82500 20.12500 0.00064 0.40494 13
0.37261 0.17960 0.00084 1 0.37500 19.02500 0.00079 0.41503 13
-5.50830 5.74931 0.00034 1 1.52500 18.47500 0.00025 0.44066 13
0.65981 0.29803 0.00018 1 -2.35000 64.90000 0.00015 0.39484 -13
-2.34356 2.13642 0.00016 1 0.17500 48.92500 0.00011 1.71947 -13
0.89712 -1.36803 0.00055 1 -0.75000 35.10000 0.00048 0.34363 -13
-0.02639 1.37597 0.00030 1 -1.22500 35.30000 0.00030 0.34593 -13
1.56693 -3.50449 0.00091 1 -7.47500 63.50000 0.00084 0.39516 13
0.91180 -0.62578 0.00070 1 -7.12500 63.65000 0.00055 0.39755 13
0.09014 0.18790 0.00054 1 -8.20000 64.32500 0.00054 0.40393 13
1.34706 -0.72526 0.00075 1 -1.20000 -64.40000 0.00051 1.98460 13
-2.24017 0.40503 0.00072 1 -1.95000 -63.07500 0.00031 1.99127 13
0.46921 -0.16027 0.00066 1 -1.97500 -63.00000 0.00060 1.99174 13
-0.81025 0.01685 0.00065 1 -2.95000 -61.70000 0.00051 2.00024 13
1.25003 0.06475 0.00049 1 2.42500 47.27500 0.00031 0.96485 13
-0.38727 0.18206 0.00025 1 1.55000 47.90000 0.00024 0.97179 13
-2.08431 -0.09931 0.00058 1 -1.97500 -63.60000 0.00025 0.65251 13
-0.25993 -0.61194 0.00034 1 -1.95000 -63.45000 0.00034 0.65429 13
2.39056 0.52245 0.00024 1 -2.70000 -64.25000 0.00010 0.66191 13
-0.79765 -0.29642 0.00056 1 2.20000 -64.45000 0.00044 0.26030 -13
-2.13431 -3.64236 0.00069 1 2.45000 63.70000 0.00060 0.25986 13
1.56891 0.62322 0.00063 1 -4.72500 -64.40000 0.00038 0.28598 13
2.33095 1.52871 0.00047 1 -5.05000 -57.57500 0.00029 0.32326 13
-1.01738 -0.12979 0.00042 1 -5.97500 -55.75000 0.00030 0.33965 13
2.07152 -0.30919 0.00098 1 -3.75000 34.25000 0.00044 0.56099 -13
-4.84058 1.11901 0.00099 1 -3.97500 35.05000 0.00029 0.56400 -13
0.52883 0.72101 0.00080 1 -2.60000 33.75000 0.00073 0.57586 -13
-0.23973 -0.44956 0.00068 1 -3.50000 35.37500 0.00066 0.58994 -13
0.29452 -1.60363 0.00052 1 -5.57500 52.12500 0.00052 0.27838 -13
0.58364 1.11941 0.00019 1 -5.52500 52.05000 0.00017 0.28037 -13
0.70133 -0.68007 0.00073 1 -2.97500 57.72500 0.00063 0.26422 13
-0.00021 -0.14322 0.00084 1 0.15000 -54.02500 0.00084 0.31951 -13
1.08045 -0.52154 0.00044 1 1.60000 -53.15000 0.00032 0.32848 -13
-1.04296 1.47657 0.00018 1 1.27500 -52.90000 0.00016 0.33118 -13
0.66586 0.27498 0.00008 1 0.85000 -47.97500 0.00007 0.37704 -13
-5.75282 9.22150 0.00029 1 -7.27500 63.15000 0.00025 0.26220 -13
3.20382 -0.34757 0.00074 1 1.15000 -63.12500 0.00023 0.49735 -13
0.21284 0.77202 0.00045 1 -2.80000 -23.15000 0.00045 0.52811 13
-0.00274 -0.52770 0.00034 1 -3.32500 -22.62500 0.00034 0.55140 13
1.16429 0.41440 0.00072 1 2.50000 56.12500 0.00049 0.26399 13
-0.12609 -0.43808 0.00006 1 -5.47500 30.22500 0.00006 1.45672 -13
0.10344 0.86400 0.00013 1 -5.87500 30.22500 0.00013 1.46019 -13
0.14540 -0.89035 0.00128 1 1.37500 62.40000 0.00127 0.25851 -13
-0.24404 0.98151 0.00125 1 -0.47500 62.60000 0.00123 0.26606 -13
1.83363 0.21913 0.00109 1 0.15000 64.77500 0.00053 0.28938 -13
-0.61688 -0.77686 0.00014 1 3.27500 -20.87500 0.00012 0.60586 -13
-0.62408 0.19635 0.00055 1 -3.05000 -61.00000 0.00047 0.25705 -13
0.20653 0.65640 0.00091 1 -2.57500 -51.22500 0.00089 0.27120 -13
-0.04761 -0.61070 0.00068 1 -1.30000 -52.02500 0.00068 0.28403 -13
-0.40776 -0.06995 0.00073 1 -2.67500 -51.47500 0.00068 0.29247 -13
1.02091 -1.05678 0.00016 1 -5.47500 -35.90000 0.00013 0.38861 13
-0.27030 -1.18343 0.00094 1 2.27500 -29.62500 0.00092 0.56611 13
-0.04689 -0.70832 0.00047 1 -4.92500 -39.65000 0.00047 0.28494 -13
0.66781 -0.29689 0.00015 1 -4.82500 -39.67500 0.00012 0.28610 -13
0.99596 -0.54180 0.00088 1 2.15000 63.10000 0.00066 0.25700 -13
1.37962 -3.23664 0.00036 1 1.67500 63.37500 0.00033 0.26117 -13
-0.60095 4.34774 0.00020 1 1.27500 63.75000 0.00020 0.26972 -13
-0.62609 0.49277 0.00009 1 -1.40000 -0.35000 0.00008 0.38960 13
0.22922 0.68365 0.00031 1 3.22500 64.65000 0.00030 0.30394 13
0.99756 -2.29824 0.00008 1 1.07500 -63.65000 0.00007 2.34572 13
-0.46803 0.93626 0.00059 1 1.72500 -64.97500 0.00056 0.65947 -13
1.64005 -1.71331 0.00012 1 1.70000 -19.57500 0.00009 0.26837 13
-0.19653 -0.72821 0.00056 1 -2.25000 64.20000 0.00055 0.26040 -13
-0.49834 -0.10293 0.00067 1 0.55000 61.40000 0.00060 0.26228 -13
0.76178 -0.55024 0.00067 1 -4.90000 -33.12500 0.00056 0.47347 13
0.12334 -0.05395 0.00018 1 -4.85000 -32.77500 0.00018 0.49038 13
0.24479 0.19926 0.00084 1 3.35000 60.82500 0.00081 0.26265 -13
-0.36347 0.13984 0.00061 1 -2.50000 -63.05000 0.00057 0.27170 -13
-0.17608 -0.31491 0.00054 1 -3.55000 -63.42500 0.00053 0.28063 -13
1.94876 -2.05702 0.00072 1 -3.12500 -54.17500 0.00055 0.27198 13
-1.94873 1.55229 0.00071 1 -3.50000 -55.32500 0.00049 0.28212 13
0.98623 -0.42068 0.00070 1 -4.25000 -57.52500 0.00051 0.29366 13
0.59888 -0.51211 0.00046 1 -5.45000 54.72500 0.00040 0.32180 -13
0.07860 -0.14912 0.00043 1 -6.35000 54.85000 0.00043 0.32830 -13
0.15695 -0.29729 0.00053 1 -0.02500 35.60000 0.00052 0.35242 -13
0.16382 -1.76384 0.00060 1 1.42500 32.62500 0.00060 0.37005 -13
0.89792 2.31019 0.00046 1 1.20000 32.60000 0.00043 0.37111 -13
-0.36486 0.81234 0.00008 1 4.50000 14.70000 0.00008 0.34694 -13
-1.50572 1.29706 0.00011 1 -0.65000 40.15000 0.00008 0.51438 13
-1.38634 -1.36069 0.00026 1 1.47500 -11.15000 0.00020 0.27386 -13
-0.82658 1.41996 0.00047 1 -1.77500 -2.30000 0.00043 0.43195 13
0.24570 0.51860 0.00051 1 -2.70000 -11.87500 0.00050 0.60979 13
-1.15855 2.30070 0.00025 1 -5.82500 -63.80000 0.00023 0.27077 13
0.62593 -0.50556 0.00069 1 -0.40000 52.02500 0.00060 0.48812 13
-0.53730 0.47848 0.00065 1 -1.40000 52.67500 0.00059 0.49390 13
-1.02628 0.05165 0.00014 1 -0.52500 52.27500 0.00010 0.50306 13
-5.84737 -5.92745 0.00027 1 -0.55000 52.25000 0.00019 0.50386 13
1.12455 0.76436 0.00013 1 -0.52500 52.27500 0.00010 0.50409 13
0.68092 -0.60219 0.00064 1 -1.15000 60.37500 0.00055 0.26863 13
-0.73130 0.61384 0.00058 1 -2.05000 61.70000 0.00049 0.27616 13
-0.66397 -1.84235 0.00021 1 -2.57500 -63.55000 0.00020 0.34537 13
-0.03668 -0.15766 0.00061 1 4.45000 -60.80000 0.00061 0.25785 13
3.94802 -2.52589 0.00034 1 -3.85000 -53.60000 0.00019 0.86107 13
4.79836 -3.75578 0.00042 1 -4.45000 -54.92500 0.00026 0.87019 13
0.85121 -0.44809 0.00034 1 -5.02500 -61.42500 0.00027 0.91851 13
0.19132 -0.30337 0.00057 1 2.05000 29.02500 0.00056 0.57583 -13
-0.07751 0.30278 0.00013 1 1.92500 29.15000 0.00013 0.57750 -13
-0.79181 -2.19813 0.00081 1 -5.85000 45.35000 0.00077 0.28032 -13
-0.51590 0.26630 0.00032 1 -3.22500 -14.65000 0.00029 0.26998 -13
0.56692 0.38350 0.00017 1 -3.72500 -15.00000 0.00015 0.27492 -13
1.69475 -0.66218 0.00059 1 -4.42500 -54.87500 0.00034 0.25653 13
-1.83206 -0.13770 0.00035 1 -4.40000 -54.97500 0.00017 0.25722 13
0.69027 0.89509 0.00043 1 -5.07500 -55.22500 0.00038 0.26119 13
0.28195 -0.93635 0.00060 1 3.00000 28.65000 0.00059 0.67502 -13
-1.25588 0.42767 0.00046 1 3.10000 28.62500 0.00030 0.67576 -13
1.92625 0.67632 0.00045 1 2.92500 -13.12500 0.00024 0.88139 -13
0.48044 -2.95708 0.00017 1 2.85000 -13.15000 0.00017 0.88216 -13
2.99945 -2.14245 0.00029 1 -7.65000 -6.05000 0.00018 0.36760 -13
0.03178 -1.10015 0.00030 1 -1.22500 -12.75000 0.00030 0.25969 13
0.49775 0.81846 0.00014 1 -1.75000 -13.07500 0.00013 0.26534 13
0.42961 -0.31395 0.00088 1 -0.42500 49.37500 0.00081 0.36480 13
-0.29821 0.77034 0.00086 1 -1.77500 50.07500 0.00084 0.37164 13
1.14871 -0.71228 0.00073 1 -0.72500 49.70000 0.00053 0.38512 13
-1.49102 0.52689 0.00063 1 -1.50000 50.50000 0.00038 0.39000 13
-0.48076 -0.25774 0.00015 1 1.40000 -55.52500 0.00014 2.03196 -13
-0.48935 0.34357 0.00022 1 2.17500 11.50000 0.00020 0.32820 13
-1.41830 3.74680 0.00030 1 -0.12500 -38.42500 0.00028 0.27927 -13
-0.81821 0.89848 0.00050 1 -8.30000 32.30000 0.00043 0.27790 13
-0.27644 0.08242 0.00051 1 3.15000 37.27500 0.00049 0.54748 -13
0.09129 -0.58170 0.00045 1 2.17500 37.70000 0.00045 0.55565 -13
0.25693 0.44136 0.00015 1 1.60000 -50.47500 0.00014 0.27243 13
1.18992 -0.33182 0.00034 1 -8.10000 50.52500 0.00023 0.27470 -13
0.04780 -0.51773 0.00064 1 2.75000 -30.05000 0.00064 0.28186 13
-0.84825 -1.45155 0.00024 1 -2.42500 -64.90000 0.00022 0.26738 13
7.16289 3.00560 0.00042 1 -4.12500 23.75000 0.00017 0.26974 -13
0.08892 -5.15045 0.00086 1 -1.60000 63.62500 0.00086 0.26910 13
-0.41963 1.44532 0.00055 1 -1.52500 64.37500 0.00054 0.28201 13
0.97746 0.00173 0.00052 1 -5.07500 30.60000 0.00037 0.46921 13
2.58230 -4.80551 0.00016 1 -4.55000 -35.55000 0.00014 2.46709 13
0.09834 0.24461 0.00055 1 3.80000 64.90000 0.00055 1.57613 13
-2.97664 -2.45087 0.00017 1 3.80000 64.87500 0.00011 1.60983 13
-0.95785 0.11536 0.00060 1 -1.25000 -39.15000 0.00044 1.46765 -13
-6.39713 -1.21249 0.00057 1 -1.52500 -40.47500 0.00014 1.47303 -13
1.07390 0.20655 0.00047 1 -2.15000 -41.62500 0.00032 1.48000 -13
-0.27023 -0.71487 0.00013 1 -5.97500 50.55000 0.00013 0.27060 -13
5.70053 -9.34600 0.00012 1 -6.22500 50.52500 0.00011 0.27700 -13
0.38228 0.13632 0.00090 1 2.55000 61.07500 0.00084 0.26317 -13
-0.26104 0.25786 0.00073 1 4.02500 60.22500 0.00071 0.27492 -13
0.24594 -0.18975 0.00070 1 2.80000 59.62500 0.00069 0.28526 -13
0.98888 0.32450 0.00030 1 -4.60000 -59.62500 0.00022 0.67624 13
-0.19697 0.67027 0.00077 1 3.32500 62.52500 0.00076 0.25887 -13
0.94329 -2.54378 0.00014 1 -5.95000 41.90000 0.00013 0.32395 -13
-0.03039 -3.96106 0.00018 1 -4.57500 -54.47500 0.00018 0.26976 13
0.04253 -0.38229 0.00079 1 -3.17500 -25.97500 0.00079 0.42140 -13
-0.68609 0.24974 0.00080 1 -4.65000 -25.15000 0.00067 0.43027 -13
0.78500 0.25881 0.00022 1 -3.50000 -30.80000 0.00018 0.70797 -13
5.86431 -8.52046 0.00059 1 -3.42500 -51.65000 0.00049 0.28040 13
0.72685 -1.05972 0.00064 1 -3.90000 -57.62500 0.00057 0.31148 13
-0.85628 0.88159 0.00021 1 -3.62500 -52.82500 0.00018 0.33764 13
-0.35037 0.24656 0.00075 1 2.92500 -63.42500 0.00071 0.26289 13
0.51128 -0.69450 0.00068 1 1.55000 -63.17500 0.00062 0.27477 13
-1.10334 0.04807 0.00028 1 2.45000 -63.32500 0.00019 0.28107 13
-0.21207 -0.18014 0.00089 1 -1.00000 -55.15000 0.00087 0.26319 -13
1.35787 0.50924 0.00075 1 0.52500 -54.55000 0.00048 0.27243 -13
-1.07351 0.15990 0.00052 1 -0.32500 -51.07500 0.00036 0.29868 -13
-0.93811 -1.45759 0.00115 1 -3.37500 -60.92500 0.00102 17.40484 -13
0.74626 2.16161 0.00108 1 -4.47500 -61.57500 0.00103 17.40969 -13
0.51683 -0.85274 0.00092 1 -3.40000 -61.02500 0.00086 17.42823 -13
-0.47839 1.14518 0.00089 1 -4.65000 -60.45000 0.00085 17.43414 -13
0.16569 -1.34937 0.00061 1 -6.27500 -49.07500 0.00061 0.26280 13
0.68588 -0.19320 0.00013 1 -6.25000 64.25000 0.00011 0.28460 -13
0.39120 0.43182 0.00028 1 -0.32500 55.35000 0.00026 0.30897 -13
-5.89730 9.37830 0.00010 1 -0.80000 50.12500 0.00008 0.37094 -13
-0.22416 -0.17808 0.00046 1 -4.30000 -57.87500 0.00045 0.26100 -13
-0.20015 -0.41672 0.00022 1 3.95000 -50.62500 0.00021 1.88736 -13
0.30913 -0.78159 0.00045 1 -0.80000 -32.40000 0.00044 0.25920 13
-0.35725 -0.05916 0.00060 1 -7.72500 -62.07500 0.00056 0.26304 -13
-2.93731 -0.92535 0.00038 1 -1.87500 -34.90000 0.00016 0.28990 -13
0.44041 -2.16904 0.00019 1 -4.27500 5.30000 0.00019 0.30954 13
-0.37359 0.82561 0.00008 1 0.35000 -49.02500 0.00007 0.33683 13
-0.18693 -0.08543 0.00065 1 -7.75000 64.72500 0.00064 0.28227 13
-0.02948 -0.28858 0.00054 1 -7.80000 64.45000 0.00054 0.29828 13
0.48642 -0.34661 0.00014 1 4.05000 -63.80000 0.00013 0.27528 -13
0.51321 -0.25320 0.00075 1 1.00000 -62.07500 0.00067 0.36037 13
-0.17713 0.56670 0.00080 1 -0.47500 -62.07500 0.00079 0.36782 13
-0.72568 0.49695 0.00053 1 0.02500 -61.70000 0.00044 0.37173 13
0.40922 -0.60785 0.00050 1 -0.55000 -64.55000 0.00048 0.39769 13
1.23350 1.76042 0.00052 1 2.62500 54.57500 0.00044 0.45331 -13
-1.02018 -0.85291 0.00041 1 2.17500 58.07500 0.00032 0.48026 -13
-0.86413 -0.67019 0.00025 1 2.97500 64.10000 0.00020 0.26600 -13
2.83757 -4.68444 0.00069 1 -4.97500 -26.02500 0.00059 0.26496 13
3.53028 3.86656 0.00038 1 -5.30000 -25.92500 0.00029 0.26703 13
0.76305 -0.75821 0.00019 1 -1.62500 -44.17500 0.00016 2.77383 13
-0.07062 -1.47023 0.00050 1 2.40000 30.07500 0.00050 0.36441 -13
0.57099 -6.54290 0.00041 1 2.32500 30.07500 0.00041 0.36504 -13
-0.89968 -1.37421 0.00089 1 -2.07500 -9.17500 0.00079 0.48911 13
0.48928 0.69290 0.00075 1 -2.72500 -10.97500 0.00070 0.50687 13
5.18972 2.41492 0.00043 1 -2.87500 -11.25000 0.00019 0.50837 13
3.55306 -3.20828 0.00082 1 0.70000 -45.57500 0.00056 0.61082 -13
1.16553 1.38570 0.00050 1 0.02500 -64.22500 0.00041 0.70306 -13
-0.54966 0.52135 0.00035 1 -0.37500 -64.57500 0.00031 0.70848 -13
1.32453 -0.34421 0.00012 1 -7.15000 9.05000 0.00007 0.37631 13
0.22617 -0.02400 0.00053 1 -0.80000 -61.50000 0.00051 0.25694 -13
0.34723 0.28785 0.00018 1 2.15000 -42.70000 0.00017 0.25652 -13
0.86338 0.71173 0.00009 1 -7.40000 35.57500 0.00007 0.35594 13
0.61492 -4.60192 0.00040 1 -3.45000 36.35000 0.00039 0.57841 13
-0.14834 1.07070 0.00019 1 -7.82500 40.02500 0.00019 0.25681 -13
2.56605 -0.88853 0.00017 1 1.95000 25.47500 0.00008 0.77895 -13
0.47832 -0.71726 0.00013 1 4.32500 -25.77500 0.00012 0.30086 13
0.09738 -0.79522 0.00041 1 4.40000 -64.90000 0.00041 0.28410 13
-0.60856 1.04944 0.00034 1 3.97500 -64.52500 0.00031 0.28751 13
-0.33422 -1.01177 0.00060 1 2.32500 -57.90000 0.00059 0.26487 13
2.05430 6.03603 0.00051 1 -7.30000 -49.50000 0.00049 0.26156 -13
0.02113 -0.74888 0.00047 1 -7.82500 -51.77500 0.00047 0.37432 -13
0.29143 -0.02569 0.00095 1 -1.70000 63.27500 0.00092 0.26484 13
-0.50368 -0.02426 0.00093 1 -3.37500 64.30000 0.00083 0.27640 13
-0.54538 0.61821 0.00007 1 -5.92500 -31.47500 0.00006 0.30846 -13
-1.37878 -1.36313 0.00027 1 -6.35000 -49.65000 0.00021 0.87429 13
-0.23745 0.28524 0.00012 1 4.12500 45.77500 0.00012 0.25811 -13
-1.79023 -2.97497 0.00083 1 2.30000 -64.20000 0.00072 0.52203 -13
0.72054 -1.01381 0.00046 1 -2.67500 12.92500 0.00041 0.58209 -13
-0.75844 0.65104 0.00038 1 -3.02500 13.30000 0.00032 0.58477 -13
0.93013 0.33838 0.00071 1 0.15000 39.55000 0.00053 0.25830 13
-0.96297 4.90068 0.00013 1 -4.05000 -34.27500 0.00013 0.34770 -13
-0.23977 -0.23745 0.00017 1 -7.77500 -5.50000 0.00016 0.36720 -13
-0.29799 0.25754 0.00079 1 -7.70000 59.65000 0.00076 0.26637 13
0.41684 2.16252 0.00066 1 -7.62500 58.32500 0.00065 0.28480 13
0.30755 -0.64698 0.00035 1 -8.10000 56.80000 0.00034 0.36152 13
0.12477 -0.28625 0.00006 1 -1.72500 -0.97500 0.00006 0.43704 13
4.04474 -0.76235 0.00100 1 -1.17500 -61.30000 0.00030 0.28969 13
4.34367 -4.27129 0.00030 1 -1.02500 -61.45000 0.00021 0.29058 13
0.16482 0.65584 0.00053 1 0.42500 -61.67500 0.00053 0.29871 13
-0.23034 -0.25274 0.00057 1 -0.65000 -61.37500 0.00055 0.30678 13
0.22474 0.04774 0.00032 1 -0.57500 -61.35000 0.00031 0.30744 13
0.40380 0.86243 0.00023 1 -1.25000 -61.57500 0.00022 0.31155 13
0.50852 -0.30039 0.00053 1 -3.60000 38.60000 0.00048 0.31818 -13
-0.91619 2.03682 0.00026 1 -4.60000 39.47500 0.00024 0.32572 -13
0.26433 0.43000 0.00097 1 3.22500 -55.12500 0.00095 0.66540 13
0.67022 -0.42021 0.00064 1 -7.65000 -53.72500 0.00054 0.67697 13
-0.30440 0.55219 0.00058 1 -8.50000 -53.20000 0.00056 0.68178 13
0.61562 0.06399 0.00038 1 -7.57500 -53.12500 0.00032 0.69149 13
-0.13380 -0.97235 0.00053 1 -2.57500 -53.10000 0.00052 0.33332 -13
-0.78572 0.71139 0.00058 1 -3.35000 -52.60000 0.00049 0.33771 -13
1.78784 -3.33276 0.00012 1 -3.82500 -52.42500 0.00010 0.34057 -13
0.10742 -1.10086 0.00049 1 -3.80000 -21.95000 0.00049 0.54127 13
0.27724 0.56214 0.00039 1 -3.65000 -21.85000 0.00038 0.54231 13
-0.94697 0.96589 0.00011 1 -4.42500 -21.75000 0.00009 0.54893 13
-0.22765 0.37403 0.00015 1 -5.15000 -21.37500 0.00015 0.55510 13
-0.36237 1.08045 0.00051 1 2.55000 -6.72500 0.00050 0.30538 -13
0.68626 -0.75869 0.00025 1 1.95000 -7.82500 0.00022 0.31599 -13
-1.67480 -1.95775 0.00068 1 -6.42500 42.65000 0.00054 0.28378 13
0.62226 5.19425 0.00026 1 3.15000 38.02500 0.00026 0.37381 -13
-0.20206 -1.84504 0.00006 1 -2.62500 -36.30000 0.00006 0.40012 13
-1.08884 -0.93972 0.00008 1 4.00000 13.47500 0.00006 0.41120 13
-0.76684 0.63785 0.00042 1 -7.20000 -48.72500 0.00036 0.31462 13
0.47393 -0.85227 0.00086 1 2.75000 -43.10000 0.00081 0.34623 13
-0.46639 0.75613 0.00086 1 1.40000 -42.95000 0.00081 0.35238 13
0.04636 0.56155 0.00042 1 1.60000 -42.62500 0.00042 0.35547 13
2.64343 2.65708 0.00017 1 1.07500 -42.17500 0.00012 0.36527 13
-0.94372 -0.06703 0.00021 1 0.40000 -41.85000 0.00015 0.37134 13
-1.08480 -4.15402 0.00017 1 0.12500 -38.15000 0.00016 0.46384 13
-1.18532 0.45710 0.00081 1 -5.82500 -13.60000 0.00055 0.58610 -13
-0.04903 0.35920 0.00056 1 1.90000 51.32500 0.00056 0.26374 13
-0.22761 -0.29436 0.00056 1 1.00000 52.15000 0.00055 0.27419 13
-0.09006 -0.04708 0.00007 1 -2.25000 57.82500 0.00007 0.39902 -13
6.24390 5.24589 0.00024 1 -3.55000 57.40000 0.00015 0.25745 -13
0.14632 -0.17386 0.00013 1 -4.00000 55.10000 0.00013 0.29960 -13
2.01979 -4.47021 0.00019 1 -2.45000 49.25000 0.00018 0.34932 -13
3.80057 -1.07597 0.00058 1 -8.30000 -1.42500 0.00021 0.79759 -13
-1.38019 -0.44068 0.00056 1 -8.27500 -1.30000 0.00035 0.79821 -13
-0.14787 -0.57238 0.00063 1 -3.50000 42.40000 0.00063 0.33441 -13
-0.00995 0.25325 0.00060 1 -4.57500 42.45000 0.00060 0.34058 -13
0.32926 -1.32062 0.00010 1 -4.82500 12.00000 0.00010 0.78875 -13
-0.22460 0.18411 0.00043 1 -5.25000 63.87500 0.00042 0.49808 13
0.33605 0.04534 0.00020 1 -5.95000 63.55000 0.00019 0.50471 13
-0.13727 0.45160 0.00015 1 -1.72500 -64.97500 0.00015 2.29467 -13
-0.08129 0.33134 0.00032 1 -2.02500 -64.17500 0.00032 0.39425 -13
0.53164 -1.31488 0.00014 1 -2.47500 -64.45000 0.00013 0.40181 -13
1.91409 -2.32211 0.00021 1 -0.95000 16.95000 0.00017 0.38465 13
0.63602 0.22802 0.00032 1 -3.35000 -56.97500 0.00027 0.62425 13
2.91605 6.54871 0.00058 1 -3.47500 -55.32500 0.00053 0.49498 -13
1.98786 -2.93200 0.00022 1 4.27500 64.70000 0.00019 0.39885 -13
-0.00581 -1.62183 0.00020 1 2.97500 -31.85000 0.00020 0.29948 -13
-2.71072 -0.89950 0.00072 1 -1.72500 58.50000 0.00032 0.31799 -13
0.57809 0.53009 0.00040 1 -1.65000 58.75000 0.00036 0.31938 -13
-0.29985 -0.27276 0.00018 1 -2.27500 59.12500 0.00017 0.32718 -13
0.05812 0.02467 0.00114 1 2.07500 -64.25000 0.00113 0.25755 13
-0.74624 1.42604 0.00041 1 0.62500 -63.10000 0.00037 0.27502 13
-0.55787 0.93361 0.00083 1 0.02500 -62.32500 0.00077 0.29169 13
-0.84191 -0.75782 0.00012 1 -0.57500 52.90000 0.00010 0.33780 13
-1.38412 0.56699 0.00027 1 -0.52500 -52.90000 0.00017 0.33828 -13
1.23254 -0.32907 0.00027 1 2.87500 49.52500 0.00018 0.28493 13
-0.22570 0.54119 0.00007 1 -2.32500 31.17500 0.00007 0.29876 -13
-2.12886 -0.31426 0.00067 1 -4.25000 -64.00000 0.00030 0.41104 13
-0.49179 -0.12411 0.00009 1 -3.05000 27.80000 0.00008 0.32267 13
0.13653 -0.19295 0.00060 1 1.55000 -6.90000 0.00059 0.28511 -13
0.02029 0.55713 0.00059 1 0.52500 -6.85000 0.00059 0.29075 -13
-0.06175 0.52740 0.00067 1 1.25000 63.45000 0.00067 1.86912 13
-0.01438 -0.37440 0.00065 1 0.07500 63.45000 0.00065 1.87907 13
-0.70732 0.03885 0.00096 1 -5.50000 -47.20000 0.00078 0.29897 13
0.38694 0.25135 0.00097 1 -7.10000 -48.35000 0.00091 0.30838 13
-0.38758 -0.72592 0.00090 1 -7.20000 -48.45000 0.00086 0.30908 13
0.19885 -0.87723 0.00086 1 3.42500 -49.37500 0.00085 0.32070 13
-4.57174 6.02486 0.00045 1 -7.92500 -48.37500 0.00036 0.33562 13
-5.89824 -0.70155 0.00102 1 1.02500 59.57500 0.00021 0.25849 13
-0.35892 1.21691 0.00081 1 2.50000 64.92500 0.00079 0.29048 13
-2.42906 -6.33914 0.00061 1 1.75000 64.87500 0.00057 0.32475 13
0.18857 0.31231 0.00091 1 1.05000 -48.82500 0.00089 0.25944 -13
-0.50887 0.10876 0.00072 1 -0.47500 -46.47500 0.00065 0.27715 -13
1.24876 2.37350 0.00013 1 -0.40000 -44.57500 0.00012 0.29067 -13
1.04399 -7.82710 0.00066 1 1.32500 9.30000 0.00065 0.34443 13
-1.17285 -2.88540 0.00050 1 1.30000 2.17500 0.00047 0.66963 13
-0.42505 0.22290 0.00084 1 4.32500 54.77500 0.00078 0.26186 -13
0.02124 0.06582 0.00047 1 3.87500 54.37500 0.00047 0.27028 -13
-0.17611 -0.61927 0.00008 1 3.52500 -51.55000 0.00008 0.39029 -13
0.91669 0.45270 0.00050 1 -5.37500 -60.57500 0.00039 0.26772 -13
0.60415 5.73603 0.00016 1 1.80000 49.42500 0.00016 0.28046 -13
-0.26323 -2.47087 0.00018 1 -6.15000 -64.77500 0.00018 0.34660 -13
0.59562 -0.73355 0.00018 1 -5.45000 64.65000 0.00016 0.31227 13
0.20062 -0.45249 0.00009 1 -4.15000 11.60000 0.00009 0.41854 13
0.31593 -0.92152 0.00006 1 2.95000 -27.85000 0.00006 0.31875 13
0.91563 -0.86610 0.00047 1 -1.87500 -60.87500 0.00039 0.28458 -13
1.52786 -0.52252 0.00018 1 -2.05000 -61.15000 0.00010 0.28983 -13
-0.16727 -0.00432 0.00009 1 2.00000 11.85000 0.00008 0.47234 13
-0.06959 -0.78287 0.00104 1 3.40000 -50.80000 0.00104 0.26028 -13
-1.56293 0.14107 0.00086 1 3.40000 -51.00000 0.00046 0.26185 -13
1.40558 -0.91056 0.00079 1 2.37500 -53.25000 0.00055 0.27422 -13
-0.00019 0.01667 0.00080 1 -5.65000 62.87500 0.00080 0.26330 13
0.09710 0.13277 0.00079 1 -7.12500 62.60000 0.00078 0.27219 13
0.18484 -0.27848 0.00050 1 -6.42500 61.52500 0.00049 0.27873 13
-0.49720 0.75274 0.00043 1 -7.12500 62.37500 0.00040 0.28436 13
-0.01042 -0.96584 0.00090 1 0.37500 -53.42500 0.00090 0.53641 -13
-0.09591 0.75251 0.00085 1 -0.60000 -53.30000 0.00085 0.54050 -13
-0.13975 0.61831 0.00077 1 0.90000 -52.95000 0.00077 0.55040 -13
0.48127 -0.95660 0.00075 1 -0.22500 -53.90000 0.00071 0.56313 -13
0.24972 0.49766 0.00017 1 0.12500 -53.92500 0.00017 0.56512 -13
-2.06602 0.78146 0.00016 1 -2.45000 56.12500 0.00009 0.30399 13
-0.46508 -0.32655 0.00071 1 -0.07500 -48.70000 0.00065 0.36529 13
0.04664 0.09759 0.00061 1 -1.15000 -49.35000 0.00061 0.37174 13
-0.03512 -0.35231 0.00020 1 -0.95000 -52.60000 0.00019 0.38979 13
3.16568 1.46168 0.00034 1 -3.55000 49.27500 0.00017 0.25909 -13
0.64711 0.48023 0.00057 1 1.42500 -54.27500 0.00049 0.34188 -13
-0.34864 -0.57063 0.00052 1 0.77500 -50.97500 0.00050 0.36849 -13
-2.01722 -1.44820 0.00061 1 -5.62500 53.85000 0.00040 0.27252 -13
-1.18777 -1.23961 0.00022 1 -6.00000 -62.90000 0.00018 0.35783 -13
3.37297 -2.02895 0.00019 1 -3.37500 4.07500 0.00011 0.59992 -13
0.70466 -1.65387 0.00012 1 -3.72500 1.40000 0.00012 0.63310 -13
1.40052 -0.52348 0.00065 1 4.20000 64.42500 0.00041 0.52803 13
-0.20383 -1.32425 0.00016 1 -7.95000 -56.27500 0.00016 0.26467 -13
-0.67885 0.05423 0.00036 1 -3.90000 -47.65000 0.00030 0.46062 13
0.19031 -0.55481 0.00018 1 -4.47500 -47.92500 0.00018 0.46942 13
-0.12172 0.15289 0.00055 1 -1.00000 -51.10000 0.00055 0.26085 13
-0.23424 0.20035 0.00024 1 -2.22500 -50.37500 0.00023 0.26897 13
0.33846 0.04464 0.00011 1 -2.55000 -50.92500 0.00011 0.27866 13
-0.08916 -0.12860 0.00105 1 -7.37500 -61.20000 0.00104 0.26164 -13
0.08032 -1.16270 0.00098 1 3.17500 -61.65000 0.00098 0.27604 -13
0.61885 -0.90577 0.00040 1 1.90000 55.07500 0.00036 0.26170 -13
-0.02330 0.04593 0.00018 1 1.97500 55.07500 0.00018 0.26239 -13
0.46482 -0.13746 0.00006 1 -8.22500 27.52500 0.00006 0.33462 -13
-0.12064 -0.27496 0.00067 1 -3.82500 55.77500 0.00067 0.98439 13
-0.39682 0.55310 0.00062 1 -5.05000 55.90000 0.00058 0.99132 13
-1.79298 -2.63081 0.00017 1 -5.25000 55.95000 0.00014 0.99227 13
0.20266 -0.23990 0.00089 1 -5.82500 62.80000 0.00088 0.27283 13
-0.45205 0.12762 0.00077 1 -4.62500 62.30000 0.00070 0.27920 13
0.33695 -0.04957 0.00065 1 -5.90000 60.92500 0.00061 0.28996 13
0.57346 -1.02783 0.00060 1 -1.17500 25.07500 0.00055 0.25812 -13
-1.88109 4.36933 0.00051 1 -1.70000 25.32500 0.00047 0.26074 -13
0.86276 -4.75648 0.00026 1 -2.35000 24.62500 0.00026 0.26832 -13
0.86152 -1.51951 0.00074 1 0.70000 -7.30000 0.00067 2.01528 13
1.35523 2.48359 0.00053 1 1.00000 -7.40000 0.00048 2.01704 13
0.40566 -1.19821 0.00032 1 0.42500 -4.60000 0.00031 2.11191 13
0.36310 -0.07952 0.00062 1 2.80000 37.27500 0.00059 0.56327 13
0.07510 0.02087 0.00055 1 1.72500 37.75000 0.00055 0.57112 13
-0.66363 -8.15761 0.00037 1 -0.07500 13.02500 0.00037 0.47746 13
-0.07471 -1.63636 0.00040 1 -2.72500 -47.92500 0.00040 0.36333 -13
1.68597 -0.52289 0.00047 1 0.40000 41.70000 0.00026 1.12321 -13
-0.47257 0.54913 0.00033 1 -0.05000 42.22500 0.00030 1.12733 -13
-0.01026 -1.16320 0.00059 1 -2.45000 60.00000 0.00059 0.28908 -13
0.20319 -0.04687 0.00018 1 -3.90000 -26.35000 0.00018 0.42665 -13
4.58068 1.62276 0.00045 1 -1.87500 -44.40000 0.00017 0.43912 -13
0.67686 -0.08933 0.00077 1 -7.17500 -16.65000 0.00064 0.59750 -13
-0.26452 -0.09469 0.00015 1 -7.50000 -18.12500 0.00014 0.61163 -13
3.82765 -2.00331 0.00045 1 2.15000 -19.35000 0.00023 0.26372 -13
3.42665 -0.05760 0.00047 1 1.40000 -21.12500 0.00013 0.27191 -13
-3.34373 6.22130 0.00009 1 4.07500 -40.35000 0.00008 1.01192 -13
-2.34079 1.49475 0.00016 1 4.35000 -31.17500 0.00010 1.07816 -13
-0.17124 -1.81985 0.00035 1 -6.75000 -21.32500 0.00035 0.26376 13
-0.45298 2.99937 0.00014 1 -6.70000 -21.30000 0.00014 0.26432 13
-0.99262 -0.65324 0.00065 1 -7.55000 54.00000 0.00050 0.26484 -13
-0.09530 -1.34354 0.00041 1 -6.60000 58.07500 0.00041 0.32726 13
0.99811 -0.00334 0.00019 1 -6.52500 58.10000 0.00014 0.32833 13
-0.01458 0.02678 0.00123 1 -0.22500 60.57500 0.00123 0.26749 13
-0.71748 0.40269 0.00108 1 0.75000 58.17500 0.00090 0.27993 13
3.23721 -6.03457 0.00042 1 -0.32500 55.60000 0.00038 0.30737 13
0.14417 -0.80650 0.00084 1 -1.05000 55.95000 0.00083 0.32633 13
-2.37788 2.56541 0.00024 1 -0.30000 57.35000 0.00018 0.35230 13
-0.58589 -0.34710 0.00091 1 -0.62500 -59.85000 0.00080 0.25777 -13
0.43798 0.67156 0.00089 1 -2.05000 -60.70000 0.00084 0.26537 -13
-0.97189 0.63755 0.00051 1 -1.07500 -62.17500 0.00040 0.27493 -13
-1.22531 0.68632 0.00020 1 -1.45000 -54.05000 0.00014 0.39118 -13
-0.13222 0.56357 0.00078 1 4.05000 64.85000 0.00078 0.38724 13
0.18985 -0.34074 0.00081 1 2.60000 64.07500 0.00079 0.39784 13
0.43024 0.72961 0.00062 1 3.67500 64.67500 0.00059 0.40387 13
0.27801 -0.78675 0.00075 1 -1.37500 -59.12500 0.00074 0.26294 13
-0.23299 -0.12476 0.00054 1 -0.22500 -59.70000 0.00053 0.27192 13
0.51917 0.86439 0.00044 1 -1.12500 -60.07500 0.00040 0.27787 13
-1.36879 0.20750 0.00080 1 3.20000 63.65000 0.00048 0.25796 13
0.80564 -0.04890 0.00073 1 2.32500 61.45000 0.00057 0.26939 13
-0.10125 0.49634 0.00053 1 2.57500 61.37500 0.00052 0.27109 13
-0.23834 -0.37719 0.00047 1 1.67500 61.10000 0.00045 0.27966 13
-3.26768 -1.72349 0.00094 1 -3.67500 21.25000 0.00049 0.28080 13
-0.10070 -1.59821 0.00023 1 -3.35000 22.17500 0.00023 0.28874 13
0.15892 -0.13654 0.00006 1 -2.57500 41.95000 0.00006 0.43817 13
1.10993 -2.41754 0.00064 1 -1.65000 -2.67500 0.00059 0.31041 -13
-0.14722 -0.59219 0.00074 1 3.20000 -55.55000 0.00074 0.25795 13
-0.31789 -0.20435 0.00049 1 4.32500 -55.55000 0.00047 0.26418 13
-0.27734 0.41071 0.00050 1 3.45000 -55.50000 0.00049 0.26926 13
0.96074 3.44236 0.00041 1 -2.22500 49.17500 0.00040 0.28834 13
-0.36684 -0.13258 0.00028 1 -2.75000 49.72500 0.00026 0.31195 13
0.51449 -0.14014 0.00072 1 0.40000 57.10000 0.00064 0.25719 -13
-0.55771 -0.23851 0.00067 1 -0.77500 58.00000 0.00059 0.26565 -13
3.97755 -1.76430 0.00016 1 -1.67500 -8.12500 0.00007 0.48387 13
-0.53662 0.39086 0.00099 1 -7.95000 -58.62500 0.00089 0.40752 13
-1.23954 0.11812 0.00089 1 -8.02500 -61.20000 0.00056 0.42919 13
-1.71923 0.13492 0.00105 1 -2.45000 -60.10000 0.00053 0.26150 -13
-6.06194 5.65827 0.00019 1 -0.75000 -59.77500 0.00013 0.27436 -13
-1.10497 -0.45636 0.00017 1 -0.72500 -59.80000 0.00012 0.27494 -13
0.55271 -1.20130 0.00016 1 -3.17500 -42.20000 0.00015 0.41182 13
-1.39858 -1.00707 0.00055 1 2.07500 -38.02500 0.00039 0.25822 13
2.88971 -6.04777 0.00021 1 -3.00000 33.05000 0.00019 0.34520 13
-0.44537 5.57648 0.00021 1 -3.22500 33.05000 0.00021 0.34709 13
0.03001 0.18927 0.00020 1 4.10000 -58.80000 0.00020 0.27499 13
7.15990 3.23912 0.00032 1 4.30000 -56.57500 0.00014 0.28710 13
-0.29029 -0.13515 0.00018 1 3.75000 -56.25000 0.00017 0.29527 13
0.01298 -0.06677 0.00017 1 -3.37500 -6.35000 0.00017 0.35707 13
-0.25442 1.23541 0.00011 1 -2.27500 45.95000 0.00011 0.26078 13
0.79738 0.02620 0.00059 1 -5.37500 64.20000 0.00046 0.26135 13
-1.12147 0.87147 0.00064 1 -6.15000 64.92500 0.00049 0.26635 13
0.30697 -0.25277 0.00095 1 -6.92500 -60.52500 0.00091 0.25897 -13
-0.02430 -0.12898 0.00085 1 0.82500 -64.55000 0.00085 0.81214 13
0.10778 -0.14155 0.00083 1 -0.75000 -64.97500 0.00083 0.82211 13
-0.14845 -0.82799 0.00065 1 0.30000 -63.52500 0.00065 0.83533 13
-0.43618 0.18235 0.00064 1 -0.85000 -63.15000 0.00059 0.84148 13
-0.95312 -0.91975 0.00050 1 0.27500 -63.67500 0.00041 0.84987 13
-6.09618 -3.33411 0.00051 1 0.00000 -64.10000 0.00025 0.85225 13
0.64202 0.05473 0.00042 1 -0.47500 -64.72500 0.00035 0.85618 13
-0.41098 0.26138 0.00047 1 1.77500 34.97500 0.00044 0.45753 13
2.75232 0.10936 0.00031 1 1.25000 33.72500 0.00011 0.46536 13
0.70384 0.08760 0.00008 1 1.00000 33.45000 0.00007 0.47198 13
0.26679 2.55580 0.00034 1 -6.75000 49.97500 0.00033 0.27196 13
2.83355 -2.45112 0.00025 1 -6.30000 49.90000 0.00017 0.28593 13
0.84868 -3.19222 0.00021 1 -3.82500 -48.85000 0.00020 0.32173 13
0.62312 -0.27028 0.00015 1 2.50000 -44.42500 0.00012 0.26878 -13
2.25036 -1.40759 0.00068 1 -5.50000 -61.82500 0.00041 0.29064 -13
1.82773 7.34796 0.00009 1 -6.50000 39.60000 0.00009 0.28929 13
-1.41439 1.32885 0.00015 1 0.30000 -20.75000 0.00011 2.37974 -13
6.95333 3.36959 0.00017 1 1.60000 -27.62500 0.00008 0.25954 -13
-0.42422 -1.12373 0.00009 1 -3.20000 51.10000 0.00009 0.53372 -13
-0.27460 -0.10880 0.00047 1 -0.40000 -44.35000 0.00046 0.39043 -13
0.55744 0.09062 0.00023 1 -1.32500 -45.05000 0.00020 0.39793 -13
0.55033 -0.12450 0.00080 1 2.37500 -60.07500 0.00070 0.26121 13
-1.86366 -0.46537 0.00019 1 2.62500 -61.70000 0.00010 0.27083 13
0.53225 -0.51813 0.00091 1 1.65000 -40.15000 0.00082 0.28656 13
-0.59728 0.46463 0.00067 1 3.30000 -40.77500 0.00059 0.29694 13
0.10210 -0.04316 0.00071 1 2.00000 -41.22500 0.00070 0.30619 13
0.22214 2.60736 0.00025 1 2.20000 -41.07500 0.00025 0.30824 13
0.53438 -0.16934 0.00047 1 -5.65000 61.92500 0.00042 0.26050 13
-1.93128 -1.84204 0.00025 1 -0.20000 29.37500 0.00018 0.27831 13
0.54545 0.40497 0.00019 1 -0.12500 -65.00000 0.00017 0.41755 -13
0.29754 -0.05701 0.00043 1 -5.30000 63.20000 0.00041 0.25998 13
0.40102 0.23483 0.00047 1 -6.15000 62.95000 0.00044 0.26537 13
-0.91789 -1.26478 0.00018 1 -6.77500 -51.90000 0.00015 0.63735 -13
0.16055 -2.01919 0.00014 1 -7.10000 -51.40000 0.00014 0.65609 -13
-0.14898 0.98835 0.00017 1 1.52500 61.85000 0.00017 0.26311 -13
0.46875 -0.03563 0.00028 1 4.50000 -7.35000 0.00025 3.00024 13
0.30875 3.56432 0.00031 1 -2.87500 45.77500 0.00030 0.31337 13
1.55519 -1.62787 0.00021 1 -3.20000 44.65000 0.00016 0.32389 13
2.38437 0.88125 0.00045 1 -0.45000 -60.62500 0.00022 0.25649 -13
0.84571 -1.03632 0.00060 1 -0.92500 -62.45000 0.00052 0.26957 -13
-1.30069 -0.07458 0.00053 1 -0.85000 -62.55000 0.00032 0.27026 -13
1.26770 0.18739 0.00038 1 -1.40000 -63.40000 0.00024 0.27577 -13
1.60722 3.80955 0.00013 1 -1.35000 -63.47500 0.00012 0.27670 -13
-0.11528 -0.54557 0.00054 1 -5.52500 55.57500 0.00054 0.26237 -13
-0.03029 0.33019 0.00039 1 -6.95000 51.02500 0.00039 0.58150 13
0.80612 -0.46577 0.00053 1 -0.27500 -64.02500 0.00043 0.29649 13
-0.66552 -0.44651 0.00030 1 1.77500 -19.07500 0.00026 0.35768 13
1.19980 1.20094 0.00023 1 -6.07500 -64.45000 0.00019 0.26147 -13
6.82377 0.92325 0.00034 1 -6.32500 -65.00000 0.00007 0.26516 -13
1.52152 -2.96731 0.00011 1 1.30000 -47.30000 0.00010 0.35625 13
-2.88154 -0.52683 0.00106 1 -2.12500 -40.00000 0.00039 0.29514 13
3.06232 -2.81602 0.00060 1 -8.47500 39.57500 0.00042 0.33367 -13
1.99621 -2.16650 0.00016 1 -0.30000 -57.32500 0.00012 2.26178 -13
0.96903 -0.56426 0.00076 1 -0.85000 18.77500 0.00058 0.29144 13
0.04153 1.59318 0.00065 1 -1.90000 19.35000 0.00065 0.29688 13
-5.43371 1.51585 0.00019 1 -5.10000 -25.95000 0.00006 0.27861 -13
1.46283 -0.17247 0.00054 1 4.17500 -2.37500 0.00031 1.59883 13
1.61983 0.66154 0.00015 1 -6.02500 -59.10000 0.00009 0.40812 13
-0.72123 -0.06497 0.00011 1 0.72500 37.32500 0.00009 0.88128 13
1.71691 -1.13520 0.00053 1 1.22500 33.35000 0.00035 0.31456 -13
-0.97039 0.91796 0.00039 1 1.30000 33.17500 0.00032 0.31560 -13
0.03845 0.05207 0.00019 1 0.65000 32.55000 0.00019 0.32356 -13
1.24550 -0.40640 0.00010 1 0.65000 32.55000 0.00007 0.32399 -13
-0.65856 -0.88368 0.00016 1 -6.67500 -62.92500 0.00014 0.33977 13
-0.94387 -0.32642 0.00099 1 3.20000 62.70000 0.00074 0.26330 -13
0.35791 0.16383 0.00079 1 3.47500 63.10000 0.00075 0.26549 -13
-0.40879 -0.01621 0.00077 1 2.15000 64.22500 0.00071 0.27588 -13
0.04188 -0.04324 0.00009 1 -4.60000 -0.15000 0.00009 0.36035 13
0.89030 0.87155 0.00032 1 -6.10000 34.52500 0.00026 0.29657 13
-0.83466 0.73468 0.00008 1 -6.42500 34.22500 0.00007 0.30103 13
0.00877 -0.36006 0.00012 1 4.12500 -50.47500 0.00012 0.32668 -13
0.37925 -0.07557 0.00059 1 -3.87500 37.02500 0.00056 0.32219 -13
-0.68731 -0.37606 0.00033 1 -4.97500 37.05000 0.00028 0.33314 -13
2.14301 2.15119 0.00010 1 -5.02500 36.45000 0.00007 0.34331 -13
0.18021 -0.25411 0.00018 1 0.17500 29.22500 0.00018 0.31188 -13
-0.78063 0.57344 0.00045 1 -2.37500 -63.05000 0.00037 0.53666 -13
1.63154 -0.30679 0.00024 1 -2.75000 -64.55000 0.00013 0.54547 -13
0.49943 -4.40653 0.00006 1 3.02500 60.82500 0.00006 0.40038 -13
4.37778 -0.98970 0.00025 1 -3.17500 -31.65000 0.00008 0.30223 -13
-0.11657 -0.01248 0.00015 1 -0.25000 62.75000 0.00015 0.26503 13
-2.08921 -0.75437 0.00019 1 3.12500 -0.50000 0.00010 0.54087 -13
-0.14881 -0.48599 0.00028 1 -4.25000 0.47500 0.00028 0.50703 -13
-1.26138 2.98065 0.00019 1 -4.27500 0.47500 0.00018 0.50766 -13
-0.32865 -1.65242 0.00054 1 -0.77500 -40.10000 0.00053 0.32349 -13
0.46045 0.78707 0.00034 1 -1.10000 -40.30000 0.00032 0.32520 -13
-3.92586 -3.04929 0.00030 1 -7.87500 53.90000 0.00019 0.25782 13
-1.53670 0.64926 0.00073 1 -4.75000 54.40000 0.00045 0.25741 13
1.47874 1.43586 0.00027 1 -4.07500 56.30000 0.00020 0.26994 13
1.18687 -0.17745 0.00019 1 4.32500 50.10000 0.00013 0.27221 -13
0.84244 0.70235 0.00016 1 0.10000 -0.27500 0.00013 0.27682 13
-0.48186 -2.01656 0.00070 1 -2.37500 23.77500 0.00068 0.34409 -13
0.83366 0.00547 0.00045 1 -1.10000 23.62500 0.00035 0.35204 -13
-1.02694 0.41687 0.00036 1 -2.00000 24.67500 0.00026 0.36172 -13
-1.20743 -0.13511 0.00053 1 1.87500 -59.95000 0.00034 0.25777 -13
1.23673 -0.79996 0.00046 1 1.25000 -61.17500 0.00033 0.26612 -13
-2.12406 7.84010 0.00038 1 1.30000 -61.20000 0.00036 0.26660 -13
0.34193 -0.48436 0.00068 1 -4.70000 41.92500 0.00065 0.42957 13
-0.47391 0.49933 0.00045 1 -5.80000 42.70000 0.00041 0.43710 13
-0.34894 2.09762 0.00035 1 -2.62500 -47.42500 0.00035 0.27787 -13
-1.48662 -1.09787 0.00049 1 -3.97500 13.70000 0.00035 0.35361 -13
2.69435 -0.08765 0.00021 1 -3.95000 13.85000 0.00007 0.35450 -13
0.63313 -0.54128 0.00055 1 -2.25000 -59.72500 0.00048 0.25788 -13
-0.54113 0.74752 0.00051 1 -2.97500 -59.42500 0.00047 0.26203 -13
-0.94467 0.00843 0.00026 1 -0.80000 64.32500 0.00019 1.66472 -13
-1.73636 0.69725 0.00060 1 1.15000 -15.27500 0.00035 1.42602 -13
0.31863 0.37597 0.00040 1 0.42500 59.30000 0.00038 0.49590 13
-0.35301 -0.89379 0.00019 1 -0.02500 60.00000 0.00018 0.50584 13
0.15437 -1.24552 0.00017 1 -3.55000 -40.65000 0.00017 0.34937 -13
-0.16563 -0.27806 0.00059 1 -6.17500 58.47500 0.00058 0.27935 13
-0.88745 -2.14739 0.00074 1 -0.15000 39.60000 0.00069 0.30123 -13
1.73955 1.02379 0.00060 1 0.02500 39.70000 0.00038 0.30199 -13
-0.91471 -1.09289 0.00055 1 -0.72500 40.97500 0.00046 0.31198 -13
0.49496 -0.61329 0.00087 1 2.90000 -62.85000 0.00080 0.26036 13
-0.70933 0.41492 0.00081 1 1.85000 -61.57500 0.00068 0.28107 13
4.89305 2.89279 0.00024 1 -7.02500 1.05000 0.00013 0.73957 -13
-0.37594 -0.54851 0.00014 1 -7.45000 3.25000 0.00013 0.76956 -13
1.06290 -2.79614 0.00021 1 -2.92500 -60.75000 0.00020 0.27225 13
0.68761 0.25140 0.00016 1 -5.05000 -51.45000 0.00013 0.31988 13
0.36932 0.77592 0.00012 1 -1.57500 -64.15000 0.00011 2.30721 -13
-0.10297 -0.37242 0.00033 1 2.92500 -62.65000 0.00033 0.25934 -13
-2.50166 0.06309 0.00075 1 -2.47500 47.35000 0.00028 0.26919 13
-0.70513 1.29199 0.00061 1 -2.32500 47.47500 0.00056 0.27034 13
0.66731 -0.60326 0.00057 1 -2.95000 40.40000 0.00049 0.32867 13
2.61021 1.53156 0.00037 1 -2.97500 40.30000 0.00021 0.32932 13
1.88659 -0.99540 0.00056 1 2.30000 59.85000 0.00034 0.38440 -13
0.60279 -0.10372 0.00037 1 1.50000 25.82500 0.00032 0.34135 13
-0.02565 0.96836 0.00026 1 -7.77500 -2.87500 0.00026 1.74867 -13
0.36350 -2.68885 0.00053 1 -1.27500 -32.40000 0.00053 0.26645 13
-0.82008 -1.32377 0.00067 1 -2.20000 -61.05000 0.00060 0.27442 -13
-0.14201 0.41129 0.00043 1 -2.02500 -60.80000 0.00043 0.27634 -13
-0.78377 -7.48229 0.00019 1 -2.60000 -61.10000 0.00018 0.28631 -13
-1.55984 -0.61980 0.00016 1 -3.10000 -60.70000 0.00009 0.29372 -13
3.96536 -1.02828 0.00053 1 -6.10000 52.57500 0.00018 0.63105 13
