model_type,weight_bits,integer_bits,test_accuracy,test_loss,roc_auc,model_path
non_quantized,N/A,N/A,0.899303674697876,0.22951412200927734,0.9654347765311915,Model2_results_20251029_182342/models/Model2_unquantized.h5
quantized,16,0,0.8748148679733276,0.28885605931282043,0.9454424024931568,Model2_results_20251029_182342/models/Model2_quantized_16bit.h5
quantized,8,0,0.8556507229804993,0.32697656750679016,0.9268803205643287,Model2_results_20251029_182342/models/Model2_quantized_8bit.h5
quantized,6,0,0.8791026473045349,0.3068854510784149,0.9233330600934934,Model2_results_20251029_182342/models/Model2_quantized_6bit.h5
quantized,4,0,0.8634809851646423,0.33192071318626404,0.9353046778823648,Model2_results_20251029_182342/models/Model2_quantized_4bit.h5
quantized,3,0,0.8465309143066406,0.3507942855358124,0.9248246112898856,Model2_results_20251029_182342/models/Model2_quantized_3bit.h5
quantized,2,0,0.7677148580551147,0.49482262134552,0.8587373332322186,Model2_results_20251029_182342/models/Model2_quantized_2bit.h5
