{
    "loss": [
        0.49804210662841797,
        0.3466968834400177,
        0.2958751916885376,
        0.2743992209434509,
        0.26122385263442993,
        0.25220414996147156,
        0.24639925360679626,
        0.24135898053646088,
        0.23699480295181274,
        0.23366157710552216,
        0.2311391830444336,
        0.2284761369228363,
        0.22697971761226654,
        0.22509188950061798,
        0.22371597588062286,
        0.22212953865528107,
        0.22131963074207306,
        0.22026327252388,
        0.21903958916664124,
        0.21877066791057587,
        0.21747152507305145,
        0.2169434130191803,
        0.2158081978559494,
        0.21549704670906067,
        0.21446658670902252,
        0.2139367014169693,
        0.21329790353775024,
        0.2126491665840149,
        0.21250192821025848,
        0.21108517050743103,
        0.2110326737165451,
        0.21008984744548798,
        0.20990696549415588,
        0.2095075249671936,
        0.20882834494113922
    ],
    "binary_accuracy": [
        0.7661551833152771,
        0.8762220144271851,
        0.898895800113678,
        0.9076395630836487,
        0.9135605692863464,
        0.9178148508071899,
        0.9207524657249451,
        0.9229332804679871,
        0.9246924519538879,
        0.9258477091789246,
        0.9268949031829834,
        0.9276449680328369,
        0.9282127022743225,
        0.9287539720535278,
        0.9292199611663818,
        0.9295916557312012,
        0.9299182295799255,
        0.9302731156349182,
        0.9303551316261292,
        0.9305762052536011,
        0.9307823181152344,
        0.9310731291770935,
        0.9312412142753601,
        0.9313150644302368,
        0.9316117763519287,
        0.9316405057907104,
        0.9317635297775269,
        0.9319029450416565,
        0.9320043325424194,
        0.9320173859596252,
        0.9322361946105957,
        0.9323793649673462,
        0.93244868516922,
        0.9324643611907959,
        0.9324856400489807
    ],
    "val_loss": [
        0.38704314827919006,
        0.30308768153190613,
        0.27440345287323,
        0.258920282125473,
        0.24757321178913116,
        0.2418992668390274,
        0.2368910163640976,
        0.2332056760787964,
        0.23083387315273285,
        0.22756259143352509,
        0.22456957399845123,
        0.22448164224624634,
        0.22286702692508698,
        0.22016499936580658,
        0.2205129861831665,
        0.2190832942724228,
        0.21656534075737,
        0.21633213758468628,
        0.21672816574573517,
        0.21477659046649933,
        0.21485535800457,
        0.21346688270568848,
        0.21302856504917145,
        0.21286402642726898,
        0.21176381409168243,
        0.21116220951080322,
        0.20969009399414062,
        0.20938195288181305,
        0.21002061665058136,
        0.2075520157814026,
        0.20922763645648956,
        0.2073746919631958,
        0.20656344294548035,
        0.20715390145778656,
        0.20758754014968872
    ],
    "val_binary_accuracy": [
        0.8606190085411072,
        0.8950266242027283,
        0.9069226384162903,
        0.9136091470718384,
        0.9181277751922607,
        0.9212631583213806,
        0.923603355884552,
        0.9253343343734741,
        0.927078902721405,
        0.9278120994567871,
        0.9289867281913757,
        0.9296231865882874,
        0.9297667741775513,
        0.9307191967964172,
        0.9311772584915161,
        0.9312831163406372,
        0.9313193559646606,
        0.9318031072616577,
        0.9317592978477478,
        0.9317864775657654,
        0.9323216676712036,
        0.9323261976242065,
        0.9324637651443481,
        0.9327464699745178,
        0.9326406717300415,
        0.9329581260681152,
        0.9327449798583984,
        0.9330941438674927,
        0.9330579042434692,
        0.9332801103591919,
        0.9336611032485962,
        0.933620274066925,
        0.9335628151893616,
        0.9334841966629028,
        0.9336943626403809
    ]
}