{
    "loss": [
        0.4888650178909302,
        0.3347369432449341,
        0.28316959738731384,
        0.2638997435569763,
        0.25486376881599426,
        0.24931606650352478,
        0.2459946870803833,
        0.24294675886631012,
        0.24134409427642822,
        0.23946909606456757,
        0.23852920532226562,
        0.23771274089813232,
        0.23659370839595795,
        0.23564130067825317,
        0.23480527102947235,
        0.23391933739185333,
        0.2333405315876007,
        0.23254530131816864,
        0.2315344363451004,
        0.2310502827167511,
        0.23023904860019684,
        0.23014330863952637,
        0.22929546236991882,
        0.22912847995758057,
        0.22856611013412476,
        0.227717325091362,
        0.22726058959960938,
        0.22665108740329742,
        0.2261575609445572,
        0.2251478135585785,
        0.22527523338794708,
        0.22502514719963074,
        0.22472308576107025,
        0.22396500408649445,
        0.22324590384960175
    ],
    "binary_accuracy": [
        0.7688918709754944,
        0.8731681108474731,
        0.9017476439476013,
        0.9124795198440552,
        0.9173291325569153,
        0.9201540946960449,
        0.9219785332679749,
        0.92327880859375,
        0.92415452003479,
        0.924759566783905,
        0.9253623485565186,
        0.9257791042327881,
        0.9263017773628235,
        0.9264497756958008,
        0.927004873752594,
        0.9273474812507629,
        0.9276154637336731,
        0.9278518557548523,
        0.9281030893325806,
        0.9283021688461304,
        0.9284881949424744,
        0.9287402033805847,
        0.9289657473564148,
        0.9289955496788025,
        0.9292975068092346,
        0.9294697642326355,
        0.9295268058776855,
        0.9295409321784973,
        0.9297709465026855,
        0.9298321008682251,
        0.9300363659858704,
        0.9302022457122803,
        0.9302481412887573,
        0.9303390979766846,
        0.9304304122924805
    ],
    "val_loss": [
        0.3679901361465454,
        0.28682029247283936,
        0.2600960433483124,
        0.24932768940925598,
        0.24433377385139465,
        0.2402840256690979,
        0.23912498354911804,
        0.23704403638839722,
        0.23440435528755188,
        0.2333228439092636,
        0.23334790766239166,
        0.23331038653850555,
        0.23110274970531464,
        0.2311725616455078,
        0.23034319281578064,
        0.23018160462379456,
        0.22898145020008087,
        0.2284257709980011,
        0.22787241637706757,
        0.22753125429153442,
        0.22587493062019348,
        0.22531473636627197,
        0.22665847837924957,
        0.22525617480278015,
        0.22374401986598969,
        0.2237798273563385,
        0.22280162572860718,
        0.22231845557689667,
        0.2217750996351242,
        0.22173000872135162,
        0.22182397544384003,
        0.22132986783981323,
        0.22136487066745758,
        0.2200988382101059,
        0.21992971003055573
    ],
    "val_binary_accuracy": [
        0.8552054166793823,
        0.8964143991470337,
        0.9130301475524902,
        0.9179267287254333,
        0.9217650890350342,
        0.9237666130065918,
        0.9255958795547485,
        0.9258967041969299,
        0.9259737730026245,
        0.9269564151763916,
        0.9274008870124817,
        0.9281356334686279,
        0.928109884262085,
        0.9285740256309509,
        0.9289882183074951,
        0.9295037388801575,
        0.9293813109397888,
        0.9297047853469849,
        0.9299829602241516,
        0.9301643967628479,
        0.9304062724113464,
        0.9304531216621399,
        0.9309157133102417,
        0.9309580326080322,
        0.9308612942695618,
        0.9312831163406372,
        0.9313209056854248,
        0.9310880899429321,
        0.9311878681182861,
        0.9317018389701843,
        0.9319180250167847,
        0.9318938255310059,
        0.9317683577537537,
        0.9319044351577759,
        0.9321190714836121
    ]
}