{
    "loss": [
        0.3336224853992462,
        0.24022895097732544,
        0.2299671322107315,
        0.2244836837053299,
        0.22022177278995514,
        0.21735583245754242,
        0.21478937566280365,
        0.21280920505523682,
        0.2113020420074463,
        0.20884142816066742,
        0.20754490792751312,
        0.20608529448509216,
        0.20504920184612274,
        0.20440436899662018,
        0.20308911800384521,
        0.20257364213466644,
        0.20202529430389404,
        0.2019420862197876,
        0.20154640078544617,
        0.20068195462226868,
        0.1997799575328827,
        0.199644073843956,
        0.19901812076568604,
        0.19890575110912323,
        0.19832077622413635,
        0.1982477754354477,
        0.19784297049045563,
        0.19788320362567902,
        0.19673404097557068,
        0.196516752243042,
        0.19668564200401306,
        0.19649997353553772,
        0.1962030977010727,
        0.19576922059059143,
        0.19570912420749664
    ],
    "binary_accuracy": [
        0.8712925910949707,
        0.9251502156257629,
        0.9294745922088623,
        0.931043267250061,
        0.9319636821746826,
        0.9325650334358215,
        0.932999312877655,
        0.9335256814956665,
        0.9334765076637268,
        0.9337303638458252,
        0.9339737892150879,
        0.9339551329612732,
        0.9341884851455688,
        0.9343834519386292,
        0.9345225095748901,
        0.9346172213554382,
        0.9345609545707703,
        0.9344882369041443,
        0.9346742630004883,
        0.9348975419998169,
        0.9350026845932007,
        0.9349385499954224,
        0.9350429177284241,
        0.9351402521133423,
        0.9350925087928772,
        0.9350664019584656,
        0.9353657960891724,
        0.9353329539299011,
        0.9354764819145203,
        0.9354511499404907,
        0.9355305433273315,
        0.9354544878005981,
        0.935608446598053,
        0.93559730052948,
        0.935542106628418
    ],
    "val_loss": [
        0.24400517344474792,
        0.22752730548381805,
        0.22124995291233063,
        0.2192092388868332,
        0.2149742990732193,
        0.21324561536312103,
        0.21140612661838531,
        0.2119603455066681,
        0.20732823014259338,
        0.20694848895072937,
        0.20604120194911957,
        0.20499910414218903,
        0.20392818748950958,
        0.2030724138021469,
        0.20265409350395203,
        0.19941438734531403,
        0.20176000893115997,
        0.20161603391170502,
        0.20097149908542633,
        0.19920802116394043,
        0.19838471710681915,
        0.19956833124160767,
        0.1982097327709198,
        0.20009492337703705,
        0.19618144631385803,
        0.19672457873821259,
        0.19709692895412445,
        0.1963576078414917,
        0.19577781856060028,
        0.1956719607114792,
        0.1967218667268753,
        0.19577458500862122,
        0.19737142324447632,
        0.19586172699928284,
        0.19526830315589905
    ],
    "val_binary_accuracy": [
        0.9226524829864502,
        0.9297350645065308,
        0.9308840036392212,
        0.9326240420341492,
        0.9326769113540649,
        0.9334267377853394,
        0.9341720342636108,
        0.9346875548362732,
        0.9343459010124207,
        0.9344608187675476,
        0.935160756111145,
        0.9344592690467834,
        0.9351078271865845,
        0.9353799223899841,
        0.9347994327545166,
        0.9351471662521362,
        0.9355054497718811,
        0.9354404211044312,
        0.935314953327179,
        0.9354116916656494,
        0.9359846711158752,
        0.936063289642334,
        0.9360179305076599,
        0.935987651348114,
        0.9358909130096436,
        0.9357457756996155,
        0.9358682632446289,
        0.9363973736763,
        0.9363353848457336,
        0.9362552762031555,
        0.9362567663192749,
        0.9363595843315125,
        0.9363353848457336,
        0.936152458190918,
        0.93595290184021
    ]
}