{
    "loss": [
        0.5050942897796631,
        0.36982494592666626,
        0.3154109716415405,
        0.3023444712162018,
        0.29488417506217957,
        0.2896883487701416,
        0.28548669815063477,
        0.28213536739349365,
        0.2791832685470581,
        0.2769508361816406,
        0.2745198905467987,
        0.2722131311893463,
        0.27107030153274536,
        0.26976534724235535,
        0.2686087489128113,
        0.2676428258419037,
        0.2652755379676819,
        0.26275864243507385,
        0.26189979910850525,
        0.26122987270355225,
        0.26051411032676697,
        0.260075181722641,
        0.2593286335468292,
        0.2584056854248047,
        0.25830307602882385,
        0.2576277554035187,
        0.2566987872123718,
        0.2567582428455353,
        0.25626635551452637,
        0.2563609480857849,
        0.25518926978111267,
        0.2545202970504761,
        0.2536289691925049,
        0.253024160861969,
        0.25263169407844543
    ],
    "binary_accuracy": [
        0.7571586966514587,
        0.8515649437904358,
        0.8829941153526306,
        0.8919682502746582,
        0.8967418074607849,
        0.9002046585083008,
        0.9027198553085327,
        0.9048048853874207,
        0.9065394997596741,
        0.9080615639686584,
        0.9095516204833984,
        0.9106759428977966,
        0.9112321138381958,
        0.9117797613143921,
        0.9120731353759766,
        0.9125369191169739,
        0.9131210446357727,
        0.9134618043899536,
        0.914125382900238,
        0.9142528772354126,
        0.9145950675010681,
        0.9148157835006714,
        0.9152128100395203,
        0.9156153798103333,
        0.9155181050300598,
        0.915847659111023,
        0.9160761833190918,
        0.9160884618759155,
        0.9161518216133118,
        0.9163419604301453,
        0.9165857434272766,
        0.9167729020118713,
        0.9173130989074707,
        0.9174838066101074,
        0.9174484014511108
    ],
    "val_loss": [
        0.38562679290771484,
        0.3098950684070587,
        0.2876113951206207,
        0.27792248129844666,
        0.2706715166568756,
        0.2654043734073639,
        0.2610381543636322,
        0.25732535123825073,
        0.25241971015930176,
        0.25133755803108215,
        0.24871551990509033,
        0.24723489582538605,
        0.2467983514070511,
        0.24463610351085663,
        0.24374912679195404,
        0.24202944338321686,
        0.23908953368663788,
        0.23906414210796356,
        0.23826269805431366,
        0.23739732801914215,
        0.23664790391921997,
        0.23584190011024475,
        0.23569922149181366,
        0.23518997430801392,
        0.23463083803653717,
        0.2351399064064026,
        0.23417402803897858,
        0.2322673201560974,
        0.23347462713718414,
        0.23221179842948914,
        0.23231546580791473,
        0.23181186616420746,
        0.23056846857070923,
        0.2314155250787735,
        0.23088020086288452
    ],
    "val_binary_accuracy": [
        0.8463586568832397,
        0.8810232281684875,
        0.8970357179641724,
        0.9038114547729492,
        0.9081683158874512,
        0.9112281203269958,
        0.91220623254776,
        0.9174051880836487,
        0.918402910232544,
        0.9207189083099365,
        0.9201641082763672,
        0.9220477938652039,
        0.9226812124252319,
        0.9228383898735046,
        0.9233070611953735,
        0.9225557446479797,
        0.9239314198493958,
        0.9245361089706421,
        0.9247024059295654,
        0.9245678782463074,
        0.9245754480361938,
        0.9250243902206421,
        0.9254552721977234,
        0.9251801371574402,
        0.925731897354126,
        0.9263350963592529,
        0.9260796308517456,
        0.926629900932312,
        0.926595151424408,
        0.9267463088035583,
        0.9271953105926514,
        0.9256986379623413,
        0.9269352555274963,
        0.9267100095748901,
        0.9269730448722839
    ]
}