{
    "loss": [
        0.45915406942367554,
        0.30444690585136414,
        0.26892006397247314,
        0.25119346380233765,
        0.24182096123695374,
        0.2362261563539505,
        0.23224136233329773,
        0.22983573377132416,
        0.2267002910375595,
        0.22456495463848114,
        0.2227943241596222,
        0.2210044264793396,
        0.2194920778274536,
        0.21885037422180176,
        0.2175554484128952,
        0.21700438857078552,
        0.21588091552257538,
        0.2150122970342636,
        0.2140897810459137,
        0.21343228220939636,
        0.21298588812351227,
        0.2125273495912552,
        0.21254095435142517,
        0.211521178483963,
        0.21126185357570648,
        0.21037624776363373,
        0.21006371080875397,
        0.20946316421031952,
        0.20886753499507904,
        0.208554208278656,
        0.20789602398872375,
        0.20728205144405365,
        0.20746773481369019,
        0.20712102949619293,
        0.20669279992580414
    ],
    "binary_accuracy": [
        0.7911950945854187,
        0.8965039849281311,
        0.9103829264640808,
        0.9188113212585449,
        0.9231002926826477,
        0.9251092076301575,
        0.9265265464782715,
        0.9274522066116333,
        0.9282678961753845,
        0.9290160536766052,
        0.9295372366905212,
        0.9301467537879944,
        0.9305631518363953,
        0.9310302138328552,
        0.9314678907394409,
        0.931787371635437,
        0.9321620464324951,
        0.9324427247047424,
        0.9325366616249084,
        0.9326381087303162,
        0.932895302772522,
        0.9330596923828125,
        0.933120846748352,
        0.9333191514015198,
        0.9335175156593323,
        0.9335115551948547,
        0.9335450530052185,
        0.9336386322975159,
        0.9338105320930481,
        0.9337635040283203,
        0.933985710144043,
        0.933939516544342,
        0.9341728687286377,
        0.9342119693756104,
        0.9342067837715149
    ],
    "val_loss": [
        0.3247700333595276,
        0.26983606815338135,
        0.24776075780391693,
        0.23831795156002045,
        0.23300808668136597,
        0.22754396498203278,
        0.2253180891275406,
        0.2223615199327469,
        0.22020114958286285,
        0.21864037215709686,
        0.2176758050918579,
        0.2169220894575119,
        0.2163994312286377,
        0.21466393768787384,
        0.21414415538311005,
        0.21266430616378784,
        0.21350252628326416,
        0.21194279193878174,
        0.21128375828266144,
        0.2102704644203186,
        0.20967622101306915,
        0.20986592769622803,
        0.21026945114135742,
        0.20809178054332733,
        0.2088916003704071,
        0.209487646818161,
        0.20656219124794006,
        0.20586109161376953,
        0.2062002420425415,
        0.20544375479221344,
        0.20482586324214935,
        0.20584672689437866,
        0.20381180942058563,
        0.20632420480251312,
        0.20611265301704407
    ],
    "val_binary_accuracy": [
        0.8862947225570679,
        0.9051826000213623,
        0.916313648223877,
        0.9231089949607849,
        0.9258377552032471,
        0.9270456433296204,
        0.9283034205436707,
        0.929018497467041,
        0.9298272728919983,
        0.9301159977912903,
        0.9310245513916016,
        0.9309535026550293,
        0.931995153427124,
        0.932173490524292,
        0.9327071905136108,
        0.932323157787323,
        0.9331470727920532,
        0.9331486225128174,
        0.933624804019928,
        0.9336792230606079,
        0.9336504936218262,
        0.9341841340065002,
        0.9339362382888794,
        0.9342522025108337,
        0.9344758987426758,
        0.9345333576202393,
        0.9344441890716553,
        0.9344758987426758,
        0.9345273375511169,
        0.9347782731056213,
        0.934696614742279,
        0.9348856210708618,
        0.9349899291992188,
        0.9349491000175476,
        0.9351123571395874
    ]
}