{
    "loss": [
        0.3779698610305786,
        0.25082269310951233,
        0.24033573269844055,
        0.23602449893951416,
        0.23382315039634705,
        0.23138907551765442,
        0.2292652726173401,
        0.22806286811828613,
        0.2262279987335205,
        0.22495831549167633,
        0.223716139793396,
        0.22296684980392456,
        0.2220175713300705,
        0.21984167397022247,
        0.21952331066131592,
        0.21948400139808655,
        0.2171076536178589,
        0.21634843945503235,
        0.21522128582000732,
        0.21249760687351227,
        0.21146339178085327,
        0.21070723235607147,
        0.21035976707935333,
        0.20957572758197784,
        0.2087208479642868,
        0.2080964893102646,
        0.20749425888061523,
        0.2066919207572937,
        0.20609666407108307,
        0.2058827131986618,
        0.2052510678768158,
        0.20527146756649017,
        0.20459318161010742,
        0.204215407371521,
        0.20359958708286285
    ],
    "binary_accuracy": [
        0.8426545858383179,
        0.9208124279975891,
        0.9259375929832458,
        0.9278775453567505,
        0.9289072155952454,
        0.9296822547912598,
        0.9302693605422974,
        0.9306116104125977,
        0.9309903383255005,
        0.9313780665397644,
        0.9315618276596069,
        0.9317702054977417,
        0.9320326447486877,
        0.9319983720779419,
        0.9321027398109436,
        0.9323458075523376,
        0.9324830174446106,
        0.9325344562530518,
        0.9327271580696106,
        0.9328076839447021,
        0.9329515695571899,
        0.9329758286476135,
        0.9331122636795044,
        0.9330332279205322,
        0.933388888835907,
        0.933408260345459,
        0.9335119128227234,
        0.9334690570831299,
        0.9336584210395813,
        0.9334925413131714,
        0.9337497353553772,
        0.9337415099143982,
        0.933690071105957,
        0.933899998664856,
        0.9338504076004028
    ],
    "val_loss": [
        0.2550079822540283,
        0.2353423535823822,
        0.23317858576774597,
        0.2283909171819687,
        0.2291598618030548,
        0.22635279595851898,
        0.22550539672374725,
        0.22341307997703552,
        0.22145448625087738,
        0.22021014988422394,
        0.22029319405555725,
        0.21962276101112366,
        0.2178027480840683,
        0.21502763032913208,
        0.21550390124320984,
        0.2130284309387207,
        0.21397282183170319,
        0.21269038319587708,
        0.21052663028240204,
        0.2090749442577362,
        0.20721463859081268,
        0.2050599306821823,
        0.2053462266921997,
        0.20742247998714447,
        0.20577813684940338,
        0.20348496735095978,
        0.2046615332365036,
        0.20394623279571533,
        0.20194068551063538,
        0.20370157063007355,
        0.20334067940711975,
        0.20217715203762054,
        0.20149725675582886,
        0.20175813138484955,
        0.20138421654701233
    ],
    "val_binary_accuracy": [
        0.9160717725753784,
        0.9273858070373535,
        0.929660975933075,
        0.9299013614654541,
        0.9310200214385986,
        0.9323942065238953,
        0.9323791265487671,
        0.9328961372375488,
        0.9328704476356506,
        0.9329989552497864,
        0.9336973428726196,
        0.9337850213050842,
        0.9339377284049988,
        0.9339483380317688,
        0.9342144131660461,
        0.9341115951538086,
        0.9341841340065002,
        0.9339997172355652,
        0.934522807598114,
        0.9342929720878601,
        0.9342098236083984,
        0.934462308883667,
        0.9343111515045166,
        0.934811532497406,
        0.9346633553504944,
        0.9344093799591064,
        0.9346497654914856,
        0.9347480535507202,
        0.9346633553504944,
        0.9347087144851685,
        0.9345953464508057,
        0.9350382685661316,
        0.935150146484375,
        0.9349355101585388,
        0.9348795413970947
    ]
}