{
    "loss": [
        0.38818463683128357,
        0.24294573068618774,
        0.2328726053237915,
        0.22611725330352783,
        0.2223316729068756,
        0.21999937295913696,
        0.2173309028148651,
        0.21511460840702057,
        0.21479612588882446,
        0.21334350109100342,
        0.21232804656028748,
        0.2109287679195404,
        0.21101178228855133,
        0.20932821929454803,
        0.20926538109779358,
        0.20827354490756989,
        0.20772378146648407,
        0.2072487324476242,
        0.20665384829044342,
        0.20687709748744965,
        0.2061520665884018,
        0.2062387764453888,
        0.2057589888572693,
        0.20513078570365906,
        0.20466981828212738,
        0.20440180599689484,
        0.20442162454128265,
        0.20298142731189728,
        0.2036944180727005,
        0.20357893407344818,
        0.20289571583271027,
        0.20321053266525269,
        0.20305198431015015,
        0.20257815718650818,
        0.20202335715293884
    ],
    "binary_accuracy": [
        0.8418940901756287,
        0.9235054850578308,
        0.9275606870651245,
        0.9292882084846497,
        0.9303070306777954,
        0.9308062195777893,
        0.9310116171836853,
        0.931797444820404,
        0.9317452311515808,
        0.9319059252738953,
        0.932122528553009,
        0.9323920607566833,
        0.9322212934494019,
        0.9326586127281189,
        0.9326910376548767,
        0.9331439733505249,
        0.9328688383102417,
        0.9330064058303833,
        0.9330242872238159,
        0.9329966902732849,
        0.9333937168121338,
        0.9334135055541992,
        0.9334138631820679,
        0.9335096478462219,
        0.9337500929832458,
        0.9335607290267944,
        0.9335797429084778,
        0.9338325262069702,
        0.9337027668952942,
        0.9337635040283203,
        0.9340017437934875,
        0.9337478876113892,
        0.933864951133728,
        0.9339853525161743,
        0.9340394139289856
    ],
    "val_loss": [
        0.24136005342006683,
        0.22724772989749908,
        0.22025024890899658,
        0.21666580438613892,
        0.21454976499080658,
        0.21482346951961517,
        0.21091210842132568,
        0.21104851365089417,
        0.21398428082466125,
        0.20731157064437866,
        0.20650942623615265,
        0.20485979318618774,
        0.20584596693515778,
        0.20772409439086914,
        0.20407237112522125,
        0.20707163214683533,
        0.203534796833992,
        0.20319609344005585,
        0.202485591173172,
        0.20245368778705597,
        0.2040846347808838,
        0.20175985991954803,
        0.20058192312717438,
        0.2012430727481842,
        0.20243319869041443,
        0.2053411900997162,
        0.19988490641117096,
        0.19892147183418274,
        0.19978928565979004,
        0.19896136224269867,
        0.19813302159309387,
        0.19951355457305908,
        0.19923870265483856,
        0.19897834956645966,
        0.1978621780872345
    ],
    "val_binary_accuracy": [
        0.9211785197257996,
        0.928968608379364,
        0.9304410219192505,
        0.9315703511238098,
        0.9327509999275208,
        0.9315975308418274,
        0.933664083480835,
        0.9331546425819397,
        0.9325302839279175,
        0.9336535334587097,
        0.9340919256210327,
        0.9327616095542908,
        0.9340888857841492,
        0.9339029788970947,
        0.9339196085929871,
        0.9347525835037231,
        0.9343307614326477,
        0.9343338012695312,
        0.9349082708358765,
        0.9348145723342896,
        0.9344683885574341,
        0.9347389936447144,
        0.9342385530471802,
        0.9343111515045166,
        0.9326436519622803,
        0.9347873330116272,
        0.9342294931411743,
        0.9352484345436096,
        0.9343988299369812,
        0.9342672824859619,
        0.9351683259010315,
        0.934876561164856,
        0.9347162842750549,
        0.9351924657821655,
        0.9347102642059326
    ]
}