{
    "loss": [
        0.4506184160709381,
        0.30839523673057556,
        0.2713758051395416,
        0.25482481718063354,
        0.24573072791099548,
        0.23963254690170288,
        0.23484450578689575,
        0.23208537697792053,
        0.22928808629512787,
        0.22744904458522797,
        0.22555410861968994,
        0.22451411187648773,
        0.2228749841451645,
        0.221497043967247,
        0.22017183899879456,
        0.21945981681346893,
        0.21861658990383148,
        0.21749486029148102,
        0.2167581170797348,
        0.21586324274539948,
        0.21522513031959534,
        0.21458785235881805,
        0.21392372250556946,
        0.21289823949337006,
        0.21239909529685974,
        0.2119857370853424,
        0.21154338121414185,
        0.211019366979599,
        0.21029779314994812,
        0.21013318002223969,
        0.2094428986310959,
        0.20930685102939606,
        0.20891565084457397,
        0.2081906497478485,
        0.20766212046146393
    ],
    "binary_accuracy": [
        0.801986575126648,
        0.8953956961631775,
        0.9107311367988586,
        0.9177850484848022,
        0.921657919883728,
        0.9244773387908936,
        0.926276445388794,
        0.9276635646820068,
        0.9286403059959412,
        0.9294175505638123,
        0.9299044013023376,
        0.9302857518196106,
        0.9307331442832947,
        0.9308587312698364,
        0.9311196804046631,
        0.9314716458320618,
        0.9316397309303284,
        0.9317746758460999,
        0.9319085478782654,
        0.932122528553009,
        0.9323797225952148,
        0.9324539303779602,
        0.9324979186058044,
        0.9326880574226379,
        0.9328110814094543,
        0.9328673481941223,
        0.9329836368560791,
        0.933201014995575,
        0.933222234249115,
        0.9332386255264282,
        0.9334015250205994,
        0.9335890412330627,
        0.933623731136322,
        0.9336516857147217,
        0.9337437748908997
    ],
    "val_loss": [
        0.32808658480644226,
        0.27270492911338806,
        0.2513201832771301,
        0.24285803735256195,
        0.23538905382156372,
        0.23066654801368713,
        0.22804392874240875,
        0.22627025842666626,
        0.2238481342792511,
        0.22303351759910583,
        0.22066636383533478,
        0.22159366309642792,
        0.21906641125679016,
        0.21719463169574738,
        0.21813564002513885,
        0.21624641120433807,
        0.2152462601661682,
        0.2141309231519699,
        0.21383565664291382,
        0.21199268102645874,
        0.21187712252140045,
        0.21311958134174347,
        0.21169701218605042,
        0.2092280089855194,
        0.21032573282718658,
        0.21040686964988708,
        0.20908169448375702,
        0.20927095413208008,
        0.20834214985370636,
        0.20837464928627014,
        0.20694011449813843,
        0.20617811381816864,
        0.20690089464187622,
        0.20612137019634247,
        0.2056800276041031
    ],
    "val_binary_accuracy": [
        0.884211540222168,
        0.9090209603309631,
        0.9174731969833374,
        0.9224831461906433,
        0.9252164363861084,
        0.9265558123588562,
        0.9288990497589111,
        0.9296927452087402,
        0.9302626252174377,
        0.9308159351348877,
        0.9308401346206665,
        0.9315128922462463,
        0.9313193559646606,
        0.9316262602806091,
        0.9323806166648865,
        0.9321508407592773,
        0.9324970245361328,
        0.9328023791313171,
        0.9328598380088806,
        0.9331924319267273,
        0.9331470727920532,
        0.9331637024879456,
        0.9333133697509766,
        0.9334615468978882,
        0.9337759613990784,
        0.9336262941360474,
        0.9338500499725342,
        0.9338621497154236,
        0.9340118169784546,
        0.9340798258781433,
        0.9342522025108337,
        0.9342703223228455,
        0.9343202114105225,
        0.9342914819717407,
        0.9344698786735535
    ]
}