{
    "loss": [
        0.6140827536582947,
        0.5012128353118896,
        0.44129765033721924,
        0.39426133036613464,
        0.36075663566589355,
        0.3369942903518677,
        0.31937330961227417,
        0.30554628372192383,
        0.29467618465423584,
        0.2853505313396454,
        0.2771693766117096,
        0.2707615792751312,
        0.26578402519226074,
        0.26099225878715515,
        0.2572331130504608,
        0.25437837839126587,
        0.251578152179718,
        0.24958252906799316,
        0.2471906989812851,
        0.24568390846252441,
        0.2446255385875702,
        0.2431136965751648,
        0.2424568384885788,
        0.2412719577550888,
        0.24051935970783234,
        0.24006113409996033,
        0.23931343853473663,
        0.23846200108528137,
        0.23756372928619385,
        0.23732545971870422,
        0.23674164712429047,
        0.23579922318458557,
        0.23512843251228333,
        0.23470473289489746,
        0.23420917987823486
    ],
    "binary_accuracy": [
        0.6562945246696472,
        0.7558598518371582,
        0.8159822225570679,
        0.8504958152770996,
        0.8684471249580383,
        0.8793389201164246,
        0.8867644667625427,
        0.8922754526138306,
        0.8966929912567139,
        0.9008652567863464,
        0.9046699404716492,
        0.9080723524093628,
        0.9109249711036682,
        0.9133074879646301,
        0.9153760671615601,
        0.9172146916389465,
        0.9186603426933289,
        0.9199334383010864,
        0.9206212162971497,
        0.9215725660324097,
        0.9221642017364502,
        0.9228162169456482,
        0.9233645796775818,
        0.9238063097000122,
        0.9243058562278748,
        0.9245556592941284,
        0.9249306321144104,
        0.9253142476081848,
        0.9256181120872498,
        0.9258853793144226,
        0.9261202216148376,
        0.9263930916786194,
        0.9266055822372437,
        0.9267144799232483,
        0.9268609881401062
    ],
    "val_loss": [
        0.5292492508888245,
        0.45788925886154175,
        0.4039110243320465,
        0.36426687240600586,
        0.336342453956604,
        0.3160133361816406,
        0.30147749185562134,
        0.288853257894516,
        0.2799646556377411,
        0.271089106798172,
        0.2647876441478729,
        0.2601102888584137,
        0.25576868653297424,
        0.25138676166534424,
        0.2487601488828659,
        0.24618463218212128,
        0.24465681612491608,
        0.24269181489944458,
        0.24057786166667938,
        0.2398511916399002,
        0.2385650873184204,
        0.238006591796875,
        0.23796485364437103,
        0.23603592813014984,
        0.23570957779884338,
        0.23450009524822235,
        0.23427076637744904,
        0.23331332206726074,
        0.2328575998544693,
        0.2325129359960556,
        0.23210379481315613,
        0.23164266347885132,
        0.2309270203113556,
        0.23031724989414215,
        0.2295777052640915
    ],
    "val_binary_accuracy": [
        0.7160164713859558,
        0.7965840101242065,
        0.8458279967308044,
        0.8683199286460876,
        0.8810973167419434,
        0.8887090086936951,
        0.894920825958252,
        0.8975255489349365,
        0.9030404686927795,
        0.9052990078926086,
        0.9091328382492065,
        0.9126794338226318,
        0.9145524501800537,
        0.9164300560951233,
        0.9181686043739319,
        0.9192706942558289,
        0.9211316704750061,
        0.9218028783798218,
        0.9228867888450623,
        0.923957109451294,
        0.9240629076957703,
        0.9244378805160522,
        0.9257878661155701,
        0.9258135557174683,
        0.9264182448387146,
        0.9265785217285156,
        0.9270380735397339,
        0.9274553060531616,
        0.9273691773414612,
        0.927682101726532,
        0.9280720949172974,
        0.9283260703086853,
        0.928259551525116,
        0.9282066822052002,
        0.9285921454429626
    ]
}