{
    "loss": [
        0.3918086886405945,
        0.25806117057800293,
        0.24207060039043427,
        0.23780480027198792,
        0.23532253503799438,
        0.23362979292869568,
        0.23151801526546478,
        0.23107026517391205,
        0.2287992388010025,
        0.2271149456501007,
        0.22603172063827515,
        0.22498394548892975,
        0.22374111413955688,
        0.22264264523983002,
        0.22261130809783936,
        0.2216060608625412,
        0.22038117051124573,
        0.21970191597938538,
        0.2194143533706665,
        0.21838019788265228,
        0.21693646907806396,
        0.21639762818813324,
        0.21549689769744873,
        0.2148193120956421,
        0.2138659954071045,
        0.21272271871566772,
        0.2119472771883011,
        0.2122059464454651,
        0.2106737345457077,
        0.2093476951122284,
        0.2090710997581482,
        0.2079315334558487,
        0.2082919329404831,
        0.20786885917186737,
        0.2073550671339035
    ],
    "binary_accuracy": [
        0.8364468812942505,
        0.9168154001235962,
        0.9244184494018555,
        0.9260345101356506,
        0.9269440770149231,
        0.9275304675102234,
        0.9282842874526978,
        0.9285519123077393,
        0.928925096988678,
        0.9290104508399963,
        0.9293988943099976,
        0.9296796321868896,
        0.9300494194030762,
        0.9302597045898438,
        0.9303584694862366,
        0.9304643273353577,
        0.9307081699371338,
        0.9306585788726807,
        0.9306928515434265,
        0.9310235381126404,
        0.9311245679855347,
        0.9313560724258423,
        0.9312800168991089,
        0.9314645528793335,
        0.9313716888427734,
        0.9315935373306274,
        0.931654691696167,
        0.9314563274383545,
        0.9317426681518555,
        0.9318503737449646,
        0.9318090081214905,
        0.9318906664848328,
        0.9318678975105286,
        0.9319856762886047,
        0.9319894313812256
    ],
    "val_loss": [
        0.2695026099681854,
        0.2387550324201584,
        0.23049479722976685,
        0.2285369485616684,
        0.22725991904735565,
        0.22523179650306702,
        0.22539611160755157,
        0.2241426557302475,
        0.22386793792247772,
        0.22012588381767273,
        0.22223708033561707,
        0.2202540636062622,
        0.2205214500427246,
        0.2167322039604187,
        0.2186570018529892,
        0.21636749804019928,
        0.21661175787448883,
        0.21192854642868042,
        0.21567317843437195,
        0.21215511858463287,
        0.20953816175460815,
        0.21054956316947937,
        0.20910921692848206,
        0.20958641171455383,
        0.20998695492744446,
        0.2091110199689865,
        0.20693011581897736,
        0.2063388228416443,
        0.204789936542511,
        0.20251750946044922,
        0.2041308581829071,
        0.20485003292560577,
        0.20298311114311218,
        0.2024146467447281,
        0.20205214619636536
    ],
    "val_binary_accuracy": [
        0.9086505770683289,
        0.9256260991096497,
        0.9278634786605835,
        0.9290789365768433,
        0.9303684830665588,
        0.9304637312889099,
        0.9308235049247742,
        0.9312105178833008,
        0.9316746592521667,
        0.9312165975570679,
        0.9318575859069824,
        0.9319165349006653,
        0.9320631623268127,
        0.9322551488876343,
        0.9325257539749146,
        0.9321871399879456,
        0.9325590133666992,
        0.9326859712600708,
        0.9322264194488525,
        0.9329233169555664,
        0.9326452016830444,
        0.9330503344535828,
        0.9331047534942627,
        0.933121383190155,
        0.9330140352249146,
        0.9331153631210327,
        0.933260440826416,
        0.9336943626403809,
        0.932986855506897,
        0.933310329914093,
        0.9330185651779175,
        0.9330548644065857,
        0.9332589507102966,
        0.933385968208313,
        0.9335371255874634
    ]
}