{
    "loss": [
        0.30806005001068115,
        0.24408884346485138,
        0.23714004456996918,
        0.23335355520248413,
        0.23193047940731049,
        0.2274394929409027,
        0.2245873510837555,
        0.2189932018518448,
        0.2156078815460205,
        0.2133660763502121,
        0.20996764302253723,
        0.20917662978172302,
        0.20730695128440857,
        0.2057667225599289,
        0.2049814909696579,
        0.205216646194458,
        0.20296046137809753,
        0.20233476161956787,
        0.20082658529281616,
        0.20018091797828674,
        0.20007213950157166,
        0.1996493637561798,
        0.19827592372894287,
        0.19815975427627563,
        0.19790667295455933,
        0.19715650379657745,
        0.19728001952171326,
        0.19705244898796082,
        0.19652386009693146,
        0.1964413821697235,
        0.19595804810523987,
        0.1955624371767044,
        0.1958562135696411,
        0.19566930830478668,
        0.19450272619724274
    ],
    "binary_accuracy": [
        0.8889803290367126,
        0.926243245601654,
        0.9288195967674255,
        0.9300039410591125,
        0.9302164316177368,
        0.9306309819221497,
        0.9309922456741333,
        0.9319700598716736,
        0.9322940111160278,
        0.9325731992721558,
        0.9329710006713867,
        0.933112621307373,
        0.9331797361373901,
        0.9334854483604431,
        0.9335160255432129,
        0.9331010580062866,
        0.9337202906608582,
        0.9338026642799377,
        0.9340487122535706,
        0.933939516544342,
        0.9340080618858337,
        0.9340382814407349,
        0.9341899752616882,
        0.934248149394989,
        0.9342712759971619,
        0.9343652129173279,
        0.9343629479408264,
        0.9341903924942017,
        0.9343655705451965,
        0.9342910051345825,
        0.9344032406806946,
        0.9344639778137207,
        0.9344576597213745,
        0.9343827366828918,
        0.9346418380737305
    ],
    "val_loss": [
        0.24206224083900452,
        0.2310553640127182,
        0.23110608756542206,
        0.22623126208782196,
        0.2277199625968933,
        0.21778415143489838,
        0.21422997117042542,
        0.21233665943145752,
        0.21023772656917572,
        0.20815350115299225,
        0.20328480005264282,
        0.20502573251724243,
        0.20550435781478882,
        0.20045800507068634,
        0.20260660350322723,
        0.19859133660793304,
        0.19793786108493805,
        0.1965736597776413,
        0.1965349167585373,
        0.19566701352596283,
        0.20015479624271393,
        0.196452796459198,
        0.19279737770557404,
        0.19432079792022705,
        0.19586968421936035,
        0.19442908465862274,
        0.19322049617767334,
        0.19295231997966766,
        0.19402280449867249,
        0.1937617063522339,
        0.19171461462974548,
        0.19682787358760834,
        0.19469159841537476,
        0.19065912067890167,
        0.19245372712612152
    ],
    "val_binary_accuracy": [
        0.927217960357666,
        0.9313601851463318,
        0.9318771958351135,
        0.9314448237419128,
        0.933076024055481,
        0.933076024055481,
        0.9332453608512878,
        0.9336822628974915,
        0.9339891076087952,
        0.9340027570724487,
        0.934711754322052,
        0.9348568916320801,
        0.9345862865447998,
        0.9347571134567261,
        0.9349642395973206,
        0.9346376657485962,
        0.9347707033157349,
        0.9343353509902954,
        0.9348719716072083,
        0.934961199760437,
        0.9352166652679443,
        0.9348372220993042,
        0.9350685477256775,
        0.9346331357955933,
        0.9353799223899841,
        0.9349415302276611,
        0.9354404211044312,
        0.9355658888816833,
        0.9353542327880859,
        0.934926450252533,
        0.9353300333023071,
        0.9349959492683411,
        0.9343867301940918,
        0.9354373812675476,
        0.9351471662521362
    ]
}