{
    "loss": [
        0.5818992257118225,
        0.47375333309173584,
        0.4078674912452698,
        0.3731132745742798,
        0.3537408113479614,
        0.33797627687454224,
        0.3265393376350403,
        0.31638139486312866,
        0.3075063228607178,
        0.29958394169807434,
        0.2927280068397522,
        0.2856220602989197,
        0.2781098783016205,
        0.2735932469367981,
        0.27122753858566284,
        0.2697087228298187,
        0.2682192921638489,
        0.26743781566619873,
        0.266519159078598,
        0.2657817602157593,
        0.2650534510612488,
        0.2649352550506592,
        0.26446565985679626,
        0.2645581364631653,
        0.26385533809661865,
        0.2635742127895355,
        0.263335645198822,
        0.263384610414505,
        0.2624322772026062,
        0.2625860273838043,
        0.260690301656723,
        0.26031777262687683,
        0.2593986392021179,
        0.2591668367385864,
        0.258854478597641
    ],
    "binary_accuracy": [
        0.6804550290107727,
        0.79537034034729,
        0.8370541334152222,
        0.8552761077880859,
        0.8655490279197693,
        0.8718588948249817,
        0.875606894493103,
        0.879035472869873,
        0.8852755427360535,
        0.8901740312576294,
        0.8956860899925232,
        0.9006348848342896,
        0.9054635763168335,
        0.9084104895591736,
        0.9100295305252075,
        0.910949170589447,
        0.9118465185165405,
        0.9124835729598999,
        0.9129450917243958,
        0.9132969975471497,
        0.9136865735054016,
        0.9138983488082886,
        0.9142114520072937,
        0.9143412113189697,
        0.9146431684494019,
        0.9148940443992615,
        0.9152403473854065,
        0.9152694344520569,
        0.9157828092575073,
        0.9159088134765625,
        0.916595458984375,
        0.9167155027389526,
        0.9169298410415649,
        0.9170976281166077,
        0.9171833395957947
    ],
    "val_loss": [
        0.4991605579853058,
        0.4211082458496094,
        0.36864596605300903,
        0.3445563018321991,
        0.3268815279006958,
        0.3119052052497864,
        0.300977498292923,
        0.2920909821987152,
        0.28258413076400757,
        0.27642568945884705,
        0.27039778232574463,
        0.2628576457500458,
        0.25707873702049255,
        0.25489020347595215,
        0.25363415479660034,
        0.25171875953674316,
        0.2505202889442444,
        0.24996551871299744,
        0.2489517629146576,
        0.24838536977767944,
        0.2489374428987503,
        0.24809014797210693,
        0.24788852035999298,
        0.24752655625343323,
        0.2468080222606659,
        0.247765451669693,
        0.2472068816423416,
        0.24535146355628967,
        0.24610459804534912,
        0.24704469740390778,
        0.24495640397071838,
        0.24440979957580566,
        0.24419814348220825,
        0.2448633760213852,
        0.24384920299053192
    ],
    "val_binary_accuracy": [
        0.7723097801208496,
        0.8344852924346924,
        0.8586114048957825,
        0.8702458739280701,
        0.8773300051689148,
        0.8830701112747192,
        0.8864322900772095,
        0.8911459445953369,
        0.8961952328681946,
        0.9017569422721863,
        0.9068984389305115,
        0.9118282794952393,
        0.9150740504264832,
        0.9179085493087769,
        0.919086217880249,
        0.9201671481132507,
        0.9206085801124573,
        0.92134028673172,
        0.9212011694908142,
        0.9214959740638733,
        0.9218920469284058,
        0.9218890070915222,
        0.9221944212913513,
        0.922601044178009,
        0.9226237535476685,
        0.9228338599205017,
        0.9227673411369324,
        0.9223954677581787,
        0.9232269525527954,
        0.9234234690666199,
        0.9232934713363647,
        0.9234204292297363,
        0.9237454533576965,
        0.9229744672775269,
        0.9239012002944946
    ]
}