{
    "loss": [
        0.624705970287323,
        0.46723395586013794,
        0.393260657787323,
        0.3500630855560303,
        0.32471218705177307,
        0.3072042167186737,
        0.29351744055747986,
        0.2827457785606384,
        0.27390000224113464,
        0.26753103733062744,
        0.26227906346321106,
        0.25727930665016174,
        0.2536781430244446,
        0.25085267424583435,
        0.2479971945285797,
        0.24558503925800323,
        0.24368667602539062,
        0.24149289727210999,
        0.24050603806972504,
        0.2391580492258072,
        0.2376537322998047,
        0.23604537546634674,
        0.2350023090839386,
        0.23417052626609802,
        0.23275138437747955,
        0.23187631368637085,
        0.2313653528690338,
        0.23056192696094513,
        0.22990567982196808,
        0.22944511473178864,
        0.22883495688438416,
        0.22794701159000397,
        0.22757695615291595,
        0.22681352496147156,
        0.22676382958889008
    ],
    "binary_accuracy": [
        0.6575415134429932,
        0.7896673679351807,
        0.8498538732528687,
        0.8743651509284973,
        0.8858410716056824,
        0.8934910893440247,
        0.8992544412612915,
        0.9039243459701538,
        0.9076294898986816,
        0.9108611941337585,
        0.9136839509010315,
        0.9156768918037415,
        0.9178144931793213,
        0.9193686246871948,
        0.9206357598304749,
        0.9218659400939941,
        0.9228135943412781,
        0.9237358570098877,
        0.9244046807289124,
        0.9250532984733582,
        0.9257112741470337,
        0.9262872338294983,
        0.926736056804657,
        0.927145779132843,
        0.9275603294372559,
        0.927899956703186,
        0.928132951259613,
        0.9284814596176147,
        0.928684651851654,
        0.9290343523025513,
        0.9293381571769714,
        0.9295055270195007,
        0.929606556892395,
        0.929857075214386,
        0.9300065636634827
    ],
    "val_loss": [
        0.5077956914901733,
        0.41065549850463867,
        0.3518282175064087,
        0.31984513998031616,
        0.3004608452320099,
        0.2853315472602844,
        0.27502894401550293,
        0.2645118236541748,
        0.2573563754558563,
        0.25149136781692505,
        0.2479286640882492,
        0.24371619522571564,
        0.24085311591625214,
        0.23908759653568268,
        0.23747797310352325,
        0.23604977130889893,
        0.2340601086616516,
        0.23319880664348602,
        0.2318788319826126,
        0.230843648314476,
        0.229563906788826,
        0.2292211353778839,
        0.22817467153072357,
        0.2274298220872879,
        0.2276163399219513,
        0.22597923874855042,
        0.22500135004520416,
        0.22485695779323578,
        0.22431950271129608,
        0.22375838458538055,
        0.22330719232559204,
        0.2229883074760437,
        0.22232528030872345,
        0.22206193208694458,
        0.22265824675559998
    ],
    "val_binary_accuracy": [
        0.7636534571647644,
        0.838248074054718,
        0.8734856247901917,
        0.8866000771522522,
        0.8945821523666382,
        0.9003056883811951,
        0.9054517149925232,
        0.9080806374549866,
        0.9118978381156921,
        0.9145237803459167,
        0.917107343673706,
        0.918990969657898,
        0.9207007884979248,
        0.9221581220626831,
        0.923254132270813,
        0.924406111240387,
        0.92484450340271,
        0.9257999658584595,
        0.926141619682312,
        0.9270365834236145,
        0.9274916052818298,
        0.9285438060760498,
        0.928669273853302,
        0.9288098812103271,
        0.9294145703315735,
        0.9296141266822815,
        0.9296881556510925,
        0.9298816919326782,
        0.9304863810539246,
        0.9305785894393921,
        0.930448591709137,
        0.9311878681182861,
        0.9310895800590515,
        0.9313601851463318,
        0.9317471981048584
    ]
}