{
    "loss": [
        0.3511029779911041,
        0.24526841938495636,
        0.23217251896858215,
        0.2262595146894455,
        0.2224712371826172,
        0.22027701139450073,
        0.21938744187355042,
        0.21803653240203857,
        0.21651650965213776,
        0.21559880673885345,
        0.21470080316066742,
        0.2128441482782364,
        0.21183331310749054,
        0.2112542986869812,
        0.21025793254375458,
        0.20942112803459167,
        0.20832005143165588,
        0.2076551616191864,
        0.20721520483493805,
        0.20645447075366974,
        0.20572294294834137,
        0.20518338680267334,
        0.20472973585128784,
        0.20327134430408478,
        0.2030763030052185,
        0.2027166783809662,
        0.20216597616672516,
        0.2016126662492752,
        0.20092706382274628,
        0.20051731169223785,
        0.2001936435699463,
        0.19984883069992065,
        0.1993064433336258,
        0.19910353422164917,
        0.19833071529865265
    ],
    "binary_accuracy": [
        0.8623814582824707,
        0.9216870069503784,
        0.9279897809028625,
        0.9298514723777771,
        0.9306384325027466,
        0.9312915802001953,
        0.9319838285446167,
        0.9320140480995178,
        0.9324352741241455,
        0.9324747920036316,
        0.9328613877296448,
        0.9330705404281616,
        0.9333016276359558,
        0.9335756301879883,
        0.9335193634033203,
        0.9335260391235352,
        0.9338332414627075,
        0.9340528249740601,
        0.9339905381202698,
        0.9341251254081726,
        0.9340867400169373,
        0.9345307350158691,
        0.934518039226532,
        0.934389054775238,
        0.9343969225883484,
        0.9344043731689453,
        0.934573233127594,
        0.9346507787704468,
        0.9347812533378601,
        0.934917688369751,
        0.9347890615463257,
        0.9349650144577026,
        0.93498295545578,
        0.9349474906921387,
        0.9350619316101074
    ],
    "val_loss": [
        0.2630351483821869,
        0.22892159223556519,
        0.22428718209266663,
        0.21821406483650208,
        0.2165154367685318,
        0.21727629005908966,
        0.2179872691631317,
        0.21231228113174438,
        0.21323633193969727,
        0.21179820597171783,
        0.21262584626674652,
        0.20949143171310425,
        0.2099238634109497,
        0.20775602757930756,
        0.20960509777069092,
        0.20699216425418854,
        0.20663945376873016,
        0.20634594559669495,
        0.2043214589357376,
        0.20310498774051666,
        0.205251544713974,
        0.20416782796382904,
        0.20228800177574158,
        0.20098690688610077,
        0.2027875930070877,
        0.20115889608860016,
        0.20323656499385834,
        0.20020301640033722,
        0.19933061301708221,
        0.1996258944272995,
        0.19845707714557648,
        0.1984873265028,
        0.19864599406719208,
        0.1982925534248352,
        0.19858410954475403
    ],
    "val_binary_accuracy": [
        0.917296290397644,
        0.9272134304046631,
        0.9306451082229614,
        0.9316534399986267,
        0.9322067499160767,
        0.933320939540863,
        0.9334872364997864,
        0.9332634806632996,
        0.9336565732955933,
        0.9341690540313721,
        0.932976245880127,
        0.9342264533042908,
        0.9340465664863586,
        0.9342446327209473,
        0.9347918629646301,
        0.9349717497825623,
        0.9348704814910889,
        0.9348961710929871,
        0.9351456165313721,
        0.9352589845657349,
        0.9354721903800964,
        0.9353028535842896,
        0.9354691505432129,
        0.9354268312454224,
        0.9353753924369812,
        0.9357261657714844,
        0.9350246787071228,
        0.9355507493019104,
        0.9354056715965271,
        0.9358727931976318,
        0.935559868812561,
        0.9353512525558472,
        0.9358954429626465,
        0.9355583190917969,
        0.9356883764266968
    ]
}