{
    "loss": [
        0.3770747184753418,
        0.27551406621932983,
        0.2660007178783417,
        0.26343074440956116,
        0.26113346219062805,
        0.26053059101104736,
        0.2589389383792877,
        0.26125895977020264,
        0.25933554768562317,
        0.25863978266716003,
        0.257416307926178,
        0.25740736722946167,
        0.2570570409297943,
        0.2574479877948761,
        0.2571481168270111,
        0.25650206208229065,
        0.2561347484588623,
        0.25637286901474,
        0.2562948167324066,
        0.2568705677986145,
        0.25596141815185547,
        0.2553196847438812,
        0.2559832036495209,
        0.25480547547340393,
        0.2550372779369354,
        0.2545095980167389,
        0.2547396421432495,
        0.2556931972503662,
        0.25500378012657166,
        0.2538866698741913,
        0.25409388542175293,
        0.25416502356529236,
        0.2540700435638428,
        0.2537030279636383,
        0.2530175745487213
    ],
    "binary_accuracy": [
        0.8425195813179016,
        0.9103187918663025,
        0.9153555631637573,
        0.9164769053459167,
        0.9172083139419556,
        0.9177212715148926,
        0.9182196855545044,
        0.9172903299331665,
        0.9181936383247375,
        0.918506383895874,
        0.9189198017120361,
        0.9190006852149963,
        0.9189820885658264,
        0.9191830158233643,
        0.9192840456962585,
        0.9194614887237549,
        0.9194760322570801,
        0.9193850755691528,
        0.9195803999900818,
        0.9195155501365662,
        0.9197034239768982,
        0.919915497303009,
        0.9195852279663086,
        0.9197320938110352,
        0.9197712540626526,
        0.9201772212982178,
        0.9200717210769653,
        0.9199285507202148,
        0.9199110269546509,
        0.9201328754425049,
        0.9201168417930603,
        0.9201343655586243,
        0.9201540946960449,
        0.9203080534934998,
        0.9204098582267761
    ],
    "val_loss": [
        0.27373459935188293,
        0.24945910274982452,
        0.2448134869337082,
        0.2443622499704361,
        0.24247901141643524,
        0.24234335124492645,
        0.24248918890953064,
        0.2584330141544342,
        0.23995210230350494,
        0.23944954574108124,
        0.24012123048305511,
        0.23981019854545593,
        0.2383747547864914,
        0.24487972259521484,
        0.23857371509075165,
        0.23894156515598297,
        0.23816761374473572,
        0.23908363282680511,
        0.24003763496875763,
        0.239549458026886,
        0.23728995025157928,
        0.24227073788642883,
        0.24060092866420746,
        0.23785652220249176,
        0.24070611596107483,
        0.23602309823036194,
        0.2377779483795166,
        0.23812243342399597,
        0.23668386042118073,
        0.23925051093101501,
        0.23690804839134216,
        0.23974470794200897,
        0.2358950525522232,
        0.2362036108970642,
        0.23654736578464508
    ],
    "val_binary_accuracy": [
        0.9013563394546509,
        0.9231861233711243,
        0.9245859980583191,
        0.9254598021507263,
        0.9264847636222839,
        0.9262821674346924,
        0.9260463714599609,
        0.9155608415603638,
        0.9277893900871277,
        0.9284893870353699,
        0.9284273982048035,
        0.9283608794212341,
        0.928131103515625,
        0.9271121621131897,
        0.9292633533477783,
        0.9280796647071838,
        0.9287418127059937,
        0.9275747537612915,
        0.9278801083564758,
        0.9273404479026794,
        0.9288385510444641,
        0.9274039268493652,
        0.9271015524864197,
        0.9288945198059082,
        0.927821159362793,
        0.928957998752594,
        0.9288294911384583,
        0.9282928109169006,
        0.9293208122253418,
        0.9275550842285156,
        0.9289383292198181,
        0.928404688835144,
        0.9277999997138977,
        0.9286027550697327,
        0.9282686710357666
    ]
}