{
    "loss": [
        0.31363368034362793,
        0.23561076819896698,
        0.22951960563659668,
        0.22416551411151886,
        0.22043843567371368,
        0.21526005864143372,
        0.2098417729139328,
        0.2050965130329132,
        0.20105776190757751,
        0.19758854806423187,
        0.19600743055343628,
        0.1950586587190628,
        0.19452883303165436,
        0.19417357444763184,
        0.19368457794189453,
        0.19290010631084442,
        0.191956028342247,
        0.19186805188655853,
        0.19177629053592682,
        0.19182924926280975,
        0.19152836501598358,
        0.19050464034080505,
        0.19078490138053894,
        0.19068215787410736,
        0.1902543157339096,
        0.1900201439857483,
        0.18983812630176544,
        0.18987731635570526,
        0.18909165263175964,
        0.18907906115055084,
        0.18932898342609406,
        0.18861600756645203,
        0.18830090761184692,
        0.18864956498146057,
        0.18879635632038116
    ],
    "binary_accuracy": [
        0.8812654614448547,
        0.9286973476409912,
        0.9304203391075134,
        0.9312796592712402,
        0.9317676424980164,
        0.9321321845054626,
        0.9325665235519409,
        0.9330582022666931,
        0.9332296848297119,
        0.9335812330245972,
        0.9337963461875916,
        0.9339383840560913,
        0.9340863823890686,
        0.9341478943824768,
        0.9340248703956604,
        0.9341206550598145,
        0.9343372583389282,
        0.9343644976615906,
        0.9344725608825684,
        0.9344211220741272,
        0.9345419406890869,
        0.9347305297851562,
        0.9346921443939209,
        0.9348181486129761,
        0.9348587989807129,
        0.9349560737609863,
        0.9350038170814514,
        0.9349918961524963,
        0.9349993467330933,
        0.935135006904602,
        0.935107409954071,
        0.9351738095283508,
        0.9352237582206726,
        0.9353213906288147,
        0.9353054165840149
    ],
    "val_loss": [
        0.23382540047168732,
        0.22827865183353424,
        0.22064663469791412,
        0.22064366936683655,
        0.21405887603759766,
        0.21009844541549683,
        0.20403671264648438,
        0.20095127820968628,
        0.19755534827709198,
        0.19260402023792267,
        0.19374674558639526,
        0.19107551872730255,
        0.1907249093055725,
        0.1910894513130188,
        0.19005151093006134,
        0.19028981029987335,
        0.18987809121608734,
        0.18875202536582947,
        0.18788670003414154,
        0.19229698181152344,
        0.18919575214385986,
        0.18898692727088928,
        0.18986472487449646,
        0.18929295241832733,
        0.19022990763187408,
        0.18806517124176025,
        0.19113977253437042,
        0.18678566813468933,
        0.1895391196012497,
        0.18645361065864563,
        0.18727466464042664,
        0.1880444884300232,
        0.18660825490951538,
        0.1873777061700821,
        0.18730629980564117
    ],
    "val_binary_accuracy": [
        0.9300570487976074,
        0.9323186278343201,
        0.9323186278343201,
        0.9326648116111755,
        0.9334040880203247,
        0.933410108089447,
        0.9341266751289368,
        0.9345394372940063,
        0.9345983862876892,
        0.9349838495254517,
        0.9349491000175476,
        0.9352544546127319,
        0.9352227449417114,
        0.9349642395973206,
        0.9352756142616272,
        0.9355326294898987,
        0.9357563853263855,
        0.9358773231506348,
        0.9356747269630432,
        0.9355568289756775,
        0.9357306957244873,
        0.9357216358184814,
        0.9355356693267822,
        0.9356837868690491,
        0.9356384873390198,
        0.9357941746711731,
        0.9360163807868958,
        0.9360300302505493,
        0.9359967708587646,
        0.9358773231506348,
        0.9361191987991333,
        0.935753345489502,
        0.9360707998275757,
        0.9357427954673767,
        0.9359468817710876
    ]
}