{
    "loss": [
        0.5595669746398926,
        0.42237991094589233,
        0.3502199053764343,
        0.31510499119758606,
        0.2986580431461334,
        0.28910303115844727,
        0.2802838981151581,
        0.27006402611732483,
        0.2612895667552948,
        0.2540861666202545,
        0.24913783371448517,
        0.24450726807117462,
        0.2419775426387787,
        0.2400248795747757,
        0.23824737966060638,
        0.23696313798427582,
        0.235491544008255,
        0.23478108644485474,
        0.23370718955993652,
        0.2327394038438797,
        0.23188947141170502,
        0.23163041472434998,
        0.23077832162380219,
        0.23068590462207794,
        0.22969453036785126,
        0.2291521281003952,
        0.228760227560997,
        0.2282017320394516,
        0.22754482924938202,
        0.22679248452186584,
        0.2265620082616806,
        0.22602634131908417,
        0.22574667632579803,
        0.22512640058994293,
        0.22464098036289215
    ],
    "binary_accuracy": [
        0.7115180492401123,
        0.8384815454483032,
        0.8772262930870056,
        0.890023410320282,
        0.8957621455192566,
        0.8993737101554871,
        0.9029510021209717,
        0.9075229167938232,
        0.9124422073364258,
        0.9164653420448303,
        0.9192996621131897,
        0.9216676354408264,
        0.9231342077255249,
        0.924060583114624,
        0.9247096180915833,
        0.9252974987030029,
        0.9257724285125732,
        0.9260885715484619,
        0.9264140129089355,
        0.9265593886375427,
        0.9268471598625183,
        0.9270473718643188,
        0.9271554946899414,
        0.9274700880050659,
        0.9274495840072632,
        0.9277836084365845,
        0.9277985095977783,
        0.9279211759567261,
        0.9280475378036499,
        0.9281355142593384,
        0.9283584356307983,
        0.9283748865127563,
        0.9285019636154175,
        0.9284971356391907,
        0.9287267923355103
    ],
    "val_loss": [
        0.46003884077072144,
        0.3636414408683777,
        0.3115461468696594,
        0.2894001305103302,
        0.27883991599082947,
        0.2709096670150757,
        0.2628152370452881,
        0.2527613341808319,
        0.24554215371608734,
        0.24006636440753937,
        0.2354171723127365,
        0.23288945853710175,
        0.23123425245285034,
        0.2291516661643982,
        0.22784054279327393,
        0.22666765749454498,
        0.2262011468410492,
        0.2255699336528778,
        0.22483666241168976,
        0.2231026291847229,
        0.22307880222797394,
        0.22293761372566223,
        0.22210955619812012,
        0.22144989669322968,
        0.22091998159885406,
        0.2205042690038681,
        0.22044607996940613,
        0.21977728605270386,
        0.219133660197258,
        0.21902984380722046,
        0.218946173787117,
        0.21827703714370728,
        0.21903905272483826,
        0.2180231511592865,
        0.21749429404735565
    ],
    "val_binary_accuracy": [
        0.814152181148529,
        0.8744334578514099,
        0.8906304240226746,
        0.8980743288993835,
        0.9016133546829224,
        0.9036209583282471,
        0.9077662229537964,
        0.9122259020805359,
        0.9170801043510437,
        0.920437753200531,
        0.9230394959449768,
        0.925204336643219,
        0.9258891344070435,
        0.9272361397743225,
        0.9279436469078064,
        0.9287841320037842,
        0.9289398789405823,
        0.929142415523529,
        0.9292694330215454,
        0.930010199546814,
        0.9297758936882019,
        0.9299769401550293,
        0.9305861592292786,
        0.9306647777557373,
        0.9305801391601562,
        0.9310049414634705,
        0.9308341145515442,
        0.9309807419776917,
        0.9309384226799011,
        0.9312301874160767,
        0.9311742186546326,
        0.9310200214385986,
        0.9311999678611755,
        0.9315899610519409,
        0.9314373135566711
    ]
}