{
    "loss": [
        0.3596092164516449,
        0.25065797567367554,
        0.2393117994070053,
        0.23415787518024445,
        0.23147200047969818,
        0.23009201884269714,
        0.22775889933109283,
        0.22618265450000763,
        0.22424426674842834,
        0.22283020615577698,
        0.22096677124500275,
        0.21984218060970306,
        0.21867194771766663,
        0.2175176739692688,
        0.21550461649894714,
        0.21450123190879822,
        0.21312099695205688,
        0.21228331327438354,
        0.21093200147151947,
        0.21017272770404816,
        0.20841702818870544,
        0.20747002959251404,
        0.20712794363498688,
        0.20564095675945282,
        0.2053142786026001,
        0.20449411869049072,
        0.20358417928218842,
        0.20316332578659058,
        0.20248009264469147,
        0.2020944058895111,
        0.20127764344215393,
        0.2003622055053711,
        0.2003854215145111,
        0.20021258294582367,
        0.19908636808395386
    ],
    "binary_accuracy": [
        0.8506434559822083,
        0.9207338094711304,
        0.925773561000824,
        0.9281832575798035,
        0.929632306098938,
        0.9303100109100342,
        0.9307771325111389,
        0.9312028288841248,
        0.9314607977867126,
        0.93166583776474,
        0.9318865537643433,
        0.9320401549339294,
        0.9324591159820557,
        0.932616114616394,
        0.9327279329299927,
        0.9328721761703491,
        0.9331420660018921,
        0.9333087205886841,
        0.9333251118659973,
        0.9334347248077393,
        0.9335059523582458,
        0.9337669014930725,
        0.9336830377578735,
        0.9339205026626587,
        0.9338682889938354,
        0.9339029788970947,
        0.9339853525161743,
        0.9340285658836365,
        0.9341568350791931,
        0.9342861771583557,
        0.9342477917671204,
        0.9343178868293762,
        0.9344733357429504,
        0.934414803981781,
        0.9344155192375183
    ],
    "val_loss": [
        0.25330275297164917,
        0.23852437734603882,
        0.231269970536232,
        0.23099929094314575,
        0.2279546856880188,
        0.22590592503547668,
        0.2238856703042984,
        0.22388315200805664,
        0.22091150283813477,
        0.21985049545764923,
        0.22020572423934937,
        0.21955613791942596,
        0.21708635985851288,
        0.2150106430053711,
        0.21294181048870087,
        0.2131892442703247,
        0.21027958393096924,
        0.21124278008937836,
        0.20854106545448303,
        0.20809625089168549,
        0.20589591562747955,
        0.2063044309616089,
        0.20526409149169922,
        0.2045973837375641,
        0.2037232518196106,
        0.20252090692520142,
        0.203057661652565,
        0.2004847675561905,
        0.20101796090602875,
        0.20118938386440277,
        0.20005986094474792,
        0.19866463541984558,
        0.19892293214797974,
        0.19810064136981964,
        0.19852028787136078
    ],
    "val_binary_accuracy": [
        0.9174656271934509,
        0.9244605302810669,
        0.9287433624267578,
        0.9303427934646606,
        0.9314448237419128,
        0.9313949346542358,
        0.9319921135902405,
        0.9323186278343201,
        0.9330276846885681,
        0.9324864745140076,
        0.9332090616226196,
        0.933570384979248,
        0.933574914932251,
        0.9340299367904663,
        0.9341297149658203,
        0.9341357946395874,
        0.933958888053894,
        0.9342294931411743,
        0.9345212578773499,
        0.9344305396080017,
        0.9342778921127319,
        0.9345681071281433,
        0.9345454573631287,
        0.9346165060997009,
        0.9347949028015137,
        0.9346860647201538,
        0.9343489408493042,
        0.9350020289421082,
        0.9351139068603516,
        0.9352544546127319,
        0.9349732995033264,
        0.9351395964622498,
        0.9351637959480286,
        0.9351531863212585,
        0.9351562261581421
    ]
}