{
    "loss": [
        0.28834474086761475,
        0.23008456826210022,
        0.22501309216022491,
        0.22076603770256042,
        0.2175946831703186,
        0.21510714292526245,
        0.21234911680221558,
        0.21127091348171234,
        0.2088780552148819,
        0.20700757205486298,
        0.20557469129562378,
        0.20372411608695984,
        0.20226746797561646,
        0.20170816779136658,
        0.2007262110710144,
        0.19918279349803925,
        0.19907352328300476,
        0.19776488840579987,
        0.19748401641845703,
        0.19668972492218018,
        0.19626685976982117,
        0.1965768188238144,
        0.19575121998786926,
        0.19524258375167847,
        0.19513283669948578,
        0.19464607536792755,
        0.19406573474407196,
        0.19392244517803192,
        0.1938796043395996,
        0.19358620047569275,
        0.19340702891349792,
        0.19326479732990265,
        0.19309598207473755,
        0.19240917265415192,
        0.19265910983085632
    ],
    "binary_accuracy": [
        0.8985595703125,
        0.9299357533454895,
        0.9315756559371948,
        0.9320788979530334,
        0.9328125715255737,
        0.9329859018325806,
        0.9334395527839661,
        0.9336416125297546,
        0.9337832927703857,
        0.9342533946037292,
        0.9344662427902222,
        0.9344915747642517,
        0.9347394704818726,
        0.9347551465034485,
        0.9346544742584229,
        0.9350529909133911,
        0.9350787401199341,
        0.9351827502250671,
        0.9351599812507629,
        0.9352356791496277,
        0.9352971911430359,
        0.9353307485580444,
        0.9354183673858643,
        0.9353691339492798,
        0.93545001745224,
        0.9354440569877625,
        0.9356487393379211,
        0.9355186223983765,
        0.9356576800346375,
        0.9357213973999023,
        0.9356364011764526,
        0.9356606602668762,
        0.935710608959198,
        0.9359432458877563,
        0.9357344508171082
    ],
    "val_loss": [
        0.23018839955329895,
        0.22225089371204376,
        0.21934093534946442,
        0.21488292515277863,
        0.21863135695457458,
        0.2104613184928894,
        0.21193042397499084,
        0.20696410536766052,
        0.2064913511276245,
        0.2027464210987091,
        0.20628103613853455,
        0.19942761957645416,
        0.20332348346710205,
        0.20241355895996094,
        0.19792892038822174,
        0.19870848953723907,
        0.19761493802070618,
        0.19619619846343994,
        0.19888728857040405,
        0.19648317992687225,
        0.1948065161705017,
        0.1954967975616455,
        0.19455356895923615,
        0.19382552802562714,
        0.19362543523311615,
        0.19522829353809357,
        0.1945035755634308,
        0.19448222219944,
        0.19356943666934967,
        0.1921393722295761,
        0.1926877349615097,
        0.1910286545753479,
        0.19306741654872894,
        0.19207236170768738,
        0.19112223386764526
    ],
    "val_binary_accuracy": [
        0.9299845099449158,
        0.932672381401062,
        0.9331153631210327,
        0.9338198304176331,
        0.933186411857605,
        0.9336383938789368,
        0.9345288276672363,
        0.934761643409729,
        0.9350776076316833,
        0.935265064239502,
        0.935200035572052,
        0.9357805848121643,
        0.9357714653015137,
        0.9347359538078308,
        0.9357699751853943,
        0.9351637959480286,
        0.9354177713394165,
        0.9356762766838074,
        0.9349249005317688,
        0.9363308548927307,
        0.9362325668334961,
        0.9358727931976318,
        0.9362733960151672,
        0.9362507462501526,
        0.9360300302505493,
        0.9360511898994446,
        0.9360783696174622,
        0.9361887574195862,
        0.9356837868690491,
        0.9362794160842896,
        0.9362038373947144,
        0.9362507462501526,
        0.9364124536514282,
        0.9364049434661865,
        0.9363565444946289
    ]
}