{
    "loss": [
        0.31651049852371216,
        0.2458144575357437,
        0.2398577332496643,
        0.2359475940465927,
        0.23316465318202972,
        0.23187139630317688,
        0.22914056479930878,
        0.227980375289917,
        0.22538495063781738,
        0.22385753691196442,
        0.22276650369167328,
        0.22244490683078766,
        0.22144493460655212,
        0.21977563202381134,
        0.21929523348808289,
        0.22005830705165863,
        0.2178071290254593,
        0.21756364405155182,
        0.21628084778785706,
        0.21596384048461914,
        0.2156429886817932,
        0.21599578857421875,
        0.21548208594322205,
        0.21426410973072052,
        0.213576078414917,
        0.21361546218395233,
        0.2130175530910492,
        0.21190039813518524,
        0.21287211775779724,
        0.21143777668476105,
        0.21164244413375854,
        0.2109527885913849,
        0.2110873907804489,
        0.21127094328403473,
        0.2091863751411438
    ],
    "binary_accuracy": [
        0.8849579691886902,
        0.9229280352592468,
        0.9256229400634766,
        0.9267569780349731,
        0.9274260997772217,
        0.927844762802124,
        0.9285221099853516,
        0.9288095235824585,
        0.9291349649429321,
        0.9296095371246338,
        0.9295644164085388,
        0.9296938180923462,
        0.9300665855407715,
        0.9303711652755737,
        0.9303368330001831,
        0.9300490617752075,
        0.9306246638298035,
        0.9303983449935913,
        0.9308270812034607,
        0.9310567378997803,
        0.9308203458786011,
        0.9307692646980286,
        0.9310716390609741,
        0.9311644434928894,
        0.9314399361610413,
        0.9311085343360901,
        0.9314954876899719,
        0.9316065907478333,
        0.9312036037445068,
        0.9315219521522522,
        0.931562602519989,
        0.9316583871841431,
        0.931637167930603,
        0.9315059185028076,
        0.9322462677955627
    ],
    "val_loss": [
        0.24520224332809448,
        0.23431509733200073,
        0.23307707905769348,
        0.23125632107257843,
        0.22523458302021027,
        0.22385337948799133,
        0.22747203707695007,
        0.2197873294353485,
        0.2212991565465927,
        0.21591101586818695,
        0.2171466201543808,
        0.21761618554592133,
        0.21485745906829834,
        0.2142968773841858,
        0.2149766981601715,
        0.21167480945587158,
        0.21269772946834564,
        0.21422061324119568,
        0.20998775959014893,
        0.21243467926979065,
        0.2091151475906372,
        0.21299833059310913,
        0.20937474071979523,
        0.20810671150684357,
        0.2102745771408081,
        0.2093893140554428,
        0.20661607384681702,
        0.2107866257429123,
        0.20727597177028656,
        0.20555824041366577,
        0.20694562792778015,
        0.2066938728094101,
        0.2052251100540161,
        0.20584356784820557,
        0.20462527871131897
    ],
    "val_binary_accuracy": [
        0.9224725961685181,
        0.926245927810669,
        0.9290502071380615,
        0.9295127987861633,
        0.9286843538284302,
        0.930244505405426,
        0.9285830855369568,
        0.931485652923584,
        0.9314917325973511,
        0.9312301874160767,
        0.9315763711929321,
        0.9311062097549438,
        0.9301522970199585,
        0.9324123859405518,
        0.9316640496253967,
        0.9325045943260193,
        0.931246817111969,
        0.9301779866218567,
        0.9326406717300415,
        0.9323110580444336,
        0.9324955344200134,
        0.93181973695755,
        0.9322203993797302,
        0.9323413372039795,
        0.9328054189682007,
        0.9327132105827332,
        0.933231770992279,
        0.9313163757324219,
        0.9327011108398438,
        0.933171272277832,
        0.9326028227806091,
        0.9328311085700989,
        0.9320828318595886,
        0.9330881237983704,
        0.9335900545120239
    ]
}