{
    "loss": [
        0.2908776104450226,
        0.2230221927165985,
        0.21550801396369934,
        0.2136772871017456,
        0.20995734632015228,
        0.20891721546649933,
        0.2066451609134674,
        0.20597396790981293,
        0.2036566138267517,
        0.2024841010570526,
        0.20224063098430634,
        0.20156393945217133,
        0.20118236541748047,
        0.20023322105407715,
        0.20035219192504883,
        0.19936388731002808,
        0.1988539695739746,
        0.19764646887779236,
        0.19775304198265076,
        0.1966356635093689,
        0.19744858145713806,
        0.19646304845809937,
        0.19547419250011444,
        0.19645603001117706,
        0.1961294710636139,
        0.19675616919994354,
        0.1959141343832016,
        0.1954365223646164,
        0.19483064115047455,
        0.19615353643894196,
        0.19536486268043518,
        0.1955638825893402,
        0.19457322359085083,
        0.19455957412719727,
        0.1943994015455246
    ],
    "binary_accuracy": [
        0.8939746022224426,
        0.9295390844345093,
        0.9315088987350464,
        0.9317251443862915,
        0.9324401021003723,
        0.9325751066207886,
        0.9333012700080872,
        0.9335163831710815,
        0.9339160323143005,
        0.9337896108627319,
        0.9340856075286865,
        0.9342984557151794,
        0.9342705011367798,
        0.9341184496879578,
        0.9342183470726013,
        0.9344255924224854,
        0.9345098733901978,
        0.9348330497741699,
        0.9347189664840698,
        0.9348844885826111,
        0.9346873164176941,
        0.9348349571228027,
        0.9349184632301331,
        0.9347409605979919,
        0.9349408149719238,
        0.9346585869789124,
        0.9349810481071472,
        0.9350329041481018,
        0.9352442622184753,
        0.934962809085846,
        0.9350936412811279,
        0.9349512457847595,
        0.9351227283477783,
        0.9349918961524963,
        0.9350858330726624
    ],
    "val_loss": [
        0.223348006606102,
        0.2168845683336258,
        0.21200531721115112,
        0.20937496423721313,
        0.20848985016345978,
        0.20814263820648193,
        0.20380067825317383,
        0.20003660023212433,
        0.19975611567497253,
        0.20071522891521454,
        0.19892212748527527,
        0.20288898050785065,
        0.20114824175834656,
        0.19804514944553375,
        0.1971653550863266,
        0.19953317940235138,
        0.19894012808799744,
        0.19620178639888763,
        0.19620923697948456,
        0.19494490325450897,
        0.1948770433664322,
        0.194391667842865,
        0.19636796414852142,
        0.19564464688301086,
        0.19859716296195984,
        0.19624699652194977,
        0.19450780749320984,
        0.19294394552707672,
        0.1973731368780136,
        0.194708913564682,
        0.1948459893465042,
        0.1940845549106598,
        0.19479870796203613,
        0.19376777112483978,
        0.1964663714170456
    ],
    "val_binary_accuracy": [
        0.9299920201301575,
        0.9321976900100708,
        0.9336459636688232,
        0.9337487816810608,
        0.9338440299034119,
        0.9338153004646301,
        0.9343459010124207,
        0.9348493218421936,
        0.9357941746711731,
        0.9355628490447998,
        0.9355719685554504,
        0.9350745677947998,
        0.9353572726249695,
        0.9354419112205505,
        0.9358576536178589,
        0.9355175495147705,
        0.9358455538749695,
        0.9361554980278015,
        0.9354131817817688,
        0.9357352256774902,
        0.9353950619697571,
        0.9356898665428162,
        0.9355931282043457,
        0.9356974363327026,
        0.9346376657485962,
        0.9356777667999268,
        0.9362748861312866,
        0.9361070990562439,
        0.9352332949638367,
        0.9355387091636658,
        0.9360436201095581,
        0.9362446665763855,
        0.9357321858406067,
        0.9357004165649414,
        0.9357578754425049
    ]
}