{
    "loss": [
        0.3458235561847687,
        0.2607369124889374,
        0.24498693645000458,
        0.23904383182525635,
        0.2350136637687683,
        0.23380549252033234,
        0.23247556388378143,
        0.2310011386871338,
        0.2297542244195938,
        0.22858959436416626,
        0.22620105743408203,
        0.22503173351287842,
        0.22376009821891785,
        0.22341075539588928,
        0.22338582575321198,
        0.22097525000572205,
        0.22063200175762177,
        0.21918581426143646,
        0.2189425528049469,
        0.21881549060344696,
        0.21820876002311707,
        0.2178596556186676,
        0.21647332608699799,
        0.21686697006225586,
        0.21619322896003723,
        0.21562832593917847,
        0.21543587744235992,
        0.2146374136209488,
        0.21428468823432922,
        0.2139502614736557,
        0.21450193226337433,
        0.21405096352100372,
        0.21354882419109344,
        0.21247054636478424,
        0.21222873032093048
    ],
    "binary_accuracy": [
        0.863423764705658,
        0.9149742126464844,
        0.9242398738861084,
        0.9265228509902954,
        0.9283823370933533,
        0.9289661049842834,
        0.9294962286949158,
        0.9294063448905945,
        0.9299301505088806,
        0.9298052787780762,
        0.9303610920906067,
        0.930705189704895,
        0.9309165477752686,
        0.9312759041786194,
        0.9309117197990417,
        0.9312241077423096,
        0.931394100189209,
        0.9316666126251221,
        0.9316401481628418,
        0.9315752387046814,
        0.9314078688621521,
        0.931603193283081,
        0.9319055676460266,
        0.9321012496948242,
        0.9322466254234314,
        0.9320785403251648,
        0.9322705268859863,
        0.932280957698822,
        0.9323995113372803,
        0.9322682619094849,
        0.9322742223739624,
        0.9323797225952148,
        0.93231600522995,
        0.9326261281967163,
        0.9324986338615417
    ],
    "val_loss": [
        0.27611467242240906,
        0.2400943487882614,
        0.23347176611423492,
        0.22920535504817963,
        0.22737957537174225,
        0.2264757603406906,
        0.22430166602134705,
        0.22562164068222046,
        0.2256096452474594,
        0.22006569802761078,
        0.21977634727954865,
        0.2195693552494049,
        0.21819551289081573,
        0.21747207641601562,
        0.21615691483020782,
        0.21538223326206207,
        0.21429266035556793,
        0.21489641070365906,
        0.2145904004573822,
        0.212143674492836,
        0.21092049777507782,
        0.21372933685779572,
        0.21107211709022522,
        0.21150657534599304,
        0.21163298189640045,
        0.2094741016626358,
        0.21163645386695862,
        0.208919495344162,
        0.20895284414291382,
        0.2088225781917572,
        0.20837000012397766,
        0.20887206494808197,
        0.20989947021007538,
        0.20885498821735382,
        0.20871630311012268
    ],
    "val_binary_accuracy": [
        0.9052718281745911,
        0.9248460531234741,
        0.9265724420547485,
        0.9298877120018005,
        0.930259644985199,
        0.931147038936615,
        0.931973934173584,
        0.9304606914520264,
        0.9320404529571533,
        0.9315597414970398,
        0.9323368072509766,
        0.9312604069709778,
        0.9330080151557922,
        0.9328296184539795,
        0.9331788420677185,
        0.9326920509338379,
        0.9327419400215149,
        0.9333466291427612,
        0.9332725405693054,
        0.9325000643730164,
        0.9329898357391357,
        0.9328008890151978,
        0.9336822628974915,
        0.9336293339729309,
        0.9339210987091064,
        0.9337155222892761,
        0.9330987334251404,
        0.9339165687561035,
        0.9343836903572083,
        0.9334585070610046,
        0.9340677261352539,
        0.9336081743240356,
        0.9336792230606079,
        0.9341539144515991,
        0.9338016510009766
    ]
}