{
    "loss": [
        0.4437685012817383,
        0.2891073226928711,
        0.2553146183490753,
        0.24427621066570282,
        0.2381335347890854,
        0.23386122286319733,
        0.23141081631183624,
        0.22896625101566315,
        0.22704584896564484,
        0.22617968916893005,
        0.22546283900737762,
        0.22403372824192047,
        0.22326752543449402,
        0.22218529880046844,
        0.22125020623207092,
        0.22047266364097595,
        0.21947230398654938,
        0.21926352381706238,
        0.21817152202129364,
        0.21761247515678406,
        0.21680155396461487,
        0.21667535603046417,
        0.2157728374004364,
        0.21595540642738342,
        0.21550585329532623,
        0.214657723903656,
        0.21416394412517548,
        0.21401634812355042,
        0.2134121060371399,
        0.2127893567085266,
        0.2125493437051773,
        0.21189703047275543,
        0.21185635030269623,
        0.21107399463653564,
        0.2109033614397049
    ],
    "binary_accuracy": [
        0.8031142950057983,
        0.8997323513031006,
        0.9171472191810608,
        0.9229820966720581,
        0.9255890250205994,
        0.9270548224449158,
        0.9281646013259888,
        0.9290294647216797,
        0.929549515247345,
        0.930016279220581,
        0.9303923845291138,
        0.9307014346122742,
        0.931011974811554,
        0.9312461018562317,
        0.9315100312232971,
        0.9316043257713318,
        0.9317519664764404,
        0.9319659471511841,
        0.932103157043457,
        0.932141125202179,
        0.9323216080665588,
        0.9323529005050659,
        0.9325101971626282,
        0.9326820969581604,
        0.9326146245002747,
        0.9326730966567993,
        0.9328337907791138,
        0.9328330755233765,
        0.933046281337738,
        0.9331461787223816,
        0.9331491589546204,
        0.9332345724105835,
        0.9333683848381042,
        0.9333885312080383,
        0.9334008097648621
    ],
    "val_loss": [
        0.31687337160110474,
        0.2532072067260742,
        0.239392951130867,
        0.23386378586292267,
        0.23001937568187714,
        0.22656495869159698,
        0.22599899768829346,
        0.2234809696674347,
        0.22231850028038025,
        0.22127729654312134,
        0.22014589607715607,
        0.21955165266990662,
        0.21873582899570465,
        0.21861635148525238,
        0.2164909392595291,
        0.2163555920124054,
        0.2162293791770935,
        0.21462205052375793,
        0.21530881524085999,
        0.21353018283843994,
        0.2123342901468277,
        0.21408039331436157,
        0.21394303441047668,
        0.21232762932777405,
        0.21145418286323547,
        0.21184910833835602,
        0.21101245284080505,
        0.21003460884094238,
        0.21095812320709229,
        0.20974446833133698,
        0.20995408296585083,
        0.20822934806346893,
        0.20883060991764069,
        0.20839260518550873,
        0.2057037502527237
    ],
    "val_binary_accuracy": [
        0.8848116993904114,
        0.9161579608917236,
        0.9224589467048645,
        0.9271121621131897,
        0.9286723136901855,
        0.9291605949401855,
        0.9306496381759644,
        0.9311016798019409,
        0.9316580295562744,
        0.9320616722106934,
        0.9322188496589661,
        0.93238365650177,
        0.9326678514480591,
        0.9330064654350281,
        0.9325982928276062,
        0.9330896139144897,
        0.9337003827095032,
        0.9334464073181152,
        0.9336807131767273,
        0.9337623715400696,
        0.9338258504867554,
        0.9338274002075195,
        0.9341387748718262,
        0.9338394403457642,
        0.9340510964393616,
        0.9338908791542053,
        0.9340405464172363,
        0.9340904355049133,
        0.9344698786735535,
        0.9343307614326477,
        0.9344305396080017,
        0.9342778921127319,
        0.9345832467079163,
        0.93434739112854,
        0.9341690540313721
    ]
}