{
    "loss": [
        0.3067561984062195,
        0.23727604746818542,
        0.22952543199062347,
        0.22354407608509064,
        0.2210720330476761,
        0.2176639884710312,
        0.21586044132709503,
        0.21352113783359528,
        0.2109759896993637,
        0.20935559272766113,
        0.20957376062870026,
        0.20844410359859467,
        0.2067583054304123,
        0.20635248720645905,
        0.2051352709531784,
        0.20439210534095764,
        0.20431160926818848,
        0.2031375616788864,
        0.20297949016094208,
        0.20212231576442719,
        0.20101237297058105,
        0.2008112370967865,
        0.19993551075458527,
        0.19931788742542267,
        0.19839151203632355,
        0.1977955549955368,
        0.19802671670913696,
        0.19753634929656982,
        0.1972813904285431,
        0.19623000919818878,
        0.19611693918704987,
        0.1959410458803177,
        0.1956740766763687,
        0.19560857117176056,
        0.1952880173921585
    ],
    "binary_accuracy": [
        0.8883357644081116,
        0.9258648753166199,
        0.9288330078125,
        0.9302380681037903,
        0.9310522079467773,
        0.9314212799072266,
        0.9320401549339294,
        0.9320744276046753,
        0.9324535727500916,
        0.932879626750946,
        0.9328994154930115,
        0.9329952001571655,
        0.9335260391235352,
        0.9335025548934937,
        0.9335924386978149,
        0.9335663318634033,
        0.933835506439209,
        0.9339283108711243,
        0.933923065662384,
        0.9338160753250122,
        0.9340759515762329,
        0.934249997138977,
        0.9342302680015564,
        0.93421870470047,
        0.9344677329063416,
        0.9345884919166565,
        0.9345452785491943,
        0.9346787333488464,
        0.934547483921051,
        0.9346954822540283,
        0.9347555041313171,
        0.9348829984664917,
        0.93489009141922,
        0.9349333643913269,
        0.9348927140235901
    ],
    "val_loss": [
        0.23725499212741852,
        0.2306734323501587,
        0.2223488837480545,
        0.22010065615177155,
        0.21405157446861267,
        0.2138562947511673,
        0.21567289531230927,
        0.20975828170776367,
        0.20578719675540924,
        0.20776353776454926,
        0.20726074278354645,
        0.20788204669952393,
        0.20542684197425842,
        0.20498764514923096,
        0.20307554304599762,
        0.20368526875972748,
        0.20468321442604065,
        0.20167623460292816,
        0.2017258256673813,
        0.19999414682388306,
        0.1995081901550293,
        0.20051905512809753,
        0.1986388862133026,
        0.19719193875789642,
        0.1987190544605255,
        0.19792453944683075,
        0.19674812257289886,
        0.19560852646827698,
        0.19711261987686157,
        0.19583025574684143,
        0.19491194188594818,
        0.19498541951179504,
        0.19651810824871063,
        0.19453300535678864,
        0.19494357705116272
    ],
    "val_binary_accuracy": [
        0.9240689873695374,
        0.9304516315460205,
        0.9311394691467285,
        0.932422935962677,
        0.9314599633216858,
        0.9328039288520813,
        0.9318968653678894,
        0.9336867928504944,
        0.9338077306747437,
        0.9340405464172363,
        0.9342446327209473,
        0.9344109296798706,
        0.9339921474456787,
        0.9344366192817688,
        0.9342884421348572,
        0.933769941329956,
        0.934373140335083,
        0.9344214797019958,
        0.9353073835372925,
        0.9348961710929871,
        0.9349143505096436,
        0.9351305365562439,
        0.9350035190582275,
        0.9353905320167542,
        0.9349732995033264,
        0.9353300333023071,
        0.9352544546127319,
        0.9351305365562439,
        0.9352363348007202,
        0.9355129599571228,
        0.9354313611984253,
        0.9356112480163574,
        0.9352665543556213,
        0.9352967739105225,
        0.93541020154953
    ]
}