{
    "loss": [
        0.58331298828125,
        0.4466167390346527,
        0.3728856146335602,
        0.3308964669704437,
        0.3081154227256775,
        0.2916410565376282,
        0.28073710203170776,
        0.271401584148407,
        0.26317867636680603,
        0.25627586245536804,
        0.2507854998111725,
        0.24737882614135742,
        0.24419228732585907,
        0.24223165214061737,
        0.2411804050207138,
        0.2397577464580536,
        0.238795205950737,
        0.23781657218933105,
        0.23750300705432892,
        0.23703330755233765,
        0.23593495786190033,
        0.23553875088691711,
        0.23519806563854218,
        0.23494714498519897,
        0.23421262204647064,
        0.23348277807235718,
        0.23292066156864166,
        0.23197707533836365,
        0.23189777135849,
        0.2309456467628479,
        0.23096993565559387,
        0.23051756620407104,
        0.22990526258945465,
        0.22939790785312653,
        0.22879143059253693
    ],
    "binary_accuracy": [
        0.695784866809845,
        0.8090129494667053,
        0.8614990711212158,
        0.8816535472869873,
        0.8907898664474487,
        0.8965770602226257,
        0.9010878205299377,
        0.9053085446357727,
        0.9103594422340393,
        0.9148541688919067,
        0.9181917309761047,
        0.9204385280609131,
        0.9219793081283569,
        0.9232262969017029,
        0.9241388440132141,
        0.9248758554458618,
        0.9254555702209473,
        0.9257630705833435,
        0.9260385632514954,
        0.926474392414093,
        0.9266555309295654,
        0.9267856478691101,
        0.9270369410514832,
        0.9272058010101318,
        0.9273929595947266,
        0.9275633096694946,
        0.9276136159896851,
        0.9277597665786743,
        0.9280173778533936,
        0.9281627535820007,
        0.9282842874526978,
        0.9282790422439575,
        0.9284058213233948,
        0.9286473989486694,
        0.9286488890647888
    ],
    "val_loss": [
        0.47698774933815,
        0.3917812705039978,
        0.3320121169090271,
        0.3041522204875946,
        0.28537777066230774,
        0.2742333710193634,
        0.2624247670173645,
        0.256205677986145,
        0.24866296350955963,
        0.24206902086734772,
        0.23836863040924072,
        0.23720626533031464,
        0.2345043271780014,
        0.23404759168624878,
        0.233947291970253,
        0.23235167562961578,
        0.23053473234176636,
        0.23128579556941986,
        0.23047766089439392,
        0.2292335331439972,
        0.22922763228416443,
        0.2288828045129776,
        0.22814667224884033,
        0.227342426776886,
        0.2271653115749359,
        0.22589007019996643,
        0.22625632584095,
        0.22676405310630798,
        0.22587528824806213,
        0.22494632005691528,
        0.22390979528427124,
        0.22419388592243195,
        0.223578080534935,
        0.22306548058986664,
        0.22265468537807465
    ],
    "val_binary_accuracy": [
        0.7789372801780701,
        0.8532612919807434,
        0.8830081820487976,
        0.8932669162750244,
        0.899418294429779,
        0.9050435423851013,
        0.9080398082733154,
        0.913004457950592,
        0.9181323051452637,
        0.9215806126594543,
        0.9237651228904724,
        0.9258528351783752,
        0.9271756410598755,
        0.9279859662055969,
        0.9284742474555969,
        0.9292316436767578,
        0.9291862845420837,
        0.9298136830329895,
        0.9299980998039246,
        0.9301961064338684,
        0.93040931224823,
        0.9304863810539246,
        0.9305166006088257,
        0.930732786655426,
        0.930787205696106,
        0.9305302500724792,
        0.9311727285385132,
        0.9309656023979187,
        0.9313601851463318,
        0.9313919544219971,
        0.9314992427825928,
        0.931496262550354,
        0.9315521717071533,
        0.9317623376846313,
        0.9317819476127625
    ]
}