{
    "loss": [
        0.671352744102478,
        0.5586179494857788,
        0.49885204434394836,
        0.4619803726673126,
        0.42727553844451904,
        0.39790967106819153,
        0.37577277421951294,
        0.3592149019241333,
        0.3459644317626953,
        0.3353935182094574,
        0.32600557804107666,
        0.31746670603752136,
        0.3106752038002014,
        0.3042891025543213,
        0.29839929938316345,
        0.29292792081832886,
        0.2882153391838074,
        0.28340137004852295,
        0.27981388568878174,
        0.2762984037399292,
        0.2730870544910431,
        0.2704048752784729,
        0.26787030696868896,
        0.26549509167671204,
        0.2634877860546112,
        0.26154422760009766,
        0.25963184237480164,
        0.2575475871562958,
        0.2565566599369049,
        0.2552056610584259,
        0.25361743569374084,
        0.2522456645965576,
        0.2516665756702423,
        0.2503291964530945,
        0.24958427250385284
    ],
    "binary_accuracy": [
        0.5975958704948425,
        0.725477933883667,
        0.765415608882904,
        0.7943757176399231,
        0.8224937319755554,
        0.8440353870391846,
        0.8576194643974304,
        0.8667404651641846,
        0.873404860496521,
        0.8787491321563721,
        0.8826451897621155,
        0.8861914873123169,
        0.8892751932144165,
        0.8922474980354309,
        0.8949006199836731,
        0.8971280455589294,
        0.8993584513664246,
        0.9012052416801453,
        0.9033468961715698,
        0.9052809476852417,
        0.9068194627761841,
        0.9086121916770935,
        0.9101249575614929,
        0.911329448223114,
        0.9126715064048767,
        0.9136847257614136,
        0.9145615100860596,
        0.9155061841011047,
        0.916343092918396,
        0.917040228843689,
        0.9175598621368408,
        0.9183535575866699,
        0.9187005758285522,
        0.9192940592765808,
        0.9196978211402893
    ],
    "val_loss": [
        0.6046765446662903,
        0.5070575475692749,
        0.46627190709114075,
        0.43146610260009766,
        0.39796003699302673,
        0.37201932072639465,
        0.35317808389663696,
        0.338632732629776,
        0.3271932303905487,
        0.3171044588088989,
        0.3090420663356781,
        0.3014872968196869,
        0.29503312706947327,
        0.288483202457428,
        0.2837226092815399,
        0.27895021438598633,
        0.2747134864330292,
        0.27084290981292725,
        0.26734036207199097,
        0.2634337544441223,
        0.26179108023643494,
        0.25932934880256653,
        0.2577322721481323,
        0.2552017867565155,
        0.25347983837127686,
        0.2518955171108246,
        0.25058647990226746,
        0.24897558987140656,
        0.2475292682647705,
        0.24668429791927338,
        0.24523156881332397,
        0.24398599565029144,
        0.2431604564189911,
        0.24290905892848969,
        0.24269533157348633
    ],
    "val_binary_accuracy": [
        0.7196930646896362,
        0.771113932132721,
        0.7935423851013184,
        0.8223716020584106,
        0.846529483795166,
        0.8609591722488403,
        0.8701854348182678,
        0.8772498965263367,
        0.8827542066574097,
        0.8862674832344055,
        0.8892139196395874,
        0.8926138281822205,
        0.8952745795249939,
        0.8976359367370605,
        0.9004901051521301,
        0.9024750590324402,
        0.9043390154838562,
        0.9065870046615601,
        0.9080488681793213,
        0.9092628359794617,
        0.9111359119415283,
        0.9126310348510742,
        0.9140672087669373,
        0.9150256514549255,
        0.9164799451828003,
        0.9166008830070496,
        0.9184603691101074,
        0.9187203645706177,
        0.9196818470954895,
        0.9205707907676697,
        0.9211467504501343,
        0.9217907786369324,
        0.9219766855239868,
        0.9226630330085754,
        0.9225904941558838
    ]
}