{
    "loss": [
        0.4562601149082184,
        0.2951871156692505,
        0.2627395689487457,
        0.2509578466415405,
        0.24552102386951447,
        0.24219366908073425,
        0.23985981941223145,
        0.2381279617547989,
        0.23708072304725647,
        0.23538945615291595,
        0.23419252038002014,
        0.23287783563137054,
        0.23207901418209076,
        0.23101940751075745,
        0.23048046231269836,
        0.22916993498802185,
        0.2286347895860672,
        0.22853469848632812,
        0.22799023985862732,
        0.2266911119222641,
        0.22620005905628204,
        0.22536700963974,
        0.2250584065914154,
        0.22417916357517242,
        0.22311744093894958,
        0.2229578197002411,
        0.22275200486183167,
        0.22195735573768616,
        0.22163526713848114,
        0.22153431177139282,
        0.22149088978767395,
        0.21987797319889069,
        0.22007545828819275,
        0.21901901066303253,
        0.21881724894046783
    ],
    "binary_accuracy": [
        0.7964771389961243,
        0.898208737373352,
        0.9154983162879944,
        0.9207125306129456,
        0.9232531189918518,
        0.9248180985450745,
        0.9260438084602356,
        0.9268893003463745,
        0.9276471734046936,
        0.9282984137535095,
        0.9286332130432129,
        0.9289843440055847,
        0.929138720035553,
        0.9293128252029419,
        0.9297254681587219,
        0.9298853874206543,
        0.9300755262374878,
        0.930267870426178,
        0.9303983449935913,
        0.930425226688385,
        0.9306190609931946,
        0.9307756423950195,
        0.9307361245155334,
        0.9310399293899536,
        0.9309739470481873,
        0.9311853051185608,
        0.9312866926193237,
        0.9314734935760498,
        0.9315588474273682,
        0.9315748810768127,
        0.9315398335456848,
        0.9316069483757019,
        0.9316438436508179,
        0.9316874742507935,
        0.9319267868995667
    ],
    "val_loss": [
        0.32068973779678345,
        0.2586158812046051,
        0.24566225707530975,
        0.23883406817913055,
        0.23626400530338287,
        0.23360060155391693,
        0.23180146515369415,
        0.23024578392505646,
        0.23073001205921173,
        0.22968646883964539,
        0.22803670167922974,
        0.22809863090515137,
        0.22606214880943298,
        0.22665105760097504,
        0.22507375478744507,
        0.22492529451847076,
        0.22426211833953857,
        0.2238684594631195,
        0.22266632318496704,
        0.22285330295562744,
        0.22066187858581543,
        0.2197592705488205,
        0.21916213631629944,
        0.2180538773536682,
        0.21875803172588348,
        0.21882443130016327,
        0.21751345694065094,
        0.21760857105255127,
        0.2169206291437149,
        0.21758604049682617,
        0.21584832668304443,
        0.21532079577445984,
        0.21486490964889526,
        0.21486707031726837,
        0.21353061497211456
    ],
    "val_binary_accuracy": [
        0.8791154026985168,
        0.9152282476425171,
        0.9221339225769043,
        0.9252254962921143,
        0.9270063042640686,
        0.927018404006958,
        0.9282338619232178,
        0.9296473860740662,
        0.930359423160553,
        0.9308174848556519,
        0.9312437772750854,
        0.9314418435096741,
        0.9313768148422241,
        0.9320178031921387,
        0.9321145415306091,
        0.9323368072509766,
        0.9325060844421387,
        0.9321190714836121,
        0.9322324991226196,
        0.9326013326644897,
        0.9325302839279175,
        0.9327358603477478,
        0.9328809976577759,
        0.932223379611969,
        0.9330881237983704,
        0.9332907199859619,
        0.9331274032592773,
        0.933470606803894,
        0.9330805540084839,
        0.9335083961486816,
        0.9335235357284546,
        0.93341463804245,
        0.9334948062896729,
        0.9333677887916565,
        0.9333435893058777
    ]
}