{
    "loss": [
        0.407260537147522,
        0.2694750726222992,
        0.2496509999036789,
        0.24146398901939392,
        0.2361198365688324,
        0.2328881472349167,
        0.23079930245876312,
        0.22903218865394592,
        0.22787544131278992,
        0.22629623115062714,
        0.22447343170642853,
        0.22412517666816711,
        0.2232610583305359,
        0.22253550589084625,
        0.22137439250946045,
        0.22003056108951569,
        0.21926026046276093,
        0.21867245435714722,
        0.2168024778366089,
        0.21654276549816132,
        0.2155100703239441,
        0.21485280990600586,
        0.21372592449188232,
        0.21362629532814026,
        0.21270039677619934,
        0.21236276626586914,
        0.21100765466690063,
        0.21050548553466797,
        0.20928536355495453,
        0.2086399793624878,
        0.20783884823322296,
        0.20721931755542755,
        0.20698365569114685,
        0.2058728039264679,
        0.2055024653673172
    ],
    "binary_accuracy": [
        0.829287052154541,
        0.9115475416183472,
        0.921104371547699,
        0.9247103333473206,
        0.9265981316566467,
        0.9277019500732422,
        0.9286503791809082,
        0.9292840957641602,
        0.9297176599502563,
        0.9301411509513855,
        0.9305489659309387,
        0.930787205696106,
        0.9312170147895813,
        0.9315088987350464,
        0.9316147565841675,
        0.9319055676460266,
        0.9319614768028259,
        0.9323626160621643,
        0.9322581887245178,
        0.9325571656227112,
        0.9327081441879272,
        0.9327439665794373,
        0.933025062084198,
        0.9331148862838745,
        0.93317711353302,
        0.9331845641136169,
        0.9333176612854004,
        0.9333500862121582,
        0.9335148930549622,
        0.9335107803344727,
        0.9337449073791504,
        0.9337050318717957,
        0.9337624311447144,
        0.9338664412498474,
        0.9339610934257507
    ],
    "val_loss": [
        0.27912601828575134,
        0.24699951708316803,
        0.236782968044281,
        0.23177021741867065,
        0.22901257872581482,
        0.22593341767787933,
        0.2256304770708084,
        0.2245490998029709,
        0.22341443598270416,
        0.22177231311798096,
        0.22141362726688385,
        0.22107815742492676,
        0.21991512179374695,
        0.21805648505687714,
        0.21783564984798431,
        0.21806840598583221,
        0.21607983112335205,
        0.215387761592865,
        0.21576349437236786,
        0.21409831941127777,
        0.21240463852882385,
        0.21144060790538788,
        0.21116067469120026,
        0.21276021003723145,
        0.21034179627895355,
        0.2084333747625351,
        0.20762225985527039,
        0.2077002376317978,
        0.20631612837314606,
        0.2073972225189209,
        0.20581890642642975,
        0.2043684422969818,
        0.2034912258386612,
        0.2050548791885376,
        0.20449574291706085
    ],
    "val_binary_accuracy": [
        0.9028348326683044,
        0.9197982549667358,
        0.9251846671104431,
        0.927183210849762,
        0.9281673431396484,
        0.9294659495353699,
        0.9303276538848877,
        0.9305302500724792,
        0.9311696887016296,
        0.9312513470649719,
        0.9317048788070679,
        0.9320071935653687,
        0.9325590133666992,
        0.9326210021972656,
        0.9330230951309204,
        0.9331576824188232,
        0.9334675669670105,
        0.933609664440155,
        0.933763861656189,
        0.9335416555404663,
        0.9337759613990784,
        0.9340465664863586,
        0.9341690540313721,
        0.9340767860412598,
        0.9341977834701538,
        0.9339861273765564,
        0.9343791604042053,
        0.9345862865447998,
        0.9345167279243469,
        0.934651255607605,
        0.9347797632217407,
        0.9346799850463867,
        0.9348840713500977,
        0.9348946809768677,
        0.9348780512809753
    ]
}