{
    "loss": [
        0.42388442158699036,
        0.27973929047584534,
        0.24806293845176697,
        0.23588977754116058,
        0.23010225594043732,
        0.22664281725883484,
        0.22414791584014893,
        0.22293084859848022,
        0.22129687666893005,
        0.21931301057338715,
        0.21800808608531952,
        0.21721674501895905,
        0.215132936835289,
        0.2145616114139557,
        0.21354995667934418,
        0.21302048861980438,
        0.2118428647518158,
        0.21143610775470734,
        0.21063224971294403,
        0.20931845903396606,
        0.2087910920381546,
        0.20824448764324188,
        0.20718085765838623,
        0.20651619136333466,
        0.20622912049293518,
        0.205844447016716,
        0.20518386363983154,
        0.20482608675956726,
        0.20431752502918243,
        0.20390497148036957,
        0.20388181507587433,
        0.20380310714244843,
        0.20383338630199432,
        0.20338089764118195,
        0.2027893215417862
    ],
    "binary_accuracy": [
        0.8165425062179565,
        0.906343400478363,
        0.9211006164550781,
        0.926809549331665,
        0.9287670254707336,
        0.9297769069671631,
        0.9303447008132935,
        0.9309780597686768,
        0.9310947060585022,
        0.9314239025115967,
        0.9316561818122864,
        0.9319387078285217,
        0.9321989417076111,
        0.9324457049369812,
        0.932512104511261,
        0.9326891303062439,
        0.9329915046691895,
        0.9330880641937256,
        0.933258056640625,
        0.9333169460296631,
        0.9334626793861389,
        0.9335461854934692,
        0.9335245490074158,
        0.9336572885513306,
        0.9337590336799622,
        0.9336356520652771,
        0.9337750673294067,
        0.9339256882667542,
        0.9339559078216553,
        0.9339290261268616,
        0.9338459372520447,
        0.9340118169784546,
        0.9341322183609009,
        0.9340755343437195,
        0.9341773390769958
    ],
    "val_loss": [
        0.2987793982028961,
        0.25042521953582764,
        0.23401038348674774,
        0.22738052904605865,
        0.22420106828212738,
        0.22039447724819183,
        0.21947717666625977,
        0.21802927553653717,
        0.21740032732486725,
        0.2166641801595688,
        0.2143724262714386,
        0.21399950981140137,
        0.21182826161384583,
        0.21159306168556213,
        0.2108423262834549,
        0.2095879763364792,
        0.21087482571601868,
        0.2105276733636856,
        0.20613662898540497,
        0.208581805229187,
        0.2061280608177185,
        0.20521661639213562,
        0.2051638662815094,
        0.20329400897026062,
        0.20346716046333313,
        0.20303639769554138,
        0.20299428701400757,
        0.20113562047481537,
        0.2015342265367508,
        0.20075304806232452,
        0.20114801824092865,
        0.20182649791240692,
        0.2001388520002365,
        0.20058265328407288,
        0.20061902701854706
    ],
    "val_binary_accuracy": [
        0.8950462937355042,
        0.9175971746444702,
        0.9272799491882324,
        0.9298499226570129,
        0.9306073188781738,
        0.9316156506538391,
        0.9319981336593628,
        0.9321463108062744,
        0.9325847029685974,
        0.9328840374946594,
        0.9331486225128174,
        0.9334343075752258,
        0.9335628151893616,
        0.9335235357284546,
        0.9337457418441772,
        0.9343096017837524,
        0.9341251850128174,
        0.9342098236083984,
        0.9348024725914001,
        0.9349143505096436,
        0.9347177743911743,
        0.9345484972000122,
        0.9345061779022217,
        0.9347828030586243,
        0.9345545172691345,
        0.9348810911178589,
        0.9351531863212585,
        0.9346134662628174,
        0.9345756769180298,
        0.9346528053283691,
        0.9349052309989929,
        0.934551477432251,
        0.9353134036064148,
        0.9346407055854797,
        0.9352242350578308
    ]
}