{
    "loss": [
        0.3477703332901001,
        0.24201419949531555,
        0.2285110205411911,
        0.22334106266498566,
        0.22000457346439362,
        0.2171267420053482,
        0.21483196318149567,
        0.2135898768901825,
        0.21308353543281555,
        0.2112421691417694,
        0.21032355725765228,
        0.2094733864068985,
        0.20849455893039703,
        0.20765769481658936,
        0.20629067718982697,
        0.2066599279642105,
        0.20587734878063202,
        0.20478558540344238,
        0.20455849170684814,
        0.20279332995414734,
        0.20295782387256622,
        0.2026127129793167,
        0.20215283334255219,
        0.20136666297912598,
        0.2012387067079544,
        0.200886070728302,
        0.20037128031253815,
        0.20042602717876434,
        0.20026610791683197,
        0.1997796595096588,
        0.19953562319278717,
        0.1993464231491089,
        0.19847090542316437,
        0.19852514564990997,
        0.19828325510025024
    ],
    "binary_accuracy": [
        0.8660325407981873,
        0.9232322573661804,
        0.9284703135490417,
        0.9305061101913452,
        0.931545078754425,
        0.9321467280387878,
        0.9326977133750916,
        0.9330388307571411,
        0.9330686330795288,
        0.933594286441803,
        0.9334951043128967,
        0.9336524605751038,
        0.9339107871055603,
        0.9340785145759583,
        0.9341676235198975,
        0.9342924952507019,
        0.9342585802078247,
        0.9344092011451721,
        0.9343327879905701,
        0.9345147013664246,
        0.934657871723175,
        0.9346474409103394,
        0.9347525238990784,
        0.9347890615463257,
        0.9349889159202576,
        0.9349340796470642,
        0.9349124431610107,
        0.9349340796470642,
        0.9350104928016663,
        0.9351473450660706,
        0.9350805878639221,
        0.9351384043693542,
        0.9352229833602905,
        0.9353057742118835,
        0.9354138970375061
    ],
    "val_loss": [
        0.24745453894138336,
        0.22569924592971802,
        0.22024349868297577,
        0.21601849794387817,
        0.214147686958313,
        0.2111859768629074,
        0.21114550530910492,
        0.21124117076396942,
        0.21054406464099884,
        0.2092852145433426,
        0.20442433655261993,
        0.20811833441257477,
        0.2056315690279007,
        0.20810247957706451,
        0.2037457674741745,
        0.20685479044914246,
        0.20366305112838745,
        0.2010536789894104,
        0.20287393033504486,
        0.20213384926319122,
        0.2020166516304016,
        0.20121726393699646,
        0.200182244181633,
        0.20136958360671997,
        0.20058117806911469,
        0.20142576098442078,
        0.2012423723936081,
        0.20015014708042145,
        0.19994263350963593,
        0.1977715790271759,
        0.19953584671020508,
        0.1970943957567215,
        0.1977790743112564,
        0.20001982152462006,
        0.19846975803375244
    ],
    "val_binary_accuracy": [
        0.9180793762207031,
        0.9282535314559937,
        0.9302611351013184,
        0.9324123859405518,
        0.9326345920562744,
        0.9336233139038086,
        0.9342173933982849,
        0.9342688322067261,
        0.934661865234375,
        0.9347661733627319,
        0.9348599314689636,
        0.9348719716072083,
        0.9340722560882568,
        0.9352892637252808,
        0.9352560043334961,
        0.9345817565917969,
        0.9345136880874634,
        0.935499370098114,
        0.9354177713394165,
        0.9356792569160461,
        0.9356671571731567,
        0.9354888200759888,
        0.9350957274436951,
        0.9359302520751953,
        0.9355764985084534,
        0.9355054497718811,
        0.9359272122383118,
        0.9359105825424194,
        0.9360209107398987,
        0.9352937936782837,
        0.9353618025779724,
        0.9361222386360168,
        0.9359680414199829,
        0.9355447292327881,
        0.936052680015564
    ]
}