{
    "loss": [
        0.5818905830383301,
        0.46181774139404297,
        0.389172226190567,
        0.3389839231967926,
        0.30934256315231323,
        0.2912822365760803,
        0.27864453196525574,
        0.2701771557331085,
        0.2649030089378357,
        0.2598460912704468,
        0.2570483088493347,
        0.2541921138763428,
        0.2519676685333252,
        0.25012776255607605,
        0.24852126836776733,
        0.2475125640630722,
        0.2464560568332672,
        0.24531501531600952,
        0.24411815404891968,
        0.24290047585964203,
        0.24253104627132416,
        0.2422240823507309,
        0.24118758738040924,
        0.24058890342712402,
        0.24019813537597656,
        0.23985640704631805,
        0.2390604019165039,
        0.23901571333408356,
        0.2381230890750885,
        0.23739486932754517,
        0.23713937401771545,
        0.23697137832641602,
        0.23655961453914642,
        0.2365896999835968,
        0.2358996421098709
    ],
    "binary_accuracy": [
        0.666016161441803,
        0.7962993383407593,
        0.8485912084579468,
        0.8749988675117493,
        0.8892055153846741,
        0.8976540565490723,
        0.9041536450386047,
        0.9086654782295227,
        0.9116686582565308,
        0.9141507148742676,
        0.9156180024147034,
        0.9169992208480835,
        0.9180780649185181,
        0.9192094802856445,
        0.9198834896087646,
        0.920591413974762,
        0.9211923480033875,
        0.9216393232345581,
        0.9222063422203064,
        0.922607421875,
        0.9228352308273315,
        0.9230712056159973,
        0.9234107732772827,
        0.923782467842102,
        0.9240840673446655,
        0.9243021607398987,
        0.9245631098747253,
        0.9247726202011108,
        0.924964189529419,
        0.9250473380088806,
        0.9253314137458801,
        0.9254063367843628,
        0.9256997108459473,
        0.9258577823638916,
        0.9259811639785767
    ],
    "val_loss": [
        0.4908127188682556,
        0.4108720123767853,
        0.34552058577537537,
        0.30715155601501465,
        0.2846151292324066,
        0.2697290778160095,
        0.26055285334587097,
        0.2539598345756531,
        0.24966485798358917,
        0.24600529670715332,
        0.24442102015018463,
        0.24201497435569763,
        0.2401626706123352,
        0.23930907249450684,
        0.23831607401371002,
        0.23741306364536285,
        0.23608097434043884,
        0.23493081331253052,
        0.2349357008934021,
        0.2340421974658966,
        0.23383769392967224,
        0.23295289278030396,
        0.23249076306819916,
        0.23194201290607452,
        0.2315577268600464,
        0.23062486946582794,
        0.23110105097293854,
        0.22985300421714783,
        0.22968965768814087,
        0.22980086505413055,
        0.2295507937669754,
        0.22946131229400635,
        0.2286369651556015,
        0.22861909866333008,
        0.22791644930839539
    ],
    "val_binary_accuracy": [
        0.7709385752677917,
        0.836712121963501,
        0.8711740970611572,
        0.8879289031028748,
        0.8974514603614807,
        0.9045461416244507,
        0.9099491834640503,
        0.9139069318771362,
        0.9171391129493713,
        0.9185329079627991,
        0.9203681945800781,
        0.9211467504501343,
        0.9213417768478394,
        0.9228746891021729,
        0.92381352186203,
        0.9243804216384888,
        0.9250198602676392,
        0.9251649975776672,
        0.9257969260215759,
        0.9262701272964478,
        0.9264892935752869,
        0.9266026616096497,
        0.9270758628845215,
        0.9272799491882324,
        0.9274084568023682,
        0.9272103905677795,
        0.9276926517486572,
        0.9271741509437561,
        0.927716851234436,
        0.9280192255973816,
        0.9279511570930481,
        0.9284621477127075,
        0.9283684492111206,
        0.9285982251167297,
        0.9282293319702148
    ]
}