{
    "loss": [
        0.49020808935165405,
        0.3318618834018707,
        0.28498366475105286,
        0.2617732286453247,
        0.2504388391971588,
        0.24450290203094482,
        0.24132214486598969,
        0.23978187143802643,
        0.23839311301708221,
        0.23716674745082855,
        0.2365412563085556,
        0.23618650436401367,
        0.23486249148845673,
        0.23470894992351532,
        0.23340873420238495,
        0.23317314684391022,
        0.23251843452453613,
        0.2320890724658966,
        0.2321731150150299,
        0.23170185089111328,
        0.2311466932296753,
        0.23102204501628876,
        0.23025448620319366,
        0.2300674468278885,
        0.22956746816635132,
        0.22906988859176636,
        0.22824853658676147,
        0.2282055765390396,
        0.22815193235874176,
        0.22779841721057892,
        0.2267172783613205,
        0.22625842690467834,
        0.22641907632350922,
        0.22606566548347473,
        0.22522860765457153
    ],
    "binary_accuracy": [
        0.76407390832901,
        0.8830872774124146,
        0.9033465385437012,
        0.9156213402748108,
        0.9213891625404358,
        0.9239979386329651,
        0.9254063367843628,
        0.9261903166770935,
        0.9266924858093262,
        0.9270578026771545,
        0.9271330833435059,
        0.9277467131614685,
        0.9279797077178955,
        0.9280434250831604,
        0.9283044338226318,
        0.9285321831703186,
        0.9286343455314636,
        0.9287532567977905,
        0.9289098381996155,
        0.9291141033172607,
        0.9293001294136047,
        0.9294697642326355,
        0.9294119477272034,
        0.9295275211334229,
        0.9296956658363342,
        0.9297694563865662,
        0.9299263954162598,
        0.9299573302268982,
        0.9302238821983337,
        0.9302529692649841,
        0.9303498864173889,
        0.930585503578186,
        0.9307364821434021,
        0.9308714270591736,
        0.9308624863624573
    ],
    "val_loss": [
        0.3609178364276886,
        0.29199621081352234,
        0.2578766345977783,
        0.24501638114452362,
        0.23816506564617157,
        0.23404304683208466,
        0.2334020882844925,
        0.2325258105993271,
        0.2315012514591217,
        0.22966958582401276,
        0.2294163852930069,
        0.22836817800998688,
        0.2291785478591919,
        0.22764213383197784,
        0.22664061188697815,
        0.2263602763414383,
        0.22587928175926208,
        0.22649841010570526,
        0.22606515884399414,
        0.22662174701690674,
        0.22538214921951294,
        0.2261146605014801,
        0.2263438105583191,
        0.22410592436790466,
        0.2240697592496872,
        0.22335243225097656,
        0.22376026213169098,
        0.22273749113082886,
        0.22265517711639404,
        0.222028911113739,
        0.22241447865962982,
        0.22268982231616974,
        0.22176270186901093,
        0.2208753228187561,
        0.21950672566890717
    ],
    "val_binary_accuracy": [
        0.8711861968040466,
        0.8988256454467773,
        0.9130240678787231,
        0.9221959114074707,
        0.9252300262451172,
        0.9276337027549744,
        0.9287312626838684,
        0.9286420345306396,
        0.9295929670333862,
        0.929995059967041,
        0.9302580952644348,
        0.9303352236747742,
        0.9308280348777771,
        0.9308612942695618,
        0.9307690858840942,
        0.931196928024292,
        0.9308719038963318,
        0.9305498600006104,
        0.9313647150993347,
        0.9317789673805237,
        0.9316005706787109,
        0.9319785237312317,
        0.9321387410163879,
        0.9320586323738098,
        0.9313632249832153,
        0.9320480227470398,
        0.9320525527000427,
        0.9322763085365295,
        0.932333767414093,
        0.9322898983955383,
        0.932373046875,
        0.93238365650177,
        0.9325484037399292,
        0.9329429864883423,
        0.932672381401062
    ]
}