{
    "loss": [
        0.5807365775108337,
        0.43696653842926025,
        0.36395198106765747,
        0.3250143527984619,
        0.30201080441474915,
        0.2859835624694824,
        0.2755463123321533,
        0.2682289183139801,
        0.26258689165115356,
        0.2579711377620697,
        0.2543082535266876,
        0.25151851773262024,
        0.24906271696090698,
        0.24702602624893188,
        0.24547430872917175,
        0.24387381970882416,
        0.2423066794872284,
        0.24099895358085632,
        0.23977571725845337,
        0.23923635482788086,
        0.23816417157649994,
        0.2371044009923935,
        0.23640935122966766,
        0.2353462278842926,
        0.23483315110206604,
        0.23448441922664642,
        0.23386430740356445,
        0.23277683556079865,
        0.2322920858860016,
        0.23207417130470276,
        0.2318340390920639,
        0.230972558259964,
        0.23069657385349274,
        0.2303677201271057,
        0.22989778220653534
    ],
    "binary_accuracy": [
        0.6847816109657288,
        0.8236825466156006,
        0.8696829080581665,
        0.8849303722381592,
        0.8944398760795593,
        0.9016048312187195,
        0.9067631363868713,
        0.9106241464614868,
        0.9134222865104675,
        0.9159199595451355,
        0.9176769256591797,
        0.9192303419113159,
        0.9202446937561035,
        0.9212654232978821,
        0.9220527410507202,
        0.9227561950683594,
        0.9234752655029297,
        0.9239792823791504,
        0.9244922399520874,
        0.924869179725647,
        0.9253064393997192,
        0.9255453944206238,
        0.9257974028587341,
        0.9261425733566284,
        0.9264770150184631,
        0.9267703890800476,
        0.9269410967826843,
        0.9271535873413086,
        0.9273068308830261,
        0.9275345802307129,
        0.9277821183204651,
        0.9278700947761536,
        0.9280937910079956,
        0.9281209707260132,
        0.9284073114395142
    ],
    "val_loss": [
        0.476709246635437,
        0.37726181745529175,
        0.3268357515335083,
        0.2988705337047577,
        0.2807749807834625,
        0.2685070335865021,
        0.25980329513549805,
        0.25463414192199707,
        0.24968132376670837,
        0.24655938148498535,
        0.2438705861568451,
        0.24249757826328278,
        0.23990227282047272,
        0.23853535950183868,
        0.23714756965637207,
        0.23565754294395447,
        0.23423582315444946,
        0.23336996138095856,
        0.2327519655227661,
        0.23236455023288727,
        0.23132023215293884,
        0.23071031272411346,
        0.23002196848392487,
        0.22937467694282532,
        0.22886018455028534,
        0.22862040996551514,
        0.22859762609004974,
        0.22788873314857483,
        0.22752366960048676,
        0.22656063735485077,
        0.22656559944152832,
        0.22662806510925293,
        0.22586342692375183,
        0.22537386417388916,
        0.22515684366226196
    ],
    "val_binary_accuracy": [
        0.7853018045425415,
        0.8657121658325195,
        0.8816853761672974,
        0.8930462002754211,
        0.9012354016304016,
        0.907604455947876,
        0.910705029964447,
        0.9148306250572205,
        0.9164406657218933,
        0.9192313551902771,
        0.9204694628715515,
        0.9218754172325134,
        0.9225360751152039,
        0.9236154556274414,
        0.9239450097084045,
        0.924939751625061,
        0.9249594211578369,
        0.9257742166519165,
        0.926041841506958,
        0.9266979098320007,
        0.9269019961357117,
        0.9266767501831055,
        0.927272379398346,
        0.9276790618896484,
        0.9276942014694214,
        0.9283260703086853,
        0.9284122586250305,
        0.928719162940979,
        0.9288733601570129,
        0.9288173913955688,
        0.9293012022972107,
        0.9295279383659363,
        0.9291741847991943,
        0.9293450117111206,
        0.9295294284820557
    ]
}