{
    "loss": [
        0.44051748514175415,
        0.2940531373023987,
        0.2588616907596588,
        0.24610859155654907,
        0.2382137030363083,
        0.23331142961978912,
        0.23141004145145416,
        0.2288019359111786,
        0.22773785889148712,
        0.22592221200466156,
        0.22474122047424316,
        0.22340704500675201,
        0.22279424965381622,
        0.221607506275177,
        0.22079972922801971,
        0.21987925469875336,
        0.2191125601530075,
        0.21828967332839966,
        0.21773119270801544,
        0.216910719871521,
        0.21660231053829193,
        0.21576274931430817,
        0.21502262353897095,
        0.21504740417003632,
        0.213871568441391,
        0.21363651752471924,
        0.21262238919734955,
        0.2119113653898239,
        0.2117350995540619,
        0.2115379273891449,
        0.21099115908145905,
        0.21038365364074707,
        0.20986388623714447,
        0.20913591980934143,
        0.2088044434785843
    ],
    "binary_accuracy": [
        0.8044511079788208,
        0.8981725573539734,
        0.9152798652648926,
        0.9220792055130005,
        0.9254458546638489,
        0.9272426962852478,
        0.928337574005127,
        0.9292650818824768,
        0.9297817945480347,
        0.9300785064697266,
        0.9305884838104248,
        0.9308423399925232,
        0.9310111999511719,
        0.9314026832580566,
        0.9315771460533142,
        0.9318649172782898,
        0.9319223165512085,
        0.9321374297142029,
        0.9324088096618652,
        0.9324662089347839,
        0.9324878454208374,
        0.9326198101043701,
        0.9328188896179199,
        0.9327830672264099,
        0.9329556822776794,
        0.933026134967804,
        0.933112621307373,
        0.9332956671714783,
        0.9333333373069763,
        0.9334198236465454,
        0.9334548711776733,
        0.9335820078849792,
        0.9335551261901855,
        0.9336755275726318,
        0.9337665438652039
    ],
    "val_loss": [
        0.31630125641822815,
        0.2598089575767517,
        0.24384979903697968,
        0.2347884178161621,
        0.23009465634822845,
        0.22748076915740967,
        0.22504138946533203,
        0.22367149591445923,
        0.22259141504764557,
        0.22109083831310272,
        0.2196364551782608,
        0.21920405328273773,
        0.21805492043495178,
        0.21752935647964478,
        0.21669061481952667,
        0.21667331457138062,
        0.2155764400959015,
        0.21392810344696045,
        0.21224673092365265,
        0.21220789849758148,
        0.21346423029899597,
        0.2111756056547165,
        0.21201367676258087,
        0.2101709395647049,
        0.21035519242286682,
        0.2091587781906128,
        0.20953530073165894,
        0.2097005993127823,
        0.2072678506374359,
        0.20788691937923431,
        0.2076786309480667,
        0.2076682299375534,
        0.20805193483829498,
        0.20606446266174316,
        0.2061479240655899
    ],
    "val_binary_accuracy": [
        0.8890158534049988,
        0.9109302759170532,
        0.9221928715705872,
        0.925781786441803,
        0.9275127649307251,
        0.9289489388465881,
        0.9302732348442078,
        0.930847704410553,
        0.9317502379417419,
        0.9318832755088806,
        0.9322430491447449,
        0.9322944283485413,
        0.9328704476356506,
        0.932826578617096,
        0.9331138134002686,
        0.9334917664527893,
        0.9334630370140076,
        0.9337427020072937,
        0.9336671233177185,
        0.93385910987854,
        0.9334192276000977,
        0.9340677261352539,
        0.9343957901000977,
        0.9343323111534119,
        0.9338424801826477,
        0.9345378875732422,
        0.9345046281814575,
        0.9347072243690491,
        0.9347918629646301,
        0.934751033782959,
        0.934622585773468,
        0.9347737431526184,
        0.9348281621932983,
        0.9349778294563293,
        0.9351078271865845
    ]
}