{
    "loss": [
        0.5177202224731445,
        0.36417025327682495,
        0.3023865520954132,
        0.26859819889068604,
        0.25335201621055603,
        0.24518318474292755,
        0.2402363270521164,
        0.23707087337970734,
        0.23443332314491272,
        0.23160582780838013,
        0.22990210354328156,
        0.22848115861415863,
        0.2268161177635193,
        0.2258072793483734,
        0.22438180446624756,
        0.2233702838420868,
        0.22210988402366638,
        0.22136898338794708,
        0.2203259915113449,
        0.21956726908683777,
        0.2189171463251114,
        0.2180192619562149,
        0.21746350824832916,
        0.21668805181980133,
        0.21561776101589203,
        0.2155448943376541,
        0.21469449996948242,
        0.21386384963989258,
        0.2132076919078827,
        0.21282045543193817,
        0.21208783984184265,
        0.2116324007511139,
        0.21100421249866486,
        0.2109898328781128,
        0.21036513149738312
    ],
    "binary_accuracy": [
        0.7424222826957703,
        0.867534875869751,
        0.8946236371994019,
        0.911442756652832,
        0.9190707802772522,
        0.922588050365448,
        0.9245563745498657,
        0.9259733557701111,
        0.9269620180130005,
        0.927674412727356,
        0.9284076690673828,
        0.9288341403007507,
        0.9292408227920532,
        0.9295275211334229,
        0.929800808429718,
        0.9300039410591125,
        0.9303379654884338,
        0.9305012822151184,
        0.9306116104125977,
        0.9309992790222168,
        0.9311801195144653,
        0.9311540126800537,
        0.9315406084060669,
        0.9314939975738525,
        0.9317053556442261,
        0.9318880438804626,
        0.9319029450416565,
        0.9321094751358032,
        0.9321605563163757,
        0.9322798252105713,
        0.9324625134468079,
        0.9324625134468079,
        0.9325280785560608,
        0.932719349861145,
        0.9328725934028625
    ],
    "val_loss": [
        0.40365833044052124,
        0.31265226006507874,
        0.26666098833084106,
        0.24677905440330505,
        0.23765875399112701,
        0.23293916881084442,
        0.23160161077976227,
        0.22753404080867767,
        0.22620414197444916,
        0.2240639626979828,
        0.22278858721256256,
        0.2219851315021515,
        0.22125250101089478,
        0.22046320140361786,
        0.22023546695709229,
        0.21907377243041992,
        0.21677745878696442,
        0.21663913130760193,
        0.21553270518779755,
        0.2163715809583664,
        0.21505585312843323,
        0.21573244035243988,
        0.21320831775665283,
        0.21331284940242767,
        0.21313314139842987,
        0.21180947124958038,
        0.21132811903953552,
        0.20973390340805054,
        0.21006344258785248,
        0.2095889449119568,
        0.2094242125749588,
        0.20891857147216797,
        0.20775601267814636,
        0.20770028233528137,
        0.20761562883853912
    ],
    "val_binary_accuracy": [
        0.8482120633125305,
        0.8890234231948853,
        0.9089741110801697,
        0.9208489656448364,
        0.9245799779891968,
        0.9270849227905273,
        0.9284213185310364,
        0.9290441870689392,
        0.9296640157699585,
        0.930209755897522,
        0.9304289221763611,
        0.9308915138244629,
        0.9312513470649719,
        0.9315325021743774,
        0.9314281940460205,
        0.9317381381988525,
        0.9318771958351135,
        0.9320828318595886,
        0.9321145415306091,
        0.9326179623603821,
        0.9326119422912598,
        0.9328084588050842,
        0.9327117204666138,
        0.9328628778457642,
        0.9329853057861328,
        0.9332529306411743,
        0.9331848621368408,
        0.9333874583244324,
        0.9335870146751404,
        0.9335537552833557,
        0.9337880611419678,
        0.9337064623832703,
        0.9337109923362732,
        0.9338999390602112,
        0.9341524243354797
    ]
}