{
    "loss": [
        0.40908920764923096,
        0.2842121720314026,
        0.2560582458972931,
        0.24198183417320251,
        0.23393818736076355,
        0.22984984517097473,
        0.22663316130638123,
        0.22436098754405975,
        0.22153976559638977,
        0.21922796964645386,
        0.2175462394952774,
        0.21626681089401245,
        0.2151387482881546,
        0.2142108678817749,
        0.21331638097763062,
        0.2121027261018753,
        0.21091867983341217,
        0.21079954504966736,
        0.2107285112142563,
        0.20958027243614197,
        0.20936992764472961,
        0.20842310786247253,
        0.2073473483324051,
        0.20752939581871033,
        0.20668356120586395,
        0.2064191997051239,
        0.20630235970020294,
        0.20602810382843018,
        0.20529071986675262,
        0.20516490936279297,
        0.204371839761734,
        0.20469053089618683,
        0.2042124718427658,
        0.20365986227989197,
        0.20320135354995728
    ],
    "binary_accuracy": [
        0.8321735858917236,
        0.9046483039855957,
        0.9166916608810425,
        0.9234055876731873,
        0.9264967441558838,
        0.9283062815666199,
        0.9294145703315735,
        0.9302279949188232,
        0.9310086369514465,
        0.9311965107917786,
        0.9316923022270203,
        0.9319674372673035,
        0.9322958588600159,
        0.9324934482574463,
        0.9326440691947937,
        0.9330056309700012,
        0.9331562519073486,
        0.9333449006080627,
        0.9332513213157654,
        0.9333426356315613,
        0.933643102645874,
        0.9336356520652771,
        0.9337497353553772,
        0.9337616562843323,
        0.933993935585022,
        0.9341430068016052,
        0.9340460896492004,
        0.934154212474823,
        0.9342038035392761,
        0.9342734813690186,
        0.9344214797019958,
        0.9343253374099731,
        0.934436023235321,
        0.9343994855880737,
        0.934545636177063
    ],
    "val_loss": [
        0.2991267144680023,
        0.25844237208366394,
        0.24173247814178467,
        0.22969207167625427,
        0.2266453206539154,
        0.22306053340435028,
        0.22059430181980133,
        0.2174338549375534,
        0.21753369271755219,
        0.21737998723983765,
        0.2144303172826767,
        0.21256040036678314,
        0.21317057311534882,
        0.21112819015979767,
        0.21034638583660126,
        0.20956332981586456,
        0.20824648439884186,
        0.20898222923278809,
        0.20812581479549408,
        0.20674008131027222,
        0.20865774154663086,
        0.20520123839378357,
        0.207016259431839,
        0.2046135812997818,
        0.20486900210380554,
        0.20455075800418854,
        0.20733614265918732,
        0.20458988845348358,
        0.20346039533615112,
        0.20368146896362305,
        0.20405779778957367,
        0.20268122851848602,
        0.2034134417772293,
        0.2019151896238327,
        0.2020048350095749
    ],
    "val_binary_accuracy": [
        0.8999866843223572,
        0.9125010371208191,
        0.9228444695472717,
        0.9267356991767883,
        0.9284787774085999,
        0.930209755897522,
        0.9319512844085693,
        0.9321750402450562,
        0.9327343702316284,
        0.9327978491783142,
        0.9331803321838379,
        0.9336399435997009,
        0.9339120388031006,
        0.9338954091072083,
        0.9339755177497864,
        0.9340375065803528,
        0.9346300959587097,
        0.9346633553504944,
        0.9345152378082275,
        0.9345832467079163,
        0.9348719716072083,
        0.934726893901825,
        0.9347435235977173,
        0.9348447918891907,
        0.935065507888794,
        0.9350488781929016,
        0.9347918629646301,
        0.9347147941589355,
        0.9352741241455078,
        0.9353225231170654,
        0.9353935718536377,
        0.935310423374176,
        0.9355114698410034,
        0.9351139068603516,
        0.9354116916656494
    ]
}