{
    "loss": [
        0.46975621581077576,
        0.301127165555954,
        0.26507189869880676,
        0.25210848450660706,
        0.2456575185060501,
        0.24105867743492126,
        0.23763257265090942,
        0.23511184751987457,
        0.23282498121261597,
        0.23071281611919403,
        0.22908031940460205,
        0.22762636840343475,
        0.22635117173194885,
        0.22490650415420532,
        0.22399353981018066,
        0.22246401011943817,
        0.2209632247686386,
        0.21980972588062286,
        0.2188178449869156,
        0.21811364591121674,
        0.21644678711891174,
        0.2158217430114746,
        0.21529771387577057,
        0.21436145901679993,
        0.2137947380542755,
        0.21286845207214355,
        0.21263834834098816,
        0.2125101536512375,
        0.21139384806156158,
        0.21027067303657532,
        0.21013011038303375,
        0.20919011533260345,
        0.20893657207489014,
        0.20807887613773346,
        0.20787303149700165
    ],
    "binary_accuracy": [
        0.7824099063873291,
        0.8962277173995972,
        0.9137887358665466,
        0.9197500348091125,
        0.9227610230445862,
        0.9246469736099243,
        0.9257041811943054,
        0.926746129989624,
        0.9274387955665588,
        0.9282350540161133,
        0.928719699382782,
        0.929214358329773,
        0.9296389818191528,
        0.9299860596656799,
        0.9302533268928528,
        0.9304057955741882,
        0.9307920336723328,
        0.9310746192932129,
        0.9312628507614136,
        0.931423544883728,
        0.9315879344940186,
        0.9318283796310425,
        0.9319692850112915,
        0.9321139454841614,
        0.9321326017379761,
        0.9323707818984985,
        0.9325143098831177,
        0.9325926303863525,
        0.9326496124267578,
        0.932792067527771,
        0.9328822493553162,
        0.9329609274864197,
        0.9330455660820007,
        0.9330354928970337,
        0.9332815408706665
    ],
    "val_loss": [
        0.32915207743644714,
        0.2659848928451538,
        0.24775466322898865,
        0.24228058755397797,
        0.23648354411125183,
        0.2339007407426834,
        0.23238803446292877,
        0.23049457371234894,
        0.22696417570114136,
        0.2267160564661026,
        0.22450190782546997,
        0.22452224791049957,
        0.22192159295082092,
        0.22079701721668243,
        0.22054126858711243,
        0.22001656889915466,
        0.21876518428325653,
        0.21749046444892883,
        0.21639148890972137,
        0.2143430858850479,
        0.21484848856925964,
        0.21378035843372345,
        0.2125304490327835,
        0.21332989633083344,
        0.21093454957008362,
        0.21071121096611023,
        0.21154728531837463,
        0.20997729897499084,
        0.21042148768901825,
        0.20936056971549988,
        0.20817960798740387,
        0.20786282420158386,
        0.2078312635421753,
        0.20648643374443054,
        0.20586703717708588
    ],
    "val_binary_accuracy": [
        0.8808629512786865,
        0.9117950201034546,
        0.9190287590026855,
        0.924141526222229,
        0.9250062704086304,
        0.9269247055053711,
        0.9280494451522827,
        0.9289262890815735,
        0.9286435842514038,
        0.9297925233840942,
        0.9302430152893066,
        0.9307857155799866,
        0.9308341145515442,
        0.9309338927268982,
        0.9313526153564453,
        0.9319316148757935,
        0.9320042133331299,
        0.9320964217185974,
        0.9321553707122803,
        0.9324955344200134,
        0.9325302839279175,
        0.9327419400215149,
        0.9327389001846313,
        0.932971715927124,
        0.9330835938453674,
        0.9330563545227051,
        0.9334585070610046,
        0.933286190032959,
        0.9335960745811462,
        0.9337623715400696,
        0.9336792230606079,
        0.933670163154602,
        0.9338319301605225,
        0.9339044690132141,
        0.9339906573295593
    ]
}