{
    "loss": [
        0.5938448309898376,
        0.46597784757614136,
        0.4033707082271576,
        0.3630858361721039,
        0.33400216698646545,
        0.3115974962711334,
        0.29658985137939453,
        0.28573739528656006,
        0.27691903710365295,
        0.269494891166687,
        0.263388991355896,
        0.2589006721973419,
        0.25613659620285034,
        0.2530004382133484,
        0.2506990134716034,
        0.24865436553955078,
        0.2471051961183548,
        0.24536095559597015,
        0.24440701305866241,
        0.24316157400608063,
        0.24159586429595947,
        0.24165448546409607,
        0.24083375930786133,
        0.2400461733341217,
        0.23920269310474396,
        0.23836082220077515,
        0.23794350028038025,
        0.23744963109493256,
        0.2363356649875641,
        0.23608773946762085,
        0.2361595630645752,
        0.23553073406219482,
        0.2349492609500885,
        0.23451416194438934,
        0.23400573432445526
    ],
    "binary_accuracy": [
        0.6876345872879028,
        0.8065275549888611,
        0.8475720286369324,
        0.8676448464393616,
        0.8798630237579346,
        0.8885829448699951,
        0.8949017524719238,
        0.9000171422958374,
        0.9049130082130432,
        0.9088839292526245,
        0.9119031429290771,
        0.9141600131988525,
        0.9159002304077148,
        0.917535662651062,
        0.918738603591919,
        0.91986483335495,
        0.9207912087440491,
        0.9215334057807922,
        0.9220079779624939,
        0.9227043390274048,
        0.9231520891189575,
        0.9236273765563965,
        0.9237135052680969,
        0.9242160320281982,
        0.9245314002037048,
        0.9247867465019226,
        0.9251360893249512,
        0.9253955483436584,
        0.9256408214569092,
        0.925679624080658,
        0.9259330630302429,
        0.926203727722168,
        0.9262939691543579,
        0.9264426827430725,
        0.9266693592071533
    ],
    "val_loss": [
        0.48954954743385315,
        0.4153035283088684,
        0.3677150309085846,
        0.333492636680603,
        0.3081139922142029,
        0.288979709148407,
        0.2763654291629791,
        0.267484188079834,
        0.25996190309524536,
        0.25423598289489746,
        0.2503046691417694,
        0.24632485210895538,
        0.24389803409576416,
        0.2423279732465744,
        0.24107876420021057,
        0.23995241522789001,
        0.23746566474437714,
        0.23700973391532898,
        0.23577630519866943,
        0.23478275537490845,
        0.23391883075237274,
        0.23375962674617767,
        0.23247212171554565,
        0.23233377933502197,
        0.23153622448444366,
        0.23100723326206207,
        0.2309417575597763,
        0.2301253080368042,
        0.22989119589328766,
        0.22989651560783386,
        0.22883391380310059,
        0.22827839851379395,
        0.22820866107940674,
        0.2277575135231018,
        0.2276134043931961
    ],
    "val_binary_accuracy": [
        0.7908318042755127,
        0.8461499810218811,
        0.8675731420516968,
        0.8801085948944092,
        0.8897233605384827,
        0.8964431285858154,
        0.9012747406959534,
        0.9066746830940247,
        0.9109499454498291,
        0.9142712950706482,
        0.9165117144584656,
        0.9166220426559448,
        0.9197877049446106,
        0.9212268590927124,
        0.922312319278717,
        0.9236214756965637,
        0.9237560629844666,
        0.924905002117157,
        0.9254462122917175,
        0.9257833361625671,
        0.92633056640625,
        0.9268732666969299,
        0.9269821643829346,
        0.9273691773414612,
        0.9276155829429626,
        0.9277153611183167,
        0.9282656311988831,
        0.9283034205436707,
        0.9284455180168152,
        0.9287101030349731,
        0.9287070631980896,
        0.928942859172821,
        0.9289610385894775,
        0.9292845726013184,
        0.9291817545890808
    ]
}