{
    "loss": [
        0.627325713634491,
        0.4866434335708618,
        0.41110917925834656,
        0.36906707286834717,
        0.3434664011001587,
        0.3245922923088074,
        0.30965185165405273,
        0.29814857244491577,
        0.28828391432762146,
        0.2805018126964569,
        0.2744365930557251,
        0.2692297697067261,
        0.26518815755844116,
        0.2621755301952362,
        0.259041965007782,
        0.2564809024333954,
        0.25443559885025024,
        0.2524622976779938,
        0.2508796751499176,
        0.2495536357164383,
        0.2479042410850525,
        0.24653397500514984,
        0.245182603597641,
        0.24413157999515533,
        0.24293461441993713,
        0.24186918139457703,
        0.24084575474262238,
        0.24017676711082458,
        0.2389318197965622,
        0.23812276124954224,
        0.23735712468624115,
        0.23646746575832367,
        0.2357114553451538,
        0.23504100739955902,
        0.23444147408008575
    ],
    "binary_accuracy": [
        0.6459753513336182,
        0.7751882672309875,
        0.8360826373100281,
        0.8605532646179199,
        0.874021053314209,
        0.8832457065582275,
        0.8904032707214355,
        0.896147608757019,
        0.9007328748703003,
        0.9047027230262756,
        0.9080503582954407,
        0.9105987548828125,
        0.9129272103309631,
        0.9147318601608276,
        0.9162547588348389,
        0.9175788760185242,
        0.9185835719108582,
        0.919624388217926,
        0.9203766584396362,
        0.9211755394935608,
        0.9217731356620789,
        0.922439694404602,
        0.922877311706543,
        0.9233168363571167,
        0.9238775372505188,
        0.924274206161499,
        0.9246383905410767,
        0.9249194860458374,
        0.9253671765327454,
        0.9254756569862366,
        0.9257996082305908,
        0.9260345101356506,
        0.9261951446533203,
        0.9265165328979492,
        0.9266824126243591
    ],
    "val_loss": [
        0.5265445709228516,
        0.4236670434474945,
        0.36771953105926514,
        0.33674493432044983,
        0.3159617781639099,
        0.3002732992172241,
        0.28834226727485657,
        0.27774906158447266,
        0.26961827278137207,
        0.2631867229938507,
        0.25854673981666565,
        0.25419431924819946,
        0.2517533302307129,
        0.24928036332130432,
        0.2463078647851944,
        0.24509647488594055,
        0.24290822446346283,
        0.24125955998897552,
        0.2406766712665558,
        0.23952017724514008,
        0.23830024898052216,
        0.2368517369031906,
        0.23610112071037292,
        0.23550470173358917,
        0.2343594878911972,
        0.23330441117286682,
        0.23216933012008667,
        0.23254577815532684,
        0.23148910701274872,
        0.23106569051742554,
        0.23008066415786743,
        0.22955329716205597,
        0.22859181463718414,
        0.22811166942119598,
        0.22787007689476013
    ],
    "val_binary_accuracy": [
        0.739998996257782,
        0.8323476910591125,
        0.8614852428436279,
        0.8754025101661682,
        0.8858502507209778,
        0.8925806283950806,
        0.8992761969566345,
        0.9034924507141113,
        0.9071872234344482,
        0.9102182388305664,
        0.9128411412239075,
        0.9146084189414978,
        0.9178556799888611,
        0.9190484285354614,
        0.9196244478225708,
        0.9212767481803894,
        0.9216048121452332,
        0.922511875629425,
        0.9235247373580933,
        0.9240765571594238,
        0.9244363307952881,
        0.9249231219291687,
        0.9254129528999329,
        0.9257047176361084,
        0.9256669282913208,
        0.9261083602905273,
        0.9264590740203857,
        0.9265921115875244,
        0.9271620512008667,
        0.9276790618896484,
        0.9277365207672119,
        0.9278619885444641,
        0.9279859662055969,
        0.9282187819480896,
        0.9285845756530762
    ]
}