{
    "loss": [
        0.575987696647644,
        0.4991242587566376,
        0.4659263491630554,
        0.4334374666213989,
        0.40008383989334106,
        0.3729400932788849,
        0.3507624566555023,
        0.3332286477088928,
        0.31827375292778015,
        0.30734682083129883,
        0.2984190285205841,
        0.29036006331443787,
        0.28393614292144775,
        0.2785993218421936,
        0.27282795310020447,
        0.2682027816772461,
        0.2641589939594269,
        0.2610398530960083,
        0.2573898732662201,
        0.25439438223838806,
        0.25225234031677246,
        0.24947674572467804,
        0.24709928035736084,
        0.244640052318573,
        0.24293257296085358,
        0.24156758189201355,
        0.2398461103439331,
        0.2379269152879715,
        0.23588721454143524,
        0.2348250299692154,
        0.2330537587404251,
        0.23186743259429932,
        0.23049309849739075,
        0.22918519377708435,
        0.2277941256761551
    ],
    "binary_accuracy": [
        0.6872968077659607,
        0.7521021366119385,
        0.7861926555633545,
        0.8148250579833984,
        0.8354183435440063,
        0.851812481880188,
        0.8649596571922302,
        0.8750980496406555,
        0.8831916451454163,
        0.8892655372619629,
        0.894263505935669,
        0.8980719447135925,
        0.9011802673339844,
        0.9040223956108093,
        0.9061800837516785,
        0.9080470204353333,
        0.9100481867790222,
        0.9117044806480408,
        0.9130229949951172,
        0.9142330884933472,
        0.9154860377311707,
        0.9164444804191589,
        0.9174916744232178,
        0.9183211326599121,
        0.9192131757736206,
        0.920107901096344,
        0.9209216833114624,
        0.9217056632041931,
        0.9226343035697937,
        0.9234145283699036,
        0.9240139722824097,
        0.9246726632118225,
        0.9251856207847595,
        0.9256042838096619,
        0.9262194037437439
    ],
    "val_loss": [
        0.5119643211364746,
        0.47241875529289246,
        0.4427255392074585,
        0.4077698886394501,
        0.3767724931240082,
        0.3524681031703949,
        0.3326822817325592,
        0.3175806701183319,
        0.3043453097343445,
        0.2944633960723877,
        0.28822773694992065,
        0.28103142976760864,
        0.2734699249267578,
        0.2687818706035614,
        0.26487991213798523,
        0.2605104446411133,
        0.2564990520477295,
        0.25331911444664,
        0.2502652704715729,
        0.24825167655944824,
        0.24516840279102325,
        0.2443118542432785,
        0.24189020693302155,
        0.2394155114889145,
        0.2373795062303543,
        0.23663152754306793,
        0.23488588631153107,
        0.23139464855194092,
        0.23149408400058746,
        0.22928529977798462,
        0.22776859998703003,
        0.22657062113285065,
        0.22568218410015106,
        0.22416332364082336,
        0.22303767502307892
    ],
    "val_binary_accuracy": [
        0.7412809133529663,
        0.775138258934021,
        0.8070378303527832,
        0.831207811832428,
        0.8484886884689331,
        0.8624300956726074,
        0.8740993738174438,
        0.8829809427261353,
        0.8898654580116272,
        0.8946774005889893,
        0.8998294472694397,
        0.9033337235450745,
        0.904961884021759,
        0.9075484871864319,
        0.9099431037902832,
        0.9122666716575623,
        0.9131722450256348,
        0.9149818420410156,
        0.9161579608917236,
        0.9174867868423462,
        0.9181398749351501,
        0.9188882112503052,
        0.9201308488845825,
        0.9214929342269897,
        0.9219253063201904,
        0.9230258464813232,
        0.9234960079193115,
        0.9237484931945801,
        0.9251559376716614,
        0.9253675937652588,
        0.9263063669204712,
        0.926694929599762,
        0.927078902721405,
        0.9272935390472412,
        0.9280116558074951
    ]
}