{
    "loss": [
        0.6120375990867615,
        0.4998745620250702,
        0.43688029050827026,
        0.39169347286224365,
        0.3572929799556732,
        0.33213943243026733,
        0.31312137842178345,
        0.29806530475616455,
        0.28600209951400757,
        0.2766060531139374,
        0.26871591806411743,
        0.26261672377586365,
        0.25836488604545593,
        0.25499796867370605,
        0.2535991370677948,
        0.25260448455810547,
        0.25215598940849304,
        0.25200992822647095,
        0.25142523646354675,
        0.25095734000205994,
        0.2506811022758484,
        0.2504805326461792,
        0.24997229874134064,
        0.24947674572467804,
        0.24910137057304382,
        0.24854455888271332,
        0.24851876497268677,
        0.24853640794754028,
        0.24835021793842316,
        0.2481333315372467,
        0.24790285527706146,
        0.24767045676708221,
        0.24731941521167755,
        0.24714532494544983,
        0.247097909450531
    ],
    "binary_accuracy": [
        0.6517483592033386,
        0.8030974864959717,
        0.860172688961029,
        0.8870970010757446,
        0.9018344879150391,
        0.9090707302093506,
        0.9124478101730347,
        0.914598822593689,
        0.9162566065788269,
        0.9176817536354065,
        0.9186789989471436,
        0.9195438623428345,
        0.9201667904853821,
        0.9207326769828796,
        0.9210999011993408,
        0.9213835597038269,
        0.9218271970748901,
        0.9220914840698242,
        0.9224050045013428,
        0.9226242303848267,
        0.9228646755218506,
        0.9230905771255493,
        0.9231722354888916,
        0.9233042001724243,
        0.923464834690094,
        0.9234827756881714,
        0.9236657619476318,
        0.9236378073692322,
        0.9238477349281311,
        0.9239435195922852,
        0.9239863753318787,
        0.9240397214889526,
        0.9242335557937622,
        0.9242786765098572,
        0.9243584275245667
    ],
    "val_loss": [
        0.5309096574783325,
        0.4588513970375061,
        0.40379542112350464,
        0.3648095726966858,
        0.3362553119659424,
        0.31228601932525635,
        0.2961612641811371,
        0.28234556317329407,
        0.2711465358734131,
        0.26206281781196594,
        0.25535133481025696,
        0.24936862289905548,
        0.24640461802482605,
        0.24218878149986267,
        0.24092255532741547,
        0.23948253691196442,
        0.23926004767417908,
        0.23891939222812653,
        0.23875130712985992,
        0.23796746134757996,
        0.23825952410697937,
        0.23711328208446503,
        0.23669637739658356,
        0.23723819851875305,
        0.2367154359817505,
        0.23599539697170258,
        0.23483216762542725,
        0.235769122838974,
        0.23502326011657715,
        0.23633649945259094,
        0.23567263782024384,
        0.23583059012889862,
        0.23463281989097595,
        0.23498019576072693,
        0.2343166321516037
    ],
    "val_binary_accuracy": [
        0.7691214680671692,
        0.8482619524002075,
        0.8823429942131042,
        0.9007017612457275,
        0.9118237495422363,
        0.91676265001297,
        0.9191285371780396,
        0.9206826686859131,
        0.9218723773956299,
        0.9229820370674133,
        0.9241597056388855,
        0.9253101348876953,
        0.9261687994003296,
        0.9263744354248047,
        0.9270048141479492,
        0.9271937608718872,
        0.9274795055389404,
        0.927955687046051,
        0.9284001588821411,
        0.9284334182739258,
        0.9288960099220276,
        0.9286299347877502,
        0.929107666015625,
        0.9290109276771545,
        0.9291167259216309,
        0.9293344616889954,
        0.9290804862976074,
        0.9295279383659363,
        0.929546058177948,
        0.9296685457229614,
        0.929760754108429,
        0.9298620223999023,
        0.9297819137573242,
        0.9298514723777771,
        0.9301401972770691
    ]
}