{
    "loss": [
        0.30016008019447327,
        0.2364049106836319,
        0.2305540293455124,
        0.22658143937587738,
        0.22282952070236206,
        0.21956899762153625,
        0.2193554788827896,
        0.21484239399433136,
        0.21327680349349976,
        0.21153491735458374,
        0.20810742676258087,
        0.2078685611486435,
        0.20559756457805634,
        0.2045058310031891,
        0.2037501484155655,
        0.20320971310138702,
        0.2026882767677307,
        0.20194827020168304,
        0.20151075720787048,
        0.20170024037361145,
        0.20135655999183655,
        0.20037586987018585,
        0.2002626359462738,
        0.2001747041940689,
        0.19940561056137085,
        0.19968391954898834,
        0.19850929081439972,
        0.1986302137374878,
        0.19845643639564514,
        0.1981295943260193,
        0.19851389527320862,
        0.1982399970293045,
        0.19771501421928406,
        0.19778241217136383,
        0.19764842092990875
    ],
    "binary_accuracy": [
        0.8923869132995605,
        0.9281738996505737,
        0.9299539923667908,
        0.931291937828064,
        0.9315241575241089,
        0.9323346018791199,
        0.9320886135101318,
        0.9329068660736084,
        0.9326869249343872,
        0.9331871867179871,
        0.9333627820014954,
        0.9332658648490906,
        0.9336759448051453,
        0.9339316487312317,
        0.933987557888031,
        0.9339715242385864,
        0.9340338110923767,
        0.9341259002685547,
        0.9341694712638855,
        0.9343215823173523,
        0.934303343296051,
        0.9343197345733643,
        0.9343283176422119,
        0.9345076084136963,
        0.9344796538352966,
        0.9343681931495667,
        0.9345206618309021,
        0.9345370531082153,
        0.9344580173492432,
        0.9347189664840698,
        0.9345646500587463,
        0.9347074627876282,
        0.9348017573356628,
        0.9346489310264587,
        0.9347364902496338
    ],
    "val_loss": [
        0.23560911417007446,
        0.22732199728488922,
        0.22147496044635773,
        0.2189931869506836,
        0.21599820256233215,
        0.2137843519449234,
        0.2099779099225998,
        0.20832039415836334,
        0.20877379179000854,
        0.20512326061725616,
        0.20224246382713318,
        0.20665478706359863,
        0.1998109519481659,
        0.20337559282779694,
        0.1996162086725235,
        0.20104847848415375,
        0.19922147691249847,
        0.19810442626476288,
        0.19856438040733337,
        0.19687944650650024,
        0.1968294233083725,
        0.19913198053836823,
        0.19706223905086517,
        0.19674980640411377,
        0.19793324172496796,
        0.19949086010456085,
        0.19852997362613678,
        0.19679686427116394,
        0.19617564976215363,
        0.19696396589279175,
        0.1949036866426468,
        0.19427232444286346,
        0.1946723610162735,
        0.19629007577896118,
        0.19633640348911285
    ],
    "val_binary_accuracy": [
        0.9292361736297607,
        0.9306949973106384,
        0.9324516654014587,
        0.933225691318512,
        0.9339271783828735,
        0.9335885047912598,
        0.9327948689460754,
        0.9329021573066711,
        0.9347057342529297,
        0.9347994327545166,
        0.9347495436668396,
        0.9338455200195312,
        0.934926450252533,
        0.9349672198295593,
        0.9354736804962158,
        0.9350957274436951,
        0.9351380467414856,
        0.9351970553398132,
        0.9355915784835815,
        0.9354268312454224,
        0.935349702835083,
        0.9352635741233826,
        0.9357019662857056,
        0.9354918003082275,
        0.9353315830230713,
        0.9350715279579163,
        0.935553789138794,
        0.935698926448822,
        0.9354026317596436,
        0.9357110261917114,
        0.9355855584144592,
        0.9358561635017395,
        0.9357004165649414,
        0.9356384873390198,
        0.9357200860977173
    ]
}