{
    "loss": [
        0.4982088506221771,
        0.3127988278865814,
        0.2617717683315277,
        0.24764853715896606,
        0.24105104804039001,
        0.23708988726139069,
        0.23453231155872345,
        0.232305645942688,
        0.2312949001789093,
        0.2301708459854126,
        0.2286786586046219,
        0.22790920734405518,
        0.22707310318946838,
        0.22645686566829681,
        0.22562411427497864,
        0.22444528341293335,
        0.22331173717975616,
        0.22225536406040192,
        0.2217458039522171,
        0.22087256610393524,
        0.22009441256523132,
        0.21945121884346008,
        0.2182265818119049,
        0.21787098050117493,
        0.21622034907341003,
        0.21527275443077087,
        0.21494540572166443,
        0.2141544669866562,
        0.21353302896022797,
        0.21304315328598022,
        0.21293392777442932,
        0.21225689351558685,
        0.21163548529148102,
        0.21110108494758606,
        0.21064746379852295
    ],
    "binary_accuracy": [
        0.7561596035957336,
        0.8896316289901733,
        0.9149846434593201,
        0.9215368032455444,
        0.9248657822608948,
        0.9266846179962158,
        0.9277064800262451,
        0.928347647190094,
        0.9288326501846313,
        0.9292822480201721,
        0.9295886754989624,
        0.9297537803649902,
        0.9300695657730103,
        0.9303081631660461,
        0.9306686520576477,
        0.9308170080184937,
        0.9309911131858826,
        0.9312371611595154,
        0.9313504695892334,
        0.9315252900123596,
        0.9315621852874756,
        0.9319107532501221,
        0.9318861365318298,
        0.9321087002754211,
        0.932102382183075,
        0.9322996139526367,
        0.9323391318321228,
        0.9325101971626282,
        0.9326317310333252,
        0.9325575828552246,
        0.9327126145362854,
        0.9328230023384094,
        0.9328662157058716,
        0.9329642653465271,
        0.9329318404197693
    ],
    "val_loss": [
        0.3682994544506073,
        0.2634461224079132,
        0.24569761753082275,
        0.2366662323474884,
        0.23347486555576324,
        0.2315034717321396,
        0.22937072813510895,
        0.2271646112203598,
        0.22664766013622284,
        0.22520017623901367,
        0.22391560673713684,
        0.22463791072368622,
        0.22271373867988586,
        0.22185418009757996,
        0.22170381247997284,
        0.21952636539936066,
        0.21838028728961945,
        0.21796107292175293,
        0.21730317175388336,
        0.2164885699748993,
        0.21582835912704468,
        0.2140163779258728,
        0.2146380990743637,
        0.21412208676338196,
        0.21153663098812103,
        0.21194027364253998,
        0.21073168516159058,
        0.21025121212005615,
        0.20946407318115234,
        0.21053747832775116,
        0.20940646529197693,
        0.20948876440525055,
        0.20748689770698547,
        0.2075684517621994,
        0.20777201652526855
    ],
    "val_binary_accuracy": [
        0.85772705078125,
        0.9123544096946716,
        0.921040952205658,
        0.9256366491317749,
        0.9281129240989685,
        0.9291545152664185,
        0.9295324683189392,
        0.9300570487976074,
        0.9305649995803833,
        0.9307025671005249,
        0.9311878681182861,
        0.9310986399650574,
        0.9316443800926208,
        0.9321750402450562,
        0.9323912262916565,
        0.9322324991226196,
        0.932572603225708,
        0.9326557517051697,
        0.93292635679245,
        0.9329520463943481,
        0.9329581260681152,
        0.9333224296569824,
        0.9333587288856506,
        0.9333527088165283,
        0.9336913228034973,
        0.9338500499725342,
        0.9340042471885681,
        0.9339861273765564,
        0.9340617060661316,
        0.9339346885681152,
        0.9340208768844604,
        0.9342522025108337,
        0.9343670606613159,
        0.9343686103820801,
        0.9343217015266418
    ]
}