{
    "loss": [
        0.32895681262016296,
        0.2435673326253891,
        0.23833917081356049,
        0.23165741562843323,
        0.2258102148771286,
        0.2221297323703766,
        0.2192247211933136,
        0.21659962832927704,
        0.216022327542305,
        0.21419887244701385,
        0.21356123685836792,
        0.21265578269958496,
        0.2110491544008255,
        0.21063537895679474,
        0.2097698599100113,
        0.2090994119644165,
        0.2081143856048584,
        0.2074134349822998,
        0.2071208655834198,
        0.20768806338310242,
        0.2057623416185379,
        0.20497165620326996,
        0.20475849509239197,
        0.2049272060394287,
        0.20380552113056183,
        0.203670933842659,
        0.20367591083049774,
        0.20320317149162292,
        0.20257215201854706,
        0.20201252400875092,
        0.20254260301589966,
        0.20179158449172974,
        0.20171040296554565,
        0.2014033943414688,
        0.20081403851509094
    ],
    "binary_accuracy": [
        0.875048816204071,
        0.9245690703392029,
        0.9265944361686707,
        0.9282395243644714,
        0.9285955429077148,
        0.9294213056564331,
        0.9299748539924622,
        0.9301411509513855,
        0.9300434589385986,
        0.9305635094642639,
        0.9303842186927795,
        0.9307625889778137,
        0.9310328364372253,
        0.9311816096305847,
        0.9311771392822266,
        0.9312475919723511,
        0.9313944578170776,
        0.9316844940185547,
        0.9317318201065063,
        0.9315614700317383,
        0.9317616820335388,
        0.9317142963409424,
        0.931703507900238,
        0.9318731427192688,
        0.931881308555603,
        0.9317870140075684,
        0.9319316744804382,
        0.9320091605186462,
        0.9320319294929504,
        0.9323186278343201,
        0.9320666193962097,
        0.9322712421417236,
        0.9321433901786804,
        0.9321709871292114,
        0.9323309063911438
    ],
    "val_loss": [
        0.2389276772737503,
        0.23265671730041504,
        0.2283986508846283,
        0.22380441427230835,
        0.2178782820701599,
        0.21653692424297333,
        0.21247278153896332,
        0.21273861825466156,
        0.21281927824020386,
        0.20746013522148132,
        0.2074895203113556,
        0.20746204257011414,
        0.20585563778877258,
        0.20946228504180908,
        0.20790863037109375,
        0.20588289201259613,
        0.2039957195520401,
        0.20520798861980438,
        0.2016342431306839,
        0.20217883586883545,
        0.20088224112987518,
        0.20034140348434448,
        0.20185543596744537,
        0.20056182146072388,
        0.19956260919570923,
        0.19891752302646637,
        0.19780638813972473,
        0.1978960931301117,
        0.20001262426376343,
        0.20048145949840546,
        0.19713060557842255,
        0.2014104723930359,
        0.19703227281570435,
        0.19975373148918152,
        0.1966957449913025
    ],
    "val_binary_accuracy": [
        0.9260962605476379,
        0.9274870753288269,
        0.930205225944519,
        0.9310956597328186,
        0.9314917325973511,
        0.9318817257881165,
        0.9318892955780029,
        0.9326255321502686,
        0.9302324056625366,
        0.9324743747711182,
        0.9326573014259338,
        0.9318167567253113,
        0.933036744594574,
        0.9323428273200989,
        0.9316186904907227,
        0.9326497316360474,
        0.9326406717300415,
        0.9330064654350281,
        0.9333194494247437,
        0.9332060217857361,
        0.9330775737762451,
        0.9335673451423645,
        0.9323503971099854,
        0.9336262941360474,
        0.9335310459136963,
        0.9330230951309204,
        0.9334811568260193,
        0.9336535334587097,
        0.9333889484405518,
        0.9326799511909485,
        0.9336036443710327,
        0.9335476756095886,
        0.9339392185211182,
        0.9328659176826477,
        0.9335325956344604
    ]
}