{
    "loss": [
        0.37647539377212524,
        0.2663367688655853,
        0.2498379945755005,
        0.24184679985046387,
        0.23752066493034363,
        0.2351529449224472,
        0.23301345109939575,
        0.2306808978319168,
        0.22874249517917633,
        0.22789599001407623,
        0.22615371644496918,
        0.22473713755607605,
        0.22354279458522797,
        0.2226378470659256,
        0.22124050557613373,
        0.22044794261455536,
        0.21954704821109772,
        0.21891136467456818,
        0.21864713728427887,
        0.21750101447105408,
        0.21696151793003082,
        0.21626487374305725,
        0.2159460186958313,
        0.21495987474918365,
        0.21315059065818787,
        0.21267938613891602,
        0.21151284873485565,
        0.21193620562553406,
        0.21095781028270721,
        0.21019373834133148,
        0.20985519886016846,
        0.20886723697185516,
        0.20880432426929474,
        0.20797321200370789,
        0.20745345950126648
    ],
    "binary_accuracy": [
        0.8511794805526733,
        0.9130905270576477,
        0.9205962419509888,
        0.9245224595069885,
        0.926389753818512,
        0.9275386929512024,
        0.9284460544586182,
        0.9290473461151123,
        0.929381787776947,
        0.9298995733261108,
        0.9301023483276367,
        0.9304472208023071,
        0.9306660294532776,
        0.930798351764679,
        0.9310190677642822,
        0.9312039613723755,
        0.9315327405929565,
        0.9316162467002869,
        0.9317184090614319,
        0.931789219379425,
        0.9319391250610352,
        0.9319607019424438,
        0.9320967793464661,
        0.9321187734603882,
        0.9321903586387634,
        0.9322936534881592,
        0.9323894381523132,
        0.9325321912765503,
        0.932616114616394,
        0.932663083076477,
        0.9327062964439392,
        0.9328028559684753,
        0.9328904747962952,
        0.9327886700630188,
        0.9329485893249512
    ],
    "val_loss": [
        0.27183303236961365,
        0.24861189723014832,
        0.23985488712787628,
        0.2341783344745636,
        0.2331768125295639,
        0.22967132925987244,
        0.22918729484081268,
        0.22739994525909424,
        0.22630514204502106,
        0.22509782016277313,
        0.22149807214736938,
        0.2201099693775177,
        0.22149549424648285,
        0.21782633662223816,
        0.21749351918697357,
        0.2165737748146057,
        0.21498368680477142,
        0.2163415402173996,
        0.2141404002904892,
        0.21376267075538635,
        0.21414145827293396,
        0.21131430566310883,
        0.21369753777980804,
        0.21103110909461975,
        0.20975041389465332,
        0.20763461291790009,
        0.2102668285369873,
        0.21059860289096832,
        0.2077924609184265,
        0.20622077584266663,
        0.20664525032043457,
        0.20526090264320374,
        0.20728714764118195,
        0.20456138253211975,
        0.20417000353336334
    ],
    "val_binary_accuracy": [
        0.9106400609016418,
        0.9203047156333923,
        0.924950361251831,
        0.9273872971534729,
        0.9293813109397888,
        0.9296549558639526,
        0.9304773211479187,
        0.9308310747146606,
        0.9308719038963318,
        0.9315975308418274,
        0.9318016171455383,
        0.9319074153900146,
        0.9315219521522522,
        0.9324607253074646,
        0.9327041506767273,
        0.9328674077987671,
        0.9328659176826477,
        0.9327691197395325,
        0.9330246448516846,
        0.9326633214950562,
        0.93342524766922,
        0.9334040880203247,
        0.9333527088165283,
        0.9335779547691345,
        0.9337230920791626,
        0.9337064623832703,
        0.9337427020072937,
        0.9338274002075195,
        0.9338606595993042,
        0.9337896108627319,
        0.9339619278907776,
        0.9337986707687378,
        0.9339936971664429,
        0.9339724779129028,
        0.9338606595993042
    ]
}