{
    "loss": [
        0.5142317414283752,
        0.37633413076400757,
        0.3151126205921173,
        0.28517627716064453,
        0.2678714096546173,
        0.2567654848098755,
        0.2501276135444641,
        0.24534490704536438,
        0.2431013286113739,
        0.24016183614730835,
        0.23787905275821686,
        0.23623859882354736,
        0.2348448485136032,
        0.23365630209445953,
        0.23276440799236298,
        0.23153094947338104,
        0.23128573596477509,
        0.23046047985553741,
        0.22982287406921387,
        0.22935238480567932,
        0.2282644510269165,
        0.22745034098625183,
        0.22710579633712769,
        0.22626067698001862,
        0.22539305686950684,
        0.22491824626922607,
        0.22431688010692596,
        0.22394166886806488,
        0.22326496243476868,
        0.22304899990558624,
        0.22255584597587585,
        0.22241242229938507,
        0.22190631926059723,
        0.2213493138551712,
        0.22104911506175995
    ],
    "binary_accuracy": [
        0.7506057620048523,
        0.8580101132392883,
        0.8874589800834656,
        0.8996816277503967,
        0.9092936515808105,
        0.9158797264099121,
        0.9201242923736572,
        0.9223990440368652,
        0.9240158200263977,
        0.9248191714286804,
        0.9255256056785583,
        0.9258700609207153,
        0.9264140129089355,
        0.9267629384994507,
        0.9271573424339294,
        0.9274149537086487,
        0.9277772903442383,
        0.9279744625091553,
        0.9281575083732605,
        0.9282507300376892,
        0.9285172820091248,
        0.9287420511245728,
        0.9289258718490601,
        0.9290347099304199,
        0.9291785955429077,
        0.9294160604476929,
        0.9294544458389282,
        0.9296855926513672,
        0.9297705888748169,
        0.9300218224525452,
        0.9301142692565918,
        0.9302641749382019,
        0.9303517937660217,
        0.9304360151290894,
        0.9305187463760376
    ],
    "val_loss": [
        0.41681042313575745,
        0.32274889945983887,
        0.2835237979888916,
        0.2623290419578552,
        0.24886684119701385,
        0.24173513054847717,
        0.23853160440921783,
        0.23599590361118317,
        0.23199346661567688,
        0.23055890202522278,
        0.22879262268543243,
        0.2279740273952484,
        0.22673280537128448,
        0.22578096389770508,
        0.22468630969524384,
        0.2245662957429886,
        0.2232937216758728,
        0.22279031574726105,
        0.22251716256141663,
        0.22228354215621948,
        0.22064824402332306,
        0.22014853358268738,
        0.21970349550247192,
        0.21925097703933716,
        0.21834073960781097,
        0.21762770414352417,
        0.21929515898227692,
        0.21654511988162994,
        0.21683338284492493,
        0.2163761854171753,
        0.21570689976215363,
        0.2165485918521881,
        0.21510936319828033,
        0.2155957967042923,
        0.21381208300590515
    ],
    "val_binary_accuracy": [
        0.829856276512146,
        0.886175274848938,
        0.8986049294471741,
        0.9093490242958069,
        0.9176591634750366,
        0.9226948022842407,
        0.9256018996238708,
        0.927517294883728,
        0.9278196692466736,
        0.9285180568695068,
        0.9287781119346619,
        0.9292195439338684,
        0.9300903081893921,
        0.9302369356155396,
        0.930483341217041,
        0.9305105805397034,
        0.9307902455329895,
        0.9309943318367004,
        0.9310729503631592,
        0.9313904047012329,
        0.9313450455665588,
        0.9315491318702698,
        0.9315809011459351,
        0.9317381381988525,
        0.9317653179168701,
        0.9320359230041504,
        0.9318529963493347,
        0.9323019981384277,
        0.9323639869689941,
        0.9324985146522522,
        0.9324199557304382,
        0.932587742805481,
        0.9325106143951416,
        0.9326739311218262,
        0.9327918291091919
    ]
}