{
    "loss": [
        0.3251200020313263,
        0.24127286672592163,
        0.22958001494407654,
        0.2225361168384552,
        0.21883809566497803,
        0.21590347588062286,
        0.2150222659111023,
        0.21338003873825073,
        0.21203237771987915,
        0.21166697144508362,
        0.2109782099723816,
        0.21005938947200775,
        0.20930983126163483,
        0.20837876200675964,
        0.20765133202075958,
        0.20721550285816193,
        0.20654550194740295,
        0.20580071210861206,
        0.20530875027179718,
        0.2045898735523224,
        0.20341232419013977,
        0.20332485437393188,
        0.20277497172355652,
        0.20243443548679352,
        0.20206142961978912,
        0.20113126933574677,
        0.20063406229019165,
        0.20037518441677094,
        0.20023956894874573,
        0.20024742186069489,
        0.19959880411624908,
        0.1992543488740921,
        0.1985626369714737,
        0.19804789125919342,
        0.1983775794506073
    ],
    "binary_accuracy": [
        0.8792755007743835,
        0.9235144257545471,
        0.9282634258270264,
        0.9303372502326965,
        0.9315897822380066,
        0.9321549534797668,
        0.9324725866317749,
        0.9328162670135498,
        0.9330753684043884,
        0.9332050681114197,
        0.9335651993751526,
        0.9335957765579224,
        0.9338261485099792,
        0.9340002536773682,
        0.9340069890022278,
        0.9341575503349304,
        0.9342064261436462,
        0.9343830943107605,
        0.9345027804374695,
        0.9343976378440857,
        0.9346597194671631,
        0.934768557548523,
        0.9346895217895508,
        0.9349225163459778,
        0.934937059879303,
        0.9348662495613098,
        0.9350709319114685,
        0.9351648688316345,
        0.9350519180297852,
        0.9349814057350159,
        0.9351868629455566,
        0.9351659417152405,
        0.9351924061775208,
        0.9351234436035156,
        0.9354522824287415
    ],
    "val_loss": [
        0.24398253858089447,
        0.23032203316688538,
        0.22102949023246765,
        0.21676836907863617,
        0.21376308798789978,
        0.21344181895256042,
        0.2115902453660965,
        0.20886747539043427,
        0.21132108569145203,
        0.21053388714790344,
        0.2093094140291214,
        0.20918607711791992,
        0.20463848114013672,
        0.20712940394878387,
        0.20571695268154144,
        0.20562931895256042,
        0.20358799397945404,
        0.20551921427249908,
        0.2024640589952469,
        0.20289641618728638,
        0.20188552141189575,
        0.20039503276348114,
        0.20123884081840515,
        0.20063334703445435,
        0.20130546391010284,
        0.19970189034938812,
        0.19872158765792847,
        0.20085935294628143,
        0.2016630619764328,
        0.19983965158462524,
        0.19809047877788544,
        0.1968497931957245,
        0.19752226769924164,
        0.1980396956205368,
        0.19658447802066803
    ],
    "val_binary_accuracy": [
        0.9179070591926575,
        0.9288960099220276,
        0.9297849535942078,
        0.9320026636123657,
        0.9333919882774353,
        0.9332680106163025,
        0.9343988299369812,
        0.9341055154800415,
        0.9333269596099854,
        0.9341705441474915,
        0.9345182776451111,
        0.9350171089172363,
        0.9342219233512878,
        0.9348191022872925,
        0.9350322484970093,
        0.9352318048477173,
        0.9352922439575195,
        0.9354223012924194,
        0.9351849555969238,
        0.9352197051048279,
        0.9355387091636658,
        0.9353905320167542,
        0.9351713061332703,
        0.9356868267059326,
        0.9354918003082275,
        0.9353361129760742,
        0.9357412457466125,
        0.9357427954673767,
        0.9356157779693604,
        0.9353134036064148,
        0.9356551170349121,
        0.9357851147651672,
        0.93546462059021,
        0.9358682632446289,
        0.9358319640159607
    ]
}