{
    "loss": [
        0.4296473264694214,
        0.2915171682834625,
        0.2596781849861145,
        0.2448292076587677,
        0.23531988263130188,
        0.2293107658624649,
        0.2256467491388321,
        0.22153005003929138,
        0.21969997882843018,
        0.21784251928329468,
        0.21633267402648926,
        0.2152143269777298,
        0.21351757645606995,
        0.2125641405582428,
        0.21131758391857147,
        0.21047700941562653,
        0.20949727296829224,
        0.20845121145248413,
        0.2078671157360077,
        0.20627304911613464,
        0.20571528375148773,
        0.2047092169523239,
        0.20463021099567413,
        0.20414133369922638,
        0.20317403972148895,
        0.20293176174163818,
        0.20227812230587006,
        0.20153985917568207,
        0.20167233049869537,
        0.20055268704891205,
        0.20030316710472107,
        0.20008571445941925,
        0.19972175359725952,
        0.19893445074558258,
        0.1991226226091385
    ],
    "binary_accuracy": [
        0.8140742778778076,
        0.902431309223175,
        0.9144504070281982,
        0.9217529892921448,
        0.925540566444397,
        0.9276344776153564,
        0.9289575219154358,
        0.9296386241912842,
        0.9305228590965271,
        0.9309273362159729,
        0.9314507246017456,
        0.9318552017211914,
        0.9321851134300232,
        0.9323689341545105,
        0.932644784450531,
        0.9328468441963196,
        0.9330824613571167,
        0.9331991076469421,
        0.9333571791648865,
        0.9334947466850281,
        0.9335514307022095,
        0.9337437748908997,
        0.9338891506195068,
        0.9340472221374512,
        0.9339979887008667,
        0.9341967105865479,
        0.9342172145843506,
        0.9342835545539856,
        0.9344151616096497,
        0.9343969225883484,
        0.9345310926437378,
        0.9345937371253967,
        0.9346541166305542,
        0.9347331523895264,
        0.934870719909668
    ],
    "val_loss": [
        0.3081412613391876,
        0.26460328698158264,
        0.2442668229341507,
        0.2335084080696106,
        0.2276238650083542,
        0.22590868175029755,
        0.2196296602487564,
        0.21888898313045502,
        0.2177048772573471,
        0.2143855094909668,
        0.21310439705848694,
        0.21219941973686218,
        0.21116730570793152,
        0.21107587218284607,
        0.2100549340248108,
        0.2077447921037674,
        0.2063722014427185,
        0.20697367191314697,
        0.20413802564144135,
        0.20439912378787994,
        0.20351412892341614,
        0.2032889574766159,
        0.20299458503723145,
        0.2023584246635437,
        0.20342017710208893,
        0.20242907106876373,
        0.20216912031173706,
        0.19975969195365906,
        0.20129603147506714,
        0.2005758434534073,
        0.1978403925895691,
        0.20124059915542603,
        0.19929130375385284,
        0.19720157980918884,
        0.19790758192539215
    ],
    "val_binary_accuracy": [
        0.895393967628479,
        0.9111812710762024,
        0.9202079772949219,
        0.924690306186676,
        0.9278952479362488,
        0.9299663305282593,
        0.9300661087036133,
        0.9313238859176636,
        0.9314070343971252,
        0.9323201775550842,
        0.9326285719871521,
        0.9328855276107788,
        0.932826578617096,
        0.9332498908042908,
        0.9336535334587097,
        0.9338258504867554,
        0.9333738684654236,
        0.9340980052947998,
        0.9338016510009766,
        0.9343504309654236,
        0.9342370629310608,
        0.9346588253974915,
        0.9347888231277466,
        0.9347631335258484,
        0.9349521398544312,
        0.9350488781929016,
        0.935050368309021,
        0.9352166652679443,
        0.9347057342529297,
        0.9351909756660461,
        0.9355825185775757,
        0.9354449510574341,
        0.9353708624839783,
        0.9355114698410034,
        0.935649037361145
    ]
}