{
    "loss": [
        0.3522326946258545,
        0.24106033146381378,
        0.23128654062747955,
        0.22586260735988617,
        0.2216428965330124,
        0.21714751422405243,
        0.21432314813137054,
        0.20973774790763855,
        0.20691867172718048,
        0.20339810848236084,
        0.20157752931118011,
        0.2004745900630951,
        0.19865263998508453,
        0.19829325377941132,
        0.19749325513839722,
        0.19660456478595734,
        0.19578687846660614,
        0.19504456222057343,
        0.19501110911369324,
        0.1947123259305954,
        0.19391779601573944,
        0.19352611899375916,
        0.19290199875831604,
        0.1928844302892685,
        0.19191907346248627,
        0.19239258766174316,
        0.19175292551517487,
        0.1917777806520462,
        0.1913098692893982,
        0.19154636561870575,
        0.19095781445503235,
        0.19080772995948792,
        0.19042715430259705,
        0.1901247799396515,
        0.19033892452716827
    ],
    "binary_accuracy": [
        0.8605234622955322,
        0.9249109029769897,
        0.929474949836731,
        0.9302951097488403,
        0.9309225082397461,
        0.9316591620445251,
        0.931936502456665,
        0.9326041340827942,
        0.9328430891036987,
        0.9330373406410217,
        0.933259129524231,
        0.9335778951644897,
        0.933615505695343,
        0.9335920214653015,
        0.9339089393615723,
        0.9339167475700378,
        0.9340043663978577,
        0.934099018573761,
        0.934023380279541,
        0.9341743588447571,
        0.9342235326766968,
        0.9344199895858765,
        0.9343804717063904,
        0.934314489364624,
        0.9346071481704712,
        0.9345042705535889,
        0.9345553517341614,
        0.9345840215682983,
        0.934637725353241,
        0.9345709681510925,
        0.9347055554389954,
        0.934890866279602,
        0.934739887714386,
        0.9349254965782166,
        0.9348058700561523
    ],
    "val_loss": [
        0.24778997898101807,
        0.23095031082630157,
        0.22902633249759674,
        0.21994024515151978,
        0.21663576364517212,
        0.21465158462524414,
        0.21164877712726593,
        0.2085936814546585,
        0.20243200659751892,
        0.20152492821216583,
        0.19931496679782867,
        0.20144352316856384,
        0.20060986280441284,
        0.19734233617782593,
        0.19584991037845612,
        0.19414426386356354,
        0.1925281286239624,
        0.19272734224796295,
        0.19367338716983795,
        0.1925506740808487,
        0.1939007043838501,
        0.19399400055408478,
        0.19225437939167023,
        0.1920394003391266,
        0.18994389474391937,
        0.19490063190460205,
        0.18989117443561554,
        0.19253742694854736,
        0.18934285640716553,
        0.18965573608875275,
        0.1898290514945984,
        0.19111667573451996,
        0.19067823886871338,
        0.1891891062259674,
        0.18704476952552795
    ],
    "val_binary_accuracy": [
        0.9205088019371033,
        0.9295657277107239,
        0.9311454892158508,
        0.9321659803390503,
        0.9329429864883423,
        0.9333511590957642,
        0.9338530898094177,
        0.9337442517280579,
        0.9344986081123352,
        0.9338319301605225,
        0.9341992735862732,
        0.9345983862876892,
        0.9344169497489929,
        0.9347177743911743,
        0.9350760579109192,
        0.9351018071174622,
        0.9352318048477173,
        0.9352439045906067,
        0.9350669980049133,
        0.9351047873497009,
        0.9353482127189636,
        0.9349944591522217,
        0.9355054497718811,
        0.9352726340293884,
        0.9355749487876892,
        0.934577226638794,
        0.9352907538414001,
        0.9353935718536377,
        0.9358939528465271,
        0.9359287023544312,
        0.9356898665428162,
        0.9355704188346863,
        0.9355764985084534,
        0.9358350038528442,
        0.9360284805297852
    ]
}