{
    "loss": [
        0.33548152446746826,
        0.24466653168201447,
        0.23707343637943268,
        0.23263108730316162,
        0.22902095317840576,
        0.22670161724090576,
        0.22494949400424957,
        0.22292980551719666,
        0.22193755209445953,
        0.22069087624549866,
        0.21960830688476562,
        0.2183741182088852,
        0.2170572578907013,
        0.2161399871110916,
        0.21549437940120697,
        0.21539053320884705,
        0.21440933644771576,
        0.21295301616191864,
        0.21172893047332764,
        0.2108798325061798,
        0.21063463389873505,
        0.21024031937122345,
        0.2099108099937439,
        0.20960195362567902,
        0.2093414068222046,
        0.20823128521442413,
        0.20853544771671295,
        0.20758505165576935,
        0.20747773349285126,
        0.2072032392024994,
        0.20673298835754395,
        0.2066771239042282,
        0.20630411803722382,
        0.20644548535346985,
        0.20720301568508148
    ],
    "binary_accuracy": [
        0.8694226741790771,
        0.9231643676757812,
        0.9266179203987122,
        0.9281101822853088,
        0.9287539720535278,
        0.9294727444648743,
        0.9299327731132507,
        0.9306063652038574,
        0.9308494329452515,
        0.930975079536438,
        0.9312092065811157,
        0.9311406016349792,
        0.931750476360321,
        0.9320166707038879,
        0.9321150779724121,
        0.9320986270904541,
        0.9321545958518982,
        0.9321050047874451,
        0.9323834776878357,
        0.9325791597366333,
        0.9325321912765503,
        0.9327588677406311,
        0.9327830672264099,
        0.9327346086502075,
        0.9327775239944458,
        0.9330123662948608,
        0.9330433011054993,
        0.9331048130989075,
        0.9329922199249268,
        0.9331074357032776,
        0.9332665801048279,
        0.9331901669502258,
        0.9332550764083862,
        0.9332002401351929,
        0.9331271648406982
    ],
    "val_loss": [
        0.2435798943042755,
        0.23367732763290405,
        0.22946716845035553,
        0.2251349240541458,
        0.22350618243217468,
        0.22105105221271515,
        0.22055208683013916,
        0.2203669250011444,
        0.21609564125537872,
        0.21597278118133545,
        0.2154134064912796,
        0.21431736648082733,
        0.21426470577716827,
        0.21087804436683655,
        0.21224774420261383,
        0.2097669541835785,
        0.21093183755874634,
        0.2076503485441208,
        0.20755209028720856,
        0.20839112997055054,
        0.20680241286754608,
        0.2067825049161911,
        0.2064446359872818,
        0.20620864629745483,
        0.20652860403060913,
        0.20707467198371887,
        0.20544885098934174,
        0.20424653589725494,
        0.20478051900863647,
        0.2038326859474182,
        0.20326334238052368,
        0.20336884260177612,
        0.20567384362220764,
        0.20280063152313232,
        0.20323583483695984
    ],
    "val_binary_accuracy": [
        0.9210953712463379,
        0.9270199537277222,
        0.9288144111633301,
        0.9304350018501282,
        0.9302188158035278,
        0.9314448237419128,
        0.9308673739433289,
        0.932522714138031,
        0.9322324991226196,
        0.932637631893158,
        0.9326013326644897,
        0.9333012700080872,
        0.9332045316696167,
        0.9332831501960754,
        0.9336172342300415,
        0.9333194494247437,
        0.9336898326873779,
        0.9334418773651123,
        0.9339407682418823,
        0.9339392185211182,
        0.9338334202766418,
        0.9342204332351685,
        0.934073805809021,
        0.9341871738433838,
        0.9341781139373779,
        0.9341387748718262,
        0.9344456791877747,
        0.9339891076087952,
        0.9338939189910889,
        0.9341871738433838,
        0.9345545172691345,
        0.9343610405921936,
        0.9339196085929871,
        0.9342506527900696,
        0.9347238540649414
    ]
}