{
    "loss": [
        0.32965007424354553,
        0.24298594892024994,
        0.23458638787269592,
        0.22817586362361908,
        0.22469232976436615,
        0.22175556421279907,
        0.21841630339622498,
        0.21649514138698578,
        0.21471047401428223,
        0.21396256983280182,
        0.21176902949810028,
        0.2109098732471466,
        0.20942369103431702,
        0.20855483412742615,
        0.2082451432943344,
        0.20795732736587524,
        0.20691701769828796,
        0.206101655960083,
        0.2045435756444931,
        0.2040863037109375,
        0.2033633589744568,
        0.20288674533367157,
        0.20222096145153046,
        0.20264598727226257,
        0.20122726261615753,
        0.20209871232509613,
        0.20110249519348145,
        0.20096123218536377,
        0.20017625391483307,
        0.19973979890346527,
        0.19990204274654388,
        0.19917257130146027,
        0.1995224803686142,
        0.19834555685520172,
        0.1981050670146942
    ],
    "binary_accuracy": [
        0.8757590055465698,
        0.9241955280303955,
        0.927249014377594,
        0.9283759593963623,
        0.9293482303619385,
        0.9299688935279846,
        0.930510938167572,
        0.9308449625968933,
        0.9313344359397888,
        0.9317933320999146,
        0.9319882988929749,
        0.9321653842926025,
        0.9324923157691956,
        0.932512104511261,
        0.9326720237731934,
        0.932811439037323,
        0.9327954053878784,
        0.932877779006958,
        0.9333799481391907,
        0.9332311749458313,
        0.9334302544593811,
        0.9333575367927551,
        0.9337255358695984,
        0.9332852363586426,
        0.9338231682777405,
        0.9335342645645142,
        0.933539092540741,
        0.9338694214820862,
        0.9338589906692505,
        0.933872401714325,
        0.9338082671165466,
        0.9339275360107422,
        0.9338955283164978,
        0.9339331388473511,
        0.9340677261352539
    ],
    "val_loss": [
        0.2503489553928375,
        0.23268887400627136,
        0.22504426538944244,
        0.22127361595630646,
        0.2193010151386261,
        0.21775133907794952,
        0.21506820619106293,
        0.2133742868900299,
        0.2108028382062912,
        0.2087632417678833,
        0.20938211679458618,
        0.20828258991241455,
        0.20709694921970367,
        0.20572234690189362,
        0.2055569440126419,
        0.20394161343574524,
        0.20266330242156982,
        0.20236213505268097,
        0.20477761328220367,
        0.20235854387283325,
        0.20060639083385468,
        0.20111745595932007,
        0.19829347729682922,
        0.20013460516929626,
        0.19947463274002075,
        0.1994178146123886,
        0.20092543959617615,
        0.19887129962444305,
        0.19795048236846924,
        0.19778214395046234,
        0.19779351353645325,
        0.19867968559265137,
        0.19792568683624268,
        0.1990116536617279,
        0.19805780053138733
    ],
    "val_binary_accuracy": [
        0.9212389588356018,
        0.9284243583679199,
        0.9294326901435852,
        0.9310910701751709,
        0.9315809011459351,
        0.9322203993797302,
        0.9316610097885132,
        0.9323609471321106,
        0.9332725405693054,
        0.9332922101020813,
        0.9330337047576904,
        0.9333466291427612,
        0.9340435862541199,
        0.9338621497154236,
        0.9341040253639221,
        0.9338046908378601,
        0.9343292713165283,
        0.9341493844985962,
        0.9341902136802673,
        0.9346150159835815,
        0.9341539144515991,
        0.9343836903572083,
        0.9342491626739502,
        0.9344925284385681,
        0.9346452355384827,
        0.9349430799484253,
        0.934497058391571,
        0.9351410865783691,
        0.9339498281478882,
        0.9351592063903809,
        0.9351380467414856,
        0.9347283840179443,
        0.9349626898765564,
        0.934627115726471,
        0.9350972771644592
    ]
}