{
    "loss": [
        0.3211674392223358,
        0.24220527708530426,
        0.23665200173854828,
        0.23090405762195587,
        0.22868382930755615,
        0.227354496717453,
        0.22378945350646973,
        0.22123660147190094,
        0.2202419936656952,
        0.21783877909183502,
        0.2166379690170288,
        0.21495722234249115,
        0.21457357704639435,
        0.21358516812324524,
        0.21325641870498657,
        0.21277423202991486,
        0.21244314312934875,
        0.21130238473415375,
        0.20952625572681427,
        0.2093229740858078,
        0.2094424068927765,
        0.20871734619140625,
        0.20849967002868652,
        0.20829841494560242,
        0.20840518176555634,
        0.20887301862239838,
        0.20841698348522186,
        0.20697635412216187,
        0.2061956822872162,
        0.20695354044437408,
        0.2063843458890915,
        0.2063828557729721,
        0.2059989720582962,
        0.20592543482780457,
        0.20561732351779938
    ],
    "binary_accuracy": [
        0.8773728013038635,
        0.9240117073059082,
        0.9265176057815552,
        0.9283726215362549,
        0.9293143153190613,
        0.9292733073234558,
        0.9302223920822144,
        0.9305530786514282,
        0.930601179599762,
        0.9310015439987183,
        0.9312326908111572,
        0.9318671822547913,
        0.931620717048645,
        0.9319849610328674,
        0.9320274591445923,
        0.9320915937423706,
        0.9322019219398499,
        0.9322839379310608,
        0.9327074289321899,
        0.9327290654182434,
        0.9325355887413025,
        0.9327062964439392,
        0.932860255241394,
        0.9329456090927124,
        0.932746171951294,
        0.9325184226036072,
        0.9326436519622803,
        0.9328323006629944,
        0.9330682754516602,
        0.9329262375831604,
        0.9330589771270752,
        0.9330026507377625,
        0.9332621097564697,
        0.9332144260406494,
        0.9333937168121338
    ],
    "val_loss": [
        0.24235408008098602,
        0.23516803979873657,
        0.22770793735980988,
        0.2250325083732605,
        0.2247435748577118,
        0.2189212590456009,
        0.2197972983121872,
        0.22032596170902252,
        0.2133585512638092,
        0.21414506435394287,
        0.2145475298166275,
        0.21008701622486115,
        0.2118302583694458,
        0.21464113891124725,
        0.2084432691335678,
        0.21178370714187622,
        0.21136242151260376,
        0.20585870742797852,
        0.20685169100761414,
        0.20574545860290527,
        0.2059190273284912,
        0.205806165933609,
        0.20421013236045837,
        0.2047182321548462,
        0.20776833593845367,
        0.20583133399486542,
        0.2041887789964676,
        0.208973228931427,
        0.20156961679458618,
        0.2037053257226944,
        0.20755738019943237,
        0.2046019434928894,
        0.20359210669994354,
        0.2061873972415924,
        0.20291821658611298
    ],
    "val_binary_accuracy": [
        0.9240992069244385,
        0.9277864098548889,
        0.9302913546562195,
        0.929706335067749,
        0.9304214119911194,
        0.9313889145851135,
        0.9308658242225647,
        0.9316217303276062,
        0.9328553080558777,
        0.9328900575637817,
        0.9326270222663879,
        0.9326089024543762,
        0.9331274032592773,
        0.9324789047241211,
        0.9336807131767273,
        0.9333466291427612,
        0.9331455826759338,
        0.9339528679847717,
        0.9338319301605225,
        0.934162974357605,
        0.9333133697509766,
        0.9341645240783691,
        0.93391352891922,
        0.9338999390602112,
        0.9336383938789368,
        0.9334539771080017,
        0.9341146349906921,
        0.9328946471214294,
        0.9341947436332703,
        0.934512197971344,
        0.933570384979248,
        0.9345288276672363,
        0.9343292713165283,
        0.9338651895523071,
        0.9342340230941772
    ]
}