{
    "loss": [
        0.36074718832969666,
        0.24589940905570984,
        0.23163600265979767,
        0.22476443648338318,
        0.22053731977939606,
        0.2182370126247406,
        0.21610936522483826,
        0.21383412182331085,
        0.2120501846075058,
        0.21086134016513824,
        0.20960205793380737,
        0.2088085263967514,
        0.20741869509220123,
        0.20663991570472717,
        0.20591197907924652,
        0.20452438294887543,
        0.2038431018590927,
        0.20304729044437408,
        0.20186446607112885,
        0.2011122703552246,
        0.20030327141284943,
        0.20039746165275574,
        0.2001657485961914,
        0.19906410574913025,
        0.19878442585468292,
        0.1985928863286972,
        0.19767922163009644,
        0.19726307690143585,
        0.1967228353023529,
        0.19626395404338837,
        0.1960982233285904,
        0.1955670714378357,
        0.1951807141304016,
        0.19488798081874847,
        0.19456034898757935
    ],
    "binary_accuracy": [
        0.8563560843467712,
        0.9222111701965332,
        0.9277660846710205,
        0.9298015236854553,
        0.9307472705841064,
        0.9311521649360657,
        0.9316017031669617,
        0.9320718050003052,
        0.9324147701263428,
        0.9328415989875793,
        0.9329411387443542,
        0.9333325624465942,
        0.9334310293197632,
        0.9336718320846558,
        0.9338294863700867,
        0.933923065662384,
        0.9339279532432556,
        0.9340665936470032,
        0.9343051910400391,
        0.9344409108161926,
        0.9345165491104126,
        0.9344270825386047,
        0.9345471262931824,
        0.934722363948822,
        0.9347406029701233,
        0.9347447156906128,
        0.9348106980323792,
        0.9348871111869812,
        0.9350500106811523,
        0.9349825382232666,
        0.9350701570510864,
        0.9350306391716003,
        0.9351122975349426,
        0.9351890683174133,
        0.9352632761001587
    ],
    "val_loss": [
        0.2527165710926056,
        0.23098070919513702,
        0.22281846404075623,
        0.21846356987953186,
        0.2157362401485443,
        0.21296454966068268,
        0.21276792883872986,
        0.21271024644374847,
        0.2102738916873932,
        0.20896774530410767,
        0.20854665338993073,
        0.20642653107643127,
        0.206708624958992,
        0.20568223297595978,
        0.2052156627178192,
        0.20210671424865723,
        0.2006109058856964,
        0.20098747313022614,
        0.20086416602134705,
        0.19953390955924988,
        0.19779366254806519,
        0.19957329332828522,
        0.19818627834320068,
        0.19975024461746216,
        0.19737204909324646,
        0.19656215608119965,
        0.19851864874362946,
        0.1967417448759079,
        0.1970425695180893,
        0.19515325129032135,
        0.194668248295784,
        0.19396208226680756,
        0.1943567544221878,
        0.19473573565483093,
        0.19342264533042908
    ],
    "val_binary_accuracy": [
        0.9173855185508728,
        0.9272164702415466,
        0.9298831820487976,
        0.9314206838607788,
        0.9323186278343201,
        0.9324456453323364,
        0.9327797293663025,
        0.9331334829330444,
        0.9338485598564148,
        0.9337306022644043,
        0.9340450763702393,
        0.9344199895858765,
        0.9338530898094177,
        0.9346376657485962,
        0.9346331357955933,
        0.9350141286849976,
        0.9349218606948853,
        0.9351078271865845,
        0.9352862238883972,
        0.9352877140045166,
        0.9352166652679443,
        0.9353542327880859,
        0.9354767203330994,
        0.9352681040763855,
        0.9353255033493042,
        0.9353542327880859,
        0.935360312461853,
        0.9356808066368103,
        0.9354676604270935,
        0.9357185959815979,
        0.935998260974884,
        0.9357941746711731,
        0.9358425736427307,
        0.9358047246932983,
        0.9357775449752808
    ]
}