{
    "loss": [
        0.35696348547935486,
        0.256543904542923,
        0.23663249611854553,
        0.22834473848342896,
        0.2244359254837036,
        0.22204823791980743,
        0.2202165275812149,
        0.21898064017295837,
        0.21738620102405548,
        0.21600109338760376,
        0.21510626375675201,
        0.21439829468727112,
        0.21341852843761444,
        0.2115851491689682,
        0.21102645993232727,
        0.20951904356479645,
        0.20921850204467773,
        0.20833583176136017,
        0.20812872052192688,
        0.20757628977298737,
        0.20673540234565735,
        0.2058376669883728,
        0.20595379173755646,
        0.20523668825626373,
        0.20546340942382812,
        0.20427477359771729,
        0.2039724439382553,
        0.2037244290113449,
        0.20300039649009705,
        0.20326931774616241,
        0.20249049365520477,
        0.2018623650074005,
        0.20200562477111816,
        0.20085564255714417,
        0.20078489184379578
    ],
    "binary_accuracy": [
        0.8622524738311768,
        0.9175714254379272,
        0.9264471530914307,
        0.9291118383407593,
        0.9303901791572571,
        0.9311838150024414,
        0.931851863861084,
        0.9322753548622131,
        0.9325963258743286,
        0.9327871799468994,
        0.9329948425292969,
        0.9331544041633606,
        0.9334768652915955,
        0.9336289763450623,
        0.9338499903678894,
        0.9338369965553284,
        0.9340181350708008,
        0.9342224597930908,
        0.9340834021568298,
        0.9342604875564575,
        0.9343331456184387,
        0.9345150589942932,
        0.9345158338546753,
        0.934696614742279,
        0.9345684051513672,
        0.9346019625663757,
        0.934712290763855,
        0.9348353147506714,
        0.934955358505249,
        0.9350213408470154,
        0.9349240064620972,
        0.9350720047950745,
        0.935131311416626,
        0.9351596236228943,
        0.9351779222488403
    ],
    "val_loss": [
        0.2669176459312439,
        0.23748552799224854,
        0.22796615958213806,
        0.22589805722236633,
        0.21914666891098022,
        0.2177843153476715,
        0.21791376173496246,
        0.2163763791322708,
        0.21291232109069824,
        0.21402621269226074,
        0.21605145931243896,
        0.21128876507282257,
        0.20943358540534973,
        0.20785020291805267,
        0.20951509475708008,
        0.20633091032505035,
        0.20510607957839966,
        0.20583485066890717,
        0.20536711812019348,
        0.20562861859798431,
        0.20384591817855835,
        0.2022877186536789,
        0.20178936421871185,
        0.20292863249778748,
        0.2029934823513031,
        0.20243795216083527,
        0.2021927386522293,
        0.20288701355457306,
        0.20166604220867157,
        0.20068474113941193,
        0.20059537887573242,
        0.20169281959533691,
        0.20268075168132782,
        0.19984765350818634,
        0.2007165104150772
    ],
    "val_binary_accuracy": [
        0.910631000995636,
        0.9248747229576111,
        0.9298363327980042,
        0.9314055442810059,
        0.9315748810768127,
        0.9324456453323364,
        0.9328749775886536,
        0.933364748954773,
        0.9336066842079163,
        0.9339891076087952,
        0.9335038661956787,
        0.9342899918556213,
        0.9342793822288513,
        0.9342340230941772,
        0.9345046281814575,
        0.9345333576202393,
        0.9348447918891907,
        0.9342960119247437,
        0.9347087144851685,
        0.9355371594429016,
        0.9350156188011169,
        0.9348160624504089,
        0.935460090637207,
        0.935514509677887,
        0.9357155561447144,
        0.9351516962051392,
        0.9354842901229858,
        0.935958981513977,
        0.9355477690696716,
        0.9358727931976318,
        0.9352363348007202,
        0.9358395338058472,
        0.9357941746711731,
        0.9360617399215698,
        0.9354978799819946
    ]
}