{
    "conv_filters": 40,
    "kernel_rows": 3,
    "kernel_cols": 3,
    "scalar_dense_units": 48,
    "merged_dense_1": 80,
    "merged_multiplier_2": 0.6000000000000001,
    "dropout_rate": 0.1,
    "learning_rate": 0.00018452775211528182
}