{
    "conv_filters": 48,
    "kernel_rows": 3,
    "kernel_cols": 3,
    "scalar_dense_units": 32,
    "merged_dense_1": 140,
    "merged_multiplier_2": 0.6000000000000001,
    "dropout_rate": 0.1,
    "learning_rate": 0.00011419869763011754
}