{
    "conv_filters": 32,
    "kernel_rows": 3,
    "kernel_cols": 3,
    "scalar_dense_units": 16,
    "merged_dense_1": 20,
    "merged_multiplier_2": 0.6000000000000001,
    "dropout_rate": 0.1,
    "learning_rate": 0.006118848282897796
}