{
    "spatial_units": 40,
    "nmodule_xlocal_units": 12,
    "dense2_ratio": 0.4,
    "dense3_ratio": 0.6000000000000001,
    "learning_rate": 0.00024952619088402855
}