{
    "spatial_units": 24,
    "nmodule_xlocal_units": 8,
    "dense2_ratio": 0.5,
    "dense3_ratio": 0.30000000000000004,
    "learning_rate": 0.0004218642166019473
}