{
    "loss": [
        0.29527711868286133,
        0.23511072993278503,
        0.22876021265983582,
        0.2242099642753601,
        0.2218976765871048,
        0.2184053510427475,
        0.21725091338157654,
        0.2149571031332016,
        0.2133912891149521,
        0.21252751350402832,
        0.20987114310264587,
        0.2097914069890976,
        0.2076319307088852,
        0.2063688337802887,
        0.20680177211761475,
        0.20550435781478882,
        0.20438484847545624,
        0.20337745547294617,
        0.20282481610774994,
        0.20172792673110962,
        0.20156562328338623,
        0.2011580914258957,
        0.20124094188213348,
        0.19995954632759094,
        0.1996050328016281,
        0.19925616681575775,
        0.19881318509578705,
        0.198366180062294,
        0.19769874215126038,
        0.19749918580055237,
        0.1975850909948349,
        0.19660630822181702,
        0.19657212495803833,
        0.19665470719337463,
        0.19615724682807922
    ],
    "binary_accuracy": [
        0.8965360522270203,
        0.9274641275405884,
        0.9297258257865906,
        0.9302145838737488,
        0.9310954809188843,
        0.9317415356636047,
        0.9317407608032227,
        0.9321266412734985,
        0.9325113296508789,
        0.9325795769691467,
        0.9327998757362366,
        0.9329549670219421,
        0.9330406785011292,
        0.9333415627479553,
        0.9335010647773743,
        0.9335059523582458,
        0.9335044622421265,
        0.9336908459663391,
        0.9337295889854431,
        0.9339398741722107,
        0.933987557888031,
        0.9341076016426086,
        0.9338470101356506,
        0.9340811371803284,
        0.9342802166938782,
        0.9343428611755371,
        0.9343089461326599,
        0.9342734813690186,
        0.9344080686569214,
        0.9344349503517151,
        0.9341985583305359,
        0.9345654249191284,
        0.9345724582672119,
        0.9346246719360352,
        0.9346694350242615
    ],
    "val_loss": [
        0.2359737604856491,
        0.22882118821144104,
        0.22310326993465424,
        0.21679791808128357,
        0.21616068482398987,
        0.2144060581922531,
        0.2164599895477295,
        0.20968559384346008,
        0.21109306812286377,
        0.20883364975452423,
        0.21014760434627533,
        0.20593880116939545,
        0.2063271850347519,
        0.2040187269449234,
        0.2075493186712265,
        0.20297572016716003,
        0.20133328437805176,
        0.20255759358406067,
        0.20204012095928192,
        0.1992654651403427,
        0.19792425632476807,
        0.20086288452148438,
        0.19951193034648895,
        0.2005305141210556,
        0.2013203203678131,
        0.19654951989650726,
        0.1985805332660675,
        0.19579137861728668,
        0.1985088437795639,
        0.1979498714208603,
        0.19739681482315063,
        0.1959766000509262,
        0.19714699685573578,
        0.19570767879486084,
        0.19670049846172333
    ],
    "val_binary_accuracy": [
        0.9266933798789978,
        0.9303457736968994,
        0.9302672147750854,
        0.9325121641159058,
        0.9332634806632996,
        0.933110773563385,
        0.9333224296569824,
        0.9331138134002686,
        0.9339982271194458,
        0.9334373474121094,
        0.9334086179733276,
        0.9342461228370667,
        0.9334071278572083,
        0.9340662360191345,
        0.9323851466178894,
        0.9340934157371521,
        0.9344396591186523,
        0.9340904355049133,
        0.9342945218086243,
        0.9348719716072083,
        0.9349203705787659,
        0.9348704814910889,
        0.9350186586380005,
        0.934961199760437,
        0.9348387122154236,
        0.9352665543556213,
        0.9351562261581421,
        0.9352877140045166,
        0.9353376030921936,
        0.9353225231170654,
        0.9353860020637512,
        0.9354026317596436,
        0.9350942373275757,
        0.9352681040763855,
        0.9354404211044312
    ]
}