{
    "loss": [
        0.6702982187271118,
        0.5460547208786011,
        0.5043113827705383,
        0.4662744104862213,
        0.4346453547477722,
        0.40626126527786255,
        0.38111016154289246,
        0.3599454462528229,
        0.3421723544597626,
        0.32804474234580994,
        0.31575098633766174,
        0.30539828538894653,
        0.2965295612812042,
        0.28862136602401733,
        0.2822926938533783,
        0.2761443853378296,
        0.27144160866737366,
        0.2673853635787964,
        0.2631978988647461,
        0.2600705623626709,
        0.2570858597755432,
        0.25423887372016907,
        0.25213953852653503,
        0.2500062584877014,
        0.24816200137138367,
        0.24672986567020416,
        0.24541105329990387,
        0.24367259442806244,
        0.24216265976428986,
        0.24108125269412994,
        0.24005159735679626,
        0.2394319325685501,
        0.23849444091320038,
        0.23777760565280914,
        0.23706257343292236
    ],
    "binary_accuracy": [
        0.6160735487937927,
        0.7205570936203003,
        0.7526121139526367,
        0.7870194911956787,
        0.8153242468833923,
        0.8370493054389954,
        0.8538002371788025,
        0.8659718036651611,
        0.8749276995658875,
        0.881869375705719,
        0.8880129456520081,
        0.8935097455978394,
        0.897470235824585,
        0.9011850953102112,
        0.9044018983840942,
        0.9068254232406616,
        0.9091418981552124,
        0.9107333421707153,
        0.9124921560287476,
        0.9139721393585205,
        0.9153768420219421,
        0.9163647294044495,
        0.9174506664276123,
        0.9181991815567017,
        0.9191058278083801,
        0.9198651909828186,
        0.9206465482711792,
        0.9211863875389099,
        0.9216926097869873,
        0.9224326014518738,
        0.9229366183280945,
        0.9234432578086853,
        0.924034833908081,
        0.9243472218513489,
        0.9247550964355469
    ],
    "val_loss": [
        0.5600056648254395,
        0.5128182768821716,
        0.4707147181034088,
        0.4362998604774475,
        0.4074733555316925,
        0.3805338442325592,
        0.3573673963546753,
        0.3397122323513031,
        0.32363924384117126,
        0.3118475079536438,
        0.30026447772979736,
        0.29061150550842285,
        0.2837068736553192,
        0.27469414472579956,
        0.2692505121231079,
        0.26438474655151367,
        0.25931692123413086,
        0.2561855912208557,
        0.2513313889503479,
        0.24913711845874786,
        0.24617527425289154,
        0.24401086568832397,
        0.24224652349948883,
        0.24008707702159882,
        0.2393539994955063,
        0.23810285329818726,
        0.23627009987831116,
        0.23520934581756592,
        0.23429825901985168,
        0.23306548595428467,
        0.23261965811252594,
        0.23217083513736725,
        0.23255078494548798,
        0.23148532211780548,
        0.2304224818944931
    ],
    "val_binary_accuracy": [
        0.714894711971283,
        0.7386414408683777,
        0.777377188205719,
        0.8141037821769714,
        0.8355495929718018,
        0.8535122871398926,
        0.8655972480773926,
        0.8753752708435059,
        0.8827345371246338,
        0.8894301056861877,
        0.895708441734314,
        0.8990857005119324,
        0.9031946659088135,
        0.905764639377594,
        0.9090859889984131,
        0.9112734794616699,
        0.9123196005821228,
        0.9145298004150391,
        0.9154489636421204,
        0.9175034165382385,
        0.9183817505836487,
        0.9193689227104187,
        0.9201323986053467,
        0.9208534955978394,
        0.9213886260986328,
        0.9220704436302185,
        0.9224347472190857,
        0.9229775071144104,
        0.923892080783844,
        0.924490749835968,
        0.9249820709228516,
        0.9249805808067322,
        0.9260357618331909,
        0.9262368679046631,
        0.9263562560081482
    ]
}