{
    "loss": [
        0.4880608022212982,
        0.3203293979167938,
        0.2889440357685089,
        0.2799272835254669,
        0.27192386984825134,
        0.26828330755233765,
        0.2666311264038086,
        0.2647396922111511,
        0.26347699761390686,
        0.2606799602508545,
        0.2593757212162018,
        0.2581422030925751,
        0.2568211257457733,
        0.25501731038093567,
        0.2539735734462738,
        0.25273868441581726,
        0.2512311637401581,
        0.25068846344947815,
        0.25055184960365295,
        0.24999479949474335,
        0.2494708001613617,
        0.24892252683639526,
        0.24915094673633575,
        0.24834133684635162,
        0.24824967980384827,
        0.24864795804023743,
        0.24790562689304352,
        0.2473231554031372,
        0.2472020536661148,
        0.24698513746261597,
        0.24741247296333313,
        0.2475440800189972,
        0.24749796092510223,
        0.24676446616649628,
        0.24705760180950165
    ],
    "binary_accuracy": [
        0.7728385925292969,
        0.882801353931427,
        0.8968380093574524,
        0.9038136601448059,
        0.9090457558631897,
        0.9113935828208923,
        0.9125123023986816,
        0.9130371809005737,
        0.9138949513435364,
        0.9146279096603394,
        0.9155583381652832,
        0.9171952605247498,
        0.9180142879486084,
        0.9189533591270447,
        0.9197239279747009,
        0.9201745986938477,
        0.9210708141326904,
        0.9215644001960754,
        0.9218133687973022,
        0.922515332698822,
        0.9229403138160706,
        0.9230763912200928,
        0.923183023929596,
        0.9234406352043152,
        0.9236109852790833,
        0.9237209558486938,
        0.9239342212677002,
        0.9240288734436035,
        0.9239532351493835,
        0.9240441918373108,
        0.9239804148674011,
        0.9242451190948486,
        0.924321174621582,
        0.9242391586303711,
        0.9242734313011169
    ],
    "val_loss": [
        0.3446387052536011,
        0.27989426255226135,
        0.2656801640987396,
        0.25805288553237915,
        0.25327184796333313,
        0.2509765326976776,
        0.24970941245555878,
        0.24611936509609222,
        0.2454831749200821,
        0.24398422241210938,
        0.24212294816970825,
        0.24213825166225433,
        0.24002672731876373,
        0.2413625717163086,
        0.23926503956317902,
        0.2375771850347519,
        0.23675115406513214,
        0.23799055814743042,
        0.2361157387495041,
        0.2370815873146057,
        0.23616822063922882,
        0.23519743978977203,
        0.2347515970468521,
        0.23556947708129883,
        0.23770183324813843,
        0.2363366037607193,
        0.23581239581108093,
        0.23609858751296997,
        0.23572495579719543,
        0.23444534838199615,
        0.23432576656341553,
        0.2346683293581009,
        0.2343377321958542,
        0.2373758852481842,
        0.23509842157363892
    ],
    "val_binary_accuracy": [
        0.874129593372345,
        0.8995906114578247,
        0.9091857671737671,
        0.9134670495986938,
        0.9175805449485779,
        0.9198133945465088,
        0.9209532737731934,
        0.9206463694572449,
        0.922212541103363,
        0.9232813715934753,
        0.9230485558509827,
        0.9251166582107544,
        0.925282895565033,
        0.9264590740203857,
        0.9271257519721985,
        0.9271847009658813,
        0.9276518225669861,
        0.9279118776321411,
        0.9287101030349731,
        0.9290971159934998,
        0.9288960099220276,
        0.929272472858429,
        0.9290441870689392,
        0.9293026924133301,
        0.9297410845756531,
        0.9294840693473816,
        0.9297834038734436,
        0.9299043416976929,
        0.9297637939453125,
        0.9300041198730469,
        0.930155336856842,
        0.9301190376281738,
        0.9300661087036133,
        0.9299028515815735,
        0.9296836256980896
    ]
}