{
    "loss": [
        0.33566513657569885,
        0.2475445568561554,
        0.23853866755962372,
        0.23326358199119568,
        0.2304263412952423,
        0.2285982072353363,
        0.22704143822193146,
        0.224391371011734,
        0.22338344156742096,
        0.22258944809436798,
        0.22050991654396057,
        0.21925418078899384,
        0.21862411499023438,
        0.2174704521894455,
        0.216618150472641,
        0.21545051038265228,
        0.21543921530246735,
        0.21462783217430115,
        0.21378326416015625,
        0.21320706605911255,
        0.212633416056633,
        0.2126006782054901,
        0.2123188078403473,
        0.21173691749572754,
        0.21156832575798035,
        0.21144987642765045,
        0.21041879057884216,
        0.20888634026050568,
        0.20942886173725128,
        0.20914338529109955,
        0.20835323631763458,
        0.20834402740001678,
        0.20726308226585388,
        0.2068193256855011,
        0.20696605741977692
    ],
    "binary_accuracy": [
        0.8731803894042969,
        0.9226148724555969,
        0.9271823167800903,
        0.9285541772842407,
        0.9293996691703796,
        0.9300826191902161,
        0.9303417205810547,
        0.9307096600532532,
        0.9312658309936523,
        0.9311442971229553,
        0.93144291639328,
        0.9317221641540527,
        0.9317776560783386,
        0.9318943619728088,
        0.9320639967918396,
        0.9322619438171387,
        0.9322306513786316,
        0.9324125647544861,
        0.9324818849563599,
        0.9324598908424377,
        0.9325433969497681,
        0.9327380061149597,
        0.9327875971794128,
        0.9328640103340149,
        0.9328736662864685,
        0.9326619505882263,
        0.9329527020454407,
        0.9330071210861206,
        0.9331077933311462,
        0.9331312775611877,
        0.9331167340278625,
        0.933120846748352,
        0.9332647323608398,
        0.933333694934845,
        0.9334093928337097
    ],
    "val_loss": [
        0.2489023506641388,
        0.23341630399227142,
        0.2281087189912796,
        0.22385857999324799,
        0.22246719896793365,
        0.2226572483778,
        0.22112806141376495,
        0.2186087965965271,
        0.22098135948181152,
        0.21611739695072174,
        0.21516075730323792,
        0.21476759016513824,
        0.21405725181102753,
        0.21214789152145386,
        0.2132580280303955,
        0.21171699464321136,
        0.21017517149448395,
        0.20854070782661438,
        0.21033667027950287,
        0.20953652262687683,
        0.20944330096244812,
        0.20938685536384583,
        0.20881229639053345,
        0.20868368446826935,
        0.20825821161270142,
        0.20609281957149506,
        0.20546911656856537,
        0.20473389327526093,
        0.20585018396377563,
        0.20531293749809265,
        0.2062585949897766,
        0.20496608316898346,
        0.20444706082344055,
        0.2049414962530136,
        0.20396064221858978
    ],
    "val_binary_accuracy": [
        0.920836865901947,
        0.928758442401886,
        0.9302898645401001,
        0.9312906265258789,
        0.9317592978477478,
        0.932822048664093,
        0.93243807554245,
        0.932348906993866,
        0.9328129887580872,
        0.9325484037399292,
        0.9331591725349426,
        0.9330669641494751,
        0.9336217641830444,
        0.933459997177124,
        0.9334161877632141,
        0.9336399435997009,
        0.9340329766273499,
        0.9340677261352539,
        0.9330579042434692,
        0.933824360370636,
        0.933609664440155,
        0.9339498281478882,
        0.9341690540313721,
        0.9341282248497009,
        0.9343670606613159,
        0.9342536926269531,
        0.9339513182640076,
        0.9344320893287659,
        0.9336399435997009,
        0.9344653487205505,
        0.9342824220657349,
        0.9341886639595032,
        0.9343549609184265,
        0.9346179962158203,
        0.9343852400779724
    ]
}