{
    "loss": [
        0.37345489859580994,
        0.27613192796707153,
        0.2641535699367523,
        0.2580733597278595,
        0.2517680525779724,
        0.2436138391494751,
        0.23851843178272247,
        0.23475851118564606,
        0.2294798344373703,
        0.2282179594039917,
        0.22657939791679382,
        0.22517609596252441,
        0.2245936542749405,
        0.22390012443065643,
        0.22344490885734558,
        0.22327230870723724,
        0.22268959879875183,
        0.22302307188510895,
        0.22003301978111267,
        0.21975412964820862,
        0.21820954978466034,
        0.21923686563968658,
        0.2186375856399536,
        0.21796804666519165,
        0.21759796142578125,
        0.21770349144935608,
        0.21638964116573334,
        0.2160705029964447,
        0.21622945368289948,
        0.2168056070804596,
        0.2164412885904312,
        0.216667041182518,
        0.2156340330839157,
        0.21571658551692963,
        0.21565571427345276
    ],
    "binary_accuracy": [
        0.8476752638816833,
        0.9073681831359863,
        0.9157223701477051,
        0.9189791083335876,
        0.9215419888496399,
        0.9237149953842163,
        0.9244583249092102,
        0.9251129627227783,
        0.9254141449928284,
        0.925563633441925,
        0.925534188747406,
        0.9258462190628052,
        0.925999104976654,
        0.9261780381202698,
        0.9260732531547546,
        0.926176905632019,
        0.9263360500335693,
        0.9264330267906189,
        0.9265649914741516,
        0.9263163208961487,
        0.9264580011367798,
        0.9264289140701294,
        0.9263588190078735,
        0.926558256149292,
        0.9265377521514893,
        0.9265694618225098,
        0.9264423251152039,
        0.9267085194587708,
        0.9267193078994751,
        0.9265686869621277,
        0.9266171455383301,
        0.9268755316734314,
        0.9268490076065063,
        0.9267774820327759,
        0.9268732666969299
    ],
    "val_loss": [
        0.2758761942386627,
        0.24583357572555542,
        0.2387218177318573,
        0.23467619717121124,
        0.230351984500885,
        0.22375622391700745,
        0.2241106629371643,
        0.2204754799604416,
        0.21346469223499298,
        0.21388129889965057,
        0.2119729071855545,
        0.210097074508667,
        0.20786064863204956,
        0.2085009217262268,
        0.2089519500732422,
        0.2099248319864273,
        0.20951540768146515,
        0.20591343939304352,
        0.2044895738363266,
        0.2045544534921646,
        0.20538228750228882,
        0.20767049491405487,
        0.20523685216903687,
        0.203776016831398,
        0.20575189590454102,
        0.20305122435092926,
        0.20310582220554352,
        0.20219966769218445,
        0.20301775634288788,
        0.20233707129955292,
        0.20202139019966125,
        0.20315112173557281,
        0.20252779126167297,
        0.20294933021068573,
        0.2018396109342575
    ],
    "val_binary_accuracy": [
        0.9050329327583313,
        0.9227794408798218,
        0.9262610077857971,
        0.9283759593963623,
        0.9292513132095337,
        0.9306496381759644,
        0.9310094714164734,
        0.9304364919662476,
        0.9313919544219971,
        0.9307569861412048,
        0.930992841720581,
        0.931236207485199,
        0.9313330054283142,
        0.9315930008888245,
        0.9314402937889099,
        0.9315022826194763,
        0.9311696887016296,
        0.9315944910049438,
        0.9313828349113464,
        0.9313163757324219,
        0.9312120079994202,
        0.9317789673805237,
        0.9315990209579468,
        0.9317819476127625,
        0.9309852719306946,
        0.9314644932746887,
        0.931745707988739,
        0.9313889145851135,
        0.9317184686660767,
        0.9315778613090515,
        0.9318469762802124,
        0.9315446019172668,
        0.9315083622932434,
        0.9316580295562744,
        0.9315431118011475
    ]
}