{
    "loss": [
        0.2864072620868683,
        0.23256509006023407,
        0.2273073047399521,
        0.22378163039684296,
        0.2216576188802719,
        0.21915604174137115,
        0.21604545414447784,
        0.21462754905223846,
        0.2137073427438736,
        0.2121264636516571,
        0.21057817339897156,
        0.20907434821128845,
        0.20780718326568604,
        0.20668649673461914,
        0.2060057371854782,
        0.20442675054073334,
        0.20378443598747253,
        0.20312412083148956,
        0.20201797783374786,
        0.20082516968250275,
        0.20094625651836395,
        0.20025263726711273,
        0.199493408203125,
        0.1988828033208847,
        0.19834910333156586,
        0.19801051914691925,
        0.1971662938594818,
        0.19689808785915375,
        0.1960795819759369,
        0.1956462562084198,
        0.19570502638816833,
        0.1954786479473114,
        0.19534140825271606,
        0.19608552753925323,
        0.19512368738651276
    ],
    "binary_accuracy": [
        0.8990285396575928,
        0.9290324449539185,
        0.9307894110679626,
        0.9319260716438293,
        0.9323294162750244,
        0.9323868155479431,
        0.9328908324241638,
        0.933286726474762,
        0.9333635568618774,
        0.9332650899887085,
        0.9339585304260254,
        0.9339786171913147,
        0.9342522621154785,
        0.934330940246582,
        0.9343879818916321,
        0.9344416260719299,
        0.9344121813774109,
        0.9346451759338379,
        0.9346861839294434,
        0.9348886013031006,
        0.9348796606063843,
        0.9350056648254395,
        0.9350463151931763,
        0.9349024295806885,
        0.934929609298706,
        0.9351182579994202,
        0.9352110624313354,
        0.9352554082870483,
        0.9352442622184753,
        0.935420572757721,
        0.9352293610572815,
        0.9353061318397522,
        0.935458242893219,
        0.9354153871536255,
        0.9354384541511536
    ],
    "val_loss": [
        0.2311827838420868,
        0.22741419076919556,
        0.22207695245742798,
        0.2193354070186615,
        0.2173227071762085,
        0.21345990896224976,
        0.21011820435523987,
        0.21218597888946533,
        0.21017368137836456,
        0.20873761177062988,
        0.20637185871601105,
        0.20781050622463226,
        0.2061474323272705,
        0.2061777561903,
        0.20205052196979523,
        0.20109392702579498,
        0.20229335129261017,
        0.20227430760860443,
        0.1987973302602768,
        0.19885241985321045,
        0.19729666411876678,
        0.199974924325943,
        0.19734743237495422,
        0.1953817903995514,
        0.19621261954307556,
        0.19557036459445953,
        0.1958562582731247,
        0.19438740611076355,
        0.19494256377220154,
        0.1941460371017456,
        0.1945255547761917,
        0.19540296494960785,
        0.19411207735538483,
        0.1953442096710205,
        0.19291426241397858
    ],
    "val_binary_accuracy": [
        0.929472029209137,
        0.931969404220581,
        0.9325348138809204,
        0.9334585070610046,
        0.9329414963722229,
        0.9336550235748291,
        0.9346739649772644,
        0.9343383312225342,
        0.9337548017501831,
        0.9351259469985962,
        0.93497633934021,
        0.9346875548362732,
        0.9355190396308899,
        0.9355462193489075,
        0.9355235695838928,
        0.9354510307312012,
        0.9353874921798706,
        0.9353587627410889,
        0.9359619617462158,
        0.9357216358184814,
        0.9355220794677734,
        0.9360405802726746,
        0.9360768795013428,
        0.9359196424484253,
        0.9360300302505493,
        0.9362280368804932,
        0.936052680015564,
        0.9358682632446289,
        0.9359120726585388,
        0.9360617399215698,
        0.9356354475021362,
        0.936297595500946,
        0.9360315203666687,
        0.936087429523468,
        0.936391294002533
    ]
}