{
    "loss": [
        0.42362695932388306,
        0.2877579927444458,
        0.2566588222980499,
        0.24283279478549957,
        0.23522797226905823,
        0.22943982481956482,
        0.22597011923789978,
        0.22333908081054688,
        0.22079318761825562,
        0.2193603217601776,
        0.21816572546958923,
        0.2166847288608551,
        0.2153453677892685,
        0.2147485464811325,
        0.2133239358663559,
        0.21342812478542328,
        0.212311252951622,
        0.21181721985340118,
        0.2113502025604248,
        0.21043255925178528,
        0.2099551260471344,
        0.20923346281051636,
        0.2086143046617508,
        0.20762597024440765,
        0.20770813524723053,
        0.20702433586120605,
        0.20639976859092712,
        0.2057666778564453,
        0.2051788568496704,
        0.20521853864192963,
        0.20476973056793213,
        0.20467709004878998,
        0.20402342081069946,
        0.20380620658397675,
        0.20395904779434204
    ],
    "binary_accuracy": [
        0.815399169921875,
        0.9023746848106384,
        0.9154942631721497,
        0.9217123985290527,
        0.9249101281166077,
        0.9268814921379089,
        0.9282719492912292,
        0.9293191432952881,
        0.9301985502243042,
        0.9306850433349609,
        0.9311532378196716,
        0.9315972328186035,
        0.9320476055145264,
        0.9321866035461426,
        0.9325396418571472,
        0.9326563477516174,
        0.9328379034996033,
        0.9330022931098938,
        0.9331279397010803,
        0.9333672523498535,
        0.9335182309150696,
        0.9335987567901611,
        0.933559238910675,
        0.9338395595550537,
        0.9339185953140259,
        0.9340222477912903,
        0.9340968132019043,
        0.9341601729393005,
        0.9342168569564819,
        0.9343066811561584,
        0.9342895150184631,
        0.9344502091407776,
        0.9344945549964905,
        0.9344953298568726,
        0.9345866441726685
    ],
    "val_loss": [
        0.30331552028656006,
        0.26004618406295776,
        0.2413509488105774,
        0.23174144327640533,
        0.22694434225559235,
        0.22248604893684387,
        0.21957744657993317,
        0.21798790991306305,
        0.2160428911447525,
        0.21568606793880463,
        0.2140910029411316,
        0.2134101688861847,
        0.21323466300964355,
        0.21080313622951508,
        0.2098264992237091,
        0.2101062536239624,
        0.21104001998901367,
        0.2077755630016327,
        0.20946647226810455,
        0.2080036699771881,
        0.20629820227622986,
        0.20633986592292786,
        0.20673362910747528,
        0.20558032393455505,
        0.2043704092502594,
        0.20447900891304016,
        0.20573538541793823,
        0.20396080613136292,
        0.2043146789073944,
        0.20422405004501343,
        0.20293915271759033,
        0.202842578291893,
        0.20250225067138672,
        0.2010379284620285,
        0.2015988975763321
    ],
    "val_binary_accuracy": [
        0.8945443630218506,
        0.912445068359375,
        0.9215368032455444,
        0.9246358871459961,
        0.9272210001945496,
        0.9293087124824524,
        0.9297139048576355,
        0.9304848909378052,
        0.9311062097549438,
        0.9322022199630737,
        0.932483434677124,
        0.9331123232841492,
        0.9333723187446594,
        0.9336611032485962,
        0.9330926537513733,
        0.9342204332351685,
        0.93391352891922,
        0.934108555316925,
        0.9341856837272644,
        0.9342899918556213,
        0.9340783357620239,
        0.9344139099121094,
        0.9339029788970947,
        0.9349173307418823,
        0.9351562261581421,
        0.9347676634788513,
        0.9349098205566406,
        0.9350216388702393,
        0.9352453947067261,
        0.9352061152458191,
        0.9353073835372925,
        0.9349173307418823,
        0.935314953327179,
        0.9352983236312866,
        0.9355568289756775
    ]
}