{
    "loss": [
        0.33581188321113586,
        0.2605266273021698,
        0.25021570920944214,
        0.24526378512382507,
        0.2416999787092209,
        0.23932629823684692,
        0.23670099675655365,
        0.23392699658870697,
        0.23145584762096405,
        0.2304690033197403,
        0.22699865698814392,
        0.2263304889202118,
        0.22509469091892242,
        0.222236767411232,
        0.22160521149635315,
        0.2211485207080841,
        0.21844330430030823,
        0.21819058060646057,
        0.21712037920951843,
        0.2169669270515442,
        0.21563446521759033,
        0.21362139284610748,
        0.21338887512683868,
        0.21223391592502594,
        0.211528018116951,
        0.21101704239845276,
        0.21068432927131653,
        0.21034695208072662,
        0.21091078221797943,
        0.2105708122253418,
        0.20895428955554962,
        0.20944643020629883,
        0.2086445391178131,
        0.2071978598833084,
        0.20774395763874054
    ],
    "binary_accuracy": [
        0.8702812194824219,
        0.918003499507904,
        0.92264324426651,
        0.9241887927055359,
        0.9253973960876465,
        0.9258570671081543,
        0.926799476146698,
        0.9274317026138306,
        0.9275983572006226,
        0.9276136159896851,
        0.9286324381828308,
        0.9290794134140015,
        0.9290730953216553,
        0.9297403693199158,
        0.9299178123474121,
        0.9300587773323059,
        0.9306004047393799,
        0.9307659268379211,
        0.9304978847503662,
        0.9307167530059814,
        0.9309858679771423,
        0.9312095642089844,
        0.9313064813613892,
        0.9313552975654602,
        0.9315163493156433,
        0.9314108490943909,
        0.9315480589866638,
        0.9315916895866394,
        0.9316241145133972,
        0.9313359260559082,
        0.9318056702613831,
        0.9317478537559509,
        0.9320129156112671,
        0.9320833683013916,
        0.9320449829101562
    ],
    "val_loss": [
        0.2623630464076996,
        0.24807076156139374,
        0.24000714719295502,
        0.24255268275737762,
        0.23588550090789795,
        0.23183926939964294,
        0.2334398776292801,
        0.22931288182735443,
        0.230000302195549,
        0.22452327609062195,
        0.22594530880451202,
        0.22431045770645142,
        0.21924982964992523,
        0.21875816583633423,
        0.21923741698265076,
        0.21471594274044037,
        0.21183350682258606,
        0.21531441807746887,
        0.21296636760234833,
        0.21246586740016937,
        0.20862197875976562,
        0.21120375394821167,
        0.2066172957420349,
        0.2108263373374939,
        0.207307368516922,
        0.20666693150997162,
        0.20906813442707062,
        0.20753401517868042,
        0.20851653814315796,
        0.20584021508693695,
        0.20487086474895477,
        0.2079181671142578,
        0.20319052040576935,
        0.20164735615253448,
        0.20261310040950775
    ],
    "val_binary_accuracy": [
        0.9161942601203918,
        0.9239087104797363,
        0.925542950630188,
        0.9276246428489685,
        0.9283941388130188,
        0.927068293094635,
        0.9293087124824524,
        0.9295430779457092,
        0.9288930296897888,
        0.9288294911384583,
        0.9300857782363892,
        0.9301522970199585,
        0.9311651587486267,
        0.9313511252403259,
        0.9308280348777771,
        0.9319543242454529,
        0.9322415590286255,
        0.9320192933082581,
        0.9303140640258789,
        0.9323080778121948,
        0.9327706694602966,
        0.9323080778121948,
        0.932522714138031,
        0.9324078559875488,
        0.9329475164413452,
        0.9330896139144897,
        0.9329686760902405,
        0.9331772923469543,
        0.9329898357391357,
        0.9327661395072937,
        0.932732880115509,
        0.9333178997039795,
        0.9334827065467834,
        0.932976245880127,
        0.9330609440803528
    ]
}