{
    "loss": [
        0.40324831008911133,
        0.26848703622817993,
        0.2502944767475128,
        0.24132972955703735,
        0.23597650229930878,
        0.23283810913562775,
        0.23152637481689453,
        0.22940611839294434,
        0.2282550036907196,
        0.227736234664917,
        0.2264743149280548,
        0.2260397970676422,
        0.2249019294977188,
        0.22427204251289368,
        0.22379101812839508,
        0.2231319546699524,
        0.22237306833267212,
        0.22152860462665558,
        0.2207888513803482,
        0.21998988091945648,
        0.2196231633424759,
        0.2189437747001648,
        0.21738603711128235,
        0.21719872951507568,
        0.2163236290216446,
        0.21571777760982513,
        0.21537965536117554,
        0.2146093100309372,
        0.2138005942106247,
        0.21354632079601288,
        0.21302290260791779,
        0.21335725486278534,
        0.21169961988925934,
        0.2112293243408203,
        0.2105388045310974
    ],
    "binary_accuracy": [
        0.8273981809616089,
        0.9120507836341858,
        0.9210667014122009,
        0.9249854683876038,
        0.9274649024009705,
        0.9288867115974426,
        0.9297038316726685,
        0.930293619632721,
        0.9305750727653503,
        0.9310567378997803,
        0.9313989281654358,
        0.9314652681350708,
        0.9316911697387695,
        0.9319338798522949,
        0.9320904612541199,
        0.932296633720398,
        0.9324471950531006,
        0.9325989484786987,
        0.9326246380805969,
        0.9326555728912354,
        0.9328867197036743,
        0.9329184293746948,
        0.9329966902732849,
        0.933258056640625,
        0.9332640171051025,
        0.9332777857780457,
        0.9334433078765869,
        0.9334887862205505,
        0.9335782527923584,
        0.9336267113685608,
        0.9336531758308411,
        0.9337355494499207,
        0.9338086247444153,
        0.9337967038154602,
        0.9339797496795654
    ],
    "val_loss": [
        0.27421894669532776,
        0.2459048330783844,
        0.2377636730670929,
        0.23147769272327423,
        0.22979407012462616,
        0.22742009162902832,
        0.22653166949748993,
        0.2259484976530075,
        0.2249610275030136,
        0.22359104454517365,
        0.2230687141418457,
        0.22358067333698273,
        0.2218797355890274,
        0.2220507264137268,
        0.21989794075489044,
        0.22093604505062103,
        0.21983101963996887,
        0.2177237719297409,
        0.21834886074066162,
        0.21853739023208618,
        0.21843916177749634,
        0.21701309084892273,
        0.21464389562606812,
        0.21530868113040924,
        0.21371963620185852,
        0.2140999287366867,
        0.21302568912506104,
        0.21177445352077484,
        0.21105711162090302,
        0.20997169613838196,
        0.21089200675487518,
        0.21169273555278778,
        0.2086382806301117,
        0.20832711458206177,
        0.20801283419132233
    ],
    "val_binary_accuracy": [
        0.9056920409202576,
        0.9206100702285767,
        0.9258573651313782,
        0.9285256266593933,
        0.9301643967628479,
        0.9308673739433289,
        0.9319482445716858,
        0.9324789047241211,
        0.9325363636016846,
        0.9328643679618835,
        0.9331803321838379,
        0.9332014918327332,
        0.9330609440803528,
        0.9334055781364441,
        0.9334312677383423,
        0.9333798885345459,
        0.9337472319602966,
        0.9339392185211182,
        0.933963418006897,
        0.9337865710258484,
        0.9340269565582275,
        0.934212863445282,
        0.9342672824859619,
        0.9342914819717407,
        0.9342778921127319,
        0.9345696568489075,
        0.9342430830001831,
        0.934701144695282,
        0.9345923066139221,
        0.9344865083694458,
        0.9346799850463867,
        0.9347495436668396,
        0.9346694350242615,
        0.9348583817481995,
        0.9345756769180298
    ]
}