{
    "loss": [
        0.6525045037269592,
        0.5559230446815491,
        0.4965319335460663,
        0.45832887291908264,
        0.4252576529979706,
        0.3958040773868561,
        0.3736291229724884,
        0.35642948746681213,
        0.34245404601097107,
        0.33125603199005127,
        0.32199400663375854,
        0.3149924874305725,
        0.3081812262535095,
        0.3030185401439667,
        0.2977235019207001,
        0.29390567541122437,
        0.29022690653800964,
        0.286928653717041,
        0.28412342071533203,
        0.28166502714157104,
        0.2788855731487274,
        0.2774426341056824,
        0.2754182815551758,
        0.27350300550460815,
        0.2722555696964264,
        0.27033668756484985,
        0.2691182494163513,
        0.2675081491470337,
        0.26635676622390747,
        0.2649097144603729,
        0.2639258801937103,
        0.26272037625312805,
        0.26140156388282776,
        0.26064053177833557,
        0.2594932019710541
    ],
    "binary_accuracy": [
        0.6080306172370911,
        0.7182782292366028,
        0.762570858001709,
        0.799730122089386,
        0.8281989097595215,
        0.8473319411277771,
        0.8598591685295105,
        0.8678998351097107,
        0.8741597533226013,
        0.8796602487564087,
        0.8840230107307434,
        0.8878123760223389,
        0.8910523056983948,
        0.893582820892334,
        0.8961416482925415,
        0.8980234861373901,
        0.899753212928772,
        0.9011332988739014,
        0.9026002287864685,
        0.9038687944412231,
        0.9048917293548584,
        0.9059866070747375,
        0.907128095626831,
        0.9081555008888245,
        0.9091572165489197,
        0.9097223281860352,
        0.9106982946395874,
        0.9115419387817383,
        0.912110447883606,
        0.9129786491394043,
        0.913557231426239,
        0.9141969084739685,
        0.9148556590080261,
        0.9152228832244873,
        0.9157783389091492
    ],
    "val_loss": [
        0.5926380753517151,
        0.5067959427833557,
        0.4597991704940796,
        0.4263784885406494,
        0.39535441994667053,
        0.36953556537628174,
        0.3500233590602875,
        0.3347318172454834,
        0.3227728009223938,
        0.3125222325325012,
        0.3048936426639557,
        0.29779040813446045,
        0.2929636240005493,
        0.2875807285308838,
        0.2840733230113983,
        0.28045111894607544,
        0.27661725878715515,
        0.27369943261146545,
        0.2713918089866638,
        0.2689415216445923,
        0.26698505878448486,
        0.2662418782711029,
        0.2638894319534302,
        0.262386679649353,
        0.2609920799732208,
        0.2600305676460266,
        0.25910601019859314,
        0.25712746381759644,
        0.2567282021045685,
        0.2561866343021393,
        0.2546846568584442,
        0.25322777032852173,
        0.2523740828037262,
        0.2522716522216797,
        0.25102075934410095
    ],
    "val_binary_accuracy": [
        0.7069156765937805,
        0.7502834796905518,
        0.7999582886695862,
        0.8312652707099915,
        0.8521773815155029,
        0.8636168241500854,
        0.8721628189086914,
        0.8777729272842407,
        0.8831925988197327,
        0.8876522779464722,
        0.8917763233184814,
        0.8949888348579407,
        0.8974651098251343,
        0.8997538685798645,
        0.9022074937820435,
        0.903935432434082,
        0.9047850370407104,
        0.9060216546058655,
        0.9074910283088684,
        0.9087201356887817,
        0.9089423418045044,
        0.910854697227478,
        0.9113369584083557,
        0.9122999310493469,
        0.9129878282546997,
        0.9139280915260315,
        0.9152569770812988,
        0.9154806733131409,
        0.915486752986908,
        0.9170256853103638,
        0.9173129200935364,
        0.9178632497787476,
        0.918359100818634,
        0.9186810851097107,
        0.9191164970397949
    ]
}