{
    "loss": [
        0.5205658674240112,
        0.34327608346939087,
        0.2902621328830719,
        0.26973846554756165,
        0.25855472683906555,
        0.252174437046051,
        0.24735897779464722,
        0.24489007890224457,
        0.2424016147851944,
        0.2410915046930313,
        0.23967471718788147,
        0.23930975794792175,
        0.2376599907875061,
        0.23672354221343994,
        0.23593541979789734,
        0.23520949482917786,
        0.2346668541431427,
        0.23357443511486053,
        0.23300272226333618,
        0.2331170290708542,
        0.232295960187912,
        0.23114228248596191,
        0.23089911043643951,
        0.23029446601867676,
        0.2292957901954651,
        0.2289561778306961,
        0.22725139558315277,
        0.2269372045993805,
        0.22617971897125244,
        0.2251635193824768,
        0.2245626002550125,
        0.22437015175819397,
        0.22310009598731995,
        0.22319939732551575,
        0.22241640090942383
    ],
    "binary_accuracy": [
        0.7358806133270264,
        0.8710600137710571,
        0.9000141620635986,
        0.9116601347923279,
        0.9171173572540283,
        0.9205906391143799,
        0.9227334260940552,
        0.9237675666809082,
        0.9251517057418823,
        0.9258753061294556,
        0.9264020323753357,
        0.9270395040512085,
        0.9273720383644104,
        0.9277854561805725,
        0.9279726147651672,
        0.9282134175300598,
        0.9284303784370422,
        0.9286742210388184,
        0.9289049506187439,
        0.9291137456893921,
        0.9291506409645081,
        0.9293556809425354,
        0.9295431971549988,
        0.9295868277549744,
        0.9297232627868652,
        0.929813802242279,
        0.9299793243408203,
        0.930044949054718,
        0.9301243424415588,
        0.9302671551704407,
        0.9304609894752502,
        0.9305813908576965,
        0.9306302666664124,
        0.9307901859283447,
        0.9308773875236511
    ],
    "val_loss": [
        0.38164758682250977,
        0.29296237230300903,
        0.26679760217666626,
        0.25310471653938293,
        0.24728569388389587,
        0.24265335500240326,
        0.24011743068695068,
        0.23749500513076782,
        0.23617729544639587,
        0.2348397672176361,
        0.23373675346374512,
        0.23440542817115784,
        0.2322327196598053,
        0.23171842098236084,
        0.22975584864616394,
        0.23121915757656097,
        0.22978457808494568,
        0.22952765226364136,
        0.22840391099452972,
        0.22723135352134705,
        0.22699297964572906,
        0.2261468917131424,
        0.22608111798763275,
        0.22553911805152893,
        0.224734365940094,
        0.2243834137916565,
        0.2223837673664093,
        0.22189651429653168,
        0.22246083617210388,
        0.2219875454902649,
        0.22072528302669525,
        0.21947216987609863,
        0.21996615827083588,
        0.21955540776252747,
        0.21812556684017181
    ],
    "val_binary_accuracy": [
        0.851081371307373,
        0.8947016000747681,
        0.9126431345939636,
        0.9174293279647827,
        0.9215307235717773,
        0.9243970513343811,
        0.9252768754959106,
        0.9266752600669861,
        0.9273041486740112,
        0.9279602766036987,
        0.9283124804496765,
        0.929092526435852,
        0.9296141266822815,
        0.9296262264251709,
        0.9294992089271545,
        0.9302626252174377,
        0.930643618106842,
        0.9305559396743774,
        0.9308673739433289,
        0.9308174848556519,
        0.9307358264923096,
        0.9308310747146606,
        0.931435763835907,
        0.9313874244689941,
        0.931181788444519,
        0.9317532181739807,
        0.9315521717071533,
        0.9318363666534424,
        0.931969404220581,
        0.932045042514801,
        0.9320933818817139,
        0.9320299029350281,
        0.9325348138809204,
        0.9325257539749146,
        0.9326512217521667
    ]
}