{
    "loss": [
        0.5421955585479736,
        0.4167620539665222,
        0.34952765703201294,
        0.3129795491695404,
        0.2915174663066864,
        0.2773548662662506,
        0.2685188353061676,
        0.2621046006679535,
        0.25672075152397156,
        0.25280413031578064,
        0.24959373474121094,
        0.246699720621109,
        0.24466708302497864,
        0.2424056977033615,
        0.24048413336277008,
        0.23890016973018646,
        0.23770920932292938,
        0.23600022494792938,
        0.2359129935503006,
        0.23455612361431122,
        0.2338399589061737,
        0.23283517360687256,
        0.23246285319328308,
        0.23164618015289307,
        0.2310483157634735,
        0.23101164400577545,
        0.23050181567668915,
        0.2301078885793686,
        0.22943812608718872,
        0.2292812317609787,
        0.22872871160507202,
        0.22831463813781738,
        0.22819404304027557,
        0.22803014516830444,
        0.22768288850784302
    ],
    "binary_accuracy": [
        0.7220978140830994,
        0.8355674743652344,
        0.8754439949989319,
        0.8916811943054199,
        0.9012003540992737,
        0.9075400233268738,
        0.9119855761528015,
        0.9154763221740723,
        0.9178793430328369,
        0.9196128249168396,
        0.9212818145751953,
        0.9227375388145447,
        0.9237489104270935,
        0.9246514439582825,
        0.92536461353302,
        0.9259655475616455,
        0.9266473650932312,
        0.9270063638687134,
        0.9273474812507629,
        0.9279815554618835,
        0.9282965660095215,
        0.9285702109336853,
        0.9288803935050964,
        0.9291763305664062,
        0.9293370246887207,
        0.9295088648796082,
        0.9297195076942444,
        0.9299536347389221,
        0.9299502968788147,
        0.9301366806030273,
        0.9302182793617249,
        0.9303349852561951,
        0.9305888414382935,
        0.9306000471115112,
        0.9307059049606323
    ],
    "val_loss": [
        0.4494531750679016,
        0.3592230975627899,
        0.31270915269851685,
        0.28586870431900024,
        0.27135005593299866,
        0.2602863609790802,
        0.2539786100387573,
        0.24980203807353973,
        0.24955961108207703,
        0.24284052848815918,
        0.23919609189033508,
        0.23829030990600586,
        0.23771820962429047,
        0.23407109081745148,
        0.23452280461788177,
        0.2322743684053421,
        0.2316238135099411,
        0.23223012685775757,
        0.22940891981124878,
        0.22912998497486115,
        0.22852763533592224,
        0.2282809615135193,
        0.2279641181230545,
        0.22645330429077148,
        0.22704418003559113,
        0.22579710185527802,
        0.22541052103042603,
        0.2257690578699112,
        0.22486722469329834,
        0.2247862070798874,
        0.2234005182981491,
        0.22463689744472504,
        0.22357599437236786,
        0.2232850342988968,
        0.22324799001216888
    ],
    "val_binary_accuracy": [
        0.8159844279289246,
        0.8720690608024597,
        0.8912139534950256,
        0.9005354642868042,
        0.9075484871864319,
        0.9119129180908203,
        0.916185200214386,
        0.9180703163146973,
        0.921674370765686,
        0.9232617020606995,
        0.922980546951294,
        0.925204336643219,
        0.9263184666633606,
        0.9264288544654846,
        0.9279798865318298,
        0.9272013306617737,
        0.9287493824958801,
        0.9287645220756531,
        0.9292134642601013,
        0.9297410845756531,
        0.9302036762237549,
        0.930483341217041,
        0.9306148886680603,
        0.9304863810539246,
        0.931186318397522,
        0.9310563206672668,
        0.9309157133102417,
        0.931335985660553,
        0.9313874244689941,
        0.9313843846321106,
        0.931596040725708,
        0.9319104552268982,
        0.9320828318595886,
        0.9318923354148865,
        0.9319936037063599
    ]
}