{
    "loss": [
        0.4742467701435089,
        0.3052881956100464,
        0.263438880443573,
        0.24772058427333832,
        0.24089279770851135,
        0.2370050549507141,
        0.2340797483921051,
        0.23265638947486877,
        0.23143169283866882,
        0.23004849255084991,
        0.2288782149553299,
        0.22826148569583893,
        0.22748449444770813,
        0.22533096373081207,
        0.2251528650522232,
        0.22413472831249237,
        0.2236402928829193,
        0.22276116907596588,
        0.22164636850357056,
        0.2208816260099411,
        0.21952605247497559,
        0.21923546493053436,
        0.21807919442653656,
        0.21732944250106812,
        0.21625827252864838,
        0.2156408727169037,
        0.21433687210083008,
        0.21381250023841858,
        0.21233204007148743,
        0.2120259702205658,
        0.21173152327537537,
        0.2108534872531891,
        0.21007652580738068,
        0.2095089703798294,
        0.2094649076461792
    ],
    "binary_accuracy": [
        0.7879648804664612,
        0.8946982026100159,
        0.9154509902000427,
        0.9227766990661621,
        0.9254991412162781,
        0.926885187625885,
        0.9277276992797852,
        0.92833012342453,
        0.928794264793396,
        0.9290775656700134,
        0.9293661117553711,
        0.9296796321868896,
        0.9299748539924622,
        0.9300841093063354,
        0.9303017854690552,
        0.9305676221847534,
        0.9307566285133362,
        0.9310060143470764,
        0.9311606884002686,
        0.9312676787376404,
        0.9315271973609924,
        0.9315648078918457,
        0.9315469264984131,
        0.9316226243972778,
        0.9317992925643921,
        0.9318887591362,
        0.9319987297058105,
        0.9319256544113159,
        0.9321680068969727,
        0.9321101903915405,
        0.9321802854537964,
        0.9323216080665588,
        0.9322574734687805,
        0.932374894618988,
        0.9323156476020813
    ],
    "val_loss": [
        0.3353864550590515,
        0.26127445697784424,
        0.24343764781951904,
        0.23527772724628448,
        0.23243050277233124,
        0.2288532555103302,
        0.22774498164653778,
        0.22895020246505737,
        0.2248886376619339,
        0.22475989162921906,
        0.22474463284015656,
        0.22456319630146027,
        0.22094856202602386,
        0.22030127048492432,
        0.21940581500530243,
        0.21876811981201172,
        0.21784745156764984,
        0.21731118857860565,
        0.21677838265895844,
        0.21699583530426025,
        0.21500155329704285,
        0.21435506641864777,
        0.21195335686206818,
        0.21191874146461487,
        0.21034091711044312,
        0.21169328689575195,
        0.21071036159992218,
        0.20876798033714294,
        0.20742030441761017,
        0.20665691792964935,
        0.20690509676933289,
        0.20661580562591553,
        0.2043367177248001,
        0.2049647867679596,
        0.20554310083389282
    ],
    "val_binary_accuracy": [
        0.8823354244232178,
        0.913547158241272,
        0.925178587436676,
        0.9264757037162781,
        0.929521918296814,
        0.9298574924468994,
        0.9308567643165588,
        0.9307010769844055,
        0.9313994646072388,
        0.9320208430290222,
        0.9319301247596741,
        0.9320812821388245,
        0.9319165349006653,
        0.932073712348938,
        0.9322717785835266,
        0.9327857494354248,
        0.9332423210144043,
        0.9336006045341492,
        0.9335310459136963,
        0.933485746383667,
        0.9335960745811462,
        0.9337230920791626,
        0.9339301586151123,
        0.933624804019928,
        0.9341493844985962,
        0.9339951872825623,
        0.9341342449188232,
        0.9342446327209473,
        0.9341856837272644,
        0.9343489408493042,
        0.9341040253639221,
        0.9341055154800415,
        0.9342990517616272,
        0.9341266751289368,
        0.9343867301940918
    ]
}