{
    "loss": [
        0.30929264426231384,
        0.23244629800319672,
        0.22230572998523712,
        0.21523210406303406,
        0.20826353132724762,
        0.19977925717830658,
        0.19695545732975006,
        0.19566823542118073,
        0.19439171254634857,
        0.19326628744602203,
        0.19286347925662994,
        0.19258001446723938,
        0.19140486419200897,
        0.1911439746618271,
        0.19055600464344025,
        0.19051356613636017,
        0.1900171935558319,
        0.1899401843547821,
        0.1895493119955063,
        0.1896442174911499,
        0.18912416696548462,
        0.1893456131219864,
        0.1886381208896637,
        0.1885771006345749,
        0.18798723816871643,
        0.18852943181991577,
        0.18833550810813904,
        0.18785755336284637,
        0.18826521933078766,
        0.18821462988853455
    ],
    "binary_accuracy": [
        0.885501503944397,
        0.9291219115257263,
        0.930912435054779,
        0.9320881962776184,
        0.9322891235351562,
        0.9330384731292725,
        0.9335708022117615,
        0.9338060021400452,
        0.9341930150985718,
        0.9342567324638367,
        0.9345098733901978,
        0.9344576597213745,
        0.9346145987510681,
        0.934733510017395,
        0.934749960899353,
        0.9348189234733582,
        0.9347529411315918,
        0.9349135756492615,
        0.9349378347396851,
        0.934890866279602,
        0.9350615739822388,
        0.9351682066917419,
        0.9350903034210205,
        0.935235321521759,
        0.9352189302444458,
        0.9351253509521484,
        0.9352487325668335,
        0.9352837800979614,
        0.9353083968162537,
        0.9351857304573059
    ],
    "val_loss": [
        0.2311243712902069,
        0.22439947724342346,
        0.22057630121707916,
        0.21109719574451447,
        0.200014129281044,
        0.19337110221385956,
        0.19142307341098785,
        0.19228403270244598,
        0.19172579050064087,
        0.1913834810256958,
        0.192360058426857,
        0.18877559900283813,
        0.188781276345253,
        0.18882697820663452,
        0.18770314753055573,
        0.18677307665348053,
        0.18855012953281403,
        0.18779930472373962,
        0.18898573517799377,
        0.18584047257900238,
        0.1884811967611313,
        0.18703345954418182,
        0.18608029186725616,
        0.18674533069133759,
        0.19194531440734863,
        0.186384379863739,
        0.1904609352350235,
        0.1868864744901657,
        0.18697060644626617,
        0.1864013671875
    ],
    "val_binary_accuracy": [
        0.9291998744010925,
        0.9319013953208923,
        0.9328401684761047,
        0.9336535334587097,
        0.9334902763366699,
        0.9346029162406921,
        0.9352544546127319,
        0.9348644614219666,
        0.9348825812339783,
        0.9355235695838928,
        0.9353376030921936,
        0.9354570508003235,
        0.9359181523323059,
        0.9357064962387085,
        0.9353225231170654,
        0.9358425736427307,
        0.9358213543891907,
        0.9355009198188782,
        0.9359937310218811,
        0.9360557198524475,
        0.9356475472450256,
        0.936141848564148,
        0.9360814094543457,
        0.9361796975135803,
        0.9349974989891052,
        0.9360194206237793,
        0.9361116290092468,
        0.9361932873725891,
        0.936237096786499,
        0.9363202452659607
    ]
}