{
    "loss": [
        0.3783397674560547,
        0.2632877826690674,
        0.24642984569072723,
        0.23980313539505005,
        0.23636771738529205,
        0.23361395299434662,
        0.23126859962940216,
        0.23000048100948334,
        0.2279646247625351,
        0.22724510729312897,
        0.22569753229618073,
        0.2249337136745453,
        0.22357547283172607,
        0.22222444415092468,
        0.22127513587474823,
        0.22071318328380585,
        0.21919742226600647,
        0.21803398430347443,
        0.21652856469154358,
        0.21575720608234406,
        0.2148875743150711,
        0.21419019997119904,
        0.21358950436115265,
        0.2125365138053894,
        0.2115916758775711,
        0.2115219384431839,
        0.21057330071926117,
        0.2100212723016739,
        0.20953373610973358,
        0.20882338285446167,
        0.20830315351486206,
        0.2079659253358841,
        0.20751290023326874,
        0.20658138394355774,
        0.20635586977005005
    ],
    "binary_accuracy": [
        0.8455802202224731,
        0.9153193831443787,
        0.9232098460197449,
        0.9257899522781372,
        0.9274075031280518,
        0.9285277128219604,
        0.9292960166931152,
        0.929858922958374,
        0.9302921295166016,
        0.9307442903518677,
        0.9312013387680054,
        0.931517481803894,
        0.9318112134933472,
        0.9320334196090698,
        0.932384192943573,
        0.9325452446937561,
        0.9326351284980774,
        0.9328039884567261,
        0.9328904747962952,
        0.9330824613571167,
        0.9332826137542725,
        0.9332460761070251,
        0.9333508610725403,
        0.9335241913795471,
        0.9335625767707825,
        0.9337970614433289,
        0.9338630437850952,
        0.9338921308517456,
        0.9339883327484131,
        0.933854877948761,
        0.9341784715652466,
        0.9341732263565063,
        0.9341049790382385,
        0.934312641620636,
        0.9343607425689697
    ],
    "val_loss": [
        0.2707943618297577,
        0.24517470598220825,
        0.23481296002864838,
        0.23070232570171356,
        0.2290535271167755,
        0.22695118188858032,
        0.2270914763212204,
        0.2236950546503067,
        0.2234998196363449,
        0.223384290933609,
        0.2224605828523636,
        0.22092090547084808,
        0.2208908349275589,
        0.2189617156982422,
        0.2191770225763321,
        0.21807998418807983,
        0.2139906883239746,
        0.21376484632492065,
        0.21471242606639862,
        0.21130086481571198,
        0.21160486340522766,
        0.21030345559120178,
        0.21097572147846222,
        0.21102231740951538,
        0.20922888815402985,
        0.2097417712211609,
        0.21037577092647552,
        0.2091129720211029,
        0.20774662494659424,
        0.206991508603096,
        0.20558476448059082,
        0.20623530447483063,
        0.20458228886127472,
        0.2049368917942047,
        0.2045893669128418
    ],
    "val_binary_accuracy": [
        0.9064237475395203,
        0.9243003129959106,
        0.9268898963928223,
        0.9280887246131897,
        0.9290592670440674,
        0.9298091530799866,
        0.9312664866447449,
        0.930747926235199,
        0.9317426681518555,
        0.9322143197059631,
        0.9324864745140076,
        0.9327616095542908,
        0.9331954717636108,
        0.9329611659049988,
        0.9339059591293335,
        0.9325212240219116,
        0.9330488443374634,
        0.9337986707687378,
        0.9338878393173218,
        0.9338032007217407,
        0.9340012073516846,
        0.9340617060661316,
        0.9330654740333557,
        0.9341705441474915,
        0.9345152378082275,
        0.9348704814910889,
        0.9347283840179443,
        0.93490070104599,
        0.9349687695503235,
        0.9347525835037231,
        0.9349460601806641,
        0.9351032972335815,
        0.9349143505096436,
        0.9351713061332703,
        0.9350050091743469
    ]
}