{
    "loss": [
        0.39144372940063477,
        0.2596254348754883,
        0.24077211320400238,
        0.23396795988082886,
        0.23032131791114807,
        0.22786478698253632,
        0.22495070099830627,
        0.22258605062961578,
        0.2213149517774582,
        0.2199161946773529,
        0.21798522770404816,
        0.21741428971290588,
        0.21616069972515106,
        0.21467655897140503,
        0.2130502611398697,
        0.21258628368377686,
        0.211794912815094,
        0.21117599308490753,
        0.20940569043159485,
        0.20910775661468506,
        0.2079317420721054,
        0.2077014297246933,
        0.20696832239627838,
        0.20601266622543335,
        0.2052370309829712,
        0.2046135514974594,
        0.20395392179489136,
        0.20399339497089386,
        0.2035631686449051,
        0.20287252962589264,
        0.20252466201782227,
        0.20210111141204834,
        0.2019096314907074,
        0.20135407149791718,
        0.20131927728652954
    ],
    "binary_accuracy": [
        0.8371130228042603,
        0.91643887758255,
        0.9251733422279358,
        0.9281184077262878,
        0.9295275211334229,
        0.9301851391792297,
        0.9307230710983276,
        0.9312446117401123,
        0.931757926940918,
        0.9319454431533813,
        0.9321776628494263,
        0.9322981238365173,
        0.9328084588050842,
        0.932773768901825,
        0.9329981803894043,
        0.9329620599746704,
        0.933380663394928,
        0.9335182309150696,
        0.9334045648574829,
        0.9334615468978882,
        0.9338429570198059,
        0.9339283108711243,
        0.9337836503982544,
        0.9339596033096313,
        0.9340184926986694,
        0.9341080188751221,
        0.9341538548469543,
        0.9341467618942261,
        0.9343689680099487,
        0.9341505169868469,
        0.9343305230140686,
        0.934479296207428,
        0.9345254898071289,
        0.9344584345817566,
        0.9344778060913086
    ],
    "val_loss": [
        0.27393582463264465,
        0.23967906832695007,
        0.23109887540340424,
        0.2286982387304306,
        0.22690032422542572,
        0.2221614271402359,
        0.21993635594844818,
        0.2213887721300125,
        0.21857106685638428,
        0.21741124987602234,
        0.2164992094039917,
        0.2137700766324997,
        0.21277865767478943,
        0.21188150346279144,
        0.2106911838054657,
        0.20789484679698944,
        0.21016289293766022,
        0.20926785469055176,
        0.20702847838401794,
        0.20485050976276398,
        0.20381776988506317,
        0.20709076523780823,
        0.20388789474964142,
        0.2050916850566864,
        0.20543482899665833,
        0.20079056918621063,
        0.20416848361492157,
        0.20116952061653137,
        0.2019663155078888,
        0.20053677260875702,
        0.2035249024629593,
        0.2005881816148758,
        0.20100818574428558,
        0.2005278766155243,
        0.1992906630039215
    ],
    "val_binary_accuracy": [
        0.9095047116279602,
        0.9249292016029358,
        0.9290850162506104,
        0.9299391508102417,
        0.9316186904907227,
        0.9320510625839233,
        0.9312422871589661,
        0.9328023791313171,
        0.9331652522087097,
        0.9333798885345459,
        0.9328401684761047,
        0.9341146349906921,
        0.9332392811775208,
        0.9337608814239502,
        0.9339861273765564,
        0.934008777141571,
        0.9342144131660461,
        0.9343549609184265,
        0.9341493844985962,
        0.9349657297134399,
        0.9344199895858765,
        0.9350685477256775,
        0.9350942373275757,
        0.9347661733627319,
        0.9351350665092468,
        0.9347813129425049,
        0.9348372220993042,
        0.9349581599235535,
        0.9350881576538086,
        0.9350246787071228,
        0.9355507493019104,
        0.9355250597000122,
        0.93539959192276,
        0.9355764985084534,
        0.9355356693267822
    ]
}