{
    "loss": [
        0.5880637764930725,
        0.45982033014297485,
        0.3954140841960907,
        0.35993796586990356,
        0.33773356676101685,
        0.31747111678123474,
        0.29889506101608276,
        0.2893740236759186,
        0.2828431725502014,
        0.2791215181350708,
        0.276654988527298,
        0.2747756540775299,
        0.2730717062950134,
        0.2714473307132721,
        0.2710142731666565,
        0.27007097005844116,
        0.2693338692188263,
        0.26884743571281433,
        0.2687373757362366,
        0.2673969566822052,
        0.26748910546302795,
        0.2671993374824524,
        0.26695016026496887,
        0.2665584087371826,
        0.26569658517837524,
        0.26563310623168945,
        0.26521962881088257,
        0.2650478184223175,
        0.2653465270996094,
        0.2640608549118042,
        0.26399487257003784,
        0.2634662985801697,
        0.2630508840084076,
        0.2623016834259033,
        0.2618435323238373
    ],
    "binary_accuracy": [
        0.6792248487472534,
        0.7976298332214355,
        0.8453308343887329,
        0.8633484840393066,
        0.8739517331123352,
        0.8838869333267212,
        0.894784688949585,
        0.8999835848808289,
        0.9043101668357849,
        0.9061193466186523,
        0.9077096581459045,
        0.9087672829627991,
        0.9095314741134644,
        0.9103706479072571,
        0.9106185436248779,
        0.9110614061355591,
        0.9113555550575256,
        0.9117346405982971,
        0.9119452834129333,
        0.9121156334877014,
        0.912335216999054,
        0.9127531051635742,
        0.9126774668693542,
        0.9129007458686829,
        0.9132653474807739,
        0.9131195545196533,
        0.9133954644203186,
        0.9135952591896057,
        0.9136422276496887,
        0.9139982461929321,
        0.9143367409706116,
        0.9143147468566895,
        0.9148105382919312,
        0.9151259064674377,
        0.9154215455055237
    ],
    "val_loss": [
        0.4924434721469879,
        0.40138593316078186,
        0.3567970395088196,
        0.3296069800853729,
        0.3131893575191498,
        0.2930830419063568,
        0.276761531829834,
        0.2697209417819977,
        0.26648005843162537,
        0.26493024826049805,
        0.26170462369918823,
        0.26018577814102173,
        0.25872358679771423,
        0.2577711343765259,
        0.2581866979598999,
        0.25571829080581665,
        0.25628307461738586,
        0.25551486015319824,
        0.25446340441703796,
        0.25517749786376953,
        0.25319036841392517,
        0.2532959580421448,
        0.2525829076766968,
        0.2525729537010193,
        0.2531619668006897,
        0.25271016359329224,
        0.2519194483757019,
        0.2548149526119232,
        0.2523137331008911,
        0.25249576568603516,
        0.25115907192230225,
        0.2513674199581146,
        0.2503983974456787,
        0.2508053779602051,
        0.2503613233566284
    ],
    "val_binary_accuracy": [
        0.7699862122535706,
        0.8428120613098145,
        0.8666478991508484,
        0.8774070739746094,
        0.8851684331893921,
        0.8971400856971741,
        0.9045007824897766,
        0.9095546007156372,
        0.9121548533439636,
        0.9118781685829163,
        0.914319634437561,
        0.9149818420410156,
        0.9148275852203369,
        0.9155290722846985,
        0.9166916012763977,
        0.9171632528305054,
        0.9177634716033936,
        0.9177967309951782,
        0.9183152318000793,
        0.9183349013328552,
        0.9186115264892578,
        0.9186402559280396,
        0.919086217880249,
        0.9191346168518066,
        0.9195957183837891,
        0.9187929630279541,
        0.9194641709327698,
        0.9188398122787476,
        0.9197604656219482,
        0.9192993640899658,
        0.9198874831199646,
        0.9197105765342712,
        0.9203817844390869,
        0.9205073118209839,
        0.9204392433166504
    ]
}