{
    "loss": [
        0.4120047986507416,
        0.2931092381477356,
        0.2684536576271057,
        0.2513117790222168,
        0.2425365000963211,
        0.2381778508424759,
        0.23565147817134857,
        0.2338387817144394,
        0.23189392685890198,
        0.23043513298034668,
        0.2296103984117508,
        0.22831204533576965,
        0.2267356812953949,
        0.22552257776260376,
        0.22461138665676117,
        0.22319789230823517,
        0.22214065492153168,
        0.22160197794437408,
        0.22061549127101898,
        0.21918953955173492,
        0.21827541291713715,
        0.21691443026065826,
        0.21616314351558685,
        0.21550647914409637,
        0.21538017690181732,
        0.21447545289993286,
        0.21445833146572113,
        0.21339289844036102,
        0.21297259628772736,
        0.21198168396949768,
        0.21085886657238007,
        0.2103032022714615,
        0.2100711166858673,
        0.2090948522090912,
        0.2088848352432251
    ],
    "binary_accuracy": [
        0.8211916089057922,
        0.8985849022865295,
        0.9120820760726929,
        0.9212743639945984,
        0.9252374768257141,
        0.9271446466445923,
        0.9284166097640991,
        0.9290786981582642,
        0.9298436641693115,
        0.930266797542572,
        0.9306336045265198,
        0.9311376214027405,
        0.9311834573745728,
        0.9315946698188782,
        0.9317724704742432,
        0.9318373203277588,
        0.9321072101593018,
        0.9324427247047424,
        0.9323946237564087,
        0.932654857635498,
        0.9326194524765015,
        0.9327636957168579,
        0.9329915046691895,
        0.9330947399139404,
        0.9332572817802429,
        0.9332826137542725,
        0.9334865212440491,
        0.9334011673927307,
        0.9334589838981628,
        0.9334712624549866,
        0.9336002469062805,
        0.9336084723472595,
        0.9337508678436279,
        0.93382728099823,
        0.9338787198066711
    ],
    "val_loss": [
        0.3033655285835266,
        0.272530198097229,
        0.25143665075302124,
        0.23929256200790405,
        0.23531942069530487,
        0.23285840451717377,
        0.23024842143058777,
        0.22854921221733093,
        0.2266799509525299,
        0.22597895562648773,
        0.2249990999698639,
        0.22435793280601501,
        0.2233232706785202,
        0.22147199511528015,
        0.2202710211277008,
        0.2192436307668686,
        0.2188296914100647,
        0.2172812521457672,
        0.21537679433822632,
        0.21778129041194916,
        0.21473883092403412,
        0.21292220056056976,
        0.21207739412784576,
        0.21206562221050262,
        0.21201030910015106,
        0.2136775553226471,
        0.21059933304786682,
        0.2109106481075287,
        0.20927588641643524,
        0.20850971341133118,
        0.2078772336244583,
        0.206160306930542,
        0.2049778252840042,
        0.20593947172164917,
        0.20652145147323608
    ],
    "val_binary_accuracy": [
        0.8928391337394714,
        0.909344494342804,
        0.9201066493988037,
        0.9254975914955139,
        0.9282414317131042,
        0.9296972751617432,
        0.930459201335907,
        0.9303382635116577,
        0.9315400719642639,
        0.9322611689567566,
        0.9327011108398438,
        0.9322657585144043,
        0.9329097270965576,
        0.9330850839614868,
        0.9329913854598999,
        0.933210551738739,
        0.933514416217804,
        0.9335688948631287,
        0.9336474537849426,
        0.9344517588615417,
        0.9337850213050842,
        0.9340783357620239,
        0.9343202114105225,
        0.9341539144515991,
        0.9344668388366699,
        0.9346678853034973,
        0.9345832467079163,
        0.9345605969429016,
        0.9343791604042053,
        0.9342038035392761,
        0.9349581599235535,
        0.9344396591186523,
        0.9349460601806641,
        0.9345590472221375,
        0.9345802068710327
    ]
}