{
    "loss": [
        0.4654203951358795,
        0.3092724680900574,
        0.27147701382637024,
        0.2543538510799408,
        0.24576377868652344,
        0.23969829082489014,
        0.23547913134098053,
        0.2321700006723404,
        0.22956755757331848,
        0.22757013142108917,
        0.22580216825008392,
        0.22395674884319305,
        0.22260209918022156,
        0.22096234560012817,
        0.21951764822006226,
        0.21847902238368988,
        0.21818161010742188,
        0.21618877351284027,
        0.2155630886554718,
        0.21452488005161285,
        0.21400541067123413,
        0.21255376935005188,
        0.21164917945861816,
        0.21132048964500427,
        0.21039804816246033,
        0.20990599691867828,
        0.2091730386018753,
        0.2087443619966507,
        0.20794977247714996,
        0.20773032307624817,
        0.2078995257616043,
        0.20765478909015656,
        0.2072100043296814,
        0.2067868411540985,
        0.2068149894475937
    ],
    "binary_accuracy": [
        0.7904558181762695,
        0.8929579854011536,
        0.9095180630683899,
        0.9182480573654175,
        0.922681987285614,
        0.9252322316169739,
        0.9269709587097168,
        0.9280136227607727,
        0.9288177490234375,
        0.9295800924301147,
        0.9300401210784912,
        0.9303830862045288,
        0.9308311939239502,
        0.9311558604240417,
        0.9314250349998474,
        0.9316669702529907,
        0.9320166707038879,
        0.9321091175079346,
        0.9323189854621887,
        0.9325985908508301,
        0.9325538277626038,
        0.932811439037323,
        0.9328655004501343,
        0.9329344630241394,
        0.9331461787223816,
        0.9333020448684692,
        0.9333642721176147,
        0.9334694147109985,
        0.9334917664527893,
        0.9336751699447632,
        0.9335200786590576,
        0.9337799549102783,
        0.933743417263031,
        0.9338593482971191,
        0.933958888053894
    ],
    "val_loss": [
        0.3357017934322357,
        0.27389949560165405,
        0.2501490116119385,
        0.24053418636322021,
        0.2350432425737381,
        0.2298695594072342,
        0.2271355539560318,
        0.2243725061416626,
        0.22364819049835205,
        0.22036030888557434,
        0.22172480821609497,
        0.2182139903306961,
        0.2181689590215683,
        0.2170160412788391,
        0.21532855927944183,
        0.21610456705093384,
        0.21360903978347778,
        0.21185067296028137,
        0.21456706523895264,
        0.2113620936870575,
        0.21168293058872223,
        0.20795607566833496,
        0.20816439390182495,
        0.20902372896671295,
        0.20709505677223206,
        0.2077440321445465,
        0.20708128809928894,
        0.2046869695186615,
        0.20477785170078278,
        0.20495805144309998,
        0.20499303936958313,
        0.20342741906642914,
        0.20478013157844543,
        0.20303507149219513,
        0.20311963558197021
    ],
    "val_binary_accuracy": [
        0.8834404945373535,
        0.9057404398918152,
        0.9170982837677002,
        0.9222971796989441,
        0.9259934425354004,
        0.9278151392936707,
        0.9285301566123962,
        0.9299482107162476,
        0.9304455518722534,
        0.9304380416870117,
        0.9314630031585693,
        0.9315053224563599,
        0.9320903420448303,
        0.9325499534606934,
        0.9326315522193909,
        0.9327737092971802,
        0.9331092834472656,
        0.9333466291427612,
        0.9334312677383423,
        0.9334660768508911,
        0.9338863492012024,
        0.9337759613990784,
        0.9338274002075195,
        0.9341826438903809,
        0.9337820410728455,
        0.934223473072052,
        0.9344819784164429,
        0.9344441890716553,
        0.9344396591186523,
        0.9344426393508911,
        0.934472918510437,
        0.9347707033157349,
        0.9346407055854797,
        0.9350564479827881,
        0.9346316456794739
    ]
}