{
    "loss": [
        0.5828408002853394,
        0.4642268121242523,
        0.40985894203186035,
        0.37395235896110535,
        0.3476272523403168,
        0.32835325598716736,
        0.31331273913383484,
        0.3009549379348755,
        0.2909761071205139,
        0.28237733244895935,
        0.2757413983345032,
        0.26974236965179443,
        0.265312522649765,
        0.26152920722961426,
        0.25783592462539673,
        0.25513067841529846,
        0.2526934742927551,
        0.25034675002098083,
        0.2485078126192093,
        0.24721850454807281,
        0.24575504660606384,
        0.24446487426757812,
        0.24340428411960602,
        0.24210506677627563,
        0.24111416935920715,
        0.24046947062015533,
        0.23981399834156036,
        0.23925791680812836,
        0.2379208356142044,
        0.2373671680688858,
        0.2369246929883957,
        0.23627445101737976,
        0.2356007844209671,
        0.23546792566776276,
        0.23483677208423615
    ],
    "binary_accuracy": [
        0.6906135082244873,
        0.8059262037277222,
        0.8397758603096008,
        0.85958331823349,
        0.8719289898872375,
        0.8802950978279114,
        0.887169361114502,
        0.8930392861366272,
        0.8980096578598022,
        0.9024052619934082,
        0.9062528014183044,
        0.9090356826782227,
        0.9118017554283142,
        0.9138498902320862,
        0.9158081412315369,
        0.9173946976661682,
        0.9185388088226318,
        0.9199005961418152,
        0.9208486080169678,
        0.9216374158859253,
        0.9222506880760193,
        0.9227062463760376,
        0.9233377575874329,
        0.923902153968811,
        0.9244020581245422,
        0.9246395230293274,
        0.9250376224517822,
        0.9253399968147278,
        0.92547607421875,
        0.925908088684082,
        0.9260132312774658,
        0.9261656999588013,
        0.9265597462654114,
        0.9265642166137695,
        0.9267558455467224
    ],
    "val_loss": [
        0.4918663203716278,
        0.4180521070957184,
        0.3745844066143036,
        0.3442458510398865,
        0.32031819224357605,
        0.30382803082466125,
        0.2927832305431366,
        0.2799740433692932,
        0.27304020524024963,
        0.2655845880508423,
        0.26096028089523315,
        0.25646260380744934,
        0.2524236738681793,
        0.24890680611133575,
        0.2462511509656906,
        0.24399785697460175,
        0.24261480569839478,
        0.24026091396808624,
        0.2390369027853012,
        0.23781736195087433,
        0.23697881400585175,
        0.23615120351314545,
        0.23465247452259064,
        0.23374418914318085,
        0.23433758318424225,
        0.23239772021770477,
        0.23367460072040558,
        0.23143792152404785,
        0.23116527497768402,
        0.22984227538108826,
        0.2292943149805069,
        0.22848834097385406,
        0.22959931194782257,
        0.22965016961097717,
        0.22802822291851044
    ],
    "val_binary_accuracy": [
        0.7858278751373291,
        0.8382208347320557,
        0.8607989549636841,
        0.874738872051239,
        0.8840603232383728,
        0.8907755613327026,
        0.8969480395317078,
        0.9006956815719604,
        0.9059399962425232,
        0.9094094634056091,
        0.9127187132835388,
        0.9154066443443298,
        0.9171980619430542,
        0.9190605282783508,
        0.9204574227333069,
        0.9218844771385193,
        0.9234083294868469,
        0.9240901470184326,
        0.9249654412269592,
        0.9257258772850037,
        0.9262126684188843,
        0.9268627166748047,
        0.9271438717842102,
        0.9273388981819153,
        0.928131103515625,
        0.9281386137008667,
        0.9285634160041809,
        0.9286783337593079,
        0.9291257858276367,
        0.9291257858276367,
        0.9295747876167297,
        0.9294840693473816,
        0.929895281791687,
        0.9298877120018005,
        0.9299693703651428
    ]
}