{
    "loss": [
        0.5602803826332092,
        0.42406806349754333,
        0.35116690397262573,
        0.31363317370414734,
        0.2924826443195343,
        0.27771928906440735,
        0.2676442861557007,
        0.26025456190109253,
        0.2547895610332489,
        0.25044873356819153,
        0.24704280495643616,
        0.24441775679588318,
        0.24221357703208923,
        0.24043098092079163,
        0.23968984186649323,
        0.2375803291797638,
        0.23613712191581726,
        0.23507441580295563,
        0.2341226041316986,
        0.23295845091342926,
        0.2320384979248047,
        0.23120680451393127,
        0.23042264580726624,
        0.23034058511257172,
        0.22933849692344666,
        0.22895188629627228,
        0.22808432579040527,
        0.22759556770324707,
        0.22716595232486725,
        0.22665737569332123,
        0.22632375359535217,
        0.22600434720516205,
        0.2256402224302292,
        0.22503305971622467,
        0.22474010288715363
    ],
    "binary_accuracy": [
        0.7089618444442749,
        0.83484947681427,
        0.8741891980171204,
        0.8890537619590759,
        0.8984872102737427,
        0.9056679010391235,
        0.910861611366272,
        0.9145808815956116,
        0.9175412058830261,
        0.9197626709938049,
        0.9214144945144653,
        0.9226763844490051,
        0.9238204956054688,
        0.9247256517410278,
        0.9252232909202576,
        0.9257694482803345,
        0.9264411926269531,
        0.9268411993980408,
        0.9272259473800659,
        0.927609920501709,
        0.9279226660728455,
        0.9281738996505737,
        0.9285910725593567,
        0.9287532567977905,
        0.9291062951087952,
        0.9293016195297241,
        0.9293586611747742,
        0.9295822978019714,
        0.9297854900360107,
        0.9299070239067078,
        0.9300136566162109,
        0.9301202893257141,
        0.9303614497184753,
        0.9305165410041809,
        0.9306846857070923
    ],
    "val_loss": [
        0.4664604365825653,
        0.36685624718666077,
        0.31645068526268005,
        0.28970518708229065,
        0.2732057571411133,
        0.26171180605888367,
        0.25232863426208496,
        0.24758237600326538,
        0.24362704157829285,
        0.23961585760116577,
        0.23758913576602936,
        0.23533815145492554,
        0.2337334305047989,
        0.23294970393180847,
        0.23088304698467255,
        0.23023909330368042,
        0.2290719747543335,
        0.22924365103244781,
        0.22774530947208405,
        0.22742468118667603,
        0.22665336728096008,
        0.2260226309299469,
        0.22682183980941772,
        0.22580532729625702,
        0.2249455600976944,
        0.22445178031921387,
        0.22369375824928284,
        0.22308196127414703,
        0.22264695167541504,
        0.22160792350769043,
        0.22175723314285278,
        0.22196343541145325,
        0.22163988649845123,
        0.22119776904582977,
        0.22046954929828644
    ],
    "val_binary_accuracy": [
        0.8060038089752197,
        0.8695459365844727,
        0.8847768902778625,
        0.8973668217658997,
        0.9056558012962341,
        0.9106234312057495,
        0.9143665432929993,
        0.9185919165611267,
        0.9208353161811829,
        0.9220764636993408,
        0.923553466796875,
        0.9250773191452026,
        0.9252920150756836,
        0.9267417788505554,
        0.9264636039733887,
        0.9275868535041809,
        0.9276351928710938,
        0.9286103248596191,
        0.928569495677948,
        0.9289700984954834,
        0.9292089343070984,
        0.9297093749046326,
        0.9299527406692505,
        0.9302233457565308,
        0.9304122924804688,
        0.9304122924804688,
        0.9305498600006104,
        0.9306269884109497,
        0.9304697513580322,
        0.9308341145515442,
        0.9310457706451416,
        0.9312936663627625,
        0.9313435554504395,
        0.9312392473220825,
        0.9312755465507507
    ]
}