{
    "loss": [
        0.3387119770050049,
        0.24563822150230408,
        0.23856599628925323,
        0.23502884805202484,
        0.23207178711891174,
        0.22904051840305328,
        0.2259943038225174,
        0.22364482283592224,
        0.22155815362930298,
        0.22011086344718933,
        0.21814775466918945,
        0.21631675958633423,
        0.21423447132110596,
        0.21284879744052887,
        0.21111087501049042,
        0.210508793592453,
        0.2090323120355606,
        0.20834726095199585,
        0.20798006653785706,
        0.2064206749200821,
        0.20583942532539368,
        0.2057083398103714,
        0.20416948199272156,
        0.20410659909248352,
        0.20349548757076263,
        0.20294144749641418,
        0.20257166028022766,
        0.2022370845079422,
        0.20195843279361725,
        0.2013755887746811,
        0.20168763399124146,
        0.20074455440044403,
        0.20116321742534637,
        0.20051142573356628,
        0.2006593495607376
    ],
    "binary_accuracy": [
        0.869594156742096,
        0.9230912923812866,
        0.9263644218444824,
        0.9278313517570496,
        0.9287304878234863,
        0.9290727376937866,
        0.9297124147415161,
        0.9303167462348938,
        0.9308233261108398,
        0.9310756921768188,
        0.9313071966171265,
        0.931618869304657,
        0.9319077730178833,
        0.9320732951164246,
        0.932296633720398,
        0.9323014616966248,
        0.9325050115585327,
        0.9325575828552246,
        0.9326503872871399,
        0.932822585105896,
        0.9330138564109802,
        0.9329646229743958,
        0.9329158067703247,
        0.9331167340278625,
        0.9332930445671082,
        0.9334130883216858,
        0.9333728551864624,
        0.9333329796791077,
        0.9334667921066284,
        0.9335223436355591,
        0.9335200786590576,
        0.9336397647857666,
        0.9336230158805847,
        0.933800458908081,
        0.9336860179901123
    ],
    "val_loss": [
        0.24622152745723724,
        0.23451176285743713,
        0.23031392693519592,
        0.22989898920059204,
        0.22696399688720703,
        0.22585053741931915,
        0.22079730033874512,
        0.21875375509262085,
        0.2146439254283905,
        0.2169591784477234,
        0.2149559110403061,
        0.21020151674747467,
        0.20926199853420258,
        0.2104148119688034,
        0.20666980743408203,
        0.20739500224590302,
        0.20488952100276947,
        0.2068377584218979,
        0.2024238258600235,
        0.20332320034503937,
        0.20308980345726013,
        0.2036469280719757,
        0.20153410732746124,
        0.2022503763437271,
        0.2031807005405426,
        0.19766458868980408,
        0.19967618584632874,
        0.19993571937084198,
        0.19786947965621948,
        0.20091579854488373,
        0.1987738311290741,
        0.19797766208648682,
        0.19818814098834991,
        0.19886663556098938,
        0.1976110339164734
    ],
    "val_binary_accuracy": [
        0.921235978603363,
        0.9261687994003296,
        0.928558886051178,
        0.9306617379188538,
        0.9299920201301575,
        0.9304229021072388,
        0.9315823912620544,
        0.9323518872261047,
        0.9325454235076904,
        0.933110773563385,
        0.9332937002182007,
        0.9327933192253113,
        0.9333269596099854,
        0.9336792230606079,
        0.9333587288856506,
        0.93342524766922,
        0.9339120388031006,
        0.9337215423583984,
        0.933963418006897,
        0.9342778921127319,
        0.9340223670005798,
        0.9345394372940063,
        0.9340103268623352,
        0.9342249631881714,
        0.9333798885345459,
        0.9347707033157349,
        0.9344562888145447,
        0.9344683885574341,
        0.9345711469650269,
        0.9342113733291626,
        0.934722363948822,
        0.9344033598899841,
        0.9348417520523071,
        0.9340828657150269,
        0.9343549609184265
    ]
}