{
    "loss": [
        0.463250994682312,
        0.3110012710094452,
        0.2719925343990326,
        0.2548339366912842,
        0.24567997455596924,
        0.23980779945850372,
        0.2358495146036148,
        0.23304371535778046,
        0.23060327768325806,
        0.22724342346191406,
        0.22526240348815918,
        0.22403617203235626,
        0.22261354327201843,
        0.22128377854824066,
        0.22007475793361664,
        0.21905529499053955,
        0.2183106392621994,
        0.21744433045387268,
        0.21702700853347778,
        0.2162061482667923,
        0.2154185175895691,
        0.214719757437706,
        0.2142135053873062,
        0.21317607164382935,
        0.21233175694942474,
        0.21210572123527527,
        0.21178531646728516,
        0.211158886551857,
        0.21047069132328033,
        0.20989035069942474,
        0.2093319147825241,
        0.20879043638706207,
        0.20873482525348663,
        0.20805266499519348,
        0.20745781064033508
    ],
    "binary_accuracy": [
        0.788995623588562,
        0.8917524218559265,
        0.9081368446350098,
        0.917071521282196,
        0.9219252467155457,
        0.9245079159736633,
        0.926129937171936,
        0.9272915124893188,
        0.9282481074333191,
        0.9289884567260742,
        0.9297366738319397,
        0.9301586747169495,
        0.9306850433349609,
        0.9310832023620605,
        0.9313519597053528,
        0.9317694902420044,
        0.9318119883537292,
        0.9322738647460938,
        0.93239426612854,
        0.9326913952827454,
        0.9328286051750183,
        0.9329202771186829,
        0.9330239295959473,
        0.9330171942710876,
        0.933247983455658,
        0.9334216713905334,
        0.933578610420227,
        0.933696448802948,
        0.9336718320846558,
        0.933772087097168,
        0.9338518977165222,
        0.9339055418968201,
        0.9340315461158752,
        0.9340740442276001,
        0.934172511100769
    ],
    "val_loss": [
        0.33193260431289673,
        0.2741084098815918,
        0.25224825739860535,
        0.24163813889026642,
        0.23563143610954285,
        0.23188020288944244,
        0.2287793755531311,
        0.22634950280189514,
        0.22590026259422302,
        0.22222594916820526,
        0.22211861610412598,
        0.22086024284362793,
        0.2193492203950882,
        0.2176300287246704,
        0.21704263985157013,
        0.21684812009334564,
        0.21517880260944366,
        0.21475927531719208,
        0.21441178023815155,
        0.21542833745479584,
        0.2136380672454834,
        0.21261967718601227,
        0.21169522404670715,
        0.21013988554477692,
        0.21003901958465576,
        0.20952485501766205,
        0.20869754254817963,
        0.20973753929138184,
        0.20806381106376648,
        0.20804491639137268,
        0.20772390067577362,
        0.20861494541168213,
        0.20837078988552094,
        0.20575162768363953,
        0.2048475295305252
    ],
    "val_binary_accuracy": [
        0.8826846480369568,
        0.9041213393211365,
        0.9159372448921204,
        0.9222367405891418,
        0.9254477024078369,
        0.9270577430725098,
        0.9276231527328491,
        0.9290411472320557,
        0.9288643002510071,
        0.9305861592292786,
        0.9311606287956238,
        0.9316716194152832,
        0.9318560361862183,
        0.931899905204773,
        0.932299017906189,
        0.9326452016830444,
        0.9328613877296448,
        0.9333330392837524,
        0.9335340857505798,
        0.9339452981948853,
        0.9337911009788513,
        0.9341871738433838,
        0.9339845776557922,
        0.9337608814239502,
        0.9342643022537231,
        0.9341176152229309,
        0.9344879984855652,
        0.9342657923698425,
        0.9345560669898987,
        0.9345091581344604,
        0.9346875548362732,
        0.9347556233406067,
        0.9349037408828735,
        0.9347918629646301,
        0.9346739649772644
    ]
}