{
    "loss": [
        0.3126641809940338,
        0.23072364926338196,
        0.22387154400348663,
        0.21840839087963104,
        0.21631813049316406,
        0.2143000066280365,
        0.21174860000610352,
        0.20969811081886292,
        0.20849938690662384,
        0.2073158323764801,
        0.2069821059703827,
        0.20491452515125275,
        0.20379884541034698,
        0.2031383514404297,
        0.20258930325508118,
        0.20123381912708282,
        0.20002704858779907,
        0.19970503449440002,
        0.19938300549983978,
        0.19924478232860565,
        0.19864141941070557,
        0.1980711817741394,
        0.19797636568546295,
        0.19767805933952332,
        0.19775688648223877,
        0.19620774686336517,
        0.19621773064136505,
        0.1958465427160263,
        0.19515246152877808,
        0.195858433842659,
        0.19531212747097015,
        0.19594761729240417,
        0.19466890394687653,
        0.19464893639087677,
        0.19537204504013062
    ],
    "binary_accuracy": [
        0.8839424848556519,
        0.928717851638794,
        0.9304680824279785,
        0.9316803812980652,
        0.9322634339332581,
        0.9324322938919067,
        0.932979166507721,
        0.9331324100494385,
        0.933351993560791,
        0.933504045009613,
        0.9334880113601685,
        0.9337202906608582,
        0.9338112473487854,
        0.9339517951011658,
        0.9340334534645081,
        0.9342895150184631,
        0.9343909621238708,
        0.9345277547836304,
        0.9345530867576599,
        0.9344639778137207,
        0.9346522688865662,
        0.9347242116928101,
        0.934649646282196,
        0.9347547888755798,
        0.9349691271781921,
        0.9348852634429932,
        0.9349616765975952,
        0.9350418448448181,
        0.9352759122848511,
        0.9352673888206482,
        0.935274064540863,
        0.9350895285606384,
        0.9352662563323975,
        0.935310959815979,
        0.9352397918701172
    ],
    "val_loss": [
        0.23199968039989471,
        0.22072343528270721,
        0.21525323390960693,
        0.2136818766593933,
        0.20942652225494385,
        0.20745311677455902,
        0.20656877756118774,
        0.20638489723205566,
        0.20382876694202423,
        0.20247775316238403,
        0.20224133133888245,
        0.20235569775104523,
        0.19903524219989777,
        0.2037705034017563,
        0.19899019598960876,
        0.19936707615852356,
        0.196603462100029,
        0.19580480456352234,
        0.1974482536315918,
        0.20168372988700867,
        0.19943399727344513,
        0.19858993589878082,
        0.19530846178531647,
        0.19407115876674652,
        0.19480280578136444,
        0.19548441469669342,
        0.19489027559757233,
        0.19382807612419128,
        0.19343417882919312,
        0.19302242994308472,
        0.19202691316604614,
        0.19340470433235168,
        0.1920350044965744,
        0.19384995102882385,
        0.1924624890089035
    ],
    "val_binary_accuracy": [
        0.9286163449287415,
        0.9313783049583435,
        0.9326194524765015,
        0.934013307094574,
        0.9335340857505798,
        0.9343897700309753,
        0.9349249005317688,
        0.9344351291656494,
        0.9345893263816833,
        0.9347298741340637,
        0.9346059560775757,
        0.9347842931747437,
        0.9351199269294739,
        0.9342401027679443,
        0.9354615807533264,
        0.9352544546127319,
        0.9357518553733826,
        0.9356898665428162,
        0.9359574317932129,
        0.9354827404022217,
        0.9361993074417114,
        0.9348070025444031,
        0.9360828995704651,
        0.9353799223899841,
        0.9356505274772644,
        0.9359241724014282,
        0.9362144470214844,
        0.9357578754425049,
        0.936197817325592,
        0.9360511898994446,
        0.9362174868583679,
        0.9363081455230713,
        0.9360768795013428,
        0.9360179305076599,
        0.9359105825424194
    ]
}