{
    "loss": [
        0.5435512661933899,
        0.3768574595451355,
        0.3295321464538574,
        0.30182233452796936,
        0.2836272120475769,
        0.27182626724243164,
        0.2659332752227783,
        0.2615319788455963,
        0.2591145932674408,
        0.2574659585952759,
        0.2560473084449768,
        0.2544392943382263,
        0.25385376811027527,
        0.25193971395492554,
        0.2513384222984314,
        0.2501316964626312,
        0.2489301860332489,
        0.24831774830818176,
        0.2472497522830963,
        0.24680501222610474,
        0.24652865529060364,
        0.24547851085662842,
        0.24448129534721375,
        0.24440298974514008,
        0.24388444423675537,
        0.2430860847234726,
        0.24245287477970123,
        0.24224050343036652,
        0.24165721237659454,
        0.24084925651550293,
        0.24006345868110657,
        0.23967456817626953,
        0.23935185372829437,
        0.23872894048690796,
        0.23799408972263336
    ],
    "binary_accuracy": [
        0.7219017744064331,
        0.8545718789100647,
        0.881961464881897,
        0.8960771560668945,
        0.9045122265815735,
        0.9102043509483337,
        0.9137585163116455,
        0.9161611795425415,
        0.9176269769668579,
        0.9187915921211243,
        0.9197585582733154,
        0.9205507636070251,
        0.921209454536438,
        0.9217104911804199,
        0.9224079847335815,
        0.9228985905647278,
        0.9233630895614624,
        0.9236199259757996,
        0.9239647388458252,
        0.9242241978645325,
        0.9244229197502136,
        0.9245608448982239,
        0.9246365427970886,
        0.9248188138008118,
        0.9249340295791626,
        0.9251159429550171,
        0.9252426624298096,
        0.9256870746612549,
        0.9258055686950684,
        0.9263047575950623,
        0.9266111850738525,
        0.9266749620437622,
        0.9270768165588379,
        0.9270857572555542,
        0.9274059534072876
    ],
    "val_loss": [
        0.4012087285518646,
        0.3310452103614807,
        0.29997703433036804,
        0.2801014482975006,
        0.265689492225647,
        0.2579740881919861,
        0.25295552611351013,
        0.25026601552963257,
        0.24852558970451355,
        0.24724969267845154,
        0.24730543792247772,
        0.24572062492370605,
        0.24501797556877136,
        0.24429887533187866,
        0.24328893423080444,
        0.24194903671741486,
        0.2409592866897583,
        0.24065952003002167,
        0.24047070741653442,
        0.2393018901348114,
        0.23829306662082672,
        0.23746952414512634,
        0.23716218769550323,
        0.2371734082698822,
        0.23651543259620667,
        0.23567350208759308,
        0.2356736660003662,
        0.2353694587945938,
        0.23483270406723022,
        0.23392356932163239,
        0.23293760418891907,
        0.2326010763645172,
        0.2319951206445694,
        0.23142993450164795,
        0.23066575825214386
    ],
    "val_binary_accuracy": [
        0.8426246047019958,
        0.8774585127830505,
        0.8927514553070068,
        0.9044917225837708,
        0.9107821583747864,
        0.9149092435836792,
        0.9184316396713257,
        0.9198119044303894,
        0.921878457069397,
        0.9231135249137878,
        0.923000156879425,
        0.9241657257080078,
        0.9246646165847778,
        0.9248611330986023,
        0.9253494143486023,
        0.9258044958114624,
        0.9263486862182617,
        0.926540732383728,
        0.9267855882644653,
        0.9264757037162781,
        0.9268475770950317,
        0.9271801710128784,
        0.9273041486740112,
        0.9276835918426514,
        0.9277773499488831,
        0.9276458024978638,
        0.9286239147186279,
        0.9279375672340393,
        0.9279783964157104,
        0.9292361736297607,
        0.9291439652442932,
        0.9292014241218567,
        0.9292513132095337,
        0.9298151731491089,
        0.9301401972770691
    ]
}