{
    "loss": [
        0.29583707451820374,
        0.23353558778762817,
        0.2261573076248169,
        0.22089439630508423,
        0.21307842433452606,
        0.2103070169687271,
        0.20668774843215942,
        0.20608773827552795,
        0.20267222821712494,
        0.20126044750213623,
        0.1995581090450287,
        0.1988944262266159,
        0.1983180195093155,
        0.19806881248950958,
        0.1971815526485443,
        0.1962490826845169,
        0.19545938074588776,
        0.19392631947994232,
        0.19418051838874817,
        0.19340196251869202,
        0.19275358319282532,
        0.19251710176467896,
        0.19223561882972717,
        0.19198060035705566,
        0.19177770614624023,
        0.19149525463581085,
        0.19111572206020355,
        0.19099147617816925,
        0.19053241610527039,
        0.19029071927070618,
        0.19058085978031158,
        0.19018644094467163,
        0.19027304649353027,
        0.18986894190311432,
        0.18964163959026337
    ],
    "binary_accuracy": [
        0.8950985670089722,
        0.9294693470001221,
        0.9308762550354004,
        0.9313840270042419,
        0.9326831698417664,
        0.9327793717384338,
        0.9331130385398865,
        0.9332177639007568,
        0.9337654113769531,
        0.9337695240974426,
        0.9339450597763062,
        0.9341117143630981,
        0.9342145919799805,
        0.9342526197433472,
        0.9343256950378418,
        0.934314489364624,
        0.9343603849411011,
        0.9347853660583496,
        0.9347238540649414,
        0.9347898364067078,
        0.934823751449585,
        0.9349679946899414,
        0.934890866279602,
        0.934927761554718,
        0.9348110556602478,
        0.9350358843803406,
        0.935113787651062,
        0.9350716471672058,
        0.9350790977478027,
        0.9351991415023804,
        0.9351794123649597,
        0.9352975487709045,
        0.9352289438247681,
        0.9353669285774231,
        0.9352800250053406
    ],
    "val_loss": [
        0.22985610365867615,
        0.22486430406570435,
        0.21826587617397308,
        0.210977703332901,
        0.21075724065303802,
        0.20230808854103088,
        0.20380085706710815,
        0.19986258447170258,
        0.20017492771148682,
        0.1964363157749176,
        0.19966943562030792,
        0.19589780271053314,
        0.19707098603248596,
        0.19347910583019257,
        0.19266380369663239,
        0.19142773747444153,
        0.1921975165605545,
        0.19136320054531097,
        0.19209280610084534,
        0.19034068286418915,
        0.19132934510707855,
        0.18974906206130981,
        0.19074007868766785,
        0.1889001429080963,
        0.19074030220508575,
        0.18886998295783997,
        0.19148904085159302,
        0.19128364324569702,
        0.18874461948871613,
        0.1891399323940277,
        0.18899135291576385,
        0.18846017122268677,
        0.18860459327697754,
        0.18859614431858063,
        0.188448965549469
    ],
    "val_binary_accuracy": [
        0.9298166632652283,
        0.9302173256874084,
        0.9320783019065857,
        0.9340223670005798,
        0.9342173933982849,
        0.9344758987426758,
        0.9345862865447998,
        0.9348175525665283,
        0.9347963929176331,
        0.9352348446846008,
        0.934113085269928,
        0.9345605969429016,
        0.9354706406593323,
        0.935609757900238,
        0.9352665543556213,
        0.9356883764266968,
        0.9358395338058472,
        0.9357503056526184,
        0.9354404211044312,
        0.9354116916656494,
        0.9356687068939209,
        0.9359816312789917,
        0.935748815536499,
        0.9356837868690491,
        0.935260534286499,
        0.9357125163078308,
        0.9357352256774902,
        0.9356309175491333,
        0.935299813747406,
        0.9359619617462158,
        0.9359347820281982,
        0.9360753297805786,
        0.9357442855834961,
        0.9355900883674622,
        0.9361660480499268
    ]
}