{
    "loss": [
        0.5622873902320862,
        0.42436182498931885,
        0.35502439737319946,
        0.324018269777298,
        0.3057112395763397,
        0.2924216389656067,
        0.28118789196014404,
        0.2723824083805084,
        0.2652794122695923,
        0.25863131880760193,
        0.25280946493148804,
        0.24755915999412537,
        0.24409140646457672,
        0.2403879314661026,
        0.2381793111562729,
        0.2361283004283905,
        0.2352653592824936,
        0.23442238569259644,
        0.2333592176437378,
        0.2324545830488205,
        0.23116347193717957,
        0.2303050309419632,
        0.22964178025722504,
        0.2284901738166809,
        0.22772099077701569,
        0.22690679132938385,
        0.22603243589401245,
        0.2256506383419037,
        0.22504396736621857,
        0.2244310826063156,
        0.22370044887065887,
        0.22345446050167084,
        0.22304865717887878,
        0.22235137224197388,
        0.22154104709625244
    ],
    "binary_accuracy": [
        0.6955119967460632,
        0.8295924067497253,
        0.8715162873268127,
        0.8859201073646545,
        0.8934075832366943,
        0.8989118337631226,
        0.9037588238716125,
        0.9083616733551025,
        0.9124478101730347,
        0.9159229397773743,
        0.9186365008354187,
        0.9208527207374573,
        0.922725260257721,
        0.9241892099380493,
        0.9253221154212952,
        0.9259930849075317,
        0.9267685413360596,
        0.9270910024642944,
        0.9275524616241455,
        0.9278138279914856,
        0.928106427192688,
        0.9284173846244812,
        0.9285869598388672,
        0.9288296699523926,
        0.9289381504058838,
        0.9291953444480896,
        0.929279625415802,
        0.9293769001960754,
        0.9296252131462097,
        0.929754912853241,
        0.9300270676612854,
        0.9301266074180603,
        0.9301787614822388,
        0.9302947521209717,
        0.9304755330085754
    ],
    "val_loss": [
        0.4652099311351776,
        0.36472734808921814,
        0.32029905915260315,
        0.2975213825702667,
        0.28403180837631226,
        0.27169638872146606,
        0.26441895961761475,
        0.2554405927658081,
        0.24884569644927979,
        0.24445496499538422,
        0.23946362733840942,
        0.23440632224082947,
        0.23323094844818115,
        0.22996772825717926,
        0.22814810276031494,
        0.2267984300851822,
        0.22690266370773315,
        0.22605861723423004,
        0.2251424342393875,
        0.2239633947610855,
        0.2238846868276596,
        0.2230258584022522,
        0.22140833735466003,
        0.2225661277770996,
        0.22022663056850433,
        0.22005216777324677,
        0.2186720073223114,
        0.21947306394577026,
        0.2195245921611786,
        0.21748040616512299,
        0.21759113669395447,
        0.21663464605808258,
        0.21678724884986877,
        0.21652427315711975,
        0.21560057997703552
    ],
    "val_binary_accuracy": [
        0.8020732402801514,
        0.8676653504371643,
        0.8869840502738953,
        0.8954559564590454,
        0.9012610912322998,
        0.9044267535209656,
        0.9096724987030029,
        0.9130830764770508,
        0.916224479675293,
        0.9208746552467346,
        0.9218376278877258,
        0.9249200820922852,
        0.9268143177032471,
        0.9277077913284302,
        0.929023027420044,
        0.9291288256645203,
        0.9302188158035278,
        0.9304727911949158,
        0.9307600259780884,
        0.9307282567024231,
        0.930986762046814,
        0.9311560988426208,
        0.9311379790306091,
        0.9315688014030457,
        0.9316277503967285,
        0.931884765625,
        0.9319028854370117,
        0.9322853684425354,
        0.9322067499160767,
        0.9322173595428467,
        0.932348906993866,
        0.9321251511573792,
        0.9325801730155945,
        0.9325665831565857,
        0.9325786828994751
    ]
}