{
    "loss": [
        0.47760114073753357,
        0.3321445882320404,
        0.2866150438785553,
        0.2690359652042389,
        0.2594699561595917,
        0.2534629702568054,
        0.2491094022989273,
        0.24589279294013977,
        0.2435985952615738,
        0.24261005222797394,
        0.2406536042690277,
        0.23931196331977844,
        0.23797409236431122,
        0.23714251816272736,
        0.23625695705413818,
        0.2353888750076294,
        0.23472194373607635,
        0.23343244194984436,
        0.23256893455982208,
        0.23192353546619415,
        0.23158644139766693,
        0.23066432774066925,
        0.23036324977874756,
        0.22952556610107422,
        0.22883540391921997,
        0.22856956720352173,
        0.22864392399787903,
        0.22805486619472504,
        0.22754959762096405,
        0.2269894778728485,
        0.22630541026592255,
        0.22601331770420074,
        0.2255702018737793,
        0.2258072942495346,
        0.22496910393238068
    ],
    "binary_accuracy": [
        0.7818809747695923,
        0.8810354471206665,
        0.9028615355491638,
        0.912987232208252,
        0.9180198907852173,
        0.9210905432701111,
        0.9226853251457214,
        0.924058735370636,
        0.9248672723770142,
        0.9257820844650269,
        0.9262745380401611,
        0.9268244504928589,
        0.927480161190033,
        0.9278905987739563,
        0.9282399415969849,
        0.9285239577293396,
        0.9287554621696472,
        0.9292568564414978,
        0.9294496178627014,
        0.9298291206359863,
        0.9299260377883911,
        0.9301818013191223,
        0.930241048336029,
        0.9303573369979858,
        0.9305713176727295,
        0.9306906461715698,
        0.9308613538742065,
        0.9308941960334778,
        0.9309903383255005,
        0.9310429096221924,
        0.9312744140625,
        0.9311103820800781,
        0.9312707185745239,
        0.9315193295478821,
        0.9315856695175171
    ],
    "val_loss": [
        0.359963059425354,
        0.28885984420776367,
        0.2649877965450287,
        0.25571244955062866,
        0.24799701571464539,
        0.24298624694347382,
        0.24135372042655945,
        0.23829935491085052,
        0.23785190284252167,
        0.236244335770607,
        0.23498301208019257,
        0.23506399989128113,
        0.2325248271226883,
        0.23163893818855286,
        0.2323846071958542,
        0.23014697432518005,
        0.2295960932970047,
        0.228916734457016,
        0.22831453382968903,
        0.2274807244539261,
        0.2271260768175125,
        0.22654885053634644,
        0.22639402747154236,
        0.2243233025074005,
        0.22500509023666382,
        0.22445471584796906,
        0.22406236827373505,
        0.223667174577713,
        0.22397033870220184,
        0.22267045080661774,
        0.22220519185066223,
        0.2227250635623932,
        0.22321705520153046,
        0.2225383222103119,
        0.22116684913635254
    ],
    "val_binary_accuracy": [
        0.8695414066314697,
        0.898381233215332,
        0.9112175107002258,
        0.9194626808166504,
        0.9222835898399353,
        0.9234582185745239,
        0.9257621765136719,
        0.9264923334121704,
        0.9278181195259094,
        0.928081214427948,
        0.9287357926368713,
        0.929092526435852,
        0.9294130206108093,
        0.9297471642494202,
        0.9304243922233582,
        0.9302687048912048,
        0.9306889772415161,
        0.9309444427490234,
        0.9311031699180603,
        0.9314796328544617,
        0.9317169785499573,
        0.9314841628074646,
        0.9313209056854248,
        0.9316625595092773,
        0.9323700666427612,
        0.9317547678947449,
        0.9326134324073792,
        0.9326210021972656,
        0.932722270488739,
        0.9323745965957642,
        0.9326421618461609,
        0.9329475164413452,
        0.9329747557640076,
        0.9328916072845459,
        0.9327147006988525
    ]
}