{
    "loss": [
        0.4556835889816284,
        0.31571051478385925,
        0.27510371804237366,
        0.2587815821170807,
        0.24823279678821564,
        0.2413981705904007,
        0.23718105256557465,
        0.23419900238513947,
        0.23187893629074097,
        0.2299158126115799,
        0.22864648699760437,
        0.22736693918704987,
        0.2255941778421402,
        0.22455184161663055,
        0.224094420671463,
        0.2225499302148819,
        0.22240275144577026,
        0.22135211527347565,
        0.22089797258377075,
        0.22046546638011932,
        0.21938718855381012,
        0.21857814490795135,
        0.21804535388946533,
        0.21690315008163452,
        0.21674364805221558,
        0.21651314198970795,
        0.21553857624530792,
        0.21613581478595734,
        0.21547956764698029,
        0.21505554020404816,
        0.2143240123987198,
        0.21351246535778046,
        0.21282818913459778,
        0.21261978149414062,
        0.21231794357299805
    ],
    "binary_accuracy": [
        0.7912271618843079,
        0.889017641544342,
        0.9066196084022522,
        0.9142159223556519,
        0.9189735054969788,
        0.9226398468017578,
        0.924655556678772,
        0.9261977672576904,
        0.9271644353866577,
        0.927864134311676,
        0.9283271431922913,
        0.9289202690124512,
        0.9291260242462158,
        0.929559588432312,
        0.9299644231796265,
        0.9300859570503235,
        0.9303327798843384,
        0.9303659200668335,
        0.930808424949646,
        0.9308651089668274,
        0.9309989213943481,
        0.931236743927002,
        0.9312218427658081,
        0.931524932384491,
        0.9318000674247742,
        0.93187016248703,
        0.9318917393684387,
        0.9320937991142273,
        0.9321761727333069,
        0.9323286414146423,
        0.9323081374168396,
        0.9322376847267151,
        0.9324818849563599,
        0.9324442148208618,
        0.9326738715171814
    ],
    "val_loss": [
        0.3399275839328766,
        0.27471157908439636,
        0.2553603947162628,
        0.24433991312980652,
        0.23548071086406708,
        0.23151139914989471,
        0.22852036356925964,
        0.22660863399505615,
        0.2244461178779602,
        0.2254951298236847,
        0.22337737679481506,
        0.22017382085323334,
        0.2188718318939209,
        0.22077658772468567,
        0.21859577298164368,
        0.21856537461280823,
        0.21919143199920654,
        0.2168385088443756,
        0.21721981465816498,
        0.21432605385780334,
        0.21392822265625,
        0.21449634432792664,
        0.21430866420269012,
        0.2141016572713852,
        0.21499502658843994,
        0.21322844922542572,
        0.21185147762298584,
        0.21295970678329468,
        0.2115401029586792,
        0.21241497993469238,
        0.21062079071998596,
        0.21069009602069855,
        0.21007192134857178,
        0.21082095801830292,
        0.21031224727630615
    ],
    "val_binary_accuracy": [
        0.8743941783905029,
        0.9044600129127502,
        0.9136484265327454,
        0.9192570447921753,
        0.9233554601669312,
        0.925477921962738,
        0.9273479580879211,
        0.9291605949401855,
        0.9292694330215454,
        0.9300328493118286,
        0.9305060505867004,
        0.930543839931488,
        0.9309807419776917,
        0.931381344795227,
        0.9316610097885132,
        0.9312528371810913,
        0.9318560361862183,
        0.9322052597999573,
        0.932299017906189,
        0.9325982928276062,
        0.9325242638587952,
        0.9324274659156799,
        0.932732880115509,
        0.933125913143158,
        0.9332453608512878,
        0.9327857494354248,
        0.9335688948631287,
        0.9335764050483704,
        0.9338213205337524,
        0.9336519837379456,
        0.9336898326873779,
        0.9339755177497864,
        0.9338576197624207,
        0.9339906573295593,
        0.9343307614326477
    ]
}