{
    "loss": [
        0.4750937521457672,
        0.3142586648464203,
        0.2688141465187073,
        0.2511025369167328,
        0.24298445880413055,
        0.23840489983558655,
        0.23557323217391968,
        0.23292389512062073,
        0.2310737669467926,
        0.22961366176605225,
        0.2287583202123642,
        0.227882519364357,
        0.22681623697280884,
        0.22543080151081085,
        0.22498327493667603,
        0.22463183104991913,
        0.2236258089542389,
        0.22306233644485474,
        0.22230647504329681,
        0.22165943682193756,
        0.22106416523456573,
        0.22065865993499756,
        0.22016935050487518,
        0.22002318501472473,
        0.21962423622608185,
        0.21913893520832062,
        0.21898125112056732,
        0.21800968050956726,
        0.21724069118499756,
        0.2167789489030838,
        0.21665076911449432,
        0.21592576801776886,
        0.21557800471782684,
        0.2148418128490448,
        0.21426664292812347
    ],
    "binary_accuracy": [
        0.7764449119567871,
        0.890166163444519,
        0.911683201789856,
        0.9201582074165344,
        0.9241358637809753,
        0.9262018799781799,
        0.9273101687431335,
        0.9284278154373169,
        0.9290872812271118,
        0.9296348690986633,
        0.9299957752227783,
        0.9304702877998352,
        0.9306660294532776,
        0.9308520555496216,
        0.9311953783035278,
        0.9314563274383545,
        0.9316818714141846,
        0.9318280220031738,
        0.9317489862442017,
        0.9318455457687378,
        0.9319555163383484,
        0.9322857856750488,
        0.9323980212211609,
        0.9324602484703064,
        0.9325620532035828,
        0.9326134920120239,
        0.9327070713043213,
        0.9326652884483337,
        0.9329321980476379,
        0.9328386187553406,
        0.9329661130905151,
        0.9329743385314941,
        0.9330220818519592,
        0.9331820011138916,
        0.9332315325737
    ],
    "val_loss": [
        0.33970969915390015,
        0.2713284194469452,
        0.24715827405452728,
        0.23846335709095,
        0.23287197947502136,
        0.23166462779045105,
        0.22949375212192535,
        0.22705353796482086,
        0.2279578298330307,
        0.2243494987487793,
        0.2237933874130249,
        0.22366075217723846,
        0.22154264152050018,
        0.22076553106307983,
        0.221890389919281,
        0.22040754556655884,
        0.22162973880767822,
        0.21893298625946045,
        0.22154764831066132,
        0.21813490986824036,
        0.21810637414455414,
        0.2189321219921112,
        0.21699021756649017,
        0.21807502210140228,
        0.21691033244132996,
        0.21761642396450043,
        0.21555428206920624,
        0.2148161232471466,
        0.21348261833190918,
        0.2141651213169098,
        0.2143489420413971,
        0.21281760931015015,
        0.2129761278629303,
        0.21230082213878632,
        0.2117185890674591
    ],
    "val_binary_accuracy": [
        0.8756836652755737,
        0.9083497524261475,
        0.9197211861610413,
        0.9253600239753723,
        0.9274311065673828,
        0.929561197757721,
        0.9306375980377197,
        0.9310563206672668,
        0.9315763711929321,
        0.9312589168548584,
        0.9321221113204956,
        0.9324017763137817,
        0.9323791265487671,
        0.9321039915084839,
        0.9332740902900696,
        0.9326179623603821,
        0.9332242012023926,
        0.9329293966293335,
        0.9330669641494751,
        0.9331546425819397,
        0.933420717716217,
        0.9337986707687378,
        0.9336777329444885,
        0.9340783357620239,
        0.9337563514709473,
        0.9338726997375488,
        0.9339075088500977,
        0.9338954091072083,
        0.9339498281478882,
        0.933963418006897,
        0.9343035817146301,
        0.9342340230941772,
        0.9338968992233276,
        0.9343081116676331,
        0.934212863445282
    ]
}