{
    "loss": [
        0.32102230191230774,
        0.24589398503303528,
        0.237268328666687,
        0.23298843204975128,
        0.23138585686683655,
        0.2285529226064682,
        0.2258983701467514,
        0.22443407773971558,
        0.22276324033737183,
        0.22215746343135834,
        0.22057825326919556,
        0.21888163685798645,
        0.21792997419834137,
        0.21699532866477966,
        0.21611244976520538,
        0.21565763652324677,
        0.2140459567308426,
        0.21340583264827728,
        0.21270184218883514,
        0.21253974735736847,
        0.21134024858474731,
        0.21092554926872253,
        0.21028992533683777,
        0.20965486764907837,
        0.20924939215183258,
        0.2082153707742691,
        0.20792734622955322,
        0.20739777386188507,
        0.2062063068151474,
        0.2060280442237854,
        0.20522251725196838,
        0.20525486767292023,
        0.20465050637722015,
        0.2041368931531906,
        0.20387032628059387
    ],
    "binary_accuracy": [
        0.8816371560096741,
        0.9231800436973572,
        0.9268803596496582,
        0.9286566972732544,
        0.9297803044319153,
        0.9301661252975464,
        0.9306395649909973,
        0.9312535524368286,
        0.931359052658081,
        0.9315036535263062,
        0.93205726146698,
        0.9323592185974121,
        0.93250572681427,
        0.9326250553131104,
        0.9329351782798767,
        0.9329955577850342,
        0.9329657554626465,
        0.9330317378044128,
        0.9331435561180115,
        0.9333080053329468,
        0.9334485530853271,
        0.9335741400718689,
        0.9335842132568359,
        0.9335294365882874,
        0.9335693120956421,
        0.933854877948761,
        0.9338299036026001,
        0.9337378144264221,
        0.9339759945869446,
        0.9339137673377991,
        0.9340595006942749,
        0.9340315461158752,
        0.934171736240387,
        0.934267520904541,
        0.9342414736747742
    ],
    "val_loss": [
        0.24631965160369873,
        0.23543380200862885,
        0.2304207682609558,
        0.2282569259405136,
        0.22676275670528412,
        0.22309595346450806,
        0.22426685690879822,
        0.22046029567718506,
        0.22005559504032135,
        0.21925020217895508,
        0.21731987595558167,
        0.21578414738178253,
        0.21521516144275665,
        0.21445420384407043,
        0.21283431351184845,
        0.21309813857078552,
        0.21159443259239197,
        0.20920386910438538,
        0.20947591960430145,
        0.20973990857601166,
        0.21030589938163757,
        0.20714884996414185,
        0.20830081403255463,
        0.20814763009548187,
        0.20604637265205383,
        0.20722153782844543,
        0.2068755030632019,
        0.20548778772354126,
        0.20459137856960297,
        0.20388785004615784,
        0.20339563488960266,
        0.20433220267295837,
        0.2049492597579956,
        0.20320077240467072,
        0.2018401026725769
    ],
    "val_binary_accuracy": [
        0.9221324324607849,
        0.9258558750152588,
        0.9292104840278625,
        0.9298182129859924,
        0.931620180606842,
        0.9320026636123657,
        0.9326799511909485,
        0.9326089024543762,
        0.9328688979148865,
        0.9328492879867554,
        0.9332271814346313,
        0.933664083480835,
        0.9338016510009766,
        0.9336671233177185,
        0.9335809350013733,
        0.9337835311889648,
        0.9337034225463867,
        0.9339604377746582,
        0.9339906573295593,
        0.934497058391571,
        0.9345832467079163,
        0.9345530271530151,
        0.9347162842750549,
        0.9342899918556213,
        0.9347979426383972,
        0.9348100423812866,
        0.9344592690467834,
        0.934627115726471,
        0.9348704814910889,
        0.9349400401115417,
        0.9348160624504089,
        0.9350125789642334,
        0.9347087144851685,
        0.9351305365562439,
        0.9350911974906921
    ]
}