{
    "loss": [
        0.530919075012207,
        0.4149229824542999,
        0.3436897099018097,
        0.3098781406879425,
        0.2890526354312897,
        0.2753741443157196,
        0.26674994826316833,
        0.2600278854370117,
        0.25390732288360596,
        0.24899964034557343,
        0.24434594810009003,
        0.24065983295440674,
        0.2377706915140152,
        0.2352360039949417,
        0.2333945631980896,
        0.2323714643716812,
        0.23080043494701385,
        0.2300426959991455,
        0.22884157299995422,
        0.22820645570755005,
        0.22783173620700836,
        0.22722932696342468,
        0.22694863379001617,
        0.22628965973854065,
        0.2256646603345871,
        0.22555311024188995,
        0.22487597167491913,
        0.22466839849948883,
        0.22414182126522064,
        0.2243838757276535,
        0.22347331047058105,
        0.2234523445367813,
        0.22285790741443634,
        0.2223557084798813,
        0.22188785672187805
    ],
    "binary_accuracy": [
        0.736997127532959,
        0.8348114490509033,
        0.8776236772537231,
        0.8919451236724854,
        0.8988369107246399,
        0.9034538865089417,
        0.907684326171875,
        0.9119773507118225,
        0.9158368110656738,
        0.9194096326828003,
        0.92208331823349,
        0.9241135120391846,
        0.9256277680397034,
        0.9264952540397644,
        0.9271267652511597,
        0.927713930606842,
        0.9280464053153992,
        0.9282719492912292,
        0.9284546375274658,
        0.9288091659545898,
        0.9290056228637695,
        0.9292017221450806,
        0.9292222261428833,
        0.9294332265853882,
        0.9296557903289795,
        0.929737389087677,
        0.9298797845840454,
        0.930027425289154,
        0.9300218224525452,
        0.9301649928092957,
        0.9301456212997437,
        0.9302723407745361,
        0.9302746057510376,
        0.9304997324943542,
        0.9306108355522156
    ],
    "val_loss": [
        0.452633261680603,
        0.3578876256942749,
        0.3093360364437103,
        0.2858169376850128,
        0.2691943645477295,
        0.25973623991012573,
        0.2528144121170044,
        0.2466750591993332,
        0.24243448674678802,
        0.23613902926445007,
        0.23303630948066711,
        0.23075632750988007,
        0.2295302450656891,
        0.22775156795978546,
        0.22664371132850647,
        0.22469957172870636,
        0.22317536175251007,
        0.22270917892456055,
        0.2239842712879181,
        0.22274091839790344,
        0.22206322848796844,
        0.22167524695396423,
        0.22051696479320526,
        0.221234530210495,
        0.21992506086826324,
        0.22035498917102814,
        0.21967960894107819,
        0.21847732365131378,
        0.2183562070131302,
        0.2175964117050171,
        0.2183065414428711,
        0.21998220682144165,
        0.2175797075033188,
        0.21764233708381653,
        0.2172001451253891
    ],
    "val_binary_accuracy": [
        0.8099902868270874,
        0.8728914856910706,
        0.8909977674484253,
        0.8993653655052185,
        0.9044070839881897,
        0.9082363247871399,
        0.9123075008392334,
        0.9176878333091736,
        0.9205934405326843,
        0.9231770634651184,
        0.9254174828529358,
        0.9272436499595642,
        0.9280766248703003,
        0.9289247393608093,
        0.9297410845756531,
        0.9300086498260498,
        0.9298000335693359,
        0.9305105805397034,
        0.9304304718971252,
        0.9310275912284851,
        0.9312679767608643,
        0.9310774803161621,
        0.9311031699180603,
        0.9317502379417419,
        0.9314977526664734,
        0.9316474199295044,
        0.9316036105155945,
        0.9315839409828186,
        0.9317018389701843,
        0.931670069694519,
        0.9322627186775208,
        0.9318771958351135,
        0.932134211063385,
        0.9323927164077759,
        0.932537853717804
    ]
}