{
    "loss": [
        0.30841538310050964,
        0.2381536215543747,
        0.2311503291130066,
        0.2260078638792038,
        0.22193080186843872,
        0.21881040930747986,
        0.21638666093349457,
        0.21497364342212677,
        0.2134387046098709,
        0.2122315615415573,
        0.21096789836883545,
        0.21002458035945892,
        0.20916856825351715,
        0.20714055001735687,
        0.20679888129234314,
        0.2070959359407425,
        0.20560775697231293,
        0.20537270605564117,
        0.2052416056394577,
        0.2040759176015854,
        0.2036699503660202,
        0.2031758576631546,
        0.20281724631786346,
        0.2015472650527954,
        0.20239001512527466,
        0.20189164578914642,
        0.20170332491397858,
        0.2012747824192047,
        0.20018546283245087,
        0.20047257840633392,
        0.20046626031398773,
        0.19995470345020294,
        0.19965402781963348,
        0.19925512373447418,
        0.19935528934001923
    ],
    "binary_accuracy": [
        0.8879857659339905,
        0.9257269501686096,
        0.9273948073387146,
        0.9285348057746887,
        0.9297910928726196,
        0.9303364753723145,
        0.9307379722595215,
        0.9311293959617615,
        0.9315477013587952,
        0.9318928718566895,
        0.9318060278892517,
        0.932227611541748,
        0.9319342374801636,
        0.9325370788574219,
        0.9325463771820068,
        0.9325225353240967,
        0.9328807592391968,
        0.9329806566238403,
        0.9329922199249268,
        0.9333661198616028,
        0.9332308173179626,
        0.933314323425293,
        0.9334492683410645,
        0.9335909485816956,
        0.9331573843955994,
        0.9334093928337097,
        0.9336341619491577,
        0.9337009191513062,
        0.9338418245315552,
        0.9340267181396484,
        0.9339096546173096,
        0.9339078068733215,
        0.9339715242385864,
        0.9341039061546326,
        0.9340106844902039
    ],
    "val_loss": [
        0.24267204105854034,
        0.23315630853176117,
        0.22175447642803192,
        0.22438837587833405,
        0.21547773480415344,
        0.21328721940517426,
        0.21156199276447296,
        0.2095603197813034,
        0.2090916633605957,
        0.21091707050800323,
        0.20738409459590912,
        0.20516164600849152,
        0.2073642909526825,
        0.20438365638256073,
        0.20661848783493042,
        0.20457583665847778,
        0.20318448543548584,
        0.20620544254779816,
        0.20203140377998352,
        0.2020817995071411,
        0.20022249221801758,
        0.19914178550243378,
        0.20021401345729828,
        0.20147472620010376,
        0.20032699406147003,
        0.19883470237255096,
        0.2002403289079666,
        0.19947576522827148,
        0.19880430400371552,
        0.1992197334766388,
        0.19766806066036224,
        0.197761669754982,
        0.19800235331058502,
        0.19748203456401825,
        0.1996852606534958
    ],
    "val_binary_accuracy": [
        0.9251378178596497,
        0.9251649975776672,
        0.9297849535942078,
        0.9305649995803833,
        0.9318560361862183,
        0.9307494163513184,
        0.9320420026779175,
        0.9324803948402405,
        0.9331531524658203,
        0.93342524766922,
        0.9333057999610901,
        0.9338016510009766,
        0.9337911009788513,
        0.9341856837272644,
        0.9332589507102966,
        0.9338182806968689,
        0.9337654113769531,
        0.9330805540084839,
        0.9337502717971802,
        0.9339921474456787,
        0.9344441890716553,
        0.9348583817481995,
        0.9341282248497009,
        0.9344260096549988,
        0.9343413710594177,
        0.9347087144851685,
        0.9345756769180298,
        0.9348568916320801,
        0.9349778294563293,
        0.935011088848114,
        0.9350745677947998,
        0.9349914193153381,
        0.9352045655250549,
        0.9342793822288513,
        0.9347661733627319
    ]
}