{
    "loss": [
        0.4441255033016205,
        0.29741573333740234,
        0.26100876927375793,
        0.24840760231018066,
        0.2419281154870987,
        0.23719151318073273,
        0.23471425473690033,
        0.23213618993759155,
        0.22977352142333984,
        0.22806547582149506,
        0.22695039212703705,
        0.22553355991840363,
        0.2244327962398529,
        0.2228679209947586,
        0.2217249572277069,
        0.22111795842647552,
        0.22017233073711395,
        0.21979112923145294,
        0.21837443113327026,
        0.2175474464893341,
        0.21685674786567688,
        0.21608483791351318,
        0.21613071858882904,
        0.21543823182582855,
        0.21486887335777283,
        0.2146184742450714,
        0.21426427364349365,
        0.21295247972011566,
        0.21312078833580017,
        0.21281957626342773,
        0.21214009821414948,
        0.21172869205474854,
        0.21119016408920288,
        0.2108670175075531,
        0.21020373702049255
    ],
    "binary_accuracy": [
        0.8071057200431824,
        0.8989133238792419,
        0.9148638844490051,
        0.9208064675331116,
        0.9231964349746704,
        0.9247170686721802,
        0.9258652329444885,
        0.9266253709793091,
        0.9273403882980347,
        0.9278231263160706,
        0.9284352660179138,
        0.9288483262062073,
        0.9292039275169373,
        0.9295987486839294,
        0.9300330281257629,
        0.9302753210067749,
        0.9305243492126465,
        0.9308781623840332,
        0.9310526251792908,
        0.9310951232910156,
        0.9314220547676086,
        0.9314854145050049,
        0.9318291544914246,
        0.9320315718650818,
        0.9321184158325195,
        0.9321642518043518,
        0.9324155449867249,
        0.9323883056640625,
        0.9326011538505554,
        0.932693600654602,
        0.932813286781311,
        0.9327309131622314,
        0.9328076839447021,
        0.9329690933227539,
        0.9330340027809143
    ],
    "val_loss": [
        0.32311272621154785,
        0.262401282787323,
        0.24410322308540344,
        0.23938453197479248,
        0.2339811623096466,
        0.2302854359149933,
        0.2284126728773117,
        0.22819210588932037,
        0.22583286464214325,
        0.22481757402420044,
        0.2228250652551651,
        0.22247277200222015,
        0.22131311893463135,
        0.21969732642173767,
        0.2199569195508957,
        0.2179121971130371,
        0.21676373481750488,
        0.2171497792005539,
        0.2145036906003952,
        0.21447338163852692,
        0.2134711742401123,
        0.21370600163936615,
        0.21301932632923126,
        0.21372029185295105,
        0.2122351974248886,
        0.21262508630752563,
        0.21095800399780273,
        0.2114201784133911,
        0.21235106885433197,
        0.21248584985733032,
        0.2117849886417389,
        0.20888926088809967,
        0.20757228136062622,
        0.2084420919418335,
        0.2078772336244583
    ],
    "val_binary_accuracy": [
        0.8893681168556213,
        0.9109605550765991,
        0.9210303425788879,
        0.9238981604576111,
        0.9260796308517456,
        0.92682945728302,
        0.9268264174461365,
        0.9285483360290527,
        0.9291363954544067,
        0.9294750094413757,
        0.9292134642601013,
        0.9297305345535278,
        0.9310245513916016,
        0.9311001896858215,
        0.931082010269165,
        0.9315431118011475,
        0.9311168193817139,
        0.9318333864212036,
        0.9320525527000427,
        0.9322929382324219,
        0.932637631893158,
        0.9326859712600708,
        0.933136522769928,
        0.9331924319267273,
        0.9325711131095886,
        0.9333919882774353,
        0.9332135915756226,
        0.9335310459136963,
        0.9336262941360474,
        0.9339317083358765,
        0.9338621497154236,
        0.9336172342300415,
        0.9332786202430725,
        0.9339150786399841,
        0.9342551827430725
    ]
}