{
    "loss": [
        0.3293945789337158,
        0.25706103444099426,
        0.24952273070812225,
        0.24455061554908752,
        0.24308621883392334,
        0.24011176824569702,
        0.23733559250831604,
        0.23362259566783905,
        0.2292177379131317,
        0.2270149439573288,
        0.22409002482891083,
        0.2231367528438568,
        0.2202754020690918,
        0.21806974709033966,
        0.2171792984008789,
        0.21548965573310852,
        0.21559573709964752,
        0.21326468884944916,
        0.21156981587409973,
        0.21146100759506226,
        0.2115846574306488,
        0.20961983501911163,
        0.20889410376548767,
        0.20775189995765686,
        0.20757488906383514,
        0.20698858797550201,
        0.20646198093891144,
        0.2056630253791809,
        0.20579874515533447,
        0.20564959943294525,
        0.20515896379947662,
        0.20605461299419403,
        0.20586873590946198,
        0.20508641004562378,
        0.20534922182559967
    ],
    "binary_accuracy": [
        0.8760680556297302,
        0.920311450958252,
        0.9226223230361938,
        0.9240382313728333,
        0.9248862862586975,
        0.9251170754432678,
        0.9256206750869751,
        0.926998496055603,
        0.9278499484062195,
        0.9283469319343567,
        0.9290052652359009,
        0.9290544390678406,
        0.9294678568840027,
        0.9298749566078186,
        0.9300788640975952,
        0.9304404854774475,
        0.9303144812583923,
        0.9305832386016846,
        0.9308576583862305,
        0.9310272336006165,
        0.930743932723999,
        0.9311338663101196,
        0.930985152721405,
        0.9310876727104187,
        0.9312520623207092,
        0.9310067296028137,
        0.9313340783119202,
        0.9314574599266052,
        0.9314783215522766,
        0.9314928650856018,
        0.9315036535263062,
        0.9316248297691345,
        0.9314727187156677,
        0.9314809441566467,
        0.9316155314445496
    ],
    "val_loss": [
        0.2560482621192932,
        0.2452797293663025,
        0.24053914844989777,
        0.23878034949302673,
        0.23613308370113373,
        0.23553848266601562,
        0.23087868094444275,
        0.22714020311832428,
        0.22319424152374268,
        0.22185035049915314,
        0.21915723383426666,
        0.2166920304298401,
        0.21280509233474731,
        0.2125597596168518,
        0.2088662087917328,
        0.21489834785461426,
        0.20911817252635956,
        0.20684288442134857,
        0.20891597867012024,
        0.20762811601161957,
        0.20548835396766663,
        0.2035142332315445,
        0.20211385190486908,
        0.20056872069835663,
        0.20602716505527496,
        0.20472580194473267,
        0.20010687410831451,
        0.20070527493953705,
        0.19960685074329376,
        0.2022467851638794,
        0.20245853066444397,
        0.2005148082971573,
        0.2036752998828888,
        0.20304036140441895,
        0.2012232095003128
    ],
    "val_binary_accuracy": [
        0.9210590720176697,
        0.9242458343505859,
        0.9257031679153442,
        0.9265966415405273,
        0.927422046661377,
        0.9272950887680054,
        0.928016185760498,
        0.9295505881309509,
        0.9297652840614319,
        0.9306012988090515,
        0.9304350018501282,
        0.931485652923584,
        0.9315582513809204,
        0.9317336082458496,
        0.9321463108062744,
        0.9315763711929321,
        0.9323700666427612,
        0.931973934173584,
        0.9321417808532715,
        0.9325862526893616,
        0.9325015544891357,
        0.9326194524765015,
        0.932986855506897,
        0.9327509999275208,
        0.9331969618797302,
        0.9320541024208069,
        0.9333965182304382,
        0.933475136756897,
        0.9334025979042053,
        0.9327600598335266,
        0.9332997798919678,
        0.9333420991897583,
        0.9327797293663025,
        0.9334040880203247,
        0.9329883456230164
    ]
}