{
    "loss": [
        0.47609272599220276,
        0.302920937538147,
        0.26505929231643677,
        0.24912060797214508,
        0.24061137437820435,
        0.23551498353481293,
        0.23119588196277618,
        0.2282702475786209,
        0.22639544308185577,
        0.22453299164772034,
        0.22319507598876953,
        0.222092404961586,
        0.22073253989219666,
        0.22069360315799713,
        0.21981468796730042,
        0.21991552412509918,
        0.21906913816928864,
        0.21895258128643036,
        0.21791337430477142,
        0.21717433631420135,
        0.21642963588237762,
        0.21599344909191132,
        0.21583829820156097,
        0.2156093269586563,
        0.21494553983211517,
        0.21460942924022675,
        0.21417860686779022,
        0.2135878950357437,
        0.21337789297103882,
        0.21265877783298492,
        0.21217316389083862,
        0.21144665777683258,
        0.21122956275939941,
        0.21097415685653687,
        0.21069099009037018
    ],
    "binary_accuracy": [
        0.7727140784263611,
        0.8964133858680725,
        0.9124329090118408,
        0.9198625683784485,
        0.9236288666725159,
        0.9260132312774658,
        0.9274932146072388,
        0.9286593198776245,
        0.9295845627784729,
        0.930162787437439,
        0.9307349920272827,
        0.9310380816459656,
        0.9313221573829651,
        0.9316251873970032,
        0.9317567944526672,
        0.9320531487464905,
        0.9322798252105713,
        0.9323376417160034,
        0.9324550628662109,
        0.9326537251472473,
        0.9328423738479614,
        0.9328457117080688,
        0.9329624176025391,
        0.9331439733505249,
        0.9331021904945374,
        0.9333844184875488,
        0.9333549737930298,
        0.9335137605667114,
        0.9335782527923584,
        0.9335700273513794,
        0.9337877631187439,
        0.9338504076004028,
        0.933912992477417,
        0.933993935585022,
        0.9339823722839355
    ],
    "val_loss": [
        0.32490238547325134,
        0.2670198976993561,
        0.24556288123130798,
        0.23680099844932556,
        0.23151683807373047,
        0.22818870842456818,
        0.22480174899101257,
        0.22350367903709412,
        0.22108358144760132,
        0.21984432637691498,
        0.21930117905139923,
        0.21726146340370178,
        0.21750879287719727,
        0.21741849184036255,
        0.21675269305706024,
        0.2179282009601593,
        0.2182442992925644,
        0.2155735343694687,
        0.21562859416007996,
        0.21485164761543274,
        0.21465377509593964,
        0.21267379820346832,
        0.2138274610042572,
        0.21319788694381714,
        0.21307262778282166,
        0.21252907812595367,
        0.21121683716773987,
        0.21162717044353485,
        0.21056556701660156,
        0.2103089690208435,
        0.2109949290752411,
        0.20941482484340668,
        0.21016959846019745,
        0.20875687897205353,
        0.20902372896671295
    ],
    "val_binary_accuracy": [
        0.8850928544998169,
        0.9095379710197449,
        0.9190000891685486,
        0.9243335127830505,
        0.9268385171890259,
        0.9284666776657104,
        0.9296428561210632,
        0.9300751686096191,
        0.9307615160942078,
        0.931800127029419,
        0.9314826130867004,
        0.9320601224899292,
        0.9324456453323364,
        0.9324773550033569,
        0.9330004453659058,
        0.9330593943595886,
        0.9335114359855652,
        0.9334464073181152,
        0.9337276220321655,
        0.9338062405586243,
        0.9337018728256226,
        0.9341962337493896,
        0.9342793822288513,
        0.9340072870254517,
        0.9343701004981995,
        0.9345333576202393,
        0.9344850182533264,
        0.9344758987426758,
        0.9345016479492188,
        0.9344668388366699,
        0.9346316456794739,
        0.9348538517951965,
        0.9349823594093323,
        0.9347057342529297,
        0.9348674416542053
    ]
}