{
    "loss": [
        0.32052934169769287,
        0.24452520906925201,
        0.23676826059818268,
        0.2328309565782547,
        0.22926373779773712,
        0.22647295892238617,
        0.2240668386220932,
        0.22309789061546326,
        0.22023586928844452,
        0.2183266282081604,
        0.21654309332370758,
        0.21595193445682526,
        0.2146184742450714,
        0.21335941553115845,
        0.21271371841430664,
        0.21291255950927734,
        0.21205201745033264,
        0.2116730660200119,
        0.21150623261928558,
        0.21078510582447052,
        0.20974236726760864,
        0.21006910502910614,
        0.2088010013103485,
        0.2087530493736267,
        0.20879915356636047,
        0.20814873278141022,
        0.20838762819766998,
        0.20757153630256653,
        0.20768384635448456,
        0.20820292830467224,
        0.2067098319530487,
        0.20761513710021973,
        0.2065960019826889,
        0.20698346197605133
    ],
    "binary_accuracy": [
        0.8805176615715027,
        0.9239975810050964,
        0.9271759986877441,
        0.9280908107757568,
        0.9290600419044495,
        0.9300374984741211,
        0.9302768111228943,
        0.9304580092430115,
        0.9304710626602173,
        0.9311674237251282,
        0.9313482046127319,
        0.9314112067222595,
        0.932122528553009,
        0.931908905506134,
        0.931955873966217,
        0.931963324546814,
        0.9321616291999817,
        0.9321582913398743,
        0.9322220683097839,
        0.932141900062561,
        0.9324613809585571,
        0.932437539100647,
        0.9327741265296936,
        0.9328323006629944,
        0.9325546026229858,
        0.9325661063194275,
        0.932627260684967,
        0.9329001307487488,
        0.932774543762207,
        0.9326239228248596,
        0.9328274726867676,
        0.9325918555259705,
        0.9329351782798767,
        0.9327551126480103
    ],
    "val_loss": [
        0.2450709342956543,
        0.23456241190433502,
        0.22689324617385864,
        0.2243514358997345,
        0.2217622995376587,
        0.22045840322971344,
        0.21854446828365326,
        0.21598605811595917,
        0.21409620344638824,
        0.2135479897260666,
        0.21109415590763092,
        0.2116183042526245,
        0.21197085082530975,
        0.21174153685569763,
        0.21205341815948486,
        0.20862165093421936,
        0.20789609849452972,
        0.2114010900259018,
        0.20876356959342957,
        0.20675966143608093,
        0.20896495878696442,
        0.2060302197933197,
        0.20669107139110565,
        0.2034676969051361,
        0.20458193123340607,
        0.20550110936164856,
        0.20762240886688232,
        0.20574000477790833,
        0.20572789013385773,
        0.2054264396429062,
        0.2055872082710266,
        0.2061660885810852,
        0.20587368309497833,
        0.20350296795368195
    ],
    "val_binary_accuracy": [
        0.9219963550567627,
        0.9276654720306396,
        0.930010199546814,
        0.9301568269729614,
        0.931695818901062,
        0.9311001896858215,
        0.9325423836708069,
        0.9323715567588806,
        0.9320707321166992,
        0.9317728877067566,
        0.9334902763366699,
        0.93243807554245,
        0.932537853717804,
        0.9321689605712891,
        0.9336807131767273,
        0.9330911636352539,
        0.933564305305481,
        0.9333723187446594,
        0.9337397217750549,
        0.9335446953773499,
        0.9332030415534973,
        0.9332876801490784,
        0.9340208768844604,
        0.9344260096549988,
        0.9341796040534973,
        0.9330956935882568,
        0.9337276220321655,
        0.9339558482170105,
        0.9337336421012878,
        0.933564305305481,
        0.934013307094574,
        0.9340767860412598,
        0.9338545799255371,
        0.9342476725578308
    ]
}