{
    "loss": [
        0.6225326657295227,
        0.44540444016456604,
        0.35006067156791687,
        0.32811617851257324,
        0.31619659066200256,
        0.30924344062805176,
        0.31391364336013794,
        0.30551987886428833,
        0.3024199306964874,
        0.30104541778564453,
        0.29734766483306885,
        0.29644155502319336,
        0.29446619749069214,
        0.29209619760513306,
        0.2896742820739746,
        0.2874494194984436,
        0.28581860661506653,
        0.28502222895622253,
        0.2830292284488678,
        0.2801114618778229,
        0.27911117672920227,
        0.27921998500823975,
        0.27899616956710815,
        0.2782871723175049,
        0.27808988094329834,
        0.2773287296295166,
        0.27729320526123047,
        0.27701473236083984,
        0.2763780951499939,
        0.2757536768913269,
        0.27512630820274353,
        0.2746894061565399,
        0.27429133653640747,
        0.27474409341812134,
        0.2732903063297272
    ],
    "binary_accuracy": [
        0.6967019438743591,
        0.8248818516731262,
        0.8459023237228394,
        0.858260989189148,
        0.8693842887878418,
        0.8755252361297607,
        0.8784375190734863,
        0.8816568851470947,
        0.8839905858039856,
        0.8855428695678711,
        0.8871182799339294,
        0.8881035447120667,
        0.889350175857544,
        0.8907946944236755,
        0.8924047946929932,
        0.8939168453216553,
        0.895047128200531,
        0.8956804871559143,
        0.8973408937454224,
        0.900097668170929,
        0.9006829261779785,
        0.9012089371681213,
        0.9016995429992676,
        0.9020529389381409,
        0.9022926688194275,
        0.9025159478187561,
        0.9027001261711121,
        0.9028477668762207,
        0.9032127261161804,
        0.9034069180488586,
        0.9036816954612732,
        0.9039281010627747,
        0.9042136669158936,
        0.9044358134269714,
        0.9044395685195923
    ],
    "val_loss": [
        0.5217649936676025,
        0.35099175572395325,
        0.3173890709877014,
        0.30378463864326477,
        0.29575908184051514,
        0.29260900616645813,
        0.2899918854236603,
        0.2871756851673126,
        0.28516846895217896,
        0.28262993693351746,
        0.28098490834236145,
        0.27872660756111145,
        0.27646034955978394,
        0.27245548367500305,
        0.2698447108268738,
        0.2668190896511078,
        0.2649882733821869,
        0.2632558345794678,
        0.2608351409435272,
        0.25983649492263794,
        0.25896069407463074,
        0.257768839597702,
        0.25808513164520264,
        0.25750163197517395,
        0.2563995122909546,
        0.25617414712905884,
        0.2568832039833069,
        0.2564237117767334,
        0.2560129165649414,
        0.2556268870830536,
        0.25469744205474854,
        0.25428280234336853,
        0.2546219229698181,
        0.25359758734703064,
        0.2537807524204254
    ],
    "val_binary_accuracy": [
        0.8083016872406006,
        0.8511236906051636,
        0.8630937933921814,
        0.8687900900840759,
        0.8761402368545532,
        0.8771803379058838,
        0.8797382116317749,
        0.8839923143386841,
        0.8850036859512329,
        0.8890188932418823,
        0.889262318611145,
        0.8929872512817383,
        0.8956162333488464,
        0.8985459804534912,
        0.9010706543922424,
        0.902798593044281,
        0.9031780362129211,
        0.9044962525367737,
        0.9084736704826355,
        0.9102046489715576,
        0.9101200103759766,
        0.9106339812278748,
        0.9106929302215576,
        0.9112613797187805,
        0.911742091178894,
        0.911841869354248,
        0.9117662906646729,
        0.9119144678115845,
        0.9118131995201111,
        0.9118751287460327,
        0.9124753475189209,
        0.9131646752357483,
        0.9121971726417542,
        0.9134292602539062,
        0.9132735133171082
    ]
}