{
    "loss": [
        0.33513033390045166,
        0.2395702451467514,
        0.2294587641954422,
        0.2236969918012619,
        0.22066685557365417,
        0.21715620160102844,
        0.21440614759922028,
        0.21347050368785858,
        0.21182478964328766,
        0.21036799252033234,
        0.20980434119701385,
        0.2085726410150528,
        0.20735523104667664,
        0.2069479376077652,
        0.20624788105487823,
        0.20513629913330078,
        0.20443987846374512,
        0.20384334027767181,
        0.2029227316379547,
        0.2017425149679184,
        0.20176902413368225,
        0.2015533596277237,
        0.20050156116485596,
        0.2006085067987442,
        0.20014289021492004,
        0.19941620528697968,
        0.19898584485054016,
        0.1983368694782257,
        0.19861462712287903,
        0.19819216430187225,
        0.19783969223499298,
        0.19706211984157562,
        0.1975432187318802,
        0.19673623144626617,
        0.19616536796092987
    ],
    "binary_accuracy": [
        0.872204065322876,
        0.925140917301178,
        0.9292169809341431,
        0.9307230710983276,
        0.9314388036727905,
        0.9321172833442688,
        0.9329236149787903,
        0.9330850839614868,
        0.933398962020874,
        0.9334731101989746,
        0.9339838624000549,
        0.933923065662384,
        0.9340912103652954,
        0.9342294931411743,
        0.9344740509986877,
        0.9343793988227844,
        0.9345251321792603,
        0.9347104430198669,
        0.9346038103103638,
        0.9347584843635559,
        0.9348859786987305,
        0.9348915815353394,
        0.9350131154060364,
        0.9350067973136902,
        0.9351898431777954,
        0.93526291847229,
        0.935135006904602,
        0.9353143572807312,
        0.9351488351821899,
        0.9352942109107971,
        0.9354824423789978,
        0.9353769421577454,
        0.9354865550994873,
        0.9355428814888,
        0.9355384111404419
    ],
    "val_loss": [
        0.2424919605255127,
        0.22809220850467682,
        0.22090722620487213,
        0.21801689267158508,
        0.21327947080135345,
        0.21242459118366241,
        0.21157845854759216,
        0.20890243351459503,
        0.20843282341957092,
        0.20905068516731262,
        0.20564474165439606,
        0.20628142356872559,
        0.20623067021369934,
        0.20561449229717255,
        0.2041758894920349,
        0.20315951108932495,
        0.20167385041713715,
        0.20346717536449432,
        0.20103538036346436,
        0.20011955499649048,
        0.20139190554618835,
        0.20021279156208038,
        0.19851168990135193,
        0.19915437698364258,
        0.19773410260677338,
        0.199147567152977,
        0.19668005406856537,
        0.1964985728263855,
        0.19742757081985474,
        0.19618093967437744,
        0.19636593759059906,
        0.197952002286911,
        0.19529925286769867,
        0.19588662683963776,
        0.19529511034488678
    ],
    "val_binary_accuracy": [
        0.9206796288490295,
        0.9299315810203552,
        0.9288899898529053,
        0.9322793483734131,
        0.9325801730155945,
        0.9333527088165283,
        0.93391352891922,
        0.9344865083694458,
        0.9345409274101257,
        0.9350594282150269,
        0.9349732995033264,
        0.9349158406257629,
        0.9352756142616272,
        0.9348357319831848,
        0.9352665543556213,
        0.9350065588951111,
        0.9355326294898987,
        0.9357745051383972,
        0.9353693723678589,
        0.9353482127189636,
        0.9356248378753662,
        0.9357352256774902,
        0.9356309175491333,
        0.9357155561447144,
        0.9358818531036377,
        0.9363111853599548,
        0.935609757900238,
        0.9358455538749695,
        0.9353119134902954,
        0.9357972145080566,
        0.9362235069274902,
        0.9359771013259888,
        0.9362885355949402,
        0.9362582564353943,
        0.9359695315361023
    ]
}