{
    "loss": [
        0.4733968675136566,
        0.3238631784915924,
        0.2759760618209839,
        0.2565082311630249,
        0.24692027270793915,
        0.2403310388326645,
        0.2356841266155243,
        0.23127292096614838,
        0.22841159999370575,
        0.2252771258354187,
        0.22384628653526306,
        0.22242367267608643,
        0.2207251489162445,
        0.21882696449756622,
        0.21792741119861603,
        0.2169521600008011,
        0.21607893705368042,
        0.21577230095863342,
        0.21497632563114166,
        0.2138662040233612,
        0.2130022943019867,
        0.21236363053321838,
        0.21159766614437103,
        0.2111656218767166,
        0.21015913784503937,
        0.20892907679080963,
        0.2083076536655426,
        0.20797725021839142,
        0.20801247656345367,
        0.20668895542621613,
        0.2067018747329712,
        0.20563387870788574,
        0.20524738729000092,
        0.20551882684230804,
        0.20483389496803284
    ],
    "binary_accuracy": [
        0.776337206363678,
        0.8879581689834595,
        0.9080731272697449,
        0.9162063002586365,
        0.9207908511161804,
        0.9235987067222595,
        0.925457775592804,
        0.926765501499176,
        0.9280110001564026,
        0.928909420967102,
        0.9294768571853638,
        0.9300717711448669,
        0.9303808212280273,
        0.9307569861412048,
        0.9312199950218201,
        0.9315100312232971,
        0.9317157864570618,
        0.9321232438087463,
        0.9321016669273376,
        0.9324434995651245,
        0.932599663734436,
        0.9327912926673889,
        0.9330064058303833,
        0.9328811168670654,
        0.9331204891204834,
        0.933241605758667,
        0.9333128333091736,
        0.933371365070343,
        0.9335182309150696,
        0.9336293339729309,
        0.9336584210395813,
        0.9338973760604858,
        0.9339439868927002,
        0.9338858127593994,
        0.9340013861656189
    ],
    "val_loss": [
        0.36050480604171753,
        0.2802007794380188,
        0.25592005252838135,
        0.2438724786043167,
        0.23603758215904236,
        0.23270849883556366,
        0.22845354676246643,
        0.22547996044158936,
        0.22314630448818207,
        0.22097148001194,
        0.2193649709224701,
        0.21830356121063232,
        0.21779528260231018,
        0.2151677906513214,
        0.21392770111560822,
        0.2141999900341034,
        0.21277551352977753,
        0.21225880086421967,
        0.21164141595363617,
        0.21069112420082092,
        0.21108794212341309,
        0.20945321023464203,
        0.21036739647388458,
        0.21020977199077606,
        0.20652708411216736,
        0.20656529068946838,
        0.20547787845134735,
        0.20675264298915863,
        0.20534110069274902,
        0.20566363632678986,
        0.20516455173492432,
        0.20449583232402802,
        0.20367677509784698,
        0.20406679809093475,
        0.203420028090477
    ],
    "val_binary_accuracy": [
        0.8662714958190918,
        0.9043118357658386,
        0.9145025610923767,
        0.9206962585449219,
        0.9235519766807556,
        0.926440954208374,
        0.9270879626274109,
        0.9283638596534729,
        0.9300540089607239,
        0.9304304718971252,
        0.9311787486076355,
        0.9314448237419128,
        0.9312029480934143,
        0.9318817257881165,
        0.932637631893158,
        0.9325348138809204,
        0.9329127669334412,
        0.9327600598335266,
        0.9337260723114014,
        0.9335190057754517,
        0.9336383938789368,
        0.9338153004646301,
        0.9339921474456787,
        0.9337759613990784,
        0.9337941408157349,
        0.9342567324638367,
        0.9342173933982849,
        0.9338153004646301,
        0.9345454573631287,
        0.934772253036499,
        0.9348840713500977,
        0.9348523616790771,
        0.9351546764373779,
        0.9347374439239502,
        0.9347193241119385
    ]
}