{
    "loss": [
        0.42204931378364563,
        0.2852574288845062,
        0.2585095763206482,
        0.24918824434280396,
        0.24438592791557312,
        0.24078567326068878,
        0.23858067393302917,
        0.23602959513664246,
        0.23451754450798035,
        0.2331414371728897,
        0.23274052143096924,
        0.23182539641857147,
        0.23065586388111115,
        0.23076607286930084,
        0.22938062250614166,
        0.22921165823936462,
        0.2282601147890091,
        0.22718536853790283,
        0.2266150861978531,
        0.226155087351799,
        0.22556351125240326,
        0.22502775490283966,
        0.22454144060611725,
        0.22385136783123016,
        0.22335709631443024,
        0.22251076996326447,
        0.22226975858211517,
        0.2216225117444992,
        0.2213684469461441,
        0.2205541431903839,
        0.22054938971996307,
        0.219911590218544,
        0.21945615112781525,
        0.21909981966018677,
        0.21898704767227173
    ],
    "binary_accuracy": [
        0.818000853061676,
        0.9009860157966614,
        0.9152608513832092,
        0.9198268055915833,
        0.9223598837852478,
        0.9243062138557434,
        0.925636351108551,
        0.9267945885658264,
        0.9275122284889221,
        0.928171694278717,
        0.9287051558494568,
        0.9289090633392334,
        0.9290056228637695,
        0.9294208884239197,
        0.9296125173568726,
        0.9299230575561523,
        0.9298272728919983,
        0.9300363659858704,
        0.9301221370697021,
        0.9302466511726379,
        0.9305243492126465,
        0.9305687546730042,
        0.9307592511177063,
        0.9308125376701355,
        0.9308867454528809,
        0.9310898780822754,
        0.9313061237335205,
        0.9313012361526489,
        0.9312542676925659,
        0.9313698410987854,
        0.9314675331115723,
        0.9315487742424011,
        0.9316632151603699,
        0.9318667650222778,
        0.9319394826889038
    ],
    "val_loss": [
        0.30292680859565735,
        0.25704696774482727,
        0.24495285749435425,
        0.2397584170103073,
        0.2375379502773285,
        0.23461754620075226,
        0.2324388474225998,
        0.2310093343257904,
        0.2285333126783371,
        0.22856491804122925,
        0.22747142612934113,
        0.2265215367078781,
        0.2255527675151825,
        0.2262468785047531,
        0.2243470847606659,
        0.22505491971969604,
        0.2231888324022293,
        0.22233380377292633,
        0.2222260981798172,
        0.22295892238616943,
        0.2204507291316986,
        0.21950961649417877,
        0.22089199721813202,
        0.21996785700321198,
        0.21911276876926422,
        0.21733064949512482,
        0.21771641075611115,
        0.2202649712562561,
        0.2175445556640625,
        0.21641728281974792,
        0.21698245406150818,
        0.21633780002593994,
        0.21578218042850494,
        0.21513040363788605,
        0.2155989110469818
    ],
    "val_binary_accuracy": [
        0.8896795511245728,
        0.9136121869087219,
        0.9204165935516357,
        0.9236441850662231,
        0.9256517887115479,
        0.9275127649307251,
        0.9277365207672119,
        0.9294055104255676,
        0.9300857782363892,
        0.9306602478027344,
        0.9310033917427063,
        0.931086540222168,
        0.9313889145851135,
        0.931999683380127,
        0.9318258166313171,
        0.9321054816246033,
        0.9321130514144897,
        0.9315884709358215,
        0.9308688640594482,
        0.9326602816581726,
        0.932537853717804,
        0.9324955344200134,
        0.93293696641922,
        0.932682991027832,
        0.9322657585144043,
        0.933236300945282,
        0.9329959154129028,
        0.9329520463943481,
        0.9332090616226196,
        0.9329354166984558,
        0.9332030415534973,
        0.9333572387695312,
        0.9334328174591064,
        0.933385968208313,
        0.9336686134338379
    ]
}