{
    "loss": [
        0.4893307685852051,
        0.31260278820991516,
        0.270907461643219,
        0.25547924637794495,
        0.24643634259700775,
        0.24135155975818634,
        0.23747511208057404,
        0.23428942263126373,
        0.2327134758234024,
        0.23065415024757385,
        0.22909457981586456,
        0.22777779400348663,
        0.22704505920410156,
        0.2263626903295517,
        0.2250613421201706,
        0.22423145174980164,
        0.2232508510351181,
        0.22299329936504364,
        0.2219841629266739,
        0.22149156033992767,
        0.22115488350391388,
        0.2197953313589096,
        0.21948322653770447,
        0.21906675398349762,
        0.21854011714458466,
        0.2180737406015396,
        0.21765492856502533,
        0.21714022755622864,
        0.21627745032310486,
        0.21551215648651123,
        0.21558044850826263,
        0.21494857966899872,
        0.21424442529678345,
        0.21404381096363068,
        0.21385197341442108
    ],
    "binary_accuracy": [
        0.7733470797538757,
        0.8880017995834351,
        0.9097599983215332,
        0.918218195438385,
        0.9224810600280762,
        0.9247453808784485,
        0.9263398051261902,
        0.9271573424339294,
        0.9280147552490234,
        0.9286302328109741,
        0.9290652871131897,
        0.9293463230133057,
        0.9299182295799255,
        0.93015456199646,
        0.930554211139679,
        0.930716335773468,
        0.9309034943580627,
        0.9312736988067627,
        0.9313926100730896,
        0.9316248297691345,
        0.9317858815193176,
        0.9319047927856445,
        0.9321866035461426,
        0.9322895407676697,
        0.932384192943573,
        0.9325739741325378,
        0.932822585105896,
        0.9328736662864685,
        0.933007538318634,
        0.9331145286560059,
        0.9333012700080872,
        0.9333661198616028,
        0.9334138631820679,
        0.9335577487945557,
        0.9336945414543152
    ],
    "val_loss": [
        0.34099841117858887,
        0.27156195044517517,
        0.25096777081489563,
        0.24243327975273132,
        0.23814362287521362,
        0.23434039950370789,
        0.23080582916736603,
        0.22885151207447052,
        0.22946502268314362,
        0.2270096093416214,
        0.22483205795288086,
        0.2234645038843155,
        0.22442135214805603,
        0.22271743416786194,
        0.22343502938747406,
        0.22223953902721405,
        0.22023753821849823,
        0.22085534036159515,
        0.2197149246931076,
        0.21828536689281464,
        0.2177731990814209,
        0.21879544854164124,
        0.21705177426338196,
        0.2175772786140442,
        0.2146792858839035,
        0.21703538298606873,
        0.2148255705833435,
        0.2149491161108017,
        0.21548378467559814,
        0.2139936089515686,
        0.21531854569911957,
        0.21357384324073792,
        0.21493862569332123,
        0.2109391987323761,
        0.21218082308769226
    ],
    "val_binary_accuracy": [
        0.8732996582984924,
        0.9052854180335999,
        0.9180914759635925,
        0.9228898286819458,
        0.9263275265693665,
        0.9275414943695068,
        0.9282248020172119,
        0.9293540716171265,
        0.9300676584243774,
        0.9302369356155396,
        0.9302913546562195,
        0.930633008480072,
        0.9312120079994202,
        0.931535542011261,
        0.9318968653678894,
        0.9319316148757935,
        0.932233989238739,
        0.9324063062667847,
        0.9327540397644043,
        0.9327268004417419,
        0.9328114986419678,
        0.9332045316696167,
        0.9330926537513733,
        0.932932436466217,
        0.9330548644065857,
        0.9336293339729309,
        0.9336504936218262,
        0.9339438080787659,
        0.934262752532959,
        0.9342355728149414,
        0.934223473072052,
        0.9343746304512024,
        0.9344668388366699,
        0.9344003200531006,
        0.9342506527900696
    ]
}