{
    "loss": [
        0.3835482597351074,
        0.2733190655708313,
        0.256207138299942,
        0.24787405133247375,
        0.24212557077407837,
        0.23885788023471832,
        0.23580345511436462,
        0.23374119400978088,
        0.23036184906959534,
        0.22795605659484863,
        0.2262396216392517,
        0.2237434834241867,
        0.22230134904384613,
        0.2206244021654129,
        0.219624862074852,
        0.21857674419879913,
        0.21673549711704254,
        0.2155018001794815,
        0.21520164608955383,
        0.21454842388629913,
        0.21323555707931519,
        0.21284690499305725,
        0.21178652346134186,
        0.21085217595100403,
        0.21071459352970123,
        0.21042393147945404,
        0.21013647317886353,
        0.20971046388149261,
        0.20968961715698242,
        0.2093927562236786,
        0.20894531905651093,
        0.20931102335453033,
        0.2083672732114792,
        0.2080797255039215,
        0.20665322244167328
    ],
    "binary_accuracy": [
        0.8402038216590881,
        0.9091624021530151,
        0.9186719059944153,
        0.9232702851295471,
        0.9255301356315613,
        0.9269299507141113,
        0.9278593063354492,
        0.9287028908729553,
        0.9291815757751465,
        0.9297400116920471,
        0.9300755262374878,
        0.9304561614990234,
        0.9307215809822083,
        0.9310473799705505,
        0.9312811493873596,
        0.9314045310020447,
        0.9314283728599548,
        0.9318481683731079,
        0.9318395853042603,
        0.9320431351661682,
        0.9319573640823364,
        0.932169497013092,
        0.9323621988296509,
        0.9323901534080505,
        0.9323618412017822,
        0.9325087070465088,
        0.9325795769691467,
        0.9326049089431763,
        0.9327048063278198,
        0.932682454586029,
        0.9327312707901001,
        0.9328166246414185,
        0.9330984950065613,
        0.9329575896263123,
        0.9330496191978455
    ],
    "val_loss": [
        0.2770865857601166,
        0.25543951988220215,
        0.24658776819705963,
        0.2381252497434616,
        0.2351471334695816,
        0.23091073334217072,
        0.22884957492351532,
        0.22564512491226196,
        0.22384017705917358,
        0.2211339771747589,
        0.21847103536128998,
        0.21702145040035248,
        0.2179408073425293,
        0.21713124215602875,
        0.21375936269760132,
        0.21650099754333496,
        0.2114238142967224,
        0.21112532913684845,
        0.21284683048725128,
        0.21025888621807098,
        0.20994003117084503,
        0.21071383357048035,
        0.20847323536872864,
        0.20829783380031586,
        0.20853333175182343,
        0.2068905234336853,
        0.21178767085075378,
        0.20627115666866302,
        0.20645497739315033,
        0.20640568435192108,
        0.2052849531173706,
        0.20548368990421295,
        0.2057029902935028,
        0.20359258353710175,
        0.20345720648765564
    ],
    "val_binary_accuracy": [
        0.904423713684082,
        0.9175472855567932,
        0.9246615767478943,
        0.926445484161377,
        0.9282429218292236,
        0.9278650283813477,
        0.9297350645065308,
        0.931136429309845,
        0.9309656023979187,
        0.9319512844085693,
        0.931919515132904,
        0.9317260384559631,
        0.9324970245361328,
        0.9325847029685974,
        0.9330563545227051,
        0.9332665205001831,
        0.9334887266159058,
        0.9332786202430725,
        0.933336079120636,
        0.9334554672241211,
        0.9335582852363586,
        0.9335507154464722,
        0.9338757395744324,
        0.9336716532707214,
        0.9333829283714294,
        0.9340208768844604,
        0.933231770992279,
        0.9336792230606079,
        0.9342446327209473,
        0.9340118169784546,
        0.9343489408493042,
        0.9340481162071228,
        0.9344637989997864,
        0.9341599345207214,
        0.9338319301605225
    ]
}