{
    "input_bits": 12,
    "input_int_bits": 4,
    "spatial_units": 96,
    "nmodule_xlocal_units": 8,
    "dense2_ratio": 0.30000000000000004,
    "dense3_ratio": 0.30000000000000004,
    "dropout_rate": 0.05,
    "learning_rate": 0.00017076822487633532
}