{
    "input_bits": 14,
    "input_int_bits": 3,
    "spatial_units": 72,
    "nmodule_xlocal_units": 4,
    "dense2_ratio": 0.4,
    "dense3_ratio": 0.6000000000000001,
    "dropout_rate": 0.05,
    "learning_rate": 0.0005023417731597384
}