{
    "loss": [
        0.497622013092041,
        0.35658979415893555,
        0.3018557131290436,
        0.27603691816329956,
        0.2668191194534302,
        0.2611987590789795,
        0.258420467376709,
        0.2573435306549072,
        0.2566811740398407,
        0.2556353211402893,
        0.2547106146812439,
        0.25282132625579834,
        0.2515934407711029,
        0.25175827741622925,
        0.25102731585502625,
        0.24926741421222687,
        0.24804623425006866,
        0.24621151387691498,
        0.24444817006587982,
        0.24368299543857574,
        0.24351483583450317,
        0.24166585505008698,
        0.24222952127456665,
        0.24321557581424713,
        0.2400878518819809,
        0.2393038421869278,
        0.23890188336372375,
        0.23913948237895966,
        0.23671448230743408,
        0.23592844605445862,
        0.23456428945064545,
        0.23460987210273743,
        0.23252169787883759,
        0.2316512018442154,
        0.22933568060398102,
        0.2280847281217575,
        0.22737851738929749,
        0.2260032743215561,
        0.22546902298927307,
        0.22389891743659973
    ],
    "binary_accuracy": [
        0.7625081539154053,
        0.8736193776130676,
        0.8958922624588013,
        0.9105463027954102,
        0.915675938129425,
        0.9187964797019958,
        0.9202758073806763,
        0.9208059906959534,
        0.9214116334915161,
        0.9218920469284058,
        0.9225798845291138,
        0.9228366613388062,
        0.9231760501861572,
        0.9231379628181458,
        0.923170804977417,
        0.9238254427909851,
        0.9242568612098694,
        0.9248379468917847,
        0.9254443049430847,
        0.9258259534835815,
        0.9260401129722595,
        0.9262818694114685,
        0.9261724948883057,
        0.9259439706802368,
        0.9263923168182373,
        0.9269632697105408,
        0.9268923997879028,
        0.9272065162658691,
        0.9275062680244446,
        0.9279256463050842,
        0.9280500411987305,
        0.9283754825592041,
        0.9288325309753418,
        0.9288193583488464,
        0.9294623136520386,
        0.9295464158058167,
        0.9297217130661011,
        0.9300626516342163,
        0.9300743341445923,
        0.9303047060966492
    ],
    "val_loss": [
        0.3866581916809082,
        0.31432875990867615,
        0.27610841393470764,
        0.2615978717803955,
        0.2570835053920746,
        0.25491663813591003,
        0.2544466257095337,
        0.24960753321647644,
        0.25192001461982727,
        0.24819545447826385,
        0.2574891149997711,
        0.24658352136611938,
        0.2528708875179291,
        0.25327667593955994,
        0.24831172823905945,
        0.2422221451997757,
        0.25241872668266296,
        0.24363233149051666,
        0.2418225258588791,
        0.24095419049263,
        0.23904845118522644,
        0.23867058753967285,
        0.2377827763557434,
        0.2375459522008896,
        0.237400621175766,
        0.23364314436912537,
        0.23829680681228638,
        0.23509171605110168,
        0.23258933424949646,
        0.23114822804927826,
        0.23066261410713196,
        0.23168738186359406,
        0.22949570417404175,
        0.22644446790218353,
        0.2253229320049286,
        0.2267976552248001,
        0.22505544126033783,
        0.22238856554031372,
        0.21840862929821014,
        0.22099308669567108
    ],
    "val_binary_accuracy": [
        0.8594156503677368,
        0.8878140449523926,
        0.9063950181007385,
        0.9132024645805359,
        0.9204967021942139,
        0.9203863739967346,
        0.9217907786369324,
        0.922477126121521,
        0.9244574904441833,
        0.9232586622238159,
        0.9208580255508423,
        0.9228837490081787,
        0.9215927124023438,
        0.9235202074050903,
        0.9252617359161377,
        0.9252844452857971,
        0.9244363307952881,
        0.9268037676811218,
        0.9253569841384888,
        0.9276246428489685,
        0.9272996187210083,
        0.9268218874931335,
        0.9267584085464478,
        0.9279451370239258,
        0.9280872344970703,
        0.9293374419212341,
        0.9273555278778076,
        0.9261038303375244,
        0.927322268486023,
        0.9290320873260498,
        0.9289141893386841,
        0.9300525188446045,
        0.9305680394172668,
        0.9299618005752563,
        0.9300343990325928,
        0.9316549897193909,
        0.9315174221992493,
        0.9300978779792786,
        0.9313601851463318,
        0.9317744374275208
    ]
}