{
  "timestamp": "2026-04-22T16:56:11.546580",
  "metric_name": "weighted_bkg_rej",
  "bkg_rej_weights": {
    "0.95": 0.1,
    "0.98": 0.7,
    "0.99": 0.2
  },
  "total_models": 147,
  "primary_pareto_models": 16,
  "secondary_pareto_models": 11,
  "primary_metric_range": {
    "min": 0.0,
    "max": 0.8967769342174088,
    "mean": 0.7694227209086699
  },
  "parameters_range": {
    "min": 363,
    "max": 17865,
    "mean": 5717.65306122449
  },
  "auc_range": {
    "min": 0.43192071070493016,
    "max": 0.9721636600488694,
    "mean": 0.9130310829114573
  }
}