{
  "timestamp": "2026-05-04T00:58:54.164209",
  "metric_name": "weighted_bkg_rej",
  "bkg_rej_weights": {
    "0.95": 0.1,
    "0.98": 0.7,
    "0.99": 0.2
  },
  "total_models": 120,
  "primary_pareto_models": 10,
  "secondary_pareto_models": 18,
  "primary_metric_range": {
    "min": 0.8299941646182359,
    "max": 0.9252439219812483,
    "mean": 0.9075514576864273
  },
  "parameters_range": {
    "min": 1211,
    "max": 81997,
    "mean": 28256.033333333333
  },
  "auc_range": {
    "min": 0.9469311176420657,
    "max": 0.980866404724509,
    "mean": 0.9746439849098967
  }
}