{
    "loss": [
        0.5124975442886353,
        0.33835166692733765,
        0.2703093886375427,
        0.2529829442501068,
        0.24524571001529694,
        0.2412143498659134,
        0.23897826671600342,
        0.2357165366411209,
        0.23214471340179443,
        0.2287588119506836,
        0.2259858250617981,
        0.22435282170772552,
        0.22277915477752686,
        0.22150889039039612,
        0.22028924524784088,
        0.21935774385929108,
        0.21816936135292053,
        0.2181166112422943,
        0.21687448024749756,
        0.21650740504264832,
        0.21614566445350647,
        0.21613767743110657,
        0.2153938263654709,
        0.21515312790870667,
        0.21397556364536285,
        0.21349264681339264,
        0.2125735878944397,
        0.21144695580005646,
        0.21078653633594513,
        0.21113136410713196,
        0.21004709601402283,
        0.20928554236888885,
        0.2089741826057434,
        0.20906974375247955,
        0.20891544222831726,
        0.207460418343544,
        0.20745806396007538,
        0.20705284178256989,
        0.20663070678710938,
        0.20712465047836304
    ],
    "binary_accuracy": [
        0.7500522136688232,
        0.875864565372467,
        0.9092584848403931,
        0.919494092464447,
        0.923557698726654,
        0.9264078140258789,
        0.9281243681907654,
        0.9296666979789734,
        0.9313492774963379,
        0.9326834678649902,
        0.9337744116783142,
        0.9347537159919739,
        0.935520350933075,
        0.9361271262168884,
        0.9367316365242004,
        0.9373700618743896,
        0.9376344084739685,
        0.9379062652587891,
        0.9381540417671204,
        0.9382739663124084,
        0.9387916922569275,
        0.9386604428291321,
        0.9387117624282837,
        0.9388391971588135,
        0.9391616582870483,
        0.939464807510376,
        0.9397936463356018,
        0.9398604035377502,
        0.9400579929351807,
        0.9402782320976257,
        0.9401949048042297,
        0.9408382177352905,
        0.9406625032424927,
        0.9406839609146118,
        0.940857470035553,
        0.9412786364555359,
        0.9410395622253418,
        0.9412854313850403,
        0.941463828086853,
        0.9412820339202881
    ],
    "val_loss": [
        0.39101022481918335,
        0.27801623940467834,
        0.24687625467777252,
        0.23930390179157257,
        0.23624049127101898,
        0.23114480078220367,
        0.22952201962471008,
        0.2256564199924469,
        0.2261998951435089,
        0.21885667741298676,
        0.21897894144058228,
        0.2167341411113739,
        0.2159452885389328,
        0.21464583277702332,
        0.21531115472316742,
        0.2115304321050644,
        0.21112807095050812,
        0.21109303832054138,
        0.21171630918979645,
        0.209575355052948,
        0.21232616901397705,
        0.2115933895111084,
        0.2098057121038437,
        0.20827153325080872,
        0.20860743522644043,
        0.20594801008701324,
        0.20714478194713593,
        0.20732201635837555,
        0.20539706945419312,
        0.20475448668003082,
        0.2032587230205536,
        0.20348037779331207,
        0.21002255380153656,
        0.20417742431163788,
        0.2103942185640335,
        0.20086032152175903,
        0.20512567460536957,
        0.201195627450943,
        0.20440097153186798,
        0.20291632413864136
    ],
    "val_binary_accuracy": [
        0.8487502336502075,
        0.9030359387397766,
        0.9192525148391724,
        0.9241007566452026,
        0.9269579648971558,
        0.9297970533370972,
        0.930493950843811,
        0.9329838156700134,
        0.9324456453323364,
        0.934472918510437,
        0.9364608526229858,
        0.9367934465408325,
        0.9366739988327026,
        0.9366846084594727,
        0.9390580654144287,
        0.9385576844215393,
        0.9394949674606323,
        0.9401888251304626,
        0.9405985474586487,
        0.9403823614120483,
        0.9411835670471191,
        0.942040741443634,
        0.9413740634918213,
        0.9401223063468933,
        0.9402296543121338,
        0.9416144490242004,
        0.9422070384025574,
        0.9425577521324158,
        0.9431231617927551,
        0.9420982003211975,
        0.9421647191047668,
        0.9430536031723022,
        0.9406090974807739,
        0.9437294006347656,
        0.9421390295028687,
        0.9423279762268066,
        0.9410913586616516,
        0.9428812861442566,
        0.9421964883804321,
        0.9421042203903198
    ]
}