trial_id,parameters,auc,primary_metric
852,501,0.9462170878804075,0.834814855128333
848,325,0.9459519949548214,0.8326572756325947
846,211,0.9432016116686245,0.8296482746318117
830,193,0.942909866211555,0.8266906733667734
840,163,0.9431137918146119,0.8253349297486553
838,65,0.9397098539577329,0.8138256218612147
822,45,0.8952553763354645,0.6389888160222046
832,43,0.863438204643016,0.5872428879395055
827,31,0.8585702297140108,0.5439207718426201
828,19,0.5097136414182923,0.021299445789908132
