trial_id,parameters,auc,primary_metric
841,391,0.9473070944267488,0.8432994397428804
859,205,0.9457428613068252,0.8411708859802685
838,121,0.9401856522253862,0.8347610365814943
839,65,0.9377539414053664,0.8098342812049307
824,61,0.8901482123215011,0.70759174096952
830,43,0.8348289618841114,0.6579057328846438
831,25,0.8117896401087331,0.5640936563655549
828,19,0.7439141814762584,0.4438131347489425
