{
  "timestamp": "2026-07-21T11:28:07.854425",
  "metric_name": "bkg_rej_@99%",
  "bkg_rej_weights": "N/A",
  "total_models": 118,
  "primary_pareto_models": 15,
  "secondary_pareto_models": 17,
  "primary_metric_range": {
    "min": 0.7171744658206876,
    "max": 0.8930371499148881,
    "mean": 0.8490977040306874
  },
  "parameters_range": {
    "min": 377,
    "max": 14399,
    "mean": 5138.322033898305
  },
  "auc_range": {
    "min": 0.890676500263889,
    "max": 0.976550031172517,
    "mean": 0.9631124912336818
  }
}