{
  "timestamp": "2026-06-16T11:20:51.896833",
  "metric_name": "bkg_rej_@99%",
  "bkg_rej_weights": "N/A",
  "total_models": 117,
  "primary_pareto_models": 15,
  "secondary_pareto_models": 19,
  "primary_metric_range": {
    "min": 0.71496125366979,
    "max": 0.8927892217777657,
    "mean": 0.8505396726754222
  },
  "parameters_range": {
    "min": 377,
    "max": 14399,
    "mean": 5039.957264957265
  },
  "auc_range": {
    "min": 0.9053312686003674,
    "max": 0.9765802988142777,
    "mean": 0.9639349976582747
  }
}