{
    "spatial_units": 80,
    "nmodule_xlocal_units": 8,
    "dense2_ratio": 0.4,
    "dense3_ratio": 0.6000000000000001,
    "learning_rate": 0.0005935157243286463
}