{
    "spatial_units": 80,
    "nmodule_xlocal_units": 10,
    "dense2_ratio": 0.30000000000000004,
    "dense3_ratio": 0.5,
    "learning_rate": 0.0029594770617025457
}