{
  "timestamp": "2026-04-29T13:22:19.438805",
  "metric_name": "weighted_bkg_rej",
  "bkg_rej_weights": {
    "0.95": 0.1,
    "0.98": 0.7,
    "0.99": 0.2
  },
  "total_models": 120,
  "primary_pareto_models": 11,
  "secondary_pareto_models": 15,
  "primary_metric_range": {
    "min": 0.0,
    "max": 0.8971494311258659,
    "mean": 0.6997520063534104
  },
  "parameters_range": {
    "min": 1211,
    "max": 81997,
    "mean": 28256.033333333333
  },
  "auc_range": {
    "min": 0.5,
    "max": 0.9702223476903734,
    "mean": 0.8787998060841535
  }
}