{
  "roc_analysis": {
    "timestamp": "2026-02-10T13:02:06.705039",
    "signal_efficiency": 0.98,
    "auc_range": {
      "min": 0.45120183610451436,
      "max": 0.9219370819156529,
      "mean": 0.8718436755775443
    },
    "background_rejection_range": {
      "min": 0.0,
      "max": 0.42353047527906706,
      "mean": 0.2459776309924221
    }
  }
}