{
    "spatial_units": 56,
    "z_global_units": 8,
    "dense2_units": 16,
    "dense3_units": 4,
    "dropout_rate": 0.15000000000000002,
    "learning_rate": 0.00036724670443596247
}