{
  "timestamp": "2026-05-05T20:13:43.444152",
  "metric_name": "weighted_bkg_rej",
  "bkg_rej_weights": {
    "0.95": 0.1,
    "0.98": 0.7,
    "0.99": 0.2
  },
  "total_models": 118,
  "primary_pareto_models": 14,
  "secondary_pareto_models": 15,
  "primary_metric_range": {
    "min": 0.7449786993448044,
    "max": 0.9098493987742675,
    "mean": 0.8721829447272454
  },
  "parameters_range": {
    "min": 377,
    "max": 14399,
    "mean": 5138.322033898305
  },
  "auc_range": {
    "min": 0.890676500263889,
    "max": 0.976550031172517,
    "mean": 0.9631124912336818
  }
}