trial_id,parameters,auc,primary_metric
063,8833,0.9764015364376287,0.9098493987742675
077,8185,0.97645304169985,0.9094980664628818
074,8191,0.976550031172517,0.9090424229230727
065,5141,0.9752097482998409,0.9057700738644437
099,5139,0.9753158525276328,0.905374295899208
102,7051,0.975445708261823,0.9042051030867053
013,5143,0.973721446765831,0.9027955409217484
043,3975,0.9737060779477675,0.9006908729186887
049,3111,0.9697417748101734,0.8897451480161214
027,2957,0.9719683136016197,0.8892656187167602
006,3261,0.9718354271179572,0.88787117412114
087,2637,0.9709529842213148,0.8860464835021965
106,3061,0.9700296628853258,0.8840996429230124
064,2965,0.96943407061155,0.8833866983530919
075,2271,0.9667477536480951,0.8780898044088878
029,1281,0.9660359776425481,0.875212628612721
009,2771,0.9657755136346834,0.8734532458933122
010,1589,0.9629025366111776,0.8730740972543471
020,1527,0.961968760333356,0.8708720721047587
056,1339,0.9605580389284947,0.8668015153851503
022,1311,0.9603732269964488,0.8660674062181586
088,533,0.957596956187444,0.8649780341717537
096,1171,0.9593805857171515,0.864937821437318
033,489,0.956192880317804,0.8600149361585047
066,489,0.9559858383492817,0.8572336057519327
051,391,0.9520147470303766,0.8536072032194375
015,405,0.9103427763670152,0.797792834876837
031,377,0.912897693290551,0.7608315872540748
017,391,0.890676500263889,0.7449786993448044
