{"test_loss": 0.25325366854667664, "test_accuracy": 0.9242504239082336, "roc_auc": 0.9563345365466742, "fpr": [0.0, 0.00048073870490807004, 0.001835272917479236, 0.004762034341070505, 0.007761360097478087, 0.010830226672834635, 0.011897527068007898, 0.013953516497803417, 0.016181846218037678, 0.018540187034567834, 0.019955191524485928, 0.02266425994962826, 0.02318430433481183, 0.025781502746862348, 0.02751095267898446, 0.02925249666657596, 0.031105910667259276, 0.0330318890007589, 0.036261001811084805, 0.037068280013666285, 0.04029739282399219, 0.041059318318563465, 0.04435494843397099, 0.04620533892078696, 0.04799828264412335, 0.051151807607765595, 0.05200443851835727, 0.05486770615073426, 0.05579894842187694, 0.05859267523530497, 0.06040376004184543, 0.06214530402943693, 0.06379311908714069, 0.06545605171418119, 0.06767228737894607, 0.06862167073329282, 0.0706232369134761, 0.0782545859146583, 0.0792462984631479, 0.08016847019268854, 0.08116018274117814, 0.0821035190677902, 0.08296824403385127, 0.08392065090206537, 0.08486398722867743, 0.08582848815236091, 0.0868322947563199, 0.08772725486105443, 0.08872803795114606, 0.08964718616681935, 0.09050284059127837, 0.091346400960268, 0.09219298484312498, 0.09296700439316564, 0.09372288286000224, 0.09452713754871636, 0.09550977955560393, 0.0962384463976344, 0.09710317136369546, 0.09781369712252186, 0.09861492829736863, 0.09948570029116438, 0.10000272116248062, 0.10085232855920494, 0.10146005484654155, 0.10216453357763325, 0.10273900121242906, 0.1033678920968371, 0.1038304897185411, 0.10455613304670422, 0.10508524797348984, 0.1058532204957958, 0.1064337351583263, 0.1071049552368772, 0.10762802313592812, 0.10830529024221369, 0.1088858049047442, 0.10969913013506036, 0.11020708046477455, 0.11092970027907033, 0.11145579169198859, 0.11216329393694764, 0.11259263290611082, 0.11333944083134537, 0.11380506196691671, 0.11452163475347779, 0.11495399723650833, 0.1156312643427939, 0.11610293250609995, 0.11682555232039572, 0.11726698534502829, 0.11798658164545672, 0.11840080304528317, 0.11908714069317079, 0.11956787939807886, 0.12029956975397668, 0.12072588520927251, 0.12146966962063971, 0.1218929615620682, 0.12259139326542522, 0.12297840304044555, 0.12364357609126174, 0.12400942126921065, 0.1245869124178738, 0.12500113381770026, 0.12563607172984298, 0.1260412225880674, 0.12669127806954686, 0.127032935136557, 0.12759833222975078, 0.1279460363244956, 0.12859004477824038, 0.1289498429284546, 0.12954547516032183, 0.129896202768934, 0.13056439933361755, 0.13093629153930114, 0.13154401782663777, 0.13187358083817852, 0.13245711901457635, 0.13287436392827015, 0.13352139589588227, 0.13377537106073936, 0.1343649562648719, 0.1347701071230963, 0.13530829259148397, 0.13562576154755535, 0.13625465243196339, 0.13657212138803473, 0.13712844793962647, 0.13747010500663662, 0.138023408044361, 0.13832878294496298, 0.1389304622045649, 0.13927816629930972, 0.13988891610051368, 0.14021243208431974, 0.1406780532198911, 0.14105599245330938, 0.14160324846329908, 0.1419509525580439, 0.14250123208190094, 0.14286103023211516, 0.143365957047962, 0.1437045906011048, 0.1442851052636353, 0.14463885638611482, 0.14521030050704328, 0.14558521622659423, 0.14621410711100227, 0.14660414039988995, 0.1472209372288286, 0.14756259429583873, 0.1480161213759407, 0.14832451979041003, 0.14892015202227726, 0.14927995017249146, 0.1498755824043587, 0.1502474746100423, 0.15074635439815445, 0.15113034065930744, 0.1516624790999604, 0.1520283242779093, 0.1526148859681745, 0.15295351952131728, 0.1535672928363886, 0.15390894990339873, 0.15434433590029661, 0.15466785188410268, 0.15530883682398008, 0.1556686349741943, 0.1562551966644595, 0.15666337103655126, 0.1571682978523981, 0.15760670736316332, 0.15817512797022443, 0.15851678503723457, 0.1591124172691018, 0.1596082735433466, 0.16008296522051998, 0.16050928067581582, 0.16104141911646877, 0.16141633483601972, 0.16195452030440738, 0.16238385927357055, 0.16290995068648884, 0.16344813615487647, 0.16393189837365188, 0.16440659005082528, 0.16490849335280477, 0.16550714909853934, 0.1659153234706311, 0.16645350893901875, 0.16691913007459008, 0.16737265715469204, 0.16783525477639602, 0.16829180537036534, 0.1688178967832836, 0.1693530587378039, 0.16974309202669158, 0.17048082941032408, 0.17069247538103832, 0.17142416573693614, 0.1717476817207422, 0.17255193640945635, 0.17298732240635423, 0.1737280833038541, 0.17396996441324178, 0.17475003099101713, 0.17504331183614974, 0.17588384869127202, 0.17638272847938416, 0.17724442993157788, 0.1774863110409656, 0.1783601065486287, 0.1786412933382919, 0.1794425245131387, 0.17992326321804675, 0.18076380007316903, 0.18102684577962816, 0.18189157074568924, 0.18208809914706675, 0.1829014243773829, 0.183391233623893, 0.18430735832569897, 0.18458249808762747, 0.18548652873396404, 0.18574957444042317, 0.1866445345451577, 0.18713132027780047, 0.18800813929933088, 0.18827723203352473, 0.1892084743046674, 0.18947152001112652, 0.19054486743403448, 0.19114352317976907, 0.1921231416727893, 0.19235292872670762, 0.19333557073359517, 0.19353512264884004, 0.19452078816959495, 0.195001526874503, 0.19603556861713547, 0.19625628512945176, 0.1972117155115332, 0.1974535966209209, 0.19852089701609416, 0.1990772235676859, 1.0],