{
  "timestamp": "2026-04-27T09:59:02.924727",
  "metric_name": "weighted_bkg_rej",
  "bkg_rej_weights": {
    "0.95": 0.1,
    "0.98": 0.7,
    "0.99": 0.2
  },
  "total_models": 38,
  "primary_pareto_models": 8,
  "secondary_pareto_models": 12,
  "primary_metric_range": {
    "min": 0.31433115337983497,
    "max": 0.8432994397428804,
    "mean": 0.7517530174270565
  },
  "parameters_range": {
    "min": 19,
    "max": 595,
    "mean": 178.47368421052633
  },
  "auc_range": {
    "min": 0.7439141814762584,
    "max": 0.9477338135035621,
    "mean": 0.9120841241025643
  }
}