{
    "input_bits": 16,
    "input_int_bits": 1,
    "spatial_units": 8,
    "nmodule_xlocal_units": 2,
    "dense2_ratio": 0.6000000000000001,
    "dense3_ratio": 0.2,
    "dropout_rate": 0.0,
    "learning_rate": 0.000989402078616141
}