{
  "timestamp": "2026-04-22T17:02:31.334054",
  "metric_name": "weighted_bkg_rej",
  "bkg_rej_weights": {
    "0.95": 0.1,
    "0.98": 0.7,
    "0.99": 0.2
  },
  "total_models": 148,
  "primary_pareto_models": 13,
  "secondary_pareto_models": 16,
  "primary_metric_range": {
    "min": 0.0,
    "max": 0.9028505688741342,
    "mean": 0.7575601595500095
  },
  "parameters_range": {
    "min": 363,
    "max": 17865,
    "mean": 5727.2972972972975
  },
  "auc_range": {
    "min": 0.39327495812371654,
    "max": 0.97407871931053,
    "mean": 0.904979524134124
  }
}