{
    "input_bits": 8,
    "input_int_bits": 1,
    "spatial_units": 128,
    "nmodule_xlocal_units": 8,
    "dense2_ratio": 0.6000000000000001,
    "dense3_ratio": 0.30000000000000004,
    "dropout_rate": 0.0,
    "learning_rate": 0.004729436202637011
}