{
    "input_bits": 8,
    "input_int_bits": 4,
    "spatial_units": 16,
    "nmodule_xlocal_units": 6,
    "dense2_ratio": 0.6000000000000001,
    "dense3_ratio": 0.6000000000000001,
    "dropout_rate": 0.1,
    "learning_rate": 0.004662173581831988
}