{
  "timestamp": "2026-04-21T13:36:54.987700",
  "metric_name": "weighted_bkg_rej",
  "bkg_rej_weights": {
    "0.95": 0.1,
    "0.98": 0.7,
    "0.99": 0.2
  },
  "total_models": 100,
  "primary_pareto_models": 15,
  "secondary_pareto_models": 11,
  "primary_metric_range": {
    "min": 0.8116438542545374,
    "max": 0.8882545556795196,
    "mean": 0.873064863442996
  },
  "parameters_range": {
    "min": 4291,
    "max": 90207,
    "mean": 35345.66
  },
  "auc_range": {
    "min": 0.9470532396526683,
    "max": 0.9676907926704175,
    "mean": 0.9629514243789459
  }
}