{
    "spatial_units": 32,
    "nmodule_xlocal_units": 6,
    "dense2_ratio": 0.30000000000000004,
    "dense3_ratio": 0.30000000000000004,
    "learning_rate": 0.0006395336132829274
}