{
    "spatial_units": 16,
    "nmodule_xlocal_units": 4,
    "dense2_ratio": 0.30000000000000004,
    "dense3_ratio": 0.30000000000000004,
    "learning_rate": 0.00034567193401750996
}