{
    "spatial_units": 80,
    "nmodule_xlocal_units": 6,
    "dense2_ratio": 0.6000000000000001,
    "dense3_ratio": 0.6000000000000001,
    "learning_rate": 0.002606977587599251
}