trial_id,hp_tag,parameters,auc,primary_metric
hp5q_trial_000,hp5q,501,0.9467375435660828,0.8389198799060291
hp5q_trial_005,hp5q,267,0.9426695701841641,0.8363925246643144
hp3q_trial_008,hp3q,193,0.9445982833523752,0.8338618435573455
hp3q_trial_006,hp3q,121,0.9388993287785602,0.8282063608684741
hp4q_trial_009,hp4q,85,0.9354657172485851,0.8149165056645532
hp2q_trial_004,hp2q,61,0.8822279981596747,0.6986877949815717
hp2q_trial_002,hp2q,45,0.8534839025694644,0.5772801073952125
hp3q_trial_005,hp3q,43,0.8392737985471621,0.5495895579925077
hp2q_trial_008,hp2q,19,0.7808397630276929,0.5215077658953683
