{
    "spatial_units": 128,
    "nmodule_xlocal_units": 8,
    "dense2_ratio": 0.4,
    "dense3_ratio": 0.30000000000000004,
    "dropout_rate": 0.0,
    "learning_rate": 0.007755867889032286
}