{
    "spatial_units": 128,
    "nmodule_xlocal_units": 6,
    "dense2_ratio": 0.30000000000000004,
    "dense3_ratio": 0.2,
    "dropout_rate": 0.05,
    "learning_rate": 0.0033908415191823255
}