{
    "spatial_units": 48,
    "nmodule_xlocal_units": 2,
    "dense2_ratio": 0.6000000000000001,
    "dense3_ratio": 0.5,
    "dropout_rate": 0.05,
    "learning_rate": 0.00019787164170253032
}