{
    "spatial_units": 192,
    "z_global_units": 20,
    "dense2_units": 32,
    "dense3_units": 24,
    "dropout_rate": 0.15000000000000002,
    "learning_rate": 0.009339162607282521
}