{
    "spatial_units": 192,
    "z_global_units": 12,
    "dense2_units": 32,
    "dense3_units": 32,
    "dropout_rate": 0.15000000000000002,
    "learning_rate": 0.0028652697828724623
}