{
    "loss": [
        0.5418413877487183,
        0.4039700925350189,
        0.34121009707450867,
        0.3049444556236267,
        0.28424733877182007,
        0.27334243059158325,
        0.2677311897277832,
        0.2633250951766968,
        0.26171550154685974,
        0.26030075550079346,
        0.2589341700077057,
        0.2588622272014618,
        0.25761860609054565,
        0.25681182742118835,
        0.2562026083469391,
        0.2568235993385315,
        0.2548234760761261,
        0.2544530928134918,
        0.2544558644294739,
        0.25459375977516174,
        0.25342926383018494,
        0.2524876594543457,
        0.2522987127304077,
        0.2515890300273895,
        0.2514362037181854,
        0.25067782402038574,
        0.2504599094390869,
        0.2494867742061615,
        0.24837440252304077,
        0.24847938120365143,
        0.24828073382377625,
        0.2483430802822113,
        0.24790149927139282,
        0.24808990955352783,
        0.2470971643924713,
        0.24662275612354279,
        0.2466256022453308,
        0.2465246617794037,
        0.2457549124956131,
        0.2452387660741806
    ],
    "binary_accuracy": [
        0.7263979911804199,
        0.8451797366142273,
        0.8763936758041382,
        0.8925907611846924,
        0.9038972854614258,
        0.9106876850128174,
        0.9146317839622498,
        0.9172918200492859,
        0.9184005260467529,
        0.919190526008606,
        0.9198979735374451,
        0.9201977252960205,
        0.9208799004554749,
        0.9211344718933105,
        0.9215047955513,
        0.9214369058609009,
        0.921872079372406,
        0.9221956133842468,
        0.9223932027816772,
        0.9223807454109192,
        0.9226134419441223,
        0.9231541752815247,
        0.9230210781097412,
        0.9231790900230408,
        0.9231756925582886,
        0.9235780835151672,
        0.923650860786438,
        0.923586368560791,
        0.9239559173583984,
        0.9238789677619934,
        0.9240701794624329,
        0.9241538643836975,
        0.9242228865623474,
        0.9242662787437439,
        0.924488365650177,
        0.9246867299079895,
        0.9247945547103882,
        0.9247233271598816,
        0.9249759316444397,
        0.9251663684844971
    ],
    "val_loss": [
        0.4359742999076843,
        0.3522622883319855,
        0.3075573444366455,
        0.2797219157218933,
        0.2680906653404236,
        0.2612997889518738,
        0.25899749994277954,
        0.2562743127346039,
        0.2540997564792633,
        0.2561246156692505,
        0.25374874472618103,
        0.2527722418308258,
        0.25331464409828186,
        0.25168877840042114,
        0.25277024507522583,
        0.25239744782447815,
        0.25179368257522583,
        0.2500276267528534,
        0.25159046053886414,
        0.25040403008461,
        0.25000154972076416,
        0.25018608570098877,
        0.24955570697784424,
        0.24878114461898804,
        0.24948640167713165,
        0.24740317463874817,
        0.24945522844791412,
        0.2456960529088974,
        0.24743585288524628,
        0.24798572063446045,
        0.24650609493255615,
        0.24471645057201385,
        0.24553975462913513,
        0.24551038444042206,
        0.24447816610336304,
        0.24471794068813324,
        0.24396847188472748,
        0.2425401657819748,
        0.24187910556793213,
        0.2428232878446579
    ],
    "val_binary_accuracy": [
        0.8258320093154907,
        0.8728718161582947,
        0.8873741030693054,
        0.9017055630683899,
        0.9101849794387817,
        0.9152282476425171,
        0.9176561236381531,
        0.9199585318565369,
        0.9203062057495117,
        0.921040952205658,
        0.9205330014228821,
        0.9219918251037598,
        0.9223682284355164,
        0.9228625893592834,
        0.9220991730690002,
        0.9231755137443542,
        0.9221112728118896,
        0.92331463098526,
        0.9241657257080078,
        0.923353910446167,
        0.923991858959198,
        0.9238225817680359,
        0.924551248550415,
        0.9245995879173279,
        0.9238558411598206,
        0.9240795373916626,
        0.9246419668197632,
        0.9246872663497925,
        0.9249185919761658,
        0.9248067140579224,
        0.9245300889015198,
        0.9252451062202454,
        0.9241536259651184,
        0.9248112440109253,
        0.9259238839149475,
        0.9259330034255981,
        0.9258664846420288,
        0.9264258146286011,
        0.9259209036827087,
        0.9259027242660522
    ]
}