trial_id,parameters,auc,primary_metric
201,199,0.9464501212161525,0.8337439265165189
401,163,0.9402447495432602,0.8304836715133593
304,155,0.9412774063371643,0.8302239516721543
409,121,0.9382972733817698,0.80093426578501
207,99,0.9306063812022665,0.7983908859197981
300,43,0.527743551549332,0.022445055194245667
407,31,0.5,0.0
