{
  "timestamp": "2026-07-21T11:02:36.260869",
  "metric_name": "bkg_rej_@99%",
  "bkg_rej_weights": "N/A",
  "total_models": 37,
  "primary_pareto_models": 11,
  "secondary_pareto_models": 8,
  "primary_metric_range": {
    "min": 0.0,
    "max": 0.7553584224514046,
    "mean": 0.5474362767894565
  },
  "parameters_range": {
    "min": 19,
    "max": 595,
    "mean": 173.3783783783784
  },
  "auc_range": {
    "min": 0.5,
    "max": 0.9353190089265165,
    "mean": 0.8508679705745076
  }
}