{
  "auc": 0.9569477918966437,
  "bkg_rej_95": 0.8853241660392875,
  "bkg_rej_98": 0.8614505005427208,
  "bkg_rej_99": 0.8413441333248675,
  "weighted_bkg_rej": 0.8598165936488067,
  "final_val_loss": 0.23951441049575806,
  "final_val_binary_accuracy": 0.9210711717605591,
  "epochs_trained": 30
}