{
  "timestamp": "2026-04-21T13:27:59.938505",
  "metric_name": "weighted_bkg_rej",
  "bkg_rej_weights": {
    "0.95": 0.1,
    "0.98": 0.7,
    "0.99": 0.2
  },
  "total_models": 100,
  "primary_pareto_models": 11,
  "secondary_pareto_models": 12,
  "primary_metric_range": {
    "min": 0.8150241427582308,
    "max": 0.8912868377370813,
    "mean": 0.8814963037542973
  },
  "parameters_range": {
    "min": 1145,
    "max": 83981,
    "mean": 26962.72
  },
  "auc_range": {
    "min": 0.9455948266841947,
    "max": 0.9691645483347294,
    "mean": 0.9657322078592556
  }
}