{
  "timestamp": "2026-06-16T11:05:54.616109",
  "metric_name": "bkg_rej_@99%",
  "bkg_rej_weights": "N/A",
  "total_models": 119,
  "primary_pareto_models": 11,
  "secondary_pareto_models": 17,
  "primary_metric_range": {
    "min": 0.5755137705939088,
    "max": 0.8645496022567507,
    "mean": 0.8178320191084044
  },
  "parameters_range": {
    "min": 377,
    "max": 14399,
    "mean": 5112.294117647059
  },
  "auc_range": {
    "min": 0.8536035199271816,
    "max": 0.9687678674948899,
    "mean": 0.9496932209364065
  }
}