{
    "loss": [
        0.3460223376750946,
        0.23053622245788574,
        0.2201942801475525,
        0.21466217935085297,
        0.21141336858272552,
        0.2083621323108673,
        0.20607668161392212,
        0.20435479283332825,
        0.2026379406452179,
        0.20177492499351501,
        0.2000507265329361,
        0.19674436748027802,
        0.19543452560901642,
        0.19425547122955322,
        0.19290682673454285,
        0.19093936681747437,
        0.19020532071590424,
        0.18853893876075745,
        0.1873609572649002,
        0.18607507646083832,
        0.18517069518566132,
        0.184141144156456,
        0.1829073280096054,
        0.18206563591957092,
        0.1813400387763977,
        0.17886601388454437,
        0.17724967002868652,
        0.17701102793216705,
        0.1754276603460312,
        0.1742628961801529,
        0.17339423298835754,
        0.1732589155435562,
        0.1722097396850586,
        0.17141059041023254,
        0.1709119975566864,
        0.1706487536430359,
        0.16978958249092102,
        0.16920800507068634,
        0.16830506920814514,
        0.16852065920829773
    ],
    "binary_accuracy": [
        0.8647828102111816,
        0.9319881200790405,
        0.937008798122406,
        0.939749538898468,
        0.9406278133392334,
        0.9421135783195496,
        0.9428737759590149,
        0.9433557391166687,
        0.9441366791725159,
        0.9443946480751038,
        0.9446483850479126,
        0.9449583888053894,
        0.9452129006385803,
        0.9455583691596985,
        0.9457073211669922,
        0.9461650848388672,
        0.9462375044822693,
        0.9463841915130615,
        0.9465731382369995,
        0.9466466307640076,
        0.9465365409851074,
        0.9465606808662415,
        0.9466760754585266,
        0.9473443031311035,
        0.9469581246376038,
        0.9473393559455872,
        0.9472975134849548,
        0.947513222694397,
        0.9477221369743347,
        0.9477443695068359,
        0.9478763937950134,
        0.948012113571167,
        0.9482051730155945,
        0.9483073949813843,
        0.9482934474945068,
        0.9484627842903137,
        0.9482429027557373,
        0.9484269618988037,
        0.9487131237983704,
        0.9486072063446045
    ],
    "val_loss": [
        0.2374136596918106,
        0.21982769668102264,
        0.21499845385551453,
        0.21063221991062164,
        0.20719139277935028,
        0.2057446390390396,
        0.2027927041053772,
        0.20248675346374512,
        0.203526109457016,
        0.19719147682189941,
        0.19618858397006989,
        0.19287943840026855,
        0.19278793036937714,
        0.1913953423500061,
        0.18963311612606049,
        0.18817900121212006,
        0.1861802190542221,
        0.18684720993041992,
        0.1843586564064026,
        0.18076591193675995,
        0.18191297352313995,
        0.1798219233751297,
        0.1777632236480713,
        0.17955991625785828,
        0.17888601124286652,
        0.17368756234645844,
        0.1732136309146881,
        0.17476238310337067,
        0.1716844141483307,
        0.16896815598011017,
        0.1699105054140091,
        0.17238478362560272,
        0.16557356715202332,
        0.16732189059257507,
        0.16745859384536743,
        0.1634308099746704,
        0.16440743207931519,
        0.16444747149944305,
        0.16426827013492584,
        0.16389493644237518
    ],
    "val_binary_accuracy": [
        0.931236207485199,
        0.9366271495819092,
        0.9399530291557312,
        0.9420498013496399,
        0.9424201846122742,
        0.9429009556770325,
        0.944219172000885,
        0.9450159072875977,
        0.9457747936248779,
        0.9453257918357849,
        0.9458851218223572,
        0.9463507533073425,
        0.9473893642425537,
        0.9468693137168884,
        0.9468496441841125,
        0.9463810324668884,
        0.9479351043701172,
        0.9472215175628662,
        0.9482964277267456,
        0.9462298154830933,
        0.947360634803772,
        0.9468602538108826,
        0.9481074213981628,
        0.9469358325004578,
        0.9488179683685303,
        0.9481936097145081,
        0.9475737810134888,
        0.947599470615387,
        0.9483463168144226,
        0.9492200613021851,
        0.9488300681114197,
        0.9487121105194092,
        0.949539065361023,
        0.9494211673736572,
        0.9492729902267456,
        0.9487408399581909,
        0.9494680166244507,
        0.9495753645896912,
        0.9487348198890686,
        0.9493712782859802
    ]
}