{
    "loss": [
        0.29512184858322144,
        0.21785396337509155,
        0.21012206375598907,
        0.20642170310020447,
        0.20383889973163605,
        0.19858425855636597,
        0.1937171071767807,
        0.18966351449489594,
        0.18418990075588226,
        0.17927207052707672,
        0.17588506639003754,
        0.17270618677139282,
        0.17157670855522156,
        0.1685047149658203,
        0.16720114648342133,
        0.1656830906867981,
        0.16427834331989288,
        0.16320520639419556,
        0.16228093206882477,
        0.16116340458393097,
        0.16045737266540527,
        0.15937453508377075,
        0.15827175974845886,
        0.15770822763442993,
        0.1579202264547348,
        0.15728561580181122,
        0.15628834068775177,
        0.15640342235565186,
        0.15567409992218018,
        0.1559080332517624,
        0.15494166314601898,
        0.1544005125761032,
        0.15417972207069397,
        0.15445448458194733,
        0.15414009988307953,
        0.1538265198469162,
        0.15353059768676758,
        0.1532505452632904,
        0.1528276652097702,
        0.15226230025291443
    ],
    "binary_accuracy": [
        0.8950951099395752,
        0.9388629794120789,
        0.9421429634094238,
        0.9433990716934204,
        0.943860650062561,
        0.9450628161430359,
        0.9455568194389343,
        0.9459158182144165,
        0.94666588306427,
        0.9472070336341858,
        0.9473673105239868,
        0.9478477239608765,
        0.9479665160179138,
        0.9483756422996521,
        0.9483745098114014,
        0.9487244486808777,
        0.948896050453186,
        0.9487919807434082,
        0.9486739635467529,
        0.9492116570472717,
        0.9493259191513062,
        0.9495242834091187,
        0.9496539831161499,
        0.9498112797737122,
        0.949867844581604,
        0.9500288367271423,
        0.950187623500824,
        0.9503147006034851,
        0.9502516984939575,
        0.950318455696106,
        0.9505552649497986,
        0.9507064819335938,
        0.9507423043251038,
        0.950781524181366,
        0.95073401927948,
        0.9509840607643127,
        0.9510447382926941,
        0.9511243104934692,
        0.9512348175048828,
        0.951326847076416
    ],
    "val_loss": [
        0.22058017551898956,
        0.21044816076755524,
        0.20863507688045502,
        0.20255683362483978,
        0.1996145099401474,
        0.19204917550086975,
        0.1917790323495865,
        0.1845211237668991,
        0.17663556337356567,
        0.17483121156692505,
        0.16885694861412048,
        0.16683237254619598,
        0.1650225669145584,
        0.16249805688858032,
        0.16074790060520172,
        0.1629079431295395,
        0.15894049406051636,
        0.15894146263599396,
        0.15808629989624023,
        0.15480390191078186,
        0.1571546494960785,
        0.15259194374084473,
        0.1530313938856125,
        0.15750883519649506,
        0.15271060168743134,
        0.15341253578662872,
        0.15244115889072418,
        0.15105797350406647,
        0.15605245530605316,
        0.1504347175359726,
        0.14917713403701782,
        0.15083709359169006,
        0.15113422274589539,
        0.14930035173892975,
        0.15041206777095795,
        0.1484842300415039,
        0.14748698472976685,
        0.14899757504463196,
        0.147613525390625,
        0.15075747668743134
    ],
    "val_binary_accuracy": [
        0.9343444108963013,
        0.9437490105628967,
        0.9450869560241699,
        0.9448254108428955,
        0.9453620910644531,
        0.9450280070304871,
        0.9477959871292114,
        0.9481406807899475,
        0.9471096992492676,
        0.9488406181335449,
        0.9485639929771423,
        0.9483054876327515,
        0.9498142004013062,
        0.950072705745697,
        0.9491989016532898,
        0.9501981735229492,
        0.9502677321434021,
        0.94952392578125,
        0.9502979516983032,
        0.9501422643661499,
        0.9505035877227783,
        0.9504582285881042,
        0.950636625289917,
        0.9512171149253845,
        0.9509419798851013,
        0.9509313702583313,
        0.95100998878479,
        0.9511612057685852,
        0.9500455260276794,
        0.9515572786331177,
        0.9513834118843079,
        0.9515950679779053,
        0.9510417580604553,
        0.9520924091339111,
        0.9515179395675659,
        0.9515663385391235,
        0.9518837928771973,
        0.9524235129356384,
        0.9524824619293213,
        0.9519155621528625
    ]
}