{
    "loss": [
        0.2712770998477936,
        0.20823942124843597,
        0.2013239711523056,
        0.19487473368644714,
        0.18908214569091797,
        0.18276265263557434,
        0.17858940362930298,
        0.17497946321964264,
        0.17262360453605652,
        0.16998328268527985,
        0.16794869303703308,
        0.1650635004043579,
        0.16404835879802704,
        0.16210252046585083,
        0.16111303865909576,
        0.15975531935691833,
        0.15962514281272888,
        0.15806187689304352,
        0.1572464406490326,
        0.15690097212791443,
        0.1562628298997879,
        0.15576636791229248,
        0.15595346689224243,
        0.15446527302265167,
        0.15402187407016754,
        0.1537335216999054,
        0.15370279550552368,
        0.1527879387140274,
        0.15341806411743164,
        0.15269042551517487,
        0.15245606005191803,
        0.15236082673072815,
        0.15112580358982086,
        0.15034699440002441,
        0.15056516230106354,
        0.15000027418136597,
        0.1503286361694336,
        0.14998675882816315,
        0.14992447197437286,
        0.14967463910579681
    ],
    "binary_accuracy": [
        0.9095914959907532,
        0.9417432546615601,
        0.943932294845581,
        0.9453807473182678,
        0.9459754228591919,
        0.9467741250991821,
        0.9475392699241638,
        0.9482274651527405,
        0.9480751156806946,
        0.9486162662506104,
        0.9486573338508606,
        0.9494556784629822,
        0.9495578408241272,
        0.950017511844635,
        0.9500069618225098,
        0.9503165483474731,
        0.9502309560775757,
        0.9506951570510864,
        0.9507905840873718,
        0.950970470905304,
        0.9510673880577087,
        0.9513260722160339,
        0.9509210586547852,
        0.9518121480941772,
        0.9515828490257263,
        0.9518140554428101,
        0.9517695307731628,
        0.952009379863739,
        0.951913595199585,
        0.9520259499549866,
        0.952217161655426,
        0.9523623585700989,
        0.9526579976081848,
        0.9528027772903442,
        0.9526854753494263,
        0.9528936743736267,
        0.9529016017913818,
        0.9528446197509766,
        0.9531870484352112,
        0.9529438018798828
    ],
    "val_loss": [
        0.21074940264225006,
        0.20190003514289856,
        0.19724732637405396,
        0.19304442405700684,
        0.181331068277359,
        0.17792409658432007,
        0.1709481030702591,
        0.1728360801935196,
        0.16689659655094147,
        0.17182986438274384,
        0.16446591913700104,
        0.15999938547611237,
        0.1582282930612564,
        0.16648027300834656,
        0.15536265075206757,
        0.154117614030838,
        0.155073881149292,
        0.15296857059001923,
        0.15263597667217255,
        0.1525217443704605,
        0.15162470936775208,
        0.15685874223709106,
        0.15099933743476868,
        0.15079365670681,
        0.1516435295343399,
        0.14839699864387512,
        0.14833804965019226,
        0.15078577399253845,
        0.14811459183692932,
        0.15015821158885956,
        0.14810793101787567,
        0.1487179845571518,
        0.14714020490646362,
        0.1474798321723938,
        0.15048536658287048,
        0.14899446070194244,
        0.14553339779376984,
        0.14544455707073212,
        0.1478421688079834,
        0.1455754190683365
    ],
    "val_binary_accuracy": [
        0.9401692152023315,
        0.9442207217216492,
        0.9456523656845093,
        0.9439818263053894,
        0.9481135010719299,
        0.9476267099380493,
        0.9489570260047913,
        0.94953453540802,
        0.9495254755020142,
        0.949888288974762,
        0.950133204460144,
        0.9490689039230347,
        0.9509933590888977,
        0.9490432143211365,
        0.9512443542480469,
        0.9508270621299744,
        0.9515557289123535,
        0.9518293738365173,
        0.9519140124320984,
        0.9520032405853271,
        0.9520863890647888,
        0.9501482844352722,
        0.9525686502456665,
        0.9522602558135986,
        0.9531234502792358,
        0.9530508518218994,
        0.952954113483429,
        0.952027440071106,
        0.9527727365493774,
        0.9528861045837402,
        0.953348696231842,
        0.9536903500556946,
        0.953398585319519,
        0.9534000754356384,
        0.9533940553665161,
        0.9534651041030884,
        0.9529979825019836,
        0.9545807838439941,
        0.9545066952705383,
        0.9543343782424927
    ]
}