{
    "loss": [
        0.520114004611969,
        0.4009690582752228,
        0.3250429332256317,
        0.28896093368530273,
        0.2716690003871918,
        0.2585923373699188,
        0.24849896132946014,
        0.2403872311115265,
        0.23310478031635284,
        0.2273913025856018,
        0.22282758355140686,
        0.21860481798648834,
        0.2152651846408844,
        0.21179522573947906,
        0.2090824842453003,
        0.20678378641605377,
        0.20407389104366302,
        0.2022506445646286,
        0.20054224133491516,
        0.19901153445243835,
        0.19714456796646118,
        0.1956014335155487,
        0.19383615255355835,
        0.19202151894569397,
        0.18962202966213226,
        0.18852019309997559,
        0.18728944659233093,
        0.18638479709625244,
        0.18513721227645874,
        0.18372683227062225,
        0.1826973408460617,
        0.18086998164653778,
        0.17964090406894684,
        0.17880873382091522,
        0.1775977909564972,
        0.17741407454013824,
        0.1765672117471695,
        0.17553402483463287,
        0.17480002343654633,
        0.1743670403957367
    ],
    "binary_accuracy": [
        0.7430577874183655,
        0.8456937074661255,
        0.8945693969726562,
        0.9094021916389465,
        0.9157068729400635,
        0.9203557372093201,
        0.9242466688156128,
        0.9275689125061035,
        0.9305509924888611,
        0.9330213665962219,
        0.9349076151847839,
        0.9366000294685364,
        0.9378942251205444,
        0.9390168190002441,
        0.9400270581245422,
        0.9409000873565674,
        0.941498875617981,
        0.9423119425773621,
        0.9428673982620239,
        0.9434526562690735,
        0.94370037317276,
        0.9440152645111084,
        0.9445737600326538,
        0.9449644088745117,
        0.9452423453330994,
        0.9452476501464844,
        0.9454919695854187,
        0.9460406303405762,
        0.9461115598678589,
        0.946441113948822,
        0.9464418888092041,
        0.9466617107391357,
        0.9469577670097351,
        0.9472115635871887,
        0.9472149610519409,
        0.9475494027137756,
        0.947763979434967,
        0.9478906989097595,
        0.9480826258659363,
        0.9482628703117371
    ],
    "val_loss": [
        0.4495682716369629,
        0.34636345505714417,
        0.2931278347969055,
        0.27453961968421936,
        0.2601574957370758,
        0.24835331737995148,
        0.23918430507183075,
        0.23071672022342682,
        0.22523626685142517,
        0.2189822494983673,
        0.2162744253873825,
        0.21346862614154816,
        0.20883920788764954,
        0.20669551193714142,
        0.20279477536678314,
        0.20188507437705994,
        0.2012895792722702,
        0.19786714017391205,
        0.19697071611881256,
        0.19424791634082794,
        0.1932261884212494,
        0.1904982328414917,
        0.18987560272216797,
        0.18787825107574463,
        0.18686075508594513,
        0.18464720249176025,
        0.18323665857315063,
        0.18325558304786682,
        0.18156622350215912,
        0.18127870559692383,
        0.17930740118026733,
        0.17829032242298126,
        0.1763349324464798,
        0.17694364488124847,
        0.17615412175655365,
        0.1747352033853531,
        0.1742507517337799,
        0.17314700782299042,
        0.17250022292137146,
        0.17183244228363037
    ],
    "val_binary_accuracy": [
        0.8128353953361511,
        0.8829295635223389,
        0.9046428799629211,
        0.9153808951377869,
        0.9200023412704468,
        0.9233599901199341,
        0.9272466897964478,
        0.9299739003181458,
        0.93238365650177,
        0.9341886639595032,
        0.9367737770080566,
        0.9392153024673462,
        0.9390837550163269,
        0.941064178943634,
        0.9407587647438049,
        0.9420180916786194,
        0.9438563585281372,
        0.9436855316162109,
        0.9444656372070312,
        0.9441556930541992,
        0.9451035857200623,
        0.9449100494384766,
        0.9454044103622437,
        0.9451247453689575,
        0.9463644027709961,
        0.9459879398345947,
        0.946547269821167,
        0.9466818571090698,
        0.9471988677978516,
        0.9471036195755005,
        0.9477037787437439,
        0.9484944343566895,
        0.9473212957382202,
        0.9487091302871704,
        0.9488451480865479,
        0.9481950998306274,
        0.9485564231872559,
        0.9489555358886719,
        0.9491127729415894,
        0.9490492343902588
    ]
}