{
    "loss": [
        0.3134392201900482,
        0.2307988703250885,
        0.218674436211586,
        0.2110178917646408,
        0.2028060406446457,
        0.195623978972435,
        0.19016188383102417,
        0.18529687821865082,
        0.18192286789417267,
        0.17890755832195282,
        0.17806093394756317,
        0.1773459017276764,
        0.1735803633928299,
        0.17325426638126373,
        0.17132417857646942,
        0.17027145624160767,
        0.17038454115390778,
        0.16846226155757904,
        0.1685871183872223,
        0.16707661747932434,
        0.16720658540725708,
        0.16668255627155304,
        0.16559530794620514,
        0.16608236730098724,
        0.16431386768817902,
        0.16402406990528107,
        0.16366399824619293,
        0.16319996118545532,
        0.16288553178310394,
        0.1618439257144928,
        0.16202551126480103,
        0.1618737429380417,
        0.16093270480632782,
        0.1616234928369522,
        0.1615321934223175,
        0.16019250452518463,
        0.15948912501335144,
        0.15963049232959747,
        0.15854452550411224,
        0.15906552970409393
    ],
    "binary_accuracy": [
        0.8820226192474365,
        0.932483971118927,
        0.9377052783966064,
        0.9403377771377563,
        0.9417383670806885,
        0.9426950216293335,
        0.9438127875328064,
        0.9445831775665283,
        0.9451175332069397,
        0.9458585381507874,
        0.9458653330802917,
        0.9460659027099609,
        0.9467937350273132,
        0.9470655918121338,
        0.947420060634613,
        0.947654664516449,
        0.9478103518486023,
        0.9480769634246826,
        0.9480713605880737,
        0.9484740495681763,
        0.948437511920929,
        0.9484242796897888,
        0.9488496780395508,
        0.9485015869140625,
        0.9488881230354309,
        0.9491090774536133,
        0.9493998289108276,
        0.949340283870697,
        0.9494907259941101,
        0.9495717883110046,
        0.9494511485099792,
        0.9495865106582642,
        0.9498448371887207,
        0.9496498703956604,
        0.9494794011116028,
        0.9499213695526123,
        0.9500043392181396,
        0.9500986337661743,
        0.9503980278968811,
        0.950295090675354
    ],
    "val_loss": [
        0.23348867893218994,
        0.2189781367778778,
        0.21153488755226135,
        0.20341773331165314,
        0.19555653631687164,
        0.19215354323387146,
        0.1829880028963089,
        0.17925339937210083,
        0.1754518449306488,
        0.17617274820804596,
        0.1731419861316681,
        0.17094452679157257,
        0.1693100780248642,
        0.1684737652540207,
        0.16769129037857056,
        0.16649159789085388,
        0.1658013015985489,
        0.17105334997177124,
        0.1622193306684494,
        0.16416285932064056,
        0.16445381939411163,
        0.1636943817138672,
        0.16271108388900757,
        0.1644831895828247,
        0.1632612943649292,
        0.16046175360679626,
        0.16191740334033966,
        0.1593679040670395,
        0.16124756634235382,
        0.15850841999053955,
        0.15946458280086517,
        0.16256003081798553,
        0.1612502783536911,
        0.1588512659072876,
        0.15836083889007568,
        0.16224405169487,
        0.15709275007247925,
        0.1558518409729004,
        0.15787197649478912,
        0.1571424901485443
    ],
    "val_binary_accuracy": [
        0.9289988279342651,
        0.9372046589851379,
        0.9402357339859009,
        0.9426862597465515,
        0.9436175227165222,
        0.9431307315826416,
        0.9443098902702332,
        0.9450385570526123,
        0.9463447332382202,
        0.9479698538780212,
        0.9469690918922424,
        0.948232889175415,
        0.9483447670936584,
        0.9490129947662354,
        0.9483946561813354,
        0.9486879706382751,
        0.9487892389297485,
        0.9498248100280762,
        0.9499124884605408,
        0.9493092894554138,
        0.9498595595359802,
        0.9499653577804565,
        0.9497113823890686,
        0.9499759674072266,
        0.9498021006584167,
        0.9507272839546204,
        0.9506018161773682,
        0.9505065679550171,
        0.9505836963653564,
        0.9512579441070557,
        0.9508407115936279,
        0.9508422017097473,
        0.9511218667030334,
        0.9501316547393799,
        0.9509283900260925,
        0.9493440389633179,
        0.9508785009384155,
        0.9515194892883301,
        0.9500137567520142,
        0.9510523080825806
    ]
}