{
    "loss": [
        0.5954254865646362,
        0.5171653032302856,
        0.4960186779499054,
        0.45903950929641724,
        0.4434511661529541,
        0.4072165787220001,
        0.39754557609558105,
        0.36573803424835205,
        0.35056254267692566,
        0.36321693658828735,
        0.3241947591304779,
        0.3190091848373413,
        0.3104245960712433,
        0.3032364845275879,
        0.2960689067840576,
        0.28744757175445557,
        0.27867358922958374,
        0.2739940881729126,
        0.3037799298763275,
        0.2674214243888855,
        0.2700207829475403,
        0.2674104869365692,
        0.264450341463089,
        0.261913001537323,
        0.2599847614765167,
        0.2601543962955475,
        0.26098430156707764,
        0.256027489900589,
        0.256849080324173,
        0.2496040016412735,
        0.2511962950229645,
        0.24919022619724274,
        0.25252366065979004,
        0.2475164383649826,
        0.2509455680847168,
        0.24844953417778015,
        0.25061917304992676,
        0.2478194534778595,
        0.2479531317949295,
        0.24888478219509125
    ],
    "binary_accuracy": [
        0.667554497718811,
        0.7467816472053528,
        0.7701199054718018,
        0.7982540130615234,
        0.8176466822624207,
        0.8398241996765137,
        0.8512781858444214,
        0.8672068119049072,
        0.8759098649024963,
        0.8743557929992676,
        0.8882749080657959,
        0.8904160261154175,
        0.8942756652832031,
        0.8981137275695801,
        0.9006294012069702,
        0.9044520258903503,
        0.9084658622741699,
        0.9103569984436035,
        0.9051737785339355,
        0.9137622117996216,
        0.9132980108261108,
        0.9149036407470703,
        0.915833592414856,
        0.9175716638565063,
        0.9186482429504395,
        0.9187787175178528,
        0.9189288020133972,
        0.9210304021835327,
        0.9203365445137024,
        0.9230082631111145,
        0.9221790432929993,
        0.9228186011314392,
        0.9215609431266785,
        0.924001157283783,
        0.922299325466156,
        0.9236372709274292,
        0.9226062893867493,
        0.9240807294845581,
        0.9246203303337097,
        0.9235022664070129
    ],
    "val_loss": [
        0.5237579345703125,
        0.49284493923187256,
        0.46866723895072937,
        0.4296300709247589,
        0.4105047881603241,
        0.37883061170578003,
        0.5296986103057861,
        0.34311389923095703,
        0.33638960123062134,
        0.31050240993499756,
        0.30490338802337646,
        0.30717846751213074,
        0.29631170630455017,
        0.28135719895362854,
        0.27819785475730896,
        0.2720703184604645,
        0.25600147247314453,
        0.25733187794685364,
        0.2540245056152344,
        0.2538326680660248,
        0.2532190680503845,
        0.2443646937608719,
        0.23758746683597565,
        0.25587067008018494,
        0.3625761866569519,
        0.2599906921386719,
        0.2391793578863144,
        0.2341427356004715,
        0.24289505183696747,
        0.23817336559295654,
        0.23346105217933655,
        0.22820760309696198,
        0.23159874975681305,
        0.22808045148849487,
        0.2542110085487366,
        0.24062852561473846,
        0.25363394618034363,
        0.23744851350784302,
        0.2466220259666443,
        0.23350609838962555
    ],
    "val_binary_accuracy": [
        0.7418417930603027,
        0.7696082592010498,
        0.7897584438323975,
        0.8185997605323792,
        0.8376554250717163,
        0.8544284105300903,
        0.728875458240509,
        0.873502254486084,
        0.8920242786407471,
        0.8950432538986206,
        0.8981544375419617,
        0.9027245044708252,
        0.8900030255317688,
        0.9001741409301758,
        0.9119885563850403,
        0.9153537154197693,
        0.9161972403526306,
        0.9160869121551514,
        0.9121261239051819,
        0.9203909039497375,
        0.9126174449920654,
        0.9230742454528809,
        0.9249578714370728,
        0.9280736446380615,
        0.8782960176467896,
        0.9192585945129395,
        0.9254688620567322,
        0.9263366460800171,
        0.9281628131866455,
        0.9289640784263611,
        0.9257999658584595,
        0.9306012988090515,
        0.9296911954879761,
        0.9286239147186279,
        0.9188201427459717,
        0.9267206192016602,
        0.9153990745544434,
        0.9273509979248047,
        0.9312377572059631,
        0.9318832755088806
    ]
}