{
    "loss": [
        1.1471409797668457,
        0.36988911032676697,
        0.2432660609483719,
        0.27850642800331116,
        0.2755182385444641,
        0.23794274032115936,
        0.26579421758651733,
        0.23212842643260956,
        0.2238788902759552,
        0.21428853273391724,
        0.2149752676486969,
        0.2141120731830597,
        0.21754302084445953,
        0.21386457979679108,
        0.21818800270557404,
        0.2043444961309433,
        0.2101280242204666,
        0.2137662172317505,
        0.2706325948238373,
        0.20492933690547943,
        0.2484678328037262,
        0.20506764948368073,
        0.20982086658477783,
        0.23284246027469635,
        0.20433323085308075,
        0.19562816619873047,
        0.19430606067180634,
        0.19484099745750427,
        0.19285182654857635,
        0.19718122482299805,
        0.19090977311134338,
        0.1986299306154251,
        0.19087941944599152,
        0.20544977486133575,
        0.2191246747970581,
        0.19578124582767487,
        0.20327728986740112,
        0.19827643036842346,
        0.19971317052841187,
        0.1994779258966446
    ],
    "binary_accuracy": [
        0.7708163857460022,
        0.883104145526886,
        0.9261649250984192,
        0.9240920543670654,
        0.917466402053833,
        0.9313738346099854,
        0.929908037185669,
        0.9275368452072144,
        0.9338430166244507,
        0.933800458908081,
        0.9333961606025696,
        0.9323210716247559,
        0.9337981939315796,
        0.9359476566314697,
        0.9355369806289673,
        0.9370811581611633,
        0.9348280429840088,
        0.9369503259658813,
        0.9209338426589966,
        0.9367384314537048,
        0.9253360629081726,
        0.9368398189544678,
        0.9358160495758057,
        0.9318715929985046,
        0.9386333227157593,
        0.9407337307929993,
        0.9404878616333008,
        0.9393019080162048,
        0.9407526254653931,
        0.9374854564666748,
        0.9392679929733276,
        0.9374458193778992,
        0.9398249387741089,
        0.9378923177719116,
        0.933937668800354,
        0.9388132095336914,
        0.9365807771682739,
        0.9379756450653076,
        0.9376404285430908,
        0.9382683038711548
    ],
    "val_loss": [
        0.44946786761283875,
        0.24586305022239685,
        0.22068169713020325,
        0.21876336634159088,
        0.21931789815425873,
        0.21787488460540771,
        0.22758692502975464,
        0.2220352590084076,
        0.19486136734485626,
        0.19487813115119934,
        0.2005269080400467,
        0.20188072323799133,
        0.2229476273059845,
        0.19650642573833466,
        0.184274822473526,
        0.19671668112277985,
        0.18764981627464294,
        0.7868182063102722,
        0.2092502862215042,
        0.19240756332874298,
        0.20551814138889313,
        0.19264794886112213,
        0.22520793974399567,
        0.1877799928188324,
        0.1801140010356903,
        0.18770930171012878,
        0.1913859099149704,
        0.18398316204547882,
        0.18946310877799988,
        0.19520065188407898,
        0.18192537128925323,
        0.21514488756656647,
        0.18006466329097748,
        0.20362067222595215,
        0.19433023035526276,
        0.17079682648181915,
        0.1841984987258911,
        0.18654921650886536,
        0.21563638746738434,
        0.18849679827690125
    ],
    "val_binary_accuracy": [
        0.7955197691917419,
        0.9252587556838989,
        0.9365712404251099,
        0.9343066215515137,
        0.9276231527328491,
        0.9331123232841492,
        0.936212956905365,
        0.9334509372711182,
        0.9398532509803772,
        0.9374964237213135,
        0.9384684562683105,
        0.942145049571991,
        0.9312981963157654,
        0.9414874315261841,
        0.9405788779258728,
        0.9377927184104919,
        0.9420044422149658,
        0.7659119963645935,
        0.9413151144981384,
        0.9381736516952515,
        0.9336353540420532,
        0.9419152736663818,
        0.9373558163642883,
        0.9424685835838318,
        0.9434013366699219,
        0.9421178698539734,
        0.941457211971283,
        0.9405123591423035,
        0.9435766935348511,
        0.9390459656715393,
        0.9412379860877991,
        0.9367526173591614,
        0.9416854977607727,
        0.9348523616790771,
        0.942728579044342,
        0.9456251263618469,
        0.9441043138504028,
        0.9419999122619629,
        0.9323171377182007,
        0.9433998465538025
    ]
}