{
    "loss": [
        0.6737579107284546,
        0.5729389786720276,
        0.5063670873641968,
        0.4564809501171112,
        0.4110860824584961,
        0.36740171909332275,
        0.3406716585159302,
        0.3185262680053711,
        0.3059442937374115,
        0.295254111289978,
        0.2848561406135559,
        0.27944865822792053,
        0.27353766560554504,
        0.2644857168197632,
        0.26344865560531616,
        0.2526337206363678,
        0.25047925114631653,
        0.24391672015190125,
        0.2423272281885147,
        0.24167400598526,
        0.2399919629096985,
        0.2350834310054779,
        0.2333294153213501,
        0.22972173988819122,
        0.22863346338272095,
        0.22903914749622345,
        0.22957639396190643,
        0.22777219116687775,
        0.22687780857086182,
        0.22327286005020142,
        0.22449664771556854,
        0.2244940549135208,
        0.22406212985515594,
        0.220485121011734,
        0.22076866030693054,
        0.21907910704612732,
        0.2186909317970276,
        0.21747209131717682,
        0.2145296335220337,
        0.21243518590927124
    ],
    "binary_accuracy": [
        0.6171719431877136,
        0.7509003281593323,
        0.8022527694702148,
        0.824810802936554,
        0.8437422513961792,
        0.8611162900924683,
        0.8723511695861816,
        0.8818231225013733,
        0.8871021270751953,
        0.8923332095146179,
        0.8976631164550781,
        0.8996342420578003,
        0.9081815481185913,
        0.9119875431060791,
        0.9124374389648438,
        0.9167748093605042,
        0.9176651835441589,
        0.919987678527832,
        0.9210733771324158,
        0.9217215776443481,
        0.9225738644599915,
        0.9247519373893738,
        0.9260197877883911,
        0.9266185760498047,
        0.9275352954864502,
        0.9280824661254883,
        0.9273282885551453,
        0.9280553460121155,
        0.928368330001831,
        0.9299065470695496,
        0.929268479347229,
        0.9289709329605103,
        0.9293450117111206,
        0.9308745265007019,
        0.9307926893234253,
        0.9312063455581665,
        0.931161105632782,
        0.9306493997573853,
        0.931908130645752,
        0.9325416684150696
    ],
    "val_loss": [
        0.6008427143096924,
        0.5208085775375366,
        0.4809246063232422,
        0.40655675530433655,
        0.3852885067462921,
        0.3332509398460388,
        0.30674099922180176,
        0.296023428440094,
        0.28441694378852844,
        0.2826361060142517,
        0.26009541749954224,
        0.26621508598327637,
        0.2682158946990967,
        0.24670089781284332,
        0.24725402891635895,
        0.233852356672287,
        0.23654815554618835,
        0.23055680096149445,
        0.2314591109752655,
        0.22931446135044098,
        0.22271665930747986,
        0.22907060384750366,
        0.21582451462745667,
        0.22670289874076843,
        0.22077317535877228,
        0.2175217717885971,
        0.21401600539684296,
        0.21571758389472961,
        0.21437126398086548,
        0.2071164846420288,
        0.2152492254972458,
        0.22101467847824097,
        0.23085276782512665,
        0.2146369367837906,
        0.22205407917499542,
        0.2081841379404068,
        0.20376251637935638,
        0.20183642208576202,
        0.20253579318523407,
        0.1932699978351593
    ],
    "val_binary_accuracy": [
        0.741589367389679,
        0.790913462638855,
        0.827243983745575,
        0.8453049659729004,
        0.8554231524467468,
        0.8788447976112366,
        0.8868525624275208,
        0.895244300365448,
        0.8958248496055603,
        0.8920091390609741,
        0.9072749018669128,
        0.9084933400154114,
        0.9155608415603638,
        0.9172161817550659,
        0.9247069358825684,
        0.9233781099319458,
        0.9222866296768188,
        0.925089418888092,
        0.9259118437767029,
        0.9260660409927368,
        0.9255203008651733,
        0.934472918510437,
        0.9280479550361633,
        0.9321024417877197,
        0.9349128007888794,
        0.9336519837379456,
        0.9305877089500427,
        0.9340314865112305,
        0.9363550543785095,
        0.9358758330345154,
        0.930708646774292,
        0.9262398481369019,
        0.9339694976806641,
        0.9377579689025879,
        0.933310329914093,
        0.9352182149887085,
        0.9362612962722778,
        0.9364154934883118,
        0.9333632588386536,
        0.9386105537414551
    ]
}