{
    "loss": [
        0.5679870843887329,
        0.3855121433734894,
        0.4014974534511566,
        0.2917531728744507,
        0.28501901030540466,
        0.26749101281166077,
        0.2522609233856201,
        0.24951177835464478,
        0.23931781947612762,
        0.23490853607654572,
        0.23249860107898712,
        0.2258438915014267,
        0.2234029620885849,
        0.21995963156223297,
        0.21901585161685944,
        0.214731827378273,
        0.2119060456752777,
        0.20836658775806427,
        0.20569223165512085,
        0.2044372856616974,
        0.20405420660972595,
        0.20604966580867767,
        0.2022770196199417,
        0.2061159610748291,
        0.20829102396965027,
        0.2030124068260193,
        0.20269335806369781,
        0.20037157833576202,
        0.1983090490102768,
        0.19557887315750122,
        0.19664353132247925,
        0.19876928627490997,
        0.19711467623710632,
        0.1935625523328781,
        0.19488108158111572,
        0.19519320130348206,
        0.19551073014736176,
        0.19300611317157745,
        0.19749583303928375,
        0.19905517995357513
    ],
    "binary_accuracy": [
        0.7666090726852417,
        0.8500428199768066,
        0.8704264760017395,
        0.89615398645401,
        0.9035820364952087,
        0.9103445410728455,
        0.9172160625457764,
        0.9212634563446045,
        0.9238552451133728,
        0.9255740642547607,
        0.9248899817466736,
        0.9280025362968445,
        0.9281036257743835,
        0.9290889501571655,
        0.9293793439865112,
        0.9309412837028503,
        0.9316604137420654,
        0.9329240322113037,
        0.9335428476333618,
        0.9338423013687134,
        0.9339603185653687,
        0.9338709712028503,
        0.9352537393569946,
        0.9349535703659058,
        0.9343031048774719,
        0.9359442591667175,
        0.9355279207229614,
        0.9358261823654175,
        0.9363254904747009,
        0.936927318572998,
        0.9368715286254883,
        0.9366399645805359,
        0.9368982911109924,
        0.9378689527511597,
        0.9376916885375977,
        0.9371668100357056,
        0.9370770454406738,
        0.9378305077552795,
        0.9367753863334656,
        0.9370423555374146
    ],
    "val_loss": [
        0.42182299494743347,
        0.33243533968925476,
        0.32847675681114197,
        0.26790204644203186,
        0.26069948077201843,
        0.24210168421268463,
        0.23755162954330444,
        0.24085456132888794,
        0.22939236462116241,
        0.22613829374313354,
        0.2172601819038391,
        0.23661883175373077,
        0.20872555673122406,
        0.20742377638816833,
        0.20061813294887543,
        0.2010994553565979,
        0.2006547600030899,
        0.2112431526184082,
        0.2102821320295334,
        0.2004896104335785,
        0.1934897005558014,
        0.20418785512447357,
        0.18667002022266388,
        0.20498815178871155,
        0.19586588442325592,
        0.20151379704475403,
        0.1890929937362671,
        0.19268891215324402,
        0.188996821641922,
        0.19154345989227295,
        0.18190842866897583,
        0.19581441581249237,
        0.18712793290615082,
        0.181097149848938,
        0.19806617498397827,
        0.18344677984714508,
        0.19127485156059265,
        0.18441589176654816,
        0.20698896050453186,
        0.19180579483509064
    ],
    "val_binary_accuracy": [
        0.8368028402328491,
        0.873975396156311,
        0.8936448693275452,
        0.9122757911682129,
        0.9171028137207031,
        0.9216698408126831,
        0.9241989850997925,
        0.9279149174690247,
        0.9290411472320557,
        0.9229850769042969,
        0.9313843846321106,
        0.9307751655578613,
        0.9325982928276062,
        0.934173583984375,
        0.935514509677887,
        0.9366694688796997,
        0.9347208142280579,
        0.9343459010124207,
        0.9336777329444885,
        0.9360013008117676,
        0.937627911567688,
        0.9336792230606079,
        0.9387421011924744,
        0.9395917057991028,
        0.934373140335083,
        0.9352967739105225,
        0.9393453001976013,
        0.9370262622833252,
        0.9374979138374329,
        0.936547040939331,
        0.9396657943725586,
        0.9388811588287354,
        0.9393104910850525,
        0.9401253461837769,
        0.9393256306648254,
        0.938829779624939,
        0.9385213851928711,
        0.9394979476928711,
        0.9365787506103516,
        0.941691517829895
    ]
}