{
    "loss": [
        0.5836527943611145,
        0.46876582503318787,
        0.41695037484169006,
        0.37941455841064453,
        0.350578635931015,
        0.34991031885147095,
        0.3268631398677826,
        0.3269001841545105,
        0.3060469627380371,
        0.29782217741012573,
        0.2936173975467682,
        0.2857639491558075,
        0.28447890281677246,
        0.2763671278953552,
        0.2758801281452179,
        0.27131953835487366,
        0.26651936769485474,
        0.2600520849227905,
        0.2581736147403717,
        0.28218621015548706,
        0.25344425439834595,
        0.24948346614837646,
        0.247041717171669,
        0.24515420198440552,
        0.24435706436634064,
        0.24323035776615143,
        0.24919697642326355,
        0.2449876070022583,
        0.244614377617836,
        0.24278156459331512,
        0.23899151384830475,
        0.23428967595100403,
        0.2344830334186554,
        0.23384509980678558,
        0.23571135103702545,
        0.23604357242584229,
        0.2345503568649292,
        0.251210480928421,
        0.23222479224205017,
        0.22838236391544342
    ],
    "binary_accuracy": [
        0.692834734916687,
        0.7974708080291748,
        0.8475238084793091,
        0.8667455911636353,
        0.8808019161224365,
        0.8801537156105042,
        0.8891783952713013,
        0.8885185122489929,
        0.8979504704475403,
        0.9019051194190979,
        0.9029737710952759,
        0.90675950050354,
        0.907021164894104,
        0.910798192024231,
        0.9107213020324707,
        0.91310715675354,
        0.9146981239318848,
        0.9176719188690186,
        0.9189386367797852,
        0.9158426523208618,
        0.9195125699043274,
        0.9223230481147766,
        0.9237820506095886,
        0.9248971343040466,
        0.9250543713569641,
        0.9254043698310852,
        0.9243914484977722,
        0.9258395433425903,
        0.925976037979126,
        0.9273746609687805,
        0.9289090633392334,
        0.92923903465271,
        0.9292077422142029,
        0.929251492023468,
        0.9285180568695068,
        0.9284988045692444,
        0.9293578267097473,
        0.9249439239501953,
        0.9271752238273621,
        0.9307824969291687
    ],
    "val_loss": [
        0.5019961595535278,
        0.41664621233940125,
        0.36928245425224304,
        0.349942684173584,
        0.3287941515445709,
        0.31815117597579956,
        0.3145216405391693,
        0.29932424426078796,
        0.2845732271671295,
        0.2834544777870178,
        0.27879011631011963,
        0.27257105708122253,
        0.28243014216423035,
        0.26834383606910706,
        0.27507904171943665,
        0.2573804557323456,
        0.2626991271972656,
        0.24479934573173523,
        0.2516758441925049,
        0.24326173961162567,
        0.29815447330474854,
        0.2368515133857727,
        0.23294274508953094,
        0.2328513115644455,
        0.23353998363018036,
        0.229770228266716,
        0.24744118750095367,
        0.2437582165002823,
        0.23083646595478058,
        0.24257059395313263,
        0.2311387062072754,
        0.2278681844472885,
        0.22361420094966888,
        0.22500655055046082,
        0.250429630279541,
        0.22314448654651642,
        0.22118818759918213,
        0.21797432005405426,
        0.21556125581264496,
        0.2349739670753479
    ],
    "val_binary_accuracy": [
        0.747916042804718,
        0.8507668972015381,
        0.8739739060401917,
        0.8887618780136108,
        0.8900695443153381,
        0.8963599801063538,
        0.8982496857643127,
        0.9032989740371704,
        0.9060972332954407,
        0.9064555168151855,
        0.9039414525032043,
        0.9130195379257202,
        0.8969888687133789,
        0.9153779149055481,
        0.9167188405990601,
        0.9120883345603943,
        0.9191255569458008,
        0.9250969886779785,
        0.9172373414039612,
        0.9187490940093994,
        0.9035967588424683,
        0.9308688640594482,
        0.9283185601234436,
        0.9259692430496216,
        0.9280691146850586,
        0.9303745031356812,
        0.9307751655578613,
        0.9315068125724792,
        0.9262716174125671,
        0.9350579380989075,
        0.9283336400985718,
        0.9334328174591064,
        0.9287962317466736,
        0.9310986399650574,
        0.9288355708122253,
        0.9313556551933289,
        0.9323186278343201,
        0.9323186278343201,
        0.9336490035057068,
        0.9256487488746643
    ]
}