{
    "loss": [
        0.5227914452552795,
        0.32505613565444946,
        0.2593232989311218,
        0.2445743829011917,
        0.23740777373313904,
        0.2332293838262558,
        0.22810368239879608,
        0.23044104874134064,
        0.22887302935123444,
        0.2345169633626938,
        0.24714025855064392,
        0.23467063903808594,
        0.22054460644721985,
        0.39871564507484436,
        0.2175038605928421,
        0.20789888501167297,
        0.20544937252998352,
        0.2401837855577469,
        0.20027630031108856,
        0.19659049808979034,
        0.20828960835933685,
        0.20257757604122162,
        0.19873973727226257,
        0.20289669930934906,
        0.19628378748893738,
        0.1949089765548706,
        0.23825089633464813,
        0.19323520362377167,
        0.19285911321640015,
        0.19280318915843964,
        0.19715793430805206,
        0.21961933374404907,
        0.20888403058052063,
        0.20477302372455597,
        0.1994595229625702,
        0.20234140753746033,
        0.19725653529167175,
        0.19486741721630096,
        0.19352953135967255
    ],
    "binary_accuracy": [
        0.8107118606567383,
        0.8908723592758179,
        0.9178522229194641,
        0.9261819124221802,
        0.9290602803230286,
        0.9322143793106079,
        0.9334697127342224,
        0.93410325050354,
        0.9342567324638367,
        0.9302315711975098,
        0.9275745153427124,
        0.928729236125946,
        0.9349321126937866,
        0.9271005392074585,
        0.9352431893348694,
        0.9390341639518738,
        0.9393015503883362,
        0.9306516647338867,
        0.9403219819068909,
        0.9411213994026184,
        0.9364733099937439,
        0.9381905794143677,
        0.9389693140983582,
        0.9369997382164001,
        0.9395281672477722,
        0.9397717714309692,
        0.9305381774902344,
        0.941048264503479,
        0.9404871463775635,
        0.9410772919654846,
        0.9395594596862793,
        0.9324289560317993,
        0.934535026550293,
        0.9368470311164856,
        0.9389199018478394,
        0.9376015663146973,
        0.9392796754837036,
        0.9402427673339844,
        0.9401153326034546
    ],
    "val_loss": [
        0.35791486501693726,
        0.27280092239379883,
        0.24138598144054413,
        0.2365872859954834,
        0.2252310961484909,
        0.22294089198112488,
        0.22630734741687775,
        0.22139139473438263,
        0.2467697262763977,
        0.24153921008110046,
        0.21133658289909363,
        0.22055567800998688,
        0.23203596472740173,
        0.20576219260692596,
        0.21112385392189026,
        0.21352727711200714,
        0.19976003468036652,
        0.19875018298625946,
        0.19369769096374512,
        0.18713761866092682,
        0.22299914062023163,
        0.19031202793121338,
        0.18928086757659912,
        0.19018031656742096,
        0.19062195718288422,
        0.19572578370571136,
        0.20043081045150757,
        0.18069693446159363,
        0.17809157073497772,
        0.18554383516311646,
        0.1892552673816681,
        0.20219524204730988,
        0.21801964938640594,
        0.19233541190624237,
        0.20815394818782806,
        0.18588048219680786,
        0.18789775669574738,
        0.19041919708251953,
        0.1912146657705307
    ],
    "val_binary_accuracy": [
        0.8553354144096375,
        0.9094321727752686,
        0.9262398481369019,
        0.9251226782798767,
        0.9313480854034424,
        0.9350352883338928,
        0.9387980103492737,
        0.9365772604942322,
        0.935859203338623,
        0.9256230592727661,
        0.9391548037528992,
        0.9330971837043762,
        0.9341796040534973,
        0.9411563873291016,
        0.9383611083030701,
        0.9376974701881409,
        0.942454993724823,
        0.9427694082260132,
        0.9424141645431519,
        0.9433166980743408,
        0.9292905926704407,
        0.9410732388496399,
        0.9397957921028137,
        0.9422856569290161,
        0.9428344368934631,
        0.9359619617462158,
        0.9393029808998108,
        0.9431473612785339,
        0.9444248080253601,
        0.9407058954238892,
        0.9419999122619629,
        0.9397867321968079,
        0.9316005706787109,
        0.9409658908843994,
        0.9357578754425049,
        0.9389114379882812,
        0.9415085911750793,
        0.9434436559677124,
        0.940155565738678
    ]
}