{
    "loss": [
        0.7010936141014099,
        0.6131169199943542,
        0.5139977931976318,
        0.47644782066345215,
        0.45179325342178345,
        0.43184003233909607,
        0.4251933991909027,
        0.4090608060359955,
        0.41864287853240967,
        0.39688417315483093,
        0.3890797197818756,
        0.3880814015865326,
        0.37892085313796997,
        0.37538450956344604,
        0.37229132652282715,
        0.36594128608703613,
        0.355547696352005,
        0.3497156798839569,
        0.34657710790634155,
        0.33933234214782715,
        0.3386003375053406,
        0.33671388030052185,
        0.3346766531467438,
        0.3317095935344696,
        0.3328118324279785,
        0.33062782883644104,
        0.32681164145469666,
        0.3229035437107086,
        0.3200279176235199,
        0.3185889720916748,
        0.3191288113594055,
        0.31764188408851624,
        0.317435085773468,
        0.32116296887397766,
        0.31812581419944763,
        0.3140234649181366,
        0.3119455575942993,
        0.31124696135520935,
        0.3119650185108185,
        0.3122863173484802
    ],
    "binary_accuracy": [
        0.5681672692298889,
        0.6845883727073669,
        0.7573317289352417,
        0.7868377566337585,
        0.8030812740325928,
        0.81508469581604,
        0.8173710107803345,
        0.8255940079689026,
        0.824555516242981,
        0.8331838846206665,
        0.8371162414550781,
        0.8381627202033997,
        0.8440778851509094,
        0.8481041193008423,
        0.8515180349349976,
        0.8553315997123718,
        0.8625907301902771,
        0.8662542700767517,
        0.8687611818313599,
        0.8746499419212341,
        0.8745541572570801,
        0.8767315149307251,
        0.8781562447547913,
        0.8801966905593872,
        0.8791472315788269,
        0.8811952471733093,
        0.8830569982528687,
        0.8847622275352478,
        0.8865209817886353,
        0.8870519399642944,
        0.8870968222618103,
        0.8877300024032593,
        0.8881300687789917,
        0.8860183358192444,
        0.8884031176567078,
        0.8904356360435486,
        0.891247570514679,
        0.8916638493537903,
        0.8918641209602356,
        0.8919090032577515
    ],
    "val_loss": [
        0.6589058041572571,
        0.5201315879821777,
        0.4710470736026764,
        0.4380806088447571,
        0.4275553226470947,
        0.4023743271827698,
        0.3945077955722809,
        0.39057493209838867,
        0.3887973427772522,
        0.3709249198436737,
        0.4077152609825134,
        0.36258071660995483,
        0.3526516556739807,
        0.350787490606308,
        0.3922417163848877,
        0.3380194306373596,
        0.33392736315727234,
        0.3300637900829315,
        0.3219048082828522,
        0.31652411818504333,
        0.316960871219635,
        0.3240414261817932,
        0.31430941820144653,
        0.309347927570343,
        0.3271833062171936,
        0.30330097675323486,
        0.3153502643108368,
        0.3015606701374054,
        0.2952723205089569,
        0.298831582069397,
        0.30463942885398865,
        0.3004857003688812,
        0.3034060299396515,
        0.29658010601997375,
        0.2895890772342682,
        0.2866990864276886,
        0.28876715898513794,
        0.2929297983646393,
        0.2904212176799774,
        0.31240856647491455
    ],
    "val_binary_accuracy": [
        0.6406387686729431,
        0.7717382907867432,
        0.7972235083580017,
        0.8159723281860352,
        0.8194645047187805,
        0.8328722715377808,
        0.8338609337806702,
        0.838901162147522,
        0.8367877006530762,
        0.8476784229278564,
        0.8107718825340271,
        0.8495529890060425,
        0.8610665202140808,
        0.8618692755699158,
        0.8300467729568481,
        0.8668051362037659,
        0.877594530582428,
        0.8824836015701294,
        0.8815991878509521,
        0.885188102722168,
        0.8769626617431641,
        0.8966608047485352,
        0.8819590210914612,
        0.892228364944458,
        0.8968528509140015,
        0.8900725841522217,
        0.9053232073783875,
        0.8862025141716003,
        0.9005974531173706,
        0.9027683138847351,
        0.884057343006134,
        0.8988332152366638,
        0.8829824328422546,
        0.8990055918693542,
        0.9023767709732056,
        0.9055363535881042,
        0.9054199457168579,
        0.9120807647705078,
        0.9010071158409119,
        0.9067805409431458
    ]
}