{
    "loss": [
        0.47553879022598267,
        0.2736909091472626,
        0.24138806760311127,
        0.2434157282114029,
        0.2343725860118866,
        0.21674348413944244,
        0.25518837571144104,
        0.2131974846124649,
        0.2079964131116867,
        0.21062377095222473,
        0.21379423141479492,
        0.23082609474658966,
        0.20648711919784546,
        0.2506249248981476,
        0.2597542405128479,
        0.20136712491512299,
        0.1980307400226593,
        0.19564151763916016,
        0.19764360785484314,
        0.19878706336021423,
        0.20293134450912476,
        0.20496083796024323,
        0.1997823715209961,
        0.1931120753288269,
        0.19602955877780914,
        0.2179431915283203,
        0.19286063313484192,
        0.19650278985500336,
        0.1922580748796463,
        0.19152088463306427,
        0.2031770497560501,
        0.19227217137813568,
        0.18808357417583466,
        0.18981122970581055,
        0.18621568381786346,
        0.190708726644516,
        0.18955518305301666,
        0.18884392082691193,
        0.18559740483760834,
        0.1849627047777176
    ],
    "binary_accuracy": [
        0.8258526921272278,
        0.9161843061447144,
        0.9281032085418701,
        0.9279995560646057,
        0.9289935827255249,
        0.9376498460769653,
        0.923610508441925,
        0.9359347820281982,
        0.9380269646644592,
        0.9366558194160461,
        0.9359890818595886,
        0.9286850690841675,
        0.9397748112678528,
        0.9260585904121399,
        0.92181396484375,
        0.9389304518699646,
        0.9396982192993164,
        0.9406187534332275,
        0.9404693841934204,
        0.9403340220451355,
        0.9388584494590759,
        0.9374650716781616,
        0.9390696287155151,
        0.9408129453659058,
        0.9403283596038818,
        0.931142270565033,
        0.9396680593490601,
        0.9379025101661682,
        0.940764307975769,
        0.9406142234802246,
        0.9367406368255615,
        0.9401500225067139,
        0.9403626918792725,
        0.9406605958938599,
        0.9416889548301697,
        0.9403181672096252,
        0.9408080577850342,
        0.941213071346283,
        0.942241370677948,
        0.9421776533126831
    ],
    "val_loss": [
        0.2982562184333801,
        0.25382357835769653,
        0.21879877150058746,
        0.3050575852394104,
        0.21421416103839874,
        0.20894138514995575,
        0.21995879709720612,
        0.21057602763175964,
        0.18990987539291382,
        0.19958052039146423,
        0.1997915804386139,
        0.20234651863574982,
        0.1902482509613037,
        0.21554724872112274,
        0.19676212966442108,
        0.18978579342365265,
        0.1856253296136856,
        0.20036925375461578,
        0.18908053636550903,
        0.20122316479682922,
        0.18699133396148682,
        0.20023831725120544,
        0.17810459434986115,
        0.18430593609809875,
        0.1794835329055786,
        0.20272164046764374,
        0.1846354752779007,
        0.1942133754491806,
        0.19417151808738708,
        0.18935196101665497,
        0.1765730232000351,
        0.2006654143333435,
        0.16713865101337433,
        0.17458362877368927,
        0.17960336804389954,
        0.1815265715122223,
        0.17951105535030365,
        0.18537725508213043,
        0.18644188344478607,
        0.1836010217666626
    ],
    "val_binary_accuracy": [
        0.905749499797821,
        0.9157996773719788,
        0.938076913356781,
        0.9230863451957703,
        0.9397262334823608,
        0.9377685189247131,
        0.9315537214279175,
        0.9347586035728455,
        0.9428087472915649,
        0.9410112500190735,
        0.9394571781158447,
        0.9432093501091003,
        0.9430067539215088,
        0.9399001002311707,
        0.9397565126419067,
        0.9404307007789612,
        0.9431866407394409,
        0.9450098276138306,
        0.9438261389732361,
        0.9397262334823608,
        0.942882776260376,
        0.9396309852600098,
        0.9452653527259827,
        0.9427104592323303,
        0.9446606040000916,
        0.9328008890151978,
        0.9389235377311707,
        0.9411049485206604,
        0.9436991214752197,
        0.9435374140739441,
        0.9431670308113098,
        0.935364842414856,
        0.946319043636322,
        0.9473212957382202,
        0.9420165419578552,
        0.9446092247962952,
        0.9452335834503174,
        0.9439228773117065,
        0.9449357390403748,
        0.9436114430427551
    ]
}