{
  "timestamp": "2026-04-20T18:02:56.779488",
  "total_models": 192,
  "joint_pareto_models": 35,
  "model1_pareto_models": 11,
  "model25_pareto_models": 33,
  "metric_range": {
    "min": 0.0,
    "max": 0.9007047810824784
  },
  "luts_plus_ff_range": {
    "min": 734,
    "max": 1186293
  }
}