{
    "input_bits": 16,
    "input_int_bits": 0,
    "spatial_units": 128,
    "nmodule_xlocal_units": 10,
    "dense2_ratio": 0.2,
    "dense3_ratio": 0.6000000000000001,
    "dropout_rate": 0.0,
    "learning_rate": 0.0031727195992059948
}