{
    "loss": [
        0.6583251357078552,
        0.5448540449142456,
        0.45672497153282166,
        0.40050700306892395,
        0.34910833835601807,
        0.31952011585235596,
        0.30522093176841736,
        0.29513654112815857,
        0.28727787733078003,
        0.2810020446777344,
        0.2744958996772766,
        0.26706433296203613,
        0.2613225281238556,
        0.2572009563446045,
        0.2540854215621948,
        0.2514347434043884,
        0.24927043914794922,
        0.24747973680496216,
        0.24569667875766754,
        0.2440379559993744,
        0.24244587123394012,
        0.24116605520248413,
        0.24003294110298157,
        0.23878967761993408,
        0.23783983290195465,
        0.2370000183582306,
        0.2358466386795044,
        0.23504890501499176,
        0.2343331277370453,
        0.23325540125370026,
        0.23238390684127808,
        0.2306324541568756,
        0.22803111374378204,
        0.2257167398929596,
        0.22381390631198883,
        0.22241902351379395,
        0.22141794860363007,
        0.22064894437789917,
        0.21981455385684967,
        0.21921612322330475
    ],
    "binary_accuracy": [
        0.5851370692253113,
        0.7564915418624878,
        0.8149104714393616,
        0.8479936718940735,
        0.867506206035614,
        0.87766033411026,
        0.882979691028595,
        0.886608898639679,
        0.8891180753707886,
        0.8907780647277832,
        0.8929844498634338,
        0.895460844039917,
        0.8985700607299805,
        0.902571439743042,
        0.9054558277130127,
        0.9073752760887146,
        0.9091257452964783,
        0.9105252027511597,
        0.9121342897415161,
        0.9136207699775696,
        0.9148086309432983,
        0.9157253503799438,
        0.9165365099906921,
        0.9172171950340271,
        0.9178239107131958,
        0.918273389339447,
        0.9187783598899841,
        0.9192753434181213,
        0.9196788668632507,
        0.9201540350914001,
        0.9205578565597534,
        0.9211235046386719,
        0.9219829440116882,
        0.9226066470146179,
        0.9230391979217529,
        0.9232650399208069,
        0.923622190952301,
        0.9237831830978394,
        0.9238782525062561,
        0.9241003394126892
    ],
    "val_loss": [
        0.5998997092247009,
        0.4776316285133362,
        0.42060431838035583,
        0.3657195270061493,
        0.321041464805603,
        0.3029756546020508,
        0.2919121980667114,
        0.2832987606525421,
        0.2766118347644806,
        0.27069908380508423,
        0.26299771666526794,
        0.2563597857952118,
        0.25083205103874207,
        0.24774686992168427,
        0.2448592483997345,
        0.24280846118927002,
        0.24053625762462616,
        0.23890942335128784,
        0.23756974935531616,
        0.23631389439105988,
        0.2350740283727646,
        0.23414355516433716,
        0.23323413729667664,
        0.23269076645374298,
        0.2318606823682785,
        0.23107267916202545,
        0.23041972517967224,
        0.22965532541275024,
        0.22903592884540558,
        0.22819969058036804,
        0.2272016406059265,
        0.22514528036117554,
        0.22225366532802582,
        0.22019357979297638,
        0.21848346292972565,
        0.21765099465847015,
        0.21657973527908325,
        0.2160349041223526,
        0.2154339849948883,
        0.21483735740184784
    ],
    "val_binary_accuracy": [
        0.718320369720459,
        0.8059161305427551,
        0.8406819701194763,
        0.8652828335762024,
        0.8768810033798218,
        0.8832621574401855,
        0.8870581388473511,
        0.8894920945167542,
        0.891291081905365,
        0.892827033996582,
        0.8947923183441162,
        0.8973138928413391,
        0.9010947942733765,
        0.9049875736236572,
        0.9076513051986694,
        0.9098055362701416,
        0.9108713269233704,
        0.9127489328384399,
        0.9141654372215271,
        0.9155003428459167,
        0.916673481464386,
        0.9177709817886353,
        0.9183242917060852,
        0.91924649477005,
        0.919639527797699,
        0.9200129508972168,
        0.9204891324043274,
        0.9208670854568481,
        0.9214475750923157,
        0.9216728210449219,
        0.9221535921096802,
        0.9233176708221436,
        0.9240039587020874,
        0.9243305325508118,
        0.9245754480361938,
        0.9249110221862793,
        0.9248701930046082,
        0.9252194166183472,
        0.9252647757530212,
        0.9254084229469299
    ]
}