{
    "loss": [
        0.3311316967010498,
        0.23879705369472504,
        0.2284591645002365,
        0.2204013615846634,
        0.21224236488342285,
        0.2084440290927887,
        0.20214983820915222,
        0.19762583076953888,
        0.1950255036354065,
        0.19167275726795197,
        0.19128583371639252,
        0.19000260531902313,
        0.18951533734798431,
        0.1878444254398346,
        0.1863318532705307,
        0.18453294038772583,
        0.1850648820400238,
        0.18317455053329468,
        0.182148739695549,
        0.18244025111198425,
        0.18222129344940186,
        0.18215548992156982,
        0.18161490559577942,
        0.18116116523742676,
        0.18076233565807343,
        0.1828031986951828,
        0.17949175834655762,
        0.1802208125591278,
        0.17854787409305573,
        0.1807398796081543,
        0.1799071580171585,
        0.17887206375598907,
        0.17865745723247528,
        0.17972733080387115,
        0.17900322377681732,
        0.1771276295185089,
        0.17755070328712463,
        0.17741434276103973,
        0.17768028378486633,
        0.1774071604013443
    ],
    "binary_accuracy": [
        0.8747186064720154,
        0.923676073551178,
        0.9251890182495117,
        0.9263787865638733,
        0.9284248948097229,
        0.9298684597015381,
        0.9323779940605164,
        0.9338750839233398,
        0.9348125457763672,
        0.9358993768692017,
        0.9361365437507629,
        0.9368112087249756,
        0.937010645866394,
        0.9376389384269714,
        0.937833845615387,
        0.9386186003684998,
        0.9385005831718445,
        0.93902587890625,
        0.9393132328987122,
        0.9390647411346436,
        0.9395149946212769,
        0.9396963715553284,
        0.939713716506958,
        0.9397706389427185,
        0.9401266574859619,
        0.9399312734603882,
        0.9406251311302185,
        0.9401903748512268,
        0.940804660320282,
        0.9402333498001099,
        0.9405685663223267,
        0.9410338997840881,
        0.9411296844482422,
        0.9404980540275574,
        0.9407533407211304,
        0.9413137435913086,
        0.9415422677993774,
        0.9413910508155823,
        0.9413759708404541,
        0.9416602849960327
    ],
    "val_loss": [
        0.24664995074272156,
        0.22671593725681305,
        0.21893200278282166,
        0.21170984208583832,
        0.20476308465003967,
        0.19903753697872162,
        0.1948619931936264,
        0.19243009388446808,
        0.18881410360336304,
        0.18599951267242432,
        0.1846121847629547,
        0.18384651839733124,
        0.18078738451004028,
        0.18117505311965942,
        0.18646813929080963,
        0.18910245597362518,
        0.18070638179779053,
        0.17873375117778778,
        0.1765224188566208,
        0.17665740847587585,
        0.1775810271501541,
        0.17848697304725647,
        0.17553870379924774,
        0.1734786480665207,
        0.17544542253017426,
        0.17644572257995605,
        0.17257475852966309,
        0.17483027279376984,
        0.17829377949237823,
        0.17368558049201965,
        0.1724303513765335,
        0.17202357947826385,
        0.17419570684432983,
        0.1728101521730423,
        0.17400120198726654,
        0.1730719357728958,
        0.17209984362125397,
        0.1725180447101593,
        0.17146383225917816,
        0.17493188381195068
    ],
    "val_binary_accuracy": [
        0.9228520393371582,
        0.9253721237182617,
        0.9260554313659668,
        0.9279648065567017,
        0.9301326274871826,
        0.9332423210144043,
        0.9339966773986816,
        0.9357004165649414,
        0.9359710216522217,
        0.9386967420578003,
        0.9367133378982544,
        0.9386574625968933,
        0.9394767880439758,
        0.9394571781158447,
        0.9389310479164124,
        0.9377518892288208,
        0.9395539164543152,
        0.9395614862442017,
        0.9408162236213684,
        0.9411563873291016,
        0.9409870505332947,
        0.9410883188247681,
        0.9419288635253906,
        0.9427709579467773,
        0.94144207239151,
        0.9427558183670044,
        0.9427679181098938,
        0.9418442249298096,
        0.9415327906608582,
        0.9422131180763245,
        0.9428178071975708,
        0.9431806206703186,
        0.9417686462402344,
        0.9431791305541992,
        0.9424201846122742,
        0.9428057074546814,
        0.9426757097244263,
        0.9420589208602905,
        0.9439002275466919,
        0.9433091282844543
    ]
}