{
    "loss": [
        0.586084246635437,
        0.4257926642894745,
        0.362093061208725,
        0.3168679177761078,
        0.28708112239837646,
        0.2715110778808594,
        0.263871967792511,
        0.26048046350479126,
        0.2585133910179138,
        0.2567472755908966,
        0.25555574893951416,
        0.2552908658981323,
        0.25444328784942627,
        0.2531105577945709,
        0.25196751952171326,
        0.25099268555641174,
        0.2493974268436432,
        0.24868053197860718,
        0.24719007313251495,
        0.24629373848438263,
        0.24590742588043213,
        0.24478240311145782,
        0.2440575659275055,
        0.24286004900932312,
        0.24201814830303192,
        0.24153965711593628,
        0.24087569117546082,
        0.2402055859565735,
        0.23975104093551636,
        0.23904471099376678,
        0.23889191448688507,
        0.23768112063407898,
        0.237606480717659,
        0.23719704151153564,
        0.23680151998996735,
        0.23558177053928375,
        0.23220700025558472,
        0.23074375092983246,
        0.22832930088043213,
        0.2253880500793457
    ],
    "binary_accuracy": [
        0.7073454856872559,
        0.8271284103393555,
        0.863631546497345,
        0.8858614563941956,
        0.9030695557594299,
        0.9115354418754578,
        0.9151763319969177,
        0.9171561002731323,
        0.9183744788169861,
        0.9191169738769531,
        0.9198244214057922,
        0.9203633069992065,
        0.9207056760787964,
        0.9210646748542786,
        0.9212683439254761,
        0.9215847253799438,
        0.9218339920043945,
        0.9220952987670898,
        0.9221978783607483,
        0.9223875403404236,
        0.9226843118667603,
        0.9227917790412903,
        0.9229912757873535,
        0.9230825304985046,
        0.9232126474380493,
        0.9234192967414856,
        0.923485279083252,
        0.9235833287239075,
        0.9237330555915833,
        0.9237971305847168,
        0.9238902926445007,
        0.9240105748176575,
        0.9239857196807861,
        0.9241282343864441,
        0.9242764711380005,
        0.9242817163467407,
        0.9244027733802795,
        0.9244495034217834,
        0.9245747327804565,
        0.9246312975883484
    ],
    "val_loss": [
        0.4575749933719635,
        0.37544888257980347,
        0.32501155138015747,
        0.2900128662586212,
        0.2691027820110321,
        0.2588961720466614,
        0.25562378764152527,
        0.25327441096305847,
        0.2515554428100586,
        0.251310795545578,
        0.2505623698234558,
        0.2496764063835144,
        0.249568372964859,
        0.24884726107120514,
        0.24754698574543,
        0.24621295928955078,
        0.24527250230312347,
        0.24309413135051727,
        0.24232622981071472,
        0.2418397217988968,
        0.2412172555923462,
        0.2405005246400833,
        0.23980362713336945,
        0.23807549476623535,
        0.23825551569461823,
        0.2372605949640274,
        0.23667624592781067,
        0.2361212968826294,
        0.23636120557785034,
        0.2352820485830307,
        0.234836608171463,
        0.23413264751434326,
        0.23329181969165802,
        0.23280763626098633,
        0.23255980014801025,
        0.23040753602981567,
        0.22887638211250305,
        0.22738076746463776,
        0.22330982983112335,
        0.22040213644504547
    ],
    "val_binary_accuracy": [
        0.8237624168395996,
        0.8601534366607666,
        0.8806452751159668,
        0.8984114527702332,
        0.9121533036231995,
        0.916619062423706,
        0.9186992049217224,
        0.9203439950942993,
        0.9207884669303894,
        0.9214823842048645,
        0.9216335415840149,
        0.9219525456428528,
        0.9224362969398499,
        0.922705352306366,
        0.9225890040397644,
        0.9231997132301331,
        0.9232027530670166,
        0.9234068393707275,
        0.9237197637557983,
        0.9238089919090271,
        0.9240055084228516,
        0.9239480495452881,
        0.9241188764572144,
        0.9240553975105286,
        0.9242866635322571,
        0.9245995879173279,
        0.9246888160705566,
        0.9247130155563354,
        0.924950361251831,
        0.9250289797782898,
        0.9251483678817749,
        0.9251816272735596,
        0.9252405762672424,
        0.9253615140914917,
        0.9252844452857971,
        0.9255671501159668,
        0.9254477024078369,
        0.9256941080093384,
        0.9256517887115479,
        0.925731897354126
    ]
}