{
    "loss": [
        0.6370913982391357,
        0.5113651752471924,
        0.424643874168396,
        0.35626766085624695,
        0.31445229053497314,
        0.2866952419281006,
        0.26667842268943787,
        0.2529749870300293,
        0.24469277262687683,
        0.2394130676984787,
        0.23577718436717987,
        0.23321686685085297,
        0.23105567693710327,
        0.2292546033859253,
        0.22789177298545837,
        0.22670221328735352,
        0.22577901184558868,
        0.2248687744140625,
        0.22418919205665588,
        0.2234645038843155,
        0.22300218045711517,
        0.22238501906394958,
        0.22179538011550903,
        0.22144076228141785,
        0.22096894681453705,
        0.22059565782546997,
        0.2202855944633484,
        0.219898521900177,
        0.2196703553199768,
        0.21924550831317902,
        0.218994140625,
        0.21863986551761627,
        0.2184407263994217,
        0.218108132481575,
        0.217855304479599,
        0.21769320964813232,
        0.21750353276729584,
        0.21719253063201904,
        0.21702465415000916,
        0.21671754121780396
    ],
    "binary_accuracy": [
        0.6345331072807312,
        0.771548330783844,
        0.8177024722099304,
        0.8579920530319214,
        0.8806816339492798,
        0.892791748046875,
        0.9015306234359741,
        0.9083840250968933,
        0.9127447605133057,
        0.9153165817260742,
        0.916920006275177,
        0.9178944230079651,
        0.9188786745071411,
        0.9195046424865723,
        0.9200284481048584,
        0.9204952716827393,
        0.9208927154541016,
        0.9212325215339661,
        0.9214900732040405,
        0.9216993451118469,
        0.9218788743019104,
        0.9222374558448792,
        0.9224252700805664,
        0.9225289821624756,
        0.9227518439292908,
        0.9229422807693481,
        0.92299884557724,
        0.923087477684021,
        0.9231541752815247,
        0.9234045743942261,
        0.9235056638717651,
        0.9236119985580444,
        0.9236893057823181,
        0.9238502979278564,
        0.9238518476486206,
        0.9238940477371216,
        0.9240475296974182,
        0.9241135120391846,
        0.9242063164710999,
        0.9242662787437439
    ],
    "val_loss": [
        0.5505288243293762,
        0.45730504393577576,
        0.3737820088863373,
        0.32243767380714417,
        0.29041001200675964,
        0.2675526440143585,
        0.25161319971084595,
        0.24161666631698608,
        0.23587915301322937,
        0.23189498484134674,
        0.2295168787240982,
        0.2275359034538269,
        0.22584868967533112,
        0.2246374934911728,
        0.22338013350963593,
        0.22251728177070618,
        0.2218884527683258,
        0.2212800234556198,
        0.22065965831279755,
        0.22021669149398804,
        0.21975640952587128,
        0.21957454085350037,
        0.21879570186138153,
        0.21861998736858368,
        0.21814441680908203,
        0.21782633662223816,
        0.21792273223400116,
        0.2172444760799408,
        0.21691371500492096,
        0.21663592755794525,
        0.21645744144916534,
        0.21610210835933685,
        0.2158050537109375,
        0.2157248854637146,
        0.2155458778142929,
        0.2152106761932373,
        0.21500402688980103,
        0.2148711085319519,
        0.21442966163158417,
        0.21419864892959595
    ],
    "val_binary_accuracy": [
        0.7544952034950256,
        0.8038722276687622,
        0.8482649326324463,
        0.8779528141021729,
        0.8910734057426453,
        0.8992171883583069,
        0.90666264295578,
        0.912245512008667,
        0.9155442118644714,
        0.9177906513214111,
        0.9189562201499939,
        0.9202487468719482,
        0.9206932187080383,
        0.9213463068008423,
        0.9217575192451477,
        0.9220447540283203,
        0.9224151372909546,
        0.9226313233375549,
        0.9228686690330505,
        0.9229321479797363,
        0.9229956269264221,
        0.9233735799789429,
        0.9233977794647217,
        0.9234294891357422,
        0.9238830208778381,
        0.9237787127494812,
        0.9241747856140137,
        0.9238558411598206,
        0.9242761135101318,
        0.9241839051246643,
        0.9245210289955139,
        0.9243834018707275,
        0.9243501424789429,
        0.9247296452522278,
        0.924406111240387,
        0.9245542287826538,
        0.9246147274971008,
        0.9246283173561096,
        0.9249578714370728,
        0.9250364899635315
    ]
}