{
    "loss": [
        0.5157984495162964,
        0.34245866537094116,
        0.30669501423835754,
        0.2840345501899719,
        0.27316397428512573,
        0.26646286249160767,
        0.2622486352920532,
        0.2590128779411316,
        0.2576907277107239,
        0.25604522228240967,
        0.25417664647102356,
        0.2528904974460602,
        0.25095412135124207,
        0.24773675203323364,
        0.2455631047487259,
        0.243797168135643,
        0.2420566827058792,
        0.23999230563640594,
        0.23874293267726898,
        0.23736850917339325,
        0.23623980581760406,
        0.2350083887577057,
        0.2334001362323761,
        0.2334713190793991,
        0.2329920083284378,
        0.23163414001464844,
        0.22995679080486298,
        0.2289670705795288,
        0.22743965685367584,
        0.22632813453674316,
        0.2251415252685547,
        0.2240392416715622,
        0.22241240739822388,
        0.22064334154129028,
        0.21958164870738983,
        0.21857620775699615,
        0.21700519323349,
        0.21649004518985748,
        0.21572090685367584,
        0.21556276082992554
    ],
    "binary_accuracy": [
        0.7429107427597046,
        0.8792403936386108,
        0.8938412070274353,
        0.9098694324493408,
        0.9166337847709656,
        0.9197030067443848,
        0.921485185623169,
        0.9224599599838257,
        0.9230693578720093,
        0.9234668016433716,
        0.9237617254257202,
        0.924202561378479,
        0.9246999025344849,
        0.9247919321060181,
        0.9253383278846741,
        0.9258527159690857,
        0.9260465502738953,
        0.9263108968734741,
        0.926527738571167,
        0.9268799424171448,
        0.9272804260253906,
        0.9274927377700806,
        0.9275326728820801,
        0.9279452562332153,
        0.9282488226890564,
        0.9285670518875122,
        0.9284403324127197,
        0.9288615584373474,
        0.9290874600410461,
        0.9293028116226196,
        0.9296022057533264,
        0.9294023513793945,
        0.9297949075698853,
        0.9298220276832581,
        0.930271565914154,
        0.9304642677307129,
        0.9306161999702454,
        0.9307874441146851,
        0.9309880137443542,
        0.9312629103660583
    ],
    "val_loss": [
        0.3574196696281433,
        0.31217968463897705,
        0.28375744819641113,
        0.26867765188217163,
        0.26222625374794006,
        0.25784531235694885,
        0.255237877368927,
        0.2525191307067871,
        0.2517373859882355,
        0.2520688772201538,
        0.249647855758667,
        0.2475302368402481,
        0.2478623241186142,
        0.24116691946983337,
        0.24160204827785492,
        0.23836365342140198,
        0.23792637884616852,
        0.23341338336467743,
        0.2328142523765564,
        0.2334582358598709,
        0.23220914602279663,
        0.2303190976381302,
        0.23244519531726837,
        0.22919224202632904,
        0.2291947305202484,
        0.2261851280927658,
        0.22591298818588257,
        0.22308406233787537,
        0.22223247587680817,
        0.2219252586364746,
        0.21851728856563568,
        0.21861985325813293,
        0.2176486849784851,
        0.21561627089977264,
        0.2173972874879837,
        0.212693989276886,
        0.2159377485513687,
        0.21177369356155396,
        0.20954741537570953,
        0.213738813996315
    ],
    "val_binary_accuracy": [
        0.8731393814086914,
        0.8894814848899841,
        0.904423713684082,
        0.9168291687965393,
        0.9207022786140442,
        0.9222004413604736,
        0.9240357279777527,
        0.924006998538971,
        0.9250093102455139,
        0.92485511302948,
        0.9254733920097351,
        0.9251514077186584,
        0.9253690838813782,
        0.9257969260215759,
        0.9269594550132751,
        0.9274144768714905,
        0.9277077913284302,
        0.9270002841949463,
        0.9283276200294495,
        0.9286496043205261,
        0.928604245185852,
        0.9284772872924805,
        0.9293132424354553,
        0.9299194812774658,
        0.9299860000610352,
        0.9297788739204407,
        0.9301810264587402,
        0.9300222992897034,
        0.9300026297569275,
        0.930509090423584,
        0.9298786520957947,
        0.9303457736968994,
        0.9314509034156799,
        0.9316942691802979,
        0.9315279722213745,
        0.9316866993904114,
        0.9323594570159912,
        0.930305004119873,
        0.932782769203186,
        0.9328129887580872
    ]
}