{
    "loss": [
        0.4012443423271179,
        0.2752622365951538,
        0.26489540934562683,
        0.2626992464065552,
        0.260293185710907,
        0.25726568698883057,
        0.2563416659832001,
        0.254295289516449,
        0.25254616141319275,
        0.25059399008750916,
        0.24579493701457977,
        0.24277393519878387,
        0.2396724373102188,
        0.2380521446466446,
        0.2362842559814453,
        0.2340344488620758,
        0.2325805127620697,
        0.2306247055530548,
        0.22827160358428955,
        0.22662517428398132,
        0.22486697137355804,
        0.22296065092086792,
        0.2214881032705307,
        0.22013208270072937,
        0.21868014335632324,
        0.2178826481103897,
        0.2171821892261505,
        0.21599285304546356,
        0.21539796888828278,
        0.21442244946956635,
        0.2145945131778717,
        0.21337498724460602,
        0.21139046549797058,
        0.20950888097286224,
        0.21005888283252716,
        0.20920827984809875,
        0.20830866694450378,
        0.2072378545999527,
        0.2070816159248352,
        0.2065124660730362
    ],
    "binary_accuracy": [
        0.8343570232391357,
        0.9114347696304321,
        0.918403148651123,
        0.9205307364463806,
        0.921265721321106,
        0.9217529296875,
        0.9223313927650452,
        0.922531247138977,
        0.9227970838546753,
        0.922974705696106,
        0.9232499599456787,
        0.9238642454147339,
        0.9243292212486267,
        0.925034761428833,
        0.9254899621009827,
        0.9260574579238892,
        0.9266151785850525,
        0.927150309085846,
        0.9274945855140686,
        0.9276605248451233,
        0.9280632734298706,
        0.9284407496452332,
        0.9290120601654053,
        0.9294151663780212,
        0.9296557307243347,
        0.9298616647720337,
        0.929962694644928,
        0.9302323460578918,
        0.9300385117530823,
        0.9303714632987976,
        0.9303390383720398,
        0.9305279850959778,
        0.9308383464813232,
        0.930917501449585,
        0.9309375286102295,
        0.9311000108718872,
        0.9313523173332214,
        0.9313821196556091,
        0.9316852688789368,
        0.9317067861557007
    ],
    "val_loss": [
        0.28481170535087585,
        0.26153990626335144,
        0.26027196645736694,
        0.258821576833725,
        0.2587812542915344,
        0.25352948904037476,
        0.2517826557159424,
        0.2504484951496124,
        0.24764269590377808,
        0.24440066516399384,
        0.23998862504959106,
        0.23818345367908478,
        0.23577918112277985,
        0.23416227102279663,
        0.2331298589706421,
        0.2301323264837265,
        0.22931307554244995,
        0.2246423363685608,
        0.22268593311309814,
        0.22235757112503052,
        0.22028976678848267,
        0.21797040104866028,
        0.21758881211280823,
        0.21505890786647797,
        0.2140374779701233,
        0.213274747133255,
        0.21180085837841034,
        0.21127507090568542,
        0.21168026328086853,
        0.21092167496681213,
        0.2096208781003952,
        0.20878851413726807,
        0.2061869502067566,
        0.20448288321495056,
        0.20496152341365814,
        0.20309513807296753,
        0.20167003571987152,
        0.20150084793567657,
        0.2015291005373001,
        0.2011861950159073
    ],
    "val_binary_accuracy": [
        0.9041485786437988,
        0.9187340140342712,
        0.921529233455658,
        0.9224831461906433,
        0.9228097200393677,
        0.9235066175460815,
        0.9236834645271301,
        0.9239480495452881,
        0.9240599274635315,
        0.9236109256744385,
        0.9244650602340698,
        0.9251136183738708,
        0.9257636666297913,
        0.9268914461135864,
        0.9277289509773254,
        0.9271031022071838,
        0.9273041486740112,
        0.9280010461807251,
        0.9291318655014038,
        0.9298590421676636,
        0.9293253421783447,
        0.9301220774650574,
        0.9308612942695618,
        0.9306466579437256,
        0.9313949346542358,
        0.931800127029419,
        0.9321039915084839,
        0.9317411780357361,
        0.9318258166313171,
        0.9314176440238953,
        0.9323549270629883,
        0.9315446019172668,
        0.9327011108398438,
        0.9328583478927612,
        0.9327737092971802,
        0.9327918291091919,
        0.9333466291427612,
        0.9331576824188232,
        0.9325620532035828,
        0.9340163469314575
    ]
}