{
    "loss": [
        0.6028131246566772,
        0.4555962383747101,
        0.40190765261650085,
        0.3677610456943512,
        0.3444312512874603,
        0.3261643052101135,
        0.31143918633461,
        0.2995845675468445,
        0.29017189145088196,
        0.2824106514453888,
        0.2752719223499298,
        0.26998117566108704,
        0.2664867043495178,
        0.26309463381767273,
        0.2608807682991028,
        0.258895605802536,
        0.25712355971336365,
        0.2559765577316284,
        0.25532594323158264,
        0.2541629374027252,
        0.253158837556839,
        0.2528315484523773,
        0.2517695426940918,
        0.2511623501777649,
        0.2502894699573517,
        0.25009211897850037,
        0.24905115365982056,
        0.24887482821941376,
        0.24823379516601562,
        0.24736960232257843,
        0.24683625996112823,
        0.24635925889015198,
        0.24591760337352753,
        0.24531814455986023,
        0.24505221843719482,
        0.24450761079788208,
        0.24337980151176453,
        0.24277786910533905,
        0.24202069640159607,
        0.24130713939666748
    ],
    "binary_accuracy": [
        0.6563346982002258,
        0.803494930267334,
        0.843626856803894,
        0.8630994558334351,
        0.874900758266449,
        0.884646475315094,
        0.8925915360450745,
        0.8991345763206482,
        0.9045157432556152,
        0.9087527990341187,
        0.9121301174163818,
        0.9146363139152527,
        0.9162940382957458,
        0.9175682663917542,
        0.9185521006584167,
        0.9194020628929138,
        0.9199722409248352,
        0.9205714464187622,
        0.9210205674171448,
        0.9215990304946899,
        0.9218845367431641,
        0.9223151803016663,
        0.9225866794586182,
        0.9228612184524536,
        0.923094630241394,
        0.9234238266944885,
        0.9235825538635254,
        0.9239016175270081,
        0.9240007996559143,
        0.924091637134552,
        0.9242481589317322,
        0.9245366454124451,
        0.9245607852935791,
        0.9247165322303772,
        0.9249815940856934,
        0.9251671433448792,
        0.9252105355262756,
        0.9254352450370789,
        0.9254835247993469,
        0.9257293939590454
    ],
    "val_loss": [
        0.48467740416526794,
        0.41433486342430115,
        0.3728175461292267,
        0.3452386260032654,
        0.32466045022010803,
        0.3085322380065918,
        0.296829491853714,
        0.28585484623908997,
        0.27782967686653137,
        0.27170029282569885,
        0.2663034200668335,
        0.2617138624191284,
        0.25872430205345154,
        0.2565232217311859,
        0.25510209798812866,
        0.2536264657974243,
        0.2522789239883423,
        0.25161683559417725,
        0.25093501806259155,
        0.24996480345726013,
        0.24987050890922546,
        0.24895039200782776,
        0.2484101802110672,
        0.24818792939186096,
        0.24727174639701843,
        0.24741092324256897,
        0.2467932254076004,
        0.24623584747314453,
        0.24568048119544983,
        0.2451997697353363,
        0.2446177452802658,
        0.24399010837078094,
        0.24391399323940277,
        0.2441299855709076,
        0.24316324293613434,
        0.24191129207611084,
        0.24208304286003113,
        0.24073384702205658,
        0.24043558537960052,
        0.2399625927209854
    ],
    "val_binary_accuracy": [
        0.7871204614639282,
        0.8379774689674377,
        0.8607898354530334,
        0.8737894892692566,
        0.8826045393943787,
        0.8901739120483398,
        0.8989405632019043,
        0.9032641649246216,
        0.9074638485908508,
        0.9112659096717834,
        0.915571391582489,
        0.9164829850196838,
        0.9181262850761414,
        0.9189607501029968,
        0.9196561574935913,
        0.9202472567558289,
        0.9209229946136475,
        0.9217892289161682,
        0.9220825433731079,
        0.9222745299339294,
        0.9232299327850342,
        0.9230848550796509,
        0.9235111474990845,
        0.9237242937088013,
        0.9238331317901611,
        0.9237757325172424,
        0.9245754480361938,
        0.924590528011322,
        0.9247432351112366,
        0.9249412417411804,
        0.9248596429824829,
        0.9249775409698486,
        0.9255368709564209,
        0.9256744980812073,
        0.9258332252502441,
        0.9256880879402161,
        0.9262595176696777,
        0.9262428879737854,
        0.9262171983718872,
        0.9266480207443237
    ]
}