{
    "loss": [
        0.3972892165184021,
        0.2652331292629242,
        0.25894978642463684,
        0.2561456561088562,
        0.25375425815582275,
        0.2505948841571808,
        0.2453068196773529,
        0.24086754024028778,
        0.23495352268218994,
        0.2294510006904602,
        0.22217129170894623,
        0.21711669862270355,
        0.21393653750419617,
        0.20984774827957153,
        0.20735126733779907,
        0.20548327267169952,
        0.20381665229797363,
        0.20243075489997864,
        0.20167487859725952,
        0.20066311955451965,
        0.1982569843530655,
        0.19748321175575256,
        0.19613640010356903,
        0.19549722969532013,
        0.1937529295682907,
        0.19315072894096375,
        0.1923271119594574,
        0.19159945845603943,
        0.1916397213935852,
        0.1905181109905243,
        0.18999403715133667,
        0.18905261158943176,
        0.1886700540781021,
        0.18745847046375275,
        0.18681354820728302,
        0.1867593377828598,
        0.1874396800994873,
        0.18597042560577393,
        0.18564967811107635,
        0.18555858731269836
    ],
    "binary_accuracy": [
        0.8327539563179016,
        0.9175117015838623,
        0.92145836353302,
        0.9226873517036438,
        0.9234588742256165,
        0.9241836667060852,
        0.9248518943786621,
        0.9254295825958252,
        0.9261517524719238,
        0.9267287254333496,
        0.927358090877533,
        0.9281454682350159,
        0.9283822774887085,
        0.929208517074585,
        0.930022656917572,
        0.9305773973464966,
        0.9312723875045776,
        0.9318983554840088,
        0.9324952960014343,
        0.9329184293746948,
        0.9337947964668274,
        0.934226930141449,
        0.934587836265564,
        0.935086727142334,
        0.935509443283081,
        0.9358077049255371,
        0.9361376762390137,
        0.9363526105880737,
        0.9364880323410034,
        0.9369356036186218,
        0.9372259974479675,
        0.9373971819877625,
        0.9375680088996887,
        0.9378349781036377,
        0.9379183650016785,
        0.9379684925079346,
        0.9379391074180603,
        0.9383203387260437,
        0.9384749531745911,
        0.9383131861686707
    ],
    "val_loss": [
        0.2690701484680176,
        0.2586752474308014,
        0.2549920976161957,
        0.2526009976863861,
        0.249190554022789,
        0.2440391629934311,
        0.2408294975757599,
        0.23357364535331726,
        0.2272678017616272,
        0.2176891714334488,
        0.21178896725177765,
        0.2072436809539795,
        0.20712508261203766,
        0.20325857400894165,
        0.1996593177318573,
        0.19690148532390594,
        0.1990332007408142,
        0.19433702528476715,
        0.19720694422721863,
        0.19165802001953125,
        0.1910344809293747,
        0.1911906749010086,
        0.18954993784427643,
        0.1875312477350235,
        0.18603107333183289,
        0.18594953417778015,
        0.1850748062133789,
        0.18288619816303253,
        0.18354707956314087,
        0.18880169093608856,
        0.1826270967721939,
        0.1831560879945755,
        0.1811845302581787,
        0.18110910058021545,
        0.1807214468717575,
        0.18120349943637848,
        0.17836140096187592,
        0.17993097007274628,
        0.1798119843006134,
        0.17874518036842346
    ],
    "val_binary_accuracy": [
        0.9134625196456909,
        0.9210832715034485,
        0.9231226444244385,
        0.9247356653213501,
        0.9252949953079224,
        0.9256729483604431,
        0.9262323379516602,
        0.9271348118782043,
        0.9265709519386292,
        0.9284485578536987,
        0.929257333278656,
        0.9299134612083435,
        0.930010199546814,
        0.9311515688896179,
        0.9319013953208923,
        0.9323171377182007,
        0.9330306649208069,
        0.9342748522758484,
        0.9335794448852539,
        0.9346195459365845,
        0.9354344010353088,
        0.9339044690132141,
        0.9363746643066406,
        0.9367435574531555,
        0.93792724609375,
        0.9376143217086792,
        0.9376959800720215,
        0.9380360841751099,
        0.9386075735092163,
        0.9378153681755066,
        0.938541054725647,
        0.9390822649002075,
        0.939313530921936,
        0.9388116598129272,
        0.9394148588180542,
        0.9390278458595276,
        0.9398955702781677,
        0.9398139119148254,
        0.9403914213180542,
        0.939916729927063
    ]
}