{
    "loss": [
        0.6699796915054321,
        0.5745830535888672,
        0.52662593126297,
        0.49436062574386597,
        0.45682185888290405,
        0.4141877591609955,
        0.38728973269462585,
        0.3724149167537689,
        0.3628718852996826,
        0.3564053773880005,
        0.35224857926368713,
        0.3491488993167877,
        0.34675416350364685,
        0.34513047337532043,
        0.3437808156013489,
        0.34284088015556335,
        0.342073917388916,
        0.3411828875541687,
        0.34114450216293335,
        0.34090572595596313,
        0.34053876996040344,
        0.34034740924835205,
        0.34018269181251526,
        0.34001424908638,
        0.33978161215782166,
        0.3396189510822296,
        0.33959469199180603,
        0.33935970067977905,
        0.3393913507461548,
        0.33959606289863586,
        0.3392612040042877,
        0.339322030544281,
        0.33924978971481323,
        0.33902594447135925,
        0.3388153910636902,
        0.33848661184310913,
        0.338533878326416,
        0.338357537984848,
        0.3382345736026764,
        0.3381478488445282
    ],
    "binary_accuracy": [
        0.5529419183731079,
        0.7047944068908691,
        0.7556536197662354,
        0.7867529392242432,
        0.8199760317802429,
        0.8465090394020081,
        0.8600901961326599,
        0.8672467470169067,
        0.87263023853302,
        0.8764679431915283,
        0.8792973160743713,
        0.8810489177703857,
        0.8826689720153809,
        0.88343745470047,
        0.8842222094535828,
        0.8846325278282166,
        0.8850767016410828,
        0.8854621052742004,
        0.8857517242431641,
        0.8858980536460876,
        0.8861522078514099,
        0.886296272277832,
        0.8864285945892334,
        0.8866846561431885,
        0.8867220282554626,
        0.8868362307548523,
        0.8867841958999634,
        0.8870217800140381,
        0.8871567845344543,
        0.8871273994445801,
        0.8872016668319702,
        0.8873087763786316,
        0.8873279690742493,
        0.8875150084495544,
        0.8874245285987854,
        0.887475848197937,
        0.8875603079795837,
        0.8876757025718689,
        0.887820839881897,
        0.8878702521324158
    ],
    "val_loss": [
        0.6082988381385803,
        0.5367277264595032,
        0.49953436851501465,
        0.4648067355155945,
        0.42093536257743835,
        0.38349640369415283,
        0.36370208859443665,
        0.3519253730773926,
        0.34481552243232727,
        0.34094682335853577,
        0.33871400356292725,
        0.3365944027900696,
        0.33510226011276245,
        0.33395740389823914,
        0.3331080675125122,
        0.3325502872467041,
        0.33237117528915405,
        0.33184710144996643,
        0.3318851888179779,
        0.3315263092517853,
        0.3312402665615082,
        0.3313066363334656,
        0.3309774398803711,
        0.33111119270324707,
        0.3309738337993622,
        0.33094748854637146,
        0.33078691363334656,
        0.33079612255096436,
        0.3306238353252411,
        0.33061736822128296,
        0.3305387794971466,
        0.33067619800567627,
        0.33055272698402405,
        0.3305567800998688,
        0.33003896474838257,
        0.32979992032051086,
        0.3296707570552826,
        0.32964175939559937,
        0.32961028814315796,
        0.32959654927253723
    ],
    "val_binary_accuracy": [
        0.6510940790176392,
        0.7519433498382568,
        0.7791776657104492,
        0.8153872489929199,
        0.8497827649116516,
        0.8707720041275024,
        0.8786286115646362,
        0.8821494579315186,
        0.8842644095420837,
        0.8857958316802979,
        0.8871972560882568,
        0.8877475261688232,
        0.888349175453186,
        0.8888057470321655,
        0.8890174031257629,
        0.889236569404602,
        0.8895313739776611,
        0.8897566199302673,
        0.8897157907485962,
        0.8898670077323914,
        0.890099823474884,
        0.8902615904808044,
        0.8902902603149414,
        0.8904127478599548,
        0.8904248476028442,
        0.8905805349349976,
        0.8906168341636658,
        0.890787661075592,
        0.8908632397651672,
        0.8909675478935242,
        0.8909932374954224,
        0.8910476565361023,
        0.8911202549934387,
        0.8911716341972351,
        0.8911580443382263,
        0.8912971019744873,
        0.8913364410400391,
        0.8915057182312012,
        0.8915858864784241,
        0.8917325139045715
    ]
}