{
    "loss": [
        0.651695966720581,
        0.5094690918922424,
        0.46354904770851135,
        0.4345390200614929,
        0.3895779550075531,
        0.36129605770111084,
        0.34262794256210327,
        0.3310967683792114,
        0.32349100708961487,
        0.31810319423675537,
        0.3146730065345764,
        0.31289419531822205,
        0.31139135360717773,
        0.31021979451179504,
        0.31205999851226807,
        0.3118365406990051,
        0.3109890818595886,
        0.3102538287639618,
        0.30918246507644653,
        0.3083988130092621,
        0.30824747681617737,
        0.30739426612854004,
        0.3065424859523773,
        0.30654314160346985,
        0.3058762550354004,
        0.30553969740867615,
        0.30524882674217224,
        0.30468225479125977,
        0.30414870381355286,
        0.3034072518348694,
        0.3026651442050934,
        0.3014470040798187,
        0.30103811621665955,
        0.3003205358982086,
        0.30061838030815125,
        0.30035415291786194,
        0.3004493713378906,
        0.2990851402282715,
        0.29579687118530273,
        0.2937984764575958
    ],
    "binary_accuracy": [
        0.6154105067253113,
        0.7576338052749634,
        0.7756481170654297,
        0.7987536787986755,
        0.8398547172546387,
        0.8625054955482483,
        0.8727478981018066,
        0.8783779740333557,
        0.8820335268974304,
        0.8844032287597656,
        0.8856276869773865,
        0.8860575556755066,
        0.8865854740142822,
        0.8869504928588867,
        0.8872778415679932,
        0.8876127004623413,
        0.8878943920135498,
        0.8882334232330322,
        0.8885316848754883,
        0.8887549638748169,
        0.8889725208282471,
        0.8890663981437683,
        0.8893782496452332,
        0.8894616365432739,
        0.8897086381912231,
        0.8898443579673767,
        0.8900762796401978,
        0.8902010917663574,
        0.8902720212936401,
        0.8904371857643127,
        0.8905532956123352,
        0.8906547427177429,
        0.890674352645874,
        0.8908489346504211,
        0.8908519744873047,
        0.890970766544342,
        0.8909345865249634,
        0.8909549117088318,
        0.8916133642196655,
        0.891706109046936
    ],
    "val_loss": [
        0.5731179118156433,
        0.4609593152999878,
        0.44236621260643005,
        0.39568328857421875,
        0.3604442775249481,
        0.338474303483963,
        0.3242909014225006,
        0.31609299778938293,
        0.3098212480545044,
        0.3055324852466583,
        0.30350401997566223,
        0.3019741177558899,
        0.30086997151374817,
        0.29989415407180786,
        0.30044931173324585,
        0.2992357611656189,
        0.299058198928833,
        0.29800698161125183,
        0.29745107889175415,
        0.2969752550125122,
        0.29689761996269226,
        0.29578766226768494,
        0.2955904006958008,
        0.2949140965938568,
        0.29476436972618103,
        0.29437199234962463,
        0.2944309711456299,
        0.293914794921875,
        0.29338204860687256,
        0.29269564151763916,
        0.3042084872722626,
        0.30193138122558594,
        0.3012675940990448,
        0.3006610572338104,
        0.3000138998031616,
        0.2997530698776245,
        0.2985262870788574,
        0.29812201857566833,
        0.29579880833625793,
        0.28762391209602356
    ],
    "val_binary_accuracy": [
        0.7543999552726746,
        0.7827091217041016,
        0.7958977222442627,
        0.8381573557853699,
        0.8644967079162598,
        0.8765408396720886,
        0.8824140429496765,
        0.8853166103363037,
        0.8879561424255371,
        0.8906742930412292,
        0.89055335521698,
        0.8914074897766113,
        0.8917022943496704,
        0.8920877575874329,
        0.8922147750854492,
        0.8929993510246277,
        0.8927468657493591,
        0.893226146697998,
        0.8933908939361572,
        0.8933379650115967,
        0.893230676651001,
        0.8936237096786499,
        0.893530011177063,
        0.8940742015838623,
        0.8939653635025024,
        0.8941482901573181,
        0.8939805030822754,
        0.8940485119819641,
        0.8939971327781677,
        0.8944808840751648,
        0.8941271305084229,
        0.8945383429527283,
        0.8945126533508301,
        0.8945262432098389,
        0.8948890566825867,
        0.8947242498397827,
        0.8948739171028137,
        0.894890546798706,
        0.8951399922370911,
        0.8938988447189331
    ]
}