{
    "loss": [
        0.38524529337882996,
        0.2630862593650818,
        0.2564059793949127,
        0.2525935769081116,
        0.24817854166030884,
        0.24414491653442383,
        0.23991668224334717,
        0.23593898117542267,
        0.23257718980312347,
        0.22833643853664398,
        0.2258782833814621,
        0.2217267006635666,
        0.2189590483903885,
        0.2148214876651764,
        0.2115953117609024,
        0.2080560177564621,
        0.20460522174835205,
        0.20095683634281158,
        0.19752714037895203,
        0.19502373039722443,
        0.1924588978290558,
        0.19066625833511353,
        0.188742533326149,
        0.18774405121803284,
        0.18639229238033295,
        0.18538551032543182,
        0.18367284536361694,
        0.18264813721179962,
        0.18216390907764435,
        0.18187209963798523,
        0.18099433183670044,
        0.1793375313282013,
        0.17921742796897888,
        0.1786147952079773,
        0.17758312821388245,
        0.17749541997909546,
        0.1769130527973175,
        0.17627480626106262,
        0.17571189999580383,
        0.17484822869300842
    ],
    "binary_accuracy": [
        0.8428508043289185,
        0.9180452823638916,
        0.9212868213653564,
        0.9230195879936218,
        0.9238529801368713,
        0.9247142672538757,
        0.9259409308433533,
        0.927229106426239,
        0.928699791431427,
        0.9299491047859192,
        0.9311513304710388,
        0.932536780834198,
        0.9331390261650085,
        0.9343389272689819,
        0.9349411725997925,
        0.9356866478919983,
        0.9362316131591797,
        0.9367485642433167,
        0.9372293949127197,
        0.9377422332763672,
        0.9382539391517639,
        0.9385809302330017,
        0.9391544461250305,
        0.9391133785247803,
        0.9394221901893616,
        0.9399542808532715,
        0.9400255680084229,
        0.9403691291809082,
        0.9405802488327026,
        0.9407314658164978,
        0.9410361647605896,
        0.9411455392837524,
        0.9412405490875244,
        0.9414340257644653,
        0.9418054819107056,
        0.941754937171936,
        0.941902756690979,
        0.9419374465942383,
        0.9422836303710938,
        0.9424009323120117
    ],
    "val_loss": [
        0.2652474641799927,
        0.2541840672492981,
        0.25121307373046875,
        0.25101950764656067,
        0.24368038773536682,
        0.23882320523262024,
        0.2335512638092041,
        0.23142431676387787,
        0.2275470793247223,
        0.2227882593870163,
        0.22198165953159332,
        0.2189459204673767,
        0.21435891091823578,
        0.2102634161710739,
        0.20511744916439056,
        0.20649784803390503,
        0.19954749941825867,
        0.2005237340927124,
        0.19516965746879578,
        0.19115141034126282,
        0.18853136897087097,
        0.18828853964805603,
        0.18388128280639648,
        0.18567118048667908,
        0.1832597404718399,
        0.18463414907455444,
        0.18053898215293884,
        0.17888091504573822,
        0.17956538498401642,
        0.17918714880943298,
        0.17755194008350372,
        0.17534232139587402,
        0.17397518455982208,
        0.17725147306919098,
        0.1773425042629242,
        0.17309758067131042,
        0.17300516366958618,
        0.1737048625946045,
        0.17517171800136566,
        0.17240996658802032
    ],
    "val_binary_accuracy": [
        0.9178556799888611,
        0.9218603372573853,
        0.9238225817680359,
        0.9246343970298767,
        0.924994170665741,
        0.926669180393219,
        0.9272103905677795,
        0.9292663931846619,
        0.9302339553833008,
        0.9316564798355103,
        0.9310956597328186,
        0.9345651268959045,
        0.9346920847892761,
        0.9359710216522217,
        0.9365167617797852,
        0.9369869232177734,
        0.9364306330680847,
        0.9381162524223328,
        0.9380965828895569,
        0.9387239813804626,
        0.9392545819282532,
        0.9391956329345703,
        0.9403249025344849,
        0.9396884441375732,
        0.9408131837844849,
        0.9411125183105469,
        0.9411397576332092,
        0.9421934485435486,
        0.9411896467208862,
        0.942344605922699,
        0.9421692490577698,
        0.9430913925170898,
        0.942958414554596,
        0.9424867033958435,
        0.9431987404823303,
        0.9431352615356445,
        0.9426363706588745,
        0.9431911706924438,
        0.9432939887046814,
        0.9437354207038879
    ]
}