{
    "loss": [
        0.4776257276535034,
        0.33209893107414246,
        0.29236653447151184,
        0.27537301182746887,
        0.26530516147613525,
        0.25854402780532837,
        0.2550814747810364,
        0.25062096118927,
        0.24605929851531982,
        0.24175091087818146,
        0.2382407784461975,
        0.23341427743434906,
        0.22883747518062592,
        0.22604437172412872,
        0.22346723079681396,
        0.2221144437789917,
        0.2211160808801651,
        0.21863748133182526,
        0.21679891645908356,
        0.21533049643039703,
        0.21392673254013062,
        0.2124141901731491,
        0.21191252768039703,
        0.21042346954345703,
        0.20984582602977753,
        0.208529531955719,
        0.20728465914726257,
        0.2067658007144928,
        0.20576396584510803,
        0.2046726495027542,
        0.20400948822498322,
        0.2026837319135666,
        0.20229659974575043,
        0.2014017403125763,
        0.20095959305763245,
        0.20044539868831635,
        0.19968076050281525,
        0.19898636639118195,
        0.19805920124053955,
        0.19767197966575623
    ],
    "binary_accuracy": [
        0.7763389945030212,
        0.8792622685432434,
        0.8964186906814575,
        0.9089760780334473,
        0.9150880575180054,
        0.9182425141334534,
        0.9201422929763794,
        0.9213090538978577,
        0.9221254587173462,
        0.9228325486183167,
        0.923456609249115,
        0.9239377975463867,
        0.9243552684783936,
        0.9247625470161438,
        0.9251136183738708,
        0.9253462553024292,
        0.9255766868591309,
        0.925976037979126,
        0.9260891675949097,
        0.9263252019882202,
        0.926527738571167,
        0.9268060326576233,
        0.927002489566803,
        0.9273415207862854,
        0.9275790452957153,
        0.9278660416603088,
        0.928010106086731,
        0.9283604025840759,
        0.9285101294517517,
        0.9288676381111145,
        0.929043710231781,
        0.9293397665023804,
        0.9296587705612183,
        0.9297745227813721,
        0.9302263259887695,
        0.9303869605064392,
        0.9307674169540405,
        0.9311241507530212,
        0.9313673973083496,
        0.9317388534545898
    ],
    "val_loss": [
        0.3613335192203522,
        0.29629507660865784,
        0.2751918435096741,
        0.2631155550479889,
        0.2554967999458313,
        0.25095295906066895,
        0.2473880797624588,
        0.24270959198474884,
        0.23916415870189667,
        0.23595257103443146,
        0.2302616685628891,
        0.2256651520729065,
        0.22112305462360382,
        0.21999529004096985,
        0.21719731390476227,
        0.21499945223331451,
        0.21512354910373688,
        0.21291476488113403,
        0.2106243073940277,
        0.20807349681854248,
        0.20743422210216522,
        0.20684325695037842,
        0.20584934949874878,
        0.20508423447608948,
        0.20457223057746887,
        0.2019474059343338,
        0.2015540897846222,
        0.20207203924655914,
        0.20062007009983063,
        0.20021703839302063,
        0.1988338828086853,
        0.19661089777946472,
        0.19684156775474548,
        0.1962374746799469,
        0.1963287889957428,
        0.1940809041261673,
        0.1942567676305771,
        0.19346965849399567,
        0.19257822632789612,
        0.19320443272590637
    ],
    "val_binary_accuracy": [
        0.8692315220832825,
        0.890254020690918,
        0.9059293866157532,
        0.9148895740509033,
        0.9179750680923462,
        0.9200870394706726,
        0.9222881197929382,
        0.9222745299339294,
        0.9232919216156006,
        0.9240387678146362,
        0.9239888787269592,
        0.9250304698944092,
        0.9253766536712646,
        0.9256971478462219,
        0.9253298044204712,
        0.9259662628173828,
        0.9264046549797058,
        0.9267614483833313,
        0.9269610047340393,
        0.9271393418312073,
        0.9263940453529358,
        0.9270773530006409,
        0.9273858070373535,
        0.9272799491882324,
        0.9286254048347473,
        0.9281734228134155,
        0.9285921454429626,
        0.9291877746582031,
        0.9292920827865601,
        0.929706335067749,
        0.9291333556175232,
        0.9296095967292786,
        0.9302173256874084,
        0.9303730130195618,
        0.930743396282196,
        0.9310926198959351,
        0.9316126704216003,
        0.9317411780357361,
        0.9319286346435547,
        0.9319225549697876
    ]
}