fpr,tpr,thresholds
0.0,0.0,inf
3.0235138673463526e-06,0.0,-0.90625
6.047027734692705e-06,0.0,-0.921875
1.5117569336731762e-05,0.0,-0.9296875
3.628216640815623e-05,0.0,-0.9375
9.675244375508328e-05,0.0,-0.9453125
0.00021466948458159104,0.0,-0.953125
0.0003295630115407524,0.0,-0.9609375
0.0005109738435815336,0.0,-0.96875
0.0007649490084386272,3.0235138673463526e-06,-0.9765625
0.001037065256499799,3.0235138673463526e-06,-0.984375
0.0013756988096425905,6.047027734692705e-06,-0.9921875
1.0,1.0,-1.0
