fpr,tpr,thresholds
0.0,0.0,inf
6.047027734692705e-06,0.0,-0.96875
9.070541602039058e-06,0.0,-0.9765625
1.209405546938541e-05,0.0,-0.984375
1.5117569336731762e-05,0.0,-0.9921875
1.0,1.0,-1.0
