{
    "loss": [
        0.35426563024520874,
        0.22454498708248138,
        0.21103394031524658,
        0.19872790575027466,
        0.18807347118854523,
        0.1813688725233078,
        0.1773877739906311,
        0.17414630949497223,
        0.17015962302684784,
        0.16899287700653076,
        0.16684271395206451,
        0.16516804695129395,
        0.1637636125087738,
        0.16363245248794556,
        0.16217656433582306,
        0.16047704219818115,
        0.16024960577487946,
        0.15906645357608795,
        0.15896478295326233,
        0.15904580056667328,
        0.1586732268333435,
        0.15717045962810516,
        0.15649543702602386,
        0.1563524454832077,
        0.15570348501205444,
        0.15649285912513733,
        0.1549951285123825,
        0.15549762547016144,
        0.15580041706562042,
        0.1549738347530365,
        0.1551039218902588,
        0.15354804694652557,
        0.15479743480682373,
        0.15499480068683624,
        0.15410278737545013,
        0.15331709384918213,
        0.15391159057617188
    ],
    "binary_accuracy": [
        0.8558497428894043,
        0.9353510737419128,
        0.9405942559242249,
        0.9423847198486328,
        0.9443101286888123,
        0.945152997970581,
        0.9459863305091858,
        0.9463366866111755,
        0.9468876123428345,
        0.9469298720359802,
        0.9474951028823853,
        0.9479167461395264,
        0.9481592178344727,
        0.9480780959129333,
        0.9483454823493958,
        0.9489344954490662,
        0.9489103555679321,
        0.9490804672241211,
        0.9490231275558472,
        0.9491962194442749,
        0.9494447112083435,
        0.9497649073600769,
        0.949650228023529,
        0.9498184323310852,
        0.9500609040260315,
        0.9497860074043274,
        0.9502652883529663,
        0.9501691460609436,
        0.9500529766082764,
        0.9505085349082947,
        0.9503169655799866,
        0.9509025812149048,
        0.9503075480461121,
        0.9505126476287842,
        0.9509029388427734,
        0.9508181214332581,
        0.9506163597106934
    ],
    "val_loss": [
        0.22622306644916534,
        0.21002040803432465,
        0.20196466147899628,
        0.1879330426454544,
        0.18213587999343872,
        0.17669187486171722,
        0.17538495361804962,
        0.16732148826122284,
        0.1714063584804535,
        0.1629960983991623,
        0.16228701174259186,
        0.1582299768924713,
        0.15966159105300903,
        0.1584363728761673,
        0.161508247256279,
        0.15622006356716156,
        0.15841412544250488,
        0.15832996368408203,
        0.15653321146965027,
        0.1560441106557846,
        0.15270814299583435,
        0.15293967723846436,
        0.15317171812057495,
        0.15182393789291382,
        0.15126368403434753,
        0.15241143107414246,
        0.14928646385669708,
        0.15409846603870392,
        0.1530728042125702,
        0.15108515322208405,
        0.15527541935443878,
        0.1502758264541626,
        0.15574634075164795,
        0.15215817093849182,
        0.1503734141588211,
        0.15016426146030426,
        0.14974026381969452
    ],
    "val_binary_accuracy": [
        0.9296277165412903,
        0.941107988357544,
        0.9416280388832092,
        0.9448752999305725,
        0.946523129940033,
        0.9467256665229797,
        0.9448465704917908,
        0.948382556438446,
        0.9462343454360962,
        0.9480031132698059,
        0.948486864566803,
        0.9490492343902588,
        0.9496222138404846,
        0.9491701722145081,
        0.9491112232208252,
        0.9506441354751587,
        0.9504899382591248,
        0.9498489499092102,
        0.950432538986206,
        0.9502995014190674,
        0.9503448605537415,
        0.950686514377594,
        0.95106440782547,
        0.9511868953704834,
        0.9513819217681885,
        0.9505806565284729,
        0.9513289928436279,
        0.9503901600837708,
        0.9501951932907104,
        0.9514575004577637,
        0.9513123631477356,
        0.9517084360122681,
        0.9506245255470276,
        0.9518505334854126,
        0.9515013098716736,
        0.9517099261283875,
        0.9514937400817871
    ]
}