{
    "loss": [
        0.3402189314365387,
        0.2249526083469391,
        0.21229948103427887,
        0.20599937438964844,
        0.20303872227668762,
        0.19972074031829834,
        0.19710218906402588,
        0.1926153302192688,
        0.18914836645126343,
        0.18704599142074585,
        0.18446597456932068,
        0.18215639889240265,
        0.17895881831645966,
        0.17569582164287567,
        0.17365804314613342,
        0.17146354913711548,
        0.1701570749282837,
        0.16827017068862915,
        0.1670350283384323,
        0.1659863144159317,
        0.1648891121149063,
        0.1632019281387329,
        0.16232049465179443,
        0.1606503427028656,
        0.15996728837490082,
        0.1593618541955948,
        0.15869325399398804,
        0.15777762234210968,
        0.1565762162208557,
        0.1558690071105957,
        0.1556187868118286,
        0.15549565851688385,
        0.15404012799263,
        0.15301071107387543,
        0.15259850025177002,
        0.15253408253192902,
        0.15243229269981384,
        0.1514980047941208,
        0.15042534470558167,
        0.15078723430633545
    ],
    "binary_accuracy": [
        0.869012713432312,
        0.935317873954773,
        0.9401025176048279,
        0.9423085451126099,
        0.9440948367118835,
        0.9448637366294861,
        0.9458502531051636,
        0.9459984302520752,
        0.9464611411094666,
        0.9473947882652283,
        0.9475173950195312,
        0.9479374885559082,
        0.9480177760124207,
        0.9481655955314636,
        0.9488406181335449,
        0.9490894675254822,
        0.949327826499939,
        0.9493523240089417,
        0.949802577495575,
        0.9497369527816772,
        0.9498448371887207,
        0.9502728581428528,
        0.9501453638076782,
        0.9506269097328186,
        0.950788676738739,
        0.950934648513794,
        0.9509878158569336,
        0.951392412185669,
        0.9515474438667297,
        0.9516510963439941,
        0.9515138864517212,
        0.9516503810882568,
        0.9519312977790833,
        0.9520987272262573,
        0.952336311340332,
        0.9523985385894775,
        0.9522552490234375,
        0.9525256156921387,
        0.9527496099472046,
        0.9527405500411987
    ],
    "val_loss": [
        0.22795775532722473,
        0.21267765760421753,
        0.20594783127307892,
        0.20168817043304443,
        0.19917546212673187,
        0.19381004571914673,
        0.19142992794513702,
        0.18839649856090546,
        0.18613414466381073,
        0.18148602545261383,
        0.18421721458435059,
        0.18035495281219482,
        0.17312291264533997,
        0.17123734951019287,
        0.17126090824604034,
        0.17017848789691925,
        0.16430163383483887,
        0.16407997906208038,
        0.16326895356178284,
        0.16411447525024414,
        0.16204120218753815,
        0.161782905459404,
        0.15749254822731018,
        0.15753796696662903,
        0.15915381908416748,
        0.15673130750656128,
        0.16393007338047028,
        0.15473341941833496,
        0.1524927020072937,
        0.15355359017848969,
        0.15186737477779388,
        0.1506691575050354,
        0.15081079304218292,
        0.15129879117012024,
        0.1491556316614151,
        0.14927798509597778,
        0.1509142518043518,
        0.14729143679141998,
        0.1482071578502655,
        0.14851365983486176
    ],
    "val_binary_accuracy": [
        0.9301674365997314,
        0.9363142251968384,
        0.9417973756790161,
        0.9438321590423584,
        0.9457430243492126,
        0.9459516406059265,
        0.9457989931106567,
        0.9471096992492676,
        0.9482540488243103,
        0.9480953216552734,
        0.9491097331047058,
        0.9493153095245361,
        0.9491218328475952,
        0.9490613341331482,
        0.9497794508934021,
        0.950322151184082,
        0.950177013874054,
        0.9507726430892944,
        0.9502677321434021,
        0.9508195519447327,
        0.9508724212646484,
        0.9499003887176514,
        0.9512473344802856,
        0.9518747329711914,
        0.9516404271125793,
        0.9511505961418152,
        0.9516887664794922,
        0.9520092606544495,
        0.9523766040802002,
        0.9526139497756958,
        0.9522194266319275,
        0.9516192674636841,
        0.9531567096710205,
        0.9532020688056946,
        0.9533154368400574,
        0.951823353767395,
        0.9528452754020691,
        0.9534772038459778,
        0.9540683031082153,
        0.9538989663124084
    ]
}