{
    "loss": [
        0.41128790378570557,
        0.25142112374305725,
        0.2275802493095398,
        0.21510529518127441,
        0.2046477347612381,
        0.1953401118516922,
        0.1892802119255066,
        0.18433421850204468,
        0.18043893575668335,
        0.1772194802761078,
        0.1750163733959198,
        0.17235049605369568,
        0.1700378805398941,
        0.16869215667247772,
        0.16848084330558777,
        0.16802310943603516,
        0.16562655568122864,
        0.16523468494415283,
        0.16392317414283752,
        0.16345958411693573,
        0.16228248178958893,
        0.16205133497714996,
        0.161992609500885,
        0.16168251633644104,
        0.16106052696704865,
        0.16016538441181183,
        0.16042155027389526,
        0.1599285751581192,
        0.1590876430273056,
        0.1589174121618271,
        0.15871132910251617,
        0.15856926143169403,
        0.1578032672405243,
        0.15820595622062683,
        0.1577741652727127,
        0.1575552225112915,
        0.157657653093338,
        0.15755490958690643,
        0.15707573294639587,
        0.15666501224040985
    ],
    "binary_accuracy": [
        0.8226070404052734,
        0.920751690864563,
        0.9291221499443054,
        0.9330978989601135,
        0.9357089400291443,
        0.937591016292572,
        0.9392483830451965,
        0.9405180811882019,
        0.9415652751922607,
        0.9424672722816467,
        0.9431290626525879,
        0.9438063502311707,
        0.9442724585533142,
        0.9448433518409729,
        0.9450315237045288,
        0.9453298449516296,
        0.9458026885986328,
        0.9459441304206848,
        0.9463514089584351,
        0.9464211463928223,
        0.9467579126358032,
        0.946796715259552,
        0.9469773769378662,
        0.9471331238746643,
        0.9472039937973022,
        0.9474570155143738,
        0.9475471377372742,
        0.9476402997970581,
        0.9479042887687683,
        0.9479864835739136,
        0.9480796456336975,
        0.9481399655342102,
        0.9482470750808716,
        0.9482319951057434,
        0.9482327103614807,
        0.9484096169471741,
        0.9484627842903137,
        0.9485336542129517,
        0.9486845135688782,
        0.9486509561538696
    ],
    "val_loss": [
        0.2608485519886017,
        0.22904959321022034,
        0.21774843335151672,
        0.20657742023468018,
        0.19289849698543549,
        0.1867952197790146,
        0.18136772513389587,
        0.17533144354820251,
        0.17499960958957672,
        0.17403875291347504,
        0.17101842164993286,
        0.17097273468971252,
        0.16749784350395203,
        0.16471387445926666,
        0.16439156234264374,
        0.16388608515262604,
        0.163461372256279,
        0.16147056221961975,
        0.15976208448410034,
        0.1582140028476715,
        0.15894219279289246,
        0.15959309041500092,
        0.15645700693130493,
        0.15747062861919403,
        0.15738531947135925,
        0.15867125988006592,
        0.1553758680820465,
        0.1544586569070816,
        0.15446512401103973,
        0.1539658010005951,
        0.15435661375522614,
        0.15598995983600616,
        0.1553923785686493,
        0.1555442363023758,
        0.15453507006168365,
        0.1545780599117279,
        0.15281730890274048,
        0.15499922633171082,
        0.15436618030071259,
        0.15457995235919952
    ],
    "val_binary_accuracy": [
        0.9149243831634521,
        0.9290305972099304,
        0.9332967400550842,
        0.9358561635017395,
        0.9376717805862427,
        0.9397701025009155,
        0.9415161609649658,
        0.9421964883804321,
        0.9429931640625,
        0.943730890750885,
        0.9442872405052185,
        0.9452789425849915,
        0.9452789425849915,
        0.9457899332046509,
        0.9458443522453308,
        0.9465215802192688,
        0.9466032385826111,
        0.9467710256576538,
        0.9476916790008545,
        0.9477007985115051,
        0.9477778673171997,
        0.9471898078918457,
        0.9482026696205139,
        0.9478716254234314,
        0.948736310005188,
        0.9480544924736023,
        0.9487786293029785,
        0.9489539861679077,
        0.9486547112464905,
        0.9491671919822693,
        0.9488270282745361,
        0.9487605094909668,
        0.9487348198890686,
        0.9489101767539978,
        0.9494181275367737,
        0.9492261409759521,
        0.9497628211975098,
        0.9495375752449036,
        0.9488602876663208,
        0.9492881298065186
    ]
}