{
    "loss": [
        0.3291988968849182,
        0.2193109095096588,
        0.2070837914943695,
        0.20031388103961945,
        0.19687628746032715,
        0.19343800842761993,
        0.1902238130569458,
        0.18647758662700653,
        0.1844531148672104,
        0.17901501059532166,
        0.17629507184028625,
        0.17143680155277252,
        0.16899870336055756,
        0.16607241332530975,
        0.16401097178459167,
        0.16312751173973083,
        0.16198398172855377,
        0.16019538044929504,
        0.15886513888835907,
        0.1567486822605133,
        0.1568017601966858,
        0.15613748133182526,
        0.15428993105888367,
        0.1536974310874939,
        0.15286150574684143,
        0.15257059037685394,
        0.152957484126091,
        0.15195508301258087,
        0.1516350358724594,
        0.15095403790473938,
        0.1494651734828949,
        0.1489144116640091,
        0.14910106360912323,
        0.14835125207901,
        0.14875973761081696,
        0.14815576374530792,
        0.14761441946029663,
        0.14691248536109924,
        0.1476469188928604,
        0.14677810668945312
    ],
    "binary_accuracy": [
        0.876354455947876,
        0.9363077282905579,
        0.9415324330329895,
        0.9440639019012451,
        0.9450473785400391,
        0.9459060430526733,
        0.9461010098457336,
        0.9473718404769897,
        0.9473563432693481,
        0.9480996131896973,
        0.9481916427612305,
        0.9482957124710083,
        0.9484770894050598,
        0.9489955902099609,
        0.9493764638900757,
        0.9496830701828003,
        0.9497041702270508,
        0.9497399926185608,
        0.9500114917755127,
        0.9506438970565796,
        0.9503727555274963,
        0.9502811431884766,
        0.9509207010269165,
        0.9512333273887634,
        0.9514131546020508,
        0.9513407945632935,
        0.951202392578125,
        0.9513320922851562,
        0.9515451788902283,
        0.9516880512237549,
        0.952138364315033,
        0.9522812366485596,
        0.9522541165351868,
        0.952372133731842,
        0.9521700143814087,
        0.9522292017936707,
        0.9525033831596375,
        0.9526583552360535,
        0.9524520635604858,
        0.9528069496154785
    ],
    "val_loss": [
        0.23032544553279877,
        0.20723943412303925,
        0.20132561028003693,
        0.1980181187391281,
        0.1926061362028122,
        0.1903993785381317,
        0.1886538714170456,
        0.18646955490112305,
        0.1804281771183014,
        0.1762448102235794,
        0.171673983335495,
        0.16657385230064392,
        0.16211384534835815,
        0.1635003238916397,
        0.16004067659378052,
        0.16575154662132263,
        0.15738512575626373,
        0.15876029431819916,
        0.15844528377056122,
        0.15528355538845062,
        0.15503807365894318,
        0.15243321657180786,
        0.15385690331459045,
        0.15235109627246857,
        0.14900054037570953,
        0.15018583834171295,
        0.1495283842086792,
        0.1492287665605545,
        0.14764897525310516,
        0.14899757504463196,
        0.1470433473587036,
        0.1498786360025406,
        0.14760494232177734,
        0.1456058919429779,
        0.1457025408744812,
        0.14526399970054626,
        0.14505161345005035,
        0.14379100501537323,
        0.1475026160478592,
        0.1440933346748352
    ],
    "val_binary_accuracy": [
        0.9291832447052002,
        0.9410233497619629,
        0.9443749189376831,
        0.9465367197990417,
        0.9459546804428101,
        0.9458745718002319,
        0.9484763145446777,
        0.9488285183906555,
        0.9492865800857544,
        0.9480636119842529,
        0.9497900009155273,
        0.9478655457496643,
        0.9501543641090393,
        0.9507681131362915,
        0.950860321521759,
        0.9513259530067444,
        0.9514680504798889,
        0.9505202174186707,
        0.9517160058021545,
        0.9515557289123535,
        0.9499593377113342,
        0.9517099261283875,
        0.9500288963317871,
        0.9514589905738831,
        0.9521059989929199,
        0.9513546824455261,
        0.9518218040466309,
        0.9516993761062622,
        0.9520863890647888,
        0.9522935152053833,
        0.9519215822219849,
        0.9527409672737122,
        0.9534439444541931,
        0.9529768228530884,
        0.9534651041030884,
        0.9532821774482727,
        0.9528346657752991,
        0.9533653259277344,
        0.952366054058075,
        0.9532821774482727
    ]
}