{
    "loss": [
        0.46145135164260864,
        0.2890353202819824,
        0.24519959092140198,
        0.22892659902572632,
        0.22052688896656036,
        0.21478089690208435,
        0.21026384830474854,
        0.20802798867225647,
        0.2043258398771286,
        0.2010730803012848,
        0.19885385036468506,
        0.19703908264636993,
        0.19468016922473907,
        0.19328069686889648,
        0.19188077747821808,
        0.19159087538719177,
        0.19023582339286804,
        0.18816541135311127,
        0.18656285107135773,
        0.18465958535671234,
        0.18390510976314545,
        0.18202054500579834,
        0.18104209005832672,
        0.17938485741615295,
        0.17748169600963593,
        0.17638221383094788,
        0.17517006397247314,
        0.17398566007614136,
        0.17225922644138336,
        0.1712477207183838,
        0.17024649679660797,
        0.16858460009098053,
        0.16717995703220367,
        0.1660217046737671,
        0.1655813604593277,
        0.16456763446331024,
        0.16386210918426514,
        0.16297593712806702,
        0.16180381178855896,
        0.1609465628862381
    ],
    "binary_accuracy": [
        0.7917377948760986,
        0.9056764841079712,
        0.9256898164749146,
        0.9325865507125854,
        0.9357398748397827,
        0.9378255605697632,
        0.939424455165863,
        0.9401469826698303,
        0.9409471750259399,
        0.9420698285102844,
        0.9427881836891174,
        0.9432723522186279,
        0.9437075257301331,
        0.9443162083625793,
        0.9448546767234802,
        0.944934606552124,
        0.9451918005943298,
        0.9457438588142395,
        0.9460859298706055,
        0.9462375044822693,
        0.9465572834014893,
        0.9468088150024414,
        0.9471874237060547,
        0.9471998810768127,
        0.9475023150444031,
        0.9477304220199585,
        0.9476731419563293,
        0.9476538896560669,
        0.9481527805328369,
        0.9483239650726318,
        0.9484231472015381,
        0.9486188888549805,
        0.9488915205001831,
        0.9488523006439209,
        0.9491215348243713,
        0.9493074417114258,
        0.9493398666381836,
        0.9494529962539673,
        0.9496004581451416,
        0.9498003125190735
    ],
    "val_loss": [
        0.32400134205818176,
        0.24996109306812286,
        0.22908951342105865,
        0.21715408563613892,
        0.21114328503608704,
        0.2105950117111206,
        0.20523729920387268,
        0.20337507128715515,
        0.19944684207439423,
        0.1962052583694458,
        0.1956796497106552,
        0.19317544996738434,
        0.19118632376194,
        0.1903119683265686,
        0.18895229697227478,
        0.18741118907928467,
        0.18591365218162537,
        0.184812530875206,
        0.1836550235748291,
        0.18095284700393677,
        0.18067070841789246,
        0.17817935347557068,
        0.177573099732399,
        0.1773635894060135,
        0.17530037462711334,
        0.17448469996452332,
        0.1706346571445465,
        0.17113272845745087,
        0.168391615152359,
        0.16796602308750153,
        0.16728369891643524,
        0.16425099968910217,
        0.16471736133098602,
        0.16329245269298553,
        0.16309930384159088,
        0.16189132630825043,
        0.16082441806793213,
        0.15961545705795288,
        0.16066135466098785,
        0.15761849284172058
    ],
    "val_binary_accuracy": [
        0.8913152813911438,
        0.9220961332321167,
        0.9327147006988525,
        0.9357699751853943,
        0.9375160336494446,
        0.9412243962287903,
        0.9408918023109436,
        0.9394193887710571,
        0.943192720413208,
        0.9428570866584778,
        0.9443280100822449,
        0.9444897770881653,
        0.9432547092437744,
        0.9455933570861816,
        0.9457263946533203,
        0.9452033638954163,
        0.9456508159637451,
        0.9472048878669739,
        0.9469327926635742,
        0.9462162256240845,
        0.9475163221359253,
        0.9477113485336304,
        0.9470930695533752,
        0.9484611749649048,
        0.9488980770111084,
        0.9488103985786438,
        0.9476569294929504,
        0.949224591255188,
        0.9490038752555847,
        0.949000895023346,
        0.9491112232208252,
        0.9492019414901733,
        0.9491943717002869,
        0.9499199986457825,
        0.9503402709960938,
        0.9497129321098328,
        0.950610876083374,
        0.9508860111236572,
        0.9507046341896057,
        0.9510432481765747
    ]
}