{
    "loss": [
        0.6307507753372192,
        0.5428548455238342,
        0.4864175021648407,
        0.4490179419517517,
        0.4220399558544159,
        0.4003806710243225,
        0.38117772340774536,
        0.3640383780002594,
        0.34929603338241577,
        0.3366377055644989,
        0.32579290866851807,
        0.3152584433555603,
        0.3063129484653473,
        0.29763466119766235,
        0.28982558846473694,
        0.2829280495643616,
        0.27564117312431335,
        0.2690258324146271,
        0.2624487578868866,
        0.25661611557006836,
        0.25115635991096497,
        0.24608275294303894,
        0.24212652444839478,
        0.23836758732795715,
        0.23548059165477753,
        0.23287081718444824,
        0.2313348650932312,
        0.22962558269500732,
        0.22738632559776306,
        0.2262132614850998,
        0.22496356070041656,
        0.22350899875164032,
        0.22260123491287231,
        0.22174596786499023,
        0.22049592435359955,
        0.21962743997573853,
        0.21873706579208374,
        0.21781249344348907,
        0.21706272661685944,
        0.21624083817005157
    ],
    "binary_accuracy": [
        0.6078349947929382,
        0.7584622502326965,
        0.8069533109664917,
        0.8326623439788818,
        0.8488209843635559,
        0.8603232502937317,
        0.8700897097587585,
        0.8784443140029907,
        0.8847264051437378,
        0.8896678686141968,
        0.8939162492752075,
        0.8977513909339905,
        0.9011531472206116,
        0.9043321013450623,
        0.9072010517120361,
        0.91004478931427,
        0.9123944640159607,
        0.9149172306060791,
        0.9169226288795471,
        0.9188548922538757,
        0.920870840549469,
        0.9225636720657349,
        0.9239152073860168,
        0.9252414107322693,
        0.9266201257705688,
        0.927881121635437,
        0.928818941116333,
        0.9296942353248596,
        0.9305830597877502,
        0.9316279888153076,
        0.9324017763137817,
        0.9331129789352417,
        0.9338222742080688,
        0.934339702129364,
        0.934933602809906,
        0.9354144334793091,
        0.93581223487854,
        0.9362828731536865,
        0.9367821216583252,
        0.937049150466919
    ],
    "val_loss": [
        0.5762603282928467,
        0.4991908669471741,
        0.4523940980434418,
        0.42446374893188477,
        0.4022587835788727,
        0.3834141790866852,
        0.3644246459007263,
        0.34940099716186523,
        0.33575788140296936,
        0.323906809091568,
        0.31435704231262207,
        0.30497971177101135,
        0.29550307989120483,
        0.28748366236686707,
        0.2800694704055786,
        0.2734721004962921,
        0.2667398154735565,
        0.258991003036499,
        0.2523113191127777,
        0.24688830971717834,
        0.24181441962718964,
        0.2369910478591919,
        0.233342707157135,
        0.2309519350528717,
        0.22746391594409943,
        0.22593380510807037,
        0.22389677166938782,
        0.22218266129493713,
        0.2207818180322647,
        0.21923187375068665,
        0.21838389337062836,
        0.21702657639980316,
        0.21636156737804413,
        0.21539390087127686,
        0.21480773389339447,
        0.21337848901748657,
        0.21255500614643097,
        0.2126014232635498,
        0.21187154948711395,
        0.211581751704216
    ],
    "val_binary_accuracy": [
        0.7231806516647339,
        0.8077619671821594,
        0.8377808928489685,
        0.853424608707428,
        0.8592554330825806,
        0.8696789741516113,
        0.877943754196167,
        0.8840785026550293,
        0.8891716003417969,
        0.8938701152801514,
        0.896157443523407,
        0.9005717635154724,
        0.9048802256584167,
        0.9078009724617004,
        0.9111706614494324,
        0.9140052199363708,
        0.915885865688324,
        0.9177967309951782,
        0.9195261597633362,
        0.9215261936187744,
        0.9235051274299622,
        0.9253554940223694,
        0.9253177046775818,
        0.9295006990432739,
        0.9295914173126221,
        0.9312876462936401,
        0.9311439990997314,
        0.9317018389701843,
        0.9332891702651978,
        0.9338697195053101,
        0.9351229667663574,
        0.9355084300041199,
        0.936447262763977,
        0.9364578127861023,
        0.9375100135803223,
        0.9371849894523621,
        0.9380360841751099,
        0.9384775161743164,
        0.9393090009689331,
        0.9394964575767517
    ]
}