{
  "roc_analysis": {
    "timestamp": "2026-02-15T14:46:09.919224",
    "signal_efficiency": 0.98,
    "auc_range": {
      "min": 0.35825898680176305,
      "max": 0.9514558011760705,
      "mean": 0.8497186286750745
    },
    "background_rejection_range": {
      "min": 0.0,
      "max": 0.8563740207594462,
      "mean": 0.6522919522150794
    }
  }
}