{
    "spatial_units": 80,
    "z_global_units": 12,
    "dense2_units": 4,
    "dense3_units": 4,
    "dropout_rate": 0.15000000000000002,
    "learning_rate": 0.0004768880020195473
}