{
    "spatial_units": 144,
    "z_global_units": 10,
    "dense2_units": 12,
    "dense3_units": 4,
    "dropout_rate": 0.15000000000000002,
    "learning_rate": 0.008367811950596679
}