{
    "spatial_units": 48,
    "z_global_units": 4,
    "dense2_units": 4,
    "dense3_units": 4,
    "dropout_rate": 0.15000000000000002,
    "learning_rate": 0.0005822751269209618
}