{
    "spatial_units": 64,
    "z_global_units": 16,
    "dense2_units": 4,
    "dense3_units": 4,
    "dropout_rate": 0.15000000000000002,
    "learning_rate": 0.00013521425127519483
}