{
    "spatial_units": 16,
    "z_global_units": 10,
    "dense2_units": 4,
    "dense3_units": 4,
    "dropout_rate": 0.15000000000000002,
    "learning_rate": 0.00028516653530849865
}