{
    "loss": [
        0.6600174307823181,
        0.5989046692848206,
        0.5490046739578247,
        0.5164992809295654,
        0.48388952016830444,
        2.9301040172576904,
        0.832780659198761,
        0.6543039679527283,
        0.5929797291755676,
        0.5741081833839417,
        0.5631033778190613,
        0.5683650970458984,
        0.5598449110984802,
        0.5169698596000671,
        0.49833422899246216,
        0.4931470453739166
    ],
    "binary_accuracy": [
        0.5967060327529907,
        0.6884053945541382,
        0.7363145351409912,
        0.758636474609375,
        0.780933141708374,
        0.6939924359321594,
        0.6452317833900452,
        0.6954488158226013,
        0.7230765223503113,
        0.736993670463562,
        0.7290045022964478,
        0.7124008536338806,
        0.7222329378128052,
        0.7536821961402893,
        0.7666871547698975,
        0.7711772918701172
    ],
    "val_loss": [
        0.6220083236694336,
        0.5616887807846069,
        0.5200492143630981,
        0.4889989495277405,
        0.45133960247039795,
        0.4441625475883484,
        0.5981765389442444,
        0.5309625864028931,
        0.5092624425888062,
        0.48861420154571533,
        0.47795045375823975,
        0.5386725664138794,
        0.491905152797699,
        0.4594804644584656,
        0.4686495065689087,
        0.4474776089191437
    ],
    "val_binary_accuracy": [
        0.6697884202003479,
        0.7460505366325378,
        0.7583637833595276,
        0.7748419642448425,
        0.8048034310340881,
        0.806797444820404,
        0.7752803564071655,
        0.8100084066390991,
        0.8008940815925598,
        0.8056228160858154,
        0.8105284571647644,
        0.7910888195037842,
        0.7756280303001404,
        0.7978977560997009,
        0.7934471368789673,
        0.8098255395889282
    ]
}