{
    "loss": [
        0.6081980466842651,
        0.6951897740364075,
        0.4294293522834778,
        1.1045206785202026,
        0.49943798780441284,
        0.38655292987823486,
        0.3472776412963867,
        0.3414929211139679,
        0.3326093256473541,
        0.33078745007514954,
        0.3375931978225708,
        0.3225909471511841,
        0.32068681716918945,
        0.3225770890712738,
        0.31152650713920593,
        0.3074823021888733,
        0.2935457229614258,
        0.30524349212646484,
        0.29593732953071594,
        0.29292967915534973,
        0.29575350880622864,
        0.2929350435733795,
        0.2999967634677887,
        0.2896534204483032,
        0.28384873270988464,
        0.2866314649581909,
        0.29146090149879456,
        0.2853873074054718,
        0.2942628562450409,
        0.3056200444698334,
        0.28087809681892395,
        0.29817578196525574,
        0.292229026556015,
        0.28070107102394104,
        0.29396167397499084,
        0.2802320420742035,
        0.2846408486366272,
        0.2784249484539032
    ],
    "binary_accuracy": [
        0.6598480939865112,
        0.77699214220047,
        0.821602463722229,
        0.7989972829818726,
        0.8005494475364685,
        0.8543043732643127,
        0.8651493787765503,
        0.8678666949272156,
        0.8744022250175476,
        0.875399649143219,
        0.8756786584854126,
        0.8843085765838623,
        0.8852388858795166,
        0.883242130279541,
        0.8886165618896484,
        0.892264187335968,
        0.8998427391052246,
        0.8952323198318481,
        0.8989607095718384,
        0.9011704921722412,
        0.9003782272338867,
        0.9016022682189941,
        0.8993540406227112,
        0.9053917527198792,
        0.9071056842803955,
        0.9064465165138245,
        0.9050418138504028,
        0.9077945947647095,
        0.907571017742157,
        0.8997330069541931,
        0.9144051671028137,
        0.9051533937454224,
        0.9086992740631104,
        0.9108083844184875,
        0.9080944061279297,
        0.9129453897476196,
        0.9135317802429199,
        0.9122421145439148
    ],
    "val_loss": [
        0.4938845634460449,
        0.4055655896663666,
        0.4876895248889923,
        0.3797830045223236,
        0.36044254899024963,
        0.33703863620758057,
        0.30913883447647095,
        0.3220713436603546,
        0.3180893361568451,
        0.29107898473739624,
        0.315670907497406,
        0.3125421106815338,
        0.3883512318134308,
        0.2883126139640808,
        0.2908116281032562,
        0.27811944484710693,
        0.2701908349990845,
        0.2945045530796051,
        0.2823357582092285,
        0.2958039939403534,
        0.26932492852211,
        0.26401302218437195,
        0.28104478120803833,
        0.27034488320350647,
        0.2680489122867584,
        0.2649317681789398,
        0.32831788063049316,
        0.2451266348361969,
        0.2787066102027893,
        0.27272823452949524,
        0.29733574390411377,
        0.265466570854187,
        0.25776031613349915,
        0.2589750289916992,
        0.2785283923149109,
        0.27805158495903015,
        0.27715936303138733,
        0.262667179107666
    ],
    "val_binary_accuracy": [
        0.7785291075706482,
        0.838836133480072,
        0.7213287949562073,
        0.8361618518829346,
        0.857138991355896,
        0.8715157508850098,
        0.8860059976577759,
        0.8729897141456604,
        0.878692090511322,
        0.8980168700218201,
        0.8779709935188293,
        0.9068878889083862,
        0.8300014138221741,
        0.8992111682891846,
        0.8962299823760986,
        0.8984568119049072,
        0.9120126962661743,
        0.9095773100852966,
        0.9091509580612183,
        0.9102877974510193,
        0.9148291349411011,
        0.9156076908111572,
        0.9152962565422058,
        0.9024584293365479,
        0.9122409820556641,
        0.9152010083198547,
        0.9030918478965759,
        0.9238603711128235,
        0.9119265675544739,
        0.9071236848831177,
        0.9168170690536499,
        0.9124088287353516,
        0.9171829223632812,
        0.915810227394104,
        0.915282666683197,
        0.9155381321907043,
        0.9127852320671082,
        0.9098342657089233
    ]
}