{
    "loss": [
        0.6781129837036133,
        0.38318315148353577,
        0.5296669006347656,
        0.40484872460365295,
        0.31884998083114624,
        0.39056843519210815,
        0.30716922879219055,
        0.2972159683704376,
        0.3068885803222656,
        0.29544955492019653,
        0.3425423204898834,
        0.29428741335868835,
        0.3248903453350067,
        0.28309309482574463,
        0.41968071460723877,
        0.3086377680301666,
        0.29713529348373413,
        0.2939567267894745,
        0.31914275884628296,
        0.2753760814666748,
        0.28185638785362244,
        0.28147047758102417,
        0.2788199186325073,
        0.2806922495365143,
        0.3251374661922455,
        0.288636177778244,
        0.27272936701774597,
        0.2715150713920593,
        0.2816516160964966,
        0.30120980739593506,
        0.27330803871154785,
        0.2871010899543762,
        0.2760270833969116,
        0.2921648323535919,
        0.31145724654197693,
        0.27219897508621216,
        0.2693992555141449,
        0.3099575638771057,
        0.2886905074119568,
        0.28089258074760437
    ],
    "binary_accuracy": [
        0.700188934803009,
        0.8619164824485779,
        0.8558161854743958,
        0.8650109767913818,
        0.888704776763916,
        0.8832526803016663,
        0.894416332244873,
        0.8993638157844543,
        0.895176887512207,
        0.901421308517456,
        0.886716365814209,
        0.9042242765426636,
        0.9049177169799805,
        0.9114445447921753,
        0.8826293349266052,
        0.8939834237098694,
        0.9061055779457092,
        0.9086370468139648,
        0.901267409324646,
        0.9139971137046814,
        0.9114471673965454,
        0.9137252569198608,
        0.9156246781349182,
        0.9142596125602722,
        0.863533079624176,
        0.9020898938179016,
        0.9169924259185791,
        0.9199850559234619,
        0.9041865468025208,
        0.9040526747703552,
        0.9146264791488647,
        0.9112281203269958,
        0.9160752892494202,
        0.9103822708129883,
        0.8993110656738281,
        0.9194005727767944,
        0.922079861164093,
        0.9069895148277283,
        0.910103976726532,
        0.9155560731887817
    ],
    "val_loss": [
        0.4389191269874573,
        0.34154871106147766,
        0.3111620545387268,
        0.3058583736419678,
        0.29855915904045105,
        0.28654855489730835,
        0.2750862240791321,
        0.2844010293483734,
        0.26693421602249146,
        0.269094318151474,
        0.34624844789505005,
        0.2804475426673889,
        0.2680788040161133,
        0.2628748416900635,
        0.31627389788627625,
        0.2562045156955719,
        0.2692418098449707,
        0.2667653262615204,
        0.2496599704027176,
        0.28503039479255676,
        0.2518802583217621,
        0.26249080896377563,
        0.2534126043319702,
        0.2535783648490906,
        0.2509881556034088,
        0.2425553798675537,
        0.24382898211479187,
        0.24403198063373566,
        0.5396775007247925,
        0.2414364367723465,
        0.24375328421592712,
        0.24512657523155212,
        0.2661459147930145,
        0.2741032540798187,
        0.24759922921657562,
        0.26646149158477783,
        0.3418087959289551,
        0.2872088849544525,
        0.25323036313056946,
        0.24662530422210693
    ],
    "val_binary_accuracy": [
        0.8351565003395081,
        0.8871790766716003,
        0.8933410048484802,
        0.8966200351715088,
        0.8957054018974304,
        0.90313720703125,
        0.9088954925537109,
        0.9019338488578796,
        0.9148291349411011,
        0.9101124405860901,
        0.8679525852203369,
        0.9003223180770874,
        0.9131223559379578,
        0.9182275533676147,
        0.8904868364334106,
        0.9174913167953491,
        0.9139251112937927,
        0.9168911576271057,
        0.9227386116981506,
        0.9249699711799622,
        0.9257696866989136,
        0.918936550617218,
        0.924091637134552,
        0.9282807111740112,
        0.921768069267273,
        0.926440954208374,
        0.9301976561546326,
        0.9314614534378052,
        0.5,
        0.9304122924804688,
        0.9264892935752869,
        0.9317441582679749,
        0.9128880500793457,
        0.9109953045845032,
        0.9304637312889099,
        0.9187536239624023,
        0.9159569144248962,
        0.902473509311676,
        0.93039870262146,
        0.9251272082328796
    ]
}