{
    "loss": [
        0.5632124543190002,
        0.46017763018608093,
        0.6791027784347534,
        0.6964418888092041,
        0.7007459998130798,
        0.6994271278381348,
        0.6993176341056824,
        0.6996580958366394,
        0.7000766396522522,
        0.6996601819992065,
        0.6994030475616455,
        0.6996241807937622
    ],
    "binary_accuracy": [
        0.716630756855011,
        0.8146016001701355,
        0.5652036666870117,
        0.49997660517692566,
        0.4993061423301697,
        0.5000309348106384,
        0.5004434585571289,
        0.49938833713531494,
        0.5000075697898865,
        0.5002202391624451,
        0.5005776882171631,
        0.5002873539924622
    ],
    "val_loss": [
        0.4053598940372467,
        0.38074991106987,
        0.6931471228599548,
        0.6931471228599548,
        0.6951039433479309,
        0.6951039433479309,
        0.6951039433479309,
        0.6951039433479309,
        0.7110413908958435,
        0.6951039433479309,
        0.6951039433479309,
        0.6951039433479309
    ],
    "val_binary_accuracy": [
        0.8367030620574951,
        0.8473080396652222,
        0.5,
        0.5,
        0.5,
        0.5,
        0.5,
        0.5,
        0.5,
        0.5,
        0.5,
        0.5
    ]
}