{
    "loss": [
        0.5605072379112244,
        0.48604685068130493,
        0.43682706356048584,
        0.3958299458026886,
        0.41220614314079285,
        0.3977663516998291,
        0.34069645404815674,
        0.3320844769477844,
        0.3427101671695709,
        0.34656068682670593,
        0.32048431038856506,
        0.30218222737312317,
        0.298522025346756,
        0.29424145817756653,
        0.2875622808933258,
        0.30691656470298767,
        0.28128892183303833,
        0.2878935635089874,
        0.289116233587265,
        0.2956676483154297,
        0.29467660188674927,
        0.2922179102897644,
        0.2949899733066559,
        0.28818434476852417,
        0.28890055418014526,
        0.2853032946586609,
        0.2804063856601715,
        0.28026092052459717,
        0.27874717116355896,
        0.27789637446403503,
        0.2753821313381195,
        0.2667847275733948,
        0.2728412449359894,
        0.27048954367637634,
        0.26530182361602783,
        0.2696206867694855,
        0.2630210518836975,
        0.2705903947353363,
        0.26888951659202576,
        0.2650379240512848
    ],
    "binary_accuracy": [
        0.6963040828704834,
        0.7662429213523865,
        0.8187168836593628,
        0.853460431098938,
        0.8644641637802124,
        0.8711195588111877,
        0.8838266134262085,
        0.8882443308830261,
        0.8886184096336365,
        0.8884615302085876,
        0.8941723108291626,
        0.9007632732391357,
        0.9028459787368774,
        0.9046775102615356,
        0.9071505069732666,
        0.9039663076400757,
        0.908308207988739,
        0.9056248068809509,
        0.9046416878700256,
        0.9013417363166809,
        0.9017078876495361,
        0.9027991890907288,
        0.9026890993118286,
        0.9042295217514038,
        0.904144287109375,
        0.906444251537323,
        0.9085981845855713,
        0.908793568611145,
        0.9088422060012817,
        0.9100021719932556,
        0.911652684211731,
        0.9160357117652893,
        0.9129269123077393,
        0.9135363101959229,
        0.9162363409996033,
        0.9145491719245911,
        0.9173600673675537,
        0.9155172109603882,
        0.9173397421836853,
        0.9188639521598816
    ],
    "val_loss": [
        0.4920100271701813,
        0.47121089696884155,
        0.39863693714141846,
        0.3817686140537262,
        0.35109245777130127,
        0.3328312337398529,
        0.3310088515281677,
        0.3141024112701416,
        0.3069276511669159,
        0.28931984305381775,
        0.2873072922229767,
        0.28451046347618103,
        0.2825028896331787,
        0.2786334455013275,
        0.27028006315231323,
        0.2698732614517212,
        0.2648342251777649,
        0.2678301930427551,
        0.2672376036643982,
        0.2793934643268585,
        0.2866779863834381,
        0.2881576418876648,
        0.2591838836669922,
        0.29078590869903564,
        0.27531713247299194,
        0.2612434923648834,
        0.2532137632369995,
        0.27749037742614746,
        0.2693895995616913,
        0.2734123468399048,
        0.2912411689758301,
        0.24879348278045654,
        0.2446291595697403,
        0.24524769186973572,
        0.25871551036834717,
        0.2402765154838562,
        0.26792290806770325,
        0.24804267287254333,
        0.2726680636405945,
        0.2859300971031189
    ],
    "val_binary_accuracy": [
        0.7562246322631836,
        0.7877976894378662,
        0.845342755317688,
        0.8692541718482971,
        0.8754236698150635,
        0.893319845199585,
        0.885098934173584,
        0.8930432200431824,
        0.9066822528839111,
        0.9020215272903442,
        0.9055907726287842,
        0.9036133885383606,
        0.9061304926872253,
        0.9091811776161194,
        0.9125206470489502,
        0.906955897808075,
        0.9113656878471375,
        0.9158480763435364,
        0.910516083240509,
        0.9103074669837952,
        0.8989904522895813,
        0.9034093022346497,
        0.9175926446914673,
        0.9102107286453247,
        0.9137557744979858,
        0.9200220108032227,
        0.9200189709663391,
        0.9103331565856934,
        0.9111495018005371,
        0.9128351211547852,
        0.9001137018203735,
        0.923050045967102,
        0.9219117164611816,
        0.9230062365531921,
        0.9183772206306458,
        0.9243728518486023,
        0.9135713577270508,
        0.9201595783233643,
        0.91924649477005,
        0.9116952419281006
    ]
}