{
    "loss": [
        0.6651433110237122,
        0.3213701546192169,
        0.28032785654067993,
        0.303906112909317,
        0.40267184376716614,
        0.2651437520980835,
        0.27578502893447876,
        0.25886067748069763,
        0.29700949788093567,
        0.2519075572490692,
        0.2501724660396576,
        0.3014504015445709,
        0.25040099024772644,
        0.27290791273117065,
        0.26086747646331787,
        0.24383625388145447,
        0.31072595715522766,
        0.24010485410690308,
        0.30423006415367126,
        0.3408571481704712,
        0.2726539373397827,
        0.28188556432724,
        0.26490914821624756
    ],
    "binary_accuracy": [
        0.8091970682144165,
        0.9054687023162842,
        0.9090446829795837,
        0.9109743237495422,
        0.8807057738304138,
        0.9215051531791687,
        0.9150307774543762,
        0.9276861548423767,
        0.9227638840675354,
        0.9285866618156433,
        0.9298224449157715,
        0.9217317700386047,
        0.9283811450004578,
        0.9181877970695496,
        0.9230467081069946,
        0.9308605790138245,
        0.9037973880767822,
        0.9338222742080688,
        0.9190611839294434,
        0.9234713315963745,
        0.9213588237762451,
        0.9218588471412659,
        0.9239102602005005
    ],
    "val_loss": [
        0.2940937578678131,
        0.2683873176574707,
        0.241429403424263,
        0.2314067780971527,
        0.23080214858055115,
        0.22564776241779327,
        0.23415710031986237,
        0.23057805001735687,
        0.24115270376205444,
        0.24907927215099335,
        0.24183429777622223,
        0.24362319707870483,
        0.21904873847961426,
        0.24936775863170624,
        0.2551882266998291,
        0.22387154400348663,
        0.22826053202152252,
        0.27983736991882324,
        0.24373631179332733,
        0.24168571829795837,
        0.22250737249851227,
        0.24504666030406952,
        0.2348361313343048
    ],
    "val_binary_accuracy": [
        0.8941755294799805,
        0.9222004413604736,
        0.9274659156799316,
        0.9296851754188538,
        0.9279451370239258,
        0.9328855276107788,
        0.9334585070610046,
        0.9320480227470398,
        0.9362688660621643,
        0.9331501126289368,
        0.9347450137138367,
        0.9364548325538635,
        0.930105447769165,
        0.9290290474891663,
        0.9260765910148621,
        0.9322082996368408,
        0.934826672077179,
        0.9297849535942078,
        0.9220719337463379,
        0.9369053244590759,
        0.9380602836608887,
        0.9388267397880554,
        0.9334841966629028
    ]
}