{
    "loss": [
        0.6001614928245544,
        0.5224904417991638,
        0.5802508592605591,
        0.4800404906272888,
        0.45414260029792786,
        0.47444966435432434,
        0.4461665153503418,
        0.42562979459762573,
        0.36123746633529663,
        0.3545668125152588,
        0.4393555521965027,
        0.45766884088516235,
        0.3421994149684906,
        0.4063757359981537,
        0.37054502964019775,
        0.3658575117588043,
        0.3602439761161804,
        0.41649484634399414,
        0.32023856043815613,
        0.323618084192276,
        0.3357917368412018,
        0.3489072024822235,
        0.32314229011535645,
        0.3335641324520111,
        0.3256128430366516,
        0.3221687078475952,
        0.31352633237838745,
        0.3154991567134857,
        0.31269311904907227,
        0.3174279034137726,
        0.3170054852962494,
        0.3107985854148865,
        0.3143872618675232,
        0.3063056468963623,
        0.3075663149356842,
        0.3076797425746918,
        0.3030336797237396,
        0.29977238178253174,
        0.3236323595046997,
        0.308372437953949
    ],
    "binary_accuracy": [
        0.6675846576690674,
        0.7414091229438782,
        0.757722795009613,
        0.7802306413650513,
        0.8073930144309998,
        0.8191829919815063,
        0.8420279622077942,
        0.8527514934539795,
        0.8716655969619751,
        0.8747479915618896,
        0.8705671429634094,
        0.8693894147872925,
        0.8788621425628662,
        0.8768567442893982,
        0.8880384564399719,
        0.8893933892250061,
        0.8890822529792786,
        0.8778168559074402,
        0.8916122317314148,
        0.8901230692863464,
        0.8903900384902954,
        0.8854447603225708,
        0.8900830745697021,
        0.8865658640861511,
        0.8877122402191162,
        0.8902082443237305,
        0.894214928150177,
        0.8946493268013,
        0.8943725824356079,
        0.8926473259925842,
        0.8929871320724487,
        0.8945599794387817,
        0.894279420375824,
        0.8971318006515503,
        0.8964036107063293,
        0.8966023325920105,
        0.8985112309455872,
        0.8999027013778687,
        0.89593905210495,
        0.8991534113883972
    ],
    "val_loss": [
        0.5346550941467285,
        0.512956440448761,
        0.5134531855583191,
        0.44885745644569397,
        0.42716652154922485,
        0.3911425471305847,
        0.3641630709171295,
        0.3625527024269104,
        0.34314051270484924,
        0.328319251537323,
        0.33044296503067017,
        0.3131169080734253,
        0.32959017157554626,
        0.3236756920814514,
        0.30104950070381165,
        0.303501158952713,
        0.29953473806381226,
        0.30750277638435364,
        0.2964527904987335,
        0.30961206555366516,
        0.28940173983573914,
        0.2968086898326874,
        0.29447057843208313,
        0.3197060823440552,
        0.2819802463054657,
        0.2868254482746124,
        0.27948465943336487,
        0.2842102348804474,
        0.2982315719127655,
        0.30549120903015137,
        0.2821047604084015,
        0.28876861929893494,
        0.3199683129787445,
        0.34204185009002686,
        0.29482367634773254,
        0.27480843663215637,
        0.27718719840049744,
        0.28678587079048157,
        0.3216263949871063,
        0.3142610192298889
    ],
    "val_binary_accuracy": [
        0.7370359301567078,
        0.7485660910606384,
        0.7388666868209839,
        0.8122655153274536,
        0.8282235860824585,
        0.8534306287765503,
        0.8700327277183533,
        0.8755838871002197,
        0.8768824934959412,
        0.8857913017272949,
        0.8780178427696228,
        0.8937764167785645,
        0.8735641837120056,
        0.8962979912757874,
        0.9008650183677673,
        0.8982179164886475,
        0.9068485498428345,
        0.9032490849494934,
        0.9057404398918152,
        0.9057117104530334,
        0.906517505645752,
        0.9065204858779907,
        0.8988891839981079,
        0.8795310854911804,
        0.9051100611686707,
        0.9045265316963196,
        0.9098010063171387,
        0.8985429406166077,
        0.9107670187950134,
        0.8949344158172607,
        0.9038386344909668,
        0.8957900404930115,
        0.8901164531707764,
        0.8916236758232117,
        0.9123181104660034,
        0.9095500707626343,
        0.9078236222267151,
        0.9002890586853027,
        0.8885926008224487,
        0.910321056842804
    ]
}