{
    "loss": [
        0.49825626611709595,
        0.45204246044158936,
        0.3190899193286896,
        0.27579861879348755,
        0.25145477056503296,
        0.2515137195587158,
        0.2467678189277649,
        0.25110867619514465,
        0.24534045159816742,
        0.25233983993530273,
        0.2807379364967346,
        0.24481900036334991,
        0.2675635814666748,
        0.25220951437950134,
        0.2469053864479065,
        0.2430470585823059,
        0.2468351572751999,
        0.2336762249469757,
        0.2330605834722519,
        0.24181407690048218,
        0.2509620189666748,
        0.24397389590740204,
        0.2500733435153961,
        0.2540285885334015,
        0.23669900000095367,
        0.23382216691970825,
        0.23740290105342865,
        0.24300523102283478,
        0.2425871193408966,
        0.23863424360752106,
        0.24038727581501007,
        0.2435116022825241,
        0.23463791608810425
    ],
    "binary_accuracy": [
        0.8224146962165833,
        0.8709076642990112,
        0.9059106111526489,
        0.910056471824646,
        0.921552300453186,
        0.9208425879478455,
        0.923082172870636,
        0.9226232171058655,
        0.9254103899002075,
        0.9224422574043274,
        0.914078950881958,
        0.9265171885490417,
        0.9186829328536987,
        0.9275511503219604,
        0.929650068283081,
        0.9311445355415344,
        0.9302327036857605,
        0.9317101836204529,
        0.9318195581436157,
        0.9305675625801086,
        0.9274557828903198,
        0.9284543395042419,
        0.927804172039032,
        0.9234355092048645,
        0.9320627450942993,
        0.9333429932594299,
        0.9314907193183899,
        0.9296621680259705,
        0.928930938243866,
        0.9303560256958008,
        0.9304363131523132,
        0.9292967319488525,
        0.9328795671463013
    ],
    "val_loss": [
        0.30669957399368286,
        0.29096177220344543,
        0.25391891598701477,
        0.24806544184684753,
        0.24043679237365723,
        0.2320895791053772,
        0.25478413701057434,
        0.23605243861675262,
        0.2669082581996918,
        0.27849507331848145,
        0.23041404783725739,
        0.2666831612586975,
        0.23175857961177826,
        0.25726455450057983,
        0.2510799765586853,
        0.22816963493824005,
        0.2439831644296646,
        0.22713179886341095,
        0.21691522002220154,
        0.21731849014759064,
        0.24513623118400574,
        0.23055915534496307,
        0.2088831216096878,
        0.23708610236644745,
        0.23701074719429016,
        0.22102013230323792,
        0.22570158541202545,
        0.2219674438238144,
        0.22612713277339935,
        0.21940170228481293,
        0.2276092767715454,
        0.22160100936889648,
        0.20946653187274933
    ],
    "val_binary_accuracy": [
        0.893519401550293,
        0.8936781287193298,
        0.9193175435066223,
        0.9208640456199646,
        0.9267826080322266,
        0.928719162940979,
        0.9259889125823975,
        0.931934654712677,
        0.913297712802887,
        0.9110482335090637,
        0.9316051006317139,
        0.9272028803825378,
        0.9314281940460205,
        0.9313722848892212,
        0.9349657297134399,
        0.9346195459365845,
        0.9242383241653442,
        0.9329883456230164,
        0.9372605681419373,
        0.9358652234077454,
        0.9197589755058289,
        0.9340118169784546,
        0.9377639889717102,
        0.9351667761802673,
        0.9329913854598999,
        0.9352862238883972,
        0.9342809319496155,
        0.9406468868255615,
        0.9349415302276611,
        0.9373739361763,
        0.9380965828895569,
        0.9339075088500977,
        0.9411231279373169
    ]
}