{
    "loss": [
        0.5376029014587402,
        0.4312850534915924,
        0.38147780299186707,
        0.3500388562679291,
        0.3354088366031647,
        0.33723247051239014,
        0.32798248529434204,
        0.3219459354877472,
        0.31825879216194153,
        0.29142776131629944,
        0.2816670835018158,
        0.2793623208999634,
        0.29152318835258484,
        0.2684869170188904,
        0.26484230160713196,
        0.2666051387786865,
        0.2592545449733734,
        0.2619892358779907,
        0.258369117975235,
        0.25678732991218567,
        0.25987258553504944,
        0.25972720980644226,
        0.2613174617290497,
        0.25729990005493164,
        0.2568296790122986,
        0.2558860182762146,
        0.25511157512664795,
        0.25316864252090454,
        0.2514152526855469,
        0.25016945600509644,
        0.24943697452545166,
        0.24911928176879883,
        0.24579554796218872,
        0.2445208579301834,
        0.281999796628952,
        0.24307683110237122,
        0.24092520773410797,
        0.24055829644203186,
        0.24138790369033813,
        0.26576799154281616
    ],
    "binary_accuracy": [
        0.7268595695495605,
        0.8236730694770813,
        0.8599454164505005,
        0.8759517073631287,
        0.8844556212425232,
        0.8870949745178223,
        0.8939931988716125,
        0.8977370262145996,
        0.8961328864097595,
        0.9016909003257751,
        0.9066392183303833,
        0.9066776633262634,
        0.903527021408081,
        0.9112831354141235,
        0.9141528606414795,
        0.9130924940109253,
        0.9174765944480896,
        0.9157668352127075,
        0.916974663734436,
        0.9187425374984741,
        0.9165666699409485,
        0.9169946908950806,
        0.9170112609863281,
        0.9189435243606567,
        0.91985684633255,
        0.9204884767532349,
        0.921375036239624,
        0.9216175079345703,
        0.922477662563324,
        0.9228487610816956,
        0.9237741231918335,
        0.9238114953041077,
        0.9252218008041382,
        0.9251776933670044,
        0.9216375350952148,
        0.9253805875778198,
        0.9266868829727173,
        0.9268444776535034,
        0.926541268825531,
        0.9222778081893921
    ],
    "val_loss": [
        0.4590163230895996,
        0.3844034969806671,
        0.3464936912059784,
        0.32994168996810913,
        0.31676650047302246,
        0.2940296232700348,
        0.27577969431877136,
        4.287524223327637,
        0.2717609405517578,
        0.2848094701766968,
        0.28826212882995605,
        0.2582935094833374,
        0.2620486915111542,
        0.25810706615448,
        0.24999026954174042,
        0.2431582808494568,
        0.24047969281673431,
        0.24850796163082123,
        0.25542542338371277,
        0.24535463750362396,
        0.30188465118408203,
        0.251640260219574,
        0.24709469079971313,
        0.25508853793144226,
        0.2376074194908142,
        0.23477864265441895,
        0.23527447879314423,
        0.24308909475803375,
        0.24234488606452942,
        0.24591991305351257,
        0.24796593189239502,
        0.2334854006767273,
        0.23845244944095612,
        0.2395792454481125,
        0.23546388745307922,
        0.23177595436573029,
        0.2939361035823822,
        0.2360612004995346,
        0.22867357730865479,
        0.2374013066291809
    ],
    "val_binary_accuracy": [
        0.800206184387207,
        0.8672148585319519,
        0.8790231347084045,
        0.8947892785072327,
        0.8989995121955872,
        0.8945866823196411,
        0.907888650894165,
        0.536994218826294,
        0.9086505770683289,
        0.9132357239723206,
        0.8964204788208008,
        0.917322039604187,
        0.9139538407325745,
        0.9232994914054871,
        0.9165298342704773,
        0.9203062057495117,
        0.9251982569694519,
        0.9184271097183228,
        0.9173870086669922,
        0.918563187122345,
        0.9041908979415894,
        0.92134028673172,
        0.9170922040939331,
        0.9139447212219238,
        0.9207400679588318,
        0.9250637292861938,
        0.9277425408363342,
        0.9220538139343262,
        0.9237817525863647,
        0.9210878014564514,
        0.9229623675346375,
        0.923214852809906,
        0.9292286038398743,
        0.9295324683189392,
        0.9238951206207275,
        0.9282898306846619,
        0.9094775319099426,
        0.9308840036392212,
        0.9316186904907227,
        0.9264424443244934
    ]
}