{
    "loss": [
        0.6037871241569519,
        0.504615068435669,
        0.46795034408569336,
        0.4395698308944702,
        0.4148966073989868,
        0.398946613073349,
        0.42545029520988464,
        0.38129132986068726,
        0.37766754627227783,
        0.36580103635787964,
        0.4231598675251007,
        0.3525772988796234,
        0.3435792028903961,
        0.3434489369392395,
        0.3393644690513611,
        0.3413522243499756,
        0.34407922625541687,
        0.3395083546638489,
        0.33212950825691223,
        0.3184143602848053,
        0.3140280544757843,
        0.3163517415523529,
        0.31094419956207275,
        0.3021882176399231,
        0.2986181378364563,
        0.3007957339286804,
        0.29854509234428406,
        0.289074182510376,
        0.2889620363712311,
        0.2863204777240753,
        0.2949371635913849,
        0.29758837819099426,
        0.29343828558921814,
        0.28976625204086304,
        0.28779691457748413,
        0.287385493516922,
        0.28829243779182434,
        0.28518062829971313,
        0.272363543510437,
        0.2680360674858093
    ],
    "binary_accuracy": [
        0.6557585000991821,
        0.7468699216842651,
        0.7878495454788208,
        0.8132478594779968,
        0.8335089087486267,
        0.8445500135421753,
        0.8491000533103943,
        0.8562705516815186,
        0.8582073450088501,
        0.8641598224639893,
        0.8569640517234802,
        0.8695613741874695,
        0.8758676052093506,
        0.8749848008155823,
        0.8780717253684998,
        0.8763276934623718,
        0.877547562122345,
        0.8807657361030579,
        0.8842361569404602,
        0.8893548846244812,
        0.8924500942230225,
        0.8902885913848877,
        0.8934162259101868,
        0.8972234129905701,
        0.8990685939788818,
        0.8984772562980652,
        0.8993046283721924,
        0.9038192629814148,
        0.9037573933601379,
        0.9057744741439819,
        0.9015649557113647,
        0.9001346230506897,
        0.9021181464195251,
        0.9037453532218933,
        0.9054656624794006,
        0.9054867625236511,
        0.9047257900238037,
        0.9059694409370422,
        0.9125916957855225,
        0.9146336913108826
    ],
    "val_loss": [
        0.5166845917701721,
        0.4736458659172058,
        0.4487118422985077,
        0.41006165742874146,
        0.38921383023262024,
        0.3965289294719696,
        0.3567282557487488,
        0.3593241274356842,
        0.4003044366836548,
        0.36275044083595276,
        0.34265050292015076,
        0.3420664668083191,
        0.3273282051086426,
        0.32403430342674255,
        0.3265972435474396,
        0.3187093436717987,
        0.3071672320365906,
        0.3101203739643097,
        0.31154486536979675,
        0.3116387724876404,
        0.2899405360221863,
        0.3021194636821747,
        0.30193784832954407,
        0.2760573625564575,
        0.28684061765670776,
        0.29012441635131836,
        0.27282047271728516,
        0.2979142963886261,
        0.2815948724746704,
        0.2574138641357422,
        0.27370521426200867,
        0.2768237888813019,
        0.2615011930465698,
        0.2842578887939453,
        0.27397778630256653,
        0.2615905702114105,
        0.2673608660697937,
        0.27573320269584656,
        0.2522689402103424,
        0.24855920672416687
    ],
    "val_binary_accuracy": [
        0.734295129776001,
        0.7891461849212646,
        0.8076818585395813,
        0.8358398079872131,
        0.8483783602714539,
        0.8445006608963013,
        0.8700342774391174,
        0.8653613924980164,
        0.8419941663742065,
        0.8630560040473938,
        0.8721537590026855,
        0.8695943355560303,
        0.8784245252609253,
        0.8819771409034729,
        0.8832999467849731,
        0.8801161646842957,
        0.889236569404602,
        0.8922193050384521,
        0.8835614323616028,
        0.8858487606048584,
        0.9051372408866882,
        0.8992882370948792,
        0.9010010957717896,
        0.9024962186813354,
        0.9042211174964905,
        0.9020154476165771,
        0.9074683785438538,
        0.9044312834739685,
        0.9005627036094666,
        0.917526125907898,
        0.9150952100753784,
        0.9043949842453003,
        0.9134156107902527,
        0.9061803817749023,
        0.9029195308685303,
        0.9125645160675049,
        0.9108501672744751,
        0.9143272042274475,
        0.9156031608581543,
        0.9217862486839294
    ]
}