{
    "loss": [
        0.7696874737739563,
        0.5682404041290283,
        2.1658880710601807,
        7.7124738693237305,
        7.712473392486572,
        7.712472438812256,
        7.712471008300781,
        7.712472438812256,
        7.712471961975098,
        7.712471008300781,
        7.712472438812256,
        7.712472438812256
    ],
    "binary_accuracy": [
        0.5,
        0.5,
        0.58160400390625,
        0.5,
        0.5,
        0.5,
        0.5,
        0.5,
        0.5,
        0.5,
        0.5,
        0.5
    ],
    "val_loss": [
        0.588273286819458,
        0.5299276113510132,
        7.712474346160889,
        7.712474346160889,
        7.712474346160889,
        7.712474346160889,
        7.712474346160889,
        7.712474346160889,
        7.712474346160889,
        7.712474346160889,
        7.712474346160889,
        7.712474346160889
    ],
    "val_binary_accuracy": [
        0.5,
        0.5,
        0.5,
        0.5,
        0.5,
        0.5,
        0.5,
        0.5,
        0.5,
        0.5,
        0.5,
        0.5
    ]
}