{
    "loss": [
        0.5943112969398499,
        0.4351436197757721,
        0.4109434187412262,
        0.3317614793777466,
        0.3573806583881378,
        0.27629339694976807,
        0.3104589879512787,
        0.2711641490459442,
        0.2640325129032135,
        0.2543044686317444,
        0.26130446791648865,
        0.25596556067466736,
        0.2550334632396698,
        0.24716097116470337,
        0.24572250247001648,
        0.24782249331474304,
        0.24385756254196167,
        0.24282070994377136,
        0.24306410551071167,
        0.23766304552555084,
        0.2389611154794693,
        0.23869973421096802,
        0.2766977548599243,
        0.24243637919425964,
        0.24562634527683258,
        0.2628162205219269,
        0.23946429789066315,
        0.26542603969573975,
        0.24406704306602478,
        0.25820475816726685,
        0.24868243932724,
        0.24807880818843842,
        0.2526872456073761,
        0.24846269190311432,
        0.2460830807685852,
        0.2488432079553604,
        0.24983248114585876
    ],
    "binary_accuracy": [
        0.7288442254066467,
        0.8437656164169312,
        0.8727882504463196,
        0.8822805285453796,
        0.8859821557998657,
        0.9073496460914612,
        0.9042423367500305,
        0.9112175107002258,
        0.915407121181488,
        0.9194612503051758,
        0.9162434935569763,
        0.9186350703239441,
        0.9177469611167908,
        0.9228977560997009,
        0.9235475063323975,
        0.9226270318031311,
        0.9249261617660522,
        0.9251053333282471,
        0.9254627823829651,
        0.9274802803993225,
        0.9263172745704651,
        0.9264907836914062,
        0.9230591654777527,
        0.9235467314720154,
        0.9219938516616821,
        0.9188235998153687,
        0.9254115223884583,
        0.9162830710411072,
        0.9257097840309143,
        0.9233322143554688,
        0.9267943501472473,
        0.9270269870758057,
        0.9242847561836243,
        0.9265280961990356,
        0.926310122013092,
        0.9256852865219116,
        0.924750804901123
    ],
    "val_loss": [
        0.44029736518859863,
        0.3468852937221527,
        0.2907505929470062,
        0.28268250823020935,
        0.2889811396598816,
        0.2803589701652527,
        0.25256896018981934,
        0.24473880231380463,
        0.24153311550617218,
        0.2361767590045929,
        0.2402898371219635,
        0.2390184849500656,
        0.23953774571418762,
        0.25879040360450745,
        0.2385442554950714,
        0.2756924629211426,
        0.22803343832492828,
        0.2418808937072754,
        0.23190362751483917,
        0.22021281719207764,
        0.22679747641086578,
        0.2270531803369522,
        0.2511732876300812,
        0.2226516157388687,
        0.22638371586799622,
        0.22885775566101074,
        0.21878939867019653,
        0.2240341156721115,
        0.22662216424942017,
        0.2544286549091339,
        0.2606642246246338,
        0.22193709015846252,
        0.2253497689962387,
        0.2340509593486786,
        0.23206813633441925,
        0.25618836283683777,
        0.2434365600347519
    ],
    "val_binary_accuracy": [
        0.8058027029037476,
        0.865305483341217,
        0.8968135118484497,
        0.8982345461845398,
        0.8904127478599548,
        0.9039157629013062,
        0.9159553647041321,
        0.9254794716835022,
        0.9227174520492554,
        0.926968514919281,
        0.9254961013793945,
        0.923080325126648,
        0.917411208152771,
        0.922527015209198,
        0.9284893870353699,
        0.925304114818573,
        0.9312634468078613,
        0.9291031360626221,
        0.9292059540748596,
        0.934497058391571,
        0.9264348745346069,
        0.9360647797584534,
        0.920477032661438,
        0.9328674077987671,
        0.9254975914955139,
        0.9219706654548645,
        0.9339377284049988,
        0.9332014918327332,
        0.930249035358429,
        0.9302173256874084,
        0.9181625247001648,
        0.9361947774887085,
        0.9324017763137817,
        0.9348296523094177,
        0.9314176440238953,
        0.9236245155334473,
        0.9301689267158508
    ]
}