{
    "loss": [
        0.5986302495002747,
        0.5902516841888428,
        0.46914106607437134,
        0.4477556049823761,
        0.5074986219406128,
        0.4461943805217743,
        0.4298228621482849,
        0.4463679790496826,
        0.4523088335990906,
        0.4516306221485138,
        0.42166391015052795,
        0.4603976309299469,
        0.41029053926467896,
        0.3671203553676605,
        0.4540359377861023,
        0.46784672141075134,
        0.4128267467021942,
        0.3766886591911316,
        0.38418376445770264,
        0.4500247836112976,
        0.39628106355667114,
        0.3713730275630951,
        0.36887049674987793,
        0.36387449502944946,
        0.3784469962120056,
        0.3698281943798065,
        0.40804052352905273,
        0.3829230070114136,
        0.35994768142700195,
        3.6206705570220947,
        0.41324183344841003,
        0.34283319115638733
    ],
    "binary_accuracy": [
        0.712417483329773,
        0.7694452404975891,
        0.7993291616439819,
        0.8045157790184021,
        0.7939121127128601,
        0.808133602142334,
        0.8211122155189514,
        0.8135020136833191,
        0.8007074594497681,
        0.814463198184967,
        0.8252772688865662,
        0.8240509629249573,
        0.8319643139839172,
        0.853186309337616,
        0.8224622011184692,
        0.8153143525123596,
        0.844860315322876,
        0.8607504963874817,
        0.8569833040237427,
        0.858822762966156,
        0.8587232232093811,
        0.8665845990180969,
        0.8655781149864197,
        0.8658556342124939,
        0.8595629930496216,
        0.8633600473403931,
        0.8580368757247925,
        0.8611683249473572,
        0.8681088089942932,
        0.5804961323738098,
        0.8386314511299133,
        0.874005138874054
    ],
    "val_loss": [
        0.4980403780937195,
        0.4683394730091095,
        0.42697033286094666,
        0.4180879592895508,
        0.4096202850341797,
        0.4372026026248932,
        0.40748846530914307,
        0.3832479417324066,
        0.37773969769477844,
        0.42754295468330383,
        0.46431609988212585,
        0.41627323627471924,
        0.3474830687046051,
        0.33911508321762085,
        0.3736378252506256,
        0.41822850704193115,
        0.3853611946105957,
        0.3254908323287964,
        0.41185885667800903,
        0.33377206325531006,
        0.323825865983963,
        0.2925542891025543,
        0.29426997900009155,
        0.3226035535335541,
        0.42202144861221313,
        0.3852630853652954,
        0.3857935070991516,
        0.4015153646469116,
        0.31998103857040405,
        0.7014808654785156,
        0.3172043561935425,
        0.3129456043243408
    ],
    "val_binary_accuracy": [
        0.7822450399398804,
        0.8098557591438293,
        0.8245469927787781,
        0.8343885540962219,
        0.8337264060974121,
        0.8073386549949646,
        0.8408104777336121,
        0.8502801060676575,
        0.8482407927513123,
        0.8210231065750122,
        0.8068866729736328,
        0.8383811116218567,
        0.8532840013504028,
        0.8694038391113281,
        0.8576831817626953,
        0.8310823440551758,
        0.8673115968704224,
        0.884984016418457,
        0.8626266717910767,
        0.864233672618866,
        0.8870460391044617,
        0.8994998931884766,
        0.8937748670578003,
        0.8825228810310364,
        0.8577467203140259,
        0.8255326747894287,
        0.8267087936401367,
        0.8567035794258118,
        0.8812439441680908,
        0.5677554607391357,
        0.8860105276107788,
        0.8862886428833008
    ]
}