{
    "loss": [
        0.5810049772262573,
        0.45370572805404663,
        0.39218172430992126,
        0.438810795545578,
        0.513373613357544,
        0.44010457396507263,
        0.3273095488548279,
        0.4849531650543213,
        0.33500364422798157,
        0.3148380219936371,
        0.30220502614974976,
        0.28641170263290405,
        0.29802966117858887,
        0.2827298045158386,
        0.7877765893936157,
        0.36383888125419617,
        0.27747756242752075,
        0.2860378921031952,
        0.2770417332649231,
        0.28070932626724243,
        0.2786552309989929,
        0.27653399109840393,
        0.27773359417915344,
        0.2714129686355591,
        0.27067920565605164,
        0.2686425745487213,
        0.2682585120201111,
        0.267075777053833,
        0.2653152048587799,
        0.26702502369880676,
        0.2594320774078369,
        0.2602582573890686,
        0.2601262927055359,
        0.2609785795211792,
        0.25658276677131653,
        0.2576819956302643,
        0.2565327286720276,
        0.2574020028114319,
        0.25903478264808655,
        0.25918376445770264
    ],
    "binary_accuracy": [
        0.7131478786468506,
        0.8022452592849731,
        0.8434673547744751,
        0.8565104007720947,
        0.8620405793190002,
        0.8602610230445862,
        0.8803901672363281,
        0.8769710063934326,
        0.8865081667900085,
        0.8921597599983215,
        0.891059398651123,
        0.8995953798294067,
        0.8938615918159485,
        0.9019281268119812,
        0.8719981908798218,
        0.8951184749603271,
        0.9057843089103699,
        0.9033135771751404,
        0.9050508737564087,
        0.9044719934463501,
        0.9043648838996887,
        0.9058721661567688,
        0.9060214757919312,
        0.9106910824775696,
        0.9108725190162659,
        0.9110380411148071,
        0.9113027453422546,
        0.9114999771118164,
        0.9129065871238708,
        0.9116406440734863,
        0.9156631231307983,
        0.9152845144271851,
        0.9157906174659729,
        0.9146887063980103,
        0.9169811010360718,
        0.9166812896728516,
        0.9175229668617249,
        0.9172036051750183,
        0.917405366897583,
        0.9176821112632751
    ],
    "val_loss": [
        0.4857539236545563,
        0.40949761867523193,
        0.35774996876716614,
        0.35716161131858826,
        0.30893003940582275,
        0.32422226667404175,
        0.2954828143119812,
        0.2992328107357025,
        0.27934128046035767,
        0.31260180473327637,
        0.2661805748939514,
        0.26385608315467834,
        0.26240187883377075,
        0.2616528868675232,
        0.2650783061981201,
        0.2600894570350647,
        0.25371548533439636,
        0.2923288643360138,
        0.2641681134700775,
        0.25906726717948914,
        0.2735190987586975,
        0.249445378780365,
        0.25866878032684326,
        0.2545790374279022,
        0.26568686962127686,
        0.24560962617397308,
        0.2541966438293457,
        0.2777210474014282,
        0.26394304633140564,
        0.26832079887390137,
        0.23983728885650635,
        0.2447199821472168,
        0.23943038284778595,
        0.2520171105861664,
        0.27215996384620667,
        0.24515663087368011,
        0.2472941130399704,
        0.24152164161205292,
        0.242431178689003,
        0.24157679080963135
    ],
    "val_binary_accuracy": [
        0.7713301181793213,
        0.8314738869667053,
        0.857323408126831,
        0.8503285050392151,
        0.8737667798995972,
        0.8841707110404968,
        0.8868646621704102,
        0.8915631771087646,
        0.8996193408966064,
        0.8769369125366211,
        0.9079445600509644,
        0.9075605869293213,
        0.9142017364501953,
        0.9092341065406799,
        0.9100217223167419,
        0.9093248248100281,
        0.9154171943664551,
        0.8865622878074646,
        0.9112235903739929,
        0.9150513410568237,
        0.8974907994270325,
        0.9142183661460876,
        0.917107343673706,
        0.9128653407096863,
        0.9130467772483826,
        0.9171420931816101,
        0.9125660061836243,
        0.9027501940727234,
        0.9115758538246155,
        0.9095802903175354,
        0.9222397804260254,
        0.9259843826293945,
        0.9216169118881226,
        0.9166598916053772,
        0.9083663821220398,
        0.9203757643699646,
        0.9203137755393982,
        0.9235716462135315,
        0.9252799153327942,
        0.9227416515350342
    ]
}