{
    "loss": [
        0.7141928672790527,
        0.4651307165622711,
        0.502018392086029,
        0.37967708706855774,
        0.6679806709289551,
        0.36113083362579346,
        0.31784796714782715,
        0.4185718894004822,
        0.35468679666519165,
        0.5560854077339172,
        0.5730624794960022,
        0.44400644302368164,
        0.7661821842193604,
        0.33857491612434387,
        0.3336406648159027,
        0.3649163842201233,
        0.3308739960193634,
        0.2773628830909729,
        0.3449915051460266,
        0.3762127459049225,
        0.2920377850532532,
        0.3381503224372864,
        0.3199826180934906,
        0.3274543285369873,
        0.3021412193775177,
        0.29417118430137634,
        0.3322703540325165,
        0.2796439528465271,
        0.299336314201355,
        0.26971954107284546,
        0.26632899045944214,
        0.2748723328113556,
        0.4850541353225708,
        0.47296494245529175,
        0.4058840572834015,
        0.4553338289260864,
        0.2689356505870819,
        0.26433759927749634,
        0.266032874584198,
        0.3618738353252411
    ],
    "binary_accuracy": [
        0.7472503781318665,
        0.8297703862190247,
        0.8093369603157043,
        0.8670585751533508,
        0.8446336984634399,
        0.8725777864456177,
        0.8913490176200867,
        0.8068722486495972,
        0.8780909776687622,
        0.8414574265480042,
        0.6674934029579163,
        0.8581240177154541,
        0.726145327091217,
        0.8842588067054749,
        0.89347243309021,
        0.8793931007385254,
        0.8669843077659607,
        0.918911874294281,
        0.8634636998176575,
        0.8239461183547974,
        0.9114019274711609,
        0.8565643429756165,
        0.9011052846908569,
        0.9006218314170837,
        0.9103577733039856,
        0.914190948009491,
        0.8594483733177185,
        0.9183382987976074,
        0.9098381400108337,
        0.9257916212081909,
        0.9229071736335754,
        0.9179046154022217,
        0.7898070216178894,
        0.8766825199127197,
        0.8374948501586914,
        0.7610713839530945,
        0.9202524423599243,
        0.920331597328186,
        0.9192825555801392,
        0.8703103065490723
    ],
    "val_loss": [
        0.45690402388572693,
        0.4027022421360016,
        0.4168209731578827,
        0.4763650596141815,
        0.32759979367256165,
        0.2986866533756256,
        0.3073384463787079,
        0.287661612033844,
        0.2890488803386688,
        0.6285107135772705,
        0.4801972508430481,
        0.3019450008869171,
        0.299311101436615,
        0.27955445647239685,
        0.3307715654373169,
        0.27520549297332764,
        0.2640228569507599,
        0.25768381357192993,
        0.6343051195144653,
        0.2675465941429138,
        1.233991026878357,
        0.5958757400512695,
        0.2523762285709381,
        0.28343868255615234,
        0.2601054608821869,
        0.26102808117866516,
        0.2654731869697571,
        0.2775478959083557,
        0.2774633467197418,
        0.254993200302124,
        0.31269967555999756,
        0.2381511628627777,
        0.4565350115299225,
        0.4522141218185425,
        0.5279096961021423,
        0.26061418652534485,
        0.2457558810710907,
        0.2444690465927124,
        0.2617247998714447,
        0.24086549878120422
    ],
    "val_binary_accuracy": [
        0.8445550799369812,
        0.8747040629386902,
        0.8875600695610046,
        0.8499384522438049,
        0.8976616263389587,
        0.9034819006919861,
        0.8974545001983643,
        0.9104964137077332,
        0.901236891746521,
        0.5,
        0.8714689016342163,
        0.9084948897361755,
        0.9083980917930603,
        0.9091887474060059,
        0.8827088475227356,
        0.9110920429229736,
        0.9163529872894287,
        0.9269111156463623,
        0.5,
        0.9171587228775024,
        0.5,
        0.834807276725769,
        0.933210551738739,
        0.922566294670105,
        0.9308643341064453,
        0.9268249273300171,
        0.9242488741874695,
        0.9211376905441284,
        0.924206554889679,
        0.9252194166183472,
        0.8930144906044006,
        0.9311076998710632,
        0.9031009078025818,
        0.9071388244628906,
        0.5,
        0.9291832447052002,
        0.9318650960922241,
        0.9301220774650574,
        0.9240236282348633,
        0.927267849445343
    ]
}