{
    "loss": [
        4.629039764404297,
        7.712469577789307,
        7.712473392486572,
        7.712471961975098,
        7.712469577789307,
        7.712470054626465,
        7.712473392486572,
        7.712471961975098,
        7.712473392486572,
        7.712471961975098,
        7.712472438812256
    ],
    "binary_accuracy": [
        0.6208312511444092,
        0.5,
        0.5,
        0.5,
        0.5,
        0.5,
        0.5,
        0.5,
        0.5,
        0.5,
        0.5
    ],
    "val_loss": [
        7.712474346160889,
        7.712474346160889,
        7.712474346160889,
        7.712474346160889,
        7.712474346160889,
        7.712474346160889,
        7.712474346160889,
        7.712474346160889,
        7.712474346160889,
        7.712474346160889,
        7.712474346160889
    ],
    "val_binary_accuracy": [
        0.5,
        0.5,
        0.5,
        0.5,
        0.5,
        0.5,
        0.5,
        0.5,
        0.5,
        0.5,
        0.5
    ]
}