{
    "loss": [
        1.389891505241394,
        0.8368721008300781,
        0.4465508759021759,
        0.35777029395103455,
        0.30845290422439575,
        0.3400716185569763,
        0.3221328556537628,
        0.2902016341686249,
        0.3439355194568634,
        0.2963044345378876,
        0.31611353158950806,
        0.3068539500236511,
        0.2835448682308197,
        0.3076687753200531,
        0.2841459810733795,
        0.2890583872795105,
        0.28851160407066345,
        0.33798640966415405,
        0.2775328755378723,
        0.27469971776008606,
        0.30419719219207764,
        0.2696206867694855,
        0.27091750502586365,
        0.2730633318424225,
        0.31148797273635864,
        0.29042771458625793,
        0.2780489921569824,
        0.2944459617137909,
        0.29603636264801025,
        0.28338170051574707
    ],
    "binary_accuracy": [
        0.7164158225059509,
        0.7836358547210693,
        0.8578363060951233,
        0.8702518343925476,
        0.8987201452255249,
        0.8844462037086487,
        0.8928792476654053,
        0.9070290923118591,
        0.8973071575164795,
        0.9001463055610657,
        0.894207775592804,
        0.9053664803504944,
        0.9122179746627808,
        0.9001825451850891,
        0.9136781096458435,
        0.9094568490982056,
        0.9084665775299072,
        0.8774815797805786,
        0.9170248508453369,
        0.9173665046691895,
        0.910032331943512,
        0.9176866412162781,
        0.9188662171363831,
        0.9160556793212891,
        0.9010140299797058,
        0.9066369533538818,
        0.9142954349517822,
        0.9070796370506287,
        0.9078134894371033,
        0.9147569537162781
    ],
    "val_loss": [
        0.3760082423686981,
        0.3249175548553467,
        0.3032070994377136,
        0.29035091400146484,
        0.27338099479675293,
        0.2648738920688629,
        0.2721135914325714,
        0.34431931376457214,
        0.2488309144973755,
        0.24650879204273224,
        0.2818877398967743,
        0.2590786814689636,
        0.26859423518180847,
        0.2514457404613495,
        0.26386338472366333,
        0.2475985437631607,
        0.2605961561203003,
        0.25367996096611023,
        0.2664567828178406,
        0.24555113911628723,
        0.2472965568304062,
        0.27140986919403076,
        0.26982763409614563,
        0.2558930218219757,
        0.3403646945953369,
        0.25776031613349915,
        0.27924594283103943,
        0.26214051246643066,
        0.2861573100090027,
        0.24780794978141785
    ],
    "val_binary_accuracy": [
        0.8586885333061218,
        0.8819786310195923,
        0.8840013742446899,
        0.9004810452461243,
        0.9130618572235107,
        0.9172025918960571,
        0.9114564061164856,
        0.900848388671875,
        0.9193674325942993,
        0.922177791595459,
        0.9116045236587524,
        0.9163650870323181,
        0.9215413331985474,
        0.9184739589691162,
        0.9152131080627441,
        0.9228792190551758,
        0.9220689535140991,
        0.9248339533805847,
        0.9126990437507629,
        0.9268279671669006,
        0.9261566996574402,
        0.9168443083763123,
        0.9212540984153748,
        0.9305785894393921,
        0.8817473649978638,
        0.9254945516586304,
        0.916907787322998,
        0.9133989810943604,
        0.9086430072784424,
        0.931181788444519
    ]
}