{
    "loss": [
        0.6613004207611084,
        0.5149044990539551,
        0.47611525654792786,
        0.4443988800048828,
        0.41821759939193726,
        0.4304741322994232,
        0.4361327290534973,
        0.4173431098461151,
        0.40535879135131836,
        0.3739720582962036,
        0.3841703534126282,
        0.362877756357193,
        0.37080878019332886,
        0.48455891013145447,
        0.6491944193840027,
        0.42650312185287476,
        0.4148847758769989,
        0.3652997612953186,
        0.34967702627182007,
        0.34383973479270935,
        0.3347034454345703,
        0.33149629831314087,
        0.32986047863960266,
        0.32846859097480774,
        0.3220348358154297,
        0.31704947352409363,
        0.31449663639068604,
        0.3050404489040375,
        0.3044279217720032,
        0.30246374011039734,
        0.3020155131816864,
        0.30299943685531616,
        0.30354171991348267,
        0.3037241995334625,
        0.30222809314727783,
        0.3001769185066223,
        0.29742419719696045,
        0.29275476932525635,
        0.29045841097831726,
        0.2877732217311859
    ],
    "binary_accuracy": [
        0.611224353313446,
        0.7645968794822693,
        0.7939128875732422,
        0.8168819546699524,
        0.8338302373886108,
        0.8383791446685791,
        0.8441842198371887,
        0.8438180685043335,
        0.84788578748703,
        0.8552690148353577,
        0.8543017506599426,
        0.8602855205535889,
        0.8602116107940674,
        0.859248161315918,
        0.8493836522102356,
        0.8621559739112854,
        0.809717059135437,
        0.848661482334137,
        0.8655713200569153,
        0.8703540563583374,
        0.8760071396827698,
        0.8773752450942993,
        0.878164529800415,
        0.8779352307319641,
        0.8821530938148499,
        0.8851656913757324,
        0.8865451216697693,
        0.8914082050323486,
        0.8912743330001831,
        0.892655611038208,
        0.8927642703056335,
        0.8936915397644043,
        0.895821750164032,
        0.8973331451416016,
        0.8987736701965332,
        0.8993551731109619,
        0.9003156423568726,
        0.9027403593063354,
        0.903039813041687,
        0.9047276973724365
    ],
    "val_loss": [
        0.5453558564186096,
        0.48077863454818726,
        0.44627895951271057,
        0.41390109062194824,
        0.4112154543399811,
        0.38928624987602234,
        0.37008967995643616,
        0.36254557967185974,
        0.3557818531990051,
        0.3590775430202484,
        0.3406084477901459,
        0.39391371607780457,
        0.35288137197494507,
        0.33541467785835266,
        0.3477332890033722,
        0.32187211513519287,
        0.5374033451080322,
        0.43315955996513367,
        0.3101141154766083,
        0.31508955359458923,
        0.3072347342967987,
        0.36568158864974976,
        0.2999691069126129,
        0.29514646530151367,
        0.3111311197280884,
        0.30944734811782837,
        0.2901608645915985,
        0.2882155776023865,
        0.3268723487854004,
        0.299792617559433,
        0.32405298948287964,
        0.29353514313697815,
        0.2824559211730957,
        0.32097509503364563,
        0.28963807225227356,
        0.28568235039711,
        0.2805822193622589,
        0.2856898605823517,
        0.27481403946876526,
        0.2716503143310547
    ],
    "val_binary_accuracy": [
        0.7720693945884705,
        0.7960307598114014,
        0.8219875693321228,
        0.8448136448860168,
        0.8354785442352295,
        0.8531494140625,
        0.8604013323783875,
        0.864956259727478,
        0.864522397518158,
        0.8663531541824341,
        0.8745181560516357,
        0.8379970788955688,
        0.8718377947807312,
        0.8838426470756531,
        0.8614444732666016,
        0.8774328231811523,
        0.6170326471328735,
        0.848503828048706,
        0.890399158000946,
        0.8800587058067322,
        0.8855811357498169,
        0.8780118227005005,
        0.8946759104728699,
        0.8949888348579407,
        0.8950311541557312,
        0.8947756886482239,
        0.893718957901001,
        0.8953818678855896,
        0.8884156942367554,
        0.8934377431869507,
        0.8887921571731567,
        0.9058704376220703,
        0.904174268245697,
        0.9026821851730347,
        0.8998158574104309,
        0.9089756011962891,
        0.9065099358558655,
        0.9015302062034607,
        0.9149379730224609,
        0.9178012609481812
    ]
}