{
    "loss": [
        0.5875441431999207,
        0.4370424747467041,
        0.4610108435153961,
        0.3013950288295746,
        6.428817272186279,
        7.712473392486572,
        7.712474822998047,
        7.712475299835205,
        7.7124738693237305,
        7.712471961975098,
        7.712471961975098,
        7.712471008300781,
        7.712473392486572,
        7.712473392486572
    ],
    "binary_accuracy": [
        0.8113909959793091,
        0.8700248599052429,
        0.8827624917030334,
        0.9027079343795776,
        0.5709668397903442,
        0.5,
        0.5,
        0.5,
        0.5,
        0.5,
        0.5,
        0.5,
        0.5,
        0.5
    ],
    "val_loss": [
        0.3285616636276245,
        0.2931499481201172,
        0.29161983728408813,
        0.26346251368522644,
        7.712474346160889,
        7.712474346160889,
        7.712474346160889,
        7.712474346160889,
        7.712474346160889,
        7.712474346160889,
        7.712474346160889,
        7.712474346160889,
        7.712474346160889,
        7.712474346160889
    ],
    "val_binary_accuracy": [
        0.8845682740211487,
        0.8972700834274292,
        0.8995497822761536,
        0.9197453856468201,
        0.5,
        0.5,
        0.5,
        0.5,
        0.5,
        0.5,
        0.5,
        0.5,
        0.5,
        0.5
    ]
}