{
    "loss": [
        4.112365245819092,
        7.7124738693237305,
        7.712475299835205,
        7.712473392486572,
        7.7124738693237305,
        7.712473392486572,
        7.712472438812256,
        7.712470054626465,
        7.712473392486572,
        7.712471961975098,
        7.7124738693237305
    ],
    "binary_accuracy": [
        0.6254549026489258,
        0.5,
        0.5,
        0.5,
        0.5,
        0.5,
        0.5,
        0.5,
        0.5,
        0.5,
        0.5
    ],
    "val_loss": [
        7.712474346160889,
        7.712474346160889,
        7.712474346160889,
        7.712474346160889,
        7.712474346160889,
        7.712474346160889,
        7.712474346160889,
        7.712474346160889,
        7.712474346160889,
        7.712474346160889,
        7.712474346160889
    ],
    "val_binary_accuracy": [
        0.5,
        0.5,
        0.5,
        0.5,
        0.5,
        0.5,
        0.5,
        0.5,
        0.5,
        0.5,
        0.5
    ]
}