{
    "loss": [
        0.6633703708648682,
        0.6040661931037903,
        0.5716201663017273,
        0.5392336845397949,
        0.5060347318649292,
        0.5619884729385376,
        0.5293006896972656,
        0.5216770768165588,
        0.4294107258319855,
        0.3946215808391571,
        0.3862951099872589,
        0.3792199492454529,
        4.889795780181885,
        0.8592404127120972,
        0.8163928389549255,
        0.8031145334243774,
        0.7232059836387634,
        0.7081794142723083,
        0.7008655071258545,
        0.7007846236228943,
        0.7004325985908508,
        0.6986446380615234
    ],
    "binary_accuracy": [
        0.49449777603149414,
        0.5034282207489014,
        0.7250378131866455,
        0.7731773853302002,
        0.7987533211708069,
        0.745035707950592,
        0.7637284398078918,
        0.762046217918396,
        0.8203976154327393,
        0.838192880153656,
        0.842256486415863,
        0.8456650972366333,
        0.5901445150375366,
        0.5000414848327637,
        0.4999389052391052,
        0.5001037120819092,
        0.4999396502971649,
        0.49982917308807373,
        0.499952495098114,
        0.49994078278541565,
        0.5003209114074707,
        0.5003597736358643
    ],
    "val_loss": [
        0.6152616143226624,
        0.5935842990875244,
        0.5070222616195679,
        0.4767294228076935,
        0.4597388803958893,
        0.6519120931625366,
        0.5290891528129578,
        0.4948315918445587,
        0.3691593408584595,
        0.3667237162590027,
        0.37390515208244324,
        0.3472612798213959,
        1.106545090675354,
        0.8370048999786377,
        0.836998701095581,
        0.7254220843315125,
        0.7254189252853394,
        0.6931487917900085,
        0.6931477189064026,
        0.6931477189064026,
        0.6931472420692444,
        0.6931472420692444
    ],
    "val_binary_accuracy": [
        0.5,
        0.5128393769264221,
        0.8218258619308472,
        0.8433563113212585,
        0.8496618270874023,
        0.5491563081741333,
        0.7470861077308655,
        0.7940472960472107,
        0.8603559732437134,
        0.8494380712509155,
        0.8476300239562988,
        0.8603680729866028,
        0.5,
        0.5,
        0.5,
        0.4999984800815582,
        0.5,
        0.49995163083076477,
        0.49997884035110474,
        0.49997884035110474,
        0.49999547004699707,
        0.49999547004699707
    ]
}