{
    "loss": [
        0.6049293875694275,
        0.5192145109176636,
        0.4418371021747589,
        0.4436160922050476,
        0.30369189381599426,
        0.2983550429344177,
        0.28660544753074646,
        0.31648197770118713,
        0.2955920398235321,
        0.29982393980026245,
        0.29572173953056335,
        0.28832364082336426,
        0.31749972701072693,
        0.2786790728569031,
        0.28292393684387207,
        0.28088319301605225,
        0.29237332940101624,
        0.28670722246170044,
        0.27660271525382996,
        0.2745743989944458,
        0.29641324281692505,
        0.2709200382232666,
        0.2746000289916992,
        0.2730984091758728,
        0.27425557374954224,
        0.272431343793869,
        0.2874283194541931,
        0.2706719636917114,
        0.27946409583091736,
        0.27092716097831726,
        0.27101555466651917,
        0.2616867423057556,
        0.264140784740448,
        0.282563716173172,
        0.2605116665363312,
        0.2697945237159729,
        0.2569165825843811,
        0.2614341676235199,
        0.25824373960494995,
        0.2711731493473053
    ],
    "binary_accuracy": [
        0.7422530651092529,
        0.8460930585861206,
        0.866414487361908,
        0.8745406270027161,
        0.8951426148414612,
        0.897915780544281,
        0.9058917760848999,
        0.900763988494873,
        0.9056428670883179,
        0.9050813913345337,
        0.9051669836044312,
        0.9108283519744873,
        0.9030311107635498,
        0.9134066104888916,
        0.9130340218544006,
        0.9136905670166016,
        0.9091842174530029,
        0.9103754758834839,
        0.9158890247344971,
        0.9172601699829102,
        0.9144688844680786,
        0.9203561544418335,
        0.9174607992172241,
        0.9151005148887634,
        0.9174607992172241,
        0.9189510345458984,
        0.9112126231193542,
        0.9198229312896729,
        0.917970597743988,
        0.9201921224594116,
        0.9191626310348511,
        0.923970639705658,
        0.9204835891723633,
        0.9135642051696777,
        0.9209281802177429,
        0.9187960624694824,
        0.9213147163391113,
        0.9208410978317261,
        0.9210213422775269,
        0.9151046872138977
    ],
    "val_loss": [
        0.3832627534866333,
        0.3132791817188263,
        0.30762314796447754,
        0.28771400451660156,
        0.32721462845802307,
        0.2598574459552765,
        0.306078165769577,
        0.34939923882484436,
        0.25150173902511597,
        0.29102465510368347,
        0.26022884249687195,
        0.2609012722969055,
        0.26279112696647644,
        0.26660287380218506,
        0.24365931749343872,
        0.37148532271385193,
        0.2529385983943939,
        0.2822374701499939,
        0.23810502886772156,
        0.2580709457397461,
        0.24541765451431274,
        0.2647477388381958,
        0.2319713830947876,
        0.25819501280784607,
        0.27308791875839233,
        0.26116764545440674,
        0.2411610633134842,
        0.39841148257255554,
        0.25889694690704346,
        0.2805997431278229,
        0.25803372263908386,
        0.22776775062084198,
        0.3926866054534912,
        0.26351043581962585,
        0.41451048851013184,
        0.24879951775074005,
        0.25989922881126404,
        0.23029354214668274,
        0.2192062884569168,
        0.30238232016563416
    ],
    "val_binary_accuracy": [
        0.8489029407501221,
        0.8836793899536133,
        0.8958565592765808,
        0.8989208936691284,
        0.8997795581817627,
        0.9089453816413879,
        0.9104117751121521,
        0.8897520899772644,
        0.91924649477005,
        0.924794614315033,
        0.9181671142578125,
        0.9258044958114624,
        0.9192419648170471,
        0.9218376278877258,
        0.9208655953407288,
        0.858504056930542,
        0.9221868515014648,
        0.90565425157547,
        0.9276684522628784,
        0.9218209981918335,
        0.9301779866218567,
        0.9289262890815735,
        0.9279783964157104,
        0.9308537244796753,
        0.9156107306480408,
        0.9258120656013489,
        0.9304697513580322,
        0.8646342754364014,
        0.9294840693473816,
        0.9203289151191711,
        0.9256941080093384,
        0.9337578415870667,
        0.8952337503433228,
        0.9188685417175293,
        0.8605222702026367,
        0.9145887494087219,
        0.9304077625274658,
        0.9298332929611206,
        0.9328386783599854,
        0.9021590948104858
    ]
}