{
    "loss": [
        0.9417097568511963,
        0.6264597773551941,
        0.3688047528266907,
        0.34464484453201294,
        0.35796722769737244,
        0.36689692735671997,
        0.3002358675003052,
        0.27357351779937744,
        0.26689115166664124,
        0.29035377502441406,
        0.25232094526290894,
        0.27198362350463867,
        0.2871159017086029,
        0.26798686385154724,
        0.25804296135902405,
        0.2640641927719116,
        0.26935213804244995,
        0.2588537335395813,
        0.2638087570667267,
        0.26452526450157166,
        0.26108765602111816,
        0.2736046314239502,
        0.2547627091407776,
        0.2583003044128418,
        0.2521134316921234,
        0.26216569542884827,
        0.254323810338974,
        0.2594500184059143,
        0.25905293226242065,
        0.2563849985599518,
        0.2555122673511505,
        0.2580224573612213,
        0.25249579548835754,
        0.25665217638015747,
        0.25128209590911865,
        0.2541932463645935,
        0.25605812668800354,
        0.2557007074356079,
        0.25917649269104004,
        0.2591361105442047
    ],
    "binary_accuracy": [
        0.7254579067230225,
        0.8391944169998169,
        0.8721264004707336,
        0.8746386170387268,
        0.8357364535331726,
        0.7632031440734863,
        0.8463743925094604,
        0.9042679667472839,
        0.9128669500350952,
        0.9045711755752563,
        0.9216364026069641,
        0.9174506068229675,
        0.9143677949905396,
        0.9203550219535828,
        0.9239593148231506,
        0.922318160533905,
        0.9186086654663086,
        0.9232646822929382,
        0.9215085506439209,
        0.9193881154060364,
        0.923254132270813,
        0.9216197729110718,
        0.9258975982666016,
        0.9245245456695557,
        0.9273098111152649,
        0.9235184788703918,
        0.9272758960723877,
        0.9251517057418823,
        0.9242907762527466,
        0.9251290559768677,
        0.9263402819633484,
        0.924381673336029,
        0.9281156659126282,
        0.9269885420799255,
        0.9271303415298462,
        0.9255570769309998,
        0.9255382418632507,
        0.9252708554267883,
        0.9241478443145752,
        0.9248979091644287
    ],
    "val_loss": [
        0.4370366334915161,
        0.37462228536605835,
        0.2958765923976898,
        0.28719961643218994,
        0.5334275364875793,
        0.27777573466300964,
        0.25358325242996216,
        0.26307904720306396,
        0.24141629040241241,
        0.24415625631809235,
        0.23633596301078796,
        0.28593888878822327,
        0.25764745473861694,
        0.25469937920570374,
        0.23441872000694275,
        0.2725902199745178,
        0.26164790987968445,
        0.25839394330978394,
        0.25279170274734497,
        0.2522813379764557,
        0.28248101472854614,
        0.23792032897472382,
        0.3175991177558899,
        0.23349806666374207,
        0.24872787296772003,
        0.26035526394844055,
        0.23160164058208466,
        0.2712843418121338,
        0.23695939779281616,
        0.22966790199279785,
        0.2529042065143585,
        0.2371189147233963,
        0.24188973009586334,
        0.28961870074272156,
        0.29015862941741943,
        0.26222848892211914,
        0.2582346796989441,
        0.22359269857406616,
        0.26252487301826477,
        0.2907092571258545
    ],
    "val_binary_accuracy": [
        0.8442965745925903,
        0.8738242387771606,
        0.8913469910621643,
        0.8982950448989868,
        0.5,
        0.9081622958183289,
        0.9184271097183228,
        0.9113520979881287,
        0.9212661981582642,
        0.9236245155334473,
        0.9286859035491943,
        0.904862105846405,
        0.9222911596298218,
        0.9171058535575867,
        0.9294992089271545,
        0.9176833033561707,
        0.9229941368103027,
        0.9288098812103271,
        0.9341176152229309,
        0.92942214012146,
        0.9208625555038452,
        0.9357155561447144,
        0.9005157947540283,
        0.9347918629646301,
        0.9290502071380615,
        0.9281855225563049,
        0.9322173595428467,
        0.9305120706558228,
        0.9356233477592468,
        0.9379454255104065,
        0.9300661087036133,
        0.9316428899765015,
        0.935499370098114,
        0.9176455140113831,
        0.9253766536712646,
        0.9175639152526855,
        0.9294417500495911,
        0.9359438419342041,
        0.9296821355819702,
        0.924191415309906
    ]
}