{
    "loss": [
        0.5777261853218079,
        0.5086174011230469,
        0.5754868984222412,
        0.5091233253479004,
        0.48052120208740234,
        0.41054192185401917,
        0.5179438591003418,
        0.45389437675476074,
        0.4151340425014496,
        0.3688798248767853,
        0.40502822399139404,
        0.43065959215164185,
        0.3789323568344116,
        0.34789714217185974,
        0.36249423027038574,
        0.34818604588508606,
        0.3360547125339508,
        0.37246841192245483,
        0.338651567697525,
        0.3336571455001831,
        0.3587615489959717,
        0.32802948355674744,
        0.32753002643585205,
        0.3289507031440735,
        0.33046916127204895,
        0.32565054297447205,
        0.32890674471855164,
        0.3500761389732361,
        0.3185415267944336,
        0.3184216618537903,
        0.3068130910396576,
        0.3100976049900055,
        0.31478407979011536,
        0.33208274841308594,
        0.3247864544391632,
        0.3470880389213562,
        0.3242868185043335,
        0.3133619427680969,
        0.32437771558761597,
        0.3102092742919922
    ],
    "binary_accuracy": [
        0.6900061368942261,
        0.7939347624778748,
        0.812261700630188,
        0.8320929408073425,
        0.8373813629150391,
        0.8500684499740601,
        0.83971107006073,
        0.8446967005729675,
        0.8488281965255737,
        0.8499281406402588,
        0.849237322807312,
        0.8505571484565735,
        0.8644686937332153,
        0.8706327080726624,
        0.8670446276664734,
        0.8732558488845825,
        0.8758121728897095,
        0.8712202310562134,
        0.8745172023773193,
        0.8797992467880249,
        0.8770087361335754,
        0.8794466257095337,
        0.8800692558288574,
        0.8806853890419006,
        0.8810693025588989,
        0.8822190761566162,
        0.8805232644081116,
        0.8802475929260254,
        0.8852961659431458,
        0.8865870237350464,
        0.8908851742744446,
        0.8891746401786804,
        0.8899065852165222,
        0.8862755298614502,
        0.8880606889724731,
        0.8843059539794922,
        0.885565459728241,
        0.8880395889282227,
        0.8863531947135925,
        0.8908606767654419
    ],
    "val_loss": [
        0.4804052710533142,
        0.43959274888038635,
        0.4030061960220337,
        0.3878213167190552,
        0.36525759100914,
        0.35234254598617554,
        0.42949849367141724,
        0.3649444580078125,
        0.3451954424381256,
        0.3340438902378082,
        0.33942002058029175,
        0.33086785674095154,
        0.3220655024051666,
        0.3691808581352234,
        0.3060498535633087,
        0.30497854948043823,
        0.32590746879577637,
        0.30348271131515503,
        0.29661938548088074,
        0.3115840256214142,
        0.2937222421169281,
        0.28697940707206726,
        0.2836768925189972,
        0.2942027747631073,
        0.3551594316959381,
        0.29203906655311584,
        0.29710596799850464,
        0.2966708540916443,
        0.29539817571640015,
        0.28224438428878784,
        0.29736876487731934,
        0.2952919602394104,
        0.30848202109336853,
        0.3542632460594177,
        0.3322843015193939,
        0.31683191657066345,
        0.3495410084724426,
        0.2925374507904053,
        0.3535909354686737,
        0.30521443486213684
    ],
    "val_binary_accuracy": [
        0.7615959048271179,
        0.8042153716087341,
        0.8520398139953613,
        0.8660734295845032,
        0.8680840730667114,
        0.872315526008606,
        0.8006355166435242,
        0.8659147024154663,
        0.8718997836112976,
        0.8803625702857971,
        0.8687734603881836,
        0.877993643283844,
        0.8836960196495056,
        0.8539899587631226,
        0.8916070461273193,
        0.8918035626411438,
        0.8935557007789612,
        0.8864277601242065,
        0.8926939964294434,
        0.8866031169891357,
        0.8977099657058716,
        0.8957054018974304,
        0.8950492739677429,
        0.8895313739776611,
        0.8733087182044983,
        0.8920922875404358,
        0.8871458172798157,
        0.884495735168457,
        0.8951249122619629,
        0.9003268480300903,
        0.8884247541427612,
        0.8913787603378296,
        0.9035801291465759,
        0.8902524709701538,
        0.8941558599472046,
        0.8777291178703308,
        0.8825047612190247,
        0.8870218396186829,
        0.8834753036499023,
        0.899956464767456
    ]
}