{
    "loss": [
        0.6738260984420776,
        0.6054287552833557,
        0.5530471205711365,
        0.5235207676887512,
        0.48224830627441406,
        0.45455101132392883,
        0.4309626817703247,
        0.41402292251586914,
        0.417147159576416,
        0.3977995812892914,
        0.39292430877685547,
        0.37722912430763245,
        0.4208811819553375,
        0.3677094578742981,
        0.3711512088775635,
        0.3630254566669464,
        0.3684951663017273,
        0.361034631729126,
        0.36246398091316223,
        0.35558629035949707,
        0.350111186504364,
        0.34621235728263855,
        0.3457493185997009,
        0.34587323665618896,
        0.34394824504852295,
        0.3491458594799042,
        0.3485051095485687,
        0.34454551339149475,
        0.34464383125305176,
        0.34709861874580383,
        0.34354934096336365,
        0.3539661169052124,
        0.3428719937801361,
        0.34564316272735596,
        0.3480076193809509,
        0.3499147593975067,
        0.3464803695678711,
        0.34711384773254395,
        0.34793832898139954,
        0.3418976366519928
    ],
    "binary_accuracy": [
        0.6631941199302673,
        0.7125603556632996,
        0.7466236352920532,
        0.764853298664093,
        0.797211766242981,
        0.8187206387519836,
        0.8324161171913147,
        0.8408725261688232,
        0.8397914171218872,
        0.8516715168952942,
        0.8508890271186829,
        0.8589611649513245,
        0.8502611517906189,
        0.8632578253746033,
        0.861499011516571,
        0.8667693734169006,
        0.8628501892089844,
        0.8663707971572876,
        0.866123378276825,
        0.868859589099884,
        0.8718341588973999,
        0.8740907311439514,
        0.874415397644043,
        0.8744414448738098,
        0.8759562373161316,
        0.8744078874588013,
        0.875435471534729,
        0.8765494227409363,
        0.8757107257843018,
        0.8743698000907898,
        0.8763510584831238,
        0.8705098032951355,
        0.8758649826049805,
        0.8753117918968201,
        0.8733124136924744,
        0.8726909160614014,
        0.8761930465698242,
        0.8754094243049622,
        0.8749980330467224,
        0.8790401220321655
    ],
    "val_loss": [
        0.6293588876724243,
        0.5573779344558716,
        0.5186970829963684,
        0.4746677577495575,
        0.44145551323890686,
        0.4248529374599457,
        0.3893113136291504,
        0.3812166452407837,
        0.3811929523944855,
        0.37381279468536377,
        0.37574878334999084,
        0.40099334716796875,
        0.3321942687034607,
        0.3275270164012909,
        0.3425041437149048,
        0.3269249200820923,
        0.39133360981941223,
        0.3245706558227539,
        0.32138118147850037,
        0.32277438044548035,
        0.3364258110523224,
        0.32015731930732727,
        0.3389495611190796,
        0.3093349039554596,
        0.31752681732177734,
        0.32371383905410767,
        0.3070480227470398,
        0.30534982681274414,
        0.32650598883628845,
        0.3035431206226349,
        0.3084581196308136,
        0.295612096786499,
        0.304299533367157,
        0.31825414299964905,
        0.30295905470848083,
        0.3375750482082367,
        0.30929574370384216,
        0.31441089510917664,
        0.31153053045272827,
        0.32687947154045105
    ],
    "val_binary_accuracy": [
        0.7413323521614075,
        0.7632679343223572,
        0.7818459272384644,
        0.8148581385612488,
        0.8388981223106384,
        0.8454228639602661,
        0.8632978796958923,
        0.8730668425559998,
        0.8615775108337402,
        0.8655473589897156,
        0.8534049391746521,
        0.8584088683128357,
        0.8832681775093079,
        0.8843808174133301,
        0.8811078667640686,
        0.896236002445221,
        0.858718752861023,
        0.8893061280250549,
        0.8932669162750244,
        0.8848872780799866,
        0.8764501810073853,
        0.8913530707359314,
        0.8725241422653198,
        0.8960712552070618,
        0.8929555416107178,
        0.8841253519058228,
        0.8967893123626709,
        0.9006564021110535,
        0.8773375749588013,
        0.9012822508811951,
        0.8887649178504944,
        0.9000381231307983,
        0.8926652669906616,
        0.8930416703224182,
        0.8925957083702087,
        0.9012021422386169,
        0.898530900478363,
        0.8923205733299255,
        0.8997387886047363,
        0.8820950388908386
    ]
}