{
    "loss": [
        0.7169232964515686,
        0.4818316400051117,
        0.4202989637851715,
        0.41930413246154785,
        0.3428887128829956,
        0.41505125164985657,
        0.3222889006137848,
        0.34167733788490295,
        0.314517080783844,
        0.3099072277545929,
        0.3010183274745941,
        0.2994154095649719,
        0.30212637782096863,
        0.3386635482311249,
        0.28861579298973083,
        0.31764349341392517,
        0.28637662529945374,
        0.2814607620239258,
        0.2823698818683624,
        0.32945939898490906,
        0.27911704778671265,
        0.29904472827911377,
        0.2710927128791809,
        0.2785702347755432,
        0.2723533511161804,
        0.27235302329063416,
        0.27474430203437805,
        0.27870893478393555,
        0.2732125222682953,
        0.27273204922676086,
        0.27227166295051575,
        0.27690789103507996,
        0.27038344740867615,
        0.26672104001045227,
        0.27136877179145813,
        0.2677690386772156,
        0.27185681462287903
    ],
    "binary_accuracy": [
        0.6578242182731628,
        0.7792577147483826,
        0.8352597951889038,
        0.8619451522827148,
        0.8784511089324951,
        0.8809953927993774,
        0.8884099125862122,
        0.8913406729698181,
        0.8980458974838257,
        0.8991451263427734,
        0.8994701504707336,
        0.9035959839820862,
        0.9041194319725037,
        0.9038822054862976,
        0.9086581468582153,
        0.906754195690155,
        0.9103607535362244,
        0.9126327633857727,
        0.9109403491020203,
        0.9075917601585388,
        0.9142512679100037,
        0.9052801132202148,
        0.9158890247344971,
        0.9134390354156494,
        0.9167318344116211,
        0.9180622696876526,
        0.9174928069114685,
        0.9172948598861694,
        0.9185030460357666,
        0.9202908873558044,
        0.9182900190353394,
        0.9161884188652039,
        0.9197885990142822,
        0.9222540855407715,
        0.9201970100402832,
        0.921675980091095,
        0.918190062046051
    ],
    "val_loss": [
        0.5022518038749695,
        0.43469011783599854,
        0.3694680631160736,
        0.33708420395851135,
        0.3128879964351654,
        0.2924362123012543,
        0.30092930793762207,
        0.2916133999824524,
        0.3299868106842041,
        0.2964719533920288,
        0.2693781852722168,
        0.31090885400772095,
        0.26356902718544006,
        0.27897459268569946,
        0.2971089780330658,
        0.25692301988601685,
        0.26022469997406006,
        0.28135740756988525,
        0.2613857090473175,
        0.264717698097229,
        0.24855199456214905,
        0.26744896173477173,
        0.24810506403446198,
        0.2767854630947113,
        0.24946355819702148,
        0.25303855538368225,
        0.2356615960597992,
        0.305999755859375,
        0.2730679512023926,
        0.25563058257102966,
        0.24690935015678406,
        0.2639440894126892,
        0.2694012224674225,
        0.25689268112182617,
        0.3049827516078949,
        0.2565779983997345,
        0.25474128127098083
    ],
    "val_binary_accuracy": [
        0.7668628692626953,
        0.8269280195236206,
        0.8735445737838745,
        0.8894422054290771,
        0.8972867131233215,
        0.9061697721481323,
        0.8932352066040039,
        0.9043692946434021,
        0.8867164850234985,
        0.8966094255447388,
        0.914369523525238,
        0.8950795531272888,
        0.9136438965797424,
        0.9152116179466248,
        0.9066187739372253,
        0.9158163070678711,
        0.9180945158004761,
        0.9090028405189514,
        0.9202094674110413,
        0.9184603691101074,
        0.9203606247901917,
        0.9184452295303345,
        0.9199479222297668,
        0.9237016439437866,
        0.9229079484939575,
        0.9192873239517212,
        0.9265936017036438,
        0.8845516443252563,
        0.9206629991531372,
        0.9289050698280334,
        0.9198965430259705,
        0.9165207743644714,
        0.915282666683197,
        0.9316247701644897,
        0.9141276478767395,
        0.9346830248832703,
        0.9203712344169617
    ]
}