{
    "loss": [
        0.6653826832771301,
        0.6467613577842712,
        0.89979487657547,
        0.8528211712837219,
        0.7658783793449402,
        0.7251392602920532,
        0.7004913687705994,
        0.675208330154419,
        0.6675234436988831,
        0.6633538603782654,
        0.6450926661491394,
        0.6139559149742126
    ],
    "binary_accuracy": [
        0.5908165574073792,
        0.6819483041763306,
        0.5664925575256348,
        0.49994757771492004,
        0.49990496039390564,
        0.4997624158859253,
        0.49986085295677185,
        0.5664311051368713,
        0.6228411793708801,
        0.6406161189079285,
        0.6689788103103638,
        0.6959530115127563
    ],
    "val_loss": [
        0.6296281218528748,
        0.5667979717254639,
        1.1064867973327637,
        0.768921971321106,
        0.768921971321106,
        0.6951040029525757,
        0.6951040029525757,
        0.5973633527755737,
        0.6362220048904419,
        0.6309182047843933,
        0.632386326789856,
        0.5950364470481873
    ],
    "val_binary_accuracy": [
        0.6837494969367981,
        0.7335649132728577,
        0.5,
        0.5,
        0.5,
        0.5,
        0.5,
        0.7325339317321777,
        0.7099422216415405,
        0.7276932597160339,
        0.7225578427314758,
        0.7532117366790771
    ]
}