{
    "loss": [
        6.009238243103027,
        7.712471961975098,
        7.712474822998047,
        7.712471961975098,
        7.712471961975098,
        7.712471961975098,
        7.712471961975098,
        7.712473392486572,
        7.712472438812256,
        7.712472438812256,
        7.712472438812256
    ],
    "binary_accuracy": [
        0.5686340928077698,
        0.5,
        0.5,
        0.5,
        0.5,
        0.5,
        0.5,
        0.5,
        0.5,
        0.5,
        0.5
    ],
    "val_loss": [
        7.712474346160889,
        7.712474346160889,
        7.712474346160889,
        7.712474346160889,
        7.712474346160889,
        7.712474346160889,
        7.712474346160889,
        7.712474346160889,
        7.712474346160889,
        7.712474346160889,
        7.712474346160889
    ],
    "val_binary_accuracy": [
        0.5,
        0.5,
        0.5,
        0.5,
        0.5,
        0.5,
        0.5,
        0.5,
        0.5,
        0.5,
        0.5
    ]
}