{
    "loss": [
        0.6111383438110352,
        2.1880996227264404,
        7.712466716766357,
        7.712470054626465,
        4.068727493286133,
        4.976718902587891,
        7.712473392486572,
        7.71246862411499,
        7.712468147277832,
        7.712473392486572,
        7.712472438812256,
        7.712472438812256,
        7.712467193603516,
        7.7124738693237305,
        7.712469577789307
    ],
    "binary_accuracy": [
        0.6516281366348267,
        0.7093743085861206,
        0.5,
        0.5,
        0.6368572115898132,
        0.6159614324569702,
        0.5,
        0.5,
        0.5,
        0.5,
        0.5,
        0.5,
        0.5,
        0.5,
        0.5
    ],
    "val_loss": [
        0.5302126407623291,
        7.712474346160889,
        7.712474346160889,
        7.712474346160889,
        0.43695127964019775,
        7.712474346160889,
        7.712474346160889,
        7.712474346160889,
        7.712474346160889,
        7.712474346160889,
        7.712474346160889,
        7.712474346160889,
        7.712474346160889,
        7.712474346160889,
        7.712474346160889
    ],
    "val_binary_accuracy": [
        0.7129248976707458,
        0.5,
        0.5,
        0.5,
        0.8201402425765991,
        0.5,
        0.5,
        0.5,
        0.5,
        0.5,
        0.5,
        0.5,
        0.5,
        0.5,
        0.5
    ]
}