{
    "loss": [
        2.9089391231536865,
        7.712471961975098,
        7.712473392486572,
        7.712471008300781,
        6.079856872558594,
        0.6730355620384216,
        0.592092752456665,
        0.47950679063796997,
        0.46406760811805725,
        0.4342397153377533,
        0.4022739827632904,
        0.3797166049480438,
        0.35414543747901917,
        0.35361355543136597,
        0.35066646337509155,
        0.3549884259700775,
        0.34393635392189026,
        0.33676499128341675,
        0.3374684453010559,
        0.3214314877986908,
        0.32708504796028137,
        0.3217087388038635,
        0.3265923261642456,
        0.3258136510848999,
        0.32260140776634216,
        0.3285488784313202,
        0.3264577090740204,
        0.3312819004058838,
        0.31787624955177307,
        0.2999938428401947,
        0.30913543701171875,
        0.308458536863327,
        0.3047283887863159,
        0.30052849650382996,
        0.3061181902885437,
        0.30488985776901245,
        0.3002582788467407,
        0.3007122874259949,
        0.290588915348053,
        0.3034384846687317
    ],
    "binary_accuracy": [
        0.6112865209579468,
        0.5,
        0.5,
        0.5,
        0.5219173431396484,
        0.6146687269210815,
        0.7343664765357971,
        0.7808222770690918,
        0.7858652472496033,
        0.815232515335083,
        0.8376777768135071,
        0.8487339019775391,
        0.8575350046157837,
        0.8598749041557312,
        0.8622754812240601,
        0.8607704639434814,
        0.8675118684768677,
        0.870364248752594,
        0.8715407848358154,
        0.8790959715843201,
        0.8760316371917725,
        0.880334734916687,
        0.8808539509773254,
        0.8817281126976013,
        0.8794496655464172,
        0.8800793886184692,
        0.8819015622138977,
        0.8778115510940552,
        0.8810919523239136,
        0.8885003924369812,
        0.8867208957672119,
        0.8838273882865906,
        0.888983428478241,
        0.8921771049499512,
        0.8924576640129089,
        0.890636682510376,
        0.8915179371833801,
        0.8913124203681946,
        0.8950845003128052,
        0.8903651237487793
    ],
    "val_loss": [
        7.712474346160889,
        7.712474346160889,
        7.712474346160889,
        7.712474346160889,
        0.6931471228599548,
        0.6419300436973572,
        0.4916706383228302,
        0.5526175498962402,
        0.5230116844177246,
        0.39829108119010925,
        0.3725506365299225,
        0.39766114950180054,
        0.3606577217578888,
        0.3664841949939728,
        0.2988394796848297,
        0.29922211170196533,
        0.3569850027561188,
        0.3803596496582031,
        0.31877589225769043,
        0.32553258538246155,
        0.4057089388370514,
        0.2741400897502899,
        0.3063562214374542,
        0.29599907994270325,
        0.30350399017333984,
        0.2959426939487457,
        0.39971089363098145,
        0.30479031801223755,
        0.28822946548461914,
        0.2706570029258728,
        0.25831159949302673,
        0.2659777104854584,
        0.27435585856437683,
        0.3128649592399597,
        0.24397239089012146,
        0.30261385440826416,
        0.26846474409103394,
        0.26726678013801575,
        0.29374074935913086,
        0.2753702700138092
    ],
    "val_binary_accuracy": [
        0.5,
        0.5,
        0.5,
        0.5,
        0.5,
        0.7100163102149963,
        0.7859896421432495,
        0.5939511656761169,
        0.7346413135528564,
        0.8484100699424744,
        0.8554351925849915,
        0.8486398458480835,
        0.8812439441680908,
        0.8574790954589844,
        0.8850021362304688,
        0.8876023888587952,
        0.8721053600311279,
        0.8594761490821838,
        0.875281572341919,
        0.8876855373382568,
        0.8578933477401733,
        0.8946078419685364,
        0.8834072351455688,
        0.895697832107544,
        0.888049840927124,
        0.901401698589325,
        0.8291472792625427,
        0.9002059102058411,
        0.8916690349578857,
        0.8996480703353882,
        0.9077057242393494,
        0.9000577330589294,
        0.8912880420684814,
        0.8863219022750854,
        0.9144859313964844,
        0.8922132253646851,
        0.9086112976074219,
        0.9138842821121216,
        0.8925141096115112,
        0.9067200422286987
    ]
}