{
    "loss": [
        0.5666157603263855,
        0.4784918427467346,
        0.41923657059669495,
        0.41557255387306213,
        0.4243195652961731,
        0.3849291503429413,
        0.3363075256347656,
        0.31968867778778076,
        0.3475499153137207,
        0.2994055151939392,
        0.32670795917510986,
        0.2922389805316925,
        0.31326407194137573,
        0.28737735748291016,
        0.2873692512512207,
        0.2849484384059906,
        0.27831992506980896,
        0.27466025948524475,
        0.274766206741333,
        0.2721594274044037,
        0.27900049090385437,
        0.30766329169273376,
        0.2769274115562439,
        0.2785688042640686,
        0.28548306226730347,
        0.2782527804374695,
        0.2799418270587921,
        0.2738978862762451,
        0.2762235403060913,
        0.2742120623588562,
        0.27175918221473694,
        0.27270030975341797,
        0.2703309953212738,
        0.27343931794166565,
        0.2694474756717682,
        0.2656061053276062,
        0.26577144861221313,
        0.2686850428581238,
        0.26812294125556946,
        0.2602250874042511
    ],
    "binary_accuracy": [
        0.6962486505508423,
        0.782141387462616,
        0.8338362574577332,
        0.8602433204650879,
        0.8666917085647583,
        0.8800036311149597,
        0.884908139705658,
        0.889397144317627,
        0.8863622546195984,
        0.8976405262947083,
        0.8907901048660278,
        0.9003322124481201,
        0.8943578600883484,
        0.9037969708442688,
        0.9034485816955566,
        0.9048389196395874,
        0.9080246686935425,
        0.9110550284385681,
        0.9107193946838379,
        0.9120309352874756,
        0.9073062539100647,
        0.9043211936950684,
        0.9084368348121643,
        0.9076282978057861,
        0.903824508190155,
        0.9067764282226562,
        0.9071629643440247,
        0.9093772768974304,
        0.90825355052948,
        0.9091864824295044,
        0.9108287692070007,
        0.9104709029197693,
        0.9126131534576416,
        0.91153883934021,
        0.913105309009552,
        0.9156292080879211,
        0.9154753684997559,
        0.9138696789741516,
        0.9146860837936401,
        0.9169018864631653
    ],
    "val_loss": [
        0.5040096044540405,
        0.43943777680397034,
        0.37225908041000366,
        0.3678903877735138,
        0.33271631598472595,
        0.3108215630054474,
        0.30281803011894226,
        0.2944924831390381,
        0.33022406697273254,
        0.27860674262046814,
        0.2727718651294708,
        0.27480965852737427,
        0.26940974593162537,
        0.2722354531288147,
        0.2815423011779785,
        0.2578398883342743,
        0.2787911891937256,
        0.2544710338115692,
        0.2547141909599304,
        0.2670019268989563,
        0.300005704164505,
        0.25703999400138855,
        0.2530830502510071,
        0.27630969882011414,
        0.2722090184688568,
        0.26395726203918457,
        0.31703150272369385,
        0.24764752388000488,
        0.2602751851081848,
        0.24924129247665405,
        0.2726706564426422,
        0.2704416811466217,
        0.2453058958053589,
        0.2645966708660126,
        0.2798096835613251,
        0.25128433108329773,
        0.2520281672477722,
        0.2656363844871521,
        0.25624215602874756,
        0.23630176484584808
    ],
    "val_binary_accuracy": [
        0.7655915021896362,
        0.8215295076370239,
        0.866611659526825,
        0.8545477986335754,
        0.8769157528877258,
        0.9019443988800049,
        0.8941090106964111,
        0.9052702784538269,
        0.8709337711334229,
        0.9064419269561768,
        0.9053443670272827,
        0.9098796248435974,
        0.9111177921295166,
        0.91065514087677,
        0.910815417766571,
        0.9165011048316956,
        0.906487226486206,
        0.9201852679252625,
        0.9180294871330261,
        0.912609875202179,
        0.9008423686027527,
        0.9187778234481812,
        0.9148442149162292,
        0.9022467732429504,
        0.9029980897903442,
        0.9126325249671936,
        0.8928572535514832,
        0.923564076423645,
        0.9123407602310181,
        0.9165948629379272,
        0.9103649258613586,
        0.9140339493751526,
        0.9193871021270752,
        0.910959005355835,
        0.9113248586654663,
        0.921728789806366,
        0.921867847442627,
        0.9167944192886353,
        0.9116544127464294,
        0.9258195757865906
    ]
}