{
  "timestamp": "2026-06-16T11:50:30.222727",
  "total_models": 330,
  "joint_pareto": 47,
  "model1_pareto": 23,
  "model25_pareto": 17,
  "model3_pareto": 15,
  "model1_vsynth": 111,
  "model1_csynth": 0,
  "metric_range": {
    "min": 0.0,
    "max": 0.9158495620440164
  },
  "luts_plus_ff_range": {
    "min": 2516,
    "max": 10018196
  }
}