{
    "spatial_units": 24,
    "nmodule_xlocal_units": 10,
    "dense2_ratio": 0.6000000000000001,
    "dense3_ratio": 0.2,
    "dropout_rate": 0.1,
    "learning_rate": 0.00573552233935047
}