{
    "spatial_units": 72,
    "nmodule_xlocal_units": 2,
    "dense2_ratio": 0.4,
    "dense3_ratio": 0.30000000000000004,
    "dropout_rate": 0.1,
    "learning_rate": 0.0029912317267680685
}