{
    "spatial_units": 64,
    "nmodule_xlocal_units": 6,
    "dense2_ratio": 0.5,
    "dense3_ratio": 0.6000000000000001,
    "dropout_rate": 0.05,
    "learning_rate": 0.00027191496988780196
}