{
    "spatial_units": 24,
    "nmodule_xlocal_units": 10,
    "dense2_ratio": 0.6000000000000001,
    "dense3_ratio": 0.30000000000000004,
    "dropout_rate": 0.0,
    "learning_rate": 0.00038809367036793515
}