{
    "spatial_units": 56,
    "nmodule_xlocal_units": 8,
    "dense2_ratio": 0.6000000000000001,
    "dense3_ratio": 0.2,
    "dropout_rate": 0.05,
    "learning_rate": 0.0017849165322769414
}