{
    "spatial_units": 128,
    "nmodule_xlocal_units": 6,
    "dense2_ratio": 0.30000000000000004,
    "dense3_ratio": 0.6000000000000001,
    "dropout_rate": 0.1,
    "learning_rate": 0.0027581262567161506
}