{
    "spatial_units": 88,
    "nmodule_xlocal_units": 12,
    "dense2_ratio": 0.5,
    "dense3_ratio": 0.30000000000000004,
    "dropout_rate": 0.05,
    "learning_rate": 0.007711862216981024
}