{
    "loss": [
        0.39043644070625305,
        0.31551429629325867,
        0.2930666506290436,
        0.29541853070259094,
        0.303579181432724,
        0.3010033071041107,
        0.3012324273586273,
        0.307525634765625,
        0.2953628897666931,
        0.3043515086174011,
        0.3018147647380829,
        0.30324727296829224,
        0.3012813925743103
    ],
    "binary_accuracy": [
        0.8464388847351074,
        0.8930082321166992,
        0.9030646681785583,
        0.9017678499221802,
        0.9000825881958008,
        0.8996342420578003,
        0.900947630405426,
        0.8938450217247009,
        0.901023805141449,
        0.9011720418930054,
        0.9031936526298523,
        0.902084231376648,
        0.9044387936592102
    ],
    "val_loss": [
        0.3490424156188965,
        0.27254119515419006,
        0.269320547580719,
        0.2854427695274353,
        0.27159279584884644,
        0.2987450361251831,
        0.3413918912410736,
        0.2963646948337555,
        0.2940315902233124,
        0.29200267791748047,
        0.29251569509506226,
        0.2866370975971222,
        0.27778729796409607
    ],
    "val_binary_accuracy": [
        0.878004252910614,
        0.9117330312728882,
        0.9143756031990051,
        0.9072023034095764,
        0.9158994555473328,
        0.8969752788543701,
        0.8739527463912964,
        0.9054622650146484,
        0.8936887383460999,
        0.9116907119750977,
        0.907893180847168,
        0.899561882019043,
        0.9148049354553223
    ]
}